mtllib ChairDamaskPurplegold.mtl
g oval_tufted_chair_legs_frame
usemtl wood
v -0.30114 0.27158 0.17205
v -0.29053 0.27086 0.17530
v -0.29053 0.27000 0.16141
v -0.30437 0.27110 0.16141
v -0.27992 0.26953 0.17205
v -0.27669 0.26869 0.16141
v -0.27992 0.26804 0.15076
v -0.29053 0.26893 0.14751
v -0.30114 0.27010 0.15076
v -0.28015 0.23292 0.18374
v -0.29645 0.23531 0.18923
v -0.31111 0.13955 0.20103
v -0.29765 0.13818 0.19645
v -0.31274 0.23701 0.18374
v -0.32458 0.14052 0.19645
v -0.33637 0.04368 0.20913
v -0.32579 0.04344 0.21276
v -0.31522 0.04310 0.20913
v -0.28015 0.23086 0.15079
v -0.27472 0.23121 0.16727
v -0.29316 0.13721 0.18271
v -0.29765 0.13701 0.16897
v -0.31169 0.04285 0.19825
v -0.31522 0.04280 0.18737
v -0.31274 0.23495 0.15079
v -0.29645 0.23256 0.14530
v -0.31111 0.13798 0.16439
v -0.32458 0.13934 0.16897
v -0.28015 0.23086 0.15079
v -0.29765 0.13701 0.16897
v -0.31522 0.04280 0.18737
v -0.32579 0.04305 0.18374
v -0.33637 0.04339 0.18737
v -0.31818 0.23666 0.16727
v -0.32907 0.14032 0.18271
v -0.33989 0.04363 0.19825
v -0.27422 0.26772 0.17804
v -0.29069 0.27027 0.18355
v -0.29115 0.26863 0.18476
v -0.27406 0.26590 0.17903
v -0.30715 0.27205 0.17804
v -0.30824 0.27057 0.17903
v -0.34078 0.00643 0.21377
v -0.33163 0.00643 0.21683
v -0.33113 0.00906 0.21704
v -0.34074 0.00906 0.21377
v -0.32248 0.00643 0.21377
v -0.32152 0.00906 0.21377
v -0.27422 0.26543 0.14498
v -0.26873 0.26585 0.16151
v -0.26836 0.26394 0.16183
v -0.27406 0.26355 0.14463
v -0.31943 0.00643 0.20457
v -0.31831 0.00906 0.20397
v -0.32248 0.00643 0.19537
v -0.32152 0.00906 0.19416
v -0.30715 0.26976 0.14498
v -0.29069 0.26721 0.13947
v -0.29115 0.26549 0.13890
v -0.30824 0.26822 0.14463
v -0.27422 0.26543 0.14498
v -0.27406 0.26355 0.14463
v -0.32248 0.00643 0.19537
v -0.33163 0.00643 0.19231
v -0.33113 0.00906 0.19090
v -0.32152 0.00906 0.19416
v -0.34078 0.00643 0.19537
v -0.34074 0.00906 0.19416
v -0.31264 0.27163 0.16151
v -0.31393 0.27017 0.16183
v -0.34383 0.00643 0.20457
v -0.34395 0.00906 0.20397
v -0.21295 0.51706 -0.21376
v -0.20339 0.51636 -0.21115
v -0.20339 0.51636 -0.22336
v -0.21555 0.51726 -0.22336
v -0.19382 0.51565 -0.21376
v -0.19123 0.51546 -0.22336
v -0.19382 0.51565 -0.23295
v -0.20339 0.51636 -0.23556
v -0.21295 0.51706 -0.23295
v -0.19321 0.44422 -0.20772
v -0.20909 0.44531 -0.20238
v -0.22411 0.25909 -0.20712
v -0.21093 0.25846 -0.21154
v -0.22497 0.44640 -0.20772
v -0.23730 0.25971 -0.21154
v -0.24962 0.07348 -0.21536
v -0.23911 0.07332 -0.21185
v -0.22861 0.07317 -0.21536
v -0.19321 0.44422 -0.23972
v -0.18792 0.44386 -0.22372
v -0.20653 0.25825 -0.22480
v -0.21093 0.25846 -0.23806
v -0.19321 0.44422 -0.20772
v -0.21093 0.25846 -0.21154
v -0.22861 0.07317 -0.21536
v -0.22510 0.07312 -0.22588
v -0.22861 0.07317 -0.23641
v -0.22497 0.44640 -0.23972
v -0.20909 0.44531 -0.24505
v -0.22411 0.25909 -0.24248
v -0.23730 0.25971 -0.23806
v -0.23911 0.07332 -0.23992
v -0.24962 0.07348 -0.23641
v -0.23026 0.44677 -0.22372
v -0.24170 0.25992 -0.22480
v -0.25312 0.07353 -0.22588
v -0.18735 0.51382 -0.20715
v -0.20349 0.51501 -0.20175
v -0.20380 0.51098 -0.20081
v -0.18699 0.50973 -0.20644
v -0.21963 0.51621 -0.20715
v -0.22061 0.51222 -0.20644
v -0.25372 0.00643 -0.21710
v -0.24457 0.00643 -0.21405
v -0.24433 0.00906 -0.21343
v -0.25394 0.00906 -0.21663
v -0.23542 0.00643 -0.21710
v -0.23472 0.00906 -0.21663
v -0.18735 0.51382 -0.23956
v -0.18197 0.51342 -0.22336
v -0.18139 0.50932 -0.22336
v -0.18699 0.50973 -0.24027
v -0.18735 0.51382 -0.20715
v -0.18699 0.50973 -0.20644
v -0.23542 0.00643 -0.21710
v -0.23237 0.00643 -0.22625
v -0.23151 0.00906 -0.22625
v -0.23472 0.00906 -0.21663
v -0.23542 0.00643 -0.23540
v -0.23472 0.00906 -0.23586
v -0.21963 0.51621 -0.23956
v -0.20349 0.51501 -0.24496
v -0.20380 0.51098 -0.24590
v -0.22061 0.51222 -0.24027
v -0.24457 0.00643 -0.23845
v -0.24433 0.00906 -0.23906
v -0.25372 0.00643 -0.23540
v -0.25394 0.00906 -0.23586
v -0.22501 0.51660 -0.22336
v -0.22622 0.51264 -0.22336
v -0.25677 0.00643 -0.22625
v -0.25714 0.00906 -0.22625
v -0.28813 0.26402 0.14333
v -0.28728 0.26577 0.14049
v -0.29196 0.26671 0.14005
v -0.29219 0.26504 0.14246
v -0.27835 0.26339 0.09548
v -0.28350 0.26428 0.09537
v -0.28872 0.26430 0.09526
v -0.29671 0.26661 0.13962
v -0.29629 0.26477 0.14159
v -0.28552 0.25563 0.14447
v -0.28427 0.25740 0.14161
v -0.28487 0.26399 0.14063
v -0.28604 0.26191 0.14362
v -0.27503 0.25504 0.09644
v -0.27569 0.26187 0.09551
v -0.28552 0.25563 0.14447
v -0.28616 0.24211 0.14703
v -0.28501 0.24201 0.14455
v -0.28427 0.25740 0.14161
v -0.28741 0.22893 0.14959
v -0.28645 0.22682 0.14749
v -0.27743 0.22156 0.10198
v -0.27584 0.23825 0.09921
v -0.27503 0.25504 0.09644
v -0.29095 0.22280 0.15015
v -0.29054 0.21994 0.14833
v -0.28794 0.22084 0.14847
v -0.28871 0.22366 0.15044
v -0.28194 0.21410 0.10286
v -0.27908 0.21504 0.10290
v -0.22857 0.24100 -0.16340
v -0.23372 0.24185 -0.16340
v -0.25856 0.25363 -0.03386
v -0.25325 0.25276 -0.03386
v -0.23894 0.24191 -0.16340
v -0.26394 0.25370 -0.03386
v -0.22525 0.23287 -0.16336
v -0.22592 0.23959 -0.16340
v -0.25051 0.25132 -0.03386
v -0.24983 0.24442 -0.03336
v -0.29984 0.25689 0.14215
v -0.29854 0.26303 0.14130
v -0.29930 0.26527 0.13947
v -0.30080 0.25885 0.14045
v -0.29158 0.26326 0.09522
v -0.29322 0.25663 0.09615
v -0.22765 0.19938 -0.16312
v -0.22607 0.21611 -0.16324
v -0.25067 0.22715 -0.03187
v -0.25230 0.20996 -0.03038
v -0.22525 0.23287 -0.16336
v -0.24983 0.24442 -0.03336
v -0.29563 0.22315 0.10169
v -0.30298 0.22828 0.14633
v -0.30224 0.24352 0.14339
v -0.29481 0.23991 0.09892
v -0.30173 0.23019 0.14727
v -0.30109 0.24342 0.14471
v -0.23216 0.19171 -0.16308
v -0.22930 0.19276 -0.16308
v -0.25400 0.20326 -0.02989
v -0.25694 0.20232 -0.02989
v -0.29911 0.22355 0.14841
v -0.30120 0.22479 0.14812
v -0.30238 0.22212 0.14731
v -0.29996 0.22078 0.14746
v -0.29496 0.21643 0.10261
v -0.29231 0.21502 0.10265
v -0.29506 0.22282 0.14928
v -0.29528 0.21999 0.14789
v -0.28715 0.21417 0.10275
v -0.27037 0.20470 -0.02989
v -0.26763 0.20326 -0.02989
v -0.27105 0.21160 -0.03038
v -0.24585 0.20098 -0.16312
v -0.24518 0.19415 -0.16308
v -0.24253 0.19263 -0.16308
v -0.26232 0.20239 -0.02989
v -0.23738 0.19174 -0.16308
v -0.22560 0.23603 -0.20904
v -0.23034 0.23608 -0.20904
v -0.22091 0.23523 -0.20904
v -0.22176 0.23246 -0.21273
v -0.22582 0.23319 -0.21273
v -0.22992 0.23322 -0.21273
v -0.21850 0.23390 -0.20904
v -0.21790 0.22774 -0.20915
v -0.21915 0.22582 -0.21282
v -0.21968 0.23123 -0.21273
v -0.21915 0.22582 -0.21282
v -0.21790 0.22774 -0.20915
v -0.21864 0.21250 -0.20946
v -0.21979 0.21260 -0.21311
v -0.22008 0.19717 -0.20978
v -0.22104 0.19913 -0.21339
v -0.22158 0.19075 -0.20988
v -0.22417 0.18940 -0.20988
v -0.22459 0.19124 -0.21349
v -0.22234 0.19298 -0.21349
v -0.23293 0.23518 -0.20904
v -0.24180 0.24098 -0.16340
v -0.23217 0.23235 -0.21273
v -0.23347 0.22709 -0.21282
v -0.23443 0.22919 -0.20915
v -0.24345 0.23446 -0.16336
v -0.24503 0.21777 -0.16324
v -0.23587 0.21401 -0.20946
v -0.23661 0.19862 -0.20978
v -0.23472 0.21390 -0.21311
v -0.23536 0.20039 -0.21339
v -0.23601 0.19203 -0.20988
v -0.23483 0.19411 -0.21349
v -0.23275 0.19200 -0.21349
v -0.23360 0.19025 -0.20988
v -0.22891 0.18931 -0.20988
v -0.22869 0.19098 -0.21349
v -0.26688 0.25275 -0.03386
v -0.26858 0.24606 -0.03336
v -0.27021 0.22886 -0.03187
v -0.30715 0.27205 0.17804
v -0.29069 0.27027 0.18355
v -0.29053 0.27098 0.18154
v -0.30558 0.27229 0.17651
v -0.27422 0.26772 0.17804
v -0.27548 0.26897 0.17651
v -0.26873 0.26585 0.16151
v -0.27047 0.26737 0.16141
v -0.27422 0.26543 0.14498
v -0.27548 0.26687 0.14630
v -0.29069 0.26721 0.13947
v -0.29053 0.26818 0.14127
v -0.30715 0.26976 0.14498
v -0.30558 0.27019 0.14630
v -0.31264 0.27163 0.16151
v -0.31060 0.27179 0.16141
v -0.17096 0.23584 -0.13500
v -0.17068 0.23638 -0.13997
v -0.22875 0.23486 -0.13998
v -0.22912 0.23437 -0.13546
v -0.17043 0.23614 -0.14495
v -0.22841 0.23465 -0.14451
v -0.22979 0.23267 -0.14393
v -0.23013 0.23284 -0.14000
v -0.23051 0.23241 -0.13608
v -0.17033 0.23504 -0.14764
v -0.22829 0.23365 -0.14696
v -0.17053 0.22924 -0.14895
v -0.22856 0.22828 -0.14815
v -0.22996 0.22701 -0.14708
v -0.22967 0.23181 -0.14605
v -0.22944 0.21495 -0.14889
v -0.23088 0.21502 -0.14773
v -0.17117 0.21490 -0.14976
v -0.17184 0.20056 -0.14980
v -0.23037 0.20161 -0.14894
v -0.23186 0.20302 -0.14778
v -0.17216 0.19474 -0.14881
v -0.23081 0.19622 -0.14803
v -0.17235 0.19352 -0.14614
v -0.23106 0.19512 -0.14561
v -0.23257 0.19725 -0.14490
v -0.23232 0.19821 -0.14700
v -0.22938 0.23326 -0.13304
v -0.17115 0.23462 -0.13234
v -0.23076 0.23145 -0.13398
v -0.23122 0.22664 -0.13320
v -0.22981 0.22787 -0.13214
v -0.17147 0.22880 -0.13134
v -0.17277 0.20012 -0.13219
v -0.17214 0.21446 -0.13138
v -0.23074 0.21454 -0.13218
v -0.23162 0.20120 -0.13292
v -0.17147 0.22880 -0.13134
v -0.22981 0.22787 -0.13214
v -0.23122 0.22664 -0.13320
v -0.23219 0.21464 -0.13325
v -0.23312 0.20264 -0.13390
v -0.23189 0.19583 -0.13411
v -0.17297 0.19432 -0.13350
v -0.23341 0.19784 -0.13493
v -0.23329 0.19698 -0.13705
v -0.23177 0.19483 -0.13656
v -0.17288 0.19322 -0.13620
v -0.23143 0.19462 -0.14109
v -0.17263 0.19299 -0.14117
v -0.23295 0.19681 -0.14098
v -0.20803 0.25952 0.11744
v -0.20775 0.25918 0.11245
v -0.27793 0.25779 0.11271
v -0.27831 0.25809 0.11726
v -0.20750 0.25808 0.10759
v -0.27760 0.25679 0.10827
v -0.27863 0.25508 0.10919
v -0.27896 0.25594 0.11306
v -0.27934 0.25619 0.11703
v -0.20740 0.25653 0.10512
v -0.27748 0.25538 0.10603
v -0.20758 0.25074 0.10469
v -0.27772 0.25001 0.10563
v -0.27877 0.24903 0.10688
v -0.27850 0.25385 0.10723
v -0.27877 0.24903 0.10688
v -0.27772 0.25001 0.10563
v -0.27851 0.23714 0.10673
v -0.27962 0.23740 0.10784
v -0.20758 0.25074 0.10469
v -0.20814 0.23694 0.10591
v -0.20874 0.22327 0.10789
v -0.27936 0.22438 0.10853
v -0.28052 0.22587 0.10939
v -0.20904 0.21786 0.10973
v -0.27976 0.21936 0.11020
v -0.20923 0.21713 0.11257
v -0.28002 0.21869 0.11279
v -0.28120 0.22077 0.11309
v -0.28095 0.22136 0.11084
v -0.27856 0.25742 0.11985
v -0.20821 0.25878 0.12028
v -0.27960 0.25560 0.11928
v -0.28003 0.25109 0.12073
v -0.27897 0.25240 0.12152
v -0.20851 0.25338 0.12212
v -0.20968 0.22590 0.12532
v -0.20911 0.23970 0.12410
v -0.27981 0.23964 0.12332
v -0.28060 0.22677 0.12443
v -0.28092 0.23956 0.12228
v -0.28177 0.22793 0.12324
v -0.28085 0.22140 0.12403
v -0.20985 0.22012 0.12488
v -0.28204 0.22311 0.12289
v -0.28192 0.22188 0.12093
v -0.28072 0.21999 0.12178
v -0.20976 0.21857 0.12242
v -0.28039 0.21899 0.11734
v -0.20951 0.21746 0.11756
v -0.28158 0.22103 0.11706
v -0.34078 0.00643 0.21377
v -0.34383 0.00643 0.20457
v -0.34215 0.00556 0.20477
v -0.33956 0.00556 0.21253
v -0.34078 0.00643 0.19537
v -0.33956 0.00556 0.19701
v -0.33771 0.00556 0.19886
v -0.33968 0.00556 0.20477
v -0.33771 0.00556 0.21068
v -0.33163 0.00643 0.19231
v -0.33180 0.00556 0.19442
v -0.32248 0.00643 0.19537
v -0.32403 0.00556 0.19701
v -0.32588 0.00556 0.19886
v -0.33180 0.00556 0.19689
v -0.31943 0.00643 0.20457
v -0.32145 0.00556 0.20477
v -0.32248 0.00643 0.21377
v -0.32403 0.00556 0.21253
v -0.32588 0.00556 0.21068
v -0.32391 0.00556 0.20477
v -0.33163 0.00643 0.21683
v -0.33180 0.00556 0.21512
v -0.33180 0.00556 0.21265
v -0.25500 0.00556 -0.22625
v -0.25241 0.00556 -0.21848
v -0.25241 0.00556 -0.23401
v -0.25056 0.00556 -0.23216
v -0.25253 0.00556 -0.22625
v -0.25056 0.00556 -0.22033
v -0.24465 0.00556 -0.23660
v -0.23689 0.00556 -0.23401
v -0.23874 0.00556 -0.23216
v -0.24465 0.00556 -0.23413
v -0.23430 0.00556 -0.22625
v -0.23689 0.00556 -0.21848
v -0.23874 0.00556 -0.22033
v -0.23677 0.00556 -0.22625
v -0.24465 0.00556 -0.21590
v -0.23689 0.00556 -0.21848
v -0.24465 0.00556 -0.21836
v -0.23874 0.00556 -0.22033
v 0.00076 0.23688 -0.13997
v 0.00076 0.23663 -0.14509
v 0.00076 0.23633 -0.13485
v 0.17249 0.23584 -0.13500
v 0.17221 0.23638 -0.13997
v 0.17196 0.23614 -0.14495
v 0.00076 0.23550 -0.14787
v 0.00076 0.22956 -0.14921
v 0.17186 0.23504 -0.14764
v 0.17206 0.22924 -0.14895
v 0.00076 0.21488 -0.15005
v 0.00076 0.20021 -0.15009
v 0.17269 0.21490 -0.14976
v 0.17337 0.20056 -0.14980
v 0.00076 0.19424 -0.14906
v 0.00076 0.19299 -0.14631
v 0.17369 0.19474 -0.14881
v 0.17387 0.19352 -0.14614
v 0.00076 0.19382 -0.13330
v 0.00076 0.19976 -0.13195
v 0.00076 0.19269 -0.13607
v 0.17440 0.19322 -0.13620
v 0.17450 0.19432 -0.13350
v 0.17430 0.20012 -0.13219
v 0.00076 0.19244 -0.14120
v 0.17415 0.19299 -0.14117
v 0.00076 0.23508 -0.13210
v 0.00076 0.22911 -0.13107
v 0.17299 0.22880 -0.13134
v 0.17267 0.23462 -0.13234
v 0.00076 0.21443 -0.13111
v 0.00076 0.22911 -0.13107
v 0.17367 0.21446 -0.13138
v 0.17299 0.22880 -0.13134
v 0.00076 0.25964 0.11236
v 0.00076 0.25851 0.10736
v 0.00076 0.25999 0.11750
v 0.20955 0.25952 0.11744
v 0.20927 0.25918 0.11245
v 0.20903 0.25808 0.10759
v 0.00076 0.25691 0.10482
v 0.00076 0.25099 0.10437
v 0.20893 0.25653 0.10512
v 0.20910 0.25074 0.10469
v 0.00076 0.23688 0.10563
v 0.00076 0.22290 0.10767
v 0.00076 0.25099 0.10437
v 0.20910 0.25074 0.10469
v 0.20967 0.23694 0.10591
v 0.21027 0.22327 0.10789
v 0.00076 0.21736 0.10957
v 0.00076 0.21661 0.11249
v 0.21057 0.21786 0.10973
v 0.21076 0.21713 0.11257
v 0.00076 0.21969 0.12517
v 0.00076 0.22561 0.12562
v 0.00076 0.21809 0.12263
v 0.21128 0.21857 0.12242
v 0.21138 0.22012 0.12488
v 0.21121 0.22590 0.12532
v 0.00076 0.21696 0.11763
v 0.21104 0.21746 0.11756
v 0.00076 0.25924 0.12042
v 0.00076 0.25370 0.12232
v 0.21004 0.25338 0.12212
v 0.20974 0.25878 0.12028
v 0.00076 0.23972 0.12436
v 0.21064 0.23970 0.12410
v 0.30267 0.27158 0.17205
v 0.30590 0.27110 0.16141
v 0.29206 0.27000 0.16141
v 0.29206 0.27086 0.17530
v 0.30267 0.27010 0.15076
v 0.29206 0.26893 0.14751
v 0.28145 0.26804 0.15076
v 0.27822 0.26869 0.16141
v 0.28145 0.26953 0.17205
v 0.33789 0.04368 0.20913
v 0.32610 0.14052 0.19645
v 0.31264 0.13955 0.20103
v 0.32732 0.04344 0.21276
v 0.31427 0.23701 0.18374
v 0.29797 0.23531 0.18923
v 0.28168 0.23292 0.18374
v 0.29917 0.13818 0.19645
v 0.31674 0.04310 0.20913
v 0.29469 0.13721 0.18271
v 0.31322 0.04285 0.19825
v 0.27624 0.23121 0.16727
v 0.28168 0.23086 0.15079
v 0.29917 0.13701 0.16897
v 0.31674 0.04280 0.18737
v 0.31674 0.04280 0.18737
v 0.29917 0.13701 0.16897
v 0.31264 0.13798 0.16439
v 0.32732 0.04305 0.18374
v 0.28168 0.23086 0.15079
v 0.29797 0.23256 0.14530
v 0.31427 0.23495 0.15079
v 0.32610 0.13934 0.16897
v 0.33789 0.04339 0.18737
v 0.33059 0.14032 0.18271
v 0.34142 0.04363 0.19825
v 0.31970 0.23666 0.16727
v 0.30976 0.27057 0.17903
v 0.29267 0.26863 0.18476
v 0.30868 0.27205 0.17804
v 0.29221 0.27027 0.18355
v 0.27575 0.26772 0.17804
v 0.27559 0.26590 0.17903
v 0.32304 0.00906 0.21377
v 0.33266 0.00906 0.21704
v 0.32401 0.00643 0.21377
v 0.33316 0.00643 0.21683
v 0.34231 0.00643 0.21377
v 0.34227 0.00906 0.21377
v 0.26989 0.26394 0.16183
v 0.27026 0.26585 0.16151
v 0.27575 0.26543 0.14498
v 0.27559 0.26355 0.14463
v 0.32304 0.00906 0.19416
v 0.31984 0.00906 0.20397
v 0.32401 0.00643 0.19537
v 0.32096 0.00643 0.20457
v 0.27559 0.26355 0.14463
v 0.29267 0.26549 0.13890
v 0.27575 0.26543 0.14498
v 0.29221 0.26721 0.13947
v 0.30868 0.26976 0.14498
v 0.30976 0.26822 0.14463
v 0.34227 0.00906 0.19416
v 0.33266 0.00906 0.19090
v 0.34231 0.00643 0.19537
v 0.33316 0.00643 0.19231
v 0.32401 0.00643 0.19537
v 0.32304 0.00906 0.19416
v 0.31546 0.27017 0.16183
v 0.31416 0.27163 0.16151
v 0.34547 0.00906 0.20397
v 0.34536 0.00643 0.20457
v 0.21448 0.51706 -0.21376
v 0.21707 0.51726 -0.22336
v 0.20491 0.51636 -0.22336
v 0.20491 0.51636 -0.21115
v 0.21448 0.51706 -0.23295
v 0.20491 0.51636 -0.23556
v 0.19535 0.51565 -0.23295
v 0.19275 0.51546 -0.22336
v 0.19535 0.51565 -0.21376
v 0.25115 0.07348 -0.21536
v 0.23883 0.25971 -0.21154
v 0.22564 0.25909 -0.20712
v 0.24064 0.07332 -0.21185
v 0.22650 0.44640 -0.20772
v 0.21062 0.44531 -0.20238
v 0.19474 0.44422 -0.20772
v 0.21245 0.25846 -0.21154
v 0.23013 0.07317 -0.21536
v 0.23013 0.07317 -0.21536
v 0.21245 0.25846 -0.21154
v 0.20806 0.25825 -0.22480
v 0.22663 0.07312 -0.22588
v 0.19474 0.44422 -0.20772
v 0.18945 0.44386 -0.22372
v 0.19474 0.44422 -0.23972
v 0.21245 0.25846 -0.23806
v 0.23013 0.07317 -0.23641
v 0.22564 0.25909 -0.24248
v 0.24064 0.07332 -0.23992
v 0.21062 0.44531 -0.24505
v 0.22650 0.44640 -0.23972
v 0.23883 0.25971 -0.23806
v 0.25115 0.07348 -0.23641
v 0.24322 0.25992 -0.22480
v 0.25465 0.07353 -0.22588
v 0.23179 0.44677 -0.22372
v 0.22214 0.51222 -0.20644
v 0.20533 0.51098 -0.20081
v 0.22116 0.51621 -0.20715
v 0.20502 0.51501 -0.20175
v 0.18888 0.51382 -0.20715
v 0.18852 0.50973 -0.20644
v 0.23624 0.00906 -0.21663
v 0.24586 0.00906 -0.21343
v 0.23695 0.00643 -0.21710
v 0.24610 0.00643 -0.21405
v 0.25525 0.00643 -0.21710
v 0.25547 0.00906 -0.21663
v 0.18852 0.50973 -0.20644
v 0.18292 0.50932 -0.22336
v 0.18888 0.51382 -0.20715
v 0.18350 0.51342 -0.22336
v 0.18888 0.51382 -0.23956
v 0.18852 0.50973 -0.24027
v 0.23624 0.00906 -0.23586
v 0.23304 0.00906 -0.22625
v 0.23695 0.00643 -0.23540
v 0.23390 0.00643 -0.22625
v 0.23695 0.00643 -0.21710
v 0.23624 0.00906 -0.21663
v 0.20533 0.51098 -0.24590
v 0.20502 0.51501 -0.24496
v 0.22116 0.51621 -0.23956
v 0.22214 0.51222 -0.24027
v 0.25547 0.00906 -0.23586
v 0.24586 0.00906 -0.23906
v 0.25525 0.00643 -0.23540
v 0.24610 0.00643 -0.23845
v 0.22774 0.51264 -0.22336
v 0.22654 0.51660 -0.22336
v 0.25867 0.00906 -0.22625
v 0.25830 0.00643 -0.22625
v 0.29025 0.26430 0.09526
v 0.28503 0.26428 0.09537
v 0.29349 0.26671 0.14005
v 0.29823 0.26661 0.13962
v 0.27988 0.26339 0.09548
v 0.28881 0.26577 0.14049
v 0.28966 0.26402 0.14333
v 0.29371 0.26504 0.14246
v 0.29782 0.26477 0.14159
v 0.27722 0.26187 0.09551
v 0.28640 0.26399 0.14063
v 0.27656 0.25504 0.09644
v 0.28579 0.25740 0.14161
v 0.28705 0.25563 0.14447
v 0.28757 0.26191 0.14362
v 0.28705 0.25563 0.14447
v 0.28579 0.25740 0.14161
v 0.28653 0.24201 0.14455
v 0.28769 0.24211 0.14703
v 0.27656 0.25504 0.09644
v 0.27737 0.23825 0.09921
v 0.27896 0.22156 0.10198
v 0.28798 0.22682 0.14749
v 0.28894 0.22893 0.14959
v 0.28061 0.21504 0.10290
v 0.28947 0.22084 0.14847
v 0.28346 0.21410 0.10286
v 0.29207 0.21994 0.14833
v 0.29248 0.22280 0.15015
v 0.29023 0.22366 0.15044
v 0.26546 0.25370 -0.03386
v 0.26009 0.25363 -0.03386
v 0.24047 0.24191 -0.16340
v 0.23525 0.24185 -0.16340
v 0.23010 0.24100 -0.16340
v 0.25478 0.25276 -0.03386
v 0.25204 0.25132 -0.03386
v 0.22745 0.23959 -0.16340
v 0.22678 0.23287 -0.16336
v 0.25135 0.24442 -0.03336
v 0.30083 0.26527 0.13947
v 0.29311 0.26326 0.09522
v 0.30007 0.26303 0.14130
v 0.30136 0.25689 0.14215
v 0.30233 0.25885 0.14045
v 0.29475 0.25663 0.09615
v 0.25135 0.24442 -0.03336
v 0.25220 0.22715 -0.03187
v 0.22678 0.23287 -0.16336
v 0.22760 0.21611 -0.16324
v 0.22918 0.19938 -0.16312
v 0.25383 0.20996 -0.03038
v 0.29715 0.22315 0.10169
v 0.29634 0.23991 0.09892
v 0.30377 0.24352 0.14339
v 0.30451 0.22828 0.14633
v 0.30261 0.24342 0.14471
v 0.30326 0.23019 0.14727
v 0.25553 0.20326 -0.02989
v 0.23083 0.19276 -0.16308
v 0.23369 0.19171 -0.16308
v 0.25847 0.20232 -0.02989
v 0.30390 0.22212 0.14731
v 0.29649 0.21643 0.10261
v 0.30273 0.22479 0.14812
v 0.30064 0.22355 0.14841
v 0.30149 0.22078 0.14746
v 0.29383 0.21502 0.10265
v 0.29681 0.21999 0.14789
v 0.28868 0.21417 0.10275
v 0.29659 0.22282 0.14928
v 0.26916 0.20326 -0.02989
v 0.27189 0.20470 -0.02989
v 0.24406 0.19263 -0.16308
v 0.24671 0.19415 -0.16308
v 0.24738 0.20098 -0.16312
v 0.27258 0.21160 -0.03038
v 0.26385 0.20239 -0.02989
v 0.23891 0.19174 -0.16308
v 0.22329 0.23246 -0.21273
v 0.22244 0.23523 -0.20904
v 0.22712 0.23603 -0.20904
v 0.22735 0.23319 -0.21273
v 0.23187 0.23608 -0.20904
v 0.23145 0.23322 -0.21273
v 0.22068 0.22582 -0.21282
v 0.21942 0.22774 -0.20915
v 0.22003 0.23390 -0.20904
v 0.22120 0.23123 -0.21273
v 0.22068 0.22582 -0.21282
v 0.22132 0.21260 -0.21311
v 0.22017 0.21250 -0.20946
v 0.21942 0.22774 -0.20915
v 0.22257 0.19913 -0.21339
v 0.22161 0.19717 -0.20978
v 0.22611 0.19124 -0.21349
v 0.22570 0.18940 -0.20988
v 0.22310 0.19075 -0.20988
v 0.22387 0.19298 -0.21349
v 0.23500 0.22709 -0.21282
v 0.23370 0.23235 -0.21273
v 0.23446 0.23518 -0.20904
v 0.23596 0.22919 -0.20915
v 0.24333 0.24098 -0.16340
v 0.24498 0.23446 -0.16336
v 0.23814 0.19862 -0.20978
v 0.23740 0.21401 -0.20946
v 0.24656 0.21777 -0.16324
v 0.23689 0.20039 -0.21339
v 0.23624 0.21390 -0.21311
v 0.23427 0.19200 -0.21349
v 0.23636 0.19411 -0.21349
v 0.23754 0.19203 -0.20988
v 0.23512 0.19025 -0.20988
v 0.23022 0.19098 -0.21349
v 0.23044 0.18931 -0.20988
v 0.26841 0.25275 -0.03386
v 0.27010 0.24606 -0.03336
v 0.27174 0.22886 -0.03187
v 0.30868 0.27205 0.17804
v 0.30711 0.27229 0.17651
v 0.29206 0.27098 0.18154
v 0.29221 0.27027 0.18355
v 0.27701 0.26897 0.17651
v 0.27575 0.26772 0.17804
v 0.27200 0.26737 0.16141
v 0.27026 0.26585 0.16151
v 0.27701 0.26687 0.14630
v 0.27575 0.26543 0.14498
v 0.29206 0.26818 0.14127
v 0.29221 0.26721 0.13947
v 0.30711 0.27019 0.14630
v 0.30868 0.26976 0.14498
v 0.31212 0.27179 0.16141
v 0.31416 0.27163 0.16151
v 0.23132 0.23267 -0.14393
v 0.22994 0.23465 -0.14451
v 0.23027 0.23486 -0.13998
v 0.23166 0.23284 -0.14000
v 0.23065 0.23437 -0.13546
v 0.23204 0.23241 -0.13608
v 0.23149 0.22701 -0.14708
v 0.23009 0.22828 -0.14815
v 0.22982 0.23365 -0.14696
v 0.23120 0.23181 -0.14605
v 0.23241 0.21502 -0.14773
v 0.23097 0.21495 -0.14889
v 0.23339 0.20302 -0.14778
v 0.23190 0.20161 -0.14894
v 0.23410 0.19725 -0.14490
v 0.23259 0.19512 -0.14561
v 0.23233 0.19622 -0.14803
v 0.23384 0.19821 -0.14700
v 0.23275 0.22664 -0.13320
v 0.23229 0.23145 -0.13398
v 0.23090 0.23326 -0.13304
v 0.23134 0.22787 -0.13214
v 0.23314 0.20120 -0.13292
v 0.23227 0.21454 -0.13218
v 0.23464 0.20264 -0.13390
v 0.23372 0.21464 -0.13325
v 0.23275 0.22664 -0.13320
v 0.23134 0.22787 -0.13214
v 0.23481 0.19698 -0.13705
v 0.23494 0.19784 -0.13493
v 0.23342 0.19583 -0.13411
v 0.23330 0.19483 -0.13656
v 0.23448 0.19681 -0.14098
v 0.23296 0.19462 -0.14109
v 0.28016 0.25508 0.10919
v 0.27913 0.25679 0.10827
v 0.27946 0.25779 0.11271
v 0.28049 0.25594 0.11306
v 0.27984 0.25809 0.11726
v 0.28087 0.25619 0.11703
v 0.28030 0.24903 0.10688
v 0.27925 0.25001 0.10563
v 0.27900 0.25538 0.10603
v 0.28003 0.25385 0.10723
v 0.28030 0.24903 0.10688
v 0.28115 0.23740 0.10784
v 0.28004 0.23714 0.10673
v 0.27925 0.25001 0.10563
v 0.28204 0.22587 0.10939
v 0.28088 0.22438 0.10853
v 0.28273 0.22077 0.11309
v 0.28154 0.21869 0.11279
v 0.28129 0.21936 0.11020
v 0.28247 0.22136 0.11084
v 0.28155 0.25109 0.12073
v 0.28112 0.25560 0.11928
v 0.28009 0.25742 0.11985
v 0.28050 0.25240 0.12152
v 0.28213 0.22677 0.12443
v 0.28134 0.23964 0.12332
v 0.28330 0.22793 0.12324
v 0.28245 0.23956 0.12228
v 0.28344 0.22188 0.12093
v 0.28357 0.22311 0.12289
v 0.28238 0.22140 0.12403
v 0.28225 0.21999 0.12178
v 0.28311 0.22103 0.11706
v 0.28192 0.21899 0.11734
v 0.34231 0.00643 0.21377
v 0.34109 0.00556 0.21253
v 0.34367 0.00556 0.20477
v 0.34536 0.00643 0.20457
v 0.33924 0.00556 0.21068
v 0.34121 0.00556 0.20477
v 0.33924 0.00556 0.19886
v 0.34109 0.00556 0.19701
v 0.34231 0.00643 0.19537
v 0.33332 0.00556 0.19442
v 0.33316 0.00643 0.19231
v 0.33332 0.00556 0.19689
v 0.32741 0.00556 0.19886
v 0.32556 0.00556 0.19701
v 0.32401 0.00643 0.19537
v 0.32297 0.00556 0.20477
v 0.32096 0.00643 0.20457
v 0.32544 0.00556 0.20477
v 0.32741 0.00556 0.21068
v 0.32556 0.00556 0.21253
v 0.32401 0.00643 0.21377
v 0.33332 0.00556 0.21512
v 0.33316 0.00643 0.21683
v 0.33332 0.00556 0.21265
v 0.25394 0.00556 -0.21848
v 0.25653 0.00556 -0.22625
v 0.25209 0.00556 -0.22033
v 0.25406 0.00556 -0.22625
v 0.25209 0.00556 -0.23216
v 0.25394 0.00556 -0.23401
v 0.24618 0.00556 -0.23660
v 0.24618 0.00556 -0.23413
v 0.24027 0.00556 -0.23216
v 0.23842 0.00556 -0.23401
v 0.23583 0.00556 -0.22625
v 0.23830 0.00556 -0.22625
v 0.24027 0.00556 -0.22033
v 0.23842 0.00556 -0.21848
v 0.23842 0.00556 -0.21848
v 0.24618 0.00556 -0.21590
v 0.24027 0.00556 -0.22033
v 0.24618 0.00556 -0.21836
v -0.21963 0.51621 -0.20715
v -0.20349 0.51501 -0.20175
v -0.20339 0.51636 -0.20457
v -0.21743 0.51739 -0.20927
v -0.18735 0.51382 -0.20715
v -0.18935 0.51532 -0.20927
v -0.18197 0.51342 -0.22336
v -0.18467 0.51497 -0.22336
v -0.18735 0.51382 -0.23956
v -0.18935 0.51532 -0.23744
v -0.20349 0.51501 -0.24496
v -0.20339 0.51636 -0.24214
v -0.21963 0.51621 -0.23956
v -0.21743 0.51739 -0.23744
v -0.22501 0.51660 -0.22336
v -0.22211 0.51774 -0.22336
v 0.18888 0.51382 -0.20715
v 0.20502 0.51501 -0.20175
v 0.20491 0.51636 -0.20457
v 0.19087 0.51532 -0.20927
v 0.22116 0.51621 -0.20715
v 0.21895 0.51739 -0.20927
v 0.22654 0.51660 -0.22336
v 0.22363 0.51774 -0.22336
v 0.22116 0.51621 -0.23956
v 0.21895 0.51739 -0.23744
v 0.20502 0.51501 -0.24496
v 0.20491 0.51636 -0.24214
v 0.18888 0.51382 -0.23956
v 0.19087 0.51532 -0.23744
v 0.18350 0.51342 -0.22336
v 0.18619 0.51497 -0.22336
vt -1.68549 -0.03950
vt -1.69436 -0.05348
vt -1.67437 -0.05909
vt -1.66888 -0.03914
vt -1.69390 -0.07008
vt -1.67986 -0.07904
vt -1.66325 -0.07868
vt -1.65438 -0.06469
vt -1.65484 -0.04809
vt -1.61234 -0.14414
vt -1.64407 -0.14463
vt -1.65174 -0.29035
vt -1.62546 -0.28940
vt -1.67576 -0.14478
vt -1.67798 -0.29077
vt -1.68022 -0.43724
vt -1.65936 -0.43656
vt -1.63848 -0.43514
vt -1.54106 -0.09882
vt -1.58054 -0.14465
vt -1.59911 -0.28929
vt -1.57273 -0.28960
vt -1.61756 -0.43441
vt -1.60440 -0.48038
vt -1.73908 -0.14161
vt -1.77085 -0.14135
vt -1.75676 -0.28659
vt -1.73042 -0.28738
vt -1.80883 -0.09472
vt -1.78315 -0.28637
vt -1.75747 -0.47802
vt -1.74280 -0.43231
vt -1.72189 -0.43361
vt -1.70740 -0.14327
vt -1.70419 -0.28927
vt -1.70105 -0.43575
vt -1.60640 -0.08944
vt -1.64060 -0.09027
vt -1.64115 -0.09374
vt -1.60738 -0.09342
vt -1.67480 -0.09111
vt -1.67494 -0.09380
vt -1.68126 -0.49617
vt -1.66248 -0.49425
vt -1.66214 -0.48887
vt -1.68106 -0.48965
vt -1.64371 -0.49232
vt -1.64315 -0.48729
vt -1.53888 -0.09198
vt -1.57264 -0.09071
vt -1.57366 -0.09415
vt -1.53997 -0.09540
vt -1.62468 -0.49168
vt -1.62410 -0.48634
vt -1.60564 -0.49104
vt -1.60502 -0.48571
vt -1.74342 -0.08647
vt -1.77718 -0.08716
vt -1.77620 -0.09062
vt -1.74249 -0.09071
vt -1.81095 -0.08785
vt -1.80989 -0.09129
vt -1.75622 -0.48860
vt -1.73732 -0.48978
vt -1.73781 -0.48444
vt -1.75684 -0.48331
vt -1.71843 -0.49096
vt -1.71883 -0.48594
vt -1.70911 -0.08879
vt -1.70873 -0.09227
vt -1.69984 -0.49357
vt -1.69994 -0.48818
vt -0.69536 -0.05722
vt -0.69923 -0.07152
vt -0.68104 -0.07150
vt -0.68106 -0.05332
vt -0.69533 -0.08581
vt -0.68102 -0.08968
vt -0.66672 -0.08579
vt -0.66285 -0.07148
vt -0.66675 -0.05719
vt -0.55330 0.12587
vt -0.58909 0.03736
vt -0.60146 -0.24116
vt -0.57615 -0.24222
vt -0.61982 0.03851
vt -0.62698 -0.24034
vt -0.63439 -0.51842
vt -0.61408 -0.51905
vt -0.59901 -0.61031
vt -0.74442 0.03666
vt -0.77624 0.03454
vt -0.75587 -0.24293
vt -0.72970 -0.24103
vt -0.81730 0.12184
vt -0.78239 -0.24537
vt -0.74749 -0.61259
vt -0.73523 -0.51978
vt -0.71485 -0.51797
vt -0.68283 0.03877
vt -0.71357 0.03804
vt -0.70423 -0.24021
vt -0.67884 -0.24003
vt -0.69478 -0.51768
vt -0.67478 -0.51804
vt -0.65132 0.03896
vt -0.65294 -0.24002
vt -0.65464 -0.51819
vt -0.55103 0.14184
vt -0.58433 0.14359
vt -0.58471 0.13555
vt -0.55216 0.13386
vt -0.61764 0.14534
vt -0.61750 0.13684
vt -0.63845 -0.61906
vt -0.62089 -0.62045
vt -0.61918 -0.61538
vt -0.63747 -0.61442
vt -0.60246 -0.62305
vt -0.60074 -0.61668
vt -0.75017 0.14299
vt -0.78358 0.14048
vt -0.78325 0.13241
vt -0.74969 0.13460
vt -0.81699 0.13797
vt -0.81714 0.12991
vt -0.74380 -0.62506
vt -0.72553 -0.62080
vt -0.72738 -0.61575
vt -0.74565 -0.61882
vt -0.70810 -0.61838
vt -0.70920 -0.61364
vt -0.68381 0.14538
vt -0.71699 0.14419
vt -0.71681 0.13615
vt -0.68403 0.13705
vt -0.69067 -0.61806
vt -0.69123 -0.61344
vt -0.67327 -0.61858
vt -0.67335 -0.61399
vt -0.65073 0.14536
vt -0.65076 0.13731
vt -0.65589 -0.61868
vt -0.65548 -0.61414
vt -0.05290 -0.77715
vt -0.05403 -0.77347
vt -0.06260 -0.77464
vt -0.06261 -0.77876
vt -0.05352 -0.69623
vt -0.06213 -0.69773
vt -0.07064 -0.69929
vt -0.07128 -0.77616
vt -0.07233 -0.78036
vt -0.04316 -0.78036
vt -0.04415 -0.77428
vt -0.04836 -0.77356
vt -0.04803 -0.77876
vt -0.04514 -0.76820
vt -0.04821 -0.69567
vt -0.25012 -0.77410
vt -0.22006 -0.77902
vt -0.22087 -0.77534
vt -0.25485 -0.77043
vt -0.18999 -0.78394
vt -0.19440 -0.77912
vt -0.19264 -0.70056
vt -0.22106 -0.69763
vt -0.25957 -0.76676
vt -0.18004 -0.78569
vt -0.17746 -0.78138
vt -0.18296 -0.78063
vt -0.18501 -0.78481
vt -0.17624 -0.70210
vt -0.18108 -0.70158
vt -0.05125 -0.25065
vt -0.05968 -0.25251
vt -0.06071 -0.47522
vt -0.05215 -0.47351
vt -0.06813 -0.25403
vt -0.06917 -0.47676
vt -0.04238 -0.17502
vt -0.04638 -0.24913
vt -0.04708 -0.47241
vt -0.04376 -0.47161
vt -0.08511 -0.78232
vt -0.07872 -0.78134
vt -0.07724 -0.77711
vt -0.08930 -0.77861
vt -0.07567 -0.70006
vt -0.08728 -0.70116
vt -0.19048 -0.24449
vt -0.21864 -0.24611
vt -0.22003 -0.47186
vt -0.19110 -0.47251
vt -0.25573 -0.17528
vt -0.25765 -0.47102
vt -0.14370 -0.70594
vt -0.14303 -0.78461
vt -0.11624 -0.78176
vt -0.11553 -0.70369
vt -0.14800 -0.78950
vt -0.11655 -0.78591
vt -0.17390 -0.24486
vt -0.17889 -0.24416
vt -0.17955 -0.47279
vt -0.17491 -0.47333
vt -0.15879 -0.78937
vt -0.15339 -0.78943
vt -0.15461 -0.78524
vt -0.16014 -0.78440
vt -0.15506 -0.70618
vt -0.15977 -0.70514
vt -0.16941 -0.78753
vt -0.16881 -0.78288
vt -0.16798 -0.70353
vt -0.15399 -0.47741
vt -0.15856 -0.47640
vt -0.14261 -0.47786
vt -0.14052 -0.24986
vt -0.15210 -0.24880
vt -0.15713 -0.24791
vt -0.16672 -0.47479
vt -0.16553 -0.24635
vt -0.06035 -0.17496
vt -0.06878 -0.17652
vt -0.05216 -0.17301
vt -0.05224 -0.16799
vt -0.06187 -0.17000
vt -0.07150 -0.17201
vt -0.04749 -0.17119
vt -0.04458 -0.16943
vt -0.04678 -0.16384
vt -0.04951 -0.16592
vt -0.24689 -0.16840
vt -0.25131 -0.17184
vt -0.21778 -0.16844
vt -0.21717 -0.16483
vt -0.19148 -0.16603
vt -0.18745 -0.16126
vt -0.17964 -0.16559
vt -0.17365 -0.16645
vt -0.17474 -0.16285
vt -0.18110 -0.16205
vt -0.07419 -0.17715
vt -0.07306 -0.25454
vt -0.07629 -0.17247
vt -0.08109 -0.17294
vt -0.08552 -0.17644
vt -0.08451 -0.25389
vt -0.11249 -0.25194
vt -0.11174 -0.17400
vt -0.13816 -0.17139
vt -0.11138 -0.17001
vt -0.14167 -0.16708
vt -0.15008 -0.17020
vt -0.14799 -0.16662
vt -0.15431 -0.16617
vt -0.15611 -0.16940
vt -0.16489 -0.16793
vt -0.16452 -0.16451
vt -0.07392 -0.47735
vt -0.08540 -0.47752
vt -0.11402 -0.47779
vt -1.69791 -0.01759
vt -1.70681 -0.04999
vt -1.70334 -0.05096
vt -1.69013 -0.03130
vt -1.71572 -0.08239
vt -1.70206 -0.07468
vt -1.68328 -0.09149
vt -1.68232 -0.08801
vt -1.65083 -0.10059
vt -1.65861 -0.08687
vt -1.64193 -0.06819
vt -1.64540 -0.06721
vt -1.63302 -0.03579
vt -1.64668 -0.04349
vt -1.66546 -0.02669
vt -1.66642 -0.03017
vt 0.18003 -0.57655
vt 0.17148 -0.57599
vt 0.17137 -0.67053
vt 0.17987 -0.67135
vt 0.16299 -0.57558
vt 0.16292 -0.66995
vt 0.16112 -0.67099
vt 0.17123 -0.67180
vt 0.18134 -0.67261
vt 0.15793 -0.57541
vt 0.15791 -0.66975
vt 0.14955 -0.57577
vt 0.14956 -0.67031
vt 0.15464 -0.67104
vt 0.15788 -0.67101
vt 0.13108 -0.67205
vt 0.13111 -0.67375
vt 0.13106 -0.57692
vt 0.11262 -0.57812
vt 0.11264 -0.67384
vt 0.10758 -0.67645
vt 0.10438 -0.57860
vt 0.10440 -0.67457
vt 0.09954 -0.57883
vt 0.09956 -0.67490
vt 0.10128 -0.67692
vt 0.10443 -0.67669
vt 0.18502 -0.67229
vt 0.18527 -0.57712
vt 0.18469 -0.67395
vt 0.18804 -0.67529
vt 0.18851 -0.67349
vt 0.18898 -0.57786
vt 0.06981 -0.57973
vt 0.05109 -0.57899
vt 0.05135 -0.67512
vt 0.07001 -0.67620
vt 0.02711 -0.57807
vt 0.02753 -0.67366
vt 0.02795 -0.67553
vt 0.05170 -0.67728
vt 0.07546 -0.67903
vt 0.07833 -0.67644
vt 0.07821 -0.57990
vt 0.07848 -0.67876
vt 0.08151 -0.67850
vt 0.08316 -0.67611
vt 0.08312 -0.57969
vt 0.09136 -0.67551
vt 0.09134 -0.57926
vt 0.09139 -0.67771
vt 0.15768 -0.36300
vt 0.16617 -0.36346
vt 0.16589 -0.24853
vt 0.15747 -0.24786
vt 0.17474 -0.36381
vt 0.17441 -0.24901
vt 0.17560 -0.24818
vt 0.16551 -0.24721
vt 0.15542 -0.24624
vt 0.18001 -0.36369
vt 0.17962 -0.24873
vt 0.18377 -0.36319
vt 0.18320 -0.24793
vt 0.18262 -0.24634
vt 0.17911 -0.24726
vt 0.02762 -0.24674
vt 0.02731 -0.24804
vt 0.05001 -0.24682
vt 0.05027 -0.24498
vt 0.02699 -0.36322
vt 0.04981 -0.36244
vt 0.06768 -0.36166
vt 0.06784 -0.24565
vt 0.07292 -0.24322
vt 0.07581 -0.36130
vt 0.07593 -0.24513
vt 0.08072 -0.36103
vt 0.08080 -0.24476
vt 0.07923 -0.24282
vt 0.07608 -0.24302
vt 0.15253 -0.24753
vt 0.15266 -0.36278
vt 0.15235 -0.24609
vt 0.14928 -0.24594
vt 0.14457 -0.24687
vt 0.14462 -0.36233
vt 0.10962 -0.36019
vt 0.12709 -0.36124
vt 0.12710 -0.24518
vt 0.10966 -0.24356
vt 0.12711 -0.24328
vt 0.10493 -0.24061
vt 0.10184 -0.24309
vt 0.10177 -0.35989
vt 0.10194 -0.24075
vt 0.09895 -0.24088
vt 0.09712 -0.24339
vt 0.09704 -0.36009
vt 0.08899 -0.24406
vt 0.08891 -0.36055
vt 0.08909 -0.24185
vt -0.01606 -0.25344
vt -0.00255 -0.26695
vt 0.00005 -0.26435
vt -0.00540 -0.25344
vt 0.01096 -0.28046
vt 0.01096 -0.26980
vt 0.01096 -0.27006
vt 0.00265 -0.26175
vt -0.00566 -0.25344
vt 0.02447 -0.26695
vt 0.02187 -0.26435
vt 0.03798 -0.25344
vt 0.02733 -0.25344
vt 0.02758 -0.25344
vt 0.01927 -0.26175
vt 0.02447 -0.23993
vt 0.02187 -0.24253
vt 0.01096 -0.22642
vt 0.01096 -0.23708
vt 0.01096 -0.23682
vt 0.01927 -0.24513
vt -0.00255 -0.23993
vt 0.00005 -0.24253
vt 0.00265 -0.24513
vt -0.65628 -0.62261
vt -0.63956 -0.62307
vt -0.67326 -0.62251
vt -0.67331 -0.62618
vt -0.65668 -0.62624
vt -0.64004 -0.62630
vt -0.69022 -0.62210
vt -0.70687 -0.62250
vt -0.70634 -0.62552
vt -0.68982 -0.62585
vt -0.72290 -0.62484
vt -0.73861 -0.62815
vt -0.73342 -0.63123
vt -0.71988 -0.62838
vt -0.62336 -0.62456
vt -0.60741 -0.62657
vt -0.62620 -0.62820
vt -0.61236 -0.63010
vt 0.17151 -0.29494
vt 0.16301 -0.29494
vt 0.18009 -0.29494
vt 0.18003 -0.01333
vt 0.17148 -0.01388
vt 0.16299 -0.01429
vt 0.15794 -0.29494
vt 0.14955 -0.29494
vt 0.15793 -0.01446
vt 0.14955 -0.01410
vt 0.13105 -0.29494
vt 0.11261 -0.29494
vt 0.13106 -0.01295
vt 0.11262 -0.01175
vt 0.10437 -0.29494
vt 0.09954 -0.29494
vt 0.10438 -0.01127
vt 0.09954 -0.01104
vt 0.07817 -0.29494
vt 0.06974 -0.29494
vt 0.08310 -0.29494
vt 0.08312 -0.01018
vt 0.07821 -0.00997
vt 0.06981 -0.01015
vt 0.09134 -0.29494
vt 0.09134 -0.01061
vt 0.18536 -0.29494
vt 0.18898 -0.29494
vt 0.18898 -0.01205
vt 0.18527 -0.01276
vt 0.05101 -0.29493
vt 0.02711 -0.29493
vt 0.05109 -0.01088
vt 0.02711 -0.01184
vt 0.16626 -0.70560
vt 0.17485 -0.70560
vt 0.15775 -0.70560
vt 0.15768 -1.04820
vt 0.16617 -1.04774
vt 0.17474 -1.04740
vt 0.18014 -0.70560
vt 0.18377 -0.70560
vt 0.18001 -1.04752
vt 0.18377 -1.04798
vt 0.04975 -0.70560
vt 0.06763 -0.70560
vt 0.02699 -0.70560
vt 0.02699 -1.04796
vt 0.04981 -1.04877
vt 0.06768 -1.04954
vt 0.07578 -0.70560
vt 0.08069 -0.70560
vt 0.07581 -1.04991
vt 0.08072 -1.05017
vt 0.10175 -0.70560
vt 0.10960 -0.70560
vt 0.09701 -0.70560
vt 0.09704 -1.05112
vt 0.10177 -1.05132
vt 0.10962 -1.05101
vt 0.08888 -0.70560
vt 0.08891 -1.05066
vt 0.15270 -0.70560
vt 0.14464 -0.70560
vt 0.14462 -1.04887
vt 0.15266 -1.04843
vt 0.12709 -0.70560
vt 0.12709 -1.04996
vt -1.52528 -0.04066
vt -1.54188 -0.04027
vt -1.53644 -0.06023
vt -1.51644 -0.05467
vt -1.55594 -0.04919
vt -1.55644 -0.06579
vt -1.54760 -0.07980
vt -1.53100 -0.08019
vt -1.51694 -0.07127
vt -1.53046 -0.43830
vt -1.53274 -0.29183
vt -1.55898 -0.29142
vt -1.55132 -0.43762
vt -1.53501 -0.14584
vt -1.56670 -0.14570
vt -1.59843 -0.14522
vt -1.58527 -0.29048
vt -1.57220 -0.43621
vt -1.61162 -0.29038
vt -1.59312 -0.43549
vt -1.63023 -0.14574
vt -1.66972 -0.09993
vt -1.63800 -0.29070
vt -1.60627 -0.48147
vt -1.45320 -0.47905
vt -1.42757 -0.28740
vt -1.45396 -0.28763
vt -1.46788 -0.43335
vt -1.40195 -0.09574
vt -1.43992 -0.14238
vt -1.47170 -0.14266
vt -1.48030 -0.28842
vt -1.48879 -0.43466
vt -1.50654 -0.29032
vt -1.50963 -0.43681
vt -1.50337 -0.14432
vt -1.53585 -0.09486
vt -1.56964 -0.09481
vt -1.53599 -0.09217
vt -1.57019 -0.09135
vt -1.60439 -0.09052
vt -1.60340 -0.09450
vt -1.56751 -0.48836
vt -1.54853 -0.48994
vt -1.56695 -0.49339
vt -1.54818 -0.49531
vt -1.52940 -0.49723
vt -1.52960 -0.49071
vt -1.63712 -0.09524
vt -1.63815 -0.09180
vt -1.67191 -0.09308
vt -1.67082 -0.09651
vt -1.60564 -0.48680
vt -1.58656 -0.48742
vt -1.60502 -0.49213
vt -1.58599 -0.49276
vt -1.40090 -0.09230
vt -1.43459 -0.09165
vt -1.39984 -0.08887
vt -1.43360 -0.08819
vt -1.46737 -0.08751
vt -1.46830 -0.09175
vt -1.49183 -0.48699
vt -1.47285 -0.48548
vt -1.49223 -0.49201
vt -1.47334 -0.49083
vt -1.45444 -0.48964
vt -1.45382 -0.48435
vt -1.50206 -0.09333
vt -1.50168 -0.08984
vt -1.51073 -0.48923
vt -1.51082 -0.49462
vt -0.66670 -0.05698
vt -0.68101 -0.05310
vt -0.68100 -0.07128
vt -0.66281 -0.07127
vt -0.69531 -0.05699
vt -0.69919 -0.07129
vt -0.69529 -0.08559
vt -0.68099 -0.08946
vt -0.66668 -0.08557
vt -0.72761 -0.51858
vt -0.73502 -0.24050
vt -0.76054 -0.24131
vt -0.74793 -0.51921
vt -0.74218 0.03836
vt -0.77292 0.03720
vt -0.80871 0.12572
vt -0.78585 -0.24237
vt -0.76300 -0.61047
vt -0.61452 -0.61275
vt -0.58040 -0.24553
vt -0.60652 -0.24309
vt -0.62688 -0.51993
vt -0.54628 0.12169
vt -0.58636 0.03439
vt -0.61773 0.03650
vt -0.63240 -0.24119
vt -0.64718 -0.51812
vt -0.65778 -0.24037
vt -0.66723 -0.51784
vt -0.64843 0.03788
vt -0.67918 0.03861
vt -0.68316 -0.24018
vt -0.68722 -0.51820
vt -0.70907 -0.24017
vt -0.70737 -0.51834
vt -0.71068 0.03880
vt -0.74451 0.13669
vt -0.77730 0.13540
vt -0.74436 0.14518
vt -0.77767 0.14343
vt -0.81098 0.14169
vt -0.80984 0.13370
vt -0.76127 -0.61683
vt -0.74283 -0.61554
vt -0.75954 -0.62320
vt -0.74111 -0.62061
vt -0.72355 -0.61922
vt -0.72453 -0.61458
vt -0.54565 0.12975
vt -0.57915 0.13226
vt -0.54502 0.13782
vt -0.57843 0.14033
vt -0.61183 0.14283
vt -0.61241 0.13444
vt -0.65280 -0.61380
vt -0.63463 -0.61591
vt -0.65391 -0.61853
vt -0.63648 -0.62095
vt -0.61820 -0.62521
vt -0.61636 -0.61898
vt -0.64520 0.13599
vt -0.64502 0.14403
vt -0.67820 0.14523
vt -0.67798 0.13690
vt -0.68866 -0.61415
vt -0.67078 -0.61360
vt -0.68874 -0.61874
vt -0.67133 -0.61821
vt -0.71124 0.13716
vt -0.71128 0.14520
vt -0.70652 -0.61430
vt -0.70612 -0.61883
vt 0.27745 -0.69607
vt 0.26894 -0.69450
vt 0.26935 -0.77142
vt 0.27803 -0.77294
vt 0.26033 -0.69301
vt 0.26078 -0.77024
vt 0.25965 -0.77392
vt 0.26936 -0.77554
vt 0.27908 -0.77715
vt 0.25503 -0.69244
vt 0.25511 -0.77032
vt 0.25190 -0.76496
vt 0.25090 -0.77104
vt 0.24990 -0.77712
vt 0.25477 -0.77552
vt 0.45687 -0.77099
vt 0.46160 -0.76733
vt 0.42762 -0.77222
vt 0.42680 -0.77589
vt 0.46633 -0.76367
vt 0.42788 -0.69451
vt 0.39946 -0.69742
vt 0.40115 -0.77597
vt 0.39674 -0.78079
vt 0.38790 -0.69842
vt 0.38971 -0.77748
vt 0.38305 -0.69894
vt 0.38421 -0.77823
vt 0.38678 -0.78253
vt 0.39176 -0.78166
vt 0.27617 -0.47355
vt 0.26772 -0.47200
vt 0.27532 -0.25081
vt 0.26687 -0.24929
vt 0.25845 -0.24742
vt 0.25916 -0.47028
vt 0.25409 -0.46917
vt 0.25357 -0.24589
vt 0.24964 -0.17178
vt 0.25077 -0.46837
vt 0.28399 -0.77390
vt 0.28249 -0.69685
vt 0.28547 -0.77813
vt 0.29186 -0.77911
vt 0.29605 -0.77540
vt 0.29410 -0.69795
vt 0.46465 -0.46793
vt 0.42703 -0.46874
vt 0.46298 -0.17219
vt 0.42584 -0.24298
vt 0.39767 -0.24134
vt 0.39810 -0.46936
vt 0.35051 -0.70277
vt 0.32235 -0.70050
vt 0.32299 -0.77857
vt 0.34978 -0.78144
vt 0.32330 -0.78272
vt 0.35474 -0.78633
vt 0.38655 -0.46963
vt 0.38608 -0.24100
vt 0.38110 -0.24170
vt 0.38191 -0.47017
vt 0.36135 -0.78207
vt 0.36187 -0.70302
vt 0.36013 -0.78627
vt 0.36553 -0.78621
vt 0.36688 -0.78124
vt 0.36657 -0.70198
vt 0.37555 -0.77972
vt 0.37479 -0.70037
vt 0.37616 -0.78437
vt 0.36556 -0.47324
vt 0.36099 -0.47425
vt 0.36433 -0.24475
vt 0.35929 -0.24563
vt 0.34771 -0.24669
vt 0.34962 -0.47469
vt 0.37373 -0.47163
vt 0.37272 -0.24319
vt 0.25951 -0.16476
vt 0.25942 -0.16978
vt 0.26761 -0.17174
vt 0.26913 -0.16678
vt 0.27604 -0.17330
vt 0.27876 -0.16879
vt 0.25405 -0.16060
vt 0.25184 -0.16619
vt 0.25475 -0.16795
vt 0.25678 -0.16268
vt 0.45414 -0.16529
vt 0.42443 -0.16170
vt 0.42503 -0.16532
vt 0.45856 -0.16874
vt 0.39471 -0.15811
vt 0.39874 -0.16288
vt 0.38200 -0.15969
vt 0.38091 -0.16329
vt 0.38690 -0.16243
vt 0.38836 -0.15890
vt 0.28835 -0.16973
vt 0.28355 -0.16926
vt 0.28144 -0.17393
vt 0.29277 -0.17323
vt 0.28026 -0.25132
vt 0.29170 -0.25068
vt 0.34542 -0.16822
vt 0.31900 -0.17081
vt 0.31969 -0.24875
vt 0.34893 -0.16391
vt 0.31864 -0.16682
vt 0.36157 -0.16301
vt 0.35525 -0.16346
vt 0.35733 -0.16704
vt 0.36337 -0.16623
vt 0.37178 -0.16135
vt 0.37214 -0.16477
vt 0.28092 -0.47414
vt 0.29240 -0.47431
vt 0.32102 -0.47461
vt -1.51281 -0.01878
vt -1.52062 -0.03248
vt -1.50745 -0.05217
vt -1.50397 -0.05120
vt -1.50878 -0.07588
vt -1.49514 -0.08362
vt -1.52855 -0.08917
vt -1.52760 -0.09265
vt -1.55226 -0.08798
vt -1.56006 -0.10168
vt -1.56543 -0.06829
vt -1.56890 -0.06926
vt -1.56410 -0.04458
vt -1.57774 -0.03684
vt -1.54433 -0.03129
vt -1.54528 -0.02781
vt 0.16112 0.08111
vt 0.16292 0.08008
vt 0.17137 0.08066
vt 0.17123 0.08193
vt 0.17987 0.08147
vt 0.18134 0.08274
vt 0.15464 0.08116
vt 0.14956 0.08044
vt 0.15791 0.07987
vt 0.15788 0.08114
vt 0.13111 0.08387
vt 0.13108 0.08218
vt 0.10758 0.08659
vt 0.11264 0.08397
vt 0.10128 0.08705
vt 0.09956 0.08503
vt 0.10440 0.08470
vt 0.10443 0.08682
vt 0.18804 0.08542
vt 0.18469 0.08408
vt 0.18502 0.08241
vt 0.18851 0.08362
vt 0.07001 0.08633
vt 0.05135 0.08525
vt 0.07546 0.08916
vt 0.05170 0.08741
vt 0.02795 0.08566
vt 0.02753 0.08379
vt 0.08151 0.08863
vt 0.07848 0.08889
vt 0.07833 0.08657
vt 0.08316 0.08624
vt 0.09139 0.08784
vt 0.09136 0.08564
vt 0.17560 -1.16302
vt 0.17441 -1.16220
vt 0.16589 -1.16267
vt 0.16551 -1.16399
vt 0.15747 -1.16334
vt 0.15542 -1.16497
vt 0.18262 -1.16486
vt 0.18320 -1.16327
vt 0.17962 -1.16247
vt 0.17911 -1.16394
vt 0.02762 -1.16447
vt 0.05027 -1.16623
vt 0.05001 -1.16439
vt 0.02731 -1.16316
vt 0.07292 -1.16799
vt 0.06784 -1.16555
vt 0.07923 -1.16839
vt 0.08080 -1.16645
vt 0.07593 -1.16608
vt 0.07608 -1.16819
vt 0.14928 -1.16526
vt 0.15235 -1.16512
vt 0.15253 -1.16367
vt 0.14457 -1.16433
vt 0.10967 -1.16765
vt 0.12710 -1.16602
vt 0.10493 -1.17060
vt 0.12711 -1.16793
vt 0.09895 -1.17033
vt 0.10194 -1.17046
vt 0.10185 -1.16812
vt 0.09712 -1.16782
vt 0.08909 -1.16936
vt 0.08899 -1.16715
vt -1.46597 -0.76694
vt -1.47350 -0.77448
vt -1.46964 -0.78605
vt -1.46597 -0.78605
vt -1.47332 -0.77430
vt -1.47332 -0.78605
vt -1.47332 -0.79780
vt -1.47350 -0.79762
vt -1.46597 -0.80516
vt -1.48507 -0.80148
vt -1.48507 -0.80516
vt -1.48507 -0.79780
vt -1.49683 -0.79780
vt -1.49665 -0.79762
vt -1.50418 -0.80516
vt -1.50050 -0.78605
vt -1.50418 -0.78605
vt -1.49683 -0.78605
vt -1.49683 -0.77430
vt -1.49665 -0.77448
vt -1.50418 -0.76694
vt -1.48507 -0.77062
vt -1.48507 -0.76694
vt -1.48507 -0.77430
vt -0.72244 -0.62323
vt -0.70572 -0.62277
vt -0.72196 -0.62645
vt -0.70533 -0.62639
vt -0.68870 -0.62633
vt -0.68875 -0.62267
vt -0.67178 -0.62225
vt -0.67218 -0.62600
vt -0.65567 -0.62568
vt -0.65513 -0.62266
vt -0.63910 -0.62499
vt -0.64212 -0.62853
vt -0.62858 -0.63139
vt -0.62339 -0.62830
vt -0.75459 -0.62673
vt -0.73865 -0.62472
vt -0.74965 -0.63025
vt -0.73580 -0.62835
vt -0.71469 -0.03793
vt -0.71466 -0.07154
vt -0.70904 -0.07153
vt -0.70206 -0.05054
vt -0.71462 -0.10514
vt -0.70202 -0.09251
vt -0.68101 -0.10510
vt -0.68101 -0.09948
vt -0.64739 -0.10507
vt -0.66002 -0.09247
vt -0.64743 -0.07147
vt -0.65304 -0.07147
vt -0.64746 -0.03787
vt -0.66006 -0.05049
vt -0.68107 -0.03790
vt -0.68107 -0.04352
vt -0.64736 -0.10486
vt -0.64738 -0.07126
vt -0.65300 -0.07126
vt -0.65999 -0.09226
vt -0.64740 -0.03766
vt -0.66001 -0.05028
vt -0.68102 -0.03768
vt -0.68102 -0.04330
vt -0.71463 -0.03770
vt -0.70201 -0.05031
vt -0.71461 -0.07130
vt -0.70899 -0.07130
vt -0.71459 -0.10490
vt -0.70198 -0.09228
vt -0.68098 -0.10488
vt -0.68098 -0.09926
f 1/1 2/2 3/3
f 3/3 4/4 1/1
f 2/2 5/5 6/6
f 6/6 3/3 2/2
f 3/3 6/6 7/7
f 7/7 8/8 3/3
f 4/4 3/3 8/8
f 8/8 9/9 4/4
f 10/10 11/11 12/12
f 12/12 13/13 10/10
f 11/11 14/14 15/15
f 15/15 12/12 11/11
f 12/12 15/15 16/16
f 16/16 17/17 12/12
f 13/13 12/12 17/17
f 17/17 18/18 13/13
f 19/19 20/20 21/21
f 21/21 22/22 19/19
f 20/20 10/10 13/13
f 13/13 21/21 20/20
f 21/21 13/13 18/18
f 18/18 23/23 21/21
f 22/22 21/21 23/23
f 23/23 24/24 22/22
f 25/25 26/26 27/27
f 27/27 28/28 25/25
f 26/26 29/29 30/30
f 30/30 27/27 26/26
f 27/27 30/30 31/31
f 31/31 32/32 27/27
f 28/28 27/27 32/32
f 32/32 33/33 28/28
f 14/14 34/34 35/35
f 35/35 15/15 14/14
f 34/34 25/25 28/28
f 28/28 35/35 34/34
f 35/35 28/28 33/33
f 33/33 36/36 35/35
f 15/15 35/35 36/36
f 36/36 16/16 15/15
f 37/37 38/38 39/39
f 39/39 40/40 37/37
f 38/38 41/41 42/42
f 42/42 39/39 38/38
f 39/39 42/42 14/14
f 14/14 11/11 39/39
f 40/40 39/39 11/11
f 11/11 10/10 40/40
f 43/43 44/44 45/45
f 45/45 46/46 43/43
f 44/44 47/47 48/48
f 48/48 45/45 44/44
f 45/45 48/48 18/18
f 18/18 17/17 45/45
f 46/46 45/45 17/17
f 17/17 16/16 46/46
f 49/49 50/50 51/51
f 51/51 52/52 49/49
f 50/50 37/37 40/40
f 40/40 51/51 50/50
f 51/51 40/40 10/10
f 10/10 20/20 51/51
f 52/52 51/51 20/20
f 20/20 19/19 52/52
f 47/47 53/53 54/54
f 54/54 48/48 47/47
f 53/53 55/55 56/56
f 56/56 54/54 53/53
f 54/54 56/56 24/24
f 24/24 23/23 54/54
f 48/48 54/54 23/23
f 23/23 18/18 48/48
f 57/57 58/58 59/59
f 59/59 60/60 57/57
f 58/58 61/61 62/62
f 62/62 59/59 58/58
f 59/59 62/62 29/29
f 29/29 26/26 59/59
f 60/60 59/59 26/26
f 26/26 25/25 60/60
f 63/63 64/64 65/65
f 65/65 66/66 63/63
f 64/64 67/67 68/68
f 68/68 65/65 64/64
f 65/65 68/68 33/33
f 33/33 32/32 65/65
f 66/66 65/65 32/32
f 32/32 31/31 66/66
f 41/41 69/69 70/70
f 70/70 42/42 41/41
f 69/69 57/57 60/60
f 60/60 70/70 69/69
f 70/70 60/60 25/25
f 25/25 34/34 70/70
f 42/42 70/70 34/34
f 34/34 14/14 42/42
f 67/67 71/71 72/72
f 72/72 68/68 67/67
f 71/71 43/43 46/46
f 46/46 72/72 71/71
f 72/72 46/46 16/16
f 16/16 36/36 72/72
f 68/68 72/72 36/36
f 36/36 33/33 68/68
f 73/73 74/74 75/75
f 75/75 76/76 73/73
f 74/74 77/77 78/78
f 78/78 75/75 74/74
f 75/75 78/78 79/79
f 79/79 80/80 75/75
f 76/76 75/75 80/80
f 80/80 81/81 76/76
f 82/82 83/83 84/84
f 84/84 85/85 82/82
f 83/83 86/86 87/87
f 87/87 84/84 83/83
f 84/84 87/87 88/88
f 88/88 89/89 84/84
f 85/85 84/84 89/89
f 89/89 90/90 85/85
f 91/91 92/92 93/93
f 93/93 94/94 91/91
f 92/92 95/95 96/96
f 96/96 93/93 92/92
f 93/93 96/96 97/97
f 97/97 98/98 93/93
f 94/94 93/93 98/98
f 98/98 99/99 94/94
f 100/100 101/101 102/102
f 102/102 103/103 100/100
f 101/101 91/91 94/94
f 94/94 102/102 101/101
f 102/102 94/94 99/99
f 99/99 104/104 102/102
f 103/103 102/102 104/104
f 104/104 105/105 103/103
f 86/86 106/106 107/107
f 107/107 87/87 86/86
f 106/106 100/100 103/103
f 103/103 107/107 106/106
f 107/107 103/103 105/105
f 105/105 108/108 107/107
f 87/87 107/107 108/108
f 108/108 88/88 87/87
f 109/109 110/110 111/111
f 111/111 112/112 109/109
f 110/110 113/113 114/114
f 114/114 111/111 110/110
f 111/111 114/114 86/86
f 86/86 83/83 111/111
f 112/112 111/111 83/83
f 83/83 82/82 112/112
f 115/115 116/116 117/117
f 117/117 118/118 115/115
f 116/116 119/119 120/120
f 120/120 117/117 116/116
f 117/117 120/120 90/90
f 90/90 89/89 117/117
f 118/118 117/117 89/89
f 89/89 88/88 118/118
f 121/121 122/122 123/123
f 123/123 124/124 121/121
f 122/122 125/125 126/126
f 126/126 123/123 122/122
f 123/123 126/126 95/95
f 95/95 92/92 123/123
f 124/124 123/123 92/92
f 92/92 91/91 124/124
f 127/127 128/128 129/129
f 129/129 130/130 127/127
f 128/128 131/131 132/132
f 132/132 129/129 128/128
f 129/129 132/132 99/99
f 99/99 98/98 129/129
f 130/130 129/129 98/98
f 98/98 97/97 130/130
f 133/133 134/134 135/135
f 135/135 136/136 133/133
f 134/134 121/121 124/124
f 124/124 135/135 134/134
f 135/135 124/124 91/91
f 91/91 101/101 135/135
f 136/136 135/135 101/101
f 101/101 100/100 136/136
f 131/131 137/137 138/138
f 138/138 132/132 131/131
f 137/137 139/139 140/140
f 140/140 138/138 137/137
f 138/138 140/140 105/105
f 105/105 104/104 138/138
f 132/132 138/138 104/104
f 104/104 99/99 132/132
f 113/113 141/141 142/142
f 142/142 114/114 113/113
f 141/141 133/133 136/136
f 136/136 142/142 141/141
f 142/142 136/136 100/100
f 100/100 106/106 142/142
f 114/114 142/142 106/106
f 106/106 86/86 114/114
f 139/139 143/143 144/144
f 144/144 140/140 139/139
f 143/143 115/115 118/118
f 118/118 144/144 143/143
f 144/144 118/118 88/88
f 88/88 108/108 144/144
f 140/140 144/144 108/108
f 108/108 105/105 140/140
f 145/145 146/146 147/147
f 147/147 148/148 145/145
f 146/146 149/149 150/150
f 150/150 147/147 146/146
f 147/147 150/150 151/151
f 151/151 152/152 147/147
f 148/148 147/147 152/152
f 152/152 153/153 148/148
f 154/154 155/155 156/156
f 156/156 157/157 154/154
f 155/155 158/158 159/159
f 159/159 156/156 155/155
f 156/156 159/159 149/149
f 149/149 146/146 156/156
f 157/157 156/156 146/146
f 146/146 145/145 157/157
f 160/160 161/161 162/162
f 162/162 163/163 160/160
f 161/161 164/164 165/165
f 165/165 162/162 161/161
f 162/162 165/165 166/166
f 166/166 167/167 162/162
f 163/163 162/162 167/167
f 167/167 168/168 163/163
f 169/169 170/170 171/171
f 171/171 172/172 169/169
f 170/170 173/173 174/174
f 174/174 171/171 170/170
f 171/171 174/174 166/166
f 166/166 165/165 171/171
f 172/172 171/171 165/165
f 165/165 164/164 172/172
f 175/175 176/176 177/177
f 177/177 178/178 175/175
f 176/176 179/179 180/180
f 180/180 177/177 176/176
f 177/177 180/180 151/151
f 151/151 150/150 177/177
f 178/178 177/177 150/150
f 150/150 149/149 178/178
f 181/181 182/182 183/183
f 183/183 184/184 181/181
f 182/182 175/175 178/178
f 178/178 183/183 182/182
f 183/183 178/178 149/149
f 149/149 159/159 183/183
f 184/184 183/183 159/159
f 159/159 158/158 184/184
f 185/185 186/186 187/187
f 187/187 188/188 185/185
f 186/186 153/153 152/152
f 152/152 187/187 186/186
f 187/187 152/152 151/151
f 151/151 189/189 187/187
f 188/188 187/187 189/189
f 189/189 190/190 188/188
f 191/191 192/192 193/193
f 193/193 194/194 191/191
f 192/192 195/195 196/196
f 196/196 193/193 192/192
f 193/193 196/196 168/168
f 168/168 167/167 193/193
f 194/194 193/193 167/167
f 167/167 166/166 194/194
f 197/197 198/198 199/199
f 199/199 200/200 197/197
f 198/198 201/201 202/202
f 202/202 199/199 198/198
f 199/199 202/202 185/185
f 185/185 188/188 199/199
f 200/200 199/199 188/188
f 188/188 190/190 200/200
f 203/203 204/204 205/205
f 205/205 206/206 203/203
f 204/204 191/191 194/194
f 194/194 205/205 204/204
f 205/205 194/194 166/166
f 166/166 174/174 205/205
f 206/206 205/205 174/174
f 174/174 173/173 206/206
f 207/207 208/208 209/209
f 209/209 210/210 207/207
f 208/208 201/201 198/198
f 198/198 209/209 208/208
f 209/209 198/198 197/197
f 197/197 211/211 209/209
f 210/210 209/209 211/211
f 211/211 212/212 210/210
f 169/169 213/213 214/214
f 214/214 170/170 169/169
f 213/213 207/207 210/210
f 210/210 214/214 213/213
f 214/214 210/210 212/212
f 212/212 215/215 214/214
f 170/170 214/214 215/215
f 215/215 173/173 170/170
f 212/212 211/211 216/216
f 216/216 217/217 212/212
f 211/211 197/197 218/218
f 218/218 216/216 211/211
f 216/216 218/218 219/219
f 219/219 220/220 216/216
f 217/217 216/216 220/220
f 220/220 221/221 217/217
f 173/173 215/215 222/222
f 222/222 206/206 173/173
f 215/215 212/212 217/217
f 217/217 222/222 215/215
f 222/222 217/217 221/221
f 221/221 223/223 222/222
f 206/206 222/222 223/223
f 223/223 203/203 206/206
f 179/179 176/176 224/224
f 224/224 225/225 179/179
f 176/176 175/175 226/226
f 226/226 224/224 176/176
f 224/224 226/226 227/227
f 227/227 228/228 224/224
f 225/225 224/224 228/228
f 228/228 229/229 225/225
f 175/175 182/182 230/230
f 230/230 226/226 175/175
f 182/182 181/181 231/231
f 231/231 230/230 182/182
f 230/230 231/231 232/232
f 232/232 233/233 230/230
f 226/226 230/230 233/233
f 233/233 227/227 226/226
f 234/234 235/235 236/236
f 236/236 237/237 234/234
f 235/235 195/195 192/192
f 192/192 236/236 235/235
f 236/236 192/192 191/191
f 191/191 238/238 236/236
f 237/237 236/236 238/238
f 238/238 239/239 237/237
f 191/191 204/204 240/240
f 240/240 238/238 191/191
f 204/204 203/203 241/241
f 241/241 240/240 204/204
f 240/240 241/241 242/242
f 242/242 243/243 240/240
f 238/238 240/240 243/243
f 243/243 239/239 238/238
f 179/179 225/225 244/244
f 244/244 245/245 179/179
f 225/225 229/229 246/246
f 246/246 244/244 225/225
f 244/244 246/246 247/247
f 247/247 248/248 244/244
f 245/245 244/244 248/248
f 248/248 249/249 245/245
f 219/219 250/250 251/251
f 251/251 252/252 219/219
f 250/250 249/249 248/248
f 248/248 251/251 250/250
f 251/251 248/248 247/247
f 247/247 253/253 251/251
f 252/252 251/251 253/253
f 253/253 254/254 252/252
f 219/219 252/252 255/255
f 255/255 220/220 219/219
f 252/252 254/254 256/256
f 256/256 255/255 252/252
f 255/255 256/256 257/257
f 257/257 258/258 255/255
f 220/220 255/255 258/258
f 258/258 221/221 220/220
f 221/221 258/258 259/259
f 259/259 223/223 221/221
f 258/258 257/257 260/260
f 260/260 259/259 258/258
f 259/259 260/260 242/242
f 242/242 241/241 259/259
f 223/223 259/259 241/241
f 241/241 203/203 223/223
f 151/151 180/180 261/261
f 261/261 189/189 151/151
f 180/180 179/179 245/245
f 245/245 261/261 180/180
f 261/261 245/245 249/249
f 249/249 262/262 261/261
f 189/189 261/261 262/262
f 262/262 190/190 189/189
f 190/190 262/262 263/263
f 263/263 200/200 190/190
f 262/262 249/249 250/250
f 250/250 263/263 262/262
f 263/263 250/250 219/219
f 219/219 218/218 263/263
f 200/200 263/263 218/218
f 218/218 197/197 200/200
f 264/264 265/265 266/266
f 266/266 267/267 264/264
f 265/265 268/268 269/269
f 269/269 266/266 265/265
f 266/266 269/269 5/5
f 5/5 2/2 266/266
f 267/267 266/266 2/2
f 2/2 1/1 267/267
f 268/268 270/270 271/271
f 271/271 269/269 268/268
f 270/270 272/272 273/273
f 273/273 271/271 270/270
f 271/271 273/273 7/7
f 7/7 6/6 271/271
f 269/269 271/271 6/6
f 6/6 5/5 269/269
f 272/272 274/274 275/275
f 275/275 273/273 272/272
f 274/274 276/276 277/277
f 277/277 275/275 274/274
f 275/275 277/277 9/9
f 9/9 8/8 275/275
f 273/273 275/275 8/8
f 8/8 7/7 273/273
f 276/276 278/278 279/279
f 279/279 277/277 276/276
f 278/278 264/264 267/267
f 267/267 279/279 278/278
f 279/279 267/267 1/1
f 1/1 4/4 279/279
f 277/277 279/279 4/4
f 4/4 9/9 277/277
f 280/280 281/281 282/282
f 282/282 283/283 280/280
f 281/281 284/284 285/285
f 285/285 282/282 281/281
f 282/282 285/285 286/286
f 286/286 287/287 282/282
f 283/283 282/282 287/287
f 287/287 288/288 283/283
f 284/284 289/289 290/290
f 290/290 285/285 284/284
f 289/289 291/291 292/292
f 292/292 290/290 289/289
f 290/290 292/292 293/293
f 293/293 294/294 290/290
f 285/285 290/290 294/294
f 294/294 286/286 285/285
f 293/293 292/292 295/295
f 295/295 296/296 293/293
f 292/292 291/291 297/297
f 297/297 295/295 292/292
f 295/295 297/297 298/298
f 298/298 299/299 295/295
f 296/296 295/295 299/299
f 299/299 300/300 296/296
f 298/298 301/301 302/302
f 302/302 299/299 298/298
f 301/301 303/303 304/304
f 304/304 302/302 301/301
f 302/302 304/304 305/305
f 305/305 306/306 302/302
f 299/299 302/302 306/306
f 306/306 300/300 299/299
f 280/280 283/283 307/307
f 307/307 308/308 280/280
f 283/283 288/288 309/309
f 309/309 307/307 283/283
f 307/307 309/309 310/310
f 310/310 311/311 307/307
f 308/308 307/307 311/311
f 311/311 312/312 308/308
f 313/313 314/314 315/315
f 315/315 316/316 313/313
f 314/314 317/317 318/318
f 318/318 315/315 314/314
f 315/315 318/318 319/319
f 319/319 320/320 315/315
f 316/316 315/315 320/320
f 320/320 321/321 316/316
f 313/313 316/316 322/322
f 322/322 323/323 313/313
f 316/316 321/321 324/324
f 324/324 322/322 316/316
f 322/322 324/324 325/325
f 325/325 326/326 322/322
f 323/323 322/322 326/326
f 326/326 327/327 323/323
f 327/327 326/326 328/328
f 328/328 329/329 327/327
f 326/326 325/325 330/330
f 330/330 328/328 326/326
f 328/328 330/330 305/305
f 305/305 304/304 328/328
f 329/329 328/328 304/304
f 304/304 303/303 329/329
f 331/331 332/332 333/333
f 333/333 334/334 331/331
f 332/332 335/335 336/336
f 336/336 333/333 332/332
f 333/333 336/336 337/337
f 337/337 338/338 333/333
f 334/334 333/333 338/338
f 338/338 339/339 334/334
f 335/335 340/340 341/341
f 341/341 336/336 335/335
f 340/340 342/342 343/343
f 343/343 341/341 340/340
f 341/341 343/343 344/344
f 344/344 345/345 341/341
f 336/336 341/341 345/345
f 345/345 337/337 336/336
f 346/346 347/347 348/348
f 348/348 349/349 346/346
f 347/347 350/350 351/351
f 351/351 348/348 347/347
f 348/348 351/351 352/352
f 352/352 353/353 348/348
f 349/349 348/348 353/353
f 353/353 354/354 349/349
f 352/352 355/355 356/356
f 356/356 353/353 352/352
f 355/355 357/357 358/358
f 358/358 356/356 355/355
f 356/356 358/358 359/359
f 359/359 360/360 356/356
f 353/353 356/356 360/360
f 360/360 354/354 353/353
f 331/331 334/334 361/361
f 361/361 362/362 331/331
f 334/334 339/339 363/363
f 363/363 361/361 334/334
f 361/361 363/363 364/364
f 364/364 365/365 361/361
f 362/362 361/361 365/365
f 365/365 366/366 362/362
f 367/367 368/368 369/369
f 369/369 370/370 367/367
f 368/368 366/366 365/365
f 365/365 369/369 368/368
f 369/369 365/365 364/364
f 364/364 371/371 369/369
f 370/370 369/369 371/371
f 371/371 372/372 370/370
f 367/367 370/370 373/373
f 373/373 374/374 367/367
f 370/370 372/372 375/375
f 375/375 373/373 370/370
f 373/373 375/375 376/376
f 376/376 377/377 373/373
f 374/374 373/373 377/377
f 377/377 378/378 374/374
f 378/378 377/377 379/379
f 379/379 380/380 378/378
f 377/377 376/376 381/381
f 381/381 379/379 377/377
f 379/379 381/381 359/359
f 359/359 358/358 379/379
f 380/380 379/379 358/358
f 358/358 357/357 380/380
f 382/382 383/383 384/384
f 384/384 385/385 382/382
f 383/383 386/386 387/387
f 387/387 384/384 383/383
f 384/384 387/387 388/388
f 388/388 389/389 384/384
f 385/385 384/384 389/389
f 389/389 390/390 385/385
f 386/386 391/391 392/392
f 392/392 387/387 386/386
f 391/391 393/393 394/394
f 394/394 392/392 391/391
f 392/392 394/394 395/395
f 395/395 396/396 392/392
f 387/387 392/392 396/396
f 396/396 388/388 387/387
f 393/393 397/397 398/398
f 398/398 394/394 393/393
f 397/397 399/399 400/400
f 400/400 398/398 397/397
f 398/398 400/400 401/401
f 401/401 402/402 398/398
f 394/394 398/398 402/402
f 402/402 395/395 394/394
f 399/399 403/403 404/404
f 404/404 400/400 399/399
f 403/403 382/382 385/385
f 385/385 404/404 403/403
f 404/404 385/385 390/390
f 390/390 405/405 404/404
f 400/400 404/404 405/405
f 405/405 401/401 400/400
f 115/115 143/143 406/406
f 406/406 407/407 115/115
f 143/143 139/139 408/408
f 408/408 406/406 143/143
f 406/406 408/408 409/409
f 409/409 410/410 406/406
f 407/407 406/406 410/410
f 410/410 411/411 407/407
f 139/139 137/137 412/412
f 412/412 408/408 139/139
f 137/137 131/131 413/413
f 413/413 412/412 137/137
f 412/412 413/413 414/414
f 414/414 415/415 412/412
f 408/408 412/412 415/415
f 415/415 409/409 408/408
f 131/131 128/128 416/416
f 416/416 413/413 131/131
f 128/128 127/127 417/417
f 417/417 416/416 128/128
f 416/416 417/417 418/418
f 418/418 419/419 416/416
f 413/413 416/416 419/419
f 419/419 414/414 413/413
f 119/119 116/116 420/420
f 420/420 421/421 119/119
f 116/116 115/115 407/407
f 407/407 420/420 116/116
f 420/420 407/407 411/411
f 411/411 422/422 420/420
f 421/421 420/420 422/422
f 422/422 423/423 421/421
f 284/284 281/281 424/424
f 424/424 425/425 284/284
f 281/281 280/280 426/426
f 426/426 424/424 281/281
f 424/424 426/426 427/427
f 427/427 428/428 424/424
f 425/425 424/424 428/428
f 428/428 429/429 425/425
f 291/291 289/289 430/430
f 430/430 431/431 291/291
f 289/289 284/284 425/425
f 425/425 430/430 289/289
f 430/430 425/425 429/429
f 429/429 432/432 430/430
f 431/431 430/430 432/432
f 432/432 433/433 431/431
f 298/298 297/297 434/434
f 434/434 435/435 298/298
f 297/297 291/291 431/431
f 431/431 434/434 297/297
f 434/434 431/431 433/433
f 433/433 436/436 434/434
f 435/435 434/434 436/436
f 436/436 437/437 435/435
f 303/303 301/301 438/438
f 438/438 439/439 303/303
f 301/301 298/298 435/435
f 435/435 438/438 301/301
f 438/438 435/435 437/437
f 437/437 440/440 438/438
f 439/439 438/438 440/440
f 440/440 441/441 439/439
f 313/313 323/323 442/442
f 442/442 443/443 313/313
f 323/323 327/327 444/444
f 444/444 442/442 323/323
f 442/442 444/444 445/445
f 445/445 446/446 442/442
f 443/443 442/442 446/446
f 446/446 447/447 443/443
f 327/327 329/329 448/448
f 448/448 444/444 327/327
f 329/329 303/303 439/439
f 439/439 448/448 329/329
f 448/448 439/439 441/441
f 441/441 449/449 448/448
f 444/444 448/448 449/449
f 449/449 445/445 444/444
f 280/280 308/308 450/450
f 450/450 426/426 280/280
f 308/308 312/312 451/451
f 451/451 450/450 308/308
f 450/450 451/451 452/452
f 452/452 453/453 450/450
f 426/426 450/450 453/453
f 453/453 427/427 426/426
f 317/317 314/314 454/454
f 454/454 455/455 317/317
f 314/314 313/313 443/443
f 443/443 454/454 314/314
f 454/454 443/443 447/447
f 447/447 456/456 454/454
f 455/455 454/454 456/456
f 456/456 457/457 455/455
f 335/335 332/332 458/458
f 458/458 459/459 335/335
f 332/332 331/331 460/460
f 460/460 458/458 332/332
f 458/458 460/460 461/461
f 461/461 462/462 458/458
f 459/459 458/458 462/462
f 462/462 463/463 459/459
f 342/342 340/340 464/464
f 464/464 465/465 342/342
f 340/340 335/335 459/459
f 459/459 464/464 340/340
f 464/464 459/459 463/463
f 463/463 466/466 464/464
f 465/465 464/464 466/466
f 466/466 467/467 465/465
f 352/352 351/351 468/468
f 468/468 469/469 352/352
f 351/351 350/350 470/470
f 470/470 468/468 351/351
f 468/468 470/470 471/471
f 471/471 472/472 468/468
f 469/469 468/468 472/472
f 472/472 473/473 469/469
f 357/357 355/355 474/474
f 474/474 475/475 357/357
f 355/355 352/352 469/469
f 469/469 474/474 355/355
f 474/474 469/469 473/473
f 473/473 476/476 474/474
f 475/475 474/474 476/476
f 476/476 477/477 475/475
f 367/367 374/374 478/478
f 478/478 479/479 367/367
f 374/374 378/378 480/480
f 480/480 478/478 374/374
f 478/478 480/480 481/481
f 481/481 482/482 478/478
f 479/479 478/478 482/482
f 482/482 483/483 479/479
f 378/378 380/380 484/484
f 484/484 480/480 378/378
f 380/380 357/357 475/475
f 475/475 484/484 380/380
f 484/484 475/475 477/477
f 477/477 485/485 484/484
f 480/480 484/484 485/485
f 485/485 481/481 480/480
f 331/331 362/362 486/486
f 486/486 460/460 331/331
f 362/362 366/366 487/487
f 487/487 486/486 362/362
f 486/486 487/487 488/488
f 488/488 489/489 486/486
f 460/460 486/486 489/489
f 489/489 461/461 460/460
f 366/366 368/368 490/490
f 490/490 487/487 366/366
f 368/368 367/367 479/479
f 479/479 490/490 368/368
f 490/490 479/479 483/483
f 483/483 491/491 490/490
f 487/487 490/490 491/491
f 491/491 488/488 487/487
f 492/492 493/493 494/494
f 494/494 495/495 492/492
f 493/493 496/496 497/497
f 497/497 494/494 493/493
f 494/494 497/497 498/498
f 498/498 499/499 494/494
f 495/495 494/494 499/499
f 499/499 500/500 495/495
f 501/501 502/502 503/503
f 503/503 504/504 501/501
f 502/502 505/505 506/506
f 506/506 503/503 502/502
f 503/503 506/506 507/507
f 507/507 508/508 503/503
f 504/504 503/503 508/508
f 508/508 509/509 504/504
f 509/509 508/508 510/510
f 510/510 511/511 509/509
f 508/508 507/507 512/512
f 512/512 510/510 508/508
f 510/510 512/512 513/513
f 513/513 514/514 510/510
f 511/511 510/510 514/514
f 514/514 515/515 511/511
f 516/516 517/517 518/518
f 518/518 519/519 516/516
f 517/517 520/520 521/521
f 521/521 518/518 517/517
f 518/518 521/521 522/522
f 522/522 523/523 518/518
f 519/519 518/518 523/523
f 523/523 524/524 519/519
f 524/524 523/523 525/525
f 525/525 526/526 524/524
f 523/523 522/522 527/527
f 527/527 525/525 523/523
f 525/525 527/527 505/505
f 505/505 502/502 525/525
f 526/526 525/525 502/502
f 502/502 501/501 526/526
f 505/505 528/528 529/529
f 529/529 506/506 505/505
f 528/528 530/530 531/531
f 531/531 529/529 528/528
f 529/529 531/531 532/532
f 532/532 533/533 529/529
f 506/506 529/529 533/533
f 533/533 507/507 506/506
f 509/509 534/534 535/535
f 535/535 504/504 509/509
f 534/534 536/536 537/537
f 537/537 535/535 534/534
f 535/535 537/537 538/538
f 538/538 539/539 535/535
f 504/504 535/535 539/539
f 539/539 501/501 504/504
f 507/507 533/533 540/540
f 540/540 512/512 507/507
f 533/533 532/532 541/541
f 541/541 540/540 533/533
f 540/540 541/541 542/542
f 542/542 543/543 540/540
f 512/512 540/540 543/543
f 543/543 513/513 512/512
f 515/515 544/544 545/545
f 545/545 511/511 515/515
f 544/544 546/546 547/547
f 547/547 545/545 544/544
f 545/545 547/547 536/536
f 536/536 534/534 545/545
f 511/511 545/545 534/534
f 534/534 509/509 511/511
f 520/520 548/548 549/549
f 549/549 521/521 520/520
f 548/548 550/550 551/551
f 551/551 549/549 548/548
f 549/549 551/551 552/552
f 552/552 553/553 549/549
f 521/521 549/549 553/553
f 553/553 522/522 521/521
f 524/524 554/554 555/555
f 555/555 519/519 524/524
f 554/554 556/556 557/557
f 557/557 555/555 554/554
f 555/555 557/557 558/558
f 558/558 559/559 555/555
f 519/519 555/555 559/559
f 559/559 516/516 519/519
f 522/522 553/553 560/560
f 560/560 527/527 522/522
f 553/553 552/552 561/561
f 561/561 560/560 553/553
f 560/560 561/561 530/530
f 530/530 528/528 560/560
f 527/527 560/560 528/528
f 528/528 505/505 527/527
f 501/501 539/539 562/562
f 562/562 526/526 501/501
f 539/539 538/538 563/563
f 563/563 562/562 539/539
f 562/562 563/563 556/556
f 556/556 554/554 562/562
f 526/526 562/562 554/554
f 554/554 524/524 526/526
f 564/564 565/565 566/566
f 566/566 567/567 564/564
f 565/565 568/568 569/569
f 569/569 566/566 565/565
f 566/566 569/569 570/570
f 570/570 571/571 566/566
f 567/567 566/566 571/571
f 571/571 572/572 567/567
f 573/573 574/574 575/575
f 575/575 576/576 573/573
f 574/574 577/577 578/578
f 578/578 575/575 574/574
f 575/575 578/578 579/579
f 579/579 580/580 575/575
f 576/576 575/575 580/580
f 580/580 581/581 576/576
f 582/582 583/583 584/584
f 584/584 585/585 582/582
f 583/583 586/586 587/587
f 587/587 584/584 583/583
f 584/584 587/587 588/588
f 588/588 589/589 584/584
f 585/585 584/584 589/589
f 589/589 590/590 585/585
f 590/590 589/589 591/591
f 591/591 592/592 590/590
f 589/589 588/588 593/593
f 593/593 591/591 589/589
f 591/591 593/593 594/594
f 594/594 595/595 591/591
f 592/592 591/591 595/595
f 595/595 596/596 592/592
f 596/596 595/595 597/597
f 597/597 598/598 596/596
f 595/595 594/594 599/599
f 599/599 597/597 595/595
f 597/597 599/599 577/577
f 577/577 574/574 597/597
f 598/598 597/597 574/574
f 574/574 573/573 598/598
f 577/577 600/600 601/601
f 601/601 578/578 577/577
f 600/600 602/602 603/603
f 603/603 601/601 600/600
f 601/601 603/603 604/604
f 604/604 605/605 601/601
f 578/578 601/601 605/605
f 605/605 579/579 578/578
f 581/581 606/606 607/607
f 607/607 576/576 581/581
f 606/606 608/608 609/609
f 609/609 607/607 606/606
f 607/607 609/609 610/610
f 610/610 611/611 607/607
f 576/576 607/607 611/611
f 611/611 573/573 576/576
f 586/586 612/612 613/613
f 613/613 587/587 586/586
f 612/612 614/614 615/615
f 615/615 613/613 612/612
f 613/613 615/615 616/616
f 616/616 617/617 613/613
f 587/587 613/613 617/617
f 617/617 588/588 587/587
f 590/590 618/618 619/619
f 619/619 585/585 590/590
f 618/618 620/620 621/621
f 621/621 619/619 618/618
f 619/619 621/621 622/622
f 622/622 623/623 619/619
f 585/585 619/619 623/623
f 623/623 582/582 585/585
f 588/588 617/617 624/624
f 624/624 593/593 588/588
f 617/617 616/616 625/625
f 625/625 624/624 617/617
f 624/624 625/625 626/626
f 626/626 627/627 624/624
f 593/593 624/624 627/627
f 627/627 594/594 593/593
f 596/596 628/628 629/629
f 629/629 592/592 596/596
f 628/628 630/630 631/631
f 631/631 629/629 628/628
f 629/629 631/631 620/620
f 620/620 618/618 629/629
f 592/592 629/629 618/618
f 618/618 590/590 592/592
f 594/594 627/627 632/632
f 632/632 599/599 594/594
f 627/627 626/626 633/633
f 633/633 632/632 627/627
f 632/632 633/633 602/602
f 602/602 600/600 632/632
f 599/599 632/632 600/600
f 600/600 577/577 599/599
f 573/573 611/611 634/634
f 634/634 598/598 573/573
f 611/611 610/610 635/635
f 635/635 634/634 611/611
f 634/634 635/635 630/630
f 630/630 628/628 634/634
f 598/598 634/634 628/628
f 628/628 596/596 598/598
f 636/636 637/637 638/638
f 638/638 639/639 636/636
f 637/637 640/640 641/641
f 641/641 638/638 637/637
f 638/638 641/641 642/642
f 642/642 643/643 638/638
f 639/639 638/638 643/643
f 643/643 644/644 639/639
f 640/640 645/645 646/646
f 646/646 641/641 640/640
f 645/645 647/647 648/648
f 648/648 646/646 645/645
f 646/646 648/648 649/649
f 649/649 650/650 646/646
f 641/641 646/646 650/650
f 650/650 642/642 641/641
f 651/651 652/652 653/653
f 653/653 654/654 651/651
f 652/652 655/655 656/656
f 656/656 653/653 652/652
f 653/653 656/656 657/657
f 657/657 658/658 653/653
f 654/654 653/653 658/658
f 658/658 659/659 654/654
f 657/657 660/660 661/661
f 661/661 658/658 657/657
f 660/660 662/662 663/663
f 663/663 661/661 660/660
f 661/661 663/663 664/664
f 664/664 665/665 661/661
f 658/658 661/661 665/665
f 665/665 659/659 658/658
f 636/636 666/666 667/667
f 667/667 637/637 636/636
f 666/666 668/668 669/669
f 669/669 667/667 666/666
f 667/667 669/669 670/670
f 670/670 671/671 667/667
f 637/637 667/667 671/671
f 671/671 640/640 637/637
f 640/640 671/671 672/672
f 672/672 645/645 640/640
f 671/671 670/670 673/673
f 673/673 672/672 671/671
f 672/672 673/673 674/674
f 674/674 675/675 672/672
f 645/645 672/672 675/675
f 675/675 647/647 645/645
f 636/636 639/639 676/676
f 676/676 677/677 636/636
f 639/639 644/644 678/678
f 678/678 676/676 639/639
f 676/676 678/678 679/679
f 679/679 680/680 676/676
f 677/677 676/676 680/680
f 680/680 681/681 677/677
f 655/655 682/682 683/683
f 683/683 656/656 655/655
f 682/682 684/684 685/685
f 685/685 683/683 682/682
f 683/683 685/685 686/686
f 686/686 687/687 683/683
f 656/656 683/683 687/687
f 687/687 657/657 656/656
f 688/688 689/689 690/690
f 690/690 691/691 688/688
f 689/689 681/681 680/680
f 680/680 690/690 689/689
f 690/690 680/680 679/679
f 679/679 692/692 690/690
f 691/691 690/690 692/692
f 692/692 693/693 691/691
f 657/657 687/687 694/694
f 694/694 660/660 657/657
f 687/687 686/686 695/695
f 695/695 694/694 687/687
f 694/694 695/695 696/696
f 696/696 697/697 694/694
f 660/660 694/694 697/697
f 697/697 662/662 660/660
f 688/688 691/691 698/698
f 698/698 699/699 688/688
f 691/691 693/693 700/700
f 700/700 698/698 691/691
f 698/698 700/700 701/701
f 701/701 702/702 698/698
f 699/699 698/698 702/702
f 702/702 703/703 699/699
f 703/703 702/702 704/704
f 704/704 705/705 703/703
f 702/702 701/701 706/706
f 706/706 704/704 702/702
f 704/704 706/706 664/664
f 664/664 663/663 704/704
f 705/705 704/704 663/663
f 663/663 662/662 705/705
f 703/703 707/707 708/708
f 708/708 699/699 703/703
f 707/707 709/709 710/710
f 710/710 708/708 707/707
f 708/708 710/710 711/711
f 711/711 712/712 708/708
f 699/699 708/708 712/712
f 712/712 688/688 699/699
f 662/662 697/697 713/713
f 713/713 705/705 662/662
f 697/697 696/696 714/714
f 714/714 713/713 697/697
f 713/713 714/714 709/709
f 709/709 707/707 713/713
f 705/705 713/713 707/707
f 707/707 703/703 705/705
f 715/715 716/716 717/717
f 717/717 718/718 715/715
f 716/716 670/670 669/669
f 669/669 717/717 716/716
f 717/717 669/669 668/668
f 668/668 719/719 717/717
f 718/718 717/717 719/719
f 719/719 720/720 718/718
f 721/721 722/722 723/723
f 723/723 724/724 721/721
f 722/722 674/674 673/673
f 673/673 723/723 722/722
f 723/723 673/673 670/670
f 670/670 716/716 723/723
f 724/724 723/723 716/716
f 716/716 715/715 724/724
f 725/725 726/726 727/727
f 727/727 728/728 725/725
f 726/726 729/729 730/730
f 730/730 727/727 726/726
f 727/727 730/730 686/686
f 686/686 685/685 727/727
f 728/728 727/727 685/685
f 685/685 684/684 728/728
f 731/731 732/732 733/733
f 733/733 734/734 731/731
f 732/732 696/696 695/695
f 695/695 733/733 732/732
f 733/733 695/695 686/686
f 686/686 730/730 733/733
f 734/734 733/733 730/730
f 730/730 729/729 734/734
f 735/735 736/736 737/737
f 737/737 738/738 735/735
f 736/736 720/720 719/719
f 719/719 737/737 736/736
f 737/737 719/719 668/668
f 668/668 739/739 737/737
f 738/738 737/737 739/739
f 739/739 740/740 738/738
f 711/711 741/741 742/742
f 742/742 743/743 711/711
f 741/741 744/744 745/745
f 745/745 742/742 741/741
f 742/742 745/745 735/735
f 735/735 738/738 742/742
f 743/743 742/742 738/738
f 738/738 740/740 743/743
f 746/746 747/747 748/748
f 748/748 749/749 746/746
f 747/747 744/744 741/741
f 741/741 748/748 747/747
f 748/748 741/741 711/711
f 711/711 710/710 748/748
f 749/749 748/748 710/710
f 710/710 709/709 749/749
f 731/731 750/750 751/751
f 751/751 732/732 731/731
f 750/750 746/746 749/749
f 749/749 751/751 750/750
f 751/751 749/749 709/709
f 709/709 714/714 751/751
f 732/732 751/751 714/714
f 714/714 696/696 732/732
f 740/740 739/739 752/752
f 752/752 753/753 740/740
f 739/739 668/668 666/666
f 666/666 752/752 739/739
f 752/752 666/666 636/636
f 636/636 677/677 752/752
f 753/753 752/752 677/677
f 677/677 681/681 753/753
f 711/711 743/743 754/754
f 754/754 712/712 711/711
f 743/743 740/740 753/753
f 753/753 754/754 743/743
f 754/754 753/753 681/681
f 681/681 689/689 754/754
f 712/712 754/754 689/689
f 689/689 688/688 712/712
f 755/755 756/756 757/757
f 757/757 758/758 755/755
f 756/756 492/492 495/495
f 495/495 757/757 756/756
f 757/757 495/495 500/500
f 500/500 759/759 757/757
f 758/758 757/757 759/759
f 759/759 760/760 758/758
f 760/760 759/759 761/761
f 761/761 762/762 760/760
f 759/759 500/500 499/499
f 499/499 761/761 759/759
f 761/761 499/499 498/498
f 498/498 763/763 761/761
f 762/762 761/761 763/763
f 763/763 764/764 762/762
f 764/764 763/763 765/765
f 765/765 766/766 764/764
f 763/763 498/498 497/497
f 497/497 765/765 763/763
f 765/765 497/497 496/496
f 496/496 767/767 765/765
f 766/766 765/765 767/767
f 767/767 768/768 766/766
f 768/768 767/767 769/769
f 769/769 770/770 768/768
f 767/767 496/496 493/493
f 493/493 769/769 767/767
f 769/769 493/493 492/492
f 492/492 756/756 769/769
f 770/770 769/769 756/756
f 756/756 755/755 770/770
f 771/771 772/772 773/773
f 773/773 774/774 771/771
f 772/772 429/429 428/428
f 428/428 773/773 772/772
f 773/773 428/428 427/427
f 427/427 775/775 773/773
f 774/774 773/773 775/775
f 775/775 776/776 774/774
f 777/777 778/778 779/779
f 779/779 780/780 777/777
f 778/778 433/433 432/432
f 432/432 779/779 778/778
f 779/779 432/432 429/429
f 429/429 772/772 779/779
f 780/780 779/779 772/772
f 772/772 771/771 780/780
f 777/777 781/781 782/782
f 782/782 778/778 777/777
f 781/781 783/783 784/784
f 784/784 782/782 781/781
f 782/782 784/784 437/437
f 437/437 436/436 782/782
f 778/778 782/782 436/436
f 436/436 433/433 778/778
f 785/785 786/786 787/787
f 787/787 788/788 785/785
f 786/786 441/441 440/440
f 440/440 787/787 786/786
f 787/787 440/440 437/437
f 437/437 784/784 787/787
f 788/788 787/787 784/784
f 784/784 783/783 788/788
f 789/789 790/790 791/791
f 791/791 792/792 789/789
f 790/790 776/776 775/775
f 775/775 791/791 790/790
f 791/791 775/775 427/427
f 427/427 453/453 791/791
f 792/792 791/791 453/453
f 453/453 452/452 792/792
f 447/447 793/793 794/794
f 794/794 456/456 447/447
f 793/793 795/795 796/796
f 796/796 794/794 793/793
f 794/794 796/796 797/797
f 797/797 798/798 794/794
f 456/456 794/794 798/798
f 798/798 457/457 456/456
f 799/799 800/800 801/801
f 801/801 802/802 799/799
f 800/800 795/795 793/793
f 793/793 801/801 800/800
f 801/801 793/793 447/447
f 447/447 446/446 801/801
f 802/802 801/801 446/446
f 446/446 445/445 802/802
f 785/785 803/803 804/804
f 804/804 786/786 785/785
f 803/803 799/799 802/802
f 802/802 804/804 803/803
f 804/804 802/802 445/445
f 445/445 449/449 804/804
f 786/786 804/804 449/449
f 449/449 441/441 786/786
f 805/805 806/806 807/807
f 807/807 808/808 805/805
f 806/806 463/463 462/462
f 462/462 807/807 806/806
f 807/807 462/462 461/461
f 461/461 809/809 807/807
f 808/808 807/807 809/809
f 809/809 810/810 808/808
f 811/811 812/812 813/813
f 813/813 814/814 811/811
f 812/812 467/467 466/466
f 466/466 813/813 812/812
f 813/813 466/466 463/463
f 463/463 806/806 813/813
f 814/814 813/813 806/806
f 806/806 805/805 814/814
f 815/815 816/816 817/817
f 817/817 818/818 815/815
f 816/816 819/819 820/820
f 820/820 817/817 816/816
f 817/817 820/820 473/473
f 473/473 472/472 817/817
f 818/818 817/817 472/472
f 472/472 471/471 818/818
f 821/821 822/822 823/823
f 823/823 824/824 821/821
f 822/822 477/477 476/476
f 476/476 823/823 822/822
f 823/823 476/476 473/473
f 473/473 820/820 823/823
f 824/824 823/823 820/820
f 820/820 819/819 824/824
f 825/825 826/826 827/827
f 827/827 828/828 825/825
f 826/826 810/810 809/809
f 809/809 827/827 826/826
f 827/827 809/809 461/461
f 461/461 489/489 827/827
f 828/828 827/827 489/489
f 489/489 488/488 828/828
f 483/483 829/829 830/830
f 830/830 491/491 483/483
f 829/829 831/831 832/832
f 832/832 830/830 829/829
f 830/830 832/832 825/825
f 825/825 828/828 830/830
f 491/491 830/830 828/828
f 828/828 488/488 491/491
f 833/833 834/834 835/835
f 835/835 836/836 833/833
f 834/834 831/831 829/829
f 829/829 835/835 834/834
f 835/835 829/829 483/483
f 483/483 482/482 835/835
f 836/836 835/835 482/482
f 482/482 481/481 836/836
f 821/821 837/837 838/838
f 838/838 822/822 821/821
f 837/837 833/833 836/836
f 836/836 838/838 837/837
f 838/838 836/836 481/481
f 481/481 485/485 838/838
f 822/822 838/838 485/485
f 485/485 477/477 822/822
f 839/839 840/840 841/841
f 841/841 842/842 839/839
f 840/840 843/843 844/844
f 844/844 841/841 840/840
f 841/841 844/844 845/845
f 845/845 846/846 841/841
f 842/842 841/841 846/846
f 846/846 847/847 842/842
f 847/847 846/846 848/848
f 848/848 849/849 847/847
f 846/846 845/845 850/850
f 850/850 848/848 846/846
f 848/848 850/850 851/851
f 851/851 852/852 848/848
f 849/849 848/848 852/852
f 852/852 853/853 849/849
f 853/853 852/852 854/854
f 854/854 855/855 853/853
f 852/852 851/851 856/856
f 856/856 854/854 852/852
f 854/854 856/856 857/857
f 857/857 858/858 854/854
f 855/855 854/854 858/858
f 858/858 859/859 855/855
f 859/859 858/858 860/860
f 860/860 861/861 859/859
f 858/858 857/857 862/862
f 862/862 860/860 858/858
f 860/860 862/862 843/843
f 843/843 840/840 860/860
f 861/861 860/860 840/840
f 840/840 839/839 861/861
f 610/610 863/863 864/864
f 864/864 635/635 610/610
f 863/863 865/865 866/866
f 866/866 864/864 863/863
f 864/864 866/866 867/867
f 867/867 868/868 864/864
f 635/635 864/864 868/868
f 868/868 630/630 635/635
f 630/630 868/868 869/869
f 869/869 631/631 630/630
f 868/868 867/867 870/870
f 870/870 869/869 868/868
f 869/869 870/870 871/871
f 871/871 872/872 869/869
f 631/631 869/869 872/872
f 872/872 620/620 631/631
f 620/620 872/872 873/873
f 873/873 621/621 620/620
f 872/872 871/871 874/874
f 874/874 873/873 872/872
f 873/873 874/874 875/875
f 875/875 876/876 873/873
f 621/621 873/873 876/876
f 876/876 622/622 621/621
f 608/608 877/877 878/878
f 878/878 609/609 608/608
f 877/877 879/879 880/880
f 880/880 878/878 877/877
f 878/878 880/880 865/865
f 865/865 863/863 878/878
f 609/609 878/878 863/863
f 863/863 610/610 609/609
f 881/881 882/882 883/883
f 883/883 884/884 881/881
f 882/882 885/885 886/886
f 886/886 883/883 882/882
f 883/883 886/886 77/77
f 77/77 74/74 883/883
f 884/884 883/883 74/74
f 74/74 73/73 884/884
f 885/885 887/887 888/888
f 888/888 886/886 885/885
f 887/887 889/889 890/890
f 890/890 888/888 887/887
f 888/888 890/890 79/79
f 79/79 78/78 888/888
f 886/886 888/888 78/78
f 78/78 77/77 886/886
f 889/889 891/891 892/892
f 892/892 890/890 889/889
f 891/891 893/893 894/894
f 894/894 892/892 891/891
f 892/892 894/894 81/81
f 81/81 80/80 892/892
f 890/890 892/892 80/80
f 80/80 79/79 890/890
f 893/893 895/895 896/896
f 896/896 894/894 893/893
f 895/895 881/881 884/884
f 884/884 896/896 895/895
f 896/896 884/884 73/73
f 73/73 76/76 896/896
f 894/894 896/896 76/76
f 76/76 81/81 894/894
f 897/897 898/898 899/899
f 899/899 900/900 897/897
f 898/898 901/901 902/902
f 902/902 899/899 898/898
f 899/899 902/902 564/564
f 564/564 567/567 899/899
f 900/900 899/899 567/567
f 567/567 572/572 900/900
f 901/901 903/903 904/904
f 904/904 902/902 901/901
f 903/903 905/905 906/906
f 906/906 904/904 903/903
f 904/904 906/906 568/568
f 568/568 565/565 904/904
f 902/902 904/904 565/565
f 565/565 564/564 902/902
f 905/905 907/907 908/908
f 908/908 906/906 905/905
f 907/907 909/909 910/910
f 910/910 908/908 907/907
f 908/908 910/910 570/570
f 570/570 569/569 908/908
f 906/906 908/908 569/569
f 569/569 568/568 906/906
f 909/909 911/911 912/912
f 912/912 910/910 909/909
f 911/911 897/897 900/900
f 900/900 912/912 911/911
f 912/912 900/900 572/572
f 572/572 571/571 912/912
f 910/910 912/912 571/571
f 571/571 570/570 910/910
g oval_tufted_chair_seat_panel
usemtl wood
v -0.37852 0.28495 0.17784
v -0.38261 0.28267 0.15416
v -0.35747 0.27807 0.16672
v -0.36055 0.28205 0.19490
v -0.37800 0.27938 0.11582
v -0.35295 0.27468 0.12626
v -0.31488 0.26977 0.13870
v -0.31915 0.27358 0.18188
v -0.32193 0.27778 0.21163
v -0.27077 0.26826 0.19411
v -0.27317 0.27303 0.22490
v -0.26699 0.26369 0.14878
v -0.21403 0.25861 0.15618
v -0.21716 0.26347 0.20296
v -0.21913 0.26840 0.23438
v -0.10723 0.25649 0.16292
v -0.10883 0.25906 0.21049
v -0.16313 0.26058 0.20797
v -0.16074 0.25672 0.16055
v -0.10983 0.26166 0.24240
v -0.16463 0.26447 0.23974
v -0.05359 0.25641 0.16428
v -0.05440 0.25837 0.21187
v 0.00010 0.25640 0.16472
v 0.00010 0.25823 0.21228
v 0.00010 0.26011 0.24416
v -0.05490 0.26037 0.24378
v 0.10743 0.25649 0.16292
v 0.10903 0.25906 0.21049
v 0.05460 0.25837 0.21187
v 0.05380 0.25641 0.16428
v 0.11003 0.26166 0.24240
v 0.05510 0.26037 0.24378
v 0.16094 0.25672 0.16055
v 0.16333 0.26058 0.20797
v 0.21423 0.25861 0.15618
v 0.21736 0.26347 0.20296
v 0.21933 0.26840 0.23438
v 0.16483 0.26447 0.23974
v 0.26719 0.26369 0.14878
v 0.27097 0.26826 0.19411
v 0.31508 0.26977 0.13870
v 0.31935 0.27358 0.18188
v 0.32213 0.27778 0.21163
v 0.27338 0.27303 0.22490
v 0.35316 0.27468 0.12626
v 0.35767 0.27807 0.16672
v 0.37820 0.27938 0.11582
v 0.38282 0.28267 0.15416
v 0.37872 0.28495 0.17784
v 0.36075 0.28205 0.19490
v -0.37254 0.27596 0.07227
v -0.34759 0.27102 0.07940
v -0.36705 0.27234 0.02774
v -0.34208 0.26703 0.03059
v -0.30443 0.26120 0.03369
v -0.30978 0.26565 0.08765
v -0.26242 0.25890 0.09398
v -0.25759 0.25397 0.03581
v -0.20614 0.24808 0.03761
v -0.21020 0.25338 0.09870
v -0.10314 0.24641 0.04168
v -0.10525 0.25190 0.10438
v -0.15780 0.25170 0.10210
v -0.15466 0.24625 0.03976
v -0.05260 0.25202 0.10573
v -0.05154 0.24651 0.04277
v 0.00010 0.24654 0.04310
v 0.00010 0.25206 0.10617
v 0.10334 0.24641 0.04168
v 0.10545 0.25190 0.10438
v 0.05280 0.25202 0.10573
v 0.05174 0.24651 0.04277
v 0.15800 0.25170 0.10210
v 0.15487 0.24625 0.03976
v 0.20634 0.24808 0.03761
v 0.21040 0.25338 0.09870
v 0.30464 0.26120 0.03369
v 0.30998 0.26565 0.08765
v 0.26263 0.25890 0.09398
v 0.25779 0.25397 0.03581
v 0.34228 0.26703 0.03059
v 0.34779 0.27102 0.07940
v 0.36725 0.27234 0.02774
v 0.37274 0.27596 0.07227
v -0.35817 0.26478 -0.05121
v -0.33270 0.25858 -0.05790
v -0.33714 0.26270 -0.01575
v -0.36237 0.26847 -0.01353
v -0.29488 0.25193 -0.06523
v -0.29941 0.25639 -0.01823
v -0.24889 0.24461 -0.06929
v -0.25300 0.24896 -0.01964
v -0.19889 0.23872 -0.07117
v -0.20230 0.24300 -0.02000
v -0.15171 0.24108 -0.01934
v -0.14909 0.23638 -0.07195
v -0.09937 0.23592 -0.07218
v -0.10115 0.24116 -0.01843
v -0.04964 0.23570 -0.07242
v -0.05054 0.24119 -0.01806
v 0.00010 0.23564 -0.07254
v 0.00010 0.24119 -0.01801
v 0.05074 0.24119 -0.01806
v 0.04984 0.23570 -0.07242
v 0.09958 0.23592 -0.07218
v 0.10135 0.24116 -0.01843
v 0.14929 0.23638 -0.07195
v 0.15191 0.24108 -0.01934
v 0.19910 0.23872 -0.07117
v 0.20250 0.24300 -0.02000
v 0.25320 0.24896 -0.01964
v 0.24909 0.24461 -0.06929
v 0.29508 0.25193 -0.06523
v 0.29961 0.25639 -0.01823
v 0.33734 0.26270 -0.01575
v 0.33290 0.25858 -0.05790
v 0.35838 0.26478 -0.05121
v 0.36257 0.26847 -0.01353
v -0.34543 0.26009 -0.10586
v -0.32580 0.25452 -0.11965
v -0.32870 0.25525 -0.09418
v -0.35414 0.26174 -0.08498
v -0.28823 0.24777 -0.13136
v -0.29104 0.24854 -0.10439
v -0.24303 0.24129 -0.13787
v -0.24550 0.24165 -0.11006
v -0.19411 0.23552 -0.14133
v -0.19612 0.23583 -0.11295
v -0.14542 0.23090 -0.14392
v -0.14696 0.23234 -0.11483
v -0.09687 0.22774 -0.14531
v -0.09792 0.23051 -0.11581
v -0.04837 0.22634 -0.14518
v -0.04890 0.22969 -0.11598
v 0.00010 0.22609 -0.14473
v 0.00010 0.22952 -0.11587
v 0.09707 0.22774 -0.14531
v 0.09812 0.23051 -0.11581
v 0.04911 0.22969 -0.11598
v 0.04857 0.22634 -0.14518
v 0.14716 0.23234 -0.11483
v 0.14563 0.23090 -0.14392
v 0.19432 0.23552 -0.14133
v 0.19632 0.23583 -0.11295
v 0.28844 0.24777 -0.13136
v 0.29124 0.24854 -0.10439
v 0.24570 0.24165 -0.11006
v 0.24323 0.24129 -0.13787
v 0.32890 0.25525 -0.09418
v 0.32601 0.25452 -0.11965
v 0.34563 0.26009 -0.10586
v 0.35434 0.26174 -0.08498
v -0.39148 0.28833 0.14972
v -0.38681 0.28485 0.11171
v -0.38615 0.28988 0.18142
v -0.38674 0.29631 0.18180
v -0.39221 0.29452 0.14934
v -0.38749 0.29070 0.11076
v -0.36161 0.28751 0.20492
v -0.38615 0.28988 0.18142
v -0.32254 0.28307 0.22241
v -0.32206 0.28890 0.22370
v -0.36167 0.29369 0.20586
v -0.38674 0.29631 0.18180
v -0.27359 0.27844 0.23609
v -0.21948 0.27386 0.24577
v -0.21902 0.27960 0.24714
v -0.27302 0.28416 0.23748
v -0.16489 0.26960 0.25123
v -0.11001 0.26636 0.25392
v -0.10978 0.27212 0.25526
v -0.16455 0.27534 0.25258
v -0.05499 0.26489 0.25530
v 0.00010 0.26459 0.25565
v 0.00010 0.27037 0.25695
v -0.05487 0.27066 0.25661
v 0.05519 0.26489 0.25530
v 0.11021 0.26636 0.25392
v 0.10998 0.27212 0.25526
v 0.05507 0.27066 0.25661
v 0.16510 0.26960 0.25123
v 0.21968 0.27386 0.24577
v 0.21922 0.27960 0.24714
v 0.16475 0.27534 0.25258
v 0.27380 0.27844 0.23609
v 0.32274 0.28307 0.22241
v 0.32227 0.28890 0.22370
v 0.27322 0.28416 0.23748
v 0.39168 0.28833 0.14972
v 0.38635 0.28988 0.18142
v 0.38701 0.28485 0.11171
v 0.38769 0.29070 0.11076
v 0.39241 0.29452 0.14934
v 0.38695 0.29631 0.18180
v 0.36181 0.28751 0.20492
v 0.38635 0.28988 0.18142
v 0.38695 0.29631 0.18180
v 0.36187 0.29369 0.20586
v -0.38131 0.28147 0.06927
v -0.37585 0.27800 0.02641
v -0.38201 0.28725 0.06836
v -0.37658 0.28383 0.02583
v 0.38152 0.28147 0.06927
v 0.37606 0.27800 0.02641
v 0.37678 0.28383 0.02583
v 0.38221 0.28725 0.06836
v -0.37127 0.27428 -0.01291
v -0.36713 0.27077 -0.04903
v -0.37201 0.28011 -0.01309
v -0.36783 0.27666 -0.04911
v 0.37147 0.27428 -0.01291
v 0.36733 0.27077 -0.04903
v 0.36803 0.27666 -0.04911
v 0.37221 0.28011 -0.01309
v -0.36301 0.26796 -0.08232
v -0.35136 0.26429 -0.11002
v -0.36360 0.27406 -0.08293
v -0.35167 0.27047 -0.11137
v -0.32467 0.25820 -0.12937
v -0.28681 0.25119 -0.14178
v -0.35136 0.26429 -0.11002
v -0.35167 0.27047 -0.11137
v -0.32441 0.26408 -0.13122
v -0.28607 0.25670 -0.14391
v -0.24168 0.24477 -0.14864
v -0.19303 0.23902 -0.15231
v -0.24090 0.25015 -0.15090
v -0.19242 0.24442 -0.15459
v -0.14460 0.23403 -0.15514
v -0.09631 0.23044 -0.15667
v -0.14414 0.23945 -0.15744
v -0.09600 0.23587 -0.15897
v -0.04809 0.22887 -0.15644
v 0.00010 0.22858 -0.15588
v -0.04793 0.23432 -0.15873
v 0.00010 0.23405 -0.15816
v 0.04829 0.22887 -0.15644
v 0.09651 0.23044 -0.15667
v 0.04813 0.23432 -0.15873
v 0.09620 0.23587 -0.15897
v 0.14480 0.23403 -0.15514
v 0.19324 0.23902 -0.15231
v 0.14434 0.23945 -0.15744
v 0.19262 0.24442 -0.15459
v 0.24188 0.24477 -0.14864
v 0.28701 0.25119 -0.14178
v 0.24110 0.25015 -0.15090
v 0.28627 0.25670 -0.14391
v 0.32487 0.25820 -0.12937
v 0.35157 0.26429 -0.11002
v 0.32461 0.26408 -0.13122
v 0.35187 0.27047 -0.11137
v 0.36321 0.26796 -0.08232
v 0.35157 0.26429 -0.11002
v 0.35187 0.27047 -0.11137
v 0.36380 0.27406 -0.08293
vt 1.51456 0.83760
vt 1.56688 0.85581
vt 1.54644 0.90067
vt 1.49715 0.89460
vt 1.63137 0.86338
vt 1.61442 0.90797
vt 1.59445 0.97228
vt 1.52193 0.96533
vt 1.47013 0.95996
vt 1.50235 1.04662
vt 1.44874 1.04202
vt 1.57856 1.05285
vt 1.56698 1.14175
vt 1.48829 1.13653
vt 1.43355 1.13277
vt 1.55605 1.32057
vt 1.47634 1.31791
vt 1.48034 1.22703
vt 1.55997 1.23103
vt 1.42104 1.31606
vt 1.42513 1.22421
vt 1.55378 1.41027
vt 1.47410 1.40894
vt 1.55305 1.50004
vt 1.47342 1.50004
vt 1.41822 1.50004
vt 1.41884 1.40802
vt 1.55604 1.67950
vt 1.47632 1.68217
vt 1.47409 1.59114
vt 1.55377 1.58981
vt 1.42102 1.68402
vt 1.41883 1.59206
vt 1.55995 1.76905
vt 1.48032 1.77305
vt 1.56696 1.85833
vt 1.48826 1.86355
vt 1.43352 1.86731
vt 1.42510 1.77587
vt 1.57853 1.94723
vt 1.50232 1.95346
vt 1.59442 2.02781
vt 1.52190 2.03475
vt 1.47009 2.04012
vt 1.44871 1.95806
vt 1.61438 2.09212
vt 1.54640 2.09941
vt 1.63133 2.13671
vt 1.56684 2.14427
vt 1.51452 2.16248
vt 1.49712 2.10548
vt 1.70457 0.87225
vt 1.69314 0.91666
vt 1.77940 0.88123
vt 1.77517 0.92570
vt 1.77083 0.98938
vt 1.68018 0.98058
vt 1.67063 1.06037
vt 1.76835 1.06836
vt 1.76621 1.15489
vt 1.66358 1.14813
vt 1.75967 1.32740
vt 1.65431 1.32388
vt 1.65815 1.23595
vt 1.76289 1.24118
vt 1.65205 1.41193
vt 1.75783 1.41370
vt 1.75726 1.50004
vt 1.65131 1.50004
vt 1.75965 1.67267
vt 1.65430 1.67620
vt 1.65205 1.58815
vt 1.75783 1.58637
vt 1.65813 1.76412
vt 1.76287 1.75890
vt 1.76619 1.84519
vt 1.66356 1.85196
vt 1.77080 2.01070
vt 1.68015 2.01950
vt 1.67060 1.93971
vt 1.76833 1.93172
vt 1.77514 2.07438
vt 1.69311 2.08342
vt 1.77937 2.11886
vt 1.70453 2.12784
vt 1.91222 0.89627
vt 1.92398 0.94158
vt 1.85308 0.93402
vt 1.84881 0.88912
vt 1.93711 1.00547
vt 1.85812 0.99781
vt 1.94495 1.08293
vt 1.86154 1.07603
vt 1.94895 1.16692
vt 1.86301 1.16126
vt 1.86218 1.24609
vt 1.95059 1.25043
vt 1.95103 1.33367
vt 1.86065 1.33072
vt 1.95147 1.41686
vt 1.86002 1.41537
vt 1.95168 1.50004
vt 1.85993 1.50004
vt 1.86001 1.58471
vt 1.95146 1.58321
vt 1.95102 1.66641
vt 1.86064 1.66936
vt 1.95057 1.74965
vt 1.86216 1.75399
vt 1.94893 1.83316
vt 1.86299 1.83882
vt 1.86152 1.92405
vt 1.94492 1.91715
vt 1.93708 1.99461
vt 1.85809 2.00227
vt 1.85305 2.06607
vt 1.92395 2.05850
vt 1.91218 2.10381
vt 1.84878 2.11096
vt 2.01555 0.89811
vt 2.02934 0.95234
vt 1.98495 0.94839
vt 1.96904 0.90305
vt 2.04959 1.01596
vt 2.00285 1.01198
vt 2.06138 1.09217
vt 2.01331 1.08861
vt 2.06809 1.17443
vt 2.01902 1.17152
vt 2.07309 1.25624
vt 2.02268 1.25397
vt 2.07589 1.33770
vt 2.02458 1.33610
vt 2.07596 1.41893
vt 2.02502 1.41810
vt 2.07532 1.50004
vt 2.02488 1.50004
vt 2.07587 1.66238
vt 2.02457 1.66397
vt 2.02502 1.58197
vt 2.07596 1.58115
vt 2.02266 1.74611
vt 2.07307 1.74384
vt 2.06806 1.82565
vt 2.01900 1.82856
vt 2.04956 1.98412
vt 2.00282 1.98811
vt 2.01329 1.91148
vt 2.06135 1.90792
vt 1.98492 2.05169
vt 2.02931 2.04775
vt 2.01552 2.10198
vt 1.96901 2.09704
vt 1.57427 0.83392
vt 1.63821 0.84197
vt 1.51402 0.82634
vt 1.51349 0.81508
vt 1.57514 0.82351
vt 1.63679 0.83194
vt 1.47454 0.88956
vt 1.50546 0.83084
vt 1.44656 0.95638
vt 1.43418 0.94600
vt 1.46527 0.88504
vt 1.49636 0.82408
vt 1.42445 1.03937
vt 1.40879 1.13077
vt 1.39548 1.12939
vt 1.41483 1.03769
vt 1.40017 1.22281
vt 1.39603 1.31519
vt 1.38519 1.31484
vt 1.39033 1.22212
vt 1.39382 1.40760
vt 1.39320 1.50004
vt 1.38265 1.50004
vt 1.38392 1.40744
vt 1.39381 1.59247
vt 1.39601 1.68489
vt 1.38517 1.68523
vt 1.38391 1.59263
vt 1.40014 1.77727
vt 1.40876 1.86931
vt 1.39545 1.87069
vt 1.39031 1.77796
vt 1.42442 1.96071
vt 1.44653 2.04371
vt 1.43414 2.05408
vt 1.41479 1.96239
vt 1.57423 2.16617
vt 1.51398 2.17375
vt 1.63817 2.15812
vt 1.63675 2.16815
vt 1.57510 2.17658
vt 1.51345 2.18501
vt 1.47450 2.11052
vt 1.50542 2.16924
vt 1.49632 2.17600
vt 1.46523 2.11504
vt 1.70952 0.85096
vt 1.78157 0.85986
vt 1.71125 0.84125
vt 1.78571 0.85055
vt 1.70949 2.14912
vt 1.78154 2.14023
vt 1.78567 2.14954
vt 1.71121 2.15884
vt 1.84770 0.86760
vt 1.90849 0.87457
vt 1.84816 0.85777
vt 1.91062 0.86499
vt 1.84766 2.13248
vt 1.90846 2.12552
vt 1.91058 2.13509
vt 1.84813 2.14232
vt 1.96455 0.88112
vt 2.01823 0.88746
vt 1.96576 0.87091
vt 2.02091 0.87682
vt 2.05049 0.95130
vt 2.07156 1.01608
vt 2.02503 0.89245
vt 2.03452 0.88678
vt 2.06001 0.94778
vt 2.08550 1.00877
vt 2.08388 1.09271
vt 2.09099 1.17501
vt 2.09359 1.09175
vt 2.10168 1.17474
vt 2.09646 1.25677
vt 2.09956 1.33812
vt 2.10631 1.25644
vt 2.11094 1.33815
vt 2.09954 1.41916
vt 2.09876 1.50004
vt 2.10944 1.41910
vt 2.10794 1.50004
vt 2.09954 1.58092
vt 2.09955 1.66196
vt 2.10944 1.58098
vt 2.11093 1.66193
vt 2.09644 1.74331
vt 2.09097 1.82507
vt 2.10630 1.74364
vt 2.10166 1.82535
vt 2.08385 1.90737
vt 2.07153 1.98400
vt 2.09356 1.90833
vt 2.08547 1.99131
vt 2.05046 2.04878
vt 2.02500 2.10764
vt 2.05998 2.05231
vt 2.03448 2.11330
vt 1.96451 2.11897
vt 2.01820 2.11262
vt 2.02088 2.12327
vt 1.96573 2.12918
f 913/913 914/914 915/915
f 915/915 916/916 913/913
f 914/914 917/917 918/918
f 918/918 915/915 914/914
f 915/915 918/918 919/919
f 919/919 920/920 915/915
f 916/916 915/915 920/920
f 920/920 921/921 916/916
f 921/921 920/920 922/922
f 922/922 923/923 921/921
f 920/920 919/919 924/924
f 924/924 922/922 920/920
f 922/922 924/924 925/925
f 925/925 926/926 922/922
f 923/923 922/922 926/926
f 926/926 927/927 923/923
f 928/928 929/929 930/930
f 930/930 931/931 928/928
f 929/929 932/932 933/933
f 933/933 930/930 929/929
f 930/930 933/933 927/927
f 927/927 926/926 930/930
f 931/931 930/930 926/926
f 926/926 925/925 931/931
f 928/928 934/934 935/935
f 935/935 929/929 928/928
f 934/934 936/936 937/937
f 937/937 935/935 934/934
f 935/935 937/937 938/938
f 938/938 939/939 935/935
f 929/929 935/935 939/939
f 939/939 932/932 929/929
f 940/940 941/941 942/942
f 942/942 943/943 940/940
f 941/941 944/944 945/945
f 945/945 942/942 941/941
f 942/942 945/945 938/938
f 938/938 937/937 942/942
f 943/943 942/942 937/937
f 937/937 936/936 943/943
f 940/940 946/946 947/947
f 947/947 941/941 940/940
f 946/946 948/948 949/949
f 949/949 947/947 946/946
f 947/947 949/949 950/950
f 950/950 951/951 947/947
f 941/941 947/947 951/951
f 951/951 944/944 941/941
f 948/948 952/952 953/953
f 953/953 949/949 948/948
f 952/952 954/954 955/955
f 955/955 953/953 952/952
f 953/953 955/955 956/956
f 956/956 957/957 953/953
f 949/949 953/953 957/957
f 957/957 950/950 949/949
f 954/954 958/958 959/959
f 959/959 955/955 954/954
f 958/958 960/960 961/961
f 961/961 959/959 958/958
f 959/959 961/961 962/962
f 962/962 963/963 959/959
f 955/955 959/959 963/963
f 963/963 956/956 955/955
f 917/917 964/964 965/965
f 965/965 918/918 917/917
f 964/964 966/966 967/967
f 967/967 965/965 964/964
f 965/965 967/967 968/968
f 968/968 969/969 965/965
f 918/918 965/965 969/969
f 969/969 919/919 918/918
f 919/919 969/969 970/970
f 970/970 924/924 919/919
f 969/969 968/968 971/971
f 971/971 970/970 969/969
f 970/970 971/971 972/972
f 972/972 973/973 970/970
f 924/924 970/970 973/973
f 973/973 925/925 924/924
f 974/974 975/975 976/976
f 976/976 977/977 974/974
f 975/975 928/928 931/931
f 931/931 976/976 975/975
f 976/976 931/931 925/925
f 925/925 973/973 976/976
f 977/977 976/976 973/973
f 973/973 972/972 977/977
f 928/928 975/975 978/978
f 978/978 934/934 928/928
f 975/975 974/974 979/979
f 979/979 978/978 975/975
f 978/978 979/979 980/980
f 980/980 981/981 978/978
f 934/934 978/978 981/981
f 981/981 936/936 934/934
f 982/982 983/983 984/984
f 984/984 985/985 982/982
f 983/983 940/940 943/943
f 943/943 984/984 983/983
f 984/984 943/943 936/936
f 936/936 981/981 984/984
f 985/985 984/984 981/981
f 981/981 980/980 985/985
f 940/940 983/983 986/986
f 986/986 946/946 940/940
f 983/983 982/982 987/987
f 987/987 986/986 983/983
f 986/986 987/987 988/988
f 988/988 989/989 986/986
f 946/946 986/986 989/989
f 989/989 948/948 946/946
f 990/990 991/991 992/992
f 992/992 993/993 990/990
f 991/991 954/954 952/952
f 952/952 992/992 991/991
f 992/992 952/952 948/948
f 948/948 989/989 992/992
f 993/993 992/992 989/989
f 989/989 988/988 993/993
f 990/990 994/994 995/995
f 995/995 991/991 990/990
f 994/994 996/996 997/997
f 997/997 995/995 994/994
f 995/995 997/997 960/960
f 960/960 958/958 995/995
f 991/991 995/995 958/958
f 958/958 954/954 991/991
f 998/998 999/999 1000/1000
f 1000/1000 1001/1001 998/998
f 999/999 1002/1002 1003/1003
f 1003/1003 1000/1000 999/999
f 1000/1000 1003/1003 968/968
f 968/968 967/967 1000/1000
f 1001/1001 1000/1000 967/967
f 967/967 966/966 1001/1001
f 1002/1002 1004/1004 1005/1005
f 1005/1005 1003/1003 1002/1002
f 1004/1004 1006/1006 1007/1007
f 1007/1007 1005/1005 1004/1004
f 1005/1005 1007/1007 972/972
f 972/972 971/971 1005/1005
f 1003/1003 1005/1005 971/971
f 971/971 968/968 1003/1003
f 972/972 1007/1007 1008/1008
f 1008/1008 977/977 972/972
f 1007/1007 1006/1006 1009/1009
f 1009/1009 1008/1008 1007/1007
f 1008/1008 1009/1009 1010/1010
f 1010/1010 1011/1011 1008/1008
f 977/977 1008/1008 1011/1011
f 1011/1011 974/974 977/977
f 1010/1010 1012/1012 1013/1013
f 1013/1013 1011/1011 1010/1010
f 1012/1012 1014/1014 1015/1015
f 1015/1015 1013/1013 1012/1012
f 1013/1013 1015/1015 980/980
f 980/980 979/979 1013/1013
f 1011/1011 1013/1013 979/979
f 979/979 974/974 1011/1011
f 980/980 1015/1015 1016/1016
f 1016/1016 985/985 980/980
f 1015/1015 1014/1014 1017/1017
f 1017/1017 1016/1016 1015/1015
f 1016/1016 1017/1017 1018/1018
f 1018/1018 1019/1019 1016/1016
f 985/985 1016/1016 1019/1019
f 1019/1019 982/982 985/985
f 1018/1018 1020/1020 1021/1021
f 1021/1021 1019/1019 1018/1018
f 1020/1020 1022/1022 1023/1023
f 1023/1023 1021/1021 1020/1020
f 1021/1021 1023/1023 988/988
f 988/988 987/987 1021/1021
f 1019/1019 1021/1021 987/987
f 987/987 982/982 1019/1019
f 988/988 1023/1023 1024/1024
f 1024/1024 993/993 988/988
f 1023/1023 1022/1022 1025/1025
f 1025/1025 1024/1024 1023/1023
f 1024/1024 1025/1025 1026/1026
f 1026/1026 1027/1027 1024/1024
f 993/993 1024/1024 1027/1027
f 1027/1027 990/990 993/993
f 990/990 1027/1027 1028/1028
f 1028/1028 994/994 990/990
f 1027/1027 1026/1026 1029/1029
f 1029/1029 1028/1028 1027/1027
f 1028/1028 1029/1029 1030/1030
f 1030/1030 1031/1031 1028/1028
f 994/994 1028/1028 1031/1031
f 1031/1031 996/996 994/994
f 1032/1032 1033/1033 1034/1034
f 1034/1034 1035/1035 1032/1032
f 1033/1033 1036/1036 1037/1037
f 1037/1037 1034/1034 1033/1033
f 1034/1034 1037/1037 1002/1002
f 1002/1002 999/999 1034/1034
f 1035/1035 1034/1034 999/999
f 999/999 998/998 1035/1035
f 1036/1036 1038/1038 1039/1039
f 1039/1039 1037/1037 1036/1036
f 1038/1038 1040/1040 1041/1041
f 1041/1041 1039/1039 1038/1038
f 1039/1039 1041/1041 1006/1006
f 1006/1006 1004/1004 1039/1039
f 1037/1037 1039/1039 1004/1004
f 1004/1004 1002/1002 1037/1037
f 1040/1040 1042/1042 1043/1043
f 1043/1043 1041/1041 1040/1040
f 1042/1042 1044/1044 1045/1045
f 1045/1045 1043/1043 1042/1042
f 1043/1043 1045/1045 1010/1010
f 1010/1010 1009/1009 1043/1043
f 1041/1041 1043/1043 1009/1009
f 1009/1009 1006/1006 1041/1041
f 1044/1044 1046/1046 1047/1047
f 1047/1047 1045/1045 1044/1044
f 1046/1046 1048/1048 1049/1049
f 1049/1049 1047/1047 1046/1046
f 1047/1047 1049/1049 1014/1014
f 1014/1014 1012/1012 1047/1047
f 1045/1045 1047/1047 1012/1012
f 1012/1012 1010/1010 1045/1045
f 1050/1050 1051/1051 1052/1052
f 1052/1052 1053/1053 1050/1050
f 1051/1051 1018/1018 1017/1017
f 1017/1017 1052/1052 1051/1051
f 1052/1052 1017/1017 1014/1014
f 1014/1014 1049/1049 1052/1052
f 1053/1053 1052/1052 1049/1049
f 1049/1049 1048/1048 1053/1053
f 1018/1018 1051/1051 1054/1054
f 1054/1054 1020/1020 1018/1018
f 1051/1051 1050/1050 1055/1055
f 1055/1055 1054/1054 1051/1051
f 1054/1054 1055/1055 1056/1056
f 1056/1056 1057/1057 1054/1054
f 1020/1020 1054/1054 1057/1057
f 1057/1057 1022/1022 1020/1020
f 1058/1058 1059/1059 1060/1060
f 1060/1060 1061/1061 1058/1058
f 1059/1059 1026/1026 1025/1025
f 1025/1025 1060/1060 1059/1059
f 1060/1060 1025/1025 1022/1022
f 1022/1022 1057/1057 1060/1060
f 1061/1061 1060/1060 1057/1057
f 1057/1057 1056/1056 1061/1061
f 1026/1026 1059/1059 1062/1062
f 1062/1062 1029/1029 1026/1026
f 1059/1059 1058/1058 1063/1063
f 1063/1063 1062/1062 1059/1059
f 1062/1062 1063/1063 1064/1064
f 1064/1064 1065/1065 1062/1062
f 1029/1029 1062/1062 1065/1065
f 1065/1065 1030/1030 1029/1029
f 917/917 914/914 1066/1066
f 1066/1066 1067/1067 917/917
f 914/914 913/913 1068/1068
f 1068/1068 1066/1066 914/914
f 1066/1066 1068/1068 1069/1069
f 1069/1069 1070/1070 1066/1066
f 1067/1067 1066/1066 1070/1070
f 1070/1070 1071/1071 1067/1067
f 913/913 916/916 1072/1072
f 1072/1072 1073/1073 913/913
f 916/916 921/921 1074/1074
f 1074/1074 1072/1072 916/916
f 1072/1072 1074/1074 1075/1075
f 1075/1075 1076/1076 1072/1072
f 1073/1073 1072/1072 1076/1076
f 1076/1076 1077/1077 1073/1073
f 921/921 923/923 1078/1078
f 1078/1078 1074/1074 921/921
f 923/923 927/927 1079/1079
f 1079/1079 1078/1078 923/923
f 1078/1078 1079/1079 1080/1080
f 1080/1080 1081/1081 1078/1078
f 1074/1074 1078/1078 1081/1081
f 1081/1081 1075/1075 1074/1074
f 927/927 933/933 1082/1082
f 1082/1082 1079/1079 927/927
f 933/933 932/932 1083/1083
f 1083/1083 1082/1082 933/933
f 1082/1082 1083/1083 1084/1084
f 1084/1084 1085/1085 1082/1082
f 1079/1079 1082/1082 1085/1085
f 1085/1085 1080/1080 1079/1079
f 932/932 939/939 1086/1086
f 1086/1086 1083/1083 932/932
f 939/939 938/938 1087/1087
f 1087/1087 1086/1086 939/939
f 1086/1086 1087/1087 1088/1088
f 1088/1088 1089/1089 1086/1086
f 1083/1083 1086/1086 1089/1089
f 1089/1089 1084/1084 1083/1083
f 938/938 945/945 1090/1090
f 1090/1090 1087/1087 938/938
f 945/945 944/944 1091/1091
f 1091/1091 1090/1090 945/945
f 1090/1090 1091/1091 1092/1092
f 1092/1092 1093/1093 1090/1090
f 1087/1087 1090/1090 1093/1093
f 1093/1093 1088/1088 1087/1087
f 944/944 951/951 1094/1094
f 1094/1094 1091/1091 944/944
f 951/951 950/950 1095/1095
f 1095/1095 1094/1094 951/951
f 1094/1094 1095/1095 1096/1096
f 1096/1096 1097/1097 1094/1094
f 1091/1091 1094/1094 1097/1097
f 1097/1097 1092/1092 1091/1091
f 950/950 957/957 1098/1098
f 1098/1098 1095/1095 950/950
f 957/957 956/956 1099/1099
f 1099/1099 1098/1098 957/957
f 1098/1098 1099/1099 1100/1100
f 1100/1100 1101/1101 1098/1098
f 1095/1095 1098/1098 1101/1101
f 1101/1101 1096/1096 1095/1095
f 962/962 961/961 1102/1102
f 1102/1102 1103/1103 962/962
f 961/961 960/960 1104/1104
f 1104/1104 1102/1102 961/961
f 1102/1102 1104/1104 1105/1105
f 1105/1105 1106/1106 1102/1102
f 1103/1103 1102/1102 1106/1106
f 1106/1106 1107/1107 1103/1103
f 956/956 963/963 1108/1108
f 1108/1108 1099/1099 956/956
f 963/963 962/962 1109/1109
f 1109/1109 1108/1108 963/963
f 1108/1108 1109/1109 1110/1110
f 1110/1110 1111/1111 1108/1108
f 1099/1099 1108/1108 1111/1111
f 1111/1111 1100/1100 1099/1099
f 966/966 964/964 1112/1112
f 1112/1112 1113/1113 966/966
f 964/964 917/917 1067/1067
f 1067/1067 1112/1112 964/964
f 1112/1112 1067/1067 1071/1071
f 1071/1071 1114/1114 1112/1112
f 1113/1113 1112/1112 1114/1114
f 1114/1114 1115/1115 1113/1113
f 960/960 997/997 1116/1116
f 1116/1116 1104/1104 960/960
f 997/997 996/996 1117/1117
f 1117/1117 1116/1116 997/997
f 1116/1116 1117/1117 1118/1118
f 1118/1118 1119/1119 1116/1116
f 1104/1104 1116/1116 1119/1119
f 1119/1119 1105/1105 1104/1104
f 998/998 1001/1001 1120/1120
f 1120/1120 1121/1121 998/998
f 1001/1001 966/966 1113/1113
f 1113/1113 1120/1120 1001/1001
f 1120/1120 1113/1113 1115/1115
f 1115/1115 1122/1122 1120/1120
f 1121/1121 1120/1120 1122/1122
f 1122/1122 1123/1123 1121/1121
f 996/996 1031/1031 1124/1124
f 1124/1124 1117/1117 996/996
f 1031/1031 1030/1030 1125/1125
f 1125/1125 1124/1124 1031/1031
f 1124/1124 1125/1125 1126/1126
f 1126/1126 1127/1127 1124/1124
f 1117/1117 1124/1124 1127/1127
f 1127/1127 1118/1118 1117/1117
f 1032/1032 1035/1035 1128/1128
f 1128/1128 1129/1129 1032/1032
f 1035/1035 998/998 1121/1121
f 1121/1121 1128/1128 1035/1035
f 1128/1128 1121/1121 1123/1123
f 1123/1123 1130/1130 1128/1128
f 1129/1129 1128/1128 1130/1130
f 1130/1130 1131/1131 1129/1129
f 1036/1036 1033/1033 1132/1132
f 1132/1132 1133/1133 1036/1036
f 1033/1033 1032/1032 1134/1134
f 1134/1134 1132/1132 1033/1033
f 1132/1132 1134/1134 1135/1135
f 1135/1135 1136/1136 1132/1132
f 1133/1133 1132/1132 1136/1136
f 1136/1136 1137/1137 1133/1133
f 1040/1040 1038/1038 1138/1138
f 1138/1138 1139/1139 1040/1040
f 1038/1038 1036/1036 1133/1133
f 1133/1133 1138/1138 1038/1038
f 1138/1138 1133/1133 1137/1137
f 1137/1137 1140/1140 1138/1138
f 1139/1139 1138/1138 1140/1140
f 1140/1140 1141/1141 1139/1139
f 1044/1044 1042/1042 1142/1142
f 1142/1142 1143/1143 1044/1044
f 1042/1042 1040/1040 1139/1139
f 1139/1139 1142/1142 1042/1042
f 1142/1142 1139/1139 1141/1141
f 1141/1141 1144/1144 1142/1142
f 1143/1143 1142/1142 1144/1144
f 1144/1144 1145/1145 1143/1143
f 1048/1048 1046/1046 1146/1146
f 1146/1146 1147/1147 1048/1048
f 1046/1046 1044/1044 1143/1143
f 1143/1143 1146/1146 1046/1046
f 1146/1146 1143/1143 1145/1145
f 1145/1145 1148/1148 1146/1146
f 1147/1147 1146/1146 1148/1148
f 1148/1148 1149/1149 1147/1147
f 1050/1050 1053/1053 1150/1150
f 1150/1150 1151/1151 1050/1050
f 1053/1053 1048/1048 1147/1147
f 1147/1147 1150/1150 1053/1053
f 1150/1150 1147/1147 1149/1149
f 1149/1149 1152/1152 1150/1150
f 1151/1151 1150/1150 1152/1152
f 1152/1152 1153/1153 1151/1151
f 1056/1056 1055/1055 1154/1154
f 1154/1154 1155/1155 1056/1056
f 1055/1055 1050/1050 1151/1151
f 1151/1151 1154/1154 1055/1055
f 1154/1154 1151/1151 1153/1153
f 1153/1153 1156/1156 1154/1154
f 1155/1155 1154/1154 1156/1156
f 1156/1156 1157/1157 1155/1155
f 1058/1058 1061/1061 1158/1158
f 1158/1158 1159/1159 1058/1058
f 1061/1061 1056/1056 1155/1155
f 1155/1155 1158/1158 1061/1061
f 1158/1158 1155/1155 1157/1157
f 1157/1157 1160/1160 1158/1158
f 1159/1159 1158/1158 1160/1160
f 1160/1160 1161/1161 1159/1159
f 1064/1064 1063/1063 1162/1162
f 1162/1162 1163/1163 1064/1064
f 1063/1063 1058/1058 1159/1159
f 1159/1159 1162/1162 1063/1063
f 1162/1162 1159/1159 1161/1161
f 1161/1161 1164/1164 1162/1162
f 1163/1163 1162/1162 1164/1164
f 1164/1164 1165/1165 1163/1163
f 1030/1030 1065/1065 1166/1166
f 1166/1166 1125/1125 1030/1030
f 1065/1065 1064/1064 1167/1167
f 1167/1167 1166/1166 1065/1065
f 1166/1166 1167/1167 1168/1168
f 1168/1168 1169/1169 1166/1166
f 1125/1125 1166/1166 1169/1169
f 1169/1169 1126/1126 1125/1125
g oval_tufted_chair_seat_fabric
usemtl fabric
v -0.38014 0.38446 0.18055
v -0.34605 0.38261 0.19447
v -0.34182 0.38674 0.16077
v -0.37112 0.38328 0.14576
v -0.30741 0.37884 0.21125
v -0.30203 0.38422 0.17518
v -0.30072 0.38433 0.13261
v -0.33610 0.38488 0.11721
v -0.36647 0.38030 0.10605
v -0.22246 0.36890 0.23413
v -0.21826 0.37121 0.20021
v -0.24992 0.37646 0.18407
v -0.25922 0.37335 0.22369
v -0.20983 0.36657 0.17398
v -0.22491 0.36888 0.16874
v -0.22535 0.36854 0.15238
v -0.25872 0.37737 0.14410
v -0.20117 0.36585 0.17479
v -0.19542 0.36966 0.20290
v -0.16179 0.37072 0.19477
v -0.18557 0.36609 0.17310
v -0.19651 0.36687 0.23757
v -0.15865 0.36554 0.23726
v -0.10477 0.36351 0.24038
v -0.10310 0.37104 0.20028
v -0.10156 0.37244 0.15616
v -0.14773 0.37060 0.15478
v -0.18283 0.36552 0.15609
v -0.01303 0.35896 0.24414
v -0.01142 0.36168 0.20951
v -0.04430 0.36559 0.19899
v -0.05079 0.36088 0.24112
v -0.00430 0.35725 0.18192
v -0.01974 0.35881 0.17908
v -0.02129 0.35837 0.16188
v -0.05558 0.36653 0.15808
v 0.00443 0.35717 0.18183
v 0.01158 0.36162 0.20946
v 0.04446 0.36556 0.19896
v 0.01988 0.35876 0.17903
v 0.01322 0.35894 0.24412
v 0.05098 0.36088 0.24111
v 0.10496 0.36352 0.24039
v 0.10326 0.37105 0.20029
v 0.10168 0.37247 0.15619
v 0.05570 0.36655 0.15809
v 0.02141 0.35836 0.16188
v 0.19668 0.36691 0.23762
v 0.19548 0.36981 0.20309
v 0.16188 0.37079 0.19487
v 0.15882 0.36556 0.23728
v 0.20114 0.36609 0.17509
v 0.18558 0.36621 0.17325
v 0.18280 0.36554 0.15614
v 0.14776 0.37061 0.15482
v 0.20983 0.36649 0.17395
v 0.21834 0.37116 0.20019
v 0.25001 0.37642 0.18405
v 0.22493 0.36881 0.16870
v 0.22263 0.36889 0.23413
v 0.25939 0.37334 0.22368
v 0.30761 0.37884 0.21125
v 0.30221 0.38421 0.17517
v 0.30088 0.38432 0.13261
v 0.25878 0.37734 0.14411
v 0.22532 0.36849 0.15239
v 0.34625 0.38261 0.19447
v 0.34202 0.38674 0.16077
v 0.38032 0.38446 0.18055
v 0.37131 0.38328 0.14576
v 0.36666 0.38029 0.10605
v 0.33630 0.38488 0.11721
v -0.35882 0.37231 0.02977
v -0.36064 0.37581 0.06202
v -0.32731 0.37778 0.06519
v -0.33200 0.37350 0.03260
v -0.29731 0.37774 0.08579
v -0.29612 0.36902 0.04833
v -0.30983 0.36992 0.04373
v -0.31108 0.36817 0.02853
v -0.26302 0.37292 0.10233
v -0.28194 0.36787 0.05953
v -0.23109 0.36746 0.13407
v -0.22186 0.36573 0.13542
v -0.25268 0.36884 0.09389
v -0.28037 0.36635 0.04946
v -0.10010 0.36381 0.10662
v -0.13800 0.36308 0.10973
v -0.09895 0.35153 0.05880
v -0.11448 0.35268 0.06590
v -0.11468 0.35071 0.05457
v -0.14727 0.35930 0.09810
v -0.18418 0.36229 0.13730
v -0.17487 0.36290 0.13755
v -0.06262 0.35972 0.11240
v -0.08396 0.35128 0.06697
v -0.02816 0.35639 0.14279
v -0.01889 0.35497 0.14319
v -0.05284 0.35506 0.10143
v -0.08309 0.34921 0.05566
v 0.10010 0.36390 0.10672
v 0.06261 0.35981 0.11250
v 0.09888 0.35168 0.05896
v 0.08387 0.35145 0.06712
v 0.08287 0.34940 0.05580
v 0.05272 0.35516 0.10153
v 0.01891 0.35496 0.14324
v 0.02822 0.35641 0.14283
v 0.13790 0.36309 0.10975
v 0.11438 0.35266 0.06594
v 0.17478 0.36292 0.13755
v 0.18398 0.36235 0.13726
v 0.14701 0.35922 0.09803
v 0.11445 0.35052 0.05450
v 0.29747 0.37771 0.08579
v 0.26308 0.37287 0.10235
v 0.29629 0.36900 0.04831
v 0.28208 0.36784 0.05954
v 0.28049 0.36634 0.04949
v 0.25267 0.36874 0.09395
v 0.22174 0.36556 0.13551
v 0.23106 0.36736 0.13412
v 0.32750 0.37778 0.06518
v 0.31002 0.36991 0.04372
v 0.36084 0.37581 0.06202
v 0.35902 0.37230 0.02977
v 0.33219 0.37350 0.03260
v 0.31127 0.36816 0.02852
v -0.29204 0.36515 0.00459
v -0.28657 0.36746 -0.03135
v -0.31874 0.37059 -0.01634
v -0.30597 0.36659 0.00699
v -0.28136 0.36615 -0.07451
v -0.31708 0.36904 -0.06360
v -0.34782 0.36615 -0.05561
v -0.35140 0.36880 -0.01787
v -0.35640 0.37046 0.00901
v -0.32969 0.37152 0.01143
v -0.31010 0.36726 0.02036
v -0.19510 0.36867 0.02848
v -0.19231 0.36006 -0.01875
v -0.22893 0.36114 -0.01540
v -0.23466 0.36851 0.02805
v -0.19035 0.34828 -0.06046
v -0.20548 0.35005 -0.05421
v -0.20531 0.34822 -0.06445
v -0.23746 0.35805 -0.02565
v -0.27409 0.36248 0.00977
v -0.26537 0.36246 0.01017
v -0.27184 0.36508 0.02751
v -0.15654 0.35413 -0.01342
v -0.17619 0.34719 -0.05328
v -0.15603 0.36091 0.03010
v -0.12018 0.35051 0.03152
v -0.12456 0.34895 0.01402
v -0.11587 0.34730 0.01416
v -0.14709 0.34930 -0.02300
v -0.17511 0.34525 -0.06327
v 0.00006 0.35947 0.03356
v 0.00004 0.35059 -0.01664
v -0.03624 0.34812 -0.01263
v -0.03936 0.35543 0.03339
v 0.00005 0.33849 -0.06144
v -0.01464 0.33888 -0.05438
v -0.01512 0.33694 -0.06515
v -0.04529 0.34407 -0.02350
v -0.07934 0.34543 0.01447
v -0.07058 0.34627 0.01470
v -0.07601 0.34844 0.03288
v 0.03625 0.34813 -0.01266
v 0.01471 0.33885 -0.05440
v 0.03941 0.35542 0.03339
v 0.07598 0.34845 0.03288
v 0.07052 0.34632 0.01466
v 0.07914 0.34554 0.01439
v 0.04518 0.34410 -0.02357
v 0.01514 0.33690 -0.06519
v 0.19520 0.36870 0.02848
v 0.19234 0.36013 -0.01865
v 0.15645 0.35417 -0.01330
v 0.15602 0.36092 0.03011
v 0.19031 0.34841 -0.06030
v 0.17610 0.34733 -0.05312
v 0.17490 0.34538 -0.06311
v 0.14684 0.34929 -0.02285
v 0.11566 0.34715 0.01429
v 0.12447 0.34890 0.01410
v 0.12012 0.35046 0.03153
v 0.22898 0.36112 -0.01537
v 0.20546 0.35002 -0.05416
v 0.23479 0.36850 0.02806
v 0.27200 0.36508 0.02751
v 0.26550 0.36245 0.01019
v 0.27421 0.36246 0.00976
v 0.23744 0.35793 -0.02569
v 0.20518 0.34803 -0.06450
v 0.31029 0.36725 0.02036
v 0.32988 0.37152 0.01143
v 0.31893 0.37058 -0.01633
v 0.30617 0.36658 0.00700
v 0.35660 0.37046 0.00901
v 0.35160 0.36880 -0.01787
v 0.34802 0.36615 -0.05561
v 0.31728 0.36904 -0.06360
v 0.28154 0.36614 -0.07451
v 0.28673 0.36743 -0.03134
v 0.29222 0.36513 0.00461
v -0.31403 0.36366 -0.10300
v -0.34389 0.36262 -0.09033
v -0.27520 0.35897 -0.11306
v -0.27399 0.34762 -0.14553
v -0.31139 0.35394 -0.13327
v -0.34463 0.35802 -0.12167
v -0.20849 0.34744 -0.08487
v -0.20586 0.34518 -0.09969
v -0.22668 0.35005 -0.11630
v -0.24074 0.35746 -0.08098
v -0.19170 0.34229 -0.10330
v -0.19630 0.34253 -0.12754
v -0.19599 0.33466 -0.15718
v -0.22955 0.34045 -0.15194
v -0.18388 0.34151 -0.10327
v -0.17020 0.34197 -0.10065
v -0.14630 0.34303 -0.12045
v -0.17549 0.34067 -0.12848
v -0.16934 0.34419 -0.08453
v -0.13666 0.34958 -0.08345
v -0.09396 0.35132 -0.08418
v -0.09281 0.34256 -0.12460
v -0.09200 0.32842 -0.16056
v -0.13968 0.33091 -0.15829
v -0.17281 0.33220 -0.15871
v -0.01942 0.33629 -0.08689
v -0.01763 0.33395 -0.10285
v -0.03971 0.33738 -0.12216
v -0.05151 0.34507 -0.08486
v -0.00383 0.33208 -0.10560
v -0.01023 0.33188 -0.13099
v -0.01140 0.32347 -0.16150
v -0.04448 0.32577 -0.15995
v 0.00397 0.33201 -0.10552
v 0.01778 0.33391 -0.10280
v 0.03988 0.33735 -0.12213
v 0.01039 0.33184 -0.13094
v 0.01955 0.33628 -0.08689
v 0.05163 0.34508 -0.08488
v 0.09409 0.35134 -0.08420
v 0.09297 0.34257 -0.12461
v 0.09219 0.32842 -0.16057
v 0.04468 0.32576 -0.15995
v 0.01160 0.32346 -0.16148
v 0.16935 0.34421 -0.08455
v 0.17023 0.34206 -0.10079
v 0.14640 0.34309 -0.12053
v 0.13672 0.34958 -0.08346
v 0.18383 0.34171 -0.10354
v 0.17553 0.34079 -0.12865
v 0.17297 0.33223 -0.15875
v 0.13985 0.33092 -0.15831
v 0.19172 0.34222 -0.10324
v 0.20591 0.34512 -0.09963
v 0.22679 0.35002 -0.11626
v 0.19639 0.34249 -0.12750
v 0.20851 0.34739 -0.08486
v 0.24083 0.35743 -0.08097
v 0.27538 0.35896 -0.11305
v 0.27419 0.34762 -0.14553
v 0.22973 0.34044 -0.15193
v 0.19616 0.33465 -0.15717
v 0.31423 0.36366 -0.10300
v 0.34408 0.36262 -0.09033
v 0.34481 0.35802 -0.12167
v 0.31160 0.35394 -0.13327
v -0.38926 0.32118 0.21529
v -0.36156 0.31759 0.23276
v -0.35851 0.33674 0.23510
v -0.38607 0.33983 0.21722
v -0.32168 0.31307 0.25069
v -0.31903 0.33244 0.25290
v -0.31560 0.35161 0.24756
v -0.35466 0.35586 0.22984
v -0.38191 0.35861 0.21264
v -0.23275 0.30470 0.27344
v -0.23092 0.32368 0.27524
v -0.27065 0.32758 0.26676
v -0.27285 0.30815 0.26462
v -0.22846 0.34278 0.26978
v -0.26774 0.34680 0.26133
v -0.10958 0.29645 0.28218
v -0.10867 0.31602 0.28413
v -0.16261 0.31889 0.28168
v -0.16400 0.29938 0.27967
v -0.10750 0.33535 0.27850
v -0.16086 0.33819 0.27609
v -0.20091 0.34056 0.27353
v -0.20308 0.32144 0.27903
v -0.20480 0.30244 0.27726
v -0.01406 0.29432 0.28425
v -0.01400 0.31338 0.28591
v -0.05464 0.31429 0.28561
v -0.05506 0.29474 0.28366
v -0.01385 0.33257 0.28029
v -0.05405 0.33364 0.27995
v 0.10978 0.29645 0.28218
v 0.10887 0.31602 0.28413
v 0.05484 0.31429 0.28561
v 0.05526 0.29474 0.28366
v 0.10770 0.33535 0.27850
v 0.05426 0.33364 0.27995
v 0.01405 0.33257 0.28029
v 0.01420 0.31338 0.28591
v 0.01426 0.29432 0.28425
v 0.20500 0.30244 0.27726
v 0.20328 0.32144 0.27903
v 0.16281 0.31889 0.28168
v 0.16420 0.29938 0.27967
v 0.20112 0.34056 0.27353
v 0.16106 0.33819 0.27609
v 0.32188 0.31306 0.25069
v 0.31923 0.33244 0.25290
v 0.27085 0.32758 0.26676
v 0.27305 0.30815 0.26462
v 0.31580 0.35161 0.24756
v 0.26794 0.34680 0.26133
v 0.22866 0.34278 0.26978
v 0.23112 0.32368 0.27524
v 0.23295 0.30470 0.27344
v 0.36173 0.31756 0.23276
v 0.35871 0.33674 0.23510
v 0.38940 0.32114 0.21529
v 0.38625 0.33983 0.21722
v 0.38210 0.35861 0.21264
v 0.35486 0.35586 0.22984
v 0.41002 0.31625 0.09402
v 0.40952 0.33569 0.09086
v 0.41254 0.33888 0.12766
v 0.41328 0.31961 0.13108
v 0.40210 0.35454 0.09184
v 0.40526 0.35775 0.12893
v 0.40637 0.35979 0.15925
v 0.41308 0.34119 0.15837
v 0.41431 0.32240 0.16136
v 0.40175 0.31098 0.02853
v 0.40132 0.33001 0.02676
v 0.40533 0.33250 0.05421
v 0.40563 0.31300 0.05670
v 0.39388 0.34857 0.02632
v 0.39785 0.35128 0.05447
v 0.39262 0.30457 -0.03935
v 0.39259 0.32433 -0.03902
v 0.39679 0.32678 -0.01111
v 0.39685 0.30712 -0.01045
v 0.38503 0.34284 -0.04186
v 0.38922 0.34538 -0.01297
v 0.39162 0.34703 0.00867
v 0.39908 0.32851 0.00965
v 0.39946 0.30945 0.01105
v 0.38730 0.30212 -0.06887
v 0.38718 0.32180 -0.06775
v 0.38136 0.30007 -0.09399
v 0.38076 0.31923 -0.09284
v 0.37411 0.33746 -0.09610
v 0.37981 0.34025 -0.07120
v 0.34637 0.28944 -0.14694
v 0.31861 0.28308 -0.16130
v 0.31517 0.30162 -0.16626
v 0.34285 0.30759 -0.15129
v 0.28068 0.27589 -0.17413
v 0.27770 0.29464 -0.17912
v 0.27542 0.31450 -0.17663
v 0.31258 0.32143 -0.16370
v 0.33988 0.32695 -0.14924
v 0.20087 0.26461 -0.18460
v 0.19886 0.28303 -0.18938
v 0.23401 0.28793 -0.18643
v 0.23647 0.26912 -0.18135
v 0.19723 0.30281 -0.18703
v 0.23208 0.30784 -0.18401
v 0.09424 0.25517 -0.18961
v 0.09324 0.27411 -0.19484
v 0.13963 0.27734 -0.19327
v 0.14116 0.25845 -0.18806
v 0.09248 0.29413 -0.19258
v 0.13848 0.29733 -0.19096
v 0.17313 0.30011 -0.18872
v 0.17456 0.28031 -0.19104
v 0.17641 0.26188 -0.18623
v 0.01224 0.25294 -0.18876
v 0.01217 0.27142 -0.19371
v 0.04694 0.27226 -0.19479
v 0.04740 0.25335 -0.18951
v 0.01207 0.29130 -0.19149
v 0.04655 0.29230 -0.19255
v -0.09404 0.25517 -0.18961
v -0.09304 0.27411 -0.19484
v -0.04674 0.27226 -0.19479
v -0.04720 0.25335 -0.18951
v -0.09227 0.29413 -0.19258
v -0.04635 0.29230 -0.19255
v -0.01187 0.29130 -0.19149
v -0.01197 0.27142 -0.19371
v -0.01204 0.25294 -0.18876
v -0.17621 0.26188 -0.18623
v -0.17435 0.28031 -0.19104
v -0.13943 0.27734 -0.19327
v -0.14096 0.25845 -0.18806
v -0.17293 0.30011 -0.18872
v -0.13828 0.29733 -0.19096
v -0.28047 0.27589 -0.17413
v -0.27750 0.29464 -0.17912
v -0.23381 0.28793 -0.18643
v -0.23627 0.26912 -0.18135
v -0.27522 0.31450 -0.17663
v -0.23188 0.30784 -0.18401
v -0.19703 0.30281 -0.18703
v -0.19866 0.28303 -0.18938
v -0.20067 0.26461 -0.18460
v -0.31840 0.28308 -0.16130
v -0.31497 0.30162 -0.16626
v -0.34618 0.28944 -0.14694
v -0.34266 0.30759 -0.15129
v -0.33969 0.32695 -0.14924
v -0.31238 0.32143 -0.16370
v -0.39244 0.30457 -0.03935
v -0.39241 0.32433 -0.03902
v -0.38710 0.32180 -0.06775
v -0.38720 0.30212 -0.06887
v -0.38486 0.34284 -0.04186
v -0.37971 0.34025 -0.07120
v -0.37409 0.33746 -0.09610
v -0.38075 0.31923 -0.09284
v -0.38134 0.30007 -0.09399
v -0.39926 0.30945 0.01105
v -0.39887 0.32851 0.00965
v -0.39658 0.32678 -0.01111
v -0.39665 0.30712 -0.01045
v -0.39142 0.34703 0.00867
v -0.38902 0.34538 -0.01297
v -0.40984 0.31626 0.09403
v -0.40935 0.33569 0.09086
v -0.40513 0.33250 0.05421
v -0.40543 0.31300 0.05670
v -0.40193 0.35454 0.09184
v -0.39765 0.35128 0.05447
v -0.39368 0.34857 0.02632
v -0.40111 0.33001 0.02676
v -0.40155 0.31098 0.02853
v -0.41320 0.31964 0.13111
v -0.41246 0.33888 0.12766
v -0.41431 0.32244 0.16140
v -0.41307 0.34119 0.15837
v -0.40635 0.35979 0.15925
v -0.40516 0.35775 0.12893
v -0.40107 0.32460 0.20205
v -0.40212 0.31140 0.19915
v -0.38735 0.30657 0.20869
v -0.40455 0.32269 0.19411
v -0.40318 0.30864 0.19335
v -0.39493 0.29683 0.19397
v 0.39478 0.29653 0.19395
v 0.40313 0.30845 0.19333
v 0.40212 0.31126 0.19915
v 0.38736 0.30643 0.20869
v 0.40461 0.32264 0.19411
v 0.40116 0.32455 0.20205
v -0.34623 0.27607 -0.13802
v -0.36128 0.28243 -0.13019
v -0.35958 0.29510 -0.13461
v -0.35618 0.26873 -0.12287
v -0.36363 0.28066 -0.12390
v -0.36473 0.29465 -0.12597
v 0.36587 0.27132 -0.11011
v 0.36830 0.28214 -0.11643
v 0.37276 0.28613 -0.11137
v 0.37569 0.28446 -0.09669
v 0.36931 0.29612 -0.11850
v 0.37434 0.29991 -0.11009
v -0.32352 0.28615 0.23056
v -0.32312 0.29654 0.24106
v -0.36339 0.30162 0.22291
v -0.36393 0.29165 0.21228
v -0.27391 0.29155 0.25504
v -0.27410 0.28113 0.24452
v -0.22004 0.27663 0.25615
v -0.23940 0.29030 0.26382
v -0.16483 0.28273 0.27016
v -0.11006 0.27967 0.27276
v -0.19978 0.28709 0.26929
v -0.22004 0.27663 0.25615
v -0.16514 0.27230 0.25967
v -0.11019 0.26911 0.26234
v -0.05517 0.27808 0.27417
v -0.05512 0.26763 0.26369
v 0.00010 0.26734 0.26498
v -0.01997 0.27945 0.27588
v 0.05538 0.27808 0.27417
v 0.11026 0.27967 0.27276
v 0.02018 0.27945 0.27588
v 0.00010 0.26734 0.26498
v 0.05532 0.26763 0.26369
v 0.11039 0.26911 0.26234
v 0.16503 0.28273 0.27016
v 0.16534 0.27230 0.25967
v 0.22024 0.27663 0.25615
v 0.19998 0.28709 0.26929
v 0.27411 0.29155 0.25504
v 0.32329 0.29652 0.24106
v 0.23960 0.29030 0.26382
v 0.22024 0.27663 0.25615
v 0.27431 0.28113 0.24452
v 0.32367 0.28612 0.23056
v 0.36346 0.30152 0.22291
v 0.36395 0.29150 0.21227
v -0.39808 0.29580 0.06162
v -0.40295 0.29923 0.10106
v -0.39562 0.29578 0.03560
v -0.38427 0.28173 0.02407
v -0.38909 0.28469 0.06629
v -0.39439 0.28827 0.10787
v 0.40312 0.29920 0.10103
v 0.39828 0.29580 0.06162
v 0.39457 0.28824 0.10783
v 0.38929 0.28469 0.06629
v 0.38447 0.28173 0.02407
v 0.39583 0.29578 0.03560
v -0.38451 0.28658 -0.04285
v -0.38877 0.28942 -0.01102
v -0.37498 0.27464 -0.04681
v -0.37926 0.27781 -0.01202
v -0.38427 0.28173 0.02407
v -0.39223 0.29346 0.00912
v 0.38897 0.28942 -0.01102
v 0.38469 0.28658 -0.04285
v 0.39243 0.29346 0.00912
v 0.38447 0.28173 0.02407
v 0.37946 0.27781 -0.01202
v 0.37517 0.27464 -0.04681
v -0.32227 0.26893 -0.14932
v -0.28372 0.26123 -0.16221
v -0.28613 0.25277 -0.15032
v -0.32509 0.26086 -0.13738
v -0.23888 0.25439 -0.16936
v -0.20787 0.25200 -0.17356
v -0.19221 0.23997 -0.16213
v -0.24080 0.24593 -0.15740
v -0.14270 0.24368 -0.17597
v -0.17295 0.24811 -0.17592
v -0.09513 0.24027 -0.17748
v -0.09594 0.23168 -0.16544
v -0.14403 0.23520 -0.16393
v -0.19221 0.23997 -0.16213
v -0.04764 0.23858 -0.17730
v -0.01723 0.23973 -0.17813
v 0.00010 0.22972 -0.16507
v -0.04793 0.23011 -0.16518
v 0.09533 0.24027 -0.17748
v 0.04784 0.23858 -0.17730
v 0.09614 0.23168 -0.16544
v 0.04814 0.23011 -0.16518
v 0.00010 0.22972 -0.16507
v 0.01744 0.23973 -0.17813
v 0.14290 0.24368 -0.17597
v 0.14423 0.23520 -0.16393
v 0.17315 0.24811 -0.17592
v 0.19241 0.23997 -0.16213
v 0.28392 0.26123 -0.16221
v 0.23908 0.25439 -0.16936
v 0.28633 0.25277 -0.15032
v 0.24101 0.24593 -0.15740
v 0.19241 0.23997 -0.16213
v 0.20807 0.25200 -0.17356
v 0.32247 0.26893 -0.14932
v 0.32529 0.26086 -0.13738
v 0.34641 0.27607 -0.13802
v 0.35637 0.26874 -0.12288
v -0.37413 0.37262 0.20344
v -0.35042 0.37173 0.21690
v -0.31183 0.36752 0.23453
v -0.26454 0.36276 0.24821
v -0.22575 0.35864 0.25670
v -0.10622 0.35140 0.26519
v -0.15894 0.35422 0.26283
v -0.19854 0.35643 0.26042
v -0.05341 0.34970 0.26661
v -0.01368 0.34851 0.26704
v 0.10642 0.35140 0.26519
v 0.05361 0.34970 0.26661
v 0.01389 0.34851 0.26704
v 0.15914 0.35422 0.26283
v 0.19874 0.35643 0.26042
v 0.31203 0.36752 0.23453
v 0.26475 0.36276 0.24821
v 0.22595 0.35864 0.25670
v 0.35062 0.37173 0.21690
v 0.37431 0.37262 0.20344
v -0.38802 0.36979 0.09725
v -0.38345 0.36634 0.05776
v -0.37948 0.36333 0.02750
v 0.38365 0.36634 0.05776
v 0.38821 0.36979 0.09725
v 0.37969 0.36333 0.02750
v -0.37439 0.35989 -0.01598
v -0.37020 0.35710 -0.04788
v -0.37712 0.36165 0.00828
v 0.37039 0.35710 -0.04788
v 0.37459 0.35989 -0.01598
v 0.37732 0.36165 0.00828
v -0.27402 0.33248 -0.16608
v -0.31101 0.33936 -0.15310
v -0.33464 0.34243 -0.14164
v -0.23087 0.32586 -0.17351
v -0.19619 0.32072 -0.17666
v -0.13768 0.31543 -0.18055
v -0.09187 0.31226 -0.18219
v -0.17219 0.31804 -0.17837
v -0.04615 0.31044 -0.18218
v -0.01181 0.30929 -0.18121
v 0.04635 0.31044 -0.18218
v 0.09208 0.31226 -0.18219
v 0.01202 0.30929 -0.18121
v 0.13788 0.31543 -0.18055
v 0.17239 0.31804 -0.17837
v 0.23108 0.32586 -0.17351
v 0.27422 0.33248 -0.16608
v 0.19639 0.32072 -0.17666
v 0.33483 0.34243 -0.14164
v 0.31122 0.33936 -0.15310
v -0.19919 0.36037 0.15702
v -0.20057 0.36085 0.16022
v -0.20742 0.35120 0.15654
v -0.20332 0.36048 0.16287
v -0.20242 0.36471 0.12844
v -0.20477 0.36011 0.14849
v -0.20257 0.36010 0.14861
v -0.18727 0.36236 0.12159
v -0.20742 0.35120 0.15654
v -0.20101 0.35955 0.14951
v -0.18745 0.36220 0.13324
v -0.21137 0.36149 0.15617
v -0.21222 0.36158 0.15285
v -0.20742 0.35120 0.15654
v -0.21143 0.36080 0.15129
v -0.21033 0.36177 0.15957
v -0.20815 0.36096 0.16258
v 0.00620 0.35181 0.16396
v 0.00498 0.35218 0.16725
v 0.00009 0.34200 0.16407
v 0.00250 0.35159 0.17010
v 0.00005 0.35563 0.13549
v 0.00006 0.35100 0.15586
v 0.00224 0.35118 0.15582
v 0.01482 0.35466 0.12777
v 0.00009 0.34200 0.16407
v 0.00393 0.35078 0.15660
v 0.01538 0.35454 0.13941
v -0.00607 0.35184 0.16398
v -0.00718 0.35183 0.16074
v 0.00009 0.34200 0.16407
v -0.00641 0.35112 0.15912
v -0.00484 0.35223 0.16730
v -0.00236 0.35164 0.17015
v 0.21137 0.36142 0.15617
v 0.21035 0.36170 0.15954
v 0.20757 0.35121 0.15655
v 0.20817 0.36093 0.16260
v 0.20236 0.36482 0.12831
v 0.20474 0.36017 0.14842
v 0.20686 0.36049 0.14827
v 0.21674 0.36518 0.12058
v 0.20757 0.35121 0.15655
v 0.20863 0.36018 0.14899
v 0.21799 0.36497 0.13204
v 0.19918 0.36044 0.15709
v 0.19780 0.36031 0.15388
v 0.20757 0.35121 0.15655
v 0.19850 0.35968 0.15220
v 0.20058 0.36097 0.16037
v 0.20333 0.36064 0.16310
v -0.28846 0.36083 0.02763
v -0.28857 0.36125 0.02986
v -0.26777 0.36563 0.04617
v -0.29788 0.35220 0.02855
v -0.28943 0.36107 0.03163
v -0.27663 0.36573 0.04605
v -0.29559 0.36116 0.02080
v -0.29239 0.36098 0.01993
v -0.27686 0.36226 -0.00386
v -0.29788 0.35220 0.02855
v -0.29091 0.36038 0.02082
v -0.27711 0.36250 0.00600
v -0.29881 0.36174 0.02169
v -0.30182 0.36164 0.02386
v -0.29676 0.36229 0.03282
v -0.29980 0.36268 0.03117
v -0.29788 0.35220 0.02855
v -0.30236 0.36217 0.02856
v -0.09180 0.34279 0.03332
v -0.09180 0.34321 0.03555
v -0.07070 0.34958 0.05205
v -0.09976 0.33321 0.03504
v -0.09250 0.34298 0.03738
v -0.07958 0.34879 0.05188
v -0.09731 0.34696 0.00683
v -0.09842 0.34243 0.02590
v -0.09626 0.34250 0.02593
v -0.08283 0.34535 -0.00007
v -0.09976 0.33321 0.03504
v -0.09466 0.34206 0.02670
v -0.08258 0.34521 0.01064
v -0.10549 0.34345 0.03283
v -0.10539 0.34341 0.03052
v -0.09976 0.33321 0.03504
v -0.10476 0.34280 0.02885
v -0.09887 0.34374 0.04028
v -0.10103 0.34406 0.04020
v -0.09976 0.33321 0.03504
v -0.10275 0.34369 0.03959
v 0.10545 0.34336 0.03284
v 0.10553 0.34378 0.03504
v 0.12664 0.35207 0.05001
v 0.09991 0.33321 0.03504
v 0.10497 0.34346 0.03690
v 0.11770 0.35040 0.05046
v 0.09724 0.34708 0.00668
v 0.09836 0.34249 0.02581
v 0.10048 0.34271 0.02573
v 0.11133 0.34684 0.00013
v 0.09991 0.33321 0.03504
v 0.10215 0.34236 0.02645
v 0.11218 0.34662 0.01070
v 0.09176 0.34284 0.03333
v 0.09166 0.34280 0.03099
v 0.09991 0.33321 0.03504
v 0.09220 0.34226 0.02927
v 0.09882 0.34382 0.04037
v 0.09661 0.34400 0.04048
v 0.09991 0.33321 0.03504
v 0.09487 0.34344 0.03997
v 0.29808 0.35220 0.02855
v 0.29695 0.36228 0.03281
v 0.29999 0.36266 0.03116
v 0.30255 0.36216 0.02855
v 0.29578 0.36115 0.02081
v 0.29900 0.36172 0.02170
v 0.29808 0.35220 0.02855
v 0.30202 0.36164 0.02387
v 0.28865 0.36083 0.02763
v 0.28838 0.36080 0.02535
v 0.29808 0.35220 0.02855
v 0.28894 0.36029 0.02360
v 0.29390 0.36228 0.03428
v 0.29226 0.36160 0.03391
v -0.18432 0.33912 -0.08455
v -0.18341 0.33966 -0.08130
v -0.16311 0.34495 -0.06703
v -0.19198 0.33039 -0.08152
v -0.18414 0.33946 -0.07951
v -0.17165 0.34466 -0.06680
v -0.18524 0.33896 -0.08802
v -0.18732 0.33823 -0.09090
v -0.19526 0.34021 -0.08536
v -0.19385 0.33983 -0.08870
v -0.19198 0.33039 -0.08152
v -0.19159 0.33869 -0.09127
v -0.19030 0.34055 -0.07680
v -0.19234 0.34097 -0.07696
v -0.19198 0.33039 -0.08152
v -0.19399 0.34067 -0.07764
v 0.00556 0.32972 -0.08692
v 0.00663 0.33037 -0.08374
v 0.02690 0.33781 -0.06907
v 0.00009 0.32037 -0.08335
v 0.00607 0.33012 -0.08191
v 0.01837 0.33662 -0.06897
v 0.00440 0.32945 -0.09032
v 0.00222 0.32851 -0.09304
v -0.00542 0.32976 -0.08694
v -0.00425 0.32949 -0.09037
v 0.00009 0.32037 -0.08335
v -0.00207 0.32855 -0.09309
v 0.00006 0.33062 -0.07876
v -0.00202 0.33084 -0.07878
v 0.00009 0.32037 -0.08335
v -0.00365 0.33038 -0.07933
v 0.19529 0.34014 -0.08534
v 0.19648 0.34085 -0.08225
v 0.21694 0.34959 -0.06815
v 0.19213 0.33040 -0.08152
v 0.19605 0.34052 -0.08039
v 0.20821 0.34797 -0.06822
v 0.19391 0.33978 -0.08864
v 0.19163 0.33866 -0.09126
v 0.18433 0.33919 -0.08459
v 0.18527 0.33905 -0.08816
v 0.19213 0.33040 -0.08152
v 0.18733 0.33836 -0.09110
v 0.19028 0.34062 -0.07670
v 0.18815 0.34069 -0.07654
v 0.19213 0.33040 -0.08152
v 0.18651 0.34004 -0.07701
v -0.24486 0.36773 0.08633
v -0.23479 0.36897 0.07480
v -0.21810 0.36513 0.13195
v -0.21677 0.36520 0.12060
v -0.19858 0.36864 0.07961
v -0.15398 0.35902 0.08909
v -0.16218 0.36198 0.07683
v -0.11794 0.35058 0.05055
v -0.12675 0.35215 0.05006
v -0.04556 0.35416 0.09293
v -0.03636 0.35629 0.08131
v -0.01536 0.35458 0.13936
v -0.01475 0.35467 0.12775
v 0.00004 0.35953 0.08591
v 0.04544 0.35421 0.09300
v 0.03636 0.35631 0.08135
v 0.07937 0.34891 0.05198
v 0.07063 0.34963 0.05209
v 0.15372 0.35898 0.08900
v 0.16208 0.36200 0.07675
v 0.18723 0.36230 0.13315
v 0.18716 0.36247 0.12148
v 0.19859 0.36869 0.07953
v 0.24485 0.36763 0.08639
v 0.23484 0.36896 0.07479
v 0.27676 0.36571 0.04607
v 0.26790 0.36563 0.04617
v -0.24380 0.35782 -0.03327
v -0.25178 0.36018 -0.04266
v -0.20834 0.34817 -0.06818
v -0.21695 0.34970 -0.06813
v -0.13988 0.34811 -0.03076
v -0.13058 0.34979 -0.04161
v -0.11239 0.34678 0.01057
v -0.11143 0.34686 0.00015
v -0.09553 0.35110 -0.03830
v -0.05201 0.34351 -0.03176
v -0.06041 0.34610 -0.04261
v -0.01835 0.33665 -0.06893
v -0.02684 0.33780 -0.06903
v 0.05189 0.34358 -0.03185
v 0.06040 0.34617 -0.04270
v 0.08237 0.34537 0.01051
v 0.08275 0.34550 -0.00022
v 0.09553 0.35118 -0.03838
v 0.13964 0.34806 -0.03063
v 0.13050 0.34980 -0.04160
v 0.17145 0.34474 -0.06669
v 0.16304 0.34499 -0.06699
v 0.24378 0.35770 -0.03330
v 0.25185 0.36011 -0.04266
v 0.27724 0.36247 0.00599
v 0.27700 0.36223 -0.00386
v -0.19784 0.36028 0.15389
v -0.19860 0.35963 0.15223
v -0.20689 0.36051 0.14829
v -0.20870 0.36028 0.14894
v 0.00730 0.35181 0.16075
v 0.00651 0.35109 0.15914
v -0.00211 0.35121 0.15580
v -0.00382 0.35082 0.15658
v 0.21219 0.36149 0.15290
v 0.21136 0.36068 0.15137
v 0.20252 0.36023 0.14851
v 0.20090 0.35966 0.14944
v -0.29372 0.36229 0.03429
v -0.29209 0.36160 0.03391
v -0.28820 0.36079 0.02535
v -0.28876 0.36029 0.02360
v -0.09171 0.34275 0.03103
v -0.09232 0.34218 0.02933
v -0.10053 0.34274 0.02575
v -0.10226 0.34246 0.02639
v 0.10097 0.34403 0.04024
v 0.10262 0.34358 0.03956
v 0.10535 0.34332 0.03057
v 0.10466 0.34268 0.02894
v 0.09619 0.34266 0.02578
v 0.09453 0.34219 0.02659
v 0.09175 0.34327 0.03560
v 0.09237 0.34307 0.03745
v 0.29258 0.36098 0.01994
v 0.29109 0.36039 0.02082
v 0.28876 0.36125 0.02986
v 0.28961 0.36107 0.03164
v -0.18819 0.34053 -0.07668
v -0.18661 0.33991 -0.07714
v -0.19649 0.34096 -0.08223
v -0.19613 0.34066 -0.08036
v 0.00214 0.33081 -0.07879
v 0.00375 0.33034 -0.07936
v -0.00651 0.33040 -0.08373
v -0.00597 0.33015 -0.08189
v 0.19231 0.34094 -0.07691
v 0.19390 0.34055 -0.07766
v 0.18339 0.33971 -0.08125
v 0.18405 0.33954 -0.07944
v -0.09668 0.34382 0.04033
v -0.09501 0.34328 0.03984
v -0.10558 0.34388 0.03507
v -0.10510 0.34361 0.03695
v -0.20596 0.36423 0.17831
v -0.20643 0.36494 0.18137
v -0.20764 0.36829 0.20608
v -0.20742 0.36739 0.20645
v -0.21009 0.36629 0.23737
v -0.20983 0.36542 0.23719
v -0.20983 0.36542 0.23719
v -0.20944 0.36622 0.23740
v -0.20699 0.36820 0.20609
v -0.20742 0.36739 0.20645
v -0.20586 0.36483 0.18136
v -0.20596 0.36423 0.17831
v 0.00006 0.35515 0.18568
v -0.00022 0.35584 0.18877
v -0.00025 0.35921 0.21350
v 0.00008 0.35834 0.21386
v -0.00023 0.35719 0.24488
v 0.00009 0.35635 0.24469
v 0.00009 0.35635 0.24469
v 0.00042 0.35718 0.24487
v 0.00040 0.35918 0.21347
v 0.00008 0.35834 0.21386
v 0.00036 0.35578 0.18872
v 0.00006 0.35515 0.18568
v 0.20594 0.36437 0.17858
v 0.20586 0.36504 0.18166
v 0.20704 0.36835 0.20631
v 0.20748 0.36748 0.20662
v 0.20961 0.36626 0.23745
v 0.21000 0.36544 0.23723
v 0.21000 0.36544 0.23723
v 0.21025 0.36629 0.23738
v 0.20770 0.36830 0.20615
v 0.20748 0.36748 0.20662
v 0.20645 0.36495 0.18147
v 0.20594 0.36437 0.17858
v -0.35793 0.36911 0.01870
v -0.35807 0.36999 0.01893
v -0.33413 0.37095 0.02156
v -0.33452 0.37006 0.02127
v -0.31628 0.36691 0.02410
v -0.31427 0.36615 0.02407
v -0.27751 0.36440 0.04960
v -0.27430 0.36475 0.05509
v -0.24918 0.36655 0.09104
v -0.24899 0.36584 0.09089
v -0.22508 0.36422 0.12747
v -0.22139 0.36385 0.13261
v -0.18461 0.36038 0.13429
v -0.18026 0.35996 0.12928
v -0.15060 0.35714 0.09417
v -0.15091 0.35647 0.09398
v -0.12175 0.35023 0.05956
v -0.11786 0.34918 0.05414
v -0.08010 0.34741 0.05544
v -0.07653 0.34813 0.06113
v -0.04945 0.35260 0.09774
v -0.04921 0.35191 0.09757
v -0.02248 0.35296 0.13490
v -0.01847 0.35301 0.14020
v 0.01843 0.35299 0.14026
v 0.02244 0.35296 0.13496
v 0.04924 0.35268 0.09785
v 0.04897 0.35197 0.09768
v 0.07626 0.34827 0.06126
v 0.07975 0.34754 0.05558
v 0.11747 0.34899 0.05402
v 0.12143 0.35004 0.05945
v 0.15022 0.35705 0.09407
v 0.15048 0.35639 0.09388
v 0.17997 0.35999 0.12921
v 0.18426 0.36042 0.13422
v 0.22116 0.36368 0.13274
v 0.22493 0.36406 0.12757
v 0.24911 0.36644 0.09113
v 0.24889 0.36573 0.09098
v 0.27439 0.36471 0.05513
v 0.27761 0.36438 0.04963
v 0.31446 0.36615 0.02407
v 0.31647 0.36691 0.02410
v 0.33432 0.37095 0.02156
v 0.33472 0.37007 0.02127
v 0.35826 0.36999 0.01893
v 0.35813 0.36911 0.01870
v -0.31427 0.36615 0.02407
v -0.31614 0.36674 0.02354
v -0.33400 0.37080 0.02093
v -0.33452 0.37006 0.02127
v -0.35798 0.36991 0.01830
v -0.35793 0.36911 0.01870
v -0.27439 0.36061 0.00674
v -0.27010 0.36005 0.00241
v -0.24057 0.35612 -0.02918
v -0.24089 0.35544 -0.02943
v -0.21227 0.34804 -0.06004
v -0.20839 0.34686 -0.06491
v -0.17232 0.34332 -0.06336
v -0.16906 0.34381 -0.05842
v -0.14386 0.34674 -0.02628
v -0.14365 0.34602 -0.02649
v -0.11923 0.34558 0.00666
v -0.11552 0.34534 0.01112
v -0.07969 0.34350 0.01136
v -0.07568 0.34332 0.00669
v -0.04849 0.34179 -0.02722
v -0.04877 0.34108 -0.02744
v -0.02166 0.33614 -0.06031
v -0.01809 0.33527 -0.06549
v 0.01805 0.33524 -0.06554
v 0.02161 0.33611 -0.06036
v 0.04830 0.34183 -0.02731
v 0.04854 0.34112 -0.02753
v 0.07542 0.34342 0.00660
v 0.07936 0.34360 0.01125
v 0.11517 0.34518 0.01130
v 0.11893 0.34544 0.00682
v 0.14349 0.34671 -0.02611
v 0.14324 0.34597 -0.02631
v 0.16876 0.34389 -0.05827
v 0.17198 0.34339 -0.06320
v 0.20814 0.34665 -0.06499
v 0.21209 0.34783 -0.06012
v 0.24048 0.35597 -0.02924
v 0.24078 0.35531 -0.02948
v 0.27018 0.36001 0.00239
v 0.27448 0.36058 0.00672
v 0.35813 0.36911 0.01870
v 0.35818 0.36991 0.01830
v 0.33419 0.37080 0.02093
v 0.33472 0.37007 0.02127
v 0.31633 0.36674 0.02354
v 0.31446 0.36615 0.02407
v -0.18454 0.33085 -0.15814
v -0.18473 0.33167 -0.15849
v -0.18606 0.33881 -0.13160
v -0.18583 0.33787 -0.13181
v -0.18783 0.33958 -0.10934
v -0.18773 0.33939 -0.10681
v -0.18773 0.33939 -0.10681
v -0.18732 0.33948 -0.10924
v -0.18548 0.33872 -0.13152
v -0.18583 0.33787 -0.13181
v -0.18417 0.33160 -0.15844
v -0.18454 0.33085 -0.15814
v 0.00010 0.32086 -0.16124
v -0.00019 0.32165 -0.16157
v -0.00021 0.32884 -0.13425
v 0.00008 0.32793 -0.13448
v -0.00019 0.32964 -0.11158
v 0.00006 0.32948 -0.10901
v 0.00006 0.32948 -0.10901
v 0.00033 0.32959 -0.11152
v 0.00037 0.32881 -0.13421
v 0.00008 0.32793 -0.13448
v 0.00038 0.32164 -0.16156
v 0.00010 0.32086 -0.16124
v 0.18470 0.33087 -0.15818
v 0.18433 0.33163 -0.15849
v 0.18552 0.33883 -0.13171
v 0.18587 0.33793 -0.13196
v 0.18728 0.33965 -0.10952
v 0.18768 0.33949 -0.10704
v 0.18768 0.33949 -0.10704
v 0.18784 0.33958 -0.10941
v 0.18612 0.33880 -0.13165
v 0.18587 0.33793 -0.13196
v 0.18490 0.33167 -0.15850
v 0.18470 0.33087 -0.15818
v -0.21477 0.34044 0.27081
v -0.21512 0.34088 0.27157
v -0.21738 0.32226 0.27692
v -0.21699 0.32216 0.27606
v -0.21885 0.30569 0.27495
v -0.21870 0.30409 0.27477
v -0.21870 0.30409 0.27477
v -0.21827 0.30564 0.27500
v -0.21672 0.32221 0.27696
v -0.21699 0.32216 0.27606
v -0.21446 0.34082 0.27162
v -0.21477 0.34044 0.27081
v 0.00010 0.33127 0.27857
v -0.00023 0.33167 0.27936
v -0.00023 0.31298 0.28485
v 0.00010 0.31290 0.28397
v -0.00019 0.29636 0.28298
v 0.00010 0.29477 0.28278
v 0.00010 0.29477 0.28278
v 0.00040 0.29636 0.28298
v 0.00043 0.31298 0.28485
v 0.00010 0.31290 0.28397
v 0.00043 0.33167 0.27936
v 0.00010 0.33127 0.27857
v 0.21498 0.34044 0.27081
v 0.21466 0.34082 0.27162
v 0.21692 0.32221 0.27696
v 0.21719 0.32216 0.27606
v 0.21847 0.30564 0.27500
v 0.21891 0.30409 0.27477
v 0.21891 0.30409 0.27477
v 0.21906 0.30569 0.27495
v 0.21758 0.32226 0.27692
v 0.21719 0.32216 0.27606
v 0.21532 0.34088 0.27157
v 0.21498 0.34044 0.27081
v 0.39085 0.34652 0.01672
v 0.39160 0.34702 0.01690
v 0.39884 0.32896 0.01757
v 0.39796 0.32877 0.01738
v 0.39877 0.31231 0.01899
v 0.39872 0.31069 0.01886
v 0.39872 0.31069 0.01886
v 0.39870 0.31226 0.01844
v 0.39875 0.32890 0.01694
v 0.39796 0.32877 0.01738
v 0.39151 0.34696 0.01627
v 0.39085 0.34652 0.01672
v 0.18534 0.30047 -0.18605
v 0.18554 0.30076 -0.18691
v 0.18703 0.28148 -0.18919
v 0.18680 0.28153 -0.18829
v 0.18872 0.26548 -0.18459
v 0.18862 0.26393 -0.18411
v 0.18862 0.26393 -0.18411
v 0.18821 0.26543 -0.18455
v 0.18646 0.28143 -0.18914
v 0.18680 0.28153 -0.18829
v 0.18498 0.30071 -0.18687
v 0.18534 0.30047 -0.18605
v 0.00010 0.29034 -0.18918
v 0.00038 0.29061 -0.19002
v 0.00039 0.27125 -0.19218
v 0.00010 0.27132 -0.19130
v 0.00035 0.25520 -0.18745
v 0.00010 0.25367 -0.18698
v 0.00010 0.25367 -0.18698
v -0.00015 0.25520 -0.18745
v -0.00018 0.27125 -0.19218
v 0.00010 0.27132 -0.19130
v -0.00018 0.29061 -0.19002
v 0.00010 0.29034 -0.18918
v -0.18514 0.30047 -0.18605
v -0.18478 0.30071 -0.18687
v -0.18626 0.28143 -0.18914
v -0.18660 0.28153 -0.18829
v -0.18801 0.26543 -0.18455
v -0.18842 0.26393 -0.18411
v -0.18842 0.26393 -0.18411
v -0.18851 0.26548 -0.18459
v -0.18683 0.28148 -0.18919
v -0.18660 0.28153 -0.18829
v -0.18534 0.30076 -0.18691
v -0.18514 0.30047 -0.18605
v -0.39065 0.34652 0.01672
v -0.39131 0.34696 0.01627
v -0.39855 0.32890 0.01694
v -0.39776 0.32877 0.01738
v -0.39850 0.31226 0.01844
v -0.39852 0.31069 0.01886
v -0.39852 0.31069 0.01886
v -0.39857 0.31231 0.01899
v -0.39863 0.32896 0.01757
v -0.39776 0.32877 0.01738
v -0.39139 0.34702 0.01690
v -0.39065 0.34652 0.01672
v -0.21959 0.29163 0.26991
v -0.21981 0.29193 0.27020
v -0.21936 0.29189 0.27023
v -0.21959 0.29163 0.26991
v 0.00010 0.28228 0.27796
v -0.00012 0.28257 0.27827
v 0.00033 0.28257 0.27827
v 0.00010 0.28228 0.27796
v 0.21979 0.29163 0.26991
v 0.21957 0.29189 0.27023
v 0.22001 0.29193 0.27020
v 0.21979 0.29163 0.26991
v -0.39540 0.29822 0.02056
v -0.39510 0.29789 0.02041
v 0.39530 0.29789 0.02041
v 0.39560 0.29822 0.02056
v -0.39510 0.29789 0.02041
v -0.39534 0.29818 0.02014
v 0.39555 0.29818 0.02014
v 0.39530 0.29789 0.02041
v -0.19007 0.25271 -0.17770
v -0.18993 0.25246 -0.17734
v -0.18993 0.25246 -0.17734
v -0.18969 0.25268 -0.17768
v -0.00009 0.24244 -0.18042
v 0.00010 0.24221 -0.18007
v 0.00010 0.24221 -0.18007
v 0.00029 0.24244 -0.18042
v 0.18989 0.25268 -0.17768
v 0.19013 0.25246 -0.17734
v 0.19013 0.25246 -0.17734
v 0.19027 0.25271 -0.17770
v -0.21263 0.35635 0.25879
v -0.21234 0.35565 0.25825
v -0.21199 0.35629 0.25884
v -0.21234 0.35565 0.25825
v -0.00023 0.34721 0.26643
v 0.00010 0.34654 0.26587
v 0.00043 0.34721 0.26643
v 0.00010 0.34654 0.26587
v 0.21219 0.35629 0.25884
v 0.21254 0.35565 0.25825
v 0.21284 0.35635 0.25879
v 0.21254 0.35565 0.25825
v -0.37751 0.36135 0.01737
v -0.37700 0.36061 0.01717
v 0.37771 0.36135 0.01737
v 0.37721 0.36061 0.01717
v -0.37743 0.36130 0.01674
v -0.37700 0.36061 0.01717
v 0.37764 0.36130 0.01674
v 0.37721 0.36061 0.01717
v -0.18457 0.31824 -0.17680
v -0.18438 0.31765 -0.17611
v -0.18400 0.31818 -0.17676
v -0.18438 0.31765 -0.17611
v -0.00018 0.30816 -0.17999
v 0.00010 0.30759 -0.17931
v 0.00038 0.30816 -0.17999
v 0.00010 0.30759 -0.17931
v 0.18421 0.31818 -0.17676
v 0.18458 0.31765 -0.17611
v 0.18477 0.31824 -0.17680
v 0.18458 0.31765 -0.17611
v -0.20599 0.36022 0.16553
v -0.20573 0.36039 0.16559
v -0.19919 0.35906 0.15033
v -0.19928 0.35927 0.15006
v -0.18461 0.36038 0.13429
v -0.18072 0.35998 0.12873
v -0.21071 0.36013 0.14947
v -0.21089 0.36037 0.14959
v -0.20616 0.36049 0.16561
v -0.20599 0.36022 0.16553
v 0.00007 0.35110 0.17294
v 0.00029 0.35130 0.17297
v 0.00584 0.35046 0.15729
v 0.00569 0.35066 0.15702
v 0.01843 0.35299 0.14026
v 0.02195 0.35292 0.13444
v -0.00576 0.35050 0.15726
v -0.00598 0.35072 0.15739
v -0.00015 0.35135 0.17302
v 0.00007 0.35110 0.17294
v 0.20600 0.36032 0.16572
v 0.20619 0.36050 0.16570
v 0.21058 0.35998 0.14958
v 0.21037 0.36015 0.14934
v 0.22116 0.36368 0.13274
v 0.22440 0.36397 0.12711
v 0.19903 0.35914 0.15028
v 0.19877 0.35933 0.15043
v 0.20573 0.36060 0.16587
v 0.20600 0.36032 0.16572
v -0.29019 0.36098 0.03362
v -0.28989 0.36115 0.03345
v -0.27751 0.36440 0.04960
v -0.27376 0.36465 0.05462
v -0.28916 0.35983 0.02161
v -0.28923 0.36005 0.02132
v -0.27439 0.36061 0.00674
v -0.27054 0.36007 0.00184
v -0.30479 0.36182 0.02571
v -0.30483 0.36168 0.02596
v -0.30483 0.36168 0.02596
v -0.30492 0.36198 0.02614
v -0.09310 0.34283 0.03942
v -0.09284 0.34302 0.03923
v -0.08010 0.34741 0.05544
v -0.07602 0.34809 0.06062
v -0.09282 0.34168 0.02737
v -0.09294 0.34188 0.02709
v -0.07969 0.34350 0.01136
v -0.07615 0.34330 0.00615
v -0.10420 0.34226 0.02691
v -0.10441 0.34249 0.02703
v -0.10469 0.34343 0.03904
v -0.10452 0.34366 0.03925
v 0.10449 0.34324 0.03895
v 0.10469 0.34346 0.03875
v 0.11747 0.34899 0.05402
v 0.12190 0.35005 0.05891
v 0.10402 0.34210 0.02704
v 0.10384 0.34228 0.02678
v 0.11517 0.34518 0.01130
v 0.11843 0.34536 0.00633
v 0.09262 0.34179 0.02728
v 0.09238 0.34199 0.02741
v 0.09289 0.34296 0.03953
v 0.09302 0.34321 0.03973
v 0.30511 0.36198 0.02614
v 0.30503 0.36168 0.02597
v 0.30503 0.36168 0.02597
v 0.30499 0.36182 0.02571
v 0.28934 0.35984 0.02160
v 0.28907 0.36003 0.02175
v 0.29037 0.36098 0.03363
v 0.29048 0.36124 0.03382
v -0.18478 0.33936 -0.07752
v -0.18451 0.33954 -0.07770
v -0.17232 0.34332 -0.06336
v -0.16855 0.34373 -0.05891
v -0.18910 0.33776 -0.09393
v -0.18934 0.33760 -0.09383
v -0.18934 0.33760 -0.09383
v -0.18949 0.33784 -0.09401
v -0.19583 0.34048 -0.07828
v -0.19566 0.34070 -0.07808
v 0.00558 0.32996 -0.07987
v 0.00580 0.33017 -0.08008
v 0.01805 0.33524 -0.06554
v 0.02209 0.33608 -0.06090
v 0.00027 0.32785 -0.09593
v 0.00007 0.32766 -0.09581
v 0.00007 0.32766 -0.09581
v -0.00013 0.32789 -0.09598
v -0.00551 0.33001 -0.07984
v -0.00536 0.33025 -0.07965
v 0.19568 0.34029 -0.07835
v 0.19584 0.34052 -0.07856
v 0.20814 0.34665 -0.06499
v 0.21253 0.34785 -0.06067
v 0.18951 0.33784 -0.09407
v 0.18934 0.33768 -0.09400
v 0.18934 0.33768 -0.09400
v 0.18907 0.33792 -0.09419
v 0.18462 0.33946 -0.07741
v 0.18473 0.33972 -0.07722
v -0.22139 0.36385 0.13261
v -0.22455 0.36415 0.12698
v -0.24857 0.36646 0.09050
v -0.24899 0.36584 0.09089
v -0.11786 0.34918 0.05414
v -0.12223 0.35022 0.05901
v -0.15113 0.35714 0.09355
v -0.15091 0.35647 0.09398
v -0.01847 0.35301 0.14020
v -0.02199 0.35294 0.13438
v -0.04888 0.35256 0.09716
v -0.04921 0.35191 0.09757
v 0.07975 0.34754 0.05558
v 0.07575 0.34820 0.06073
v 0.04867 0.35262 0.09725
v 0.04897 0.35197 0.09768
v 0.18426 0.36042 0.13422
v 0.18042 0.36002 0.12865
v 0.15075 0.35707 0.09345
v 0.15048 0.35639 0.09388
v 0.27761 0.36438 0.04963
v 0.27384 0.36461 0.05466
v 0.24850 0.36634 0.09060
v 0.24889 0.36573 0.09098
v -0.20839 0.34686 -0.06491
v -0.21271 0.34804 -0.06060
v -0.24107 0.35613 -0.02983
v -0.24089 0.35544 -0.02943
v -0.11552 0.34534 0.01112
v -0.11872 0.34551 0.00616
v -0.14328 0.34666 -0.02685
v -0.14365 0.34602 -0.02649
v -0.01809 0.33527 -0.06549
v -0.02213 0.33610 -0.06084
v -0.04904 0.34175 -0.02783
v -0.04877 0.34108 -0.02744
v 0.07936 0.34360 0.01125
v 0.07589 0.34341 0.00604
v 0.04884 0.34180 -0.02792
v 0.04854 0.34112 -0.02753
v 0.17198 0.34339 -0.06320
v 0.16826 0.34378 -0.05877
v 0.14292 0.34660 -0.02667
v 0.14324 0.34597 -0.02631
v 0.27448 0.36058 0.00672
v 0.27062 0.36003 0.00182
v 0.24098 0.35600 -0.02987
v 0.24078 0.35531 -0.02948
v -0.19894 0.35926 0.15047
v -0.19919 0.35906 0.15033
v -0.21050 0.36032 0.14922
v -0.21071 0.36013 0.14947
v 0.00606 0.35068 0.15741
v 0.00584 0.35046 0.15729
v -0.00561 0.35071 0.15699
v -0.00576 0.35050 0.15726
v 0.21076 0.36021 0.14969
v 0.21058 0.35998 0.14958
v 0.19911 0.35936 0.15000
v 0.19903 0.35914 0.15028
v -0.29031 0.36123 0.03381
v -0.29019 0.36098 0.03362
v -0.28890 0.36003 0.02175
v -0.28916 0.35983 0.02161
v -0.09258 0.34189 0.02749
v -0.09282 0.34168 0.02737
v -0.10402 0.34245 0.02664
v -0.10420 0.34226 0.02691
v 0.10432 0.34346 0.03915
v 0.10449 0.34324 0.03895
v 0.10423 0.34234 0.02715
v 0.10402 0.34210 0.02704
v 0.09274 0.34199 0.02699
v 0.09262 0.34179 0.02728
v 0.09263 0.34315 0.03933
v 0.09289 0.34296 0.03953
v 0.28940 0.36005 0.02132
v 0.28934 0.35984 0.02160
v 0.29007 0.36116 0.03346
v 0.29037 0.36098 0.03363
v -0.18490 0.33961 -0.07733
v -0.18478 0.33936 -0.07752
v -0.19600 0.34070 -0.07850
v -0.19583 0.34048 -0.07828
v 0.00544 0.33020 -0.07968
v 0.00558 0.32996 -0.07987
v -0.00573 0.33022 -0.08005
v -0.00551 0.33001 -0.07984
v 0.19551 0.34050 -0.07815
v 0.19568 0.34029 -0.07835
v 0.18434 0.33964 -0.07761
v 0.18462 0.33946 -0.07741
v -0.09324 0.34307 0.03962
v -0.09310 0.34283 0.03942
v -0.10489 0.34364 0.03884
v -0.10469 0.34343 0.03904
v -0.40047 0.29743 0.18788
v -0.40123 0.29899 0.18784
v -0.39927 0.29516 0.18696
v -0.39911 0.29521 0.18714
v -0.40210 0.29708 0.17990
v -0.39751 0.29401 0.17336
v -0.38674 0.29631 0.18180
v -0.36314 0.29047 0.20759
v -0.32301 0.28517 0.22571
v -0.38602 0.29370 0.19464
v -0.38674 0.29631 0.18180
v -0.36167 0.29369 0.20586
v -0.32206 0.28890 0.22370
v -0.27371 0.28026 0.23960
v -0.21958 0.27569 0.24928
v -0.27302 0.28416 0.23748
v -0.21902 0.27960 0.24714
v -0.16497 0.27143 0.25474
v -0.11005 0.26820 0.25743
v -0.21958 0.27569 0.24928
v -0.21902 0.27960 0.24714
v -0.16455 0.27534 0.25258
v -0.10978 0.27212 0.25526
v -0.05501 0.26675 0.25877
v 0.00010 0.26647 0.25910
v -0.05487 0.27066 0.25661
v 0.00010 0.27037 0.25695
v 0.05521 0.26675 0.25877
v 0.11025 0.26820 0.25743
v 0.00010 0.26647 0.25910
v 0.00010 0.27037 0.25695
v 0.05507 0.27066 0.25661
v 0.10998 0.27212 0.25526
v 0.16517 0.27143 0.25474
v 0.21978 0.27569 0.24928
v 0.16475 0.27534 0.25258
v 0.21922 0.27960 0.24714
v 0.27391 0.28026 0.23960
v 0.32318 0.28515 0.22571
v 0.21978 0.27569 0.24928
v 0.21922 0.27960 0.24714
v 0.27322 0.28416 0.23748
v 0.32227 0.28890 0.22370
v 0.39899 0.29255 0.14671
v 0.39476 0.29123 0.14929
v 0.39011 0.28703 0.11037
v 0.40208 0.29679 0.17964
v 0.39759 0.29381 0.17320
v 0.38695 0.29631 0.18180
v 0.39241 0.29452 0.14934
v 0.38769 0.29070 0.11076
v 0.40042 0.29705 0.18769
v 0.40085 0.29866 0.18836
v 0.39901 0.29485 0.18729
v 0.39910 0.29490 0.18699
v 0.38602 0.29349 0.19461
v 0.38695 0.29631 0.18180
v -0.38446 0.28349 0.06805
v -0.38992 0.28706 0.11039
v -0.37904 0.28012 0.02588
v -0.37658 0.28383 0.02583
v -0.38201 0.28725 0.06836
v -0.38749 0.29070 0.11076
v 0.38466 0.28349 0.06805
v 0.37924 0.28012 0.02588
v 0.38221 0.28725 0.06836
v 0.37678 0.28383 0.02583
v -0.37446 0.27640 -0.01265
v -0.37904 0.28012 0.02588
v -0.37021 0.27306 -0.04852
v -0.36783 0.27666 -0.04911
v -0.37201 0.28011 -0.01309
v -0.37658 0.28383 0.02583
v 0.37466 0.27640 -0.01265
v 0.37041 0.27306 -0.04852
v 0.37924 0.28012 0.02588
v 0.37678 0.28383 0.02583
v 0.37221 0.28011 -0.01309
v 0.36803 0.27666 -0.04911
v -0.37034 0.27256 -0.08061
v -0.36580 0.27080 -0.08275
v -0.36569 0.27131 -0.11010
v -0.36298 0.26936 -0.10419
v -0.35167 0.27047 -0.11137
v -0.36360 0.27406 -0.08293
v -0.36233 0.27018 -0.11741
v -0.36267 0.27171 -0.11810
v -0.36120 0.26806 -0.11673
v -0.36129 0.26815 -0.11650
v -0.34822 0.26561 -0.12243
v -0.35167 0.27047 -0.11137
v -0.24123 0.24593 -0.15241
v -0.28659 0.25265 -0.14538
v -0.19269 0.24018 -0.15610
v -0.19242 0.24442 -0.15459
v -0.24090 0.25015 -0.15090
v -0.28607 0.25670 -0.14391
v -0.14434 0.23520 -0.15893
v -0.19269 0.24018 -0.15610
v -0.09613 0.23163 -0.16044
v -0.09600 0.23587 -0.15897
v -0.14414 0.23945 -0.15744
v -0.19242 0.24442 -0.15459
v -0.04799 0.23010 -0.16018
v 0.00010 0.22984 -0.15960
v 0.00010 0.23405 -0.15816
v -0.04793 0.23432 -0.15873
v 0.04819 0.23010 -0.16018
v 0.00010 0.22984 -0.15960
v 0.09633 0.23163 -0.16044
v 0.09620 0.23587 -0.15897
v 0.04813 0.23432 -0.15873
v 0.00010 0.23405 -0.15816
v 0.14454 0.23520 -0.15893
v 0.19289 0.24018 -0.15610
v 0.19262 0.24442 -0.15459
v 0.14434 0.23945 -0.15744
v 0.24143 0.24593 -0.15241
v 0.19289 0.24018 -0.15610
v 0.28679 0.25265 -0.14538
v 0.28627 0.25670 -0.14391
v 0.24110 0.25015 -0.15090
v 0.19262 0.24442 -0.15459
v 0.32558 0.26053 -0.13253
v 0.34842 0.26563 -0.12244
v 0.35187 0.27047 -0.11137
v 0.32461 0.26408 -0.13122
v 0.36251 0.27028 -0.11746
v 0.36323 0.27187 -0.11754
v 0.36167 0.26818 -0.11635
v 0.36149 0.26821 -0.11654
v 0.36318 0.26938 -0.10420
v 0.35187 0.27047 -0.11137
v 0.39440 0.37173 0.18163
v 0.39705 0.37156 0.17726
v 0.39472 0.37343 0.16060
v 0.40014 0.35989 0.18462
v 0.40405 0.35826 0.17661
v 0.39195 0.37308 0.13506
v -0.35762 0.34537 -0.11963
v -0.36112 0.34600 -0.11488
v -0.36259 0.35057 -0.10077
v -0.36240 0.33318 -0.12071
v -0.36796 0.33302 -0.11198
v -0.36555 0.35434 -0.07923
v -0.39181 0.37308 0.13506
v -0.39462 0.37343 0.16060
v -0.40401 0.35826 0.17661
v -0.39697 0.37156 0.17726
v -0.40006 0.35989 0.18462
v -0.39430 0.37173 0.18163
v 0.36569 0.35434 -0.07923
v 0.36269 0.35057 -0.10077
v 0.36800 0.33302 -0.11198
v 0.36120 0.34600 -0.11488
v 0.36247 0.33318 -0.12071
v 0.35773 0.34537 -0.11963
v 0.40986 0.34175 0.17673
v 0.40550 0.34151 0.18600
v 0.40771 0.32283 0.18677
v 0.41106 0.32516 0.17855
v 0.37353 0.31669 -0.10986
v 0.36729 0.31477 -0.11970
v -0.37351 0.31669 -0.10986
v -0.36723 0.31477 -0.11970
v -0.36923 0.29611 -0.11850
v -0.37430 0.29991 -0.11009
v -0.41105 0.32521 0.17860
v -0.40984 0.34175 0.17673
v -0.40767 0.32288 0.18682
v -0.40544 0.34151 0.18600
v -0.40689 0.30319 0.13913
v -0.40894 0.30750 0.16469
v -0.39891 0.29270 0.14685
v 0.40696 0.30309 0.13903
v 0.40894 0.30736 0.16455
v -0.37954 0.28436 -0.07458
v -0.37559 0.28446 -0.09669
v 0.37968 0.28436 -0.07457
v 0.37052 0.27256 -0.08061
v 0.39718 0.35972 0.19176
v 0.39444 0.35768 0.19977
v 0.39883 0.34107 0.20313
v 0.40221 0.34131 0.19386
v 0.36484 0.29465 -0.12597
v 0.35973 0.29510 -0.13461
v 0.35717 0.31127 -0.13766
v 0.36252 0.31319 -0.12781
v 0.35372 0.32827 -0.13653
v 0.35816 0.33174 -0.12814
v -0.35805 0.33174 -0.12814
v -0.35357 0.32827 -0.13653
v -0.35702 0.31127 -0.13766
v -0.36242 0.31319 -0.12781
v -0.39869 0.34107 0.20313
v -0.40212 0.34131 0.19386
v -0.39429 0.35768 0.19977
v -0.39707 0.35972 0.19176
v -0.40987 0.31187 0.18105
v -0.40631 0.30882 0.18608
v 0.40986 0.31174 0.18092
v 0.40631 0.30863 0.18593
v -0.37268 0.28613 -0.11137
v -0.36818 0.28212 -0.11643
v 0.36144 0.28243 -0.13019
v 0.36378 0.28067 -0.12391
v 0.38982 0.37113 0.19478
v 0.39085 0.37151 0.19024
v -0.35027 0.34241 -0.13353
v -0.35232 0.34362 -0.12874
v -0.39070 0.37151 0.19024
v -0.38965 0.37113 0.19477
v 0.35247 0.34362 -0.12874
v 0.35043 0.34241 -0.13353
v -0.39188 0.37133 0.18636
v -0.39725 0.35796 0.18863
v -0.39178 0.37162 0.18594
v -0.39642 0.35980 0.18819
v -0.35471 0.34427 -0.12390
v -0.35946 0.33072 -0.12385
v -0.35432 0.34449 -0.12418
v -0.35829 0.33246 -0.12443
v 0.35447 0.34415 -0.12452
v 0.35908 0.33056 -0.12467
v 0.35444 0.34449 -0.12418
v 0.35838 0.33246 -0.12443
v 0.39772 0.35798 0.18775
v 0.40260 0.34142 0.18943
v 0.39652 0.35980 0.18819
v 0.40141 0.34141 0.18993
v 0.40384 0.32244 0.19035
v 0.40495 0.32246 0.18988
v 0.36606 0.29519 -0.12171
v 0.36385 0.31407 -0.12329
v 0.36498 0.29511 -0.12214
v 0.36270 0.31398 -0.12376
v 0.35838 0.33246 -0.12443
v 0.35955 0.33072 -0.12385
v -0.36377 0.31407 -0.12329
v -0.36261 0.31398 -0.12376
v -0.36489 0.29510 -0.12213
v -0.36597 0.29518 -0.12171
v -0.40489 0.32251 0.18992
v -0.40252 0.34142 0.18943
v -0.40378 0.32251 0.19038
v -0.40133 0.34141 0.18993
v -0.39642 0.35980 0.18819
v -0.39763 0.35798 0.18775
v -0.40448 0.32249 0.19088
v -0.40330 0.30710 0.18985
v -0.40378 0.32251 0.19038
v -0.40283 0.30712 0.18936
v -0.40047 0.29743 0.18788
v -0.40095 0.29898 0.18846
v 0.40324 0.30687 0.18978
v 0.40282 0.30688 0.18924
v 0.40384 0.32244 0.19035
v 0.40453 0.32243 0.19087
v -0.36455 0.27969 -0.12013
v -0.36421 0.27976 -0.11968
v -0.36489 0.29510 -0.12213
v -0.36543 0.29501 -0.12259
v 0.36517 0.27987 -0.11939
v 0.36436 0.27982 -0.11971
v -0.39216 0.37135 0.18568
v -0.39178 0.37162 0.18594
v -0.35435 0.34415 -0.12452
v -0.35432 0.34449 -0.12418
v -0.35898 0.33057 -0.12467
v -0.35829 0.33246 -0.12443
v 0.35483 0.34427 -0.12390
v 0.35444 0.34449 -0.12418
v 0.39735 0.35796 0.18863
v 0.39200 0.37133 0.18636
v 0.39652 0.35980 0.18819
v 0.39190 0.37162 0.18594
v 0.39190 0.37162 0.18594
v 0.39228 0.37135 0.18568
v 0.40218 0.34140 0.19044
v 0.40141 0.34141 0.18993
v 0.36498 0.29511 -0.12214
v 0.36553 0.29502 -0.12260
v 0.36331 0.31389 -0.12422
v 0.36270 0.31398 -0.12376
v -0.36322 0.31389 -0.12422
v -0.36261 0.31398 -0.12376
v -0.40210 0.34140 0.19043
v -0.40133 0.34141 0.18993
v -0.40366 0.30712 0.18903
v -0.40283 0.30712 0.18936
v 0.40042 0.29705 0.18769
v 0.40122 0.29867 0.18762
v 0.40366 0.30689 0.18887
v 0.40282 0.30688 0.18924
v -0.36233 0.27018 -0.11741
v -0.36305 0.27182 -0.11751
v -0.36503 0.27983 -0.11937
v -0.36421 0.27976 -0.11968
v 0.36251 0.27028 -0.11746
v 0.36285 0.27177 -0.11814
v 0.36470 0.27973 -0.12016
v 0.36436 0.27982 -0.11971
v -0.39463 0.29133 0.14939
v -0.39221 0.29452 0.14934
v -0.39907 0.29515 0.18738
v -0.39911 0.29521 0.18714
v -0.36147 0.26813 -0.11632
v -0.36129 0.26815 -0.11650
v -0.32538 0.26053 -0.13253
v -0.32441 0.26408 -0.13122
v 0.39929 0.29485 0.18675
v 0.39910 0.29490 0.18699
v 0.36321 0.29037 0.20758
v 0.36187 0.29369 0.20586
v 0.36140 0.26812 -0.11676
v 0.36149 0.26821 -0.11654
v 0.36600 0.27080 -0.08275
v 0.36380 0.27406 -0.08293
vt 0.00790 -1.07475
vt 0.06927 -1.09767
vt 0.07820 -1.03901
vt 0.02607 -1.01320
vt 0.13610 -1.12586
vt 0.14689 -1.06396
vt 0.15117 -0.99202
vt 0.09034 -0.96532
vt 0.03693 -0.94557
vt 0.27893 -1.17341
vt 0.28828 -1.11423
vt 0.23548 -1.08301
vt 0.21734 -1.15089
vt 0.30686 -1.06961
vt 0.28831 -1.05492
vt 0.28229 -1.02966
vt 0.22287 -1.01410
vt 0.31282 -1.06726
vt 0.32379 -1.11556
vt 0.38102 -1.10171
vt 0.33378 -1.05851
vt 0.32191 -1.17591
vt 0.38656 -1.17547
vt 0.47781 -1.18123
vt 0.48047 -1.11127
vt 0.48320 -1.03588
vt 0.40472 -1.03346
vt 0.34385 -1.03472
vt 0.63362 -1.18867
vt 0.63625 -1.12814
vt 0.58028 -1.10957
vt 0.56920 -1.18290
vt 0.65032 -1.08059
vt 0.63021 -1.06996
vt 0.62192 -1.04510
vt 0.56161 -1.03936
vt 0.65609 -1.08968
vt 0.67265 -1.13646
vt 0.72770 -1.11528
vt 0.67564 -1.07811
vt 0.67827 -1.19670
vt 0.74232 -1.18788
vt 0.83357 -1.18215
vt 0.82771 -1.11254
vt 0.82146 -1.03751
vt 0.74300 -1.04450
vt 0.68270 -1.05295
vt 0.98913 -1.17114
vt 0.98455 -1.11104
vt 0.92675 -1.09905
vt 0.92450 -1.17291
vt 0.99335 -1.06240
vt 0.97203 -1.05406
vt 0.96093 -1.03030
vt 0.89991 -1.03168
vt 1.01084 -1.05541
vt 1.02853 -1.10050
vt 1.08200 -1.07037
vt 1.02967 -1.04106
vt 1.03668 -1.15996
vt 1.09870 -1.13873
vt 1.18039 -1.11545
vt 1.17106 -1.05329
vt 1.16857 -0.98124
vt 1.09620 -1.00174
vt 1.03625 -1.01597
vt 1.24765 -1.08869
vt 1.24024 -1.02985
vt 1.30908 -1.06712
vt 1.29287 -1.00531
vt 1.28402 -0.93745
vt 1.23009 -0.95590
vt 0.05148 -0.81547
vt 0.04826 -0.87080
vt 0.10659 -0.87710
vt 0.09842 -0.82148
vt 0.15828 -0.91237
vt 0.16283 -0.84606
vt 0.14299 -0.83288
vt 0.13560 -0.81253
vt 0.21670 -0.94243
vt 0.18262 -0.85530
vt 0.28049 -1.00623
vt 0.28781 -0.99912
vt 0.23478 -0.92853
vt 0.19118 -0.85027
vt 0.48623 -0.95042
vt 0.42187 -0.95596
vt 0.48906 -0.86575
vt 0.46876 -0.86672
vt 0.46127 -0.85925
vt 0.40623 -0.93570
vt 0.34278 -1.00145
vt 0.34917 -1.01039
vt 0.54996 -0.96058
vt 0.50928 -0.86809
vt 0.61831 -1.02022
vt 0.62515 -1.01165
vt 0.56686 -0.94137
vt 0.51714 -0.86108
vt 0.81438 -0.95262
vt 0.75093 -0.96556
vt 0.80769 -0.86852
vt 0.78755 -0.87176
vt 0.77931 -0.86502
vt 0.73300 -0.94712
vt 0.67779 -1.01965
vt 0.68509 -1.02794
vt 0.87899 -0.95509
vt 0.82786 -0.86836
vt 0.95440 -1.00603
vt 0.96027 -0.99669
vt 0.89347 -0.93398
vt 0.83480 -0.86034
vt 1.16346 -0.90142
vt 1.10408 -0.93021
vt 1.16059 -0.83501
vt 1.14047 -0.84385
vt 1.13197 -0.83868
vt 1.08623 -0.91597
vt 1.03131 -0.98537
vt 1.03854 -0.99260
vt 1.21618 -0.86732
vt 1.18085 -0.82227
vt 1.27478 -0.86245
vt 1.27310 -0.80708
vt 1.22589 -0.81190
vt 1.18883 -0.80209
vt 0.17699 -0.77632
vt 0.18235 -0.71282
vt 0.12782 -0.74149
vt 0.15611 -0.78672
vt 0.18774 -0.63883
vt 0.12689 -0.66118
vt 0.07307 -0.67695
vt 0.07031 -0.74139
vt 0.06324 -0.78784
vt 0.11044 -0.78981
vt 0.14556 -0.80451
vt 0.33386 -0.80763
vt 0.33967 -0.72620
vt 0.27700 -0.73225
vt 0.26627 -0.80680
vt 0.34467 -0.65186
vt 0.32488 -0.65289
vt 0.31776 -0.64600
vt 0.26244 -0.71457
vt 0.19899 -0.77435
vt 0.20478 -0.78252
vt 0.20191 -0.80537
vt 0.40111 -0.73559
vt 0.36431 -0.65417
vt 0.40122 -0.81039
vt 0.46486 -0.81257
vt 0.46524 -0.78959
vt 0.47189 -0.78196
vt 0.41793 -0.71897
vt 0.37216 -0.64793
vt 0.66499 -0.82772
vt 0.66495 -0.74121
vt 0.60302 -0.74838
vt 0.59765 -0.82738
vt 0.66497 -0.66157
vt 0.64527 -0.66311
vt 0.63775 -0.65615
vt 0.58728 -0.72960
vt 0.52872 -0.79383
vt 0.53498 -0.80214
vt 0.53378 -0.82613
vt 0.72676 -0.74832
vt 0.68462 -0.66305
vt 0.73222 -0.82736
vt 0.79594 -0.82611
vt 0.79462 -0.80206
vt 0.80071 -0.79368
vt 0.74230 -0.72947
vt 0.69205 -0.65605
vt 0.98715 -0.81941
vt 0.98126 -0.73817
vt 0.91961 -0.74757
vt 0.91962 -0.82219
vt 0.97619 -0.66392
vt 0.95641 -0.66627
vt 0.94840 -0.65998
vt 0.90252 -0.73100
vt 0.84859 -0.79393
vt 0.85539 -0.80149
vt 0.85588 -0.82438
vt 1.04398 -0.74406
vt 0.99596 -0.66471
vt 1.05480 -0.81859
vt 1.11923 -0.81717
vt 1.11633 -0.79434
vt 1.12208 -0.78613
vt 1.05843 -0.72624
vt 1.00299 -0.65757
vt 1.17755 -0.80969
vt 1.21282 -0.79532
vt 1.19590 -0.74685
vt 1.16717 -0.79181
vt 1.26004 -0.79381
vt 1.25341 -0.74730
vt 1.25127 -0.68283
vt 1.19761 -0.66654
vt 1.13693 -0.64360
vt 1.14158 -0.71765
vt 1.14637 -0.78122
vt 0.12779 -0.59420
vt 0.07527 -0.61729
vt 0.19430 -0.57309
vt 0.19317 -0.51599
vt 0.12921 -0.54004
vt 0.07051 -0.56133
vt 0.31433 -0.61059
vt 0.32255 -0.58712
vt 0.27687 -0.55936
vt 0.25697 -0.62187
vt 0.34042 -0.57433
vt 0.32719 -0.53351
vt 0.32408 -0.47990
vt 0.26788 -0.49696
vt 0.36075 -0.59458
vt 0.37833 -0.60412
vt 0.42605 -0.56574
vt 0.37629 -0.55170
vt 0.38519 -0.62732
vt 0.44228 -0.62918
vt 0.51527 -0.62782
vt 0.51704 -0.55819
vt 0.51835 -0.49327
vt 0.43751 -0.49803
vt 0.38087 -0.49727
vt 0.64541 -0.62115
vt 0.65328 -0.59719
vt 0.60759 -0.56056
vt 0.58821 -0.62546
vt 0.67103 -0.58666
vt 0.65770 -0.54339
vt 0.65543 -0.48816
vt 0.59893 -0.49272
vt 0.65373 -0.58793
vt 0.67153 -0.59842
vt 0.71738 -0.56230
vt 0.66733 -0.54478
vt 0.67939 -0.62223
vt 0.73630 -0.62727
vt 0.80907 -0.63039
vt 0.80782 -0.56066
vt 0.80690 -0.49567
vt 0.72643 -0.49454
vt 0.67002 -0.48956
vt 0.93867 -0.63032
vt 0.94583 -0.60692
vt 0.89855 -0.56849
vt 0.88180 -0.63207
vt 0.96352 -0.59730
vt 0.94834 -0.55444
vt 0.94418 -0.50018
vt 0.88759 -0.50077
vt 0.98463 -0.57765
vt 1.00236 -0.59064
vt 1.04847 -0.56329
vt 0.99839 -0.53694
vt 1.01032 -0.61412
vt 1.06773 -0.62595
vt 1.13102 -0.57780
vt 1.13275 -0.52070
vt 1.05819 -0.50095
vt 1.00216 -0.48333
vt 1.19737 -0.59955
vt 1.24965 -0.62315
vt 1.25498 -0.56725
vt 1.19648 -0.54539
vt -0.02151 -1.20907
vt 0.02722 -1.23393
vt 0.04317 -1.20599
vt -0.00558 -1.18178
vt 0.09356 -1.26455
vt 0.10871 -1.23538
vt 0.12040 -1.20383
vt 0.05506 -1.17479
vt 0.00692 -1.15111
vt 0.23834 -1.31939
vt 0.25204 -1.28801
vt 0.18742 -1.26524
vt 0.17295 -1.29595
vt 0.26332 -1.25399
vt 0.19887 -1.23247
vt 0.47022 -1.33700
vt 0.47193 -1.30220
vt 0.38086 -1.29721
vt 0.37834 -1.33192
vt 0.47373 -1.26649
vt 0.38354 -1.26163
vt 0.31519 -1.25716
vt 0.31186 -1.29258
vt 0.30886 -1.32645
vt 0.63194 -1.34017
vt 0.63228 -1.30622
vt 0.56311 -1.30497
vt 0.56221 -1.33973
vt 0.63252 -1.27062
vt 0.56401 -1.26929
vt 0.84724 -1.33771
vt 0.84414 -1.30294
vt 0.75319 -1.30952
vt 0.75546 -1.34425
vt 0.84096 -1.26725
vt 0.75092 -1.27388
vt 0.68258 -1.27829
vt 0.68417 -1.31380
vt 0.68586 -1.34771
vt 1.00804 -1.32116
vt 1.00369 -1.28746
vt 0.93492 -1.29454
vt 0.93884 -1.32914
vt 0.99897 -1.25221
vt 0.93085 -1.25904
vt 1.22027 -1.25499
vt 1.20565 -1.22554
vt 1.12639 -1.25380
vt 1.14030 -1.28480
vt 1.19453 -1.19377
vt 1.11554 -1.22079
vt 1.05070 -1.24097
vt 1.06133 -1.27524
vt 1.07445 -1.30691
vt 1.28714 -1.22568
vt 1.27171 -1.19742
vt 1.33628 -1.20175
vt 1.32087 -1.17413
vt 1.30889 -1.14329
vt 1.26037 -1.16603
vt 1.42888 -0.90175
vt 1.39456 -0.90173
vt 1.39918 -0.96325
vt 1.43259 -0.96393
vt 1.35995 -0.90804
vt 1.36543 -0.97032
vt 1.37022 -1.02120
vt 1.40288 -1.01462
vt 1.43502 -1.01482
vt 1.41866 -0.79061
vt 1.38461 -0.79294
vt 1.38909 -0.84002
vt 1.42378 -0.83876
vt 1.34918 -0.79660
vt 1.35394 -0.84495
vt 1.39751 -0.69939
vt 1.36393 -0.70662
vt 1.36860 -0.75378
vt 1.40283 -0.74821
vt 1.32895 -0.70594
vt 1.33328 -0.75493
vt 1.33651 -0.79206
vt 1.37196 -0.78931
vt 1.40582 -0.78517
vt 1.39128 -0.64951
vt 1.35868 -0.65798
vt 1.38553 -0.60648
vt 1.35408 -0.61462
vt 1.32089 -0.61292
vt 1.32436 -0.65602
vt 1.27106 -0.43162
vt 1.22312 -0.40899
vt 1.20839 -0.43730
vt 1.25633 -0.45948
vt 1.16089 -0.38224
vt 1.14715 -0.41166
vt 1.13819 -0.44369
vt 1.19933 -0.46913
vt 1.24652 -0.49092
vt 1.03202 -0.33710
vt 1.01986 -0.36903
vt 1.07675 -0.38715
vt 1.08971 -0.35606
vt 1.01085 -0.40370
vt 1.06779 -0.42045
vt 0.80978 -0.34225
vt 0.80804 -0.37681
vt 0.88630 -0.38118
vt 0.88904 -0.34668
vt 0.80697 -0.41230
vt 0.88459 -0.41663
vt 0.94363 -0.42069
vt 0.94585 -0.38526
vt 0.94918 -0.35150
vt 0.67101 -0.33922
vt 0.67083 -0.37337
vt 0.73001 -0.37441
vt 0.73080 -0.33970
vt 0.67079 -0.40916
vt 0.72954 -0.41007
vt 0.51648 -0.34017
vt 0.51803 -0.37467
vt 0.59612 -0.37263
vt 0.59551 -0.33793
vt 0.51888 -0.41008
vt 0.59636 -0.40827
vt 0.65516 -0.40768
vt 0.65532 -0.37184
vt 0.65533 -0.33764
vt 0.37692 -0.34854
vt 0.38011 -0.38230
vt 0.43970 -0.37859
vt 0.43714 -0.34414
vt 0.38214 -0.41771
vt 0.44120 -0.41399
vt 0.16639 -0.37724
vt 0.17984 -0.40680
vt 0.25049 -0.38300
vt 0.23784 -0.35178
vt 0.18849 -0.43892
vt 0.25912 -0.41638
vt 0.31622 -0.40020
vt 0.30756 -0.36545
vt 0.29571 -0.33340
vt 0.10389 -0.40336
vt 0.11835 -0.43183
vt 0.05571 -0.42552
vt 0.07017 -0.45353
vt 0.07968 -0.48507
vt 0.12710 -0.46375
vt -0.07339 -0.69213
vt -0.03986 -0.69967
vt -0.03420 -0.65110
vt -0.06672 -0.64233
vt -0.00487 -0.69931
vt 0.00015 -0.64946
vt 0.00398 -0.60641
vt -0.02922 -0.60781
vt -0.06059 -0.59937
vt -0.08246 -0.77782
vt -0.04863 -0.78227
vt -0.04495 -0.74677
vt -0.07914 -0.74089
vt -0.01321 -0.78535
vt -0.00963 -0.74826
vt -0.10684 -0.90554
vt -0.07248 -0.90649
vt -0.06520 -0.84496
vt -0.09990 -0.84272
vt -0.03805 -0.91382
vt -0.03018 -0.85092
vt -0.02409 -0.80272
vt -0.05940 -0.79803
vt -0.09341 -0.79475
vt -0.11249 -0.96762
vt -0.07909 -0.96784
vt -0.11653 -1.01846
vt -0.08449 -1.01910
vt -0.05205 -1.02665
vt -0.04555 -0.97592
vt -0.04806 -1.19495
vt -0.05895 -1.21395
vt -0.03984 -1.23049
vt -0.06194 -1.19093
vt -0.07030 -1.21660
vt -0.06399 -1.24352
vt 1.37795 -1.23753
vt 1.38475 -1.21049
vt 1.37355 -1.20753
vt 1.35415 -1.22377
vt 1.37695 -1.18441
vt 1.36305 -1.18814
vt 0.03727 -0.40408
vt 0.01709 -0.41986
vt 0.02722 -0.43907
vt 0.01225 -0.39108
vt 0.00457 -0.41747
vt 0.01106 -0.44346
vt 1.43048 -0.56322
vt 1.40825 -0.55609
vt 1.40249 -0.57003
vt 1.41121 -0.58919
vt 1.38237 -0.55989
vt 1.38164 -0.57822
vt 0.05927 -1.31202
vt 0.07521 -1.29133
vt 0.00744 -1.25810
vt -0.00951 -1.27629
vt 0.15580 -1.32474
vt 0.14083 -1.34716
vt 0.22563 -1.38778
vt 0.22291 -1.34756
vt 0.37594 -1.36600
vt 0.46858 -1.37122
vt 0.30627 -1.35828
vt 0.28029 -1.39302
vt 0.37415 -1.39323
vt 0.46731 -1.39855
vt 0.56134 -1.37387
vt 0.56059 -1.40113
vt 0.65402 -1.40888
vt 0.63145 -1.37209
vt 0.75770 -1.37836
vt 0.85025 -1.37188
vt 0.68761 -1.37957
vt 0.66654 -1.41729
vt 0.75954 -1.40558
vt 0.85261 -1.39915
vt 0.94260 -1.36312
vt 0.94547 -1.39026
vt 1.03924 -1.38656
vt 1.01190 -1.35284
vt 1.15692 -1.31392
vt 1.23813 -1.28215
vt 1.08936 -1.33538
vt 1.08587 -1.37554
vt 1.17147 -1.33662
vt 1.25368 -1.30318
vt 1.30644 -1.25037
vt 1.32304 -1.26903
vt -0.13428 -0.84399
vt -0.14093 -0.91088
vt -0.12537 -0.79278
vt -0.15972 -0.77252
vt -0.16184 -0.84633
vt -0.16823 -0.91742
vt 1.46278 -0.90805
vt 1.45807 -0.84103
vt 1.48987 -0.91536
vt 1.48553 -0.84418
vt 1.48555 -0.77031
vt 1.45064 -0.78957
vt -0.10483 -0.67705
vt -0.11201 -0.73090
vt -0.12936 -0.66229
vt -0.13798 -0.72134
vt -0.15162 -0.78070
vt -0.11393 -0.77228
vt 1.43578 -0.73850
vt 1.42907 -0.68460
vt 1.43734 -0.77990
vt 1.47496 -0.78864
vt 1.46182 -0.72916
vt 1.45370 -0.67005
vt 0.08401 -0.37930
vt 0.14839 -0.35054
vt 0.13217 -0.33012
vt 0.06637 -0.36147
vt 0.22145 -0.32281
vt 0.28131 -0.30477
vt 0.28251 -0.26558
vt 0.20664 -0.30038
vt 0.43364 -0.31035
vt 0.37300 -0.31693
vt 0.51424 -0.30625
vt 0.51219 -0.27913
vt 0.43053 -0.28337
vt 0.34753 -0.28209
vt 0.59454 -0.30385
vt 0.65510 -0.30556
vt 0.67497 -0.26847
vt 0.59356 -0.27665
vt 0.81217 -0.30828
vt 0.73190 -0.30562
vt 0.81435 -0.28114
vt 0.73298 -0.27841
vt 0.65156 -0.27013
vt 0.67134 -0.30719
vt 0.89273 -0.31287
vt 0.89599 -0.28588
vt 0.95330 -0.31989
vt 0.97902 -0.28524
vt 1.17916 -0.35573
vt 1.10639 -0.32726
vt 1.19559 -0.33547
vt 1.12144 -0.30499
vt 1.04592 -0.26942
vt 1.04672 -0.30862
vt 1.24323 -0.38513
vt 1.26106 -0.36750
vt 1.28970 -0.41037
vt 1.31485 -0.39765
vt 0.01496 -1.11953
vt 0.06266 -1.14080
vt 0.12840 -1.16990
vt 0.20699 -1.19753
vt 0.27145 -1.21789
vt 0.47562 -1.22957
vt 0.38642 -1.22491
vt 0.31879 -1.22069
vt 0.56491 -1.23237
vt 0.63267 -1.23380
vt 0.83771 -1.23036
vt 0.74867 -1.23704
vt 0.68110 -1.24162
vt 0.92662 -1.22237
vt 0.99402 -1.21581
vt 1.18716 -1.15968
vt 1.10810 -1.18566
vt 1.04328 -1.20466
vt 1.25335 -1.13194
vt 1.30135 -1.11163
vt -0.00372 -0.92762
vt 0.00515 -0.86080
vt 0.01175 -0.80888
vt 1.31827 -0.85371
vt 1.32521 -0.92072
vt 1.31311 -0.80164
vt 0.02664 -0.74506
vt 0.03097 -0.69070
vt 0.02305 -0.78678
vt 1.29323 -0.69699
vt 1.29704 -0.75138
vt 1.30023 -0.79314
vt 0.19208 -0.47329
vt 0.12985 -0.49819
vt 0.08323 -0.51711
vt 0.26344 -0.45184
vt 0.32107 -0.43691
vt 0.44152 -0.45062
vt 0.51898 -0.44676
vt 0.38261 -0.45432
vt 0.59625 -0.44512
vt 0.65489 -0.44469
vt 0.72942 -0.44695
vt 0.80660 -0.44907
vt 0.67085 -0.44612
vt 0.88398 -0.45333
vt 0.94284 -0.45730
vt 1.06312 -0.45586
vt 1.13426 -0.47802
vt 1.00563 -0.44035
vt 1.24267 -0.52291
vt 1.19625 -0.50354
vt 0.31227 -1.03276
vt 0.31085 -1.03997
vt 0.28929 -1.02755
vt 0.30288 -1.04341
vt 0.32114 -0.97933
vt 0.31691 -1.01832
vt 0.32142 -1.01659
vt 0.34080 -0.97893
vt 0.31259 -1.04078
vt 0.32335 -1.02151
vt 0.34746 -0.98711
vt 0.31243 -1.03429
vt 0.30969 -1.02881
vt 0.33350 -1.03275
vt 0.31447 -1.02595
vt 0.31281 -1.04236
vt 0.31956 -1.04747
vt 0.65181 -1.05479
vt 0.65117 -1.06240
vt 0.62983 -1.05244
vt 0.64398 -1.06694
vt 0.66501 -1.00272
vt 0.66509 -1.04221
vt 0.66906 -1.04008
vt 0.68446 -1.00115
vt 0.66524 -1.06486
vt 0.67175 -1.04479
vt 0.69179 -1.00874
vt 0.65281 -1.04546
vt 0.64951 -1.04055
vt 0.67475 -1.04190
vt 0.65425 -1.03731
vt 0.65382 -1.05304
vt 0.66126 -1.05722
vt 1.00603 -1.01995
vt 1.00547 -1.02796
vt 0.98521 -1.01797
vt 0.99868 -1.03299
vt 0.99968 -0.99088
vt 1.00420 -1.02991
vt 1.00755 -1.02754
vt 1.01901 -0.98897
vt 1.00918 -1.05249
vt 1.01102 -1.03211
vt 1.02702 -0.99635
vt 0.99256 -1.02710
vt 0.98854 -1.02254
vt 1.01554 -1.02113
vt 0.99312 -1.01877
vt 0.99423 -1.03458
vt 1.00237 -1.03796
vt 0.16899 -0.80447
vt 0.17096 -0.80866
vt 0.20113 -0.82937
vt 0.14523 -0.80361
vt 0.16591 -0.81123
vt 0.19390 -0.83768
vt 0.17543 -0.80873
vt 0.18074 -0.80534
vt 0.19698 -0.76962
vt 0.17619 -0.83170
vt 0.18356 -0.81009
vt 0.20425 -0.77587
vt 0.16821 -0.80927
vt 0.16352 -0.81650
vt 0.16666 -0.81385
vt 0.15928 -0.81192
vt 0.17173 -0.79326
vt 0.15580 -0.80441
vt 0.50179 -0.82613
vt 0.50384 -0.83019
vt 0.53467 -0.85072
vt 0.47964 -0.82700
vt 0.49922 -0.83314
vt 0.52814 -0.85931
vt 0.50994 -0.78389
vt 0.50858 -0.82093
vt 0.51259 -0.81873
vt 0.52888 -0.78222
vt 0.50769 -0.84387
vt 0.51509 -0.82342
vt 0.53577 -0.78941
vt 0.49620 -0.81448
vt 0.49426 -0.80992
vt 0.51715 -0.81693
vt 0.49863 -0.80749
vt 0.48989 -0.82747
vt 0.48571 -0.82940
vt 0.48963 -0.80669
vt 0.48289 -0.82508
vt 0.82461 -0.82628
vt 0.82678 -0.83020
vt 0.85846 -0.84847
vt 0.80388 -0.82872
vt 0.82257 -0.83345
vt 0.85259 -0.85751
vt 0.81257 -0.78659
vt 0.81387 -0.82374
vt 0.81781 -0.82170
vt 0.83154 -0.78585
vt 0.81527 -0.84681
vt 0.82074 -0.82656
vt 0.83890 -0.79336
vt 0.82797 -0.82608
vt 0.82551 -0.82170
vt 0.85033 -0.82690
vt 0.82986 -0.81893
vt 0.80544 -0.83028
vt 0.80117 -0.83267
vt 0.80543 -0.80920
vt 0.79823 -0.82852
vt 1.15306 -0.78209
vt 1.15758 -0.80274
vt 1.16507 -0.80096
vt 1.16877 -0.79354
vt 1.14765 -0.81364
vt 1.15486 -0.81425
vt 1.14669 -0.83659
vt 1.15949 -0.82151
vt 1.15219 -0.81627
vt 1.14933 -0.81217
vt 1.17596 -0.81539
vt 1.15379 -0.80913
vt 1.15271 -0.80681
vt 1.14914 -0.80301
vt 0.35543 -0.62915
vt 0.35877 -0.63365
vt 0.38866 -0.65010
vt 0.33347 -0.63462
vt 0.35436 -0.63707
vt 0.38253 -0.65849
vt 0.35518 -0.62134
vt 0.34852 -0.61732
vt 0.34310 -0.60975
vt 0.34403 -0.60132
vt 0.36281 -0.61617
vt 0.35054 -0.59720
vt 0.34613 -0.61690
vt 0.34205 -0.61878
vt 0.34568 -0.59584
vt 0.33929 -0.61438
vt 0.65037 -0.62334
vt 0.65382 -0.62803
vt 0.68405 -0.64559
vt 0.62984 -0.62949
vt 0.64979 -0.63173
vt 0.67843 -0.65413
vt 0.64964 -0.61522
vt 0.64304 -0.61124
vt 0.67458 -0.62237
vt 0.67519 -0.61411
vt 0.69524 -0.62825
vt 0.68176 -0.61000
vt 0.66500 -0.62493
vt 0.66078 -0.62703
vt 0.66507 -0.60406
vt 0.65800 -0.62281
vt 0.98159 -0.61300
vt 0.98495 -0.61779
vt 1.01516 -0.63624
vt 0.96199 -0.61925
vt 0.98107 -0.62148
vt 1.00960 -0.64392
vt 0.98074 -0.60463
vt 0.97431 -0.60042
vt 0.96832 -0.63252
vt 0.96876 -0.62446
vt 0.99025 -0.63866
vt 0.97549 -0.62047
vt 0.97490 -0.62887
vt 0.97045 -0.63127
vt 0.97578 -0.60757
vt 0.96763 -0.62708
vt 0.24860 -0.90602
vt 0.26592 -0.88646
vt 0.29370 -0.98442
vt 0.30178 -0.97724
vt 0.32761 -0.89498
vt 0.40431 -0.91114
vt 0.39010 -0.89012
vt 0.46785 -0.84584
vt 0.46215 -0.83674
vt 0.58715 -0.92892
vt 0.60298 -0.90909
vt 0.63810 -1.00871
vt 0.64550 -1.00113
vt 0.66497 -0.91714
vt 0.74247 -0.92900
vt 0.72683 -0.90912
vt 0.80130 -0.85942
vt 0.79494 -0.85075
vt 0.91612 -0.92280
vt 0.93058 -0.90178
vt 0.97312 -0.99877
vt 0.97990 -0.99050
vt 0.99327 -0.90661
vt 1.07225 -0.91791
vt 1.05502 -0.89822
vt 1.12717 -0.84950
vt 1.11998 -0.84116
vt 0.25565 -0.70384
vt 0.24117 -0.68883
vt 0.31454 -0.64052
vt 0.30917 -0.63272
vt 0.43740 -0.71911
vt 0.45303 -0.70044
vt 0.48372 -0.79010
vt 0.49110 -0.78287
vt 0.51271 -0.70606
vt 0.58716 -0.71632
vt 0.57282 -0.69786
vt 0.64611 -0.65332
vt 0.64057 -0.64465
vt 0.73600 -0.71801
vt 0.75074 -0.69974
vt 0.78609 -0.79196
vt 0.79335 -0.78474
vt 0.81068 -0.70864
vt 0.88541 -0.72236
vt 0.87019 -0.70343
vt 0.94046 -0.66179
vt 0.93470 -0.65323
vt 1.06808 -0.70785
vt 1.08284 -0.69305
vt 1.11903 -0.78045
vt 1.12640 -0.77430
vt 0.31603 -1.02829
vt 0.31126 -1.02476
vt 0.31344 -1.01582
vt 0.31002 -1.02025
vt 0.65482 -1.04966
vt 0.64991 -1.04664
vt 0.66106 -1.04007
vt 0.65839 -1.04478
vt 1.00882 -1.01454
vt 1.00409 -1.01160
vt 0.99955 -1.02817
vt 0.99765 -1.03319
vt 0.17138 -0.81800
vt 0.17502 -0.81425
vt 0.17184 -0.80037
vt 0.16737 -0.79732
vt 0.50414 -0.82179
vt 0.49971 -0.81907
vt 0.50476 -0.81873
vt 0.50194 -0.82342
vt 0.80946 -0.83189
vt 0.81205 -0.82727
vt 0.82646 -0.82178
vt 0.82203 -0.81939
vt 0.80948 -0.82150
vt 0.80685 -0.82629
vt 0.82582 -0.83020
vt 0.83035 -0.83318
vt 1.14236 -0.81019
vt 1.13949 -0.81490
vt 1.15022 -0.82046
vt 1.15526 -0.82303
vt 0.35046 -0.61923
vt 0.35325 -0.61513
vt 0.33958 -0.61456
vt 0.34338 -0.61833
vt 0.66920 -0.62698
vt 0.67197 -0.62275
vt 0.67117 -0.62724
vt 0.67523 -0.63096
vt 0.97891 -0.63059
vt 0.98166 -0.62599
vt 0.96472 -0.63703
vt 0.96891 -0.64063
vt 0.49420 -0.82962
vt 0.49700 -0.82545
vt 0.49392 -0.81844
vt 0.49806 -0.82174
vt 0.31745 -1.06735
vt 0.31431 -1.07702
vt 0.30788 -1.12596
vt 0.31088 -1.12793
vt 0.30138 -1.18164
vt 0.30430 -1.18851
vt 0.29511 -1.18232
vt 0.29828 -1.17624
vt 0.30253 -1.12103
vt 0.29925 -1.12231
vt 0.30432 -1.07236
vt 0.30339 -1.06230
vt 0.66038 -1.07636
vt 0.65848 -1.08640
vt 0.65705 -1.13532
vt 0.66027 -1.13679
vt 0.65715 -1.19092
vt 0.66017 -1.19723
vt 0.65234 -1.20650
vt 0.65489 -1.20006
vt 0.65224 -1.14462
vt 0.64913 -1.14628
vt 0.64827 -1.09590
vt 0.64592 -1.08606
vt 1.00269 -1.05734
vt 1.00212 -1.06731
vt 1.00609 -1.11578
vt 1.00949 -1.11690
vt 1.01277 -1.17063
vt 1.01630 -1.17646
vt 1.01105 -1.17456
vt 1.01411 -1.16777
vt 1.00876 -1.11199
vt 1.00583 -1.11416
vt 1.00335 -1.06294
vt 1.00062 -1.05376
vt 0.05030 -0.79173
vt 0.05239 -0.79496
vt 0.09496 -0.80070
vt 0.09386 -0.79733
vt 0.13114 -0.80402
vt 0.13742 -0.80293
vt 0.18661 -0.82978
vt 0.19651 -0.84956
vt 0.24246 -0.92274
vt 0.24493 -0.92100
vt 0.29010 -0.99430
vt 0.30324 -1.01223
vt 0.32641 -1.01361
vt 0.34147 -0.99606
vt 0.39972 -0.92744
vt 0.39778 -0.92516
vt 0.45627 -0.85710
vt 0.46914 -0.83671
vt 0.51116 -0.83788
vt 0.52232 -0.85922
vt 0.57392 -0.93353
vt 0.57606 -0.93137
vt 0.62691 -1.00630
vt 0.64096 -1.02486
vt 0.66239 -1.03345
vt 0.67571 -1.01437
vt 0.72547 -0.93960
vt 0.72314 -0.93754
vt 0.77392 -0.86336
vt 0.78388 -0.84163
vt 0.82532 -0.83832
vt 0.83953 -0.85792
vt 0.89948 -0.92537
vt 0.90126 -0.92300
vt 0.96128 -0.99111
vt 0.97720 -1.00767
vt 1.01532 -0.99839
vt 1.02907 -0.98059
vt 1.07864 -0.91007
vt 1.07617 -0.90834
vt 1.12661 -0.83787
vt 1.13703 -0.81829
vt 1.18731 -0.79243
vt 1.19355 -0.79369
vt 1.22991 -0.79121
vt 1.23110 -0.78787
vt 1.27274 -0.78655
vt 1.27489 -0.78331
vt 0.14538 -0.81346
vt 0.13960 -0.81160
vt 0.10338 -0.80789
vt 0.10148 -0.81087
vt 0.06030 -0.80529
vt 0.05758 -0.80828
vt 0.18250 -0.78341
vt 0.19779 -0.76894
vt 0.25627 -0.70704
vt 0.25429 -0.70458
vt 0.31295 -0.64392
vt 0.32608 -0.62576
vt 0.36747 -0.62799
vt 0.37736 -0.64635
vt 0.42512 -0.71197
vt 0.42749 -0.70976
vt 0.47393 -0.77666
vt 0.48751 -0.79154
vt 0.51258 -0.80406
vt 0.52705 -0.78833
vt 0.58057 -0.72179
vt 0.57838 -0.71946
vt 0.63272 -0.65420
vt 0.64419 -0.63486
vt 0.68555 -0.63476
vt 0.69701 -0.65407
vt 0.74891 -0.72159
vt 0.75105 -0.71920
vt 0.80226 -0.78809
vt 0.81655 -0.80364
vt 0.83276 -0.80380
vt 0.84644 -0.78873
vt 0.89519 -0.72404
vt 0.89273 -0.72189
vt 0.94304 -0.65838
vt 0.95270 -0.63999
vt 0.99423 -0.63723
vt 1.00767 -0.65543
vt 1.06451 -0.71867
vt 1.06642 -0.71622
vt 1.12325 -0.78071
vt 1.13861 -0.79522
vt 1.26550 -0.81430
vt 1.26281 -0.81129
vt 1.21970 -0.81347
vt 1.22158 -0.81646
vt 1.18344 -0.81682
vt 1.17765 -0.81862
vt 0.34836 -0.46906
vt 0.34476 -0.47362
vt 0.34603 -0.52363
vt 0.34914 -0.52174
vt 0.34782 -0.56734
vt 0.34992 -0.57441
vt 0.35180 -0.59575
vt 0.35374 -0.58872
vt 0.35770 -0.54581
vt 0.35469 -0.54399
vt 0.35998 -0.49659
vt 0.35758 -0.49223
vt 0.67916 -0.48172
vt 0.67630 -0.48624
vt 0.67651 -0.53653
vt 0.67965 -0.53481
vt 0.67832 -0.58052
vt 0.68015 -0.58791
vt 0.64458 -0.58903
vt 0.64646 -0.58175
vt 0.64858 -0.53775
vt 0.64549 -0.53598
vt 0.64919 -0.48748
vt 0.64640 -0.48293
vt 0.96746 -0.49534
vt 0.96507 -0.49959
vt 0.96702 -0.54860
vt 0.97013 -0.54685
vt 0.97069 -0.59143
vt 0.97280 -0.59836
vt 0.97541 -0.57689
vt 0.97740 -0.57035
vt 0.97971 -0.52671
vt 0.97672 -0.52456
vt 0.98155 -0.47680
vt 0.97804 -0.47223
vt 0.29076 -1.26344
vt 0.28658 -1.26168
vt 0.27534 -1.29615
vt 0.27796 -1.29698
vt 0.26268 -1.32610
vt 0.26517 -1.33051
vt 0.28059 -1.32528
vt 0.28408 -1.32256
vt 0.28688 -1.29085
vt 0.28392 -1.29057
vt 0.29041 -1.25554
vt 0.28725 -1.25586
vt 0.66043 -1.27162
vt 0.65736 -1.27106
vt 0.65733 -1.30659
vt 0.66030 -1.30653
vt 0.65699 -1.33841
vt 0.66017 -1.34145
vt 0.65770 -1.35021
vt 0.66077 -1.34704
vt 0.65918 -1.31530
vt 0.65621 -1.31539
vt 0.65780 -1.27987
vt 0.65472 -1.28057
vt 1.02679 -1.24985
vt 1.02367 -1.24968
vt 1.02857 -1.28482
vt 1.03152 -1.28439
vt 1.03265 -1.31636
vt 1.03626 -1.31894
vt 1.04742 -1.31748
vt 1.04998 -1.31312
vt 1.03789 -1.28290
vt 1.03525 -1.28367
vt 1.02730 -1.24818
vt 1.02309 -1.24986
vt 1.34765 -0.77533
vt 1.34748 -0.77853
vt 1.38292 -0.77532
vt 1.38263 -0.77243
vt 1.41487 -0.77295
vt 1.41761 -0.76953
vt 1.40842 -0.80234
vt 1.40507 -0.79947
vt 1.37325 -0.80307
vt 1.37350 -0.80595
vt 1.33782 -0.80636
vt 1.33858 -0.80957
vt 0.98566 -0.39622
vt 0.99009 -0.39773
vt 0.99916 -0.36257
vt 0.99655 -0.36192
vt 1.01029 -0.33200
vt 1.00744 -0.32762
vt 0.97402 -0.35260
vt 0.97080 -0.35522
vt 0.96772 -0.38682
vt 0.97074 -0.38710
vt 0.96529 -0.42210
vt 0.96746 -0.42160
vt 0.64620 -0.40825
vt 0.64921 -0.40884
vt 0.64914 -0.37308
vt 0.64618 -0.37315
vt 0.64930 -0.34103
vt 0.64615 -0.33805
vt 0.68023 -0.33657
vt 0.67704 -0.33953
vt 0.67703 -0.37164
vt 0.68000 -0.37174
vt 0.67675 -0.40748
vt 0.67977 -0.40691
vt 0.35843 -0.41849
vt 0.36048 -0.41901
vt 0.35823 -0.38372
vt 0.35521 -0.38399
vt 0.35526 -0.35212
vt 0.35198 -0.34949
vt 0.32039 -0.32416
vt 0.31750 -0.32852
vt 0.32832 -0.35919
vt 0.33094 -0.35857
vt 0.33704 -0.39444
vt 0.34148 -0.39298
vt -0.01545 -0.80283
vt -0.01466 -0.79964
vt -0.05005 -0.79602
vt -0.05033 -0.79890
vt -0.08184 -0.79213
vt -0.08521 -0.79497
vt -0.09177 -0.77372
vt -0.08912 -0.77721
vt -0.05724 -0.78047
vt -0.05690 -0.77760
vt -0.02192 -0.78471
vt -0.02202 -0.78147
vt 0.24540 -1.35914
vt 0.25026 -1.34900
vt 0.28244 -1.34810
vt 0.28044 -1.35915
vt 0.65710 -1.37516
vt 0.65616 -1.36398
vt 0.66261 -1.37254
vt 0.66212 -1.38375
vt 1.03775 -1.35275
vt 1.03532 -1.34180
vt 1.06198 -1.33628
vt 1.06665 -1.34651
vt -0.11474 -0.77522
vt -0.12575 -0.77312
vt 1.45158 -0.76992
vt 1.44052 -0.77170
vt -0.11842 -0.78783
vt -0.10723 -0.78830
vt 1.43050 -0.79586
vt 1.44169 -0.79549
vt 0.30604 -0.30511
vt 0.30145 -0.29487
vt 0.34975 -0.31579
vt 0.35258 -0.32671
vt 0.67653 -0.31373
vt 0.67760 -0.30252
vt 0.64885 -0.30409
vt 0.64990 -0.31530
vt 0.97362 -0.32983
vt 0.97652 -0.31892
vt 1.02668 -0.29852
vt 1.02198 -0.30871
vt 0.29477 -1.22520
vt 0.29753 -1.22597
vt 0.29422 -1.21921
vt 0.29118 -1.21909
vt 0.65727 -1.23434
vt 0.66030 -1.23442
vt 0.65656 -1.24330
vt 0.65353 -1.24354
vt 1.01851 -1.21344
vt 1.02154 -1.21315
vt 1.01983 -1.21148
vt 1.01707 -1.21221
vt 0.01403 -0.78958
vt 0.01414 -0.78660
vt 1.31134 -0.78230
vt 1.31127 -0.77932
vt 0.02154 -0.80263
vt 0.02107 -0.80556
vt 1.30160 -0.80901
vt 1.30204 -0.81193
vt 0.34214 -0.43157
vt 0.34492 -0.43102
vt 0.36098 -0.45548
vt 0.35801 -0.45536
vt 0.67645 -0.44446
vt 0.67947 -0.44432
vt 0.64931 -0.44575
vt 0.64630 -0.44559
vt 0.96446 -0.45856
vt 0.96746 -0.45847
vt 0.98462 -0.43480
vt 0.98185 -0.43422
vt 0.29634 -1.04493
vt 0.30101 -1.04899
vt 0.32609 -1.02523
vt 0.32789 -1.01978
vt 0.33958 -1.00967
vt 0.35237 -0.98953
vt 0.31837 -1.02249
vt 0.31286 -1.02180
vt 0.32072 -1.05372
vt 0.32547 -1.05005
vt 0.63787 -1.06925
vt 0.64267 -1.07286
vt 0.67517 -1.04821
vt 0.67576 -1.04266
vt 0.68510 -1.03155
vt 0.69676 -1.01073
vt 0.65785 -1.03338
vt 0.65211 -1.03339
vt 0.66290 -1.06304
vt 0.66756 -1.05913
vt 0.99291 -1.03586
vt 0.99746 -1.03944
vt 1.01507 -1.03524
vt 1.01437 -1.02972
vt 1.02097 -1.01799
vt 1.03197 -0.99805
vt 0.99637 -1.01440
vt 0.99029 -1.01506
vt 1.00448 -1.04365
vt 1.00911 -1.03924
vt 0.16174 -0.81476
vt 0.16773 -0.81555
vt 0.17824 -0.82591
vt 0.19172 -0.84312
vt 0.18707 -0.81358
vt 0.18786 -0.80761
vt 0.19795 -0.79545
vt 0.20931 -0.77725
vt 0.15781 -0.81755
vt 0.16078 -0.82258
vt 0.15458 -0.79810
vt 0.15033 -0.80216
vt 0.49545 -0.83695
vt 0.50108 -0.83731
vt 0.51125 -0.84689
vt 0.52624 -0.86482
vt 0.51847 -0.82685
vt 0.51925 -0.82120
vt 0.52924 -0.80984
vt 0.54068 -0.79122
vt 0.50233 -0.80424
vt 0.49694 -0.80290
vt 0.47939 -0.82170
vt 0.47874 -0.82691
vt 0.81914 -0.83739
vt 0.82448 -0.83741
vt 0.83440 -0.84607
vt 0.85095 -0.86308
vt 0.82430 -0.82998
vt 0.82462 -0.82442
vt 0.83334 -0.81314
vt 0.84376 -0.79526
vt 0.83344 -0.81527
vt 0.82762 -0.81441
vt 0.79466 -0.82542
vt 0.79391 -0.83076
vt 1.17434 -0.79141
vt 1.17019 -0.78726
vt 1.16217 -0.82761
vt 1.16519 -0.82260
vt 1.15729 -0.80531
vt 1.15111 -0.80489
vt 1.14504 -0.80019
vt 1.14522 -0.80588
vt 0.35079 -0.64139
vt 0.35670 -0.64070
vt 0.36810 -0.64817
vt 0.38101 -0.66375
vt 0.34768 -0.61092
vt 0.34264 -0.61518
vt 0.35636 -0.59529
vt 0.35202 -0.59048
vt 0.33588 -0.61080
vt 0.33530 -0.61612
vt 0.64639 -0.63614
vt 0.65207 -0.63541
vt 0.66293 -0.64278
vt 0.67700 -0.65943
vt 0.64177 -0.60469
vt 0.63721 -0.60926
vt 0.68769 -0.60808
vt 0.68300 -0.60345
vt 0.65463 -0.61946
vt 0.65385 -0.62477
vt 0.97767 -0.62574
vt 0.98317 -0.62509
vt 0.99335 -0.63223
vt 1.00807 -0.64882
vt 0.97297 -0.59348
vt 0.96870 -0.59807
vt 0.98153 -0.61851
vt 0.97650 -0.61395
vt 0.96424 -0.62378
vt 0.96319 -0.62926
vt 0.29926 -1.00600
vt 0.28862 -0.98607
vt 0.24119 -0.91391
vt 0.23875 -0.91596
vt 0.48578 -0.83468
vt 0.46936 -0.85150
vt 0.41050 -0.91976
vt 0.41268 -0.92217
vt 0.64470 -1.03160
vt 0.63307 -1.01070
vt 0.58031 -0.93701
vt 0.57798 -0.93924
vt 0.81790 -0.84730
vt 0.80310 -0.86502
vt 0.74921 -0.93715
vt 0.75150 -0.93943
vt 0.98062 -1.02150
vt 0.96807 -1.00125
vt 0.90978 -0.93140
vt 0.90751 -0.93378
vt 1.14290 -0.83772
vt 1.12933 -0.85495
vt 1.07957 -0.92583
vt 1.08193 -0.92786
vt 0.33062 -0.62929
vt 0.31593 -0.64553
vt 0.26200 -0.71025
vt 0.26428 -0.71237
vt 0.48891 -0.80974
vt 0.47873 -0.79190
vt 0.43071 -0.72678
vt 0.42850 -0.72895
vt 0.66207 -0.64243
vt 0.64750 -0.65868
vt 0.59342 -0.72394
vt 0.59566 -0.72613
vt 0.79159 -0.81282
vt 0.78095 -0.79381
vt 0.72956 -0.72557
vt 0.72726 -0.72780
vt 0.95447 -0.65169
vt 0.94175 -0.66717
vt 0.89185 -0.73017
vt 0.89391 -0.73242
vt 1.12520 -0.80011
vt 1.11393 -0.78176
vt 1.06161 -0.71414
vt 1.05928 -0.71617
vt 0.31386 -1.02109
vt 0.30785 -1.02058
vt 0.30647 -1.01779
vt 0.30592 -1.02339
vt 0.65180 -1.04258
vt 0.64611 -1.04294
vt 0.65430 -1.04266
vt 0.65497 -1.04823
vt 1.00572 -1.00756
vt 1.00026 -1.00818
vt 0.99292 -1.03152
vt 0.99490 -1.03699
vt 0.17883 -0.81719
vt 0.17917 -0.81152
vt 0.17003 -0.79308
vt 0.16387 -0.79351
vt 0.50182 -0.81463
vt 0.49611 -0.81553
vt 0.49797 -0.82117
vt 0.49830 -0.82681
vt 0.81601 -0.82888
vt 0.81537 -0.82376
vt 0.82361 -0.81490
vt 0.81832 -0.81626
vt 0.80238 -0.82412
vt 0.80343 -0.82982
vt 0.82838 -0.83746
vt 0.83412 -0.83710
vt 1.13520 -0.81238
vt 1.13594 -0.81835
vt 1.15343 -0.82734
vt 1.15943 -0.82656
vt 0.35750 -0.61732
vt 0.35658 -0.61191
vt 0.34113 -0.62201
vt 0.34671 -0.62273
vt 0.67605 -0.62469
vt 0.67531 -0.61941
vt 0.67296 -0.63476
vt 0.67865 -0.63534
vt 0.98549 -0.62765
vt 0.98500 -0.62240
vt 0.96635 -0.64429
vt 0.97236 -0.64518
vt 0.50124 -0.82752
vt 0.50040 -0.82229
vt 0.49602 -0.82580
vt 0.50147 -0.82581
vt -0.17854 -1.05940
vt -0.17180 -1.05778
vt -0.18045 -1.05491
vt -0.18286 -1.05565
vt -0.16901 -1.04223
vt -0.18160 -1.03697
vt -0.18717 -1.05189
vt -0.01695 -1.28627
vt 0.05138 -1.32291
vt -0.06360 -1.25797
vt -0.07989 -1.25503
vt -0.01965 -1.29215
vt 0.04059 -1.32927
vt 0.13292 -1.35877
vt 0.22107 -1.39423
vt 0.12854 -1.36497
vt 0.21650 -1.40068
vt 0.37345 -1.40736
vt 0.46670 -1.41268
vt 0.28025 -1.40065
vt 0.28020 -1.40828
vt 0.37329 -1.41494
vt 0.46637 -1.42160
vt 0.56009 -1.41524
vt 0.65353 -1.41640
vt 0.55971 -1.42276
vt 0.65305 -1.42393
vt 0.76060 -1.41966
vt 0.85378 -1.41326
vt 0.66732 -1.42479
vt 0.66809 -1.43229
vt 0.76127 -1.42716
vt 0.85445 -1.42204
vt 0.94674 -1.40435
vt 1.03959 -1.39418
vt 0.94720 -1.41192
vt 1.03995 -1.40180
vt 1.17916 -1.34839
vt 1.26139 -1.31424
vt 1.09033 -1.38209
vt 1.09478 -1.38863
vt 1.18343 -1.35469
vt 1.27208 -1.32075
vt 1.48997 -0.98229
vt 1.50284 -0.98586
vt 1.50379 -0.91840
vt 1.48712 -1.03967
vt 1.49993 -1.03497
vt 1.50518 -1.05041
vt 1.50951 -0.98638
vt 1.51384 -0.92236
vt 1.39605 -1.23700
vt 1.39283 -1.23185
vt 1.39387 -1.24142
vt 1.39510 -1.24316
vt 1.37745 -1.25196
vt 1.39415 -1.24932
vt -0.17607 -0.84733
vt -0.18222 -0.92004
vt -0.16729 -0.77206
vt -0.17486 -0.77160
vt -0.18364 -0.84764
vt -0.19241 -0.92368
vt 1.49971 -0.84558
vt 1.49312 -0.77007
vt 1.50727 -0.84610
vt 1.50070 -0.76984
vt -0.15145 -0.71676
vt -0.15911 -0.77950
vt -0.14210 -0.65572
vt -0.15076 -0.65106
vt -0.15867 -0.71468
vt -0.16659 -0.77830
vt 1.47533 -0.72470
vt 1.46650 -0.66357
vt 1.48245 -0.78750
vt 1.48994 -0.78636
vt 1.48257 -0.72267
vt 1.47520 -0.65898
vt -0.11784 -0.60540
vt -0.12938 -0.59805
vt -0.10523 -0.55563
vt -0.11815 -0.55562
vt -0.12055 -0.54121
vt -0.13565 -0.59613
vt -0.00583 -0.39147
vt -0.00285 -0.39654
vt -0.00347 -0.38709
vt -0.00468 -0.38537
vt 0.01264 -0.37715
vt -0.00354 -0.37927
vt 0.19868 -0.28879
vt 0.12408 -0.31937
vt 0.27786 -0.25907
vt 0.27322 -0.25256
vt 0.19417 -0.28261
vt 0.11511 -0.31266
vt 0.42915 -0.26933
vt 0.34699 -0.27445
vt 0.51117 -0.26508
vt 0.51081 -0.25670
vt 0.42863 -0.26175
vt 0.34645 -0.26680
vt 0.59291 -0.26257
vt 0.67451 -0.26094
vt 0.67406 -0.25341
vt 0.59243 -0.25505
vt 0.73368 -0.26433
vt 0.65206 -0.26259
vt 0.81544 -0.26708
vt 0.81585 -0.25857
vt 0.73420 -0.25681
vt 0.65256 -0.25505
vt 0.89745 -0.27184
vt 0.97959 -0.27760
vt 0.98017 -0.26996
vt 0.89801 -0.26427
vt 1.12951 -0.29348
vt 1.05063 -0.26296
vt 1.20381 -0.32482
vt 1.21285 -0.31820
vt 1.13410 -0.28735
vt 1.05534 -0.25650
vt 1.26895 -0.35783
vt 1.31467 -0.38376
vt 1.33090 -0.38612
vt 1.27187 -0.35216
vt 1.43532 -0.54429
vt 1.42971 -0.54801
vt 1.43862 -0.54789
vt 1.44056 -0.54654
vt 1.44334 -0.56327
vt 1.44581 -0.54879
vt 1.34508 -1.06624
vt 1.35007 -1.05538
vt 1.34032 -1.03391
vt 1.37349 -1.06536
vt 1.37419 -1.05007
vt 1.33230 -0.98491
vt 0.03605 -0.56143
vt 0.02938 -0.57406
vt 0.03506 -0.59451
vt 0.00865 -0.55991
vt 0.00521 -0.57786
vt 0.03468 -0.63695
vt -0.01284 -0.99161
vt -0.02246 -1.04038
vt -0.05690 -1.05545
vt -0.03289 -1.06155
vt -0.05660 -1.07081
vt -0.02817 -1.07263
vt 1.29000 -0.64319
vt 1.29000 -0.60074
vt 1.31994 -0.58437
vt 1.29585 -0.58035
vt 1.31670 -0.56641
vt 1.28935 -0.56768
vt 1.40558 -1.04591
vt 1.40718 -1.06267
vt 1.44016 -1.05896
vt 1.43626 -1.04393
vt 1.35133 -0.58333
vt 1.34978 -0.56357
vt -0.02618 -0.57653
vt -0.02442 -0.55676
vt -0.05700 -0.55277
vt -0.05644 -0.57113
vt -0.11868 -1.04755
vt -0.08814 -1.05035
vt -0.12301 -1.06253
vt -0.09021 -1.06712
vt -0.14476 -0.97552
vt -0.14492 -1.02547
vt -0.17021 -0.98452
vt 1.46471 -0.97263
vt 1.46336 -1.02244
vt -0.09578 -0.62363
vt -0.08614 -0.58180
vt 1.42048 -0.63110
vt 1.44266 -0.61308
vt 1.34734 -1.12251
vt 1.33592 -1.13125
vt 1.34942 -1.16034
vt 1.36355 -1.15322
vt 1.31546 -0.44997
vt 1.29938 -0.44544
vt 1.28683 -0.47361
vt 1.30358 -0.48149
vt 1.27508 -0.50323
vt 1.28909 -0.51255
vt 0.03683 -0.50629
vt 0.05096 -0.49711
vt 0.03949 -0.46738
vt 0.02263 -0.47510
vt -0.03393 -1.16746
vt -0.04798 -1.16007
vt -0.01994 -1.13857
vt -0.03125 -1.12963
vt -0.14056 -1.04832
vt -0.14902 -1.05802
vt 1.45826 -1.04517
vt 1.46646 -1.05500
vt -0.07724 -0.56273
vt -0.08289 -0.54871
vt 1.30970 -0.42634
vt 1.32223 -0.42407
vt 1.32584 -1.10794
vt 1.33108 -1.09786
vt 0.05872 -0.52060
vt 0.05122 -0.53092
vt -0.01459 -1.10521
vt -0.00948 -1.11540
vt 1.27449 -0.53704
vt 1.26712 -0.52664
vt -0.02165 -1.10643
vt -0.03709 -1.12690
vt -0.01492 -1.09751
vt -0.03774 -1.12027
vt 0.03231 -0.55515
vt 0.00886 -0.55182
vt 0.04248 -0.55514
vt 0.01446 -0.54895
vt 1.28185 -0.53580
vt 1.29567 -0.51521
vt 1.27576 -0.54447
vt 1.29654 -0.52168
vt 1.37454 -1.07253
vt 1.40759 -1.07046
vt 1.36939 -1.07718
vt 1.40742 -1.07376
vt 1.44545 -1.07033
vt 1.44176 -1.06619
vt 1.38240 -0.55153
vt 1.34877 -0.55479
vt 1.38507 -0.54760
vt 1.34804 -0.55150
vt 1.31101 -0.55540
vt 1.31658 -0.55832
vt -0.02332 -0.54798
vt -0.02255 -0.54470
vt -0.05956 -0.54046
vt -0.05695 -0.54441
vt -0.12483 -1.06973
vt -0.09083 -1.07492
vt -0.12865 -1.07371
vt -0.09074 -1.07823
vt -0.05283 -1.08275
vt -0.05784 -1.07797
vt -0.06802 -1.18896
vt -0.07571 -1.21711
vt -0.07349 -1.19016
vt -0.07815 -1.21654
vt -0.08281 -1.24293
vt -0.07902 -1.23765
vt 1.39001 -1.21105
vt 1.39229 -1.21041
vt 1.38853 -1.18382
vt 1.38301 -1.18256
vt -0.00105 -0.41706
vt -0.00323 -0.41765
vt -0.00063 -0.44383
vt 0.00439 -0.44544
vt 1.41018 -0.54925
vt 1.41019 -0.54595
vt -0.03315 -1.07793
vt -0.02246 -1.07875
vt 0.04386 -0.52961
vt 0.04989 -0.53834
vt 0.03022 -0.50889
vt 0.02927 -0.51535
vt 1.29313 -0.56144
vt 1.28299 -0.56133
vt 1.35322 -1.11989
vt 1.33812 -1.09919
vt 1.35399 -1.11326
vt 1.33154 -1.09019
vt 1.33923 -1.07215
vt 1.34991 -1.07170
vt 1.36946 -1.14993
vt 1.37126 -1.14854
vt 1.32714 -0.45043
vt 1.32212 -0.45201
vt 1.31023 -0.48489
vt 1.31184 -0.48605
vt 0.01594 -0.47844
vt 0.01432 -0.47959
vt -0.05384 -1.15665
vt -0.05561 -1.15522
vt -0.15254 -1.06337
vt -0.15359 -1.06656
vt 1.49567 -1.05691
vt 1.48928 -1.05523
vt 1.46974 -1.06041
vt 1.47056 -1.06362
vt -0.10995 -0.53672
vt -0.10435 -0.54045
vt -0.08476 -0.54186
vt -0.08476 -0.53859
vt 1.33304 -0.39827
vt 1.32993 -0.40328
vt 1.32788 -0.42373
vt 1.33009 -0.42435
vt -0.18313 -0.98763
vt -0.18979 -0.98779
vt -0.08007 -1.24713
vt -0.08135 -1.24898
vt -0.11329 -0.54029
vt -0.11525 -0.53897
vt 0.05861 -0.35170
vt 0.05579 -0.34597
vt 1.49814 -1.05273
vt 1.50043 -1.05366
vt 1.33039 -1.27916
vt 1.33311 -1.28504
vt 1.33069 -0.39387
vt 1.33197 -0.39219
vt 1.45424 -0.60579
vt 1.46050 -0.60388
f 1170/1170 1171/1171 1172/1172
f 1172/1172 1173/1173 1170/1170
f 1171/1171 1174/1174 1175/1175
f 1175/1175 1172/1172 1171/1171
f 1172/1172 1175/1175 1176/1176
f 1176/1176 1177/1177 1172/1172
f 1173/1173 1172/1172 1177/1177
f 1177/1177 1178/1178 1173/1173
f 1179/1179 1180/1180 1181/1181
f 1181/1181 1182/1182 1179/1179
f 1183/1183 1184/1184 1181/1181
f 1181/1181 1180/1180 1183/1183
f 1185/1185 1186/1186 1181/1181
f 1181/1181 1184/1184 1185/1185
f 1176/1176 1175/1175 1181/1181
f 1181/1181 1186/1186 1176/1176
f 1174/1174 1182/1182 1181/1181
f 1181/1181 1175/1175 1174/1174
f 1187/1187 1188/1188 1189/1189
f 1189/1189 1190/1190 1187/1187
f 1191/1191 1192/1192 1189/1189
f 1189/1189 1188/1188 1191/1191
f 1193/1193 1194/1194 1189/1189
f 1189/1189 1192/1192 1193/1193
f 1195/1195 1196/1196 1189/1189
f 1189/1189 1194/1194 1195/1195
f 1197/1197 1190/1190 1189/1189
f 1189/1189 1196/1196 1197/1197
f 1198/1198 1199/1199 1200/1200
f 1200/1200 1201/1201 1198/1198
f 1202/1202 1203/1203 1200/1200
f 1200/1200 1199/1199 1202/1202
f 1204/1204 1205/1205 1200/1200
f 1200/1200 1203/1203 1204/1204
f 1195/1195 1194/1194 1200/1200
f 1200/1200 1205/1205 1195/1195
f 1193/1193 1201/1201 1200/1200
f 1200/1200 1194/1194 1193/1193
f 1206/1206 1207/1207 1208/1208
f 1208/1208 1209/1209 1206/1206
f 1210/1210 1211/1211 1208/1208
f 1208/1208 1207/1207 1210/1210
f 1212/1212 1213/1213 1208/1208
f 1208/1208 1211/1211 1212/1212
f 1214/1214 1215/1215 1208/1208
f 1208/1208 1213/1213 1214/1214
f 1216/1216 1209/1209 1208/1208
f 1208/1208 1215/1215 1216/1216
f 1217/1217 1218/1218 1219/1219
f 1219/1219 1220/1220 1217/1217
f 1221/1221 1222/1222 1219/1219
f 1219/1219 1218/1218 1221/1221
f 1223/1223 1224/1224 1219/1219
f 1219/1219 1222/1222 1223/1223
f 1214/1214 1213/1213 1219/1219
f 1219/1219 1224/1224 1214/1214
f 1212/1212 1220/1220 1219/1219
f 1219/1219 1213/1213 1212/1212
f 1225/1225 1226/1226 1227/1227
f 1227/1227 1228/1228 1225/1225
f 1229/1229 1230/1230 1227/1227
f 1227/1227 1226/1226 1229/1229
f 1231/1231 1232/1232 1227/1227
f 1227/1227 1230/1230 1231/1231
f 1233/1233 1234/1234 1227/1227
f 1227/1227 1232/1232 1233/1233
f 1235/1235 1228/1228 1227/1227
f 1227/1227 1234/1234 1235/1235
f 1231/1231 1236/1236 1237/1237
f 1237/1237 1232/1232 1231/1231
f 1236/1236 1238/1238 1239/1239
f 1239/1239 1237/1237 1236/1236
f 1237/1237 1239/1239 1240/1240
f 1240/1240 1241/1241 1237/1237
f 1232/1232 1237/1237 1241/1241
f 1241/1241 1233/1233 1232/1232
f 1242/1242 1243/1243 1244/1244
f 1244/1244 1245/1245 1242/1242
f 1178/1178 1177/1177 1244/1244
f 1244/1244 1243/1243 1178/1178
f 1176/1176 1246/1246 1244/1244
f 1244/1244 1177/1177 1176/1176
f 1247/1247 1248/1248 1244/1244
f 1244/1244 1246/1246 1247/1247
f 1249/1249 1245/1245 1244/1244
f 1244/1244 1248/1248 1249/1249
f 1247/1247 1246/1246 1250/1250
f 1250/1250 1251/1251 1247/1247
f 1176/1176 1186/1186 1250/1250
f 1250/1250 1246/1246 1176/1176
f 1185/1185 1252/1252 1250/1250
f 1250/1250 1186/1186 1185/1185
f 1253/1253 1254/1254 1250/1250
f 1250/1250 1252/1252 1253/1253
f 1255/1255 1251/1251 1250/1250
f 1250/1250 1254/1254 1255/1255
f 1195/1195 1256/1256 1257/1257
f 1257/1257 1196/1196 1195/1195
f 1258/1258 1259/1259 1257/1257
f 1257/1257 1256/1256 1258/1258
f 1260/1260 1261/1261 1257/1257
f 1257/1257 1259/1259 1260/1260
f 1262/1262 1263/1263 1257/1257
f 1257/1257 1261/1261 1262/1262
f 1197/1197 1196/1196 1257/1257
f 1257/1257 1263/1263 1197/1197
f 1258/1258 1256/1256 1264/1264
f 1264/1264 1265/1265 1258/1258
f 1195/1195 1205/1205 1264/1264
f 1264/1264 1256/1256 1195/1195
f 1204/1204 1266/1266 1264/1264
f 1264/1264 1205/1205 1204/1204
f 1267/1267 1268/1268 1264/1264
f 1264/1264 1266/1266 1267/1267
f 1269/1269 1265/1265 1264/1264
f 1264/1264 1268/1268 1269/1269
f 1214/1214 1270/1270 1271/1271
f 1271/1271 1215/1215 1214/1214
f 1272/1272 1273/1273 1271/1271
f 1271/1271 1270/1270 1272/1272
f 1274/1274 1275/1275 1271/1271
f 1271/1271 1273/1273 1274/1274
f 1276/1276 1277/1277 1271/1271
f 1271/1271 1275/1275 1276/1276
f 1216/1216 1215/1215 1271/1271
f 1271/1271 1277/1277 1216/1216
f 1272/1272 1270/1270 1278/1278
f 1278/1278 1279/1279 1272/1272
f 1214/1214 1224/1224 1278/1278
f 1278/1278 1270/1270 1214/1214
f 1223/1223 1280/1280 1278/1278
f 1278/1278 1224/1224 1223/1223
f 1281/1281 1282/1282 1278/1278
f 1278/1278 1280/1280 1281/1281
f 1283/1283 1279/1279 1278/1278
f 1278/1278 1282/1282 1283/1283
f 1233/1233 1284/1284 1285/1285
f 1285/1285 1234/1234 1233/1233
f 1286/1286 1287/1287 1285/1285
f 1285/1285 1284/1284 1286/1286
f 1288/1288 1289/1289 1285/1285
f 1285/1285 1287/1287 1288/1288
f 1290/1290 1291/1291 1285/1285
f 1285/1285 1289/1289 1290/1290
f 1235/1235 1234/1234 1285/1285
f 1285/1285 1291/1291 1235/1235
f 1286/1286 1284/1284 1292/1292
f 1292/1292 1293/1293 1286/1286
f 1233/1233 1241/1241 1292/1292
f 1292/1292 1284/1284 1233/1233
f 1240/1240 1294/1294 1292/1292
f 1292/1292 1241/1241 1240/1240
f 1295/1295 1296/1296 1292/1292
f 1292/1292 1294/1294 1295/1295
f 1297/1297 1293/1293 1292/1292
f 1292/1292 1296/1296 1297/1297
f 1298/1298 1299/1299 1300/1300
f 1300/1300 1301/1301 1298/1298
f 1302/1302 1303/1303 1300/1300
f 1300/1300 1299/1299 1302/1302
f 1304/1304 1305/1305 1300/1300
f 1300/1300 1303/1303 1304/1304
f 1306/1306 1307/1307 1300/1300
f 1300/1300 1305/1305 1306/1306
f 1308/1308 1301/1301 1300/1300
f 1300/1300 1307/1307 1308/1308
f 1309/1309 1310/1310 1311/1311
f 1311/1311 1312/1312 1309/1309
f 1313/1313 1314/1314 1311/1311
f 1311/1311 1310/1310 1313/1313
f 1315/1315 1316/1316 1311/1311
f 1311/1311 1314/1314 1315/1315
f 1317/1317 1318/1318 1311/1311
f 1311/1311 1316/1316 1317/1317
f 1319/1319 1312/1312 1311/1311
f 1311/1311 1318/1318 1319/1319
f 1313/1313 1310/1310 1320/1320
f 1320/1320 1321/1321 1313/1313
f 1309/1309 1322/1322 1320/1320
f 1320/1320 1310/1310 1309/1309
f 1323/1323 1324/1324 1320/1320
f 1320/1320 1322/1322 1323/1323
f 1325/1325 1326/1326 1320/1320
f 1320/1320 1324/1324 1325/1325
f 1327/1327 1321/1321 1320/1320
f 1320/1320 1326/1326 1327/1327
f 1328/1328 1329/1329 1330/1330
f 1330/1330 1331/1331 1328/1328
f 1332/1332 1333/1333 1330/1330
f 1330/1330 1329/1329 1332/1332
f 1334/1334 1335/1335 1330/1330
f 1330/1330 1333/1333 1334/1334
f 1336/1336 1337/1337 1330/1330
f 1330/1330 1335/1335 1336/1336
f 1338/1338 1331/1331 1330/1330
f 1330/1330 1337/1337 1338/1338
f 1332/1332 1329/1329 1339/1339
f 1339/1339 1340/1340 1332/1332
f 1328/1328 1341/1341 1339/1339
f 1339/1339 1329/1329 1328/1328
f 1342/1342 1343/1343 1339/1339
f 1339/1339 1341/1341 1342/1342
f 1344/1344 1345/1345 1339/1339
f 1339/1339 1343/1343 1344/1344
f 1346/1346 1340/1340 1339/1339
f 1339/1339 1345/1345 1346/1346
f 1347/1347 1348/1348 1349/1349
f 1349/1349 1350/1350 1347/1347
f 1351/1351 1352/1352 1349/1349
f 1349/1349 1348/1348 1351/1351
f 1353/1353 1354/1354 1349/1349
f 1349/1349 1352/1352 1353/1353
f 1355/1355 1356/1356 1349/1349
f 1349/1349 1354/1354 1355/1355
f 1357/1357 1350/1350 1349/1349
f 1349/1349 1356/1356 1357/1357
f 1351/1351 1348/1348 1358/1358
f 1358/1358 1359/1359 1351/1351
f 1347/1347 1360/1360 1358/1358
f 1358/1358 1348/1348 1347/1347
f 1361/1361 1362/1362 1358/1358
f 1358/1358 1360/1360 1361/1361
f 1363/1363 1364/1364 1358/1358
f 1358/1358 1362/1362 1363/1363
f 1365/1365 1359/1359 1358/1358
f 1358/1358 1364/1364 1365/1365
f 1366/1366 1367/1367 1368/1368
f 1368/1368 1369/1369 1366/1366
f 1370/1370 1371/1371 1368/1368
f 1368/1368 1367/1367 1370/1370
f 1372/1372 1373/1373 1368/1368
f 1368/1368 1371/1371 1372/1372
f 1374/1374 1375/1375 1368/1368
f 1368/1368 1373/1373 1374/1374
f 1376/1376 1369/1369 1368/1368
f 1368/1368 1375/1375 1376/1376
f 1304/1304 1303/1303 1377/1377
f 1377/1377 1378/1378 1304/1304
f 1303/1303 1302/1302 1379/1379
f 1379/1379 1377/1377 1303/1303
f 1377/1377 1379/1379 1380/1380
f 1380/1380 1381/1381 1377/1377
f 1378/1378 1377/1377 1381/1381
f 1381/1381 1382/1382 1378/1378
f 1383/1383 1384/1384 1385/1385
f 1385/1385 1386/1386 1383/1383
f 1387/1387 1388/1388 1385/1385
f 1385/1385 1384/1384 1387/1387
f 1389/1389 1390/1390 1385/1385
f 1385/1385 1388/1388 1389/1389
f 1380/1380 1379/1379 1385/1385
f 1385/1385 1390/1390 1380/1380
f 1302/1302 1386/1386 1385/1385
f 1385/1385 1379/1379 1302/1302
f 1391/1391 1392/1392 1393/1393
f 1393/1393 1394/1394 1391/1391
f 1395/1395 1396/1396 1393/1393
f 1393/1393 1392/1392 1395/1395
f 1397/1397 1398/1398 1393/1393
f 1393/1393 1396/1396 1397/1397
f 1399/1399 1400/1400 1393/1393
f 1393/1393 1398/1398 1399/1399
f 1401/1401 1394/1394 1393/1393
f 1393/1393 1400/1400 1401/1401
f 1402/1402 1403/1403 1404/1404
f 1404/1404 1405/1405 1402/1402
f 1406/1406 1407/1407 1404/1404
f 1404/1404 1403/1403 1406/1406
f 1408/1408 1409/1409 1404/1404
f 1404/1404 1407/1407 1408/1408
f 1399/1399 1398/1398 1404/1404
f 1404/1404 1409/1409 1399/1399
f 1397/1397 1405/1405 1404/1404
f 1404/1404 1398/1398 1397/1397
f 1410/1410 1411/1411 1412/1412
f 1412/1412 1413/1413 1410/1410
f 1414/1414 1415/1415 1412/1412
f 1412/1412 1411/1411 1414/1414
f 1416/1416 1417/1417 1412/1412
f 1412/1412 1415/1415 1416/1416
f 1418/1418 1419/1419 1412/1412
f 1412/1412 1417/1417 1418/1418
f 1420/1420 1413/1413 1412/1412
f 1412/1412 1419/1419 1420/1420
f 1421/1421 1422/1422 1423/1423
f 1423/1423 1424/1424 1421/1421
f 1425/1425 1426/1426 1423/1423
f 1423/1423 1422/1422 1425/1425
f 1427/1427 1428/1428 1423/1423
f 1423/1423 1426/1426 1427/1427
f 1418/1418 1417/1417 1423/1423
f 1423/1423 1428/1428 1418/1418
f 1416/1416 1424/1424 1423/1423
f 1423/1423 1417/1417 1416/1416
f 1429/1429 1430/1430 1431/1431
f 1431/1431 1432/1432 1429/1429
f 1433/1433 1434/1434 1431/1431
f 1431/1431 1430/1430 1433/1433
f 1374/1374 1435/1435 1431/1431
f 1431/1431 1434/1434 1374/1374
f 1436/1436 1437/1437 1431/1431
f 1431/1431 1435/1435 1436/1436
f 1438/1438 1432/1432 1431/1431
f 1431/1431 1437/1437 1438/1438
f 1374/1374 1373/1373 1439/1439
f 1439/1439 1435/1435 1374/1374
f 1373/1373 1372/1372 1440/1440
f 1440/1440 1439/1439 1373/1373
f 1439/1439 1440/1440 1441/1441
f 1441/1441 1442/1442 1439/1439
f 1435/1435 1439/1439 1442/1442
f 1442/1442 1436/1436 1435/1435
f 1443/1443 1444/1444 1445/1445
f 1445/1445 1446/1446 1443/1443
f 1444/1444 1447/1447 1448/1448
f 1448/1448 1445/1445 1444/1444
f 1445/1445 1448/1448 1449/1449
f 1449/1449 1450/1450 1445/1445
f 1446/1446 1445/1445 1450/1450
f 1450/1450 1451/1451 1446/1446
f 1452/1452 1453/1453 1454/1454
f 1454/1454 1455/1455 1452/1452
f 1453/1453 1456/1456 1457/1457
f 1457/1457 1454/1454 1453/1453
f 1454/1454 1457/1457 1449/1449
f 1449/1449 1448/1448 1454/1454
f 1455/1455 1454/1454 1448/1448
f 1448/1448 1447/1447 1455/1455
f 1458/1458 1459/1459 1460/1460
f 1460/1460 1461/1461 1458/1458
f 1459/1459 1462/1462 1463/1463
f 1463/1463 1460/1460 1459/1459
f 1460/1460 1463/1463 1464/1464
f 1464/1464 1465/1465 1460/1460
f 1461/1461 1460/1460 1465/1465
f 1465/1465 1466/1466 1461/1461
f 1467/1467 1468/1468 1469/1469
f 1469/1469 1470/1470 1467/1467
f 1468/1468 1471/1471 1472/1472
f 1472/1472 1469/1469 1468/1468
f 1469/1469 1472/1472 1462/1462
f 1462/1462 1459/1459 1469/1469
f 1470/1470 1469/1469 1459/1459
f 1459/1459 1458/1458 1470/1470
f 1473/1473 1474/1474 1475/1475
f 1475/1475 1476/1476 1473/1473
f 1474/1474 1477/1477 1478/1478
f 1478/1478 1475/1475 1474/1474
f 1475/1475 1478/1478 1479/1479
f 1479/1479 1480/1480 1475/1475
f 1476/1476 1475/1475 1480/1480
f 1480/1480 1481/1481 1476/1476
f 1482/1482 1483/1483 1484/1484
f 1484/1484 1485/1485 1482/1482
f 1483/1483 1486/1486 1487/1487
f 1487/1487 1484/1484 1483/1483
f 1484/1484 1487/1487 1477/1477
f 1477/1477 1474/1474 1484/1484
f 1485/1485 1484/1484 1474/1474
f 1474/1474 1473/1473 1485/1485
f 1488/1488 1489/1489 1490/1490
f 1490/1490 1491/1491 1488/1488
f 1489/1489 1492/1492 1493/1493
f 1493/1493 1490/1490 1489/1489
f 1490/1490 1493/1493 1494/1494
f 1494/1494 1495/1495 1490/1490
f 1491/1491 1490/1490 1495/1495
f 1495/1495 1496/1496 1491/1491
f 1488/1488 1497/1497 1498/1498
f 1498/1498 1489/1489 1488/1488
f 1497/1497 1499/1499 1500/1500
f 1500/1500 1498/1498 1497/1497
f 1498/1498 1500/1500 1501/1501
f 1501/1501 1502/1502 1498/1498
f 1489/1489 1498/1498 1502/1502
f 1502/1502 1492/1492 1489/1489
f 1503/1503 1504/1504 1505/1505
f 1505/1505 1506/1506 1503/1503
f 1504/1504 1507/1507 1508/1508
f 1508/1508 1505/1505 1504/1504
f 1505/1505 1508/1508 1509/1509
f 1509/1509 1510/1510 1505/1505
f 1506/1506 1505/1505 1510/1510
f 1510/1510 1511/1511 1506/1506
f 1512/1512 1513/1513 1514/1514
f 1514/1514 1515/1515 1512/1512
f 1513/1513 1516/1516 1517/1517
f 1517/1517 1514/1514 1513/1513
f 1514/1514 1517/1517 1507/1507
f 1507/1507 1504/1504 1514/1514
f 1515/1515 1514/1514 1504/1504
f 1504/1504 1503/1503 1515/1515
f 1518/1518 1519/1519 1520/1520
f 1520/1520 1521/1521 1518/1518
f 1519/1519 1522/1522 1523/1523
f 1523/1523 1520/1520 1519/1519
f 1520/1520 1523/1523 1524/1524
f 1524/1524 1525/1525 1520/1520
f 1521/1521 1520/1520 1525/1525
f 1525/1525 1526/1526 1521/1521
f 1518/1518 1527/1527 1528/1528
f 1528/1528 1519/1519 1518/1518
f 1527/1527 1529/1529 1530/1530
f 1530/1530 1528/1528 1527/1527
f 1528/1528 1530/1530 1531/1531
f 1531/1531 1532/1532 1528/1528
f 1519/1519 1528/1528 1532/1532
f 1532/1532 1522/1522 1519/1519
f 1533/1533 1534/1534 1535/1535
f 1535/1535 1536/1536 1533/1533
f 1534/1534 1537/1537 1538/1538
f 1538/1538 1535/1535 1534/1534
f 1535/1535 1538/1538 1539/1539
f 1539/1539 1540/1540 1535/1535
f 1536/1536 1535/1535 1540/1540
f 1540/1540 1541/1541 1536/1536
f 1542/1542 1543/1543 1544/1544
f 1544/1544 1545/1545 1542/1542
f 1543/1543 1546/1546 1547/1547
f 1547/1547 1544/1544 1543/1543
f 1544/1544 1547/1547 1539/1539
f 1539/1539 1538/1538 1544/1544
f 1545/1545 1544/1544 1538/1538
f 1538/1538 1537/1537 1545/1545
f 1548/1548 1549/1549 1550/1550
f 1550/1550 1551/1551 1548/1548
f 1549/1549 1552/1552 1553/1553
f 1553/1553 1550/1550 1549/1549
f 1550/1550 1553/1553 1554/1554
f 1554/1554 1555/1555 1550/1550
f 1551/1551 1550/1550 1555/1555
f 1555/1555 1556/1556 1551/1551
f 1557/1557 1558/1558 1559/1559
f 1559/1559 1560/1560 1557/1557
f 1558/1558 1561/1561 1562/1562
f 1562/1562 1559/1559 1558/1558
f 1559/1559 1562/1562 1552/1552
f 1552/1552 1549/1549 1559/1559
f 1560/1560 1559/1559 1549/1549
f 1549/1549 1548/1548 1560/1560
f 1563/1563 1564/1564 1565/1565
f 1565/1565 1566/1566 1563/1563
f 1564/1564 1567/1567 1568/1568
f 1568/1568 1565/1565 1564/1564
f 1565/1565 1568/1568 1569/1569
f 1569/1569 1570/1570 1565/1565
f 1566/1566 1565/1565 1570/1570
f 1570/1570 1571/1571 1566/1566
f 1572/1572 1573/1573 1574/1574
f 1574/1574 1575/1575 1572/1572
f 1573/1573 1576/1576 1577/1577
f 1577/1577 1574/1574 1573/1573
f 1574/1574 1577/1577 1567/1567
f 1567/1567 1564/1564 1574/1574
f 1575/1575 1574/1574 1564/1564
f 1564/1564 1563/1563 1575/1575
f 1578/1578 1579/1579 1580/1580
f 1580/1580 1581/1581 1578/1578
f 1579/1579 1582/1582 1583/1583
f 1583/1583 1580/1580 1579/1579
f 1580/1580 1583/1583 1584/1584
f 1584/1584 1585/1585 1580/1580
f 1581/1581 1580/1580 1585/1585
f 1585/1585 1586/1586 1581/1581
f 1578/1578 1587/1587 1588/1588
f 1588/1588 1579/1579 1578/1578
f 1587/1587 1589/1589 1590/1590
f 1590/1590 1588/1588 1587/1587
f 1588/1588 1590/1590 1591/1591
f 1591/1591 1592/1592 1588/1588
f 1579/1579 1588/1588 1592/1592
f 1592/1592 1582/1582 1579/1579
f 1593/1593 1594/1594 1595/1595
f 1595/1595 1596/1596 1593/1593
f 1594/1594 1597/1597 1598/1598
f 1598/1598 1595/1595 1594/1594
f 1595/1595 1598/1598 1599/1599
f 1599/1599 1600/1600 1595/1595
f 1596/1596 1595/1595 1600/1600
f 1600/1600 1601/1601 1596/1596
f 1602/1602 1603/1603 1604/1604
f 1604/1604 1605/1605 1602/1602
f 1603/1603 1606/1606 1607/1607
f 1607/1607 1604/1604 1603/1603
f 1604/1604 1607/1607 1597/1597
f 1597/1597 1594/1594 1604/1604
f 1605/1605 1604/1604 1594/1594
f 1594/1594 1593/1593 1605/1605
f 1608/1608 1609/1609 1610/1610
f 1610/1610 1611/1611 1608/1608
f 1609/1609 1612/1612 1613/1613
f 1613/1613 1610/1610 1609/1609
f 1610/1610 1613/1613 1614/1614
f 1614/1614 1615/1615 1610/1610
f 1611/1611 1610/1610 1615/1615
f 1615/1615 1616/1616 1611/1611
f 1608/1608 1617/1617 1618/1618
f 1618/1618 1609/1609 1608/1608
f 1617/1617 1619/1619 1620/1620
f 1620/1620 1618/1618 1617/1617
f 1618/1618 1620/1620 1621/1621
f 1621/1621 1622/1622 1618/1618
f 1609/1609 1618/1618 1622/1622
f 1622/1622 1612/1612 1609/1609
f 1443/1443 1623/1623 1624/1624
f 1624/1624 1625/1625 1443/1443
f 1626/1626 1627/1627 1624/1624
f 1624/1624 1623/1623 1626/1626
f 1628/1628 1625/1625 1624/1624
f 1624/1624 1627/1627 1628/1628
f 1629/1629 1630/1630 1631/1631
f 1631/1631 1632/1632 1629/1629
f 1633/1633 1634/1634 1631/1631
f 1631/1631 1630/1630 1633/1633
f 1499/1499 1632/1632 1631/1631
f 1631/1631 1634/1634 1499/1499
f 1589/1589 1635/1635 1636/1636
f 1636/1636 1637/1637 1589/1589
f 1638/1638 1639/1639 1636/1636
f 1636/1636 1635/1635 1638/1638
f 1640/1640 1637/1637 1636/1636
f 1636/1636 1639/1639 1640/1640
f 1641/1641 1642/1642 1643/1643
f 1643/1643 1644/1644 1641/1641
f 1645/1645 1646/1646 1643/1643
f 1643/1643 1642/1642 1645/1645
f 1529/1529 1644/1644 1643/1643
f 1643/1643 1646/1646 1529/1529
f 1647/1647 1648/1648 1649/1649
f 1649/1649 1650/1650 1647/1647
f 1648/1648 1447/1447 1444/1444
f 1444/1444 1649/1649 1648/1648
f 1649/1649 1444/1444 1443/1443
f 1443/1443 1625/1625 1649/1649
f 1650/1650 1649/1649 1625/1625
f 1625/1625 1628/1628 1650/1650
f 1447/1447 1648/1648 1651/1651
f 1651/1651 1455/1455 1447/1447
f 1648/1648 1647/1647 1652/1652
f 1652/1652 1651/1651 1648/1648
f 1651/1651 1652/1652 1653/1653
f 1653/1653 1654/1654 1651/1651
f 1455/1455 1651/1651 1654/1654
f 1654/1654 1452/1452 1455/1455
f 1458/1458 1461/1461 1655/1655
f 1655/1655 1656/1656 1458/1458
f 1461/1461 1466/1466 1657/1657
f 1657/1657 1655/1655 1461/1461
f 1655/1655 1657/1657 1658/1658
f 1658/1658 1659/1659 1655/1655
f 1656/1656 1655/1655 1659/1659
f 1659/1659 1660/1660 1656/1656
f 1458/1458 1656/1656 1661/1661
f 1661/1661 1470/1470 1458/1458
f 1656/1656 1660/1660 1662/1662
f 1662/1662 1661/1661 1656/1656
f 1661/1661 1662/1662 1663/1663
f 1663/1663 1664/1664 1661/1661
f 1470/1470 1661/1661 1664/1664
f 1664/1664 1467/1467 1470/1470
f 1473/1473 1476/1476 1665/1665
f 1665/1665 1666/1666 1473/1473
f 1476/1476 1481/1481 1667/1667
f 1667/1667 1665/1665 1476/1476
f 1665/1665 1667/1667 1668/1668
f 1668/1668 1669/1669 1665/1665
f 1666/1666 1665/1665 1669/1669
f 1669/1669 1670/1670 1666/1666
f 1473/1473 1666/1666 1671/1671
f 1671/1671 1485/1485 1473/1473
f 1666/1666 1670/1670 1672/1672
f 1672/1672 1671/1671 1666/1666
f 1671/1671 1672/1672 1673/1673
f 1673/1673 1674/1674 1671/1671
f 1485/1485 1671/1671 1674/1674
f 1674/1674 1482/1482 1485/1485
f 1488/1488 1491/1491 1675/1675
f 1675/1675 1676/1676 1488/1488
f 1491/1491 1496/1496 1677/1677
f 1677/1677 1675/1675 1491/1491
f 1675/1675 1677/1677 1678/1678
f 1678/1678 1679/1679 1675/1675
f 1676/1676 1675/1675 1679/1679
f 1679/1679 1680/1680 1676/1676
f 1499/1499 1497/1497 1681/1681
f 1681/1681 1632/1632 1499/1499
f 1497/1497 1488/1488 1676/1676
f 1676/1676 1681/1681 1497/1497
f 1681/1681 1676/1676 1680/1680
f 1680/1680 1682/1682 1681/1681
f 1632/1632 1681/1681 1682/1682
f 1682/1682 1629/1629 1632/1632
f 1608/1608 1611/1611 1683/1683
f 1683/1683 1684/1684 1608/1608
f 1611/1611 1616/1616 1685/1685
f 1685/1685 1683/1683 1611/1611
f 1683/1683 1685/1685 1686/1686
f 1686/1686 1687/1687 1683/1683
f 1684/1684 1683/1683 1687/1687
f 1687/1687 1688/1688 1684/1684
f 1503/1503 1689/1689 1690/1690
f 1690/1690 1515/1515 1503/1503
f 1689/1689 1691/1691 1692/1692
f 1692/1692 1690/1690 1689/1689
f 1690/1690 1692/1692 1693/1693
f 1693/1693 1694/1694 1690/1690
f 1515/1515 1690/1690 1694/1694
f 1694/1694 1512/1512 1515/1515
f 1593/1593 1695/1695 1696/1696
f 1696/1696 1605/1605 1593/1593
f 1695/1695 1697/1697 1698/1698
f 1698/1698 1696/1696 1695/1695
f 1696/1696 1698/1698 1699/1699
f 1699/1699 1700/1700 1696/1696
f 1605/1605 1696/1696 1700/1700
f 1700/1700 1602/1602 1605/1605
f 1518/1518 1521/1521 1701/1701
f 1701/1701 1702/1702 1518/1518
f 1521/1521 1526/1526 1703/1703
f 1703/1703 1701/1701 1521/1521
f 1701/1701 1703/1703 1704/1704
f 1704/1704 1705/1705 1701/1701
f 1702/1702 1701/1701 1705/1705
f 1705/1705 1706/1706 1702/1702
f 1589/1589 1587/1587 1707/1707
f 1707/1707 1635/1635 1589/1589
f 1587/1587 1578/1578 1708/1708
f 1708/1708 1707/1707 1587/1587
f 1707/1707 1708/1708 1709/1709
f 1709/1709 1710/1710 1707/1707
f 1635/1635 1707/1707 1710/1710
f 1710/1710 1638/1638 1635/1635
f 1578/1578 1581/1581 1711/1711
f 1711/1711 1708/1708 1578/1578
f 1581/1581 1586/1586 1712/1712
f 1712/1712 1711/1711 1581/1581
f 1711/1711 1712/1712 1713/1713
f 1713/1713 1714/1714 1711/1711
f 1708/1708 1711/1711 1714/1714
f 1714/1714 1709/1709 1708/1708
f 1572/1572 1575/1575 1715/1715
f 1715/1715 1716/1716 1572/1572
f 1575/1575 1563/1563 1717/1717
f 1717/1717 1715/1715 1575/1575
f 1715/1715 1717/1717 1718/1718
f 1718/1718 1719/1719 1715/1715
f 1716/1716 1715/1715 1719/1719
f 1719/1719 1720/1720 1716/1716
f 1563/1563 1566/1566 1721/1721
f 1721/1721 1717/1717 1563/1563
f 1566/1566 1571/1571 1722/1722
f 1722/1722 1721/1721 1566/1566
f 1721/1721 1722/1722 1723/1723
f 1723/1723 1724/1724 1721/1721
f 1717/1717 1721/1721 1724/1724
f 1724/1724 1718/1718 1717/1717
f 1548/1548 1725/1725 1726/1726
f 1726/1726 1560/1560 1548/1548
f 1725/1725 1727/1727 1728/1728
f 1728/1728 1726/1726 1725/1725
f 1726/1726 1728/1728 1729/1729
f 1729/1729 1730/1730 1726/1726
f 1560/1560 1726/1726 1730/1730
f 1730/1730 1557/1557 1560/1560
f 1727/1727 1725/1725 1731/1731
f 1731/1731 1732/1732 1727/1727
f 1725/1725 1548/1548 1551/1551
f 1551/1551 1731/1731 1725/1725
f 1731/1731 1551/1551 1556/1556
f 1556/1556 1733/1733 1731/1731
f 1732/1732 1731/1731 1733/1733
f 1733/1733 1734/1734 1732/1732
f 1537/1537 1735/1735 1736/1736
f 1736/1736 1545/1545 1537/1537
f 1735/1735 1737/1737 1738/1738
f 1738/1738 1736/1736 1735/1735
f 1736/1736 1738/1738 1739/1739
f 1739/1739 1740/1740 1736/1736
f 1545/1545 1736/1736 1740/1740
f 1740/1740 1542/1542 1545/1545
f 1737/1737 1735/1735 1741/1741
f 1741/1741 1742/1742 1737/1737
f 1735/1735 1537/1537 1534/1534
f 1534/1534 1741/1741 1735/1735
f 1741/1741 1534/1534 1533/1533
f 1533/1533 1743/1743 1741/1741
f 1742/1742 1741/1741 1743/1743
f 1743/1743 1744/1744 1742/1742
f 1170/1170 1745/1745 1746/1746
f 1746/1746 1171/1171 1170/1170
f 1745/1745 1451/1451 1450/1450
f 1450/1450 1746/1746 1745/1745
f 1746/1746 1450/1450 1449/1449
f 1449/1449 1747/1747 1746/1746
f 1171/1171 1746/1746 1747/1747
f 1747/1747 1174/1174 1171/1171
f 1449/1449 1457/1457 1748/1748
f 1748/1748 1747/1747 1449/1449
f 1457/1457 1456/1456 1749/1749
f 1749/1749 1748/1748 1457/1457
f 1748/1748 1749/1749 1179/1179
f 1179/1179 1182/1182 1748/1748
f 1747/1747 1748/1748 1182/1182
f 1182/1182 1174/1174 1747/1747
f 1462/1462 1750/1750 1751/1751
f 1751/1751 1463/1463 1462/1462
f 1750/1750 1193/1193 1192/1192
f 1192/1192 1751/1751 1750/1750
f 1751/1751 1192/1192 1191/1191
f 1191/1191 1752/1752 1751/1751
f 1463/1463 1751/1751 1752/1752
f 1752/1752 1464/1464 1463/1463
f 1462/1462 1472/1472 1753/1753
f 1753/1753 1750/1750 1462/1462
f 1472/1472 1471/1471 1754/1754
f 1754/1754 1753/1753 1472/1472
f 1753/1753 1754/1754 1198/1198
f 1198/1198 1201/1201 1753/1753
f 1750/1750 1753/1753 1201/1201
f 1201/1201 1193/1193 1750/1750
f 1477/1477 1755/1755 1756/1756
f 1756/1756 1478/1478 1477/1477
f 1755/1755 1212/1212 1211/1211
f 1211/1211 1756/1756 1755/1755
f 1756/1756 1211/1211 1210/1210
f 1210/1210 1757/1757 1756/1756
f 1478/1478 1756/1756 1757/1757
f 1757/1757 1479/1479 1478/1478
f 1477/1477 1487/1487 1758/1758
f 1758/1758 1755/1755 1477/1477
f 1487/1487 1486/1486 1759/1759
f 1759/1759 1758/1758 1487/1487
f 1758/1758 1759/1759 1217/1217
f 1217/1217 1220/1220 1758/1758
f 1755/1755 1758/1758 1220/1220
f 1220/1220 1212/1212 1755/1755
f 1492/1492 1760/1760 1761/1761
f 1761/1761 1493/1493 1492/1492
f 1760/1760 1231/1231 1230/1230
f 1230/1230 1761/1761 1760/1760
f 1761/1761 1230/1230 1229/1229
f 1229/1229 1762/1762 1761/1761
f 1493/1493 1761/1761 1762/1762
f 1762/1762 1494/1494 1493/1493
f 1231/1231 1760/1760 1763/1763
f 1763/1763 1236/1236 1231/1231
f 1760/1760 1492/1492 1502/1502
f 1502/1502 1763/1763 1760/1760
f 1763/1763 1502/1502 1501/1501
f 1501/1501 1764/1764 1763/1763
f 1236/1236 1763/1763 1764/1764
f 1764/1764 1238/1238 1236/1236
f 1612/1612 1765/1765 1766/1766
f 1766/1766 1613/1613 1612/1612
f 1765/1765 1178/1178 1243/1243
f 1243/1243 1766/1766 1765/1765
f 1766/1766 1243/1243 1242/1242
f 1242/1242 1767/1767 1766/1766
f 1613/1613 1766/1766 1767/1767
f 1767/1767 1614/1614 1613/1613
f 1507/1507 1517/1517 1768/1768
f 1768/1768 1769/1769 1507/1507
f 1517/1517 1516/1516 1770/1770
f 1770/1770 1768/1768 1517/1517
f 1768/1768 1770/1770 1295/1295
f 1295/1295 1294/1294 1768/1768
f 1769/1769 1768/1768 1294/1294
f 1294/1294 1240/1240 1769/1769
f 1597/1597 1607/1607 1771/1771
f 1771/1771 1772/1772 1597/1597
f 1607/1607 1606/1606 1773/1773
f 1773/1773 1771/1771 1607/1607
f 1771/1771 1773/1773 1306/1306
f 1306/1306 1305/1305 1771/1771
f 1772/1772 1771/1771 1305/1305
f 1305/1305 1304/1304 1772/1772
f 1522/1522 1774/1774 1775/1775
f 1775/1775 1523/1523 1522/1522
f 1774/1774 1372/1372 1371/1371
f 1371/1371 1775/1775 1774/1774
f 1775/1775 1371/1371 1370/1370
f 1370/1370 1776/1776 1775/1775
f 1523/1523 1775/1775 1776/1776
f 1776/1776 1524/1524 1523/1523
f 1380/1380 1777/1777 1778/1778
f 1778/1778 1381/1381 1380/1380
f 1777/1777 1582/1582 1592/1592
f 1592/1592 1778/1778 1777/1777
f 1778/1778 1592/1592 1591/1591
f 1591/1591 1779/1779 1778/1778
f 1381/1381 1778/1778 1779/1779
f 1779/1779 1382/1382 1381/1381
f 1582/1582 1777/1777 1780/1780
f 1780/1780 1583/1583 1582/1582
f 1777/1777 1380/1380 1390/1390
f 1390/1390 1780/1780 1777/1777
f 1780/1780 1390/1390 1389/1389
f 1389/1389 1781/1781 1780/1780
f 1583/1583 1780/1780 1781/1781
f 1781/1781 1584/1584 1583/1583
f 1567/1567 1577/1577 1782/1782
f 1782/1782 1783/1783 1567/1567
f 1577/1577 1576/1576 1784/1784
f 1784/1784 1782/1782 1577/1577
f 1782/1782 1784/1784 1401/1401
f 1401/1401 1400/1400 1782/1782
f 1783/1783 1782/1782 1400/1400
f 1400/1400 1399/1399 1783/1783
f 1567/1567 1783/1783 1785/1785
f 1785/1785 1568/1568 1567/1567
f 1783/1783 1399/1399 1409/1409
f 1409/1409 1785/1785 1783/1783
f 1785/1785 1409/1409 1408/1408
f 1408/1408 1786/1786 1785/1785
f 1568/1568 1785/1785 1786/1786
f 1786/1786 1569/1569 1568/1568
f 1552/1552 1562/1562 1787/1787
f 1787/1787 1788/1788 1552/1552
f 1562/1562 1561/1561 1789/1789
f 1789/1789 1787/1787 1562/1562
f 1787/1787 1789/1789 1420/1420
f 1420/1420 1419/1419 1787/1787
f 1788/1788 1787/1787 1419/1419
f 1419/1419 1418/1418 1788/1788
f 1552/1552 1788/1788 1790/1790
f 1790/1790 1553/1553 1552/1552
f 1788/1788 1418/1418 1428/1428
f 1428/1428 1790/1790 1788/1788
f 1790/1790 1428/1428 1427/1427
f 1427/1427 1791/1791 1790/1790
f 1553/1553 1790/1790 1791/1791
f 1791/1791 1554/1554 1553/1553
f 1539/1539 1547/1547 1792/1792
f 1792/1792 1793/1793 1539/1539
f 1547/1547 1546/1546 1794/1794
f 1794/1794 1792/1792 1547/1547
f 1792/1792 1794/1794 1438/1438
f 1438/1438 1437/1437 1792/1792
f 1793/1793 1792/1792 1437/1437
f 1437/1437 1436/1436 1793/1793
f 1441/1441 1795/1795 1796/1796
f 1796/1796 1442/1442 1441/1441
f 1795/1795 1541/1541 1540/1540
f 1540/1540 1796/1796 1795/1795
f 1796/1796 1540/1540 1539/1539
f 1539/1539 1793/1793 1796/1796
f 1442/1442 1796/1796 1793/1793
f 1793/1793 1436/1436 1442/1442
f 1197/1197 1797/1797 1798/1798
f 1798/1798 1190/1190 1197/1197
f 1799/1799 1800/1800 1798/1798
f 1798/1798 1797/1797 1799/1799
f 1187/1187 1190/1190 1798/1798
f 1798/1798 1800/1800 1187/1187
f 1801/1801 1802/1802 1803/1803
f 1803/1803 1804/1804 1801/1801
f 1805/1805 1806/1806 1803/1803
f 1803/1803 1802/1802 1805/1805
f 1807/1807 1804/1804 1803/1803
f 1803/1803 1806/1806 1807/1807
f 1185/1185 1808/1808 1809/1809
f 1809/1809 1252/1252 1185/1185
f 1810/1810 1811/1811 1809/1809
f 1809/1809 1808/1808 1810/1810
f 1253/1253 1252/1252 1809/1809
f 1809/1809 1811/1811 1253/1253
f 1810/1810 1808/1808 1812/1812
f 1812/1812 1813/1813 1810/1810
f 1185/1185 1184/1184 1812/1812
f 1812/1812 1808/1808 1185/1185
f 1183/1183 1813/1813 1812/1812
f 1812/1812 1184/1184 1183/1183
f 1216/1216 1814/1814 1815/1815
f 1815/1815 1209/1209 1216/1216
f 1816/1816 1817/1817 1815/1815
f 1815/1815 1814/1814 1816/1816
f 1206/1206 1209/1209 1815/1815
f 1815/1815 1817/1817 1206/1206
f 1818/1818 1819/1819 1820/1820
f 1820/1820 1821/1821 1818/1818
f 1822/1822 1823/1823 1820/1820
f 1820/1820 1819/1819 1822/1822
f 1824/1824 1821/1821 1820/1820
f 1820/1820 1823/1823 1824/1824
f 1204/1204 1825/1825 1826/1826
f 1826/1826 1266/1266 1204/1204
f 1827/1827 1828/1828 1826/1826
f 1826/1826 1825/1825 1827/1827
f 1267/1267 1266/1266 1826/1826
f 1826/1826 1828/1828 1267/1267
f 1827/1827 1825/1825 1829/1829
f 1829/1829 1830/1830 1827/1827
f 1204/1204 1203/1203 1829/1829
f 1829/1829 1825/1825 1204/1204
f 1202/1202 1830/1830 1829/1829
f 1829/1829 1203/1203 1202/1202
f 1235/1235 1831/1831 1832/1832
f 1832/1832 1228/1228 1235/1235
f 1833/1833 1834/1834 1832/1832
f 1832/1832 1831/1831 1833/1833
f 1225/1225 1228/1228 1832/1832
f 1832/1832 1834/1834 1225/1225
f 1835/1835 1836/1836 1837/1837
f 1837/1837 1838/1838 1835/1835
f 1839/1839 1840/1840 1837/1837
f 1837/1837 1836/1836 1839/1839
f 1841/1841 1838/1838 1837/1837
f 1837/1837 1840/1840 1841/1841
f 1223/1223 1842/1842 1843/1843
f 1843/1843 1280/1280 1223/1223
f 1844/1844 1845/1845 1843/1843
f 1843/1843 1842/1842 1844/1844
f 1281/1281 1280/1280 1843/1843
f 1843/1843 1845/1845 1281/1281
f 1844/1844 1842/1842 1846/1846
f 1846/1846 1847/1847 1844/1844
f 1223/1223 1222/1222 1846/1846
f 1846/1846 1842/1842 1223/1223
f 1221/1221 1847/1847 1846/1846
f 1846/1846 1222/1222 1221/1221
f 1319/1319 1848/1848 1849/1849
f 1849/1849 1850/1850 1319/1319
f 1851/1851 1852/1852 1849/1849
f 1849/1849 1848/1848 1851/1851
f 1853/1853 1850/1850 1849/1849
f 1849/1849 1852/1852 1853/1853
f 1298/1298 1854/1854 1855/1855
f 1855/1855 1856/1856 1298/1298
f 1857/1857 1858/1858 1855/1855
f 1855/1855 1854/1854 1857/1857
f 1859/1859 1856/1856 1855/1855
f 1855/1855 1858/1858 1859/1859
f 1857/1857 1854/1854 1860/1860
f 1860/1860 1861/1861 1857/1857
f 1298/1298 1301/1301 1860/1860
f 1860/1860 1854/1854 1298/1298
f 1308/1308 1861/1861 1860/1860
f 1860/1860 1301/1301 1308/1308
f 1247/1247 1862/1862 1863/1863
f 1863/1863 1248/1248 1247/1247
f 1864/1864 1865/1865 1863/1863
f 1863/1863 1862/1862 1864/1864
f 1249/1249 1248/1248 1863/1863
f 1863/1863 1865/1865 1249/1249
f 1338/1338 1866/1866 1867/1867
f 1867/1867 1868/1868 1338/1338
f 1869/1869 1870/1870 1867/1867
f 1867/1867 1866/1866 1869/1869
f 1871/1871 1868/1868 1867/1867
f 1867/1867 1870/1870 1871/1871
f 1872/1872 1873/1873 1874/1874
f 1874/1874 1875/1875 1872/1872
f 1876/1876 1877/1877 1874/1874
f 1874/1874 1873/1873 1876/1876
f 1878/1878 1875/1875 1874/1874
f 1874/1874 1877/1877 1878/1878
f 1323/1323 1879/1879 1880/1880
f 1880/1880 1324/1324 1323/1323
f 1881/1881 1882/1882 1880/1880
f 1880/1880 1879/1879 1881/1881
f 1325/1325 1324/1324 1880/1880
f 1880/1880 1882/1882 1325/1325
f 1258/1258 1883/1883 1884/1884
f 1884/1884 1259/1259 1258/1258
f 1885/1885 1886/1886 1884/1884
f 1884/1884 1883/1883 1885/1885
f 1260/1260 1259/1259 1884/1884
f 1884/1884 1886/1886 1260/1260
f 1357/1357 1887/1887 1888/1888
f 1888/1888 1889/1889 1357/1357
f 1890/1890 1891/1891 1888/1888
f 1888/1888 1887/1887 1890/1890
f 1892/1892 1889/1889 1888/1888
f 1888/1888 1891/1891 1892/1892
f 1893/1893 1894/1894 1895/1895
f 1895/1895 1896/1896 1893/1893
f 1897/1897 1898/1898 1895/1895
f 1895/1895 1894/1894 1897/1897
f 1899/1899 1896/1896 1895/1895
f 1895/1895 1898/1898 1899/1899
f 1342/1342 1900/1900 1901/1901
f 1901/1901 1343/1343 1342/1342
f 1902/1902 1903/1903 1901/1901
f 1901/1901 1900/1900 1902/1902
f 1344/1344 1343/1343 1901/1901
f 1901/1901 1903/1903 1344/1344
f 1272/1272 1904/1904 1905/1905
f 1905/1905 1273/1273 1272/1272
f 1906/1906 1907/1907 1905/1905
f 1905/1905 1904/1904 1906/1906
f 1274/1274 1273/1273 1905/1905
f 1905/1905 1907/1907 1274/1274
f 1908/1908 1909/1909 1910/1910
f 1910/1910 1911/1911 1908/1908
f 1286/1286 1293/1293 1910/1910
f 1910/1910 1909/1909 1286/1286
f 1297/1297 1911/1911 1910/1910
f 1910/1910 1293/1293 1297/1297
f 1376/1376 1912/1912 1913/1913
f 1913/1913 1369/1369 1376/1376
f 1914/1914 1915/1915 1913/1913
f 1913/1913 1912/1912 1914/1914
f 1366/1366 1369/1369 1913/1913
f 1913/1913 1915/1915 1366/1366
f 1361/1361 1916/1916 1917/1917
f 1917/1917 1362/1362 1361/1361
f 1918/1918 1919/1919 1917/1917
f 1917/1917 1916/1916 1918/1918
f 1363/1363 1362/1362 1917/1917
f 1917/1917 1919/1919 1363/1363
f 1286/1286 1909/1909 1920/1920
f 1920/1920 1287/1287 1286/1286
f 1908/1908 1921/1921 1920/1920
f 1920/1920 1909/1909 1908/1908
f 1288/1288 1287/1287 1920/1920
f 1920/1920 1921/1921 1288/1288
f 1395/1395 1922/1922 1923/1923
f 1923/1923 1924/1924 1395/1395
f 1925/1925 1926/1926 1923/1923
f 1923/1923 1922/1922 1925/1925
f 1927/1927 1924/1924 1923/1923
f 1923/1923 1926/1926 1927/1927
f 1925/1925 1922/1922 1928/1928
f 1928/1928 1929/1929 1925/1925
f 1395/1395 1392/1392 1928/1928
f 1928/1928 1922/1922 1395/1395
f 1391/1391 1929/1929 1928/1928
f 1928/1928 1392/1392 1391/1391
f 1383/1383 1930/1930 1931/1931
f 1931/1931 1384/1384 1383/1383
f 1932/1932 1933/1933 1931/1931
f 1931/1931 1930/1930 1932/1932
f 1387/1387 1384/1384 1931/1931
f 1931/1931 1933/1933 1387/1387
f 1313/1313 1934/1934 1935/1935
f 1935/1935 1314/1314 1313/1313
f 1936/1936 1937/1937 1935/1935
f 1935/1935 1934/1934 1936/1936
f 1315/1315 1314/1314 1935/1935
f 1935/1935 1937/1937 1315/1315
f 1414/1414 1938/1938 1939/1939
f 1939/1939 1940/1940 1414/1414
f 1941/1941 1942/1942 1939/1939
f 1939/1939 1938/1938 1941/1941
f 1943/1943 1940/1940 1939/1939
f 1939/1939 1942/1942 1943/1943
f 1941/1941 1938/1938 1944/1944
f 1944/1944 1945/1945 1941/1941
f 1414/1414 1411/1411 1944/1944
f 1944/1944 1938/1938 1414/1414
f 1410/1410 1945/1945 1944/1944
f 1944/1944 1411/1411 1410/1410
f 1402/1402 1946/1946 1947/1947
f 1947/1947 1403/1403 1402/1402
f 1948/1948 1949/1949 1947/1947
f 1947/1947 1946/1946 1948/1948
f 1406/1406 1403/1403 1947/1947
f 1947/1947 1949/1949 1406/1406
f 1332/1332 1950/1950 1951/1951
f 1951/1951 1333/1333 1332/1332
f 1952/1952 1953/1953 1951/1951
f 1951/1951 1950/1950 1952/1952
f 1334/1334 1333/1333 1951/1951
f 1951/1951 1953/1953 1334/1334
f 1433/1433 1954/1954 1955/1955
f 1955/1955 1956/1956 1433/1433
f 1957/1957 1958/1958 1955/1955
f 1955/1955 1954/1954 1957/1957
f 1959/1959 1956/1956 1955/1955
f 1955/1955 1958/1958 1959/1959
f 1957/1957 1954/1954 1960/1960
f 1960/1960 1961/1961 1957/1957
f 1433/1433 1430/1430 1960/1960
f 1960/1960 1954/1954 1433/1433
f 1429/1429 1961/1961 1960/1960
f 1960/1960 1430/1430 1429/1429
f 1421/1421 1962/1962 1963/1963
f 1963/1963 1422/1422 1421/1421
f 1964/1964 1965/1965 1963/1963
f 1963/1963 1962/1962 1964/1964
f 1425/1425 1422/1422 1963/1963
f 1963/1963 1965/1965 1425/1425
f 1351/1351 1966/1966 1967/1967
f 1967/1967 1352/1352 1351/1351
f 1968/1968 1969/1969 1967/1967
f 1967/1967 1966/1966 1968/1968
f 1353/1353 1352/1352 1967/1967
f 1967/1967 1969/1969 1353/1353
f 1853/1853 1970/1970 1971/1971
f 1971/1971 1850/1850 1853/1853
f 1972/1972 1973/1973 1971/1971
f 1971/1971 1970/1970 1972/1972
f 1801/1801 1974/1974 1971/1971
f 1971/1971 1973/1973 1801/1801
f 1309/1309 1312/1312 1971/1971
f 1971/1971 1974/1974 1309/1309
f 1319/1319 1850/1850 1971/1971
f 1971/1971 1312/1312 1319/1319
f 1807/1807 1975/1975 1976/1976
f 1976/1976 1804/1804 1807/1807
f 1977/1977 1978/1978 1976/1976
f 1976/1976 1975/1975 1977/1977
f 1323/1323 1322/1322 1976/1976
f 1976/1976 1978/1978 1323/1323
f 1309/1309 1974/1974 1976/1976
f 1976/1976 1322/1322 1309/1309
f 1801/1801 1804/1804 1976/1976
f 1976/1976 1974/1974 1801/1801
f 1871/1871 1979/1979 1980/1980
f 1980/1980 1868/1868 1871/1871
f 1981/1981 1982/1982 1980/1980
f 1980/1980 1979/1979 1981/1981
f 1818/1818 1983/1983 1980/1980
f 1980/1980 1982/1982 1818/1818
f 1328/1328 1331/1331 1980/1980
f 1980/1980 1983/1983 1328/1328
f 1338/1338 1868/1868 1980/1980
f 1980/1980 1331/1331 1338/1338
f 1824/1824 1984/1984 1985/1985
f 1985/1985 1821/1821 1824/1824
f 1986/1986 1987/1987 1985/1985
f 1985/1985 1984/1984 1986/1986
f 1342/1342 1341/1341 1985/1985
f 1985/1985 1987/1987 1342/1342
f 1328/1328 1983/1983 1985/1985
f 1985/1985 1341/1341 1328/1328
f 1818/1818 1821/1821 1985/1985
f 1985/1985 1983/1983 1818/1818
f 1892/1892 1988/1988 1989/1989
f 1989/1989 1889/1889 1892/1892
f 1990/1990 1991/1991 1989/1989
f 1989/1989 1988/1988 1990/1990
f 1835/1835 1992/1992 1989/1989
f 1989/1989 1991/1991 1835/1835
f 1347/1347 1350/1350 1989/1989
f 1989/1989 1992/1992 1347/1347
f 1357/1357 1889/1889 1989/1989
f 1989/1989 1350/1350 1357/1357
f 1841/1841 1993/1993 1994/1994
f 1994/1994 1838/1838 1841/1841
f 1995/1995 1996/1996 1994/1994
f 1994/1994 1993/1993 1995/1995
f 1361/1361 1360/1360 1994/1994
f 1994/1994 1996/1996 1361/1361
f 1347/1347 1992/1992 1994/1994
f 1994/1994 1360/1360 1347/1347
f 1835/1835 1838/1838 1994/1994
f 1994/1994 1992/1992 1835/1835
f 1859/1859 1997/1997 1998/1998
f 1998/1998 1856/1856 1859/1859
f 1999/1999 2000/2000 1998/1998
f 1998/1998 1997/1997 1999/1999
f 1383/1383 1386/1386 1998/1998
f 1998/1998 2000/2000 1383/1383
f 1302/1302 1299/1299 1998/1998
f 1998/1998 1386/1386 1302/1302
f 1298/1298 1856/1856 1998/1998
f 1998/1998 1299/1299 1298/1298
f 1927/1927 2001/2001 2002/2002
f 2002/2002 1924/1924 1927/1927
f 2003/2003 2004/2004 2002/2002
f 2002/2002 2001/2001 2003/2003
f 1872/1872 2005/2005 2002/2002
f 2002/2002 2004/2004 1872/1872
f 1397/1397 1396/1396 2002/2002
f 2002/2002 2005/2005 1397/1397
f 1395/1395 1924/1924 2002/2002
f 2002/2002 1396/1396 1395/1395
f 1878/1878 2006/2006 2007/2007
f 2007/2007 1875/1875 1878/1878
f 2008/2008 2009/2009 2007/2007
f 2007/2007 2006/2006 2008/2008
f 1402/1402 1405/1405 2007/2007
f 2007/2007 2009/2009 1402/1402
f 1397/1397 2005/2005 2007/2007
f 2007/2007 1405/1405 1397/1397
f 1872/1872 1875/1875 2007/2007
f 2007/2007 2005/2005 1872/1872
f 1943/1943 2010/2010 2011/2011
f 2011/2011 1940/1940 1943/1943
f 2012/2012 2013/2013 2011/2011
f 2011/2011 2010/2010 2012/2012
f 1893/1893 2014/2014 2011/2011
f 2011/2011 2013/2013 1893/1893
f 1416/1416 1415/1415 2011/2011
f 2011/2011 2014/2014 1416/1416
f 1414/1414 1940/1940 2011/2011
f 2011/2011 1415/1415 1414/1414
f 1899/1899 2015/2015 2016/2016
f 2016/2016 1896/1896 1899/1899
f 2017/2017 2018/2018 2016/2016
f 2016/2016 2015/2015 2017/2017
f 1421/1421 1424/1424 2016/2016
f 2016/2016 2018/2018 1421/1421
f 1416/1416 2014/2014 2016/2016
f 2016/2016 1424/1424 1416/1416
f 1893/1893 1896/1896 2016/2016
f 2016/2016 2014/2014 1893/1893
f 1959/1959 2019/2019 2020/2020
f 2020/2020 1956/1956 1959/1959
f 2021/2021 2022/2022 2020/2020
f 2020/2020 2019/2019 2021/2021
f 1376/1376 1375/1375 2020/2020
f 2020/2020 2022/2022 1376/1376
f 1374/1374 1434/1434 2020/2020
f 2020/2020 1375/1375 1374/1374
f 1433/1433 1956/1956 2020/2020
f 2020/2020 1434/1434 1433/1433
f 1799/1799 1797/1797 2023/2023
f 2023/2023 2024/2024 1799/1799
f 1197/1197 1263/1263 2023/2023
f 2023/2023 1797/1797 1197/1197
f 1262/1262 2024/2024 2023/2023
f 2023/2023 1263/1263 1262/1262
f 1805/1805 1802/1802 2025/2025
f 2025/2025 2026/2026 1805/1805
f 1801/1801 1973/1973 2025/2025
f 2025/2025 1802/1802 1801/1801
f 1972/1972 2026/2026 2025/2025
f 2025/2025 1973/1973 1972/1972
f 1816/1816 1814/1814 2027/2027
f 2027/2027 2028/2028 1816/1816
f 1216/1216 1277/1277 2027/2027
f 2027/2027 1814/1814 1216/1216
f 1276/1276 2028/2028 2027/2027
f 2027/2027 1277/1277 1276/1276
f 1822/1822 1819/1819 2029/2029
f 2029/2029 2030/2030 1822/1822
f 1818/1818 1982/1982 2029/2029
f 2029/2029 1819/1819 1818/1818
f 1981/1981 2030/2030 2029/2029
f 2029/2029 1982/1982 1981/1981
f 1833/1833 1831/1831 2031/2031
f 2031/2031 2032/2032 1833/1833
f 1235/1235 1291/1291 2031/2031
f 2031/2031 1831/1831 1235/1235
f 1290/1290 2032/2032 2031/2031
f 2031/2031 1291/1291 1290/1290
f 1839/1839 1836/1836 2033/2033
f 2033/2033 2034/2034 1839/1839
f 1835/1835 1991/1991 2033/2033
f 2033/2033 1836/1836 1835/1835
f 1990/1990 2034/2034 2033/2033
f 2033/2033 1991/1991 1990/1990
f 1864/1864 1862/1862 2035/2035
f 2035/2035 2036/2036 1864/1864
f 1247/1247 1251/1251 2035/2035
f 2035/2035 1862/1862 1247/1247
f 1255/1255 2036/2036 2035/2035
f 2035/2035 1251/1251 1255/1255
f 1851/1851 1848/1848 2037/2037
f 2037/2037 2038/2038 1851/1851
f 1319/1319 1318/1318 2037/2037
f 2037/2037 1848/1848 1319/1319
f 1317/1317 2038/2038 2037/2037
f 2037/2037 1318/1318 1317/1317
f 1869/1869 1866/1866 2039/2039
f 2039/2039 2040/2040 1869/1869
f 1338/1338 1337/1337 2039/2039
f 2039/2039 1866/1866 1338/1338
f 1336/1336 2040/2040 2039/2039
f 2039/2039 1337/1337 1336/1336
f 1876/1876 1873/1873 2041/2041
f 2041/2041 2042/2042 1876/1876
f 1872/1872 2004/2004 2041/2041
f 2041/2041 1873/1873 1872/1872
f 2003/2003 2042/2042 2041/2041
f 2041/2041 2004/2004 2003/2003
f 1906/1906 1904/1904 2043/2043
f 2043/2043 2044/2044 1906/1906
f 1272/1272 1279/1279 2043/2043
f 2043/2043 1904/1904 1272/1272
f 1283/1283 2044/2044 2043/2043
f 2043/2043 1279/1279 1283/1283
f 1890/1890 1887/1887 2045/2045
f 2045/2045 2046/2046 1890/1890
f 1357/1357 1356/1356 2045/2045
f 2045/2045 1887/1887 1357/1357
f 1355/1355 2046/2046 2045/2045
f 2045/2045 1356/1356 1355/1355
f 1897/1897 1894/1894 2047/2047
f 2047/2047 2048/2048 1897/1897
f 1893/1893 2013/2013 2047/2047
f 2047/2047 1894/1894 1893/1893
f 2012/2012 2048/2048 2047/2047
f 2047/2047 2013/2013 2012/2012
f 1902/1902 1900/1900 2049/2049
f 2049/2049 2050/2050 1902/1902
f 1342/1342 1987/1987 2049/2049
f 2049/2049 1900/1900 1342/1342
f 1986/1986 2050/2050 2049/2049
f 2049/2049 1987/1987 1986/1986
f 1914/1914 1912/1912 2051/2051
f 2051/2051 2052/2052 1914/1914
f 1376/1376 2022/2022 2051/2051
f 2051/2051 1912/1912 1376/1376
f 2021/2021 2052/2052 2051/2051
f 2051/2051 2022/2022 2021/2021
f 1918/1918 1916/1916 2053/2053
f 2053/2053 2054/2054 1918/1918
f 1361/1361 1996/1996 2053/2053
f 2053/2053 1916/1916 1361/1361
f 1995/1995 2054/2054 2053/2053
f 2053/2053 1996/1996 1995/1995
f 1936/1936 1934/1934 2055/2055
f 2055/2055 2056/2056 1936/1936
f 1313/1313 1321/1321 2055/2055
f 2055/2055 1934/1934 1313/1313
f 1327/1327 2056/2056 2055/2055
f 2055/2055 1321/1321 1327/1327
f 1932/1932 1930/1930 2057/2057
f 2057/2057 2058/2058 1932/1932
f 1383/1383 2000/2000 2057/2057
f 2057/2057 1930/1930 1383/1383
f 1999/1999 2058/2058 2057/2057
f 2057/2057 2000/2000 1999/1999
f 1952/1952 1950/1950 2059/2059
f 2059/2059 2060/2060 1952/1952
f 1332/1332 1340/1340 2059/2059
f 2059/2059 1950/1950 1332/1332
f 1346/1346 2060/2060 2059/2059
f 2059/2059 1340/1340 1346/1346
f 1948/1948 1946/1946 2061/2061
f 2061/2061 2062/2062 1948/1948
f 1402/1402 2009/2009 2061/2061
f 2061/2061 1946/1946 1402/1402
f 2008/2008 2062/2062 2061/2061
f 2061/2061 2009/2009 2008/2008
f 1968/1968 1966/1966 2063/2063
f 2063/2063 2064/2064 1968/1968
f 1351/1351 1359/1359 2063/2063
f 2063/2063 1966/1966 1351/1351
f 1365/1365 2064/2064 2063/2063
f 2063/2063 1359/1359 1365/1365
f 1964/1964 1962/1962 2065/2065
f 2065/2065 2066/2066 1964/1964
f 1421/1421 2018/2018 2065/2065
f 2065/2065 1962/1962 1421/1421
f 2017/2017 2066/2066 2065/2065
f 2065/2065 2018/2018 2017/2017
f 1885/1885 1883/1883 2067/2067
f 2067/2067 2068/2068 1885/1885
f 1258/1258 1265/1265 2067/2067
f 2067/2067 1883/1883 1258/1258
f 1269/1269 2068/2068 2067/2067
f 2067/2067 1265/1265 1269/1269
f 1881/1881 1879/1879 2069/2069
f 2069/2069 2070/2070 1881/1881
f 1323/1323 1978/1978 2069/2069
f 2069/2069 1879/1879 1323/1323
f 1977/1977 2070/2070 2069/2069
f 2069/2069 1978/1978 1977/1977
f 2071/2071 2072/2072 2073/2073
f 2073/2073 2074/2074 2071/2071
f 2072/2072 1183/1183 1180/1180
f 1180/1180 2073/2073 2072/2072
f 2073/2073 1180/1180 1179/1179
f 1179/1179 2075/2075 2073/2073
f 2074/2074 2073/2073 2075/2075
f 2075/2075 2076/2076 2074/2074
f 2077/2077 2078/2078 2079/2079
f 2079/2079 2080/2080 2077/2077
f 2078/2078 1191/1191 1188/1188
f 1188/1188 2079/2079 2078/2078
f 2079/2079 1188/1188 1187/1187
f 1187/1187 2081/2081 2079/2079
f 2080/2080 2079/2079 2081/2081
f 2081/2081 2082/2082 2080/2080
f 2083/2083 2084/2084 2085/2085
f 2085/2085 2086/2086 2083/2083
f 2084/2084 1202/1202 1199/1199
f 1199/1199 2085/2085 2084/2084
f 2085/2085 1199/1199 1198/1198
f 1198/1198 2087/2087 2085/2085
f 2086/2086 2085/2085 2087/2087
f 2087/2087 2088/2088 2086/2086
f 2089/2089 2090/2090 2091/2091
f 2091/2091 2092/2092 2089/2089
f 2090/2090 1210/1210 1207/1207
f 1207/1207 2091/2091 2090/2090
f 2091/2091 1207/1207 1206/1206
f 1206/1206 2093/2093 2091/2091
f 2092/2092 2091/2091 2093/2093
f 2093/2093 2094/2094 2092/2092
f 2095/2095 2096/2096 2097/2097
f 2097/2097 2098/2098 2095/2095
f 2096/2096 1221/1221 1218/1218
f 1218/1218 2097/2097 2096/2096
f 2097/2097 1218/1218 1217/1217
f 1217/1217 2099/2099 2097/2097
f 2098/2098 2097/2097 2099/2099
f 2099/2099 2100/2100 2098/2098
f 2101/2101 2102/2102 2103/2103
f 2103/2103 2104/2104 2101/2101
f 2102/2102 1229/1229 1226/1226
f 1226/1226 2103/2103 2102/2102
f 2103/2103 1226/1226 1225/1225
f 1225/1225 2105/2105 2103/2103
f 2104/2104 2103/2103 2105/2105
f 2105/2105 2106/2106 2104/2104
f 2107/2107 2108/2108 2109/2109
f 2109/2109 2110/2110 2107/2107
f 2108/2108 1242/1242 1245/1245
f 1245/1245 2109/2109 2108/2108
f 2109/2109 1245/1245 1249/1249
f 1249/1249 2111/2111 2109/2109
f 2110/2110 2109/2109 2111/2111
f 2111/2111 2112/2112 2110/2110
f 2113/2113 2114/2114 2115/2115
f 2115/2115 2116/2116 2113/2113
f 2114/2114 1255/1255 1254/1254
f 1254/1254 2115/2115 2114/2114
f 2115/2115 1254/1254 1253/1253
f 1253/1253 2117/2117 2115/2115
f 2116/2116 2115/2115 2117/2117
f 2117/2117 2118/2118 2116/2116
f 2119/2119 2120/2120 2121/2121
f 2121/2121 2122/2122 2119/2119
f 2120/2120 1262/1262 1261/1261
f 1261/1261 2121/2121 2120/2120
f 2121/2121 1261/1261 1260/1260
f 1260/1260 2123/2123 2121/2121
f 2122/2122 2121/2121 2123/2123
f 2123/2123 2124/2124 2122/2122
f 2125/2125 2126/2126 2127/2127
f 2127/2127 2128/2128 2125/2125
f 2126/2126 1269/1269 1268/1268
f 1268/1268 2127/2127 2126/2126
f 2127/2127 1268/1268 1267/1267
f 1267/1267 2129/2129 2127/2127
f 2128/2128 2127/2127 2129/2129
f 2129/2129 2130/2130 2128/2128
f 2131/2131 2132/2132 2133/2133
f 2133/2133 2134/2134 2131/2131
f 2132/2132 1276/1276 1275/1275
f 1275/1275 2133/2133 2132/2132
f 2133/2133 1275/1275 1274/1274
f 1274/1274 2135/2135 2133/2133
f 2134/2134 2133/2133 2135/2135
f 2135/2135 2136/2136 2134/2134
f 2137/2137 2138/2138 2139/2139
f 2139/2139 2140/2140 2137/2137
f 2138/2138 1283/1283 1282/1282
f 1282/1282 2139/2139 2138/2138
f 2139/2139 1282/1282 1281/1281
f 1281/1281 2141/2141 2139/2139
f 2140/2140 2139/2139 2141/2141
f 2141/2141 2142/2142 2140/2140
f 2143/2143 2144/2144 2145/2145
f 2145/2145 2146/2146 2143/2143
f 2144/2144 1290/1290 1289/1289
f 1289/1289 2145/2145 2144/2144
f 2145/2145 1289/1289 1288/1288
f 1288/1288 2147/2147 2145/2145
f 2146/2146 2145/2145 2147/2147
f 2147/2147 2148/2148 2146/2146
f 2149/2149 2150/2150 2151/2151
f 2151/2151 2152/2152 2149/2149
f 2150/2150 1297/1297 1296/1296
f 1296/1296 2151/2151 2150/2150
f 2151/2151 1296/1296 1295/1295
f 1295/1295 2153/2153 2151/2151
f 2152/2152 2151/2151 2153/2153
f 2153/2153 2154/2154 2152/2152
f 2155/2155 2156/2156 2157/2157
f 2157/2157 2158/2158 2155/2155
f 2156/2156 1308/1308 1307/1307
f 1307/1307 2157/2157 2156/2156
f 2157/2157 1307/1307 1306/1306
f 1306/1306 2159/2159 2157/2157
f 2158/2158 2157/2157 2159/2159
f 2159/2159 2160/2160 2158/2158
f 2161/2161 2162/2162 2163/2163
f 2163/2163 2164/2164 2161/2161
f 2162/2162 1317/1317 1316/1316
f 1316/1316 2163/2163 2162/2162
f 2163/2163 1316/1316 1315/1315
f 1315/1315 2165/2165 2163/2163
f 2164/2164 2163/2163 2165/2165
f 2165/2165 2166/2166 2164/2164
f 2167/2167 2168/2168 2169/2169
f 2169/2169 2170/2170 2167/2167
f 2168/2168 1327/1327 1326/1326
f 1326/1326 2169/2169 2168/2168
f 2169/2169 1326/1326 1325/1325
f 1325/1325 2171/2171 2169/2169
f 2170/2170 2169/2169 2171/2171
f 2171/2171 2172/2172 2170/2170
f 2173/2173 2174/2174 2175/2175
f 2175/2175 2176/2176 2173/2173
f 2174/2174 1336/1336 1335/1335
f 1335/1335 2175/2175 2174/2174
f 2175/2175 1335/1335 1334/1334
f 1334/1334 2177/2177 2175/2175
f 2176/2176 2175/2175 2177/2177
f 2177/2177 2178/2178 2176/2176
f 2179/2179 2180/2180 2181/2181
f 2181/2181 2182/2182 2179/2179
f 2180/2180 1346/1346 1345/1345
f 1345/1345 2181/2181 2180/2180
f 2181/2181 1345/1345 1344/1344
f 1344/1344 2183/2183 2181/2181
f 2182/2182 2181/2181 2183/2183
f 2183/2183 2184/2184 2182/2182
f 2185/2185 2186/2186 2187/2187
f 2187/2187 2188/2188 2185/2185
f 2186/2186 1355/1355 1354/1354
f 1354/1354 2187/2187 2186/2186
f 2187/2187 1354/1354 1353/1353
f 1353/1353 2189/2189 2187/2187
f 2188/2188 2187/2187 2189/2189
f 2189/2189 2190/2190 2188/2188
f 2191/2191 2192/2192 2193/2193
f 2193/2193 2194/2194 2191/2191
f 2192/2192 1365/1365 1364/1364
f 1364/1364 2193/2193 2192/2192
f 2193/2193 1364/1364 1363/1363
f 1363/1363 2195/2195 2193/2193
f 2194/2194 2193/2193 2195/2195
f 2195/2195 2196/2196 2194/2194
f 2197/2197 2198/2198 2199/2199
f 2199/2199 2200/2200 2197/2197
f 2198/2198 1370/1370 1367/1367
f 1367/1367 2199/2199 2198/2198
f 2199/2199 1367/1367 1366/1366
f 1366/1366 2201/2201 2199/2199
f 2200/2200 2199/2199 2201/2201
f 2201/2201 2202/2202 2200/2200
f 2203/2203 2204/2204 2205/2205
f 2205/2205 2206/2206 2203/2203
f 2204/2204 1389/1389 1388/1388
f 1388/1388 2205/2205 2204/2204
f 2205/2205 1388/1388 1387/1387
f 1387/1387 2207/2207 2205/2205
f 2206/2206 2205/2205 2207/2207
f 2207/2207 2208/2208 2206/2206
f 2209/2209 2210/2210 2211/2211
f 2211/2211 2212/2212 2209/2209
f 2210/2210 1391/1391 1394/1394
f 1394/1394 2211/2211 2210/2210
f 2211/2211 1394/1394 1401/1401
f 1401/1401 2213/2213 2211/2211
f 2212/2212 2211/2211 2213/2213
f 2213/2213 2214/2214 2212/2212
f 2215/2215 2216/2216 2217/2217
f 2217/2217 2218/2218 2215/2215
f 2216/2216 1408/1408 1407/1407
f 1407/1407 2217/2217 2216/2216
f 2217/2217 1407/1407 1406/1406
f 1406/1406 2219/2219 2217/2217
f 2218/2218 2217/2217 2219/2219
f 2219/2219 2220/2220 2218/2218
f 2221/2221 2222/2222 2223/2223
f 2223/2223 2224/2224 2221/2221
f 2222/2222 1410/1410 1413/1413
f 1413/1413 2223/2223 2222/2222
f 2223/2223 1413/1413 1420/1420
f 1420/1420 2225/2225 2223/2223
f 2224/2224 2223/2223 2225/2225
f 2225/2225 2226/2226 2224/2224
f 2227/2227 2228/2228 2229/2229
f 2229/2229 2230/2230 2227/2227
f 2228/2228 1427/1427 1426/1426
f 1426/1426 2229/2229 2228/2228
f 2229/2229 1426/1426 1425/1425
f 1425/1425 2231/2231 2229/2229
f 2230/2230 2229/2229 2231/2231
f 2231/2231 2232/2232 2230/2230
f 2233/2233 2234/2234 2235/2235
f 2235/2235 2236/2236 2233/2233
f 2234/2234 1429/1429 1432/1432
f 1432/1432 2235/2235 2234/2234
f 2235/2235 1432/1432 1438/1438
f 1438/1438 2237/2237 2235/2235
f 2236/2236 2235/2235 2237/2237
f 2237/2237 2238/2238 2236/2236
f 2239/2239 2240/2240 2241/2241
f 2241/2241 2242/2242 2239/2239
f 2240/2240 1456/1456 1453/1453
f 1453/1453 2241/2241 2240/2240
f 2241/2241 1453/1453 1452/1452
f 1452/1452 2243/2243 2241/2241
f 2242/2242 2241/2241 2243/2243
f 2243/2243 2244/2244 2242/2242
f 2245/2245 2246/2246 2247/2247
f 2247/2247 2248/2248 2245/2245
f 2246/2246 1466/1466 1465/1465
f 1465/1465 2247/2247 2246/2246
f 2247/2247 1465/1465 1464/1464
f 1464/1464 2249/2249 2247/2247
f 2248/2248 2247/2247 2249/2249
f 2249/2249 2250/2250 2248/2248
f 2251/2251 2252/2252 2253/2253
f 2253/2253 2254/2254 2251/2251
f 2252/2252 1471/1471 1468/1468
f 1468/1468 2253/2253 2252/2252
f 2253/2253 1468/1468 1467/1467
f 1467/1467 2255/2255 2253/2253
f 2254/2254 2253/2253 2255/2255
f 2255/2255 2256/2256 2254/2254
f 2257/2257 2258/2258 2259/2259
f 2259/2259 2260/2260 2257/2257
f 2258/2258 1481/1481 1480/1480
f 1480/1480 2259/2259 2258/2258
f 2259/2259 1480/1480 1479/1479
f 1479/1479 2261/2261 2259/2259
f 2260/2260 2259/2259 2261/2261
f 2261/2261 2262/2262 2260/2260
f 2263/2263 2264/2264 2265/2265
f 2265/2265 2266/2266 2263/2263
f 2264/2264 1486/1486 1483/1483
f 1483/1483 2265/2265 2264/2264
f 2265/2265 1483/1483 1482/1482
f 1482/1482 2267/2267 2265/2265
f 2266/2266 2265/2265 2267/2267
f 2267/2267 2268/2268 2266/2266
f 2269/2269 2270/2270 2271/2271
f 2271/2271 2272/2272 2269/2269
f 2270/2270 1496/1496 1495/1495
f 1495/1495 2271/2271 2270/2270
f 2271/2271 1495/1495 1494/1494
f 1494/1494 2273/2273 2271/2271
f 2272/2272 2271/2271 2273/2273
f 2273/2273 2274/2274 2272/2272
f 2275/2275 2276/2276 2277/2277
f 2277/2277 2278/2278 2275/2275
f 2276/2276 1516/1516 1513/1513
f 1513/1513 2277/2277 2276/2276
f 2277/2277 1513/1513 1512/1512
f 1512/1512 2279/2279 2277/2277
f 2278/2278 2277/2277 2279/2279
f 2279/2279 2280/2280 2278/2278
f 2281/2281 2282/2282 2283/2283
f 2283/2283 2284/2284 2281/2281
f 2282/2282 1526/1526 1525/1525
f 1525/1525 2283/2283 2282/2282
f 2283/2283 1525/1525 1524/1524
f 1524/1524 2285/2285 2283/2283
f 2284/2284 2283/2283 2285/2285
f 2285/2285 2286/2286 2284/2284
f 2287/2287 2288/2288 2289/2289
f 2289/2289 2290/2290 2287/2287
f 2288/2288 1546/1546 1543/1543
f 1543/1543 2289/2289 2288/2288
f 2289/2289 1543/1543 1542/1542
f 1542/1542 2291/2291 2289/2289
f 2290/2290 2289/2289 2291/2291
f 2291/2291 2292/2292 2290/2290
f 2293/2293 2294/2294 2295/2295
f 2295/2295 2296/2296 2293/2293
f 2294/2294 1556/1556 1555/1555
f 1555/1555 2295/2295 2294/2294
f 2295/2295 1555/1555 1554/1554
f 1554/1554 2297/2297 2295/2295
f 2296/2296 2295/2295 2297/2297
f 2297/2297 2298/2298 2296/2296
f 2299/2299 2300/2300 2301/2301
f 2301/2301 2302/2302 2299/2299
f 2300/2300 1561/1561 1558/1558
f 1558/1558 2301/2301 2300/2300
f 2301/2301 1558/1558 1557/1557
f 1557/1557 2303/2303 2301/2301
f 2302/2302 2301/2301 2303/2303
f 2303/2303 2304/2304 2302/2302
f 2305/2305 2306/2306 2307/2307
f 2307/2307 2308/2308 2305/2305
f 2306/2306 1571/1571 1570/1570
f 1570/1570 2307/2307 2306/2306
f 2307/2307 1570/1570 1569/1569
f 1569/1569 2309/2309 2307/2307
f 2308/2308 2307/2307 2309/2309
f 2309/2309 2310/2310 2308/2308
f 2311/2311 2312/2312 2313/2313
f 2313/2313 2314/2314 2311/2311
f 2312/2312 1576/1576 1573/1573
f 1573/1573 2313/2313 2312/2312
f 2313/2313 1573/1573 1572/1572
f 1572/1572 2315/2315 2313/2313
f 2314/2314 2313/2313 2315/2315
f 2315/2315 2316/2316 2314/2314
f 2317/2317 2318/2318 2319/2319
f 2319/2319 2320/2320 2317/2317
f 2318/2318 1586/1586 1585/1585
f 1585/1585 2319/2319 2318/2318
f 2319/2319 1585/1585 1584/1584
f 1584/1584 2321/2321 2319/2319
f 2320/2320 2319/2319 2321/2321
f 2321/2321 2322/2322 2320/2320
f 2323/2323 2324/2324 2325/2325
f 2325/2325 2326/2326 2323/2323
f 2324/2324 1606/1606 1603/1603
f 1603/1603 2325/2325 2324/2324
f 2325/2325 1603/1603 1602/1602
f 1602/1602 2327/2327 2325/2325
f 2326/2326 2325/2325 2327/2327
f 2327/2327 2328/2328 2326/2326
f 2329/2329 2330/2330 2331/2331
f 2331/2331 2332/2332 2329/2329
f 2330/2330 1616/1616 1615/1615
f 1615/1615 2331/2331 2330/2330
f 2331/2331 1615/1615 1614/1614
f 1614/1614 2333/2333 2331/2331
f 2332/2332 2331/2331 2333/2333
f 2333/2333 2334/2334 2332/2332
f 1653/1653 2335/2335 2336/2336
f 2336/2336 1654/1654 1653/1653
f 2244/2244 2243/2243 2336/2336
f 2336/2336 2335/2335 2244/2244
f 1452/1452 1654/1654 2336/2336
f 2336/2336 2243/2243 1452/1452
f 1466/1466 2246/2246 2337/2337
f 2337/2337 1657/1657 1466/1466
f 2245/2245 2338/2338 2337/2337
f 2337/2337 2246/2246 2245/2245
f 1658/1658 1657/1657 2337/2337
f 2337/2337 2338/2338 1658/1658
f 1663/1663 2339/2339 2340/2340
f 2340/2340 1664/1664 1663/1663
f 2256/2256 2255/2255 2340/2340
f 2340/2340 2339/2339 2256/2256
f 1467/1467 1664/1664 2340/2340
f 2340/2340 2255/2255 1467/1467
f 1481/1481 2258/2258 2341/2341
f 2341/2341 1667/1667 1481/1481
f 2257/2257 2342/2342 2341/2341
f 2341/2341 2258/2258 2257/2257
f 1668/1668 1667/1667 2341/2341
f 2341/2341 2342/2342 1668/1668
f 1673/1673 2343/2343 2344/2344
f 2344/2344 1674/1674 1673/1673
f 2268/2268 2267/2267 2344/2344
f 2344/2344 2343/2343 2268/2268
f 1482/1482 1674/1674 2344/2344
f 2344/2344 2267/2267 1482/1482
f 1496/1496 2270/2270 2345/2345
f 2345/2345 1677/1677 1496/1496
f 2269/2269 2346/2346 2345/2345
f 2345/2345 2270/2270 2269/2269
f 1678/1678 1677/1677 2345/2345
f 2345/2345 2346/2346 1678/1678
f 1616/1616 2330/2330 2347/2347
f 2347/2347 1685/1685 1616/1616
f 2329/2329 2348/2348 2347/2347
f 2347/2347 2330/2330 2329/2329
f 1686/1686 1685/1685 2347/2347
f 2347/2347 2348/2348 1686/1686
f 1693/1693 2349/2349 2350/2350
f 2350/2350 1694/1694 1693/1693
f 2280/2280 2279/2279 2350/2350
f 2350/2350 2349/2349 2280/2280
f 1512/1512 1694/1694 2350/2350
f 2350/2350 2279/2279 1512/1512
f 1699/1699 2351/2351 2352/2352
f 2352/2352 1700/1700 1699/1699
f 2328/2328 2327/2327 2352/2352
f 2352/2352 2351/2351 2328/2328
f 1602/1602 1700/1700 2352/2352
f 2352/2352 2327/2327 1602/1602
f 1526/1526 2282/2282 2353/2353
f 2353/2353 1703/1703 1526/1526
f 2281/2281 2354/2354 2353/2353
f 2353/2353 2282/2282 2281/2281
f 1704/1704 1703/1703 2353/2353
f 2353/2353 2354/2354 1704/1704
f 1586/1586 2318/2318 2355/2355
f 2355/2355 1712/1712 1586/1586
f 2317/2317 2356/2356 2355/2355
f 2355/2355 2318/2318 2317/2317
f 1713/1713 1712/1712 2355/2355
f 2355/2355 2356/2356 1713/1713
f 1720/1720 2357/2357 2358/2358
f 2358/2358 1716/1716 1720/1720
f 2316/2316 2315/2315 2358/2358
f 2358/2358 2357/2357 2316/2316
f 1572/1572 1716/1716 2358/2358
f 2358/2358 2315/2315 1572/1572
f 1571/1571 2306/2306 2359/2359
f 2359/2359 1722/1722 1571/1571
f 2305/2305 2360/2360 2359/2359
f 2359/2359 2306/2306 2305/2305
f 1723/1723 1722/1722 2359/2359
f 2359/2359 2360/2360 1723/1723
f 1729/1729 2361/2361 2362/2362
f 2362/2362 1730/1730 1729/1729
f 2304/2304 2303/2303 2362/2362
f 2362/2362 2361/2361 2304/2304
f 1557/1557 1730/1730 2362/2362
f 2362/2362 2303/2303 1557/1557
f 1556/1556 2294/2294 2363/2363
f 2363/2363 1733/1733 1556/1556
f 2293/2293 2364/2364 2363/2363
f 2363/2363 2294/2294 2293/2293
f 1734/1734 1733/1733 2363/2363
f 2363/2363 2364/2364 1734/1734
f 1739/1739 2365/2365 2366/2366
f 2366/2366 1740/1740 1739/1739
f 2292/2292 2291/2291 2366/2366
f 2366/2366 2365/2365 2292/2292
f 1542/1542 1740/1740 2366/2366
f 2366/2366 2291/2291 1542/1542
f 2076/2076 2075/2075 2367/2367
f 2367/2367 2368/2368 2076/2076
f 2075/2075 1179/1179 1749/1749
f 1749/1749 2367/2367 2075/2075
f 2367/2367 1749/1749 1456/1456
f 1456/1456 2240/2240 2367/2367
f 2368/2368 2367/2367 2240/2240
f 2240/2240 2239/2239 2368/2368
f 2250/2250 2249/2249 2369/2369
f 2369/2369 2370/2370 2250/2250
f 2249/2249 1464/1464 1752/1752
f 1752/1752 2369/2369 2249/2249
f 2369/2369 1752/1752 1191/1191
f 1191/1191 2078/2078 2369/2369
f 2370/2370 2369/2369 2078/2078
f 2078/2078 2077/2077 2370/2370
f 2088/2088 2087/2087 2371/2371
f 2371/2371 2372/2372 2088/2088
f 2087/2087 1198/1198 1754/1754
f 1754/1754 2371/2371 2087/2087
f 2371/2371 1754/1754 1471/1471
f 1471/1471 2252/2252 2371/2371
f 2372/2372 2371/2371 2252/2252
f 2252/2252 2251/2251 2372/2372
f 2262/2262 2261/2261 2373/2373
f 2373/2373 2374/2374 2262/2262
f 2261/2261 1479/1479 1757/1757
f 1757/1757 2373/2373 2261/2261
f 2373/2373 1757/1757 1210/1210
f 1210/1210 2090/2090 2373/2373
f 2374/2374 2373/2373 2090/2090
f 2090/2090 2089/2089 2374/2374
f 2100/2100 2099/2099 2375/2375
f 2375/2375 2376/2376 2100/2100
f 2099/2099 1217/1217 1759/1759
f 1759/1759 2375/2375 2099/2099
f 2375/2375 1759/1759 1486/1486
f 1486/1486 2264/2264 2375/2375
f 2376/2376 2375/2375 2264/2264
f 2264/2264 2263/2263 2376/2376
f 2274/2274 2273/2273 2377/2377
f 2377/2377 2378/2378 2274/2274
f 2273/2273 1494/1494 1762/1762
f 1762/1762 2377/2377 2273/2273
f 2377/2377 1762/1762 1229/1229
f 1229/1229 2102/2102 2377/2377
f 2378/2378 2377/2377 2102/2102
f 2102/2102 2101/2101 2378/2378
f 2334/2334 2333/2333 2379/2379
f 2379/2379 2380/2380 2334/2334
f 2333/2333 1614/1614 1767/1767
f 1767/1767 2379/2379 2333/2333
f 2379/2379 1767/1767 1242/1242
f 1242/1242 2108/2108 2379/2379
f 2380/2380 2379/2379 2108/2108
f 2108/2108 2107/2107 2380/2380
f 2154/2154 2153/2153 2381/2381
f 2381/2381 2382/2382 2154/2154
f 2153/2153 1295/1295 1770/1770
f 1770/1770 2381/2381 2153/2153
f 2381/2381 1770/1770 1516/1516
f 1516/1516 2276/2276 2381/2381
f 2382/2382 2381/2381 2276/2276
f 2276/2276 2275/2275 2382/2382
f 2160/2160 2159/2159 2383/2383
f 2383/2383 2384/2384 2160/2160
f 2159/2159 1306/1306 1773/1773
f 1773/1773 2383/2383 2159/2159
f 2383/2383 1773/1773 1606/1606
f 1606/1606 2324/2324 2383/2383
f 2384/2384 2383/2383 2324/2324
f 2324/2324 2323/2323 2384/2384
f 2286/2286 2285/2285 2385/2385
f 2385/2385 2386/2386 2286/2286
f 2285/2285 1524/1524 1776/1776
f 1776/1776 2385/2385 2285/2285
f 2385/2385 1776/1776 1370/1370
f 1370/1370 2198/2198 2385/2385
f 2386/2386 2385/2385 2198/2198
f 2198/2198 2197/2197 2386/2386
f 2322/2322 2321/2321 2387/2387
f 2387/2387 2388/2388 2322/2322
f 2321/2321 1584/1584 1781/1781
f 1781/1781 2387/2387 2321/2321
f 2387/2387 1781/1781 1389/1389
f 1389/1389 2204/2204 2387/2387
f 2388/2388 2387/2387 2204/2204
f 2204/2204 2203/2203 2388/2388
f 2214/2214 2213/2213 2389/2389
f 2389/2389 2390/2390 2214/2214
f 2213/2213 1401/1401 1784/1784
f 1784/1784 2389/2389 2213/2213
f 2389/2389 1784/1784 1576/1576
f 1576/1576 2312/2312 2389/2389
f 2390/2390 2389/2389 2312/2312
f 2312/2312 2311/2311 2390/2390
f 2310/2310 2309/2309 2391/2391
f 2391/2391 2392/2392 2310/2310
f 2309/2309 1569/1569 1786/1786
f 1786/1786 2391/2391 2309/2309
f 2391/2391 1786/1786 1408/1408
f 1408/1408 2216/2216 2391/2391
f 2392/2392 2391/2391 2216/2216
f 2216/2216 2215/2215 2392/2392
f 2226/2226 2225/2225 2393/2393
f 2393/2393 2394/2394 2226/2226
f 2225/2225 1420/1420 1789/1789
f 1789/1789 2393/2393 2225/2225
f 2393/2393 1789/1789 1561/1561
f 1561/1561 2300/2300 2393/2393
f 2394/2394 2393/2393 2300/2300
f 2300/2300 2299/2299 2394/2394
f 2298/2298 2297/2297 2395/2395
f 2395/2395 2396/2396 2298/2298
f 2297/2297 1554/1554 1791/1791
f 1791/1791 2395/2395 2297/2297
f 2395/2395 1791/1791 1427/1427
f 1427/1427 2228/2228 2395/2395
f 2396/2396 2395/2395 2228/2228
f 2228/2228 2227/2227 2396/2396
f 2238/2238 2237/2237 2397/2397
f 2397/2397 2398/2398 2238/2238
f 2237/2237 1438/1438 1794/1794
f 1794/1794 2397/2397 2237/2237
f 2397/2397 1794/1794 1546/1546
f 1546/1546 2288/2288 2397/2397
f 2398/2398 2397/2397 2288/2288
f 2288/2288 2287/2287 2398/2398
f 1799/1799 2399/2399 2400/2400
f 2400/2400 1800/1800 1799/1799
f 2082/2082 2081/2081 2400/2400
f 2400/2400 2399/2399 2082/2082
f 1187/1187 1800/1800 2400/2400
f 2400/2400 2081/2081 1187/1187
f 1805/1805 2401/2401 2402/2402
f 2402/2402 1806/1806 1805/1805
f 2403/2403 2404/2404 2402/2402
f 2402/2402 2401/2401 2403/2403
f 1807/1807 1806/1806 2402/2402
f 2402/2402 2404/2404 1807/1807
f 1810/1810 2405/2405 2406/2406
f 2406/2406 1811/1811 1810/1810
f 2118/2118 2117/2117 2406/2406
f 2406/2406 2405/2405 2118/2118
f 1253/1253 1811/1811 2406/2406
f 2406/2406 2117/2117 1253/1253
f 1183/1183 2072/2072 2407/2407
f 2407/2407 1813/1813 1183/1183
f 2071/2071 2408/2408 2407/2407
f 2407/2407 2072/2072 2071/2071
f 1810/1810 1813/1813 2407/2407
f 2407/2407 2408/2408 1810/1810
f 1816/1816 2409/2409 2410/2410
f 2410/2410 1817/1817 1816/1816
f 2094/2094 2093/2093 2410/2410
f 2410/2410 2409/2409 2094/2094
f 1206/1206 1817/1817 2410/2410
f 2410/2410 2093/2093 1206/1206
f 1822/1822 2411/2411 2412/2412
f 2412/2412 1823/1823 1822/1822
f 2413/2413 2414/2414 2412/2412
f 2412/2412 2411/2411 2413/2413
f 1824/1824 1823/1823 2412/2412
f 2412/2412 2414/2414 1824/1824
f 1827/1827 2415/2415 2416/2416
f 2416/2416 1828/1828 1827/1827
f 2130/2130 2129/2129 2416/2416
f 2416/2416 2415/2415 2130/2130
f 1267/1267 1828/1828 2416/2416
f 2416/2416 2129/2129 1267/1267
f 1202/1202 2084/2084 2417/2417
f 2417/2417 1830/1830 1202/1202
f 2083/2083 2418/2418 2417/2417
f 2417/2417 2084/2084 2083/2083
f 1827/1827 1830/1830 2417/2417
f 2417/2417 2418/2418 1827/1827
f 1833/1833 2419/2419 2420/2420
f 2420/2420 1834/1834 1833/1833
f 2106/2106 2105/2105 2420/2420
f 2420/2420 2419/2419 2106/2106
f 1225/1225 1834/1834 2420/2420
f 2420/2420 2105/2105 1225/1225
f 1839/1839 2421/2421 2422/2422
f 2422/2422 1840/1840 1839/1839
f 2423/2423 2424/2424 2422/2422
f 2422/2422 2421/2421 2423/2423
f 1841/1841 1840/1840 2422/2422
f 2422/2422 2424/2424 1841/1841
f 1844/1844 2425/2425 2426/2426
f 2426/2426 1845/1845 1844/1844
f 2142/2142 2141/2141 2426/2426
f 2426/2426 2425/2425 2142/2142
f 1281/1281 1845/1845 2426/2426
f 2426/2426 2141/2141 1281/1281
f 1221/1221 2096/2096 2427/2427
f 2427/2427 1847/1847 1221/1221
f 2095/2095 2428/2428 2427/2427
f 2427/2427 2096/2096 2095/2095
f 1844/1844 1847/1847 2427/2427
f 2427/2427 2428/2428 1844/1844
f 1851/1851 2429/2429 2430/2430
f 2430/2430 1852/1852 1851/1851
f 2431/2431 2432/2432 2430/2430
f 2430/2430 2429/2429 2431/2431
f 1853/1853 1852/1852 2430/2430
f 2430/2430 2432/2432 1853/1853
f 1857/1857 2433/2433 2434/2434
f 2434/2434 1858/1858 1857/1857
f 2435/2435 2436/2436 2434/2434
f 2434/2434 2433/2433 2435/2435
f 1859/1859 1858/1858 2434/2434
f 2434/2434 2436/2436 1859/1859
f 1308/1308 2156/2156 2437/2437
f 2437/2437 1861/1861 1308/1308
f 2155/2155 2438/2438 2437/2437
f 2437/2437 2156/2156 2155/2155
f 1857/1857 1861/1861 2437/2437
f 2437/2437 2438/2438 1857/1857
f 1864/1864 2439/2439 2440/2440
f 2440/2440 1865/1865 1864/1864
f 2112/2112 2111/2111 2440/2440
f 2440/2440 2439/2439 2112/2112
f 1249/1249 1865/1865 2440/2440
f 2440/2440 2111/2111 1249/1249
f 1869/1869 2441/2441 2442/2442
f 2442/2442 1870/1870 1869/1869
f 2443/2443 2444/2444 2442/2442
f 2442/2442 2441/2441 2443/2443
f 1871/1871 1870/1870 2442/2442
f 2442/2442 2444/2444 1871/1871
f 1876/1876 2445/2445 2446/2446
f 2446/2446 1877/1877 1876/1876
f 2447/2447 2448/2448 2446/2446
f 2446/2446 2445/2445 2447/2447
f 1878/1878 1877/1877 2446/2446
f 2446/2446 2448/2448 1878/1878
f 1881/1881 2449/2449 2450/2450
f 2450/2450 1882/1882 1881/1881
f 2172/2172 2171/2171 2450/2450
f 2450/2450 2449/2449 2172/2172
f 1325/1325 1882/1882 2450/2450
f 2450/2450 2171/2171 1325/1325
f 1885/1885 2451/2451 2452/2452
f 2452/2452 1886/1886 1885/1885
f 2124/2124 2123/2123 2452/2452
f 2452/2452 2451/2451 2124/2124
f 1260/1260 1886/1886 2452/2452
f 2452/2452 2123/2123 1260/1260
f 1890/1890 2453/2453 2454/2454
f 2454/2454 1891/1891 1890/1890
f 2455/2455 2456/2456 2454/2454
f 2454/2454 2453/2453 2455/2455
f 1892/1892 1891/1891 2454/2454
f 2454/2454 2456/2456 1892/1892
f 1897/1897 2457/2457 2458/2458
f 2458/2458 1898/1898 1897/1897
f 2459/2459 2460/2460 2458/2458
f 2458/2458 2457/2457 2459/2459
f 1899/1899 1898/1898 2458/2458
f 2458/2458 2460/2460 1899/1899
f 1902/1902 2461/2461 2462/2462
f 2462/2462 1903/1903 1902/1902
f 2184/2184 2183/2183 2462/2462
f 2462/2462 2461/2461 2184/2184
f 1344/1344 1903/1903 2462/2462
f 2462/2462 2183/2183 1344/1344
f 1906/1906 2463/2463 2464/2464
f 2464/2464 1907/1907 1906/1906
f 2136/2136 2135/2135 2464/2464
f 2464/2464 2463/2463 2136/2136
f 1274/1274 1907/1907 2464/2464
f 2464/2464 2135/2135 1274/1274
f 1297/1297 2150/2150 2465/2465
f 2465/2465 1911/1911 1297/1297
f 2149/2149 2466/2466 2465/2465
f 2465/2465 2150/2150 2149/2149
f 1908/1908 1911/1911 2465/2465
f 2465/2465 2466/2466 1908/1908
f 1914/1914 2467/2467 2468/2468
f 2468/2468 1915/1915 1914/1914
f 2202/2202 2201/2201 2468/2468
f 2468/2468 2467/2467 2202/2202
f 1366/1366 1915/1915 2468/2468
f 2468/2468 2201/2201 1366/1366
f 1918/1918 2469/2469 2470/2470
f 2470/2470 1919/1919 1918/1918
f 2196/2196 2195/2195 2470/2470
f 2470/2470 2469/2469 2196/2196
f 1363/1363 1919/1919 2470/2470
f 2470/2470 2195/2195 1363/1363
f 1908/1908 2471/2471 2472/2472
f 2472/2472 1921/1921 1908/1908
f 2148/2148 2147/2147 2472/2472
f 2472/2472 2471/2471 2148/2148
f 1288/1288 1921/1921 2472/2472
f 2472/2472 2147/2147 1288/1288
f 1925/1925 2473/2473 2474/2474
f 2474/2474 1926/1926 1925/1925
f 2475/2475 2476/2476 2474/2474
f 2474/2474 2473/2473 2475/2475
f 1927/1927 1926/1926 2474/2474
f 2474/2474 2476/2476 1927/1927
f 1391/1391 2210/2210 2477/2477
f 2477/2477 1929/1929 1391/1391
f 2209/2209 2478/2478 2477/2477
f 2477/2477 2210/2210 2209/2209
f 1925/1925 1929/1929 2477/2477
f 2477/2477 2478/2478 1925/1925
f 1932/1932 2479/2479 2480/2480
f 2480/2480 1933/1933 1932/1932
f 2208/2208 2207/2207 2480/2480
f 2480/2480 2479/2479 2208/2208
f 1387/1387 1933/1933 2480/2480
f 2480/2480 2207/2207 1387/1387
f 1936/1936 2481/2481 2482/2482
f 2482/2482 1937/1937 1936/1936
f 2166/2166 2165/2165 2482/2482
f 2482/2482 2481/2481 2166/2166
f 1315/1315 1937/1937 2482/2482
f 2482/2482 2165/2165 1315/1315
f 1941/1941 2483/2483 2484/2484
f 2484/2484 1942/1942 1941/1941
f 2485/2485 2486/2486 2484/2484
f 2484/2484 2483/2483 2485/2485
f 1943/1943 1942/1942 2484/2484
f 2484/2484 2486/2486 1943/1943
f 1410/1410 2222/2222 2487/2487
f 2487/2487 1945/1945 1410/1410
f 2221/2221 2488/2488 2487/2487
f 2487/2487 2222/2222 2221/2221
f 1941/1941 1945/1945 2487/2487
f 2487/2487 2488/2488 1941/1941
f 1948/1948 2489/2489 2490/2490
f 2490/2490 1949/1949 1948/1948
f 2220/2220 2219/2219 2490/2490
f 2490/2490 2489/2489 2220/2220
f 1406/1406 1949/1949 2490/2490
f 2490/2490 2219/2219 1406/1406
f 1952/1952 2491/2491 2492/2492
f 2492/2492 1953/1953 1952/1952
f 2178/2178 2177/2177 2492/2492
f 2492/2492 2491/2491 2178/2178
f 1334/1334 1953/1953 2492/2492
f 2492/2492 2177/2177 1334/1334
f 1957/1957 2493/2493 2494/2494
f 2494/2494 1958/1958 1957/1957
f 2495/2495 2496/2496 2494/2494
f 2494/2494 2493/2493 2495/2495
f 1959/1959 1958/1958 2494/2494
f 2494/2494 2496/2496 1959/1959
f 1429/1429 2234/2234 2497/2497
f 2497/2497 1961/1961 1429/1429
f 2233/2233 2498/2498 2497/2497
f 2497/2497 2234/2234 2233/2233
f 1957/1957 1961/1961 2497/2497
f 2497/2497 2498/2498 1957/1957
f 1964/1964 2499/2499 2500/2500
f 2500/2500 1965/1965 1964/1964
f 2232/2232 2231/2231 2500/2500
f 2500/2500 2499/2499 2232/2232
f 1425/1425 1965/1965 2500/2500
f 2500/2500 2231/2231 1425/1425
f 1968/1968 2501/2501 2502/2502
f 2502/2502 1969/1969 1968/1968
f 2190/2190 2189/2189 2502/2502
f 2502/2502 2501/2501 2190/2190
f 1353/1353 1969/1969 2502/2502
f 2502/2502 2189/2189 1353/1353
f 2503/2503 2504/2504 2505/2505
f 2505/2505 2506/2506 2503/2503
f 2504/2504 1972/1972 1970/1970
f 1970/1970 2505/2505 2504/2504
f 2505/2505 1970/1970 1853/1853
f 1853/1853 2432/2432 2505/2505
f 2506/2506 2505/2505 2432/2432
f 2432/2432 2431/2431 2506/2506
f 2507/2507 2508/2508 2509/2509
f 2509/2509 2510/2510 2507/2507
f 2508/2508 1977/1977 1975/1975
f 1975/1975 2509/2509 2508/2508
f 2509/2509 1975/1975 1807/1807
f 1807/1807 2404/2404 2509/2509
f 2510/2510 2509/2509 2404/2404
f 2404/2404 2403/2403 2510/2510
f 2511/2511 2512/2512 2513/2513
f 2513/2513 2514/2514 2511/2511
f 2512/2512 1981/1981 1979/1979
f 1979/1979 2513/2513 2512/2512
f 2513/2513 1979/1979 1871/1871
f 1871/1871 2444/2444 2513/2513
f 2514/2514 2513/2513 2444/2444
f 2444/2444 2443/2443 2514/2514
f 2515/2515 2516/2516 2517/2517
f 2517/2517 2518/2518 2515/2515
f 2516/2516 1986/1986 1984/1984
f 1984/1984 2517/2517 2516/2516
f 2517/2517 1984/1984 1824/1824
f 1824/1824 2414/2414 2517/2517
f 2518/2518 2517/2517 2414/2414
f 2414/2414 2413/2413 2518/2518
f 2519/2519 2520/2520 2521/2521
f 2521/2521 2522/2522 2519/2519
f 2520/2520 1990/1990 1988/1988
f 1988/1988 2521/2521 2520/2520
f 2521/2521 1988/1988 1892/1892
f 1892/1892 2456/2456 2521/2521
f 2522/2522 2521/2521 2456/2456
f 2456/2456 2455/2455 2522/2522
f 2523/2523 2524/2524 2525/2525
f 2525/2525 2526/2526 2523/2523
f 2524/2524 1995/1995 1993/1993
f 1993/1993 2525/2525 2524/2524
f 2525/2525 1993/1993 1841/1841
f 1841/1841 2424/2424 2525/2525
f 2526/2526 2525/2525 2424/2424
f 2424/2424 2423/2423 2526/2526
f 2527/2527 2528/2528 2529/2529
f 2529/2529 2530/2530 2527/2527
f 2528/2528 1999/1999 1997/1997
f 1997/1997 2529/2529 2528/2528
f 2529/2529 1997/1997 1859/1859
f 1859/1859 2436/2436 2529/2529
f 2530/2530 2529/2529 2436/2436
f 2436/2436 2435/2435 2530/2530
f 2531/2531 2532/2532 2533/2533
f 2533/2533 2534/2534 2531/2531
f 2532/2532 2003/2003 2001/2001
f 2001/2001 2533/2533 2532/2532
f 2533/2533 2001/2001 1927/1927
f 1927/1927 2476/2476 2533/2533
f 2534/2534 2533/2533 2476/2476
f 2476/2476 2475/2475 2534/2534
f 2535/2535 2536/2536 2537/2537
f 2537/2537 2538/2538 2535/2535
f 2536/2536 2008/2008 2006/2006
f 2006/2006 2537/2537 2536/2536
f 2537/2537 2006/2006 1878/1878
f 1878/1878 2448/2448 2537/2537
f 2538/2538 2537/2537 2448/2448
f 2448/2448 2447/2447 2538/2538
f 2539/2539 2540/2540 2541/2541
f 2541/2541 2542/2542 2539/2539
f 2540/2540 2012/2012 2010/2010
f 2010/2010 2541/2541 2540/2540
f 2541/2541 2010/2010 1943/1943
f 1943/1943 2486/2486 2541/2541
f 2542/2542 2541/2541 2486/2486
f 2486/2486 2485/2485 2542/2542
f 2543/2543 2544/2544 2545/2545
f 2545/2545 2546/2546 2543/2543
f 2544/2544 2017/2017 2015/2015
f 2015/2015 2545/2545 2544/2544
f 2545/2545 2015/2015 1899/1899
f 1899/1899 2460/2460 2545/2545
f 2546/2546 2545/2545 2460/2460
f 2460/2460 2459/2459 2546/2546
f 2547/2547 2548/2548 2549/2549
f 2549/2549 2550/2550 2547/2547
f 2548/2548 2021/2021 2019/2019
f 2019/2019 2549/2549 2548/2548
f 2549/2549 2019/2019 1959/1959
f 1959/1959 2496/2496 2549/2549
f 2550/2550 2549/2549 2496/2496
f 2496/2496 2495/2495 2550/2550
f 1262/1262 2120/2120 2551/2551
f 2551/2551 2024/2024 1262/1262
f 2119/2119 2552/2552 2551/2551
f 2551/2551 2120/2120 2119/2119
f 1799/1799 2024/2024 2551/2551
f 2551/2551 2552/2552 1799/1799
f 1972/1972 2504/2504 2553/2553
f 2553/2553 2026/2026 1972/1972
f 2503/2503 2554/2554 2553/2553
f 2553/2553 2504/2504 2503/2503
f 1805/1805 2026/2026 2553/2553
f 2553/2553 2554/2554 1805/1805
f 1276/1276 2132/2132 2555/2555
f 2555/2555 2028/2028 1276/1276
f 2131/2131 2556/2556 2555/2555
f 2555/2555 2132/2132 2131/2131
f 1816/1816 2028/2028 2555/2555
f 2555/2555 2556/2556 1816/1816
f 1981/1981 2512/2512 2557/2557
f 2557/2557 2030/2030 1981/1981
f 2511/2511 2558/2558 2557/2557
f 2557/2557 2512/2512 2511/2511
f 1822/1822 2030/2030 2557/2557
f 2557/2557 2558/2558 1822/1822
f 1290/1290 2144/2144 2559/2559
f 2559/2559 2032/2032 1290/1290
f 2143/2143 2560/2560 2559/2559
f 2559/2559 2144/2144 2143/2143
f 1833/1833 2032/2032 2559/2559
f 2559/2559 2560/2560 1833/1833
f 1990/1990 2520/2520 2561/2561
f 2561/2561 2034/2034 1990/1990
f 2519/2519 2562/2562 2561/2561
f 2561/2561 2520/2520 2519/2519
f 1839/1839 2034/2034 2561/2561
f 2561/2561 2562/2562 1839/1839
f 1255/1255 2114/2114 2563/2563
f 2563/2563 2036/2036 1255/1255
f 2113/2113 2564/2564 2563/2563
f 2563/2563 2114/2114 2113/2113
f 1864/1864 2036/2036 2563/2563
f 2563/2563 2564/2564 1864/1864
f 1317/1317 2162/2162 2565/2565
f 2565/2565 2038/2038 1317/1317
f 2161/2161 2566/2566 2565/2565
f 2565/2565 2162/2162 2161/2161
f 1851/1851 2038/2038 2565/2565
f 2565/2565 2566/2566 1851/1851
f 1336/1336 2174/2174 2567/2567
f 2567/2567 2040/2040 1336/1336
f 2173/2173 2568/2568 2567/2567
f 2567/2567 2174/2174 2173/2173
f 1869/1869 2040/2040 2567/2567
f 2567/2567 2568/2568 1869/1869
f 2003/2003 2532/2532 2569/2569
f 2569/2569 2042/2042 2003/2003
f 2531/2531 2570/2570 2569/2569
f 2569/2569 2532/2532 2531/2531
f 1876/1876 2042/2042 2569/2569
f 2569/2569 2570/2570 1876/1876
f 1283/1283 2138/2138 2571/2571
f 2571/2571 2044/2044 1283/1283
f 2137/2137 2572/2572 2571/2571
f 2571/2571 2138/2138 2137/2137
f 1906/1906 2044/2044 2571/2571
f 2571/2571 2572/2572 1906/1906
f 1355/1355 2186/2186 2573/2573
f 2573/2573 2046/2046 1355/1355
f 2185/2185 2574/2574 2573/2573
f 2573/2573 2186/2186 2185/2185
f 1890/1890 2046/2046 2573/2573
f 2573/2573 2574/2574 1890/1890
f 2012/2012 2540/2540 2575/2575
f 2575/2575 2048/2048 2012/2012
f 2539/2539 2576/2576 2575/2575
f 2575/2575 2540/2540 2539/2539
f 1897/1897 2048/2048 2575/2575
f 2575/2575 2576/2576 1897/1897
f 1986/1986 2516/2516 2577/2577
f 2577/2577 2050/2050 1986/1986
f 2515/2515 2578/2578 2577/2577
f 2577/2577 2516/2516 2515/2515
f 1902/1902 2050/2050 2577/2577
f 2577/2577 2578/2578 1902/1902
f 2021/2021 2548/2548 2579/2579
f 2579/2579 2052/2052 2021/2021
f 2547/2547 2580/2580 2579/2579
f 2579/2579 2548/2548 2547/2547
f 1914/1914 2052/2052 2579/2579
f 2579/2579 2580/2580 1914/1914
f 1995/1995 2524/2524 2581/2581
f 2581/2581 2054/2054 1995/1995
f 2523/2523 2582/2582 2581/2581
f 2581/2581 2524/2524 2523/2523
f 1918/1918 2054/2054 2581/2581
f 2581/2581 2582/2582 1918/1918
f 1327/1327 2168/2168 2583/2583
f 2583/2583 2056/2056 1327/1327
f 2167/2167 2584/2584 2583/2583
f 2583/2583 2168/2168 2167/2167
f 1936/1936 2056/2056 2583/2583
f 2583/2583 2584/2584 1936/1936
f 1999/1999 2528/2528 2585/2585
f 2585/2585 2058/2058 1999/1999
f 2527/2527 2586/2586 2585/2585
f 2585/2585 2528/2528 2527/2527
f 1932/1932 2058/2058 2585/2585
f 2585/2585 2586/2586 1932/1932
f 1346/1346 2180/2180 2587/2587
f 2587/2587 2060/2060 1346/1346
f 2179/2179 2588/2588 2587/2587
f 2587/2587 2180/2180 2179/2179
f 1952/1952 2060/2060 2587/2587
f 2587/2587 2588/2588 1952/1952
f 2008/2008 2536/2536 2589/2589
f 2589/2589 2062/2062 2008/2008
f 2535/2535 2590/2590 2589/2589
f 2589/2589 2536/2536 2535/2535
f 1948/1948 2062/2062 2589/2589
f 2589/2589 2590/2590 1948/1948
f 1365/1365 2192/2192 2591/2591
f 2591/2591 2064/2064 1365/1365
f 2191/2191 2592/2592 2591/2591
f 2591/2591 2192/2192 2191/2191
f 1968/1968 2064/2064 2591/2591
f 2591/2591 2592/2592 1968/1968
f 2017/2017 2544/2544 2593/2593
f 2593/2593 2066/2066 2017/2017
f 2543/2543 2594/2594 2593/2593
f 2593/2593 2544/2544 2543/2543
f 1964/1964 2066/2066 2593/2593
f 2593/2593 2594/2594 1964/1964
f 1269/1269 2126/2126 2595/2595
f 2595/2595 2068/2068 1269/1269
f 2125/2125 2596/2596 2595/2595
f 2595/2595 2126/2126 2125/2125
f 1885/1885 2068/2068 2595/2595
f 2595/2595 2596/2596 1885/1885
f 1977/1977 2508/2508 2597/2597
f 2597/2597 2070/2070 1977/1977
f 2507/2507 2598/2598 2597/2597
f 2597/2597 2508/2508 2507/2507
f 1881/1881 2070/2070 2597/2597
f 2597/2597 2598/2598 1881/1881
f 2599/2599 2600/2600 2601/2601
f 2601/2601 2602/2602 2599/2599
f 2603/2603 2604/2604 2601/2601
f 2601/2601 2600/2600 2603/2603
f 2605/2605 2602/2602 2601/2601
f 2601/2601 2604/2604 2605/2605
f 1647/1647 1650/1650 2606/2606
f 2606/2606 2607/2607 1647/1647
f 1650/1650 1628/1628 2608/2608
f 2608/2608 2606/2606 1650/1650
f 2606/2606 2608/2608 2609/2609
f 2609/2609 2610/2610 2606/2606
f 2607/2607 2606/2606 2610/2610
f 2610/2610 2611/2611 2607/2607
f 1653/1653 1652/1652 2612/2612
f 2612/2612 2613/2613 1653/1653
f 1652/1652 1647/1647 2607/2607
f 2607/2607 2612/2612 1652/1652
f 2612/2612 2607/2607 2611/2611
f 2611/2611 2614/2614 2612/2612
f 2613/2613 2612/2612 2614/2614
f 2614/2614 2615/2615 2613/2613
f 1660/1660 1659/1659 2616/2616
f 2616/2616 2617/2617 1660/1660
f 1659/1659 1658/1658 2618/2618
f 2618/2618 2616/2616 1659/1659
f 2616/2616 2618/2618 2619/2619
f 2619/2619 2620/2620 2616/2616
f 2617/2617 2616/2616 2620/2620
f 2620/2620 2621/2621 2617/2617
f 1663/1663 1662/1662 2622/2622
f 2622/2622 2623/2623 1663/1663
f 1662/1662 1660/1660 2617/2617
f 2617/2617 2622/2622 1662/1662
f 2622/2622 2617/2617 2621/2621
f 2621/2621 2624/2624 2622/2622
f 2623/2623 2622/2622 2624/2624
f 2624/2624 2625/2625 2623/2623
f 1670/1670 1669/1669 2626/2626
f 2626/2626 2627/2627 1670/1670
f 1669/1669 1668/1668 2628/2628
f 2628/2628 2626/2626 1669/1669
f 2626/2626 2628/2628 2629/2629
f 2629/2629 2630/2630 2626/2626
f 2627/2627 2626/2626 2630/2630
f 2630/2630 2631/2631 2627/2627
f 1673/1673 1672/1672 2632/2632
f 2632/2632 2633/2633 1673/1673
f 1672/1672 1670/1670 2627/2627
f 2627/2627 2632/2632 1672/1672
f 2632/2632 2627/2627 2631/2631
f 2631/2631 2634/2634 2632/2632
f 2633/2633 2632/2632 2634/2634
f 2634/2634 2635/2635 2633/2633
f 1680/1680 1679/1679 2636/2636
f 2636/2636 2637/2637 1680/1680
f 1679/1679 1678/1678 2638/2638
f 2638/2638 2636/2636 1679/1679
f 2636/2636 2638/2638 2639/2639
f 2639/2639 2640/2640 2636/2636
f 2637/2637 2636/2636 2640/2640
f 2640/2640 2641/2641 2637/2637
f 1691/1691 2642/2642 2643/2643
f 2643/2643 2644/2644 1691/1691
f 2642/2642 2645/2645 2646/2646
f 2646/2646 2643/2643 2642/2642
f 2643/2643 2646/2646 2647/2647
f 2647/2647 2648/2648 2643/2643
f 2644/2644 2643/2643 2648/2648
f 2648/2648 2649/2649 2644/2644
f 2650/2650 2651/2651 2652/2652
f 2652/2652 2653/2653 2650/2650
f 1629/1629 2654/2654 2652/2652
f 2652/2652 2651/2651 1629/1629
f 2655/2655 2653/2653 2652/2652
f 2652/2652 2654/2654 2655/2655
f 1688/1688 1687/1687 2656/2656
f 2656/2656 2657/2657 1688/1688
f 1687/1687 1686/1686 2658/2658
f 2658/2658 2656/2656 1687/1687
f 2656/2656 2658/2658 2659/2659
f 2659/2659 2660/2660 2656/2656
f 2657/2657 2656/2656 2660/2660
f 2660/2660 2661/2661 2657/2657
f 1693/1693 1692/1692 2662/2662
f 2662/2662 2663/2663 1693/1693
f 1692/1692 1691/1691 2644/2644
f 2644/2644 2662/2662 1692/1692
f 2662/2662 2644/2644 2649/2649
f 2649/2649 2664/2664 2662/2662
f 2663/2663 2662/2662 2664/2664
f 2664/2664 2665/2665 2663/2663
f 1699/1699 1698/1698 2666/2666
f 2666/2666 2667/2667 1699/1699
f 1698/1698 1697/1697 2668/2668
f 2668/2668 2666/2666 1698/1698
f 2666/2666 2668/2668 2669/2669
f 2669/2669 2670/2670 2666/2666
f 2667/2667 2666/2666 2670/2670
f 2670/2670 2671/2671 2667/2667
f 1706/1706 1705/1705 2672/2672
f 2672/2672 2673/2673 1706/1706
f 1705/1705 1704/1704 2674/2674
f 2674/2674 2672/2672 1705/1705
f 2672/2672 2674/2674 2675/2675
f 2675/2675 2676/2676 2672/2672
f 2673/2673 2672/2672 2676/2676
f 2676/2676 2677/2677 2673/2673
f 1697/1697 2678/2678 2679/2679
f 2679/2679 2668/2668 1697/1697
f 2678/2678 2680/2680 2681/2681
f 2681/2681 2679/2679 2678/2678
f 2679/2679 2681/2681 2682/2682
f 2682/2682 2683/2683 2679/2679
f 2668/2668 2679/2679 2683/2683
f 2683/2683 2669/2669 2668/2668
f 2684/2684 2685/2685 2686/2686
f 2686/2686 2687/2687 2684/2684
f 1638/1638 2688/2688 2686/2686
f 2686/2686 2685/2685 1638/1638
f 2689/2689 2687/2687 2686/2686
f 2686/2686 2688/2688 2689/2689
f 1709/1709 1714/1714 2690/2690
f 2690/2690 2691/2691 1709/1709
f 1714/1714 1713/1713 2692/2692
f 2692/2692 2690/2690 1714/1714
f 2690/2690 2692/2692 2693/2693
f 2693/2693 2694/2694 2690/2690
f 2691/2691 2690/2690 2694/2694
f 2694/2694 2695/2695 2691/2691
f 1720/1720 1719/1719 2696/2696
f 2696/2696 2697/2697 1720/1720
f 1719/1719 1718/1718 2698/2698
f 2698/2698 2696/2696 1719/1719
f 2696/2696 2698/2698 2699/2699
f 2699/2699 2700/2700 2696/2696
f 2697/2697 2696/2696 2700/2700
f 2700/2700 2701/2701 2697/2697
f 1718/1718 1724/1724 2702/2702
f 2702/2702 2698/2698 1718/1718
f 1724/1724 1723/1723 2703/2703
f 2703/2703 2702/2702 1724/1724
f 2702/2702 2703/2703 2704/2704
f 2704/2704 2705/2705 2702/2702
f 2698/2698 2702/2702 2705/2705
f 2705/2705 2699/2699 2698/2698
f 1729/1729 1728/1728 2706/2706
f 2706/2706 2707/2707 1729/1729
f 1728/1728 1727/1727 2708/2708
f 2708/2708 2706/2706 1728/1728
f 2706/2706 2708/2708 2709/2709
f 2709/2709 2710/2710 2706/2706
f 2707/2707 2706/2706 2710/2710
f 2710/2710 2711/2711 2707/2707
f 1727/1727 1732/1732 2712/2712
f 2712/2712 2708/2708 1727/1727
f 1732/1732 1734/1734 2713/2713
f 2713/2713 2712/2712 1732/1732
f 2712/2712 2713/2713 2714/2714
f 2714/2714 2715/2715 2712/2712
f 2708/2708 2712/2712 2715/2715
f 2715/2715 2709/2709 2708/2708
f 1739/1739 1738/1738 2716/2716
f 2716/2716 2717/2717 1739/1739
f 1738/1738 1737/1737 2718/2718
f 2718/2718 2716/2716 1738/1738
f 2716/2716 2718/2718 2719/2719
f 2719/2719 2720/2720 2716/2716
f 2717/2717 2716/2716 2720/2720
f 2720/2720 2721/2721 2717/2717
f 1737/1737 1742/1742 2722/2722
f 2722/2722 2718/2718 1737/1737
f 1742/1742 1744/1744 2723/2723
f 2723/2723 2722/2722 1742/1742
f 2722/2722 2723/2723 2724/2724
f 2724/2724 2725/2725 2722/2722
f 2718/2718 2722/2722 2725/2725
f 2725/2725 2719/2719 2718/2718
f 2726/2726 2727/2727 2728/2728
f 2728/2728 2729/2729 2726/2726
f 1641/1641 2730/2730 2728/2728
f 2728/2728 2727/2727 1641/1641
f 2731/2731 2729/2729 2728/2728
f 2728/2728 2730/2730 2731/2731
f 1238/1238 2732/2732 2733/2733
f 2733/2733 2734/2734 1238/1238
f 2735/2735 2736/2736 2733/2733
f 2733/2733 2732/2732 2735/2735
f 1509/1509 2734/2734 2733/2733
f 2733/2733 2736/2736 1509/1509
f 1509/1509 1508/1508 2737/2737
f 2737/2737 2734/2734 1509/1509
f 1508/1508 1507/1507 1769/1769
f 1769/1769 2737/2737 1508/1508
f 2737/2737 1769/1769 1240/1240
f 1240/1240 1239/1239 2737/2737
f 2734/2734 2737/2737 1239/1239
f 1239/1239 1238/1238 2734/2734
f 1382/1382 2738/2738 2739/2739
f 2739/2739 2740/2740 1382/1382
f 2741/2741 2742/2742 2739/2739
f 2739/2739 2738/2738 2741/2741
f 1599/1599 2740/2740 2739/2739
f 2739/2739 2742/2742 1599/1599
f 1599/1599 1598/1598 2743/2743
f 2743/2743 2740/2740 1599/1599
f 1598/1598 1597/1597 1772/1772
f 1772/1772 2743/2743 1598/1598
f 2743/2743 1772/1772 1304/1304
f 1304/1304 1378/1378 2743/2743
f 2740/2740 2743/2743 1378/1378
f 1378/1378 1382/1382 2740/2740
f 1170/1170 1173/1173 2744/2744
f 2744/2744 2745/2745 1170/1170
f 1173/1173 1178/1178 1765/1765
f 1765/1765 2744/2744 1173/1173
f 2744/2744 1765/1765 1612/1612
f 1612/1612 1622/1622 2744/2744
f 2745/2745 2744/2744 1622/1622
f 1622/1622 1621/1621 2745/2745
f 1621/1621 2746/2746 2747/2747
f 2747/2747 2745/2745 1621/1621
f 2748/2748 2749/2749 2747/2747
f 2747/2747 2746/2746 2748/2748
f 1170/1170 2745/2745 2747/2747
f 2747/2747 2749/2749 1170/1170
f 1441/1441 1440/1440 2750/2750
f 2750/2750 2751/2751 1441/1441
f 1440/1440 1372/1372 1774/1774
f 1774/1774 2750/2750 1440/1440
f 2750/2750 1774/1774 1522/1522
f 1522/1522 1532/1532 2750/2750
f 2751/2751 2750/2750 1532/1532
f 1532/1532 1531/1531 2751/2751
f 1531/1531 2752/2752 2753/2753
f 2753/2753 2751/2751 1531/1531
f 2754/2754 2755/2755 2753/2753
f 2753/2753 2752/2752 2754/2754
f 1441/1441 2751/2751 2753/2753
f 2753/2753 2755/2755 1441/1441
f 1509/1509 2736/2736 2756/2756
f 2756/2756 1510/1510 1509/1509
f 2736/2736 2735/2735 2757/2757
f 2757/2757 2756/2756 2736/2736
f 2756/2756 2757/2757 2758/2758
f 2758/2758 2759/2759 2756/2756
f 1510/1510 2756/2756 2759/2759
f 2759/2759 1511/1511 1510/1510
f 1529/1529 1646/1646 2760/2760
f 2760/2760 1530/1530 1529/1529
f 1646/1646 1645/1645 2761/2761
f 2761/2761 2760/2760 1646/1646
f 2760/2760 2761/2761 2754/2754
f 2754/2754 2752/2752 2760/2760
f 1530/1530 2760/2760 2752/2752
f 2752/2752 1531/1531 1530/1530
f 1599/1599 2742/2742 2762/2762
f 2762/2762 1600/1600 1599/1599
f 2742/2742 2741/2741 2763/2763
f 2763/2763 2762/2762 2742/2742
f 2762/2762 2763/2763 2764/2764
f 2764/2764 2765/2765 2762/2762
f 1600/1600 2762/2762 2765/2765
f 2765/2765 1601/1601 1600/1600
f 1619/1619 2766/2766 2767/2767
f 2767/2767 1620/1620 1619/1619
f 2766/2766 2768/2768 2769/2769
f 2769/2769 2767/2767 2766/2766
f 2767/2767 2769/2769 2748/2748
f 2748/2748 2746/2746 2767/2767
f 1620/1620 2767/2767 2746/2746
f 2746/2746 1621/1621 1620/1620
f 1619/1619 1617/1617 2770/2770
f 2770/2770 2771/2771 1619/1619
f 1617/1617 1608/1608 1684/1684
f 1684/1684 2770/2770 1617/1617
f 2770/2770 1684/1684 1688/1688
f 1688/1688 2772/2772 2770/2770
f 2771/2771 2770/2770 2772/2772
f 2772/2772 2603/2603 2771/2771
f 2645/2645 2642/2642 2773/2773
f 2773/2773 2774/2774 2645/2645
f 2642/2642 1691/1691 1689/1689
f 1689/1689 2773/2773 2642/2642
f 2773/2773 1689/1689 1503/1503
f 1503/1503 1506/1506 2773/2773
f 2774/2774 2773/2773 1506/1506
f 1506/1506 1511/1511 2774/2774
f 2680/2680 2678/2678 2775/2775
f 2775/2775 2776/2776 2680/2680
f 2678/2678 1697/1697 1695/1695
f 1695/1695 2775/2775 2678/2678
f 2775/2775 1695/1695 1593/1593
f 1593/1593 1596/1596 2775/2775
f 2776/2776 2775/2775 1596/1596
f 1596/1596 1601/1601 2776/2776
f 1529/1529 1527/1527 2777/2777
f 2777/2777 1644/1644 1529/1529
f 1527/1527 1518/1518 1702/1702
f 1702/1702 2777/2777 1527/1527
f 2777/2777 1702/1702 1706/1706
f 1706/1706 2778/2778 2777/2777
f 1644/1644 2777/2777 2778/2778
f 2778/2778 1641/1641 1644/1644
f 2779/2779 2780/2780 2781/2781
f 2781/2781 2782/2782 2779/2779
f 2780/2780 1501/1501 1500/1500
f 1500/1500 2781/2781 2780/2780
f 2781/2781 1500/1500 1499/1499
f 1499/1499 1634/1634 2781/2781
f 2782/2782 2781/2781 1634/1634
f 1634/1634 1633/1633 2782/2782
f 2783/2783 2784/2784 2785/2785
f 2785/2785 2786/2786 2783/2783
f 2784/2784 1533/1533 1536/1536
f 1536/1536 2785/2785 2784/2784
f 2785/2785 1536/1536 1541/1541
f 1541/1541 2787/2787 2785/2785
f 2786/2786 2785/2785 2787/2787
f 2787/2787 2788/2788 2786/2786
f 2789/2789 2790/2790 2791/2791
f 2791/2791 2792/2792 2789/2789
f 2790/2790 1591/1591 1590/1590
f 1590/1590 2791/2791 2790/2790
f 2791/2791 1590/1590 1589/1589
f 1589/1589 1637/1637 2791/2791
f 2792/2792 2791/2791 1637/1637
f 1637/1637 1640/1640 2792/2792
f 1626/1626 1623/1623 2793/2793
f 2793/2793 2794/2794 1626/1626
f 1623/1623 1443/1443 1446/1446
f 1446/1446 2793/2793 1623/1623
f 2793/2793 1446/1446 1451/1451
f 1451/1451 2795/2795 2793/2793
f 2794/2794 2793/2793 2795/2795
f 2795/2795 2796/2796 2794/2794
f 2768/2768 2766/2766 2797/2797
f 2797/2797 2798/2798 2768/2768
f 1619/1619 2771/2771 2797/2797
f 2797/2797 2766/2766 1619/1619
f 2603/2603 2798/2798 2797/2797
f 2797/2797 2771/2771 2603/2603
f 2645/2645 2774/2774 2799/2799
f 2799/2799 2800/2800 2645/2645
f 1511/1511 2759/2759 2799/2799
f 2799/2799 2774/2774 1511/1511
f 2758/2758 2800/2800 2799/2799
f 2799/2799 2759/2759 2758/2758
f 2680/2680 2776/2776 2801/2801
f 2801/2801 2802/2802 2680/2680
f 1601/1601 2765/2765 2801/2801
f 2801/2801 2776/2776 1601/1601
f 2764/2764 2802/2802 2801/2801
f 2801/2801 2765/2765 2764/2764
f 1744/1744 1743/1743 2803/2803
f 2803/2803 2804/2804 1744/1744
f 1533/1533 2784/2784 2803/2803
f 2803/2803 1743/1743 1533/1533
f 2783/2783 2804/2804 2803/2803
f 2803/2803 2784/2784 2783/2783
f 1238/1238 1764/1764 2805/2805
f 2805/2805 2806/2806 1238/1238
f 1501/1501 2780/2780 2805/2805
f 2805/2805 1764/1764 1501/1501
f 2779/2779 2806/2806 2805/2805
f 2805/2805 2780/2780 2779/2779
f 1382/1382 1779/1779 2807/2807
f 2807/2807 2808/2808 1382/1382
f 1591/1591 2790/2790 2807/2807
f 2807/2807 1779/1779 1591/1591
f 2789/2789 2808/2808 2807/2807
f 2807/2807 2790/2790 2789/2789
f 1170/1170 2809/2809 2810/2810
f 2810/2810 1745/1745 1170/1170
f 2796/2796 2795/2795 2810/2810
f 2810/2810 2809/2809 2796/2796
f 1451/1451 1745/1745 2810/2810
f 2810/2810 2795/2795 1451/1451
f 1441/1441 2811/2811 2812/2812
f 2812/2812 1795/1795 1441/1441
f 2788/2788 2787/2787 2812/2812
f 2812/2812 2811/2811 2788/2788
f 1541/1541 1795/1795 2812/2812
f 2812/2812 2787/2787 1541/1541
f 2796/2796 2809/2809 2813/2813
f 2813/2813 2814/2814 2796/2796
f 1170/1170 2815/2815 2813/2813
f 2813/2813 2809/2809 1170/1170
f 2816/2816 2814/2814 2813/2813
f 2813/2813 2815/2815 2816/2816
f 2741/2741 2738/2738 2817/2817
f 2817/2817 2818/2818 2741/2741
f 1382/1382 2819/2819 2817/2817
f 2817/2817 2738/2738 1382/1382
f 2820/2820 2818/2818 2817/2817
f 2817/2817 2819/2819 2820/2820
f 2788/2788 2811/2811 2821/2821
f 2821/2821 2822/2822 2788/2788
f 1441/1441 2823/2823 2821/2821
f 2821/2821 2811/2811 1441/1441
f 2824/2824 2822/2822 2821/2821
f 2821/2821 2823/2823 2824/2824
f 2735/2735 2825/2825 2826/2826
f 2826/2826 2757/2757 2735/2735
f 2825/2825 2827/2827 2828/2828
f 2828/2828 2826/2826 2825/2825
f 2826/2826 2828/2828 2829/2829
f 2829/2829 2830/2830 2826/2826
f 2757/2757 2826/2826 2830/2830
f 2830/2830 2758/2758 2757/2757
f 1645/1645 2831/2831 2832/2832
f 2832/2832 2761/2761 1645/1645
f 2831/2831 2833/2833 2834/2834
f 2834/2834 2832/2832 2831/2831
f 2832/2832 2834/2834 2835/2835
f 2835/2835 2836/2836 2832/2832
f 2761/2761 2832/2832 2836/2836
f 2836/2836 2754/2754 2761/2761
f 2741/2741 2818/2818 2837/2837
f 2837/2837 2763/2763 2741/2741
f 2818/2818 2820/2820 2838/2838
f 2838/2838 2837/2837 2818/2818
f 2837/2837 2838/2838 2839/2839
f 2839/2839 2840/2840 2837/2837
f 2763/2763 2837/2837 2840/2840
f 2840/2840 2764/2764 2763/2763
f 2768/2768 2841/2841 2842/2842
f 2842/2842 2769/2769 2768/2768
f 2841/2841 2843/2843 2844/2844
f 2844/2844 2842/2842 2841/2841
f 2842/2842 2844/2844 2845/2845
f 2845/2845 2846/2846 2842/2842
f 2769/2769 2842/2842 2846/2846
f 2846/2846 2748/2748 2769/2769
f 1626/1626 2847/2847 2848/2848
f 2848/2848 1627/1627 1626/1626
f 2847/2847 2849/2849 2850/2850
f 2850/2850 2848/2848 2847/2847
f 2848/2848 2850/2850 2851/2851
f 2851/2851 2852/2852 2848/2848
f 1627/1627 2848/2848 2852/2852
f 2852/2852 1628/1628 1627/1627
f 1629/1629 2651/2651 2853/2853
f 2853/2853 1630/1630 1629/1629
f 2651/2651 2650/2650 2854/2854
f 2854/2854 2853/2853 2651/2651
f 2853/2853 2854/2854 2855/2855
f 2855/2855 2856/2856 2853/2853
f 1630/1630 2853/2853 2856/2856
f 2856/2856 1633/1633 1630/1630
f 1638/1638 2685/2685 2857/2857
f 2857/2857 1639/1639 1638/1638
f 2685/2685 2684/2684 2858/2858
f 2858/2858 2857/2857 2685/2685
f 2857/2857 2858/2858 2859/2859
f 2859/2859 2860/2860 2857/2857
f 1639/1639 2857/2857 2860/2860
f 2860/2860 1640/1640 1639/1639
f 1641/1641 2727/2727 2861/2861
f 2861/2861 1642/1642 1641/1641
f 2727/2727 2726/2726 2862/2862
f 2862/2862 2861/2861 2727/2727
f 2861/2861 2862/2862 2833/2833
f 2833/2833 2831/2831 2861/2861
f 1642/1642 2861/2861 2831/2831
f 2831/2831 1645/1645 1642/1642
f 1170/1170 2749/2749 2863/2863
f 2863/2863 2864/2864 1170/1170
f 2748/2748 2846/2846 2863/2863
f 2863/2863 2749/2749 2748/2748
f 2845/2845 2864/2864 2863/2863
f 2863/2863 2846/2846 2845/2845
f 1382/1382 2808/2808 2865/2865
f 2865/2865 2866/2866 1382/1382
f 2789/2789 2867/2867 2865/2865
f 2865/2865 2808/2808 2789/2789
f 2868/2868 2866/2866 2865/2865
f 2865/2865 2867/2867 2868/2868
f 1441/1441 2755/2755 2869/2869
f 2869/2869 2870/2870 1441/1441
f 2754/2754 2836/2836 2869/2869
f 2869/2869 2755/2755 2754/2754
f 2835/2835 2870/2870 2869/2869
f 2869/2869 2836/2836 2835/2835
f 2779/2779 2871/2871 2872/2872
f 2872/2872 2806/2806 2779/2779
f 2873/2873 2874/2874 2872/2872
f 2872/2872 2871/2871 2873/2873
f 1238/1238 2806/2806 2872/2872
f 2872/2872 2874/2874 1238/1238
f 1238/1238 2875/2875 2876/2876
f 2876/2876 2732/2732 1238/1238
f 2827/2827 2825/2825 2876/2876
f 2876/2876 2875/2875 2827/2827
f 2735/2735 2732/2732 2876/2876
f 2876/2876 2825/2825 2735/2735
f 2873/2873 2871/2871 2877/2877
f 2877/2877 2878/2878 2873/2873
f 2871/2871 2779/2779 2782/2782
f 2782/2782 2877/2877 2871/2871
f 2877/2877 2782/2782 1633/1633
f 1633/1633 2856/2856 2877/2877
f 2878/2878 2877/2877 2856/2856
f 2856/2856 2855/2855 2878/2878
f 2879/2879 2880/2880 2881/2881
f 2881/2881 2882/2882 2879/2879
f 2880/2880 2783/2783 2786/2786
f 2786/2786 2881/2881 2880/2880
f 2881/2881 2786/2786 2788/2788
f 2788/2788 2822/2822 2881/2881
f 2882/2882 2881/2881 2822/2822
f 2822/2822 2824/2824 2882/2882
f 2868/2868 2867/2867 2883/2883
f 2883/2883 2884/2884 2868/2868
f 2867/2867 2789/2789 2792/2792
f 2792/2792 2883/2883 2867/2867
f 2883/2883 2792/2792 1640/1640
f 1640/1640 2860/2860 2883/2883
f 2884/2884 2883/2883 2860/2860
f 2860/2860 2859/2859 2884/2884
f 2849/2849 2847/2847 2885/2885
f 2885/2885 2886/2886 2849/2849
f 2847/2847 1626/1626 2794/2794
f 2794/2794 2885/2885 2847/2847
f 2885/2885 2794/2794 2796/2796
f 2796/2796 2814/2814 2885/2885
f 2886/2886 2885/2885 2814/2814
f 2814/2814 2816/2816 2886/2886
f 2843/2843 2841/2841 2887/2887
f 2887/2887 2888/2888 2843/2843
f 2841/2841 2768/2768 2798/2798
f 2798/2798 2887/2887 2841/2841
f 2887/2887 2798/2798 2603/2603
f 2603/2603 2600/2600 2887/2887
f 2888/2888 2887/2887 2600/2600
f 2600/2600 2599/2599 2888/2888
f 2889/2889 2890/2890 2891/2891
f 2891/2891 2892/2892 2889/2889
f 2890/2890 2645/2645 2800/2800
f 2800/2800 2891/2891 2890/2890
f 2891/2891 2800/2800 2758/2758
f 2758/2758 2830/2830 2891/2891
f 2892/2892 2891/2891 2830/2830
f 2830/2830 2829/2829 2892/2892
f 2893/2893 2894/2894 2895/2895
f 2895/2895 2896/2896 2893/2893
f 2894/2894 2680/2680 2802/2802
f 2802/2802 2895/2895 2894/2894
f 2895/2895 2802/2802 2764/2764
f 2764/2764 2840/2840 2895/2895
f 2896/2896 2895/2895 2840/2840
f 2840/2840 2839/2839 2896/2896
f 2897/2897 2898/2898 2899/2899
f 2899/2899 2900/2900 2897/2897
f 2898/2898 1744/1744 2804/2804
f 2804/2804 2899/2899 2898/2898
f 2899/2899 2804/2804 2783/2783
f 2783/2783 2880/2880 2899/2899
f 2900/2900 2899/2899 2880/2880
f 2880/2880 2879/2879 2900/2900
f 2603/2603 2772/2772 2901/2901
f 2901/2901 2604/2604 2603/2603
f 2772/2772 1688/1688 2657/2657
f 2657/2657 2901/2901 2772/2772
f 2901/2901 2657/2657 2661/2661
f 2661/2661 2902/2902 2901/2901
f 2604/2604 2901/2901 2902/2902
f 2902/2902 2605/2605 2604/2604
f 1628/1628 2852/2852 2903/2903
f 2903/2903 2608/2608 1628/1628
f 2851/2851 2904/2904 2903/2903
f 2903/2903 2852/2852 2851/2851
f 2609/2609 2608/2608 2903/2903
f 2903/2903 2904/2904 2609/2609
f 2680/2680 2894/2894 2905/2905
f 2905/2905 2681/2681 2680/2680
f 2893/2893 2906/2906 2905/2905
f 2905/2905 2894/2894 2893/2893
f 2682/2682 2681/2681 2905/2905
f 2905/2905 2906/2906 2682/2682
f 1638/1638 1710/1710 2907/2907
f 2907/2907 2688/2688 1638/1638
f 1710/1710 1709/1709 2691/2691
f 2691/2691 2907/2907 1710/1710
f 2907/2907 2691/2691 2695/2695
f 2695/2695 2908/2908 2907/2907
f 2688/2688 2907/2907 2908/2908
f 2908/2908 2689/2689 2688/2688
f 2645/2645 2890/2890 2909/2909
f 2909/2909 2646/2646 2645/2645
f 2889/2889 2910/2910 2909/2909
f 2909/2909 2890/2890 2889/2889
f 2647/2647 2646/2646 2909/2909
f 2909/2909 2910/2910 2647/2647
f 1629/1629 1682/1682 2911/2911
f 2911/2911 2654/2654 1629/1629
f 1682/1682 1680/1680 2637/2637
f 2637/2637 2911/2911 1682/1682
f 2911/2911 2637/2637 2641/2641
f 2641/2641 2912/2912 2911/2911
f 2654/2654 2911/2911 2912/2912
f 2912/2912 2655/2655 2654/2654
f 1744/1744 2898/2898 2913/2913
f 2913/2913 2723/2723 1744/1744
f 2897/2897 2914/2914 2913/2913
f 2913/2913 2898/2898 2897/2897
f 2724/2724 2723/2723 2913/2913
f 2913/2913 2914/2914 2724/2724
f 1641/1641 2778/2778 2915/2915
f 2915/2915 2730/2730 1641/1641
f 2778/2778 1706/1706 2673/2673
f 2673/2673 2915/2915 2778/2778
f 2915/2915 2673/2673 2677/2677
f 2677/2677 2916/2916 2915/2915
f 2730/2730 2915/2915 2916/2916
f 2916/2916 2731/2731 2730/2730
g oval_tufted_chair_seat_welt
usemtl fabric
v -0.38350 0.29208 0.18046
v -0.38877 0.29033 0.14899
v -0.38997 0.29257 0.14915
v -0.38462 0.29434 0.18106
v -0.38415 0.28660 0.11125
v -0.38530 0.28880 0.11103
v -0.38754 0.28987 0.11086
v -0.39229 0.29370 0.14958
v -0.38680 0.29550 0.18220
v -0.39455 0.29261 0.15008
v -0.38894 0.29444 0.18331
v -0.38975 0.28872 0.11086
v -0.39083 0.28649 0.11099
v -0.39565 0.29039 0.15039
v -0.38999 0.29223 0.18384
v -0.39445 0.28815 0.15023
v -0.38887 0.28997 0.18324
v -0.38968 0.28429 0.11120
v -0.38743 0.28322 0.11138
v -0.39213 0.28702 0.14980
v -0.38669 0.28880 0.18209
v -0.38986 0.28812 0.14930
v -0.38455 0.28987 0.18098
v -0.38522 0.28436 0.11138
v -0.38415 0.28660 0.11125
v -0.38877 0.29033 0.14899
v -0.38350 0.29208 0.18046
v -0.37870 0.28317 0.06911
v -0.37983 0.28536 0.06877
v -0.37327 0.27975 0.02658
v -0.37441 0.28194 0.02625
v -0.37663 0.28299 0.02588
v -0.38206 0.28641 0.06840
v -0.38425 0.28525 0.06824
v -0.37882 0.28183 0.02572
v -0.37989 0.27958 0.02579
v -0.38532 0.28301 0.06831
v -0.38418 0.28082 0.06864
v -0.37875 0.27740 0.02612
v -0.37653 0.27635 0.02649
v -0.38196 0.27977 0.06901
v -0.37977 0.28093 0.06918
v -0.37434 0.27751 0.02665
v -0.37327 0.27975 0.02658
v -0.37870 0.28317 0.06911
v -0.36870 0.27603 -0.01234
v -0.36983 0.27822 -0.01267
v -0.36455 0.27260 -0.04813
v -0.36568 0.27478 -0.04856
v -0.36788 0.27582 -0.04909
v -0.37206 0.27927 -0.01303
v -0.37425 0.27811 -0.01319
v -0.37005 0.27465 -0.04939
v -0.37111 0.27240 -0.04938
v -0.37532 0.27587 -0.01313
v -0.37418 0.27368 -0.01280
v -0.36999 0.27022 -0.04894
v -0.36779 0.26918 -0.04842
v -0.37196 0.27263 -0.01244
v -0.36977 0.27379 -0.01227
v -0.36562 0.27036 -0.04812
v -0.36455 0.27260 -0.04813
v -0.36870 0.27603 -0.01234
v -0.36041 0.27005 -0.08127
v -0.36149 0.27221 -0.08202
v -0.34883 0.26657 -0.10890
v -0.34976 0.26868 -0.11002
v -0.35164 0.26960 -0.11163
v -0.36363 0.27321 -0.08305
v -0.36575 0.27200 -0.08376
v -0.35354 0.26833 -0.11284
v -0.35450 0.26605 -0.11313
v -0.36679 0.26974 -0.08389
v -0.36570 0.26759 -0.08314
v -0.35357 0.26394 -0.11201
v -0.35169 0.26302 -0.11040
v -0.36356 0.26659 -0.08211
v -0.36145 0.26779 -0.08140
v -0.34979 0.26429 -0.10919
v -0.34883 0.26657 -0.10890
v -0.36041 0.27005 -0.08127
v -0.32241 0.26036 -0.12816
v -0.32296 0.26239 -0.12954
v -0.28495 0.25315 -0.14049
v -0.28512 0.25510 -0.14202
v -0.28577 0.25577 -0.14432
v -0.32424 0.26318 -0.13157
v -0.32563 0.26179 -0.13314
v -0.28661 0.25428 -0.14611
v -0.28719 0.25192 -0.14663
v -0.32641 0.25947 -0.13357
v -0.32585 0.25745 -0.13219
v -0.28702 0.24997 -0.14510
v -0.28637 0.24930 -0.14280
v -0.32458 0.25666 -0.13015
v -0.32319 0.25804 -0.12859
v -0.28553 0.25079 -0.14101
v -0.28495 0.25315 -0.14049
v -0.32241 0.26036 -0.12816
v -0.24028 0.24670 -0.14733
v -0.24027 0.24861 -0.14892
v -0.19206 0.24099 -0.15101
v -0.19199 0.24290 -0.15260
v -0.19212 0.24349 -0.15501
v -0.24057 0.24922 -0.15131
v -0.24109 0.24768 -0.15320
v -0.19245 0.24192 -0.15691
v -0.19277 0.23952 -0.15747
v -0.24151 0.24529 -0.15375
v -0.24153 0.24337 -0.15217
v -0.19285 0.23761 -0.15588
v -0.19271 0.23702 -0.15347
v -0.24123 0.24277 -0.14977
v -0.24071 0.24431 -0.14789
v -0.19238 0.23859 -0.15157
v -0.19206 0.24099 -0.15101
v -0.24028 0.24670 -0.14733
v -0.14394 0.23604 -0.15384
v -0.14385 0.23794 -0.15543
v -0.09590 0.23247 -0.15537
v -0.09582 0.23438 -0.15696
v -0.09584 0.23495 -0.15938
v -0.14390 0.23852 -0.15785
v -0.14411 0.23694 -0.15976
v -0.09596 0.23337 -0.16129
v -0.09610 0.23095 -0.16187
v -0.14433 0.23453 -0.16033
v -0.14442 0.23263 -0.15874
v -0.09617 0.22904 -0.16028
v -0.09616 0.22847 -0.15786
v -0.14437 0.23205 -0.15632
v -0.14416 0.23363 -0.15442
v -0.09604 0.23005 -0.15595
v -0.09590 0.23247 -0.15537
v -0.14394 0.23604 -0.15384
v -0.04789 0.23092 -0.15513
v -0.04785 0.23283 -0.15672
v 0.00010 0.23065 -0.15456
v 0.00010 0.23256 -0.15615
v 0.00010 0.23313 -0.15857
v -0.04785 0.23340 -0.15913
v -0.04790 0.23181 -0.16105
v 0.00010 0.23155 -0.16048
v 0.00010 0.22913 -0.16105
v -0.04797 0.22940 -0.16162
v -0.04801 0.22749 -0.16003
v 0.00010 0.22722 -0.15946
v 0.00010 0.22664 -0.15704
v -0.04801 0.22691 -0.15761
v -0.04796 0.22850 -0.15570
v 0.00010 0.22823 -0.15513
v 0.00010 0.23065 -0.15456
v -0.04789 0.23092 -0.15513
v 0.04809 0.23092 -0.15513
v 0.04805 0.23283 -0.15672
v 0.09610 0.23247 -0.15537
v 0.09602 0.23438 -0.15696
v 0.09604 0.23495 -0.15938
v 0.04805 0.23340 -0.15913
v 0.04810 0.23181 -0.16105
v 0.09616 0.23337 -0.16129
v 0.09630 0.23095 -0.16187
v 0.04817 0.22940 -0.16162
v 0.04821 0.22749 -0.16003
v 0.09637 0.22904 -0.16028
v 0.09636 0.22847 -0.15786
v 0.04821 0.22691 -0.15761
v 0.04816 0.22850 -0.15570
v 0.09624 0.23005 -0.15595
v 0.09610 0.23247 -0.15537
v 0.04809 0.23092 -0.15513
v 0.14415 0.23604 -0.15384
v 0.14405 0.23794 -0.15543
v 0.19227 0.24099 -0.15101
v 0.19219 0.24290 -0.15260
v 0.19232 0.24349 -0.15501
v 0.14410 0.23852 -0.15785
v 0.14431 0.23694 -0.15976
v 0.19266 0.24192 -0.15691
v 0.19297 0.23952 -0.15747
v 0.14453 0.23453 -0.16033
v 0.14462 0.23263 -0.15874
v 0.19305 0.23761 -0.15588
v 0.19291 0.23702 -0.15347
v 0.14457 0.23205 -0.15632
v 0.14437 0.23363 -0.15442
v 0.19258 0.23859 -0.15157
v 0.19227 0.24099 -0.15101
v 0.14415 0.23604 -0.15384
v 0.24049 0.24670 -0.14733
v 0.24047 0.24861 -0.14892
v 0.28515 0.25315 -0.14049
v 0.28532 0.25510 -0.14202
v 0.28597 0.25577 -0.14432
v 0.24077 0.24922 -0.15131
v 0.24129 0.24768 -0.15320
v 0.28681 0.25428 -0.14611
v 0.28739 0.25192 -0.14663
v 0.24172 0.24529 -0.15375
v 0.24173 0.24337 -0.15217
v 0.28722 0.24997 -0.14510
v 0.28657 0.24930 -0.14280
v 0.24143 0.24277 -0.14977
v 0.24091 0.24431 -0.14789
v 0.28573 0.25079 -0.14101
v 0.28515 0.25315 -0.14049
v 0.24049 0.24670 -0.14733
v 0.32261 0.26036 -0.12816
v 0.32316 0.26239 -0.12954
v 0.34903 0.26657 -0.10890
v 0.34996 0.26868 -0.11002
v 0.35184 0.26960 -0.11163
v 0.32444 0.26318 -0.13157
v 0.32583 0.26179 -0.13314
v 0.35374 0.26833 -0.11284
v 0.35470 0.26605 -0.11313
v 0.32661 0.25947 -0.13357
v 0.32605 0.25745 -0.13219
v 0.35377 0.26394 -0.11201
v 0.35189 0.26302 -0.11040
v 0.32478 0.25666 -0.13015
v 0.32339 0.25804 -0.12859
v 0.34999 0.26429 -0.10919
v 0.34903 0.26657 -0.10890
v 0.32261 0.26036 -0.12816
v 0.36061 0.27005 -0.08127
v 0.36169 0.27221 -0.08202
v 0.36476 0.27260 -0.04813
v 0.36588 0.27478 -0.04856
v 0.36808 0.27582 -0.04909
v 0.36383 0.27321 -0.08305
v 0.36595 0.27200 -0.08376
v 0.37025 0.27465 -0.04939
v 0.37131 0.27240 -0.04938
v 0.36699 0.26974 -0.08389
v 0.36590 0.26759 -0.08314
v 0.37019 0.27022 -0.04894
v 0.36799 0.26918 -0.04842
v 0.36376 0.26659 -0.08211
v 0.36165 0.26779 -0.08140
v 0.36582 0.27036 -0.04812
v 0.36476 0.27260 -0.04813
v 0.36061 0.27005 -0.08127
v 0.36890 0.27603 -0.01234
v 0.37004 0.27822 -0.01267
v 0.37347 0.27975 0.02658
v 0.37461 0.28194 0.02625
v 0.37683 0.28299 0.02588
v 0.37226 0.27927 -0.01303
v 0.37445 0.27811 -0.01319
v 0.37902 0.28183 0.02572
v 0.38009 0.27958 0.02579
v 0.37552 0.27587 -0.01313
v 0.37438 0.27368 -0.01280
v 0.37896 0.27740 0.02612
v 0.37673 0.27635 0.02649
v 0.37216 0.27263 -0.01244
v 0.36997 0.27379 -0.01227
v 0.37454 0.27751 0.02665
v 0.37347 0.27975 0.02658
v 0.36890 0.27603 -0.01234
v 0.37890 0.28317 0.06911
v 0.38004 0.28536 0.06877
v 0.38435 0.28660 0.11125
v 0.38550 0.28880 0.11103
v 0.38774 0.28987 0.11086
v 0.38226 0.28641 0.06840
v 0.38445 0.28525 0.06824
v 0.38995 0.28872 0.11086
v 0.39103 0.28649 0.11099
v 0.38552 0.28301 0.06831
v 0.38438 0.28082 0.06864
v 0.38988 0.28429 0.11120
v 0.38763 0.28322 0.11138
v 0.38216 0.27977 0.06901
v 0.37997 0.28093 0.06918
v 0.38542 0.28436 0.11138
v 0.38435 0.28660 0.11125
v 0.37890 0.28317 0.06911
v 0.38897 0.29033 0.14899
v 0.39017 0.29257 0.14915
v 0.38370 0.29208 0.18046
v 0.38482 0.29434 0.18106
v 0.38700 0.29550 0.18220
v 0.39249 0.29370 0.14958
v 0.39475 0.29261 0.15008
v 0.38915 0.29444 0.18331
v 0.39019 0.29223 0.18384
v 0.39585 0.29039 0.15039
v 0.39465 0.28815 0.15023
v 0.38907 0.28997 0.18324
v 0.38689 0.28880 0.18209
v 0.39233 0.28702 0.14980
v 0.39006 0.28812 0.14930
v 0.38475 0.28987 0.18098
v 0.38370 0.29208 0.18046
v 0.38897 0.29033 0.14899
v 0.35947 0.28954 0.20374
v 0.36022 0.29176 0.20468
v 0.32085 0.28485 0.22106
v 0.32117 0.28703 0.22221
v 0.32205 0.28805 0.22428
v 0.36179 0.29287 0.20638
v 0.36341 0.29175 0.20797
v 0.32307 0.28687 0.22620
v 0.32369 0.28462 0.22704
v 0.36426 0.28953 0.20868
v 0.36352 0.28730 0.20775
v 0.32336 0.28244 0.22589
v 0.32249 0.28141 0.22382
v 0.36195 0.28619 0.20604
v 0.36033 0.28731 0.20445
v 0.32147 0.28260 0.22190
v 0.32085 0.28485 0.22106
v 0.35947 0.28954 0.20374
v 0.27238 0.28017 0.23461
v 0.27249 0.28232 0.23585
v 0.21870 0.27564 0.24420
v 0.21872 0.27779 0.24546
v 0.21900 0.27875 0.24773
v 0.27297 0.28331 0.23809
v 0.27362 0.28208 0.24015
v 0.21942 0.27751 0.24984
v 0.21975 0.27523 0.25077
v 0.27407 0.27982 0.24106
v 0.27396 0.27767 0.23981
v 0.21973 0.27309 0.24951
v 0.21945 0.27212 0.24724
v 0.27348 0.27668 0.23758
v 0.27283 0.27790 0.23552
v 0.21903 0.27336 0.24513
v 0.21870 0.27564 0.24420
v 0.27238 0.28017 0.23461
v 0.16445 0.27140 0.24962
v 0.16443 0.27354 0.25089
v 0.10982 0.26819 0.25230
v 0.10979 0.27033 0.25356
v 0.10985 0.27128 0.25586
v 0.16457 0.27450 0.25318
v 0.16483 0.27324 0.25531
v 0.11000 0.27002 0.25799
v 0.11014 0.26772 0.25894
v 0.16506 0.27096 0.25625
v 0.16508 0.26882 0.25498
v 0.11017 0.26559 0.25767
v 0.11011 0.26463 0.25538
v 0.16494 0.26786 0.25269
v 0.16467 0.26912 0.25057
v 0.10996 0.26590 0.25324
v 0.10982 0.26819 0.25230
v 0.16445 0.27140 0.24962
v 0.05501 0.26673 0.25364
v 0.05498 0.26887 0.25491
v 0.00010 0.26644 0.25398
v 0.00010 0.26858 0.25525
v 0.00010 0.26953 0.25754
v 0.05501 0.26982 0.25720
v 0.05507 0.26856 0.25934
v 0.00010 0.26827 0.25968
v 0.00010 0.26597 0.26063
v 0.05514 0.26626 0.26029
v 0.05516 0.26412 0.25902
v 0.00010 0.26383 0.25936
v 0.00010 0.26288 0.25707
v 0.05514 0.26317 0.25673
v 0.05507 0.26444 0.25459
v 0.00010 0.26415 0.25493
v 0.00010 0.26644 0.25398
v 0.05501 0.26673 0.25364
v -0.05480 0.26673 0.25364
v -0.05478 0.26887 0.25491
v -0.10962 0.26819 0.25230
v -0.10958 0.27033 0.25356
v -0.10965 0.27128 0.25586
v -0.05480 0.26982 0.25720
v -0.05487 0.26856 0.25934
v -0.10980 0.27002 0.25799
v -0.10993 0.26772 0.25894
v -0.05494 0.26626 0.26029
v -0.05496 0.26412 0.25902
v -0.10997 0.26559 0.25767
v -0.10990 0.26463 0.25538
v -0.05494 0.26317 0.25673
v -0.05487 0.26444 0.25459
v -0.10976 0.26590 0.25324
v -0.10962 0.26819 0.25230
v -0.05480 0.26673 0.25364
v -0.16425 0.27140 0.24962
v -0.16422 0.27354 0.25089
v -0.21850 0.27564 0.24420
v -0.21852 0.27779 0.24546
v -0.21880 0.27875 0.24773
v -0.16437 0.27450 0.25318
v -0.16463 0.27324 0.25531
v -0.21922 0.27751 0.24984
v -0.21955 0.27523 0.25077
v -0.16485 0.27096 0.25625
v -0.16488 0.26882 0.25498
v -0.21953 0.27309 0.24951
v -0.21925 0.27212 0.24724
v -0.16473 0.26786 0.25269
v -0.16447 0.26912 0.25057
v -0.21882 0.27336 0.24513
v -0.21850 0.27564 0.24420
v -0.16425 0.27140 0.24962
v -0.27217 0.28017 0.23461
v -0.27229 0.28232 0.23585
v -0.32064 0.28485 0.22106
v -0.32097 0.28703 0.22221
v -0.32185 0.28805 0.22428
v -0.27277 0.28331 0.23809
v -0.27342 0.28208 0.24015
v -0.32287 0.28687 0.22620
v -0.32349 0.28462 0.22704
v -0.27387 0.27982 0.24106
v -0.27376 0.27767 0.23981
v -0.32316 0.28244 0.22589
v -0.32228 0.28141 0.22382
v -0.27328 0.27668 0.23758
v -0.27263 0.27790 0.23552
v -0.32126 0.28260 0.22190
v -0.32064 0.28485 0.22106
v -0.27217 0.28017 0.23461
v -0.35927 0.28954 0.20374
v -0.36002 0.29176 0.20468
v -0.38350 0.29208 0.18046
v -0.38462 0.29434 0.18106
v -0.38680 0.29550 0.18220
v -0.36159 0.29287 0.20638
v -0.36321 0.29175 0.20797
v -0.38894 0.29444 0.18331
v -0.38999 0.29223 0.18384
v -0.36406 0.28953 0.20868
v -0.36332 0.28730 0.20775
v -0.38887 0.28997 0.18324
v -0.38669 0.28880 0.18209
v -0.36175 0.28619 0.20604
v -0.36012 0.28731 0.20445
v -0.38455 0.28987 0.18098
v -0.38350 0.29208 0.18046
v -0.35927 0.28954 0.20374
vt 2.60092 -0.16662
vt 2.55644 -0.16662
vt 2.55644 -0.17080
vt 2.60092 -0.17080
vt 2.50966 -0.16662
vt 2.50966 -0.17080
vt 2.50966 -0.17499
vt 2.55644 -0.17499
vt 2.60092 -0.17499
vt 2.55644 -0.17917
vt 2.60092 -0.17917
vt 2.50966 -0.17917
vt 2.50966 -0.18335
vt 2.55644 -0.18335
vt 2.60092 -0.18335
vt 2.55644 -0.18753
vt 2.60092 -0.18753
vt 2.50966 -0.18753
vt 2.50966 -0.19171
vt 2.55644 -0.19171
vt 2.60092 -0.19171
vt 2.55644 -0.19589
vt 2.60092 -0.19589
vt 2.50966 -0.19589
vt 2.50966 -0.20008
vt 2.55644 -0.20008
vt 2.60092 -0.20008
vt 2.45827 -0.16662
vt 2.45827 -0.17080
vt 2.40676 -0.16662
vt 2.40676 -0.17080
vt 2.40676 -0.17499
vt 2.45827 -0.17499
vt 2.45827 -0.17917
vt 2.40676 -0.17917
vt 2.40676 -0.18335
vt 2.45827 -0.18335
vt 2.45827 -0.18753
vt 2.40676 -0.18753
vt 2.40676 -0.19171
vt 2.45827 -0.19171
vt 2.45827 -0.19589
vt 2.40676 -0.19589
vt 2.40676 -0.20008
vt 2.45827 -0.20008
vt 2.35960 -0.16662
vt 2.35960 -0.17080
vt 2.31597 -0.16662
vt 2.31597 -0.17080
vt 2.31597 -0.17499
vt 2.35960 -0.17499
vt 2.35960 -0.17917
vt 2.31597 -0.17917
vt 2.31597 -0.18335
vt 2.35960 -0.18335
vt 2.35960 -0.18753
vt 2.31597 -0.18753
vt 2.31597 -0.19171
vt 2.35960 -0.19171
vt 2.35960 -0.19589
vt 2.31597 -0.19589
vt 2.31597 -0.20008
vt 2.35960 -0.20008
vt 2.27501 -0.16662
vt 2.27501 -0.17080
vt 2.23361 -0.16662
vt 2.23361 -0.17080
vt 2.23361 -0.17499
vt 2.27501 -0.17499
vt 2.27501 -0.17917
vt 2.23361 -0.17917
vt 2.23361 -0.18335
vt 2.27501 -0.18335
vt 2.27501 -0.18753
vt 2.23361 -0.18753
vt 2.23361 -0.19171
vt 2.27501 -0.19171
vt 2.27501 -0.19589
vt 2.23361 -0.19589
vt 2.23361 -0.20008
vt 2.27501 -0.20008
vt 2.18865 -0.16662
vt 2.18865 -0.17080
vt 2.13889 -0.16662
vt 2.13889 -0.17080
vt 2.13889 -0.17499
vt 2.18865 -0.17499
vt 2.18865 -0.17917
vt 2.13889 -0.17917
vt 2.13889 -0.18335
vt 2.18865 -0.18335
vt 2.18865 -0.18753
vt 2.13889 -0.18753
vt 2.13889 -0.19171
vt 2.18865 -0.19171
vt 2.18865 -0.19589
vt 2.13889 -0.19589
vt 2.13889 -0.20008
vt 2.18865 -0.20008
vt 2.08306 -0.16662
vt 2.08306 -0.17080
vt 2.02440 -0.16662
vt 2.02440 -0.17080
vt 2.02440 -0.17499
vt 2.08306 -0.17499
vt 2.08306 -0.17917
vt 2.02440 -0.17917
vt 2.02440 -0.18335
vt 2.08306 -0.18335
vt 2.08306 -0.18753
vt 2.02440 -0.18753
vt 2.02440 -0.19171
vt 2.08306 -0.19171
vt 2.08306 -0.19589
vt 2.02440 -0.19589
vt 2.02440 -0.20008
vt 2.08306 -0.20008
vt 1.96615 -0.16662
vt 1.96615 -0.17080
vt 1.90823 -0.16662
vt 1.90823 -0.17080
vt 1.90823 -0.17499
vt 1.96615 -0.17499
vt 1.96615 -0.17917
vt 1.90823 -0.17917
vt 1.90823 -0.18335
vt 1.96615 -0.18335
vt 1.96615 -0.18753
vt 1.90823 -0.18753
vt 1.90823 -0.19171
vt 1.96615 -0.19171
vt 1.96615 -0.19589
vt 1.90823 -0.19589
vt 1.90823 -0.20008
vt 1.96615 -0.20008
vt 1.85056 -0.16662
vt 1.85056 -0.17080
vt 1.79301 -0.16662
vt 1.79301 -0.17080
vt 1.79301 -0.17499
vt 1.85056 -0.17499
vt 1.85056 -0.17917
vt 1.79301 -0.17917
vt 1.79301 -0.18335
vt 1.85056 -0.18335
vt 1.85056 -0.18753
vt 1.79301 -0.18753
vt 1.79301 -0.19171
vt 1.85056 -0.19171
vt 1.85056 -0.19589
vt 1.79301 -0.19589
vt 1.79301 -0.20008
vt 1.85056 -0.20008
vt 1.73546 -0.16662
vt 1.73546 -0.17080
vt 1.67779 -0.16662
vt 1.67779 -0.17080
vt 1.67779 -0.17499
vt 1.73546 -0.17499
vt 1.73546 -0.17917
vt 1.67779 -0.17917
vt 1.67779 -0.18335
vt 1.73546 -0.18335
vt 1.73546 -0.18753
vt 1.67779 -0.18753
vt 1.67779 -0.19171
vt 1.73546 -0.19171
vt 1.73546 -0.19589
vt 1.67779 -0.19589
vt 1.67779 -0.20008
vt 1.73546 -0.20008
vt 1.61987 -0.16662
vt 1.61987 -0.17080
vt 1.56163 -0.16662
vt 1.56163 -0.17080
vt 1.56163 -0.17499
vt 1.61987 -0.17499
vt 1.61987 -0.17917
vt 1.56163 -0.17917
vt 1.56163 -0.18335
vt 1.61987 -0.18335
vt 1.61987 -0.18753
vt 1.56163 -0.18753
vt 1.56163 -0.19171
vt 1.61987 -0.19171
vt 1.61987 -0.19589
vt 1.56163 -0.19589
vt 1.56163 -0.20007
vt 1.61987 -0.20007
vt 1.50297 -0.16662
vt 1.50297 -0.17080
vt 1.44714 -0.16662
vt 1.44714 -0.17080
vt 1.44714 -0.17499
vt 1.50297 -0.17499
vt 1.50297 -0.17917
vt 1.44714 -0.17917
vt 1.44714 -0.18335
vt 1.50297 -0.18335
vt 1.50297 -0.18753
vt 1.44714 -0.18753
vt 1.44714 -0.19171
vt 1.50297 -0.19171
vt 1.50297 -0.19589
vt 1.44714 -0.19589
vt 1.44714 -0.20007
vt 1.50297 -0.20007
vt 1.39737 -0.16662
vt 1.39737 -0.17080
vt 1.35242 -0.16662
vt 1.35242 -0.17080
vt 1.35242 -0.17499
vt 1.39737 -0.17499
vt 1.39737 -0.17917
vt 1.35242 -0.17917
vt 1.35242 -0.18335
vt 1.39737 -0.18335
vt 1.39737 -0.18753
vt 1.35242 -0.18753
vt 1.35242 -0.19171
vt 1.39737 -0.19171
vt 1.39737 -0.19589
vt 1.35242 -0.19589
vt 1.35242 -0.20007
vt 1.39737 -0.20007
vt 1.31102 -0.16662
vt 1.31102 -0.17080
vt 1.27006 -0.16662
vt 1.27006 -0.17080
vt 1.27006 -0.17499
vt 1.31102 -0.17499
vt 1.31102 -0.17917
vt 1.27006 -0.17917
vt 1.27006 -0.18335
vt 1.31102 -0.18335
vt 1.31102 -0.18753
vt 1.27006 -0.18753
vt 1.27006 -0.19171
vt 1.31102 -0.19171
vt 1.31102 -0.19589
vt 1.27006 -0.19589
vt 1.27006 -0.20007
vt 1.31102 -0.20007
vt 1.22642 -0.16662
vt 1.22642 -0.17080
vt 1.17927 -0.16662
vt 1.17927 -0.17080
vt 1.17927 -0.17499
vt 1.22642 -0.17499
vt 1.22642 -0.17917
vt 1.17927 -0.17917
vt 1.17927 -0.18335
vt 1.22642 -0.18335
vt 1.22642 -0.18753
vt 1.17927 -0.18753
vt 1.17927 -0.19171
vt 1.22642 -0.19171
vt 1.22642 -0.19589
vt 1.17927 -0.19589
vt 1.17927 -0.20007
vt 1.22642 -0.20007
vt 1.12775 -0.16662
vt 1.12775 -0.17080
vt 1.07636 -0.16662
vt 1.07636 -0.17080
vt 1.07636 -0.17499
vt 1.12775 -0.17499
vt 1.12775 -0.17917
vt 1.07636 -0.17917
vt 1.07636 -0.18335
vt 1.12775 -0.18335
vt 1.12775 -0.18753
vt 1.07636 -0.18753
vt 1.07636 -0.19171
vt 1.12775 -0.19171
vt 1.12775 -0.19589
vt 1.07636 -0.19589
vt 1.07636 -0.20007
vt 1.12775 -0.20007
vt 1.02958 -0.16662
vt 1.02958 -0.17080
vt 0.98412 -0.16662
vt 0.98412 -0.17080
vt 0.98412 -0.17499
vt 1.02958 -0.17499
vt 1.02958 -0.17917
vt 0.98412 -0.17917
vt 0.98412 -0.18335
vt 1.02958 -0.18335
vt 1.02958 -0.18753
vt 0.98412 -0.18753
vt 0.98412 -0.19171
vt 1.02958 -0.19171
vt 1.02958 -0.19589
vt 0.98412 -0.19589
vt 0.98412 -0.20007
vt 1.02958 -0.20007
vt 0.93668 -0.16662
vt 0.93668 -0.17080
vt 0.88382 -0.16662
vt 0.88382 -0.17080
vt 0.88382 -0.17499
vt 0.93668 -0.17499
vt 0.93668 -0.17917
vt 0.88382 -0.17917
vt 0.88382 -0.18335
vt 0.93668 -0.18335
vt 0.93668 -0.18753
vt 0.88382 -0.18753
vt 0.88382 -0.19171
vt 0.93668 -0.19171
vt 0.93668 -0.19589
vt 0.88382 -0.19589
vt 0.88382 -0.20007
vt 0.93668 -0.20007
vt 0.82209 -0.16662
vt 0.82209 -0.17080
vt 0.75601 -0.16662
vt 0.75601 -0.17080
vt 0.75601 -0.17499
vt 0.82209 -0.17499
vt 0.82209 -0.17917
vt 0.75601 -0.17917
vt 0.75601 -0.18335
vt 0.82209 -0.18335
vt 0.82209 -0.18753
vt 0.75601 -0.18753
vt 0.75601 -0.19171
vt 0.82209 -0.19171
vt 0.82209 -0.19589
vt 0.75601 -0.19589
vt 0.75601 -0.20007
vt 0.82209 -0.20007
vt 0.69010 -0.16662
vt 0.69010 -0.17080
vt 0.62426 -0.16662
vt 0.62426 -0.17080
vt 0.62426 -0.17499
vt 0.69010 -0.17499
vt 0.69010 -0.17917
vt 0.62426 -0.17917
vt 0.62426 -0.18335
vt 0.69010 -0.18335
vt 0.69010 -0.18753
vt 0.62426 -0.18753
vt 0.62426 -0.19171
vt 0.69010 -0.19171
vt 0.69010 -0.19589
vt 0.62426 -0.19589
vt 0.62426 -0.20007
vt 0.69010 -0.20007
vt 0.55841 -0.16662
vt 0.55841 -0.17080
vt 0.49256 -0.16662
vt 0.49255 -0.17080
vt 0.49256 -0.17499
vt 0.55841 -0.17499
vt 0.55841 -0.17917
vt 0.49255 -0.17917
vt 0.49256 -0.18335
vt 0.55841 -0.18335
vt 0.55841 -0.18753
vt 0.49255 -0.18753
vt 0.49256 -0.19171
vt 0.55841 -0.19171
vt 0.55841 -0.19589
vt 0.49255 -0.19589
vt 0.49256 -0.20007
vt 0.55841 -0.20007
vt 0.42670 -0.16662
vt 0.42670 -0.17080
vt 0.36085 -0.16662
vt 0.36085 -0.17080
vt 0.36085 -0.17499
vt 0.42670 -0.17499
vt 0.42670 -0.17917
vt 0.36085 -0.17917
vt 0.36085 -0.18335
vt 0.42670 -0.18335
vt 0.42670 -0.18753
vt 0.36085 -0.18753
vt 0.36085 -0.19171
vt 0.42670 -0.19171
vt 0.42670 -0.19589
vt 0.36085 -0.19589
vt 0.36085 -0.20007
vt 0.42670 -0.20007
vt 0.29501 -0.16662
vt 0.29501 -0.17080
vt 0.22910 -0.16662
vt 0.22910 -0.17080
vt 0.22910 -0.17499
vt 0.29501 -0.17499
vt 0.29501 -0.17917
vt 0.22910 -0.17917
vt 0.22910 -0.18335
vt 0.29501 -0.18335
vt 0.29501 -0.18753
vt 0.22910 -0.18753
vt 0.22910 -0.19171
vt 0.29501 -0.19171
vt 0.29501 -0.19589
vt 0.22910 -0.19589
vt 0.22910 -0.20007
vt 0.29501 -0.20007
vt 0.16302 -0.16662
vt 0.16302 -0.17080
vt 0.10129 -0.16662
vt 0.10129 -0.17080
vt 0.10129 -0.17499
vt 0.16302 -0.17499
vt 0.16302 -0.17917
vt 0.10129 -0.17917
vt 0.10129 -0.18335
vt 0.16302 -0.18335
vt 0.16302 -0.18753
vt 0.10129 -0.18753
vt 0.10129 -0.19171
vt 0.16302 -0.19171
vt 0.16302 -0.19589
vt 0.10129 -0.19589
vt 0.10129 -0.20007
vt 0.16302 -0.20007
vt 0.04843 -0.16662
vt 0.04843 -0.17080
vt 0.00000 -0.16662
vt 0.00000 -0.17080
vt 0.00000 -0.17499
vt 0.04843 -0.17499
vt 0.04843 -0.17917
vt 0.00000 -0.17917
vt 0.00000 -0.18335
vt 0.04843 -0.18335
vt 0.04843 -0.18753
vt 0.00000 -0.18753
vt 0.00000 -0.19171
vt 0.04843 -0.19171
vt 0.04843 -0.19589
vt 0.00000 -0.19589
vt 0.00000 -0.20007
vt 0.04843 -0.20007
f 2917/2917 2918/2918 2919/2919
f 2919/2919 2920/2920 2917/2917
f 2918/2918 2921/2921 2922/2922
f 2922/2922 2919/2919 2918/2918
f 2919/2919 2922/2922 2923/2923
f 2923/2923 2924/2924 2919/2919
f 2920/2920 2919/2919 2924/2924
f 2924/2924 2925/2925 2920/2920
f 2925/2925 2924/2924 2926/2926
f 2926/2926 2927/2927 2925/2925
f 2924/2924 2923/2923 2928/2928
f 2928/2928 2926/2926 2924/2924
f 2926/2926 2928/2928 2929/2929
f 2929/2929 2930/2930 2926/2926
f 2927/2927 2926/2926 2930/2930
f 2930/2930 2931/2931 2927/2927
f 2931/2931 2930/2930 2932/2932
f 2932/2932 2933/2933 2931/2931
f 2930/2930 2929/2929 2934/2934
f 2934/2934 2932/2932 2930/2930
f 2932/2932 2934/2934 2935/2935
f 2935/2935 2936/2936 2932/2932
f 2933/2933 2932/2932 2936/2936
f 2936/2936 2937/2937 2933/2933
f 2937/2937 2936/2936 2938/2938
f 2938/2938 2939/2939 2937/2937
f 2936/2936 2935/2935 2940/2940
f 2940/2940 2938/2938 2936/2936
f 2938/2938 2940/2940 2941/2941
f 2941/2941 2942/2942 2938/2938
f 2939/2939 2938/2938 2942/2942
f 2942/2942 2943/2943 2939/2939
f 2921/2921 2944/2944 2945/2945
f 2945/2945 2922/2922 2921/2921
f 2944/2944 2946/2946 2947/2947
f 2947/2947 2945/2945 2944/2944
f 2945/2945 2947/2947 2948/2948
f 2948/2948 2949/2949 2945/2945
f 2922/2922 2945/2945 2949/2949
f 2949/2949 2923/2923 2922/2922
f 2923/2923 2949/2949 2950/2950
f 2950/2950 2928/2928 2923/2923
f 2949/2949 2948/2948 2951/2951
f 2951/2951 2950/2950 2949/2949
f 2950/2950 2951/2951 2952/2952
f 2952/2952 2953/2953 2950/2950
f 2928/2928 2950/2950 2953/2953
f 2953/2953 2929/2929 2928/2928
f 2929/2929 2953/2953 2954/2954
f 2954/2954 2934/2934 2929/2929
f 2953/2953 2952/2952 2955/2955
f 2955/2955 2954/2954 2953/2953
f 2954/2954 2955/2955 2956/2956
f 2956/2956 2957/2957 2954/2954
f 2934/2934 2954/2954 2957/2957
f 2957/2957 2935/2935 2934/2934
f 2935/2935 2957/2957 2958/2958
f 2958/2958 2940/2940 2935/2935
f 2957/2957 2956/2956 2959/2959
f 2959/2959 2958/2958 2957/2957
f 2958/2958 2959/2959 2960/2960
f 2960/2960 2961/2961 2958/2958
f 2940/2940 2958/2958 2961/2961
f 2961/2961 2941/2941 2940/2940
f 2946/2946 2962/2962 2963/2963
f 2963/2963 2947/2947 2946/2946
f 2962/2962 2964/2964 2965/2965
f 2965/2965 2963/2963 2962/2962
f 2963/2963 2965/2965 2966/2966
f 2966/2966 2967/2967 2963/2963
f 2947/2947 2963/2963 2967/2967
f 2967/2967 2948/2948 2947/2947
f 2948/2948 2967/2967 2968/2968
f 2968/2968 2951/2951 2948/2948
f 2967/2967 2966/2966 2969/2969
f 2969/2969 2968/2968 2967/2967
f 2968/2968 2969/2969 2970/2970
f 2970/2970 2971/2971 2968/2968
f 2951/2951 2968/2968 2971/2971
f 2971/2971 2952/2952 2951/2951
f 2952/2952 2971/2971 2972/2972
f 2972/2972 2955/2955 2952/2952
f 2971/2971 2970/2970 2973/2973
f 2973/2973 2972/2972 2971/2971
f 2972/2972 2973/2973 2974/2974
f 2974/2974 2975/2975 2972/2972
f 2955/2955 2972/2972 2975/2975
f 2975/2975 2956/2956 2955/2955
f 2956/2956 2975/2975 2976/2976
f 2976/2976 2959/2959 2956/2956
f 2975/2975 2974/2974 2977/2977
f 2977/2977 2976/2976 2975/2975
f 2976/2976 2977/2977 2978/2978
f 2978/2978 2979/2979 2976/2976
f 2959/2959 2976/2976 2979/2979
f 2979/2979 2960/2960 2959/2959
f 2964/2964 2980/2980 2981/2981
f 2981/2981 2965/2965 2964/2964
f 2980/2980 2982/2982 2983/2983
f 2983/2983 2981/2981 2980/2980
f 2981/2981 2983/2983 2984/2984
f 2984/2984 2985/2985 2981/2981
f 2965/2965 2981/2981 2985/2985
f 2985/2985 2966/2966 2965/2965
f 2966/2966 2985/2985 2986/2986
f 2986/2986 2969/2969 2966/2966
f 2985/2985 2984/2984 2987/2987
f 2987/2987 2986/2986 2985/2985
f 2986/2986 2987/2987 2988/2988
f 2988/2988 2989/2989 2986/2986
f 2969/2969 2986/2986 2989/2989
f 2989/2989 2970/2970 2969/2969
f 2970/2970 2989/2989 2990/2990
f 2990/2990 2973/2973 2970/2970
f 2989/2989 2988/2988 2991/2991
f 2991/2991 2990/2990 2989/2989
f 2990/2990 2991/2991 2992/2992
f 2992/2992 2993/2993 2990/2990
f 2973/2973 2990/2990 2993/2993
f 2993/2993 2974/2974 2973/2973
f 2974/2974 2993/2993 2994/2994
f 2994/2994 2977/2977 2974/2974
f 2993/2993 2992/2992 2995/2995
f 2995/2995 2994/2994 2993/2993
f 2994/2994 2995/2995 2996/2996
f 2996/2996 2997/2997 2994/2994
f 2977/2977 2994/2994 2997/2997
f 2997/2997 2978/2978 2977/2977
f 2982/2982 2998/2998 2999/2999
f 2999/2999 2983/2983 2982/2982
f 2998/2998 3000/3000 3001/3001
f 3001/3001 2999/2999 2998/2998
f 2999/2999 3001/3001 3002/3002
f 3002/3002 3003/3003 2999/2999
f 2983/2983 2999/2999 3003/3003
f 3003/3003 2984/2984 2983/2983
f 2984/2984 3003/3003 3004/3004
f 3004/3004 2987/2987 2984/2984
f 3003/3003 3002/3002 3005/3005
f 3005/3005 3004/3004 3003/3003
f 3004/3004 3005/3005 3006/3006
f 3006/3006 3007/3007 3004/3004
f 2987/2987 3004/3004 3007/3007
f 3007/3007 2988/2988 2987/2987
f 2988/2988 3007/3007 3008/3008
f 3008/3008 2991/2991 2988/2988
f 3007/3007 3006/3006 3009/3009
f 3009/3009 3008/3008 3007/3007
f 3008/3008 3009/3009 3010/3010
f 3010/3010 3011/3011 3008/3008
f 2991/2991 3008/3008 3011/3011
f 3011/3011 2992/2992 2991/2991
f 2992/2992 3011/3011 3012/3012
f 3012/3012 2995/2995 2992/2992
f 3011/3011 3010/3010 3013/3013
f 3013/3013 3012/3012 3011/3011
f 3012/3012 3013/3013 3014/3014
f 3014/3014 3015/3015 3012/3012
f 2995/2995 3012/3012 3015/3015
f 3015/3015 2996/2996 2995/2995
f 3000/3000 3016/3016 3017/3017
f 3017/3017 3001/3001 3000/3000
f 3016/3016 3018/3018 3019/3019
f 3019/3019 3017/3017 3016/3016
f 3017/3017 3019/3019 3020/3020
f 3020/3020 3021/3021 3017/3017
f 3001/3001 3017/3017 3021/3021
f 3021/3021 3002/3002 3001/3001
f 3002/3002 3021/3021 3022/3022
f 3022/3022 3005/3005 3002/3002
f 3021/3021 3020/3020 3023/3023
f 3023/3023 3022/3022 3021/3021
f 3022/3022 3023/3023 3024/3024
f 3024/3024 3025/3025 3022/3022
f 3005/3005 3022/3022 3025/3025
f 3025/3025 3006/3006 3005/3005
f 3006/3006 3025/3025 3026/3026
f 3026/3026 3009/3009 3006/3006
f 3025/3025 3024/3024 3027/3027
f 3027/3027 3026/3026 3025/3025
f 3026/3026 3027/3027 3028/3028
f 3028/3028 3029/3029 3026/3026
f 3009/3009 3026/3026 3029/3029
f 3029/3029 3010/3010 3009/3009
f 3010/3010 3029/3029 3030/3030
f 3030/3030 3013/3013 3010/3010
f 3029/3029 3028/3028 3031/3031
f 3031/3031 3030/3030 3029/3029
f 3030/3030 3031/3031 3032/3032
f 3032/3032 3033/3033 3030/3030
f 3013/3013 3030/3030 3033/3033
f 3033/3033 3014/3014 3013/3013
f 3018/3018 3034/3034 3035/3035
f 3035/3035 3019/3019 3018/3018
f 3034/3034 3036/3036 3037/3037
f 3037/3037 3035/3035 3034/3034
f 3035/3035 3037/3037 3038/3038
f 3038/3038 3039/3039 3035/3035
f 3019/3019 3035/3035 3039/3039
f 3039/3039 3020/3020 3019/3019
f 3020/3020 3039/3039 3040/3040
f 3040/3040 3023/3023 3020/3020
f 3039/3039 3038/3038 3041/3041
f 3041/3041 3040/3040 3039/3039
f 3040/3040 3041/3041 3042/3042
f 3042/3042 3043/3043 3040/3040
f 3023/3023 3040/3040 3043/3043
f 3043/3043 3024/3024 3023/3023
f 3024/3024 3043/3043 3044/3044
f 3044/3044 3027/3027 3024/3024
f 3043/3043 3042/3042 3045/3045
f 3045/3045 3044/3044 3043/3043
f 3044/3044 3045/3045 3046/3046
f 3046/3046 3047/3047 3044/3044
f 3027/3027 3044/3044 3047/3047
f 3047/3047 3028/3028 3027/3027
f 3028/3028 3047/3047 3048/3048
f 3048/3048 3031/3031 3028/3028
f 3047/3047 3046/3046 3049/3049
f 3049/3049 3048/3048 3047/3047
f 3048/3048 3049/3049 3050/3050
f 3050/3050 3051/3051 3048/3048
f 3031/3031 3048/3048 3051/3051
f 3051/3051 3032/3032 3031/3031
f 3036/3036 3052/3052 3053/3053
f 3053/3053 3037/3037 3036/3036
f 3052/3052 3054/3054 3055/3055
f 3055/3055 3053/3053 3052/3052
f 3053/3053 3055/3055 3056/3056
f 3056/3056 3057/3057 3053/3053
f 3037/3037 3053/3053 3057/3057
f 3057/3057 3038/3038 3037/3037
f 3038/3038 3057/3057 3058/3058
f 3058/3058 3041/3041 3038/3038
f 3057/3057 3056/3056 3059/3059
f 3059/3059 3058/3058 3057/3057
f 3058/3058 3059/3059 3060/3060
f 3060/3060 3061/3061 3058/3058
f 3041/3041 3058/3058 3061/3061
f 3061/3061 3042/3042 3041/3041
f 3042/3042 3061/3061 3062/3062
f 3062/3062 3045/3045 3042/3042
f 3061/3061 3060/3060 3063/3063
f 3063/3063 3062/3062 3061/3061
f 3062/3062 3063/3063 3064/3064
f 3064/3064 3065/3065 3062/3062
f 3045/3045 3062/3062 3065/3065
f 3065/3065 3046/3046 3045/3045
f 3046/3046 3065/3065 3066/3066
f 3066/3066 3049/3049 3046/3046
f 3065/3065 3064/3064 3067/3067
f 3067/3067 3066/3066 3065/3065
f 3066/3066 3067/3067 3068/3068
f 3068/3068 3069/3069 3066/3066
f 3049/3049 3066/3066 3069/3069
f 3069/3069 3050/3050 3049/3049
f 3054/3054 3070/3070 3071/3071
f 3071/3071 3055/3055 3054/3054
f 3070/3070 3072/3072 3073/3073
f 3073/3073 3071/3071 3070/3070
f 3071/3071 3073/3073 3074/3074
f 3074/3074 3075/3075 3071/3071
f 3055/3055 3071/3071 3075/3075
f 3075/3075 3056/3056 3055/3055
f 3056/3056 3075/3075 3076/3076
f 3076/3076 3059/3059 3056/3056
f 3075/3075 3074/3074 3077/3077
f 3077/3077 3076/3076 3075/3075
f 3076/3076 3077/3077 3078/3078
f 3078/3078 3079/3079 3076/3076
f 3059/3059 3076/3076 3079/3079
f 3079/3079 3060/3060 3059/3059
f 3060/3060 3079/3079 3080/3080
f 3080/3080 3063/3063 3060/3060
f 3079/3079 3078/3078 3081/3081
f 3081/3081 3080/3080 3079/3079
f 3080/3080 3081/3081 3082/3082
f 3082/3082 3083/3083 3080/3080
f 3063/3063 3080/3080 3083/3083
f 3083/3083 3064/3064 3063/3063
f 3064/3064 3083/3083 3084/3084
f 3084/3084 3067/3067 3064/3064
f 3083/3083 3082/3082 3085/3085
f 3085/3085 3084/3084 3083/3083
f 3084/3084 3085/3085 3086/3086
f 3086/3086 3087/3087 3084/3084
f 3067/3067 3084/3084 3087/3087
f 3087/3087 3068/3068 3067/3067
f 3072/3072 3088/3088 3089/3089
f 3089/3089 3073/3073 3072/3072
f 3088/3088 3090/3090 3091/3091
f 3091/3091 3089/3089 3088/3088
f 3089/3089 3091/3091 3092/3092
f 3092/3092 3093/3093 3089/3089
f 3073/3073 3089/3089 3093/3093
f 3093/3093 3074/3074 3073/3073
f 3074/3074 3093/3093 3094/3094
f 3094/3094 3077/3077 3074/3074
f 3093/3093 3092/3092 3095/3095
f 3095/3095 3094/3094 3093/3093
f 3094/3094 3095/3095 3096/3096
f 3096/3096 3097/3097 3094/3094
f 3077/3077 3094/3094 3097/3097
f 3097/3097 3078/3078 3077/3077
f 3078/3078 3097/3097 3098/3098
f 3098/3098 3081/3081 3078/3078
f 3097/3097 3096/3096 3099/3099
f 3099/3099 3098/3098 3097/3097
f 3098/3098 3099/3099 3100/3100
f 3100/3100 3101/3101 3098/3098
f 3081/3081 3098/3098 3101/3101
f 3101/3101 3082/3082 3081/3081
f 3082/3082 3101/3101 3102/3102
f 3102/3102 3085/3085 3082/3082
f 3101/3101 3100/3100 3103/3103
f 3103/3103 3102/3102 3101/3101
f 3102/3102 3103/3103 3104/3104
f 3104/3104 3105/3105 3102/3102
f 3085/3085 3102/3102 3105/3105
f 3105/3105 3086/3086 3085/3085
f 3090/3090 3106/3106 3107/3107
f 3107/3107 3091/3091 3090/3090
f 3106/3106 3108/3108 3109/3109
f 3109/3109 3107/3107 3106/3106
f 3107/3107 3109/3109 3110/3110
f 3110/3110 3111/3111 3107/3107
f 3091/3091 3107/3107 3111/3111
f 3111/3111 3092/3092 3091/3091
f 3092/3092 3111/3111 3112/3112
f 3112/3112 3095/3095 3092/3092
f 3111/3111 3110/3110 3113/3113
f 3113/3113 3112/3112 3111/3111
f 3112/3112 3113/3113 3114/3114
f 3114/3114 3115/3115 3112/3112
f 3095/3095 3112/3112 3115/3115
f 3115/3115 3096/3096 3095/3095
f 3096/3096 3115/3115 3116/3116
f 3116/3116 3099/3099 3096/3096
f 3115/3115 3114/3114 3117/3117
f 3117/3117 3116/3116 3115/3115
f 3116/3116 3117/3117 3118/3118
f 3118/3118 3119/3119 3116/3116
f 3099/3099 3116/3116 3119/3119
f 3119/3119 3100/3100 3099/3099
f 3100/3100 3119/3119 3120/3120
f 3120/3120 3103/3103 3100/3100
f 3119/3119 3118/3118 3121/3121
f 3121/3121 3120/3120 3119/3119
f 3120/3120 3121/3121 3122/3122
f 3122/3122 3123/3123 3120/3120
f 3103/3103 3120/3120 3123/3123
f 3123/3123 3104/3104 3103/3103
f 3108/3108 3124/3124 3125/3125
f 3125/3125 3109/3109 3108/3108
f 3124/3124 3126/3126 3127/3127
f 3127/3127 3125/3125 3124/3124
f 3125/3125 3127/3127 3128/3128
f 3128/3128 3129/3129 3125/3125
f 3109/3109 3125/3125 3129/3129
f 3129/3129 3110/3110 3109/3109
f 3110/3110 3129/3129 3130/3130
f 3130/3130 3113/3113 3110/3110
f 3129/3129 3128/3128 3131/3131
f 3131/3131 3130/3130 3129/3129
f 3130/3130 3131/3131 3132/3132
f 3132/3132 3133/3133 3130/3130
f 3113/3113 3130/3130 3133/3133
f 3133/3133 3114/3114 3113/3113
f 3114/3114 3133/3133 3134/3134
f 3134/3134 3117/3117 3114/3114
f 3133/3133 3132/3132 3135/3135
f 3135/3135 3134/3134 3133/3133
f 3134/3134 3135/3135 3136/3136
f 3136/3136 3137/3137 3134/3134
f 3117/3117 3134/3134 3137/3137
f 3137/3137 3118/3118 3117/3117
f 3118/3118 3137/3137 3138/3138
f 3138/3138 3121/3121 3118/3118
f 3137/3137 3136/3136 3139/3139
f 3139/3139 3138/3138 3137/3137
f 3138/3138 3139/3139 3140/3140
f 3140/3140 3141/3141 3138/3138
f 3121/3121 3138/3138 3141/3141
f 3141/3141 3122/3122 3121/3121
f 3126/3126 3142/3142 3143/3143
f 3143/3143 3127/3127 3126/3126
f 3142/3142 3144/3144 3145/3145
f 3145/3145 3143/3143 3142/3142
f 3143/3143 3145/3145 3146/3146
f 3146/3146 3147/3147 3143/3143
f 3127/3127 3143/3143 3147/3147
f 3147/3147 3128/3128 3127/3127
f 3128/3128 3147/3147 3148/3148
f 3148/3148 3131/3131 3128/3128
f 3147/3147 3146/3146 3149/3149
f 3149/3149 3148/3148 3147/3147
f 3148/3148 3149/3149 3150/3150
f 3150/3150 3151/3151 3148/3148
f 3131/3131 3148/3148 3151/3151
f 3151/3151 3132/3132 3131/3131
f 3132/3132 3151/3151 3152/3152
f 3152/3152 3135/3135 3132/3132
f 3151/3151 3150/3150 3153/3153
f 3153/3153 3152/3152 3151/3151
f 3152/3152 3153/3153 3154/3154
f 3154/3154 3155/3155 3152/3152
f 3135/3135 3152/3152 3155/3155
f 3155/3155 3136/3136 3135/3135
f 3136/3136 3155/3155 3156/3156
f 3156/3156 3139/3139 3136/3136
f 3155/3155 3154/3154 3157/3157
f 3157/3157 3156/3156 3155/3155
f 3156/3156 3157/3157 3158/3158
f 3158/3158 3159/3159 3156/3156
f 3139/3139 3156/3156 3159/3159
f 3159/3159 3140/3140 3139/3139
f 3144/3144 3160/3160 3161/3161
f 3161/3161 3145/3145 3144/3144
f 3160/3160 3162/3162 3163/3163
f 3163/3163 3161/3161 3160/3160
f 3161/3161 3163/3163 3164/3164
f 3164/3164 3165/3165 3161/3161
f 3145/3145 3161/3161 3165/3165
f 3165/3165 3146/3146 3145/3145
f 3146/3146 3165/3165 3166/3166
f 3166/3166 3149/3149 3146/3146
f 3165/3165 3164/3164 3167/3167
f 3167/3167 3166/3166 3165/3165
f 3166/3166 3167/3167 3168/3168
f 3168/3168 3169/3169 3166/3166
f 3149/3149 3166/3166 3169/3169
f 3169/3169 3150/3150 3149/3149
f 3150/3150 3169/3169 3170/3170
f 3170/3170 3153/3153 3150/3150
f 3169/3169 3168/3168 3171/3171
f 3171/3171 3170/3170 3169/3169
f 3170/3170 3171/3171 3172/3172
f 3172/3172 3173/3173 3170/3170
f 3153/3153 3170/3170 3173/3173
f 3173/3173 3154/3154 3153/3153
f 3154/3154 3173/3173 3174/3174
f 3174/3174 3157/3157 3154/3154
f 3173/3173 3172/3172 3175/3175
f 3175/3175 3174/3174 3173/3173
f 3174/3174 3175/3175 3176/3176
f 3176/3176 3177/3177 3174/3174
f 3157/3157 3174/3174 3177/3177
f 3177/3177 3158/3158 3157/3157
f 3162/3162 3178/3178 3179/3179
f 3179/3179 3163/3163 3162/3162
f 3178/3178 3180/3180 3181/3181
f 3181/3181 3179/3179 3178/3178
f 3179/3179 3181/3181 3182/3182
f 3182/3182 3183/3183 3179/3179
f 3163/3163 3179/3179 3183/3183
f 3183/3183 3164/3164 3163/3163
f 3164/3164 3183/3183 3184/3184
f 3184/3184 3167/3167 3164/3164
f 3183/3183 3182/3182 3185/3185
f 3185/3185 3184/3184 3183/3183
f 3184/3184 3185/3185 3186/3186
f 3186/3186 3187/3187 3184/3184
f 3167/3167 3184/3184 3187/3187
f 3187/3187 3168/3168 3167/3167
f 3168/3168 3187/3187 3188/3188
f 3188/3188 3171/3171 3168/3168
f 3187/3187 3186/3186 3189/3189
f 3189/3189 3188/3188 3187/3187
f 3188/3188 3189/3189 3190/3190
f 3190/3190 3191/3191 3188/3188
f 3171/3171 3188/3188 3191/3191
f 3191/3191 3172/3172 3171/3171
f 3172/3172 3191/3191 3192/3192
f 3192/3192 3175/3175 3172/3172
f 3191/3191 3190/3190 3193/3193
f 3193/3193 3192/3192 3191/3191
f 3192/3192 3193/3193 3194/3194
f 3194/3194 3195/3195 3192/3192
f 3175/3175 3192/3192 3195/3195
f 3195/3195 3176/3176 3175/3175
f 3180/3180 3196/3196 3197/3197
f 3197/3197 3181/3181 3180/3180
f 3196/3196 3198/3198 3199/3199
f 3199/3199 3197/3197 3196/3196
f 3197/3197 3199/3199 3200/3200
f 3200/3200 3201/3201 3197/3197
f 3181/3181 3197/3197 3201/3201
f 3201/3201 3182/3182 3181/3181
f 3182/3182 3201/3201 3202/3202
f 3202/3202 3185/3185 3182/3182
f 3201/3201 3200/3200 3203/3203
f 3203/3203 3202/3202 3201/3201
f 3202/3202 3203/3203 3204/3204
f 3204/3204 3205/3205 3202/3202
f 3185/3185 3202/3202 3205/3205
f 3205/3205 3186/3186 3185/3185
f 3186/3186 3205/3205 3206/3206
f 3206/3206 3189/3189 3186/3186
f 3205/3205 3204/3204 3207/3207
f 3207/3207 3206/3206 3205/3205
f 3206/3206 3207/3207 3208/3208
f 3208/3208 3209/3209 3206/3206
f 3189/3189 3206/3206 3209/3209
f 3209/3209 3190/3190 3189/3189
f 3190/3190 3209/3209 3210/3210
f 3210/3210 3193/3193 3190/3190
f 3209/3209 3208/3208 3211/3211
f 3211/3211 3210/3210 3209/3209
f 3210/3210 3211/3211 3212/3212
f 3212/3212 3213/3213 3210/3210
f 3193/3193 3210/3210 3213/3213
f 3213/3213 3194/3194 3193/3193
f 3198/3198 3214/3214 3215/3215
f 3215/3215 3199/3199 3198/3198
f 3214/3214 3216/3216 3217/3217
f 3217/3217 3215/3215 3214/3214
f 3215/3215 3217/3217 3218/3218
f 3218/3218 3219/3219 3215/3215
f 3199/3199 3215/3215 3219/3219
f 3219/3219 3200/3200 3199/3199
f 3200/3200 3219/3219 3220/3220
f 3220/3220 3203/3203 3200/3200
f 3219/3219 3218/3218 3221/3221
f 3221/3221 3220/3220 3219/3219
f 3220/3220 3221/3221 3222/3222
f 3222/3222 3223/3223 3220/3220
f 3203/3203 3220/3220 3223/3223
f 3223/3223 3204/3204 3203/3203
f 3204/3204 3223/3223 3224/3224
f 3224/3224 3207/3207 3204/3204
f 3223/3223 3222/3222 3225/3225
f 3225/3225 3224/3224 3223/3223
f 3224/3224 3225/3225 3226/3226
f 3226/3226 3227/3227 3224/3224
f 3207/3207 3224/3224 3227/3227
f 3227/3227 3208/3208 3207/3207
f 3208/3208 3227/3227 3228/3228
f 3228/3228 3211/3211 3208/3208
f 3227/3227 3226/3226 3229/3229
f 3229/3229 3228/3228 3227/3227
f 3228/3228 3229/3229 3230/3230
f 3230/3230 3231/3231 3228/3228
f 3211/3211 3228/3228 3231/3231
f 3231/3231 3212/3212 3211/3211
f 3216/3216 3232/3232 3233/3233
f 3233/3233 3217/3217 3216/3216
f 3232/3232 3234/3234 3235/3235
f 3235/3235 3233/3233 3232/3232
f 3233/3233 3235/3235 3236/3236
f 3236/3236 3237/3237 3233/3233
f 3217/3217 3233/3233 3237/3237
f 3237/3237 3218/3218 3217/3217
f 3218/3218 3237/3237 3238/3238
f 3238/3238 3221/3221 3218/3218
f 3237/3237 3236/3236 3239/3239
f 3239/3239 3238/3238 3237/3237
f 3238/3238 3239/3239 3240/3240
f 3240/3240 3241/3241 3238/3238
f 3221/3221 3238/3238 3241/3241
f 3241/3241 3222/3222 3221/3221
f 3222/3222 3241/3241 3242/3242
f 3242/3242 3225/3225 3222/3222
f 3241/3241 3240/3240 3243/3243
f 3243/3243 3242/3242 3241/3241
f 3242/3242 3243/3243 3244/3244
f 3244/3244 3245/3245 3242/3242
f 3225/3225 3242/3242 3245/3245
f 3245/3245 3226/3226 3225/3225
f 3226/3226 3245/3245 3246/3246
f 3246/3246 3229/3229 3226/3226
f 3245/3245 3244/3244 3247/3247
f 3247/3247 3246/3246 3245/3245
f 3246/3246 3247/3247 3248/3248
f 3248/3248 3249/3249 3246/3246
f 3229/3229 3246/3246 3249/3249
f 3249/3249 3230/3230 3229/3229
f 3234/3234 3250/3250 3251/3251
f 3251/3251 3235/3235 3234/3234
f 3250/3250 3252/3252 3253/3253
f 3253/3253 3251/3251 3250/3250
f 3251/3251 3253/3253 3254/3254
f 3254/3254 3255/3255 3251/3251
f 3235/3235 3251/3251 3255/3255
f 3255/3255 3236/3236 3235/3235
f 3236/3236 3255/3255 3256/3256
f 3256/3256 3239/3239 3236/3236
f 3255/3255 3254/3254 3257/3257
f 3257/3257 3256/3256 3255/3255
f 3256/3256 3257/3257 3258/3258
f 3258/3258 3259/3259 3256/3256
f 3239/3239 3256/3256 3259/3259
f 3259/3259 3240/3240 3239/3239
f 3240/3240 3259/3259 3260/3260
f 3260/3260 3243/3243 3240/3240
f 3259/3259 3258/3258 3261/3261
f 3261/3261 3260/3260 3259/3259
f 3260/3260 3261/3261 3262/3262
f 3262/3262 3263/3263 3260/3260
f 3243/3243 3260/3260 3263/3263
f 3263/3263 3244/3244 3243/3243
f 3244/3244 3263/3263 3264/3264
f 3264/3264 3247/3247 3244/3244
f 3263/3263 3262/3262 3265/3265
f 3265/3265 3264/3264 3263/3263
f 3264/3264 3265/3265 3266/3266
f 3266/3266 3267/3267 3264/3264
f 3247/3247 3264/3264 3267/3267
f 3267/3267 3248/3248 3247/3247
f 3252/3252 3268/3268 3269/3269
f 3269/3269 3253/3253 3252/3252
f 3268/3268 3270/3270 3271/3271
f 3271/3271 3269/3269 3268/3268
f 3269/3269 3271/3271 3272/3272
f 3272/3272 3273/3273 3269/3269
f 3253/3253 3269/3269 3273/3273
f 3273/3273 3254/3254 3253/3253
f 3254/3254 3273/3273 3274/3274
f 3274/3274 3257/3257 3254/3254
f 3273/3273 3272/3272 3275/3275
f 3275/3275 3274/3274 3273/3273
f 3274/3274 3275/3275 3276/3276
f 3276/3276 3277/3277 3274/3274
f 3257/3257 3274/3274 3277/3277
f 3277/3277 3258/3258 3257/3257
f 3258/3258 3277/3277 3278/3278
f 3278/3278 3261/3261 3258/3258
f 3277/3277 3276/3276 3279/3279
f 3279/3279 3278/3278 3277/3277
f 3278/3278 3279/3279 3280/3280
f 3280/3280 3281/3281 3278/3278
f 3261/3261 3278/3278 3281/3281
f 3281/3281 3262/3262 3261/3261
f 3262/3262 3281/3281 3282/3282
f 3282/3282 3265/3265 3262/3262
f 3281/3281 3280/3280 3283/3283
f 3283/3283 3282/3282 3281/3281
f 3282/3282 3283/3283 3284/3284
f 3284/3284 3285/3285 3282/3282
f 3265/3265 3282/3282 3285/3285
f 3285/3285 3266/3266 3265/3265
f 3270/3270 3286/3286 3287/3287
f 3287/3287 3271/3271 3270/3270
f 3286/3286 3288/3288 3289/3289
f 3289/3289 3287/3287 3286/3286
f 3287/3287 3289/3289 3290/3290
f 3290/3290 3291/3291 3287/3287
f 3271/3271 3287/3287 3291/3291
f 3291/3291 3272/3272 3271/3271
f 3272/3272 3291/3291 3292/3292
f 3292/3292 3275/3275 3272/3272
f 3291/3291 3290/3290 3293/3293
f 3293/3293 3292/3292 3291/3291
f 3292/3292 3293/3293 3294/3294
f 3294/3294 3295/3295 3292/3292
f 3275/3275 3292/3292 3295/3295
f 3295/3295 3276/3276 3275/3275
f 3276/3276 3295/3295 3296/3296
f 3296/3296 3279/3279 3276/3276
f 3295/3295 3294/3294 3297/3297
f 3297/3297 3296/3296 3295/3295
f 3296/3296 3297/3297 3298/3298
f 3298/3298 3299/3299 3296/3296
f 3279/3279 3296/3296 3299/3299
f 3299/3299 3280/3280 3279/3279
f 3280/3280 3299/3299 3300/3300
f 3300/3300 3283/3283 3280/3280
f 3299/3299 3298/3298 3301/3301
f 3301/3301 3300/3300 3299/3299
f 3300/3300 3301/3301 3302/3302
f 3302/3302 3303/3303 3300/3300
f 3283/3283 3300/3300 3303/3303
f 3303/3303 3284/3284 3283/3283
f 3288/3288 3304/3304 3305/3305
f 3305/3305 3289/3289 3288/3288
f 3304/3304 3306/3306 3307/3307
f 3307/3307 3305/3305 3304/3304
f 3305/3305 3307/3307 3308/3308
f 3308/3308 3309/3309 3305/3305
f 3289/3289 3305/3305 3309/3309
f 3309/3309 3290/3290 3289/3289
f 3290/3290 3309/3309 3310/3310
f 3310/3310 3293/3293 3290/3290
f 3309/3309 3308/3308 3311/3311
f 3311/3311 3310/3310 3309/3309
f 3310/3310 3311/3311 3312/3312
f 3312/3312 3313/3313 3310/3310
f 3293/3293 3310/3310 3313/3313
f 3313/3313 3294/3294 3293/3293
f 3294/3294 3313/3313 3314/3314
f 3314/3314 3297/3297 3294/3294
f 3313/3313 3312/3312 3315/3315
f 3315/3315 3314/3314 3313/3313
f 3314/3314 3315/3315 3316/3316
f 3316/3316 3317/3317 3314/3314
f 3297/3297 3314/3314 3317/3317
f 3317/3317 3298/3298 3297/3297
f 3298/3298 3317/3317 3318/3318
f 3318/3318 3301/3301 3298/3298
f 3317/3317 3316/3316 3319/3319
f 3319/3319 3318/3318 3317/3317
f 3318/3318 3319/3319 3320/3320
f 3320/3320 3321/3321 3318/3318
f 3301/3301 3318/3318 3321/3321
f 3321/3321 3302/3302 3301/3301
f 3306/3306 3322/3322 3323/3323
f 3323/3323 3307/3307 3306/3306
f 3322/3322 3324/3324 3325/3325
f 3325/3325 3323/3323 3322/3322
f 3323/3323 3325/3325 3326/3326
f 3326/3326 3327/3327 3323/3323
f 3307/3307 3323/3323 3327/3327
f 3327/3327 3308/3308 3307/3307
f 3308/3308 3327/3327 3328/3328
f 3328/3328 3311/3311 3308/3308
f 3327/3327 3326/3326 3329/3329
f 3329/3329 3328/3328 3327/3327
f 3328/3328 3329/3329 3330/3330
f 3330/3330 3331/3331 3328/3328
f 3311/3311 3328/3328 3331/3331
f 3331/3331 3312/3312 3311/3311
f 3312/3312 3331/3331 3332/3332
f 3332/3332 3315/3315 3312/3312
f 3331/3331 3330/3330 3333/3333
f 3333/3333 3332/3332 3331/3331
f 3332/3332 3333/3333 3334/3334
f 3334/3334 3335/3335 3332/3332
f 3315/3315 3332/3332 3335/3335
f 3335/3335 3316/3316 3315/3315
f 3316/3316 3335/3335 3336/3336
f 3336/3336 3319/3319 3316/3316
f 3335/3335 3334/3334 3337/3337
f 3337/3337 3336/3336 3335/3335
f 3336/3336 3337/3337 3338/3338
f 3338/3338 3339/3339 3336/3336
f 3319/3319 3336/3336 3339/3339
f 3339/3339 3320/3320 3319/3319
f 3324/3324 3340/3340 3341/3341
f 3341/3341 3325/3325 3324/3324
f 3340/3340 3342/3342 3343/3343
f 3343/3343 3341/3341 3340/3340
f 3341/3341 3343/3343 3344/3344
f 3344/3344 3345/3345 3341/3341
f 3325/3325 3341/3341 3345/3345
f 3345/3345 3326/3326 3325/3325
f 3326/3326 3345/3345 3346/3346
f 3346/3346 3329/3329 3326/3326
f 3345/3345 3344/3344 3347/3347
f 3347/3347 3346/3346 3345/3345
f 3346/3346 3347/3347 3348/3348
f 3348/3348 3349/3349 3346/3346
f 3329/3329 3346/3346 3349/3349
f 3349/3349 3330/3330 3329/3329
f 3330/3330 3349/3349 3350/3350
f 3350/3350 3333/3333 3330/3330
f 3349/3349 3348/3348 3351/3351
f 3351/3351 3350/3350 3349/3349
f 3350/3350 3351/3351 3352/3352
f 3352/3352 3353/3353 3350/3350
f 3333/3333 3350/3350 3353/3353
f 3353/3353 3334/3334 3333/3333
f 3334/3334 3353/3353 3354/3354
f 3354/3354 3337/3337 3334/3334
f 3353/3353 3352/3352 3355/3355
f 3355/3355 3354/3354 3353/3353
f 3354/3354 3355/3355 3356/3356
f 3356/3356 3357/3357 3354/3354
f 3337/3337 3354/3354 3357/3357
f 3357/3357 3338/3338 3337/3337
g oval_tufted_chair_seat_buttons
usemtl fabric
v -0.20917 0.36110 0.15760
v -0.20490 0.36144 0.15938
v -0.20445 0.36169 0.15346
v -0.21033 0.36145 0.15311
v -0.20056 0.36033 0.15822
v -0.19872 0.36041 0.15394
v -0.20001 0.35957 0.14954
v -0.20415 0.36042 0.14766
v -0.20860 0.36034 0.14892
v -0.21127 0.35662 0.15940
v -0.20557 0.35627 0.16177
v -0.20526 0.35933 0.16152
v -0.21095 0.35967 0.15915
v -0.19962 0.35559 0.16023
v -0.19932 0.35864 0.15999
v -0.19962 0.35559 0.16023
v -0.19732 0.35490 0.15451
v -0.19702 0.35795 0.15426
v -0.19932 0.35864 0.15999
v -0.19889 0.35456 0.14851
v -0.19859 0.35761 0.14826
v -0.19889 0.35456 0.14851
v -0.20457 0.35491 0.14614
v -0.20426 0.35796 0.14589
v -0.19859 0.35761 0.14826
v -0.21050 0.35560 0.14768
v -0.21018 0.35865 0.14743
v -0.21050 0.35560 0.14768
v -0.21283 0.35628 0.15340
v -0.21250 0.35933 0.15315
v -0.21018 0.35865 0.14743
v -0.21127 0.35662 0.15940
v -0.21095 0.35967 0.15915
v -0.19361 0.34027 -0.08042
v -0.18967 0.34062 -0.07866
v -0.18922 0.34087 -0.08459
v -0.19467 0.34062 -0.08491
v -0.18565 0.33951 -0.07985
v -0.18393 0.33958 -0.08414
v -0.18510 0.33875 -0.08853
v -0.18892 0.33959 -0.09039
v -0.19305 0.33951 -0.08911
v -0.19557 0.33580 -0.07862
v -0.19030 0.33545 -0.07628
v -0.19001 0.33850 -0.07652
v -0.19527 0.33885 -0.07887
v -0.18479 0.33476 -0.07784
v -0.18450 0.33781 -0.07809
v -0.18479 0.33476 -0.07784
v -0.18262 0.33407 -0.08357
v -0.18235 0.33712 -0.08382
v -0.18450 0.33781 -0.07809
v -0.18405 0.33373 -0.08956
v -0.18377 0.33678 -0.08981
v -0.18405 0.33373 -0.08956
v -0.18930 0.33408 -0.09190
v -0.18901 0.33713 -0.09215
v -0.18377 0.33678 -0.08981
v -0.19480 0.33477 -0.09034
v -0.19450 0.33782 -0.09059
v -0.19480 0.33477 -0.09034
v -0.19698 0.33546 -0.08461
v -0.19668 0.33851 -0.08486
v -0.19450 0.33782 -0.09059
v -0.19557 0.33580 -0.07862
v -0.19527 0.33885 -0.07887
v -0.29929 0.36228 0.03010
v -0.29524 0.36243 0.03201
v -0.29456 0.36268 0.02611
v -0.30021 0.36269 0.02557
v -0.29107 0.36113 0.03099
v -0.28914 0.36114 0.02677
v -0.29025 0.36037 0.02233
v -0.29411 0.36141 0.02032
v -0.29845 0.36152 0.02144
v -0.30158 0.35790 0.03180
v -0.29621 0.35729 0.03435
v -0.29576 0.36032 0.03413
v -0.30113 0.36093 0.03158
v -0.29046 0.35634 0.03301
v -0.29002 0.35938 0.03278
v -0.29046 0.35634 0.03301
v -0.28806 0.35557 0.02736
v -0.28762 0.35861 0.02714
v -0.29002 0.35938 0.03278
v -0.28936 0.35532 0.02131
v -0.28892 0.35835 0.02109
v -0.28936 0.35532 0.02131
v -0.29471 0.35593 0.01876
v -0.29426 0.35896 0.01854
v -0.28892 0.35835 0.02109
v -0.30044 0.35687 0.02011
v -0.29999 0.35991 0.01989
v -0.30044 0.35687 0.02011
v -0.30286 0.35764 0.02575
v -0.30240 0.36068 0.02553
v -0.29999 0.35991 0.01989
v -0.30158 0.35790 0.03180
v -0.30113 0.36093 0.03158
v -0.00404 0.35164 0.16526
v 0.00029 0.35237 0.16673
v 0.00029 0.35262 0.16079
v -0.00555 0.35186 0.16085
v 0.00462 0.35164 0.16526
v 0.00613 0.35186 0.16085
v 0.00461 0.35088 0.15656
v 0.00029 0.35134 0.15498
v -0.00403 0.35088 0.15656
v -0.00557 0.34701 0.16720
v 0.00029 0.34718 0.16915
v 0.00029 0.35024 0.16889
v -0.00557 0.35007 0.16693
v 0.00616 0.34701 0.16720
v 0.00615 0.35007 0.16693
v 0.00616 0.34701 0.16720
v 0.00810 0.34649 0.16132
v 0.00809 0.34956 0.16105
v 0.00615 0.35007 0.16693
v 0.00614 0.34598 0.15545
v 0.00613 0.34904 0.15518
v 0.00614 0.34598 0.15545
v 0.00029 0.34581 0.15349
v 0.00029 0.34887 0.15323
v 0.00613 0.34904 0.15518
v -0.00556 0.34598 0.15545
v -0.00555 0.34904 0.15518
v -0.00556 0.34598 0.15545
v -0.00752 0.34649 0.16132
v -0.00751 0.34956 0.16106
v -0.00555 0.34904 0.15518
v -0.00557 0.34701 0.16720
v -0.00557 0.35007 0.16693
v -0.00372 0.33000 -0.08213
v 0.00028 0.33073 -0.08066
v 0.00028 0.33098 -0.08660
v -0.00511 0.33021 -0.08654
v 0.00427 0.33000 -0.08213
v 0.00567 0.33021 -0.08654
v 0.00427 0.32924 -0.09083
v 0.00028 0.32970 -0.09241
v -0.00371 0.32923 -0.09083
v -0.00514 0.32536 -0.08019
v 0.00028 0.32553 -0.07824
v 0.00028 0.32860 -0.07851
v -0.00513 0.32843 -0.08046
v 0.00569 0.32536 -0.08020
v 0.00568 0.32843 -0.08046
v 0.00569 0.32536 -0.08020
v 0.00748 0.32485 -0.08607
v 0.00747 0.32791 -0.08634
v 0.00568 0.32843 -0.08046
v 0.00567 0.32434 -0.09194
v 0.00566 0.32740 -0.09221
v 0.00567 0.32434 -0.09194
v 0.00028 0.32416 -0.09390
v 0.00028 0.32723 -0.09417
v 0.00566 0.32740 -0.09221
v -0.00512 0.32434 -0.09194
v -0.00511 0.32740 -0.09221
v -0.00512 0.32434 -0.09194
v -0.00693 0.32485 -0.08607
v -0.00692 0.32791 -0.08634
v -0.00511 0.32740 -0.09221
v -0.00514 0.32536 -0.08019
v -0.00513 0.32843 -0.08046
v -0.10253 0.34301 0.03657
v -0.09839 0.34355 0.03819
v -0.09817 0.34380 0.03226
v -0.10381 0.34329 0.03212
v -0.09422 0.34263 0.03687
v -0.09261 0.34278 0.03253
v -0.09395 0.34187 0.02818
v -0.09802 0.34252 0.02645
v -0.10224 0.34225 0.02788
v -0.10428 0.33845 0.03845
v -0.09872 0.33836 0.04061
v -0.09857 0.34142 0.04035
v -0.10412 0.34151 0.03819
v -0.09303 0.33793 0.03886
v -0.09289 0.34099 0.03859
v -0.09303 0.33793 0.03886
v -0.09098 0.33733 0.03305
v -0.09084 0.34039 0.03279
v -0.09289 0.34099 0.03859
v -0.09268 0.33691 0.02712
v -0.09253 0.33997 0.02685
v -0.09268 0.33691 0.02712
v -0.09822 0.33699 0.02496
v -0.09807 0.34005 0.02469
v -0.09253 0.33997 0.02685
v -0.10389 0.33742 0.02671
v -0.10373 0.34048 0.02645
v -0.10389 0.33742 0.02671
v -0.10595 0.33802 0.03251
v -0.10579 0.34108 0.03225
v -0.10373 0.34048 0.02645
v -0.10428 0.33845 0.03845
v -0.10412 0.34151 0.03819
v 0.20185 0.36043 0.15814
v 0.20619 0.36154 0.15930
v 0.20573 0.36179 0.15338
v 0.20001 0.36051 0.15386
v 0.21045 0.36120 0.15752
v 0.21161 0.36155 0.15303
v 0.20989 0.36044 0.14884
v 0.20543 0.36051 0.14758
v 0.20130 0.35967 0.14946
v 0.20091 0.35568 0.16016
v 0.20686 0.35637 0.16169
v 0.20655 0.35942 0.16144
v 0.20061 0.35873 0.15991
v 0.21256 0.35672 0.15932
v 0.21224 0.35977 0.15907
v 0.21256 0.35672 0.15932
v 0.21411 0.35638 0.15331
v 0.21379 0.35943 0.15307
v 0.21224 0.35977 0.15907
v 0.21179 0.35570 0.14760
v 0.21146 0.35875 0.14735
v 0.21179 0.35570 0.14760
v 0.20585 0.35500 0.14606
v 0.20554 0.35805 0.14581
v 0.21146 0.35875 0.14735
v 0.20017 0.35465 0.14843
v 0.19987 0.35771 0.14819
v 0.20017 0.35465 0.14843
v 0.19860 0.35499 0.15444
v 0.19830 0.35805 0.15419
v 0.19987 0.35771 0.14819
v 0.20091 0.35568 0.16016
v 0.20061 0.35873 0.15991
v 0.18685 0.33960 -0.07992
v 0.19088 0.34071 -0.07874
v 0.19043 0.34096 -0.08466
v 0.18513 0.33968 -0.08421
v 0.19482 0.34037 -0.08050
v 0.19587 0.34072 -0.08499
v 0.19425 0.33961 -0.08918
v 0.19012 0.33969 -0.09046
v 0.18630 0.33884 -0.08860
v 0.18599 0.33485 -0.07791
v 0.19151 0.33555 -0.07635
v 0.19122 0.33860 -0.07660
v 0.18571 0.33790 -0.07816
v 0.19678 0.33590 -0.07870
v 0.19648 0.33895 -0.07894
v 0.19678 0.33590 -0.07870
v 0.19819 0.33556 -0.08469
v 0.19788 0.33861 -0.08493
v 0.19648 0.33895 -0.07894
v 0.19600 0.33487 -0.09042
v 0.19571 0.33792 -0.09066
v 0.19600 0.33487 -0.09042
v 0.19050 0.33418 -0.09198
v 0.19021 0.33723 -0.09223
v 0.19571 0.33792 -0.09066
v 0.18526 0.33383 -0.08963
v 0.18498 0.33688 -0.08988
v 0.18526 0.33383 -0.08963
v 0.18383 0.33416 -0.08364
v 0.18355 0.33722 -0.08389
v 0.18498 0.33688 -0.08988
v 0.18599 0.33485 -0.07791
v 0.18571 0.33790 -0.07816
v 0.09554 0.34268 0.03683
v 0.09972 0.34360 0.03815
v 0.09949 0.34385 0.03222
v 0.09393 0.34282 0.03249
v 0.10385 0.34307 0.03653
v 0.10513 0.34335 0.03208
v 0.10356 0.34231 0.02784
v 0.09934 0.34257 0.02641
v 0.09527 0.34192 0.02814
v 0.09436 0.33798 0.03882
v 0.10005 0.33842 0.04057
v 0.09989 0.34148 0.04031
v 0.09422 0.34104 0.03855
v 0.10561 0.33851 0.03841
v 0.10545 0.34157 0.03815
v 0.10561 0.33851 0.03841
v 0.10728 0.33808 0.03247
v 0.10712 0.34114 0.03221
v 0.10545 0.34157 0.03815
v 0.10521 0.33748 0.02667
v 0.10505 0.34054 0.02641
v 0.10521 0.33748 0.02667
v 0.09954 0.33705 0.02492
v 0.09939 0.34011 0.02465
v 0.10505 0.34054 0.02641
v 0.09400 0.33695 0.02708
v 0.09385 0.34002 0.02682
v 0.09400 0.33695 0.02708
v 0.09231 0.33738 0.03302
v 0.09217 0.34044 0.03275
v 0.09385 0.34002 0.02682
v 0.09436 0.33798 0.03882
v 0.09422 0.34104 0.03855
v 0.29135 0.36114 0.03098
v 0.29551 0.36244 0.03201
v 0.29484 0.36269 0.02610
v 0.28941 0.36115 0.02676
v 0.29956 0.36229 0.03009
v 0.30049 0.36270 0.02556
v 0.29872 0.36153 0.02143
v 0.29439 0.36142 0.02031
v 0.29052 0.36038 0.02232
v 0.29074 0.35635 0.03300
v 0.29649 0.35730 0.03434
v 0.29604 0.36033 0.03412
v 0.29030 0.35939 0.03277
v 0.30186 0.35791 0.03179
v 0.30140 0.36094 0.03157
v 0.30186 0.35791 0.03179
v 0.30314 0.35765 0.02575
v 0.30268 0.36069 0.02553
v 0.30140 0.36094 0.03157
v 0.30072 0.35688 0.02010
v 0.30026 0.35992 0.01988
v 0.30072 0.35688 0.02010
v 0.29499 0.35594 0.01876
v 0.29454 0.35897 0.01853
v 0.30026 0.35992 0.01988
v 0.28963 0.35533 0.02131
v 0.28919 0.35836 0.02108
v 0.28963 0.35533 0.02131
v 0.28833 0.35558 0.02735
v 0.28790 0.35862 0.02713
v 0.28919 0.35836 0.02108
v 0.29074 0.35635 0.03300
v 0.29030 0.35939 0.03277
vt 0.39932 1.69948
vt 0.40930 1.70113
vt 0.40930 1.70946
vt 0.40096 1.70946
vt 0.41928 1.69948
vt 0.41763 1.70946
vt 0.41928 1.71944
vt 0.40930 1.71780
vt 0.39932 1.71944
vt 0.39932 1.69266
vt 0.40930 1.69266
vt 0.40930 1.69607
vt 0.39932 1.69607
vt 0.41928 1.69266
vt 0.41928 1.69607
vt 0.42610 1.69948
vt 0.42610 1.70946
vt 0.42269 1.70946
vt 0.42269 1.69948
vt 0.42610 1.71944
vt 0.42269 1.71944
vt 0.41928 1.72627
vt 0.40930 1.72627
vt 0.40930 1.72285
vt 0.41928 1.72285
vt 0.39932 1.72627
vt 0.39932 1.72285
vt 0.39249 1.71944
vt 0.39249 1.70946
vt 0.39591 1.70946
vt 0.39591 1.71944
vt 0.39249 1.69948
vt 0.39591 1.69948
vt 0.39314 1.84580
vt 0.40312 1.84744
vt 0.40312 1.85578
vt 0.39478 1.85578
vt 0.41309 1.84580
vt 0.41145 1.85578
vt 0.41309 1.86576
vt 0.40312 1.86412
vt 0.39314 1.86576
vt 0.39314 1.83897
vt 0.40312 1.83897
vt 0.40312 1.84239
vt 0.39314 1.84239
vt 0.41309 1.83897
vt 0.41309 1.84239
vt 0.41992 1.84580
vt 0.41992 1.85578
vt 0.41651 1.85578
vt 0.41651 1.84580
vt 0.41992 1.86576
vt 0.41651 1.86576
vt 0.41309 1.87258
vt 0.40312 1.87258
vt 0.40312 1.86917
vt 0.41309 1.86917
vt 0.39314 1.87258
vt 0.39314 1.86917
vt 0.38631 1.86576
vt 0.38631 1.85578
vt 0.38972 1.85578
vt 0.38972 1.86576
vt 0.38631 1.84580
vt 0.38972 1.84580
vt 0.34780 1.78398
vt 0.35778 1.78562
vt 0.35778 1.79396
vt 0.34944 1.79396
vt 0.36776 1.78398
vt 0.36612 1.79396
vt 0.36776 1.80393
vt 0.35778 1.80229
vt 0.34780 1.80393
vt 0.34780 1.77715
vt 0.35778 1.77715
vt 0.35778 1.78056
vt 0.34780 1.78056
vt 0.36776 1.77715
vt 0.36776 1.78056
vt 0.37458 1.78398
vt 0.37458 1.79396
vt 0.37117 1.79396
vt 0.37117 1.78398
vt 0.37458 1.80393
vt 0.37117 1.80393
vt 0.36776 1.81076
vt 0.35778 1.81076
vt 0.35778 1.80735
vt 0.36776 1.80735
vt 0.34780 1.81076
vt 0.34780 1.80735
vt 0.34097 1.80393
vt 0.34097 1.79396
vt 0.34439 1.79396
vt 0.34439 1.80393
vt 0.34097 1.78398
vt 0.34439 1.78398
vt 0.47145 1.69948
vt 0.48143 1.70113
vt 0.48143 1.70946
vt 0.47309 1.70946
vt 0.49140 1.69948
vt 0.48976 1.70946
vt 0.49140 1.71944
vt 0.48143 1.71780
vt 0.47145 1.71944
vt 0.47145 1.69266
vt 0.48143 1.69266
vt 0.48143 1.69607
vt 0.47145 1.69607
vt 0.49140 1.69266
vt 0.49140 1.69607
vt 0.49823 1.69948
vt 0.49823 1.70946
vt 0.49482 1.70946
vt 0.49482 1.69948
vt 0.49823 1.71944
vt 0.49482 1.71944
vt 0.49140 1.72627
vt 0.48143 1.72627
vt 0.48143 1.72285
vt 0.49140 1.72285
vt 0.47145 1.72627
vt 0.47145 1.72285
vt 0.46462 1.71944
vt 0.46462 1.70946
vt 0.46803 1.70946
vt 0.46803 1.71944
vt 0.46462 1.69948
vt 0.46803 1.69948
vt 0.47145 1.86435
vt 0.48143 1.86599
vt 0.48143 1.87433
vt 0.47309 1.87433
vt 0.49140 1.86435
vt 0.48976 1.87433
vt 0.49140 1.88430
vt 0.48143 1.88266
vt 0.47145 1.88430
vt 0.47145 1.85752
vt 0.48143 1.85752
vt 0.48143 1.86093
vt 0.47145 1.86093
vt 0.49140 1.85752
vt 0.49140 1.86093
vt 0.49823 1.86435
vt 0.49823 1.87433
vt 0.49482 1.87433
vt 0.49482 1.86435
vt 0.49823 1.88430
vt 0.49482 1.88430
vt 0.49140 1.89113
vt 0.48143 1.89113
vt 0.48143 1.88772
vt 0.49140 1.88772
vt 0.47145 1.89113
vt 0.47145 1.88772
vt 0.46462 1.88430
vt 0.46462 1.87433
vt 0.46803 1.87433
vt 0.46803 1.88430
vt 0.46462 1.86435
vt 0.46803 1.86435
vt 0.43641 1.78398
vt 0.44639 1.78562
vt 0.44639 1.79396
vt 0.43806 1.79396
vt 0.45637 1.78398
vt 0.45473 1.79396
vt 0.45637 1.80393
vt 0.44639 1.80229
vt 0.43641 1.80393
vt 0.43641 1.77715
vt 0.44639 1.77715
vt 0.44639 1.78056
vt 0.43641 1.78056
vt 0.45637 1.77715
vt 0.45637 1.78056
vt 0.46320 1.78398
vt 0.46320 1.79396
vt 0.45978 1.79396
vt 0.45978 1.78398
vt 0.46320 1.80393
vt 0.45978 1.80393
vt 0.45637 1.81076
vt 0.44639 1.81076
vt 0.44639 1.80735
vt 0.45637 1.80735
vt 0.43641 1.81076
vt 0.43641 1.80735
vt 0.42959 1.80393
vt 0.42959 1.79396
vt 0.43300 1.79396
vt 0.43300 1.80393
vt 0.42959 1.78398
vt 0.43300 1.78398
vt 0.56624 1.70567
vt 0.57622 1.70731
vt 0.57622 1.71565
vt 0.56789 1.71565
vt 0.58620 1.70567
vt 0.58456 1.71565
vt 0.58620 1.72562
vt 0.57622 1.72398
vt 0.56624 1.72562
vt 0.56624 1.69884
vt 0.57622 1.69884
vt 0.57622 1.70225
vt 0.56624 1.70225
vt 0.58620 1.69884
vt 0.58620 1.70225
vt 0.59303 1.70567
vt 0.59303 1.71565
vt 0.58961 1.71565
vt 0.58961 1.70567
vt 0.59303 1.72562
vt 0.58961 1.72562
vt 0.58620 1.73245
vt 0.57622 1.73245
vt 0.57622 1.72904
vt 0.58620 1.72904
vt 0.56624 1.73245
vt 0.56624 1.72904
vt 0.55942 1.72562
vt 0.55942 1.71565
vt 0.56283 1.71565
vt 0.56283 1.72562
vt 0.55942 1.70567
vt 0.56283 1.70567
vt 0.56006 1.86435
vt 0.57004 1.86599
vt 0.57004 1.87433
vt 0.56170 1.87433
vt 0.58002 1.86435
vt 0.57838 1.87433
vt 0.58002 1.88430
vt 0.57004 1.88266
vt 0.56006 1.88430
vt 0.56006 1.85752
vt 0.57004 1.85752
vt 0.57004 1.86093
vt 0.56006 1.86093
vt 0.58002 1.85752
vt 0.58002 1.86093
vt 0.58685 1.86435
vt 0.58685 1.87433
vt 0.58343 1.87433
vt 0.58343 1.86435
vt 0.58685 1.88430
vt 0.58343 1.88430
vt 0.58002 1.89113
vt 0.57004 1.89113
vt 0.57004 1.88772
vt 0.58002 1.88772
vt 0.56006 1.89113
vt 0.56006 1.88772
vt 0.55323 1.88430
vt 0.55323 1.87433
vt 0.55665 1.87433
vt 0.55665 1.88430
vt 0.55323 1.86435
vt 0.55665 1.86435
vt 0.51472 1.78398
vt 0.52470 1.78562
vt 0.52470 1.79396
vt 0.51637 1.79396
vt 0.53468 1.78398
vt 0.53304 1.79396
vt 0.53468 1.80393
vt 0.52470 1.80229
vt 0.51472 1.80393
vt 0.51472 1.77715
vt 0.52470 1.77715
vt 0.52470 1.78056
vt 0.51472 1.78056
vt 0.53468 1.77715
vt 0.53468 1.78056
vt 0.54151 1.78398
vt 0.54151 1.79396
vt 0.53809 1.79396
vt 0.53809 1.78398
vt 0.54151 1.80393
vt 0.53809 1.80393
vt 0.53468 1.81076
vt 0.52470 1.81076
vt 0.52470 1.80735
vt 0.53468 1.80735
vt 0.51472 1.81076
vt 0.51472 1.80735
vt 0.50790 1.80393
vt 0.50790 1.79396
vt 0.51131 1.79396
vt 0.51131 1.80393
vt 0.50790 1.78398
vt 0.51131 1.78398
vt 0.59922 1.78398
vt 0.60919 1.78562
vt 0.60919 1.79396
vt 0.60086 1.79396
vt 0.61917 1.78398
vt 0.61753 1.79396
vt 0.61917 1.80393
vt 0.60919 1.80229
vt 0.59922 1.80393
vt 0.59922 1.77715
vt 0.60919 1.77715
vt 0.60919 1.78056
vt 0.59922 1.78056
vt 0.61917 1.77715
vt 0.61917 1.78056
vt 0.62600 1.78398
vt 0.62600 1.79396
vt 0.62259 1.79396
vt 0.62259 1.78398
vt 0.62600 1.80393
vt 0.62259 1.80393
vt 0.61917 1.81076
vt 0.60919 1.81076
vt 0.60919 1.80735
vt 0.61917 1.80735
vt 0.59922 1.81076
vt 0.59922 1.80735
vt 0.59239 1.80393
vt 0.59239 1.79396
vt 0.59580 1.79396
vt 0.59580 1.80393
vt 0.59239 1.78398
vt 0.59580 1.78398
f 3358/3358 3359/3359 3360/3360
f 3360/3360 3361/3361 3358/3358
f 3359/3359 3362/3362 3363/3363
f 3363/3363 3360/3360 3359/3359
f 3360/3360 3363/3363 3364/3364
f 3364/3364 3365/3365 3360/3360
f 3361/3361 3360/3360 3365/3365
f 3365/3365 3366/3366 3361/3361
f 3367/3367 3368/3368 3369/3369
f 3369/3369 3370/3370 3367/3367
f 3368/3368 3371/3371 3372/3372
f 3372/3372 3369/3369 3368/3368
f 3369/3369 3372/3372 3362/3362
f 3362/3362 3359/3359 3369/3369
f 3370/3370 3369/3369 3359/3359
f 3359/3359 3358/3358 3370/3370
f 3373/3373 3374/3374 3375/3375
f 3375/3375 3376/3376 3373/3373
f 3374/3374 3377/3377 3378/3378
f 3378/3378 3375/3375 3374/3374
f 3375/3375 3378/3378 3364/3364
f 3364/3364 3363/3363 3375/3375
f 3376/3376 3375/3375 3363/3363
f 3363/3363 3362/3362 3376/3376
f 3379/3379 3380/3380 3381/3381
f 3381/3381 3382/3382 3379/3379
f 3380/3380 3383/3383 3384/3384
f 3384/3384 3381/3381 3380/3380
f 3381/3381 3384/3384 3366/3366
f 3366/3366 3365/3365 3381/3381
f 3382/3382 3381/3381 3365/3365
f 3365/3365 3364/3364 3382/3382
f 3385/3385 3386/3386 3387/3387
f 3387/3387 3388/3388 3385/3385
f 3386/3386 3389/3389 3390/3390
f 3390/3390 3387/3387 3386/3386
f 3387/3387 3390/3390 3358/3358
f 3358/3358 3361/3361 3387/3387
f 3388/3388 3387/3387 3361/3361
f 3361/3361 3366/3366 3388/3388
f 3391/3391 3392/3392 3393/3393
f 3393/3393 3394/3394 3391/3391
f 3392/3392 3395/3395 3396/3396
f 3396/3396 3393/3393 3392/3392
f 3393/3393 3396/3396 3397/3397
f 3397/3397 3398/3398 3393/3393
f 3394/3394 3393/3393 3398/3398
f 3398/3398 3399/3399 3394/3394
f 3400/3400 3401/3401 3402/3402
f 3402/3402 3403/3403 3400/3400
f 3401/3401 3404/3404 3405/3405
f 3405/3405 3402/3402 3401/3401
f 3402/3402 3405/3405 3395/3395
f 3395/3395 3392/3392 3402/3402
f 3403/3403 3402/3402 3392/3392
f 3392/3392 3391/3391 3403/3403
f 3406/3406 3407/3407 3408/3408
f 3408/3408 3409/3409 3406/3406
f 3407/3407 3410/3410 3411/3411
f 3411/3411 3408/3408 3407/3407
f 3408/3408 3411/3411 3397/3397
f 3397/3397 3396/3396 3408/3408
f 3409/3409 3408/3408 3396/3396
f 3396/3396 3395/3395 3409/3409
f 3412/3412 3413/3413 3414/3414
f 3414/3414 3415/3415 3412/3412
f 3413/3413 3416/3416 3417/3417
f 3417/3417 3414/3414 3413/3413
f 3414/3414 3417/3417 3399/3399
f 3399/3399 3398/3398 3414/3414
f 3415/3415 3414/3414 3398/3398
f 3398/3398 3397/3397 3415/3415
f 3418/3418 3419/3419 3420/3420
f 3420/3420 3421/3421 3418/3418
f 3419/3419 3422/3422 3423/3423
f 3423/3423 3420/3420 3419/3419
f 3420/3420 3423/3423 3391/3391
f 3391/3391 3394/3394 3420/3420
f 3421/3421 3420/3420 3394/3394
f 3394/3394 3399/3399 3421/3421
f 3424/3424 3425/3425 3426/3426
f 3426/3426 3427/3427 3424/3424
f 3425/3425 3428/3428 3429/3429
f 3429/3429 3426/3426 3425/3425
f 3426/3426 3429/3429 3430/3430
f 3430/3430 3431/3431 3426/3426
f 3427/3427 3426/3426 3431/3431
f 3431/3431 3432/3432 3427/3427
f 3433/3433 3434/3434 3435/3435
f 3435/3435 3436/3436 3433/3433
f 3434/3434 3437/3437 3438/3438
f 3438/3438 3435/3435 3434/3434
f 3435/3435 3438/3438 3428/3428
f 3428/3428 3425/3425 3435/3435
f 3436/3436 3435/3435 3425/3425
f 3425/3425 3424/3424 3436/3436
f 3439/3439 3440/3440 3441/3441
f 3441/3441 3442/3442 3439/3439
f 3440/3440 3443/3443 3444/3444
f 3444/3444 3441/3441 3440/3440
f 3441/3441 3444/3444 3430/3430
f 3430/3430 3429/3429 3441/3441
f 3442/3442 3441/3441 3429/3429
f 3429/3429 3428/3428 3442/3442
f 3445/3445 3446/3446 3447/3447
f 3447/3447 3448/3448 3445/3445
f 3446/3446 3449/3449 3450/3450
f 3450/3450 3447/3447 3446/3446
f 3447/3447 3450/3450 3432/3432
f 3432/3432 3431/3431 3447/3447
f 3448/3448 3447/3447 3431/3431
f 3431/3431 3430/3430 3448/3448
f 3451/3451 3452/3452 3453/3453
f 3453/3453 3454/3454 3451/3451
f 3452/3452 3455/3455 3456/3456
f 3456/3456 3453/3453 3452/3452
f 3453/3453 3456/3456 3424/3424
f 3424/3424 3427/3427 3453/3453
f 3454/3454 3453/3453 3427/3427
f 3427/3427 3432/3432 3454/3454
f 3457/3457 3458/3458 3459/3459
f 3459/3459 3460/3460 3457/3457
f 3458/3458 3461/3461 3462/3462
f 3462/3462 3459/3459 3458/3458
f 3459/3459 3462/3462 3463/3463
f 3463/3463 3464/3464 3459/3459
f 3460/3460 3459/3459 3464/3464
f 3464/3464 3465/3465 3460/3460
f 3466/3466 3467/3467 3468/3468
f 3468/3468 3469/3469 3466/3466
f 3467/3467 3470/3470 3471/3471
f 3471/3471 3468/3468 3467/3467
f 3468/3468 3471/3471 3461/3461
f 3461/3461 3458/3458 3468/3468
f 3469/3469 3468/3468 3458/3458
f 3458/3458 3457/3457 3469/3469
f 3472/3472 3473/3473 3474/3474
f 3474/3474 3475/3475 3472/3472
f 3473/3473 3476/3476 3477/3477
f 3477/3477 3474/3474 3473/3473
f 3474/3474 3477/3477 3463/3463
f 3463/3463 3462/3462 3474/3474
f 3475/3475 3474/3474 3462/3462
f 3462/3462 3461/3461 3475/3475
f 3478/3478 3479/3479 3480/3480
f 3480/3480 3481/3481 3478/3478
f 3479/3479 3482/3482 3483/3483
f 3483/3483 3480/3480 3479/3479
f 3480/3480 3483/3483 3465/3465
f 3465/3465 3464/3464 3480/3480
f 3481/3481 3480/3480 3464/3464
f 3464/3464 3463/3463 3481/3481
f 3484/3484 3485/3485 3486/3486
f 3486/3486 3487/3487 3484/3484
f 3485/3485 3488/3488 3489/3489
f 3489/3489 3486/3486 3485/3485
f 3486/3486 3489/3489 3457/3457
f 3457/3457 3460/3460 3486/3486
f 3487/3487 3486/3486 3460/3460
f 3460/3460 3465/3465 3487/3487
f 3490/3490 3491/3491 3492/3492
f 3492/3492 3493/3493 3490/3490
f 3491/3491 3494/3494 3495/3495
f 3495/3495 3492/3492 3491/3491
f 3492/3492 3495/3495 3496/3496
f 3496/3496 3497/3497 3492/3492
f 3493/3493 3492/3492 3497/3497
f 3497/3497 3498/3498 3493/3493
f 3499/3499 3500/3500 3501/3501
f 3501/3501 3502/3502 3499/3499
f 3500/3500 3503/3503 3504/3504
f 3504/3504 3501/3501 3500/3500
f 3501/3501 3504/3504 3494/3494
f 3494/3494 3491/3491 3501/3501
f 3502/3502 3501/3501 3491/3491
f 3491/3491 3490/3490 3502/3502
f 3505/3505 3506/3506 3507/3507
f 3507/3507 3508/3508 3505/3505
f 3506/3506 3509/3509 3510/3510
f 3510/3510 3507/3507 3506/3506
f 3507/3507 3510/3510 3496/3496
f 3496/3496 3495/3495 3507/3507
f 3508/3508 3507/3507 3495/3495
f 3495/3495 3494/3494 3508/3508
f 3511/3511 3512/3512 3513/3513
f 3513/3513 3514/3514 3511/3511
f 3512/3512 3515/3515 3516/3516
f 3516/3516 3513/3513 3512/3512
f 3513/3513 3516/3516 3498/3498
f 3498/3498 3497/3497 3513/3513
f 3514/3514 3513/3513 3497/3497
f 3497/3497 3496/3496 3514/3514
f 3517/3517 3518/3518 3519/3519
f 3519/3519 3520/3520 3517/3517
f 3518/3518 3521/3521 3522/3522
f 3522/3522 3519/3519 3518/3518
f 3519/3519 3522/3522 3490/3490
f 3490/3490 3493/3493 3519/3519
f 3520/3520 3519/3519 3493/3493
f 3493/3493 3498/3498 3520/3520
f 3523/3523 3524/3524 3525/3525
f 3525/3525 3526/3526 3523/3523
f 3524/3524 3527/3527 3528/3528
f 3528/3528 3525/3525 3524/3524
f 3525/3525 3528/3528 3529/3529
f 3529/3529 3530/3530 3525/3525
f 3526/3526 3525/3525 3530/3530
f 3530/3530 3531/3531 3526/3526
f 3532/3532 3533/3533 3534/3534
f 3534/3534 3535/3535 3532/3532
f 3533/3533 3536/3536 3537/3537
f 3537/3537 3534/3534 3533/3533
f 3534/3534 3537/3537 3527/3527
f 3527/3527 3524/3524 3534/3534
f 3535/3535 3534/3534 3524/3524
f 3524/3524 3523/3523 3535/3535
f 3538/3538 3539/3539 3540/3540
f 3540/3540 3541/3541 3538/3538
f 3539/3539 3542/3542 3543/3543
f 3543/3543 3540/3540 3539/3539
f 3540/3540 3543/3543 3529/3529
f 3529/3529 3528/3528 3540/3540
f 3541/3541 3540/3540 3528/3528
f 3528/3528 3527/3527 3541/3541
f 3544/3544 3545/3545 3546/3546
f 3546/3546 3547/3547 3544/3544
f 3545/3545 3548/3548 3549/3549
f 3549/3549 3546/3546 3545/3545
f 3546/3546 3549/3549 3531/3531
f 3531/3531 3530/3530 3546/3546
f 3547/3547 3546/3546 3530/3530
f 3530/3530 3529/3529 3547/3547
f 3550/3550 3551/3551 3552/3552
f 3552/3552 3553/3553 3550/3550
f 3551/3551 3554/3554 3555/3555
f 3555/3555 3552/3552 3551/3551
f 3552/3552 3555/3555 3523/3523
f 3523/3523 3526/3526 3552/3552
f 3553/3553 3552/3552 3526/3526
f 3526/3526 3531/3531 3553/3553
f 3556/3556 3557/3557 3558/3558
f 3558/3558 3559/3559 3556/3556
f 3557/3557 3560/3560 3561/3561
f 3561/3561 3558/3558 3557/3557
f 3558/3558 3561/3561 3562/3562
f 3562/3562 3563/3563 3558/3558
f 3559/3559 3558/3558 3563/3563
f 3563/3563 3564/3564 3559/3559
f 3565/3565 3566/3566 3567/3567
f 3567/3567 3568/3568 3565/3565
f 3566/3566 3569/3569 3570/3570
f 3570/3570 3567/3567 3566/3566
f 3567/3567 3570/3570 3560/3560
f 3560/3560 3557/3557 3567/3567
f 3568/3568 3567/3567 3557/3557
f 3557/3557 3556/3556 3568/3568
f 3571/3571 3572/3572 3573/3573
f 3573/3573 3574/3574 3571/3571
f 3572/3572 3575/3575 3576/3576
f 3576/3576 3573/3573 3572/3572
f 3573/3573 3576/3576 3562/3562
f 3562/3562 3561/3561 3573/3573
f 3574/3574 3573/3573 3561/3561
f 3561/3561 3560/3560 3574/3574
f 3577/3577 3578/3578 3579/3579
f 3579/3579 3580/3580 3577/3577
f 3578/3578 3581/3581 3582/3582
f 3582/3582 3579/3579 3578/3578
f 3579/3579 3582/3582 3564/3564
f 3564/3564 3563/3563 3579/3579
f 3580/3580 3579/3579 3563/3563
f 3563/3563 3562/3562 3580/3580
f 3583/3583 3584/3584 3585/3585
f 3585/3585 3586/3586 3583/3583
f 3584/3584 3587/3587 3588/3588
f 3588/3588 3585/3585 3584/3584
f 3585/3585 3588/3588 3556/3556
f 3556/3556 3559/3559 3585/3585
f 3586/3586 3585/3585 3559/3559
f 3559/3559 3564/3564 3586/3586
f 3589/3589 3590/3590 3591/3591
f 3591/3591 3592/3592 3589/3589
f 3590/3590 3593/3593 3594/3594
f 3594/3594 3591/3591 3590/3590
f 3591/3591 3594/3594 3595/3595
f 3595/3595 3596/3596 3591/3591
f 3592/3592 3591/3591 3596/3596
f 3596/3596 3597/3597 3592/3592
f 3598/3598 3599/3599 3600/3600
f 3600/3600 3601/3601 3598/3598
f 3599/3599 3602/3602 3603/3603
f 3603/3603 3600/3600 3599/3599
f 3600/3600 3603/3603 3593/3593
f 3593/3593 3590/3590 3600/3600
f 3601/3601 3600/3600 3590/3590
f 3590/3590 3589/3589 3601/3601
f 3604/3604 3605/3605 3606/3606
f 3606/3606 3607/3607 3604/3604
f 3605/3605 3608/3608 3609/3609
f 3609/3609 3606/3606 3605/3605
f 3606/3606 3609/3609 3595/3595
f 3595/3595 3594/3594 3606/3606
f 3607/3607 3606/3606 3594/3594
f 3594/3594 3593/3593 3607/3607
f 3610/3610 3611/3611 3612/3612
f 3612/3612 3613/3613 3610/3610
f 3611/3611 3614/3614 3615/3615
f 3615/3615 3612/3612 3611/3611
f 3612/3612 3615/3615 3597/3597
f 3597/3597 3596/3596 3612/3612
f 3613/3613 3612/3612 3596/3596
f 3596/3596 3595/3595 3613/3613
f 3616/3616 3617/3617 3618/3618
f 3618/3618 3619/3619 3616/3616
f 3617/3617 3620/3620 3621/3621
f 3621/3621 3618/3618 3617/3617
f 3618/3618 3621/3621 3589/3589
f 3589/3589 3592/3592 3618/3618
f 3619/3619 3618/3618 3592/3592
f 3592/3592 3597/3597 3619/3619
f 3622/3622 3623/3623 3624/3624
f 3624/3624 3625/3625 3622/3622
f 3623/3623 3626/3626 3627/3627
f 3627/3627 3624/3624 3623/3623
f 3624/3624 3627/3627 3628/3628
f 3628/3628 3629/3629 3624/3624
f 3625/3625 3624/3624 3629/3629
f 3629/3629 3630/3630 3625/3625
f 3631/3631 3632/3632 3633/3633
f 3633/3633 3634/3634 3631/3631
f 3632/3632 3635/3635 3636/3636
f 3636/3636 3633/3633 3632/3632
f 3633/3633 3636/3636 3626/3626
f 3626/3626 3623/3623 3633/3633
f 3634/3634 3633/3633 3623/3623
f 3623/3623 3622/3622 3634/3634
f 3637/3637 3638/3638 3639/3639
f 3639/3639 3640/3640 3637/3637
f 3638/3638 3641/3641 3642/3642
f 3642/3642 3639/3639 3638/3638
f 3639/3639 3642/3642 3628/3628
f 3628/3628 3627/3627 3639/3639
f 3640/3640 3639/3639 3627/3627
f 3627/3627 3626/3626 3640/3640
f 3643/3643 3644/3644 3645/3645
f 3645/3645 3646/3646 3643/3643
f 3644/3644 3647/3647 3648/3648
f 3648/3648 3645/3645 3644/3644
f 3645/3645 3648/3648 3630/3630
f 3630/3630 3629/3629 3645/3645
f 3646/3646 3645/3645 3629/3629
f 3629/3629 3628/3628 3646/3646
f 3649/3649 3650/3650 3651/3651
f 3651/3651 3652/3652 3649/3649
f 3650/3650 3653/3653 3654/3654
f 3654/3654 3651/3651 3650/3650
f 3651/3651 3654/3654 3622/3622
f 3622/3622 3625/3625 3651/3651
f 3652/3652 3651/3651 3625/3625
f 3625/3625 3630/3630 3652/3652
f 3655/3655 3656/3656 3657/3657
f 3657/3657 3658/3658 3655/3655
f 3656/3656 3659/3659 3660/3660
f 3660/3660 3657/3657 3656/3656
f 3657/3657 3660/3660 3661/3661
f 3661/3661 3662/3662 3657/3657
f 3658/3658 3657/3657 3662/3662
f 3662/3662 3663/3663 3658/3658
f 3664/3664 3665/3665 3666/3666
f 3666/3666 3667/3667 3664/3664
f 3665/3665 3668/3668 3669/3669
f 3669/3669 3666/3666 3665/3665
f 3666/3666 3669/3669 3659/3659
f 3659/3659 3656/3656 3666/3666
f 3667/3667 3666/3666 3656/3656
f 3656/3656 3655/3655 3667/3667
f 3670/3670 3671/3671 3672/3672
f 3672/3672 3673/3673 3670/3670
f 3671/3671 3674/3674 3675/3675
f 3675/3675 3672/3672 3671/3671
f 3672/3672 3675/3675 3661/3661
f 3661/3661 3660/3660 3672/3672
f 3673/3673 3672/3672 3660/3660
f 3660/3660 3659/3659 3673/3673
f 3676/3676 3677/3677 3678/3678
f 3678/3678 3679/3679 3676/3676
f 3677/3677 3680/3680 3681/3681
f 3681/3681 3678/3678 3677/3677
f 3678/3678 3681/3681 3663/3663
f 3663/3663 3662/3662 3678/3678
f 3679/3679 3678/3678 3662/3662
f 3662/3662 3661/3661 3679/3679
f 3682/3682 3683/3683 3684/3684
f 3684/3684 3685/3685 3682/3682
f 3683/3683 3686/3686 3687/3687
f 3687/3687 3684/3684 3683/3683
f 3684/3684 3687/3687 3655/3655
f 3655/3655 3658/3658 3684/3684
f 3685/3685 3684/3684 3658/3658
f 3658/3658 3663/3663 3685/3685
g oval_tufted_chair_seat_label
usemtl label
v 0.00016 0.23891 0.01556
v 0.00016 0.24307 0.05573
v -0.06783 0.24400 0.05562
v -0.06783 0.24002 0.01544
v 0.00016 0.24803 0.09684
v -0.06783 0.24865 0.09680
v -0.13578 0.24989 0.09673
v -0.13578 0.24586 0.05539
v -0.13578 0.24224 0.01519
v 0.13628 0.24224 0.01519
v 0.13628 0.24586 0.05539
v 0.06821 0.24400 0.05562
v 0.06821 0.24002 0.01544
v 0.13628 0.24989 0.09673
v 0.06821 0.24865 0.09680
v -0.13578 0.23944 -0.02273
v -0.06783 0.23736 -0.02273
v -0.13578 0.23706 -0.05950
v -0.06783 0.23536 -0.05988
v 0.00016 0.23451 -0.06007
v 0.00016 0.23631 -0.02273
v 0.06821 0.23736 -0.02273
v 0.06821 0.23536 -0.05988
v 0.13628 0.23706 -0.05950
v 0.13628 0.23944 -0.02273
vt 0.49791 1.48994
vt 0.49791 1.73454
vt 0.25245 1.72955
vt 0.25245 1.48744
vt 0.49692 1.99018
vt 0.25245 1.97422
vt 0.00798 1.95827
vt 0.00798 1.71958
vt 0.00798 1.48089
vt 0.99383 1.48089
vt 0.99383 1.71958
vt 0.74537 1.72955
vt 0.74537 1.48744
vt 0.99383 1.95827
vt 0.74537 1.97422
vt 0.00798 1.24847
vt 0.25245 1.25047
vt 0.00798 1.01605
vt 0.25245 1.01605
vt 0.49692 1.01605
vt 0.49791 1.25146
vt 0.74537 1.25047
vt 0.74537 1.01605
vt 0.99383 1.01605
vt 0.99383 1.24847
f 3688/3688 3689/3689 3690/3690
f 3690/3690 3691/3691 3688/3688
f 3689/3689 3692/3692 3693/3693
f 3693/3693 3690/3690 3689/3689
f 3690/3690 3693/3693 3694/3694
f 3694/3694 3695/3695 3690/3690
f 3691/3691 3690/3690 3695/3695
f 3695/3695 3696/3696 3691/3691
f 3697/3697 3698/3698 3699/3699
f 3699/3699 3700/3700 3697/3697
f 3698/3698 3701/3701 3702/3702
f 3702/3702 3699/3699 3698/3698
f 3699/3699 3702/3702 3692/3692
f 3692/3692 3689/3689 3699/3699
f 3700/3700 3699/3699 3689/3689
f 3689/3689 3688/3688 3700/3700
f 3696/3696 3703/3703 3704/3704
f 3704/3704 3691/3691 3696/3696
f 3703/3703 3705/3705 3706/3706
f 3706/3706 3704/3704 3703/3703
f 3704/3704 3706/3706 3707/3707
f 3707/3707 3708/3708 3704/3704
f 3691/3691 3704/3704 3708/3708
f 3708/3708 3688/3688 3691/3691
f 3688/3688 3708/3708 3709/3709
f 3709/3709 3700/3700 3688/3688
f 3708/3708 3707/3707 3710/3710
f 3710/3710 3709/3709 3708/3708
f 3709/3709 3710/3710 3711/3711
f 3711/3711 3712/3712 3709/3709
f 3700/3700 3709/3709 3712/3712
f 3712/3712 3697/3697 3700/3700
g oval_tufted_chair_back_panel
usemtl wood
v -0.25630 0.62742 -0.26287
v -0.25428 0.59591 -0.25414
v -0.29319 0.59800 -0.24644
v -0.29561 0.62957 -0.25499
v -0.25141 0.55060 -0.24165
v -0.28991 0.55628 -0.23463
v -0.31593 0.55794 -0.22839
v -0.31958 0.59978 -0.24014
v -0.31477 0.62283 -0.24798
v -0.20694 0.59390 -0.26137
v -0.20565 0.55848 -0.25097
v -0.20850 0.62530 -0.27032
v -0.14981 0.62353 -0.27661
v -0.14874 0.59220 -0.26754
v -0.15401 0.54716 -0.25405
v -0.07730 0.59104 -0.27205
v -0.07660 0.54955 -0.25958
v -0.07785 0.62243 -0.28102
v 0.00076 0.62205 -0.28275
v 0.00076 0.59059 -0.27388
v 0.00076 0.54905 -0.26154
v -0.30227 0.49242 -0.21115
v -0.31127 0.51613 -0.21655
v -0.28577 0.51454 -0.22285
v -0.28260 0.48316 -0.21356
v -0.25758 0.51031 -0.22840
v -0.25501 0.48085 -0.21964
v -0.19494 0.51829 -0.23309
v -0.19041 0.51422 -0.23194
v -0.20487 0.50423 -0.22592
v -0.20476 0.51782 -0.23085
v -0.18636 0.50689 -0.23095
v -0.18891 0.49597 -0.22668
v -0.18983 0.47864 -0.22087
v -0.20521 0.48153 -0.21851
v -0.22082 0.48013 -0.21614
v -0.22126 0.49772 -0.22205
v -0.22362 0.50912 -0.22589
v -0.21919 0.51605 -0.22814
v -0.21470 0.51954 -0.23049
v 0.00076 0.50754 -0.24893
v -0.07578 0.50807 -0.24687
v 0.00076 0.47633 -0.23897
v -0.07518 0.47687 -0.23684
v -0.13646 0.47711 -0.23295
v -0.13724 0.50635 -0.24256
v -0.32939 0.60090 -0.23711
v -0.32298 0.63196 -0.24796
v -0.32559 0.55877 -0.22531
v -0.32708 0.55917 -0.22381
v -0.33091 0.60168 -0.23572
v -0.32443 0.63302 -0.24665
v -0.29721 0.64085 -0.25703
v -0.25755 0.63867 -0.26500
v -0.29839 0.64199 -0.25580
v -0.25842 0.63979 -0.26382
v -0.20947 0.63651 -0.27253
v -0.15051 0.63472 -0.27886
v -0.21014 0.63763 -0.27137
v -0.15101 0.63584 -0.27771
v -0.07821 0.63364 -0.28324
v 0.00076 0.63328 -0.28494
v -0.07847 0.63476 -0.28208
v 0.00076 0.63440 -0.28378
v -0.28222 0.47249 -0.20924
v -0.30841 0.48459 -0.20635
v -0.25456 0.47085 -0.21543
v -0.25518 0.47058 -0.21349
v -0.28324 0.47218 -0.20740
v -0.30973 0.48434 -0.20463
v -0.32074 0.51668 -0.21338
v -0.32218 0.51670 -0.21178
v -0.20523 0.47369 -0.21479
v -0.22049 0.47409 -0.21289
v -0.19016 0.47250 -0.21771
v -0.19018 0.47196 -0.21588
v -0.20510 0.47328 -0.21291
v -0.22021 0.47383 -0.21096
v -0.07513 0.46622 -0.23241
v -0.13644 0.46710 -0.22864
v 0.00076 0.46567 -0.23458
v 0.00076 0.46529 -0.23297
v -0.07537 0.46585 -0.23079
v -0.13680 0.46671 -0.22697
v -0.20549 0.53523 -0.24440
v -0.22561 0.53321 -0.24094
v -0.18550 0.53142 -0.24619
v -0.19026 0.52052 -0.24220
v -0.20575 0.52256 -0.24054
v -0.22127 0.52224 -0.23816
v -0.16851 0.49905 -0.23790
v -0.17121 0.51734 -0.24365
v -0.16843 0.47567 -0.22985
v -0.18137 0.47417 -0.22746
v -0.18059 0.49169 -0.23391
v -0.18093 0.50951 -0.23992
v -0.16859 0.46756 -0.22601
v -0.16886 0.46708 -0.22428
v -0.18183 0.46739 -0.22232
v -0.18171 0.46796 -0.22411
v -0.23785 0.47015 -0.21829
v -0.23800 0.46991 -0.21634
v -0.23831 0.47819 -0.22204
v -0.22983 0.47628 -0.22210
v -0.22936 0.47019 -0.21884
v -0.22915 0.46997 -0.21689
v -0.24003 0.50184 -0.22936
v -0.23904 0.52025 -0.23509
v -0.23065 0.51220 -0.23366
v -0.23082 0.49410 -0.22799
v -0.22127 0.52224 -0.23816
v -0.20575 0.52256 -0.24054
v -0.20568 0.51890 -0.23831
v -0.21832 0.51880 -0.23638
v -0.19026 0.52052 -0.24220
v -0.19305 0.51721 -0.23966
v -0.19277 0.51824 -0.23794
v -0.20539 0.51992 -0.23658
v -0.21804 0.51983 -0.23465
v -0.18447 0.48981 -0.23163
v -0.18428 0.50617 -0.23728
v -0.18554 0.47424 -0.22571
v -0.18530 0.47526 -0.22425
v -0.18421 0.49083 -0.23007
v -0.18401 0.50719 -0.23562
v -0.18595 0.46865 -0.22253
v -0.18602 0.46806 -0.22072
v -0.18578 0.46909 -0.21928
v -0.18571 0.46968 -0.22110
v -0.22640 0.47077 -0.21807
v -0.22607 0.47055 -0.21613
v -0.22686 0.47621 -0.22117
v -0.22661 0.47723 -0.21944
v -0.22615 0.47179 -0.21634
v -0.22583 0.47158 -0.21440
v -0.22760 0.49209 -0.22658
v -0.22736 0.50875 -0.23189
v -0.22709 0.50978 -0.23017
v -0.22734 0.49312 -0.22485
v -0.20501 0.52131 -0.23425
v -0.21766 0.52121 -0.23232
v -0.19238 0.51962 -0.23562
v -0.18386 0.49220 -0.22824
v -0.18364 0.50855 -0.23348
v -0.18496 0.47664 -0.22271
v -0.18983 0.47864 -0.22087
v -0.18891 0.49597 -0.22668
v -0.18636 0.50689 -0.23095
v -0.18538 0.47106 -0.21965
v -0.18545 0.47047 -0.21784
v -0.19018 0.47196 -0.21588
v -0.19016 0.47250 -0.21771
v -0.22582 0.47318 -0.21401
v -0.22550 0.47296 -0.21207
v -0.22628 0.47862 -0.21711
v -0.22082 0.48013 -0.21614
v -0.22049 0.47409 -0.21289
v -0.22021 0.47383 -0.21096
v -0.22698 0.49450 -0.22252
v -0.22672 0.51117 -0.22783
v -0.22362 0.50912 -0.22589
v -0.22126 0.49772 -0.22205
v 0.25782 0.62742 -0.26287
v 0.29714 0.62957 -0.25499
v 0.29472 0.59800 -0.24644
v 0.25581 0.59591 -0.25414
v 0.31629 0.62283 -0.24798
v 0.32111 0.59978 -0.24014
v 0.31746 0.55794 -0.22839
v 0.29144 0.55628 -0.23463
v 0.25294 0.55060 -0.24165
v 0.20718 0.55848 -0.25097
v 0.20846 0.59390 -0.26137
v 0.15553 0.54716 -0.25405
v 0.15027 0.59220 -0.26754
v 0.15134 0.62353 -0.27661
v 0.21003 0.62530 -0.27032
v 0.07813 0.54955 -0.25958
v 0.07883 0.59104 -0.27205
v 0.07937 0.62243 -0.28102
v 0.28730 0.51454 -0.22285
v 0.25911 0.51031 -0.22840
v 0.31280 0.51613 -0.21655
v 0.30379 0.49242 -0.21115
v 0.28413 0.48316 -0.21356
v 0.25654 0.48085 -0.21964
v 0.22235 0.48013 -0.21614
v 0.20673 0.48153 -0.21851
v 0.20640 0.50423 -0.22592
v 0.22279 0.49772 -0.22205
v 0.19136 0.47864 -0.22087
v 0.19044 0.49597 -0.22668
v 0.18789 0.50689 -0.23095
v 0.19194 0.51422 -0.23194
v 0.19647 0.51829 -0.23309
v 0.20629 0.51782 -0.23085
v 0.21623 0.51954 -0.23049
v 0.22072 0.51605 -0.22814
v 0.22515 0.50912 -0.22589
v 0.13799 0.47711 -0.23295
v 0.07670 0.47687 -0.23684
v 0.07731 0.50807 -0.24687
v 0.13876 0.50635 -0.24256
v 0.32451 0.63196 -0.24796
v 0.33092 0.60090 -0.23711
v 0.32596 0.63302 -0.24665
v 0.33244 0.60168 -0.23572
v 0.32861 0.55917 -0.22381
v 0.32712 0.55877 -0.22531
v 0.25908 0.63867 -0.26500
v 0.29874 0.64085 -0.25703
v 0.25995 0.63979 -0.26382
v 0.29992 0.64199 -0.25580
v 0.15203 0.63472 -0.27886
v 0.21099 0.63651 -0.27253
v 0.15254 0.63584 -0.27771
v 0.21167 0.63763 -0.27137
v 0.07973 0.63364 -0.28324
v 0.08000 0.63476 -0.28208
v 0.30994 0.48459 -0.20635
v 0.28375 0.47249 -0.20924
v 0.31126 0.48434 -0.20463
v 0.28477 0.47218 -0.20740
v 0.25671 0.47058 -0.21349
v 0.25609 0.47085 -0.21543
v 0.32226 0.51668 -0.21338
v 0.32371 0.51670 -0.21178
v 0.22202 0.47409 -0.21289
v 0.20676 0.47369 -0.21479
v 0.22174 0.47383 -0.21096
v 0.20663 0.47328 -0.21291
v 0.19170 0.47196 -0.21588
v 0.19168 0.47250 -0.21771
v 0.13797 0.46710 -0.22864
v 0.07666 0.46622 -0.23241
v 0.13833 0.46671 -0.22697
v 0.07689 0.46585 -0.23079
v 0.22714 0.53321 -0.24094
v 0.20702 0.53523 -0.24440
v 0.22280 0.52224 -0.23816
v 0.20728 0.52256 -0.24054
v 0.19179 0.52052 -0.24220
v 0.18703 0.53142 -0.24619
v 0.17274 0.51734 -0.24365
v 0.17003 0.49905 -0.23790
v 0.18246 0.50951 -0.23992
v 0.18211 0.49169 -0.23391
v 0.18290 0.47417 -0.22746
v 0.16996 0.47567 -0.22985
v 0.17012 0.46756 -0.22601
v 0.18324 0.46796 -0.22411
v 0.18336 0.46739 -0.22232
v 0.17039 0.46708 -0.22428
v 0.23953 0.46991 -0.21634
v 0.23937 0.47015 -0.21829
v 0.23068 0.46997 -0.21689
v 0.23089 0.47019 -0.21884
v 0.23135 0.47628 -0.22210
v 0.23984 0.47819 -0.22204
v 0.24156 0.50184 -0.22936
v 0.23234 0.49410 -0.22799
v 0.23218 0.51220 -0.23366
v 0.24057 0.52025 -0.23509
v 0.22280 0.52224 -0.23816
v 0.21985 0.51880 -0.23638
v 0.20720 0.51890 -0.23831
v 0.20728 0.52256 -0.24054
v 0.21957 0.51983 -0.23465
v 0.20692 0.51992 -0.23658
v 0.19429 0.51824 -0.23794
v 0.19458 0.51721 -0.23966
v 0.19179 0.52052 -0.24220
v 0.18581 0.50617 -0.23728
v 0.18600 0.48981 -0.23163
v 0.18553 0.50719 -0.23562
v 0.18574 0.49083 -0.23007
v 0.18682 0.47526 -0.22425
v 0.18707 0.47424 -0.22571
v 0.18748 0.46865 -0.22253
v 0.18723 0.46968 -0.22110
v 0.18731 0.46909 -0.21928
v 0.18755 0.46806 -0.22072
v 0.22760 0.47055 -0.21613
v 0.22792 0.47077 -0.21807
v 0.22735 0.47158 -0.21440
v 0.22768 0.47179 -0.21634
v 0.22814 0.47723 -0.21944
v 0.22839 0.47621 -0.22117
v 0.22913 0.49209 -0.22658
v 0.22886 0.49312 -0.22485
v 0.22862 0.50978 -0.23017
v 0.22889 0.50875 -0.23189
v 0.21918 0.52121 -0.23232
v 0.20654 0.52131 -0.23425
v 0.19391 0.51962 -0.23562
v 0.18516 0.50855 -0.23348
v 0.18539 0.49220 -0.22824
v 0.18789 0.50689 -0.23095
v 0.19044 0.49597 -0.22668
v 0.19136 0.47864 -0.22087
v 0.18649 0.47664 -0.22271
v 0.18691 0.47106 -0.21965
v 0.19168 0.47250 -0.21771
v 0.19170 0.47196 -0.21588
v 0.18698 0.47047 -0.21784
v 0.22702 0.47296 -0.21207
v 0.22735 0.47318 -0.21401
v 0.22174 0.47383 -0.21096
v 0.22202 0.47409 -0.21289
v 0.22235 0.48013 -0.21614
v 0.22781 0.47862 -0.21711
v 0.22851 0.49450 -0.22252
v 0.22279 0.49772 -0.22205
v 0.22515 0.50912 -0.22589
v 0.22825 0.51117 -0.22783
v -0.17587 0.52573 -0.24597
v -0.18276 0.51807 -0.24232
v -0.22877 0.52062 -0.23636
v -0.23545 0.52853 -0.23820
v -0.19026 0.52052 -0.24220
v -0.18276 0.51807 -0.24232
v -0.18653 0.51414 -0.23964
v -0.19305 0.51721 -0.23966
v -0.18625 0.51516 -0.23793
v -0.19277 0.51824 -0.23794
v -0.21804 0.51983 -0.23465
v -0.22463 0.51757 -0.23297
v -0.22491 0.51654 -0.23470
v -0.21832 0.51880 -0.23638
v -0.22877 0.52062 -0.23636
v -0.22127 0.52224 -0.23816
v -0.19277 0.51824 -0.23794
v -0.18625 0.51516 -0.23793
v -0.18587 0.51653 -0.23566
v -0.19238 0.51962 -0.23562
v -0.19041 0.51422 -0.23194
v -0.19494 0.51829 -0.23309
v -0.21470 0.51954 -0.23049
v -0.21919 0.51605 -0.22814
v -0.22425 0.51895 -0.23064
v -0.21766 0.52121 -0.23232
v -0.22463 0.51757 -0.23297
v -0.21804 0.51983 -0.23465
v 0.23698 0.52853 -0.23820
v 0.23030 0.52062 -0.23636
v 0.18429 0.51807 -0.24232
v 0.17740 0.52573 -0.24597
v 0.22280 0.52224 -0.23816
v 0.23030 0.52062 -0.23636
v 0.22644 0.51654 -0.23470
v 0.21985 0.51880 -0.23638
v 0.22616 0.51757 -0.23297
v 0.21957 0.51983 -0.23465
v 0.19429 0.51824 -0.23794
v 0.18778 0.51516 -0.23793
v 0.18806 0.51414 -0.23964
v 0.19458 0.51721 -0.23966
v 0.18429 0.51807 -0.24232
v 0.19179 0.52052 -0.24220
v 0.21957 0.51983 -0.23465
v 0.22616 0.51757 -0.23297
v 0.22578 0.51895 -0.23064
v 0.21918 0.52121 -0.23232
v 0.22072 0.51605 -0.22814
v 0.21623 0.51954 -0.23049
v 0.19647 0.51829 -0.23309
v 0.19194 0.51422 -0.23194
v 0.18740 0.51653 -0.23566
v 0.19391 0.51962 -0.23562
v 0.18778 0.51516 -0.23793
v 0.19429 0.51824 -0.23794
vt 1.63725 1.86639
vt 1.68388 1.86363
vt 1.68376 1.92000
vt 1.63721 1.92335
vt 1.75043 1.85982
vt 1.74524 1.91581
vt 1.74512 1.95396
vt 1.68350 1.95865
vt 1.64896 1.95148
vt 1.68403 1.79561
vt 1.73618 1.79399
vt 1.63742 1.79771
vt 1.63752 1.71390
vt 1.68410 1.71250
vt 1.75066 1.72012
vt 1.68400 1.61087
vt 1.74545 1.60997
vt 1.63738 1.61157
vt 1.63727 1.49996
vt 1.68392 1.49998
vt 1.74540 1.50001
vt 1.84147 1.93560
vt 1.80677 1.94805
vt 1.80677 1.91067
vt 1.85346 1.90696
vt 1.81061 1.86972
vt 1.85469 1.86684
vt 1.80811 1.77251
vt 1.81354 1.76756
vt 1.83601 1.79547
vt 1.81355 1.79507
vt 1.81897 1.76261
vt 1.85062 1.76474
vt 1.88228 1.76688
vt 1.87146 1.79612
vt 1.88245 1.82566
vt 1.84987 1.82669
vt 1.81729 1.82772
vt 1.81212 1.82259
vt 1.80695 1.81745
vt 1.80693 1.50004
vt 1.80699 1.60882
vt 1.85367 1.50005
vt 1.85377 1.60796
vt 1.85495 1.69504
vt 1.81091 1.69615
vt 1.68295 1.97352
vt 1.63626 1.96370
vt 1.74513 1.96867
vt 1.74520 1.97242
vt 1.68225 1.97649
vt 1.61930 1.98055
vt 1.62052 1.92593
vt 1.62037 1.86839
vt 1.61874 1.92814
vt 1.61818 1.87573
vt 1.62046 1.79923
vt 1.62053 1.71497
vt 1.61832 1.80046
vt 1.61846 1.72520
vt 1.62034 1.61211
vt 1.62020 1.49995
vt 1.61810 1.61258
vt 1.61773 1.49995
vt 1.87042 1.90705
vt 1.85421 1.94512
vt 1.87101 1.86667
vt 1.87395 1.85992
vt 1.87254 1.90905
vt 1.87112 1.95818
vt 1.80733 1.96243
vt 1.80816 1.96530
vt 1.88509 1.79649
vt 1.88524 1.82563
vt 1.88493 1.76735
vt 1.88758 1.76782
vt 1.88781 1.79670
vt 1.88804 1.82559
vt 1.87092 1.60797
vt 1.87119 1.69519
vt 1.87081 1.50006
vt 1.87298 1.50006
vt 1.87326 1.60840
vt 1.87354 1.71674
vt 1.76974 1.79390
vt 1.77236 1.82858
vt 1.77291 1.75938
vt 1.79457 1.77204
vt 1.78853 1.79443
vt 1.79343 1.81712
vt 1.82231 1.74059
vt 1.78876 1.74353
vt 1.85802 1.74047
vt 1.86099 1.75947
vt 1.83360 1.75839
vt 1.80539 1.76194
vt 1.87146 1.74104
vt 1.87376 1.74197
vt 1.87397 1.76719
vt 1.87162 1.76053
vt 1.87102 1.84243
vt 1.87343 1.84255
vt 1.85746 1.84292
vt 1.86013 1.83052
vt 1.87080 1.82967
vt 1.87291 1.82518
vt 1.82159 1.84464
vt 1.78790 1.84391
vt 1.80479 1.82770
vt 1.83250 1.83126
vt 1.79343 1.81712
vt 1.78853 1.79443
vt 1.79638 1.79465
vt 1.79580 1.81716
vt 1.79457 1.77204
vt 1.79695 1.77215
vt 1.79932 1.77225
vt 1.79925 1.79474
vt 1.79818 1.81719
vt 1.83722 1.76578
vt 1.81157 1.76486
vt 1.86188 1.76726
vt 1.86144 1.76963
vt 1.83676 1.76827
vt 1.80472 1.76657
vt 1.87155 1.76866
vt 1.87374 1.77000
vt 1.87350 1.77282
vt 1.87108 1.77119
vt 1.87070 1.82377
vt 1.87268 1.82215
vt 1.86106 1.82498
vt 1.86087 1.82235
vt 1.87038 1.82083
vt 1.87245 1.81912
vt 1.83612 1.82539
vt 1.81032 1.82501
vt 1.80334 1.82308
vt 1.83589 1.82275
vt 1.80314 1.79485
vt 1.80257 1.81732
vt 1.80372 1.77238
vt 1.83584 1.77133
vt 1.81004 1.77061
vt 1.86042 1.77234
vt 1.86658 1.77473
vt 1.83469 1.77469
vt 1.80280 1.77465
vt 1.87001 1.77391
vt 1.87209 1.77577
vt 1.87069 1.77872
vt 1.86863 1.77672
vt 1.86953 1.81697
vt 1.87107 1.81463
vt 1.86019 1.81867
vt 1.86712 1.81517
vt 1.86840 1.81265
vt 1.86969 1.81014
vt 1.83524 1.81906
vt 1.80899 1.81895
vt 1.80166 1.81454
vt 1.83439 1.81485
vt 1.63761 1.13353
vt 1.63764 1.07656
vt 1.68418 1.07996
vt 1.68423 1.13633
vt 1.64943 1.04844
vt 1.68397 1.04131
vt 1.74559 1.04609
vt 1.74566 1.08424
vt 1.75078 1.14023
vt 1.73645 1.20603
vt 1.68430 1.20436
vt 1.75085 1.27991
vt 1.68429 1.28747
vt 1.63771 1.28601
vt 1.63769 1.20221
vt 1.74554 1.39005
vt 1.68409 1.38909
vt 1.63747 1.38835
vt 1.80718 1.08947
vt 1.81096 1.13043
vt 1.80724 1.05209
vt 1.84192 1.06460
vt 1.85386 1.09326
vt 1.85503 1.13338
vt 1.88275 1.17458
vt 1.87171 1.20409
vt 1.83626 1.20469
vt 1.85017 1.17349
vt 1.88249 1.23336
vt 1.85083 1.23544
vt 1.81918 1.23753
vt 1.81375 1.23257
vt 1.80833 1.22761
vt 1.81381 1.20506
vt 1.80724 1.18267
vt 1.81241 1.17754
vt 1.81759 1.17241
vt 1.85511 1.30507
vt 1.85386 1.39215
vt 1.80709 1.39126
vt 1.81108 1.30393
vt 1.63674 1.03621
vt 1.68345 1.02645
vt 1.61981 1.01934
vt 1.68276 1.02348
vt 1.74570 1.02763
vt 1.74562 1.03138
vt 1.62073 1.13151
vt 1.62095 1.07396
vt 1.61855 1.12416
vt 1.61918 1.07175
vt 1.62072 1.28493
vt 1.62073 1.20067
vt 1.61865 1.27470
vt 1.61860 1.19943
vt 1.62044 1.38779
vt 1.61819 1.38732
vt 1.85467 1.05510
vt 1.87083 1.09319
vt 1.87160 1.04207
vt 1.87294 1.09120
vt 1.87428 1.14033
vt 1.87136 1.13357
vt 1.80782 1.03772
vt 1.80865 1.03485
vt 1.88554 1.17461
vt 1.88534 1.20375
vt 1.88833 1.17465
vt 1.88806 1.20354
vt 1.88779 1.23243
vt 1.88514 1.23289
vt 1.87135 1.30493
vt 1.87101 1.39215
vt 1.87372 1.28338
vt 1.87335 1.39172
vt 1.77266 1.17149
vt 1.77000 1.20616
vt 1.79371 1.18298
vt 1.78878 1.20566
vt 1.79479 1.22805
vt 1.77313 1.24068
vt 1.78896 1.25654
vt 1.82250 1.25950
vt 1.80561 1.23815
vt 1.83381 1.24171
vt 1.86120 1.24065
vt 1.85822 1.25964
vt 1.87165 1.25908
vt 1.87183 1.23959
vt 1.87419 1.23293
vt 1.87395 1.25816
vt 1.87374 1.15770
vt 1.87133 1.15782
vt 1.87319 1.17507
vt 1.87109 1.17057
vt 1.86043 1.16970
vt 1.85777 1.15730
vt 1.82191 1.15552
vt 1.83280 1.16891
vt 1.80512 1.17242
vt 1.78821 1.15619
vt 1.79371 1.18298
vt 1.79608 1.18294
vt 1.79663 1.20545
vt 1.78878 1.20566
vt 1.79846 1.18291
vt 1.79951 1.20537
vt 1.79955 1.22785
vt 1.79717 1.22795
vt 1.79479 1.22805
vt 1.81179 1.23524
vt 1.83743 1.23433
vt 1.80493 1.23352
vt 1.83697 1.23184
vt 1.86165 1.23049
vt 1.86209 1.23285
vt 1.87177 1.23147
vt 1.87129 1.22893
vt 1.87371 1.22730
vt 1.87395 1.23012
vt 1.87296 1.17810
vt 1.87098 1.17648
vt 1.87272 1.18113
vt 1.87066 1.17941
vt 1.86115 1.17788
vt 1.86134 1.17524
vt 1.83641 1.17479
vt 1.83617 1.17743
vt 1.80362 1.17704
vt 1.81061 1.17513
vt 1.80285 1.18279
vt 1.80339 1.20526
vt 1.80394 1.22773
vt 1.81025 1.22949
vt 1.83605 1.22878
vt 1.80301 1.22544
vt 1.83490 1.22542
vt 1.86679 1.22539
vt 1.86064 1.22778
vt 1.87022 1.22621
vt 1.86885 1.22340
vt 1.87090 1.22140
vt 1.87231 1.22435
vt 1.87133 1.18562
vt 1.86980 1.18327
vt 1.86995 1.19011
vt 1.86866 1.18759
vt 1.86738 1.18507
vt 1.86046 1.18156
vt 1.83551 1.18112
vt 1.83465 1.18533
vt 1.80192 1.18558
vt 1.80926 1.18119
vt 1.78183 1.75139
vt 1.79998 1.76699
vt 1.79403 1.82241
vt 1.78086 1.83703
vt 1.79319 1.76372
vt 1.79929 1.76283
vt 1.79896 1.76515
vt 1.79286 1.76604
vt 1.79863 1.76746
vt 1.79253 1.76835
vt 1.79251 1.82002
vt 1.79792 1.82155
vt 1.79811 1.82386
vt 1.79269 1.82232
vt 1.79389 1.82616
vt 1.79288 1.82462
vt 1.79086 1.76488
vt 1.79779 1.76572
vt 1.79680 1.76987
vt 1.78985 1.76912
vt 1.79581 1.77401
vt 1.78883 1.77336
vt 1.78806 1.81512
vt 1.79486 1.81483
vt 1.79571 1.81910
vt 1.78891 1.81939
vt 1.79655 1.82337
vt 1.78976 1.82366
vt 1.78116 1.16306
vt 1.79432 1.17770
vt 1.80020 1.23310
vt 1.78204 1.24868
vt 1.79316 1.17548
vt 1.79418 1.17395
vt 1.79839 1.17626
vt 1.79297 1.17778
vt 1.79820 1.17856
vt 1.79278 1.18009
vt 1.79275 1.23174
vt 1.79884 1.23263
vt 1.79917 1.23495
vt 1.79308 1.23405
vt 1.79951 1.23726
vt 1.79340 1.23636
vt 1.79004 1.17643
vt 1.79683 1.17674
vt 1.79598 1.18101
vt 1.78918 1.18070
vt 1.79512 1.18528
vt 1.78833 1.18497
vt 1.78905 1.22673
vt 1.79603 1.22609
vt 1.79702 1.23023
vt 1.79006 1.23097
vt 1.79801 1.23437
vt 1.79108 1.23522
f 3713/3713 3714/3714 3715/3715
f 3715/3715 3716/3716 3713/3713
f 3714/3714 3717/3717 3718/3718
f 3718/3718 3715/3715 3714/3714
f 3715/3715 3718/3718 3719/3719
f 3719/3719 3720/3720 3715/3715
f 3716/3716 3715/3715 3720/3720
f 3720/3720 3721/3721 3716/3716
f 3717/3717 3714/3714 3722/3722
f 3722/3722 3723/3723 3717/3717
f 3714/3714 3713/3713 3724/3724
f 3724/3724 3722/3722 3714/3714
f 3722/3722 3724/3724 3725/3725
f 3725/3725 3726/3726 3722/3722
f 3723/3723 3722/3722 3726/3726
f 3726/3726 3727/3727 3723/3723
f 3727/3727 3726/3726 3728/3728
f 3728/3728 3729/3729 3727/3727
f 3726/3726 3725/3725 3730/3730
f 3730/3730 3728/3728 3726/3726
f 3728/3728 3730/3730 3731/3731
f 3731/3731 3732/3732 3728/3728
f 3729/3729 3728/3728 3732/3732
f 3732/3732 3733/3733 3729/3729
f 3734/3734 3735/3735 3736/3736
f 3736/3736 3737/3737 3734/3734
f 3735/3735 3719/3719 3718/3718
f 3718/3718 3736/3736 3735/3735
f 3736/3736 3718/3718 3717/3717
f 3717/3717 3738/3738 3736/3736
f 3737/3737 3736/3736 3738/3738
f 3738/3738 3739/3739 3737/3737
f 3740/3740 3741/3741 3742/3742
f 3742/3742 3743/3743 3740/3740
f 3744/3744 3745/3745 3742/3742
f 3742/3742 3741/3741 3744/3744
f 3746/3746 3747/3747 3742/3742
f 3742/3742 3745/3745 3746/3746
f 3748/3748 3749/3749 3742/3742
f 3742/3742 3747/3747 3748/3748
f 3750/3750 3751/3751 3742/3742
f 3742/3742 3749/3749 3750/3750
f 3752/3752 3743/3743 3742/3742
f 3742/3742 3751/3751 3752/3752
f 3733/3733 3753/3753 3754/3754
f 3754/3754 3729/3729 3733/3733
f 3753/3753 3755/3755 3756/3756
f 3756/3756 3754/3754 3753/3753
f 3754/3754 3756/3756 3757/3757
f 3757/3757 3758/3758 3754/3754
f 3729/3729 3754/3754 3758/3758
f 3758/3758 3727/3727 3729/3729
f 3721/3721 3720/3720 3759/3759
f 3759/3759 3760/3760 3721/3721
f 3720/3720 3719/3719 3761/3761
f 3761/3761 3759/3759 3720/3720
f 3759/3759 3761/3761 3762/3762
f 3762/3762 3763/3763 3759/3759
f 3760/3760 3759/3759 3763/3763
f 3763/3763 3764/3764 3760/3760
f 3713/3713 3716/3716 3765/3765
f 3765/3765 3766/3766 3713/3713
f 3716/3716 3721/3721 3760/3760
f 3760/3760 3765/3765 3716/3716
f 3765/3765 3760/3760 3764/3764
f 3764/3764 3767/3767 3765/3765
f 3766/3766 3765/3765 3767/3767
f 3767/3767 3768/3768 3766/3766
f 3725/3725 3724/3724 3769/3769
f 3769/3769 3770/3770 3725/3725
f 3724/3724 3713/3713 3766/3766
f 3766/3766 3769/3769 3724/3724
f 3769/3769 3766/3766 3768/3768
f 3768/3768 3771/3771 3769/3769
f 3770/3770 3769/3769 3771/3771
f 3771/3771 3772/3772 3770/3770
f 3731/3731 3730/3730 3773/3773
f 3773/3773 3774/3774 3731/3731
f 3730/3730 3725/3725 3770/3770
f 3770/3770 3773/3773 3730/3730
f 3773/3773 3770/3770 3772/3772
f 3772/3772 3775/3775 3773/3773
f 3774/3774 3773/3773 3775/3775
f 3775/3775 3776/3776 3774/3774
f 3734/3734 3737/3737 3777/3777
f 3777/3777 3778/3778 3734/3734
f 3737/3737 3739/3739 3779/3779
f 3779/3779 3777/3777 3737/3737
f 3777/3777 3779/3779 3780/3780
f 3780/3780 3781/3781 3777/3777
f 3778/3778 3777/3777 3781/3781
f 3781/3781 3782/3782 3778/3778
f 3719/3719 3735/3735 3783/3783
f 3783/3783 3761/3761 3719/3719
f 3735/3735 3734/3734 3778/3778
f 3778/3778 3783/3783 3735/3735
f 3783/3783 3778/3778 3782/3782
f 3782/3782 3784/3784 3783/3783
f 3761/3761 3783/3783 3784/3784
f 3784/3784 3762/3762 3761/3761
f 3748/3748 3747/3747 3785/3785
f 3785/3785 3786/3786 3748/3748
f 3747/3747 3746/3746 3787/3787
f 3787/3787 3785/3785 3747/3747
f 3785/3785 3787/3787 3788/3788
f 3788/3788 3789/3789 3785/3785
f 3786/3786 3785/3785 3789/3789
f 3789/3789 3790/3790 3786/3786
f 3757/3757 3756/3756 3791/3791
f 3791/3791 3792/3792 3757/3757
f 3756/3756 3755/3755 3793/3793
f 3793/3793 3791/3791 3756/3756
f 3791/3791 3793/3793 3794/3794
f 3794/3794 3795/3795 3791/3791
f 3792/3792 3791/3791 3795/3795
f 3795/3795 3796/3796 3792/3792
f 3717/3717 3723/3723 3797/3797
f 3797/3797 3798/3798 3717/3717
f 3723/3723 3727/3727 3799/3799
f 3799/3799 3797/3797 3723/3723
f 3797/3797 3799/3799 3800/3800
f 3800/3800 3801/3801 3797/3797
f 3798/3798 3797/3797 3801/3801
f 3801/3801 3802/3802 3798/3798
f 3727/3727 3758/3758 3803/3803
f 3803/3803 3804/3804 3727/3727
f 3758/3758 3757/3757 3805/3805
f 3805/3805 3803/3803 3758/3758
f 3803/3803 3805/3805 3806/3806
f 3806/3806 3807/3807 3803/3803
f 3804/3804 3803/3803 3807/3807
f 3807/3807 3808/3808 3804/3804
f 3757/3757 3792/3792 3809/3809
f 3809/3809 3805/3805 3757/3757
f 3792/3792 3796/3796 3810/3810
f 3810/3810 3809/3809 3792/3792
f 3809/3809 3810/3810 3811/3811
f 3811/3811 3812/3812 3809/3809
f 3805/3805 3809/3809 3812/3812
f 3812/3812 3806/3806 3805/3805
f 3780/3780 3779/3779 3813/3813
f 3813/3813 3814/3814 3780/3780
f 3779/3779 3739/3739 3815/3815
f 3815/3815 3813/3813 3779/3779
f 3813/3813 3815/3815 3816/3816
f 3816/3816 3817/3817 3813/3813
f 3814/3814 3813/3813 3817/3817
f 3817/3817 3818/3818 3814/3814
f 3739/3739 3738/3738 3819/3819
f 3819/3819 3815/3815 3739/3739
f 3738/3738 3717/3717 3820/3820
f 3820/3820 3819/3819 3738/3738
f 3819/3819 3820/3820 3821/3821
f 3821/3821 3822/3822 3819/3819
f 3815/3815 3819/3819 3822/3822
f 3822/3822 3816/3816 3815/3815
f 3823/3823 3824/3824 3825/3825
f 3825/3825 3826/3826 3823/3823
f 3824/3824 3827/3827 3828/3828
f 3828/3828 3825/3825 3824/3824
f 3825/3825 3828/3828 3829/3829
f 3829/3829 3830/3830 3825/3825
f 3826/3826 3825/3825 3830/3830
f 3830/3830 3831/3831 3826/3826
f 3808/3808 3807/3807 3832/3832
f 3832/3832 3833/3833 3808/3808
f 3807/3807 3806/3806 3834/3834
f 3834/3834 3832/3832 3807/3807
f 3832/3832 3834/3834 3835/3835
f 3835/3835 3836/3836 3832/3832
f 3833/3833 3832/3832 3836/3836
f 3836/3836 3837/3837 3833/3833
f 3806/3806 3812/3812 3838/3838
f 3838/3838 3834/3834 3806/3806
f 3812/3812 3811/3811 3839/3839
f 3839/3839 3838/3838 3812/3812
f 3838/3838 3839/3839 3840/3840
f 3840/3840 3841/3841 3838/3838
f 3834/3834 3838/3838 3841/3841
f 3841/3841 3835/3835 3834/3834
f 3818/3818 3817/3817 3842/3842
f 3842/3842 3843/3843 3818/3818
f 3817/3817 3816/3816 3844/3844
f 3844/3844 3842/3842 3817/3817
f 3842/3842 3844/3844 3845/3845
f 3845/3845 3846/3846 3842/3842
f 3843/3843 3842/3842 3846/3846
f 3846/3846 3847/3847 3843/3843
f 3816/3816 3822/3822 3848/3848
f 3848/3848 3844/3844 3816/3816
f 3822/3822 3821/3821 3849/3849
f 3849/3849 3848/3848 3822/3822
f 3848/3848 3849/3849 3850/3850
f 3850/3850 3851/3851 3848/3848
f 3844/3844 3848/3848 3851/3851
f 3851/3851 3845/3845 3844/3844
f 3831/3831 3830/3830 3852/3852
f 3852/3852 3853/3853 3831/3831
f 3830/3830 3829/3829 3854/3854
f 3854/3854 3852/3852 3830/3830
f 3852/3852 3854/3854 3740/3740
f 3740/3740 3743/3743 3852/3852
f 3853/3853 3852/3852 3743/3743
f 3743/3743 3752/3752 3853/3853
f 3837/3837 3836/3836 3855/3855
f 3855/3855 3856/3856 3837/3837
f 3836/3836 3835/3835 3857/3857
f 3857/3857 3855/3855 3836/3836
f 3855/3855 3857/3857 3858/3858
f 3858/3858 3859/3859 3855/3855
f 3856/3856 3855/3855 3859/3859
f 3859/3859 3860/3860 3856/3856
f 3835/3835 3841/3841 3861/3861
f 3861/3861 3857/3857 3835/3835
f 3841/3841 3840/3840 3862/3862
f 3862/3862 3861/3861 3841/3841
f 3861/3861 3862/3862 3863/3863
f 3863/3863 3864/3864 3861/3861
f 3857/3857 3861/3861 3864/3864
f 3864/3864 3858/3858 3857/3857
f 3847/3847 3846/3846 3865/3865
f 3865/3865 3866/3866 3847/3847
f 3846/3846 3845/3845 3867/3867
f 3867/3867 3865/3865 3846/3846
f 3865/3865 3867/3867 3868/3868
f 3868/3868 3869/3869 3865/3865
f 3866/3866 3865/3865 3869/3869
f 3869/3869 3870/3870 3866/3866
f 3845/3845 3851/3851 3871/3871
f 3871/3871 3867/3867 3845/3845
f 3851/3851 3850/3850 3872/3872
f 3872/3872 3871/3871 3851/3851
f 3871/3871 3872/3872 3873/3873
f 3873/3873 3874/3874 3871/3871
f 3867/3867 3871/3871 3874/3874
f 3874/3874 3868/3868 3867/3867
f 3875/3875 3876/3876 3877/3877
f 3877/3877 3878/3878 3875/3875
f 3876/3876 3879/3879 3880/3880
f 3880/3880 3877/3877 3876/3876
f 3877/3877 3880/3880 3881/3881
f 3881/3881 3882/3882 3877/3877
f 3878/3878 3877/3877 3882/3882
f 3882/3882 3883/3883 3878/3878
f 3883/3883 3884/3884 3885/3885
f 3885/3885 3878/3878 3883/3883
f 3884/3884 3886/3886 3887/3887
f 3887/3887 3885/3885 3884/3884
f 3885/3885 3887/3887 3888/3888
f 3888/3888 3889/3889 3885/3885
f 3878/3878 3885/3885 3889/3889
f 3889/3889 3875/3875 3878/3878
f 3886/3886 3890/3890 3891/3891
f 3891/3891 3887/3887 3886/3886
f 3890/3890 3733/3733 3732/3732
f 3732/3732 3891/3891 3890/3890
f 3891/3891 3732/3732 3731/3731
f 3731/3731 3892/3892 3891/3891
f 3887/3887 3891/3891 3892/3892
f 3892/3892 3888/3888 3887/3887
f 3883/3883 3882/3882 3893/3893
f 3893/3893 3894/3894 3883/3883
f 3882/3882 3881/3881 3895/3895
f 3895/3895 3893/3893 3882/3882
f 3893/3893 3895/3895 3896/3896
f 3896/3896 3897/3897 3893/3893
f 3894/3894 3893/3893 3897/3897
f 3897/3897 3898/3898 3894/3894
f 3899/3899 3900/3900 3901/3901
f 3901/3901 3902/3902 3899/3899
f 3903/3903 3904/3904 3901/3901
f 3901/3901 3900/3900 3903/3903
f 3905/3905 3906/3906 3901/3901
f 3901/3901 3904/3904 3905/3905
f 3907/3907 3908/3908 3901/3901
f 3901/3901 3906/3906 3907/3907
f 3909/3909 3910/3910 3901/3901
f 3901/3901 3908/3908 3909/3909
f 3911/3911 3902/3902 3901/3901
f 3901/3901 3910/3910 3911/3911
f 3912/3912 3913/3913 3914/3914
f 3914/3914 3915/3915 3912/3912
f 3913/3913 3755/3755 3753/3753
f 3753/3753 3914/3914 3913/3913
f 3914/3914 3753/3753 3733/3733
f 3733/3733 3890/3890 3914/3914
f 3915/3915 3914/3914 3890/3890
f 3890/3890 3886/3886 3915/3915
f 3879/3879 3916/3916 3917/3917
f 3917/3917 3880/3880 3879/3879
f 3916/3916 3918/3918 3919/3919
f 3919/3919 3917/3917 3916/3916
f 3917/3917 3919/3919 3920/3920
f 3920/3920 3921/3921 3917/3917
f 3880/3880 3917/3917 3921/3921
f 3921/3921 3881/3881 3880/3880
f 3875/3875 3922/3922 3923/3923
f 3923/3923 3876/3876 3875/3875
f 3922/3922 3924/3924 3925/3925
f 3925/3925 3923/3923 3922/3922
f 3923/3923 3925/3925 3918/3918
f 3918/3918 3916/3916 3923/3923
f 3876/3876 3923/3923 3916/3916
f 3916/3916 3879/3879 3876/3876
f 3888/3888 3926/3926 3927/3927
f 3927/3927 3889/3889 3888/3888
f 3926/3926 3928/3928 3929/3929
f 3929/3929 3927/3927 3926/3926
f 3927/3927 3929/3929 3924/3924
f 3924/3924 3922/3922 3927/3927
f 3889/3889 3927/3927 3922/3922
f 3922/3922 3875/3875 3889/3889
f 3731/3731 3774/3774 3930/3930
f 3930/3930 3892/3892 3731/3731
f 3774/3774 3776/3776 3931/3931
f 3931/3931 3930/3930 3774/3774
f 3930/3930 3931/3931 3928/3928
f 3928/3928 3926/3926 3930/3930
f 3892/3892 3930/3930 3926/3926
f 3926/3926 3888/3888 3892/3892
f 3896/3896 3932/3932 3933/3933
f 3933/3933 3897/3897 3896/3896
f 3932/3932 3934/3934 3935/3935
f 3935/3935 3933/3933 3932/3932
f 3933/3933 3935/3935 3936/3936
f 3936/3936 3937/3937 3933/3933
f 3897/3897 3933/3933 3937/3937
f 3937/3937 3898/3898 3897/3897
f 3881/3881 3921/3921 3938/3938
f 3938/3938 3895/3895 3881/3881
f 3921/3921 3920/3920 3939/3939
f 3939/3939 3938/3938 3921/3921
f 3938/3938 3939/3939 3934/3934
f 3934/3934 3932/3932 3938/3938
f 3895/3895 3938/3938 3932/3932
f 3932/3932 3896/3896 3895/3895
f 3899/3899 3940/3940 3941/3941
f 3941/3941 3900/3900 3899/3899
f 3940/3940 3942/3942 3943/3943
f 3943/3943 3941/3941 3940/3940
f 3941/3941 3943/3943 3944/3944
f 3944/3944 3945/3945 3941/3941
f 3900/3900 3941/3941 3945/3945
f 3945/3945 3903/3903 3900/3900
f 3912/3912 3946/3946 3947/3947
f 3947/3947 3913/3913 3912/3912
f 3946/3946 3948/3948 3949/3949
f 3949/3949 3947/3947 3946/3946
f 3947/3947 3949/3949 3794/3794
f 3794/3794 3793/3793 3947/3947
f 3913/3913 3947/3947 3793/3793
f 3793/3793 3755/3755 3913/3913
f 3883/3883 3950/3950 3951/3951
f 3951/3951 3884/3884 3883/3883
f 3950/3950 3952/3952 3953/3953
f 3953/3953 3951/3951 3950/3950
f 3951/3951 3953/3953 3954/3954
f 3954/3954 3955/3955 3951/3951
f 3884/3884 3951/3951 3955/3955
f 3955/3955 3886/3886 3884/3884
f 3886/3886 3956/3956 3957/3957
f 3957/3957 3915/3915 3886/3886
f 3956/3956 3958/3958 3959/3959
f 3959/3959 3957/3957 3956/3956
f 3957/3957 3959/3959 3960/3960
f 3960/3960 3961/3961 3957/3957
f 3915/3915 3957/3957 3961/3961
f 3961/3961 3912/3912 3915/3915
f 3912/3912 3961/3961 3962/3962
f 3962/3962 3946/3946 3912/3912
f 3961/3961 3960/3960 3963/3963
f 3963/3963 3962/3962 3961/3961
f 3962/3962 3963/3963 3964/3964
f 3964/3964 3965/3965 3962/3962
f 3946/3946 3962/3962 3965/3965
f 3965/3965 3948/3948 3946/3946
f 3936/3936 3966/3966 3967/3967
f 3967/3967 3937/3937 3936/3936
f 3966/3966 3968/3968 3969/3969
f 3969/3969 3967/3967 3966/3966
f 3967/3967 3969/3969 3970/3970
f 3970/3970 3971/3971 3967/3967
f 3937/3937 3967/3967 3971/3971
f 3971/3971 3898/3898 3937/3937
f 3898/3898 3971/3971 3972/3972
f 3972/3972 3894/3894 3898/3898
f 3971/3971 3970/3970 3973/3973
f 3973/3973 3972/3972 3971/3971
f 3972/3972 3973/3973 3974/3974
f 3974/3974 3975/3975 3972/3972
f 3894/3894 3972/3972 3975/3975
f 3975/3975 3883/3883 3894/3894
f 3976/3976 3977/3977 3978/3978
f 3978/3978 3979/3979 3976/3976
f 3977/3977 3980/3980 3981/3981
f 3981/3981 3978/3978 3977/3977
f 3978/3978 3981/3981 3982/3982
f 3982/3982 3983/3983 3978/3978
f 3979/3979 3978/3978 3983/3983
f 3983/3983 3984/3984 3979/3979
f 3958/3958 3985/3985 3986/3986
f 3986/3986 3959/3959 3958/3958
f 3985/3985 3987/3987 3988/3988
f 3988/3988 3986/3986 3985/3985
f 3986/3986 3988/3988 3989/3989
f 3989/3989 3990/3990 3986/3986
f 3959/3959 3986/3986 3990/3990
f 3990/3990 3960/3960 3959/3959
f 3960/3960 3990/3990 3991/3991
f 3991/3991 3963/3963 3960/3960
f 3990/3990 3989/3989 3992/3992
f 3992/3992 3991/3991 3990/3990
f 3991/3991 3992/3992 3993/3993
f 3993/3993 3994/3994 3991/3991
f 3963/3963 3991/3991 3994/3994
f 3994/3994 3964/3964 3963/3963
f 3968/3968 3995/3995 3996/3996
f 3996/3996 3969/3969 3968/3968
f 3995/3995 3997/3997 3998/3998
f 3998/3998 3996/3996 3995/3995
f 3996/3996 3998/3998 3999/3999
f 3999/3999 4000/4000 3996/3996
f 3969/3969 3996/3996 4000/4000
f 4000/4000 3970/3970 3969/3969
f 3970/3970 4000/4000 4001/4001
f 4001/4001 3973/3973 3970/3970
f 4000/4000 3999/3999 4002/4002
f 4002/4002 4001/4001 4000/4000
f 4001/4001 4002/4002 4003/4003
f 4003/4003 4004/4004 4001/4001
f 3973/3973 4001/4001 4004/4004
f 4004/4004 3974/3974 3973/3973
f 3980/3980 4005/4005 4006/4006
f 4006/4006 3981/3981 3980/3980
f 4005/4005 3909/3909 3908/3908
f 3908/3908 4006/4006 4005/4005
f 4006/4006 3908/3908 3907/3907
f 3907/3907 4007/4007 4006/4006
f 3981/3981 4006/4006 4007/4007
f 4007/4007 3982/3982 3981/3981
f 3987/3987 4008/4008 4009/4009
f 4009/4009 3988/3988 3987/3987
f 4008/4008 4010/4010 4011/4011
f 4011/4011 4009/4009 4008/4008
f 4009/4009 4011/4011 4012/4012
f 4012/4012 4013/4013 4009/4009
f 3988/3988 4009/4009 4013/4013
f 4013/4013 3989/3989 3988/3988
f 3989/3989 4013/4013 4014/4014
f 4014/4014 3992/3992 3989/3989
f 4013/4013 4012/4012 4015/4015
f 4015/4015 4014/4014 4013/4013
f 4014/4014 4015/4015 4016/4016
f 4016/4016 4017/4017 4014/4014
f 3992/3992 4014/4014 4017/4017
f 4017/4017 3993/3993 3992/3992
f 3997/3997 4018/4018 4019/4019
f 4019/4019 3998/3998 3997/3997
f 4018/4018 4020/4020 4021/4021
f 4021/4021 4019/4019 4018/4018
f 4019/4019 4021/4021 4022/4022
f 4022/4022 4023/4023 4019/4019
f 3998/3998 4019/4019 4023/4023
f 4023/4023 3999/3999 3998/3998
f 3999/3999 4023/4023 4024/4024
f 4024/4024 4002/4002 3999/3999
f 4023/4023 4022/4022 4025/4025
f 4025/4025 4024/4024 4023/4023
f 4024/4024 4025/4025 4026/4026
f 4026/4026 4027/4027 4024/4024
f 4002/4002 4024/4024 4027/4027
f 4027/4027 4003/4003 4002/4002
f 3727/3727 3804/3804 4028/4028
f 4028/4028 3799/3799 3727/3727
f 3808/3808 4029/4029 4028/4028
f 4028/4028 3804/3804 3808/3808
f 3800/3800 3799/3799 4028/4028
f 4028/4028 4029/4029 3800/3800
f 3802/3802 4030/4030 4031/4031
f 4031/4031 3798/3798 3802/3802
f 3821/3821 3820/3820 4031/4031
f 4031/4031 4030/4030 3821/3821
f 3717/3717 3798/3798 4031/4031
f 4031/4031 3820/3820 3717/3717
f 4032/4032 4033/4033 4034/4034
f 4034/4034 4035/4035 4032/4032
f 4033/4033 3808/3808 3833/3833
f 3833/3833 4034/4034 4033/4033
f 4034/4034 3833/3833 3837/3837
f 3837/3837 4036/4036 4034/4034
f 4035/4035 4034/4034 4036/4036
f 4036/4036 4037/4037 4035/4035
f 4038/4038 4039/4039 4040/4040
f 4040/4040 4041/4041 4038/4038
f 4039/4039 3850/3850 3849/3849
f 3849/3849 4040/4040 4039/4039
f 4040/4040 3849/3849 3821/3821
f 3821/3821 4042/4042 4040/4040
f 4041/4041 4040/4040 4042/4042
f 4042/4042 4043/4043 4041/4041
f 4044/4044 4045/4045 4046/4046
f 4046/4046 4047/4047 4044/4044
f 4045/4045 3837/3837 3856/3856
f 3856/3856 4046/4046 4045/4045
f 4046/4046 3856/3856 3860/3860
f 3860/3860 4048/4048 4046/4046
f 4047/4047 4046/4046 4048/4048
f 4048/4048 4049/4049 4047/4047
f 4050/4050 4051/4051 4052/4052
f 4052/4052 4053/4053 4050/4050
f 4051/4051 3873/3873 3872/3872
f 3872/3872 4052/4052 4051/4051
f 4052/4052 3872/3872 3850/3850
f 3850/3850 4054/4054 4052/4052
f 4053/4053 4052/4052 4054/4054
f 4054/4054 4055/4055 4053/4053
f 3883/3883 3975/3975 4056/4056
f 4056/4056 3950/3950 3883/3883
f 3974/3974 4057/4057 4056/4056
f 4056/4056 3975/3975 3974/3974
f 3952/3952 3950/3950 4056/4056
f 4056/4056 4057/4057 3952/3952
f 3954/3954 4058/4058 4059/4059
f 4059/4059 3955/3955 3954/3954
f 3958/3958 3956/3956 4059/4059
f 4059/4059 4058/4058 3958/3958
f 3886/3886 3955/3955 4059/4059
f 4059/4059 3956/3956 3886/3886
f 4060/4060 4061/4061 4062/4062
f 4062/4062 4063/4063 4060/4060
f 4061/4061 3974/3974 4004/4004
f 4004/4004 4062/4062 4061/4061
f 4062/4062 4004/4004 4003/4003
f 4003/4003 4064/4064 4062/4062
f 4063/4063 4062/4062 4064/4064
f 4064/4064 4065/4065 4063/4063
f 4066/4066 4067/4067 4068/4068
f 4068/4068 4069/4069 4066/4066
f 4067/4067 3987/3987 3985/3985
f 3985/3985 4068/4068 4067/4067
f 4068/4068 3985/3985 3958/3958
f 3958/3958 4070/4070 4068/4068
f 4069/4069 4068/4068 4070/4070
f 4070/4070 4071/4071 4069/4069
f 4072/4072 4073/4073 4074/4074
f 4074/4074 4075/4075 4072/4072
f 4073/4073 4003/4003 4027/4027
f 4027/4027 4074/4074 4073/4073
f 4074/4074 4027/4027 4026/4026
f 4026/4026 4076/4076 4074/4074
f 4075/4075 4074/4074 4076/4076
f 4076/4076 4077/4077 4075/4075
f 4078/4078 4079/4079 4080/4080
f 4080/4080 4081/4081 4078/4078
f 4079/4079 4010/4010 4008/4008
f 4008/4008 4080/4080 4079/4079
f 4080/4080 4008/4008 3987/3987
f 3987/3987 4082/4082 4080/4080
f 4081/4081 4080/4080 4082/4082
f 4082/4082 4083/4083 4081/4081
g oval_tufted_chair_back_fabric
usemtl fabric
v -0.14825 0.59628 -0.16042
v -0.15550 0.62413 -0.16507
v -0.18523 0.61667 -0.15497
v -0.16221 0.59465 -0.15743
v -0.15820 0.65601 -0.17828
v -0.19227 0.65551 -0.16974
v -0.23711 0.65877 -0.16051
v -0.23369 0.62386 -0.14415
v -0.23320 0.58351 -0.13171
v -0.19028 0.58091 -0.14352
v -0.16149 0.57837 -0.15423
v -0.30660 0.66811 -0.15449
v -0.29917 0.62664 -0.14193
v -0.27086 0.62677 -0.13992
v -0.27357 0.66090 -0.15518
v -0.29584 0.58396 -0.13101
v -0.26809 0.58451 -0.12803
v -0.25239 0.67535 -0.24176
v -0.24854 0.68435 -0.22365
v -0.20261 0.68204 -0.23119
v -0.20558 0.67303 -0.24942
v -0.24445 0.68558 -0.20267
v -0.19943 0.68334 -0.21029
v -0.16274 0.68105 -0.21618
v -0.16516 0.67968 -0.23665
v -0.16737 0.67117 -0.25461
v -0.29126 0.67724 -0.23377
v -0.28667 0.68614 -0.21588
v -0.31889 0.67737 -0.22657
v -0.31401 0.68563 -0.20900
v -0.30859 0.68722 -0.18941
v -0.28182 0.68735 -0.19530
v -0.34387 0.56864 -0.18847
v -0.34184 0.57377 -0.16934
v -0.34589 0.61650 -0.18041
v -0.34794 0.61135 -0.19979
v -0.33264 0.57839 -0.15208
v -0.33655 0.62118 -0.16291
v -0.33797 0.65472 -0.17220
v -0.34684 0.65019 -0.18971
v -0.34923 0.64500 -0.20876
v -0.32442 0.63343 -0.24702
v -0.33575 0.66226 -0.23087
v -0.33368 0.66533 -0.23221
v -0.31882 0.66345 -0.23908
v -0.33635 0.66897 -0.21900
v -0.33140 0.67386 -0.21989
v -0.32376 0.65329 -0.15899
v -0.32615 0.67092 -0.16682
v -0.33503 0.66918 -0.17949
v -0.32312 0.67293 -0.16811
v -0.33012 0.67403 -0.18037
v 0.00076 0.67148 -0.26134
v 0.00076 0.65487 -0.27488
v -0.07741 0.65484 -0.27332
v -0.07646 0.67114 -0.25991
v 0.00076 0.63966 -0.28291
v -0.07810 0.63991 -0.28124
v -0.15399 0.64138 -0.27699
v -0.12729 0.65672 -0.26976
v -0.13440 0.67068 -0.25730
v -0.25672 0.64483 -0.26303
v -0.25544 0.65943 -0.25499
v -0.20785 0.65715 -0.26271
v -0.20934 0.64265 -0.27055
v -0.17457 0.65756 -0.26591
v -0.15399 0.64138 -0.27699
v -0.29495 0.66152 -0.24670
v -0.29275 0.64896 -0.25421
v -0.24066 0.67820 -0.18082
v -0.19650 0.67612 -0.18900
v -0.16051 0.67407 -0.19602
v -0.27733 0.68002 -0.17436
v -0.30055 0.68087 -0.17215
v -0.32102 0.62467 -0.14984
v -0.31733 0.58185 -0.13917
v -0.32755 0.68103 -0.20415
v -0.33236 0.67562 -0.20120
v -0.32566 0.67856 -0.18296
v -0.32183 0.68255 -0.18714
v -0.12824 0.65545 -0.18059
v -0.14616 0.65559 -0.18216
v -0.14492 0.62689 -0.16968
v -0.12934 0.62376 -0.16674
v -0.14654 0.65512 -0.18287
v -0.14532 0.62692 -0.17062
v -0.14456 0.59932 -0.16349
v -0.14430 0.60244 -0.16376
v -0.13899 0.59637 -0.16099
v -0.14485 0.60226 -0.16380
v -0.14553 0.62677 -0.16969
v -0.14456 0.59932 -0.16349
v -0.14532 0.62692 -0.17062
v -0.14654 0.65512 -0.18287
v -0.14675 0.65557 -0.18212
v -0.15364 0.66989 -0.25383
v -0.15184 0.67774 -0.23825
v -0.13258 0.67923 -0.23931
v -0.15407 0.66920 -0.25523
v -0.15214 0.67690 -0.23799
v -0.15007 0.67822 -0.21848
v -0.14974 0.67909 -0.21839
v -0.13070 0.68058 -0.21878
v -0.15034 0.67910 -0.21832
v -0.15246 0.67776 -0.23819
v -0.15007 0.67822 -0.21848
v -0.15214 0.67690 -0.23799
v -0.15407 0.66920 -0.25523
v -0.15419 0.66990 -0.25377
v -0.15538 0.65972 -0.26603
v -0.15514 0.66012 -0.26586
v -0.15556 0.66014 -0.26582
v -0.15538 0.65972 -0.26603
v -0.14780 0.67235 -0.19904
v -0.12897 0.67352 -0.19857
v -0.14816 0.67159 -0.19947
v -0.14840 0.67236 -0.19898
v -0.14816 0.67159 -0.19947
v -0.14401 0.58593 -0.16123
v -0.14187 0.58320 -0.16098
v -0.14423 0.58571 -0.16138
v -0.14415 0.57426 -0.16305
v -0.08363 0.61458 -0.16165
v -0.07542 0.65316 -0.17875
v -0.11871 0.59385 -0.16047
v -0.12006 0.57742 -0.15713
v -0.07403 0.57840 -0.15030
v 0.00076 0.57883 -0.14561
v 0.00076 0.61773 -0.15895
v 0.00076 0.65378 -0.17787
v -0.07539 0.68033 -0.24149
v -0.07431 0.68156 -0.22039
v 0.00076 0.68192 -0.22150
v 0.00076 0.68078 -0.24287
v -0.07331 0.67399 -0.19891
v 0.00076 0.67405 -0.19928
v -0.34159 0.60646 -0.21849
v -0.33764 0.56368 -0.20701
v -0.34340 0.63602 -0.22445
v -0.32442 0.63343 -0.24702
v -0.33443 0.59832 -0.22868
v -0.32989 0.56005 -0.22054
v -0.14415 0.57426 -0.16305
v -0.14628 0.58313 -0.16062
v -0.14837 0.58067 -0.15990
v -0.14836 0.57647 -0.15900
v -0.13949 0.58061 -0.16073
v -0.13925 0.57625 -0.15981
v -0.14443 0.58576 -0.16128
v -0.14423 0.58571 -0.16138
v -0.14699 0.55847 -0.15089
v -0.16074 0.56169 -0.14918
v -0.18171 0.54315 -0.13660
v -0.15231 0.53184 -0.14181
v -0.22826 0.54118 -0.12375
v -0.22678 0.50174 -0.12143
v -0.18466 0.50103 -0.13081
v -0.15250 0.49746 -0.13791
v -0.26410 0.54103 -0.11900
v -0.29148 0.54088 -0.12111
v -0.29102 0.49833 -0.11317
v -0.26104 0.50307 -0.11637
v -0.15437 0.45900 -0.15684
v -0.18793 0.45887 -0.15122
v -0.19046 0.45032 -0.16850
v -0.15631 0.45067 -0.17371
v -0.22914 0.45969 -0.14422
v -0.23238 0.45102 -0.16162
v -0.23678 0.44904 -0.18153
v -0.19408 0.44750 -0.18443
v -0.15698 0.44822 -0.19338
v -0.26718 0.45291 -0.15452
v -0.27202 0.45206 -0.17289
v -0.26335 0.46155 -0.13750
v -0.28814 0.46469 -0.13278
v -0.29251 0.45671 -0.14913
v -0.29762 0.45547 -0.16696
v -0.32211 0.50158 -0.13376
v -0.32763 0.53555 -0.14145
v -0.33666 0.53101 -0.15837
v -0.33045 0.49701 -0.15017
v -0.33864 0.52595 -0.17709
v -0.33271 0.49228 -0.16817
v -0.30963 0.48380 -0.20485
v -0.32155 0.47245 -0.17771
v -0.32490 0.47488 -0.17735
v -0.32814 0.49246 -0.18534
v -0.32076 0.47162 -0.16494
v -0.32548 0.47710 -0.16341
v -0.31628 0.48533 -0.13306
v -0.30828 0.48995 -0.12201
v -0.30958 0.50929 -0.12351
v -0.31073 0.48064 -0.13156
v -0.30497 0.48758 -0.12216
v -0.12773 0.44857 -0.19422
v -0.12142 0.45395 -0.21048
v -0.07388 0.45359 -0.21477
v -0.07265 0.44666 -0.19666
v -0.14404 0.46279 -0.22341
v -0.07488 0.46197 -0.22789
v 0.00076 0.46133 -0.22997
v 0.00076 0.45270 -0.21651
v 0.00076 0.44552 -0.19805
v -0.19010 0.46923 -0.21514
v -0.19025 0.46369 -0.20706
v -0.20401 0.46504 -0.20417
v -0.20478 0.47046 -0.21200
v -0.19373 0.45968 -0.20089
v -0.20336 0.45939 -0.19674
v -0.21354 0.46122 -0.19773
v -0.21797 0.46561 -0.20244
v -0.21965 0.47090 -0.20992
v -0.25298 0.46666 -0.21079
v -0.25016 0.45824 -0.19802
v -0.27735 0.45953 -0.19079
v -0.27694 0.46685 -0.20289
v -0.29942 0.46157 -0.18369
v -0.30963 0.48380 -0.20485
v -0.18636 0.47436 -0.13717
v -0.15314 0.47389 -0.14392
v -0.22717 0.47559 -0.12954
v -0.26105 0.47742 -0.12366
v -0.28251 0.47834 -0.12168
v -0.31261 0.53895 -0.12881
v -0.30604 0.46311 -0.14735
v -0.31011 0.46178 -0.16329
v -0.30127 0.46996 -0.13306
v -0.30573 0.47551 -0.13157
v -0.31160 0.46929 -0.14753
v -0.31562 0.46652 -0.16490
v -0.12388 0.49682 -0.14005
v -0.12674 0.53117 -0.14333
v -0.14182 0.52722 -0.14446
v -0.14116 0.49629 -0.14140
v -0.13787 0.55806 -0.15132
v -0.14271 0.55117 -0.15080
v -0.14315 0.55408 -0.15204
v -0.14220 0.52673 -0.14523
v -0.14154 0.49635 -0.14221
v -0.14242 0.52732 -0.14452
v -0.14326 0.55131 -0.15092
v -0.14172 0.49632 -0.14138
v -0.14154 0.49635 -0.14221
v -0.14220 0.52673 -0.14523
v -0.14315 0.55408 -0.15204
v -0.12588 0.45001 -0.17613
v -0.14424 0.45189 -0.17583
v -0.14610 0.45098 -0.19168
v -0.12436 0.45836 -0.15922
v -0.14254 0.45996 -0.15948
v -0.14290 0.46068 -0.15997
v -0.14457 0.45275 -0.17604
v -0.14652 0.45095 -0.19315
v -0.14480 0.45191 -0.17578
v -0.14310 0.45998 -0.15942
v -0.14661 0.45100 -0.19163
v -0.14652 0.45095 -0.19315
v -0.14457 0.45275 -0.17604
v -0.14290 0.46068 -0.15997
v -0.14787 0.45320 -0.20555
v -0.14811 0.45345 -0.20586
v -0.15558 0.45524 -0.20973
v -0.14825 0.45321 -0.20551
v -0.14404 0.46279 -0.22341
v -0.14811 0.45345 -0.20586
v -0.12339 0.47326 -0.14627
v -0.14146 0.47431 -0.14721
v -0.14183 0.47477 -0.14791
v -0.14201 0.47433 -0.14715
v -0.14183 0.47477 -0.14791
v -0.14144 0.56910 -0.15743
v -0.14340 0.56621 -0.15626
v -0.14363 0.56631 -0.15648
v -0.07299 0.49865 -0.13924
v -0.08241 0.54095 -0.14298
v 0.00076 0.49759 -0.13790
v 0.00076 0.53814 -0.13872
v -0.11806 0.56062 -0.15206
v 0.00076 0.45529 -0.16146
v -0.07068 0.45638 -0.16046
v -0.07155 0.44778 -0.17790
v 0.00076 0.44657 -0.17916
v -0.07012 0.47189 -0.14632
v 0.00076 0.47114 -0.14659
v -0.32658 0.52303 -0.20778
v -0.33248 0.52100 -0.19513
v -0.14811 0.57234 -0.15781
v -0.14585 0.56934 -0.15714
v -0.13922 0.57198 -0.15856
v -0.14383 0.56634 -0.15638
v -0.14363 0.56631 -0.15648
v -0.07839 0.63487 -0.28316
v -0.15086 0.63594 -0.27877
v 0.00076 0.63451 -0.28486
v 0.00076 0.63440 -0.28378
v -0.07847 0.63476 -0.28208
v -0.15101 0.63584 -0.27771
v -0.20996 0.63774 -0.27245
v -0.25213 0.63970 -0.26572
v -0.15086 0.63594 -0.27877
v -0.15101 0.63584 -0.27771
v -0.21014 0.63763 -0.27137
v -0.25842 0.63986 -0.26388
v -0.28632 0.64152 -0.25944
v -0.29838 0.64227 -0.25604
v -0.32990 0.58753 -0.23253
v -0.32702 0.55899 -0.22453
v -0.33091 0.60196 -0.23596
v -0.32706 0.55915 -0.22391
v -0.07527 0.46520 -0.23167
v 0.00076 0.46464 -0.23386
v -0.13666 0.46608 -0.22790
v -0.13680 0.46671 -0.22697
v -0.07537 0.46585 -0.23079
v 0.00076 0.46529 -0.23297
v -0.20506 0.47267 -0.21393
v -0.19010 0.47143 -0.21705
v -0.22021 0.47313 -0.21184
v -0.22021 0.47383 -0.21096
v -0.20510 0.47328 -0.21291
v -0.19018 0.47196 -0.21588
v -0.27186 0.47081 -0.21067
v -0.25337 0.46986 -0.21452
v -0.28317 0.47182 -0.20754
v -0.25516 0.47049 -0.21353
v -0.32404 0.53045 -0.21651
v -0.32211 0.51634 -0.21193
v -0.13680 0.46671 -0.22697
v -0.13666 0.46608 -0.22790
v -0.16873 0.46651 -0.22533
v -0.16886 0.46708 -0.22428
v -0.16846 0.46389 -0.22272
v -0.18175 0.46458 -0.22160
v -0.18173 0.46688 -0.22350
v -0.18183 0.46739 -0.22232
v -0.16793 0.45717 -0.21277
v -0.17535 0.45079 -0.20138
v -0.18741 0.45331 -0.20445
v -0.18200 0.45871 -0.21355
v -0.19891 0.44922 -0.19445
v -0.22353 0.45215 -0.19446
v -0.21903 0.45529 -0.19988
v -0.20291 0.45242 -0.19938
v -0.23415 0.45929 -0.20390
v -0.23689 0.46639 -0.21431
v -0.22841 0.46687 -0.21557
v -0.22628 0.46116 -0.20745
v -0.23789 0.46922 -0.21720
v -0.23800 0.46991 -0.21634
v -0.22915 0.46997 -0.21689
v -0.22913 0.46925 -0.21773
v -0.18594 0.46756 -0.22194
v -0.18602 0.46806 -0.22072
v -0.18605 0.46537 -0.22028
v -0.18580 0.46640 -0.21881
v -0.18569 0.46859 -0.22050
v -0.18578 0.46909 -0.21928
v -0.18655 0.45979 -0.21286
v -0.19128 0.45471 -0.20452
v -0.19100 0.45574 -0.20283
v -0.18628 0.46081 -0.21128
v -0.18741 0.45331 -0.20445
v -0.20291 0.45242 -0.19938
v -0.20410 0.45405 -0.20008
v -0.19128 0.45471 -0.20452
v -0.21903 0.45529 -0.19988
v -0.21737 0.45690 -0.20073
v -0.21710 0.45792 -0.19901
v -0.20381 0.45508 -0.19835
v -0.19100 0.45574 -0.20283
v -0.22352 0.46235 -0.20768
v -0.21737 0.45690 -0.20073
v -0.22544 0.46759 -0.21505
v -0.22519 0.46862 -0.21332
v -0.22325 0.46337 -0.20595
v -0.21710 0.45792 -0.19901
v -0.22608 0.46983 -0.21695
v -0.22607 0.47055 -0.21613
v -0.22583 0.47158 -0.21440
v -0.22583 0.47085 -0.21523
v -0.18536 0.46997 -0.21906
v -0.18545 0.47047 -0.21784
v -0.18546 0.46778 -0.21725
v -0.19010 0.46923 -0.21514
v -0.19010 0.47143 -0.21705
v -0.19018 0.47196 -0.21588
v -0.18593 0.46220 -0.20939
v -0.19063 0.45712 -0.20060
v -0.19373 0.45968 -0.20089
v -0.19025 0.46369 -0.20706
v -0.20343 0.45646 -0.19602
v -0.19063 0.45712 -0.20060
v -0.21672 0.45931 -0.19667
v -0.22290 0.46476 -0.20362
v -0.21672 0.45931 -0.19667
v -0.22486 0.47001 -0.21099
v -0.21965 0.47090 -0.20992
v -0.21797 0.46561 -0.20244
v -0.21354 0.46122 -0.19773
v -0.22551 0.47224 -0.21289
v -0.22550 0.47296 -0.21207
v -0.22021 0.47383 -0.21096
v -0.22021 0.47313 -0.21184
v 0.14965 0.59628 -0.16042
v 0.16359 0.59465 -0.15743
v 0.18676 0.61667 -0.15497
v 0.15703 0.62413 -0.16507
v 0.16290 0.57837 -0.15423
v 0.19181 0.58091 -0.14352
v 0.23473 0.58351 -0.13171
v 0.23522 0.62386 -0.14415
v 0.23864 0.65877 -0.16051
v 0.19380 0.65551 -0.16974
v 0.15972 0.65601 -0.17828
v 0.26962 0.58451 -0.12803
v 0.27239 0.62677 -0.13992
v 0.29737 0.58396 -0.13101
v 0.30070 0.62664 -0.14193
v 0.30813 0.66811 -0.15449
v 0.27509 0.66090 -0.15518
v 0.16427 0.68105 -0.21618
v 0.20096 0.68334 -0.21029
v 0.20414 0.68204 -0.23119
v 0.16669 0.67968 -0.23665
v 0.24597 0.68558 -0.20267
v 0.25007 0.68435 -0.22365
v 0.25392 0.67535 -0.24176
v 0.20710 0.67303 -0.24942
v 0.16890 0.67117 -0.25461
v 0.28820 0.68614 -0.21588
v 0.29279 0.67724 -0.23377
v 0.28335 0.68735 -0.19530
v 0.31011 0.68722 -0.18941
v 0.31553 0.68563 -0.20900
v 0.32042 0.67737 -0.22657
v 0.33950 0.65472 -0.17220
v 0.33808 0.62118 -0.16291
v 0.34742 0.61650 -0.18041
v 0.34837 0.65019 -0.18971
v 0.33416 0.57839 -0.15208
v 0.34337 0.57377 -0.16934
v 0.34539 0.56864 -0.18847
v 0.34946 0.61135 -0.19979
v 0.35076 0.64500 -0.20876
v 0.32595 0.63343 -0.24702
v 0.34249 0.65718 -0.22788
v 0.34553 0.65525 -0.22627
v 0.34492 0.63602 -0.22445
v 0.34245 0.66447 -0.21637
v 0.34644 0.66054 -0.21210
v 0.33655 0.66918 -0.17949
v 0.32767 0.67092 -0.16682
v 0.32528 0.65329 -0.15899
v 0.33165 0.67403 -0.18037
v 0.32465 0.67293 -0.16811
v 0.15552 0.64138 -0.27699
v 0.07963 0.63991 -0.28124
v 0.07894 0.65484 -0.27332
v 0.12881 0.65672 -0.26976
v 0.07799 0.67114 -0.25991
v 0.13593 0.67068 -0.25730
v 0.25824 0.64483 -0.26303
v 0.21087 0.64265 -0.27055
v 0.20938 0.65715 -0.26271
v 0.25697 0.65943 -0.25499
v 0.15552 0.64138 -0.27699
v 0.17610 0.65756 -0.26591
v 0.32595 0.63343 -0.24702
v 0.29428 0.64896 -0.25421
v 0.29648 0.66152 -0.24670
v 0.32035 0.66345 -0.23908
v 0.19802 0.67612 -0.18900
v 0.16204 0.67407 -0.19602
v 0.24219 0.67820 -0.18082
v 0.27886 0.68002 -0.17436
v 0.30208 0.68087 -0.17215
v 0.31886 0.58185 -0.13917
v 0.32255 0.62467 -0.14984
v 0.32908 0.68103 -0.20415
v 0.33293 0.67386 -0.21989
v 0.32336 0.68255 -0.18714
v 0.32719 0.67856 -0.18296
v 0.33388 0.67562 -0.20120
v 0.33788 0.66897 -0.21900
v 0.12977 0.65545 -0.18059
v 0.13087 0.62376 -0.16674
v 0.14645 0.62689 -0.16968
v 0.14769 0.65559 -0.18216
v 0.14039 0.59637 -0.16099
v 0.14569 0.60244 -0.16376
v 0.14596 0.59932 -0.16349
v 0.14685 0.62692 -0.17062
v 0.14807 0.65512 -0.18287
v 0.14705 0.62677 -0.16969
v 0.14623 0.60226 -0.16380
v 0.14828 0.65557 -0.18212
v 0.14807 0.65512 -0.18287
v 0.14685 0.62692 -0.17062
v 0.14596 0.59932 -0.16349
v 0.13411 0.67923 -0.23931
v 0.15337 0.67774 -0.23825
v 0.15517 0.66989 -0.25383
v 0.13223 0.68058 -0.21878
v 0.15126 0.67909 -0.21839
v 0.15159 0.67822 -0.21848
v 0.15367 0.67690 -0.23799
v 0.15560 0.66920 -0.25523
v 0.15398 0.67776 -0.23819
v 0.15187 0.67910 -0.21832
v 0.15572 0.66990 -0.25377
v 0.15560 0.66920 -0.25523
v 0.15367 0.67690 -0.23799
v 0.15159 0.67822 -0.21848
v 0.15667 0.66012 -0.26586
v 0.15691 0.65972 -0.26603
v 0.15709 0.66014 -0.26582
v 0.15691 0.65972 -0.26603
v 0.13050 0.67352 -0.19857
v 0.14933 0.67235 -0.19904
v 0.14969 0.67159 -0.19947
v 0.14993 0.67236 -0.19898
v 0.14969 0.67159 -0.19947
v 0.14299 0.58320 -0.16098
v 0.14514 0.58593 -0.16123
v 0.14472 0.57426 -0.16305
v 0.14534 0.58571 -0.16138
v 0.07694 0.65316 -0.17875
v 0.08516 0.61458 -0.16165
v 0.07556 0.57840 -0.15030
v 0.12146 0.57742 -0.15713
v 0.12009 0.59385 -0.16047
v 0.07584 0.68156 -0.22039
v 0.07692 0.68033 -0.24149
v 0.07484 0.67399 -0.19891
v 0.33916 0.56368 -0.20701
v 0.34312 0.60647 -0.21849
v 0.33142 0.56005 -0.22054
v 0.33596 0.59832 -0.22868
v 0.14472 0.57426 -0.16305
v 0.14947 0.57647 -0.15900
v 0.14949 0.58067 -0.15990
v 0.14740 0.58313 -0.16062
v 0.14036 0.57625 -0.15981
v 0.14061 0.58061 -0.16073
v 0.14534 0.58571 -0.16138
v 0.14556 0.58576 -0.16128
v 0.14839 0.55847 -0.15089
v 0.15384 0.53184 -0.14181
v 0.18324 0.54315 -0.13660
v 0.16213 0.56169 -0.14918
v 0.15403 0.49746 -0.13791
v 0.18619 0.50103 -0.13081
v 0.22830 0.50174 -0.12143
v 0.22979 0.54118 -0.12375
v 0.29255 0.49833 -0.11317
v 0.29300 0.54088 -0.12111
v 0.26563 0.54103 -0.11900
v 0.26257 0.50307 -0.11637
v 0.23831 0.44904 -0.18153
v 0.23391 0.45102 -0.16162
v 0.19199 0.45032 -0.16850
v 0.19561 0.44750 -0.18443
v 0.23066 0.45969 -0.14422
v 0.18946 0.45887 -0.15122
v 0.15590 0.45900 -0.15684
v 0.15784 0.45067 -0.17371
v 0.15850 0.44822 -0.19338
v 0.27355 0.45206 -0.17289
v 0.26870 0.45291 -0.15452
v 0.29914 0.45547 -0.16696
v 0.29404 0.45671 -0.14913
v 0.28966 0.46469 -0.13278
v 0.26488 0.46155 -0.13750
v 0.33819 0.53101 -0.15837
v 0.34016 0.52595 -0.17709
v 0.32916 0.53555 -0.14145
v 0.32364 0.50158 -0.13376
v 0.33197 0.49701 -0.15017
v 0.33424 0.49228 -0.16817
v 0.31115 0.48380 -0.20485
v 0.31718 0.46662 -0.17765
v 0.31469 0.46328 -0.17723
v 0.30095 0.46157 -0.18369
v 0.31715 0.46652 -0.16490
v 0.31164 0.46178 -0.16329
v 0.31111 0.50929 -0.12351
v 0.30981 0.48995 -0.12201
v 0.31781 0.48533 -0.13306
v 0.30650 0.48758 -0.12216
v 0.31226 0.48064 -0.13156
v 0.12925 0.44857 -0.19422
v 0.07417 0.44666 -0.19666
v 0.07541 0.45359 -0.21477
v 0.12294 0.45395 -0.21048
v 0.07641 0.46197 -0.22789
v 0.14557 0.46279 -0.22341
v 0.21507 0.46122 -0.19773
v 0.20488 0.45939 -0.19674
v 0.20554 0.46504 -0.20417
v 0.21950 0.46561 -0.20244
v 0.19526 0.45968 -0.20089
v 0.19177 0.46369 -0.20706
v 0.19163 0.46923 -0.21514
v 0.20631 0.47046 -0.21200
v 0.22118 0.47090 -0.20992
v 0.27888 0.45953 -0.19079
v 0.25169 0.45824 -0.19802
v 0.25451 0.46666 -0.21079
v 0.27846 0.46685 -0.20289
v 0.22870 0.47559 -0.12954
v 0.18789 0.47436 -0.13717
v 0.15467 0.47389 -0.14392
v 0.26257 0.47742 -0.12366
v 0.28404 0.47834 -0.12168
v 0.31414 0.53895 -0.12881
v 0.30756 0.46311 -0.14735
v 0.31313 0.46929 -0.14753
v 0.30726 0.47551 -0.13157
v 0.30280 0.46996 -0.13306
v 0.12541 0.49682 -0.14005
v 0.14269 0.49629 -0.14140
v 0.14335 0.52722 -0.14446
v 0.12827 0.53117 -0.14333
v 0.14306 0.49635 -0.14221
v 0.14373 0.52673 -0.14523
v 0.14455 0.55408 -0.15204
v 0.14410 0.55117 -0.15080
v 0.13927 0.55806 -0.15132
v 0.14464 0.55131 -0.15092
v 0.14394 0.52732 -0.14452
v 0.14455 0.55408 -0.15204
v 0.14373 0.52673 -0.14523
v 0.14306 0.49635 -0.14221
v 0.14325 0.49632 -0.14138
v 0.14763 0.45098 -0.19168
v 0.14577 0.45189 -0.17583
v 0.12740 0.45001 -0.17613
v 0.14805 0.45095 -0.19315
v 0.14609 0.45275 -0.17604
v 0.14443 0.46068 -0.15997
v 0.14407 0.45996 -0.15948
v 0.12589 0.45836 -0.15922
v 0.14463 0.45998 -0.15942
v 0.14633 0.45191 -0.17578
v 0.14443 0.46068 -0.15997
v 0.14609 0.45275 -0.17604
v 0.14805 0.45095 -0.19315
v 0.14813 0.45100 -0.19163
v 0.14963 0.45345 -0.20586
v 0.14939 0.45320 -0.20555
v 0.14978 0.45321 -0.20551
v 0.15710 0.45524 -0.20973
v 0.14963 0.45345 -0.20586
v 0.14557 0.46279 -0.22341
v 0.14299 0.47431 -0.14721
v 0.12492 0.47326 -0.14627
v 0.14336 0.47477 -0.14791
v 0.14354 0.47433 -0.14715
v 0.14336 0.47477 -0.14791
v 0.14453 0.56621 -0.15626
v 0.14255 0.56910 -0.15743
v 0.14474 0.56631 -0.15648
v 0.08394 0.54095 -0.14298
v 0.07452 0.49865 -0.13924
v 0.11945 0.56062 -0.15206
v 0.07308 0.44778 -0.17790
v 0.07220 0.45638 -0.16046
v 0.07165 0.47189 -0.14632
v 0.32967 0.49246 -0.18534
v 0.33401 0.52100 -0.19513
v 0.31115 0.48380 -0.20485
v 0.32811 0.52303 -0.20778
v 0.14697 0.56934 -0.15714
v 0.14923 0.57234 -0.15781
v 0.14035 0.57198 -0.15856
v 0.14474 0.56631 -0.15648
v 0.14495 0.56634 -0.15638
v 0.15239 0.63594 -0.27877
v 0.07992 0.63487 -0.28316
v 0.15254 0.63584 -0.27771
v 0.08000 0.63476 -0.28208
v 0.25365 0.63970 -0.26572
v 0.21149 0.63774 -0.27245
v 0.25994 0.63986 -0.26388
v 0.21167 0.63763 -0.27137
v 0.15254 0.63584 -0.27771
v 0.15239 0.63594 -0.27877
v 0.29991 0.64227 -0.25604
v 0.28784 0.64152 -0.25944
v 0.32855 0.55899 -0.22453
v 0.33143 0.58753 -0.23253
v 0.32859 0.55915 -0.22391
v 0.33243 0.60196 -0.23596
v 0.07680 0.46520 -0.23167
v 0.07689 0.46585 -0.23079
v 0.13833 0.46671 -0.22697
v 0.13818 0.46608 -0.22790
v 0.19163 0.47143 -0.21705
v 0.20659 0.47267 -0.21393
v 0.19170 0.47196 -0.21588
v 0.20663 0.47328 -0.21291
v 0.22174 0.47383 -0.21096
v 0.22174 0.47313 -0.21184
v 0.25490 0.46986 -0.21452
v 0.27339 0.47081 -0.21067
v 0.25669 0.47049 -0.21353
v 0.28470 0.47182 -0.20754
v 0.32364 0.51634 -0.21193
v 0.32557 0.53045 -0.21651
v 0.13833 0.46671 -0.22697
v 0.17039 0.46708 -0.22428
v 0.17025 0.46651 -0.22533
v 0.13818 0.46608 -0.22790
v 0.18336 0.46739 -0.22232
v 0.18326 0.46688 -0.22350
v 0.18328 0.46458 -0.22160
v 0.16999 0.46389 -0.22272
v 0.16946 0.45717 -0.21277
v 0.18353 0.45871 -0.21355
v 0.18894 0.45331 -0.20445
v 0.17688 0.45079 -0.20138
v 0.20043 0.44922 -0.19445
v 0.20444 0.45242 -0.19938
v 0.22056 0.45529 -0.19988
v 0.22506 0.45215 -0.19446
v 0.23568 0.45929 -0.20390
v 0.22781 0.46116 -0.20745
v 0.22993 0.46687 -0.21557
v 0.23842 0.46639 -0.21431
v 0.23941 0.46922 -0.21720
v 0.23066 0.46925 -0.21773
v 0.23068 0.46997 -0.21689
v 0.23953 0.46991 -0.21634
v 0.18755 0.46806 -0.22072
v 0.18746 0.46756 -0.22194
v 0.18731 0.46909 -0.21928
v 0.18722 0.46859 -0.22050
v 0.18732 0.46640 -0.21881
v 0.18757 0.46537 -0.22028
v 0.18808 0.45979 -0.21286
v 0.18781 0.46081 -0.21128
v 0.19253 0.45574 -0.20283
v 0.19281 0.45471 -0.20452
v 0.18894 0.45331 -0.20445
v 0.19281 0.45471 -0.20452
v 0.20562 0.45405 -0.20008
v 0.20444 0.45242 -0.19938
v 0.19253 0.45574 -0.20283
v 0.20534 0.45508 -0.19835
v 0.21862 0.45792 -0.19901
v 0.21890 0.45690 -0.20073
v 0.22056 0.45529 -0.19988
v 0.21890 0.45690 -0.20073
v 0.22504 0.46235 -0.20768
v 0.21862 0.45792 -0.19901
v 0.22478 0.46337 -0.20595
v 0.22672 0.46862 -0.21332
v 0.22697 0.46759 -0.21505
v 0.22761 0.46983 -0.21695
v 0.22736 0.47085 -0.21523
v 0.22735 0.47158 -0.21440
v 0.22760 0.47055 -0.21613
v 0.18698 0.47047 -0.21784
v 0.18689 0.46997 -0.21906
v 0.19170 0.47196 -0.21588
v 0.19163 0.47143 -0.21705
v 0.19163 0.46923 -0.21514
v 0.18699 0.46778 -0.21725
v 0.18746 0.46220 -0.20939
v 0.19177 0.46369 -0.20706
v 0.19526 0.45968 -0.20089
v 0.19216 0.45712 -0.20060
v 0.19216 0.45712 -0.20060
v 0.20495 0.45646 -0.19602
v 0.21825 0.45931 -0.19667
v 0.21825 0.45931 -0.19667
v 0.22442 0.46476 -0.20362
v 0.21507 0.46122 -0.19773
v 0.21950 0.46561 -0.20244
v 0.22118 0.47090 -0.20992
v 0.22638 0.47001 -0.21099
v 0.22703 0.47224 -0.21289
v 0.22174 0.47313 -0.21184
v 0.22174 0.47383 -0.21096
v 0.22702 0.47296 -0.21207
v -0.34092 0.66447 -0.21637
v -0.34491 0.66054 -0.21210
v -0.34272 0.66586 -0.19537
v -0.33732 0.67066 -0.19833
v -0.32330 0.48054 -0.14742
v -0.31717 0.47492 -0.14756
v 0.34425 0.66586 -0.19537
v 0.33885 0.67066 -0.19833
v 0.32229 0.47162 -0.16494
v 0.32701 0.47710 -0.16341
v 0.32482 0.48054 -0.14742
v 0.31870 0.47492 -0.14756
v -0.34400 0.65525 -0.22627
v -0.34096 0.65718 -0.22788
v -0.31316 0.46328 -0.17723
v -0.31565 0.46662 -0.17765
v 0.33521 0.66533 -0.23221
v 0.33728 0.66226 -0.23087
v 0.32643 0.47488 -0.17735
v 0.32308 0.47245 -0.17771
v -0.31623 0.68106 -0.17258
v -0.31812 0.67805 -0.17102
v -0.29701 0.47830 -0.12204
v -0.29930 0.48172 -0.12218
v 0.31776 0.68106 -0.17258
v 0.31964 0.67805 -0.17102
v 0.29853 0.47830 -0.12204
v 0.30083 0.48172 -0.12218
v -0.33662 0.66661 -0.21600
v -0.33347 0.67271 -0.20005
v -0.33721 0.66549 -0.21731
v -0.33335 0.67163 -0.19979
v -0.32668 0.67487 -0.18209
v -0.32704 0.67516 -0.18383
v -0.30741 0.47810 -0.13386
v -0.31304 0.47243 -0.14802
v -0.30709 0.47919 -0.13263
v -0.31298 0.47350 -0.14833
v -0.31685 0.47041 -0.16524
v -0.31630 0.47005 -0.16366
v 0.32856 0.67516 -0.18383
v 0.33500 0.67271 -0.20005
v 0.32821 0.67487 -0.18209
v 0.33487 0.67163 -0.19979
v 0.33874 0.66549 -0.21731
v 0.33815 0.66661 -0.21600
v 0.31783 0.47005 -0.16366
v 0.31457 0.47243 -0.14802
v 0.31838 0.47041 -0.16524
v 0.31451 0.47350 -0.14833
v 0.30862 0.47919 -0.13263
v 0.30894 0.47810 -0.13386
v -0.33786 0.65932 -0.22920
v -0.33764 0.65988 -0.22911
v -0.31814 0.47001 -0.17774
v -0.31854 0.47025 -0.17740
v -0.31685 0.47041 -0.16524
v -0.31719 0.47094 -0.16366
v 0.33939 0.65932 -0.22920
v 0.33980 0.65926 -0.22874
v 0.33874 0.66549 -0.21731
v 0.33898 0.66579 -0.21552
v 0.31967 0.47001 -0.17774
v 0.31939 0.46958 -0.17739
v -0.32022 0.67499 -0.16976
v -0.32079 0.67479 -0.16987
v -0.32668 0.67487 -0.18209
v -0.32786 0.67432 -0.18336
v -0.30829 0.47900 -0.13386
v -0.30231 0.48511 -0.12276
v -0.30709 0.47919 -0.13263
v -0.30176 0.48501 -0.12258
v 0.32939 0.67432 -0.18336
v 0.32232 0.67478 -0.16987
v 0.32821 0.67487 -0.18209
v 0.32175 0.67499 -0.16976
v 0.30329 0.48501 -0.12258
v 0.30384 0.48511 -0.12276
v 0.30862 0.47919 -0.13263
v 0.30982 0.47900 -0.13386
v -0.33721 0.66549 -0.21731
v -0.33745 0.66579 -0.21552
v -0.33441 0.67177 -0.19951
v -0.33335 0.67163 -0.19979
v -0.31405 0.47345 -0.14802
v -0.31298 0.47350 -0.14833
v 0.33594 0.67177 -0.19951
v 0.33487 0.67163 -0.19979
v 0.31838 0.47041 -0.16524
v 0.31872 0.47094 -0.16366
v 0.31557 0.47345 -0.14802
v 0.31451 0.47350 -0.14833
v -0.33827 0.65926 -0.22874
v -0.33786 0.65932 -0.22920
v -0.31786 0.46958 -0.17739
v -0.31814 0.47001 -0.17774
v 0.33917 0.65988 -0.22911
v 0.33939 0.65932 -0.22920
v 0.32007 0.47025 -0.17740
v 0.31967 0.47001 -0.17774
v -0.32017 0.67542 -0.17023
v -0.32022 0.67499 -0.16976
v -0.30164 0.48443 -0.12276
v -0.30176 0.48501 -0.12258
v 0.32170 0.67542 -0.17023
v 0.32175 0.67499 -0.16976
v 0.30317 0.48443 -0.12276
v 0.30329 0.48501 -0.12258
vt 0.00941 -0.56950
vt -0.00253 -0.52549
vt -0.05015 -0.54179
vt -0.00641 -0.57928
vt -0.00533 -0.46960
vt -0.06008 -0.47387
vt -0.13197 -0.47233
vt -0.12847 -0.53518
vt -0.12808 -0.60285
vt -0.05807 -0.60263
vt -0.01016 -0.60259
vt -0.24560 -0.46222
vt -0.23378 -0.53309
vt -0.18805 -0.53274
vt -0.19101 -0.47167
vt -0.22754 -0.60289
vt -0.18344 -0.60281
vt -0.13576 -0.32586
vt -0.13436 -0.35938
vt -0.06230 -0.35876
vt -0.06224 -0.32493
vt -0.13351 -0.39323
vt -0.06259 -0.39285
vt -0.00418 -0.39294
vt -0.00290 -0.35903
vt -0.00177 -0.32607
vt -0.19666 -0.32962
vt -0.19397 -0.36187
vt -0.24073 -0.33411
vt -0.23751 -0.36482
vt -0.23523 -0.39605
vt -0.19241 -0.39461
vt -0.35942 -0.61064
vt -0.32762 -0.60717
vt -0.33433 -0.54025
vt -0.36595 -0.54321
vt -0.29582 -0.60484
vt -0.30268 -0.53746
vt -0.30830 -0.48391
vt -0.33916 -0.48667
vt -0.36985 -0.48948
vt -0.26396 -0.27379
vt -0.27070 -0.30868
vt -0.26440 -0.31397
vt -0.24480 -0.30495
vt -0.27376 -0.33597
vt -0.26375 -0.33724
vt -0.27841 -0.48151
vt -0.28770 -0.45850
vt -0.31173 -0.45786
vt -0.28204 -0.45283
vt -0.31022 -0.44828
vt 0.24768 -0.33114
vt 0.24768 -0.29781
vt 0.12475 -0.29673
vt 0.12607 -0.33049
vt 0.24768 -0.27248
vt 0.12377 -0.27088
vt -0.00062 -0.25966
vt 0.03230 -0.29806
vt 0.03429 -0.33029
vt -0.13845 -0.26626
vt -0.13775 -0.29215
vt -0.06248 -0.29087
vt -0.06300 -0.26485
vt -0.00101 -0.29424
vt 0.02038 -0.25748
vt -0.20055 -0.29726
vt -0.19916 -0.27196
vt -0.13318 -0.42795
vt -0.06303 -0.42772
vt -0.00544 -0.42761
vt -0.19194 -0.42842
vt -0.23398 -0.42673
vt -0.27058 -0.53487
vt -0.26373 -0.60349
vt -0.26137 -0.36683
vt -0.27245 -0.36804
vt -0.26734 -0.40010
vt -0.25789 -0.39662
vt 0.04348 -0.47451
vt 0.01357 -0.47273
vt 0.01607 -0.52424
vt 0.04215 -0.53076
vt 0.01078 -0.46708
vt 0.01308 -0.52271
vt 0.01538 -0.57834
vt 0.01604 -0.56926
vt 0.02500 -0.57482
vt 0.01635 -0.56393
vt 0.01531 -0.51897
vt 0.01941 -0.57270
vt 0.01826 -0.51735
vt 0.01711 -0.46199
vt 0.01485 -0.46777
vt 0.00216 -0.33233
vt 0.00473 -0.36341
vt 0.03684 -0.36346
vt -0.00118 -0.33004
vt 0.00195 -0.36360
vt 0.00508 -0.39715
vt 0.00784 -0.39743
vt 0.03959 -0.39749
vt 0.01716 -0.39297
vt 0.01875 -0.35923
vt 0.01993 -0.39261
vt 0.02153 -0.35939
vt 0.02313 -0.32617
vt 0.01998 -0.32851
vt -0.00090 -0.29485
vt 0.00082 -0.30639
vt 0.02039 -0.30307
vt 0.02175 -0.29183
vt 0.01081 -0.43217
vt 0.04222 -0.43230
vt 0.00793 -0.43212
vt 0.01566 -0.42746
vt 0.01852 -0.42730
vt 0.01121 -0.59037
vt 0.01210 -0.59584
vt 0.00607 -0.59352
vt -0.00324 -0.60870
vt 0.11442 -0.54727
vt 0.12735 -0.47887
vt 0.04837 -0.58487
vt 0.05423 -0.60806
vt 0.12931 -0.60832
vt 0.24768 -0.60863
vt 0.24768 -0.54286
vt 0.24768 -0.47790
vt 0.12759 -0.36398
vt 0.12918 -0.39782
vt 0.24768 -0.39805
vt 0.24768 -0.36436
vt 0.13068 -0.43258
vt 0.24768 -0.43276
vt -0.39799 -0.54630
vt -0.39155 -0.61540
vt -0.39920 -0.49203
vt -0.43365 -0.47779
vt -0.42211 -0.55468
vt -0.41628 -0.61953
vt 0.01901 -0.60538
vt 0.01514 -0.59116
vt 0.01088 -0.59517
vt 0.01029 -0.60352
vt 0.01896 -0.60023
vt 0.01847 -0.60820
vt 0.01728 -0.58554
vt 0.01921 -0.58904
vt 0.01074 -0.63768
vt -0.00500 -0.62663
vt -0.04511 -0.66427
vt 0.00169 -0.68146
vt -0.12027 -0.67091
vt -0.11644 -0.73393
vt -0.04900 -0.73264
vt 0.00255 -0.73724
vt -0.17757 -0.67309
vt -0.22172 -0.67288
vt -0.22100 -0.74356
vt -0.17176 -0.73415
vt 0.00687 -0.81125
vt -0.04657 -0.81140
vt -0.04593 -0.84306
vt 0.00838 -0.84254
vt -0.11141 -0.81081
vt -0.11175 -0.84239
vt -0.11476 -0.87628
vt -0.04777 -0.86988
vt 0.01201 -0.87474
vt -0.16617 -0.83909
vt -0.17058 -0.86899
vt -0.16520 -0.80871
vt -0.20474 -0.80644
vt -0.20654 -0.83519
vt -0.21143 -0.86345
vt -0.28308 -0.72654
vt -0.28865 -0.67242
vt -0.31948 -0.67419
vt -0.31241 -0.72829
vt -0.35012 -0.67799
vt -0.34140 -0.73183
vt -0.39604 -0.76188
vt -0.36312 -0.76715
vt -0.35844 -0.76006
vt -0.36872 -0.73743
vt -0.33746 -0.76959
vt -0.33665 -0.75870
vt -0.28107 -0.75358
vt -0.25910 -0.75036
vt -0.25479 -0.72629
vt -0.27781 -0.76387
vt -0.25283 -0.75608
vt 0.04511 -0.87664
vt 0.04189 -0.90622
vt 0.13013 -0.91352
vt 0.13223 -0.88104
vt 0.00797 -0.93891
vt 0.12836 -0.93869
vt 0.24768 -0.94231
vt 0.24768 -0.91662
vt 0.24768 -0.88352
vt -0.02176 -1.03125
vt -0.02587 -1.00654
vt -0.06048 -1.00699
vt -0.05990 -1.02533
vt -0.02997 -0.98182
vt -0.06121 -0.98775
vt -0.09290 -0.98465
vt -0.09510 -1.00743
vt -0.09731 -1.03022
vt -0.14061 -0.93187
vt -0.13557 -0.90814
vt -0.17876 -0.89971
vt -0.18194 -0.92418
vt -0.21939 -0.89092
vt -0.24323 -0.92012
vt -0.04855 -0.77814
vt 0.00461 -0.77833
vt -0.11323 -0.77761
vt -0.16735 -0.77654
vt -0.20607 -0.77751
vt -0.25740 -0.67231
vt -0.23022 -0.83270
vt -0.23391 -0.85990
vt -0.22685 -0.80535
vt -0.23733 -0.80176
vt -0.24234 -0.83128
vt -0.24509 -0.86094
vt 0.05069 -0.74097
vt 0.04661 -0.68496
vt 0.02145 -0.69119
vt 0.02196 -0.74222
vt 0.02713 -0.64094
vt 0.01869 -0.64642
vt 0.01758 -0.63735
vt 0.01865 -0.69274
vt 0.01973 -0.74813
vt 0.01925 -0.68814
vt 0.01773 -0.64346
vt 0.02159 -0.73902
vt 0.02423 -0.74488
vt 0.02218 -0.68954
vt 0.02014 -0.63421
vt 0.04792 -0.84654
vt 0.01740 -0.84540
vt 0.01466 -0.87332
vt 0.05010 -0.81529
vt 0.01987 -0.81436
vt 0.01752 -0.81498
vt 0.01463 -0.84521
vt 0.01174 -0.87545
vt 0.02825 -0.84227
vt 0.02648 -0.81110
vt 0.02940 -0.87033
vt 0.03236 -0.87256
vt 0.03091 -0.84213
vt 0.02946 -0.81170
vt 0.01230 -0.89670
vt 0.00986 -0.90718
vt 0.02177 -0.90377
vt 0.02986 -0.89377
vt 0.03011 -0.93601
vt 0.03124 -0.90428
vt 0.05144 -0.78226
vt 0.02141 -0.78162
vt 0.01862 -0.78155
vt 0.02413 -0.77835
vt 0.02684 -0.77829
vt 0.01301 -0.62046
vt 0.01252 -0.62580
vt 0.00717 -0.62302
vt 0.13134 -0.73808
vt 0.11649 -0.66938
vt 0.24768 -0.74007
vt 0.24768 -0.67462
vt 0.04947 -0.63116
vt 0.24768 -0.81928
vt 0.13518 -0.81770
vt 0.13392 -0.84957
vt 0.24768 -0.85156
vt 0.13594 -0.78403
vt 0.24768 -0.78520
vt -0.40527 -0.68384
vt -0.38077 -0.68416
vt 0.01103 -0.61191
vt 0.01539 -0.61720
vt 0.01954 -0.61598
vt 0.01767 -0.62277
vt 0.01957 -0.61980
vt 0.12325 -0.26113
vt -0.00117 -0.25685
vt 0.24768 -0.26327
vt 0.24768 -0.26482
vt 0.12298 -0.25943
vt -0.00172 -0.25405
vt -0.06380 -0.25513
vt -0.13599 -0.25621
vt 0.01947 -0.25584
vt 0.01857 -0.25421
vt -0.06473 -0.25357
vt -0.14802 -0.25293
vt -0.18603 -0.26088
vt -0.20599 -0.26336
vt -0.42997 -0.57348
vt -0.42592 -0.62108
vt -0.43155 -0.54965
vt -0.42945 -0.62151
vt 0.12769 -0.94821
vt 0.24768 -0.95201
vt 0.00769 -0.94061
vt 0.00742 -0.94231
vt 0.12755 -0.94991
vt 0.24768 -0.95751
vt -0.06004 -1.03286
vt -0.02242 -1.03356
vt -0.09767 -1.03217
vt -0.09804 -1.03412
vt -0.06055 -1.03500
vt -0.02307 -1.03587
vt -0.17135 -0.93538
vt -0.13972 -0.94123
vt -0.18981 -0.93231
vt -0.13638 -0.94450
vt -0.41744 -0.66818
vt -0.41275 -0.69170
vt 0.02912 -0.93943
vt 0.02962 -0.93772
vt 0.00212 -0.93942
vt 0.00132 -0.94083
vt 0.00199 -0.93201
vt -0.01935 -0.93455
vt -0.01918 -0.94062
vt -0.02648 -0.94224
vt 0.00000 -0.91257
vt -0.01477 -0.89387
vt -0.03294 -0.90154
vt -0.02208 -0.91866
vt -0.05325 -0.88863
vt -0.09263 -0.89628
vt -0.08816 -0.90516
vt -0.06055 -0.90335
vt -0.11009 -0.91625
vt -0.11501 -0.93613
vt -0.10110 -0.93791
vt -0.09702 -0.92214
vt -0.11675 -0.94350
vt -0.11691 -0.94462
vt -0.09745 -0.94473
vt -0.10208 -0.94368
vt -0.02808 -0.94082
vt -0.02951 -0.94185
vt -0.02812 -0.93523
vt -0.03087 -0.93513
vt -0.03094 -0.94076
vt -0.03253 -0.94147
vt -0.03109 -0.92052
vt -0.03553 -0.90125
vt -0.03812 -0.90097
vt -0.03398 -0.92029
vt -0.03020 -0.96426
vt -0.06167 -0.96568
vt -0.06163 -0.96876
vt -0.03016 -0.96734
vt -0.09313 -0.96709
vt -0.09309 -0.97017
vt -0.09305 -0.97326
vt -0.06158 -0.97250
vt -0.03012 -0.97043
vt -0.09107 -0.92392
vt -0.08564 -0.90505
vt -0.09487 -0.93819
vt -0.09188 -0.93763
vt -0.08810 -0.92352
vt -0.08311 -0.90493
vt -0.09537 -0.94324
vt -0.09422 -0.94369
vt -0.09100 -0.94264
vt -0.09212 -0.94247
vt -0.03409 -0.94117
vt -0.03576 -0.94235
vt -0.03415 -0.93531
vt -0.03582 -0.94042
vt -0.03740 -0.94182
vt -0.03898 -0.94322
vt -0.03766 -0.92010
vt -0.04288 -0.90020
vt -0.04764 -0.89943
vt -0.04173 -0.91992
vt -0.06151 -0.97754
vt -0.03004 -0.97613
vt -0.09297 -0.97895
vt -0.08394 -0.92284
vt -0.07836 -0.90417
vt -0.08772 -0.93687
vt -0.08480 -0.94065
vt -0.07920 -0.92203
vt -0.07360 -0.90341
vt -0.08787 -0.94161
vt -0.08620 -0.94170
vt -0.08141 -0.94075
vt -0.08311 -0.94070
vt 0.48345 -0.56950
vt 0.49926 -0.57927
vt 0.54300 -0.54179
vt 0.49538 -0.52548
vt 0.50302 -0.60259
vt 0.55093 -0.60262
vt 0.62094 -0.60284
vt 0.62133 -0.53516
vt 0.62482 -0.47232
vt 0.55292 -0.47386
vt 0.49818 -0.46960
vt 0.67630 -0.60279
vt 0.68090 -0.53272
vt 0.72040 -0.60287
vt 0.72663 -0.53307
vt 0.73844 -0.46220
vt 0.68385 -0.47166
vt 0.49703 -0.39294
vt 0.55543 -0.39284
vt 0.55514 -0.35875
vt 0.49574 -0.35903
vt 0.62635 -0.39322
vt 0.62720 -0.35937
vt 0.62860 -0.32585
vt 0.55508 -0.32493
vt 0.49461 -0.32607
vt 0.68681 -0.36185
vt 0.68950 -0.32960
vt 0.68526 -0.39459
vt 0.72807 -0.39603
vt 0.73036 -0.36480
vt 0.73357 -0.33408
vt 0.80114 -0.48388
vt 0.79554 -0.53743
vt 0.82718 -0.54022
vt 0.83201 -0.48664
vt 0.78868 -0.60482
vt 0.82048 -0.60714
vt 0.85228 -0.61061
vt 0.85880 -0.54317
vt 0.86270 -0.48944
vt 0.92649 -0.47775
vt 0.89368 -0.46299
vt 0.88715 -0.46773
vt 0.89205 -0.49199
vt 0.86750 -0.45398
vt 0.86416 -0.46320
vt 0.80457 -0.45783
vt 0.78055 -0.45847
vt 0.77126 -0.48149
vt 0.80307 -0.44825
vt 0.77489 -0.45280
vt 0.49597 -0.25966
vt 0.37159 -0.27088
vt 0.37060 -0.29672
vt 0.46305 -0.29806
vt 0.36928 -0.33048
vt 0.46106 -0.33029
vt 0.63128 -0.26625
vt 0.55584 -0.26484
vt 0.55532 -0.29087
vt 0.63059 -0.29214
vt 0.47246 -0.25747
vt 0.49385 -0.29424
vt 0.75679 -0.27377
vt 0.69200 -0.27194
vt 0.69339 -0.29724
vt 0.73763 -0.30493
vt 0.55588 -0.42772
vt 0.49829 -0.42760
vt 0.62603 -0.42794
vt 0.68479 -0.42840
vt 0.72682 -0.42671
vt 0.75659 -0.60347
vt 0.76343 -0.53484
vt 0.75421 -0.36681
vt 0.75659 -0.33721
vt 0.75073 -0.39660
vt 0.76019 -0.40007
vt 0.76530 -0.36802
vt 0.76660 -0.33594
vt 0.45188 -0.47451
vt 0.45321 -0.53076
vt 0.47929 -0.52424
vt 0.48179 -0.47273
vt 0.47036 -0.57482
vt 0.47932 -0.56925
vt 0.47997 -0.57833
vt 0.48227 -0.52271
vt 0.48457 -0.46708
vt 0.47754 -0.51897
vt 0.47650 -0.56393
vt 0.47800 -0.46777
vt 0.47574 -0.46199
vt 0.47459 -0.51735
vt 0.47344 -0.57270
vt 0.45852 -0.36346
vt 0.49062 -0.36341
vt 0.49319 -0.33233
vt 0.45576 -0.39749
vt 0.48751 -0.39743
vt 0.49027 -0.39715
vt 0.49340 -0.36359
vt 0.49653 -0.33004
vt 0.47409 -0.35923
vt 0.47568 -0.39297
vt 0.47285 -0.32850
vt 0.46971 -0.32617
vt 0.47131 -0.35939
vt 0.47291 -0.39261
vt 0.49453 -0.30639
vt 0.49625 -0.29485
vt 0.47245 -0.30306
vt 0.47108 -0.29182
vt 0.45314 -0.43229
vt 0.48455 -0.43217
vt 0.48742 -0.43212
vt 0.47718 -0.42746
vt 0.47433 -0.42730
vt 0.48325 -0.59584
vt 0.48415 -0.59037
vt 0.49860 -0.60870
vt 0.48929 -0.59352
vt 0.36801 -0.47887
vt 0.38094 -0.54727
vt 0.36605 -0.60832
vt 0.44113 -0.60806
vt 0.44698 -0.58487
vt 0.36618 -0.39782
vt 0.36776 -0.36398
vt 0.36467 -0.43258
vt 0.88441 -0.61537
vt 0.89084 -0.54627
vt 0.90914 -0.61949
vt 0.91496 -0.55464
vt 0.47385 -0.60538
vt 0.48257 -0.60352
vt 0.48198 -0.59517
vt 0.47771 -0.59116
vt 0.47688 -0.60820
vt 0.47640 -0.60023
vt 0.47365 -0.58904
vt 0.47558 -0.58554
vt 0.48212 -0.63767
vt 0.49118 -0.68146
vt 0.53797 -0.66426
vt 0.49786 -0.62662
vt 0.49032 -0.73724
vt 0.54187 -0.73263
vt 0.60931 -0.73392
vt 0.61313 -0.67090
vt 0.71388 -0.74353
vt 0.71458 -0.67286
vt 0.67044 -0.67308
vt 0.66463 -0.73413
vt 0.60765 -0.87627
vt 0.60463 -0.84238
vt 0.53881 -0.84305
vt 0.54065 -0.86987
vt 0.60429 -0.81079
vt 0.53945 -0.81140
vt 0.48600 -0.81125
vt 0.48450 -0.84254
vt 0.48087 -0.87474
vt 0.66346 -0.86898
vt 0.65905 -0.83908
vt 0.70431 -0.86342
vt 0.69942 -0.83517
vt 0.69762 -0.80642
vt 0.65808 -0.80869
vt 0.81235 -0.67416
vt 0.84298 -0.67796
vt 0.78151 -0.67239
vt 0.77595 -0.72651
vt 0.80528 -0.72826
vt 0.83427 -0.73180
vt 0.73612 -0.92009
vt 0.73778 -0.88669
vt 0.73005 -0.88173
vt 0.71227 -0.89090
vt 0.73797 -0.86091
vt 0.72679 -0.85988
vt 0.74766 -0.72626
vt 0.75197 -0.75033
vt 0.77394 -0.75356
vt 0.74570 -0.75606
vt 0.77068 -0.76384
vt 0.45024 -0.87664
vt 0.36313 -0.88104
vt 0.36523 -0.91352
vt 0.45346 -0.90622
vt 0.36699 -0.93869
vt 0.48739 -0.93891
vt 0.58463 -0.98911
vt 0.55294 -0.99221
vt 0.55221 -1.01144
vt 0.58683 -1.01189
vt 0.52170 -0.98628
vt 0.51759 -1.01099
vt 0.51349 -1.03570
vt 0.55163 -1.02978
vt 0.58903 -1.03468
vt 0.67165 -0.89969
vt 0.62846 -0.90813
vt 0.63350 -0.93186
vt 0.67483 -0.92416
vt 0.60610 -0.77759
vt 0.54142 -0.77813
vt 0.48827 -0.77833
vt 0.66023 -0.77653
vt 0.69894 -0.77749
vt 0.75026 -0.67229
vt 0.72310 -0.83267
vt 0.73522 -0.83126
vt 0.73021 -0.80174
vt 0.71972 -0.80533
vt 0.44466 -0.74097
vt 0.47340 -0.74222
vt 0.47391 -0.69119
vt 0.44875 -0.68496
vt 0.47563 -0.74813
vt 0.47670 -0.69274
vt 0.47778 -0.63735
vt 0.47666 -0.64642
vt 0.46823 -0.64094
vt 0.47513 -0.64346
vt 0.47362 -0.68813
vt 0.47273 -0.63421
vt 0.47069 -0.68954
vt 0.46864 -0.74488
vt 0.47128 -0.73902
vt 0.48070 -0.87332
vt 0.47795 -0.84540
vt 0.44744 -0.84654
vt 0.48361 -0.87545
vt 0.48072 -0.84521
vt 0.47784 -0.81498
vt 0.47548 -0.81436
vt 0.44526 -0.81529
vt 0.46640 -0.81110
vt 0.46463 -0.84227
vt 0.46342 -0.81170
vt 0.46197 -0.84213
vt 0.46052 -0.87256
vt 0.46349 -0.87033
vt 0.48550 -0.90718
vt 0.48306 -0.89670
vt 0.46302 -0.89377
vt 0.47112 -0.90377
vt 0.46165 -0.90429
vt 0.46278 -0.93601
vt 0.47394 -0.78162
vt 0.44391 -0.78226
vt 0.47673 -0.78155
vt 0.46874 -0.77835
vt 0.46603 -0.77829
vt 0.48283 -0.62580
vt 0.48234 -0.62046
vt 0.48819 -0.62302
vt 0.37886 -0.66938
vt 0.36401 -0.73808
vt 0.44588 -0.63115
vt 0.36143 -0.84957
vt 0.36018 -0.81770
vt 0.35941 -0.78403
vt 0.86158 -0.73739
vt 0.87364 -0.68413
vt 0.88891 -0.76184
vt 0.89814 -0.68381
vt 0.47747 -0.61720
vt 0.48183 -0.61190
vt 0.47581 -0.61598
vt 0.47329 -0.61980
vt 0.47519 -0.62277
vt 0.49652 -0.25685
vt 0.37210 -0.26113
vt 0.49707 -0.25405
vt 0.37238 -0.25943
vt 0.62882 -0.25620
vt 0.55663 -0.25512
vt 0.64086 -0.25291
vt 0.55756 -0.25356
vt 0.47426 -0.25421
vt 0.47336 -0.25584
vt 0.69882 -0.26334
vt 0.67886 -0.26086
vt 0.91879 -0.62104
vt 0.92283 -0.57344
vt 0.92231 -0.62148
vt 0.92440 -0.54961
vt 0.36767 -0.94821
vt 0.36780 -0.94991
vt 0.48793 -0.94231
vt 0.48766 -0.94061
vt 0.51414 -1.03801
vt 0.55177 -1.03732
vt 0.51480 -1.04032
vt 0.55228 -1.03945
vt 0.58977 -1.03858
vt 0.58940 -1.03663
vt 0.63262 -0.94121
vt 0.66424 -0.93536
vt 0.62927 -0.94449
vt 0.68270 -0.93229
vt 0.90561 -0.69166
vt 0.91031 -0.66814
vt 0.46377 -0.93943
vt 0.49157 -0.94083
vt 0.49078 -0.93942
vt 0.46328 -0.93772
vt 0.51938 -0.94223
vt 0.51208 -0.94062
vt 0.51224 -0.93455
vt 0.49090 -0.93200
vt 0.49289 -0.91257
vt 0.51497 -0.91866
vt 0.52583 -0.90154
vt 0.50766 -0.89387
vt 0.54613 -0.88862
vt 0.55344 -0.90334
vt 0.58105 -0.90515
vt 0.58551 -0.89627
vt 0.60298 -0.91624
vt 0.58991 -0.92213
vt 0.59400 -0.93790
vt 0.60790 -0.93612
vt 0.60965 -0.94349
vt 0.59498 -0.94367
vt 0.59035 -0.94473
vt 0.60981 -0.94461
vt 0.52240 -0.94185
vt 0.52098 -0.94082
vt 0.52543 -0.94146
vt 0.52383 -0.94075
vt 0.52377 -0.93512
vt 0.52102 -0.93523
vt 0.52398 -0.92052
vt 0.52687 -0.92028
vt 0.53101 -0.90096
vt 0.52842 -0.90125
vt 0.52194 -0.96872
vt 0.52189 -0.97180
vt 0.55336 -0.97322
vt 0.55340 -0.97013
vt 0.52185 -0.97488
vt 0.55331 -0.97695
vt 0.58478 -0.97772
vt 0.58482 -0.97463
vt 0.58486 -0.97155
vt 0.57852 -0.90504
vt 0.58396 -0.92392
vt 0.57600 -0.90493
vt 0.58099 -0.92351
vt 0.58477 -0.93762
vt 0.58776 -0.93819
vt 0.58826 -0.94324
vt 0.58502 -0.94246
vt 0.58389 -0.94263
vt 0.58712 -0.94368
vt 0.52866 -0.94234
vt 0.52699 -0.94116
vt 0.53188 -0.94321
vt 0.53030 -0.94181
vt 0.52872 -0.94041
vt 0.52705 -0.93531
vt 0.53055 -0.92009
vt 0.53463 -0.91991
vt 0.54053 -0.89941
vt 0.53577 -0.90019
vt 0.52178 -0.98058
vt 0.55324 -0.98200
vt 0.58470 -0.98341
vt 0.57124 -0.90417
vt 0.57684 -0.92284
vt 0.56649 -0.90340
vt 0.57209 -0.92202
vt 0.57770 -0.94065
vt 0.58061 -0.93686
vt 0.58076 -0.94160
vt 0.57600 -0.94070
vt 0.57431 -0.94075
vt 0.57910 -0.94169
vt -0.37466 -0.45401
vt -0.37131 -0.46324
vt -0.34169 -0.45969
vt -0.34278 -0.44889
vt -0.30889 -0.75645
vt -0.30753 -0.76843
vt 0.83454 -0.45966
vt 0.83562 -0.44886
vt 0.83033 -0.76956
vt 0.82952 -0.75867
vt 0.80176 -0.75642
vt 0.80040 -0.76840
vt -0.39430 -0.46776
vt -0.40083 -0.46302
vt -0.23717 -0.88176
vt -0.24489 -0.88671
vt 0.75724 -0.31395
vt 0.76354 -0.30866
vt 0.85131 -0.76002
vt 0.85599 -0.76712
vt -0.25394 -0.42047
vt -0.25899 -0.42732
vt -0.22454 -0.78306
vt -0.23073 -0.77638
vt 0.74679 -0.42045
vt 0.75184 -0.42730
vt 0.71742 -0.78304
vt 0.72361 -0.77636
vt -0.27891 -0.33731
vt -0.27768 -0.36860
vt -0.28352 -0.33368
vt -0.27999 -0.36882
vt -0.27646 -0.40396
vt -0.27264 -0.39978
vt -0.24291 -0.80190
vt -0.24803 -0.83061
vt -0.24621 -0.79808
vt -0.25050 -0.83031
vt -0.25478 -0.86254
vt -0.25050 -0.85953
vt 0.76549 -0.39976
vt 0.77053 -0.36857
vt 0.76931 -0.40394
vt 0.77283 -0.36880
vt 0.77636 -0.33366
vt 0.77175 -0.33729
vt 0.74338 -0.85950
vt 0.74091 -0.83059
vt 0.74767 -0.86251
vt 0.74337 -0.83028
vt 0.73908 -0.79805
vt 0.73578 -0.80187
vt -0.27374 -0.30373
vt -0.27548 -0.31361
vt -0.36766 -0.77064
vt -0.35833 -0.77199
vt -0.33928 -0.77940
vt -0.33604 -0.77501
vt 0.89914 -0.46132
vt 0.88984 -0.45728
vt 0.87180 -0.44488
vt 0.86725 -0.44879
vt 0.74189 -0.89130
vt 0.74218 -0.88188
vt -0.27681 -0.45031
vt -0.28712 -0.44781
vt -0.30801 -0.43840
vt -0.31154 -0.44321
vt -0.27804 -0.76941
vt -0.25656 -0.76181
vt -0.27403 -0.77325
vt -0.24752 -0.75840
vt 0.80438 -0.44318
vt 0.77997 -0.44778
vt 0.80086 -0.43837
vt 0.76965 -0.45029
vt 0.74039 -0.75838
vt 0.74943 -0.76178
vt 0.76691 -0.77323
vt 0.77091 -0.76939
vt -0.37895 -0.44492
vt -0.37440 -0.44882
vt -0.34327 -0.44384
vt -0.34348 -0.44166
vt -0.30691 -0.77399
vt -0.30666 -0.77632
vt 0.83612 -0.44380
vt 0.83633 -0.44163
vt 0.83215 -0.77936
vt 0.82891 -0.77498
vt 0.79978 -0.77396
vt 0.79953 -0.77630
vt -0.39699 -0.45731
vt -0.40630 -0.46135
vt -0.24930 -0.88191
vt -0.24901 -0.89133
vt 0.76832 -0.31358
vt 0.76657 -0.30371
vt 0.85120 -0.77195
vt 0.86053 -0.77060
vt -0.26462 -0.42319
vt -0.26103 -0.43309
vt -0.23615 -0.78013
vt -0.23361 -0.77082
vt 0.75747 -0.42317
vt 0.75388 -0.43307
vt 0.72902 -0.78011
vt 0.72648 -0.77079
f 4084/4084 4085/4085 4086/4086
f 4086/4086 4087/4087 4084/4084
f 4088/4088 4089/4089 4086/4086
f 4086/4086 4085/4085 4088/4088
f 4090/4090 4091/4091 4086/4086
f 4086/4086 4089/4089 4090/4090
f 4092/4092 4093/4093 4086/4086
f 4086/4086 4091/4091 4092/4092
f 4094/4094 4087/4087 4086/4086
f 4086/4086 4093/4093 4094/4094
f 4095/4095 4096/4096 4097/4097
f 4097/4097 4098/4098 4095/4095
f 4096/4096 4099/4099 4100/4100
f 4100/4100 4097/4097 4096/4096
f 4097/4097 4100/4100 4092/4092
f 4092/4092 4091/4091 4097/4097
f 4098/4098 4097/4097 4091/4091
f 4091/4091 4090/4090 4098/4098
f 4101/4101 4102/4102 4103/4103
f 4103/4103 4104/4104 4101/4101
f 4102/4102 4105/4105 4106/4106
f 4106/4106 4103/4103 4102/4102
f 4103/4103 4106/4106 4107/4107
f 4107/4107 4108/4108 4103/4103
f 4104/4104 4103/4103 4108/4108
f 4108/4108 4109/4109 4104/4104
f 4101/4101 4110/4110 4111/4111
f 4111/4111 4102/4102 4101/4101
f 4110/4110 4112/4112 4113/4113
f 4113/4113 4111/4111 4110/4110
f 4111/4111 4113/4113 4114/4114
f 4114/4114 4115/4115 4111/4111
f 4102/4102 4111/4111 4115/4115
f 4115/4115 4105/4105 4102/4102
f 4116/4116 4117/4117 4118/4118
f 4118/4118 4119/4119 4116/4116
f 4117/4117 4120/4120 4121/4121
f 4121/4121 4118/4118 4117/4117
f 4118/4118 4121/4121 4122/4122
f 4122/4122 4123/4123 4118/4118
f 4119/4119 4118/4118 4123/4123
f 4123/4123 4124/4124 4119/4119
f 4125/4125 4126/4126 4127/4127
f 4127/4127 4128/4128 4125/4125
f 4129/4129 4130/4130 4127/4127
f 4127/4127 4126/4126 4129/4129
f 4112/4112 4128/4128 4127/4127
f 4127/4127 4130/4130 4112/4112
f 4122/4122 4131/4131 4132/4132
f 4132/4132 4133/4133 4122/4122
f 4095/4095 4134/4134 4132/4132
f 4132/4132 4131/4131 4095/4095
f 4135/4135 4133/4133 4132/4132
f 4132/4132 4134/4134 4135/4135
f 4136/4136 4137/4137 4138/4138
f 4138/4138 4139/4139 4136/4136
f 4137/4137 4140/4140 4141/4141
f 4141/4141 4138/4138 4137/4137
f 4138/4138 4141/4141 4142/4142
f 4142/4142 4143/4143 4138/4138
f 4139/4139 4138/4138 4143/4143
f 4143/4143 4144/4144 4139/4139
f 4145/4145 4146/4146 4147/4147
f 4147/4147 4148/4148 4145/4145
f 4146/4146 4101/4101 4104/4104
f 4104/4104 4147/4147 4146/4146
f 4147/4147 4104/4104 4109/4109
f 4109/4109 4149/4149 4147/4147
f 4148/4148 4147/4147 4149/4149
f 4149/4149 4150/4150 4148/4148
f 4125/4125 4128/4128 4151/4151
f 4151/4151 4152/4152 4125/4125
f 4128/4128 4112/4112 4110/4110
f 4110/4110 4151/4151 4128/4128
f 4151/4151 4110/4110 4101/4101
f 4101/4101 4146/4146 4151/4151
f 4152/4152 4151/4151 4146/4146
f 4146/4146 4145/4145 4152/4152
f 4105/4105 4153/4153 4154/4154
f 4154/4154 4106/4106 4105/4105
f 4153/4153 4090/4090 4089/4089
f 4089/4089 4154/4154 4153/4153
f 4154/4154 4089/4089 4088/4088
f 4088/4088 4155/4155 4154/4154
f 4106/4106 4154/4154 4155/4155
f 4155/4155 4107/4107 4106/4106
f 4090/4090 4153/4153 4156/4156
f 4156/4156 4098/4098 4090/4090
f 4153/4153 4105/4105 4115/4115
f 4115/4115 4156/4156 4153/4153
f 4156/4156 4115/4115 4114/4114
f 4114/4114 4157/4157 4156/4156
f 4098/4098 4156/4156 4157/4157
f 4157/4157 4095/4095 4098/4098
f 4122/4122 4121/4121 4158/4158
f 4158/4158 4131/4131 4122/4122
f 4121/4121 4120/4120 4159/4159
f 4159/4159 4158/4158 4121/4121
f 4158/4158 4159/4159 4099/4099
f 4099/4099 4096/4096 4158/4158
f 4131/4131 4158/4158 4096/4096
f 4096/4096 4095/4095 4131/4131
f 4112/4112 4130/4130 4160/4160
f 4160/4160 4113/4113 4112/4112
f 4130/4130 4129/4129 4161/4161
f 4161/4161 4160/4160 4130/4130
f 4160/4160 4161/4161 4162/4162
f 4162/4162 4163/4163 4160/4160
f 4113/4113 4160/4160 4163/4163
f 4163/4163 4114/4114 4113/4113
f 4164/4164 4165/4165 4166/4166
f 4166/4166 4167/4167 4164/4164
f 4165/4165 4168/4168 4169/4169
f 4169/4169 4166/4166 4165/4165
f 4166/4166 4169/4169 4170/4170
f 4170/4170 4171/4171 4166/4166
f 4167/4167 4166/4166 4171/4171
f 4171/4171 4172/4172 4167/4167
f 4084/4084 4173/4173 4174/4174
f 4174/4174 4085/4085 4084/4084
f 4173/4173 4175/4175 4176/4176
f 4176/4176 4174/4174 4173/4173
f 4174/4174 4176/4176 4177/4177
f 4177/4177 4178/4178 4174/4174
f 4085/4085 4174/4174 4178/4178
f 4178/4178 4088/4088 4085/4085
f 4144/4144 4179/4179 4180/4180
f 4180/4180 4181/4181 4144/4144
f 4179/4179 4182/4182 4183/4183
f 4183/4183 4180/4180 4179/4179
f 4180/4180 4183/4183 4184/4184
f 4184/4184 4185/4185 4180/4180
f 4181/4181 4180/4180 4185/4185
f 4185/4185 4186/4186 4181/4181
f 4107/4107 4187/4187 4188/4188
f 4188/4188 4108/4108 4107/4107
f 4187/4187 4189/4189 4190/4190
f 4190/4190 4188/4188 4187/4187
f 4188/4188 4190/4190 4191/4191
f 4191/4191 4192/4192 4188/4188
f 4108/4108 4188/4188 4192/4192
f 4192/4192 4109/4109 4108/4108
f 4142/4142 4193/4193 4194/4194
f 4194/4194 4143/4143 4142/4142
f 4182/4182 4179/4179 4194/4194
f 4194/4194 4193/4193 4182/4182
f 4144/4144 4143/4143 4194/4194
f 4194/4194 4179/4179 4144/4144
f 4109/4109 4192/4192 4195/4195
f 4195/4195 4149/4149 4109/4109
f 4191/4191 4196/4196 4195/4195
f 4195/4195 4192/4192 4191/4191
f 4150/4150 4149/4149 4195/4195
f 4195/4195 4196/4196 4150/4150
f 4186/4186 4185/4185 4197/4197
f 4197/4197 4198/4198 4186/4186
f 4185/4185 4184/4184 4199/4199
f 4199/4199 4197/4197 4185/4185
f 4197/4197 4199/4199 4168/4168
f 4168/4168 4165/4165 4197/4197
f 4198/4198 4197/4197 4165/4165
f 4165/4165 4164/4164 4198/4198
f 4088/4088 4178/4178 4200/4200
f 4200/4200 4155/4155 4088/4088
f 4178/4178 4177/4177 4201/4201
f 4201/4201 4200/4200 4178/4178
f 4200/4200 4201/4201 4189/4189
f 4189/4189 4187/4187 4200/4200
f 4155/4155 4200/4200 4187/4187
f 4187/4187 4107/4107 4155/4155
f 4172/4172 4171/4171 4202/4202
f 4202/4202 4203/4203 4172/4172
f 4170/4170 4204/4204 4202/4202
f 4202/4202 4171/4171 4170/4170
f 4205/4205 4203/4203 4202/4202
f 4202/4202 4204/4204 4205/4205
f 4164/4164 4167/4167 4206/4206
f 4206/4206 4207/4207 4164/4164
f 4172/4172 4208/4208 4206/4206
f 4206/4206 4167/4167 4172/4172
f 4209/4209 4210/4210 4206/4206
f 4206/4206 4208/4208 4209/4209
f 4211/4211 4212/4212 4206/4206
f 4206/4206 4210/4210 4211/4211
f 4213/4213 4207/4207 4206/4206
f 4206/4206 4212/4212 4213/4213
f 4144/4144 4181/4181 4214/4214
f 4214/4214 4139/4139 4144/4144
f 4181/4181 4186/4186 4215/4215
f 4215/4215 4214/4214 4181/4181
f 4214/4214 4215/4215 4216/4216
f 4216/4216 4217/4217 4214/4214
f 4139/4139 4214/4214 4217/4217
f 4217/4217 4136/4136 4139/4139
f 4186/4186 4198/4198 4218/4218
f 4218/4218 4215/4215 4186/4186
f 4198/4198 4164/4164 4207/4207
f 4207/4207 4218/4218 4198/4198
f 4218/4218 4207/4207 4213/4213
f 4213/4213 4219/4219 4218/4218
f 4215/4215 4218/4218 4219/4219
f 4219/4219 4216/4216 4215/4215
f 4116/4116 4119/4119 4220/4220
f 4220/4220 4221/4221 4116/4116
f 4119/4119 4124/4124 4222/4222
f 4222/4222 4220/4220 4119/4119
f 4220/4220 4222/4222 4223/4223
f 4223/4223 4224/4224 4220/4220
f 4221/4221 4220/4220 4224/4224
f 4224/4224 4225/4225 4221/4221
f 4226/4226 4227/4227 4228/4228
f 4228/4228 4229/4229 4226/4226
f 4084/4084 4087/4087 4228/4228
f 4228/4228 4227/4227 4084/4084
f 4094/4094 4229/4229 4228/4228
f 4228/4228 4087/4087 4094/4094
f 4209/4209 4208/4208 4230/4230
f 4230/4230 4231/4231 4209/4209
f 4172/4172 4203/4203 4230/4230
f 4230/4230 4208/4208 4172/4172
f 4205/4205 4231/4231 4230/4230
f 4230/4230 4203/4203 4205/4205
f 4175/4175 4173/4173 4232/4232
f 4232/4232 4233/4233 4175/4175
f 4084/4084 4227/4227 4232/4232
f 4232/4232 4173/4173 4084/4084
f 4226/4226 4233/4233 4232/4232
f 4232/4232 4227/4227 4226/4226
f 4234/4234 4235/4235 4236/4236
f 4236/4236 4237/4237 4234/4234
f 4094/4094 4093/4093 4236/4236
f 4236/4236 4235/4235 4094/4094
f 4092/4092 4238/4238 4236/4236
f 4236/4236 4093/4093 4092/4092
f 4239/4239 4240/4240 4236/4236
f 4236/4236 4238/4238 4239/4239
f 4241/4241 4237/4237 4236/4236
f 4236/4236 4240/4240 4241/4241
f 4092/4092 4100/4100 4242/4242
f 4242/4242 4238/4238 4092/4092
f 4100/4100 4099/4099 4243/4243
f 4243/4243 4242/4242 4100/4100
f 4242/4242 4243/4243 4244/4244
f 4244/4244 4245/4245 4242/4242
f 4238/4238 4242/4242 4245/4245
f 4245/4245 4239/4239 4238/4238
f 4246/4246 4247/4247 4248/4248
f 4248/4248 4249/4249 4246/4246
f 4247/4247 4250/4250 4251/4251
f 4251/4251 4248/4248 4247/4247
f 4248/4248 4251/4251 4252/4252
f 4252/4252 4253/4253 4248/4248
f 4249/4249 4248/4248 4253/4253
f 4253/4253 4254/4254 4249/4249
f 4252/4252 4251/4251 4255/4255
f 4255/4255 4256/4256 4252/4252
f 4251/4251 4250/4250 4257/4257
f 4257/4257 4255/4255 4251/4251
f 4255/4255 4257/4257 4258/4258
f 4258/4258 4259/4259 4255/4255
f 4256/4256 4255/4255 4259/4259
f 4259/4259 4260/4260 4256/4256
f 4261/4261 4262/4262 4263/4263
f 4263/4263 4264/4264 4261/4261
f 4262/4262 4120/4120 4117/4117
f 4117/4117 4263/4263 4262/4262
f 4263/4263 4117/4117 4116/4116
f 4116/4116 4265/4265 4263/4263
f 4264/4264 4263/4263 4265/4265
f 4265/4265 4266/4266 4264/4264
f 4267/4267 4268/4268 4269/4269
f 4269/4269 4270/4270 4267/4267
f 4271/4271 4272/4272 4269/4269
f 4269/4269 4268/4268 4271/4271
f 4266/4266 4270/4270 4269/4269
f 4269/4269 4272/4272 4266/4266
f 4261/4261 4273/4273 4274/4274
f 4274/4274 4275/4275 4261/4261
f 4276/4276 4277/4277 4274/4274
f 4274/4274 4273/4273 4276/4276
f 4244/4244 4275/4275 4274/4274
f 4274/4274 4277/4277 4244/4244
f 4278/4278 4279/4279 4280/4280
f 4280/4280 4281/4281 4278/4278
f 4279/4279 4282/4282 4283/4283
f 4283/4283 4280/4280 4279/4279
f 4280/4280 4283/4283 4284/4284
f 4284/4284 4285/4285 4280/4280
f 4281/4281 4280/4280 4285/4285
f 4285/4285 4286/4286 4281/4281
f 4287/4287 4288/4288 4289/4289
f 4289/4289 4290/4290 4287/4287
f 4288/4288 4291/4291 4292/4292
f 4292/4292 4289/4289 4288/4288
f 4289/4289 4292/4292 4293/4293
f 4293/4293 4294/4294 4289/4289
f 4290/4290 4289/4289 4294/4294
f 4294/4294 4295/4295 4290/4290
f 4296/4296 4297/4297 4298/4298
f 4298/4298 4299/4299 4296/4296
f 4297/4297 4252/4252 4256/4256
f 4256/4256 4298/4298 4297/4297
f 4298/4298 4256/4256 4260/4260
f 4260/4260 4300/4300 4298/4298
f 4299/4299 4298/4298 4300/4300
f 4300/4300 4301/4301 4299/4299
f 4241/4241 4240/4240 4302/4302
f 4302/4302 4303/4303 4241/4241
f 4240/4240 4239/4239 4304/4304
f 4304/4304 4302/4302 4240/4240
f 4302/4302 4304/4304 4250/4250
f 4250/4250 4247/4247 4302/4302
f 4303/4303 4302/4302 4247/4247
f 4247/4247 4246/4246 4303/4303
f 4239/4239 4245/4245 4305/4305
f 4305/4305 4304/4304 4239/4239
f 4245/4245 4244/4244 4306/4306
f 4306/4306 4305/4305 4245/4245
f 4305/4305 4306/4306 4258/4258
f 4258/4258 4257/4257 4305/4305
f 4304/4304 4305/4305 4257/4257
f 4257/4257 4250/4250 4304/4304
f 4099/4099 4159/4159 4307/4307
f 4307/4307 4243/4243 4099/4099
f 4159/4159 4120/4120 4262/4262
f 4262/4262 4307/4307 4159/4159
f 4307/4307 4262/4262 4261/4261
f 4261/4261 4275/4275 4307/4307
f 4243/4243 4307/4307 4275/4275
f 4275/4275 4244/4244 4243/4243
f 4260/4260 4259/4259 4308/4308
f 4308/4308 4309/4309 4260/4260
f 4259/4259 4258/4258 4310/4310
f 4310/4310 4308/4308 4259/4259
f 4308/4308 4310/4310 4311/4311
f 4311/4311 4312/4312 4308/4308
f 4309/4309 4308/4308 4312/4312
f 4312/4312 4313/4313 4309/4309
f 4314/4314 4315/4315 4316/4316
f 4316/4316 4317/4317 4314/4314
f 4315/4315 4318/4318 4319/4319
f 4319/4319 4316/4316 4315/4315
f 4316/4316 4319/4319 4320/4320
f 4320/4320 4321/4321 4316/4316
f 4317/4317 4316/4316 4321/4321
f 4321/4321 4322/4322 4317/4317
f 4234/4234 4237/4237 4323/4323
f 4323/4323 4324/4324 4234/4234
f 4237/4237 4241/4241 4325/4325
f 4325/4325 4323/4323 4237/4237
f 4323/4323 4325/4325 4326/4326
f 4326/4326 4327/4327 4323/4323
f 4324/4324 4323/4323 4327/4327
f 4327/4327 4328/4328 4324/4324
f 4278/4278 4329/4329 4330/4330
f 4330/4330 4331/4331 4278/4278
f 4329/4329 4332/4332 4333/4333
f 4333/4333 4330/4330 4329/4329
f 4330/4330 4333/4333 4334/4334
f 4334/4334 4335/4335 4330/4330
f 4331/4331 4330/4330 4335/4335
f 4335/4335 4336/4336 4331/4331
f 4246/4246 4249/4249 4337/4337
f 4337/4337 4338/4338 4246/4246
f 4249/4249 4254/4254 4339/4339
f 4339/4339 4337/4337 4249/4249
f 4337/4337 4339/4339 4340/4340
f 4340/4340 4341/4341 4337/4337
f 4338/4338 4337/4337 4341/4341
f 4341/4341 4342/4342 4338/4338
f 4282/4282 4279/4279 4343/4343
f 4343/4343 4344/4344 4282/4282
f 4278/4278 4331/4331 4343/4343
f 4343/4343 4279/4279 4278/4278
f 4336/4336 4344/4344 4343/4343
f 4343/4343 4331/4331 4336/4336
f 4254/4254 4345/4345 4346/4346
f 4346/4346 4339/4339 4254/4254
f 4347/4347 4348/4348 4346/4346
f 4346/4346 4345/4345 4347/4347
f 4340/4340 4339/4339 4346/4346
f 4346/4346 4348/4348 4340/4340
f 4332/4332 4349/4349 4350/4350
f 4350/4350 4333/4333 4332/4332
f 4349/4349 4314/4314 4317/4317
f 4317/4317 4350/4350 4349/4349
f 4350/4350 4317/4317 4322/4322
f 4322/4322 4351/4351 4350/4350
f 4333/4333 4350/4350 4351/4351
f 4351/4351 4334/4334 4333/4333
f 4241/4241 4303/4303 4352/4352
f 4352/4352 4325/4325 4241/4241
f 4303/4303 4246/4246 4338/4338
f 4338/4338 4352/4352 4303/4303
f 4352/4352 4338/4338 4342/4342
f 4342/4342 4353/4353 4352/4352
f 4325/4325 4352/4352 4353/4353
f 4353/4353 4326/4326 4325/4325
f 4318/4318 4354/4354 4355/4355
f 4355/4355 4319/4319 4318/4318
f 4205/4205 4356/4356 4355/4355
f 4355/4355 4354/4354 4205/4205
f 4320/4320 4319/4319 4355/4355
f 4355/4355 4356/4356 4320/4320
f 4314/4314 4357/4357 4358/4358
f 4358/4358 4315/4315 4314/4314
f 4359/4359 4360/4360 4358/4358
f 4358/4358 4357/4357 4359/4359
f 4211/4211 4210/4210 4358/4358
f 4358/4358 4360/4360 4211/4211
f 4209/4209 4361/4361 4358/4358
f 4358/4358 4210/4210 4209/4209
f 4318/4318 4315/4315 4358/4358
f 4358/4358 4361/4361 4318/4318
f 4362/4362 4363/4363 4364/4364
f 4364/4364 4365/4365 4362/4362
f 4363/4363 4332/4332 4329/4329
f 4329/4329 4364/4364 4363/4363
f 4364/4364 4329/4329 4278/4278
f 4278/4278 4281/4281 4364/4364
f 4365/4365 4364/4364 4281/4281
f 4281/4281 4286/4286 4365/4365
f 4359/4359 4357/4357 4366/4366
f 4366/4366 4367/4367 4359/4359
f 4357/4357 4314/4314 4349/4349
f 4349/4349 4366/4366 4357/4357
f 4366/4366 4349/4349 4332/4332
f 4332/4332 4363/4363 4366/4366
f 4367/4367 4366/4366 4363/4363
f 4363/4363 4362/4362 4367/4367
f 4225/4225 4368/4368 4369/4369
f 4369/4369 4221/4221 4225/4225
f 4368/4368 4267/4267 4270/4270
f 4270/4270 4369/4369 4368/4368
f 4369/4369 4270/4270 4266/4266
f 4266/4266 4265/4265 4369/4369
f 4221/4221 4369/4369 4265/4265
f 4265/4265 4116/4116 4221/4221
f 4226/4226 4229/4229 4370/4370
f 4370/4370 4371/4371 4226/4226
f 4094/4094 4235/4235 4370/4370
f 4370/4370 4229/4229 4094/4094
f 4234/4234 4371/4371 4370/4370
f 4370/4370 4235/4235 4234/4234
f 4209/4209 4231/4231 4372/4372
f 4372/4372 4361/4361 4209/4209
f 4205/4205 4354/4354 4372/4372
f 4372/4372 4231/4231 4205/4205
f 4318/4318 4361/4361 4372/4372
f 4372/4372 4354/4354 4318/4318
f 4226/4226 4371/4371 4373/4373
f 4373/4373 4374/4374 4226/4226
f 4234/4234 4324/4324 4373/4373
f 4373/4373 4371/4371 4234/4234
f 4328/4328 4374/4374 4373/4373
f 4373/4373 4324/4324 4328/4328
f 4142/4142 4141/4141 4375/4375
f 4375/4375 4376/4376 4142/4142
f 4141/4141 4140/4140 4377/4377
f 4377/4377 4375/4375 4141/4141
f 4375/4375 4377/4377 4378/4378
f 4378/4378 4379/4379 4375/4375
f 4376/4376 4375/4375 4379/4379
f 4379/4379 4380/4380 4376/4376
f 4145/4145 4148/4148 4381/4381
f 4381/4381 4382/4382 4145/4145
f 4148/4148 4150/4150 4383/4383
f 4383/4383 4381/4381 4148/4148
f 4381/4381 4383/4383 4384/4384
f 4384/4384 4385/4385 4381/4381
f 4382/4382 4381/4381 4385/4385
f 4385/4385 4386/4386 4382/4382
f 4125/4125 4152/4152 4387/4387
f 4387/4387 4388/4388 4125/4125
f 4145/4145 4382/4382 4387/4387
f 4387/4387 4152/4152 4145/4145
f 4386/4386 4388/4388 4387/4387
f 4387/4387 4382/4382 4386/4386
f 4225/4225 4224/4224 4389/4389
f 4389/4389 4390/4390 4225/4225
f 4223/4223 4391/4391 4389/4389
f 4389/4389 4224/4224 4223/4223
f 4392/4392 4390/4390 4389/4389
f 4389/4389 4391/4391 4392/4392
f 4284/4284 4283/4283 4393/4393
f 4393/4393 4394/4394 4284/4284
f 4283/4283 4282/4282 4395/4395
f 4395/4395 4393/4393 4283/4283
f 4393/4393 4395/4395 4396/4396
f 4396/4396 4397/4397 4393/4393
f 4394/4394 4393/4393 4397/4397
f 4397/4397 4398/4398 4394/4394
f 4287/4287 4290/4290 4399/4399
f 4399/4399 4400/4400 4287/4287
f 4290/4290 4295/4295 4401/4401
f 4401/4401 4399/4399 4290/4290
f 4399/4399 4401/4401 4402/4402
f 4402/4402 4403/4403 4399/4399
f 4400/4400 4399/4399 4403/4403
f 4403/4403 4404/4404 4400/4400
f 4296/4296 4299/4299 4405/4405
f 4405/4405 4406/4406 4296/4296
f 4301/4301 4407/4407 4405/4405
f 4405/4405 4299/4299 4301/4301
f 4408/4408 4406/4406 4405/4405
f 4405/4405 4407/4407 4408/4408
f 4267/4267 4368/4368 4409/4409
f 4409/4409 4410/4410 4267/4267
f 4225/4225 4390/4390 4409/4409
f 4409/4409 4368/4368 4225/4225
f 4392/4392 4410/4410 4409/4409
f 4409/4409 4390/4390 4392/4392
f 4411/4411 4412/4412 4413/4413
f 4413/4413 4414/4414 4411/4411
f 4412/4412 4347/4347 4415/4415
f 4415/4415 4413/4413 4412/4412
f 4413/4413 4415/4415 4416/4416
f 4416/4416 4417/4417 4413/4413
f 4414/4414 4413/4413 4417/4417
f 4417/4417 4418/4418 4414/4414
f 4347/4347 4345/4345 4419/4419
f 4419/4419 4415/4415 4347/4347
f 4345/4345 4254/4254 4420/4420
f 4420/4420 4419/4419 4345/4345
f 4419/4419 4420/4420 4421/4421
f 4421/4421 4422/4422 4419/4419
f 4415/4415 4419/4419 4422/4422
f 4422/4422 4416/4416 4415/4415
f 4254/4254 4253/4253 4423/4423
f 4423/4423 4420/4420 4254/4254
f 4253/4253 4252/4252 4424/4424
f 4424/4424 4423/4423 4253/4253
f 4423/4423 4424/4424 4425/4425
f 4425/4425 4426/4426 4423/4423
f 4420/4420 4423/4423 4426/4426
f 4426/4426 4421/4421 4420/4420
f 4252/4252 4297/4297 4427/4427
f 4427/4427 4424/4424 4252/4252
f 4297/4297 4296/4296 4428/4428
f 4428/4428 4427/4427 4297/4297
f 4427/4427 4428/4428 4429/4429
f 4429/4429 4430/4430 4427/4427
f 4424/4424 4427/4427 4430/4430
f 4430/4430 4425/4425 4424/4424
f 4296/4296 4406/4406 4431/4431
f 4431/4431 4428/4428 4296/4296
f 4406/4406 4408/4408 4432/4432
f 4432/4432 4431/4431 4406/4406
f 4431/4431 4432/4432 4433/4433
f 4433/4433 4434/4434 4431/4431
f 4428/4428 4431/4431 4434/4434
f 4434/4434 4429/4429 4428/4428
f 4418/4418 4417/4417 4435/4435
f 4435/4435 4436/4436 4418/4418
f 4417/4417 4416/4416 4437/4437
f 4437/4437 4435/4435 4417/4417
f 4435/4435 4437/4437 4438/4438
f 4438/4438 4439/4439 4435/4435
f 4436/4436 4435/4435 4439/4439
f 4439/4439 4440/4440 4436/4436
f 4416/4416 4422/4422 4441/4441
f 4441/4441 4437/4437 4416/4416
f 4422/4422 4421/4421 4442/4442
f 4442/4442 4441/4441 4422/4422
f 4441/4441 4442/4442 4443/4443
f 4443/4443 4444/4444 4441/4441
f 4437/4437 4441/4441 4444/4444
f 4444/4444 4438/4438 4437/4437
f 4445/4445 4446/4446 4447/4447
f 4447/4447 4448/4448 4445/4445
f 4446/4446 4449/4449 4450/4450
f 4450/4450 4447/4447 4446/4446
f 4447/4447 4450/4450 4451/4451
f 4451/4451 4452/4452 4447/4447
f 4448/4448 4447/4447 4452/4452
f 4452/4452 4453/4453 4448/4448
f 4425/4425 4430/4430 4454/4454
f 4454/4454 4455/4455 4425/4425
f 4430/4430 4429/4429 4456/4456
f 4456/4456 4454/4454 4430/4430
f 4454/4454 4456/4456 4457/4457
f 4457/4457 4458/4458 4454/4454
f 4455/4455 4454/4454 4458/4458
f 4458/4458 4459/4459 4455/4455
f 4429/4429 4434/4434 4460/4460
f 4460/4460 4456/4456 4429/4429
f 4434/4434 4433/4433 4461/4461
f 4461/4461 4460/4460 4434/4434
f 4460/4460 4461/4461 4462/4462
f 4462/4462 4463/4463 4460/4460
f 4456/4456 4460/4460 4463/4463
f 4463/4463 4457/4457 4456/4456
f 4440/4440 4439/4439 4464/4464
f 4464/4464 4465/4465 4440/4440
f 4439/4439 4438/4438 4466/4466
f 4466/4466 4464/4464 4439/4439
f 4464/4464 4466/4466 4467/4467
f 4467/4467 4468/4468 4464/4464
f 4465/4465 4464/4464 4468/4468
f 4468/4468 4469/4469 4465/4465
f 4438/4438 4444/4444 4470/4470
f 4470/4470 4466/4466 4438/4438
f 4444/4444 4443/4443 4471/4471
f 4471/4471 4470/4470 4444/4444
f 4470/4470 4471/4471 4472/4472
f 4472/4472 4473/4473 4470/4470
f 4466/4466 4470/4470 4473/4473
f 4473/4473 4467/4467 4466/4466
f 4453/4453 4452/4452 4474/4474
f 4474/4474 4475/4475 4453/4453
f 4452/4452 4451/4451 4476/4476
f 4476/4476 4474/4474 4452/4452
f 4474/4474 4476/4476 4293/4293
f 4293/4293 4292/4292 4474/4474
f 4475/4475 4474/4474 4292/4292
f 4292/4292 4291/4291 4475/4475
f 4459/4459 4458/4458 4477/4477
f 4477/4477 4478/4478 4459/4459
f 4458/4458 4457/4457 4479/4479
f 4479/4479 4477/4477 4458/4458
f 4477/4477 4479/4479 4480/4480
f 4480/4480 4481/4481 4477/4477
f 4478/4478 4477/4477 4481/4481
f 4481/4481 4482/4482 4478/4478
f 4457/4457 4463/4463 4483/4483
f 4483/4483 4479/4479 4457/4457
f 4463/4463 4462/4462 4484/4484
f 4484/4484 4483/4483 4463/4463
f 4483/4483 4484/4484 4485/4485
f 4485/4485 4486/4486 4483/4483
f 4479/4479 4483/4483 4486/4486
f 4486/4486 4480/4480 4479/4479
f 4487/4487 4488/4488 4489/4489
f 4489/4489 4490/4490 4487/4487
f 4491/4491 4492/4492 4489/4489
f 4489/4489 4488/4488 4491/4491
f 4493/4493 4494/4494 4489/4489
f 4489/4489 4492/4492 4493/4493
f 4495/4495 4496/4496 4489/4489
f 4489/4489 4494/4494 4495/4495
f 4497/4497 4490/4490 4489/4489
f 4489/4489 4496/4496 4497/4497
f 4493/4493 4498/4498 4499/4499
f 4499/4499 4494/4494 4493/4493
f 4498/4498 4500/4500 4501/4501
f 4501/4501 4499/4499 4498/4498
f 4499/4499 4501/4501 4502/4502
f 4502/4502 4503/4503 4499/4499
f 4494/4494 4499/4499 4503/4503
f 4503/4503 4495/4495 4494/4494
f 4504/4504 4505/4505 4506/4506
f 4506/4506 4507/4507 4504/4504
f 4505/4505 4508/4508 4509/4509
f 4509/4509 4506/4506 4505/4505
f 4506/4506 4509/4509 4510/4510
f 4510/4510 4511/4511 4506/4506
f 4507/4507 4506/4506 4511/4511
f 4511/4511 4512/4512 4507/4507
f 4510/4510 4509/4509 4513/4513
f 4513/4513 4514/4514 4510/4510
f 4509/4509 4508/4508 4515/4515
f 4515/4515 4513/4513 4509/4509
f 4513/4513 4515/4515 4516/4516
f 4516/4516 4517/4517 4513/4513
f 4514/4514 4513/4513 4517/4517
f 4517/4517 4518/4518 4514/4514
f 4519/4519 4520/4520 4521/4521
f 4521/4521 4522/4522 4519/4519
f 4520/4520 4523/4523 4524/4524
f 4524/4524 4521/4521 4520/4520
f 4521/4521 4524/4524 4525/4525
f 4525/4525 4526/4526 4521/4521
f 4522/4522 4521/4521 4526/4526
f 4526/4526 4527/4527 4522/4522
f 4528/4528 4529/4529 4530/4530
f 4530/4530 4531/4531 4528/4528
f 4532/4532 4533/4533 4530/4530
f 4530/4530 4529/4529 4532/4532
f 4527/4527 4531/4531 4530/4530
f 4530/4530 4533/4533 4527/4527
f 4519/4519 4534/4534 4535/4535
f 4535/4535 4536/4536 4519/4519
f 4537/4537 4538/4538 4535/4535
f 4535/4535 4534/4534 4537/4537
f 4502/4502 4536/4536 4535/4535
f 4535/4535 4538/4538 4502/4502
f 4539/4539 4540/4540 4541/4541
f 4541/4541 4542/4542 4539/4539
f 4540/4540 4140/4140 4137/4137
f 4137/4137 4541/4541 4540/4540
f 4541/4541 4137/4137 4136/4136
f 4136/4136 4543/4543 4541/4541
f 4542/4542 4541/4541 4543/4543
f 4543/4543 4544/4544 4542/4542
f 4545/4545 4546/4546 4547/4547
f 4547/4547 4548/4548 4545/4545
f 4546/4546 4549/4549 4550/4550
f 4550/4550 4547/4547 4546/4546
f 4547/4547 4550/4550 4512/4512
f 4512/4512 4511/4511 4547/4547
f 4548/4548 4547/4547 4511/4511
f 4511/4511 4510/4510 4548/4548
f 4551/4551 4552/4552 4553/4553
f 4553/4553 4554/4554 4551/4551
f 4552/4552 4545/4545 4548/4548
f 4548/4548 4553/4553 4552/4552
f 4553/4553 4548/4548 4510/4510
f 4510/4510 4514/4514 4553/4553
f 4554/4554 4553/4553 4514/4514
f 4514/4514 4518/4518 4554/4554
f 4497/4497 4496/4496 4555/4555
f 4555/4555 4556/4556 4497/4497
f 4496/4496 4495/4495 4557/4557
f 4557/4557 4555/4555 4496/4496
f 4555/4555 4557/4557 4508/4508
f 4508/4508 4505/4505 4555/4555
f 4556/4556 4555/4555 4505/4505
f 4505/4505 4504/4504 4556/4556
f 4495/4495 4503/4503 4558/4558
f 4558/4558 4557/4557 4495/4495
f 4503/4503 4502/4502 4559/4559
f 4559/4559 4558/4558 4503/4503
f 4558/4558 4559/4559 4516/4516
f 4516/4516 4515/4515 4558/4558
f 4557/4557 4558/4558 4515/4515
f 4515/4515 4508/4508 4557/4557
f 4500/4500 4560/4560 4561/4561
f 4561/4561 4501/4501 4500/4500
f 4560/4560 4523/4523 4520/4520
f 4520/4520 4561/4561 4560/4560
f 4561/4561 4520/4520 4519/4519
f 4519/4519 4536/4536 4561/4561
f 4501/4501 4561/4561 4536/4536
f 4536/4536 4502/4502 4501/4501
f 4518/4518 4517/4517 4562/4562
f 4562/4562 4563/4563 4518/4518
f 4517/4517 4516/4516 4564/4564
f 4564/4564 4562/4562 4517/4517
f 4562/4562 4564/4564 4565/4565
f 4565/4565 4566/4566 4562/4562
f 4563/4563 4562/4562 4566/4566
f 4566/4566 4567/4567 4563/4563
f 4568/4568 4569/4569 4570/4570
f 4570/4570 4571/4571 4568/4568
f 4569/4569 4572/4572 4573/4573
f 4573/4573 4570/4570 4569/4569
f 4570/4570 4573/4573 4574/4574
f 4574/4574 4575/4575 4570/4570
f 4571/4571 4570/4570 4575/4575
f 4575/4575 4576/4576 4571/4571
f 4487/4487 4490/4490 4577/4577
f 4577/4577 4578/4578 4487/4487
f 4490/4490 4497/4497 4579/4579
f 4579/4579 4577/4577 4490/4490
f 4577/4577 4579/4579 4580/4580
f 4580/4580 4581/4581 4577/4577
f 4578/4578 4577/4577 4581/4581
f 4581/4581 4582/4582 4578/4578
f 4544/4544 4583/4583 4584/4584
f 4584/4584 4585/4585 4544/4544
f 4583/4583 4586/4586 4587/4587
f 4587/4587 4584/4584 4583/4583
f 4584/4584 4587/4587 4588/4588
f 4588/4588 4589/4589 4584/4584
f 4585/4585 4584/4584 4589/4589
f 4589/4589 4590/4590 4585/4585
f 4504/4504 4507/4507 4591/4591
f 4591/4591 4592/4592 4504/4504
f 4507/4507 4512/4512 4593/4593
f 4593/4593 4591/4591 4507/4507
f 4591/4591 4593/4593 4594/4594
f 4594/4594 4595/4595 4591/4591
f 4592/4592 4591/4591 4595/4595
f 4595/4595 4596/4596 4592/4592
f 4539/4539 4542/4542 4597/4597
f 4597/4597 4598/4598 4539/4539
f 4544/4544 4585/4585 4597/4597
f 4597/4597 4542/4542 4544/4544
f 4590/4590 4598/4598 4597/4597
f 4597/4597 4585/4585 4590/4590
f 4512/4512 4550/4550 4599/4599
f 4599/4599 4593/4593 4512/4512
f 4549/4549 4600/4600 4599/4599
f 4599/4599 4550/4550 4549/4549
f 4594/4594 4593/4593 4599/4599
f 4599/4599 4600/4600 4594/4594
f 4586/4586 4601/4601 4602/4602
f 4602/4602 4587/4587 4586/4586
f 4601/4601 4568/4568 4571/4571
f 4571/4571 4602/4602 4601/4601
f 4602/4602 4571/4571 4576/4576
f 4576/4576 4603/4603 4602/4602
f 4587/4587 4602/4602 4603/4603
f 4603/4603 4588/4588 4587/4587
f 4497/4497 4556/4556 4604/4604
f 4604/4604 4579/4579 4497/4497
f 4556/4556 4504/4504 4592/4592
f 4592/4592 4604/4604 4556/4556
f 4604/4604 4592/4592 4596/4596
f 4596/4596 4605/4605 4604/4604
f 4579/4579 4604/4604 4605/4605
f 4605/4605 4580/4580 4579/4579
f 4572/4572 4606/4606 4607/4607
f 4607/4607 4573/4573 4572/4572
f 4608/4608 4609/4609 4607/4607
f 4607/4607 4606/4606 4608/4608
f 4574/4574 4573/4573 4607/4607
f 4607/4607 4609/4609 4574/4574
f 4568/4568 4610/4610 4611/4611
f 4611/4611 4569/4569 4568/4568
f 4213/4213 4212/4212 4611/4611
f 4611/4611 4610/4610 4213/4213
f 4211/4211 4612/4612 4611/4611
f 4611/4611 4212/4212 4211/4211
f 4613/4613 4614/4614 4611/4611
f 4611/4611 4612/4612 4613/4613
f 4572/4572 4569/4569 4611/4611
f 4611/4611 4614/4614 4572/4572
f 4216/4216 4615/4615 4616/4616
f 4616/4616 4217/4217 4216/4216
f 4615/4615 4586/4586 4583/4583
f 4583/4583 4616/4616 4615/4615
f 4616/4616 4583/4583 4544/4544
f 4544/4544 4543/4543 4616/4616
f 4217/4217 4616/4616 4543/4543
f 4543/4543 4136/4136 4217/4217
f 4213/4213 4610/4610 4617/4617
f 4617/4617 4219/4219 4213/4213
f 4610/4610 4568/4568 4601/4601
f 4601/4601 4617/4617 4610/4610
f 4617/4617 4601/4601 4586/4586
f 4586/4586 4615/4615 4617/4617
f 4219/4219 4617/4617 4615/4615
f 4615/4615 4216/4216 4219/4219
f 4525/4525 4618/4618 4619/4619
f 4619/4619 4526/4526 4525/4525
f 4618/4618 4620/4620 4621/4621
f 4621/4621 4619/4619 4618/4618
f 4619/4619 4621/4621 4528/4528
f 4528/4528 4531/4531 4619/4619
f 4526/4526 4619/4619 4531/4531
f 4531/4531 4527/4527 4526/4526
f 4622/4622 4623/4623 4624/4624
f 4624/4624 4625/4625 4622/4622
f 4491/4491 4488/4488 4624/4624
f 4624/4624 4623/4623 4491/4491
f 4487/4487 4625/4625 4624/4624
f 4624/4624 4488/4488 4487/4487
f 4613/4613 4626/4626 4627/4627
f 4627/4627 4614/4614 4613/4613
f 4608/4608 4606/4606 4627/4627
f 4627/4627 4626/4626 4608/4608
f 4572/4572 4614/4614 4627/4627
f 4627/4627 4606/4606 4572/4572
f 4582/4582 4628/4628 4629/4629
f 4629/4629 4578/4578 4582/4582
f 4622/4622 4625/4625 4629/4629
f 4629/4629 4628/4628 4622/4622
f 4487/4487 4578/4578 4629/4629
f 4629/4629 4625/4625 4487/4487
f 4630/4630 4631/4631 4632/4632
f 4632/4632 4633/4633 4630/4630
f 4634/4634 4635/4635 4632/4632
f 4632/4632 4631/4631 4634/4634
f 4636/4636 4637/4637 4632/4632
f 4632/4632 4635/4635 4636/4636
f 4493/4493 4492/4492 4632/4632
f 4632/4632 4637/4637 4493/4493
f 4491/4491 4633/4633 4632/4632
f 4632/4632 4492/4492 4491/4491
f 4638/4638 4639/4639 4640/4640
f 4640/4640 4641/4641 4638/4638
f 4639/4639 4500/4500 4498/4498
f 4498/4498 4640/4640 4639/4639
f 4640/4640 4498/4498 4493/4493
f 4493/4493 4637/4637 4640/4640
f 4641/4641 4640/4640 4637/4637
f 4637/4637 4636/4636 4641/4641
f 4642/4642 4643/4643 4644/4644
f 4644/4644 4645/4645 4642/4642
f 4643/4643 4646/4646 4647/4647
f 4647/4647 4644/4644 4643/4643
f 4644/4644 4647/4647 4648/4648
f 4648/4648 4649/4649 4644/4644
f 4645/4645 4644/4644 4649/4649
f 4649/4649 4650/4650 4645/4645
f 4642/4642 4651/4651 4652/4652
f 4652/4652 4643/4643 4642/4642
f 4651/4651 4653/4653 4654/4654
f 4654/4654 4652/4652 4651/4651
f 4652/4652 4654/4654 4655/4655
f 4655/4655 4656/4656 4652/4652
f 4643/4643 4652/4652 4656/4656
f 4656/4656 4646/4646 4643/4643
f 4525/4525 4524/4524 4657/4657
f 4657/4657 4658/4658 4525/4525
f 4524/4524 4523/4523 4659/4659
f 4659/4659 4657/4657 4524/4524
f 4657/4657 4659/4659 4660/4660
f 4660/4660 4661/4661 4657/4657
f 4658/4658 4657/4657 4661/4661
f 4661/4661 4662/4662 4658/4658
f 4663/4663 4664/4664 4665/4665
f 4665/4665 4666/4666 4663/4663
f 4667/4667 4668/4668 4665/4665
f 4665/4665 4664/4664 4667/4667
f 4653/4653 4666/4666 4665/4665
f 4665/4665 4668/4668 4653/4653
f 4660/4660 4669/4669 4670/4670
f 4670/4670 4671/4671 4660/4660
f 4638/4638 4672/4672 4670/4670
f 4670/4670 4669/4669 4638/4638
f 4673/4673 4671/4671 4670/4670
f 4670/4670 4672/4672 4673/4673
f 4674/4674 4675/4675 4676/4676
f 4676/4676 4677/4677 4674/4674
f 4675/4675 4286/4286 4285/4285
f 4285/4285 4676/4676 4675/4675
f 4676/4676 4285/4285 4284/4284
f 4284/4284 4678/4678 4676/4676
f 4677/4677 4676/4676 4678/4678
f 4678/4678 4679/4679 4677/4677
f 4680/4680 4681/4681 4682/4682
f 4682/4682 4683/4683 4680/4680
f 4681/4681 4684/4684 4685/4685
f 4685/4685 4682/4682 4681/4681
f 4682/4682 4685/4685 4686/4686
f 4686/4686 4687/4687 4682/4682
f 4683/4683 4682/4682 4687/4687
f 4687/4687 4688/4688 4683/4683
f 4653/4653 4651/4651 4689/4689
f 4689/4689 4666/4666 4653/4653
f 4651/4651 4642/4642 4690/4690
f 4690/4690 4689/4689 4651/4651
f 4689/4689 4690/4690 4691/4691
f 4691/4691 4692/4692 4689/4689
f 4666/4666 4689/4689 4692/4692
f 4692/4692 4663/4663 4666/4666
f 4646/4646 4693/4693 4694/4694
f 4694/4694 4647/4647 4646/4646
f 4693/4693 4636/4636 4635/4635
f 4635/4635 4694/4694 4693/4693
f 4694/4694 4635/4635 4634/4634
f 4634/4634 4695/4695 4694/4694
f 4647/4647 4694/4694 4695/4695
f 4695/4695 4648/4648 4647/4647
f 4636/4636 4693/4693 4696/4696
f 4696/4696 4641/4641 4636/4636
f 4693/4693 4646/4646 4656/4656
f 4656/4656 4696/4696 4693/4693
f 4696/4696 4656/4656 4655/4655
f 4655/4655 4697/4697 4696/4696
f 4641/4641 4696/4696 4697/4697
f 4697/4697 4638/4638 4641/4641
f 4660/4660 4659/4659 4698/4698
f 4698/4698 4669/4669 4660/4660
f 4659/4659 4523/4523 4560/4560
f 4560/4560 4698/4698 4659/4659
f 4698/4698 4560/4560 4500/4500
f 4500/4500 4639/4639 4698/4698
f 4669/4669 4698/4698 4639/4639
f 4639/4639 4638/4638 4669/4669
f 4653/4653 4668/4668 4699/4699
f 4699/4699 4654/4654 4653/4653
f 4668/4668 4667/4667 4700/4700
f 4700/4700 4699/4699 4668/4668
f 4699/4699 4700/4700 4701/4701
f 4701/4701 4702/4702 4699/4699
f 4654/4654 4699/4699 4702/4702
f 4702/4702 4655/4655 4654/4654
f 4703/4703 4704/4704 4705/4705
f 4705/4705 4706/4706 4703/4703
f 4704/4704 4707/4707 4708/4708
f 4708/4708 4705/4705 4704/4704
f 4705/4705 4708/4708 4709/4709
f 4709/4709 4710/4710 4705/4705
f 4706/4706 4705/4705 4710/4710
f 4710/4710 4711/4711 4706/4706
f 4630/4630 4712/4712 4713/4713
f 4713/4713 4631/4631 4630/4630
f 4712/4712 4714/4714 4715/4715
f 4715/4715 4713/4713 4712/4712
f 4713/4713 4715/4715 4716/4716
f 4716/4716 4717/4717 4713/4713
f 4631/4631 4713/4713 4717/4717
f 4717/4717 4634/4634 4631/4631
f 4674/4674 4718/4718 4719/4719
f 4719/4719 4720/4720 4674/4674
f 4718/4718 4721/4721 4722/4722
f 4722/4722 4719/4719 4718/4718
f 4719/4719 4722/4722 4723/4723
f 4723/4723 4724/4724 4719/4719
f 4720/4720 4719/4719 4724/4724
f 4724/4724 4725/4725 4720/4720
f 4648/4648 4726/4726 4727/4727
f 4727/4727 4649/4649 4648/4648
f 4726/4726 4728/4728 4729/4729
f 4729/4729 4727/4727 4726/4726
f 4727/4727 4729/4729 4730/4730
f 4730/4730 4731/4731 4727/4727
f 4649/4649 4727/4727 4731/4731
f 4731/4731 4650/4650 4649/4649
f 4679/4679 4732/4732 4733/4733
f 4733/4733 4677/4677 4679/4679
f 4721/4721 4718/4718 4733/4733
f 4733/4733 4732/4732 4721/4721
f 4674/4674 4677/4677 4733/4733
f 4733/4733 4718/4718 4674/4674
f 4650/4650 4731/4731 4734/4734
f 4734/4734 4735/4735 4650/4650
f 4730/4730 4736/4736 4734/4734
f 4734/4734 4731/4731 4730/4730
f 4737/4737 4735/4735 4734/4734
f 4734/4734 4736/4736 4737/4737
f 4725/4725 4724/4724 4738/4738
f 4738/4738 4739/4739 4725/4725
f 4724/4724 4723/4723 4740/4740
f 4740/4740 4738/4738 4724/4724
f 4738/4738 4740/4740 4707/4707
f 4707/4707 4704/4704 4738/4738
f 4739/4739 4738/4738 4704/4704
f 4704/4704 4703/4703 4739/4739
f 4634/4634 4717/4717 4741/4741
f 4741/4741 4695/4695 4634/4634
f 4717/4717 4716/4716 4742/4742
f 4742/4742 4741/4741 4717/4717
f 4741/4741 4742/4742 4728/4728
f 4728/4728 4726/4726 4741/4741
f 4695/4695 4741/4741 4726/4726
f 4726/4726 4648/4648 4695/4695
f 4711/4711 4710/4710 4743/4743
f 4743/4743 4744/4744 4711/4711
f 4709/4709 4745/4745 4743/4743
f 4743/4743 4710/4710 4709/4709
f 4608/4608 4744/4744 4743/4743
f 4743/4743 4745/4745 4608/4608
f 4703/4703 4706/4706 4746/4746
f 4746/4746 4747/4747 4703/4703
f 4711/4711 4748/4748 4746/4746
f 4746/4746 4706/4706 4711/4711
f 4613/4613 4612/4612 4746/4746
f 4746/4746 4748/4748 4613/4613
f 4211/4211 4360/4360 4746/4746
f 4746/4746 4612/4612 4211/4211
f 4359/4359 4747/4747 4746/4746
f 4746/4746 4360/4360 4359/4359
f 4674/4674 4720/4720 4749/4749
f 4749/4749 4675/4675 4674/4674
f 4720/4720 4725/4725 4750/4750
f 4750/4750 4749/4749 4720/4720
f 4749/4749 4750/4750 4362/4362
f 4362/4362 4365/4365 4749/4749
f 4675/4675 4749/4749 4365/4365
f 4365/4365 4286/4286 4675/4675
f 4725/4725 4739/4739 4751/4751
f 4751/4751 4750/4750 4725/4725
f 4739/4739 4703/4703 4747/4747
f 4747/4747 4751/4751 4739/4739
f 4751/4751 4747/4747 4359/4359
f 4359/4359 4367/4367 4751/4751
f 4750/4750 4751/4751 4367/4367
f 4367/4367 4362/4362 4750/4750
f 4662/4662 4752/4752 4753/4753
f 4753/4753 4658/4658 4662/4662
f 4752/4752 4754/4754 4755/4755
f 4755/4755 4753/4753 4752/4752
f 4753/4753 4755/4755 4620/4620
f 4620/4620 4618/4618 4753/4753
f 4658/4658 4753/4753 4618/4618
f 4618/4618 4525/4525 4658/4658
f 4622/4622 4756/4756 4757/4757
f 4757/4757 4623/4623 4622/4622
f 4630/4630 4633/4633 4757/4757
f 4757/4757 4756/4756 4630/4630
f 4491/4491 4623/4623 4757/4757
f 4757/4757 4633/4633 4491/4491
f 4613/4613 4748/4748 4758/4758
f 4758/4758 4626/4626 4613/4613
f 4711/4711 4744/4744 4758/4758
f 4758/4758 4748/4748 4711/4711
f 4608/4608 4626/4626 4758/4758
f 4758/4758 4744/4744 4608/4608
f 4622/4622 4759/4759 4760/4760
f 4760/4760 4756/4756 4622/4622
f 4714/4714 4712/4712 4760/4760
f 4760/4760 4759/4759 4714/4714
f 4630/4630 4756/4756 4760/4760
f 4760/4760 4712/4712 4630/4630
f 4539/4539 4761/4761 4762/4762
f 4762/4762 4540/4540 4539/4539
f 4761/4761 4763/4763 4764/4764
f 4764/4764 4762/4762 4761/4761
f 4762/4762 4764/4764 4378/4378
f 4378/4378 4377/4377 4762/4762
f 4540/4540 4762/4762 4377/4377
f 4377/4377 4140/4140 4540/4540
f 4545/4545 4765/4765 4766/4766
f 4766/4766 4546/4546 4545/4545
f 4765/4765 4767/4767 4768/4768
f 4768/4768 4766/4766 4765/4765
f 4766/4766 4768/4768 4769/4769
f 4769/4769 4770/4770 4766/4766
f 4546/4546 4766/4766 4770/4770
f 4770/4770 4549/4549 4546/4546
f 4551/4551 4771/4771 4772/4772
f 4772/4772 4552/4552 4551/4551
f 4767/4767 4765/4765 4772/4772
f 4772/4772 4771/4771 4767/4767
f 4545/4545 4552/4552 4772/4772
f 4772/4772 4765/4765 4545/4545
f 4620/4620 4773/4773 4774/4774
f 4774/4774 4621/4621 4620/4620
f 4775/4775 4776/4776 4774/4774
f 4774/4774 4773/4773 4775/4775
f 4528/4528 4621/4621 4774/4774
f 4774/4774 4776/4776 4528/4528
f 4284/4284 4394/4394 4777/4777
f 4777/4777 4678/4678 4284/4284
f 4394/4394 4398/4398 4778/4778
f 4778/4778 4777/4777 4394/4394
f 4777/4777 4778/4778 4779/4779
f 4779/4779 4780/4780 4777/4777
f 4678/4678 4777/4777 4780/4780
f 4780/4780 4679/4679 4678/4678
f 4686/4686 4781/4781 4782/4782
f 4782/4782 4687/4687 4686/4686
f 4781/4781 4783/4783 4784/4784
f 4784/4784 4782/4782 4781/4781
f 4782/4782 4784/4784 4785/4785
f 4785/4785 4786/4786 4782/4782
f 4687/4687 4782/4782 4786/4786
f 4786/4786 4688/4688 4687/4687
f 4691/4691 4787/4787 4788/4788
f 4788/4788 4692/4692 4691/4691
f 4789/4789 4790/4790 4788/4788
f 4788/4788 4787/4787 4789/4789
f 4663/4663 4692/4692 4788/4788
f 4788/4788 4790/4790 4663/4663
f 4754/4754 4791/4791 4792/4792
f 4792/4792 4755/4755 4754/4754
f 4775/4775 4773/4773 4792/4792
f 4792/4792 4791/4791 4775/4775
f 4620/4620 4755/4755 4792/4792
f 4792/4792 4773/4773 4620/4620
f 4793/4793 4794/4794 4795/4795
f 4795/4795 4796/4796 4793/4793
f 4794/4794 4797/4797 4798/4798
f 4798/4798 4795/4795 4794/4794
f 4795/4795 4798/4798 4799/4799
f 4799/4799 4800/4800 4795/4795
f 4796/4796 4795/4795 4800/4800
f 4800/4800 4737/4737 4796/4796
f 4737/4737 4800/4800 4801/4801
f 4801/4801 4735/4735 4737/4737
f 4800/4800 4799/4799 4802/4802
f 4802/4802 4801/4801 4800/4800
f 4801/4801 4802/4802 4803/4803
f 4803/4803 4804/4804 4801/4801
f 4735/4735 4801/4801 4804/4804
f 4804/4804 4650/4650 4735/4735
f 4650/4650 4804/4804 4805/4805
f 4805/4805 4645/4645 4650/4650
f 4804/4804 4803/4803 4806/4806
f 4806/4806 4805/4805 4804/4804
f 4805/4805 4806/4806 4807/4807
f 4807/4807 4808/4808 4805/4805
f 4645/4645 4805/4805 4808/4808
f 4808/4808 4642/4642 4645/4645
f 4642/4642 4808/4808 4809/4809
f 4809/4809 4690/4690 4642/4642
f 4808/4808 4807/4807 4810/4810
f 4810/4810 4809/4809 4808/4808
f 4809/4809 4810/4810 4811/4811
f 4811/4811 4812/4812 4809/4809
f 4690/4690 4809/4809 4812/4812
f 4812/4812 4691/4691 4690/4690
f 4691/4691 4812/4812 4813/4813
f 4813/4813 4787/4787 4691/4691
f 4812/4812 4811/4811 4814/4814
f 4814/4814 4813/4813 4812/4812
f 4813/4813 4814/4814 4815/4815
f 4815/4815 4816/4816 4813/4813
f 4787/4787 4813/4813 4816/4816
f 4816/4816 4789/4789 4787/4787
f 4797/4797 4817/4817 4818/4818
f 4818/4818 4798/4798 4797/4797
f 4817/4817 4819/4819 4820/4820
f 4820/4820 4818/4818 4817/4817
f 4818/4818 4820/4820 4821/4821
f 4821/4821 4822/4822 4818/4818
f 4798/4798 4818/4818 4822/4822
f 4822/4822 4799/4799 4798/4798
f 4799/4799 4822/4822 4823/4823
f 4823/4823 4802/4802 4799/4799
f 4822/4822 4821/4821 4824/4824
f 4824/4824 4823/4823 4822/4822
f 4823/4823 4824/4824 4825/4825
f 4825/4825 4826/4826 4823/4823
f 4802/4802 4823/4823 4826/4826
f 4826/4826 4803/4803 4802/4802
f 4827/4827 4828/4828 4829/4829
f 4829/4829 4830/4830 4827/4827
f 4828/4828 4831/4831 4832/4832
f 4832/4832 4829/4829 4828/4828
f 4829/4829 4832/4832 4833/4833
f 4833/4833 4834/4834 4829/4829
f 4830/4830 4829/4829 4834/4834
f 4834/4834 4835/4835 4830/4830
f 4807/4807 4836/4836 4837/4837
f 4837/4837 4810/4810 4807/4807
f 4836/4836 4838/4838 4839/4839
f 4839/4839 4837/4837 4836/4836
f 4837/4837 4839/4839 4840/4840
f 4840/4840 4841/4841 4837/4837
f 4810/4810 4837/4837 4841/4841
f 4841/4841 4811/4811 4810/4810
f 4811/4811 4841/4841 4842/4842
f 4842/4842 4814/4814 4811/4811
f 4841/4841 4840/4840 4843/4843
f 4843/4843 4842/4842 4841/4841
f 4842/4842 4843/4843 4844/4844
f 4844/4844 4845/4845 4842/4842
f 4814/4814 4842/4842 4845/4845
f 4845/4845 4815/4815 4814/4814
f 4819/4819 4846/4846 4847/4847
f 4847/4847 4820/4820 4819/4819
f 4846/4846 4848/4848 4849/4849
f 4849/4849 4847/4847 4846/4846
f 4847/4847 4849/4849 4850/4850
f 4850/4850 4851/4851 4847/4847
f 4820/4820 4847/4847 4851/4851
f 4851/4851 4821/4821 4820/4820
f 4821/4821 4851/4851 4852/4852
f 4852/4852 4824/4824 4821/4821
f 4851/4851 4850/4850 4853/4853
f 4853/4853 4852/4852 4851/4851
f 4852/4852 4853/4853 4854/4854
f 4854/4854 4855/4855 4852/4852
f 4824/4824 4852/4852 4855/4855
f 4855/4855 4825/4825 4824/4824
f 4831/4831 4856/4856 4857/4857
f 4857/4857 4832/4832 4831/4831
f 4856/4856 4684/4684 4681/4681
f 4681/4681 4857/4857 4856/4856
f 4857/4857 4681/4681 4680/4680
f 4680/4680 4858/4858 4857/4857
f 4832/4832 4857/4857 4858/4858
f 4858/4858 4833/4833 4832/4832
f 4838/4838 4859/4859 4860/4860
f 4860/4860 4839/4839 4838/4838
f 4859/4859 4861/4861 4862/4862
f 4862/4862 4860/4860 4859/4859
f 4860/4860 4862/4862 4863/4863
f 4863/4863 4864/4864 4860/4860
f 4839/4839 4860/4860 4864/4864
f 4864/4864 4840/4840 4839/4839
f 4840/4840 4864/4864 4865/4865
f 4865/4865 4843/4843 4840/4840
f 4864/4864 4863/4863 4866/4866
f 4866/4866 4865/4865 4864/4864
f 4865/4865 4866/4866 4867/4867
f 4867/4867 4868/4868 4865/4865
f 4843/4843 4865/4865 4868/4868
f 4868/4868 4844/4844 4843/4843
f 4869/4869 4870/4870 4871/4871
f 4871/4871 4872/4872 4869/4869
f 4870/4870 4124/4124 4123/4123
f 4123/4123 4871/4871 4870/4870
f 4871/4871 4123/4123 4122/4122
f 4122/4122 4133/4133 4871/4871
f 4872/4872 4871/4871 4133/4133
f 4133/4133 4135/4135 4872/4872
f 4276/4276 4273/4273 4873/4873
f 4873/4873 4874/4874 4276/4276
f 4273/4273 4261/4261 4264/4264
f 4264/4264 4873/4873 4273/4273
f 4873/4873 4264/4264 4266/4266
f 4266/4266 4272/4272 4873/4873
f 4874/4874 4873/4873 4272/4272
f 4272/4272 4271/4271 4874/4874
f 4537/4537 4534/4534 4875/4875
f 4875/4875 4876/4876 4537/4537
f 4534/4534 4519/4519 4522/4522
f 4522/4522 4875/4875 4534/4534
f 4875/4875 4522/4522 4527/4527
f 4527/4527 4533/4533 4875/4875
f 4876/4876 4875/4875 4533/4533
f 4533/4533 4532/4532 4876/4876
f 4877/4877 4878/4878 4879/4879
f 4879/4879 4880/4880 4877/4877
f 4878/4878 4662/4662 4661/4661
f 4661/4661 4879/4879 4878/4878
f 4879/4879 4661/4661 4660/4660
f 4660/4660 4671/4671 4879/4879
f 4880/4880 4879/4879 4671/4671
f 4671/4671 4673/4673 4880/4880
f 4223/4223 4222/4222 4881/4881
f 4881/4881 4882/4882 4223/4223
f 4124/4124 4870/4870 4881/4881
f 4881/4881 4222/4222 4124/4124
f 4869/4869 4882/4882 4881/4881
f 4881/4881 4870/4870 4869/4869
f 4301/4301 4300/4300 4883/4883
f 4883/4883 4884/4884 4301/4301
f 4260/4260 4309/4309 4883/4883
f 4883/4883 4300/4300 4260/4260
f 4313/4313 4884/4884 4883/4883
f 4883/4883 4309/4309 4313/4313
f 4551/4551 4554/4554 4885/4885
f 4885/4885 4886/4886 4551/4551
f 4518/4518 4563/4563 4885/4885
f 4885/4885 4554/4554 4518/4518
f 4567/4567 4886/4886 4885/4885
f 4885/4885 4563/4563 4567/4567
f 4754/4754 4752/4752 4887/4887
f 4887/4887 4888/4888 4754/4754
f 4662/4662 4878/4878 4887/4887
f 4887/4887 4752/4752 4662/4662
f 4877/4877 4888/4888 4887/4887
f 4887/4887 4878/4878 4877/4877
f 4095/4095 4157/4157 4889/4889
f 4889/4889 4890/4890 4095/4095
f 4114/4114 4163/4163 4889/4889
f 4889/4889 4157/4157 4114/4114
f 4162/4162 4890/4890 4889/4889
f 4889/4889 4163/4163 4162/4162
f 4311/4311 4310/4310 4891/4891
f 4891/4891 4892/4892 4311/4311
f 4258/4258 4306/4306 4891/4891
f 4891/4891 4310/4310 4258/4258
f 4244/4244 4892/4892 4891/4891
f 4891/4891 4306/4306 4244/4244
f 4565/4565 4564/4564 4893/4893
f 4893/4893 4894/4894 4565/4565
f 4516/4516 4559/4559 4893/4893
f 4893/4893 4564/4564 4516/4516
f 4502/4502 4894/4894 4893/4893
f 4893/4893 4559/4559 4502/4502
f 4638/4638 4697/4697 4895/4895
f 4895/4895 4896/4896 4638/4638
f 4655/4655 4702/4702 4895/4895
f 4895/4895 4697/4697 4655/4655
f 4701/4701 4896/4896 4895/4895
f 4895/4895 4702/4702 4701/4701
f 4129/4129 4897/4897 4898/4898
f 4898/4898 4161/4161 4129/4129
f 4897/4897 4899/4899 4900/4900
f 4900/4900 4898/4898 4897/4897
f 4898/4898 4900/4900 4901/4901
f 4901/4901 4902/4902 4898/4898
f 4161/4161 4898/4898 4902/4902
f 4902/4902 4162/4162 4161/4161
f 4311/4311 4903/4903 4904/4904
f 4904/4904 4312/4312 4311/4311
f 4903/4903 4905/4905 4906/4906
f 4906/4906 4904/4904 4903/4903
f 4904/4904 4906/4906 4907/4907
f 4907/4907 4908/4908 4904/4904
f 4312/4312 4904/4904 4908/4908
f 4908/4908 4313/4313 4312/4312
f 4565/4565 4909/4909 4910/4910
f 4910/4910 4566/4566 4565/4565
f 4909/4909 4911/4911 4912/4912
f 4912/4912 4910/4910 4909/4909
f 4910/4910 4912/4912 4913/4913
f 4913/4913 4914/4914 4910/4910
f 4566/4566 4910/4910 4914/4914
f 4914/4914 4567/4567 4566/4566
f 4667/4667 4915/4915 4916/4916
f 4916/4916 4700/4700 4667/4667
f 4915/4915 4917/4917 4918/4918
f 4918/4918 4916/4916 4915/4915
f 4916/4916 4918/4918 4919/4919
f 4919/4919 4920/4920 4916/4916
f 4700/4700 4916/4916 4920/4920
f 4920/4920 4701/4701 4700/4700
f 4125/4125 4921/4921 4922/4922
f 4922/4922 4126/4126 4125/4125
f 4899/4899 4897/4897 4922/4922
f 4922/4922 4921/4921 4899/4899
f 4129/4129 4126/4126 4922/4922
f 4922/4922 4897/4897 4129/4129
f 4267/4267 4923/4923 4924/4924
f 4924/4924 4268/4268 4267/4267
f 4925/4925 4926/4926 4924/4924
f 4924/4924 4923/4923 4925/4925
f 4271/4271 4268/4268 4924/4924
f 4924/4924 4926/4926 4271/4271
f 4528/4528 4927/4927 4928/4928
f 4928/4928 4529/4529 4528/4528
f 4929/4929 4930/4930 4928/4928
f 4928/4928 4927/4927 4929/4929
f 4532/4532 4529/4529 4928/4928
f 4928/4928 4930/4930 4532/4532
f 4663/4663 4931/4931 4932/4932
f 4932/4932 4664/4664 4663/4663
f 4917/4917 4915/4915 4932/4932
f 4932/4932 4931/4931 4917/4917
f 4667/4667 4664/4664 4932/4932
f 4932/4932 4915/4915 4667/4667
f 4095/4095 4933/4933 4934/4934
f 4934/4934 4134/4134 4095/4095
f 4935/4935 4936/4936 4934/4934
f 4934/4934 4933/4933 4935/4935
f 4135/4135 4134/4134 4934/4934
f 4934/4934 4936/4936 4135/4135
f 4276/4276 4937/4937 4938/4938
f 4938/4938 4277/4277 4276/4276
f 4939/4939 4940/4940 4938/4938
f 4938/4938 4937/4937 4939/4939
f 4244/4244 4277/4277 4938/4938
f 4938/4938 4940/4940 4244/4244
f 4537/4537 4941/4941 4942/4942
f 4942/4942 4538/4538 4537/4537
f 4943/4943 4944/4944 4942/4942
f 4942/4942 4941/4941 4943/4943
f 4502/4502 4538/4538 4942/4942
f 4942/4942 4944/4944 4502/4502
f 4638/4638 4945/4945 4946/4946
f 4946/4946 4672/4672 4638/4638
f 4947/4947 4948/4948 4946/4946
f 4946/4946 4945/4945 4947/4947
f 4673/4673 4672/4672 4946/4946
f 4946/4946 4948/4948 4673/4673
f 4949/4949 4950/4950 4951/4951
f 4951/4951 4952/4952 4949/4949
f 4950/4950 4869/4869 4872/4872
f 4872/4872 4951/4951 4950/4950
f 4951/4951 4872/4872 4135/4135
f 4135/4135 4936/4936 4951/4951
f 4952/4952 4951/4951 4936/4936
f 4936/4936 4935/4935 4952/4952
f 4939/4939 4937/4937 4953/4953
f 4953/4953 4954/4954 4939/4939
f 4937/4937 4276/4276 4874/4874
f 4874/4874 4953/4953 4937/4937
f 4953/4953 4874/4874 4271/4271
f 4271/4271 4926/4926 4953/4953
f 4954/4954 4953/4953 4926/4926
f 4926/4926 4925/4925 4954/4954
f 4943/4943 4941/4941 4955/4955
f 4955/4955 4956/4956 4943/4943
f 4941/4941 4537/4537 4876/4876
f 4876/4876 4955/4955 4941/4941
f 4955/4955 4876/4876 4532/4532
f 4532/4532 4930/4930 4955/4955
f 4956/4956 4955/4955 4930/4930
f 4930/4930 4929/4929 4956/4956
f 4957/4957 4958/4958 4959/4959
f 4959/4959 4960/4960 4957/4957
f 4958/4958 4877/4877 4880/4880
f 4880/4880 4959/4959 4958/4958
f 4959/4959 4880/4880 4673/4673
f 4673/4673 4948/4948 4959/4959
f 4960/4960 4959/4959 4948/4948
f 4948/4948 4947/4947 4960/4960
f 4223/4223 4882/4882 4961/4961
f 4961/4961 4962/4962 4223/4223
f 4869/4869 4950/4950 4961/4961
f 4961/4961 4882/4882 4869/4869
f 4949/4949 4962/4962 4961/4961
f 4961/4961 4950/4950 4949/4949
f 4301/4301 4884/4884 4963/4963
f 4963/4963 4964/4964 4301/4301
f 4313/4313 4908/4908 4963/4963
f 4963/4963 4884/4884 4313/4313
f 4907/4907 4964/4964 4963/4963
f 4963/4963 4908/4908 4907/4907
f 4551/4551 4886/4886 4965/4965
f 4965/4965 4966/4966 4551/4551
f 4567/4567 4914/4914 4965/4965
f 4965/4965 4886/4886 4567/4567
f 4913/4913 4966/4966 4965/4965
f 4965/4965 4914/4914 4913/4913
f 4754/4754 4888/4888 4967/4967
f 4967/4967 4968/4968 4754/4754
f 4877/4877 4958/4958 4967/4967
f 4967/4967 4888/4888 4877/4877
f 4957/4957 4968/4968 4967/4967
f 4967/4967 4958/4958 4957/4957
f 4095/4095 4890/4890 4969/4969
f 4969/4969 4970/4970 4095/4095
f 4162/4162 4902/4902 4969/4969
f 4969/4969 4890/4890 4162/4162
f 4901/4901 4970/4970 4969/4969
f 4969/4969 4902/4902 4901/4901
f 4905/4905 4903/4903 4971/4971
f 4971/4971 4972/4972 4905/4905
f 4311/4311 4892/4892 4971/4971
f 4971/4971 4903/4903 4311/4311
f 4244/4244 4972/4972 4971/4971
f 4971/4971 4892/4892 4244/4244
f 4911/4911 4909/4909 4973/4973
f 4973/4973 4974/4974 4911/4911
f 4565/4565 4894/4894 4973/4973
f 4973/4973 4909/4909 4565/4565
f 4502/4502 4974/4974 4973/4973
f 4973/4973 4894/4894 4502/4502
f 4638/4638 4896/4896 4975/4975
f 4975/4975 4976/4976 4638/4638
f 4701/4701 4920/4920 4975/4975
f 4975/4975 4896/4896 4701/4701
f 4919/4919 4976/4976 4975/4975
f 4975/4975 4920/4920 4919/4919
g oval_tufted_chair_back_welt
usemtl fabric
v -0.13635 0.46919 -0.22902
v -0.07534 0.46824 -0.23193
v -0.07542 0.46745 -0.23351
v -0.13659 0.46840 -0.23059
v 0.00076 0.46769 -0.23350
v 0.00076 0.46690 -0.23508
v 0.00076 0.46532 -0.23588
v -0.07547 0.46587 -0.23430
v -0.13676 0.46682 -0.23137
v -0.13614 0.46680 -0.22666
v -0.07526 0.46585 -0.22956
v -0.07528 0.46744 -0.23035
v -0.13617 0.46839 -0.22745
v 0.00076 0.46531 -0.23113
v 0.00076 0.46689 -0.23192
v -0.13656 0.46443 -0.22900
v -0.07539 0.46349 -0.23194
v -0.07531 0.46427 -0.23035
v -0.13631 0.46522 -0.22744
v 0.00076 0.46294 -0.23351
v 0.00076 0.46373 -0.23193
v 0.00076 0.46531 -0.23113
v -0.07526 0.46585 -0.22956
v -0.13614 0.46680 -0.22666
v -0.07546 0.46428 -0.23352
v -0.13673 0.46523 -0.23058
v 0.00076 0.46374 -0.23509
v -0.16816 0.46749 -0.22886
v -0.16774 0.46906 -0.22812
v -0.18110 0.46822 -0.22640
v -0.18043 0.46978 -0.22569
v -0.17953 0.47055 -0.22422
v -0.16716 0.46984 -0.22659
v -0.16677 0.46903 -0.22505
v -0.17894 0.46973 -0.22271
v -0.17887 0.46814 -0.22192
v -0.16672 0.46745 -0.22426
v -0.16672 0.46745 -0.22426
v -0.16715 0.46587 -0.22501
v -0.17887 0.46814 -0.22192
v -0.17954 0.46657 -0.22263
v -0.18044 0.46581 -0.22411
v -0.16772 0.46509 -0.22653
v -0.16811 0.46590 -0.22808
v -0.18103 0.46663 -0.22561
v -0.18701 0.46936 -0.22357
v -0.18624 0.47091 -0.22289
v -0.19280 0.47054 -0.22027
v -0.19221 0.47210 -0.21957
v -0.19143 0.47286 -0.21811
v -0.18521 0.47166 -0.22147
v -0.18453 0.47083 -0.21999
v -0.19090 0.47203 -0.21661
v -0.19084 0.47043 -0.21584
v -0.18445 0.46923 -0.21922
v -0.18445 0.46923 -0.21922
v -0.18522 0.46768 -0.21990
v -0.19084 0.47043 -0.21584
v -0.19142 0.46888 -0.21654
v -0.19221 0.46812 -0.21800
v -0.18624 0.46693 -0.22132
v -0.18692 0.46776 -0.22279
v -0.19273 0.46895 -0.21950
v -0.20538 0.47144 -0.21641
v -0.20538 0.47303 -0.21557
v -0.21780 0.47164 -0.21438
v -0.21840 0.47327 -0.21342
v -0.21922 0.47412 -0.21159
v -0.20539 0.47384 -0.21392
v -0.20541 0.47305 -0.21229
v -0.21979 0.47337 -0.20982
v -0.21989 0.47180 -0.20898
v -0.20542 0.47146 -0.21148
v -0.20542 0.47146 -0.21148
v -0.20542 0.46987 -0.21231
v -0.21989 0.47180 -0.20898
v -0.21929 0.47017 -0.20994
v -0.21847 0.46932 -0.21177
v -0.20541 0.46907 -0.21396
v -0.20539 0.46986 -0.21560
v -0.21790 0.47007 -0.21354
v -0.22312 0.47075 -0.21662
v -0.22393 0.47238 -0.21565
v -0.22760 0.46977 -0.21945
v -0.22829 0.47139 -0.21853
v -0.22924 0.47222 -0.21677
v -0.22504 0.47323 -0.21380
v -0.22581 0.47248 -0.21203
v -0.22990 0.47145 -0.21506
v -0.23002 0.46987 -0.21425
v -0.22595 0.47091 -0.21119
v -0.22595 0.47091 -0.21119
v -0.22514 0.46928 -0.21216
v -0.23002 0.46987 -0.21425
v -0.22933 0.46826 -0.21516
v -0.22838 0.46742 -0.21692
v -0.22403 0.46843 -0.21400
v -0.22325 0.46918 -0.21578
v -0.22772 0.46819 -0.21863
v -0.23752 0.46972 -0.21922
v -0.23783 0.47132 -0.21837
v -0.25531 0.47054 -0.21599
v -0.25508 0.47212 -0.21522
v -0.25490 0.47290 -0.21364
v -0.23823 0.47212 -0.21671
v -0.23851 0.47134 -0.21507
v -0.25492 0.47211 -0.21203
v -0.25506 0.47053 -0.21120
v -0.23855 0.46975 -0.21427
v -0.23855 0.46975 -0.21427
v -0.23825 0.46816 -0.21512
v -0.25506 0.47053 -0.21120
v -0.25529 0.46895 -0.21196
v -0.25547 0.46817 -0.21354
v -0.23784 0.46735 -0.21678
v -0.23756 0.46813 -0.21842
v -0.25546 0.46896 -0.21516
v -0.28339 0.47220 -0.20980
v -0.28260 0.47374 -0.20914
v -0.30966 0.48428 -0.20706
v -0.30842 0.48565 -0.20646
v -0.30784 0.48637 -0.20493
v -0.28213 0.47450 -0.20761
v -0.28240 0.47371 -0.20593
v -0.30851 0.48574 -0.20321
v -0.30979 0.48441 -0.20220
v -0.28309 0.47216 -0.20499
v -0.28309 0.47216 -0.20499
v -0.28388 0.47063 -0.20565
v -0.30979 0.48441 -0.20220
v -0.31103 0.48304 -0.20281
v -0.31162 0.48232 -0.20433
v -0.28435 0.46986 -0.20718
v -0.28408 0.47065 -0.20886
v -0.31094 0.48295 -0.20605
v -0.32202 0.51640 -0.21416
v -0.32058 0.51734 -0.21346
v -0.32688 0.55853 -0.22610
v -0.32538 0.55890 -0.22524
v -0.32473 0.55940 -0.22367
v -0.31995 0.51797 -0.21193
v -0.32080 0.51775 -0.21029
v -0.32565 0.55975 -0.22219
v -0.32728 0.55981 -0.22153
v -0.32234 0.51700 -0.20940
v -0.32234 0.51700 -0.20940
v -0.32378 0.51606 -0.21009
v -0.32728 0.55981 -0.22153
v -0.32878 0.55945 -0.22239
v -0.32943 0.55894 -0.22396
v -0.32442 0.51543 -0.21163
v -0.32356 0.51565 -0.21327
v -0.32852 0.55859 -0.22543
v -0.33068 0.60066 -0.23790
v -0.32912 0.60039 -0.23686
v -0.32425 0.63172 -0.24874
v -0.32283 0.63096 -0.24752
v -0.32221 0.63123 -0.24587
v -0.32846 0.60077 -0.23525
v -0.32943 0.60174 -0.23395
v -0.32306 0.63269 -0.24474
v -0.32460 0.63431 -0.24457
v -0.33115 0.60269 -0.23353
v -0.33115 0.60269 -0.23353
v -0.33270 0.60296 -0.23457
v -0.32460 0.63431 -0.24457
v -0.32603 0.63507 -0.24579
v -0.32665 0.63481 -0.24744
v -0.33337 0.60259 -0.23618
v -0.33239 0.60161 -0.23748
v -0.32579 0.63335 -0.24857
v -0.29847 0.64063 -0.25781
v -0.29755 0.63972 -0.25643
v -0.25873 0.63846 -0.26578
v -0.25834 0.63758 -0.26429
v -0.25799 0.63780 -0.26257
v -0.29705 0.63995 -0.25474
v -0.29744 0.64154 -0.25376
v -0.25792 0.63935 -0.26168
v -0.25811 0.64112 -0.26186
v -0.29831 0.64335 -0.25380
v -0.29831 0.64335 -0.25380
v -0.29923 0.64426 -0.25517
v -0.25811 0.64112 -0.26186
v -0.25850 0.64201 -0.26335
v -0.25885 0.64179 -0.26507
v -0.29973 0.64403 -0.25686
v -0.29934 0.64244 -0.25785
v -0.25892 0.64024 -0.26596
v -0.21046 0.63631 -0.27332
v -0.21028 0.63543 -0.27179
v -0.15122 0.63452 -0.27966
v -0.15110 0.63364 -0.27812
v -0.15094 0.63386 -0.27637
v -0.21003 0.63565 -0.27005
v -0.20986 0.63719 -0.26919
v -0.15082 0.63540 -0.27550
v -0.15080 0.63716 -0.27573
v -0.20982 0.63895 -0.26942
v -0.20982 0.63895 -0.26942
v -0.21000 0.63983 -0.27095
v -0.15080 0.63716 -0.27573
v -0.15091 0.63804 -0.27727
v -0.15108 0.63782 -0.27902
v -0.21025 0.63961 -0.27269
v -0.21042 0.63807 -0.27355
v -0.15120 0.63627 -0.27989
v -0.07858 0.63345 -0.28402
v -0.07852 0.63257 -0.28248
v 0.00076 0.63309 -0.28570
v 0.00076 0.63222 -0.28417
v 0.00076 0.63244 -0.28241
v -0.07844 0.63279 -0.28073
v -0.07838 0.63433 -0.27985
v 0.00076 0.63397 -0.28154
v 0.00076 0.63572 -0.28175
v -0.07837 0.63608 -0.28007
v -0.07837 0.63608 -0.28007
v -0.07843 0.63696 -0.28161
v 0.00076 0.63572 -0.28175
v 0.00076 0.63660 -0.28328
v 0.00076 0.63638 -0.28504
v -0.07851 0.63674 -0.28336
v -0.07857 0.63520 -0.28424
v 0.00076 0.63485 -0.28591
v 0.13787 0.46919 -0.22902
v 0.13812 0.46840 -0.23059
v 0.07695 0.46745 -0.23351
v 0.07687 0.46824 -0.23193
v 0.13829 0.46682 -0.23137
v 0.07700 0.46587 -0.23430
v 0.13766 0.46680 -0.22666
v 0.13770 0.46839 -0.22745
v 0.07680 0.46744 -0.23035
v 0.07679 0.46585 -0.22956
v 0.13808 0.46443 -0.22900
v 0.13784 0.46522 -0.22744
v 0.07684 0.46427 -0.23035
v 0.07692 0.46349 -0.23194
v 0.13766 0.46680 -0.22666
v 0.07679 0.46585 -0.22956
v 0.13826 0.46523 -0.23058
v 0.07698 0.46428 -0.23352
v 0.16926 0.46906 -0.22812
v 0.16969 0.46749 -0.22886
v 0.16869 0.46984 -0.22659
v 0.18106 0.47055 -0.22422
v 0.18196 0.46978 -0.22569
v 0.18263 0.46822 -0.22640
v 0.16830 0.46903 -0.22505
v 0.16825 0.46745 -0.22426
v 0.18040 0.46814 -0.22192
v 0.18047 0.46973 -0.22271
v 0.16868 0.46587 -0.22501
v 0.16825 0.46745 -0.22426
v 0.16925 0.46509 -0.22653
v 0.18197 0.46581 -0.22411
v 0.18107 0.46657 -0.22263
v 0.18040 0.46814 -0.22192
v 0.16964 0.46590 -0.22808
v 0.18256 0.46663 -0.22561
v 0.18777 0.47091 -0.22289
v 0.18854 0.46936 -0.22357
v 0.18674 0.47166 -0.22147
v 0.19296 0.47286 -0.21811
v 0.19374 0.47210 -0.21957
v 0.19432 0.47054 -0.22027
v 0.18606 0.47083 -0.21999
v 0.18598 0.46923 -0.21922
v 0.19237 0.47043 -0.21584
v 0.19243 0.47203 -0.21661
v 0.18674 0.46768 -0.21990
v 0.18598 0.46923 -0.21922
v 0.18777 0.46693 -0.22132
v 0.19373 0.46812 -0.21800
v 0.19295 0.46888 -0.21654
v 0.19237 0.47043 -0.21584
v 0.18845 0.46776 -0.22279
v 0.19426 0.46895 -0.21950
v 0.20691 0.47303 -0.21557
v 0.20691 0.47144 -0.21641
v 0.20692 0.47384 -0.21392
v 0.22075 0.47412 -0.21159
v 0.21993 0.47327 -0.21342
v 0.21933 0.47164 -0.21438
v 0.20694 0.47305 -0.21229
v 0.20695 0.47146 -0.21148
v 0.22142 0.47180 -0.20898
v 0.22132 0.47337 -0.20982
v 0.20695 0.46987 -0.21231
v 0.20695 0.47146 -0.21148
v 0.20693 0.46907 -0.21396
v 0.22000 0.46932 -0.21177
v 0.22082 0.47017 -0.20994
v 0.22142 0.47180 -0.20898
v 0.20692 0.46986 -0.21560
v 0.21943 0.47007 -0.21354
v 0.22545 0.47238 -0.21565
v 0.22465 0.47075 -0.21662
v 0.22656 0.47323 -0.21380
v 0.23077 0.47222 -0.21677
v 0.22982 0.47139 -0.21853
v 0.22913 0.46977 -0.21945
v 0.22734 0.47248 -0.21203
v 0.22747 0.47091 -0.21119
v 0.23155 0.46987 -0.21425
v 0.23143 0.47145 -0.21506
v 0.22667 0.46928 -0.21216
v 0.22747 0.47091 -0.21119
v 0.22556 0.46843 -0.21400
v 0.22991 0.46742 -0.21692
v 0.23086 0.46826 -0.21516
v 0.23155 0.46987 -0.21425
v 0.22478 0.46918 -0.21578
v 0.22924 0.46819 -0.21863
v 0.23935 0.47132 -0.21837
v 0.23905 0.46972 -0.21922
v 0.23976 0.47212 -0.21671
v 0.25643 0.47290 -0.21364
v 0.25661 0.47212 -0.21522
v 0.25684 0.47054 -0.21599
v 0.24004 0.47134 -0.21507
v 0.24008 0.46975 -0.21427
v 0.25659 0.47053 -0.21120
v 0.25644 0.47211 -0.21203
v 0.23977 0.46816 -0.21512
v 0.24008 0.46975 -0.21427
v 0.23937 0.46735 -0.21678
v 0.25700 0.46817 -0.21354
v 0.25682 0.46895 -0.21196
v 0.25659 0.47053 -0.21120
v 0.23909 0.46813 -0.21842
v 0.25699 0.46896 -0.21516
v 0.28413 0.47374 -0.20914
v 0.28492 0.47220 -0.20980
v 0.28366 0.47450 -0.20761
v 0.30937 0.48637 -0.20493
v 0.30995 0.48565 -0.20646
v 0.31119 0.48428 -0.20706
v 0.28393 0.47371 -0.20593
v 0.28462 0.47216 -0.20499
v 0.31132 0.48441 -0.20220
v 0.31004 0.48574 -0.20321
v 0.28541 0.47063 -0.20565
v 0.28462 0.47216 -0.20499
v 0.28588 0.46986 -0.20718
v 0.31315 0.48232 -0.20433
v 0.31256 0.48304 -0.20281
v 0.31132 0.48441 -0.20220
v 0.28561 0.47065 -0.20886
v 0.31247 0.48295 -0.20605
v 0.32211 0.51734 -0.21346
v 0.32355 0.51640 -0.21416
v 0.32147 0.51797 -0.21193
v 0.32626 0.55940 -0.22367
v 0.32691 0.55890 -0.22524
v 0.32841 0.55853 -0.22610
v 0.32233 0.51775 -0.21029
v 0.32387 0.51700 -0.20940
v 0.32881 0.55981 -0.22153
v 0.32717 0.55975 -0.22219
v 0.32531 0.51606 -0.21009
v 0.32387 0.51700 -0.20940
v 0.32594 0.51543 -0.21163
v 0.33096 0.55894 -0.22396
v 0.33031 0.55945 -0.22239
v 0.32881 0.55981 -0.22153
v 0.32509 0.51565 -0.21327
v 0.33004 0.55859 -0.22543
v 0.33065 0.60039 -0.23686
v 0.33220 0.60066 -0.23790
v 0.32999 0.60077 -0.23525
v 0.32373 0.63123 -0.24587
v 0.32436 0.63096 -0.24752
v 0.32578 0.63172 -0.24874
v 0.33096 0.60174 -0.23395
v 0.33267 0.60269 -0.23353
v 0.32613 0.63431 -0.24457
v 0.32459 0.63269 -0.24474
v 0.33423 0.60296 -0.23457
v 0.33267 0.60269 -0.23353
v 0.33489 0.60259 -0.23618
v 0.32818 0.63481 -0.24744
v 0.32755 0.63507 -0.24579
v 0.32613 0.63431 -0.24457
v 0.33392 0.60161 -0.23748
v 0.32732 0.63335 -0.24857
v 0.29907 0.63972 -0.25643
v 0.29999 0.64063 -0.25781
v 0.29857 0.63995 -0.25474
v 0.25951 0.63780 -0.26257
v 0.25987 0.63758 -0.26429
v 0.26026 0.63846 -0.26578
v 0.29897 0.64154 -0.25376
v 0.29984 0.64335 -0.25380
v 0.25963 0.64112 -0.26186
v 0.25945 0.63935 -0.26168
v 0.30076 0.64426 -0.25517
v 0.29984 0.64335 -0.25380
v 0.30126 0.64403 -0.25686
v 0.26038 0.64179 -0.26507
v 0.26003 0.64201 -0.26335
v 0.25963 0.64112 -0.26186
v 0.30086 0.64244 -0.25785
v 0.26044 0.64024 -0.26596
v 0.21181 0.63543 -0.27179
v 0.21199 0.63631 -0.27332
v 0.21156 0.63565 -0.27005
v 0.15247 0.63386 -0.27637
v 0.15263 0.63364 -0.27812
v 0.15275 0.63452 -0.27966
v 0.21139 0.63719 -0.26919
v 0.21135 0.63895 -0.26942
v 0.15232 0.63716 -0.27573
v 0.15235 0.63540 -0.27550
v 0.21153 0.63983 -0.27095
v 0.21135 0.63895 -0.26942
v 0.21177 0.63961 -0.27269
v 0.15261 0.63782 -0.27902
v 0.15244 0.63804 -0.27727
v 0.15232 0.63716 -0.27573
v 0.21195 0.63807 -0.27355
v 0.15272 0.63627 -0.27989
v 0.08005 0.63257 -0.28248
v 0.08011 0.63345 -0.28402
v 0.07997 0.63279 -0.28073
v 0.00076 0.63244 -0.28241
v 0.00076 0.63222 -0.28417
v 0.00076 0.63309 -0.28570
v 0.07991 0.63433 -0.27985
v 0.07989 0.63608 -0.28007
v 0.00076 0.63572 -0.28175
v 0.00076 0.63397 -0.28154
v 0.07995 0.63696 -0.28161
v 0.07989 0.63608 -0.28007
v 0.08004 0.63674 -0.28336
v 0.00076 0.63638 -0.28504
v 0.00076 0.63660 -0.28328
v 0.00076 0.63572 -0.28175
v 0.08009 0.63520 -0.28424
v 0.00076 0.63485 -0.28591
vt 2.13273 -0.41724
vt 2.01070 -0.41725
vt 2.01070 -0.42221
vt 2.13273 -0.42220
vt 1.85870 -0.41726
vt 1.85870 -0.42222
vt 1.85870 -0.42717
vt 2.01070 -0.42717
vt 2.13273 -0.42716
vt 2.13273 -0.40730
vt 2.01070 -0.40731
vt 2.01070 -0.41228
vt 2.13273 -0.41227
vt 1.85870 -0.40732
vt 1.85870 -0.41229
vt 2.13273 -0.43708
vt 2.01070 -0.43709
vt 2.01070 -0.44206
vt 2.13273 -0.44205
vt 1.85870 -0.43709
vt 1.85870 -0.44206
vt 1.85870 -0.44704
vt 2.01070 -0.44703
vt 2.13273 -0.44702
vt 2.01070 -0.43213
vt 2.13273 -0.43212
vt 1.85870 -0.43213
vt 2.19482 -0.42716
vt 2.19482 -0.42220
vt 2.22090 -0.42716
vt 2.22090 -0.42220
vt 2.22090 -0.41724
vt 2.19482 -0.41724
vt 2.19482 -0.41227
vt 2.22090 -0.41227
vt 2.22090 -0.40730
vt 2.19482 -0.40730
vt 2.19482 -0.44702
vt 2.19482 -0.44204
vt 2.22090 -0.44702
vt 2.22090 -0.44204
vt 2.22090 -0.43707
vt 2.19482 -0.43707
vt 2.19482 -0.43211
vt 2.22090 -0.43211
vt 2.23489 -0.42716
vt 2.23489 -0.42220
vt 2.24980 -0.42716
vt 2.24980 -0.42220
vt 2.24980 -0.41724
vt 2.23489 -0.41724
vt 2.23489 -0.41227
vt 2.24980 -0.41227
vt 2.24980 -0.40730
vt 2.23489 -0.40730
vt 2.23489 -0.44702
vt 2.23489 -0.44204
vt 2.24980 -0.44702
vt 2.24980 -0.44204
vt 2.24980 -0.43707
vt 2.23489 -0.43707
vt 2.23489 -0.43211
vt 2.24980 -0.43211
vt 2.27859 -0.42716
vt 2.27859 -0.42220
vt 2.30791 -0.42716
vt 2.30791 -0.42220
vt 2.30791 -0.41724
vt 2.27859 -0.41724
vt 2.27859 -0.41227
vt 2.30791 -0.41227
vt 2.30791 -0.40730
vt 2.27859 -0.40730
vt 2.27859 -0.44702
vt 2.27859 -0.44204
vt 2.30791 -0.44702
vt 2.30791 -0.44204
vt 2.30791 -0.43707
vt 2.27859 -0.43707
vt 2.27859 -0.43211
vt 2.30791 -0.43211
vt 2.32438 -0.42716
vt 2.32438 -0.42220
vt 2.33780 -0.42716
vt 2.33780 -0.42220
vt 2.33780 -0.41724
vt 2.32438 -0.41724
vt 2.32438 -0.41227
vt 2.33780 -0.41227
vt 2.33780 -0.40730
vt 2.32438 -0.40730
vt 2.32438 -0.44702
vt 2.32438 -0.44204
vt 2.33780 -0.44702
vt 2.33780 -0.44204
vt 2.33780 -0.43707
vt 2.32438 -0.43707
vt 2.32438 -0.43211
vt 2.33780 -0.43211
vt 2.35799 -0.42716
vt 2.35799 -0.42220
vt 2.39284 -0.42716
vt 2.39284 -0.42220
vt 2.39284 -0.41724
vt 2.35799 -0.41724
vt 2.35799 -0.41227
vt 2.39284 -0.41227
vt 2.39284 -0.40730
vt 2.35799 -0.40730
vt 2.35799 -0.44702
vt 2.35799 -0.44204
vt 2.39284 -0.44702
vt 2.39284 -0.44204
vt 2.39284 -0.43707
vt 2.35799 -0.43707
vt 2.35799 -0.43211
vt 2.39284 -0.43211
vt 2.45025 -0.42716
vt 2.45025 -0.42220
vt 2.52394 -0.42716
vt 2.52394 -0.42220
vt 2.52394 -0.41724
vt 2.45025 -0.41724
vt 2.45025 -0.41227
vt 2.52394 -0.41227
vt 2.52394 -0.40730
vt 2.45025 -0.40730
vt 2.45025 -0.44702
vt 2.45025 -0.44204
vt 2.52394 -0.44702
vt 2.52394 -0.44204
vt 2.52394 -0.43707
vt 2.45025 -0.43707
vt 2.45025 -0.43211
vt 2.52394 -0.43211
vt 2.60763 -0.42716
vt 2.60763 -0.42220
vt 2.69622 -0.42716
vt 2.69622 -0.42220
vt 2.69622 -0.41724
vt 2.60763 -0.41724
vt 2.60763 -0.41227
vt 2.69622 -0.41227
vt 2.69622 -0.40730
vt 2.60763 -0.40730
vt 2.60763 -0.44702
vt 2.60763 -0.44204
vt 2.69622 -0.44702
vt 2.69622 -0.44204
vt 2.69622 -0.43707
vt 2.60763 -0.43707
vt 2.60763 -0.43211
vt 2.69622 -0.43211
vt 2.78459 -0.42716
vt 2.78459 -0.42220
vt 2.86915 -0.42716
vt 2.86915 -0.42220
vt 2.86915 -0.41724
vt 2.78459 -0.41724
vt 2.78459 -0.41227
vt 2.86915 -0.41227
vt 2.86915 -0.40730
vt 2.78459 -0.40730
vt 2.78459 -0.44702
vt 2.78459 -0.44204
vt 2.86915 -0.44702
vt 2.86915 -0.44204
vt 2.86915 -0.43707
vt 2.78459 -0.43707
vt 2.78459 -0.43211
vt 2.86915 -0.43211
vt 2.94629 -0.42716
vt 2.94629 -0.42220
vt 3.02778 -0.42716
vt 3.02778 -0.42220
vt 3.02778 -0.41724
vt 2.94629 -0.41724
vt 2.94629 -0.41227
vt 3.02778 -0.41227
vt 3.02778 -0.40730
vt 2.94629 -0.40730
vt 2.94629 -0.44702
vt 2.94629 -0.44204
vt 3.02778 -0.44702
vt 3.02778 -0.44204
vt 3.02778 -0.43707
vt 2.94629 -0.43707
vt 2.94629 -0.43211
vt 3.02778 -0.43211
vt 3.12538 -0.42716
vt 3.12538 -0.42220
vt 3.24420 -0.42715
vt 3.24419 -0.42220
vt 3.24416 -0.41723
vt 3.12538 -0.41724
vt 3.12538 -0.41227
vt 3.24413 -0.41227
vt 3.24412 -0.40730
vt 3.12538 -0.40730
vt 3.12538 -0.44702
vt 3.12538 -0.44204
vt 3.24412 -0.44702
vt 3.24413 -0.44204
vt 3.24416 -0.43707
vt 3.12538 -0.43707
vt 3.12538 -0.43211
vt 3.24419 -0.43211
vt 3.38936 -0.42714
vt 3.38931 -0.42218
vt 3.54781 -0.42713
vt 3.54758 -0.42217
vt 3.54736 -0.41721
vt 3.38920 -0.41722
vt 3.38908 -0.41225
vt 3.54713 -0.41224
vt 3.54690 -0.40726
vt 3.38902 -0.40728
vt 3.38902 -0.44700
vt 3.38908 -0.44203
vt 3.54690 -0.44698
vt 3.54713 -0.44202
vt 3.54735 -0.43706
vt 3.38919 -0.43706
vt 3.38930 -0.43210
vt 3.54758 -0.43209
vt 1.58466 -0.41724
vt 1.58466 -0.42220
vt 1.70670 -0.42221
vt 1.70670 -0.41725
vt 1.58466 -0.42716
vt 1.70670 -0.42717
vt 1.58466 -0.40730
vt 1.58466 -0.41227
vt 1.70670 -0.41228
vt 1.70670 -0.40731
vt 1.58466 -0.43708
vt 1.58466 -0.44205
vt 1.70670 -0.44206
vt 1.70670 -0.43709
vt 1.58466 -0.44702
vt 1.70670 -0.44703
vt 1.58466 -0.43212
vt 1.70670 -0.43213
vt 1.52257 -0.42220
vt 1.52257 -0.42716
vt 1.52257 -0.41724
vt 1.49650 -0.41724
vt 1.49650 -0.42220
vt 1.49650 -0.42716
vt 1.52257 -0.41227
vt 1.52257 -0.40730
vt 1.49650 -0.40730
vt 1.49650 -0.41227
vt 1.52257 -0.44204
vt 1.52257 -0.44702
vt 1.52257 -0.43707
vt 1.49650 -0.43707
vt 1.49650 -0.44204
vt 1.49650 -0.44702
vt 1.52257 -0.43211
vt 1.49650 -0.43211
vt 1.48250 -0.42220
vt 1.48250 -0.42716
vt 1.48250 -0.41724
vt 1.46760 -0.41724
vt 1.46760 -0.42220
vt 1.46760 -0.42716
vt 1.48250 -0.41227
vt 1.48250 -0.40730
vt 1.46760 -0.40730
vt 1.46760 -0.41227
vt 1.48250 -0.44204
vt 1.48250 -0.44702
vt 1.48250 -0.43707
vt 1.46760 -0.43707
vt 1.46760 -0.44204
vt 1.46760 -0.44702
vt 1.48250 -0.43211
vt 1.46760 -0.43211
vt 1.43880 -0.42220
vt 1.43880 -0.42716
vt 1.43880 -0.41724
vt 1.40948 -0.41724
vt 1.40948 -0.42220
vt 1.40948 -0.42716
vt 1.43880 -0.41227
vt 1.43880 -0.40730
vt 1.40948 -0.40730
vt 1.40948 -0.41227
vt 1.43880 -0.44204
vt 1.43880 -0.44702
vt 1.43880 -0.43707
vt 1.40948 -0.43707
vt 1.40948 -0.44204
vt 1.40948 -0.44702
vt 1.43880 -0.43211
vt 1.40948 -0.43211
vt 1.39301 -0.42220
vt 1.39301 -0.42716
vt 1.39301 -0.41724
vt 1.37959 -0.41724
vt 1.37959 -0.42220
vt 1.37959 -0.42716
vt 1.39301 -0.41227
vt 1.39301 -0.40730
vt 1.37959 -0.40730
vt 1.37959 -0.41227
vt 1.39301 -0.44204
vt 1.39301 -0.44702
vt 1.39301 -0.43707
vt 1.37959 -0.43707
vt 1.37959 -0.44204
vt 1.37959 -0.44702
vt 1.39301 -0.43211
vt 1.37959 -0.43211
vt 1.35940 -0.42220
vt 1.35940 -0.42716
vt 1.35940 -0.41724
vt 1.32456 -0.41724
vt 1.32456 -0.42220
vt 1.32456 -0.42716
vt 1.35940 -0.41227
vt 1.35940 -0.40730
vt 1.32456 -0.40730
vt 1.32456 -0.41227
vt 1.35940 -0.44204
vt 1.35940 -0.44702
vt 1.35940 -0.43707
vt 1.32456 -0.43707
vt 1.32456 -0.44204
vt 1.32456 -0.44702
vt 1.35940 -0.43211
vt 1.32456 -0.43211
vt 1.26715 -0.42220
vt 1.26715 -0.42716
vt 1.26715 -0.41724
vt 1.19346 -0.41724
vt 1.19346 -0.42220
vt 1.19346 -0.42716
vt 1.26715 -0.41227
vt 1.26715 -0.40730
vt 1.19346 -0.40730
vt 1.19346 -0.41227
vt 1.26715 -0.44204
vt 1.26715 -0.44702
vt 1.26715 -0.43707
vt 1.19346 -0.43707
vt 1.19346 -0.44204
vt 1.19346 -0.44702
vt 1.26715 -0.43211
vt 1.19346 -0.43211
vt 1.10976 -0.42220
vt 1.10976 -0.42716
vt 1.10976 -0.41724
vt 1.02118 -0.41724
vt 1.02118 -0.42220
vt 1.02118 -0.42716
vt 1.10976 -0.41227
vt 1.10976 -0.40730
vt 1.02118 -0.40730
vt 1.02118 -0.41227
vt 1.10976 -0.44204
vt 1.10976 -0.44702
vt 1.10976 -0.43707
vt 1.02118 -0.43707
vt 1.02118 -0.44204
vt 1.02118 -0.44702
vt 1.10976 -0.43211
vt 1.02118 -0.43211
vt 0.93280 -0.42220
vt 0.93280 -0.42716
vt 0.93280 -0.41724
vt 0.84824 -0.41724
vt 0.84824 -0.42220
vt 0.84824 -0.42716
vt 0.93280 -0.41227
vt 0.93280 -0.40730
vt 0.84824 -0.40730
vt 0.84824 -0.41227
vt 0.93280 -0.44204
vt 0.93280 -0.44702
vt 0.93280 -0.43707
vt 0.84824 -0.43707
vt 0.84824 -0.44204
vt 0.84824 -0.44702
vt 0.93280 -0.43211
vt 0.84824 -0.43211
vt 0.77110 -0.42220
vt 0.77110 -0.42716
vt 0.77110 -0.41724
vt 0.68962 -0.41724
vt 0.68962 -0.42220
vt 0.68962 -0.42716
vt 0.77110 -0.41227
vt 0.77110 -0.40730
vt 0.68962 -0.40730
vt 0.68962 -0.41227
vt 0.77110 -0.44204
vt 0.77110 -0.44702
vt 0.77110 -0.43707
vt 0.68962 -0.43707
vt 0.68962 -0.44204
vt 0.68962 -0.44702
vt 0.77110 -0.43211
vt 0.68962 -0.43211
vt 0.59202 -0.42220
vt 0.59202 -0.42716
vt 0.59202 -0.41724
vt 0.47323 -0.41723
vt 0.47321 -0.42220
vt 0.47319 -0.42715
vt 0.59202 -0.41227
vt 0.59202 -0.40730
vt 0.47328 -0.40730
vt 0.47326 -0.41227
vt 0.59202 -0.44204
vt 0.59202 -0.44702
vt 0.59202 -0.43707
vt 0.47324 -0.43707
vt 0.47326 -0.44204
vt 0.47328 -0.44702
vt 0.59202 -0.43211
vt 0.47321 -0.43211
vt 0.32809 -0.42218
vt 0.32803 -0.42714
vt 0.32820 -0.41722
vt 0.17003 -0.41721
vt 0.16981 -0.42217
vt 0.16959 -0.42713
vt 0.32831 -0.41225
vt 0.32837 -0.40728
vt 0.17049 -0.40726
vt 0.17026 -0.41224
vt 0.32831 -0.44203
vt 0.32837 -0.44700
vt 0.32820 -0.43706
vt 0.17005 -0.43706
vt 0.17027 -0.44202
vt 0.17049 -0.44698
vt 0.32809 -0.43210
vt 0.16982 -0.43209
f 4977/4977 4978/4978 4979/4979
f 4979/4979 4980/4980 4977/4977
f 4978/4978 4981/4981 4982/4982
f 4982/4982 4979/4979 4978/4978
f 4979/4979 4982/4982 4983/4983
f 4983/4983 4984/4984 4979/4979
f 4980/4980 4979/4979 4984/4984
f 4984/4984 4985/4985 4980/4980
f 4986/4986 4987/4987 4988/4988
f 4988/4988 4989/4989 4986/4986
f 4987/4987 4990/4990 4991/4991
f 4991/4991 4988/4988 4987/4987
f 4988/4988 4991/4991 4981/4981
f 4981/4981 4978/4978 4988/4988
f 4989/4989 4988/4988 4978/4978
f 4978/4978 4977/4977 4989/4989
f 4992/4992 4993/4993 4994/4994
f 4994/4994 4995/4995 4992/4992
f 4993/4993 4996/4996 4997/4997
f 4997/4997 4994/4994 4993/4993
f 4994/4994 4997/4997 4998/4998
f 4998/4998 4999/4999 4994/4994
f 4995/4995 4994/4994 4999/4999
f 4999/4999 5000/5000 4995/4995
f 4985/4985 4984/4984 5001/5001
f 5001/5001 5002/5002 4985/4985
f 4984/4984 4983/4983 5003/5003
f 5003/5003 5001/5001 4984/4984
f 5001/5001 5003/5003 4996/4996
f 4996/4996 4993/4993 5001/5001
f 5002/5002 5001/5001 4993/4993
f 4993/4993 4992/4992 5002/5002
f 4985/4985 5004/5004 5005/5005
f 5005/5005 4980/4980 4985/4985
f 5004/5004 5006/5006 5007/5007
f 5007/5007 5005/5005 5004/5004
f 5005/5005 5007/5007 5008/5008
f 5008/5008 5009/5009 5005/5005
f 4980/4980 5005/5005 5009/5009
f 5009/5009 4977/4977 4980/4980
f 4977/4977 5009/5009 5010/5010
f 5010/5010 4989/4989 4977/4977
f 5009/5009 5008/5008 5011/5011
f 5011/5011 5010/5010 5009/5009
f 5010/5010 5011/5011 5012/5012
f 5012/5012 5013/5013 5010/5010
f 4989/4989 5010/5010 5013/5013
f 5013/5013 4986/4986 4989/4989
f 5000/5000 5014/5014 5015/5015
f 5015/5015 4995/4995 5000/5000
f 5014/5014 5016/5016 5017/5017
f 5017/5017 5015/5015 5014/5014
f 5015/5015 5017/5017 5018/5018
f 5018/5018 5019/5019 5015/5015
f 4995/4995 5015/5015 5019/5019
f 5019/5019 4992/4992 4995/4995
f 4992/4992 5019/5019 5020/5020
f 5020/5020 5002/5002 4992/4992
f 5019/5019 5018/5018 5021/5021
f 5021/5021 5020/5020 5019/5019
f 5020/5020 5021/5021 5006/5006
f 5006/5006 5004/5004 5020/5020
f 5002/5002 5020/5020 5004/5004
f 5004/5004 4985/4985 5002/5002
f 5006/5006 5022/5022 5023/5023
f 5023/5023 5007/5007 5006/5006
f 5022/5022 5024/5024 5025/5025
f 5025/5025 5023/5023 5022/5022
f 5023/5023 5025/5025 5026/5026
f 5026/5026 5027/5027 5023/5023
f 5007/5007 5023/5023 5027/5027
f 5027/5027 5008/5008 5007/5007
f 5008/5008 5027/5027 5028/5028
f 5028/5028 5011/5011 5008/5008
f 5027/5027 5026/5026 5029/5029
f 5029/5029 5028/5028 5027/5027
f 5028/5028 5029/5029 5030/5030
f 5030/5030 5031/5031 5028/5028
f 5011/5011 5028/5028 5031/5031
f 5031/5031 5012/5012 5011/5011
f 5016/5016 5032/5032 5033/5033
f 5033/5033 5017/5017 5016/5016
f 5032/5032 5034/5034 5035/5035
f 5035/5035 5033/5033 5032/5032
f 5033/5033 5035/5035 5036/5036
f 5036/5036 5037/5037 5033/5033
f 5017/5017 5033/5033 5037/5037
f 5037/5037 5018/5018 5017/5017
f 5018/5018 5037/5037 5038/5038
f 5038/5038 5021/5021 5018/5018
f 5037/5037 5036/5036 5039/5039
f 5039/5039 5038/5038 5037/5037
f 5038/5038 5039/5039 5024/5024
f 5024/5024 5022/5022 5038/5038
f 5021/5021 5038/5038 5022/5022
f 5022/5022 5006/5006 5021/5021
f 5024/5024 5040/5040 5041/5041
f 5041/5041 5025/5025 5024/5024
f 5040/5040 5042/5042 5043/5043
f 5043/5043 5041/5041 5040/5040
f 5041/5041 5043/5043 5044/5044
f 5044/5044 5045/5045 5041/5041
f 5025/5025 5041/5041 5045/5045
f 5045/5045 5026/5026 5025/5025
f 5026/5026 5045/5045 5046/5046
f 5046/5046 5029/5029 5026/5026
f 5045/5045 5044/5044 5047/5047
f 5047/5047 5046/5046 5045/5045
f 5046/5046 5047/5047 5048/5048
f 5048/5048 5049/5049 5046/5046
f 5029/5029 5046/5046 5049/5049
f 5049/5049 5030/5030 5029/5029
f 5034/5034 5050/5050 5051/5051
f 5051/5051 5035/5035 5034/5034
f 5050/5050 5052/5052 5053/5053
f 5053/5053 5051/5051 5050/5050
f 5051/5051 5053/5053 5054/5054
f 5054/5054 5055/5055 5051/5051
f 5035/5035 5051/5051 5055/5055
f 5055/5055 5036/5036 5035/5035
f 5036/5036 5055/5055 5056/5056
f 5056/5056 5039/5039 5036/5036
f 5055/5055 5054/5054 5057/5057
f 5057/5057 5056/5056 5055/5055
f 5056/5056 5057/5057 5042/5042
f 5042/5042 5040/5040 5056/5056
f 5039/5039 5056/5056 5040/5040
f 5040/5040 5024/5024 5039/5039
f 5042/5042 5058/5058 5059/5059
f 5059/5059 5043/5043 5042/5042
f 5058/5058 5060/5060 5061/5061
f 5061/5061 5059/5059 5058/5058
f 5059/5059 5061/5061 5062/5062
f 5062/5062 5063/5063 5059/5059
f 5043/5043 5059/5059 5063/5063
f 5063/5063 5044/5044 5043/5043
f 5044/5044 5063/5063 5064/5064
f 5064/5064 5047/5047 5044/5044
f 5063/5063 5062/5062 5065/5065
f 5065/5065 5064/5064 5063/5063
f 5064/5064 5065/5065 5066/5066
f 5066/5066 5067/5067 5064/5064
f 5047/5047 5064/5064 5067/5067
f 5067/5067 5048/5048 5047/5047
f 5052/5052 5068/5068 5069/5069
f 5069/5069 5053/5053 5052/5052
f 5068/5068 5070/5070 5071/5071
f 5071/5071 5069/5069 5068/5068
f 5069/5069 5071/5071 5072/5072
f 5072/5072 5073/5073 5069/5069
f 5053/5053 5069/5069 5073/5073
f 5073/5073 5054/5054 5053/5053
f 5054/5054 5073/5073 5074/5074
f 5074/5074 5057/5057 5054/5054
f 5073/5073 5072/5072 5075/5075
f 5075/5075 5074/5074 5073/5073
f 5074/5074 5075/5075 5060/5060
f 5060/5060 5058/5058 5074/5074
f 5057/5057 5074/5074 5058/5058
f 5058/5058 5042/5042 5057/5057
f 5060/5060 5076/5076 5077/5077
f 5077/5077 5061/5061 5060/5060
f 5076/5076 5078/5078 5079/5079
f 5079/5079 5077/5077 5076/5076
f 5077/5077 5079/5079 5080/5080
f 5080/5080 5081/5081 5077/5077
f 5061/5061 5077/5077 5081/5081
f 5081/5081 5062/5062 5061/5061
f 5062/5062 5081/5081 5082/5082
f 5082/5082 5065/5065 5062/5062
f 5081/5081 5080/5080 5083/5083
f 5083/5083 5082/5082 5081/5081
f 5082/5082 5083/5083 5084/5084
f 5084/5084 5085/5085 5082/5082
f 5065/5065 5082/5082 5085/5085
f 5085/5085 5066/5066 5065/5065
f 5070/5070 5086/5086 5087/5087
f 5087/5087 5071/5071 5070/5070
f 5086/5086 5088/5088 5089/5089
f 5089/5089 5087/5087 5086/5086
f 5087/5087 5089/5089 5090/5090
f 5090/5090 5091/5091 5087/5087
f 5071/5071 5087/5087 5091/5091
f 5091/5091 5072/5072 5071/5071
f 5072/5072 5091/5091 5092/5092
f 5092/5092 5075/5075 5072/5072
f 5091/5091 5090/5090 5093/5093
f 5093/5093 5092/5092 5091/5091
f 5092/5092 5093/5093 5078/5078
f 5078/5078 5076/5076 5092/5092
f 5075/5075 5092/5092 5076/5076
f 5076/5076 5060/5060 5075/5075
f 5078/5078 5094/5094 5095/5095
f 5095/5095 5079/5079 5078/5078
f 5094/5094 5096/5096 5097/5097
f 5097/5097 5095/5095 5094/5094
f 5095/5095 5097/5097 5098/5098
f 5098/5098 5099/5099 5095/5095
f 5079/5079 5095/5095 5099/5099
f 5099/5099 5080/5080 5079/5079
f 5080/5080 5099/5099 5100/5100
f 5100/5100 5083/5083 5080/5080
f 5099/5099 5098/5098 5101/5101
f 5101/5101 5100/5100 5099/5099
f 5100/5100 5101/5101 5102/5102
f 5102/5102 5103/5103 5100/5100
f 5083/5083 5100/5100 5103/5103
f 5103/5103 5084/5084 5083/5083
f 5088/5088 5104/5104 5105/5105
f 5105/5105 5089/5089 5088/5088
f 5104/5104 5106/5106 5107/5107
f 5107/5107 5105/5105 5104/5104
f 5105/5105 5107/5107 5108/5108
f 5108/5108 5109/5109 5105/5105
f 5089/5089 5105/5105 5109/5109
f 5109/5109 5090/5090 5089/5089
f 5090/5090 5109/5109 5110/5110
f 5110/5110 5093/5093 5090/5090
f 5109/5109 5108/5108 5111/5111
f 5111/5111 5110/5110 5109/5109
f 5110/5110 5111/5111 5096/5096
f 5096/5096 5094/5094 5110/5110
f 5093/5093 5110/5110 5094/5094
f 5094/5094 5078/5078 5093/5093
f 5096/5096 5112/5112 5113/5113
f 5113/5113 5097/5097 5096/5096
f 5112/5112 5114/5114 5115/5115
f 5115/5115 5113/5113 5112/5112
f 5113/5113 5115/5115 5116/5116
f 5116/5116 5117/5117 5113/5113
f 5097/5097 5113/5113 5117/5117
f 5117/5117 5098/5098 5097/5097
f 5098/5098 5117/5117 5118/5118
f 5118/5118 5101/5101 5098/5098
f 5117/5117 5116/5116 5119/5119
f 5119/5119 5118/5118 5117/5117
f 5118/5118 5119/5119 5120/5120
f 5120/5120 5121/5121 5118/5118
f 5101/5101 5118/5118 5121/5121
f 5121/5121 5102/5102 5101/5101
f 5106/5106 5122/5122 5123/5123
f 5123/5123 5107/5107 5106/5106
f 5122/5122 5124/5124 5125/5125
f 5125/5125 5123/5123 5122/5122
f 5123/5123 5125/5125 5126/5126
f 5126/5126 5127/5127 5123/5123
f 5107/5107 5123/5123 5127/5127
f 5127/5127 5108/5108 5107/5107
f 5108/5108 5127/5127 5128/5128
f 5128/5128 5111/5111 5108/5108
f 5127/5127 5126/5126 5129/5129
f 5129/5129 5128/5128 5127/5127
f 5128/5128 5129/5129 5114/5114
f 5114/5114 5112/5112 5128/5128
f 5111/5111 5128/5128 5112/5112
f 5112/5112 5096/5096 5111/5111
f 5114/5114 5130/5130 5131/5131
f 5131/5131 5115/5115 5114/5114
f 5130/5130 5132/5132 5133/5133
f 5133/5133 5131/5131 5130/5130
f 5131/5131 5133/5133 5134/5134
f 5134/5134 5135/5135 5131/5131
f 5115/5115 5131/5131 5135/5135
f 5135/5135 5116/5116 5115/5115
f 5116/5116 5135/5135 5136/5136
f 5136/5136 5119/5119 5116/5116
f 5135/5135 5134/5134 5137/5137
f 5137/5137 5136/5136 5135/5135
f 5136/5136 5137/5137 5138/5138
f 5138/5138 5139/5139 5136/5136
f 5119/5119 5136/5136 5139/5139
f 5139/5139 5120/5120 5119/5119
f 5124/5124 5140/5140 5141/5141
f 5141/5141 5125/5125 5124/5124
f 5140/5140 5142/5142 5143/5143
f 5143/5143 5141/5141 5140/5140
f 5141/5141 5143/5143 5144/5144
f 5144/5144 5145/5145 5141/5141
f 5125/5125 5141/5141 5145/5145
f 5145/5145 5126/5126 5125/5125
f 5126/5126 5145/5145 5146/5146
f 5146/5146 5129/5129 5126/5126
f 5145/5145 5144/5144 5147/5147
f 5147/5147 5146/5146 5145/5145
f 5146/5146 5147/5147 5132/5132
f 5132/5132 5130/5130 5146/5146
f 5129/5129 5146/5146 5130/5130
f 5130/5130 5114/5114 5129/5129
f 5132/5132 5148/5148 5149/5149
f 5149/5149 5133/5133 5132/5132
f 5148/5148 5150/5150 5151/5151
f 5151/5151 5149/5149 5148/5148
f 5149/5149 5151/5151 5152/5152
f 5152/5152 5153/5153 5149/5149
f 5133/5133 5149/5149 5153/5153
f 5153/5153 5134/5134 5133/5133
f 5134/5134 5153/5153 5154/5154
f 5154/5154 5137/5137 5134/5134
f 5153/5153 5152/5152 5155/5155
f 5155/5155 5154/5154 5153/5153
f 5154/5154 5155/5155 5156/5156
f 5156/5156 5157/5157 5154/5154
f 5137/5137 5154/5154 5157/5157
f 5157/5157 5138/5138 5137/5137
f 5142/5142 5158/5158 5159/5159
f 5159/5159 5143/5143 5142/5142
f 5158/5158 5160/5160 5161/5161
f 5161/5161 5159/5159 5158/5158
f 5159/5159 5161/5161 5162/5162
f 5162/5162 5163/5163 5159/5159
f 5143/5143 5159/5159 5163/5163
f 5163/5163 5144/5144 5143/5143
f 5144/5144 5163/5163 5164/5164
f 5164/5164 5147/5147 5144/5144
f 5163/5163 5162/5162 5165/5165
f 5165/5165 5164/5164 5163/5163
f 5164/5164 5165/5165 5150/5150
f 5150/5150 5148/5148 5164/5164
f 5147/5147 5164/5164 5148/5148
f 5148/5148 5132/5132 5147/5147
f 5150/5150 5166/5166 5167/5167
f 5167/5167 5151/5151 5150/5150
f 5166/5166 5168/5168 5169/5169
f 5169/5169 5167/5167 5166/5166
f 5167/5167 5169/5169 5170/5170
f 5170/5170 5171/5171 5167/5167
f 5151/5151 5167/5167 5171/5171
f 5171/5171 5152/5152 5151/5151
f 5152/5152 5171/5171 5172/5172
f 5172/5172 5155/5155 5152/5152
f 5171/5171 5170/5170 5173/5173
f 5173/5173 5172/5172 5171/5171
f 5172/5172 5173/5173 5174/5174
f 5174/5174 5175/5175 5172/5172
f 5155/5155 5172/5172 5175/5175
f 5175/5175 5156/5156 5155/5155
f 5160/5160 5176/5176 5177/5177
f 5177/5177 5161/5161 5160/5160
f 5176/5176 5178/5178 5179/5179
f 5179/5179 5177/5177 5176/5176
f 5177/5177 5179/5179 5180/5180
f 5180/5180 5181/5181 5177/5177
f 5161/5161 5177/5177 5181/5181
f 5181/5181 5162/5162 5161/5161
f 5162/5162 5181/5181 5182/5182
f 5182/5182 5165/5165 5162/5162
f 5181/5181 5180/5180 5183/5183
f 5183/5183 5182/5182 5181/5181
f 5182/5182 5183/5183 5168/5168
f 5168/5168 5166/5166 5182/5182
f 5165/5165 5182/5182 5166/5166
f 5166/5166 5150/5150 5165/5165
f 5168/5168 5184/5184 5185/5185
f 5185/5185 5169/5169 5168/5168
f 5184/5184 5186/5186 5187/5187
f 5187/5187 5185/5185 5184/5184
f 5185/5185 5187/5187 5188/5188
f 5188/5188 5189/5189 5185/5185
f 5169/5169 5185/5185 5189/5189
f 5189/5189 5170/5170 5169/5169
f 5170/5170 5189/5189 5190/5190
f 5190/5190 5173/5173 5170/5170
f 5189/5189 5188/5188 5191/5191
f 5191/5191 5190/5190 5189/5189
f 5190/5190 5191/5191 5192/5192
f 5192/5192 5193/5193 5190/5190
f 5173/5173 5190/5190 5193/5193
f 5193/5193 5174/5174 5173/5173
f 5178/5178 5194/5194 5195/5195
f 5195/5195 5179/5179 5178/5178
f 5194/5194 5196/5196 5197/5197
f 5197/5197 5195/5195 5194/5194
f 5195/5195 5197/5197 5198/5198
f 5198/5198 5199/5199 5195/5195
f 5179/5179 5195/5195 5199/5199
f 5199/5199 5180/5180 5179/5179
f 5180/5180 5199/5199 5200/5200
f 5200/5200 5183/5183 5180/5180
f 5199/5199 5198/5198 5201/5201
f 5201/5201 5200/5200 5199/5199
f 5200/5200 5201/5201 5186/5186
f 5186/5186 5184/5184 5200/5200
f 5183/5183 5200/5200 5184/5184
f 5184/5184 5168/5168 5183/5183
f 5202/5202 5203/5203 5204/5204
f 5204/5204 5205/5205 5202/5202
f 5203/5203 5206/5206 5207/5207
f 5207/5207 5204/5204 5203/5203
f 5204/5204 5207/5207 4983/4983
f 4983/4983 4982/4982 5204/5204
f 5205/5205 5204/5204 4982/4982
f 4982/4982 4981/4981 5205/5205
f 5208/5208 5209/5209 5210/5210
f 5210/5210 5211/5211 5208/5208
f 5209/5209 5202/5202 5205/5205
f 5205/5205 5210/5210 5209/5209
f 5210/5210 5205/5205 4981/4981
f 4981/4981 4991/4991 5210/5210
f 5211/5211 5210/5210 4991/4991
f 4991/4991 4990/4990 5211/5211
f 5212/5212 5213/5213 5214/5214
f 5214/5214 5215/5215 5212/5212
f 5213/5213 5216/5216 5217/5217
f 5217/5217 5214/5214 5213/5213
f 5214/5214 5217/5217 4998/4998
f 4998/4998 4997/4997 5214/5214
f 5215/5215 5214/5214 4997/4997
f 4997/4997 4996/4996 5215/5215
f 5206/5206 5218/5218 5219/5219
f 5219/5219 5207/5207 5206/5206
f 5218/5218 5212/5212 5215/5215
f 5215/5215 5219/5219 5218/5218
f 5219/5219 5215/5215 4996/4996
f 4996/4996 5003/5003 5219/5219
f 5207/5207 5219/5219 5003/5003
f 5003/5003 4983/4983 5207/5207
f 5206/5206 5203/5203 5220/5220
f 5220/5220 5221/5221 5206/5206
f 5203/5203 5202/5202 5222/5222
f 5222/5222 5220/5220 5203/5203
f 5220/5220 5222/5222 5223/5223
f 5223/5223 5224/5224 5220/5220
f 5221/5221 5220/5220 5224/5224
f 5224/5224 5225/5225 5221/5221
f 5202/5202 5209/5209 5226/5226
f 5226/5226 5222/5222 5202/5202
f 5209/5209 5208/5208 5227/5227
f 5227/5227 5226/5226 5209/5209
f 5226/5226 5227/5227 5228/5228
f 5228/5228 5229/5229 5226/5226
f 5222/5222 5226/5226 5229/5229
f 5229/5229 5223/5223 5222/5222
f 5216/5216 5213/5213 5230/5230
f 5230/5230 5231/5231 5216/5216
f 5213/5213 5212/5212 5232/5232
f 5232/5232 5230/5230 5213/5213
f 5230/5230 5232/5232 5233/5233
f 5233/5233 5234/5234 5230/5230
f 5231/5231 5230/5230 5234/5234
f 5234/5234 5235/5235 5231/5231
f 5212/5212 5218/5218 5236/5236
f 5236/5236 5232/5232 5212/5212
f 5218/5218 5206/5206 5221/5221
f 5221/5221 5236/5236 5218/5218
f 5236/5236 5221/5221 5225/5225
f 5225/5225 5237/5237 5236/5236
f 5232/5232 5236/5236 5237/5237
f 5237/5237 5233/5233 5232/5232
f 5225/5225 5224/5224 5238/5238
f 5238/5238 5239/5239 5225/5225
f 5224/5224 5223/5223 5240/5240
f 5240/5240 5238/5238 5224/5224
f 5238/5238 5240/5240 5241/5241
f 5241/5241 5242/5242 5238/5238
f 5239/5239 5238/5238 5242/5242
f 5242/5242 5243/5243 5239/5239
f 5223/5223 5229/5229 5244/5244
f 5244/5244 5240/5240 5223/5223
f 5229/5229 5228/5228 5245/5245
f 5245/5245 5244/5244 5229/5229
f 5244/5244 5245/5245 5246/5246
f 5246/5246 5247/5247 5244/5244
f 5240/5240 5244/5244 5247/5247
f 5247/5247 5241/5241 5240/5240
f 5235/5235 5234/5234 5248/5248
f 5248/5248 5249/5249 5235/5235
f 5234/5234 5233/5233 5250/5250
f 5250/5250 5248/5248 5234/5234
f 5248/5248 5250/5250 5251/5251
f 5251/5251 5252/5252 5248/5248
f 5249/5249 5248/5248 5252/5252
f 5252/5252 5253/5253 5249/5249
f 5233/5233 5237/5237 5254/5254
f 5254/5254 5250/5250 5233/5233
f 5237/5237 5225/5225 5239/5239
f 5239/5239 5254/5254 5237/5237
f 5254/5254 5239/5239 5243/5243
f 5243/5243 5255/5255 5254/5254
f 5250/5250 5254/5254 5255/5255
f 5255/5255 5251/5251 5250/5250
f 5243/5243 5242/5242 5256/5256
f 5256/5256 5257/5257 5243/5243
f 5242/5242 5241/5241 5258/5258
f 5258/5258 5256/5256 5242/5242
f 5256/5256 5258/5258 5259/5259
f 5259/5259 5260/5260 5256/5256
f 5257/5257 5256/5256 5260/5260
f 5260/5260 5261/5261 5257/5257
f 5241/5241 5247/5247 5262/5262
f 5262/5262 5258/5258 5241/5241
f 5247/5247 5246/5246 5263/5263
f 5263/5263 5262/5262 5247/5247
f 5262/5262 5263/5263 5264/5264
f 5264/5264 5265/5265 5262/5262
f 5258/5258 5262/5262 5265/5265
f 5265/5265 5259/5259 5258/5258
f 5253/5253 5252/5252 5266/5266
f 5266/5266 5267/5267 5253/5253
f 5252/5252 5251/5251 5268/5268
f 5268/5268 5266/5266 5252/5252
f 5266/5266 5268/5268 5269/5269
f 5269/5269 5270/5270 5266/5266
f 5267/5267 5266/5266 5270/5270
f 5270/5270 5271/5271 5267/5267
f 5251/5251 5255/5255 5272/5272
f 5272/5272 5268/5268 5251/5251
f 5255/5255 5243/5243 5257/5257
f 5257/5257 5272/5272 5255/5255
f 5272/5272 5257/5257 5261/5261
f 5261/5261 5273/5273 5272/5272
f 5268/5268 5272/5272 5273/5273
f 5273/5273 5269/5269 5268/5268
f 5261/5261 5260/5260 5274/5274
f 5274/5274 5275/5275 5261/5261
f 5260/5260 5259/5259 5276/5276
f 5276/5276 5274/5274 5260/5260
f 5274/5274 5276/5276 5277/5277
f 5277/5277 5278/5278 5274/5274
f 5275/5275 5274/5274 5278/5278
f 5278/5278 5279/5279 5275/5275
f 5259/5259 5265/5265 5280/5280
f 5280/5280 5276/5276 5259/5259
f 5265/5265 5264/5264 5281/5281
f 5281/5281 5280/5280 5265/5265
f 5280/5280 5281/5281 5282/5282
f 5282/5282 5283/5283 5280/5280
f 5276/5276 5280/5280 5283/5283
f 5283/5283 5277/5277 5276/5276
f 5271/5271 5270/5270 5284/5284
f 5284/5284 5285/5285 5271/5271
f 5270/5270 5269/5269 5286/5286
f 5286/5286 5284/5284 5270/5270
f 5284/5284 5286/5286 5287/5287
f 5287/5287 5288/5288 5284/5284
f 5285/5285 5284/5284 5288/5288
f 5288/5288 5289/5289 5285/5285
f 5269/5269 5273/5273 5290/5290
f 5290/5290 5286/5286 5269/5269
f 5273/5273 5261/5261 5275/5275
f 5275/5275 5290/5290 5273/5273
f 5290/5290 5275/5275 5279/5279
f 5279/5279 5291/5291 5290/5290
f 5286/5286 5290/5290 5291/5291
f 5291/5291 5287/5287 5286/5286
f 5279/5279 5278/5278 5292/5292
f 5292/5292 5293/5293 5279/5279
f 5278/5278 5277/5277 5294/5294
f 5294/5294 5292/5292 5278/5278
f 5292/5292 5294/5294 5295/5295
f 5295/5295 5296/5296 5292/5292
f 5293/5293 5292/5292 5296/5296
f 5296/5296 5297/5297 5293/5293
f 5277/5277 5283/5283 5298/5298
f 5298/5298 5294/5294 5277/5277
f 5283/5283 5282/5282 5299/5299
f 5299/5299 5298/5298 5283/5283
f 5298/5298 5299/5299 5300/5300
f 5300/5300 5301/5301 5298/5298
f 5294/5294 5298/5298 5301/5301
f 5301/5301 5295/5295 5294/5294
f 5289/5289 5288/5288 5302/5302
f 5302/5302 5303/5303 5289/5289
f 5288/5288 5287/5287 5304/5304
f 5304/5304 5302/5302 5288/5288
f 5302/5302 5304/5304 5305/5305
f 5305/5305 5306/5306 5302/5302
f 5303/5303 5302/5302 5306/5306
f 5306/5306 5307/5307 5303/5303
f 5287/5287 5291/5291 5308/5308
f 5308/5308 5304/5304 5287/5287
f 5291/5291 5279/5279 5293/5293
f 5293/5293 5308/5308 5291/5291
f 5308/5308 5293/5293 5297/5297
f 5297/5297 5309/5309 5308/5308
f 5304/5304 5308/5308 5309/5309
f 5309/5309 5305/5305 5304/5304
f 5297/5297 5296/5296 5310/5310
f 5310/5310 5311/5311 5297/5297
f 5296/5296 5295/5295 5312/5312
f 5312/5312 5310/5310 5296/5296
f 5310/5310 5312/5312 5313/5313
f 5313/5313 5314/5314 5310/5310
f 5311/5311 5310/5310 5314/5314
f 5314/5314 5315/5315 5311/5311
f 5295/5295 5301/5301 5316/5316
f 5316/5316 5312/5312 5295/5295
f 5301/5301 5300/5300 5317/5317
f 5317/5317 5316/5316 5301/5301
f 5316/5316 5317/5317 5318/5318
f 5318/5318 5319/5319 5316/5316
f 5312/5312 5316/5316 5319/5319
f 5319/5319 5313/5313 5312/5312
f 5307/5307 5306/5306 5320/5320
f 5320/5320 5321/5321 5307/5307
f 5306/5306 5305/5305 5322/5322
f 5322/5322 5320/5320 5306/5306
f 5320/5320 5322/5322 5323/5323
f 5323/5323 5324/5324 5320/5320
f 5321/5321 5320/5320 5324/5324
f 5324/5324 5325/5325 5321/5321
f 5305/5305 5309/5309 5326/5326
f 5326/5326 5322/5322 5305/5305
f 5309/5309 5297/5297 5311/5311
f 5311/5311 5326/5326 5309/5309
f 5326/5326 5311/5311 5315/5315
f 5315/5315 5327/5327 5326/5326
f 5322/5322 5326/5326 5327/5327
f 5327/5327 5323/5323 5322/5322
f 5315/5315 5314/5314 5328/5328
f 5328/5328 5329/5329 5315/5315
f 5314/5314 5313/5313 5330/5330
f 5330/5330 5328/5328 5314/5314
f 5328/5328 5330/5330 5331/5331
f 5331/5331 5332/5332 5328/5328
f 5329/5329 5328/5328 5332/5332
f 5332/5332 5333/5333 5329/5329
f 5313/5313 5319/5319 5334/5334
f 5334/5334 5330/5330 5313/5313
f 5319/5319 5318/5318 5335/5335
f 5335/5335 5334/5334 5319/5319
f 5334/5334 5335/5335 5336/5336
f 5336/5336 5337/5337 5334/5334
f 5330/5330 5334/5334 5337/5337
f 5337/5337 5331/5331 5330/5330
f 5325/5325 5324/5324 5338/5338
f 5338/5338 5339/5339 5325/5325
f 5324/5324 5323/5323 5340/5340
f 5340/5340 5338/5338 5324/5324
f 5338/5338 5340/5340 5341/5341
f 5341/5341 5342/5342 5338/5338
f 5339/5339 5338/5338 5342/5342
f 5342/5342 5343/5343 5339/5339
f 5323/5323 5327/5327 5344/5344
f 5344/5344 5340/5340 5323/5323
f 5327/5327 5315/5315 5329/5329
f 5329/5329 5344/5344 5327/5327
f 5344/5344 5329/5329 5333/5333
f 5333/5333 5345/5345 5344/5344
f 5340/5340 5344/5344 5345/5345
f 5345/5345 5341/5341 5340/5340
f 5333/5333 5332/5332 5346/5346
f 5346/5346 5347/5347 5333/5333
f 5332/5332 5331/5331 5348/5348
f 5348/5348 5346/5346 5332/5332
f 5346/5346 5348/5348 5349/5349
f 5349/5349 5350/5350 5346/5346
f 5347/5347 5346/5346 5350/5350
f 5350/5350 5351/5351 5347/5347
f 5331/5331 5337/5337 5352/5352
f 5352/5352 5348/5348 5331/5331
f 5337/5337 5336/5336 5353/5353
f 5353/5353 5352/5352 5337/5337
f 5352/5352 5353/5353 5354/5354
f 5354/5354 5355/5355 5352/5352
f 5348/5348 5352/5352 5355/5355
f 5355/5355 5349/5349 5348/5348
f 5343/5343 5342/5342 5356/5356
f 5356/5356 5357/5357 5343/5343
f 5342/5342 5341/5341 5358/5358
f 5358/5358 5356/5356 5342/5342
f 5356/5356 5358/5358 5359/5359
f 5359/5359 5360/5360 5356/5356
f 5357/5357 5356/5356 5360/5360
f 5360/5360 5361/5361 5357/5357
f 5341/5341 5345/5345 5362/5362
f 5362/5362 5358/5358 5341/5341
f 5345/5345 5333/5333 5347/5347
f 5347/5347 5362/5362 5345/5345
f 5362/5362 5347/5347 5351/5351
f 5351/5351 5363/5363 5362/5362
f 5358/5358 5362/5362 5363/5363
f 5363/5363 5359/5359 5358/5358
f 5351/5351 5350/5350 5364/5364
f 5364/5364 5365/5365 5351/5351
f 5350/5350 5349/5349 5366/5366
f 5366/5366 5364/5364 5350/5350
f 5364/5364 5366/5366 5367/5367
f 5367/5367 5368/5368 5364/5364
f 5365/5365 5364/5364 5368/5368
f 5368/5368 5369/5369 5365/5365
f 5349/5349 5355/5355 5370/5370
f 5370/5370 5366/5366 5349/5349
f 5355/5355 5354/5354 5371/5371
f 5371/5371 5370/5370 5355/5355
f 5370/5370 5371/5371 5372/5372
f 5372/5372 5373/5373 5370/5370
f 5366/5366 5370/5370 5373/5373
f 5373/5373 5367/5367 5366/5366
f 5361/5361 5360/5360 5374/5374
f 5374/5374 5375/5375 5361/5361
f 5360/5360 5359/5359 5376/5376
f 5376/5376 5374/5374 5360/5360
f 5374/5374 5376/5376 5377/5377
f 5377/5377 5378/5378 5374/5374
f 5375/5375 5374/5374 5378/5378
f 5378/5378 5379/5379 5375/5375
f 5359/5359 5363/5363 5380/5380
f 5380/5380 5376/5376 5359/5359
f 5363/5363 5351/5351 5365/5365
f 5365/5365 5380/5380 5363/5363
f 5380/5380 5365/5365 5369/5369
f 5369/5369 5381/5381 5380/5380
f 5376/5376 5380/5380 5381/5381
f 5381/5381 5377/5377 5376/5376
f 5369/5369 5368/5368 5382/5382
f 5382/5382 5383/5383 5369/5369
f 5368/5368 5367/5367 5384/5384
f 5384/5384 5382/5382 5368/5368
f 5382/5382 5384/5384 5385/5385
f 5385/5385 5386/5386 5382/5382
f 5383/5383 5382/5382 5386/5386
f 5386/5386 5387/5387 5383/5383
f 5367/5367 5373/5373 5388/5388
f 5388/5388 5384/5384 5367/5367
f 5373/5373 5372/5372 5389/5389
f 5389/5389 5388/5388 5373/5373
f 5388/5388 5389/5389 5390/5390
f 5390/5390 5391/5391 5388/5388
f 5384/5384 5388/5388 5391/5391
f 5391/5391 5385/5385 5384/5384
f 5379/5379 5378/5378 5392/5392
f 5392/5392 5393/5393 5379/5379
f 5378/5378 5377/5377 5394/5394
f 5394/5394 5392/5392 5378/5378
f 5392/5392 5394/5394 5395/5395
f 5395/5395 5396/5396 5392/5392
f 5393/5393 5392/5392 5396/5396
f 5396/5396 5397/5397 5393/5393
f 5377/5377 5381/5381 5398/5398
f 5398/5398 5394/5394 5377/5377
f 5381/5381 5369/5369 5383/5383
f 5383/5383 5398/5398 5381/5381
f 5398/5398 5383/5383 5387/5387
f 5387/5387 5399/5399 5398/5398
f 5394/5394 5398/5398 5399/5399
f 5399/5399 5395/5395 5394/5394
f 5387/5387 5386/5386 5400/5400
f 5400/5400 5401/5401 5387/5387
f 5386/5386 5385/5385 5402/5402
f 5402/5402 5400/5400 5386/5386
f 5400/5400 5402/5402 5403/5403
f 5403/5403 5404/5404 5400/5400
f 5401/5401 5400/5400 5404/5404
f 5404/5404 5405/5405 5401/5401
f 5385/5385 5391/5391 5406/5406
f 5406/5406 5402/5402 5385/5385
f 5391/5391 5390/5390 5407/5407
f 5407/5407 5406/5406 5391/5391
f 5406/5406 5407/5407 5408/5408
f 5408/5408 5409/5409 5406/5406
f 5402/5402 5406/5406 5409/5409
f 5409/5409 5403/5403 5402/5402
f 5397/5397 5396/5396 5410/5410
f 5410/5410 5411/5411 5397/5397
f 5396/5396 5395/5395 5412/5412
f 5412/5412 5410/5410 5396/5396
f 5410/5410 5412/5412 5413/5413
f 5413/5413 5414/5414 5410/5410
f 5411/5411 5410/5410 5414/5414
f 5414/5414 5415/5415 5411/5411
f 5395/5395 5399/5399 5416/5416
f 5416/5416 5412/5412 5395/5395
f 5399/5399 5387/5387 5401/5401
f 5401/5401 5416/5416 5399/5399
f 5416/5416 5401/5401 5405/5405
f 5405/5405 5417/5417 5416/5416
f 5412/5412 5416/5416 5417/5417
f 5417/5417 5413/5413 5412/5412
g oval_tufted_chair_back_buttons
usemtl fabric
v -0.14745 0.58059 -0.15613
v -0.14884 0.57636 -0.15428
v -0.14259 0.57643 -0.15401
v -0.14284 0.58219 -0.15631
v -0.14722 0.57176 -0.15383
v -0.14255 0.57027 -0.15320
v -0.13812 0.57157 -0.15454
v -0.13655 0.57610 -0.15523
v -0.13833 0.58040 -0.15684
v -0.13739 0.58067 -0.16198
v -0.14362 0.58279 -0.16202
v -0.14320 0.58358 -0.15905
v -0.13699 0.58147 -0.15901
v -0.14976 0.58093 -0.16102
v -0.14932 0.58172 -0.15805
v -0.14944 0.56901 -0.15790
v -0.14901 0.56980 -0.15494
v -0.15122 0.57581 -0.15634
v -0.15166 0.57501 -0.15930
v -0.14932 0.58172 -0.15805
v -0.14976 0.58093 -0.16102
v 0.13975 0.57112 -0.15621
v 0.14421 0.56983 -0.15484
v 0.14434 0.57599 -0.15565
v 0.13824 0.57565 -0.15692
v 0.14888 0.57133 -0.15543
v 0.15058 0.57593 -0.15587
v 0.14918 0.58016 -0.15773
v 0.14460 0.58175 -0.15794
v 0.14002 0.57995 -0.15850
v 0.13886 0.58022 -0.16366
v 0.13861 0.58102 -0.16069
v 0.14487 0.58315 -0.16068
v 0.14514 0.58235 -0.16365
v 0.15099 0.58130 -0.15964
v 0.15128 0.58051 -0.16260
v -0.13739 0.58067 -0.16198
v -0.13699 0.58147 -0.15901
v -0.13480 0.57546 -0.15762
v -0.13519 0.57467 -0.16058
v -0.13671 0.56955 -0.15590
v -0.13711 0.56875 -0.15886
v 0.13861 0.58102 -0.16069
v 0.13637 0.57501 -0.15931
v 0.13886 0.58022 -0.16366
v 0.13661 0.57422 -0.16227
v 0.13849 0.56830 -0.16054
v 0.13824 0.56910 -0.15758
v -0.13711 0.56875 -0.15886
v -0.13671 0.56955 -0.15590
v -0.14281 0.56769 -0.15490
v -0.14323 0.56690 -0.15786
v -0.14901 0.56980 -0.15494
v -0.14944 0.56901 -0.15790
v 0.13849 0.56830 -0.16054
v 0.14462 0.56646 -0.15949
v 0.14435 0.56725 -0.15654
v 0.13824 0.56910 -0.15758
v 0.15088 0.56859 -0.15949
v 0.15059 0.56938 -0.15653
v 0.15128 0.58051 -0.16260
v 0.15099 0.58130 -0.15964
v 0.15285 0.57539 -0.15791
v 0.15315 0.57459 -0.16087
v 0.15059 0.56938 -0.15653
v 0.15088 0.56859 -0.15949
vt 0.00709 1.40243
vt 0.00933 1.39007
vt 0.01973 1.39011
vt 0.01944 1.40051
vt 0.00774 1.37778
vt 0.01990 1.37971
vt 0.03233 1.37779
vt 0.03013 1.39013
vt 0.03177 1.40243
vt 0.03135 1.41172
vt 0.01892 1.41172
vt 0.01918 1.40707
vt 0.03156 1.40708
vt 0.00650 1.41172
vt 0.00679 1.40707
vt -0.00152 1.37750
vt 0.00311 1.37764
vt 0.00277 1.38996
vt -0.00187 1.38982
vt 0.00243 1.40228
vt -0.00222 1.40214
vt 0.46213 1.38261
vt 0.47591 1.38490
vt 0.47611 1.39643
vt 0.46453 1.39633
vt 0.48952 1.38292
vt 0.48768 1.39652
vt 0.49014 1.41026
vt 0.47630 1.40797
vt 0.46263 1.40995
vt 0.46243 1.42020
vt 0.46253 1.41507
vt 0.47633 1.41523
vt 0.47627 1.42036
vt 0.49013 1.41539
vt 0.49011 1.42052
vt 0.04107 1.40260
vt 0.03642 1.40252
vt 0.03669 1.39019
vt 0.04133 1.39028
vt 0.03696 1.37787
vt 0.04159 1.37795
vt 0.45751 1.41001
vt 0.45727 1.39634
vt 0.45238 1.41008
vt 0.45215 1.39641
vt 0.45192 1.38274
vt 0.45702 1.38267
vt 0.03191 1.36854
vt 0.03212 1.37316
vt 0.01979 1.37316
vt 0.01954 1.36853
vt 0.00746 1.37316
vt 0.00717 1.36853
vt 0.46216 1.37239
vt 0.47594 1.37255
vt 0.47589 1.37766
vt 0.46215 1.37750
vt 0.48973 1.37271
vt 0.48962 1.37781
vt 0.50039 1.40998
vt 0.49527 1.41012
vt 0.49495 1.39645
vt 0.50006 1.39631
vt 0.49463 1.38278
vt 0.49973 1.38264
f 5418/5418 5419/5419 5420/5420
f 5420/5420 5421/5421 5418/5418
f 5419/5419 5422/5422 5423/5423
f 5423/5423 5420/5420 5419/5419
f 5420/5420 5423/5423 5424/5424
f 5424/5424 5425/5425 5420/5420
f 5421/5421 5420/5420 5425/5425
f 5425/5425 5426/5426 5421/5421
f 5427/5427 5428/5428 5429/5429
f 5429/5429 5430/5430 5427/5427
f 5428/5428 5431/5431 5432/5432
f 5432/5432 5429/5429 5428/5428
f 5429/5429 5432/5432 5418/5418
f 5418/5418 5421/5421 5429/5429
f 5430/5430 5429/5429 5421/5421
f 5421/5421 5426/5426 5430/5430
f 5433/5433 5434/5434 5435/5435
f 5435/5435 5436/5436 5433/5433
f 5434/5434 5422/5422 5419/5419
f 5419/5419 5435/5435 5434/5434
f 5435/5435 5419/5419 5418/5418
f 5418/5418 5437/5437 5435/5435
f 5436/5436 5435/5435 5437/5437
f 5437/5437 5438/5438 5436/5436
f 5439/5439 5440/5440 5441/5441
f 5441/5441 5442/5442 5439/5439
f 5440/5440 5443/5443 5444/5444
f 5444/5444 5441/5441 5440/5440
f 5441/5441 5444/5444 5445/5445
f 5445/5445 5446/5446 5441/5441
f 5442/5442 5441/5441 5446/5446
f 5446/5446 5447/5447 5442/5442
f 5448/5448 5449/5449 5450/5450
f 5450/5450 5451/5451 5448/5448
f 5449/5449 5447/5447 5446/5446
f 5446/5446 5450/5450 5449/5449
f 5450/5450 5446/5446 5445/5445
f 5445/5445 5452/5452 5450/5450
f 5451/5451 5450/5450 5452/5452
f 5452/5452 5453/5453 5451/5451
f 5454/5454 5455/5455 5456/5456
f 5456/5456 5457/5457 5454/5454
f 5455/5455 5426/5426 5425/5425
f 5425/5425 5456/5456 5455/5455
f 5456/5456 5425/5425 5424/5424
f 5424/5424 5458/5458 5456/5456
f 5457/5457 5456/5456 5458/5458
f 5458/5458 5459/5459 5457/5457
f 5447/5447 5460/5460 5461/5461
f 5461/5461 5442/5442 5447/5447
f 5460/5460 5462/5462 5463/5463
f 5463/5463 5461/5461 5460/5460
f 5461/5461 5463/5463 5464/5464
f 5464/5464 5465/5465 5461/5461
f 5442/5442 5461/5461 5465/5465
f 5465/5465 5439/5439 5442/5442
f 5466/5466 5467/5467 5468/5468
f 5468/5468 5469/5469 5466/5466
f 5467/5467 5424/5424 5423/5423
f 5423/5423 5468/5468 5467/5467
f 5468/5468 5423/5423 5422/5422
f 5422/5422 5470/5470 5468/5468
f 5469/5469 5468/5468 5470/5470
f 5470/5470 5471/5471 5469/5469
f 5472/5472 5473/5473 5474/5474
f 5474/5474 5475/5475 5472/5472
f 5473/5473 5476/5476 5477/5477
f 5477/5477 5474/5474 5473/5473
f 5474/5474 5477/5477 5443/5443
f 5443/5443 5440/5440 5474/5474
f 5475/5475 5474/5474 5440/5440
f 5440/5440 5439/5439 5475/5475
f 5478/5478 5479/5479 5480/5480
f 5480/5480 5481/5481 5478/5478
f 5479/5479 5445/5445 5444/5444
f 5444/5444 5480/5480 5479/5479
f 5480/5480 5444/5444 5443/5443
f 5443/5443 5482/5482 5480/5480
f 5481/5481 5480/5480 5482/5482
f 5482/5482 5483/5483 5481/5481
g oval_tufted_chair_legs_hardware
usemtl metal
v -0.30226 0.22772 0.11853
v -0.30276 0.23073 0.11955
v -0.30294 0.23073 0.11541
v -0.30241 0.22666 0.11546
v -0.30226 0.23375 0.11853
v -0.30241 0.23480 0.11546
v -0.30173 0.23375 0.11246
v -0.30205 0.23073 0.11137
v -0.30173 0.22772 0.11246
v -0.29903 0.22665 0.11988
v -0.29915 0.23073 0.12124
v -0.30128 0.23073 0.12105
v -0.30116 0.22665 0.11969
v -0.29903 0.23482 0.11988
v -0.30116 0.23481 0.11969
v -0.29903 0.23482 0.11988
v -0.29867 0.23617 0.11579
v -0.30081 0.23616 0.11560
v -0.30116 0.23481 0.11969
v -0.29831 0.23481 0.11169
v -0.30045 0.23480 0.11151
v -0.29831 0.23481 0.11169
v -0.29819 0.23073 0.11033
v -0.30033 0.23073 0.11014
v -0.30045 0.23480 0.11151
v -0.29831 0.22666 0.11169
v -0.30045 0.22667 0.11151
v -0.29831 0.22666 0.11169
v -0.29867 0.22529 0.11579
v -0.30081 0.22530 0.11560
v -0.30045 0.22667 0.11151
v -0.29903 0.22665 0.11988
v -0.30116 0.22665 0.11969
v -0.25445 0.20630 -0.13824
v -0.25496 0.20909 -0.13722
v -0.25514 0.20909 -0.14136
v -0.25460 0.20533 -0.14131
v -0.25445 0.21188 -0.13824
v -0.25460 0.21284 -0.14131
v -0.25392 0.21187 -0.14430
v -0.25425 0.20909 -0.14540
v -0.25392 0.20631 -0.14430
v -0.25123 0.20532 -0.13689
v -0.25134 0.20909 -0.13553
v -0.25348 0.20909 -0.13571
v -0.25336 0.20532 -0.13708
v -0.25123 0.21286 -0.13689
v -0.25336 0.21286 -0.13708
v -0.25123 0.21286 -0.13689
v -0.25087 0.21411 -0.14098
v -0.25300 0.21410 -0.14117
v -0.25336 0.21286 -0.13708
v -0.25051 0.21285 -0.14507
v -0.25264 0.21284 -0.14526
v -0.25051 0.21285 -0.14507
v -0.25039 0.20909 -0.14644
v -0.25252 0.20909 -0.14662
v -0.25264 0.21284 -0.14526
v -0.25051 0.20533 -0.14507
v -0.25264 0.20534 -0.14526
v -0.25051 0.20533 -0.14507
v -0.25087 0.20407 -0.14098
v -0.25300 0.20408 -0.14117
v -0.25264 0.20534 -0.14526
v -0.25123 0.20532 -0.13689
v -0.25336 0.20532 -0.13708
v -0.30226 0.24902 0.11568
v -0.30276 0.25204 0.11671
v -0.30294 0.25204 0.11257
v -0.30241 0.24797 0.11261
v -0.30226 0.25506 0.11568
v -0.30241 0.25611 0.11261
v -0.30173 0.25505 0.10962
v -0.30205 0.25204 0.10852
v -0.30173 0.24903 0.10962
v -0.29903 0.24795 0.11703
v -0.29915 0.25204 0.11840
v -0.30128 0.25204 0.11821
v -0.30116 0.24796 0.11685
v -0.29903 0.25612 0.11703
v -0.30116 0.25612 0.11685
v -0.29903 0.25612 0.11703
v -0.29867 0.25748 0.11294
v -0.30081 0.25747 0.11275
v -0.30116 0.25612 0.11685
v -0.29831 0.25611 0.10885
v -0.30045 0.25610 0.10866
v -0.29831 0.25611 0.10885
v -0.29819 0.25204 0.10749
v -0.30033 0.25204 0.10730
v -0.30045 0.25610 0.10866
v -0.29831 0.24796 0.10885
v -0.30045 0.24797 0.10866
v -0.29831 0.24796 0.10885
v -0.29867 0.24660 0.11294
v -0.30081 0.24661 0.11275
v -0.30045 0.24797 0.10866
v -0.29903 0.24795 0.11703
v -0.30116 0.24796 0.11685
v -0.25445 0.22761 -0.14109
v -0.25496 0.23039 -0.14006
v -0.25514 0.23039 -0.14420
v -0.25460 0.22664 -0.14415
v -0.25445 0.23318 -0.14109
v -0.25460 0.23415 -0.14415
v -0.25392 0.23317 -0.14715
v -0.25425 0.23039 -0.14825
v -0.25392 0.22761 -0.14715
v -0.25123 0.22662 -0.13974
v -0.25134 0.23039 -0.13837
v -0.25348 0.23039 -0.13856
v -0.25336 0.22663 -0.13992
v -0.25123 0.23417 -0.13974
v -0.25336 0.23416 -0.13992
v -0.25123 0.23417 -0.13974
v -0.25087 0.23541 -0.14383
v -0.25300 0.23541 -0.14401
v -0.25336 0.23416 -0.13992
v -0.25051 0.23415 -0.14792
v -0.25264 0.23415 -0.14811
v -0.25051 0.23415 -0.14792
v -0.25039 0.23039 -0.14928
v -0.25252 0.23039 -0.14947
v -0.25264 0.23415 -0.14811
v -0.25051 0.22664 -0.14792
v -0.25264 0.22664 -0.14810
v -0.25051 0.22664 -0.14792
v -0.25087 0.22537 -0.14383
v -0.25300 0.22538 -0.14401
v -0.25264 0.22664 -0.14810
v -0.25123 0.22662 -0.13974
v -0.25336 0.22663 -0.13992
v -0.22862 0.19946 -0.24390
v -0.22965 0.20225 -0.24441
v -0.22551 0.20224 -0.24458
v -0.22556 0.19849 -0.24405
v -0.22862 0.20503 -0.24390
v -0.22555 0.20600 -0.24405
v -0.22256 0.20502 -0.24337
v -0.22146 0.20224 -0.24369
v -0.22256 0.19947 -0.24337
v -0.22997 0.19847 -0.24067
v -0.23134 0.20225 -0.24079
v -0.23115 0.20225 -0.24293
v -0.22979 0.19848 -0.24281
v -0.22997 0.20602 -0.24067
v -0.22979 0.20601 -0.24281
v -0.22997 0.20602 -0.24067
v -0.22588 0.20726 -0.24032
v -0.22569 0.20726 -0.24245
v -0.22979 0.20601 -0.24281
v -0.22179 0.20600 -0.23996
v -0.22160 0.20600 -0.24209
v -0.22179 0.20600 -0.23996
v -0.22043 0.20224 -0.23984
v -0.22024 0.20224 -0.24197
v -0.22160 0.20600 -0.24209
v -0.22179 0.19849 -0.23996
v -0.22160 0.19849 -0.24209
v -0.22179 0.19849 -0.23996
v -0.22588 0.19723 -0.24031
v -0.22570 0.19723 -0.24245
v -0.22160 0.19849 -0.24209
v -0.22997 0.19847 -0.24067
v -0.22979 0.19848 -0.24281
v -0.22723 0.22189 -0.24425
v -0.22826 0.22467 -0.24476
v -0.22412 0.22467 -0.24494
v -0.22417 0.22092 -0.24440
v -0.22723 0.22746 -0.24425
v -0.22417 0.22843 -0.24440
v -0.22117 0.22745 -0.24372
v -0.22008 0.22467 -0.24404
v -0.22117 0.22189 -0.24372
v -0.22859 0.22090 -0.24102
v -0.22995 0.22467 -0.24114
v -0.22976 0.22467 -0.24328
v -0.22840 0.22091 -0.24316
v -0.22859 0.22844 -0.24102
v -0.22840 0.22844 -0.24316
v -0.22859 0.22844 -0.24102
v -0.22449 0.22969 -0.24067
v -0.22431 0.22968 -0.24280
v -0.22840 0.22844 -0.24316
v -0.22040 0.22843 -0.24031
v -0.22022 0.22842 -0.24244
v -0.22040 0.22843 -0.24031
v -0.21904 0.22467 -0.24019
v -0.21885 0.22467 -0.24232
v -0.22022 0.22842 -0.24244
v -0.22040 0.22091 -0.24031
v -0.22022 0.22092 -0.24244
v -0.22040 0.22091 -0.24031
v -0.22449 0.21965 -0.24067
v -0.22431 0.21966 -0.24280
v -0.22022 0.22092 -0.24244
v -0.22859 0.22090 -0.24102
v -0.22840 0.22091 -0.24316
v -0.20943 0.46943 -0.24664
v -0.21046 0.47222 -0.24714
v -0.20632 0.47222 -0.24732
v -0.20637 0.46846 -0.24679
v -0.20943 0.47500 -0.24664
v -0.20637 0.47597 -0.24679
v -0.20337 0.47500 -0.24611
v -0.20228 0.47222 -0.24643
v -0.20337 0.46944 -0.24611
v -0.21079 0.46844 -0.24341
v -0.21215 0.47222 -0.24353
v -0.21196 0.47222 -0.24566
v -0.21060 0.46845 -0.24554
v -0.21079 0.47599 -0.24341
v -0.21060 0.47598 -0.24554
v -0.21079 0.47599 -0.24341
v -0.20669 0.47724 -0.24305
v -0.20651 0.47723 -0.24519
v -0.21060 0.47598 -0.24554
v -0.20260 0.47597 -0.24269
v -0.20242 0.47597 -0.24483
v -0.20260 0.47597 -0.24269
v -0.20124 0.47222 -0.24257
v -0.20105 0.47222 -0.24471
v -0.20242 0.47597 -0.24483
v -0.20260 0.46846 -0.24269
v -0.20242 0.46846 -0.24483
v -0.20260 0.46846 -0.24269
v -0.20669 0.46720 -0.24305
v -0.20651 0.46720 -0.24519
v -0.20242 0.46846 -0.24483
v -0.21079 0.46844 -0.24341
v -0.21060 0.46845 -0.24554
v -0.20805 0.49440 -0.24753
v -0.20907 0.49718 -0.24804
v -0.20493 0.49718 -0.24821
v -0.20498 0.49343 -0.24768
v -0.20805 0.49997 -0.24753
v -0.20498 0.50094 -0.24768
v -0.20198 0.49996 -0.24700
v -0.20089 0.49718 -0.24732
v -0.20199 0.49440 -0.24700
v -0.20940 0.49341 -0.24430
v -0.21076 0.49718 -0.24442
v -0.21057 0.49718 -0.24656
v -0.20921 0.49342 -0.24644
v -0.20940 0.50095 -0.24430
v -0.20921 0.50095 -0.24644
v -0.20940 0.50095 -0.24430
v -0.20531 0.50220 -0.24395
v -0.20512 0.50219 -0.24608
v -0.20921 0.50095 -0.24644
v -0.20121 0.50094 -0.24359
v -0.20103 0.50093 -0.24572
v -0.20121 0.50094 -0.24359
v -0.19985 0.49718 -0.24347
v -0.19966 0.49718 -0.24560
v -0.20103 0.50093 -0.24572
v -0.20122 0.49342 -0.24359
v -0.20103 0.49343 -0.24572
v -0.20122 0.49342 -0.24359
v -0.20531 0.49216 -0.24394
v -0.20512 0.49217 -0.24608
v -0.20103 0.49343 -0.24572
v -0.20940 0.49341 -0.24430
v -0.20921 0.49342 -0.24644
v -0.29704 0.23675 0.19040
v -0.29601 0.23957 0.19067
v -0.30015 0.23959 0.19084
v -0.30010 0.23580 0.19064
v -0.29704 0.24230 0.18992
v -0.30010 0.24328 0.18998
v -0.30310 0.24225 0.18939
v -0.30419 0.23951 0.18995
v -0.30310 0.23671 0.18987
v -0.29568 0.23549 0.18727
v -0.29432 0.23926 0.18706
v -0.29451 0.23945 0.18919
v -0.29587 0.23568 0.18940
v -0.29568 0.24301 0.18662
v -0.29587 0.24319 0.18874
v -0.29568 0.24301 0.18662
v -0.29978 0.24422 0.18615
v -0.29996 0.24440 0.18828
v -0.29587 0.24319 0.18874
v -0.30387 0.24293 0.18590
v -0.30405 0.24311 0.18803
v -0.30387 0.24293 0.18590
v -0.30523 0.23918 0.18611
v -0.30542 0.23936 0.18824
v -0.30405 0.24311 0.18803
v -0.30387 0.23544 0.18656
v -0.30405 0.23563 0.18868
v -0.30387 0.23544 0.18656
v -0.29978 0.23422 0.18702
v -0.29996 0.23441 0.18915
v -0.30405 0.23563 0.18868
v -0.29568 0.23549 0.18727
v -0.29587 0.23568 0.18940
v -0.29565 0.25664 0.18748
v -0.29462 0.25946 0.18775
v -0.29876 0.25948 0.18792
v -0.29871 0.25569 0.18772
v -0.29565 0.26219 0.18700
v -0.29872 0.26317 0.18706
v -0.30171 0.26214 0.18647
v -0.30281 0.25940 0.18704
v -0.30171 0.25660 0.18696
v -0.29430 0.25538 0.18436
v -0.29293 0.25915 0.18415
v -0.29312 0.25933 0.18627
v -0.29448 0.25557 0.18648
v -0.29430 0.26289 0.18370
v -0.29448 0.26307 0.18583
v -0.29430 0.26289 0.18370
v -0.29839 0.26410 0.18323
v -0.29858 0.26428 0.18536
v -0.29448 0.26307 0.18583
v -0.30248 0.26282 0.18299
v -0.30267 0.26300 0.18511
v -0.30248 0.26282 0.18299
v -0.30384 0.25906 0.18319
v -0.30403 0.25925 0.18532
v -0.30267 0.26300 0.18511
v -0.30248 0.25533 0.18364
v -0.30267 0.25552 0.18577
v -0.30248 0.25533 0.18364
v -0.29839 0.25410 0.18411
v -0.29857 0.25430 0.18623
v -0.30267 0.25552 0.18577
v -0.29430 0.25538 0.18436
v -0.29448 0.25557 0.18648
v 0.30378 0.22772 0.11853
v 0.30393 0.22666 0.11546
v 0.30447 0.23073 0.11541
v 0.30429 0.23073 0.11955
v 0.30325 0.22772 0.11246
v 0.30358 0.23073 0.11137
v 0.30325 0.23375 0.11246
v 0.30393 0.23480 0.11546
v 0.30378 0.23375 0.11853
v 0.30056 0.22665 0.11988
v 0.30269 0.22665 0.11969
v 0.30281 0.23073 0.12105
v 0.30068 0.23073 0.12124
v 0.30269 0.23481 0.11969
v 0.30056 0.23482 0.11988
v 0.30056 0.23482 0.11988
v 0.30269 0.23481 0.11969
v 0.30233 0.23616 0.11560
v 0.30020 0.23617 0.11579
v 0.30198 0.23480 0.11151
v 0.29984 0.23481 0.11169
v 0.29984 0.23481 0.11169
v 0.30198 0.23480 0.11151
v 0.30186 0.23073 0.11014
v 0.29972 0.23073 0.11033
v 0.30197 0.22667 0.11151
v 0.29984 0.22666 0.11169
v 0.29984 0.22666 0.11169
v 0.30197 0.22667 0.11151
v 0.30233 0.22530 0.11560
v 0.30020 0.22529 0.11579
v 0.30269 0.22665 0.11969
v 0.30056 0.22665 0.11988
v 0.25598 0.20630 -0.13824
v 0.25613 0.20533 -0.14131
v 0.25666 0.20909 -0.14136
v 0.25649 0.20909 -0.13722
v 0.25545 0.20631 -0.14430
v 0.25577 0.20909 -0.14540
v 0.25545 0.21187 -0.14430
v 0.25613 0.21284 -0.14131
v 0.25598 0.21188 -0.13824
v 0.25275 0.20532 -0.13689
v 0.25489 0.20532 -0.13708
v 0.25501 0.20909 -0.13571
v 0.25287 0.20909 -0.13553
v 0.25489 0.21286 -0.13708
v 0.25275 0.21286 -0.13689
v 0.25275 0.21286 -0.13689
v 0.25489 0.21286 -0.13708
v 0.25453 0.21410 -0.14117
v 0.25240 0.21411 -0.14098
v 0.25417 0.21284 -0.14526
v 0.25204 0.21285 -0.14507
v 0.25204 0.21285 -0.14507
v 0.25417 0.21284 -0.14526
v 0.25405 0.20909 -0.14662
v 0.25192 0.20909 -0.14644
v 0.25417 0.20534 -0.14526
v 0.25204 0.20533 -0.14507
v 0.25204 0.20533 -0.14507
v 0.25417 0.20534 -0.14526
v 0.25453 0.20408 -0.14117
v 0.25239 0.20407 -0.14098
v 0.25489 0.20532 -0.13708
v 0.25275 0.20532 -0.13689
v 0.30378 0.24902 0.11568
v 0.30393 0.24797 0.11261
v 0.30447 0.25204 0.11257
v 0.30429 0.25204 0.11671
v 0.30325 0.24903 0.10962
v 0.30358 0.25204 0.10852
v 0.30325 0.25505 0.10962
v 0.30393 0.25611 0.11261
v 0.30378 0.25506 0.11568
v 0.30056 0.24795 0.11703
v 0.30269 0.24796 0.11685
v 0.30281 0.25204 0.11821
v 0.30068 0.25204 0.11840
v 0.30269 0.25612 0.11685
v 0.30056 0.25612 0.11703
v 0.30056 0.25612 0.11703
v 0.30269 0.25612 0.11685
v 0.30233 0.25747 0.11275
v 0.30020 0.25748 0.11294
v 0.30198 0.25610 0.10866
v 0.29984 0.25611 0.10885
v 0.29984 0.25611 0.10885
v 0.30198 0.25610 0.10866
v 0.30186 0.25204 0.10730
v 0.29972 0.25204 0.10749
v 0.30197 0.24797 0.10866
v 0.29984 0.24796 0.10885
v 0.29984 0.24796 0.10885
v 0.30197 0.24797 0.10866
v 0.30233 0.24661 0.11275
v 0.30020 0.24660 0.11294
v 0.30269 0.24796 0.11685
v 0.30056 0.24795 0.11703
v 0.25598 0.22761 -0.14109
v 0.25613 0.22664 -0.14415
v 0.25666 0.23039 -0.14420
v 0.25649 0.23039 -0.14006
v 0.25545 0.22761 -0.14715
v 0.25577 0.23039 -0.14825
v 0.25545 0.23317 -0.14715
v 0.25613 0.23415 -0.14415
v 0.25598 0.23318 -0.14109
v 0.25275 0.22662 -0.13974
v 0.25489 0.22663 -0.13992
v 0.25501 0.23039 -0.13856
v 0.25287 0.23039 -0.13837
v 0.25489 0.23416 -0.13992
v 0.25275 0.23417 -0.13974
v 0.25275 0.23417 -0.13974
v 0.25489 0.23416 -0.13992
v 0.25453 0.23541 -0.14401
v 0.25240 0.23541 -0.14383
v 0.25417 0.23415 -0.14811
v 0.25204 0.23415 -0.14792
v 0.25204 0.23415 -0.14792
v 0.25417 0.23415 -0.14811
v 0.25405 0.23039 -0.14947
v 0.25192 0.23039 -0.14928
v 0.25417 0.22664 -0.14810
v 0.25204 0.22664 -0.14792
v 0.25204 0.22664 -0.14792
v 0.25417 0.22664 -0.14810
v 0.25453 0.22538 -0.14401
v 0.25239 0.22537 -0.14383
v 0.25489 0.22663 -0.13992
v 0.25275 0.22662 -0.13974
v 0.23015 0.19946 -0.24390
v 0.22708 0.19849 -0.24405
v 0.22704 0.20224 -0.24458
v 0.23117 0.20225 -0.24441
v 0.22409 0.19947 -0.24337
v 0.22299 0.20224 -0.24369
v 0.22409 0.20502 -0.24337
v 0.22708 0.20600 -0.24405
v 0.23015 0.20503 -0.24390
v 0.23150 0.19847 -0.24067
v 0.23131 0.19848 -0.24281
v 0.23268 0.20225 -0.24293
v 0.23286 0.20225 -0.24079
v 0.23131 0.20601 -0.24281
v 0.23150 0.20602 -0.24067
v 0.23150 0.20602 -0.24067
v 0.23131 0.20601 -0.24281
v 0.22722 0.20726 -0.24245
v 0.22741 0.20726 -0.24032
v 0.22313 0.20600 -0.24209
v 0.22332 0.20600 -0.23996
v 0.22332 0.20600 -0.23996
v 0.22313 0.20600 -0.24209
v 0.22177 0.20224 -0.24197
v 0.22195 0.20224 -0.23984
v 0.22313 0.19849 -0.24209
v 0.22332 0.19849 -0.23996
v 0.22332 0.19849 -0.23996
v 0.22313 0.19849 -0.24209
v 0.22722 0.19723 -0.24245
v 0.22741 0.19723 -0.24031
v 0.23131 0.19848 -0.24281
v 0.23150 0.19847 -0.24067
v 0.22876 0.22189 -0.24425
v 0.22570 0.22092 -0.24440
v 0.22565 0.22467 -0.24494
v 0.22979 0.22467 -0.24476
v 0.22270 0.22189 -0.24372
v 0.22160 0.22467 -0.24404
v 0.22270 0.22745 -0.24372
v 0.22569 0.22843 -0.24440
v 0.22876 0.22746 -0.24425
v 0.23011 0.22090 -0.24102
v 0.22993 0.22091 -0.24316
v 0.23129 0.22467 -0.24328
v 0.23148 0.22467 -0.24114
v 0.22993 0.22844 -0.24316
v 0.23011 0.22844 -0.24102
v 0.23011 0.22844 -0.24102
v 0.22993 0.22844 -0.24316
v 0.22583 0.22968 -0.24280
v 0.22602 0.22969 -0.24067
v 0.22174 0.22842 -0.24244
v 0.22193 0.22843 -0.24031
v 0.22193 0.22843 -0.24031
v 0.22174 0.22842 -0.24244
v 0.22038 0.22467 -0.24232
v 0.22057 0.22467 -0.24019
v 0.22174 0.22092 -0.24244
v 0.22193 0.22091 -0.24031
v 0.22193 0.22091 -0.24031
v 0.22174 0.22092 -0.24244
v 0.22584 0.21966 -0.24280
v 0.22602 0.21965 -0.24067
v 0.22993 0.22091 -0.24316
v 0.23011 0.22090 -0.24102
v 0.21096 0.46943 -0.24664
v 0.20789 0.46846 -0.24679
v 0.20785 0.47222 -0.24732
v 0.21199 0.47222 -0.24714
v 0.20490 0.46944 -0.24611
v 0.20380 0.47222 -0.24643
v 0.20490 0.47500 -0.24611
v 0.20789 0.47597 -0.24679
v 0.21096 0.47500 -0.24664
v 0.21231 0.46844 -0.24341
v 0.21213 0.46845 -0.24554
v 0.21349 0.47222 -0.24566
v 0.21368 0.47222 -0.24353
v 0.21213 0.47598 -0.24554
v 0.21231 0.47599 -0.24341
v 0.21231 0.47599 -0.24341
v 0.21213 0.47598 -0.24554
v 0.20803 0.47723 -0.24519
v 0.20822 0.47724 -0.24305
v 0.20394 0.47597 -0.24483
v 0.20413 0.47597 -0.24269
v 0.20413 0.47597 -0.24269
v 0.20394 0.47597 -0.24483
v 0.20258 0.47222 -0.24471
v 0.20277 0.47222 -0.24257
v 0.20394 0.46846 -0.24483
v 0.20413 0.46846 -0.24269
v 0.20413 0.46846 -0.24269
v 0.20394 0.46846 -0.24483
v 0.20804 0.46720 -0.24519
v 0.20822 0.46720 -0.24305
v 0.21213 0.46845 -0.24554
v 0.21231 0.46844 -0.24341
v 0.20957 0.49440 -0.24753
v 0.20651 0.49343 -0.24768
v 0.20646 0.49718 -0.24821
v 0.21060 0.49718 -0.24804
v 0.20351 0.49440 -0.24700
v 0.20242 0.49718 -0.24732
v 0.20351 0.49996 -0.24700
v 0.20651 0.50094 -0.24768
v 0.20957 0.49997 -0.24753
v 0.21093 0.49341 -0.24430
v 0.21074 0.49342 -0.24644
v 0.21210 0.49718 -0.24656
v 0.21229 0.49718 -0.24442
v 0.21074 0.50095 -0.24644
v 0.21093 0.50095 -0.24430
v 0.21093 0.50095 -0.24430
v 0.21074 0.50095 -0.24644
v 0.20665 0.50219 -0.24608
v 0.20683 0.50220 -0.24395
v 0.20256 0.50093 -0.24572
v 0.20274 0.50094 -0.24359
v 0.20274 0.50094 -0.24359
v 0.20256 0.50093 -0.24572
v 0.20119 0.49718 -0.24560
v 0.20138 0.49718 -0.24347
v 0.20256 0.49343 -0.24572
v 0.20274 0.49342 -0.24359
v 0.20274 0.49342 -0.24359
v 0.20256 0.49343 -0.24572
v 0.20665 0.49217 -0.24608
v 0.20683 0.49216 -0.24394
v 0.21074 0.49342 -0.24644
v 0.21093 0.49341 -0.24430
v 0.29856 0.23675 0.19040
v 0.30163 0.23580 0.19064
v 0.30168 0.23959 0.19084
v 0.29754 0.23957 0.19067
v 0.30462 0.23671 0.18987
v 0.30572 0.23951 0.18995
v 0.30462 0.24225 0.18939
v 0.30163 0.24328 0.18998
v 0.29856 0.24230 0.18992
v 0.29721 0.23549 0.18727
v 0.29740 0.23568 0.18940
v 0.29603 0.23945 0.18919
v 0.29585 0.23926 0.18706
v 0.29740 0.24319 0.18874
v 0.29721 0.24301 0.18662
v 0.29721 0.24301 0.18662
v 0.29740 0.24319 0.18874
v 0.30149 0.24440 0.18828
v 0.30130 0.24422 0.18615
v 0.30558 0.24311 0.18803
v 0.30540 0.24293 0.18590
v 0.30540 0.24293 0.18590
v 0.30558 0.24311 0.18803
v 0.30695 0.23936 0.18824
v 0.30676 0.23918 0.18611
v 0.30558 0.23563 0.18868
v 0.30539 0.23544 0.18656
v 0.30539 0.23544 0.18656
v 0.30558 0.23563 0.18868
v 0.30149 0.23441 0.18915
v 0.30130 0.23422 0.18702
v 0.29740 0.23568 0.18940
v 0.29721 0.23549 0.18727
v 0.29718 0.25664 0.18748
v 0.30024 0.25569 0.18772
v 0.30029 0.25948 0.18792
v 0.29615 0.25946 0.18775
v 0.30324 0.25660 0.18696
v 0.30433 0.25940 0.18703
v 0.30324 0.26214 0.18647
v 0.30024 0.26317 0.18706
v 0.29718 0.26219 0.18700
v 0.29582 0.25538 0.18436
v 0.29601 0.25557 0.18648
v 0.29465 0.25933 0.18627
v 0.29446 0.25915 0.18415
v 0.29601 0.26307 0.18583
v 0.29582 0.26289 0.18370
v 0.29582 0.26289 0.18370
v 0.29601 0.26307 0.18583
v 0.30010 0.26428 0.18536
v 0.29992 0.26410 0.18323
v 0.30419 0.26300 0.18511
v 0.30401 0.26282 0.18299
v 0.30401 0.26282 0.18299
v 0.30419 0.26300 0.18511
v 0.30556 0.25925 0.18532
v 0.30537 0.25906 0.18319
v 0.30419 0.25552 0.18577
v 0.30401 0.25533 0.18364
v 0.30401 0.25533 0.18364
v 0.30419 0.25552 0.18577
v 0.30010 0.25430 0.18623
v 0.29992 0.25410 0.18411
v 0.29601 0.25557 0.18648
v 0.29582 0.25538 0.18436
v -0.33618 0.00123 0.20915
v -0.33771 0.00069 0.20477
v -0.33180 0.00000 0.20477
v -0.33180 0.00069 0.21068
v -0.33618 0.00123 0.20039
v -0.33180 0.00069 0.19886
v -0.32742 0.00123 0.20039
v -0.32588 0.00069 0.20477
v -0.32742 0.00123 0.20915
v -0.24903 0.00123 -0.22187
v -0.25056 0.00069 -0.22625
v -0.24465 0.00000 -0.22625
v -0.24465 0.00069 -0.22033
v -0.24903 0.00123 -0.23063
v -0.24465 0.00069 -0.23216
v -0.24027 0.00123 -0.23063
v -0.23874 0.00069 -0.22625
v -0.24027 0.00123 -0.22187
v -0.33771 0.00556 0.21068
v -0.33968 0.00556 0.20477
v -0.33968 0.00278 0.20477
v -0.33771 0.00278 0.21068
v -0.33771 0.00556 0.19886
v -0.33771 0.00278 0.19886
v -0.33771 0.00556 0.19886
v -0.33180 0.00556 0.19689
v -0.33180 0.00278 0.19689
v -0.33771 0.00278 0.19886
v -0.32588 0.00556 0.19886
v -0.32588 0.00278 0.19886
v -0.32588 0.00556 0.19886
v -0.32391 0.00556 0.20477
v -0.32391 0.00278 0.20477
v -0.32588 0.00278 0.19886
v -0.32588 0.00556 0.21068
v -0.32588 0.00278 0.21068
v -0.32588 0.00556 0.21068
v -0.33180 0.00556 0.21265
v -0.33180 0.00278 0.21265
v -0.32588 0.00278 0.21068
v -0.33771 0.00556 0.21068
v -0.33771 0.00278 0.21068
v -0.25056 0.00556 -0.22033
v -0.25253 0.00556 -0.22625
v -0.25253 0.00278 -0.22625
v -0.25056 0.00278 -0.22033
v -0.25056 0.00556 -0.23216
v -0.25056 0.00278 -0.23216
v -0.25056 0.00556 -0.23216
v -0.24465 0.00556 -0.23413
v -0.24465 0.00278 -0.23413
v -0.25056 0.00278 -0.23216
v -0.23874 0.00556 -0.23216
v -0.23874 0.00278 -0.23216
v -0.23874 0.00556 -0.23216
v -0.23677 0.00556 -0.22625
v -0.23677 0.00278 -0.22625
v -0.23874 0.00278 -0.23216
v -0.23874 0.00556 -0.22033
v -0.23874 0.00278 -0.22033
v -0.23874 0.00556 -0.22033
v -0.24465 0.00556 -0.21836
v -0.24465 0.00278 -0.21836
v -0.23874 0.00278 -0.22033
v -0.25056 0.00556 -0.22033
v -0.25056 0.00278 -0.22033
v 0.33770 0.00123 0.20915
v 0.33332 0.00069 0.21068
v 0.33332 0.00000 0.20477
v 0.33924 0.00069 0.20477
v 0.32894 0.00123 0.20915
v 0.32741 0.00069 0.20477
v 0.32894 0.00123 0.20039
v 0.33332 0.00069 0.19886
v 0.33770 0.00123 0.20039
v 0.25056 0.00123 -0.22187
v 0.24618 0.00069 -0.22033
v 0.24618 0.00000 -0.22625
v 0.25209 0.00069 -0.22625
v 0.24180 0.00123 -0.22187
v 0.24027 0.00069 -0.22625
v 0.24180 0.00123 -0.23063
v 0.24618 0.00069 -0.23216
v 0.25056 0.00123 -0.23063
v 0.33924 0.00556 0.21068
v 0.33924 0.00278 0.21068
v 0.34121 0.00278 0.20477
v 0.34121 0.00556 0.20477
v 0.33924 0.00278 0.19886
v 0.33924 0.00556 0.19886
v 0.33924 0.00556 0.19886
v 0.33924 0.00278 0.19886
v 0.33332 0.00278 0.19689
v 0.33332 0.00556 0.19689
v 0.32741 0.00278 0.19886
v 0.32741 0.00556 0.19886
v 0.32741 0.00556 0.19886
v 0.32741 0.00278 0.19886
v 0.32544 0.00278 0.20477
v 0.32544 0.00556 0.20477
v 0.32741 0.00278 0.21068
v 0.32741 0.00556 0.21068
v 0.32741 0.00556 0.21068
v 0.32741 0.00278 0.21068
v 0.33332 0.00278 0.21265
v 0.33332 0.00556 0.21265
v 0.33924 0.00278 0.21068
v 0.33924 0.00556 0.21068
v 0.25209 0.00556 -0.22033
v 0.25209 0.00278 -0.22033
v 0.25406 0.00278 -0.22625
v 0.25406 0.00556 -0.22625
v 0.25209 0.00278 -0.23216
v 0.25209 0.00556 -0.23216
v 0.25209 0.00556 -0.23216
v 0.25209 0.00278 -0.23216
v 0.24618 0.00278 -0.23413
v 0.24618 0.00556 -0.23413
v 0.24027 0.00278 -0.23216
v 0.24027 0.00556 -0.23216
v 0.24027 0.00556 -0.23216
v 0.24027 0.00278 -0.23216
v 0.23830 0.00278 -0.22625
v 0.23830 0.00556 -0.22625
v 0.24027 0.00278 -0.22033
v 0.24027 0.00556 -0.22033
v 0.24027 0.00556 -0.22033
v 0.24027 0.00278 -0.22033
v 0.24618 0.00278 -0.21836
v 0.24618 0.00556 -0.21836
v 0.25209 0.00278 -0.22033
v 0.25209 0.00556 -0.22033
vt 0.49410 1.65206
vt 0.50408 1.65370
vt 0.50408 1.66204
vt 0.49574 1.66204
vt 0.51406 1.65206
vt 0.51242 1.66204
vt 0.51406 1.67202
vt 0.50408 1.67037
vt 0.49410 1.67202
vt 0.49410 1.64523
vt 0.50408 1.64523
vt 0.50408 1.64865
vt 0.49410 1.64865
vt 0.51406 1.64523
vt 0.51406 1.64865
vt 0.52089 1.65206
vt 0.52089 1.66204
vt 0.51747 1.66204
vt 0.51747 1.65206
vt 0.52089 1.67202
vt 0.51747 1.67202
vt 0.51406 1.67884
vt 0.50408 1.67884
vt 0.50408 1.67543
vt 0.51406 1.67543
vt 0.49410 1.67884
vt 0.49410 1.67543
vt 0.48728 1.67202
vt 0.48728 1.66204
vt 0.49069 1.66204
vt 0.49069 1.67202
vt 0.48728 1.65206
vt 0.49069 1.65206
vt 0.43595 1.56389
vt 0.44592 1.56553
vt 0.44592 1.57387
vt 0.43759 1.57387
vt 0.45590 1.56389
vt 0.45426 1.57387
vt 0.45590 1.58384
vt 0.44592 1.58220
vt 0.43595 1.58384
vt 0.43595 1.55706
vt 0.44592 1.55706
vt 0.44592 1.56047
vt 0.43595 1.56047
vt 0.45590 1.55706
vt 0.45590 1.56047
vt 0.46273 1.56389
vt 0.46273 1.57387
vt 0.45932 1.57387
vt 0.45932 1.56389
vt 0.46273 1.58384
vt 0.45932 1.58384
vt 0.45590 1.59067
vt 0.44592 1.59067
vt 0.44592 1.58726
vt 0.45590 1.58726
vt 0.43595 1.59067
vt 0.43595 1.58726
vt 0.42912 1.58384
vt 0.42912 1.57387
vt 0.43253 1.57387
vt 0.43253 1.58384
vt 0.42912 1.56389
vt 0.43253 1.56389
vt 0.28118 1.67832
vt 0.29115 1.67996
vt 0.29115 1.68830
vt 0.28282 1.68830
vt 0.30113 1.67832
vt 0.29949 1.68830
vt 0.30113 1.69828
vt 0.29115 1.69664
vt 0.28118 1.69828
vt 0.28118 1.67150
vt 0.29115 1.67150
vt 0.29115 1.67491
vt 0.28118 1.67491
vt 0.30113 1.67150
vt 0.30113 1.67491
vt 0.30796 1.67832
vt 0.30796 1.68830
vt 0.30455 1.68830
vt 0.30455 1.67832
vt 0.30796 1.69828
vt 0.30455 1.69828
vt 0.30113 1.70511
vt 0.29115 1.70511
vt 0.29115 1.70169
vt 0.30113 1.70169
vt 0.28118 1.70511
vt 0.28118 1.70169
vt 0.27435 1.69828
vt 0.27435 1.68830
vt 0.27776 1.68830
vt 0.27776 1.69828
vt 0.27435 1.67832
vt 0.27776 1.67832
vt 0.60479 1.59672
vt 0.61476 1.59836
vt 0.61476 1.60670
vt 0.60643 1.60670
vt 0.62474 1.59672
vt 0.62310 1.60670
vt 0.62474 1.61667
vt 0.61476 1.61503
vt 0.60479 1.61667
vt 0.60479 1.58989
vt 0.61476 1.58989
vt 0.61476 1.59330
vt 0.60479 1.59330
vt 0.62474 1.58989
vt 0.62474 1.59330
vt 0.63157 1.59672
vt 0.63157 1.60670
vt 0.62816 1.60670
vt 0.62816 1.59672
vt 0.63157 1.61667
vt 0.62816 1.61667
vt 0.62474 1.62350
vt 0.61476 1.62350
vt 0.61476 1.62009
vt 0.62474 1.62009
vt 0.60479 1.62350
vt 0.60479 1.62009
vt 0.59796 1.61667
vt 0.59796 1.60670
vt 0.60137 1.60670
vt 0.60137 1.61667
vt 0.59796 1.59672
vt 0.60137 1.59672
vt 0.54944 1.56670
vt 0.55942 1.56834
vt 0.55942 1.57668
vt 0.55109 1.57668
vt 0.56940 1.56670
vt 0.56776 1.57668
vt 0.56940 1.58666
vt 0.55942 1.58502
vt 0.54944 1.58666
vt 0.54944 1.55987
vt 0.55942 1.55987
vt 0.55942 1.56329
vt 0.54944 1.56329
vt 0.56940 1.55987
vt 0.56940 1.56329
vt 0.57623 1.56670
vt 0.57623 1.57668
vt 0.57281 1.57668
vt 0.57281 1.56670
vt 0.57623 1.58666
vt 0.57281 1.58666
vt 0.56940 1.59348
vt 0.55942 1.59348
vt 0.55942 1.59007
vt 0.56940 1.59007
vt 0.54944 1.59348
vt 0.54944 1.59007
vt 0.54262 1.58666
vt 0.54262 1.57668
vt 0.54603 1.57668
vt 0.54603 1.58666
vt 0.54262 1.56670
vt 0.54603 1.56670
vt 0.35715 1.29843
vt 0.36713 1.30007
vt 0.36713 1.30841
vt 0.35879 1.30841
vt 0.37711 1.29843
vt 0.37547 1.30841
vt 0.37711 1.31839
vt 0.36713 1.31675
vt 0.35715 1.31839
vt 0.35715 1.29161
vt 0.36713 1.29161
vt 0.36713 1.29502
vt 0.35715 1.29502
vt 0.37711 1.29161
vt 0.37711 1.29502
vt 0.38394 1.29843
vt 0.38394 1.30841
vt 0.38052 1.30841
vt 0.38052 1.29843
vt 0.38394 1.31839
vt 0.38052 1.31839
vt 0.37711 1.32522
vt 0.36713 1.32522
vt 0.36713 1.32180
vt 0.37711 1.32180
vt 0.35715 1.32522
vt 0.35715 1.32180
vt 0.35033 1.31839
vt 0.35033 1.30841
vt 0.35374 1.30841
vt 0.35374 1.31839
vt 0.35033 1.29843
vt 0.35374 1.29843
vt 0.57289 1.32188
vt 0.58287 1.32352
vt 0.58287 1.33186
vt 0.57454 1.33186
vt 0.59285 1.32188
vt 0.59121 1.33186
vt 0.59285 1.34184
vt 0.58287 1.34020
vt 0.57289 1.34184
vt 0.57289 1.31506
vt 0.58287 1.31506
vt 0.58287 1.31847
vt 0.57289 1.31847
vt 0.59285 1.31506
vt 0.59285 1.31847
vt 0.59968 1.32188
vt 0.59968 1.33186
vt 0.59626 1.33186
vt 0.59626 1.32188
vt 0.59968 1.34184
vt 0.59626 1.34184
vt 0.59285 1.34867
vt 0.58287 1.34867
vt 0.58287 1.34525
vt 0.59285 1.34525
vt 0.57289 1.34867
vt 0.57289 1.34525
vt 0.56607 1.34184
vt 0.56607 1.33186
vt 0.56948 1.33186
vt 0.56948 1.34184
vt 0.56607 1.32188
vt 0.56948 1.32188
vt 0.38905 1.46915
vt 0.39902 1.47079
vt 0.39902 1.47913
vt 0.39069 1.47913
vt 0.40900 1.46915
vt 0.40736 1.47913
vt 0.40900 1.48911
vt 0.39902 1.48746
vt 0.38905 1.48911
vt 0.38905 1.46232
vt 0.39902 1.46232
vt 0.39902 1.46574
vt 0.38905 1.46574
vt 0.40900 1.46232
vt 0.40900 1.46574
vt 0.41583 1.46915
vt 0.41583 1.47913
vt 0.41242 1.47913
vt 0.41242 1.46915
vt 0.41583 1.48911
vt 0.41242 1.48911
vt 0.40900 1.49593
vt 0.39902 1.49593
vt 0.39902 1.49252
vt 0.40900 1.49252
vt 0.38905 1.49593
vt 0.38905 1.49252
vt 0.38222 1.48911
vt 0.38222 1.47913
vt 0.38563 1.47913
vt 0.38563 1.48911
vt 0.38222 1.46915
vt 0.38563 1.46915
vt 0.61792 1.36784
vt 0.62790 1.36949
vt 0.62790 1.37782
vt 0.61956 1.37782
vt 0.63788 1.36784
vt 0.63623 1.37782
vt 0.63788 1.38780
vt 0.62790 1.38616
vt 0.61792 1.38780
vt 0.61792 1.36102
vt 0.62790 1.36102
vt 0.62790 1.36443
vt 0.61792 1.36443
vt 0.63788 1.36102
vt 0.63788 1.36443
vt 0.64470 1.36784
vt 0.64470 1.37782
vt 0.64129 1.37782
vt 0.64129 1.36784
vt 0.64470 1.38780
vt 0.64129 1.38780
vt 0.63788 1.39463
vt 0.62790 1.39463
vt 0.62790 1.39121
vt 0.63788 1.39121
vt 0.61792 1.39463
vt 0.61792 1.39121
vt 0.61109 1.38780
vt 0.61109 1.37782
vt 0.61451 1.37782
vt 0.61451 1.38780
vt 0.61109 1.36784
vt 0.61451 1.36784
vt 0.62073 1.45414
vt 0.63071 1.45578
vt 0.63071 1.46412
vt 0.62237 1.46412
vt 0.64069 1.45414
vt 0.63905 1.46412
vt 0.64069 1.47410
vt 0.63071 1.47246
vt 0.62073 1.47410
vt 0.62073 1.44731
vt 0.63071 1.44731
vt 0.63071 1.45073
vt 0.62073 1.45073
vt 0.64069 1.44731
vt 0.64069 1.45073
vt 0.64752 1.45414
vt 0.64752 1.46412
vt 0.64410 1.46412
vt 0.64410 1.45414
vt 0.64752 1.47410
vt 0.64410 1.47410
vt 0.64069 1.48092
vt 0.63071 1.48092
vt 0.63071 1.47751
vt 0.64069 1.47751
vt 0.62073 1.48092
vt 0.62073 1.47751
vt 0.61391 1.47410
vt 0.61391 1.46412
vt 0.61732 1.46412
vt 0.61732 1.47410
vt 0.61391 1.45414
vt 0.61732 1.45414
vt 0.28352 1.47430
vt 0.29296 1.47548
vt 0.29302 1.48287
vt 0.28503 1.48293
vt 0.30238 1.47420
vt 0.30101 1.48280
vt 0.30252 1.49138
vt 0.29308 1.49025
vt 0.28366 1.49158
vt 0.27614 1.47434
vt 0.27983 1.47432
vt 0.27990 1.48297
vt 0.27621 1.48300
vt 0.27997 1.49162
vt 0.27628 1.49167
vt 0.28374 1.49896
vt 0.28370 1.49527
vt 0.29313 1.49517
vt 0.29317 1.49886
vt 0.30256 1.49507
vt 0.30260 1.49876
vt 0.30990 1.49135
vt 0.30621 1.49137
vt 0.30614 1.48276
vt 0.30983 1.48273
vt 0.30607 1.47415
vt 0.30976 1.47411
vt 0.30234 1.46682
vt 0.30236 1.47051
vt 0.29293 1.47056
vt 0.29291 1.46687
vt 0.28350 1.47061
vt 0.28348 1.46692
vt 0.33511 1.37300
vt 0.34455 1.37418
vt 0.34461 1.38156
vt 0.33662 1.38163
vt 0.35397 1.37289
vt 0.35260 1.38150
vt 0.35411 1.39008
vt 0.34467 1.38895
vt 0.33525 1.39028
vt 0.32773 1.37303
vt 0.33142 1.37302
vt 0.33149 1.38167
vt 0.32780 1.38170
vt 0.33156 1.39032
vt 0.32787 1.39036
vt 0.33533 1.39766
vt 0.33529 1.39397
vt 0.34472 1.39387
vt 0.34476 1.39756
vt 0.35415 1.39377
vt 0.35419 1.39746
vt 0.36149 1.39004
vt 0.35780 1.39006
vt 0.35773 1.38145
vt 0.36142 1.38142
vt 0.35766 1.37285
vt 0.36135 1.37280
vt 0.35393 1.36551
vt 0.35395 1.36920
vt 0.34452 1.36926
vt 0.34450 1.36557
vt 0.33509 1.36931
vt 0.33507 1.36562
vt 0.34074 1.56717
vt 0.35018 1.56834
vt 0.35024 1.57573
vt 0.34225 1.57579
vt 0.35960 1.56706
vt 0.35823 1.57566
vt 0.35974 1.58424
vt 0.35030 1.58311
vt 0.34088 1.58444
vt 0.33336 1.56720
vt 0.33705 1.56718
vt 0.33712 1.57583
vt 0.33343 1.57586
vt 0.33719 1.58449
vt 0.33350 1.58453
vt 0.34096 1.59182
vt 0.34092 1.58813
vt 0.35035 1.58803
vt 0.35039 1.59172
vt 0.35978 1.58793
vt 0.35982 1.59162
vt 0.36712 1.58421
vt 0.36343 1.58423
vt 0.36336 1.57562
vt 0.36705 1.57559
vt 0.36329 1.56701
vt 0.36698 1.56697
vt 0.35956 1.55968
vt 0.35958 1.56337
vt 0.35015 1.56342
vt 0.35013 1.55973
vt 0.34072 1.56348
vt 0.34070 1.55979
vt 0.41484 1.29045
vt 0.42428 1.29163
vt 0.42434 1.29902
vt 0.41635 1.29908
vt 0.43370 1.29035
vt 0.43234 1.29895
vt 0.43384 1.30753
vt 0.42440 1.30640
vt 0.41498 1.30773
vt 0.40746 1.29049
vt 0.41115 1.29047
vt 0.41122 1.29912
vt 0.40753 1.29915
vt 0.41129 1.30778
vt 0.40760 1.30782
vt 0.41506 1.31511
vt 0.41502 1.31142
vt 0.42445 1.31132
vt 0.42449 1.31501
vt 0.43388 1.31122
vt 0.43392 1.31491
vt 0.44122 1.30750
vt 0.43753 1.30752
vt 0.43746 1.29891
vt 0.44115 1.29888
vt 0.43739 1.29030
vt 0.44108 1.29026
vt 0.43366 1.28297
vt 0.43368 1.28666
vt 0.42425 1.28671
vt 0.42423 1.28302
vt 0.41482 1.28677
vt 0.41480 1.28308
vt 0.51615 1.42271
vt 0.52559 1.42389
vt 0.52565 1.43128
vt 0.51765 1.43134
vt 0.53500 1.42261
vt 0.53364 1.43121
vt 0.53514 1.43979
vt 0.52571 1.43866
vt 0.51629 1.43999
vt 0.50877 1.42275
vt 0.51246 1.42273
vt 0.51253 1.43138
vt 0.50884 1.43141
vt 0.51260 1.44003
vt 0.50891 1.44008
vt 0.51637 1.44737
vt 0.51633 1.44368
vt 0.52575 1.44358
vt 0.52579 1.44727
vt 0.53518 1.44348
vt 0.53522 1.44717
vt 0.54252 1.43976
vt 0.53883 1.43978
vt 0.53876 1.43117
vt 0.54245 1.43114
vt 0.53869 1.42256
vt 0.54238 1.42252
vt 0.53496 1.41523
vt 0.53498 1.41892
vt 0.52555 1.41897
vt 0.52553 1.41528
vt 0.51613 1.41902
vt 0.51610 1.41533
vt 0.38014 1.66190
vt 0.38958 1.66308
vt 0.38964 1.67047
vt 0.38164 1.67053
vt 0.39899 1.66180
vt 0.39763 1.67040
vt 0.39913 1.67898
vt 0.38970 1.67785
vt 0.38028 1.67918
vt 0.37276 1.66194
vt 0.37645 1.66192
vt 0.37652 1.67057
vt 0.37283 1.67060
vt 0.37659 1.67923
vt 0.37290 1.67927
vt 0.38036 1.68656
vt 0.38032 1.68287
vt 0.38974 1.68277
vt 0.38978 1.68646
vt 0.39917 1.68267
vt 0.39921 1.68636
vt 0.40651 1.67895
vt 0.40282 1.67897
vt 0.40275 1.67036
vt 0.40644 1.67033
vt 0.40268 1.66175
vt 0.40637 1.66171
vt 0.39895 1.65442
vt 0.39897 1.65811
vt 0.38954 1.65816
vt 0.38952 1.65447
vt 0.38012 1.65821
vt 0.38009 1.65453
vt 0.25257 1.53621
vt 0.26201 1.53739
vt 0.26207 1.54477
vt 0.25407 1.54484
vt 0.27143 1.53610
vt 0.27006 1.54471
vt 0.27157 1.55329
vt 0.26213 1.55216
vt 0.25271 1.55349
vt 0.24519 1.53625
vt 0.24888 1.53623
vt 0.24895 1.54488
vt 0.24526 1.54491
vt 0.24902 1.55353
vt 0.24533 1.55358
vt 0.25279 1.56087
vt 0.25275 1.55718
vt 0.26218 1.55708
vt 0.26221 1.56077
vt 0.27160 1.55698
vt 0.27164 1.56067
vt 0.27894 1.55326
vt 0.27525 1.55327
vt 0.27518 1.54467
vt 0.27887 1.54464
vt 0.27511 1.53606
vt 0.27880 1.53602
vt 0.27138 1.52872
vt 0.27140 1.53241
vt 0.26198 1.53247
vt 0.26195 1.52878
vt 0.25255 1.53252
vt 0.25253 1.52883
vt 0.49176 1.50901
vt 0.50120 1.51019
vt 0.50126 1.51757
vt 0.49326 1.51764
vt 0.51062 1.50890
vt 0.50925 1.51751
vt 0.51076 1.52609
vt 0.50132 1.52496
vt 0.49190 1.52629
vt 0.48438 1.50904
vt 0.48807 1.50903
vt 0.48814 1.51768
vt 0.48445 1.51771
vt 0.48821 1.52633
vt 0.48452 1.52637
vt 0.49198 1.53367
vt 0.49194 1.52998
vt 0.50137 1.52988
vt 0.50141 1.53357
vt 0.51080 1.52978
vt 0.51083 1.53347
vt 0.51814 1.52605
vt 0.51445 1.52607
vt 0.51438 1.51747
vt 0.51807 1.51744
vt 0.51431 1.50886
vt 0.51800 1.50882
vt 0.51057 1.50152
vt 0.51060 1.50521
vt 0.50117 1.50527
vt 0.50115 1.50158
vt 0.49174 1.50532
vt 0.49172 1.50163
vt 0.57337 1.51182
vt 0.58281 1.51300
vt 0.58286 1.52039
vt 0.57487 1.52045
vt 0.59222 1.51172
vt 0.59086 1.52032
vt 0.59236 1.52890
vt 0.58293 1.52777
vt 0.57351 1.52910
vt 0.56599 1.51186
vt 0.56968 1.51184
vt 0.56975 1.52049
vt 0.56606 1.52052
vt 0.56982 1.52914
vt 0.56613 1.52919
vt 0.57358 1.53648
vt 0.57354 1.53279
vt 0.58297 1.53269
vt 0.58301 1.53638
vt 0.59240 1.53259
vt 0.59244 1.53628
vt 0.59974 1.52887
vt 0.59605 1.52889
vt 0.59598 1.52028
vt 0.59967 1.52025
vt 0.59591 1.51167
vt 0.59960 1.51163
vt 0.59218 1.50434
vt 0.59220 1.50803
vt 0.58277 1.50808
vt 0.58275 1.50439
vt 0.57334 1.50813
vt 0.57332 1.50444
vt 0.43266 1.37018
vt 0.44211 1.37136
vt 0.44216 1.37875
vt 0.43417 1.37881
vt 0.45152 1.37008
vt 0.45016 1.37868
vt 0.45166 1.38726
vt 0.44223 1.38613
vt 0.43281 1.38746
vt 0.42529 1.37022
vt 0.42898 1.37020
vt 0.42905 1.37885
vt 0.42536 1.37888
vt 0.42912 1.38751
vt 0.42543 1.38755
vt 0.43288 1.39484
vt 0.43284 1.39115
vt 0.44227 1.39105
vt 0.44231 1.39474
vt 0.45170 1.39095
vt 0.45174 1.39464
vt 0.45904 1.38723
vt 0.45535 1.38725
vt 0.45528 1.37864
vt 0.45897 1.37861
vt 0.45521 1.37003
vt 0.45890 1.36999
vt 0.45148 1.36270
vt 0.45150 1.36639
vt 0.44207 1.36644
vt 0.44205 1.36275
vt 0.43264 1.36650
vt 0.43262 1.36281
vt 0.59278 1.12924
vt 0.59468 1.11749
vt 0.60453 1.11749
vt 0.60453 1.12734
vt 0.59278 1.10573
vt 0.60453 1.10764
vt 0.61628 1.10574
vt 0.61438 1.11749
vt 0.61628 1.12924
vt 0.51534 1.12440
vt 0.50359 1.12250
vt 0.50359 1.11265
vt 0.51344 1.11265
vt 0.49183 1.12440
vt 0.49374 1.11265
vt 0.49183 1.10089
vt 0.50359 1.10280
vt 0.51534 1.10089
vt 0.58450 1.12924
vt 0.58450 1.11749
vt 0.58864 1.11749
vt 0.58864 1.12924
vt 0.58450 1.10573
vt 0.58864 1.10573
vt 0.59278 1.09745
vt 0.60453 1.09745
vt 0.60453 1.10159
vt 0.59278 1.10159
vt 0.61628 1.09745
vt 0.61628 1.10159
vt 0.62456 1.10573
vt 0.62456 1.11749
vt 0.62042 1.11749
vt 0.62042 1.10574
vt 0.62456 1.12924
vt 0.62042 1.12924
vt 0.61628 1.13752
vt 0.60453 1.13752
vt 0.60453 1.13338
vt 0.61628 1.13338
vt 0.59278 1.13752
vt 0.59278 1.13338
vt 0.51534 1.13268
vt 0.50359 1.13268
vt 0.50359 1.12854
vt 0.51534 1.12854
vt 0.49183 1.13268
vt 0.49183 1.12854
vt 0.48355 1.12440
vt 0.48355 1.11265
vt 0.48769 1.11265
vt 0.48769 1.12440
vt 0.48355 1.10089
vt 0.48769 1.10089
vt 0.49183 1.09261
vt 0.50359 1.09261
vt 0.50359 1.09675
vt 0.49183 1.09675
vt 0.51534 1.09261
vt 0.51534 1.09675
vt 0.52362 1.10089
vt 0.52362 1.11265
vt 0.51948 1.11265
vt 0.51948 1.10089
vt 0.52362 1.12440
vt 0.51948 1.12440
vt 0.30706 1.15119
vt 0.29531 1.14929
vt 0.29531 1.13944
vt 0.30516 1.13944
vt 0.28355 1.15119
vt 0.28546 1.13944
vt 0.28355 1.12768
vt 0.29531 1.12959
vt 0.30706 1.12768
vt 0.40916 1.13082
vt 0.39741 1.12892
vt 0.39741 1.11907
vt 0.40726 1.11907
vt 0.38565 1.13082
vt 0.38756 1.11907
vt 0.38565 1.10732
vt 0.39741 1.10922
vt 0.40916 1.10732
vt 0.31534 1.15119
vt 0.31120 1.15119
vt 0.31120 1.13944
vt 0.31534 1.13944
vt 0.31120 1.12768
vt 0.31534 1.12769
vt 0.30706 1.11940
vt 0.30706 1.12354
vt 0.29531 1.12354
vt 0.29531 1.11940
vt 0.28355 1.12354
vt 0.28355 1.11940
vt 0.27527 1.12769
vt 0.27941 1.12769
vt 0.27941 1.13944
vt 0.27527 1.13944
vt 0.27941 1.15119
vt 0.27527 1.15119
vt 0.28356 1.15947
vt 0.28356 1.15533
vt 0.29531 1.15533
vt 0.29531 1.15947
vt 0.30706 1.15533
vt 0.30706 1.15947
vt 0.41744 1.13082
vt 0.41330 1.13082
vt 0.41330 1.11907
vt 0.41744 1.11907
vt 0.41330 1.10732
vt 0.41744 1.10732
vt 0.40916 1.09904
vt 0.40916 1.10318
vt 0.39741 1.10318
vt 0.39741 1.09904
vt 0.38565 1.10318
vt 0.38565 1.09904
vt 0.37737 1.10732
vt 0.38151 1.10732
vt 0.38151 1.11907
vt 0.37737 1.11907
vt 0.38151 1.13082
vt 0.37737 1.13082
vt 0.38565 1.13911
vt 0.38565 1.13496
vt 0.39741 1.13496
vt 0.39741 1.13911
vt 0.40916 1.13496
vt 0.40916 1.13911
f 5484/5484 5485/5485 5486/5486
f 5486/5486 5487/5487 5484/5484
f 5485/5485 5488/5488 5489/5489
f 5489/5489 5486/5486 5485/5485
f 5486/5486 5489/5489 5490/5490
f 5490/5490 5491/5491 5486/5486
f 5487/5487 5486/5486 5491/5491
f 5491/5491 5492/5492 5487/5487
f 5493/5493 5494/5494 5495/5495
f 5495/5495 5496/5496 5493/5493
f 5494/5494 5497/5497 5498/5498
f 5498/5498 5495/5495 5494/5494
f 5495/5495 5498/5498 5488/5488
f 5488/5488 5485/5485 5495/5495
f 5496/5496 5495/5495 5485/5485
f 5485/5485 5484/5484 5496/5496
f 5499/5499 5500/5500 5501/5501
f 5501/5501 5502/5502 5499/5499
f 5500/5500 5503/5503 5504/5504
f 5504/5504 5501/5501 5500/5500
f 5501/5501 5504/5504 5490/5490
f 5490/5490 5489/5489 5501/5501
f 5502/5502 5501/5501 5489/5489
f 5489/5489 5488/5488 5502/5502
f 5505/5505 5506/5506 5507/5507
f 5507/5507 5508/5508 5505/5505
f 5506/5506 5509/5509 5510/5510
f 5510/5510 5507/5507 5506/5506
f 5507/5507 5510/5510 5492/5492
f 5492/5492 5491/5491 5507/5507
f 5508/5508 5507/5507 5491/5491
f 5491/5491 5490/5490 5508/5508
f 5511/5511 5512/5512 5513/5513
f 5513/5513 5514/5514 5511/5511
f 5512/5512 5515/5515 5516/5516
f 5516/5516 5513/5513 5512/5512
f 5513/5513 5516/5516 5484/5484
f 5484/5484 5487/5487 5513/5513
f 5514/5514 5513/5513 5487/5487
f 5487/5487 5492/5492 5514/5514
f 5517/5517 5518/5518 5519/5519
f 5519/5519 5520/5520 5517/5517
f 5518/5518 5521/5521 5522/5522
f 5522/5522 5519/5519 5518/5518
f 5519/5519 5522/5522 5523/5523
f 5523/5523 5524/5524 5519/5519
f 5520/5520 5519/5519 5524/5524
f 5524/5524 5525/5525 5520/5520
f 5526/5526 5527/5527 5528/5528
f 5528/5528 5529/5529 5526/5526
f 5527/5527 5530/5530 5531/5531
f 5531/5531 5528/5528 5527/5527
f 5528/5528 5531/5531 5521/5521
f 5521/5521 5518/5518 5528/5528
f 5529/5529 5528/5528 5518/5518
f 5518/5518 5517/5517 5529/5529
f 5532/5532 5533/5533 5534/5534
f 5534/5534 5535/5535 5532/5532
f 5533/5533 5536/5536 5537/5537
f 5537/5537 5534/5534 5533/5533
f 5534/5534 5537/5537 5523/5523
f 5523/5523 5522/5522 5534/5534
f 5535/5535 5534/5534 5522/5522
f 5522/5522 5521/5521 5535/5535
f 5538/5538 5539/5539 5540/5540
f 5540/5540 5541/5541 5538/5538
f 5539/5539 5542/5542 5543/5543
f 5543/5543 5540/5540 5539/5539
f 5540/5540 5543/5543 5525/5525
f 5525/5525 5524/5524 5540/5540
f 5541/5541 5540/5540 5524/5524
f 5524/5524 5523/5523 5541/5541
f 5544/5544 5545/5545 5546/5546
f 5546/5546 5547/5547 5544/5544
f 5545/5545 5548/5548 5549/5549
f 5549/5549 5546/5546 5545/5545
f 5546/5546 5549/5549 5517/5517
f 5517/5517 5520/5520 5546/5546
f 5547/5547 5546/5546 5520/5520
f 5520/5520 5525/5525 5547/5547
f 5550/5550 5551/5551 5552/5552
f 5552/5552 5553/5553 5550/5550
f 5551/5551 5554/5554 5555/5555
f 5555/5555 5552/5552 5551/5551
f 5552/5552 5555/5555 5556/5556
f 5556/5556 5557/5557 5552/5552
f 5553/5553 5552/5552 5557/5557
f 5557/5557 5558/5558 5553/5553
f 5559/5559 5560/5560 5561/5561
f 5561/5561 5562/5562 5559/5559
f 5560/5560 5563/5563 5564/5564
f 5564/5564 5561/5561 5560/5560
f 5561/5561 5564/5564 5554/5554
f 5554/5554 5551/5551 5561/5561
f 5562/5562 5561/5561 5551/5551
f 5551/5551 5550/5550 5562/5562
f 5565/5565 5566/5566 5567/5567
f 5567/5567 5568/5568 5565/5565
f 5566/5566 5569/5569 5570/5570
f 5570/5570 5567/5567 5566/5566
f 5567/5567 5570/5570 5556/5556
f 5556/5556 5555/5555 5567/5567
f 5568/5568 5567/5567 5555/5555
f 5555/5555 5554/5554 5568/5568
f 5571/5571 5572/5572 5573/5573
f 5573/5573 5574/5574 5571/5571
f 5572/5572 5575/5575 5576/5576
f 5576/5576 5573/5573 5572/5572
f 5573/5573 5576/5576 5558/5558
f 5558/5558 5557/5557 5573/5573
f 5574/5574 5573/5573 5557/5557
f 5557/5557 5556/5556 5574/5574
f 5577/5577 5578/5578 5579/5579
f 5579/5579 5580/5580 5577/5577
f 5578/5578 5581/5581 5582/5582
f 5582/5582 5579/5579 5578/5578
f 5579/5579 5582/5582 5550/5550
f 5550/5550 5553/5553 5579/5579
f 5580/5580 5579/5579 5553/5553
f 5553/5553 5558/5558 5580/5580
f 5583/5583 5584/5584 5585/5585
f 5585/5585 5586/5586 5583/5583
f 5584/5584 5587/5587 5588/5588
f 5588/5588 5585/5585 5584/5584
f 5585/5585 5588/5588 5589/5589
f 5589/5589 5590/5590 5585/5585
f 5586/5586 5585/5585 5590/5590
f 5590/5590 5591/5591 5586/5586
f 5592/5592 5593/5593 5594/5594
f 5594/5594 5595/5595 5592/5592
f 5593/5593 5596/5596 5597/5597
f 5597/5597 5594/5594 5593/5593
f 5594/5594 5597/5597 5587/5587
f 5587/5587 5584/5584 5594/5594
f 5595/5595 5594/5594 5584/5584
f 5584/5584 5583/5583 5595/5595
f 5598/5598 5599/5599 5600/5600
f 5600/5600 5601/5601 5598/5598
f 5599/5599 5602/5602 5603/5603
f 5603/5603 5600/5600 5599/5599
f 5600/5600 5603/5603 5589/5589
f 5589/5589 5588/5588 5600/5600
f 5601/5601 5600/5600 5588/5588
f 5588/5588 5587/5587 5601/5601
f 5604/5604 5605/5605 5606/5606
f 5606/5606 5607/5607 5604/5604
f 5605/5605 5608/5608 5609/5609
f 5609/5609 5606/5606 5605/5605
f 5606/5606 5609/5609 5591/5591
f 5591/5591 5590/5590 5606/5606
f 5607/5607 5606/5606 5590/5590
f 5590/5590 5589/5589 5607/5607
f 5610/5610 5611/5611 5612/5612
f 5612/5612 5613/5613 5610/5610
f 5611/5611 5614/5614 5615/5615
f 5615/5615 5612/5612 5611/5611
f 5612/5612 5615/5615 5583/5583
f 5583/5583 5586/5586 5612/5612
f 5613/5613 5612/5612 5586/5586
f 5586/5586 5591/5591 5613/5613
f 5616/5616 5617/5617 5618/5618
f 5618/5618 5619/5619 5616/5616
f 5617/5617 5620/5620 5621/5621
f 5621/5621 5618/5618 5617/5617
f 5618/5618 5621/5621 5622/5622
f 5622/5622 5623/5623 5618/5618
f 5619/5619 5618/5618 5623/5623
f 5623/5623 5624/5624 5619/5619
f 5625/5625 5626/5626 5627/5627
f 5627/5627 5628/5628 5625/5625
f 5626/5626 5629/5629 5630/5630
f 5630/5630 5627/5627 5626/5626
f 5627/5627 5630/5630 5620/5620
f 5620/5620 5617/5617 5627/5627
f 5628/5628 5627/5627 5617/5617
f 5617/5617 5616/5616 5628/5628
f 5631/5631 5632/5632 5633/5633
f 5633/5633 5634/5634 5631/5631
f 5632/5632 5635/5635 5636/5636
f 5636/5636 5633/5633 5632/5632
f 5633/5633 5636/5636 5622/5622
f 5622/5622 5621/5621 5633/5633
f 5634/5634 5633/5633 5621/5621
f 5621/5621 5620/5620 5634/5634
f 5637/5637 5638/5638 5639/5639
f 5639/5639 5640/5640 5637/5637
f 5638/5638 5641/5641 5642/5642
f 5642/5642 5639/5639 5638/5638
f 5639/5639 5642/5642 5624/5624
f 5624/5624 5623/5623 5639/5639
f 5640/5640 5639/5639 5623/5623
f 5623/5623 5622/5622 5640/5640
f 5643/5643 5644/5644 5645/5645
f 5645/5645 5646/5646 5643/5643
f 5644/5644 5647/5647 5648/5648
f 5648/5648 5645/5645 5644/5644
f 5645/5645 5648/5648 5616/5616
f 5616/5616 5619/5619 5645/5645
f 5646/5646 5645/5645 5619/5619
f 5619/5619 5624/5624 5646/5646
f 5649/5649 5650/5650 5651/5651
f 5651/5651 5652/5652 5649/5649
f 5650/5650 5653/5653 5654/5654
f 5654/5654 5651/5651 5650/5650
f 5651/5651 5654/5654 5655/5655
f 5655/5655 5656/5656 5651/5651
f 5652/5652 5651/5651 5656/5656
f 5656/5656 5657/5657 5652/5652
f 5658/5658 5659/5659 5660/5660
f 5660/5660 5661/5661 5658/5658
f 5659/5659 5662/5662 5663/5663
f 5663/5663 5660/5660 5659/5659
f 5660/5660 5663/5663 5653/5653
f 5653/5653 5650/5650 5660/5660
f 5661/5661 5660/5660 5650/5650
f 5650/5650 5649/5649 5661/5661
f 5664/5664 5665/5665 5666/5666
f 5666/5666 5667/5667 5664/5664
f 5665/5665 5668/5668 5669/5669
f 5669/5669 5666/5666 5665/5665
f 5666/5666 5669/5669 5655/5655
f 5655/5655 5654/5654 5666/5666
f 5667/5667 5666/5666 5654/5654
f 5654/5654 5653/5653 5667/5667
f 5670/5670 5671/5671 5672/5672
f 5672/5672 5673/5673 5670/5670
f 5671/5671 5674/5674 5675/5675
f 5675/5675 5672/5672 5671/5671
f 5672/5672 5675/5675 5657/5657
f 5657/5657 5656/5656 5672/5672
f 5673/5673 5672/5672 5656/5656
f 5656/5656 5655/5655 5673/5673
f 5676/5676 5677/5677 5678/5678
f 5678/5678 5679/5679 5676/5676
f 5677/5677 5680/5680 5681/5681
f 5681/5681 5678/5678 5677/5677
f 5678/5678 5681/5681 5649/5649
f 5649/5649 5652/5652 5678/5678
f 5679/5679 5678/5678 5652/5652
f 5652/5652 5657/5657 5679/5679
f 5682/5682 5683/5683 5684/5684
f 5684/5684 5685/5685 5682/5682
f 5683/5683 5686/5686 5687/5687
f 5687/5687 5684/5684 5683/5683
f 5684/5684 5687/5687 5688/5688
f 5688/5688 5689/5689 5684/5684
f 5685/5685 5684/5684 5689/5689
f 5689/5689 5690/5690 5685/5685
f 5691/5691 5692/5692 5693/5693
f 5693/5693 5694/5694 5691/5691
f 5692/5692 5695/5695 5696/5696
f 5696/5696 5693/5693 5692/5692
f 5693/5693 5696/5696 5686/5686
f 5686/5686 5683/5683 5693/5693
f 5694/5694 5693/5693 5683/5683
f 5683/5683 5682/5682 5694/5694
f 5697/5697 5698/5698 5699/5699
f 5699/5699 5700/5700 5697/5697
f 5698/5698 5701/5701 5702/5702
f 5702/5702 5699/5699 5698/5698
f 5699/5699 5702/5702 5688/5688
f 5688/5688 5687/5687 5699/5699
f 5700/5700 5699/5699 5687/5687
f 5687/5687 5686/5686 5700/5700
f 5703/5703 5704/5704 5705/5705
f 5705/5705 5706/5706 5703/5703
f 5704/5704 5707/5707 5708/5708
f 5708/5708 5705/5705 5704/5704
f 5705/5705 5708/5708 5690/5690
f 5690/5690 5689/5689 5705/5705
f 5706/5706 5705/5705 5689/5689
f 5689/5689 5688/5688 5706/5706
f 5709/5709 5710/5710 5711/5711
f 5711/5711 5712/5712 5709/5709
f 5710/5710 5713/5713 5714/5714
f 5714/5714 5711/5711 5710/5710
f 5711/5711 5714/5714 5682/5682
f 5682/5682 5685/5685 5711/5711
f 5712/5712 5711/5711 5685/5685
f 5685/5685 5690/5690 5712/5712
f 5715/5715 5716/5716 5717/5717
f 5717/5717 5718/5718 5715/5715
f 5716/5716 5719/5719 5720/5720
f 5720/5720 5717/5717 5716/5716
f 5717/5717 5720/5720 5721/5721
f 5721/5721 5722/5722 5717/5717
f 5718/5718 5717/5717 5722/5722
f 5722/5722 5723/5723 5718/5718
f 5724/5724 5725/5725 5726/5726
f 5726/5726 5727/5727 5724/5724
f 5725/5725 5728/5728 5729/5729
f 5729/5729 5726/5726 5725/5725
f 5726/5726 5729/5729 5719/5719
f 5719/5719 5716/5716 5726/5726
f 5727/5727 5726/5726 5716/5716
f 5716/5716 5715/5715 5727/5727
f 5730/5730 5731/5731 5732/5732
f 5732/5732 5733/5733 5730/5730
f 5731/5731 5734/5734 5735/5735
f 5735/5735 5732/5732 5731/5731
f 5732/5732 5735/5735 5721/5721
f 5721/5721 5720/5720 5732/5732
f 5733/5733 5732/5732 5720/5720
f 5720/5720 5719/5719 5733/5733
f 5736/5736 5737/5737 5738/5738
f 5738/5738 5739/5739 5736/5736
f 5737/5737 5740/5740 5741/5741
f 5741/5741 5738/5738 5737/5737
f 5738/5738 5741/5741 5723/5723
f 5723/5723 5722/5722 5738/5738
f 5739/5739 5738/5738 5722/5722
f 5722/5722 5721/5721 5739/5739
f 5742/5742 5743/5743 5744/5744
f 5744/5744 5745/5745 5742/5742
f 5743/5743 5746/5746 5747/5747
f 5747/5747 5744/5744 5743/5743
f 5744/5744 5747/5747 5715/5715
f 5715/5715 5718/5718 5744/5744
f 5745/5745 5744/5744 5718/5718
f 5718/5718 5723/5723 5745/5745
f 5748/5748 5749/5749 5750/5750
f 5750/5750 5751/5751 5748/5748
f 5749/5749 5752/5752 5753/5753
f 5753/5753 5750/5750 5749/5749
f 5750/5750 5753/5753 5754/5754
f 5754/5754 5755/5755 5750/5750
f 5751/5751 5750/5750 5755/5755
f 5755/5755 5756/5756 5751/5751
f 5757/5757 5758/5758 5759/5759
f 5759/5759 5760/5760 5757/5757
f 5758/5758 5761/5761 5762/5762
f 5762/5762 5759/5759 5758/5758
f 5759/5759 5762/5762 5752/5752
f 5752/5752 5749/5749 5759/5759
f 5760/5760 5759/5759 5749/5749
f 5749/5749 5748/5748 5760/5760
f 5763/5763 5764/5764 5765/5765
f 5765/5765 5766/5766 5763/5763
f 5764/5764 5767/5767 5768/5768
f 5768/5768 5765/5765 5764/5764
f 5765/5765 5768/5768 5754/5754
f 5754/5754 5753/5753 5765/5765
f 5766/5766 5765/5765 5753/5753
f 5753/5753 5752/5752 5766/5766
f 5769/5769 5770/5770 5771/5771
f 5771/5771 5772/5772 5769/5769
f 5770/5770 5773/5773 5774/5774
f 5774/5774 5771/5771 5770/5770
f 5771/5771 5774/5774 5756/5756
f 5756/5756 5755/5755 5771/5771
f 5772/5772 5771/5771 5755/5755
f 5755/5755 5754/5754 5772/5772
f 5775/5775 5776/5776 5777/5777
f 5777/5777 5778/5778 5775/5775
f 5776/5776 5779/5779 5780/5780
f 5780/5780 5777/5777 5776/5776
f 5777/5777 5780/5780 5748/5748
f 5748/5748 5751/5751 5777/5777
f 5778/5778 5777/5777 5751/5751
f 5751/5751 5756/5756 5778/5778
f 5781/5781 5782/5782 5783/5783
f 5783/5783 5784/5784 5781/5781
f 5782/5782 5785/5785 5786/5786
f 5786/5786 5783/5783 5782/5782
f 5783/5783 5786/5786 5787/5787
f 5787/5787 5788/5788 5783/5783
f 5784/5784 5783/5783 5788/5788
f 5788/5788 5789/5789 5784/5784
f 5790/5790 5791/5791 5792/5792
f 5792/5792 5793/5793 5790/5790
f 5791/5791 5794/5794 5795/5795
f 5795/5795 5792/5792 5791/5791
f 5792/5792 5795/5795 5785/5785
f 5785/5785 5782/5782 5792/5792
f 5793/5793 5792/5792 5782/5782
f 5782/5782 5781/5781 5793/5793
f 5796/5796 5797/5797 5798/5798
f 5798/5798 5799/5799 5796/5796
f 5797/5797 5800/5800 5801/5801
f 5801/5801 5798/5798 5797/5797
f 5798/5798 5801/5801 5787/5787
f 5787/5787 5786/5786 5798/5798
f 5799/5799 5798/5798 5786/5786
f 5786/5786 5785/5785 5799/5799
f 5802/5802 5803/5803 5804/5804
f 5804/5804 5805/5805 5802/5802
f 5803/5803 5806/5806 5807/5807
f 5807/5807 5804/5804 5803/5803
f 5804/5804 5807/5807 5789/5789
f 5789/5789 5788/5788 5804/5804
f 5805/5805 5804/5804 5788/5788
f 5788/5788 5787/5787 5805/5805
f 5808/5808 5809/5809 5810/5810
f 5810/5810 5811/5811 5808/5808
f 5809/5809 5812/5812 5813/5813
f 5813/5813 5810/5810 5809/5809
f 5810/5810 5813/5813 5781/5781
f 5781/5781 5784/5784 5810/5810
f 5811/5811 5810/5810 5784/5784
f 5784/5784 5789/5789 5811/5811
f 5814/5814 5815/5815 5816/5816
f 5816/5816 5817/5817 5814/5814
f 5815/5815 5818/5818 5819/5819
f 5819/5819 5816/5816 5815/5815
f 5816/5816 5819/5819 5820/5820
f 5820/5820 5821/5821 5816/5816
f 5817/5817 5816/5816 5821/5821
f 5821/5821 5822/5822 5817/5817
f 5823/5823 5824/5824 5825/5825
f 5825/5825 5826/5826 5823/5823
f 5824/5824 5814/5814 5817/5817
f 5817/5817 5825/5825 5824/5824
f 5825/5825 5817/5817 5822/5822
f 5822/5822 5827/5827 5825/5825
f 5826/5826 5825/5825 5827/5827
f 5827/5827 5828/5828 5826/5826
f 5829/5829 5830/5830 5831/5831
f 5831/5831 5832/5832 5829/5829
f 5830/5830 5822/5822 5821/5821
f 5821/5821 5831/5831 5830/5830
f 5831/5831 5821/5821 5820/5820
f 5820/5820 5833/5833 5831/5831
f 5832/5832 5831/5831 5833/5833
f 5833/5833 5834/5834 5832/5832
f 5835/5835 5836/5836 5837/5837
f 5837/5837 5838/5838 5835/5835
f 5836/5836 5820/5820 5819/5819
f 5819/5819 5837/5837 5836/5836
f 5837/5837 5819/5819 5818/5818
f 5818/5818 5839/5839 5837/5837
f 5838/5838 5837/5837 5839/5839
f 5839/5839 5840/5840 5838/5838
f 5841/5841 5842/5842 5843/5843
f 5843/5843 5844/5844 5841/5841
f 5842/5842 5818/5818 5815/5815
f 5815/5815 5843/5843 5842/5842
f 5843/5843 5815/5815 5814/5814
f 5814/5814 5845/5845 5843/5843
f 5844/5844 5843/5843 5845/5845
f 5845/5845 5846/5846 5844/5844
f 5847/5847 5848/5848 5849/5849
f 5849/5849 5850/5850 5847/5847
f 5848/5848 5851/5851 5852/5852
f 5852/5852 5849/5849 5848/5848
f 5849/5849 5852/5852 5853/5853
f 5853/5853 5854/5854 5849/5849
f 5850/5850 5849/5849 5854/5854
f 5854/5854 5855/5855 5850/5850
f 5856/5856 5857/5857 5858/5858
f 5858/5858 5859/5859 5856/5856
f 5857/5857 5847/5847 5850/5850
f 5850/5850 5858/5858 5857/5857
f 5858/5858 5850/5850 5855/5855
f 5855/5855 5860/5860 5858/5858
f 5859/5859 5858/5858 5860/5860
f 5860/5860 5861/5861 5859/5859
f 5862/5862 5863/5863 5864/5864
f 5864/5864 5865/5865 5862/5862
f 5863/5863 5855/5855 5854/5854
f 5854/5854 5864/5864 5863/5863
f 5864/5864 5854/5854 5853/5853
f 5853/5853 5866/5866 5864/5864
f 5865/5865 5864/5864 5866/5866
f 5866/5866 5867/5867 5865/5865
f 5868/5868 5869/5869 5870/5870
f 5870/5870 5871/5871 5868/5868
f 5869/5869 5853/5853 5852/5852
f 5852/5852 5870/5870 5869/5869
f 5870/5870 5852/5852 5851/5851
f 5851/5851 5872/5872 5870/5870
f 5871/5871 5870/5870 5872/5872
f 5872/5872 5873/5873 5871/5871
f 5874/5874 5875/5875 5876/5876
f 5876/5876 5877/5877 5874/5874
f 5875/5875 5851/5851 5848/5848
f 5848/5848 5876/5876 5875/5875
f 5876/5876 5848/5848 5847/5847
f 5847/5847 5878/5878 5876/5876
f 5877/5877 5876/5876 5878/5878
f 5878/5878 5879/5879 5877/5877
f 5880/5880 5881/5881 5882/5882
f 5882/5882 5883/5883 5880/5880
f 5881/5881 5884/5884 5885/5885
f 5885/5885 5882/5882 5881/5881
f 5882/5882 5885/5885 5886/5886
f 5886/5886 5887/5887 5882/5882
f 5883/5883 5882/5882 5887/5887
f 5887/5887 5888/5888 5883/5883
f 5889/5889 5890/5890 5891/5891
f 5891/5891 5892/5892 5889/5889
f 5890/5890 5880/5880 5883/5883
f 5883/5883 5891/5891 5890/5890
f 5891/5891 5883/5883 5888/5888
f 5888/5888 5893/5893 5891/5891
f 5892/5892 5891/5891 5893/5893
f 5893/5893 5894/5894 5892/5892
f 5895/5895 5896/5896 5897/5897
f 5897/5897 5898/5898 5895/5895
f 5896/5896 5888/5888 5887/5887
f 5887/5887 5897/5897 5896/5896
f 5897/5897 5887/5887 5886/5886
f 5886/5886 5899/5899 5897/5897
f 5898/5898 5897/5897 5899/5899
f 5899/5899 5900/5900 5898/5898
f 5901/5901 5902/5902 5903/5903
f 5903/5903 5904/5904 5901/5901
f 5902/5902 5886/5886 5885/5885
f 5885/5885 5903/5903 5902/5902
f 5903/5903 5885/5885 5884/5884
f 5884/5884 5905/5905 5903/5903
f 5904/5904 5903/5903 5905/5905
f 5905/5905 5906/5906 5904/5904
f 5907/5907 5908/5908 5909/5909
f 5909/5909 5910/5910 5907/5907
f 5908/5908 5884/5884 5881/5881
f 5881/5881 5909/5909 5908/5908
f 5909/5909 5881/5881 5880/5880
f 5880/5880 5911/5911 5909/5909
f 5910/5910 5909/5909 5911/5911
f 5911/5911 5912/5912 5910/5910
f 5913/5913 5914/5914 5915/5915
f 5915/5915 5916/5916 5913/5913
f 5914/5914 5917/5917 5918/5918
f 5918/5918 5915/5915 5914/5914
f 5915/5915 5918/5918 5919/5919
f 5919/5919 5920/5920 5915/5915
f 5916/5916 5915/5915 5920/5920
f 5920/5920 5921/5921 5916/5916
f 5922/5922 5923/5923 5924/5924
f 5924/5924 5925/5925 5922/5922
f 5923/5923 5913/5913 5916/5916
f 5916/5916 5924/5924 5923/5923
f 5924/5924 5916/5916 5921/5921
f 5921/5921 5926/5926 5924/5924
f 5925/5925 5924/5924 5926/5926
f 5926/5926 5927/5927 5925/5925
f 5928/5928 5929/5929 5930/5930
f 5930/5930 5931/5931 5928/5928
f 5929/5929 5921/5921 5920/5920
f 5920/5920 5930/5930 5929/5929
f 5930/5930 5920/5920 5919/5919
f 5919/5919 5932/5932 5930/5930
f 5931/5931 5930/5930 5932/5932
f 5932/5932 5933/5933 5931/5931
f 5934/5934 5935/5935 5936/5936
f 5936/5936 5937/5937 5934/5934
f 5935/5935 5919/5919 5918/5918
f 5918/5918 5936/5936 5935/5935
f 5936/5936 5918/5918 5917/5917
f 5917/5917 5938/5938 5936/5936
f 5937/5937 5936/5936 5938/5938
f 5938/5938 5939/5939 5937/5937
f 5940/5940 5941/5941 5942/5942
f 5942/5942 5943/5943 5940/5940
f 5941/5941 5917/5917 5914/5914
f 5914/5914 5942/5942 5941/5941
f 5942/5942 5914/5914 5913/5913
f 5913/5913 5944/5944 5942/5942
f 5943/5943 5942/5942 5944/5944
f 5944/5944 5945/5945 5943/5943
f 5946/5946 5947/5947 5948/5948
f 5948/5948 5949/5949 5946/5946
f 5947/5947 5950/5950 5951/5951
f 5951/5951 5948/5948 5947/5947
f 5948/5948 5951/5951 5952/5952
f 5952/5952 5953/5953 5948/5948
f 5949/5949 5948/5948 5953/5953
f 5953/5953 5954/5954 5949/5949
f 5955/5955 5956/5956 5957/5957
f 5957/5957 5958/5958 5955/5955
f 5956/5956 5946/5946 5949/5949
f 5949/5949 5957/5957 5956/5956
f 5957/5957 5949/5949 5954/5954
f 5954/5954 5959/5959 5957/5957
f 5958/5958 5957/5957 5959/5959
f 5959/5959 5960/5960 5958/5958
f 5961/5961 5962/5962 5963/5963
f 5963/5963 5964/5964 5961/5961
f 5962/5962 5954/5954 5953/5953
f 5953/5953 5963/5963 5962/5962
f 5963/5963 5953/5953 5952/5952
f 5952/5952 5965/5965 5963/5963
f 5964/5964 5963/5963 5965/5965
f 5965/5965 5966/5966 5964/5964
f 5967/5967 5968/5968 5969/5969
f 5969/5969 5970/5970 5967/5967
f 5968/5968 5952/5952 5951/5951
f 5951/5951 5969/5969 5968/5968
f 5969/5969 5951/5951 5950/5950
f 5950/5950 5971/5971 5969/5969
f 5970/5970 5969/5969 5971/5971
f 5971/5971 5972/5972 5970/5970
f 5973/5973 5974/5974 5975/5975
f 5975/5975 5976/5976 5973/5973
f 5974/5974 5950/5950 5947/5947
f 5947/5947 5975/5975 5974/5974
f 5975/5975 5947/5947 5946/5946
f 5946/5946 5977/5977 5975/5975
f 5976/5976 5975/5975 5977/5977
f 5977/5977 5978/5978 5976/5976
f 5979/5979 5980/5980 5981/5981
f 5981/5981 5982/5982 5979/5979
f 5980/5980 5983/5983 5984/5984
f 5984/5984 5981/5981 5980/5980
f 5981/5981 5984/5984 5985/5985
f 5985/5985 5986/5986 5981/5981
f 5982/5982 5981/5981 5986/5986
f 5986/5986 5987/5987 5982/5982
f 5988/5988 5989/5989 5990/5990
f 5990/5990 5991/5991 5988/5988
f 5989/5989 5979/5979 5982/5982
f 5982/5982 5990/5990 5989/5989
f 5990/5990 5982/5982 5987/5987
f 5987/5987 5992/5992 5990/5990
f 5991/5991 5990/5990 5992/5992
f 5992/5992 5993/5993 5991/5991
f 5994/5994 5995/5995 5996/5996
f 5996/5996 5997/5997 5994/5994
f 5995/5995 5987/5987 5986/5986
f 5986/5986 5996/5996 5995/5995
f 5996/5996 5986/5986 5985/5985
f 5985/5985 5998/5998 5996/5996
f 5997/5997 5996/5996 5998/5998
f 5998/5998 5999/5999 5997/5997
f 6000/6000 6001/6001 6002/6002
f 6002/6002 6003/6003 6000/6000
f 6001/6001 5985/5985 5984/5984
f 5984/5984 6002/6002 6001/6001
f 6002/6002 5984/5984 5983/5983
f 5983/5983 6004/6004 6002/6002
f 6003/6003 6002/6002 6004/6004
f 6004/6004 6005/6005 6003/6003
f 6006/6006 6007/6007 6008/6008
f 6008/6008 6009/6009 6006/6006
f 6007/6007 5983/5983 5980/5980
f 5980/5980 6008/6008 6007/6007
f 6008/6008 5980/5980 5979/5979
f 5979/5979 6010/6010 6008/6008
f 6009/6009 6008/6008 6010/6010
f 6010/6010 6011/6011 6009/6009
f 6012/6012 6013/6013 6014/6014
f 6014/6014 6015/6015 6012/6012
f 6013/6013 6016/6016 6017/6017
f 6017/6017 6014/6014 6013/6013
f 6014/6014 6017/6017 6018/6018
f 6018/6018 6019/6019 6014/6014
f 6015/6015 6014/6014 6019/6019
f 6019/6019 6020/6020 6015/6015
f 6021/6021 6022/6022 6023/6023
f 6023/6023 6024/6024 6021/6021
f 6022/6022 6012/6012 6015/6015
f 6015/6015 6023/6023 6022/6022
f 6023/6023 6015/6015 6020/6020
f 6020/6020 6025/6025 6023/6023
f 6024/6024 6023/6023 6025/6025
f 6025/6025 6026/6026 6024/6024
f 6027/6027 6028/6028 6029/6029
f 6029/6029 6030/6030 6027/6027
f 6028/6028 6020/6020 6019/6019
f 6019/6019 6029/6029 6028/6028
f 6029/6029 6019/6019 6018/6018
f 6018/6018 6031/6031 6029/6029
f 6030/6030 6029/6029 6031/6031
f 6031/6031 6032/6032 6030/6030
f 6033/6033 6034/6034 6035/6035
f 6035/6035 6036/6036 6033/6033
f 6034/6034 6018/6018 6017/6017
f 6017/6017 6035/6035 6034/6034
f 6035/6035 6017/6017 6016/6016
f 6016/6016 6037/6037 6035/6035
f 6036/6036 6035/6035 6037/6037
f 6037/6037 6038/6038 6036/6036
f 6039/6039 6040/6040 6041/6041
f 6041/6041 6042/6042 6039/6039
f 6040/6040 6016/6016 6013/6013
f 6013/6013 6041/6041 6040/6040
f 6041/6041 6013/6013 6012/6012
f 6012/6012 6043/6043 6041/6041
f 6042/6042 6041/6041 6043/6043
f 6043/6043 6044/6044 6042/6042
f 6045/6045 6046/6046 6047/6047
f 6047/6047 6048/6048 6045/6045
f 6046/6046 6049/6049 6050/6050
f 6050/6050 6047/6047 6046/6046
f 6047/6047 6050/6050 6051/6051
f 6051/6051 6052/6052 6047/6047
f 6048/6048 6047/6047 6052/6052
f 6052/6052 6053/6053 6048/6048
f 6054/6054 6055/6055 6056/6056
f 6056/6056 6057/6057 6054/6054
f 6055/6055 6045/6045 6048/6048
f 6048/6048 6056/6056 6055/6055
f 6056/6056 6048/6048 6053/6053
f 6053/6053 6058/6058 6056/6056
f 6057/6057 6056/6056 6058/6058
f 6058/6058 6059/6059 6057/6057
f 6060/6060 6061/6061 6062/6062
f 6062/6062 6063/6063 6060/6060
f 6061/6061 6053/6053 6052/6052
f 6052/6052 6062/6062 6061/6061
f 6062/6062 6052/6052 6051/6051
f 6051/6051 6064/6064 6062/6062
f 6063/6063 6062/6062 6064/6064
f 6064/6064 6065/6065 6063/6063
f 6066/6066 6067/6067 6068/6068
f 6068/6068 6069/6069 6066/6066
f 6067/6067 6051/6051 6050/6050
f 6050/6050 6068/6068 6067/6067
f 6068/6068 6050/6050 6049/6049
f 6049/6049 6070/6070 6068/6068
f 6069/6069 6068/6068 6070/6070
f 6070/6070 6071/6071 6069/6069
f 6072/6072 6073/6073 6074/6074
f 6074/6074 6075/6075 6072/6072
f 6073/6073 6049/6049 6046/6046
f 6046/6046 6074/6074 6073/6073
f 6074/6074 6046/6046 6045/6045
f 6045/6045 6076/6076 6074/6074
f 6075/6075 6074/6074 6076/6076
f 6076/6076 6077/6077 6075/6075
f 6078/6078 6079/6079 6080/6080
f 6080/6080 6081/6081 6078/6078
f 6079/6079 6082/6082 6083/6083
f 6083/6083 6080/6080 6079/6079
f 6080/6080 6083/6083 6084/6084
f 6084/6084 6085/6085 6080/6080
f 6081/6081 6080/6080 6085/6085
f 6085/6085 6086/6086 6081/6081
f 6087/6087 6088/6088 6089/6089
f 6089/6089 6090/6090 6087/6087
f 6088/6088 6078/6078 6081/6081
f 6081/6081 6089/6089 6088/6088
f 6089/6089 6081/6081 6086/6086
f 6086/6086 6091/6091 6089/6089
f 6090/6090 6089/6089 6091/6091
f 6091/6091 6092/6092 6090/6090
f 6093/6093 6094/6094 6095/6095
f 6095/6095 6096/6096 6093/6093
f 6094/6094 6086/6086 6085/6085
f 6085/6085 6095/6095 6094/6094
f 6095/6095 6085/6085 6084/6084
f 6084/6084 6097/6097 6095/6095
f 6096/6096 6095/6095 6097/6097
f 6097/6097 6098/6098 6096/6096
f 6099/6099 6100/6100 6101/6101
f 6101/6101 6102/6102 6099/6099
f 6100/6100 6084/6084 6083/6083
f 6083/6083 6101/6101 6100/6100
f 6101/6101 6083/6083 6082/6082
f 6082/6082 6103/6103 6101/6101
f 6102/6102 6101/6101 6103/6103
f 6103/6103 6104/6104 6102/6102
f 6105/6105 6106/6106 6107/6107
f 6107/6107 6108/6108 6105/6105
f 6106/6106 6082/6082 6079/6079
f 6079/6079 6107/6107 6106/6106
f 6107/6107 6079/6079 6078/6078
f 6078/6078 6109/6109 6107/6107
f 6108/6108 6107/6107 6109/6109
f 6109/6109 6110/6110 6108/6108
f 6111/6111 6112/6112 6113/6113
f 6113/6113 6114/6114 6111/6111
f 6112/6112 6115/6115 6116/6116
f 6116/6116 6113/6113 6112/6112
f 6113/6113 6116/6116 6117/6117
f 6117/6117 6118/6118 6113/6113
f 6114/6114 6113/6113 6118/6118
f 6118/6118 6119/6119 6114/6114
f 6120/6120 6121/6121 6122/6122
f 6122/6122 6123/6123 6120/6120
f 6121/6121 6111/6111 6114/6114
f 6114/6114 6122/6122 6121/6121
f 6122/6122 6114/6114 6119/6119
f 6119/6119 6124/6124 6122/6122
f 6123/6123 6122/6122 6124/6124
f 6124/6124 6125/6125 6123/6123
f 6126/6126 6127/6127 6128/6128
f 6128/6128 6129/6129 6126/6126
f 6127/6127 6119/6119 6118/6118
f 6118/6118 6128/6128 6127/6127
f 6128/6128 6118/6118 6117/6117
f 6117/6117 6130/6130 6128/6128
f 6129/6129 6128/6128 6130/6130
f 6130/6130 6131/6131 6129/6129
f 6132/6132 6133/6133 6134/6134
f 6134/6134 6135/6135 6132/6132
f 6133/6133 6117/6117 6116/6116
f 6116/6116 6134/6134 6133/6133
f 6134/6134 6116/6116 6115/6115
f 6115/6115 6136/6136 6134/6134
f 6135/6135 6134/6134 6136/6136
f 6136/6136 6137/6137 6135/6135
f 6138/6138 6139/6139 6140/6140
f 6140/6140 6141/6141 6138/6138
f 6139/6139 6115/6115 6112/6112
f 6112/6112 6140/6140 6139/6139
f 6140/6140 6112/6112 6111/6111
f 6111/6111 6142/6142 6140/6140
f 6141/6141 6140/6140 6142/6142
f 6142/6142 6143/6143 6141/6141
f 6144/6144 6145/6145 6146/6146
f 6146/6146 6147/6147 6144/6144
f 6145/6145 6148/6148 6149/6149
f 6149/6149 6146/6146 6145/6145
f 6146/6146 6149/6149 6150/6150
f 6150/6150 6151/6151 6146/6146
f 6147/6147 6146/6146 6151/6151
f 6151/6151 6152/6152 6147/6147
f 6153/6153 6154/6154 6155/6155
f 6155/6155 6156/6156 6153/6153
f 6154/6154 6157/6157 6158/6158
f 6158/6158 6155/6155 6154/6154
f 6155/6155 6158/6158 6159/6159
f 6159/6159 6160/6160 6155/6155
f 6156/6156 6155/6155 6160/6160
f 6160/6160 6161/6161 6156/6156
f 6162/6162 6163/6163 6164/6164
f 6164/6164 6165/6165 6162/6162
f 6163/6163 6166/6166 6167/6167
f 6167/6167 6164/6164 6163/6163
f 6164/6164 6167/6167 6148/6148
f 6148/6148 6145/6145 6164/6164
f 6165/6165 6164/6164 6145/6145
f 6145/6145 6144/6144 6165/6165
f 6168/6168 6169/6169 6170/6170
f 6170/6170 6171/6171 6168/6168
f 6169/6169 6172/6172 6173/6173
f 6173/6173 6170/6170 6169/6169
f 6170/6170 6173/6173 6150/6150
f 6150/6150 6149/6149 6170/6170
f 6171/6171 6170/6170 6149/6149
f 6149/6149 6148/6148 6171/6171
f 6174/6174 6175/6175 6176/6176
f 6176/6176 6177/6177 6174/6174
f 6175/6175 6178/6178 6179/6179
f 6179/6179 6176/6176 6175/6175
f 6176/6176 6179/6179 6152/6152
f 6152/6152 6151/6151 6176/6176
f 6177/6177 6176/6176 6151/6151
f 6151/6151 6150/6150 6177/6177
f 6180/6180 6181/6181 6182/6182
f 6182/6182 6183/6183 6180/6180
f 6181/6181 6184/6184 6185/6185
f 6185/6185 6182/6182 6181/6181
f 6182/6182 6185/6185 6144/6144
f 6144/6144 6147/6147 6182/6182
f 6183/6183 6182/6182 6147/6147
f 6147/6147 6152/6152 6183/6183
f 6186/6186 6187/6187 6188/6188
f 6188/6188 6189/6189 6186/6186
f 6187/6187 6190/6190 6191/6191
f 6191/6191 6188/6188 6187/6187
f 6188/6188 6191/6191 6157/6157
f 6157/6157 6154/6154 6188/6188
f 6189/6189 6188/6188 6154/6154
f 6154/6154 6153/6153 6189/6189
f 6192/6192 6193/6193 6194/6194
f 6194/6194 6195/6195 6192/6192
f 6193/6193 6196/6196 6197/6197
f 6197/6197 6194/6194 6193/6193
f 6194/6194 6197/6197 6159/6159
f 6159/6159 6158/6158 6194/6194
f 6195/6195 6194/6194 6158/6158
f 6158/6158 6157/6157 6195/6195
f 6198/6198 6199/6199 6200/6200
f 6200/6200 6201/6201 6198/6198
f 6199/6199 6202/6202 6203/6203
f 6203/6203 6200/6200 6199/6199
f 6200/6200 6203/6203 6161/6161
f 6161/6161 6160/6160 6200/6200
f 6201/6201 6200/6200 6160/6160
f 6160/6160 6159/6159 6201/6201
f 6204/6204 6205/6205 6206/6206
f 6206/6206 6207/6207 6204/6204
f 6205/6205 6208/6208 6209/6209
f 6209/6209 6206/6206 6205/6205
f 6206/6206 6209/6209 6153/6153
f 6153/6153 6156/6156 6206/6206
f 6207/6207 6206/6206 6156/6156
f 6156/6156 6161/6161 6207/6207
f 6210/6210 6211/6211 6212/6212
f 6212/6212 6213/6213 6210/6210
f 6211/6211 6214/6214 6215/6215
f 6215/6215 6212/6212 6211/6211
f 6212/6212 6215/6215 6216/6216
f 6216/6216 6217/6217 6212/6212
f 6213/6213 6212/6212 6217/6217
f 6217/6217 6218/6218 6213/6213
f 6219/6219 6220/6220 6221/6221
f 6221/6221 6222/6222 6219/6219
f 6220/6220 6223/6223 6224/6224
f 6224/6224 6221/6221 6220/6220
f 6221/6221 6224/6224 6225/6225
f 6225/6225 6226/6226 6221/6221
f 6222/6222 6221/6221 6226/6226
f 6226/6226 6227/6227 6222/6222
f 6228/6228 6229/6229 6230/6230
f 6230/6230 6231/6231 6228/6228
f 6229/6229 6210/6210 6213/6213
f 6213/6213 6230/6230 6229/6229
f 6230/6230 6213/6213 6218/6218
f 6218/6218 6232/6232 6230/6230
f 6231/6231 6230/6230 6232/6232
f 6232/6232 6233/6233 6231/6231
f 6234/6234 6235/6235 6236/6236
f 6236/6236 6237/6237 6234/6234
f 6235/6235 6218/6218 6217/6217
f 6217/6217 6236/6236 6235/6235
f 6236/6236 6217/6217 6216/6216
f 6216/6216 6238/6238 6236/6236
f 6237/6237 6236/6236 6238/6238
f 6238/6238 6239/6239 6237/6237
f 6240/6240 6241/6241 6242/6242
f 6242/6242 6243/6243 6240/6240
f 6241/6241 6216/6216 6215/6215
f 6215/6215 6242/6242 6241/6241
f 6242/6242 6215/6215 6214/6214
f 6214/6214 6244/6244 6242/6242
f 6243/6243 6242/6242 6244/6244
f 6244/6244 6245/6245 6243/6243
f 6246/6246 6247/6247 6248/6248
f 6248/6248 6249/6249 6246/6246
f 6247/6247 6214/6214 6211/6211
f 6211/6211 6248/6248 6247/6247
f 6248/6248 6211/6211 6210/6210
f 6210/6210 6250/6250 6248/6248
f 6249/6249 6248/6248 6250/6250
f 6250/6250 6251/6251 6249/6249
f 6252/6252 6253/6253 6254/6254
f 6254/6254 6255/6255 6252/6252
f 6253/6253 6219/6219 6222/6222
f 6222/6222 6254/6254 6253/6253
f 6254/6254 6222/6222 6227/6227
f 6227/6227 6256/6256 6254/6254
f 6255/6255 6254/6254 6256/6256
f 6256/6256 6257/6257 6255/6255
f 6258/6258 6259/6259 6260/6260
f 6260/6260 6261/6261 6258/6258
f 6259/6259 6227/6227 6226/6226
f 6226/6226 6260/6260 6259/6259
f 6260/6260 6226/6226 6225/6225
f 6225/6225 6262/6262 6260/6260
f 6261/6261 6260/6260 6262/6262
f 6262/6262 6263/6263 6261/6261
f 6264/6264 6265/6265 6266/6266
f 6266/6266 6267/6267 6264/6264
f 6265/6265 6225/6225 6224/6224
f 6224/6224 6266/6266 6265/6265
f 6266/6266 6224/6224 6223/6223
f 6223/6223 6268/6268 6266/6266
f 6267/6267 6266/6266 6268/6268
f 6268/6268 6269/6269 6267/6267
f 6270/6270 6271/6271 6272/6272
f 6272/6272 6273/6273 6270/6270
f 6271/6271 6223/6223 6220/6220
f 6220/6220 6272/6272 6271/6271
f 6272/6272 6220/6220 6219/6219
f 6219/6219 6274/6274 6272/6272
f 6273/6273 6272/6272 6274/6274
f 6274/6274 6275/6275 6273/6273
