mtllib GlamVelvetSofa.mtl
g GlamVelvetSofa_feet
usemtl GlamVelvetSofa_feet
v -0.18343 0.00009 -0.59987
v -0.18281 0.00676 -0.60482
v -0.18654 0.00676 -0.60604
v -0.19102 0.00008 -0.60237
v -0.18910 0.00674 -0.60875
v -0.19625 0.00006 -0.60792
v -0.18981 0.00674 -0.61221
v -0.19771 0.00005 -0.61505
v -0.19502 0.00006 -0.62184
v -0.18850 0.00675 -0.61550
v -0.18890 0.00009 -0.62647
v -0.18551 0.00676 -0.61775
v -0.18099 0.00010 -0.62770
v -0.18161 0.00677 -0.61836
v -0.17788 0.00676 -0.61714
v -0.17340 0.00009 -0.62521
v -0.17532 0.00674 -0.61443
v -0.16817 0.00006 -0.61965
v -0.17460 0.00674 -0.61097
v -0.16670 0.00005 -0.61253
v -0.16939 0.00006 -0.60574
v -0.17591 0.00674 -0.60768
v -0.17552 0.00008 -0.60111
v -0.17891 0.00676 -0.60542
v -0.18343 0.00009 -0.59987
v -0.18281 0.00676 -0.60482
v -0.18676 0.02900 -0.59467
v -0.18654 0.00676 -0.60604
v -0.18281 0.00676 -0.60482
v -0.18346 0.02856 -0.59358
v -0.18904 0.03007 -0.59711
v -0.18910 0.00674 -0.60875
v -0.18967 0.03151 -0.60025
v -0.18981 0.00674 -0.61221
v -0.18850 0.03292 -0.60324
v -0.18850 0.00675 -0.61550
v -0.18583 0.03393 -0.60528
v -0.18551 0.00676 -0.61775
v -0.18238 0.03427 -0.60583
v -0.18161 0.00677 -0.61836
v -0.17908 0.03384 -0.60473
v -0.17788 0.00676 -0.61714
v -0.17680 0.03276 -0.60229
v -0.17532 0.00674 -0.61443
v -0.17616 0.03132 -0.59916
v -0.17460 0.00674 -0.61097
v -0.17734 0.02991 -0.59617
v -0.17591 0.00674 -0.60768
v -0.18001 0.02890 -0.59412
v -0.17891 0.00676 -0.60542
v -0.18346 0.02856 -0.59358
v -0.18281 0.00676 -0.60482
v -0.15081 0.00009 -0.01934
v -0.14984 0.00676 -0.01445
v -0.14591 0.00676 -0.01446
v -0.14282 0.00008 -0.01937
v -0.14263 0.00674 -0.01270
v -0.13611 0.00006 -0.01575
v -0.14086 0.00674 -0.00965
v -0.13247 0.00005 -0.00945
v -0.13287 0.00006 -0.00216
v -0.14106 0.00675 -0.00612
v -0.13722 0.00009 0.00417
v -0.14319 0.00676 -0.00303
v -0.14434 0.00010 0.00784
v -0.14670 0.00677 -0.00122
v -0.15063 0.00676 -0.00121
v -0.15233 0.00009 0.00787
v -0.15391 0.00674 -0.00297
v -0.15904 0.00006 0.00425
v -0.15568 0.00674 -0.00602
v -0.16268 0.00005 -0.00205
v -0.16228 0.00006 -0.00934
v -0.15548 0.00674 -0.00955
v -0.15793 0.00008 -0.01567
v -0.15334 0.00676 -0.01264
v -0.15081 0.00009 -0.01934
v -0.14984 0.00676 -0.01445
v -0.14929 0.02900 -0.02532
v -0.14591 0.00676 -0.01446
v -0.14984 0.00676 -0.01445
v -0.15278 0.02856 -0.02532
v -0.14636 0.03007 -0.02373
v -0.14263 0.00674 -0.01270
v -0.14477 0.03151 -0.02095
v -0.14086 0.00674 -0.00965
v -0.14494 0.03292 -0.01774
v -0.14106 0.00675 -0.00612
v -0.14682 0.03393 -0.01496
v -0.14319 0.00676 -0.00303
v -0.14992 0.03427 -0.01336
v -0.14670 0.00677 -0.00122
v -0.15341 0.03384 -0.01335
v -0.15063 0.00676 -0.00121
v -0.15634 0.03276 -0.01495
v -0.15391 0.00674 -0.00297
v -0.15793 0.03132 -0.01772
v -0.15568 0.00674 -0.00602
v -0.15776 0.02991 -0.02093
v -0.15548 0.00674 -0.00955
v -0.15588 0.02890 -0.02371
v -0.15334 0.00676 -0.01264
v -0.15278 0.02856 -0.02532
v -0.14984 0.00676 -0.01445
v -0.69198 0.00009 0.01039
v -0.69079 0.00676 0.00279
v -0.69452 0.00676 0.00156
v -0.69956 0.00008 0.00790
v -0.69708 0.00674 -0.00114
v -0.70479 0.00006 0.00234
v -0.69780 0.00674 -0.00460
v -0.70626 0.00005 -0.00478
v -0.70357 0.00006 -0.01157
v -0.69649 0.00675 -0.00789
v -0.69745 0.00009 -0.01620
v -0.69349 0.00676 -0.01015
v -0.68953 0.00010 -0.01744
v -0.68960 0.00677 -0.01075
v -0.68586 0.00676 -0.00953
v -0.68195 0.00009 -0.01494
v -0.68330 0.00674 -0.00682
v -0.67672 0.00006 -0.00939
v -0.68259 0.00674 -0.00337
v -0.67525 0.00005 -0.00226
v -0.67794 0.00006 0.00453
v -0.68390 0.00674 -0.00007
v -0.68406 0.00008 0.00916
v -0.68690 0.00676 0.00218
v -0.69198 0.00009 0.01039
v -0.69079 0.00676 0.00279
v -0.69435 0.03125 0.00154
v -0.69452 0.00676 0.00156
v -0.69079 0.00676 0.00279
v -0.69105 0.03130 0.00272
v -0.69663 0.03124 -0.00113
v -0.69708 0.00674 -0.00114
v -0.69727 0.03128 -0.00457
v -0.69780 0.00674 -0.00460
v -0.69609 0.03136 -0.00788
v -0.69649 0.00675 -0.00789
v -0.69342 0.03145 -0.01016
v -0.69349 0.00676 -0.01015
v -0.68998 0.03153 -0.01079
v -0.68960 0.00677 -0.01075
v -0.68667 0.03159 -0.00962
v -0.68586 0.00676 -0.00953
v -0.68439 0.03159 -0.00695
v -0.68330 0.00674 -0.00682
v -0.68376 0.03155 -0.00350
v -0.68259 0.00674 -0.00337
v -0.68493 0.03148 -0.00019
v -0.68390 0.00674 -0.00007
v -0.68760 0.03138 0.00208
v -0.68690 0.00676 0.00218
v -0.69105 0.03130 0.00272
v -0.69079 0.00676 0.00279
v -0.77262 0.00009 0.37249
v -0.77691 0.00676 0.37504
v -0.77558 0.00676 0.37873
v -0.76993 0.00008 0.38001
v -0.77614 0.00674 0.38241
v -0.77110 0.00006 0.38754
v -0.77843 0.00674 0.38510
v -0.77582 0.00005 0.39308
v -0.78283 0.00006 0.39513
v -0.78183 0.00675 0.38609
v -0.79024 0.00009 0.39314
v -0.78545 0.00676 0.38511
v -0.79608 0.00010 0.38765
v -0.78832 0.00677 0.38241
v -0.78965 0.00676 0.37871
v -0.79877 0.00009 0.38013
v -0.78909 0.00674 0.37503
v -0.79760 0.00006 0.37260
v -0.78680 0.00674 0.37234
v -0.79288 0.00005 0.36706
v -0.78587 0.00006 0.36501
v -0.78340 0.00674 0.37135
v -0.77845 0.00008 0.36700
v -0.77977 0.00676 0.37233
v -0.77262 0.00009 0.37249
v -0.77691 0.00676 0.37504
v -0.76647 0.02900 0.37192
v -0.77558 0.00676 0.37873
v -0.77691 0.00676 0.37504
v -0.76764 0.02856 0.36864
v -0.76700 0.03007 0.37522
v -0.77614 0.00674 0.38241
v -0.76908 0.03151 0.37765
v -0.77843 0.00674 0.38510
v -0.77216 0.03292 0.37856
v -0.78183 0.00675 0.38609
v -0.77541 0.03393 0.37771
v -0.78545 0.00676 0.38511
v -0.77796 0.03427 0.37532
v -0.78832 0.00677 0.38241
v -0.77913 0.03384 0.37204
v -0.78965 0.00676 0.37871
v -0.77860 0.03276 0.36874
v -0.78909 0.00674 0.37503
v -0.77652 0.03132 0.36631
v -0.78680 0.00674 0.37234
v -0.77344 0.02991 0.36540
v -0.78340 0.00674 0.37135
v -0.77018 0.02890 0.36626
v -0.77977 0.00676 0.37233
v -0.76764 0.02856 0.36864
v -0.77691 0.00676 0.37504
v -1.05513 0.00009 -0.32363
v -1.05967 0.00676 -0.32570
v -1.06195 0.00676 -0.32250
v -1.05977 0.00008 -0.31713
v -1.06530 0.00674 -0.32087
v -1.06663 0.00006 -0.31380
v -1.06881 0.00674 -0.32121
v -1.07387 0.00005 -0.31452
v -1.07955 0.00006 -0.31911
v -1.07156 0.00675 -0.32344
v -1.08215 0.00009 -0.32633
v -1.07282 0.00676 -0.32698
v -1.08097 0.00010 -0.33425
v -1.07224 0.00677 -0.33087
v -1.06996 0.00676 -0.33407
v -1.07633 0.00009 -0.34075
v -1.06661 0.00674 -0.33571
v -1.06947 0.00006 -0.34409
v -1.06310 0.00674 -0.33536
v -1.06223 0.00005 -0.34337
v -1.05655 0.00006 -0.33878
v -1.06035 0.00674 -0.33313
v -1.05395 0.00008 -0.33155
v -1.05909 0.00676 -0.32960
v -1.05513 0.00009 -0.32363
v -1.05967 0.00676 -0.32570
v -1.05116 0.02900 -0.31891
v -1.06195 0.00676 -0.32250
v -1.05967 0.00676 -0.32570
v -1.04913 0.02856 -0.32173
v -1.05417 0.03007 -0.31746
v -1.06530 0.00674 -0.32087
v -1.05735 0.03151 -0.31779
v -1.06881 0.00674 -0.32121
v -1.05986 0.03292 -0.31980
v -1.07156 0.00675 -0.32344
v -1.06101 0.03393 -0.32295
v -1.07282 0.00676 -0.32698
v -1.06051 0.03427 -0.32641
v -1.07224 0.00677 -0.33087
v -1.05848 0.03384 -0.32924
v -1.06996 0.00676 -0.33407
v -1.05547 0.03276 -0.33068
v -1.06661 0.00674 -0.33571
v -1.05228 0.03132 -0.33036
v -1.06310 0.00674 -0.33536
v -1.04978 0.02991 -0.32835
v -1.06035 0.00674 -0.33313
v -1.04862 0.02890 -0.32519
v -1.05909 0.00676 -0.32960
v -1.04913 0.02856 -0.32173
v -1.05967 0.00676 -0.32570
v 0.94260 0.00009 0.18267
v 0.94706 0.00676 0.18490
v 0.94946 0.00676 0.18178
v 0.94747 0.00008 0.17634
v 0.95286 0.00674 0.18026
v 0.95445 0.00006 0.17325
v 0.95636 0.00674 0.18074
v 0.96166 0.00005 0.17423
v 0.96717 0.00006 0.17902
v 0.95903 0.00675 0.18306
v 0.96951 0.00009 0.18633
v 0.96016 0.00676 0.18664
v 0.96804 0.00010 0.19420
v 0.95944 0.00677 0.19051
v 0.95705 0.00676 0.19363
v 0.96317 0.00009 0.20053
v 0.95364 0.00674 0.19515
v 0.95620 0.00006 0.20362
v 0.95015 0.00674 0.19467
v 0.94899 0.00005 0.20264
v 0.94348 0.00006 0.19785
v 0.94748 0.00674 0.19235
v 0.94114 0.00008 0.19054
v 0.94634 0.00676 0.18877
v 0.94260 0.00009 0.18267
v 0.94706 0.00676 0.18490
v 0.93880 0.02900 0.17780
v 0.94946 0.00676 0.18178
v 0.94706 0.00676 0.18490
v 0.93667 0.02856 0.18055
v 0.94186 0.03007 0.17646
v 0.95286 0.00674 0.18026
v 0.94503 0.03151 0.17690
v 0.95636 0.00674 0.18074
v 0.94746 0.03292 0.17900
v 0.95903 0.00675 0.18306
v 0.94850 0.03393 0.18219
v 0.96016 0.00676 0.18664
v 0.94787 0.03427 0.18563
v 0.95944 0.00677 0.19051
v 0.94575 0.03384 0.18838
v 0.95705 0.00676 0.19363
v 0.94269 0.03276 0.18972
v 0.95364 0.00674 0.19515
v 0.93952 0.03132 0.18928
v 0.95015 0.00674 0.19467
v 0.93708 0.02991 0.18718
v 0.94748 0.00674 0.19235
v 0.93604 0.02890 0.18399
v 0.94634 0.00676 0.18877
v 0.93667 0.02856 0.18055
v 0.94706 0.00676 0.18490
v 0.91972 0.00009 -0.19792
v 0.92435 0.00676 -0.19976
v 0.92362 0.00676 -0.20362
v 0.91824 0.00008 -0.20577
v 0.92475 0.00674 -0.20717
v 0.92057 0.00006 -0.21303
v 0.92743 0.00674 -0.20947
v 0.92611 0.00005 -0.21776
v 0.93335 0.00006 -0.21868
v 0.93095 0.00675 -0.20991
v 0.94036 0.00009 -0.21556
v 0.93437 0.00676 -0.20837
v 0.94526 0.00010 -0.20922
v 0.93678 0.00677 -0.20526
v 0.93751 0.00676 -0.20140
v 0.94674 0.00009 -0.20137
v 0.93638 0.00674 -0.19785
v 0.94441 0.00006 -0.19411
v 0.93370 0.00674 -0.19555
v 0.93888 0.00005 -0.18939
v 0.93163 0.00006 -0.18846
v 0.93019 0.00674 -0.19511
v 0.92462 0.00008 -0.19159
v 0.92676 0.00676 -0.19664
v 0.91972 0.00009 -0.19792
v 0.92435 0.00676 -0.19976
v 0.91356 0.02900 -0.19832
v 0.92362 0.00676 -0.20362
v 0.92435 0.00676 -0.19976
v 0.91419 0.02856 -0.19490
v 0.91459 0.03007 -0.20150
v 0.92475 0.00674 -0.20717
v 0.91703 0.03151 -0.20357
v 0.92743 0.00674 -0.20947
v 0.92022 0.03292 -0.20398
v 0.93095 0.00675 -0.20991
v 0.92329 0.03393 -0.20263
v 0.93437 0.00676 -0.20837
v 0.92544 0.03427 -0.19988
v 0.93678 0.00677 -0.20526
v 0.92608 0.03384 -0.19646
v 0.93751 0.00676 -0.20140
v 0.92504 0.03276 -0.19328
v 0.93638 0.00674 -0.19785
v 0.92260 0.03132 -0.19121
v 0.93370 0.00674 -0.19555
v 0.91942 0.02991 -0.19079
v 0.93019 0.00674 -0.19511
v 0.91634 0.02890 -0.19214
v 0.92676 0.00676 -0.19664
v 0.91419 0.02856 -0.19490
v 0.92435 0.00676 -0.19976
v -0.18641 0.00009 -0.26559
v -0.18522 0.00676 -0.27320
v -0.18896 0.00676 -0.27442
v -0.19400 0.00008 -0.26809
v -0.19152 0.00674 -0.27713
v -0.19923 0.00006 -0.27364
v -0.19223 0.00674 -0.28058
v -0.20069 0.00005 -0.28077
v -0.19800 0.00006 -0.28756
v -0.19092 0.00675 -0.28387
v -0.19188 0.00009 -0.29219
v -0.18792 0.00676 -0.28613
v -0.18397 0.00010 -0.29342
v -0.18403 0.00677 -0.28673
v -0.18030 0.00676 -0.28551
v -0.17638 0.00009 -0.29093
v -0.17774 0.00674 -0.28280
v -0.17115 0.00006 -0.28537
v -0.17702 0.00674 -0.27935
v -0.16968 0.00005 -0.27825
v -0.17237 0.00006 -0.27146
v -0.17833 0.00674 -0.27606
v -0.17850 0.00008 -0.26683
v -0.18133 0.00676 -0.27380
v -0.18641 0.00009 -0.26559
v -0.18522 0.00676 -0.27320
v -0.18879 0.03125 -0.27444
v -0.18896 0.00676 -0.27442
v -0.18522 0.00676 -0.27320
v -0.18548 0.03130 -0.27326
v -0.19106 0.03124 -0.27711
v -0.19152 0.00674 -0.27713
v -0.19170 0.03128 -0.28056
v -0.19223 0.00674 -0.28058
v -0.19053 0.03136 -0.28386
v -0.19092 0.00675 -0.28387
v -0.18786 0.03145 -0.28614
v -0.18792 0.00676 -0.28613
v -0.18441 0.03153 -0.28677
v -0.18403 0.00677 -0.28673
v -0.18110 0.03159 -0.28560
v -0.18030 0.00676 -0.28551
v -0.17883 0.03159 -0.28293
v -0.17774 0.00674 -0.28280
v -0.17819 0.03155 -0.27948
v -0.17702 0.00674 -0.27935
v -0.17936 0.03148 -0.27618
v -0.17833 0.00674 -0.27606
v -0.18203 0.03138 -0.27390
v -0.18133 0.00676 -0.27380
v -0.18548 0.03130 -0.27326
v -0.18522 0.00676 -0.27320
v 0.44393 0.00009 -0.21650
v 0.44511 0.00676 -0.22411
v 0.44138 0.00676 -0.22533
v 0.43634 0.00008 -0.21900
v 0.43882 0.00674 -0.22804
v 0.43111 0.00006 -0.22455
v 0.43811 0.00674 -0.23149
v 0.42964 0.00005 -0.23168
v 0.43233 0.00006 -0.23847
v 0.43942 0.00675 -0.23478
v 0.43846 0.00009 -0.24310
v 0.44241 0.00676 -0.23704
v 0.44637 0.00010 -0.24433
v 0.44631 0.00677 -0.23764
v 0.45004 0.00676 -0.23642
v 0.45396 0.00009 -0.24184
v 0.45260 0.00674 -0.23371
v 0.45919 0.00006 -0.23628
v 0.45332 0.00674 -0.23026
v 0.46065 0.00005 -0.22916
v 0.45796 0.00006 -0.22237
v 0.45201 0.00674 -0.22697
v 0.45184 0.00008 -0.21774
v 0.44901 0.00676 -0.22471
v 0.44393 0.00009 -0.21650
v 0.44511 0.00676 -0.22411
v 0.44155 0.03125 -0.22535
v 0.44138 0.00676 -0.22533
v 0.44511 0.00676 -0.22411
v 0.44486 0.03130 -0.22418
v 0.43928 0.03124 -0.22802
v 0.43882 0.00674 -0.22804
v 0.43864 0.03128 -0.23147
v 0.43811 0.00674 -0.23149
v 0.43981 0.03136 -0.23477
v 0.43942 0.00675 -0.23478
v 0.44248 0.03145 -0.23705
v 0.44241 0.00676 -0.23704
v 0.44593 0.03153 -0.23769
v 0.44631 0.00677 -0.23764
v 0.44923 0.03159 -0.23651
v 0.45004 0.00676 -0.23642
v 0.45151 0.03159 -0.23384
v 0.45260 0.00674 -0.23371
v 0.45215 0.03155 -0.23039
v 0.45332 0.00674 -0.23026
v 0.45097 0.03148 -0.22709
v 0.45201 0.00674 -0.22697
v 0.44831 0.03138 -0.22481
v 0.44901 0.00676 -0.22471
v 0.44486 0.03130 -0.22418
v 0.44511 0.00676 -0.22411
v -0.18343 0.00009 -0.59987
v -0.19102 0.00008 -0.60237
v -0.18984 0.00007 -0.60423
v -0.18325 0.00008 -0.60206
v -0.19625 0.00006 -0.60792
v -0.19428 0.00006 -0.60894
v -0.19771 0.00005 -0.61505
v -0.19549 0.00005 -0.61485
v -0.19502 0.00006 -0.62184
v -0.19326 0.00006 -0.62050
v -0.18890 0.00009 -0.62647
v -0.18804 0.00008 -0.62444
v -0.18099 0.00010 -0.62770
v -0.18117 0.00009 -0.62551
v -0.17340 0.00009 -0.62521
v -0.17458 0.00008 -0.62335
v -0.16817 0.00006 -0.61965
v -0.17014 0.00006 -0.61863
v -0.16670 0.00005 -0.61253
v -0.16892 0.00005 -0.61272
v -0.16939 0.00006 -0.60574
v -0.17116 0.00005 -0.60708
v -0.17552 0.00008 -0.60111
v -0.17638 0.00007 -0.60313
v -0.15081 0.00009 -0.01934
v -0.14282 0.00008 -0.01937
v -0.14336 0.00007 -0.01723
v -0.15029 0.00008 -0.01720
v -0.13611 0.00006 -0.01575
v -0.13765 0.00005 -0.01416
v -0.13247 0.00005 -0.00945
v -0.13463 0.00005 -0.00893
v -0.13287 0.00006 -0.00216
v -0.13497 0.00006 -0.00287
v -0.13722 0.00009 0.00417
v -0.13868 0.00008 0.00252
v -0.14434 0.00010 0.00784
v -0.14486 0.00009 0.00571
v -0.15233 0.00009 0.00787
v -0.15179 0.00008 0.00573
v -0.15904 0.00006 0.00425
v -0.15750 0.00006 0.00266
v -0.16268 0.00005 -0.00205
v -0.16052 0.00005 -0.00257
v -0.16228 0.00006 -0.00934
v -0.16018 0.00005 -0.00862
v -0.15793 0.00008 -0.01567
v -0.15647 0.00007 -0.01402
v -0.69198 0.00009 0.01039
v -0.69956 0.00008 0.00790
v -0.69838 0.00007 0.00604
v -0.69180 0.00008 0.00820
v -0.70479 0.00006 0.00234
v -0.70282 0.00006 0.00132
v -0.70626 0.00005 -0.00478
v -0.70404 0.00005 -0.00459
v -0.70357 0.00006 -0.01157
v -0.70181 0.00006 -0.01023
v -0.69745 0.00009 -0.01620
v -0.69659 0.00008 -0.01418
v -0.68953 0.00010 -0.01744
v -0.68971 0.00009 -0.01525
v -0.68195 0.00009 -0.01494
v -0.68313 0.00008 -0.01309
v -0.67672 0.00006 -0.00939
v -0.67869 0.00006 -0.00837
v -0.67525 0.00005 -0.00226
v -0.67747 0.00005 -0.00246
v -0.67794 0.00006 0.00453
v -0.67971 0.00005 0.00318
v -0.68406 0.00008 0.00916
v -0.68492 0.00007 0.00713
v -0.77262 0.00009 0.37249
v -0.76993 0.00008 0.38001
v -0.77212 0.00008 0.38022
v -0.77445 0.00009 0.37369
v -0.77110 0.00006 0.38754
v -0.77311 0.00007 0.38662
v -0.77582 0.00005 0.39308
v -0.77703 0.00006 0.39121
v -0.78283 0.00006 0.39513
v -0.78285 0.00007 0.39291
v -0.79024 0.00009 0.39314
v -0.78917 0.00009 0.39122
v -0.79608 0.00010 0.38765
v -0.79424 0.00010 0.38645
v -0.79877 0.00009 0.38013
v -0.79658 0.00009 0.37993
v -0.79760 0.00006 0.37260
v -0.79558 0.00007 0.37352
v -0.79288 0.00005 0.36706
v -0.79167 0.00006 0.36893
v -0.78587 0.00006 0.36501
v -0.78584 0.00007 0.36723
v -0.77845 0.00008 0.36700
v -0.77952 0.00008 0.36892
v -1.05513 0.00009 -0.32363
v -1.05977 0.00008 -0.31713
v -1.06119 0.00008 -0.31881
v -1.05717 0.00009 -0.32445
v -1.06663 0.00006 -0.31380
v -1.06702 0.00006 -0.31598
v -1.07387 0.00005 -0.31452
v -1.07303 0.00005 -0.31658
v -1.07955 0.00006 -0.31911
v -1.07775 0.00007 -0.32039
v -1.08215 0.00009 -0.32633
v -1.07996 0.00009 -0.32655
v -1.08097 0.00010 -0.33425
v -1.07893 0.00010 -0.33343
v -1.07633 0.00009 -0.34075
v -1.07491 0.00009 -0.33907
v -1.06947 0.00006 -0.34409
v -1.06908 0.00007 -0.34191
v -1.06223 0.00005 -0.34337
v -1.06308 0.00005 -0.34131
v -1.05655 0.00006 -0.33878
v -1.05836 0.00006 -0.33749
v -1.05395 0.00008 -0.33155
v -1.05614 0.00008 -0.33134
v 0.94260 0.00009 0.18267
v 0.94747 0.00008 0.17634
v 0.94883 0.00008 0.17807
v 0.94461 0.00009 0.18356
v 0.95445 0.00006 0.17325
v 0.95476 0.00006 0.17544
v 0.96166 0.00005 0.17423
v 0.96074 0.00005 0.17626
v 0.96717 0.00006 0.17902
v 0.96532 0.00007 0.18024
v 0.96951 0.00009 0.18633
v 0.96731 0.00009 0.18647
v 0.96804 0.00010 0.19420
v 0.96604 0.00010 0.19331
v 0.96317 0.00009 0.20053
v 0.96181 0.00009 0.19880
v 0.95620 0.00006 0.20362
v 0.95589 0.00007 0.20143
v 0.94899 0.00005 0.20264
v 0.94991 0.00005 0.20061
v 0.94348 0.00006 0.19785
v 0.94533 0.00006 0.19663
v 0.94114 0.00008 0.19054
v 0.94334 0.00008 0.19040
v 0.91972 0.00009 -0.19792
v 0.91824 0.00008 -0.20577
v 0.92043 0.00008 -0.20563
v 0.92172 0.00009 -0.19882
v 0.92057 0.00006 -0.21303
v 0.92242 0.00007 -0.21180
v 0.92611 0.00005 -0.21776
v 0.92701 0.00006 -0.21572
v 0.93335 0.00006 -0.21868
v 0.93303 0.00007 -0.21649
v 0.94036 0.00009 -0.21556
v 0.93900 0.00009 -0.21382
v 0.94526 0.00010 -0.20922
v 0.94326 0.00010 -0.20832
v 0.94674 0.00009 -0.20137
v 0.94455 0.00009 -0.20151
v 0.94441 0.00006 -0.19411
v 0.94256 0.00007 -0.19534
v 0.93888 0.00005 -0.18939
v 0.93797 0.00006 -0.19142
v 0.93163 0.00006 -0.18846
v 0.93196 0.00007 -0.19066
v 0.92462 0.00008 -0.19159
v 0.92598 0.00008 -0.19332
v -0.18641 0.00009 -0.26559
v -0.19400 0.00008 -0.26809
v -0.19282 0.00007 -0.26994
v -0.18623 0.00008 -0.26778
v -0.19923 0.00006 -0.27364
v -0.19726 0.00006 -0.27466
v -0.20069 0.00005 -0.28077
v -0.19847 0.00005 -0.28057
v -0.19800 0.00006 -0.28756
v -0.19624 0.00006 -0.28621
v -0.19188 0.00009 -0.29219
v -0.19102 0.00008 -0.29016
v -0.18397 0.00010 -0.29342
v -0.18415 0.00009 -0.29123
v -0.17638 0.00009 -0.29093
v -0.17756 0.00008 -0.28907
v -0.17115 0.00006 -0.28537
v -0.17312 0.00006 -0.28435
v -0.16968 0.00005 -0.27825
v -0.17190 0.00005 -0.27844
v -0.17237 0.00006 -0.27146
v -0.17414 0.00005 -0.27280
v -0.17850 0.00008 -0.26683
v -0.17936 0.00007 -0.26885
v 0.44393 0.00009 -0.21650
v 0.43634 0.00008 -0.21900
v 0.43752 0.00007 -0.22086
v 0.44410 0.00008 -0.21869
v 0.43111 0.00006 -0.22455
v 0.43308 0.00006 -0.22557
v 0.42964 0.00005 -0.23168
v 0.43186 0.00005 -0.23148
v 0.43233 0.00006 -0.23847
v 0.43410 0.00006 -0.23713
v 0.43846 0.00009 -0.24310
v 0.43932 0.00008 -0.24107
v 0.44637 0.00010 -0.24433
v 0.44619 0.00009 -0.24214
v 0.45396 0.00009 -0.24184
v 0.45278 0.00008 -0.23998
v 0.45919 0.00006 -0.23628
v 0.45722 0.00006 -0.23526
v 0.46065 0.00005 -0.22916
v 0.45843 0.00005 -0.22935
v 0.45796 0.00006 -0.22237
v 0.45620 0.00005 -0.22371
v 0.45184 0.00008 -0.21774
v 0.45098 0.00007 -0.21976
vt 0.61458 0.47494
vt 0.61201 0.47195
vt 0.61289 0.47009
vt 0.61698 0.47201
vt 0.61373 0.46801
vt 0.61858 0.46917
vt 0.61443 0.46576
vt 0.61976 0.46657
vt 0.62050 0.46397
vt 0.61494 0.46333
vt 0.62087 0.46123
vt 0.61522 0.46074
vt 0.62096 0.45840
vt 0.61530 0.45840
vt 0.61521 0.45561
vt 0.62084 0.45560
vt 0.61498 0.45317
vt 0.62048 0.45304
vt 0.61461 0.45085
vt 0.61984 0.45063
vt 0.61894 0.44810
vt 0.61413 0.44863
vt 0.61781 0.44513
vt 0.61360 0.44649
vt 0.61597 0.44185
vt 0.61305 0.44454
vt 0.60033 0.46879
vt 0.61289 0.47009
vt 0.61201 0.47195
vt 0.60003 0.47054
vt 0.60057 0.46701
vt 0.61373 0.46801
vt 0.60058 0.46512
vt 0.61443 0.46576
vt 0.60042 0.46310
vt 0.61494 0.46333
vt 0.60022 0.46085
vt 0.61522 0.46074
vt 0.60014 0.45840
vt 0.61530 0.45840
vt 0.60026 0.45550
vt 0.61521 0.45561
vt 0.60053 0.45287
vt 0.61498 0.45317
vt 0.60083 0.45041
vt 0.61461 0.45085
vt 0.60102 0.44815
vt 0.61413 0.44863
vt 0.60102 0.44607
vt 0.61360 0.44649
vt 0.60099 0.44419
vt 0.61305 0.44454
vt 0.57454 0.48687
vt 0.57711 0.48986
vt 0.57624 0.49171
vt 0.57214 0.48980
vt 0.57540 0.49379
vt 0.57055 0.49264
vt 0.57470 0.49601
vt 0.56937 0.49523
vt 0.56862 0.49780
vt 0.57420 0.49838
vt 0.56827 0.50053
vt 0.57392 0.50092
vt 0.56819 0.50343
vt 0.57383 0.50343
vt 0.57389 0.50617
vt 0.56827 0.50613
vt 0.57413 0.50863
vt 0.56863 0.50875
vt 0.57450 0.51096
vt 0.56927 0.51119
vt 0.57018 0.51372
vt 0.57499 0.51320
vt 0.57131 0.51669
vt 0.57553 0.51536
vt 0.57314 0.51998
vt 0.57609 0.51733
vt 0.58880 0.49303
vt 0.57624 0.49171
vt 0.57711 0.48986
vt 0.58909 0.49128
vt 0.58855 0.49484
vt 0.57540 0.49379
vt 0.58855 0.49680
vt 0.57470 0.49601
vt 0.58872 0.49896
vt 0.57420 0.49838
vt 0.58891 0.50133
vt 0.57392 0.50092
vt 0.58897 0.50343
vt 0.57383 0.50343
vt 0.58885 0.50647
vt 0.57389 0.50617
vt 0.58858 0.50901
vt 0.57413 0.50863
vt 0.58828 0.51142
vt 0.57450 0.51096
vt 0.58809 0.51364
vt 0.57499 0.51320
vt 0.58811 0.51566
vt 0.57553 0.51536
vt 0.58816 0.51750
vt 0.57609 0.51733
vt 0.57276 0.39506
vt 0.57574 0.39886
vt 0.57490 0.40066
vt 0.57028 0.39795
vt 0.57431 0.40274
vt 0.56907 0.40102
vt 0.57397 0.40499
vt 0.56863 0.40380
vt 0.56868 0.40645
vt 0.57383 0.40737
vt 0.56893 0.40916
vt 0.57382 0.40983
vt 0.56911 0.41201
vt 0.57383 0.41201
vt 0.57380 0.41467
vt 0.56907 0.41474
vt 0.57374 0.41699
vt 0.56886 0.41732
vt 0.57372 0.41921
vt 0.56870 0.41981
vt 0.56881 0.42250
vt 0.57383 0.42137
vt 0.56946 0.42567
vt 0.57411 0.42343
vt 0.57135 0.42896
vt 0.57464 0.42532
vt 0.58722 0.40244
vt 0.57490 0.40066
vt 0.57574 0.39886
vt 0.58767 0.40071
vt 0.58673 0.40418
vt 0.57431 0.40274
vt 0.58643 0.40598
vt 0.57397 0.40499
vt 0.58633 0.40786
vt 0.57383 0.40737
vt 0.58636 0.40992
vt 0.57382 0.40983
vt 0.58641 0.41201
vt 0.57383 0.41201
vt 0.58641 0.41469
vt 0.57380 0.41467
vt 0.58638 0.41706
vt 0.57374 0.41699
vt 0.58637 0.41935
vt 0.57372 0.41921
vt 0.58644 0.42153
vt 0.57383 0.42137
vt 0.58664 0.42360
vt 0.57411 0.42343
vt 0.58673 0.42550
vt 0.57464 0.42532
vt 0.57639 0.44277
vt 0.57897 0.44576
vt 0.57809 0.44761
vt 0.57400 0.44570
vt 0.57726 0.44969
vt 0.57240 0.44854
vt 0.57655 0.45191
vt 0.57122 0.45112
vt 0.57047 0.45371
vt 0.57605 0.45427
vt 0.57010 0.45644
vt 0.57576 0.45680
vt 0.57001 0.45932
vt 0.57567 0.45932
vt 0.57576 0.46204
vt 0.57014 0.46208
vt 0.57599 0.46452
vt 0.57050 0.46466
vt 0.57637 0.46685
vt 0.57113 0.46709
vt 0.57204 0.46962
vt 0.57685 0.46909
vt 0.57317 0.47258
vt 0.57738 0.47126
vt 0.57498 0.47587
vt 0.57794 0.47324
vt 0.59065 0.44893
vt 0.57809 0.44761
vt 0.57897 0.44576
vt 0.59094 0.44718
vt 0.59040 0.45073
vt 0.57726 0.44969
vt 0.59040 0.45269
vt 0.57655 0.45191
vt 0.59057 0.45485
vt 0.57605 0.45427
vt 0.59075 0.45722
vt 0.57576 0.45680
vt 0.59082 0.45976
vt 0.57567 0.45932
vt 0.59070 0.46236
vt 0.57576 0.46204
vt 0.59044 0.46491
vt 0.57599 0.46452
vt 0.59014 0.46732
vt 0.57637 0.46685
vt 0.58995 0.46954
vt 0.57685 0.46909
vt 0.58996 0.47155
vt 0.57738 0.47126
vt 0.59001 0.47340
vt 0.57794 0.47324
vt 0.61783 0.52217
vt 0.61525 0.51918
vt 0.61612 0.51733
vt 0.62022 0.51924
vt 0.61696 0.51525
vt 0.62182 0.51640
vt 0.61767 0.51303
vt 0.62300 0.51381
vt 0.62375 0.51123
vt 0.61817 0.51066
vt 0.62412 0.50849
vt 0.61845 0.50813
vt 0.62420 0.50561
vt 0.61854 0.50561
vt 0.61846 0.50290
vt 0.62407 0.50285
vt 0.61822 0.50042
vt 0.62372 0.50027
vt 0.61785 0.49809
vt 0.62308 0.49785
vt 0.62218 0.49532
vt 0.61737 0.49585
vt 0.62105 0.49235
vt 0.61683 0.49368
vt 0.61923 0.48906
vt 0.61628 0.49171
vt 0.60356 0.51601
vt 0.61612 0.51733
vt 0.61525 0.51918
vt 0.60327 0.51776
vt 0.60381 0.51421
vt 0.61696 0.51525
vt 0.60381 0.51225
vt 0.61767 0.51303
vt 0.60365 0.51008
vt 0.61817 0.51066
vt 0.60346 0.50771
vt 0.61845 0.50813
vt 0.60339 0.50561
vt 0.61854 0.50561
vt 0.60351 0.50258
vt 0.61846 0.50290
vt 0.60378 0.50003
vt 0.61822 0.50042
vt 0.60408 0.49762
vt 0.61785 0.49809
vt 0.60427 0.49540
vt 0.61737 0.49585
vt 0.60426 0.49338
vt 0.61683 0.49368
vt 0.60421 0.49154
vt 0.61628 0.49171
vt 0.61708 0.37920
vt 0.61450 0.37621
vt 0.61538 0.37436
vt 0.61947 0.37626
vt 0.61622 0.37228
vt 0.62107 0.37343
vt 0.61692 0.37006
vt 0.62225 0.37084
vt 0.62300 0.36826
vt 0.61742 0.36769
vt 0.62337 0.36552
vt 0.61771 0.36516
vt 0.62345 0.36264
vt 0.61780 0.36264
vt 0.61771 0.35993
vt 0.62333 0.35988
vt 0.61748 0.35745
vt 0.62297 0.35730
vt 0.61710 0.35512
vt 0.62234 0.35488
vt 0.62143 0.35235
vt 0.61662 0.35288
vt 0.62030 0.34938
vt 0.61609 0.35071
vt 0.61848 0.34609
vt 0.61553 0.34874
vt 0.60282 0.37304
vt 0.61538 0.37436
vt 0.61450 0.37621
vt 0.60253 0.37479
vt 0.60306 0.37123
vt 0.61622 0.37228
vt 0.60307 0.36927
vt 0.61692 0.37006
vt 0.60290 0.36711
vt 0.61742 0.36769
vt 0.60271 0.36474
vt 0.61771 0.36516
vt 0.60265 0.36264
vt 0.61780 0.36264
vt 0.60277 0.35961
vt 0.61771 0.35993
vt 0.60303 0.35706
vt 0.61748 0.35745
vt 0.60333 0.35465
vt 0.61710 0.35512
vt 0.60352 0.35243
vt 0.61662 0.35288
vt 0.60351 0.35041
vt 0.61609 0.35071
vt 0.60346 0.34857
vt 0.61553 0.34874
vt 0.61314 0.42825
vt 0.61056 0.42526
vt 0.61144 0.42341
vt 0.61553 0.42532
vt 0.61227 0.42133
vt 0.61713 0.42248
vt 0.61298 0.41911
vt 0.61831 0.41989
vt 0.61906 0.41731
vt 0.61348 0.41674
vt 0.61943 0.41458
vt 0.61376 0.41421
vt 0.61951 0.41169
vt 0.61385 0.41169
vt 0.61377 0.40898
vt 0.61939 0.40895
vt 0.61354 0.40650
vt 0.61903 0.40636
vt 0.61316 0.40417
vt 0.61840 0.40394
vt 0.61749 0.40140
vt 0.61268 0.40193
vt 0.61636 0.39843
vt 0.61215 0.39976
vt 0.61454 0.39514
vt 0.61159 0.39779
vt 0.59888 0.42209
vt 0.61144 0.42341
vt 0.61056 0.42526
vt 0.59859 0.42384
vt 0.59912 0.42029
vt 0.61227 0.42133
vt 0.59913 0.41833
vt 0.61298 0.41911
vt 0.59896 0.41616
vt 0.61348 0.41674
vt 0.59877 0.41380
vt 0.61376 0.41421
vt 0.59870 0.41126
vt 0.61385 0.41169
vt 0.59882 0.40866
vt 0.61377 0.40898
vt 0.59909 0.40611
vt 0.61354 0.40650
vt 0.59939 0.40370
vt 0.61316 0.40417
vt 0.59958 0.40148
vt 0.61268 0.40193
vt 0.59957 0.39946
vt 0.61215 0.39976
vt 0.59952 0.39762
vt 0.61159 0.39779
vt 0.57888 0.34463
vt 0.58186 0.34843
vt 0.58102 0.35023
vt 0.57640 0.34753
vt 0.58043 0.35231
vt 0.57519 0.35059
vt 0.58009 0.35456
vt 0.57475 0.35337
vt 0.57480 0.35602
vt 0.57995 0.35694
vt 0.57505 0.35873
vt 0.57994 0.35940
vt 0.57523 0.36158
vt 0.57995 0.36158
vt 0.57992 0.36424
vt 0.57519 0.36431
vt 0.57986 0.36656
vt 0.57499 0.36689
vt 0.57984 0.36878
vt 0.57482 0.36938
vt 0.57493 0.37208
vt 0.57995 0.37094
vt 0.57558 0.37524
vt 0.58023 0.37300
vt 0.57747 0.37853
vt 0.58076 0.37490
vt 0.59334 0.35202
vt 0.58102 0.35023
vt 0.58186 0.34843
vt 0.59379 0.35028
vt 0.59284 0.35375
vt 0.58043 0.35231
vt 0.59255 0.35555
vt 0.58009 0.35456
vt 0.59245 0.35743
vt 0.57995 0.35694
vt 0.59248 0.35949
vt 0.57994 0.35940
vt 0.59253 0.36158
vt 0.57995 0.36158
vt 0.59253 0.36427
vt 0.57992 0.36424
vt 0.59250 0.36663
vt 0.57986 0.36656
vt 0.59249 0.36892
vt 0.57984 0.36878
vt 0.59257 0.37110
vt 0.57995 0.37094
vt 0.59276 0.37317
vt 0.58023 0.37300
vt 0.59285 0.37507
vt 0.58076 0.37490
vt 0.57746 0.55363
vt 0.58127 0.55064
vt 0.58307 0.55148
vt 0.58036 0.55611
vt 0.58515 0.55207
vt 0.58343 0.55731
vt 0.58740 0.55242
vt 0.58621 0.55775
vt 0.58885 0.55771
vt 0.58978 0.55255
vt 0.59157 0.55745
vt 0.59224 0.55256
vt 0.59442 0.55727
vt 0.59442 0.55255
vt 0.59708 0.55259
vt 0.59715 0.55732
vt 0.59940 0.55265
vt 0.59973 0.55752
vt 0.60162 0.55267
vt 0.60222 0.55768
vt 0.60491 0.55758
vt 0.60378 0.55256
vt 0.60808 0.55693
vt 0.60584 0.55228
vt 0.61137 0.55503
vt 0.60773 0.55175
vt 0.58485 0.53916
vt 0.58307 0.55148
vt 0.58127 0.55064
vt 0.58312 0.53872
vt 0.58659 0.53966
vt 0.58515 0.55207
vt 0.58839 0.53996
vt 0.58740 0.55242
vt 0.59027 0.54006
vt 0.58978 0.55255
vt 0.59233 0.54003
vt 0.59224 0.55256
vt 0.59442 0.53998
vt 0.59442 0.55255
vt 0.59710 0.53998
vt 0.59708 0.55259
vt 0.59947 0.54001
vt 0.59940 0.55265
vt 0.60176 0.54002
vt 0.60162 0.55267
vt 0.60394 0.53994
vt 0.60378 0.55256
vt 0.60601 0.53975
vt 0.60584 0.55228
vt 0.60791 0.53966
vt 0.60773 0.55175
vt 0.91742 0.73067
vt 0.92111 0.73204
vt 0.92054 0.73305
vt 0.91733 0.73187
vt 0.92366 0.73506
vt 0.92270 0.73562
vt 0.92438 0.73895
vt 0.92330 0.73884
vt 0.92307 0.74265
vt 0.92221 0.74192
vt 0.92008 0.74517
vt 0.91966 0.74407
vt 0.91623 0.74584
vt 0.91631 0.74465
vt 0.91253 0.74448
vt 0.91310 0.74347
vt 0.90998 0.74146
vt 0.91094 0.74090
vt 0.90926 0.73758
vt 0.91035 0.73768
vt 0.91058 0.73387
vt 0.91143 0.73461
vt 0.91356 0.73135
vt 0.91398 0.73245
vt 0.30761 0.62605
vt 0.30372 0.62607
vt 0.30398 0.62491
vt 0.30736 0.62489
vt 0.30045 0.62410
vt 0.30120 0.62323
vt 0.29867 0.62067
vt 0.29973 0.62039
vt 0.29887 0.61669
vt 0.29989 0.61708
vt 0.30099 0.61324
vt 0.30170 0.61414
vt 0.30446 0.61124
vt 0.30471 0.61240
vt 0.30835 0.61122
vt 0.30809 0.61239
vt 0.31162 0.61320
vt 0.31087 0.61407
vt 0.31340 0.61663
vt 0.31234 0.61691
vt 0.31320 0.62061
vt 0.31218 0.62022
vt 0.31108 0.62405
vt 0.31037 0.62315
vt 0.41679 0.25582
vt 0.42048 0.25718
vt 0.41991 0.25819
vt 0.41670 0.25701
vt 0.42303 0.26021
vt 0.42207 0.26076
vt 0.42375 0.26409
vt 0.42267 0.26399
vt 0.42244 0.26779
vt 0.42158 0.26706
vt 0.41945 0.27031
vt 0.41903 0.26921
vt 0.41559 0.27098
vt 0.41568 0.26979
vt 0.41190 0.26963
vt 0.41247 0.26861
vt 0.40935 0.26660
vt 0.41031 0.26604
vt 0.40863 0.26272
vt 0.40971 0.26282
vt 0.40994 0.25902
vt 0.41080 0.25975
vt 0.41293 0.25649
vt 0.41335 0.25760
vt 0.44330 0.17311
vt 0.44199 0.16901
vt 0.44305 0.16890
vt 0.44419 0.17245
vt 0.44256 0.16490
vt 0.44354 0.16541
vt 0.44486 0.16189
vt 0.44545 0.16291
vt 0.44827 0.16077
vt 0.44829 0.16198
vt 0.45189 0.16185
vt 0.45137 0.16290
vt 0.45473 0.16484
vt 0.45384 0.16550
vt 0.45604 0.16894
vt 0.45498 0.16905
vt 0.45547 0.17305
vt 0.45449 0.17255
vt 0.45317 0.17607
vt 0.45258 0.17505
vt 0.44976 0.17719
vt 0.44974 0.17598
vt 0.44614 0.17610
vt 0.44666 0.17505
vt 0.04959 0.36400
vt 0.05185 0.36046
vt 0.05254 0.36137
vt 0.05058 0.36445
vt 0.05519 0.35864
vt 0.05538 0.35983
vt 0.05872 0.35904
vt 0.05831 0.36016
vt 0.06149 0.36154
vt 0.06061 0.36224
vt 0.06276 0.36547
vt 0.06169 0.36559
vt 0.06218 0.36979
vt 0.06119 0.36934
vt 0.05992 0.37333
vt 0.05923 0.37242
vt 0.05658 0.37515
vt 0.05639 0.37396
vt 0.05305 0.37476
vt 0.05346 0.37364
vt 0.05028 0.37226
vt 0.05116 0.37156
vt 0.04901 0.36832
vt 0.05008 0.36820
vt 0.81729 0.43045
vt 0.81492 0.43390
vt 0.81426 0.43295
vt 0.81632 0.42996
vt 0.81152 0.43558
vt 0.81137 0.43439
vt 0.80801 0.43505
vt 0.80845 0.43394
vt 0.80532 0.43244
vt 0.80622 0.43177
vt 0.80418 0.42845
vt 0.80525 0.42837
vt 0.80489 0.42415
vt 0.80587 0.42464
vt 0.80727 0.42071
vt 0.80793 0.42165
vt 0.81067 0.41902
vt 0.81082 0.42022
vt 0.81418 0.41956
vt 0.81373 0.42066
vt 0.81687 0.42217
vt 0.81596 0.42283
vt 0.81801 0.42615
vt 0.81694 0.42623
vt 0.96072 0.47217
vt 0.96144 0.47645
vt 0.96037 0.47637
vt 0.95974 0.47266
vt 0.96030 0.48041
vt 0.95940 0.47974
vt 0.95760 0.48299
vt 0.95716 0.48188
vt 0.95407 0.48349
vt 0.95423 0.48229
vt 0.95066 0.48178
vt 0.95132 0.48084
vt 0.94827 0.47833
vt 0.94924 0.47784
vt 0.94754 0.47405
vt 0.94861 0.47413
vt 0.94868 0.47010
vt 0.94958 0.47077
vt 0.95138 0.46752
vt 0.95182 0.46863
vt 0.95491 0.46702
vt 0.95475 0.46821
vt 0.95833 0.46872
vt 0.95766 0.46966
vt 0.29524 0.66377
vt 0.29894 0.66514
vt 0.29836 0.66615
vt 0.29515 0.66497
vt 0.30148 0.66816
vt 0.30052 0.66872
vt 0.30220 0.67205
vt 0.30112 0.67194
vt 0.30089 0.67575
vt 0.30003 0.67502
vt 0.29790 0.67827
vt 0.29748 0.67717
vt 0.29405 0.67894
vt 0.29413 0.67775
vt 0.29035 0.67758
vt 0.29092 0.67657
vt 0.28780 0.67456
vt 0.28876 0.67400
vt 0.28708 0.67068
vt 0.28817 0.67078
vt 0.28840 0.66697
vt 0.28926 0.66771
vt 0.29138 0.66445
vt 0.29180 0.66555
vt 0.11379 0.59755
vt 0.11749 0.59891
vt 0.11692 0.59992
vt 0.11371 0.59874
vt 0.12004 0.60194
vt 0.11908 0.60249
vt 0.12075 0.60582
vt 0.11967 0.60572
vt 0.11944 0.60952
vt 0.11858 0.60879
vt 0.11646 0.61204
vt 0.11604 0.61094
vt 0.11260 0.61271
vt 0.11269 0.61152
vt 0.10890 0.61136
vt 0.10948 0.61034
vt 0.10636 0.60833
vt 0.10732 0.60777
vt 0.10564 0.60445
vt 0.10672 0.60455
vt 0.10695 0.60075
vt 0.10781 0.60148
vt 0.10994 0.59822
vt 0.11035 0.59932
f 1/1 2/2 3/3
f 3/3 4/4 1/1
f 4/4 3/3 5/5
f 5/5 6/6 4/4
f 6/6 5/5 7/7
f 7/7 8/8 6/6
f 9/9 8/8 7/7
f 7/7 10/10 9/9
f 11/11 9/9 10/10
f 10/10 12/12 11/11
f 13/13 11/11 12/12
f 12/12 14/14 13/13
f 13/13 14/14 15/15
f 15/15 16/16 13/13
f 16/16 15/15 17/17
f 17/17 18/18 16/16
f 18/18 17/17 19/19
f 19/19 20/20 18/18
f 21/21 20/20 19/19
f 19/19 22/22 21/21
f 23/23 21/21 22/22
f 22/22 24/24 23/23
f 25/25 23/23 24/24
f 24/24 26/26 25/25
f 27/27 28/28 29/29
f 29/29 30/30 27/27
f 31/31 32/32 28/28
f 28/28 27/27 31/31
f 33/33 34/34 32/32
f 32/32 31/31 33/33
f 35/35 36/36 34/34
f 34/34 33/33 35/35
f 37/37 38/38 36/36
f 36/36 35/35 37/37
f 39/39 40/40 38/38
f 38/38 37/37 39/39
f 39/39 41/41 42/42
f 42/42 40/40 39/39
f 41/41 43/43 44/44
f 44/44 42/42 41/41
f 43/43 45/45 46/46
f 46/46 44/44 43/43
f 45/45 47/47 48/48
f 48/48 46/46 45/45
f 47/47 49/49 50/50
f 50/50 48/48 47/47
f 49/49 51/51 52/52
f 52/52 50/50 49/49
f 53/53 54/54 55/55
f 55/55 56/56 53/53
f 56/56 55/55 57/57
f 57/57 58/58 56/56
f 58/58 57/57 59/59
f 59/59 60/60 58/58
f 61/61 60/60 59/59
f 59/59 62/62 61/61
f 63/63 61/61 62/62
f 62/62 64/64 63/63
f 65/65 63/63 64/64
f 64/64 66/66 65/65
f 65/65 66/66 67/67
f 67/67 68/68 65/65
f 68/68 67/67 69/69
f 69/69 70/70 68/68
f 70/70 69/69 71/71
f 71/71 72/72 70/70
f 73/73 72/72 71/71
f 71/71 74/74 73/73
f 75/75 73/73 74/74
f 74/74 76/76 75/75
f 77/77 75/75 76/76
f 76/76 78/78 77/77
f 79/79 80/80 81/81
f 81/81 82/82 79/79
f 83/83 84/84 80/80
f 80/80 79/79 83/83
f 85/85 86/86 84/84
f 84/84 83/83 85/85
f 87/87 88/88 86/86
f 86/86 85/85 87/87
f 89/89 90/90 88/88
f 88/88 87/87 89/89
f 91/91 92/92 90/90
f 90/90 89/89 91/91
f 91/91 93/93 94/94
f 94/94 92/92 91/91
f 93/93 95/95 96/96
f 96/96 94/94 93/93
f 95/95 97/97 98/98
f 98/98 96/96 95/95
f 97/97 99/99 100/100
f 100/100 98/98 97/97
f 99/99 101/101 102/102
f 102/102 100/100 99/99
f 101/101 103/103 104/104
f 104/104 102/102 101/101
f 105/105 106/106 107/107
f 107/107 108/108 105/105
f 108/108 107/107 109/109
f 109/109 110/110 108/108
f 110/110 109/109 111/111
f 111/111 112/112 110/110
f 113/113 112/112 111/111
f 111/111 114/114 113/113
f 115/115 113/113 114/114
f 114/114 116/116 115/115
f 117/117 115/115 116/116
f 116/116 118/118 117/117
f 117/117 118/118 119/119
f 119/119 120/120 117/117
f 120/120 119/119 121/121
f 121/121 122/122 120/120
f 122/122 121/121 123/123
f 123/123 124/124 122/122
f 125/125 124/124 123/123
f 123/123 126/126 125/125
f 127/127 125/125 126/126
f 126/126 128/128 127/127
f 129/129 127/127 128/128
f 128/128 130/130 129/129
f 131/131 132/132 133/133
f 133/133 134/134 131/131
f 135/135 136/136 132/132
f 132/132 131/131 135/135
f 137/137 138/138 136/136
f 136/136 135/135 137/137
f 139/139 140/140 138/138
f 138/138 137/137 139/139
f 141/141 142/142 140/140
f 140/140 139/139 141/141
f 143/143 144/144 142/142
f 142/142 141/141 143/143
f 143/143 145/145 146/146
f 146/146 144/144 143/143
f 145/145 147/147 148/148
f 148/148 146/146 145/145
f 147/147 149/149 150/150
f 150/150 148/148 147/147
f 149/149 151/151 152/152
f 152/152 150/150 149/149
f 151/151 153/153 154/154
f 154/154 152/152 151/151
f 153/153 155/155 156/156
f 156/156 154/154 153/153
f 157/157 158/158 159/159
f 159/159 160/160 157/157
f 160/160 159/159 161/161
f 161/161 162/162 160/160
f 162/162 161/161 163/163
f 163/163 164/164 162/162
f 165/165 164/164 163/163
f 163/163 166/166 165/165
f 167/167 165/165 166/166
f 166/166 168/168 167/167
f 169/169 167/167 168/168
f 168/168 170/170 169/169
f 169/169 170/170 171/171
f 171/171 172/172 169/169
f 172/172 171/171 173/173
f 173/173 174/174 172/172
f 174/174 173/173 175/175
f 175/175 176/176 174/174
f 177/177 176/176 175/175
f 175/175 178/178 177/177
f 179/179 177/177 178/178
f 178/178 180/180 179/179
f 181/181 179/179 180/180
f 180/180 182/182 181/181
f 183/183 184/184 185/185
f 185/185 186/186 183/183
f 187/187 188/188 184/184
f 184/184 183/183 187/187
f 189/189 190/190 188/188
f 188/188 187/187 189/189
f 191/191 192/192 190/190
f 190/190 189/189 191/191
f 193/193 194/194 192/192
f 192/192 191/191 193/193
f 195/195 196/196 194/194
f 194/194 193/193 195/195
f 195/195 197/197 198/198
f 198/198 196/196 195/195
f 197/197 199/199 200/200
f 200/200 198/198 197/197
f 199/199 201/201 202/202
f 202/202 200/200 199/199
f 201/201 203/203 204/204
f 204/204 202/202 201/201
f 203/203 205/205 206/206
f 206/206 204/204 203/203
f 205/205 207/207 208/208
f 208/208 206/206 205/205
f 209/209 210/210 211/211
f 211/211 212/212 209/209
f 212/212 211/211 213/213
f 213/213 214/214 212/212
f 214/214 213/213 215/215
f 215/215 216/216 214/214
f 217/217 216/216 215/215
f 215/215 218/218 217/217
f 219/219 217/217 218/218
f 218/218 220/220 219/219
f 221/221 219/219 220/220
f 220/220 222/222 221/221
f 221/221 222/222 223/223
f 223/223 224/224 221/221
f 224/224 223/223 225/225
f 225/225 226/226 224/224
f 226/226 225/225 227/227
f 227/227 228/228 226/226
f 229/229 228/228 227/227
f 227/227 230/230 229/229
f 231/231 229/229 230/230
f 230/230 232/232 231/231
f 233/233 231/231 232/232
f 232/232 234/234 233/233
f 235/235 236/236 237/237
f 237/237 238/238 235/235
f 239/239 240/240 236/236
f 236/236 235/235 239/239
f 241/241 242/242 240/240
f 240/240 239/239 241/241
f 243/243 244/244 242/242
f 242/242 241/241 243/243
f 245/245 246/246 244/244
f 244/244 243/243 245/245
f 247/247 248/248 246/246
f 246/246 245/245 247/247
f 247/247 249/249 250/250
f 250/250 248/248 247/247
f 249/249 251/251 252/252
f 252/252 250/250 249/249
f 251/251 253/253 254/254
f 254/254 252/252 251/251
f 253/253 255/255 256/256
f 256/256 254/254 253/253
f 255/255 257/257 258/258
f 258/258 256/256 255/255
f 257/257 259/259 260/260
f 260/260 258/258 257/257
f 261/261 262/262 263/263
f 263/263 264/264 261/261
f 264/264 263/263 265/265
f 265/265 266/266 264/264
f 266/266 265/265 267/267
f 267/267 268/268 266/266
f 269/269 268/268 267/267
f 267/267 270/270 269/269
f 271/271 269/269 270/270
f 270/270 272/272 271/271
f 273/273 271/271 272/272
f 272/272 274/274 273/273
f 273/273 274/274 275/275
f 275/275 276/276 273/273
f 276/276 275/275 277/277
f 277/277 278/278 276/276
f 278/278 277/277 279/279
f 279/279 280/280 278/278
f 281/281 280/280 279/279
f 279/279 282/282 281/281
f 283/283 281/281 282/282
f 282/282 284/284 283/283
f 285/285 283/283 284/284
f 284/284 286/286 285/285
f 287/287 288/288 289/289
f 289/289 290/290 287/287
f 291/291 292/292 288/288
f 288/288 287/287 291/291
f 293/293 294/294 292/292
f 292/292 291/291 293/293
f 295/295 296/296 294/294
f 294/294 293/293 295/295
f 297/297 298/298 296/296
f 296/296 295/295 297/297
f 299/299 300/300 298/298
f 298/298 297/297 299/299
f 299/299 301/301 302/302
f 302/302 300/300 299/299
f 301/301 303/303 304/304
f 304/304 302/302 301/301
f 303/303 305/305 306/306
f 306/306 304/304 303/303
f 305/305 307/307 308/308
f 308/308 306/306 305/305
f 307/307 309/309 310/310
f 310/310 308/308 307/307
f 309/309 311/311 312/312
f 312/312 310/310 309/309
f 313/313 314/314 315/315
f 315/315 316/316 313/313
f 316/316 315/315 317/317
f 317/317 318/318 316/316
f 318/318 317/317 319/319
f 319/319 320/320 318/318
f 321/321 320/320 319/319
f 319/319 322/322 321/321
f 323/323 321/321 322/322
f 322/322 324/324 323/323
f 325/325 323/323 324/324
f 324/324 326/326 325/325
f 325/325 326/326 327/327
f 327/327 328/328 325/325
f 328/328 327/327 329/329
f 329/329 330/330 328/328
f 330/330 329/329 331/331
f 331/331 332/332 330/330
f 333/333 332/332 331/331
f 331/331 334/334 333/333
f 335/335 333/333 334/334
f 334/334 336/336 335/335
f 337/337 335/335 336/336
f 336/336 338/338 337/337
f 339/339 340/340 341/341
f 341/341 342/342 339/339
f 343/343 344/344 340/340
f 340/340 339/339 343/343
f 345/345 346/346 344/344
f 344/344 343/343 345/345
f 347/347 348/348 346/346
f 346/346 345/345 347/347
f 349/349 350/350 348/348
f 348/348 347/347 349/349
f 351/351 352/352 350/350
f 350/350 349/349 351/351
f 351/351 353/353 354/354
f 354/354 352/352 351/351
f 353/353 355/355 356/356
f 356/356 354/354 353/353
f 355/355 357/357 358/358
f 358/358 356/356 355/355
f 357/357 359/359 360/360
f 360/360 358/358 357/357
f 359/359 361/361 362/362
f 362/362 360/360 359/359
f 361/361 363/363 364/364
f 364/364 362/362 361/361
f 365/365 366/366 367/367
f 367/367 368/368 365/365
f 368/368 367/367 369/369
f 369/369 370/370 368/368
f 370/370 369/369 371/371
f 371/371 372/372 370/370
f 373/373 372/372 371/371
f 371/371 374/374 373/373
f 375/375 373/373 374/374
f 374/374 376/376 375/375
f 377/377 375/375 376/376
f 376/376 378/378 377/377
f 377/377 378/378 379/379
f 379/379 380/380 377/377
f 380/380 379/379 381/381
f 381/381 382/382 380/380
f 382/382 381/381 383/383
f 383/383 384/384 382/382
f 385/385 384/384 383/383
f 383/383 386/386 385/385
f 387/387 385/385 386/386
f 386/386 388/388 387/387
f 389/389 387/387 388/388
f 388/388 390/390 389/389
f 391/391 392/392 393/393
f 393/393 394/394 391/391
f 395/395 396/396 392/392
f 392/392 391/391 395/395
f 397/397 398/398 396/396
f 396/396 395/395 397/397
f 399/399 400/400 398/398
f 398/398 397/397 399/399
f 401/401 402/402 400/400
f 400/400 399/399 401/401
f 403/403 404/404 402/402
f 402/402 401/401 403/403
f 403/403 405/405 406/406
f 406/406 404/404 403/403
f 405/405 407/407 408/408
f 408/408 406/406 405/405
f 407/407 409/409 410/410
f 410/410 408/408 407/407
f 409/409 411/411 412/412
f 412/412 410/410 409/409
f 411/411 413/413 414/414
f 414/414 412/412 411/411
f 413/413 415/415 416/416
f 416/416 414/414 413/413
f 417/417 418/418 419/419
f 419/419 420/420 417/417
f 420/420 419/419 421/421
f 421/421 422/422 420/420
f 422/422 421/421 423/423
f 423/423 424/424 422/422
f 425/425 424/424 423/423
f 423/423 426/426 425/425
f 427/427 425/425 426/426
f 426/426 428/428 427/427
f 429/429 427/427 428/428
f 428/428 430/430 429/429
f 429/429 430/430 431/431
f 431/431 432/432 429/429
f 432/432 431/431 433/433
f 433/433 434/434 432/432
f 434/434 433/433 435/435
f 435/435 436/436 434/434
f 437/437 436/436 435/435
f 435/435 438/438 437/437
f 439/439 437/437 438/438
f 438/438 440/440 439/439
f 441/441 439/439 440/440
f 440/440 442/442 441/441
f 443/443 444/444 445/445
f 445/445 446/446 443/443
f 447/447 448/448 444/444
f 444/444 443/443 447/447
f 449/449 450/450 448/448
f 448/448 447/447 449/449
f 451/451 452/452 450/450
f 450/450 449/449 451/451
f 453/453 454/454 452/452
f 452/452 451/451 453/453
f 455/455 456/456 454/454
f 454/454 453/453 455/455
f 455/455 457/457 458/458
f 458/458 456/456 455/455
f 457/457 459/459 460/460
f 460/460 458/458 457/457
f 459/459 461/461 462/462
f 462/462 460/460 459/459
f 461/461 463/463 464/464
f 464/464 462/462 461/461
f 463/463 465/465 466/466
f 466/466 464/464 463/463
f 465/465 467/467 468/468
f 468/468 466/466 465/465
f 469/469 470/470 471/471
f 471/471 472/472 469/469
f 470/470 473/473 474/474
f 474/474 471/471 470/470
f 473/473 475/475 476/476
f 476/476 474/474 473/473
f 475/475 477/477 478/478
f 478/478 476/476 475/475
f 477/477 479/479 480/480
f 480/480 478/478 477/477
f 479/479 481/481 482/482
f 482/482 480/480 479/479
f 481/481 483/483 484/484
f 484/484 482/482 481/481
f 483/483 485/485 486/486
f 486/486 484/484 483/483
f 485/485 487/487 488/488
f 488/488 486/486 485/485
f 487/487 489/489 490/490
f 490/490 488/488 487/487
f 489/489 491/491 492/492
f 492/492 490/490 489/489
f 491/491 469/469 472/472
f 472/472 492/492 491/491
f 493/493 494/494 495/495
f 495/495 496/496 493/493
f 494/494 497/497 498/498
f 498/498 495/495 494/494
f 497/497 499/499 500/500
f 500/500 498/498 497/497
f 499/499 501/501 502/502
f 502/502 500/500 499/499
f 501/501 503/503 504/504
f 504/504 502/502 501/501
f 503/503 505/505 506/506
f 506/506 504/504 503/503
f 505/505 507/507 508/508
f 508/508 506/506 505/505
f 507/507 509/509 510/510
f 510/510 508/508 507/507
f 509/509 511/511 512/512
f 512/512 510/510 509/509
f 511/511 513/513 514/514
f 514/514 512/512 511/511
f 513/513 515/515 516/516
f 516/516 514/514 513/513
f 515/515 493/493 496/496
f 496/496 516/516 515/515
f 517/517 518/518 519/519
f 519/519 520/520 517/517
f 518/518 521/521 522/522
f 522/522 519/519 518/518
f 521/521 523/523 524/524
f 524/524 522/522 521/521
f 523/523 525/525 526/526
f 526/526 524/524 523/523
f 525/525 527/527 528/528
f 528/528 526/526 525/525
f 527/527 529/529 530/530
f 530/530 528/528 527/527
f 529/529 531/531 532/532
f 532/532 530/530 529/529
f 531/531 533/533 534/534
f 534/534 532/532 531/531
f 533/533 535/535 536/536
f 536/536 534/534 533/533
f 535/535 537/537 538/538
f 538/538 536/536 535/535
f 537/537 539/539 540/540
f 540/540 538/538 537/537
f 539/539 517/517 520/520
f 520/520 540/540 539/539
f 541/541 542/542 543/543
f 543/543 544/544 541/541
f 542/542 545/545 546/546
f 546/546 543/543 542/542
f 545/545 547/547 548/548
f 548/548 546/546 545/545
f 547/547 549/549 550/550
f 550/550 548/548 547/547
f 549/549 551/551 552/552
f 552/552 550/550 549/549
f 551/551 553/553 554/554
f 554/554 552/552 551/551
f 553/553 555/555 556/556
f 556/556 554/554 553/553
f 555/555 557/557 558/558
f 558/558 556/556 555/555
f 557/557 559/559 560/560
f 560/560 558/558 557/557
f 559/559 561/561 562/562
f 562/562 560/560 559/559
f 561/561 563/563 564/564
f 564/564 562/562 561/561
f 563/563 541/541 544/544
f 544/544 564/564 563/563
f 565/565 566/566 567/567
f 567/567 568/568 565/565
f 566/566 569/569 570/570
f 570/570 567/567 566/566
f 569/569 571/571 572/572
f 572/572 570/570 569/569
f 571/571 573/573 574/574
f 574/574 572/572 571/571
f 573/573 575/575 576/576
f 576/576 574/574 573/573
f 575/575 577/577 578/578
f 578/578 576/576 575/575
f 577/577 579/579 580/580
f 580/580 578/578 577/577
f 579/579 581/581 582/582
f 582/582 580/580 579/579
f 581/581 583/583 584/584
f 584/584 582/582 581/581
f 583/583 585/585 586/586
f 586/586 584/584 583/583
f 585/585 587/587 588/588
f 588/588 586/586 585/585
f 587/587 565/565 568/568
f 568/568 588/588 587/587
f 589/589 590/590 591/591
f 591/591 592/592 589/589
f 590/590 593/593 594/594
f 594/594 591/591 590/590
f 593/593 595/595 596/596
f 596/596 594/594 593/593
f 595/595 597/597 598/598
f 598/598 596/596 595/595
f 597/597 599/599 600/600
f 600/600 598/598 597/597
f 599/599 601/601 602/602
f 602/602 600/600 599/599
f 601/601 603/603 604/604
f 604/604 602/602 601/601
f 603/603 605/605 606/606
f 606/606 604/604 603/603
f 605/605 607/607 608/608
f 608/608 606/606 605/605
f 607/607 609/609 610/610
f 610/610 608/608 607/607
f 609/609 611/611 612/612
f 612/612 610/610 609/609
f 611/611 589/589 592/592
f 592/592 612/612 611/611
f 613/613 614/614 615/615
f 615/615 616/616 613/613
f 614/614 617/617 618/618
f 618/618 615/615 614/614
f 617/617 619/619 620/620
f 620/620 618/618 617/617
f 619/619 621/621 622/622
f 622/622 620/620 619/619
f 621/621 623/623 624/624
f 624/624 622/622 621/621
f 623/623 625/625 626/626
f 626/626 624/624 623/623
f 625/625 627/627 628/628
f 628/628 626/626 625/625
f 627/627 629/629 630/630
f 630/630 628/628 627/627
f 629/629 631/631 632/632
f 632/632 630/630 629/629
f 631/631 633/633 634/634
f 634/634 632/632 631/631
f 633/633 635/635 636/636
f 636/636 634/634 633/633
f 635/635 613/613 616/616
f 616/616 636/636 635/635
f 637/637 638/638 639/639
f 639/639 640/640 637/637
f 638/638 641/641 642/642
f 642/642 639/639 638/638
f 641/641 643/643 644/644
f 644/644 642/642 641/641
f 643/643 645/645 646/646
f 646/646 644/644 643/643
f 645/645 647/647 648/648
f 648/648 646/646 645/645
f 647/647 649/649 650/650
f 650/650 648/648 647/647
f 649/649 651/651 652/652
f 652/652 650/650 649/649
f 651/651 653/653 654/654
f 654/654 652/652 651/651
f 653/653 655/655 656/656
f 656/656 654/654 653/653
f 655/655 657/657 658/658
f 658/658 656/656 655/655
f 657/657 659/659 660/660
f 660/660 658/658 657/657
f 659/659 637/637 640/640
f 640/640 660/660 659/659
f 661/661 662/662 663/663
f 663/663 664/664 661/661
f 662/662 665/665 666/666
f 666/666 663/663 662/662
f 665/665 667/667 668/668
f 668/668 666/666 665/665
f 667/667 669/669 670/670
f 670/670 668/668 667/667
f 669/669 671/671 672/672
f 672/672 670/670 669/669
f 671/671 673/673 674/674
f 674/674 672/672 671/671
f 673/673 675/675 676/676
f 676/676 674/674 673/673
f 675/675 677/677 678/678
f 678/678 676/676 675/675
f 677/677 679/679 680/680
f 680/680 678/678 677/677
f 679/679 681/681 682/682
f 682/682 680/680 679/679
f 681/681 683/683 684/684
f 684/684 682/682 681/681
f 683/683 661/661 664/664
f 664/664 684/684 683/683
g GlamVelvetSofa_fabric
usemtl GlamVelvetSofa_fabric_navy
v -0.79935 0.31675 -0.47211
v -0.79951 0.24278 -0.46004
v -0.96112 0.24278 -0.38053
v -0.96106 0.31675 -0.39160
v -0.75766 0.22092 -0.41763
v -0.92260 0.22092 -0.34148
v -0.94893 0.22092 -0.36691
v -0.78651 0.22092 -0.44518
v 0.24182 0.72565 -0.52979
v 0.27541 0.73101 -0.52410
v 0.27570 0.72116 -0.56113
v 0.24102 0.71570 -0.56700
v -1.02043 0.47383 -0.27823
v -1.01836 0.46814 -0.27762
v -0.98662 0.46540 -0.25930
v -0.98662 0.46994 -0.25898
v -1.02275 0.46437 -0.27514
v -0.98710 0.46189 -0.25710
v -0.98662 0.46540 -0.25930
v -1.01836 0.46814 -0.27762
v 1.01856 0.32377 -0.14887
v 1.00584 0.24454 -0.14237
v 0.96417 0.24304 -0.23993
v 0.97366 0.31734 -0.25368
v 0.82605 0.38610 -0.10201
v 0.84221 0.38052 -0.05848
v 0.83960 0.45798 -0.05168
v 0.82834 0.46404 -0.09736
v 0.88475 0.22102 -0.16932
v 0.90516 0.22092 -0.13622
v 0.84763 0.22092 -0.09879
v 0.82717 0.22102 -0.12814
v 0.92585 0.22092 -0.08809
v 0.86874 0.22092 -0.05623
v 0.97892 0.78505 -0.24870
v 1.00388 0.78759 -0.20653
v 1.03602 0.77774 -0.22713
v 1.00734 0.77568 -0.26855
v 1.02494 0.78740 -0.15162
v 1.05922 0.77756 -0.17098
v -0.95518 0.44002 -0.40695
v -0.79812 0.44092 -0.48077
v 0.90732 0.74641 -0.20151
v 0.86432 0.74535 -0.23621
v 0.81834 0.67120 -0.20907
v 0.86898 0.67203 -0.18094
v 0.80939 0.74221 -0.27509
v 0.76269 0.66893 -0.24282
v 1.05696 0.67073 -0.17483
v 1.00247 0.67200 -0.27801
v 1.04045 0.75020 -0.23734
v -0.97532 0.31858 -0.23488
v -0.97495 0.23349 -0.23206
v -1.03017 0.23339 -0.18122
v -1.03086 0.31848 -0.18469
v -1.07937 0.31848 -0.12853
v -1.07626 0.40985 -0.13373
v -1.02904 0.40987 -0.18845
v 0.88390 0.47789 -0.37240
v 0.97801 0.47864 -0.27673
v 0.96607 0.31680 -0.26427
v 0.87440 0.31675 -0.35898
v 0.87491 0.22439 -0.18419
v 0.83982 0.22092 -0.22816
v 0.89473 0.22092 -0.27144
v 0.93150 0.22427 -0.22664
v 0.79260 0.22092 -0.27747
v 0.84281 0.22092 -0.32239
v -0.49423 0.63621 -0.52520
v -0.47296 0.64098 -0.52678
v -0.49300 0.63341 -0.55596
v -0.51499 0.62883 -0.55407
v -0.41793 0.44876 -0.45109
v -0.43678 0.44896 -0.45030
v -0.44074 0.43232 -0.45142
v -0.12476 0.46057 -0.59884
v -0.02786 0.46232 -0.59834
v -0.02910 0.31675 -0.58861
v -0.12589 0.31675 -0.58931
v 0.22415 0.21952 -0.47708
v 0.20917 0.22092 -0.47921
v 0.20861 0.22092 -0.53591
v 0.22777 0.21954 -0.53406
v -0.91881 0.55456 -0.37252
v -0.76424 0.58799 -0.44681
v -0.78825 0.57814 -0.46982
v -0.94170 0.54402 -0.39696
v -0.71331 0.43987 -0.38220
v -0.86790 0.43405 -0.30439
v -0.87582 0.42347 -0.30976
v -0.71095 0.43195 -0.38455
v 0.21665 0.21772 0.01350
v 0.03081 0.21675 -0.00948
v 0.02656 0.21673 -0.05937
v 0.21736 0.21770 -0.04442
v -0.12695 0.21581 -0.01408
v -0.13750 0.21581 -0.06482
v -0.42507 0.45926 -0.42812
v -0.40083 0.45927 -0.30534
v -0.30798 0.45705 -0.31312
v -0.33344 0.45706 -0.42724
v -0.18308 0.45347 -0.30577
v -0.19974 0.45319 -0.41684
v -0.31800 0.21467 -0.05524
v -0.29339 0.21419 0.03605
v -0.30450 0.21456 0.03783
v 0.21635 0.21764 -0.35690
v 0.44016 0.21857 -0.30696
v 0.42223 0.21847 -0.23608
v 0.22132 0.21769 -0.26565
v 0.59713 0.21922 -0.24966
v 0.58863 0.21915 -0.19189
v -0.40324 0.31952 0.28372
v -0.40720 0.23482 0.27587
v -0.36428 0.23482 0.21253
v -0.35874 0.31833 0.22172
v 0.21179 0.31443 0.06864
v 0.21107 0.23956 0.06045
v 0.38930 0.24034 0.10187
v 0.38960 0.31427 0.10967
v -0.70972 0.45839 -0.35730
v -0.73659 0.45851 -0.25035
v -0.64553 0.45989 -0.27615
v -0.63676 0.45929 -0.38412
v -0.56671 0.46004 -0.28999
v -0.56883 0.45958 -0.39651
v 0.79553 0.42265 0.14481
v 0.76975 0.43203 0.13401
v 0.75344 0.41775 0.21239
v 0.77445 0.41047 0.21247
v 0.72695 0.43625 0.11224
v 0.71029 0.42509 0.19369
v 0.97503 0.31675 0.18860
v 0.96129 0.24332 0.18967
v 0.98624 0.24278 0.10494
v 0.99992 0.31675 0.10266
v 0.86052 0.61883 0.10378
v 0.83128 0.45159 0.10581
v 0.82487 0.45087 0.16007
v 0.85859 0.63710 0.16394
v 0.85875 0.58462 0.04229
v 0.83828 0.45198 0.05026
v 0.92679 0.22110 0.18560
v 0.88802 0.22094 0.17442
v 0.90968 0.22092 0.10604
v 0.94958 0.22092 0.10617
v 0.92813 0.22092 0.03263
v 0.97137 0.22092 0.01740
v 0.94893 0.76898 0.16490
v 0.99112 0.77506 0.17017
v 1.00994 0.78047 0.09364
v 0.96511 0.77407 0.09657
v 1.02787 0.78547 0.00047
v 0.98093 0.77892 0.01291
v 1.01896 0.47556 0.09761
v 0.99483 0.47476 0.18623
v 1.02044 0.31792 0.00599
v 1.03903 0.47645 -0.00213
v -0.98476 0.31848 0.29434
v -0.98415 0.40984 0.28633
v -1.04038 0.40984 0.22499
v -1.04083 0.31848 0.23264
v -0.39544 0.21470 -0.30070
v -0.30599 0.21517 -0.29864
v -0.27262 0.21517 -0.17700
v -0.35548 0.21469 -0.17580
v -0.18154 0.21581 -0.29061
v -0.15733 0.21581 -0.16966
v -0.33825 0.46276 -0.18676
v -0.26588 0.45473 -0.06624
v -0.20235 0.45226 -0.06710
v -0.26747 0.46046 -0.18643
v -0.10618 0.44865 -0.06482
v -0.15379 0.45665 -0.18083
v 0.78486 0.22074 0.14878
v 0.77041 0.22065 0.13932
v 0.80205 0.22064 0.04151
v 0.81871 0.22074 0.05056
v 0.73859 0.22040 0.11846
v 0.76617 0.22040 0.01922
v 0.81632 0.40732 -0.05375
v 0.79067 0.41686 -0.06415
v 0.79445 0.42730 0.03270
v 0.81894 0.41692 0.04099
v 0.74168 0.42553 -0.09085
v 0.74324 0.43826 0.00966
v 1.00690 0.24307 0.00965
v 1.01279 0.24395 -0.07292
v 1.02619 0.32143 -0.07762
v 0.86207 0.57999 -0.01817
v 0.84340 0.45403 -0.00291
v 0.85986 0.58191 -0.06620
v 0.93351 0.22092 -0.03194
v 0.98253 0.22092 -0.06100
v 0.98023 0.22092 -0.12694
v 1.03290 0.78724 -0.08196
v 0.98651 0.78063 -0.06205
v 0.98057 0.78079 -0.12590
v 1.04438 0.47716 -0.08804
v 1.03575 0.47775 -0.16072
v 0.80634 0.22054 -0.04047
v 0.76573 0.22037 -0.07734
v -1.06680 0.44414 -0.05156
v -1.05969 0.44360 0.04201
v -0.99318 0.44894 -0.10256
v -0.42786 0.21470 -0.40609
v -0.33208 0.21516 -0.41602
v -0.18773 0.21579 -0.40555
v 0.22224 0.44284 -0.37556
v 0.21766 0.44281 -0.28167
v 0.40876 0.43907 -0.24256
v 0.40985 0.44139 -0.32709
v 0.56481 0.43571 -0.19155
v 0.55632 0.44083 -0.26778
v -0.31800 0.21467 -0.05524
v -0.24410 0.21517 -0.06761
v -0.95718 0.21195 0.03873
v -0.72819 0.21200 0.33197
v -0.80144 0.21179 0.33050
v -1.06501 0.21176 0.05668
v 0.86168 0.66284 0.25166
v 0.82405 0.44800 0.24625
v 0.90330 0.23057 0.27615
v 0.86162 0.22975 0.27099
v 0.94369 0.73012 0.25658
v 0.96792 0.74144 0.26013
v 0.92371 0.73975 0.25248
v 0.92014 0.72841 0.25321
v 0.96287 0.47427 0.27116
v 0.93999 0.31676 0.27208
v -0.25310 0.44421 0.02976
v -0.20161 0.44069 0.01326
v -0.10979 0.43640 0.00095
v 0.76436 0.22074 0.20782
v 0.75080 0.22066 0.20715
v 0.71852 0.22041 0.18988
v -0.80158 0.44064 0.32912
v -0.85930 0.44980 0.21512
v -0.87928 0.44387 0.30246
v -0.70884 0.44309 0.33922
v -0.61825 0.44399 0.33030
v -0.75805 0.45382 0.16358
v -0.60222 0.31926 0.37459
v -0.60263 0.23417 0.37259
v -0.48890 0.23457 0.33564
v -0.48689 0.31965 0.34049
v -0.41169 0.41140 0.27767
v -0.49005 0.41101 0.33601
v -0.90002 0.45238 -0.18279
v -0.81380 0.45561 -0.21844
v -0.87049 0.45397 -0.28276
v -0.71935 0.21319 -0.24288
v -0.64078 0.21350 -0.26263
v -0.58551 0.21380 -0.10612
v -0.66338 0.21356 -0.07861
v -0.55996 0.21389 -0.27716
v -0.50960 0.21396 -0.13210
v -0.59602 0.45576 0.05946
v -0.51942 0.45600 0.03020
v -0.60089 0.46270 -0.10954
v -0.66848 0.46164 -0.08588
v -0.46866 0.45633 0.00001
v -0.53890 0.46298 -0.13032
v -0.70379 0.21361 -0.33356
v -0.64222 0.21353 -0.35673
v -0.57470 0.21391 -0.37905
v -0.40649 0.21376 0.16591
v -0.45193 0.21353 0.22740
v -0.38210 0.21392 0.10393
v -0.36424 0.45669 -0.04882
v -0.41586 0.45666 -0.02742
v -0.34229 0.44583 0.07172
v -0.30503 0.44599 0.04758
v -0.37924 0.44546 0.11253
v -0.88364 0.21259 -0.16986
v -0.79344 0.21303 -0.21270
v -0.74520 0.21301 -0.04804
v -0.85715 0.21230 -0.00890
v -0.74726 0.45905 -0.05645
v -0.66510 0.45496 0.12050
v -0.86408 0.21514 -0.26087
v -0.78644 0.21460 -0.29753
v -0.52507 0.21302 0.28282
v -0.62652 0.21244 0.31773
v -0.43934 0.44474 0.23671
v -0.51249 0.44446 0.29393
v -0.97686 0.41861 -0.23660
v -0.92190 0.42299 -0.27540
v -0.92500 0.31675 -0.26969
v -0.81611 0.31857 0.36982
v -0.81595 0.23349 0.36900
v -0.71290 0.23378 0.38178
v -0.71303 0.31887 0.38283
v -0.60030 0.41062 0.37081
v -0.70939 0.41023 0.37928
v -1.03868 0.44829 -0.13463
v -0.97891 0.45132 -0.16018
v -0.92745 0.45224 -0.24878
v -0.96498 0.44993 -0.22234
v -1.01131 0.24278 -0.34582
v -1.01129 0.31675 -0.35397
v -0.95935 0.31675 -0.25235
v -0.97160 0.24007 -0.24385
v -0.93082 0.23173 -0.27037
v -0.92500 0.31675 -0.26969
v -0.48594 0.22093 -0.49066
v -0.50211 0.22092 -0.48686
v -0.53290 0.22092 -0.51871
v -0.51690 0.22093 -0.52263
v -1.00920 0.22128 -0.28255
v -0.97751 0.22092 -0.30669
v -0.94560 0.22092 -0.28421
v -0.97423 0.22127 -0.26210
v -0.89360 0.22092 -0.31665
v -1.03287 0.46782 -0.34345
v -1.00678 0.43587 -0.36732
v -1.03606 0.43151 -0.33729
v -1.00066 0.49273 -0.37623
v -0.95389 0.49762 -0.40924
v -0.99167 0.52663 -0.32162
v -0.96620 0.53828 -0.34250
v -0.98402 0.52637 -0.36913
v -1.00539 0.51412 -0.34894
v -0.49938 0.63523 -0.52457
v -0.51487 0.63401 -0.52069
v -0.48943 0.62993 -0.48533
v -0.47357 0.63159 -0.48898
v -0.92190 0.42299 -0.27540
v -0.91915 0.43302 -0.27571
v -0.95441 0.43372 -0.25998
v -0.45696 0.60410 -0.46405
v -0.47318 0.60095 -0.46075
v -0.46505 0.55769 -0.44971
v -0.44888 0.56037 -0.45283
v -0.88254 0.22311 -0.30702
v -0.72839 0.22092 -0.38966
v -0.71700 0.22311 -0.37890
v -0.95786 0.22300 -0.37335
v -0.79616 0.22304 -0.45235
v 0.27292 0.69159 -0.46429
v 0.27409 0.72440 -0.49535
v 0.24191 0.71882 -0.50184
v 0.24206 0.68614 -0.47109
v 0.90470 0.77331 -0.37280
v 0.96434 0.77657 -0.32315
v 0.96942 0.75357 -0.33284
v 0.90946 0.75100 -0.38406
v -0.95098 0.46026 -0.26295
v -0.96879 0.46532 -0.25921
v 0.82262 0.22499 -0.06576
v 0.80191 0.22441 -0.10760
v 0.91007 0.74648 -0.19545
v 0.92448 0.74642 -0.15220
v 0.96182 0.78098 -0.17628
v 0.93926 0.77817 -0.21588
v 0.93793 0.74617 -0.10299
v 1.06354 0.75489 -0.17848
v 1.03985 0.75422 -0.23596
v 0.79188 0.31674 0.27820
v 0.81954 0.31675 0.28560
v 0.85290 0.46811 0.26930
v 0.79979 0.36752 0.25320
v 0.98874 0.67903 0.26836
v 0.97518 0.68373 0.27584
v 0.94078 0.47862 0.28159
v 0.95931 0.47462 0.27482
v 0.77253 0.22225 -0.16241
v 0.78419 0.22092 -0.18291
v 0.81783 0.22459 -0.14108
v 0.72716 0.22233 -0.18343
v 0.74161 0.22092 -0.22946
v 0.23348 0.22825 -0.56043
v 0.23692 0.22898 -0.56165
v 0.23706 0.22155 -0.55144
v 0.23303 0.22166 -0.55109
v 0.27137 0.22968 -0.55429
v 0.27111 0.22295 -0.54483
v -0.43291 0.60763 -0.46634
v -0.44864 0.63690 -0.49187
v -0.46844 0.63261 -0.48989
v -0.45177 0.60513 -0.46479
v -0.11199 0.68168 -0.57391
v -0.01709 0.69184 -0.57345
v -0.02552 0.66884 -0.59967
v -0.12213 0.65871 -0.59985
v 0.21812 0.22202 -0.39650
v 0.21194 0.22092 -0.42103
v 0.22047 0.21951 -0.41894
v -0.52721 0.23041 -0.53488
v -0.52526 0.22893 -0.53690
v -0.52079 0.22331 -0.53076
v -0.52304 0.22493 -0.52942
v -0.50399 0.22712 -0.54127
v -0.50022 0.22041 -0.53500
v -0.72721 0.55299 -0.39605
v -0.74143 0.58155 -0.41680
v -0.89040 0.54856 -0.34905
v -0.87385 0.52305 -0.32592
v -0.79619 0.55614 -0.47654
v -0.94943 0.52426 -0.40394
v 0.83631 0.22092 0.16500
v 0.81540 0.22102 0.16146
v 0.83564 0.22103 0.10853
v 0.85697 0.22092 0.10774
v 0.85174 0.22103 0.05439
v 0.87365 0.22092 0.04830
v 0.98655 0.22223 0.01422
v 0.96506 0.22211 0.10682
v 1.02839 0.74215 0.17450
v 1.04902 0.74754 0.08883
v 1.04563 0.77046 0.09030
v 1.02520 0.76479 0.17408
v 0.93642 0.74478 0.02120
v 0.92434 0.74185 0.09606
v 0.91252 0.73930 0.15679
v 0.83885 0.22103 -0.02118
v 0.87749 0.22092 -0.00678
v 0.99154 0.22294 -0.13453
v 0.99489 0.22258 -0.06711
v 1.06801 0.75267 -0.01553
v 1.07247 0.75446 -0.10502
v 1.06877 0.77740 -0.09852
v 1.06434 0.77559 -0.01100
v 0.94143 0.74592 -0.04517
v 0.80751 0.22968 0.26585
v 0.78567 0.22972 0.26193
v 0.94106 0.22274 0.18906
v 0.91637 0.23402 0.27503
v 0.97915 0.73155 0.25616
v 0.99798 0.72339 0.25294
v 0.99995 0.72494 0.25127
v 0.99056 0.73566 0.25495
v 0.89027 0.72327 0.23127
v -0.45869 0.22311 -0.44352
v -0.47087 0.22092 -0.45454
v -0.45446 0.22093 -0.45810
v -0.44261 0.22432 -0.44700
v -0.72717 0.22304 -0.47887
v -0.71730 0.22092 -0.47130
v -1.03832 0.22982 -0.32118
v -1.01132 0.22968 -0.34451
v -1.00796 0.22289 -0.33930
v -1.03496 0.22279 -0.31627
v -0.96113 0.22968 -0.37880
v -0.95786 0.22300 -0.37335
v -0.93404 0.22311 -0.27521
v -0.97179 0.22339 -0.24599
v -0.96154 0.52372 -0.30403
v -0.93970 0.51215 -0.29521
v -0.91966 0.51533 -0.30382
v -0.93643 0.53408 -0.32251
v -0.99063 0.51343 -0.37657
v -0.72028 0.59256 -0.49673
v -0.72806 0.57069 -0.50367
v -0.65997 0.56701 -0.41994
v -0.67416 0.59589 -0.44081
v -0.59541 0.57973 -0.43676
v -0.61021 0.60887 -0.45885
v -0.79954 0.22968 -0.45816
v -0.79616 0.22304 -0.45235
v -0.71271 0.22577 -0.37370
v -0.79678 0.23177 -0.33456
v 0.99966 0.22970 -0.14125
v 0.96243 0.22999 -0.23790
v -1.04383 0.24280 -0.29000
v -1.04123 0.22977 -0.29464
v -1.02391 0.22977 -0.26671
v -1.02674 0.24280 -0.26159
v -1.03845 0.22359 -0.29978
v -1.02097 0.22361 -0.27236
v -1.02902 0.22030 -0.18061
v -0.97463 0.22040 -0.23156
v -1.02497 0.21375 -0.17778
v -0.97213 0.21393 -0.22829
v -1.07075 0.21375 -0.12075
v -1.07630 0.22030 -0.12305
v -1.07829 0.23339 -0.12387
v 0.80895 0.24278 0.27336
v 0.86289 0.24280 0.27709
v 0.95066 0.22528 -0.24147
v 0.90912 0.22307 -0.28701
v 0.95615 0.22999 -0.24698
v 0.95732 0.24292 -0.24935
v 0.86360 0.22970 -0.33970
v 0.86489 0.24278 -0.34232
v 0.22958 0.22897 -0.56170
v 0.20995 0.22968 -0.56203
v 0.21014 0.24278 -0.56407
v 0.22986 0.24255 -0.56388
v 0.23348 0.22825 -0.56043
v 0.23369 0.24242 -0.56296
v -0.43704 0.22135 -0.44734
v -0.41841 0.22054 -0.44896
v -0.43886 0.22885 -0.44554
v -0.00251 0.21892 -0.42871
v -0.00224 0.22968 -0.43424
v 0.22295 0.22954 -0.39238
v 0.22210 0.21988 -0.39259
v -0.20696 0.22395 0.04425
v -0.25351 0.22361 0.06612
v -0.25768 0.21704 0.05627
v -0.21037 0.21738 0.03446
v -0.11584 0.22459 0.02611
v -0.11794 0.21802 0.01642
v -0.11434 0.23768 0.03300
v -0.20460 0.23705 0.05125
v -0.25065 0.23669 0.07318
v -0.51083 0.22968 -0.43150
v -0.51100 0.21647 -0.42951
v -0.57947 0.21608 -0.41303
v -0.57989 0.22968 -0.41765
v 0.77755 0.22599 -0.13440
v 0.72950 0.22259 -0.17148
v 0.72751 0.22944 -0.17997
v -0.36790 0.22225 0.20957
v -0.41021 0.22186 0.27381
v -0.37358 0.21567 0.20479
v -0.41536 0.21529 0.26981
v -0.35578 0.21606 0.14044
v -0.35052 0.22263 0.14693
v -0.34699 0.23494 0.15131
v 0.39040 0.22724 0.09536
v 0.21186 0.22646 0.05386
v 0.39243 0.22068 0.08604
v 0.21329 0.21990 0.04447
v 0.54546 0.22136 0.13587
v 0.54334 0.22793 0.14515
v 0.54230 0.24102 0.15162
v 0.97929 0.22968 0.10535
v 0.95458 0.23043 0.18987
v 0.94106 0.22274 0.18906
v 0.96506 0.22211 0.10682
v 0.98655 0.22223 0.01422
v 0.99997 0.22968 0.01030
v -1.09468 0.22030 0.11270
v -1.10252 0.22032 0.07422
v -1.09670 0.21382 0.07333
v -1.08914 0.21374 0.11088
v -1.07544 0.22030 0.16818
v -1.07029 0.21374 0.16512
v -1.07726 0.23339 0.16929
v -1.09671 0.23339 0.11295
v -1.10470 0.23340 0.07384
v 1.00589 0.22968 -0.07209
v 0.99489 0.22258 -0.06711
v -1.10099 0.22030 -0.06932
v -1.10325 0.23339 -0.07015
v -1.09496 0.21375 -0.06769
v -1.10413 0.21375 -0.02070
v -1.11012 0.22030 -0.02160
v -1.11237 0.23339 -0.02236
v 0.91637 0.23402 0.27503
v 0.92094 0.23546 0.27402
v 0.92669 0.24687 0.27204
v 0.92456 0.24439 0.27448
v -0.98290 0.22030 0.29234
v -0.90378 0.22030 0.33895
v -0.90524 0.23340 0.34187
v -0.98435 0.23339 0.29499
v -0.97866 0.21374 0.28697
v -0.90028 0.21375 0.33278
v -0.79344 0.21522 -0.32781
v -0.79511 0.22147 -0.33181
v -0.71271 0.22577 -0.37370
v -0.70816 0.21538 -0.36522
v -0.87255 0.21498 -0.29083
v -0.87434 0.22108 -0.29471
v -0.79678 0.23177 -0.33456
v -0.87792 0.23193 -0.30108
v -0.49005 0.22147 0.33332
v -0.60190 0.22108 0.36966
v -0.49276 0.21490 0.32832
v -0.60183 0.21452 0.36325
v -0.92863 0.22069 -0.26544
v -0.93082 0.23173 -0.27037
v -0.92671 0.21444 -0.26182
v -0.71155 0.22069 0.37865
v -0.81459 0.22040 0.36591
v -0.70993 0.21413 0.37179
v -0.81205 0.21384 0.35924
v -0.53054 0.23060 -0.53585
v -0.54672 0.22968 -0.53365
v -0.54665 0.24278 -0.53554
v -0.53045 0.24307 -0.53754
v -0.52721 0.23041 -0.53488
v -0.52808 0.24235 -0.53677
v -1.03831 0.24284 -0.32203
v -0.64628 0.22311 -0.40215
v -0.64500 0.22968 -0.40132
v -0.58120 0.22311 -0.41853
v -0.57989 0.22968 -0.41765
v -0.97216 0.22906 -0.24539
v -0.87792 0.23193 -0.30108
v -0.98986 0.24280 -0.24348
v -0.98739 0.22978 -0.24788
v -0.98485 0.22361 -0.25283
v -1.04572 0.22945 -0.30564
v -1.04642 0.22972 -0.31018
v -1.04621 0.22781 -0.31127
v -1.04461 0.22335 -0.30730
v -1.04688 0.24267 -0.31056
v 0.90493 0.24323 0.27997
v 0.92274 0.24614 0.27546
v 0.78679 0.24279 0.26878
v 0.80191 0.22441 -0.10760
v 0.83487 0.22574 -0.02368
v 0.82341 0.22195 -0.02843
v 0.79882 0.36854 0.24310
v 0.82229 0.38370 0.15830
v 0.81933 0.39451 0.15671
v 0.79102 0.37819 0.24363
v 0.84544 0.22101 0.05482
v 0.84933 0.22549 0.05506
v 0.83330 0.22547 0.10861
v 0.82946 0.22100 0.10792
v 0.80946 0.22100 0.15964
v 0.81311 0.22545 0.16104
v 0.84090 0.39289 0.04243
v 0.84517 0.38561 0.04262
v 0.84221 0.38052 -0.05848
v 0.83528 0.39139 -0.05459
v 0.78333 0.23250 0.26012
v 0.77890 0.22233 0.24444
v 0.79469 0.36295 0.25319
v 0.78851 0.31673 0.27466
v 0.83330 0.22547 0.10861
v 0.81311 0.22545 0.16104
v 0.84933 0.22549 0.05506
v 0.83487 0.22574 -0.02368
v 0.78333 0.23250 0.26012
v 0.80191 0.22441 -0.10760
v 0.82029 0.22594 -0.13801
v 0.77615 0.24274 0.26560
v 0.77534 0.22967 0.25892
v 0.78333 0.23250 0.26012
v 0.78440 0.24282 0.26604
v 0.78440 0.24282 0.26604
v 0.82229 0.38370 0.15830
v -1.01936 0.51457 -0.32344
v -0.99867 0.52396 -0.30108
v 0.96166 0.22092 -0.17832
v 0.94162 0.22101 -0.21140
v 0.87260 0.31675 0.28687
v 0.91668 0.31675 0.28532
v 0.89623 0.47921 0.27966
v -1.02798 0.22126 -0.30949
v -1.00000 0.22092 -0.33271
v -0.52020 0.62787 -0.55344
v -0.53612 0.62649 -0.54934
v 0.87573 0.78316 -0.34389
v 0.93420 0.78642 -0.29845
v 0.97263 0.78416 -0.25733
v 0.99944 0.77422 -0.27805
v 0.72795 0.73545 -0.31377
v 0.69322 0.66425 -0.28033
v 0.63929 0.72705 -0.35026
v 0.61911 0.65820 -0.31780
v 0.69730 0.31675 -0.46585
v 0.70118 0.47580 -0.47849
v 0.79801 0.47704 -0.42823
v 0.79139 0.31675 -0.41502
v 0.78507 0.24278 -0.39939
v 0.72710 0.22092 -0.33000
v 0.76738 0.22092 -0.37747
v 0.65163 0.22092 -0.37648
v 0.68097 0.22092 -0.42665
v 0.89683 0.77981 -0.26113
v 0.84156 0.77655 -0.30320
v 0.93434 0.77748 -0.22272
v 0.70203 0.75751 -0.47253
v 0.80895 0.76625 -0.42593
v 0.81411 0.74384 -0.43863
v 0.70728 0.73501 -0.48704
v 0.67015 0.22311 -0.24194
v 0.68604 0.22092 -0.27938
v 0.60853 0.22311 -0.29122
v 0.62155 0.22092 -0.32362
v 0.85734 0.22305 -0.33401
v 0.77983 0.22304 -0.38959
v 0.78418 0.22968 -0.39693
v 0.69053 0.22304 -0.44096
v 0.69403 0.22968 -0.44938
v 0.69448 0.24278 -0.45162
v 0.77755 0.22599 -0.13440
v 0.72751 0.22944 -0.17997
v 0.00451 0.42034 -0.43026
v 0.00431 0.42919 -0.42919
v 0.22712 0.42469 -0.40669
v 0.22636 0.42002 -0.40864
v -0.20103 0.42591 -0.44596
v -0.20110 0.43471 -0.44488
v -0.50515 0.43262 -0.43992
v -0.50501 0.44147 -0.43886
v -0.42982 0.44081 -0.45374
v -0.44074 0.43232 -0.45142
v -0.57167 0.43240 -0.42590
v -0.57147 0.44134 -0.42484
v 0.39458 0.40728 0.08502
v 0.39396 0.42172 0.08245
v 0.21579 0.42154 0.04141
v 0.21467 0.40799 0.04354
v 0.54601 0.42236 0.13095
v 0.54862 0.40739 0.13482
v -1.09740 0.42478 -0.08057
v -1.08885 0.43805 -0.07827
v -1.06502 0.44081 -0.12952
v -1.07318 0.42636 -0.13370
v -1.07318 0.42636 -0.13370
v -1.07512 0.42129 -0.13431
v -1.09973 0.42130 -0.08085
v -1.09740 0.42478 -0.08057
v -1.10903 0.42130 -0.03205
v -1.10632 0.42385 -0.03211
v -1.10632 0.42385 -0.03211
v -1.09798 0.43597 -0.03369
v 0.76882 0.40836 -0.16855
v 0.76931 0.41586 -0.16790
v 0.80334 0.40645 -0.13923
v 0.80325 0.39847 -0.14030
v 0.72155 0.41434 -0.19896
v 0.72148 0.42253 -0.19931
v -0.20911 0.42113 0.03412
v -0.20528 0.43283 0.02911
v -0.25413 0.43634 0.04954
v -0.26353 0.42602 0.05844
v -0.11354 0.42837 0.01302
v -0.11674 0.41669 0.01593
v -0.70908 0.42503 0.37186
v -0.70820 0.43529 0.36442
v -0.80878 0.43501 0.35160
v -0.81136 0.42472 0.35863
v -0.60198 0.43567 0.35616
v -0.60101 0.42545 0.36350
v -0.90018 0.42465 0.33033
v -0.89907 0.43486 0.32657
v -0.97268 0.43491 0.27761
v -0.97884 0.42467 0.28244
v -0.71063 0.44097 -0.38354
v -0.71095 0.43195 -0.38455
v -0.87582 0.42347 -0.30976
v -0.87458 0.44007 -0.30758
v -0.37292 0.42657 0.20551
v -0.37852 0.43680 0.19937
v -0.41977 0.43642 0.26450
v -0.41481 0.42623 0.27067
v -0.36057 0.43719 0.13448
v -0.35489 0.42690 0.14084
v -0.49210 0.42586 0.32893
v -0.49526 0.43605 0.32219
v -0.97303 0.43883 -0.23614
v -0.97368 0.43055 -0.23703
v -1.02689 0.42860 -0.18797
v -0.97686 0.41861 -0.23660
v -1.02839 0.42127 -0.18886
v -0.96868 0.44606 -0.23058
v -0.92866 0.43127 -0.27452
v -0.92190 0.42299 -0.27540
v -0.92812 0.43987 -0.27359
v 0.21407 0.40741 0.04726
v 0.21467 0.40799 0.04354
v 0.03438 0.41172 0.01979
v 0.03437 0.41152 0.02361
v -0.11610 0.41680 0.02010
v -0.11674 0.41669 0.01593
v -0.28490 0.42699 0.07169
v -0.32051 0.42722 0.09834
v -0.31857 0.42478 0.10298
v -0.28692 0.42509 0.07951
v -0.35489 0.42690 0.14084
v -0.35252 0.42429 0.14518
v 0.79469 0.36295 0.25319
v 0.78828 0.37211 0.25007
v 0.78732 0.36710 0.25721
v 0.71639 0.40148 0.22877
v 0.76157 0.38777 0.24870
v 0.76268 0.38376 0.24201
v 0.71770 0.39781 0.22220
v -0.98279 0.42203 0.28534
v -0.97884 0.42467 0.28244
v -1.03434 0.42467 0.22193
v -1.03892 0.42207 0.22414
v -1.07564 0.42209 0.16016
v -1.07086 0.42466 0.15835
v -1.10366 0.42337 0.03523
v -1.10979 0.42130 0.00855
v -1.10714 0.42129 0.03594
v -0.81136 0.42472 0.35863
v -0.90018 0.42465 0.33033
v -0.90272 0.42205 0.33449
v -0.81233 0.42220 0.36367
v -0.41235 0.42359 0.27508
v -0.41481 0.42623 0.27067
v -0.49210 0.42586 0.32893
v -0.49020 0.42327 0.33375
v -0.59992 0.42291 0.36869
v -0.60101 0.42545 0.36350
v -0.70908 0.42503 0.37186
v -0.70889 0.42252 0.37719
v 0.79882 0.36854 0.24310
v -1.07541 0.41765 -0.13402
v -1.02849 0.41765 -0.18860
v 0.21385 0.39548 0.04976
v 0.21419 0.40325 0.04662
v 0.03437 0.40753 0.02331
v 0.03466 0.39982 0.02646
v -0.11529 0.40521 0.02363
v -0.11629 0.41288 0.02056
v -0.28760 0.42064 0.08080
v -0.31935 0.42036 0.10434
v -0.31750 0.41256 0.10682
v -0.28572 0.41282 0.08366
v -0.35354 0.41997 0.14675
v -0.35171 0.41217 0.14876
v 0.78732 0.36710 0.25721
v 0.76091 0.38526 0.25251
v 0.76000 0.37988 0.25423
v 0.71536 0.39041 0.23421
v 0.71606 0.39760 0.23219
v -0.98377 0.41763 0.28495
v -1.03997 0.41763 0.22375
v -1.07710 0.40984 0.16097
v -1.07660 0.41763 0.16000
v -1.10864 0.41764 0.03627
v -1.11105 0.41764 0.00888
v -1.11180 0.40984 0.00928
v -1.10934 0.40982 0.03669
v -1.10996 0.41764 -0.03174
v -1.11077 0.40984 -0.03135
v -0.81237 0.41773 0.36458
v -0.90328 0.41763 0.33476
v -0.90374 0.40984 0.33597
v -0.81291 0.40994 0.36559
v -0.41323 0.41920 0.27653
v -0.49079 0.41881 0.33503
v -0.60022 0.41842 0.36988
v -0.70894 0.41803 0.37835
v -1.02849 0.41765 -0.18860
v -0.25546 0.41970 0.06185
v -0.20836 0.41703 0.03952
v -0.20798 0.42114 0.03855
v -0.25493 0.42395 0.06070
v -0.11629 0.41288 0.02056
v -0.41323 0.41920 0.27653
v -0.37137 0.41959 0.21134
v -0.37029 0.42387 0.20970
v -0.35354 0.41997 0.14675
v 0.21419 0.40325 0.04662
v 0.39374 0.40228 0.08934
v 0.39359 0.40661 0.08930
v 0.54739 0.40741 0.13995
v 0.54749 0.40297 0.14120
v -1.10344 0.41763 0.06628
v -1.09571 0.41763 0.10466
v -1.09460 0.42231 0.10455
v -1.10182 0.42144 0.06596
v -1.07660 0.41763 0.16000
v -1.07541 0.41765 -0.13402
v -1.10033 0.41765 -0.08057
v -1.10996 0.41764 -0.03174
v -0.98377 0.41763 0.28495
v -0.90328 0.41763 0.33476
v -0.60022 0.41842 0.36988
v -0.49079 0.41881 0.33503
v -0.81237 0.41773 0.36458
v -0.70894 0.41803 0.37835
v 0.77993 0.31666 0.27424
v 0.78851 0.31673 0.27466
v 0.79469 0.36295 0.25319
v 0.23858 0.72312 -0.53036
v 0.23770 0.71253 -0.56867
v 0.90972 0.74643 -0.20037
v 0.87083 0.67204 -0.18038
v 0.87080 0.67204 -0.17619
v 0.82029 0.22594 -0.13801
v 0.87791 0.22594 -0.18044
v 1.00100 0.77313 -0.27503
v 0.97547 0.78287 -0.25414
v 0.80325 0.39847 -0.14030
v 0.81084 0.47115 -0.14394
v 0.81047 0.47117 -0.14405
v 0.93488 0.22593 -0.22252
v 0.87791 0.22594 -0.18044
v 0.23858 0.72312 -0.53036
v 0.23770 0.71253 -0.56867
v 0.23458 0.71432 -0.56667
v 0.23518 0.72432 -0.52962
v -0.49718 0.63416 -0.52583
v -0.51770 0.62659 -0.55495
v 0.22831 0.46101 -0.40823
v 0.22413 0.46049 -0.40881
v 0.22636 0.42002 -0.40864
v -0.45428 0.60564 -0.46452
v -0.44615 0.56171 -0.45319
v -0.44371 0.56081 -0.45334
v -0.48387 0.22233 -0.49127
v -0.51509 0.22384 -0.52327
v -0.51154 0.22025 -0.52331
v -0.48081 0.21916 -0.49112
v 0.22841 0.22049 -0.47684
v 0.23182 0.22048 -0.53361
v -0.48387 0.22233 -0.49127
v -0.51509 0.22384 -0.52327
v -0.49718 0.63416 -0.52583
v -0.47112 0.63105 -0.49000
v -0.43897 0.45032 -0.45223
v -0.44166 0.45016 -0.45172
v -0.44074 0.43232 -0.45142
v 0.23880 0.71592 -0.50081
v 0.23876 0.68268 -0.46931
v 0.93488 0.22593 -0.22252
v 0.95517 0.22682 -0.23648
v 0.95798 0.22502 -0.23040
v 0.93693 0.77637 -0.22013
v 1.01170 0.75477 -0.27677
v 1.00566 0.75475 -0.28082
v 0.23303 0.22166 -0.55109
v 0.23706 0.22155 -0.55144
v 0.23525 0.21955 -0.53387
v 0.23182 0.22048 -0.53361
v 0.23880 0.71592 -0.50081
v 0.23519 0.71755 -0.50177
v 0.23493 0.68486 -0.47100
v 0.23876 0.68268 -0.46931
v -0.47112 0.63105 -0.49000
v 0.23758 0.69216 -0.58827
v 0.23397 0.69108 -0.58916
v -0.43972 0.22297 -0.44788
v -0.45222 0.22233 -0.45874
v -0.44930 0.21916 -0.45844
v 0.22493 0.22046 -0.41850
v 0.22290 0.22172 -0.39585
v -0.52304 0.22493 -0.52942
v -0.52079 0.22331 -0.53076
v -0.45222 0.22233 -0.45874
v -0.43972 0.22297 -0.44788
v -0.51770 0.62659 -0.55495
v -0.52418 0.60516 -0.55969
v -0.52687 0.60572 -0.55976
v -0.45428 0.60564 -0.46452
v 0.22290 0.22172 -0.39585
v 0.22758 0.22206 -0.39491
v 0.22295 0.22954 -0.39238
v 0.22295 0.22954 -0.39238
v -0.43886 0.22885 -0.44554
v 0.97547 0.78287 -0.25414
v 1.00100 0.77313 -0.27503
v 0.23615 0.62586 -0.44701
v 0.23938 0.62613 -0.44707
v 0.23203 0.21953 -0.47663
v 0.22841 0.22049 -0.47684
v 0.90972 0.74643 -0.20037
v 0.93693 0.77637 -0.22013
v 0.22493 0.22046 -0.41850
v 0.22876 0.21951 -0.41819
v 0.78436 0.77610 -0.39171
v 0.68315 0.76736 -0.43412
v 0.75528 0.76949 -0.34722
v 0.66006 0.76075 -0.38795
v 0.67297 0.22862 -0.23390
v 0.60710 0.22968 -0.28764
v 0.56272 0.71898 -0.38256
v 0.54951 0.65181 -0.35144
v 0.47855 0.71044 -0.41255
v 0.46865 0.64460 -0.38327
v 0.23620 0.46610 -0.58640
v 0.23929 0.46632 -0.58731
v 0.23783 0.31658 -0.57694
v 0.23464 0.31646 -0.57605
v 0.57447 0.22092 -0.40763
v 0.59613 0.22092 -0.45990
v 0.48291 0.22092 -0.43090
v 0.49845 0.22092 -0.48496
v 0.27576 0.69840 -0.58267
v 0.24091 0.69266 -0.58903
v 0.54210 0.22311 -0.32388
v 0.55223 0.22092 -0.35312
v 0.45977 0.22311 -0.34798
v 0.46695 0.22092 -0.37505
v 0.60338 0.22304 -0.47535
v 0.60611 0.22968 -0.48425
v 0.50370 0.22303 -0.50100
v 0.50563 0.22968 -0.51010
v 0.50586 0.24278 -0.51222
v 0.60638 0.24278 -0.48640
v -0.10492 0.69141 -0.54261
v -0.01198 0.70170 -0.54083
v 0.07317 0.71039 -0.53771
v 0.06951 0.70054 -0.57183
v 0.07659 0.46360 -0.42420
v -0.00155 0.46232 -0.43023
v 0.00451 0.42034 -0.43026
v -0.08675 0.46057 -0.43642
v -0.52630 0.45005 -0.55696
v -0.52482 0.44896 -0.55927
v -0.52572 0.31499 -0.55073
v -0.52737 0.31632 -0.54858
v -0.10656 0.22092 -0.50897
v -0.20874 0.22092 -0.50987
v -0.22696 0.22092 -0.55155
v -0.12044 0.22092 -0.55385
v -0.31028 0.22049 -0.50657
v -0.33279 0.22049 -0.54506
v -0.00661 0.66321 -0.47990
v -0.00901 0.69509 -0.51143
v -0.09987 0.68497 -0.51224
v -0.09606 0.65345 -0.48092
v 0.07676 0.67158 -0.47791
v 0.07518 0.70379 -0.50911
v -0.50030 0.61169 -0.56577
v -0.52207 0.60754 -0.56113
v -0.18305 0.22311 -0.45126
v -0.19025 0.22092 -0.46758
v -0.09248 0.22092 -0.46342
v -0.08831 0.22311 -0.44346
v -0.29255 0.22268 -0.45257
v -0.29681 0.22049 -0.46699
v -0.12666 0.22968 -0.57473
v -0.02996 0.22968 -0.57389
v -0.02892 0.22304 -0.56558
v -0.12509 0.22304 -0.56681
v 0.05938 0.22968 -0.57030
v 0.05984 0.22303 -0.56161
v -0.23306 0.22304 -0.56344
v -0.23515 0.22968 -0.57097
v -0.34031 0.22261 -0.55592
v -0.34295 0.22926 -0.56303
v -0.34286 0.24235 -0.56496
v -0.23505 0.24278 -0.57292
v -0.12654 0.24278 -0.57670
v -0.00272 0.22311 -0.43583
v -0.00224 0.22968 -0.43424
v 0.07353 0.22311 -0.42208
v 0.89166 0.67086 -0.08560
v 0.88126 0.67159 -0.13267
v 0.84923 0.58379 -0.11227
v 0.83809 0.58536 -0.15617
v 0.93363 0.68688 0.27519
v 0.93780 0.70680 0.27353
v 0.90125 0.70804 0.26786
v 0.89277 0.67796 0.26920
v -0.79792 0.51992 -0.48403
v 0.71685 0.47664 -0.20830
v 0.76530 0.47464 -0.17287
v 0.78650 0.58543 -0.19014
v 0.73377 0.58448 -0.22409
v 0.83618 0.58547 -0.16126
v 0.98629 0.47861 -0.26576
v 0.99353 0.67197 -0.28925
v 0.89639 0.66880 -0.38665
v -0.09314 0.59967 -0.45902
v -0.19056 0.58987 -0.46098
v -0.18682 0.53200 -0.44917
v -0.09021 0.53886 -0.44493
v -0.28603 0.57923 -0.46105
v -0.28187 0.52429 -0.45162
v -0.02698 0.60696 -0.60672
v -0.12391 0.59954 -0.60709
v 0.06175 0.46360 -0.59507
v 0.06266 0.61304 -0.60357
v -0.71144 0.48451 -0.38084
v -0.71494 0.51989 -0.38472
v -0.86667 0.49668 -0.31501
v -0.86540 0.46827 -0.30737
v 0.87742 0.69713 0.17445
v 0.88709 0.68792 0.10212
v 0.89009 0.67074 0.03466
v 1.04087 0.68287 0.10192
v 1.06133 0.67273 0.00045
v 1.01778 0.69705 0.19793
v 0.89461 0.66999 -0.03322
v 1.06681 0.66986 -0.10073
v 0.87241 0.69629 0.25255
v 0.99388 0.69658 0.26276
v 0.99215 0.67910 0.26438
v -0.72960 0.53079 -0.51098
v -0.72997 0.44267 -0.50641
v -0.66625 0.44522 -0.52636
v -0.66574 0.54080 -0.53196
v -1.02506 0.49100 -0.35331
v -1.01774 0.49939 -0.35756
v -0.99326 0.50891 -0.37797
v -0.91421 0.49160 -0.29299
v -0.91372 0.46284 -0.28015
v -0.94765 0.49317 -0.27916
v -0.64389 0.44267 -0.40620
v -0.64360 0.49190 -0.40437
v -0.57938 0.44522 -0.42336
v -0.58035 0.49861 -0.42083
v -0.95689 0.50537 -0.27608
v -0.96618 0.51434 -0.27739
v -0.96718 0.51884 -0.28283
v 0.97749 0.69929 0.27451
v 0.99064 0.69761 0.26690
v -1.04046 0.46014 -0.30653
v -1.04257 0.43421 -0.30118
v -1.02680 0.43495 -0.27027
v 0.60440 0.57852 -0.29701
v 0.59180 0.47511 -0.28354
v 0.65687 0.47876 -0.24418
v 0.67120 0.58205 -0.26060
v 0.80610 0.66413 -0.44206
v 0.70503 0.65807 -0.49134
v 0.83806 0.58546 -0.16066
v 0.81084 0.47115 -0.14394
v 0.81135 0.47055 -0.13922
v 0.83806 0.58546 -0.16066
v 0.87083 0.67204 -0.18038
v 0.23270 0.55515 -0.42500
v 0.23615 0.62586 -0.44701
v 0.23207 0.62504 -0.44714
v 0.22853 0.55424 -0.42533
v -0.43897 0.45032 -0.45223
v -0.43939 0.51136 -0.44769
v -0.44182 0.51237 -0.44777
v -0.44615 0.56171 -0.45319
v -0.44451 0.51164 -0.44739
v -0.44182 0.51237 -0.44777
v 0.22831 0.46101 -0.40823
v 0.23169 0.46082 -0.40830
v 0.23602 0.55501 -0.42502
v 0.23270 0.55515 -0.42500
v 0.26061 0.46154 -0.40143
v 0.26545 0.55685 -0.41778
v 0.24014 0.62560 -0.59610
v 0.23712 0.62479 -0.59515
v 0.27392 0.46725 -0.58006
v 0.27487 0.62871 -0.58915
v 0.21412 0.62320 -0.44896
v 0.21102 0.55288 -0.42789
v -0.52411 0.56029 -0.56699
v -0.52555 0.56046 -0.56465
v -0.50292 0.44876 -0.56405
v -0.50223 0.56216 -0.57182
v 0.81124 0.40826 0.15230
v 0.78307 0.39753 0.22888
v 0.83110 0.40621 0.04201
v 0.82733 0.39875 -0.05205
v 0.79579 0.41183 -0.13014
v 0.78970 0.41523 -0.12231
v 0.76288 0.42190 -0.15930
v 0.71633 0.43015 -0.19111
v 0.71546 0.43352 -0.17157
v 0.76328 0.42390 -0.14131
v 0.00308 0.43966 -0.42225
v 0.22507 0.43507 -0.39990
v -0.20154 0.44523 -0.43788
v 0.00226 0.44761 -0.39648
v -0.50404 0.45195 -0.43188
v -0.42928 0.45135 -0.44670
v -0.57007 0.45174 -0.41789
v -0.50090 0.45984 -0.41185
v -0.87108 0.44836 -0.30149
v -0.70831 0.45099 -0.37693
v -0.92432 0.44738 -0.26768
v -1.06058 0.44593 -0.08723
v -0.40187 0.44509 0.17274
v 0.54620 0.43091 0.11383
v 0.39477 0.43051 0.06717
v 0.21741 0.43034 0.02800
v 0.73950 0.22028 -0.12913
v 0.79233 0.22110 -0.09515
v 0.75483 0.31652 0.26656
v 0.71067 0.31621 0.24613
v 0.70902 0.24228 0.23889
v 0.75207 0.24259 0.25862
v 0.66016 0.43518 0.07183
v 0.64629 0.42929 0.15842
v 0.55570 0.43326 0.02482
v 0.67239 0.21986 0.07747
v 0.69301 0.21986 -0.02408
v 0.56364 0.21917 0.02930
v 0.57698 0.21917 -0.07390
v 0.67104 0.43151 -0.13865
v 0.67173 0.43995 -0.03410
v 0.56452 0.43835 -0.08494
v 0.69928 0.21984 -0.13197
v 0.65615 0.21987 0.15162
v 0.55306 0.21919 0.10279
v 0.67297 0.22862 -0.23390
v 0.67233 0.22203 -0.22942
v 0.60710 0.22968 -0.28764
v 0.60679 0.22284 -0.28294
v 0.75200 0.22950 0.25191
v 0.70970 0.22918 0.23241
v 0.71134 0.22261 0.22312
v 0.75182 0.22291 0.24238
v 0.77890 0.22233 0.24444
v 0.76268 0.38376 0.24201
v 0.75549 0.40536 0.23213
v 0.71143 0.41605 0.21327
v 0.71770 0.39781 0.22220
v 0.65817 0.41618 -0.24232
v 0.56194 0.41575 -0.29417
v 0.56142 0.42466 -0.29332
v 0.65782 0.42483 -0.24125
v 0.65134 0.40617 0.18351
v 0.64998 0.40808 0.18943
v 0.54862 0.40739 0.13482
v 0.64993 0.40366 0.19195
v 0.64932 0.39586 0.19427
v 0.54749 0.40297 0.14120
v 0.54691 0.39517 0.14382
v 0.71606 0.39760 0.23219
v 0.76091 0.38526 0.25251
v 0.65377 0.43377 -0.23481
v 0.55816 0.43451 -0.28714
v 0.65284 0.43868 -0.21770
v -0.99024 0.31675 -0.24559
v -1.02769 0.31675 -0.26390
v 0.06037 0.31675 -0.58515
v 0.23095 0.31658 -0.57694
v 0.23464 0.31646 -0.57605
v 0.21126 0.31675 -0.57709
v -0.19781 0.32026 0.06095
v -0.24288 0.32121 0.08310
v -0.10922 0.31863 0.04231
v 0.03641 0.31628 0.04553
v -0.34028 0.31767 0.16093
v -0.30600 0.31910 0.12204
v -0.27439 0.32096 0.10105
v 0.54298 0.31496 0.15912
v 0.64503 0.31565 0.20746
v -1.07794 0.31848 0.16721
v -1.09753 0.31848 0.11018
v -1.10562 0.31848 0.07054
v -1.11397 0.31848 0.01332
v -1.11112 0.31848 0.04026
v -1.11346 0.31848 -0.02670
v -1.10441 0.31848 -0.07492
v -0.90560 0.31848 0.34202
v -0.52988 0.31695 -0.54945
v -0.52737 0.31632 -0.54858
v -0.54619 0.31675 -0.54761
v -1.03830 0.31676 -0.32724
v -1.04470 0.31675 -0.29247
v -1.04701 0.31656 -0.31470
v 0.93636 0.31650 0.27599
v 0.27236 0.31675 -0.56951
v 0.60791 0.31675 -0.50003
v 0.50717 0.31675 -0.52567
v -0.50363 0.31418 -0.55530
v -0.23448 0.31675 -0.58541
v -0.34239 0.31632 -0.57734
v -1.04549 0.24286 -0.31485
v -1.04563 0.31676 -0.31910
v -1.04137 0.45849 -0.33282
v -1.04409 0.43040 -0.32811
v -1.03845 0.22359 -0.29978
v -1.04461 0.22335 -0.30730
v -1.03496 0.22279 -0.31627
v -0.95086 0.51969 -0.40572
v -1.02097 0.22361 -0.27236
v -1.04461 0.22335 -0.30730
v -1.04536 0.22988 -0.31437
v -1.04621 0.22781 -0.31127
v 0.81436 0.73948 -0.44045
v 0.90952 0.74656 -0.38574
v 0.23754 0.68611 -0.59116
v 0.23712 0.62479 -0.59515
v 0.23366 0.62449 -0.59596
v 0.23390 0.68656 -0.59185
v -0.52555 0.56046 -0.56465
v -0.52811 0.55984 -0.56549
v -0.52772 0.60105 -0.56121
v -0.52517 0.59968 -0.56107
v 0.61279 0.65169 -0.52394
v 0.61361 0.72244 -0.52116
v 0.70772 0.73074 -0.48902
v -0.23262 0.58974 -0.60286
v -0.23170 0.64232 -0.59839
v -0.12302 0.65488 -0.60259
v -0.02625 0.66502 -0.60241
v 0.06319 0.67373 -0.59948
v 1.02890 0.73734 0.17675
v 1.05004 0.74288 0.08938
v 1.06920 0.74804 -0.01550
v 1.07372 0.74987 -0.10565
v -0.72909 0.56602 -0.50538
v -0.66527 0.57918 -0.52670
v -1.03796 0.47578 -0.33855
v -1.03012 0.49094 -0.34796
v 0.27573 0.69437 -0.58520
v -0.50126 0.60710 -0.56761
v -1.01582 0.21163 -0.17009
v -1.05931 0.21163 -0.11495
v -1.07075 0.21375 -0.12075
v -1.02497 0.21375 -0.17778
v -0.96540 0.21203 -0.21916
v -0.97213 0.21393 -0.22829
v -0.95941 0.21265 -0.20755
v -0.92108 0.21322 -0.25198
v -0.92671 0.21444 -0.26182
v -0.86733 0.21420 -0.28070
v -0.87255 0.21498 -0.29083
v -0.92148 0.21388 -0.23085
v -0.78863 0.21397 -0.31746
v -0.79344 0.21522 -0.32781
v -0.70384 0.21344 -0.35466
v -0.70816 0.21538 -0.36522
v -0.64270 0.21352 -0.37971
v -0.64388 0.21569 -0.39179
v -0.57665 0.21390 -0.40242
v -0.57947 0.21608 -0.41303
v -0.33600 0.21516 -0.43868
v -0.43610 0.21470 -0.43058
v -0.43885 0.21689 -0.44157
v -0.33650 0.21736 -0.44887
v -0.18664 0.21580 -0.43165
v -0.18570 0.21800 -0.44226
v 0.44674 0.21882 -0.32658
v 0.21872 0.21766 -0.38105
v 0.45459 0.22066 -0.34078
v 0.53660 0.22114 -0.31520
v 0.60175 0.21963 -0.26588
v 0.76842 0.22250 -0.12579
v 0.73307 0.22033 -0.15597
v 0.83422 0.22083 0.05416
v 0.81838 0.22083 0.10598
v 0.79898 0.22083 0.15556
v 0.77023 0.22080 0.22441
v 0.75011 0.22069 0.22810
v 0.75182 0.22291 0.24238
v 0.71382 0.22042 0.21014
v 0.71134 0.22261 0.22312
v 0.65081 0.21987 0.17197
v 0.64716 0.22205 0.18459
v 0.54878 0.21918 0.12313
v 0.54546 0.22136 0.13587
v 0.03227 0.21674 0.00726
v 0.21513 0.21772 0.03146
v 0.21329 0.21990 0.04447
v 0.03322 0.21893 0.02051
v -0.12202 0.21582 0.00294
v -0.11794 0.21802 0.01642
v -0.33001 0.21423 0.08579
v -0.29792 0.21456 0.06147
v -0.28987 0.21676 0.07493
v -0.32162 0.21644 0.09827
v -0.36461 0.21385 0.12927
v -0.35578 0.21606 0.14044
v -0.34340 0.21422 0.06135
v -0.49845 0.21272 0.31787
v -0.42397 0.21309 0.26046
v -0.41536 0.21529 0.26981
v -0.49276 0.21490 0.32832
v -0.60380 0.21235 0.35139
v -0.60183 0.21452 0.36325
v -0.70879 0.21197 0.35955
v -0.70993 0.21413 0.37179
v -0.80813 0.21169 0.34752
v -0.81205 0.21384 0.35924
v -0.90028 0.21375 0.33278
v -0.89371 0.21160 0.32227
v -1.02392 0.21159 0.22066
v -0.96981 0.21159 0.27828
v -0.97866 0.21374 0.28697
v -1.03391 0.21374 0.22777
v -1.05968 0.21159 0.15954
v -1.07029 0.21374 0.16512
v -1.09281 0.21160 0.01770
v -1.09014 0.21180 0.04214
v -1.10201 0.21381 0.04409
v -1.10476 0.21374 0.01808
v -1.09208 0.21161 -0.01900
v -1.10413 0.21375 -0.02070
v -0.25702 0.32148 0.09032
v -0.26507 0.23656 0.08036
v -0.26449 0.32139 0.09463
v -0.27574 0.41286 0.07660
v -0.26809 0.22347 0.07329
v -0.27249 0.21689 0.06344
v -0.28987 0.21676 0.07493
v -0.28138 0.21683 0.06785
v -0.27555 0.22340 0.07766
v -0.28536 0.22333 0.08437
v -0.27255 0.23646 0.08467
v -0.28228 0.23628 0.09110
v -0.27353 0.42507 0.06978
v -0.26353 0.42602 0.05844
v -0.27506 0.42712 0.06537
v -0.25546 0.41970 0.06185
v -0.27021 0.42046 0.06920
v -0.26834 0.41266 0.07217
v -0.25368 0.41190 0.06485
v -0.27760 0.42066 0.07364
v -0.27383 0.42246 0.07125
v -0.27021 0.42046 0.06920
v -0.28760 0.42064 0.08080
v -0.27760 0.42066 0.07364
v -0.27249 0.21689 0.06344
v -0.28041 0.21469 0.04970
v -0.26522 0.21484 0.04253
v -0.25768 0.21704 0.05627
v -0.28101 0.21477 0.02535
v -0.29339 0.21419 0.03605
v -0.28783 0.21462 0.05411
v -0.28138 0.21683 0.06785
v -0.27506 0.42712 0.06537
v -0.27576 0.43768 0.05785
v -0.29240 0.43779 0.06745
v -0.28490 0.42699 0.07169
v -0.28143 0.44572 0.03739
v -0.38275 0.46374 -0.17634
v -0.42237 0.46346 -0.16779
v -0.31705 0.45613 -0.06095
v -1.09206 0.43576 0.04829
v -1.10190 0.42353 0.04832
v -1.09814 0.42415 0.06027
v -1.07688 0.21162 0.05160
v -1.06805 0.21175 0.04229
v -1.10366 0.42337 0.03523
v -1.10930 0.31848 0.05330
v -1.10835 0.23339 0.05677
v -1.10930 0.31848 0.05330
v -1.10766 0.40984 0.04988
v -1.10611 0.22030 0.05737
v -1.10019 0.21374 0.05680
v -1.10201 0.21381 0.04409
v -1.10019 0.21374 0.05680
v -1.10611 0.22030 0.05737
v -1.10793 0.22032 0.04446
v -1.11015 0.23340 0.04384
v -1.10835 0.23339 0.05677
v -1.10536 0.42130 0.04911
v -1.10190 0.42353 0.04832
v -1.09814 0.42415 0.06027
v -1.10698 0.41763 0.04946
v -1.10766 0.40984 0.04988
v -1.10410 0.40982 0.06677
v -1.10344 0.41763 0.06628
v -1.10698 0.41763 0.04946
v -1.10698 0.41763 0.04946
v -1.10864 0.41764 0.03627
v -1.09670 0.21382 0.07333
v -1.10019 0.21374 0.05680
v -1.08834 0.21158 0.05430
v -1.08502 0.21182 0.07043
v -0.96581 0.21195 0.00417
v -0.84190 0.45511 -0.02315
v -0.95706 0.45001 0.01211
v -1.02160 0.44347 0.16438
v -1.11071 0.22030 0.01790
v -1.10476 0.21374 0.01808
v -1.11295 0.23339 0.01722
v -1.10033 0.41765 -0.08057
v -1.10121 0.40984 -0.08019
v -1.11105 0.41764 0.00888
v -1.08282 0.21162 -0.06390
v -1.09496 0.21375 -0.06769
v -1.03868 0.22030 0.23206
v -1.03391 0.21374 0.22777
v -1.04029 0.23339 0.23402
v -1.07086 0.42466 0.15835
v -1.06289 0.43534 0.15550
v -1.09571 0.41763 0.10466
v -1.09630 0.40984 0.10535
v -1.03997 0.41763 0.22375
v -0.94707 0.44334 0.25438
v -1.07792 0.21159 0.10682
v -1.08914 0.21374 0.11088
v 0.59515 0.75905 -0.46328
v 0.60890 0.74921 -0.50261
v 0.50898 0.74047 -0.52421
v 0.50011 0.75032 -0.48565
v -0.01618 0.22092 -0.50346
v -0.02573 0.22092 -0.55154
v 0.06162 0.22092 -0.54653
v 0.06680 0.22092 -0.49533
v 0.57794 0.75244 -0.42015
v 0.48869 0.74371 -0.44784
v -0.00650 0.22092 -0.45467
v 0.07205 0.22092 -0.44336
v 0.54004 0.22968 -0.31953
v 0.45900 0.22968 -0.34521
v -0.02984 0.24278 -0.57588
v 0.05953 0.24278 -0.57231
v 0.36707 0.70060 -0.44213
v 0.36074 0.63604 -0.41532
v 0.26935 0.62884 -0.43959
v 0.36417 0.22092 -0.45375
v 0.37349 0.22092 -0.50957
v 0.25686 0.22092 -0.47218
v 0.26921 0.22092 -0.52780
v 0.61320 0.72663 -0.51902
v 0.34975 0.22311 -0.37006
v 0.35462 0.22092 -0.39658
v 0.24052 0.22092 -0.41597
v 0.37780 0.22968 -0.53549
v 0.27152 0.24278 -0.55635
v 0.37799 0.24278 -0.53758
v 0.15545 0.71868 -0.53366
v 0.15339 0.70883 -0.56904
v 0.21643 0.72381 -0.53035
v 0.21556 0.71397 -0.56661
v 0.20722 0.45997 -0.41203
v 0.15164 0.46329 -0.41741
v 0.15709 0.67955 -0.47504
v 0.15643 0.71207 -0.50581
v 0.21662 0.68459 -0.47268
v 0.21663 0.71721 -0.50308
v 0.14583 0.22968 -0.56582
v 0.14558 0.22298 -0.55678
v 0.20911 0.22293 -0.55273
v 0.14727 0.22311 -0.40911
v 0.14956 0.61884 -0.59949
v 0.14989 0.68203 -0.59546
v 0.21398 0.62307 -0.59601
v 0.21418 0.68719 -0.59198
v 0.52599 0.46640 -0.31751
v 0.45308 0.46012 -0.34846
v 0.41583 0.41493 -0.35676
v 0.56194 0.41575 -0.29417
v 0.51123 0.64447 -0.54800
v 0.51203 0.71370 -0.54485
v -0.00502 0.60709 -0.45667
v 0.07689 0.61317 -0.45401
v 0.14856 0.46482 -0.59089
v 0.14701 0.31675 -0.58079
v 0.21293 0.46573 -0.58733
v 0.61063 0.47416 -0.51211
v 0.50949 0.47205 -0.53718
v 0.37903 0.31675 -0.55086
v 0.38220 0.63591 -0.57166
v 0.38303 0.70367 -0.56806
v -0.21057 0.67833 -0.54261
v -0.22075 0.66901 -0.57323
v -0.32985 0.65556 -0.56998
v -0.31600 0.66429 -0.53979
v -0.20103 0.42591 -0.44596
v -0.18301 0.45794 -0.44368
v -0.27832 0.45471 -0.44942
v -0.29119 0.62839 -0.47837
v -0.19460 0.64131 -0.48084
v -0.20112 0.67239 -0.51102
v -0.30106 0.65901 -0.50690
v -0.18223 0.22968 -0.44992
v -0.33661 0.22803 -0.45006
v -0.39875 0.21921 -0.49945
v -0.42547 0.21921 -0.53481
v -0.46054 0.21835 -0.49283
v -0.49042 0.21835 -0.52583
v -0.23076 0.64628 -0.59578
v -0.35456 0.22140 -0.45161
v -0.37163 0.21921 -0.46357
v -0.43021 0.21835 -0.45934
v -0.43756 0.22797 -0.55134
v -0.50394 0.24021 -0.54317
v -0.43750 0.24107 -0.55324
v -0.37480 0.61630 -0.47222
v -0.36825 0.56932 -0.45771
v -0.42523 0.56239 -0.45408
v -0.34070 0.57910 -0.59446
v -0.33977 0.62902 -0.59012
v -0.23345 0.45794 -0.59474
v -0.34149 0.45471 -0.58647
v -0.43716 0.31504 -0.56552
v -0.43567 0.56919 -0.58233
v -0.43473 0.61665 -0.57807
v -0.62351 0.22092 -0.46050
v -0.68783 0.22092 -0.44255
v -0.65352 0.22092 -0.49036
v -0.73037 0.31675 -0.49879
v -0.66675 0.31675 -0.51838
v -0.63399 0.61415 -0.49199
v -0.69687 0.60183 -0.47267
v -0.64883 0.53092 -0.40928
v -0.58636 0.54092 -0.42669
v -0.65792 0.22092 -0.41338
v -0.59306 0.22092 -0.43019
v -0.66706 0.22968 -0.50440
v -0.59924 0.22968 -0.52155
v -0.59588 0.22296 -0.51517
v -0.66360 0.22302 -0.49827
v -0.54347 0.22289 -0.52705
v -0.52657 0.59187 -0.45094
v -0.54214 0.62125 -0.47441
v -0.72717 0.22304 -0.47887
v -0.73062 0.22968 -0.48482
v -0.73058 0.24278 -0.48670
v -0.66701 0.24278 -0.50628
v -0.51083 0.22968 -0.43150
v -0.51216 0.22311 -0.43243
v -0.65667 0.60560 -0.51773
v -0.59756 0.55035 -0.55044
v -0.59716 0.59167 -0.54558
v -0.54465 0.55747 -0.56344
v -0.54431 0.60032 -0.55890
v -0.50515 0.43262 -0.43992
v -0.45779 0.44948 -0.44823
v -0.51086 0.44765 -0.43800
v -0.57167 0.43240 -0.42590
v -0.59821 0.44765 -0.54387
v -0.59884 0.31675 -0.53555
v -0.54541 0.44948 -0.55614
v 0.67781 0.21974 -0.19109
v 0.64496 0.22862 0.19383
v 0.64716 0.22205 0.18459
v 0.64399 0.24171 0.20026
v 0.65134 0.40617 0.18351
v 0.64672 0.42109 0.17705
v 0.64993 0.40366 0.19195
v 0.39991 0.43493 -0.01674
v 0.21994 0.43889 -0.04714
v 0.40418 0.21849 -0.01310
v 0.41251 0.21848 -0.11573
v 0.21958 0.21770 -0.14616
v 0.40620 0.44061 -0.12919
v 0.21757 0.44534 -0.16123
v 0.39865 0.21851 0.05384
v 0.45900 0.22968 -0.34521
v 0.54004 0.22968 -0.31953
v 0.41583 0.41493 -0.35676
v 0.41540 0.42390 -0.35584
v 0.39458 0.40728 0.08502
v 0.39374 0.40228 0.08934
v 0.39318 0.39449 0.09226
v 0.41270 0.43415 -0.34932
v 0.67419 0.21978 -0.21354
v 0.39543 0.21850 0.07319
v 0.39243 0.22068 0.08604
v -0.22471 0.21516 0.00077
v 0.00625 0.44817 -0.29922
v 0.00715 0.21672 -0.28172
v 0.01819 0.21673 -0.16175
v 0.04291 0.44383 -0.06066
v 0.01940 0.45115 -0.17544
v -0.00399 0.21669 -0.38864
v 0.03956 0.43263 0.00590
v -0.33661 0.22803 -0.45006
v -0.18223 0.22968 -0.44992
v -0.43886 0.22885 -0.44554
v 0.03344 0.22550 0.03004
v 0.03322 0.21893 0.02051
v 0.03370 0.23860 0.03678
v -0.33718 0.42979 -0.45412
v -0.33716 0.43857 -0.45303
v 0.03438 0.41172 0.01979
v 0.03672 0.42418 0.01769
v -0.20911 0.42113 0.03412
v -0.20836 0.41703 0.03952
v -0.20687 0.40932 0.04254
v 0.03437 0.40753 0.02331
v -0.33705 0.44911 -0.44599
v -0.00388 0.21671 -0.41880
v -0.21664 0.21517 0.02081
v -0.21037 0.21738 0.03446
v -0.48789 0.45995 -0.30222
v -0.47913 0.21428 -0.29170
v -0.43370 0.21428 -0.15808
v -0.39544 0.21470 -0.30070
v -0.35548 0.21469 -0.17580
v -0.47691 0.46322 -0.15109
v -0.50421 0.21429 -0.39866
v -0.42786 0.21470 -0.40609
v -0.31679 0.22302 0.10644
v -0.32162 0.21644 0.09827
v -0.31348 0.23559 0.11219
v -0.63819 0.43219 -0.41200
v -0.63793 0.44121 -0.41095
v -0.32051 0.42722 0.09834
v -0.32627 0.43757 0.09175
v -0.37292 0.42657 0.20551
v -0.37137 0.41959 0.21134
v -0.36955 0.41179 0.21286
v -0.31935 0.42036 0.10434
v -0.63610 0.45154 -0.40408
v -0.50923 0.21429 -0.42025
v -0.51100 0.21647 -0.42951
v -0.43610 0.21470 -0.43058
v -0.43885 0.21689 -0.44157
v -0.38286 0.21347 0.19493
v -0.37358 0.21567 0.20479
v -0.51280 0.50501 -0.43464
v -0.51833 0.55047 -0.44052
v -0.46037 0.50984 -0.44417
v -1.03762 0.46727 -0.30972
v -1.03437 0.46285 -0.30940
v 0.46071 0.56905 -0.36266
v 0.53902 0.57430 -0.33065
v -0.79725 0.55151 -0.47827
v 0.96913 0.74904 -0.33445
v 1.06434 0.75000 -0.17957
v 0.23754 0.68611 -0.59116
v 0.24085 0.68748 -0.59189
v -0.52517 0.59968 -0.56107
v -0.52316 0.60220 -0.56285
v 0.23620 0.46610 -0.58640
v 0.23264 0.46603 -0.58724
v -0.00348 0.54354 -0.44096
v 0.07676 0.54705 -0.43676
v -0.42092 0.51215 -0.44789
v -0.52630 0.45005 -0.55696
v -0.52896 0.45031 -0.55790
v 0.99224 0.71135 0.26450
v 0.97634 0.71615 0.26909
v 0.99384 0.71038 0.26351
v 0.89849 0.73331 0.20601
v 0.99798 0.72339 0.25294
v 0.97915 0.73155 0.25616
v 0.97768 0.72978 0.25955
v 0.99756 0.72153 0.25584
v 0.88331 0.71137 0.25141
v 1.00362 0.75468 -0.28692
v 0.27111 0.22295 -0.54483
v 0.37681 0.22299 -0.52619
v 0.06371 0.67760 -0.59681
v -0.50022 0.22041 -0.53500
v -0.43430 0.22129 -0.54469
v -1.00796 0.22289 -0.33930
v -1.01204 0.50520 -0.35790
v -0.66427 0.58385 -0.52501
v 0.85734 0.22305 -0.33401
v 0.90912 0.22307 -0.28701
v 1.00566 0.75475 -0.28082
v -0.52418 0.60516 -0.55969
v 0.22833 0.22153 -0.55161
v 0.23303 0.22166 -0.55109
v -0.52705 0.22468 -0.53046
v -0.52304 0.22493 -0.52942
v 0.23758 0.69216 -0.58827
v 0.95066 0.22528 -0.24147
v 0.95517 0.22682 -0.23648
v 0.69053 0.22304 -0.44096
v 0.77983 0.22304 -0.38959
v -0.12509 0.22304 -0.56681
v -0.02892 0.22304 -0.56558
v -1.04527 0.43006 -0.32365
v 0.50370 0.22303 -0.50100
v 0.60338 0.22304 -0.47535
v 0.21430 0.69111 -0.58944
v 0.51179 0.71782 -0.54257
v 0.20911 0.22293 -0.55273
v -0.34031 0.22261 -0.55592
v -0.23306 0.22304 -0.56344
v -0.33882 0.63318 -0.58773
v -0.54347 0.22289 -0.52705
v -0.54337 0.60491 -0.55724
v 0.37681 0.22299 -0.52619
v -0.43430 0.22129 -0.54469
v -0.66360 0.22302 -0.49827
v 0.23303 0.22166 -0.55109
v 0.22833 0.22153 -0.55161
v -0.52304 0.22493 -0.52942
v -0.52705 0.22468 -0.53046
v 0.97669 0.72024 0.26832
v 1.01449 0.74471 0.21543
v 1.00154 0.74837 0.23595
v 1.00902 0.73461 0.22893
v 1.01433 0.73819 0.21490
v 0.05984 0.22303 -0.56161
v 0.15018 0.68594 -0.59286
v -0.58879 0.61796 -0.53626
v -0.59619 0.59632 -0.54390
v 0.37775 0.74029 -0.50768
v 0.38171 0.73044 -0.54540
v 0.37209 0.73368 -0.47503
v 0.38295 0.70772 -0.56565
v 0.34879 0.45912 -0.37876
v 0.22636 0.42002 -0.40864
v 0.38091 0.46944 -0.56182
v 0.23369 0.24242 -0.56296
v 0.23700 0.24255 -0.56384
v 0.35516 0.56243 -0.39416
v 0.14677 0.22092 -0.48653
v 0.14603 0.22092 -0.54070
v 0.14753 0.22092 -0.43156
v 0.14601 0.24278 -0.56785
v 0.15571 0.61896 -0.45113
v 0.15388 0.55038 -0.43183
v 0.14558 0.22298 -0.55678
v -0.40830 0.65114 -0.53309
v -0.42574 0.64305 -0.56276
v -0.33718 0.42979 -0.45412
v -0.36071 0.45116 -0.45109
v -0.38800 0.64649 -0.49905
v -0.43377 0.62103 -0.57596
v -0.43640 0.45116 -0.57447
v -0.52808 0.24235 -0.53677
v -0.52623 0.24102 -0.53879
v -0.36395 0.51708 -0.45020
v -0.55509 0.22092 -0.47600
v -0.58554 0.22092 -0.50699
v -0.56687 0.62590 -0.50883
v -0.52419 0.22092 -0.44454
v -0.59918 0.24278 -0.52343
v -0.59588 0.22296 -0.51517
v -1.02116 0.51032 -0.32151
v -1.03310 0.49022 -0.34130
v -1.03437 0.46285 -0.30940
v -1.04224 0.45873 -0.32841
v -0.99988 0.52038 -0.29598
v -0.97869 0.49197 -0.26636
v -1.01473 0.49147 -0.28281
v -1.03177 0.48396 -0.31383
v -0.98922 0.43826 -0.25300
v -0.96188 0.48957 -0.26914
v 0.99771 0.70918 0.25922
v 0.99622 0.67208 -0.28238
v 1.00600 0.75018 -0.28207
v 1.01192 0.75024 -0.27818
v 0.95972 0.24298 -0.24335
v 0.96839 0.31682 -0.25803
v 0.99622 0.67208 -0.28238
v 0.98050 0.47868 -0.27024
v 0.95858 0.23010 -0.24104
v 0.95972 0.24298 -0.24335
v 0.95858 0.23010 -0.24104
v 0.95517 0.22682 -0.23648
v 0.96839 0.31682 -0.25803
v 0.98050 0.47868 -0.27024
v 1.00383 0.75013 -0.28855
v 1.00600 0.75018 -0.28207
v 0.99154 0.22294 -0.13453
v 0.72155 0.41434 -0.19896
v 0.76882 0.40836 -0.16855
v -0.63819 0.43219 -0.41200
v 0.65817 0.41618 -0.24232
v 0.80325 0.39847 -0.14030
v 0.94272 0.72582 0.26386
v 0.94132 0.72175 0.26645
v 0.91649 0.72448 0.25925
v 0.91404 0.72095 0.26031
v 1.01647 0.73398 0.21265
v 1.01142 0.73104 0.22523
v 1.00136 0.71835 0.25218
v 0.94369 0.73012 0.25658
v 0.92014 0.72841 0.25321
v -1.02714 0.48723 -0.31454
v -1.02830 0.49340 -0.31577
v -1.03961 0.47613 -0.33343
v -1.01056 0.50061 -0.28611
v -1.01084 0.49419 -0.28581
v -1.02714 0.48723 -0.31454
v -1.01084 0.49419 -0.28581
v -1.03961 0.47613 -0.33343
v 1.00997 0.75603 0.21680
v 1.01234 0.75937 0.21650
v 0.98170 0.77047 0.21016
v 0.98022 0.76691 0.21149
v 1.00997 0.75603 0.21680
v 0.98022 0.76691 0.21149
v 0.97483 0.75960 0.23179
v 0.94060 0.76542 0.20079
v 0.93873 0.76217 0.20347
v 0.93873 0.76217 0.20347
v 0.93308 0.75614 0.22409
v 0.90610 0.73780 0.18510
v 0.90391 0.73673 0.19095
v 0.90391 0.73673 0.19095
v 0.95798 0.22502 -0.23040
v 0.95517 0.22682 -0.23648
v 0.93926 0.31670 0.27502
v 0.93999 0.31676 0.27208
v 0.96287 0.47427 0.27116
v 0.96225 0.47421 0.27413
v 0.91028 0.74947 -0.38612
v 0.90946 0.75100 -0.38406
v 0.96942 0.75357 -0.33284
v 0.97036 0.75194 -0.33466
v 1.04128 0.75305 -0.23796
v 1.03985 0.75422 -0.23596
v 1.06354 0.75489 -0.17848
v 1.06509 0.75282 -0.17986
v 0.99161 0.67897 0.26738
v 0.98874 0.67903 0.26836
v 0.95931 0.47462 0.27482
v -0.12300 0.65792 -0.60281
v -0.12213 0.65871 -0.59985
v -0.02552 0.66884 -0.59967
v -0.02623 0.66806 -0.60265
v -0.95074 0.52268 -0.40566
v -0.94943 0.52426 -0.40394
v -0.79619 0.55614 -0.47654
v -0.79741 0.55444 -0.47819
v 1.05098 0.74573 0.08875
v 1.04902 0.74754 0.08883
v 1.02839 0.74215 0.17450
v 1.03031 0.74033 0.17469
v 1.07447 0.75268 -0.10584
v 1.07247 0.75446 -0.10502
v 1.06801 0.75267 -0.01553
v 1.07000 0.75087 -0.01603
v -0.99215 0.51227 -0.37863
v -0.99063 0.51343 -0.37657
v -0.72806 0.57069 -0.50367
v -0.72924 0.56896 -0.50538
v 0.92669 0.24687 0.27204
v 0.92597 0.24691 0.27497
v 0.92456 0.24439 0.27448
v -1.04642 0.22972 -0.31018
v -1.04785 0.22988 -0.31258
v -1.04621 0.22781 -0.31127
v -1.04785 0.22988 -0.31258
v -1.04642 0.22972 -0.31018
v -1.04688 0.24267 -0.31056
v -1.04795 0.24285 -0.31303
v 0.70799 0.73371 -0.48938
v 0.70728 0.73501 -0.48704
v 0.81411 0.74384 -0.43863
v 0.81489 0.74243 -0.44083
v 1.00675 0.75305 -0.28236
v 1.00566 0.75475 -0.28082
v 1.01170 0.75477 -0.27677
v 1.01261 0.75311 -0.27854
v 0.23396 0.68999 -0.59210
v 0.23397 0.69108 -0.58916
v 0.23758 0.69216 -0.58827
v 0.23752 0.69056 -0.59141
v -0.52772 0.60403 -0.56141
v -0.52687 0.60572 -0.55976
v -0.52418 0.60516 -0.55969
v -0.52531 0.60306 -0.56123
v 0.24083 0.69141 -0.59210
v 0.24091 0.69266 -0.58903
v 0.27576 0.69840 -0.58267
v 0.27582 0.69739 -0.58549
v -0.52333 0.60554 -0.56296
v -0.52207 0.60754 -0.56113
v -0.50030 0.61169 -0.56577
v -0.50130 0.61008 -0.56782
v 0.99334 0.69721 0.26567
v 0.99215 0.67910 0.26438
v 0.99388 0.69658 0.26276
v -0.99326 0.50891 -0.37797
v -1.01774 0.49939 -0.35756
v -1.01372 0.50467 -0.36034
v 0.92597 0.24691 0.27497
v 0.92669 0.24687 0.27204
v -1.04701 0.31656 -0.31470
v -1.04799 0.31675 -0.31718
v 0.93636 0.31650 0.27599
v -1.04563 0.31676 -0.31910
v -1.04549 0.24286 -0.31485
v -1.04382 0.45818 -0.33068
v -1.04137 0.45849 -0.33282
v -1.04409 0.43040 -0.32811
v -1.04646 0.43016 -0.32611
v 1.00012 0.71957 0.25553
v 1.00135 0.72181 0.25229
v 1.00054 0.72129 0.25413
v -0.95086 0.51969 -0.40572
v -1.04621 0.22781 -0.31127
v -1.04785 0.22988 -0.31258
v -1.04536 0.22988 -0.31437
v -1.04536 0.22988 -0.31437
v 0.90952 0.74656 -0.38574
v 0.81436 0.73948 -0.44045
v 0.23754 0.68611 -0.59116
v 0.23390 0.68656 -0.59185
v -0.52517 0.59968 -0.56107
v -0.52772 0.60105 -0.56121
v 0.70772 0.73074 -0.48902
v 0.61361 0.72244 -0.52116
v 0.61375 0.72542 -0.52151
v -0.12302 0.65488 -0.60259
v -0.23170 0.64232 -0.59839
v -0.23170 0.64536 -0.59861
v 0.06321 0.67676 -0.59975
v 0.06319 0.67373 -0.59948
v -0.02625 0.66502 -0.60241
v 1.02890 0.73734 0.17675
v 1.05004 0.74288 0.08938
v 1.06920 0.74804 -0.01550
v 1.07372 0.74987 -0.10565
v -0.66540 0.58213 -0.52678
v -0.66527 0.57918 -0.52670
v -0.72909 0.56602 -0.50538
v -1.04058 0.47580 -0.33632
v -1.03796 0.47578 -0.33855
v -1.03012 0.49094 -0.34796
v -1.03361 0.49110 -0.34492
v 0.27573 0.69437 -0.58520
v 0.24085 0.68748 -0.59189
v -0.50126 0.60710 -0.56761
v -0.52316 0.60220 -0.56285
v 0.61320 0.72663 -0.51902
v 0.14990 0.68506 -0.59574
v 0.14989 0.68203 -0.59546
v 0.21419 0.69020 -0.59226
v 0.21418 0.68719 -0.59198
v 0.51203 0.71370 -0.54485
v 0.51214 0.71670 -0.54518
v 0.38303 0.70367 -0.56806
v 0.38312 0.70667 -0.56838
v -0.23076 0.64628 -0.59578
v -0.33977 0.62902 -0.59012
v -0.33979 0.63203 -0.59033
v -0.43473 0.61665 -0.57807
v -0.43475 0.61964 -0.57829
v -0.59728 0.59462 -0.54571
v -0.59716 0.59167 -0.54558
v -0.54440 0.60324 -0.55908
v -0.54431 0.60032 -0.55890
v -0.79725 0.55151 -0.47827
v 1.06434 0.75000 -0.17957
v -1.03310 0.49022 -0.34130
v -1.01204 0.50520 -0.35790
v 0.23754 0.68611 -0.59116
v 0.23752 0.69056 -0.59141
v -0.52517 0.59968 -0.56107
v -0.52531 0.60306 -0.56123
v 0.99638 0.70910 0.26243
v 0.99384 0.71038 0.26351
v 0.99064 0.69761 0.26690
v 1.01118 0.73295 0.22851
v 1.00902 0.73461 0.22893
v 0.99995 0.72494 0.25127
v 0.99798 0.72339 0.25294
v 0.99756 0.72153 0.25584
v 1.00362 0.75468 -0.28692
v 1.00464 0.75298 -0.28876
v 0.06371 0.67760 -0.59681
v 0.99995 0.72494 0.25127
v -0.66427 0.58385 -0.52501
v 0.92456 0.24439 0.27448
v 0.92597 0.24691 0.27497
v 0.92274 0.24614 0.27546
v 1.00566 0.75475 -0.28082
v 1.00675 0.75305 -0.28236
v -0.52418 0.60516 -0.55969
v 0.23758 0.69216 -0.58827
v -1.04527 0.43006 -0.32365
v 0.92274 0.24614 0.27546
v 0.21430 0.69111 -0.58944
v 0.51179 0.71782 -0.54257
v -0.33882 0.63318 -0.58773
v -0.54337 0.60491 -0.55724
v 1.01658 0.73648 0.21486
v 1.01433 0.73819 0.21490
v -1.04224 0.45873 -0.32841
v -1.03961 0.47613 -0.33343
v 0.15018 0.68594 -0.59286
v -0.59619 0.59632 -0.54390
v 0.38295 0.70772 -0.56565
v -0.43377 0.62103 -0.57596
v 0.99771 0.70918 0.25922
v 1.01192 0.75024 -0.27818
v 1.00600 0.75018 -0.28207
v 1.00600 0.75018 -0.28207
v 1.00383 0.75013 -0.28855
v 1.04045 0.75020 -0.23734
v 0.96913 0.74904 -0.33445
v 1.01647 0.73398 0.21265
v 1.01142 0.73104 0.22523
v 0.84517 0.38561 0.04262
v -0.26809 0.23594 0.08373
v -0.26507 0.23656 0.08036
v -0.25702 0.32148 0.09032
v -0.25997 0.32162 0.09381
v -0.27134 0.41343 0.07555
v -0.27574 0.41286 0.07660
v -0.26449 0.32139 0.09463
v -0.25997 0.32162 0.09381
v -0.27131 0.22219 0.07630
v -0.26809 0.22347 0.07329
v -0.27606 0.21518 0.06584
v -0.27249 0.21689 0.06344
v -0.27131 0.22219 0.07630
v -0.27555 0.22340 0.07766
v -0.28138 0.21683 0.06785
v -0.27606 0.21518 0.06584
v -0.26809 0.23594 0.08373
v -0.27255 0.23646 0.08467
v -0.27134 0.41343 0.07555
v -0.26834 0.41266 0.07217
v -0.27021 0.42046 0.06920
v -0.27324 0.42139 0.07251
v -0.27324 0.42139 0.07251
v -0.27760 0.42066 0.07364
v -0.27324 0.42139 0.07251
v -0.28426 0.21392 0.05165
v -0.28041 0.21469 0.04970
v -0.27249 0.21689 0.06344
v -0.27606 0.21518 0.06584
v -0.29339 0.21419 0.03605
v -0.29339 0.21419 0.03605
v -0.28426 0.21392 0.05165
v -0.28783 0.21462 0.05411
v -0.27606 0.21518 0.06584
v -0.28138 0.21683 0.06785
v 0.92094 0.23546 0.27402
v 0.92456 0.24439 0.27448
v 0.78828 0.37211 0.25007
v 0.78732 0.36710 0.25721
v -1.03434 0.42467 0.22193
v -1.02790 0.43514 0.21653
v -0.64500 0.22968 -0.40132
v -0.64388 0.21569 -0.39179
v -0.43885 0.21689 -0.44157
v -0.43886 0.22885 -0.44554
v 0.82605 0.38610 -0.10201
v 0.82262 0.22499 -0.06576
vt 0.32905 0.45647
vt 0.33092 0.43373
vt 0.38613 0.43377
vt 0.38433 0.45645
vt 0.88099 0.41534
vt 0.82529 0.41782
vt 0.82085 0.40744
vt 0.87579 0.40431
vt 0.63464 0.70255
vt 0.64486 0.70501
vt 0.64006 0.71552
vt 0.62950 0.71307
vt 0.79299 0.51340
vt 0.79291 0.51196
vt 0.80344 0.50758
vt 0.80359 0.50951
vt 0.79208 0.51083
vt 0.80320 0.50652
vt 0.80344 0.50758
vt 0.79291 0.51196
vt 0.92489 0.23504
vt 0.92323 0.21063
vt 0.95551 0.20863
vt 0.95949 0.23154
vt 0.75619 0.81448
vt 0.76997 0.81281
vt 0.77219 0.83661
vt 0.75762 0.83834
vt 0.95251 0.64828
vt 0.95543 0.65979
vt 0.93517 0.66541
vt 0.93190 0.65499
vt 0.95706 0.67568
vt 0.93743 0.67974
vt 0.71798 0.95715
vt 0.73205 0.96215
vt 0.72744 0.97327
vt 0.71353 0.96717
vt 0.74953 0.96555
vt 0.74523 0.97705
vt 0.37981 0.49401
vt 0.32702 0.49436
vt 0.86419 0.69960
vt 0.84736 0.70174
vt 0.83776 0.67569
vt 0.85546 0.67503
vt 0.82659 0.70322
vt 0.81774 0.67631
vt 0.93170 0.34128
vt 0.96730 0.33996
vt 0.95203 0.36495
vt 0.57839 0.06598
vt 0.57886 0.03934
vt 0.60219 0.03937
vt 0.60183 0.06591
vt 0.62508 0.06549
vt 0.62408 0.09392
vt 0.60113 0.09450
vt 0.06817 0.25565
vt 0.02723 0.25439
vt 0.02959 0.20488
vt 0.06982 0.20636
vt 0.04722 0.37925
vt 0.06247 0.38720
vt 0.05238 0.40598
vt 0.03656 0.39800
vt 0.08177 0.39506
vt 0.07316 0.41373
vt 0.38274 0.71919
vt 0.38934 0.72035
vt 0.38210 0.72856
vt 0.37531 0.72738
vt 0.40714 0.64984
vt 0.40138 0.64988
vt 0.40019 0.64482
vt 0.81560 0.10207
vt 0.78601 0.10281
vt 0.78602 0.05835
vt 0.81557 0.05820
vt 0.38195 0.60725
vt 0.38659 0.60748
vt 0.38808 0.62466
vt 0.38217 0.62459
vt 0.82915 0.54646
vt 0.88076 0.56051
vt 0.87336 0.56846
vt 0.82197 0.55436
vt 0.89457 0.50331
vt 0.84189 0.49831
vt 0.84069 0.49417
vt 0.89560 0.50097
vt 0.20114 0.55202
vt 0.25411 0.57405
vt 0.25113 0.58904
vt 0.19606 0.56895
vt 0.30033 0.58853
vt 0.29911 0.60433
vt 0.21127 0.95936
vt 0.22268 0.92307
vt 0.25070 0.92862
vt 0.23934 0.96233
vt 0.28905 0.93031
vt 0.28063 0.96349
vt 0.30302 0.24633
vt 0.30400 0.21745
vt 0.30706 0.21793
vt 0.17012 0.66057
vt 0.10810 0.62802
vt 0.11949 0.60865
vt 0.17630 0.63347
vt 0.06743 0.59734
vt 0.07449 0.58146
vt 0.29046 0.05347
vt 0.28980 0.02846
vt 0.31278 0.02572
vt 0.31348 0.05106
vt 0.16504 0.12944
vt 0.16396 0.10668
vt 0.21997 0.10565
vt 0.22126 0.12820
vt 0.12740 0.92680
vt 0.12318 0.89360
vt 0.14975 0.90498
vt 0.14841 0.93796
vt 0.17305 0.91226
vt 0.16855 0.94452
vt 0.59901 0.81781
vt 0.59064 0.82062
vt 0.58803 0.79636
vt 0.59443 0.79662
vt 0.57721 0.82603
vt 0.57464 0.80075
vt 0.82053 0.22998
vt 0.82024 0.20725
vt 0.84713 0.20835
vt 0.84773 0.23127
vt 0.82067 0.88365
vt 0.82133 0.83214
vt 0.83830 0.83120
vt 0.83893 0.88805
vt 0.80179 0.87452
vt 0.80389 0.83335
vt 0.93262 0.75570
vt 0.92235 0.74878
vt 0.93484 0.73083
vt 0.94648 0.73453
vt 0.94677 0.71105
vt 0.96079 0.71054
vt 0.84337 0.93536
vt 0.84675 0.94765
vt 0.82389 0.95523
vt 0.82311 0.94157
vt 0.79570 0.96208
vt 0.79786 0.94740
vt 0.84847 0.27995
vt 0.82046 0.27845
vt 0.87774 0.23278
vt 0.87950 0.28134
vt 0.10152 0.05857
vt 0.09874 0.08611
vt 0.07261 0.08468
vt 0.07617 0.05699
vt 0.35421 0.69621
vt 0.32826 0.68763
vt 0.32902 0.64915
vt 0.35337 0.65618
vt 0.29264 0.67423
vt 0.29593 0.63675
vt 0.24542 0.88928
vt 0.27135 0.85515
vt 0.29039 0.85755
vt 0.26687 0.89156
vt 0.31956 0.86002
vt 0.30163 0.89342
vt 0.04460 0.46579
vt 0.04808 0.46976
vt 0.03084 0.49591
vt 0.02669 0.49189
vt 0.05575 0.47848
vt 0.03946 0.50537
vt 0.60141 0.87854
vt 0.59274 0.88118
vt 0.59573 0.85172
vt 0.60387 0.84968
vt 0.57682 0.88810
vt 0.57937 0.85742
vt 0.87682 0.20962
vt 0.90201 0.21044
vt 0.90315 0.23438
vt 0.78340 0.87435
vt 0.78740 0.83491
vt 0.76873 0.87546
vt 0.95418 0.69272
vt 0.97117 0.68872
vt 0.97654 0.66933
vt 0.77080 0.96544
vt 0.77509 0.95044
vt 0.75536 0.95072
vt 0.90577 0.28207
vt 0.92811 0.28217
vt 0.02222 0.51949
vt 0.03121 0.53363
vt 0.03070 0.82087
vt 0.03622 0.79288
vt 0.05103 0.83909
vt 0.35243 0.72922
vt 0.32570 0.72421
vt 0.28460 0.70838
vt 0.41093 0.96203
vt 0.41208 0.93343
vt 0.47131 0.92580
vt 0.46939 0.95157
vt 0.52012 0.91407
vt 0.51549 0.93709
vt 0.35285 0.61763
vt 0.33015 0.61466
vt 0.49884 0.27435
vt 0.45717 0.16890
vt 0.47852 0.17569
vt 0.53204 0.27845
vt 0.86531 0.89668
vt 0.86499 0.83123
vt 0.91732 0.77991
vt 0.90570 0.77447
vt 0.87294 0.92686
vt 0.87398 0.93481
vt 0.86744 0.92318
vt 0.86869 0.92064
vt 0.79279 0.27669
vt 0.79296 0.22820
vt 0.27842 0.82635
vt 0.29333 0.83306
vt 0.32037 0.84063
vt 0.05549 0.45017
vt 0.05943 0.45148
vt 0.06752 0.45919
vt 0.12546 0.71573
vt 0.10368 0.74822
vt 0.10102 0.72113
vt 0.15386 0.71612
vt 0.18084 0.72214
vt 0.13224 0.76752
vt 0.22330 0.05769
vt 0.22306 0.03188
vt 0.25921 0.03052
vt 0.25984 0.05576
vt 0.29080 0.08071
vt 0.26070 0.08290
vt 0.07621 0.86681
vt 0.10099 0.88095
vt 0.08153 0.89791
vt 0.40453 0.33592
vt 0.37975 0.33487
vt 0.37715 0.28440
vt 0.40241 0.28313
vt 0.35477 0.33211
vt 0.35259 0.28539
vt 0.17712 0.80498
vt 0.19903 0.81667
vt 0.16929 0.85614
vt 0.14990 0.84641
vt 0.21304 0.82772
vt 0.18710 0.86480
vt 0.39209 0.36104
vt 0.37202 0.36247
vt 0.35028 0.36315
vt 0.34831 0.18946
vt 0.36704 0.17546
vt 0.33569 0.20543
vt 0.24245 0.84644
vt 0.22778 0.83802
vt 0.25346 0.81033
vt 0.26367 0.81913
vt 0.24406 0.79646
vt 0.45909 0.32885
vt 0.42889 0.33354
vt 0.42909 0.28130
vt 0.46535 0.27958
vt 0.12724 0.83455
vt 0.15862 0.78396
vt 0.44543 0.35372
vt 0.41947 0.35768
vt 0.39333 0.16563
vt 0.42612 0.16424
vt 0.23112 0.75679
vt 0.21132 0.73694
vt 0.57865 0.09743
vt 0.55906 0.09459
vt 0.56005 0.06575
vt 0.15811 0.05951
vt 0.15859 0.03352
vt 0.18972 0.03288
vt 0.18964 0.05894
vt 0.22500 0.08540
vt 0.19109 0.08696
vt 0.03611 0.84695
vt 0.05320 0.85696
vt 0.06553 0.88565
vt 0.05532 0.87614
vt 0.40496 0.43371
vt 0.40379 0.45631
vt 0.80652 0.46352
vt 0.79977 0.44125
vt 0.81437 0.43647
vt 0.81804 0.46256
vt 0.96752 0.41926
vt 0.96239 0.41895
vt 0.95629 0.40690
vt 0.96131 0.40722
vt 0.79338 0.42291
vt 0.80545 0.42042
vt 0.81157 0.43067
vt 0.80011 0.43296
vt 0.83060 0.42842
vt 0.40995 0.50210
vt 0.39924 0.49256
vt 0.41159 0.49103
vt 0.39618 0.50993
vt 0.37897 0.51151
vt 0.80440 0.53284
vt 0.81300 0.53891
vt 0.80658 0.54707
vt 0.79804 0.54068
vt 0.96445 0.57873
vt 0.95966 0.57776
vt 0.96665 0.56649
vt 0.97157 0.56730
vt 0.82310 0.49431
vt 0.82405 0.49719
vt 0.81240 0.49815
vt 0.97567 0.55561
vt 0.97059 0.55459
vt 0.97249 0.54093
vt 0.97755 0.54176
vt 0.83269 0.43268
vt 0.88633 0.42656
vt 0.88847 0.43101
vt 0.81908 0.40447
vt 0.87384 0.40114
vt 0.65109 0.68348
vt 0.64785 0.69670
vt 0.63791 0.69444
vt 0.64149 0.68129
vt 0.83810 0.74778
vt 0.86117 0.74387
vt 0.86204 0.75146
vt 0.83770 0.75549
vt 0.81406 0.50539
vt 0.80886 0.50693
vt 0.92453 0.67273
vt 0.92254 0.65853
vt 0.73099 0.92991
vt 0.74492 0.93157
vt 0.73906 0.94781
vt 0.72578 0.94335
vt 0.76065 0.93294
vt 0.74265 0.98387
vt 0.72336 0.97985
vt 0.87571 0.79059
vt 0.88349 0.79420
vt 0.87502 0.84069
vt 0.86784 0.80602
vt 0.89673 0.92012
vt 0.89226 0.91895
vt 0.90029 0.85485
vt 0.90637 0.85613
vt 0.07328 0.36071
vt 0.07253 0.36782
vt 0.05797 0.36027
vt 0.08854 0.36104
vt 0.09022 0.37549
vt 0.27839 0.18257
vt 0.27735 0.18301
vt 0.27675 0.17926
vt 0.27801 0.17904
vt 0.26654 0.18301
vt 0.26608 0.17949
vt 0.40241 0.69869
vt 0.39756 0.71038
vt 0.39148 0.70909
vt 0.39661 0.69782
vt 0.49798 0.74642
vt 0.52691 0.75002
vt 0.52234 0.75994
vt 0.49288 0.75615
vt 0.38183 0.58251
vt 0.38440 0.58991
vt 0.38171 0.58960
vt 0.93935 0.02927
vt 0.93838 0.02914
vt 0.93756 0.02636
vt 0.93862 0.02662
vt 0.93160 0.02883
vt 0.93074 0.02594
vt 0.88986 0.53895
vt 0.88665 0.55022
vt 0.83704 0.53798
vt 0.84078 0.52689
vt 0.86867 0.57435
vt 0.81717 0.55909
vt 0.90809 0.74126
vt 0.90228 0.73834
vt 0.91298 0.72483
vt 0.91927 0.72652
vt 0.92242 0.71043
vt 0.92940 0.71066
vt 0.96552 0.71100
vt 0.95095 0.73615
vt 0.85413 0.96332
vt 0.82678 0.97314
vt 0.82472 0.96639
vt 0.85034 0.95767
vt 0.79873 0.93004
vt 0.82121 0.92596
vt 0.83920 0.92185
vt 0.92559 0.68718
vt 0.93549 0.69495
vt 0.98060 0.66817
vt 0.97538 0.68808
vt 0.79398 0.98094
vt 0.76592 0.98446
vt 0.76725 0.97728
vt 0.79373 0.97378
vt 0.77853 0.93235
vt 0.89042 0.76790
vt 0.88434 0.76489
vt 0.93646 0.75811
vt 0.92106 0.78162
vt 0.87866 0.93593
vt 0.88178 0.94039
vt 0.87937 0.94332
vt 0.87679 0.94028
vt 0.85981 0.91307
vt 0.97107 0.43547
vt 0.96857 0.43112
vt 0.97385 0.43154
vt 0.97617 0.43608
vt 0.89617 0.40080
vt 0.89822 0.40403
vt 0.41613 0.42959
vt 0.40513 0.42970
vt 0.40525 0.42690
vt 0.41631 0.42680
vt 0.38644 0.42974
vt 0.38642 0.42693
vt 0.81380 0.43459
vt 0.79943 0.43713
vt 0.81351 0.52700
vt 0.81972 0.52199
vt 0.82586 0.52333
vt 0.82167 0.53189
vt 0.80270 0.55015
vt 0.89534 0.57436
vt 0.89090 0.58032
vt 0.91165 0.54413
vt 0.90839 0.55557
vt 0.93220 0.54824
vt 0.92876 0.55989
vt 0.33126 0.42972
vt 0.33107 0.42685
vt 0.88879 0.43313
vt 0.85996 0.43401
vt 0.92312 0.20573
vt 0.95470 0.20467
vt 0.77288 0.44674
vt 0.77175 0.44261
vt 0.78193 0.44068
vt 0.78262 0.44486
vt 0.77064 0.44033
vt 0.78118 0.43817
vt 0.60207 0.03541
vt 0.57891 0.03530
vt 0.60186 0.03300
vt 0.57896 0.03304
vt 0.62479 0.03273
vt 0.62519 0.03526
vt 0.62538 0.03909
vt 0.88933 0.77211
vt 0.90457 0.77860
vt 0.03004 0.17487
vt 0.04904 0.17565
vt 0.03005 0.17760
vt 0.02974 0.18174
vt 0.07013 0.17912
vt 0.06995 0.18311
vt 0.70653 0.03163
vt 0.71254 0.03176
vt 0.71253 0.03580
vt 0.70650 0.03579
vt 0.70531 0.03130
vt 0.70529 0.03572
vt 0.58442 0.58989
vt 0.57867 0.59029
vt 0.57821 0.58802
vt 0.22820 0.69999
vt 0.22209 0.70411
vt 0.16419 0.67258
vt 0.16536 0.67048
vt 0.03505 0.10146
vt 0.01940 0.10233
vt 0.01931 0.09830
vt 0.03489 0.09712
vt 0.06342 0.10144
vt 0.06320 0.09721
vt 0.06372 0.10637
vt 0.03532 0.10641
vt 0.01951 0.10689
vt 0.45561 0.03440
vt 0.45596 0.03125
vt 0.46980 0.03184
vt 0.46944 0.03522
vt 0.02295 0.54948
vt 0.03425 0.56418
vt 0.03319 0.56741
vt 0.31253 0.02154
vt 0.28942 0.02476
vt 0.31225 0.01766
vt 0.28885 0.02153
vt 0.33196 0.01218
vt 0.33168 0.01666
vt 0.33176 0.02223
vt 0.21965 0.10128
vt 0.16376 0.10230
vt 0.21944 0.09809
vt 0.16367 0.09916
vt 0.26822 0.09659
vt 0.26867 0.09988
vt 0.26921 0.10437
vt 0.84676 0.20383
vt 0.81984 0.20286
vt 0.81897 0.19823
vt 0.84547 0.19908
vt 0.87491 0.20048
vt 0.87652 0.20502
vt 0.03958 0.02325
vt 0.02791 0.02143
vt 0.02841 0.01883
vt 0.03987 0.02087
vt 0.05706 0.02548
vt 0.05716 0.02329
vt 0.05665 0.02930
vt 0.03897 0.02719
vt 0.02715 0.02553
vt 0.90184 0.20559
vt 0.90040 0.20158
vt 0.64340 0.03419
vt 0.64357 0.03822
vt 0.64304 0.03141
vt 0.65800 0.02985
vt 0.65829 0.03281
vt 0.65846 0.03710
vt 0.79146 0.20131
vt 0.79213 0.20262
vt 0.79299 0.20650
vt 0.79208 0.20563
vt 0.10353 0.02953
vt 0.13103 0.02999
vt 0.13070 0.03371
vt 0.10335 0.03305
vt 0.10370 0.02712
vt 0.13128 0.02717
vt 0.51470 0.03134
vt 0.51459 0.03373
vt 0.49626 0.03569
vt 0.49614 0.03232
vt 0.54206 0.03231
vt 0.54196 0.03449
vt 0.51437 0.03784
vt 0.54177 0.03867
vt 0.25929 0.02687
vt 0.22362 0.02796
vt 0.25916 0.02416
vt 0.22402 0.02540
vt 0.56117 0.03510
vt 0.56103 0.03915
vt 0.56130 0.03292
vt 0.19034 0.02871
vt 0.15902 0.02941
vt 0.19078 0.02606
vt 0.15932 0.02651
vt 0.24537 0.42882
vt 0.25034 0.42875
vt 0.25006 0.43273
vt 0.24509 0.43264
vt 0.24423 0.42854
vt 0.24436 0.43234
vt 0.41607 0.43357
vt 0.91171 0.43111
vt 0.91193 0.43319
vt 0.93260 0.43197
vt 0.93277 0.43391
vt 0.79933 0.43829
vt 0.83315 0.43483
vt 0.79464 0.44255
vt 0.79460 0.43819
vt 0.79521 0.43513
vt 0.76807 0.44293
vt 0.76663 0.44312
vt 0.76631 0.44250
vt 0.76757 0.44104
vt 0.76663 0.44743
vt 0.91647 0.78369
vt 0.92160 0.78610
vt 0.88308 0.76913
vt 0.01805 0.53959
vt 0.01516 0.51225
vt 0.01815 0.51459
vt 0.60639 0.78508
vt 0.61285 0.81252
vt 0.60970 0.81359
vt 0.60287 0.78566
vt 0.01917 0.48841
vt 0.01782 0.48794
vt 0.02677 0.47342
vt 0.02815 0.47414
vt 0.03823 0.46059
vt 0.03634 0.45925
vt 0.61351 0.84932
vt 0.61602 0.84928
vt 0.61272 0.88045
vt 0.60896 0.87892
vt 0.05334 0.43256
vt 0.05421 0.43822
vt 0.86743 0.80397
vt 0.87436 0.79003
vt 0.91199 0.72442
vt 0.90133 0.73788
vt 0.92140 0.71027
vt 0.92415 0.68605
vt 0.88338 0.76454
vt 0.05837 0.34900
vt 0.05684 0.35970
vt 0.34867 0.10171
vt 0.34753 0.09739
vt 0.34999 0.09757
vt 0.35098 0.10139
vt 0.88217 0.76851
vt 0.83755 0.81098
vt 0.79490 0.53192
vt 0.80246 0.52703
vt 0.97581 0.65270
vt 0.97300 0.64127
vt 0.89864 0.80066
vt 0.91125 0.80585
vt 0.88722 0.84941
vt 0.79165 0.41306
vt 0.80240 0.41036
vt 0.95820 0.58791
vt 0.95331 0.58683
vt 0.83478 0.73536
vt 0.85706 0.73251
vt 0.87357 0.72793
vt 0.87742 0.73801
vt 0.79873 0.70157
vt 0.79334 0.67587
vt 0.76917 0.69871
vt 0.76759 0.67474
vt 0.13306 0.20836
vt 0.13267 0.25690
vt 0.09940 0.25640
vt 0.10040 0.20743
vt 0.10028 0.18433
vt 0.10658 0.40146
vt 0.10098 0.41964
vt 0.13337 0.40515
vt 0.13099 0.42274
vt 0.85286 0.71702
vt 0.83165 0.71928
vt 0.86875 0.71284
vt 0.76954 0.74464
vt 0.80486 0.74761
vt 0.80380 0.75554
vt 0.76796 0.75279
vt 0.11198 0.36980
vt 0.11206 0.38228
vt 0.13554 0.37595
vt 0.13567 0.38667
vt 0.07073 0.17589
vt 0.10032 0.17693
vt 0.10028 0.18023
vt 0.13233 0.17791
vt 0.13240 0.18135
vt 0.13249 0.18542
vt 0.06843 0.35345
vt 0.08850 0.35872
vt 0.34293 0.97771
vt 0.34283 0.97500
vt 0.41176 0.97351
vt 0.41159 0.97502
vt 0.27932 0.97683
vt 0.27935 0.97413
vt 0.18514 0.96447
vt 0.18592 0.96187
vt 0.20868 0.96889
vt 0.20488 0.97074
vt 0.16497 0.95761
vt 0.16591 0.95502
vt 0.47484 0.81904
vt 0.47527 0.82402
vt 0.42067 0.83597
vt 0.42030 0.83250
vt 0.52314 0.81429
vt 0.52327 0.80943
vt 0.01828 0.82879
vt 0.02289 0.82810
vt 0.02809 0.84447
vt 0.02344 0.84624
vt 0.02344 0.84624
vt 0.02204 0.84662
vt 0.01716 0.82891
vt 0.01828 0.82879
vt 0.01642 0.81342
vt 0.01743 0.81344
vt 0.01743 0.81344
vt 0.02171 0.81430
vt 0.58484 0.91447
vt 0.58360 0.91256
vt 0.59532 0.90505
vt 0.59682 0.90702
vt 0.56960 0.92331
vt 0.56818 0.92126
vt 0.29339 0.82362
vt 0.29310 0.82759
vt 0.27905 0.81993
vt 0.27761 0.81514
vt 0.31972 0.83739
vt 0.31941 0.83484
vt 0.15511 0.70442
vt 0.15498 0.70821
vt 0.12406 0.70849
vt 0.12338 0.70476
vt 0.18678 0.71462
vt 0.18779 0.71099
vt 0.09509 0.70983
vt 0.09587 0.71287
vt 0.07189 0.72503
vt 0.06965 0.72243
vt 0.12525 0.93566
vt 0.12385 0.93781
vt 0.07589 0.90947
vt 0.07868 0.90571
vt 0.25151 0.76755
vt 0.24816 0.76993
vt 0.23828 0.74886
vt 0.24112 0.74622
vt 0.25076 0.79022
vt 0.25399 0.78778
vt 0.21971 0.72562
vt 0.21771 0.72879
vt 0.05147 0.88061
vt 0.04948 0.88239
vt 0.03589 0.86453
vt 0.04596 0.88394
vt 0.03388 0.86559
vt 0.05373 0.87853
vt 0.06121 0.89631
vt 0.05706 0.90098
vt 0.06303 0.89427
vt 0.42035 0.83178
vt 0.42030 0.83250
vt 0.36504 0.83087
vt 0.36518 0.82931
vt 0.31967 0.83426
vt 0.31941 0.83484
vt 0.27178 0.81121
vt 0.26215 0.80202
vt 0.26292 0.80061
vt 0.27138 0.80879
vt 0.25399 0.78778
vt 0.25496 0.78628
vt 0.60596 0.78124
vt 0.60267 0.78272
vt 0.60330 0.78012
vt 0.57773 0.78625
vt 0.59291 0.78159
vt 0.59350 0.78376
vt 0.57806 0.78848
vt 0.06858 0.72126
vt 0.06965 0.72243
vt 0.05085 0.73913
vt 0.04948 0.73814
vt 0.03574 0.75612
vt 0.03722 0.75698
vt 0.02120 0.79294
vt 0.01808 0.80094
vt 0.02005 0.79258
vt 0.12338 0.70476
vt 0.09509 0.70983
vt 0.09446 0.70840
vt 0.12325 0.70308
vt 0.24208 0.74481
vt 0.24112 0.74622
vt 0.21971 0.72562
vt 0.22050 0.72414
vt 0.18836 0.70936
vt 0.18779 0.71099
vt 0.15511 0.70442
vt 0.15538 0.70272
vt 0.86457 0.80588
vt 0.62396 0.09631
vt 0.60107 0.09698
vt 0.16523 0.15466
vt 0.16523 0.15728
vt 0.10995 0.15925
vt 0.11001 0.15669
vt 0.06429 0.15882
vt 0.06412 0.16132
vt 0.36290 0.07949
vt 0.35134 0.08083
vt 0.35115 0.07797
vt 0.36267 0.07679
vt 0.33500 0.08177
vt 0.33497 0.07909
vt 0.35355 0.14034
vt 0.34500 0.14569
vt 0.34487 0.14405
vt 0.32988 0.14788
vt 0.32995 0.15010
vt 0.09852 0.08856
vt 0.07231 0.08722
vt 0.04947 0.08281
vt 0.04916 0.08536
vt 0.68039 0.09352
vt 0.67162 0.09402
vt 0.67165 0.09161
vt 0.68042 0.09105
vt 0.65866 0.09476
vt 0.65873 0.09237
vt 0.15846 0.08992
vt 0.12835 0.08952
vt 0.12846 0.08710
vt 0.15840 0.08744
vt 0.29067 0.08253
vt 0.26068 0.08507
vt 0.22514 0.08785
vt 0.19119 0.08942
vt 0.03289 0.86608
vt 0.28079 0.81335
vt 0.29428 0.82118
vt 0.29384 0.82237
vt 0.28034 0.81461
vt 0.31983 0.83322
vt 0.24281 0.74362
vt 0.25366 0.76503
vt 0.25263 0.76606
vt 0.25596 0.78526
vt 0.42028 0.83067
vt 0.47446 0.81594
vt 0.47469 0.81735
vt 0.52321 0.80781
vt 0.52304 0.80642
vt 0.02204 0.78299
vt 0.02611 0.77155
vt 0.02746 0.77209
vt 0.02324 0.78341
vt 0.03451 0.75550
vt 0.02104 0.84691
vt 0.01609 0.82898
vt 0.01531 0.81332
vt 0.06763 0.72033
vt 0.09395 0.70720
vt 0.18863 0.70801
vt 0.22097 0.72284
vt 0.12316 0.70172
vt 0.15551 0.70134
vt 0.35192 0.12410
vt 0.35460 0.12390
vt 0.35658 0.13947
vt 0.63342 0.70224
vt 0.62806 0.71336
vt 0.72948 0.92998
vt 0.73442 0.90425
vt 0.73570 0.90417
vt 0.93067 0.65124
vt 0.95145 0.64415
vt 0.71094 0.96608
vt 0.71602 0.95646
vt 0.84011 0.58965
vt 0.84279 0.61171
vt 0.84267 0.61174
vt 0.03503 0.39724
vt 0.04586 0.37854
vt 0.60674 0.74660
vt 0.60468 0.75871
vt 0.60382 0.75782
vt 0.60568 0.74625
vt 0.38162 0.71916
vt 0.37429 0.72767
vt 0.60538 0.65293
vt 0.60409 0.65279
vt 0.60475 0.64061
vt 0.39583 0.69792
vt 0.39836 0.68419
vt 0.39912 0.68394
vt 0.59908 0.60314
vt 0.60891 0.61272
vt 0.60731 0.61312
vt 0.59780 0.60342
vt 0.38061 0.60730
vt 0.38090 0.62458
vt 0.96815 0.41928
vt 0.96183 0.40709
vt 0.96518 0.57914
vt 0.97233 0.56746
vt 0.98093 0.50808
vt 0.98009 0.50803
vt 0.98040 0.50259
vt 0.63702 0.69347
vt 0.64070 0.67999
vt 0.97204 0.63715
vt 0.97934 0.63506
vt 0.97959 0.63717
vt 0.72432 0.94274
vt 0.70937 0.97275
vt 0.70753 0.97135
vt 0.27164 0.41054
vt 0.27052 0.41103
vt 0.26927 0.40576
vt 0.27026 0.40536
vt 0.60781 0.73716
vt 0.60663 0.73752
vt 0.60737 0.72379
vt 0.60859 0.72305
vt 0.39058 0.70886
vt 0.60311 0.76832
vt 0.60203 0.76751
vt 0.58513 0.58958
vt 0.58935 0.59323
vt 0.58814 0.59352
vt 0.38031 0.58960
vt 0.38029 0.58249
vt 0.61099 0.61493
vt 0.61031 0.61536
vt 0.97443 0.43166
vt 0.97703 0.43565
vt 0.95894 0.58852
vt 0.95533 0.59459
vt 0.95457 0.59427
vt 0.97651 0.55604
vt 0.25852 0.36485
vt 0.25677 0.36500
vt 0.21873 0.36850
vt 0.38109 0.58012
vt 0.97682 0.43803
vt 0.87490 0.72758
vt 0.87844 0.73767
vt 0.64287 0.66161
vt 0.64385 0.66182
vt 0.26428 0.38901
vt 0.26538 0.38872
vt 0.86504 0.69963
vt 0.86987 0.71248
vt 0.26033 0.37166
vt 0.25916 0.37196
vt 0.80340 0.73445
vt 0.77005 0.73125
vt 0.80186 0.71813
vt 0.77007 0.71536
vt 0.11049 0.36708
vt 0.13573 0.37360
vt 0.74342 0.69638
vt 0.74356 0.67331
vt 0.71581 0.69323
vt 0.71667 0.67089
vt 0.27890 0.25561
vt 0.27791 0.25568
vt 0.27788 0.21001
vt 0.27890 0.20994
vt 0.15875 0.40482
vt 0.15854 0.42209
vt 0.18736 0.40130
vt 0.18882 0.41838
vt 0.63605 0.72413
vt 0.62526 0.72178
vt 0.15846 0.37727
vt 0.15889 0.38680
vt 0.18492 0.37505
vt 0.18583 0.38362
vt 0.16152 0.17849
vt 0.16154 0.18198
vt 0.19340 0.17887
vt 0.19345 0.18235
vt 0.19359 0.18642
vt 0.16168 0.18604
vt 0.50164 0.73688
vt 0.53003 0.74001
vt 0.55609 0.74247
vt 0.55335 0.75299
vt 0.55877 0.65422
vt 0.53481 0.65395
vt 0.53664 0.64119
vt 0.50867 0.65350
vt 0.93941 0.09693
vt 0.93855 0.09665
vt 0.93837 0.05573
vt 0.93923 0.05606
vt 0.48349 0.60964
vt 0.51469 0.60903
vt 0.52053 0.62167
vt 0.48825 0.62313
vt 0.54569 0.60805
vt 0.55269 0.61975
vt 0.53311 0.71733
vt 0.53183 0.73095
vt 0.50406 0.72759
vt 0.50574 0.71405
vt 0.55870 0.72003
vt 0.55762 0.73363
vt 0.37787 0.73480
vt 0.37110 0.73316
vt 0.50636 0.59118
vt 0.50873 0.59620
vt 0.47862 0.59592
vt 0.47707 0.59004
vt 0.54004 0.59153
vt 0.54145 0.59600
vt 0.81565 0.03151
vt 0.78606 0.03130
vt 0.78568 0.02802
vt 0.81519 0.02841
vt 0.75870 0.03159
vt 0.75843 0.02826
vt 0.84830 0.02791
vt 0.84886 0.03097
vt 0.88127 0.02738
vt 0.88192 0.03039
vt 0.88191 0.03441
vt 0.84884 0.03500
vt 0.81564 0.03542
vt 0.45057 0.58906
vt 0.42671 0.58501
vt 0.42660 0.58685
vt 0.76417 0.90512
vt 0.74940 0.90473
vt 0.75423 0.87574
vt 0.74038 0.87582
vt 0.88155 0.91367
vt 0.87891 0.91951
vt 0.87039 0.91360
vt 0.87281 0.90533
vt 0.32630 0.51850
vt 0.80818 0.61572
vt 0.82641 0.61381
vt 0.83087 0.64817
vt 0.81167 0.64914
vt 0.84841 0.64725
vt 0.96352 0.28083
vt 0.02375 0.31344
vt 0.06582 0.31398
vt 0.50675 0.69641
vt 0.47680 0.69348
vt 0.47796 0.67544
vt 0.50762 0.67748
vt 0.44751 0.69016
vt 0.44880 0.67308
vt 0.78614 0.14695
vt 0.81573 0.14446
vt 0.75862 0.10335
vt 0.75874 0.14896
vt 0.89427 0.51700
vt 0.89305 0.52794
vt 0.84249 0.51797
vt 0.84251 0.50890
vt 0.84214 0.90556
vt 0.82115 0.90602
vt 0.80072 0.90289
vt 0.84614 0.34333
vt 0.87789 0.34138
vt 0.81572 0.34642
vt 0.78018 0.90438
vt 0.90886 0.34110
vt 0.86505 0.90545
vt 0.79463 0.34512
vt 0.79428 0.33970
vt 0.30393 0.52168
vt 0.30489 0.49477
vt 0.28456 0.49533
vt 0.28342 0.52451
vt 0.40624 0.50913
vt 0.40372 0.51171
vt 0.39414 0.51497
vt 0.82699 0.51545
vt 0.82607 0.50614
vt 0.81646 0.51506
vt 0.91682 0.50505
vt 0.91618 0.52016
vt 0.93710 0.50627
vt 0.93622 0.52262
vt 0.81351 0.51735
vt 0.81155 0.51991
vt 0.81132 0.52142
vt 0.88956 0.92476
vt 0.89293 0.92774
vt 0.78169 0.51421
vt 0.77964 0.50593
vt 0.78956 0.50257
vt 0.76590 0.64927
vt 0.76368 0.61656
vt 0.78707 0.61683
vt 0.78939 0.64951
vt 0.09803 0.31350
vt 0.13225 0.31246
vt 0.73902 0.87591
vt 0.74229 0.83997
vt 0.74373 0.83981
vt 0.84902 0.64722
vt 0.85606 0.67505
vt 0.60673 0.68193
vt 0.60778 0.70447
vt 0.60651 0.70414
vt 0.60544 0.68165
vt 0.40052 0.65026
vt 0.40046 0.66884
vt 0.39970 0.66914
vt 0.97840 0.54216
vt 0.97870 0.52681
vt 0.97954 0.52703
vt 0.64580 0.61023
vt 0.64685 0.61027
vt 0.64570 0.63932
vt 0.64467 0.63924
vt 0.65609 0.61066
vt 0.65495 0.64038
vt 0.27790 0.30425
vt 0.27886 0.30403
vt 0.26707 0.25584
vt 0.26705 0.30509
vt 0.60094 0.70364
vt 0.60001 0.68134
vt 0.93855 0.13066
vt 0.93939 0.13071
vt 0.93169 0.09675
vt 0.93172 0.13137
vt 0.60523 0.81538
vt 0.59816 0.79130
vt 0.60863 0.84943
vt 0.60574 0.87813
vt 0.59323 0.90143
vt 0.59129 0.89885
vt 0.58155 0.90948
vt 0.56632 0.91803
vt 0.56648 0.91197
vt 0.58215 0.90395
vt 0.34260 0.97116
vt 0.41113 0.96979
vt 0.27945 0.97028
vt 0.34308 0.96294
vt 0.18690 0.95813
vt 0.20935 0.96519
vt 0.16720 0.95138
vt 0.18868 0.95173
vt 0.08057 0.90345
vt 0.12696 0.93283
vt 0.06534 0.89176
vt 0.03132 0.83179
vt 0.23979 0.77739
vt 0.52268 0.82025
vt 0.47515 0.83008
vt 0.42058 0.84010
vt 0.03478 0.55092
vt 0.02182 0.53677
vt 0.34402 0.12454
vt 0.32914 0.12523
vt 0.32678 0.10308
vt 0.34114 0.10229
vt 0.55595 0.83633
vt 0.55433 0.80948
vt 0.52300 0.84773
vt 0.07190 0.49591
vt 0.05742 0.52397
vt 0.10004 0.51892
vt 0.08759 0.54802
vt 0.55389 0.90075
vt 0.55664 0.86889
vt 0.52278 0.88155
vt 0.04656 0.55500
vt 0.08280 0.47551
vt 0.10923 0.49825
vt 0.04504 0.58762
vt 0.04654 0.58570
vt 0.06040 0.60863
vt 0.06175 0.60629
vt 0.34017 0.09807
vt 0.32600 0.09898
vt 0.32509 0.09604
vt 0.33883 0.09487
vt 0.34681 0.09231
vt 0.59350 0.78376
vt 0.58982 0.78989
vt 0.57588 0.79433
vt 0.57806 0.78848
vt 0.54889 0.93524
vt 0.51800 0.94922
vt 0.51699 0.94669
vt 0.54775 0.93287
vt 0.55600 0.79786
vt 0.55594 0.79584
vt 0.52327 0.80943
vt 0.30625 0.15346
vt 0.30623 0.15083
vt 0.27120 0.15479
vt 0.27121 0.15207
vt 0.57776 0.78436
vt 0.59318 0.78028
vt 0.54610 0.92975
vt 0.51563 0.94331
vt 0.54615 0.92435
vt 0.79707 0.46472
vt 0.78462 0.46718
vt 0.75868 0.05850
vt 0.70645 0.05868
vt 0.70530 0.05863
vt 0.71248 0.05868
vt 0.03679 0.13217
vt 0.02078 0.13270
vt 0.06521 0.13156
vt 0.11042 0.13066
vt 0.33284 0.04899
vt 0.34885 0.04810
vt 0.36078 0.04795
vt 0.27089 0.12707
vt 0.30570 0.12612
vt 0.05336 0.05501
vt 0.03511 0.05299
vt 0.02291 0.05134
vt 0.67126 0.06292
vt 0.67962 0.06233
vt 0.65885 0.06377
vt 0.64357 0.06470
vt 0.12962 0.05943
vt 0.24346 0.45540
vt 0.24267 0.45515
vt 0.24846 0.45548
vt 0.41591 0.45619
vt 0.77468 0.46959
vt 0.76796 0.47100
vt 0.91754 0.80813
vt 0.26705 0.20992
vt 0.16228 0.20894
vt 0.19405 0.20932
vt 0.93147 0.05567
vt 0.84875 0.05783
vt 0.88178 0.05724
vt 0.41925 0.43351
vt 0.41960 0.45613
vt 0.41383 0.49913
vt 0.41505 0.49058
vt 0.78742 0.41434
vt 0.78672 0.41147
vt 0.79056 0.41026
vt 0.37868 0.51835
vt 0.78865 0.42413
vt 0.42042 0.42686
vt 0.41915 0.42952
vt 0.42007 0.42872
vt 0.09509 0.33638
vt 0.06165 0.33767
vt 0.70520 0.17029
vt 0.70534 0.15274
vt 0.70643 0.15264
vt 0.70637 0.17155
vt 0.23922 0.52979
vt 0.24004 0.52961
vt 0.24000 0.54227
vt 0.23920 0.54188
vt 0.16201 0.31105
vt 0.16126 0.33258
vt 0.13086 0.33454
vt 0.84893 0.14112
vt 0.84893 0.15719
vt 0.81566 0.16136
vt 0.78605 0.16467
vt 0.75867 0.16750
vt 0.82243 0.35909
vt 0.84984 0.36185
vt 0.88241 0.36448
vt 0.91005 0.36554
vt 0.30426 0.53257
vt 0.28359 0.53634
vt 0.41210 0.50446
vt 0.40843 0.50908
vt 0.26646 0.32516
vt 0.93187 0.14511
vt 0.49786 0.34038
vt 0.51540 0.32803
vt 0.51828 0.33076
vt 0.49990 0.34347
vt 0.47879 0.35031
vt 0.47998 0.35361
vt 0.47805 0.34641
vt 0.46293 0.35606
vt 0.46372 0.35944
vt 0.44466 0.35978
vt 0.44531 0.36320
vt 0.46488 0.34993
vt 0.41838 0.36368
vt 0.41889 0.36714
vt 0.39028 0.36719
vt 0.39063 0.37069
vt 0.37017 0.36921
vt 0.36947 0.37290
vt 0.34883 0.37014
vt 0.34874 0.37355
vt 0.32503 0.73120
vt 0.35150 0.73615
vt 0.35053 0.74070
vt 0.32435 0.73429
vt 0.28218 0.71568
vt 0.28055 0.71993
vt 0.10444 0.63336
vt 0.16736 0.66737
vt 0.10089 0.63683
vt 0.07954 0.62174
vt 0.06463 0.60186
vt 0.02648 0.54762
vt 0.03454 0.55929
vt 0.02243 0.48953
vt 0.03126 0.47561
vt 0.04099 0.46264
vt 0.05512 0.44482
vt 0.06134 0.44540
vt 0.06204 0.44103
vt 0.07056 0.45365
vt 0.07239 0.45001
vt 0.08604 0.46999
vt 0.08819 0.46655
vt 0.11218 0.49264
vt 0.11424 0.48913
vt 0.25511 0.56901
vt 0.20312 0.54688
vt 0.20476 0.54316
vt 0.25596 0.56499
vt 0.30031 0.58312
vt 0.30027 0.57877
vt 0.31881 0.20617
vt 0.30724 0.21044
vt 0.30608 0.20575
vt 0.31743 0.20175
vt 0.33280 0.19650
vt 0.33115 0.19243
vt 0.32058 0.21448
vt 0.38859 0.15311
vt 0.36175 0.16340
vt 0.36002 0.15988
vt 0.38783 0.14951
vt 0.42240 0.15246
vt 0.42286 0.14877
vt 0.45389 0.15919
vt 0.45530 0.15566
vt 0.48196 0.17131
vt 0.48415 0.16817
vt 0.50774 0.18353
vt 0.50486 0.18608
vt 0.53423 0.22700
vt 0.52336 0.20550
vt 0.52675 0.20369
vt 0.53783 0.22577
vt 0.53941 0.24794
vt 0.54306 0.24722
vt 0.53677 0.29221
vt 0.53814 0.28485
vt 0.54184 0.28533
vt 0.54037 0.29316
vt 0.53336 0.30286
vt 0.53680 0.30443
vt 0.01541 0.13295
vt 0.01457 0.10692
vt 0.36483 0.04791
vt 0.36568 0.07652
vt 0.01445 0.10231
vt 0.01449 0.09841
vt 0.36070 0.01376
vt 0.36396 0.01342
vt 0.36410 0.01719
vt 0.36006 0.01714
vt 0.36388 0.02175
vt 0.35971 0.02171
vt 0.27500 0.81184
vt 0.27761 0.81514
vt 0.27435 0.81322
vt 0.02002 0.16329
vt 0.01513 0.16395
vt 0.01525 0.16137
vt 0.02023 0.16088
vt 0.36607 0.07909
vt 0.27524 0.81100
vt 0.27656 0.81114
vt 0.27197 0.80753
vt 0.27459 0.80977
vt 0.34989 0.57884
vt 0.35104 0.58361
vt 0.34594 0.58435
vt 0.34490 0.57961
vt 0.34910 0.59080
vt 0.35325 0.58881
vt 0.30361 0.21167
vt 0.30297 0.20703
vt 0.27435 0.81322
vt 0.27292 0.81683
vt 0.26837 0.81339
vt 0.27178 0.81121
vt 0.27027 0.82310
vt 0.23231 0.88459
vt 0.22070 0.88055
vt 0.25617 0.85181
vt 0.02404 0.78928
vt 0.02236 0.78887
vt 0.02430 0.78532
vt 0.53508 0.28095
vt 0.53167 0.28290
vt 0.02120 0.79294
vt 0.01763 0.05060
vt 0.02185 0.02480
vt 0.68369 0.06202
vt 0.68468 0.09076
vt 0.02274 0.02072
vt 0.02334 0.01804
vt 0.67843 0.02808
vt 0.68251 0.02796
vt 0.68264 0.03085
vt 0.67864 0.03107
vt 0.67875 0.03549
vt 0.68271 0.03520
vt 0.02122 0.78846
vt 0.02236 0.78887
vt 0.02430 0.78532
vt 0.01319 0.08072
vt 0.01354 0.07833
vt 0.01880 0.07912
vt 0.01852 0.08161
vt 0.68464 0.09331
vt 0.02007 0.78808
vt 0.01890 0.79222
vt 0.54284 0.27633
vt 0.54242 0.28146
vt 0.53867 0.28115
vt 0.53911 0.27616
vt 0.49836 0.28517
vt 0.09985 0.82090
vt 0.06631 0.80585
vt 0.05256 0.75733
vt 0.67042 0.03170
vt 0.67017 0.02865
vt 0.67057 0.03612
vt 0.64278 0.09555
vt 0.64290 0.09318
vt 0.01694 0.80066
vt 0.52673 0.31516
vt 0.53000 0.31735
vt 0.07904 0.02764
vt 0.07911 0.02546
vt 0.07878 0.03139
vt 0.03722 0.75698
vt 0.03885 0.75839
vt 0.03077 0.08332
vt 0.03107 0.08077
vt 0.04832 0.73741
vt 0.07875 0.73307
vt 0.54018 0.26491
vt 0.54389 0.26470
vt 0.74203 0.72694
vt 0.74022 0.73990
vt 0.70999 0.73290
vt 0.71281 0.72072
vt 0.45583 0.60945
vt 0.45954 0.62388
vt 0.43297 0.62421
vt 0.43036 0.60880
vt 0.74296 0.71256
vt 0.71439 0.70846
vt 0.45205 0.59479
vt 0.42770 0.59316
vt 0.15855 0.37478
vt 0.18469 0.37285
vt 0.78605 0.03543
vt 0.75868 0.03562
vt 0.68053 0.68817
vt 0.68215 0.66685
vt 0.65327 0.66316
vt 0.22384 0.39562
vt 0.22705 0.41257
vt 0.25665 0.39021
vt 0.25888 0.40743
vt 0.73799 0.74821
vt 0.21851 0.37044
vt 0.22054 0.37824
vt 0.25553 0.37244
vt 0.23341 0.18276
vt 0.26662 0.18706
vt 0.23354 0.18681
vt 0.58131 0.74446
vt 0.57902 0.75541
vt 0.59997 0.74578
vt 0.59805 0.75702
vt 0.59885 0.65272
vt 0.58181 0.65391
vt 0.58340 0.72224
vt 0.58253 0.73583
vt 0.60170 0.72372
vt 0.60095 0.73731
vt 0.73221 0.03172
vt 0.73214 0.02830
vt 0.71269 0.02825
vt 0.40390 0.58467
vt 0.73217 0.15086
vt 0.73212 0.17022
vt 0.71245 0.15219
vt 0.71241 0.17169
vt 0.74173 0.61363
vt 0.71669 0.61108
vt 0.70565 0.59910
vt 0.75374 0.59953
vt 0.19380 0.30926
vt 0.19317 0.33036
vt 0.53383 0.69883
vt 0.55890 0.70078
vt 0.73206 0.10384
vt 0.73217 0.05862
vt 0.71235 0.10419
vt 0.16214 0.25695
vt 0.19394 0.25670
vt 0.23395 0.20968
vt 0.23383 0.30702
vt 0.23324 0.32770
vt 0.46938 0.73295
vt 0.46486 0.74214
vt 0.43168 0.73747
vt 0.43722 0.72855
vt 0.47358 0.64301
vt 0.47912 0.65278
vt 0.44990 0.65178
vt 0.44589 0.70603
vt 0.47554 0.71030
vt 0.47312 0.72344
vt 0.44262 0.71873
vt 0.50608 0.58911
vt 0.55321 0.58888
vt 0.57271 0.60592
vt 0.58093 0.61665
vt 0.59159 0.60393
vt 0.60075 0.61393
vt 0.45989 0.75105
vt 0.55908 0.59112
vt 0.56437 0.59502
vt 0.58229 0.59379
vt 0.91107 0.02948
vt 0.93160 0.03285
vt 0.91107 0.03350
vt 0.42022 0.70186
vt 0.42229 0.68686
vt 0.40481 0.68450
vt 0.88199 0.13743
vt 0.88207 0.15268
vt 0.84882 0.10091
vt 0.88191 0.09957
vt 0.91093 0.05634
vt 0.91118 0.13391
vt 0.91131 0.14842
vt 0.92430 0.41598
vt 0.90378 0.41526
vt 0.91845 0.40453
vt 0.30655 0.45635
vt 0.28629 0.45613
vt 0.92237 0.57079
vt 0.90244 0.56628
vt 0.91456 0.53231
vt 0.93449 0.53578
vt 0.90947 0.42666
vt 0.93026 0.42755
vt 0.28820 0.42933
vt 0.26680 0.42900
vt 0.26632 0.42604
vt 0.28776 0.42642
vt 0.24981 0.42577
vt 0.95387 0.55190
vt 0.95018 0.56377
vt 0.30824 0.42667
vt 0.30858 0.42956
vt 0.30827 0.43357
vt 0.28791 0.43335
vt 0.95447 0.43597
vt 0.95431 0.43395
vt 0.91555 0.57919
vt 0.26182 0.52710
vt 0.26188 0.53980
vt 0.24514 0.52897
vt 0.24514 0.54211
vt 0.96039 0.50258
vt 0.97503 0.50781
vt 0.95848 0.50717
vt 0.93969 0.50242
vt 0.26312 0.49573
vt 0.26494 0.45579
vt 0.24654 0.49599
vt 0.04811 0.57400
vt 0.30302 0.09932
vt 0.30236 0.09626
vt 0.30370 0.10365
vt 0.55600 0.79786
vt 0.55514 0.80315
vt 0.55581 0.79428
vt 0.47459 0.85636
vt 0.41919 0.86252
vt 0.14353 0.54449
vt 0.13250 0.57396
vt 0.18686 0.59860
vt 0.47353 0.89111
vt 0.41531 0.89691
vt 0.15074 0.52530
vt 0.09850 0.63891
vt 0.07755 0.62344
vt 0.47141 0.96492
vt 0.47070 0.96229
vt 0.47484 0.81904
vt 0.22158 0.15579
vt 0.22158 0.15315
vt 0.46968 0.95871
vt 0.04736 0.58083
vt 0.15331 0.51988
vt 0.15529 0.51631
vt 0.33039 0.59295
vt 0.34706 0.93349
vt 0.23799 0.65581
vt 0.24492 0.61974
vt 0.36501 0.86172
vt 0.35455 0.89620
vt 0.23221 0.68804
vt 0.36590 0.84064
vt 0.32366 0.73718
vt 0.27974 0.72559
vt 0.34935 0.74547
vt 0.10888 0.10269
vt 0.10868 0.09913
vt 0.10917 0.10700
vt 0.23705 0.97478
vt 0.23725 0.97213
vt 0.36504 0.83087
vt 0.36554 0.83547
vt 0.29339 0.82362
vt 0.03569 0.16249
vt 0.03590 0.16011
vt 0.36521 0.82807
vt 0.23763 0.96834
vt 0.22960 0.69686
vt 0.32972 0.58635
vt 0.32905 0.58176
vt 0.19644 0.91894
vt 0.32980 0.32937
vt 0.32805 0.28641
vt 0.30447 0.32479
vt 0.30356 0.28482
vt 0.20494 0.87345
vt 0.32791 0.36276
vt 0.30489 0.35821
vt 0.34803 0.01625
vt 0.34874 0.01239
vt 0.34780 0.02141
vt 0.14492 0.95019
vt 0.14610 0.94773
vt 0.26215 0.80202
vt 0.25921 0.80467
vt 0.25151 0.76755
vt 0.31459 0.08128
vt 0.31469 0.07934
vt 0.26365 0.79945
vt 0.14764 0.94436
vt 0.32752 0.36952
vt 0.32723 0.37246
vt 0.30518 0.36624
vt 0.30505 0.36975
vt 0.34396 0.17895
vt 0.34206 0.17523
vt 0.95739 0.52471
vt 0.95587 0.53875
vt 0.97374 0.52625
vt 0.78321 0.51869
vt 0.78274 0.51677
vt 0.71704 0.64674
vt 0.74315 0.64851
vt 0.32676 0.52830
vt 0.03785 0.33764
vt 0.93288 0.36553
vt 0.27861 0.32168
vt 0.27739 0.32314
vt 0.93961 0.14276
vt 0.93872 0.14348
vt 0.70520 0.10433
vt 0.70632 0.10431
vt 0.53424 0.67889
vt 0.55884 0.67990
vt 0.40618 0.66913
vt 0.24062 0.49601
vt 0.24147 0.49612
vt 0.88820 0.93236
vt 0.88482 0.92921
vt 0.88868 0.93263
vt 0.85283 0.91700
vt 0.88178 0.94039
vt 0.87866 0.93593
vt 0.87989 0.93422
vt 0.88440 0.93758
vt 0.86497 0.90957
vt 0.87852 0.74458
vt 0.26008 0.41256
vt 0.22786 0.41770
vt 0.54968 0.76280
vt 0.60378 0.61675
vt 0.58366 0.61970
vt 0.80098 0.40745
vt 0.79443 0.54321
vt 0.91133 0.58525
vt 0.07049 0.41880
vt 0.05023 0.41211
vt 0.88025 0.74356
vt 0.37012 0.73333
vt 0.38246 0.62995
vt 0.38102 0.62992
vt 0.95915 0.40385
vt 0.95971 0.40491
vt 0.62365 0.72211
vt 0.03299 0.40449
vt 0.03106 0.40363
vt 0.12998 0.42794
vt 0.09893 0.42459
vt 0.48981 0.62707
vt 0.46074 0.62813
vt 0.77287 0.50749
vt 0.18908 0.42354
vt 0.15825 0.42732
vt 0.59602 0.76663
vt 0.70712 0.74137
vt 0.38835 0.62981
vt 0.55504 0.62311
vt 0.52248 0.62535
vt 0.42709 0.74534
vt 0.95397 0.40346
vt 0.94954 0.59312
vt 0.23318 0.17926
vt 0.91029 0.02654
vt 0.91630 0.40125
vt 0.70536 0.02778
vt 0.70681 0.02783
vt 0.24385 0.42592
vt 0.24464 0.42627
vt 0.88330 0.93067
vt 0.86549 0.95468
vt 0.87016 0.94703
vt 0.87228 0.95148
vt 0.86701 0.95589
vt 0.43382 0.62878
vt 0.57627 0.76512
vt 0.93685 0.58367
vt 0.93288 0.58987
vt 0.67573 0.71228
vt 0.67180 0.72358
vt 0.67809 0.70225
vt 0.66833 0.73220
vt 0.68376 0.61069
vt 0.64585 0.59781
vt 0.23391 0.25627
vt 0.27852 0.18703
vt 0.27746 0.18715
vt 0.68328 0.64348
vt 0.40578 0.60810
vt 0.40723 0.62450
vt 0.40432 0.59145
vt 0.73219 0.03574
vt 0.58302 0.70241
vt 0.58248 0.68074
vt 0.40773 0.62941
vt 0.40908 0.72405
vt 0.40253 0.73260
vt 0.43185 0.64403
vt 0.42467 0.65063
vt 0.41606 0.71411
vt 0.39818 0.73952
vt 0.91112 0.09788
vt 0.93945 0.03320
vt 0.93856 0.03290
vt 0.42365 0.67075
vt 0.94583 0.41746
vt 0.93981 0.40570
vt 0.94342 0.57488
vt 0.95192 0.42936
vt 0.26652 0.43301
vt 0.93755 0.40234
vt 0.79340 0.53076
vt 0.78550 0.53505
vt 0.78274 0.51677
vt 0.77673 0.51910
vt 0.80203 0.52573
vt 0.80680 0.51357
vt 0.79582 0.51797
vt 0.78627 0.52326
vt 0.80188 0.50061
vt 0.81159 0.51294
vt 0.79552 0.34908
vt 0.96963 0.33973
vt 0.96942 0.36376
vt 0.96725 0.36396
vt 0.02780 0.18138
vt 0.02756 0.20462
vt 0.02148 0.31327
vt 0.02510 0.25419
vt 0.95611 0.20425
vt 0.95721 0.20830
vt 0.02816 0.17719
vt 0.02786 0.17512
vt 0.96154 0.23113
vt 0.96575 0.28062
vt 0.02034 0.33728
vt 0.01823 0.33703
vt 0.92157 0.20224
vt 0.80988 0.59656
vt 0.82679 0.59362
vt 0.91914 0.50172
vt 0.78673 0.59842
vt 0.74267 0.81778
vt 0.87496 0.92513
vt 0.87599 0.92390
vt 0.86963 0.91927
vt 0.86951 0.91853
vt 0.81092 0.35757
vt 0.80658 0.35640
vt 0.79742 0.35208
vt 0.87294 0.92686
vt 0.86869 0.92064
vt 0.78775 0.52457
vt 0.78889 0.52652
vt 0.78060 0.52759
vt 0.79753 0.52031
vt 0.79662 0.51904
vt 0.78775 0.52457
vt 0.79662 0.51904
vt 0.78060 0.52759
vt 0.86402 0.95132
vt 0.86279 0.95163
vt 0.85837 0.94323
vt 0.85925 0.94294
vt 0.86402 0.95132
vt 0.85925 0.94294
vt 0.86513 0.94003
vt 0.85361 0.93183
vt 0.85405 0.93131
vt 0.85405 0.93131
vt 0.85954 0.92865
vt 0.84735 0.91950
vt 0.84875 0.91895
vt 0.84875 0.91895
vt 0.95296 0.20215
vt 0.95516 0.20235
vt 0.79201 0.22817
vt 0.79296 0.22820
vt 0.79279 0.27669
vt 0.79185 0.27664
vt 0.06150 0.33859
vt 0.06133 0.33940
vt 0.03722 0.33930
vt 0.03749 0.33854
vt 0.95210 0.36587
vt 0.95181 0.36664
vt 0.93265 0.36729
vt 0.93292 0.36645
vt 0.79333 0.33962
vt 0.79240 0.33956
vt 0.79091 0.27664
vt 0.81567 0.16228
vt 0.81551 0.16323
vt 0.78591 0.16654
vt 0.78606 0.16559
vt 0.37863 0.51924
vt 0.37860 0.52004
vt 0.32670 0.53002
vt 0.32679 0.52921
vt 0.85008 0.36277
vt 0.84990 0.36357
vt 0.82297 0.36088
vt 0.82313 0.36008
vt 0.91010 0.36644
vt 0.90986 0.36726
vt 0.88235 0.36619
vt 0.88259 0.36539
vt 0.39373 0.51599
vt 0.39386 0.51682
vt 0.30417 0.53430
vt 0.30428 0.53348
vt 0.79299 0.20650
vt 0.79210 0.20653
vt 0.79208 0.20563
vt 0.42077 0.42928
vt 0.42003 0.42957
vt 0.42007 0.42872
vt 0.42003 0.42957
vt 0.42077 0.42928
vt 0.42107 0.43336
vt 0.42023 0.43348
vt 0.13084 0.33547
vt 0.13081 0.33632
vt 0.09493 0.33813
vt 0.09501 0.33730
vt 0.96933 0.36473
vt 0.96936 0.36554
vt 0.96707 0.36564
vt 0.96722 0.36488
vt 0.70641 0.17255
vt 0.70630 0.17347
vt 0.70502 0.17278
vt 0.70525 0.17169
vt 0.24003 0.54319
vt 0.23981 0.54391
vt 0.23896 0.54379
vt 0.23928 0.54296
vt 0.27724 0.32434
vt 0.27732 0.32532
vt 0.26637 0.32704
vt 0.26643 0.32612
vt 0.93868 0.14446
vt 0.93861 0.14534
vt 0.93176 0.14686
vt 0.93187 0.14602
vt 0.79371 0.34525
vt 0.79428 0.33970
vt 0.79463 0.34512
vt 0.39414 0.51497
vt 0.40372 0.51171
vt 0.40225 0.51332
vt 0.79210 0.20653
vt 0.79299 0.20650
vt 0.42146 0.45600
vt 0.42060 0.45607
vt 0.79110 0.22796
vt 0.41960 0.45613
vt 0.41925 0.43351
vt 0.41470 0.49901
vt 0.41383 0.49913
vt 0.41505 0.49058
vt 0.41599 0.49045
vt 0.79627 0.35236
vt 0.79725 0.35318
vt 0.79666 0.35293
vt 0.37868 0.51835
vt 0.42007 0.42872
vt 0.42003 0.42957
vt 0.41915 0.42952
vt 0.41915 0.42952
vt 0.06165 0.33767
vt 0.09509 0.33638
vt 0.70520 0.17029
vt 0.70637 0.17155
vt 0.23920 0.54188
vt 0.24000 0.54227
vt 0.13086 0.33454
vt 0.16126 0.33258
vt 0.16126 0.33351
vt 0.81566 0.16136
vt 0.84893 0.15719
vt 0.84894 0.15811
vt 0.75868 0.16841
vt 0.75867 0.16750
vt 0.78605 0.16467
vt 0.82243 0.35909
vt 0.84984 0.36185
vt 0.88241 0.36448
vt 0.91005 0.36554
vt 0.28361 0.53725
vt 0.28359 0.53634
vt 0.30426 0.53257
vt 0.41312 0.50447
vt 0.41210 0.50446
vt 0.40843 0.50908
vt 0.40980 0.50907
vt 0.26646 0.32516
vt 0.27739 0.32314
vt 0.93187 0.14511
vt 0.93872 0.14348
vt 0.16125 0.33438
vt 0.73214 0.17124
vt 0.73212 0.17022
vt 0.71242 0.17250
vt 0.71241 0.17169
vt 0.19317 0.33036
vt 0.19315 0.33130
vt 0.23324 0.32770
vt 0.23322 0.32866
vt 0.84879 0.15905
vt 0.88207 0.15268
vt 0.88207 0.15359
vt 0.91131 0.14842
vt 0.91131 0.14932
vt 0.26190 0.54072
vt 0.26188 0.53980
vt 0.24516 0.54302
vt 0.24514 0.54211
vt 0.32676 0.52830
vt 0.93288 0.36553
vt 0.41087 0.50931
vt 0.40261 0.51413
vt 0.27861 0.32168
vt 0.27849 0.32319
vt 0.93961 0.14276
vt 0.93955 0.14385
vt 0.79450 0.34895
vt 0.79370 0.34941
vt 0.79281 0.34537
vt 0.80556 0.35699
vt 0.80502 0.35767
vt 0.79721 0.35427
vt 0.79635 0.35393
vt 0.79566 0.35311
vt 0.01967 0.33890
vt 0.02010 0.33821
vt 0.75857 0.16935
vt 0.79721 0.35427
vt 0.28348 0.53807
vt 0.79208 0.20563
vt 0.79210 0.20653
vt 0.79123 0.20606
vt 0.01766 0.33861
vt 0.01809 0.33795
vt 0.93958 0.14476
vt 0.27874 0.32430
vt 0.41682 0.49045
vt 0.79123 0.20606
vt 0.71238 0.17335
vt 0.19313 0.33218
vt 0.88194 0.15450
vt 0.24498 0.54382
vt 0.81027 0.35834
vt 0.80989 0.35913
vt 0.41546 0.49926
vt 0.41399 0.50473
vt 0.73208 0.17220
vt 0.26176 0.54154
vt 0.23317 0.32956
vt 0.91118 0.15019
vt 0.79552 0.34908
vt 0.96725 0.36396
vt 0.96942 0.36376
vt 0.01823 0.33703
vt 0.02034 0.33728
vt 0.95203 0.36495
vt 0.03785 0.33764
vt 0.81092 0.35757
vt 0.80658 0.35640
vt 0.80076 0.81310
vt 0.01358 0.10690
vt 0.01457 0.10692
vt 0.01541 0.13295
vt 0.01353 0.13301
vt 0.36615 0.07651
vt 0.36568 0.07652
vt 0.36483 0.04791
vt 0.36683 0.04800
vt 0.01320 0.10227
vt 0.01445 0.10231
vt 0.01319 0.09827
vt 0.01449 0.09841
vt 0.36586 0.01704
vt 0.36410 0.01719
vt 0.36396 0.01342
vt 0.36557 0.01309
vt 0.36594 0.02174
vt 0.36388 0.02175
vt 0.01362 0.16156
vt 0.01525 0.16137
vt 0.01513 0.16395
vt 0.01375 0.16418
vt 0.36694 0.07893
vt 0.36607 0.07909
vt 0.27552 0.81054
vt 0.35234 0.58339
vt 0.35104 0.58361
vt 0.34989 0.57884
vt 0.35126 0.57850
vt 0.35325 0.58881
vt 0.30400 0.21745
vt 0.30235 0.21207
vt 0.30361 0.21167
vt 0.30116 0.20720
vt 0.30297 0.20703
vt 0.92228 0.78267
vt 0.92235 0.78562
vt 0.60267 0.78272
vt 0.60330 0.78012
vt 0.05085 0.73913
vt 0.05255 0.74154
vt 0.48308 0.03611
vt 0.48362 0.03213
vt 0.44197 0.03039
vt 0.44159 0.03336
vt 0.60676 0.89354
vt 0.01579 0.52548
f 685/685 686/686 687/687
f 687/687 688/688 685/685
f 689/689 690/690 691/691
f 691/691 692/692 689/689
f 693/693 694/694 695/695
f 695/695 696/696 693/693
f 697/697 698/698 699/699
f 699/699 700/700 697/697
f 701/701 702/702 703/703
f 703/703 704/704 701/701
f 705/705 706/706 707/707
f 707/707 708/708 705/705
f 709/709 710/710 711/711
f 711/711 712/712 709/709
f 713/713 714/714 715/715
f 715/715 716/716 713/713
f 714/714 717/717 718/718
f 718/718 715/715 714/714
f 719/719 720/720 721/721
f 721/721 722/722 719/719
f 720/720 723/723 724/724
f 724/724 721/721 720/720
f 685/685 688/688 725/725
f 725/725 726/726 685/685
f 727/727 728/728 729/729
f 729/729 730/730 727/727
f 728/728 731/731 732/732
f 732/732 729/729 728/728
f 733/733 734/734 735/735
f 736/736 737/737 738/738
f 738/738 739/739 736/736
f 740/740 741/741 742/742
f 742/742 739/739 740/740
f 743/743 744/744 745/745
f 745/745 746/746 743/743
f 747/747 748/748 749/749
f 749/749 750/750 747/747
f 751/751 752/752 749/749
f 749/749 748/748 751/751
f 753/753 754/754 755/755
f 755/755 756/756 753/753
f 757/757 758/758 759/759
f 760/760 761/761 762/762
f 762/762 763/763 760/760
f 764/764 765/765 766/766
f 766/766 767/767 764/764
f 768/768 769/769 770/770
f 770/770 771/771 768/768
f 772/772 773/773 774/774
f 774/774 775/775 772/772
f 776/776 777/777 778/778
f 778/778 779/779 776/776
f 780/780 781/781 778/778
f 778/778 777/777 780/780
f 782/782 783/783 784/784
f 784/784 785/785 782/782
f 786/786 787/787 785/785
f 785/785 784/784 786/786
f 788/788 789/789 790/790
f 791/791 792/792 793/793
f 793/793 794/794 791/791
f 795/795 796/796 793/793
f 793/793 792/792 795/795
f 797/797 798/798 799/799
f 799/799 800/800 797/797
f 801/801 802/802 803/803
f 803/803 804/804 801/801
f 805/805 806/806 807/807
f 807/807 808/808 805/805
f 809/809 810/810 808/808
f 808/808 807/807 809/809
f 811/811 812/812 813/813
f 813/813 814/814 811/811
f 815/815 816/816 813/813
f 813/813 812/812 815/815
f 817/817 818/818 819/819
f 819/819 820/820 817/817
f 821/821 822/822 823/823
f 823/823 824/824 821/821
f 821/821 825/825 826/826
f 826/826 822/822 821/821
f 827/827 828/828 829/829
f 829/829 830/830 827/827
f 831/831 832/832 830/830
f 830/830 829/829 831/831
f 833/833 834/834 835/835
f 835/835 836/836 833/833
f 837/837 838/838 836/836
f 836/836 835/835 837/837
f 820/820 839/839 840/840
f 840/840 817/817 820/820
f 820/820 841/841 842/842
f 842/842 839/839 820/820
f 843/843 844/844 845/845
f 845/845 846/846 843/843
f 847/847 848/848 849/849
f 849/849 850/850 847/847
f 851/851 852/852 849/849
f 849/849 848/848 851/851
f 853/853 854/854 855/855
f 855/855 856/856 853/853
f 857/857 858/858 856/856
f 856/856 855/855 857/857
f 859/859 860/860 861/861
f 861/861 862/862 859/859
f 860/860 863/863 864/864
f 864/864 861/861 860/860
f 865/865 866/866 867/867
f 867/867 868/868 865/865
f 866/866 869/869 870/870
f 870/870 867/867 866/866
f 841/841 871/871 872/872
f 872/872 873/873 841/841
f 825/825 874/874 875/875
f 875/875 826/826 825/825
f 874/874 876/876 711/711
f 711/711 875/875 874/874
f 831/831 877/877 878/878
f 878/878 832/832 831/831
f 717/717 879/879 878/878
f 878/878 877/877 717/717
f 837/837 880/880 881/881
f 881/881 838/838 837/837
f 723/723 882/882 881/881
f 881/881 880/880 723/723
f 841/841 873/873 883/883
f 883/883 842/842 841/841
f 705/705 884/884 883/883
f 883/883 873/873 705/705
f 783/783 853/853 856/856
f 856/856 784/784 783/783
f 858/858 786/786 784/784
f 784/784 856/856 858/858
f 862/862 861/861 885/885
f 861/861 864/864 886/886
f 886/886 885/885 861/861
f 887/887 888/888 889/889
f 890/890 891/891 848/848
f 848/848 847/847 890/890
f 892/892 851/851 848/848
f 848/848 891/891 892/892
f 893/893 894/894 895/895
f 895/895 896/896 893/893
f 897/897 898/898 896/896
f 896/896 895/895 897/897
f 899/899 850/850 849/849
f 849/849 900/900 899/899
f 852/852 781/781 900/900
f 900/900 849/849 852/852
f 901/901 902/902 903/903
f 903/903 904/904 901/901
f 868/868 867/867 812/812
f 812/812 811/811 868/868
f 867/867 870/870 815/815
f 815/815 812/812 867/867
f 905/905 824/824 823/823
f 823/823 906/906 905/905
f 907/907 908/908 828/828
f 828/828 827/827 907/907
f 909/909 910/910 911/911
f 911/911 912/912 909/909
f 913/913 914/914 817/817
f 817/817 840/840 913/913
f 915/915 916/916 855/855
f 855/855 854/854 915/915
f 916/916 917/917 857/857
f 857/857 855/855 916/916
f 918/918 919/919 860/860
f 860/860 859/859 918/918
f 919/919 920/920 863/863
f 863/863 860/860 919/919
f 921/921 922/922 923/923
f 924/924 925/925 926/926
f 926/926 922/922 924/924
f 927/927 928/928 929/929
f 929/929 930/930 927/927
f 797/797 931/931 932/932
f 932/932 930/930 797/797
f 933/933 934/934 935/935
f 936/936 937/937 938/938
f 938/938 939/939 936/936
f 937/937 940/940 941/941
f 941/941 938/938 937/937
f 942/942 943/943 944/944
f 944/944 945/945 942/942
f 943/943 946/946 947/947
f 947/947 944/944 943/943
f 945/945 944/944 807/807
f 807/807 806/806 945/945
f 944/944 947/947 809/809
f 809/809 807/807 944/944
f 948/948 949/949 937/937
f 937/937 936/936 948/948
f 949/949 950/950 940/940
f 940/940 937/937 949/949
f 939/939 938/938 951/951
f 951/951 952/952 939/939
f 938/938 941/941 953/953
f 953/953 951/951 938/938
f 954/954 955/955 956/956
f 956/956 957/957 954/954
f 955/955 946/946 958/958
f 958/958 956/956 955/955
f 959/959 960/960 961/961
f 961/961 962/962 959/959
f 960/960 936/936 939/939
f 939/939 961/961 960/960
f 942/942 945/945 963/963
f 963/963 964/964 942/942
f 965/965 966/966 960/960
f 960/960 959/959 965/965
f 966/966 948/948 936/936
f 936/936 960/960 966/966
f 961/961 967/967 968/968
f 968/968 962/962 961/961
f 961/961 939/939 952/952
f 952/952 967/967 961/961
f 969/969 942/942 964/964
f 964/964 970/970 969/969
f 926/926 925/925 970/970
f 970/970 964/964 926/926
f 736/736 971/971 972/972
f 972/972 973/973 736/736
f 974/974 975/975 976/976
f 976/976 977/977 974/974
f 927/927 978/978 979/979
f 979/979 977/977 927/927
f 980/980 981/981 982/982
f 982/982 983/983 980/980
f 933/933 935/935 982/982
f 982/982 981/981 933/933
f 984/984 985/985 688/688
f 688/688 687/687 984/984
f 986/986 987/987 988/988
f 988/988 989/989 986/986
f 990/990 991/991 992/992
f 992/992 993/993 990/990
f 994/994 995/995 996/996
f 996/996 997/997 994/994
f 995/995 690/690 998/998
f 998/998 996/996 995/995
f 999/999 1000/1000 1001/1001
f 1002/1002 1003/1003 725/725
f 725/725 1000/1000 1002/1002
f 1004/1004 1005/1005 1006/1006
f 1006/1006 1007/1007 1004/1004
f 768/768 771/771 1006/1006
f 1006/1006 1005/1005 768/768
f 1008/1008 1009/1009 1010/1010
f 1010/1010 1011/1011 1008/1008
f 986/986 989/989 1012/1012
f 1012/1012 1013/1013 1014/1014
f 986/986 1012/1012 1014/1014
f 1012/1012 774/774 773/773
f 773/773 1013/1013 1012/1012
f 1015/1015 1016/1016 1017/1017
f 1017/1017 1018/1018 1015/1015
f 1019/1019 998/998 1020/1020
f 1020/1020 1021/1021 1019/1019
f 1022/1022 1023/1023 692/692
f 692/692 691/691 1022/1022
f 1024/1024 1025/1025 1026/1026
f 1026/1026 1027/1027 1024/1024
f 1028/1028 1029/1029 1030/1030
f 1030/1030 1031/1031 1028/1028
f 1032/1032 703/703 702/702
f 1033/1033 700/700 699/699
f 718/718 1034/1034 715/715
f 1035/1035 716/716 715/715
f 715/715 1034/1034 1035/1035
f 1036/1036 1037/1037 1038/1038
f 1038/1038 1039/1039 1036/1036
f 1037/1037 1040/1040 882/882
f 882/882 1038/1038 1037/1037
f 1041/1041 1042/1042 721/721
f 721/721 724/724 1041/1041
f 1043/1043 1044/1044 1045/1045
f 1046/1046 1043/1043 1045/1045
f 1046/1046 1045/1045 906/906
f 1047/1047 1048/1048 1049/1049
f 1049/1049 1050/1050 1047/1047
f 1051/1051 1052/1052 1053/1053
f 1051/1051 1054/1054 1055/1055
f 1055/1055 1052/1052 1051/1051
f 1056/1056 1057/1057 1058/1058
f 1058/1058 1059/1059 1056/1056
f 1057/1057 1060/1060 1061/1061
f 1061/1061 1058/1058 1057/1057
f 1062/1062 1063/1063 1064/1064
f 1064/1064 1065/1065 1062/1062
f 1066/1066 1067/1067 1068/1068
f 1068/1068 1069/1069 1066/1066
f 1070/1070 1071/1071 1072/1072
f 1073/1073 1074/1074 1075/1075
f 1075/1075 1076/1076 1073/1073
f 1074/1074 1077/1077 1078/1078
f 1078/1078 1075/1075 1074/1074
f 1079/1079 1080/1080 1081/1081
f 1081/1081 1082/1082 1079/1079
f 1083/1083 1084/1084 771/771
f 771/771 770/770 1083/1083
f 1085/1085 1086/1086 1087/1087
f 1087/1087 1088/1088 1085/1085
f 1089/1089 1090/1090 1088/1088
f 1088/1088 1087/1087 1089/1089
f 832/832 1091/1091 1092/1092
f 1092/1092 830/830 832/832
f 1093/1093 1094/1094 1095/1095
f 1095/1095 1096/1096 1093/1093
f 838/838 1097/1097 1098/1098
f 1098/1098 836/836 838/838
f 1099/1099 833/833 836/836
f 836/836 1098/1098 1099/1099
f 1089/1089 1100/1100 1101/1101
f 1101/1101 1090/1090 1089/1089
f 1034/1034 718/718 1101/1101
f 1101/1101 1100/1100 1034/1034
f 879/879 1102/1102 1103/1103
f 1103/1103 878/878 879/879
f 1104/1104 1105/1105 1106/1106
f 1106/1106 1107/1107 1104/1104
f 882/882 1040/1040 1108/1108
f 1108/1108 881/881 882/882
f 838/838 881/881 1108/1108
f 1108/1108 1097/1097 838/838
f 1109/1109 1110/1110 1086/1086
f 1086/1086 1085/1085 1109/1109
f 827/827 1111/1111 1112/1112
f 1112/1112 907/907 827/827
f 1113/1113 1114/1114 1115/1115
f 1115/1115 1116/1116 1113/1113
f 1117/1117 912/912 911/911
f 1118/1118 1119/1119 1120/1120
f 1120/1120 1121/1121 1118/1118
f 692/692 1023/1023 1122/1122
f 1122/1122 1123/1123 692/692
f 1124/1124 1125/1125 1126/1126
f 1126/1126 1127/1127 1124/1124
f 1125/1125 1128/1128 1129/1129
f 1129/1129 1126/1126 1125/1125
f 998/998 1019/1019 1130/1130
f 1130/1130 996/996 998/998
f 1131/1131 997/997 996/996
f 996/996 1130/1130 1131/1131
f 1132/1132 1133/1133 1134/1134
f 1134/1134 1135/1135 1132/1132
f 1082/1082 1081/1081 1135/1135
f 1135/1135 1134/1134 1082/1082
f 1084/1084 1136/1136 1006/1006
f 1006/1006 771/771 1084/1084
f 770/770 1137/1137 1138/1138
f 1138/1138 1083/1083 770/770
f 1080/1080 1079/1079 1139/1139
f 1139/1139 1140/1140 1080/1080
f 1141/1141 1142/1142 1140/1140
f 1140/1140 1139/1139 1141/1141
f 1143/1143 1128/1128 687/687
f 687/687 686/686 1143/1143
f 1143/1143 1144/1144 1129/1129
f 1129/1129 1128/1128 1143/1143
f 1021/1021 1145/1145 1146/1146
f 706/706 1147/1147 1148/1148
f 1148/1148 707/707 706/706
f 1149/1149 1150/1150 1151/1151
f 1151/1151 1152/1152 1149/1149
f 1150/1150 1153/1153 1154/1154
f 1154/1154 1151/1151 1150/1150
f 1155/1155 738/738 737/737
f 737/737 1156/1156 1155/1155
f 1157/1157 1155/1155 1156/1156
f 1156/1156 1158/1158 1157/1157
f 1155/1155 1157/1157 1159/1159
f 1159/1159 1160/1160 1155/1155
f 738/738 1155/1155 1160/1160
f 1160/1160 1161/1161 738/738
f 1162/1162 1109/1109 908/908
f 908/908 1163/1163 1162/1162
f 1109/1109 1085/1085 828/828
f 828/828 908/908 1109/1109
f 1164/1164 1165/1165 1166/1166
f 1167/1167 1166/1166 1168/1168
f 1168/1168 1169/1169 1167/1167
f 1170/1170 1171/1171 1172/1172
f 1172/1172 1173/1173 1170/1170
f 1174/1174 1170/1170 1173/1173
f 1173/1173 1175/1175 1174/1174
f 1176/1176 1177/1177 1178/1178
f 1179/1179 1180/1180 1181/1181
f 1181/1181 1182/1182 1179/1179
f 1183/1183 1184/1184 1185/1185
f 1185/1185 1186/1186 1183/1183
f 1187/1187 1183/1183 1186/1186
f 1186/1186 1188/1188 1187/1187
f 1183/1183 1187/1187 1189/1189
f 1189/1189 1190/1190 1183/1183
f 1184/1184 1183/1183 1190/1190
f 1190/1190 1191/1191 1184/1184
f 1192/1192 1193/1193 1194/1194
f 1194/1194 1195/1195 1192/1192
f 1196/1196 1197/1197 1198/1198
f 1199/1199 799/799 798/798
f 798/798 1200/1200 1199/1199
f 1201/1201 1199/1199 1200/1200
f 1200/1200 1202/1202 1201/1201
f 1199/1199 1201/1201 1203/1203
f 1203/1203 1204/1204 1199/1199
f 799/799 1199/1199 1204/1204
f 1204/1204 1205/1205 799/799
f 1206/1206 803/803 802/802
f 802/802 1207/1207 1206/1206
f 1208/1208 1206/1206 1207/1207
f 1207/1207 1209/1209 1208/1208
f 1206/1206 1208/1208 1210/1210
f 1210/1210 1211/1211 1206/1206
f 803/803 1206/1206 1211/1211
f 1211/1211 1212/1212 803/803
f 1213/1213 819/819 818/818
f 818/818 1214/1214 1213/1213
f 1214/1214 1215/1215 1216/1216
f 1216/1216 1213/1213 1214/1214
f 1213/1213 1216/1216 1217/1217
f 1217/1217 1218/1218 1213/1213
f 819/819 1213/1213 1218/1218
f 1218/1218 871/871 819/819
f 1219/1219 1220/1220 1221/1221
f 1221/1221 1222/1222 1219/1219
f 1223/1223 1219/1219 1222/1222
f 1222/1222 1224/1224 1223/1223
f 1219/1219 1223/1223 1225/1225
f 1225/1225 1226/1226 1219/1219
f 1220/1220 1219/1219 1226/1226
f 1226/1226 1227/1227 1220/1220
f 1228/1228 872/872 871/871
f 871/871 1218/1218 1228/1228
f 1218/1218 1217/1217 1229/1229
f 1229/1229 1228/1228 1218/1218
f 872/872 1228/1228 1147/1147
f 1147/1147 706/706 872/872
f 1230/1230 1231/1231 1161/1161
f 1161/1161 1160/1160 1230/1230
f 1232/1232 1230/1230 1160/1160
f 1160/1160 1159/1159 1232/1232
f 1230/1230 1232/1232 1233/1233
f 1233/1233 1234/1234 1230/1230
f 1231/1231 1230/1230 1234/1234
f 1234/1234 1235/1235 1231/1231
f 1236/1236 1215/1215 1214/1214
f 1214/1214 1237/1237 1236/1236
f 1238/1238 1239/1239 1237/1237
f 818/818 1238/1238 1237/1237
f 818/818 1237/1237 1214/1214
f 1240/1240 1241/1241 1242/1242
f 1242/1242 1243/1243 1240/1240
f 1244/1244 1245/1245 1241/1241
f 1241/1241 1240/1240 1244/1244
f 1246/1246 1247/1247 1248/1248
f 1248/1248 1249/1249 1246/1246
f 1247/1247 1246/1246 1250/1250
f 1250/1250 1251/1251 1247/1247
f 1252/1252 1247/1247 1251/1251
f 1251/1251 1253/1253 1252/1252
f 1254/1254 929/929 928/928
f 928/928 1255/1255 1254/1254
f 1256/1256 1254/1254 1255/1255
f 1255/1255 1257/1257 1256/1256
f 1254/1254 1256/1256 1202/1202
f 1202/1202 1200/1200 1254/1254
f 929/929 1254/1254 1200/1200
f 1200/1200 798/798 929/929
f 1258/1258 1259/1259 1253/1253
f 1253/1253 1251/1251 1258/1258
f 1260/1260 1258/1258 1251/1251
f 1251/1251 1250/1250 1260/1260
f 1258/1258 1260/1260 1158/1158
f 1158/1158 1156/1156 1258/1258
f 1259/1259 1258/1258 1156/1156
f 1156/1156 737/737 1259/1259
f 1261/1261 976/976 975/975
f 975/975 1262/1262 1261/1261
f 1263/1263 1261/1261 1262/1262
f 1262/1262 1264/1264 1263/1263
f 1261/1261 1263/1263 1257/1257
f 1257/1257 1255/1255 1261/1261
f 976/976 1261/1261 1255/1255
f 1255/1255 928/928 976/976
f 1265/1265 1266/1266 1267/1267
f 1267/1267 1268/1268 1265/1265
f 1269/1269 1265/1265 1268/1268
f 1268/1268 1270/1270 1269/1269
f 1125/1125 984/984 687/687
f 687/687 1128/1128 1125/1125
f 984/984 1125/1125 1124/1124
f 1124/1124 1271/1271 984/984
f 1272/1272 1273/1273 1145/1145
f 1145/1145 1021/1021 1272/1272
f 1273/1273 1272/1272 1274/1274
f 1274/1274 1275/1275 1273/1273
f 987/987 1276/1276 988/988
f 1130/1130 988/988 1276/1276
f 1276/1276 1131/1131 1130/1130
f 988/988 1130/1130 1019/1019
f 1019/1019 1277/1277 988/988
f 1278/1278 1279/1279 1276/1276
f 1276/1276 987/987 1278/1278
f 1279/1279 1280/1280 1131/1131
f 1131/1131 1276/1276 1279/1279
f 1281/1281 1282/1282 1283/1283
f 1283/1283 1284/1284 1281/1281
f 1150/1150 1149/1149 1285/1285
f 1281/1281 1150/1150 1285/1285
f 1282/1282 1281/1281 1285/1285
f 1286/1286 907/907 1112/1112
f 1112/1112 1287/1287 1286/1286
f 1162/1162 1288/1288 1110/1110
f 1110/1110 1109/1109 1162/1162
f 1289/1289 1290/1290 1291/1291
f 1292/1292 1293/1293 1294/1294
f 1294/1294 1295/1295 1292/1292
f 1296/1296 1297/1297 1298/1298
f 1298/1298 1299/1299 1296/1296
f 1300/1300 1299/1299 1298/1298
f 1298/1298 1301/1301 1300/1300
f 1302/1302 1303/1303 1304/1304
f 1304/1304 1305/1305 1302/1302
f 1291/1291 1290/1290 1297/1297
f 1297/1297 1296/1296 1291/1291
f 1294/1294 1293/1293 1303/1303
f 1303/1303 1302/1302 1294/1294
f 1301/1301 1306/1306 1307/1307
f 1307/1307 1300/1300 1301/1301
f 1308/1308 1309/1309 1043/1043
f 1043/1043 1046/1046 1308/1308
f 1310/1310 1087/1087 1086/1086
f 1086/1086 1311/1311 1310/1310
f 1087/1087 1310/1310 1312/1312
f 1312/1312 1089/1089 1087/1087
f 1089/1089 1312/1312 1313/1313
f 1313/1313 1100/1100 1089/1089
f 1110/1110 1314/1314 1311/1311
f 1311/1311 1086/1086 1110/1110
f 1315/1315 1053/1053 1316/1316
f 1317/1317 1318/1318 1319/1319
f 1319/1319 1320/1320 1317/1317
f 1314/1314 1110/1110 1288/1288
f 1288/1288 1321/1321 1314/1314
f 1046/1046 906/906 823/823
f 823/823 1322/1322 1046/1046
f 998/998 690/690 689/689
f 689/689 1020/1020 998/998
f 1026/1026 1025/1025 694/694
f 694/694 693/693 1026/1026
f 1323/1323 1324/1324 1004/1004
f 1004/1004 1007/1007 1323/1323
f 1325/1325 714/714 713/713
f 713/713 1326/1326 1325/1325
f 1325/1325 879/879 717/717
f 717/717 714/714 1325/1325
f 1038/1038 720/720 719/719
f 719/719 1039/1039 1038/1038
f 1038/1038 882/882 723/723
f 723/723 720/720 1038/1038
f 1327/1327 1328/1328 1049/1049
f 1049/1049 1329/1329 1327/1327
f 1044/1044 1162/1162 1163/1163
f 1163/1163 1327/1327 1044/1044
f 1053/1053 1052/1052 748/748
f 748/748 747/747 1053/1053
f 1052/1052 1055/1055 751/751
f 751/751 748/748 1052/1052
f 1064/1064 1063/1063 754/754
f 754/754 753/753 1064/1064
f 1072/1072 1071/1071 765/765
f 765/765 764/764 1072/1072
f 1080/1080 769/769 768/768
f 768/768 1081/1081 1080/1080
f 828/828 1085/1085 1088/1088
f 1088/1088 829/829 828/828
f 1090/1090 831/831 829/829
f 829/829 1088/1088 1090/1090
f 834/834 1096/1096 1095/1095
f 1095/1095 835/835 834/834
f 1107/1107 837/837 835/835
f 835/835 1095/1095 1107/1107
f 831/831 1090/1090 1101/1101
f 1101/1101 877/877 831/831
f 718/718 717/717 877/877
f 877/877 1101/1101 718/718
f 837/837 1107/1107 1106/1106
f 1106/1106 880/880 837/837
f 724/724 723/723 880/880
f 880/880 1106/1106 724/724
f 909/909 1113/1113 910/910
f 1120/1120 1119/1119 991/991
f 991/991 990/990 1120/1120
f 1330/1330 1331/1331 995/995
f 995/995 994/994 1330/1330
f 1331/1331 691/691 690/690
f 690/690 995/995 1331/1331
f 1004/1004 1132/1132 1135/1135
f 1135/1135 1005/1005 1004/1004
f 1081/1081 768/768 1005/1005
f 1005/1005 1135/1135 1081/1081
f 1332/1332 1333/1333 1009/1009
f 1009/1009 1008/1008 1332/1332
f 1280/1280 1279/1279 1151/1151
f 1151/1151 1154/1154 1280/1280
f 1279/1279 1278/1278 1152/1152
f 1152/1152 1151/1151 1279/1279
f 1286/1286 1163/1163 908/908
f 908/908 907/907 1286/1286
f 1334/1334 1335/1335 1029/1029
f 1029/1029 1028/1028 1334/1334
f 1335/1335 1336/1336 1337/1337
f 1337/1337 1029/1029 1335/1335
f 731/731 1338/1338 1339/1339
f 1339/1339 732/732 731/731
f 1338/1338 1340/1340 1341/1341
f 1341/1341 1339/1339 1338/1338
f 1342/1342 1343/1343 1344/1344
f 1344/1344 1345/1345 1342/1342
f 746/746 1169/1169 1346/1346
f 1346/1346 1345/1345 746/746
f 751/751 1347/1347 1348/1348
f 1348/1348 752/752 751/751
f 1349/1349 1350/1350 1348/1348
f 1348/1348 1347/1347 1349/1349
f 731/731 728/728 1351/1351
f 1351/1351 1352/1352 731/731
f 728/728 727/727 1353/1353
f 1353/1353 1351/1351 728/728
f 1354/1354 1355/1355 1356/1356
f 1356/1356 1357/1357 1354/1354
f 1358/1358 1359/1359 1055/1055
f 1055/1055 1054/1054 1358/1358
f 1358/1358 1360/1360 1361/1361
f 1361/1361 1359/1359 1358/1358
f 1362/1362 1363/1363 1364/1364
f 1364/1364 1168/1168 1362/1362
f 1363/1363 1365/1365 1366/1366
f 1366/1366 1364/1364 1363/1363
f 1364/1364 1366/1366 1367/1367
f 1367/1367 1346/1346 1364/1364
f 1168/1168 1364/1364 1346/1346
f 1346/1346 1169/1169 1168/1168
f 1054/1054 1368/1368 1369/1369
f 1352/1352 1351/1351 1335/1335
f 1335/1335 1334/1334 1352/1352
f 1351/1351 1353/1353 1336/1336
f 1336/1336 1335/1335 1351/1351
f 1055/1055 1359/1359 1347/1347
f 1347/1347 751/751 1055/1055
f 1359/1359 1361/1361 1349/1349
f 1349/1349 1347/1347 1359/1359
f 1370/1370 1371/1371 1372/1372
f 1372/1372 1373/1373 1370/1370
f 1371/1371 1370/1370 1374/1374
f 1374/1374 1375/1375 1371/1371
f 1376/1376 1377/1377 1378/1378
f 1378/1378 1379/1379 1376/1376
f 1377/1377 1376/1376 1380/1380
f 1380/1380 1381/1381 1377/1377
f 1382/1382 1383/1383 1384/1384
f 1384/1384 1385/1385 1382/1382
f 1386/1386 1383/1383 1382/1382
f 1382/1382 1387/1387 1386/1386
f 1388/1388 1389/1389 1390/1390
f 1390/1390 1391/1391 1388/1388
f 1392/1392 1393/1393 1394/1394
f 1394/1394 1395/1395 1392/1392
f 1395/1395 1394/1394 1396/1396
f 1396/1396 1397/1397 1395/1395
f 1398/1398 1399/1399 1389/1389
f 1389/1389 1388/1388 1398/1398
f 1400/1400 1401/1401 1402/1402
f 1402/1402 1403/1403 1400/1400
f 1401/1401 1400/1400 1404/1404
f 1404/1404 1405/1405 1401/1401
f 1406/1406 1407/1407 1408/1408
f 1408/1408 1409/1409 1406/1406
f 1410/1410 1407/1407 1406/1406
f 1406/1406 1411/1411 1410/1410
f 1412/1412 1413/1413 1414/1414
f 1414/1414 1415/1415 1412/1412
f 1416/1416 1413/1413 1412/1412
f 1412/1412 1417/1417 1416/1416
f 1418/1418 1419/1419 1420/1420
f 1420/1420 1421/1421 1418/1418
f 1422/1422 1423/1423 1424/1424
f 1424/1424 1425/1425 1422/1422
f 1426/1426 1427/1427 1428/1428
f 1428/1428 1429/1429 1426/1426
f 1430/1430 1427/1427 1426/1426
f 1426/1426 1431/1431 1430/1430
f 1432/1432 1433/1433 1416/1416
f 1416/1416 1417/1417 1432/1432
f 1428/1428 1433/1433 1432/1432
f 1432/1432 1429/1429 1428/1428
f 1434/1434 1435/1435 1436/1436
f 1435/1435 1437/1437 1438/1438
f 1438/1438 1436/1436 1435/1435
f 1436/1436 1438/1438 1393/1393
f 1393/1393 1392/1392 1436/1436
f 1439/1439 1434/1434 1436/1436
f 1390/1390 1439/1439 1436/1436
f 1391/1391 1390/1390 1436/1436
f 1440/1440 1441/1441 1437/1437
f 1437/1437 1435/1435 1440/1440
f 1442/1442 1440/1440 1435/1435
f 1435/1435 1434/1434 1442/1442
f 1443/1443 1444/1444 1445/1445
f 1445/1445 1446/1446 1443/1443
f 1447/1447 1446/1446 1445/1445
f 1445/1445 1448/1448 1447/1447
f 1449/1449 1450/1450 1451/1451
f 1451/1451 1452/1452 1449/1449
f 1450/1450 1453/1453 1454/1454
f 1454/1454 1451/1451 1450/1450
f 1455/1455 1456/1456 1457/1457
f 1458/1458 1459/1459 1460/1460
f 1460/1460 1461/1461 1458/1458
f 1462/1462 1463/1463 1464/1464
f 1464/1464 1465/1465 1462/1462
f 1466/1466 1465/1465 1464/1464
f 1464/1464 1467/1467 1466/1466
f 1468/1468 1469/1469 1470/1470
f 1471/1471 1472/1472 1473/1473
f 1473/1473 1474/1474 1471/1471
f 1475/1475 1476/1476 1477/1477
f 1477/1477 1478/1478 1475/1475
f 1479/1479 1478/1478 1477/1477
f 1477/1477 1480/1480 1479/1479
f 1479/1479 1480/1480 1481/1481
f 1481/1481 1482/1482 1479/1479
f 1471/1471 1474/1474 1482/1482
f 1482/1482 1481/1481 1471/1471
f 1295/1295 1456/1456 1292/1292
f 1046/1046 1483/1483 1308/1308
f 741/741 1484/1484 1485/1485
f 1485/1485 742/742 741/741
f 971/971 742/742 1485/1485
f 1486/1486 1487/1487 1488/1488
f 1488/1488 1489/1489 1486/1486
f 1490/1490 1489/1489 1488/1488
f 1488/1488 1491/1491 1490/1490
f 1492/1492 1493/1493 1494/1494
f 1494/1494 1495/1495 1492/1492
f 1493/1493 1496/1496 1497/1497
f 1497/1497 1494/1494 1493/1493
f 1498/1498 1499/1499 1500/1500
f 1501/1501 1500/1500 1499/1499
f 1499/1499 1502/1502 1501/1501
f 844/844 1503/1503 1504/1504
f 1504/1504 845/845 844/844
f 1505/1505 845/845 1504/1504
f 1504/1504 1506/1506 1505/1505
f 1507/1507 1508/1508 1509/1509
f 1509/1509 1510/1510 1507/1507
f 1508/1508 1511/1511 1512/1512
f 1512/1512 1509/1509 1508/1508
f 1513/1513 1514/1514 1515/1515
f 1515/1515 1516/1516 1513/1513
f 931/931 1517/1517 1518/1518
f 1518/1518 932/932 931/931
f 978/978 932/932 1518/1518
f 1518/1518 1519/1519 978/978
f 978/978 1519/1519 1520/1520
f 1520/1520 979/979 978/978
f 1513/1513 1516/1516 979/979
f 979/979 1520/1520 1513/1513
f 1437/1437 1521/1521 1438/1438
f 1522/1522 1523/1523 1524/1524
f 1524/1524 1525/1525 1522/1522
f 1523/1523 1526/1526 1447/1447
f 1447/1447 1524/1524 1523/1523
f 1475/1475 1527/1527 1528/1528
f 1528/1528 1529/1529 1475/1475
f 1454/1454 1529/1529 1528/1528
f 1528/1528 1530/1530 1454/1454
f 1443/1443 1531/1531 1532/1532
f 1532/1532 1533/1533 1443/1443
f 1534/1534 1533/1533 1532/1532
f 1532/1532 1535/1535 1534/1534
f 1536/1536 1537/1537 1538/1538
f 1538/1538 1539/1539 1536/1536
f 1537/1537 1540/1540 1466/1466
f 1466/1466 1538/1538 1537/1537
f 1393/1393 1541/1541 1542/1542
f 1542/1542 1394/1394 1393/1393
f 1396/1396 1394/1394 1542/1542
f 1542/1542 1543/1543 1396/1396
f 1544/1544 1545/1545 1473/1473
f 1473/1473 1462/1462 1544/1544
f 1479/1479 1546/1546 1547/1547
f 1547/1547 1478/1478 1479/1479
f 1527/1527 1475/1475 1478/1478
f 1478/1478 1547/1547 1527/1527
f 1474/1474 1548/1548 1549/1549
f 1549/1549 1482/1482 1474/1474
f 1546/1546 1479/1479 1482/1482
f 1482/1482 1549/1549 1546/1546
f 1550/1550 1551/1551 1552/1552
f 1552/1552 1498/1498 1550/1550
f 1317/1317 1320/1320 1551/1551
f 1551/1551 1550/1550 1317/1317
f 1553/1553 693/693 696/696
f 696/696 1554/1554 1553/1553
f 1555/1555 1556/1556 1557/1557
f 1557/1557 1036/1036 1555/1555
f 716/716 1558/1558 1559/1559
f 1559/1559 713/713 716/716
f 722/722 1560/1560 1561/1561
f 1561/1561 719/719 722/722
f 1562/1562 1563/1563 1564/1564
f 750/750 1565/1565 1566/1566
f 1566/1566 747/747 750/750
f 1567/1567 1568/1568 1569/1569
f 1569/1569 1570/1570 1567/1567
f 1571/1571 753/753 756/756
f 756/756 1572/1572 1571/1571
f 1573/1573 1574/1574 1575/1575
f 1576/1576 1577/1577 1578/1578
f 1578/1578 1065/1065 1576/1576
f 1579/1579 1580/1580 1581/1581
f 1581/1581 1582/1582 1579/1579
f 1583/1583 764/764 767/767
f 767/767 1584/1584 1583/1583
f 1585/1585 990/990 993/993
f 993/993 1586/1586 1585/1585
f 1587/1587 1008/1008 1011/1011
f 1011/1011 1588/1588 1587/1587
f 1589/1589 1590/1590 1591/1591
f 1027/1027 1026/1026 1592/1592
f 1592/1592 1593/1593 1027/1027
f 1594/1594 1595/1595 1596/1596
f 1596/1596 1326/1326 1594/1594
f 1039/1039 1597/1597 1555/1555
f 1555/1555 1036/1036 1039/1039
f 1560/1560 722/722 1598/1598
f 1598/1598 1599/1599 1560/1560
f 1600/1600 1601/1601 1602/1602
f 1602/1602 1603/1603 1600/1600
f 1604/1604 1605/1605 1606/1606
f 1606/1606 1607/1607 1604/1604
f 1576/1576 1065/1065 1064/1064
f 1064/1064 1608/1608 1576/1576
f 1568/1568 1609/1609 1610/1610
f 1610/1610 1569/1569 1568/1568
f 1611/1611 1612/1612 1613/1613
f 1613/1613 1176/1176 1611/1611
f 1070/1070 1072/1072 1614/1614
f 1614/1614 1615/1615 1070/1070
f 1616/1616 1617/1617 1581/1581
f 1581/1581 1580/1580 1616/1616
f 1121/1121 1120/1120 1618/1618
f 1618/1618 1619/1619 1121/1121
f 1620/1620 1621/1621 1622/1622
f 1622/1622 1332/1332 1620/1620
f 1623/1623 1588/1588 1011/1011
f 1011/1011 1015/1015 1623/1623
f 1624/1624 1625/1625 1626/1626
f 1615/1615 1627/1627 1070/1070
f 1611/1611 1176/1176 1178/1178
f 1619/1619 1628/1628 1121/1121
f 1592/1592 1026/1026 693/693
f 693/693 1553/1553 1592/1592
f 713/713 1559/1559 1594/1594
f 1594/1594 1326/1326 713/713
f 719/719 1561/1561 1597/1597
f 1597/1597 1039/1039 719/719
f 747/747 1566/1566 1316/1316
f 1316/1316 1053/1053 747/747
f 1567/1567 1570/1570 1605/1605
f 1605/1605 1604/1604 1567/1567
f 1608/1608 1064/1064 753/753
f 753/753 1571/1571 1608/1608
f 1579/1579 1582/1582 1613/1613
f 1613/1613 1612/1612 1579/1579
f 1614/1614 1072/1072 764/764
f 764/764 1583/1583 1614/1614
f 1618/1618 1120/1120 990/990
f 990/990 1585/1585 1618/1618
f 1620/1620 1332/1332 1008/1008
f 1008/1008 1587/1587 1620/1620
f 1336/1336 1629/1629 1630/1630
f 1630/1630 1337/1337 1336/1336
f 1631/1631 1632/1632 1027/1027
f 1027/1027 1593/1593 1631/1631
f 1603/1603 1602/1602 1633/1633
f 1633/1633 1634/1634 1603/1603
f 727/727 1635/1635 1636/1636
f 1636/1636 1353/1353 727/727
f 1637/1637 1638/1638 1625/1625
f 1625/1625 1624/1624 1637/1637
f 1353/1353 1636/1636 1629/1629
f 1629/1629 1336/1336 1353/1353
f 1634/1634 1633/1633 1638/1638
f 1638/1638 1637/1637 1634/1634
f 1639/1639 1355/1355 1354/1354
f 1354/1354 1640/1640 1639/1639
f 1639/1639 1334/1334 1028/1028
f 1028/1028 1355/1355 1639/1639
f 1340/1340 1338/1338 1641/1641
f 1641/1641 1642/1642 1340/1340
f 1338/1338 731/731 1352/1352
f 1352/1352 1641/1641 1338/1338
f 1643/1643 1644/1644 1360/1360
f 1360/1360 1358/1358 1643/1643
f 1369/1369 1643/1643 1358/1358
f 1358/1358 1054/1054 1369/1369
f 1641/1641 1639/1639 1640/1640
f 1640/1640 1642/1642 1641/1641
f 1641/1641 1352/1352 1334/1334
f 1334/1334 1639/1639 1641/1641
f 1340/1340 1645/1645 1646/1646
f 1646/1646 1341/1341 1340/1340
f 1645/1645 1647/1647 1648/1648
f 1648/1648 1646/1646 1645/1645
f 1649/1649 1650/1650 1651/1651
f 1651/1651 1652/1652 1649/1649
f 1349/1349 1653/1653 1654/1654
f 1654/1654 1350/1350 1349/1349
f 1655/1655 1656/1656 1654/1654
f 1654/1654 1653/1653 1655/1655
f 696/696 695/695 1657/1657
f 1657/1657 1658/1658 696/696
f 1659/1659 1660/1660 1361/1361
f 1361/1361 1360/1360 1659/1659
f 1659/1659 1661/1661 1662/1662
f 1662/1662 1660/1660 1659/1659
f 1365/1365 1663/1663 1664/1664
f 1664/1664 1366/1366 1365/1365
f 1663/1663 1665/1665 1666/1666
f 1666/1666 1664/1664 1663/1663
f 1664/1664 1666/1666 1667/1667
f 1667/1667 1668/1668 1664/1664
f 1366/1366 1664/1664 1668/1668
f 1668/1668 1367/1367 1366/1366
f 1361/1361 1660/1660 1653/1653
f 1653/1653 1349/1349 1361/1361
f 1660/1660 1662/1662 1655/1655
f 1655/1655 1653/1653 1660/1660
f 1669/1669 1670/1670 1067/1067
f 1067/1067 1066/1066 1669/1669
f 1671/1671 1672/1672 1067/1067
f 1067/1067 1670/1670 1671/1671
f 1673/1673 1674/1674 1675/1675
f 1674/1674 1676/1676 1675/1675
f 1677/1677 1678/1678 1679/1679
f 1679/1679 1680/1680 1677/1677
f 1681/1681 1682/1682 1683/1683
f 1683/1683 1684/1684 1681/1681
f 1685/1685 1686/1686 1683/1683
f 1683/1683 1682/1682 1685/1685
f 1687/1687 1688/1688 1689/1689
f 1689/1689 1690/1690 1687/1687
f 1687/1687 1691/1691 1692/1692
f 1692/1692 1688/1688 1687/1687
f 756/756 755/755 1693/1693
f 1693/1693 1694/1694 756/756
f 1695/1695 1696/1696 1697/1697
f 1697/1697 1698/1698 1695/1695
f 1695/1695 1699/1699 1700/1700
f 1700/1700 1696/1696 1695/1695
f 1701/1701 1702/1702 1703/1703
f 1703/1703 1704/1704 1701/1701
f 1702/1702 1705/1705 1706/1706
f 1706/1706 1703/1703 1702/1702
f 1707/1707 1708/1708 1701/1701
f 1701/1701 1704/1704 1707/1707
f 1707/1707 1709/1709 1710/1710
f 1710/1710 1708/1708 1707/1707
f 1708/1708 1710/1710 1711/1711
f 1711/1711 1712/1712 1708/1708
f 1701/1701 1708/1708 1712/1712
f 1712/1712 1713/1713 1701/1701
f 1698/1698 1714/1714 1715/1715
f 1714/1714 1716/1716 1715/1715
f 1689/1689 1688/1688 1670/1670
f 1670/1670 1669/1669 1689/1689
f 1688/1688 1692/1692 1671/1671
f 1671/1671 1670/1670 1688/1688
f 1697/1697 1696/1696 1682/1682
f 1682/1682 1681/1681 1697/1697
f 1696/1696 1700/1700 1685/1685
f 1685/1685 1682/1682 1696/1696
f 1717/1717 1718/1718 1719/1719
f 1719/1719 876/876 1717/1717
f 1557/1557 1720/1720 1719/1719
f 1719/1719 1718/1718 1557/1557
f 1721/1721 1722/1722 1723/1723
f 1723/1723 1724/1724 1721/1721
f 1003/1003 1725/1725 726/726
f 726/726 725/725 1003/1003
f 1726/1726 1727/1727 1728/1728
f 1728/1728 1729/1729 1726/1726
f 1564/1564 1730/1730 1728/1728
f 1728/1728 1727/1727 1564/1564
f 884/884 1731/1731 734/734
f 734/734 733/733 884/884
f 1732/1732 744/744 743/743
f 743/743 1733/1733 1732/1732
f 1734/1734 1735/1735 1736/1736
f 1736/1736 1737/1737 1734/1734
f 1738/1738 1739/1739 1736/1736
f 1736/1736 1735/1735 1738/1738
f 1740/1740 761/761 760/760
f 760/760 1741/1741 1740/1740
f 1742/1742 761/761 1740/1740
f 1740/1740 1743/1743 1742/1742
f 1744/1744 1745/1745 1746/1746
f 1746/1746 1747/1747 1744/1744
f 824/824 1748/1748 1749/1749
f 1749/1749 821/821 824/824
f 1750/1750 825/825 821/821
f 821/821 1749/1749 1750/1750
f 1751/1751 839/839 842/842
f 842/842 1752/1752 1751/1751
f 1753/1753 840/840 839/839
f 839/839 1751/1751 1753/1753
f 1750/1750 1754/1754 874/874
f 874/874 825/825 1750/1750
f 1717/1717 876/876 874/874
f 874/874 1754/1754 1717/1717
f 1755/1755 883/883 884/884
f 884/884 733/733 1755/1755
f 842/842 883/883 1755/1755
f 1755/1755 1752/1752 842/842
f 905/905 1756/1756 1748/1748
f 1748/1748 824/824 905/905
f 1753/1753 1757/1757 1758/1758
f 1759/1759 1760/1760 726/726
f 726/726 1725/1725 1759/1759
f 1761/1761 1760/1760 1759/1759
f 1759/1759 1762/1762 1761/1761
f 1002/1002 1763/1763 1764/1764
f 1764/1764 1765/1765 1002/1002
f 1747/1747 1746/1746 1766/1766
f 1766/1766 1767/1767 1747/1747
f 1768/1768 1032/1032 1767/1767
f 1767/1767 1766/1766 1768/1768
f 1744/1744 772/772 1769/1769
f 1769/1769 1770/1770 1744/1744
f 1771/1771 1772/1772 1770/1770
f 1770/1770 1769/1769 1771/1771
f 1768/1768 1133/1133 1773/1773
f 1774/1774 1773/1773 1775/1775
f 1724/1724 1723/1723 1756/1756
f 1756/1756 905/905 1724/1724
f 1776/1776 1048/1048 1047/1047
f 1047/1047 1777/1777 1776/1776
f 1778/1778 1779/1779 1780/1780
f 1780/1780 701/701 1778/1778
f 1048/1048 1776/1776 1722/1722
f 1722/1722 1721/1721 1048/1048
f 1781/1781 1782/1782 1783/1783
f 1783/1783 1784/1784 1781/1781
f 1726/1726 1729/1729 1784/1784
f 1784/1784 1783/1783 1726/1726
f 1785/1785 1344/1344 1343/1343
f 1343/1343 1786/1786 1785/1785
f 743/743 1344/1344 1785/1785
f 1785/1785 1733/1733 743/743
f 1787/1787 1788/1788 1789/1789
f 1789/1789 1720/1720 1787/1787
f 1790/1790 1791/1791 730/730
f 730/730 1730/1730 1790/1790
f 1792/1792 1793/1793 1794/1794
f 1794/1794 1795/1795 1792/1792
f 1796/1796 758/758 1797/1797
f 1797/1797 1798/1798 1796/1796
f 1799/1799 1018/1018 1800/1800
f 1800/1800 1801/1801 1799/1799
f 1802/1802 1803/1803 1804/1804
f 1804/1804 1805/1805 1802/1802
f 1806/1806 1807/1807 1804/1804
f 1804/1804 1803/1803 1806/1806
f 1808/1808 1650/1650 1649/1649
f 1649/1649 1809/1809 1808/1808
f 1810/1810 1650/1650 1808/1808
f 1808/1808 1811/1811 1810/1810
f 1812/1812 1813/1813 1795/1795
f 1795/1795 1794/1794 1812/1812
f 1814/1814 1678/1678 1677/1677
f 1677/1677 1815/1815 1814/1814
f 1816/1816 1678/1678 1814/1814
f 1814/1814 1817/1817 1816/1816
f 1295/1295 1294/1294 1818/1818
f 1818/1818 1819/1819 1295/1295
f 811/811 814/814 1819/1819
f 1819/1819 1818/1818 811/811
f 1294/1294 1302/1302 1820/1820
f 1820/1820 1818/1818 1294/1294
f 868/868 811/811 1818/1818
f 1818/1818 1820/1820 868/868
f 1305/1305 1821/1821 1820/1820
f 1820/1820 1302/1302 1305/1305
f 865/865 868/868 1820/1820
f 1820/1820 1821/1821 865/865
f 1402/1402 1822/1822 1821/1821
f 1821/1821 1305/1305 1402/1402
f 1823/1823 865/865 1821/1821
f 1821/1821 1822/1822 1823/1823
f 1824/1824 1822/1822 1402/1402
f 1402/1402 1401/1401 1824/1824
f 1825/1825 1824/1824 1401/1401
f 1401/1401 1405/1405 1825/1825
f 1824/1824 1825/1825 1826/1826
f 1826/1826 1827/1827 1824/1824
f 1822/1822 1824/1824 1827/1827
f 1827/1827 1823/1823 1822/1822
f 1828/1828 1829/1829 1372/1372
f 1372/1372 1371/1371 1828/1828
f 1830/1830 1828/1828 1371/1371
f 1371/1371 1375/1375 1830/1830
f 1828/1828 1830/1830 787/787
f 787/787 1831/1831 1828/1828
f 1829/1829 1828/1828 1831/1831
f 1831/1831 893/893 1829/1829
f 1832/1832 1833/1833 1378/1378
f 1378/1378 1377/1377 1832/1832
f 1834/1834 1832/1832 1377/1377
f 1377/1377 1381/1381 1834/1834
f 810/810 1832/1832 1834/1834
f 1833/1833 1832/1832 1835/1835
f 1835/1835 782/782 1833/1833
f 1425/1425 1836/1836 1837/1837
f 1837/1837 1422/1422 1425/1425
f 935/935 805/805 1837/1837
f 1837/1837 1836/1836 935/935
f 1838/1838 1836/1836 1425/1425
f 1425/1425 1442/1442 1838/1838
f 1439/1439 1838/1838 1442/1442
f 1442/1442 1434/1434 1439/1439
f 1838/1838 1439/1439 983/983
f 983/983 982/982 1838/1838
f 1836/1836 1838/1838 982/982
f 982/982 935/935 1836/1836
f 980/980 983/983 1439/1439
f 1439/1439 1390/1390 980/980
f 1389/1389 1399/1399 887/887
f 887/887 1839/1839 1389/1389
f 1390/1390 1389/1389 1839/1839
f 1839/1839 980/980 1390/1390
f 923/923 1419/1419 1414/1414
f 1414/1414 921/921 923/923
f 1413/1413 1416/1416 925/925
f 925/925 924/924 1413/1413
f 1414/1414 1413/1413 924/924
f 924/924 921/921 1414/1414
f 1433/1433 1428/1428 969/969
f 969/969 970/970 1433/1433
f 1416/1416 1433/1433 970/970
f 970/970 925/925 1416/1416
f 1427/1427 1430/1430 958/958
f 958/958 1840/1840 1427/1427
f 1428/1428 1427/1427 1840/1840
f 1840/1840 969/969 1428/1428
f 1407/1407 1410/1410 917/917
f 917/917 916/916 1407/1407
f 1408/1408 1407/1407 916/916
f 916/916 915/915 1408/1408
f 1383/1383 1386/1386 1841/1841
f 1841/1841 1842/1842 1383/1383
f 1384/1384 1383/1383 1842/1842
f 1842/1842 1843/1843 1384/1384
f 1844/1844 1845/1845 886/886
f 1550/1550 1498/1498 1500/1500
f 1500/1500 1846/1846 1550/1550
f 1847/1847 1848/1848 1849/1849
f 1849/1849 1846/1846 1847/1847
f 815/815 1850/1850 1851/1851
f 1851/1851 816/816 815/815
f 1852/1852 1841/1841 1851/1851
f 1851/1851 1850/1850 1852/1852
f 863/863 1853/1853 1854/1854
f 1854/1854 864/864 863/863
f 1853/1853 1855/1855 1856/1856
f 1856/1856 1854/1854 1853/1853
f 869/869 1857/1857 1858/1858
f 1858/1858 870/870 869/869
f 1857/1857 897/897 1859/1859
f 1859/1859 1858/1858 1857/1857
f 864/864 1854/1854 1860/1860
f 1860/1860 886/886 864/864
f 1854/1854 1856/1856 796/796
f 796/796 1860/1860 1854/1854
f 869/869 866/866 1827/1827
f 1827/1827 1826/1826 869/869
f 866/866 865/865 1823/1823
f 1823/1823 1827/1827 866/866
f 870/870 1858/1858 1850/1850
f 1850/1850 815/815 870/870
f 1858/1858 1859/1859 1852/1852
f 1852/1852 1850/1850 1858/1858
f 920/920 1861/1861 1853/1853
f 1853/1853 863/863 920/920
f 1861/1861 1862/1862 1855/1855
f 1855/1855 1853/1853 1861/1861
f 1863/1863 1198/1198 1197/1197
f 1197/1197 1864/1864 1863/1863
f 1865/1865 1863/1863 1864/1864
f 1864/1864 1866/1866 1865/1865
f 1867/1867 1868/1868 1869/1869
f 1869/1869 1870/1870 1867/1867
f 1318/1318 1867/1867 1870/1870
f 1870/1870 1871/1871 1318/1318
f 1867/1867 1318/1318 1317/1317
f 1317/1317 1849/1849 1867/1867
f 1868/1868 1867/1867 1849/1849
f 1849/1849 1848/1848 1868/1868
f 1872/1872 1873/1873 1874/1874
f 1874/1874 1875/1875 1872/1872
f 1872/1872 1456/1456 1295/1295
f 1872/1872 1295/1295 1819/1819
f 1872/1872 1819/1819 1873/1873
f 1876/1876 1877/1877 1878/1878
f 1878/1878 1879/1879 1876/1876
f 1404/1404 1876/1876 1879/1879
f 1879/1879 1405/1405 1404/1404
f 1461/1461 1880/1880 1881/1881
f 1881/1881 1458/1458 1461/1461
f 1880/1880 1882/1882 1534/1534
f 1534/1534 1881/1881 1880/1880
f 1502/1502 1883/1883 1884/1884
f 1884/1884 1501/1501 1502/1502
f 1883/1883 1885/1885 1886/1886
f 1886/1886 1884/1884 1883/1883
f 1887/1887 1888/1888 1459/1459
f 1459/1459 1458/1458 1887/1887
f 1889/1889 1825/1825 1405/1405
f 1405/1405 1879/1879 1889/1889
f 1890/1890 1889/1889 1879/1879
f 1879/1879 1878/1878 1890/1890
f 1889/1889 1890/1890 898/898
f 898/898 1891/1891 1889/1889
f 1825/1825 1889/1889 1891/1891
f 1891/1891 1826/1826 1825/1825
f 1873/1873 1819/1819 814/814
f 814/814 813/813 1873/1873
f 1874/1874 1873/1873 813/813
f 813/813 816/816 1874/1874
f 1731/1731 884/884 705/705
f 705/705 708/708 1731/1731
f 1892/1892 1893/1893 1152/1152
f 1152/1152 1278/1278 1892/1892
f 740/740 739/739 738/738
f 738/738 1161/1161 740/740
f 736/736 739/739 742/742
f 742/742 971/971 736/736
f 1286/1286 1328/1328 1327/1327
f 1327/1327 1163/1163 1286/1286
f 1167/1167 1169/1169 746/746
f 746/746 745/745 1167/1167
f 762/762 761/761 1742/1742
f 1742/1742 1894/1894 762/762
f 1173/1173 1895/1895 1896/1896
f 1896/1896 1175/1175 1173/1173
f 1172/1172 1897/1897 1895/1895
f 1895/1895 1173/1173 1172/1172
f 1191/1191 1190/1190 1898/1898
f 1898/1898 1899/1899 1191/1191
f 1190/1190 1189/1189 1900/1900
f 1900/1900 1898/1898 1190/1190
f 1489/1489 1901/1901 801/801
f 801/801 1486/1486 1489/1489
f 1490/1490 1900/1900 1901/1901
f 1901/1901 1489/1489 1490/1490
f 1205/1205 1902/1902 800/800
f 800/800 799/799 1205/1205
f 1495/1495 1494/1494 1903/1903
f 1903/1903 1904/1904 1495/1495
f 1494/1494 1497/1497 1902/1902
f 1902/1902 1903/1903 1494/1494
f 1212/1212 1905/1905 804/804
f 804/804 803/803 1212/1212
f 1884/1884 1906/1906 1847/1847
f 1847/1847 1501/1501 1884/1884
f 1886/1886 1905/1905 1906/1906
f 1906/1906 1884/1884 1886/1886
f 841/841 820/820 819/819
f 819/819 871/871 841/841
f 1505/1505 1907/1907 846/846
f 846/846 845/845 1505/1505
f 1227/1227 1226/1226 1908/1908
f 1908/1908 1909/1909 1227/1227
f 1226/1226 1225/1225 1907/1907
f 1907/1907 1908/1908 1226/1226
f 706/706 705/705 873/873
f 873/873 872/872 706/706
f 1510/1510 1509/1509 1910/1910
f 1910/1910 1911/1911 1510/1510
f 1509/1509 1512/1512 1912/1912
f 1912/1912 1910/1910 1509/1509
f 1231/1231 1913/1913 740/740
f 740/740 1161/1161 1231/1231
f 1235/1235 1912/1912 1913/1913
f 1913/1913 1231/1231 1235/1235
f 818/818 817/817 914/914
f 914/914 1238/1238 818/818
f 1515/1515 1914/1914 974/974
f 974/974 1516/1516 1515/1515
f 1242/1242 1914/1914 843/843
f 843/843 1243/1243 1242/1242
f 797/797 930/930 929/929
f 929/929 798/798 797/797
f 978/978 927/927 930/930
f 930/930 932/932 978/978
f 736/736 973/973 1259/1259
f 1259/1259 737/737 736/736
f 928/928 927/927 977/977
f 977/977 976/976 928/928
f 974/974 977/977 979/979
f 979/979 1516/1516 974/974
f 1268/1268 1915/1915 1916/1916
f 1916/1916 1270/1270 1268/1268
f 1267/1267 1917/1917 1915/1915
f 1915/1915 1268/1268 1267/1267
f 1000/1000 985/985 1918/1918
f 1918/1918 1001/1001 1000/1000
f 1000/1000 725/725 688/688
f 688/688 985/985 1000/1000
f 1271/1271 1918/1918 985/985
f 985/985 984/984 1271/1271
f 986/986 1892/1892 1278/1278
f 1278/1278 987/987 986/986
f 1285/1285 1149/1149 1919/1919
f 1919/1919 1920/1920 1285/1285
f 1050/1050 1049/1049 1328/1328
f 1328/1328 1921/1921 1050/1050
f 1287/1287 1921/1921 1328/1328
f 1328/1328 1286/1286 1287/1287
f 1044/1044 1043/1043 1288/1288
f 1288/1288 1162/1162 1044/1044
f 1152/1152 1893/1893 1919/1919
f 1919/1919 1149/1149 1152/1152
f 1780/1780 1779/1779 1919/1919
f 1919/1919 1893/1893 1780/1780
f 1044/1044 1327/1327 1329/1329
f 1329/1329 1045/1045 1044/1044
f 746/746 1345/1345 1344/1344
f 1344/1344 743/743 746/746
f 1367/1367 1342/1342 1345/1345
f 1345/1345 1346/1346 1367/1367
f 1288/1288 1043/1043 1309/1309
f 1309/1309 1321/1321 1288/1288
f 1651/1651 1650/1650 1810/1810
f 1810/1810 1922/1922 1651/1651
f 1668/1668 1923/1923 1342/1342
f 1342/1342 1367/1367 1668/1668
f 1667/1667 1924/1924 1923/1923
f 1923/1923 1668/1668 1667/1667
f 1679/1679 1678/1678 1816/1816
f 1816/1816 1925/1925 1679/1679
f 1712/1712 1926/1926 763/763
f 763/763 1713/1713 1712/1712
f 1711/1711 1927/1927 1926/1926
f 1926/1926 1712/1712 1711/1711
f 1501/1501 1847/1847 1846/1846
f 1846/1846 1500/1500 1501/1501
f 1550/1550 1846/1846 1849/1849
f 1849/1849 1317/1317 1550/1550
f 1271/1271 1928/1928 1929/1929
f 1929/1929 1918/1918 1271/1271
f 1930/1930 999/999 1001/1001
f 1001/1001 1931/1931 1930/1930
f 1932/1932 1933/1933 1934/1934
f 1934/1934 1330/1330 1932/1932
f 1003/1003 1002/1002 1765/1765
f 1765/1765 1935/1935 1003/1003
f 1932/1932 1330/1330 994/994
f 994/994 1936/1936 1932/1932
f 1280/1280 997/997 1131/1131
f 1124/1124 1127/1127 1937/1937
f 1938/1938 1124/1124 1937/1937
f 1938/1938 1937/1937 1939/1939
f 1928/1928 1271/1271 1124/1124
f 1124/1124 1938/1938 1928/1928
f 1936/1936 994/994 997/997
f 997/997 1280/1280 1936/1936
f 1733/1733 1785/1785 1940/1940
f 1940/1940 1941/1941 1733/1733
f 1942/1942 1943/1943 1944/1944
f 1944/1944 1945/1945 1942/1942
f 1946/1946 1947/1947 1948/1948
f 1948/1948 1949/1949 1946/1946
f 1786/1786 1950/1950 1951/1951
f 1951/1951 1952/1952 1786/1786
f 1741/1741 1953/1953 1954/1954
f 1954/1954 1955/1955 1741/1741
f 1743/1743 1740/1740 1956/1956
f 1956/1956 1957/1957 1743/1743
f 1958/1958 1753/1753 1751/1751
f 1751/1751 1959/1959 1958/1958
f 1960/1960 1752/1752 1755/1755
f 1755/1755 1961/1961 1960/1960
f 1762/1762 1759/1759 1962/1962
f 1962/1962 1963/1963 1762/1762
f 1930/1930 1964/1964 999/999
f 1764/1764 1763/1763 1965/1965
f 1811/1811 1808/1808 1966/1966
f 1817/1817 1814/1814 1967/1967
f 1931/1931 1001/1001 1918/1918
f 1918/1918 1929/1929 1931/1931
f 1968/1968 1969/1969 1970/1970
f 1970/1970 1971/1971 1968/1968
f 1972/1972 1968/1968 1971/1971
f 1971/1971 1973/1973 1972/1972
f 1974/1974 1968/1968 1972/1972
f 1975/1975 1972/1972 1973/1973
f 1973/1973 1976/1976 1975/1975
f 1977/1977 1975/1975 1976/1976
f 1976/1976 1978/1978 1977/1977
f 1975/1975 1977/1977 965/965
f 965/965 1979/1979 1975/1975
f 1972/1972 1975/1975 1979/1979
f 1979/1979 1974/1974 1972/1972
f 1980/1980 1977/1977 1978/1978
f 1978/1978 1981/1981 1980/1980
f 1982/1982 1980/1980 1981/1981
f 1981/1981 1983/1983 1982/1982
f 1980/1980 1982/1982 948/948
f 948/948 966/966 1980/1980
f 1977/1977 1980/1980 966/966
f 966/966 965/965 1977/1977
f 1984/1984 1982/1982 1983/1983
f 1983/1983 1985/1985 1984/1984
f 1986/1986 1984/1984 1985/1985
f 1985/1985 1987/1987 1986/1986
f 1984/1984 1986/1986 950/950
f 950/950 949/949 1984/1984
f 1982/1982 1984/1984 949/949
f 949/949 948/948 1982/1982
f 1988/1988 1989/1989 1990/1990
f 1990/1990 1991/1991 1988/1988
f 1992/1992 1988/1988 1991/1991
f 1991/1991 1993/1993 1992/1992
f 1988/1988 1992/1992 892/892
f 892/892 891/891 1988/1988
f 1989/1989 1988/1988 891/891
f 891/891 890/890 1989/1989
f 1994/1994 1995/1995 1182/1182
f 1182/1182 1996/1996 1994/1994
f 1996/1996 1997/1997 1994/1994
f 1994/1994 1998/1998 795/795
f 795/795 792/792 1994/1994
f 1995/1995 1994/1994 792/792
f 792/792 791/791 1995/1995
f 1999/1999 2000/2000 1197/1197
f 1197/1197 1196/1196 1999/1999
f 1845/1845 1999/1999 1196/1196
f 1196/1196 1289/1289 1845/1845
f 2000/2000 1999/1999 1845/1845
f 1845/1845 1844/1844 2000/2000
f 1291/1291 885/885 1845/1845
f 1845/1845 1289/1289 1291/1291
f 1291/1291 1296/1296 2001/2001
f 2001/2001 885/885 1291/1291
f 862/862 885/885 2001/2001
f 2002/2002 2001/2001 1296/1296
f 1296/1296 1299/1299 2002/2002
f 2003/2003 2002/2002 1299/1299
f 1299/1299 1300/1300 2003/2003
f 859/859 862/862 2001/2001
f 859/859 2001/2001 2002/2002
f 859/859 2002/2002 2003/2003
f 1300/1300 1307/1307 2004/2004
f 2004/2004 2003/2003 1300/1300
f 918/918 859/859 2003/2003
f 2003/2003 2004/2004 918/918
f 2005/2005 2004/2004 1307/1307
f 1307/1307 2006/2006 2005/2005
f 2007/2007 2005/2005 2006/2006
f 2006/2006 2008/2008 2007/2007
f 2005/2005 2007/2007 920/920
f 920/920 919/919 2005/2005
f 2004/2004 2005/2005 919/919
f 919/919 918/918 2004/2004
f 2009/2009 2007/2007 2008/2008
f 2008/2008 2010/2010 2009/2009
f 2011/2011 2009/2009 2010/2010
f 2010/2010 2012/2012 2011/2011
f 2009/2009 2011/2011 1862/1862
f 1862/1862 1861/1861 2009/2009
f 2007/2007 2009/2009 1861/1861
f 1861/1861 920/920 2007/2007
f 2013/2013 2014/2014 2015/2015
f 2015/2015 2016/2016 2013/2013
f 2017/2017 2013/2013 2016/2016
f 2016/2016 2018/2018 2017/2017
f 2013/2013 2017/2017 780/780
f 780/780 777/777 2013/2013
f 2014/2014 2013/2013 777/777
f 777/777 776/776 2014/2014
f 2019/2019 2020/2020 2021/2021
f 2021/2021 2022/2022 2019/2019
f 2023/2023 2019/2019 2022/2022
f 2022/2022 2024/2024 2023/2023
f 2019/2019 2023/2023 953/953
f 953/953 2025/2025 2019/2019
f 2020/2020 2019/2019 2025/2025
f 2025/2025 790/790 2020/2020
f 2026/2026 2027/2027 2028/2028
f 2028/2028 2029/2029 2026/2026
f 2030/2030 2026/2026 2029/2029
f 2029/2029 2031/2031 2030/2030
f 2026/2026 2030/2030 968/968
f 968/968 967/967 2026/2026
f 2027/2027 2026/2026 967/967
f 967/967 952/952 2027/2027
f 2032/2032 2030/2030 2031/2031
f 2031/2031 2033/2033 2032/2032
f 2034/2034 2032/2032 2033/2033
f 2033/2033 2035/2035 2034/2034
f 2032/2032 2034/2034 903/903
f 903/903 902/902 2032/2032
f 2030/2030 2032/2032 902/902
f 902/902 968/968 2030/2030
f 2035/2035 2036/2036 2037/2037
f 2037/2037 2034/2034 2035/2035
f 2038/2038 2039/2039 2040/2040
f 2040/2040 2041/2041 2038/2038
f 2042/2042 2038/2038 2041/2041
f 2041/2041 2043/2043 2042/2042
f 2044/2044 2045/2045 2046/2046
f 2046/2046 2047/2047 2044/2044
f 2048/2048 2044/2044 2047/2047
f 2047/2047 2049/2049 2048/2048
f 2050/2050 2051/2051 1191/1191
f 1191/1191 1899/1899 2050/2050
f 2052/2052 2053/2053 1495/1495
f 1495/1495 1904/1904 2052/2052
f 1191/1191 2051/2051 2054/2054
f 2054/2054 1184/1184 1191/1191
f 1184/1184 2054/2054 2055/2055
f 2055/2055 1185/1185 1184/1184
f 2056/2056 2057/2057 2058/2058
f 2058/2058 2059/2059 2056/2056
f 2059/2059 2058/2058 2060/2060
f 2060/2060 2061/2061 2059/2059
f 2062/2062 1525/1525 2063/2063
f 2063/2063 2064/2064 2062/2062
f 1452/1452 2062/2062 2064/2064
f 2064/2064 1449/1449 1452/1452
f 2065/2065 2066/2066 2067/2067
f 2067/2067 2068/2068 2065/2065
f 2053/2053 2069/2069 1492/1492
f 1492/1492 1495/1495 2053/2053
f 2062/2062 2070/2070 2071/2071
f 2062/2062 2071/2071 1522/1522
f 1525/1525 2062/2062 1522/1522
f 2072/2072 2073/2073 2070/2070
f 2072/2072 2070/2070 2062/2062
f 2072/2072 2062/2062 1452/1452
f 2068/2068 2067/2067 2050/2050
f 2050/2050 1899/1899 2068/2068
f 2060/2060 2052/2052 1904/1904
f 1904/1904 2061/2061 2060/2060
f 2074/2074 2075/2075 2076/2076
f 2076/2076 2077/2077 2074/2074
f 2078/2078 2076/2076 2075/2075
f 2075/2075 2079/2079 2078/2078
f 2020/2020 790/790 789/789
f 789/789 2080/2080 2020/2020
f 2020/2020 2080/2080 2081/2081
f 2081/2081 2021/2021 2020/2020
f 2082/2082 2083/2083 2084/2084
f 2084/2084 2085/2085 2082/2082
f 1408/1408 2083/2083 2082/2082
f 2082/2082 1409/1409 1408/1408
f 2083/2083 1408/1408 915/915
f 915/915 2086/2086 2083/2083
f 2084/2084 2083/2083 2086/2086
f 2086/2086 957/957 2084/2084
f 2087/2087 853/853 783/783
f 783/783 2088/2088 2087/2087
f 2087/2087 2089/2089 854/854
f 854/854 853/853 2087/2087
f 2087/2087 2088/2088 954/954
f 954/954 2089/2089 2087/2087
f 854/854 2089/2089 2086/2086
f 2086/2086 915/915 854/854
f 954/954 957/957 2086/2086
f 2086/2086 2089/2089 954/954
f 2090/2090 2091/2091 2092/2092
f 904/904 2093/2093 2094/2094
f 2091/2091 2090/2090 2095/2095
f 1909/1909 2096/2096 2097/2097
f 2097/2097 1227/1227 1909/1909
f 1911/1911 2098/2098 2099/2099
f 2099/2099 1510/1510 1911/1911
f 1227/1227 2097/2097 2100/2100
f 2100/2100 1220/1220 1227/1227
f 1221/1221 1220/1220 2100/2100
f 2100/2100 2101/2101 1221/1221
f 2102/2102 2103/2103 2104/2104
f 2104/2104 2105/2105 2102/2102
f 2106/2106 2105/2105 2104/2104
f 2104/2104 2107/2107 2106/2106
f 2108/2108 2109/2109 1468/1468
f 1468/1468 1470/1470 2108/2108
f 2110/2110 2109/2109 2108/2108
f 2108/2108 1539/1539 2110/2110
f 2111/2111 2112/2112 2113/2113
f 2113/2113 2114/2114 2111/2111
f 2099/2099 2115/2115 1507/1507
f 1507/1507 1510/1510 2099/2099
f 1539/1539 2108/2108 2116/2116
f 2116/2116 1536/1536 1539/1539
f 2117/2117 2116/2116 2108/2108
f 2108/2108 1470/1470 2117/2117
f 2113/2113 2112/2112 2096/2096
f 2096/2096 1909/1909 2113/2113
f 2106/2106 2107/2107 2098/2098
f 2098/2098 1911/1911 2106/2106
f 2118/2118 2119/2119 2120/2120
f 2120/2120 2121/2121 2118/2118
f 904/904 2121/2121 2120/2120
f 2120/2120 2093/2093 904/904
f 2094/2094 2093/2093 2120/2120
f 2120/2120 2045/2045 2094/2094
f 2045/2045 2120/2120 2119/2119
f 2119/2119 2046/2046 2045/2045
f 2094/2094 1974/1974 1979/1979
f 1979/1979 2122/2122 2094/2094
f 959/959 1979/1979 965/965
f 2094/2094 2122/2122 901/901
f 901/901 904/904 2094/2094
f 888/888 887/887 1399/1399
f 1399/1399 2090/2090 888/888
f 2123/2123 933/933 889/889
f 889/889 2124/2124 2123/2123
f 933/933 2123/2123 963/963
f 963/963 934/934 933/933
f 2123/2123 926/926 964/964
f 964/964 963/963 2123/2123
f 2124/2124 922/922 926/926
f 926/926 2123/2123 2124/2124
f 888/888 2125/2125 2124/2124
f 2126/2126 1234/1234 1233/1233
f 1233/1233 2127/2127 2126/2126
f 2105/2105 2126/2126 2127/2127
f 2127/2127 2102/2102 2105/2105
f 2126/2126 2105/2105 2106/2106
f 2106/2106 2128/2128 2126/2126
f 1234/1234 2126/2126 2128/2128
f 2128/2128 1235/1235 1234/1234
f 1399/1399 1398/1398 2095/2095
f 2095/2095 2090/2090 1399/1399
f 1511/1511 2129/2129 2130/2130
f 2130/2130 1512/1512 1511/1511
f 1484/1484 741/741 2130/2130
f 2130/2130 2129/2129 1484/1484
f 1543/1543 2131/2131 1469/1469
f 1469/1469 1396/1396 1543/1543
f 2131/2131 2117/2117 1470/1470
f 1470/1470 1469/1469 2131/2131
f 2130/2130 1913/1913 1912/1912
f 1912/1912 1512/1512 2130/2130
f 2130/2130 741/741 740/740
f 740/740 1913/1913 2130/2130
f 2128/2128 1910/1910 1912/1912
f 1912/1912 1235/1235 2128/2128
f 2128/2128 2106/2106 1911/1911
f 1911/1911 1910/1910 2128/2128
f 2132/2132 2048/2048 2049/2049
f 2049/2049 2133/2133 2132/2132
f 1969/1969 2132/2132 2133/2133
f 2133/2133 1970/1970 1969/1969
f 2134/2134 1223/1223 1224/1224
f 1224/1224 2135/2135 2134/2134
f 1240/1240 2134/2134 2135/2135
f 2135/2135 1244/1244 1240/1240
f 2134/2134 1240/1240 1243/1243
f 1243/1243 2136/2136 2134/2134
f 1223/1223 2134/2134 2136/2136
f 2136/2136 1225/1225 1223/1223
f 2137/2137 2138/2138 2090/2090
f 2090/2090 2092/2092 2137/2137
f 1467/1467 1538/1538 1466/1466
f 1506/1506 2139/2139 2140/2140
f 2140/2140 1505/1505 1506/1506
f 2139/2139 2114/2114 2113/2113
f 2113/2113 2140/2140 2139/2139
f 1540/1540 2141/2141 1465/1465
f 1465/1465 1466/1466 1540/1540
f 1544/1544 1462/1462 1465/1465
f 1465/1465 2141/2141 1544/1544
f 2142/2142 2125/2125 1420/1420
f 2140/2140 1908/1908 1907/1907
f 1907/1907 1505/1505 2140/2140
f 2140/2140 2113/2113 1909/1909
f 1909/1909 1908/1908 2140/2140
f 2136/2136 846/846 1907/1907
f 1907/1907 1225/1225 2136/2136
f 2136/2136 1243/1243 843/843
f 843/843 846/846 2136/2136
f 2143/2143 2042/2042 2043/2043
f 2043/2043 2144/2144 2143/2143
f 2121/2121 2143/2143 2144/2144
f 2144/2144 2118/2118 2121/2121
f 904/904 2143/2143 2121/2121
f 968/968 902/902 901/901
f 901/901 962/962 968/968
f 933/933 981/981 889/889
f 981/981 980/980 889/889
f 2145/2145 2146/2146 2147/2147
f 2147/2147 2148/2148 2145/2145
f 2145/2145 1640/1640 1354/1354
f 1354/1354 2146/2146 2145/2145
f 2149/2149 2150/2150 2151/2151
f 2151/2151 2152/2152 2149/2149
f 2149/2149 1681/1681 1684/1684
f 1684/1684 2150/2150 2149/2149
f 1647/1647 1645/1645 2153/2153
f 2153/2153 2154/2154 1647/1647
f 1340/1340 1642/1642 2153/2153
f 2153/2153 1645/1645 1340/1340
f 1716/1716 1714/1714 2155/2155
f 2155/2155 2156/2156 1716/1716
f 1714/1714 1698/1698 1697/1697
f 1697/1697 2155/2155 1714/1714
f 2157/2157 2158/2158 1661/1661
f 1661/1661 1659/1659 2157/2157
f 1644/1644 2157/2157 1659/1659
f 1659/1659 1360/1360 1644/1644
f 1702/1702 1701/1701 1713/1713
f 1713/1713 2159/2159 1702/1702
f 1705/1705 1702/1702 2159/2159
f 2159/2159 2160/2160 1705/1705
f 2153/2153 2145/2145 2148/2148
f 2148/2148 2154/2154 2153/2153
f 2153/2153 1642/1642 1640/1640
f 1640/1640 2145/2145 2153/2153
f 2155/2155 2149/2149 2152/2152
f 2152/2152 2156/2156 2155/2155
f 2155/2155 1697/1697 1681/1681
f 1681/1681 2149/2149 2155/2155
f 1647/1647 2161/2161 2162/2162
f 2162/2162 1648/1648 1647/1647
f 2161/2161 1024/1024 2163/2163
f 2163/2163 2162/2162 2161/2161
f 1655/1655 2164/2164 2165/2165
f 2165/2165 1656/1656 1655/1655
f 2166/2166 2167/2167 2165/2165
f 2165/2165 2164/2164 2166/2166
f 2146/2146 1354/1354 1357/1357
f 1357/1357 2168/2168 2146/2146
f 2169/2169 2170/2170 1662/1662
f 1662/1662 1661/1661 2169/2169
f 2169/2169 1625/1625 2171/2171
f 2171/2171 2170/2170 2169/2169
f 2172/2172 1060/1060 2173/2173
f 2173/2173 2174/2174 2172/2172
f 1666/1666 2172/2172 2174/2174
f 2174/2174 1667/1667 1666/1666
f 1662/1662 2170/2170 2164/2164
f 2164/2164 1655/1655 1662/1662
f 2170/2170 2171/2171 2166/2166
f 2166/2166 2164/2164 2170/2170
f 1671/1671 2175/2175 2176/2176
f 2176/2176 1672/1672 1671/1671
f 2177/2177 2178/2178 2176/2176
f 2176/2176 2175/2175 2177/2177
f 2179/2179 2180/2180 1575/1575
f 1675/1675 1575/1575 2180/2180
f 2180/2180 1673/1673 1675/1675
f 2181/2181 2182/2182 1692/1692
f 1692/1692 1691/1691 2181/2181
f 2181/2181 2183/2183 2184/2184
f 2184/2184 2182/2182 2181/2181
f 1705/1705 2185/2185 2186/2186
f 2186/2186 1706/1706 1705/1705
f 2185/2185 1171/1171 2187/2187
f 2187/2187 2186/2186 2185/2185
f 1716/1716 1627/1627 1715/1715
f 2188/2188 1070/1070 1627/1627
f 1692/1692 2182/2182 2175/2175
f 2175/2175 1671/1671 1692/1692
f 2182/2182 2184/2184 2177/2177
f 2177/2177 2175/2175 2182/2182
f 2189/2189 1743/1743 1957/1957
f 1957/1957 2190/2190 2189/2189
f 2191/2191 2189/2189 2190/2190
f 2190/2190 2192/2192 2191/2191
f 2193/2193 2194/2194 2195/2195
f 2195/2195 2196/2196 2193/2193
f 2196/2196 1782/1782 2193/2193
f 1950/1950 2197/2197 2198/2198
f 2198/2198 1951/1951 1950/1950
f 1691/1691 1687/1687 2199/2199
f 2199/2199 2200/2200 1691/1691
f 1687/1687 1690/1690 1734/1734
f 1734/1734 2199/2199 1687/1687
f 1742/1742 2201/2201 2202/2202
f 2202/2202 1894/1894 1742/1742
f 2203/2203 1897/1897 2202/2202
f 2202/2202 2201/2201 2203/2203
f 2159/2159 762/762 1894/1894
f 1894/1894 2160/2160 2159/2159
f 2159/2159 1713/1713 763/763
f 763/763 762/762 2159/2159
f 2204/2204 1923/1923 1924/1924
f 1924/1924 2205/2205 2204/2204
f 2204/2204 1343/1343 1342/1342
f 1342/1342 1923/1923 2204/2204
f 1667/1667 2174/2174 2206/2206
f 2206/2206 1924/1924 1667/1667
f 2174/2174 2173/2173 1922/1922
f 1922/1922 2206/2206 2174/2174
f 2197/2197 2207/2207 2208/2208
f 2208/2208 2198/2198 2197/2197
f 2207/2207 1811/1811 1966/1966
f 1966/1966 2208/2208 2207/2207
f 2209/2209 2210/2210 2211/2211
f 2211/2211 2212/2212 2209/2209
f 2209/2209 1669/1669 1066/1066
f 1066/1066 2210/2210 2209/2209
f 2213/2213 1675/1675 1676/1676
f 1676/1676 2214/2214 2213/2213
f 2214/2214 2215/2215 2213/2213
f 2216/2216 2217/2217 2218/2218
f 2218/2218 2219/2219 2216/2216
f 2217/2217 1690/1690 1689/1689
f 1689/1689 2218/2218 2217/2217
f 2220/2220 2221/2221 1699/1699
f 1699/1699 1695/1695 2220/2220
f 1695/1695 1698/1698 2220/2220
f 2218/2218 2209/2209 2212/2212
f 2212/2212 2219/2219 2218/2218
f 2218/2218 1689/1689 1669/1669
f 1669/1669 2209/2209 2218/2218
f 1685/1685 2222/2222 2223/2223
f 2223/2223 1686/1686 1685/1685
f 2224/2224 2225/2225 2223/2223
f 2223/2223 2222/2222 2224/2224
f 2210/2210 1066/1066 1069/1069
f 1069/1069 2226/2226 2210/2210
f 2227/2227 2228/2228 1700/1700
f 1700/1700 1699/1699 2227/2227
f 2227/2227 1177/1177 2229/2229
f 2229/2229 2228/2228 2227/2227
f 2230/2230 1077/1077 2231/2231
f 2231/2231 2232/2232 2230/2230
f 1710/1710 2230/2230 2232/2232
f 2232/2232 1711/1711 1710/1710
f 1700/1700 2228/2228 2222/2222
f 2222/2222 1685/1685 1700/1700
f 2228/2228 2229/2229 2224/2224
f 2224/2224 2222/2222 2228/2228
f 2216/2216 2233/2233 2234/2234
f 2234/2234 1738/1738 2216/2216
f 2233/2233 1062/1062 2235/2235
f 2235/2235 2234/2234 2233/2233
f 1953/1953 2236/2236 2237/2237
f 2237/2237 1954/1954 1953/1953
f 2238/2238 1926/1926 1927/1927
f 1927/1927 2239/2239 2238/2238
f 2238/2238 760/760 763/763
f 763/763 1926/1926 2238/2238
f 1711/1711 2232/2232 2240/2240
f 2240/2240 1927/1927 1711/1711
f 2232/2232 2231/2231 1925/1925
f 1925/1925 2240/2240 2232/2232
f 2236/2236 2241/2241 2242/2242
f 2242/2242 2237/2237 2236/2236
f 2241/2241 1817/1817 1967/1967
f 1967/1967 2242/2242 2241/2241
f 2243/2243 2244/2244 1123/1123
f 1123/1123 2245/2245 2243/2243
f 2244/2244 689/689 692/692
f 692/692 1123/1123 2244/2244
f 2246/2246 1760/1760 1761/1761
f 1761/1761 2247/2247 2246/2246
f 2246/2246 685/685 726/726
f 726/726 1760/1760 2246/2246
f 2248/2248 2249/2249 1140/1140
f 1140/1140 1142/1142 2248/2248
f 2249/2249 769/769 1080/1080
f 1080/1080 1140/1140 2249/2249
f 1141/1141 1139/1139 2250/2250
f 2250/2250 2251/2251 1141/1141
f 1139/1139 1079/1079 1745/1745
f 1745/1745 2250/2250 1139/1139
f 1274/1274 1272/1272 2252/2252
f 2252/2252 2253/2253 1274/1274
f 1272/1272 1021/1021 1020/1020
f 1020/1020 2252/2252 1272/1272
f 2254/2254 2255/2255 2256/2256
f 2256/2256 2257/2257 2254/2254
f 2255/2255 1266/1266 2258/2258
f 2258/2258 2256/2256 2255/2255
f 2259/2259 2260/2260 1142/1142
f 1142/1142 1141/1141 2259/2259
f 2259/2259 1016/1016 1010/1010
f 1010/1010 2260/2260 2259/2259
f 2261/2261 2262/2262 2254/2254
f 2254/2254 2257/2257 2261/2261
f 2261/2261 1144/1144 1143/1143
f 1143/1143 2262/2262 2261/2261
f 2262/2262 1143/1143 686/686
f 686/686 2263/2263 2262/2262
f 2254/2254 2262/2262 2263/2263
f 2263/2263 2264/2264 2254/2254
f 2265/2265 1275/1275 1274/1274
f 1274/1274 2266/2266 2265/2265
f 2252/2252 2244/2244 2243/2243
f 2243/2243 2253/2253 2252/2252
f 2252/2252 1020/1020 689/689
f 689/689 2244/2244 2252/2252
f 1137/1137 2249/2249 2248/2248
f 2248/2248 2267/2267 1137/1137
f 1137/1137 770/770 769/769
f 769/769 2249/2249 1137/1137
f 2268/2268 1762/1762 1963/1963
f 1963/1963 2269/2269 2268/2268
f 2270/2270 2268/2268 2269/2269
f 2269/2269 2271/2271 2270/2270
f 2272/2272 1591/1591 2273/2273
f 2273/2273 2274/2274 2272/2272
f 2275/2275 2272/2272 2274/2274
f 2274/2274 1771/1771 2275/2275
f 1761/1761 2276/2276 2277/2277
f 2277/2277 2247/2247 1761/1761
f 2278/2278 1917/1917 2277/2277
f 2277/2277 2276/2276 2278/2278
f 2263/2263 2246/2246 2247/2247
f 2247/2247 2264/2264 2263/2263
f 2263/2263 686/686 685/685
f 685/685 2246/2246 2263/2263
f 795/795 2279/2279 1860/1860
f 1860/1860 796/796 795/795
f 2279/2279 1844/1844 1860/1860
f 897/897 1857/1857 1891/1891
f 1891/1891 898/898 897/897
f 1857/1857 869/869 1826/1826
f 1826/1826 1891/1891 1857/1857
f 2280/2280 1211/1211 1210/1210
f 1210/1210 2281/2281 2280/2280
f 1868/1868 2280/2280 2281/2281
f 2281/2281 1869/1869 1868/1868
f 2280/2280 1868/1868 1848/1848
f 1848/1848 2282/2282 2280/2280
f 1211/1211 2280/2280 2282/2282
f 2282/2282 1212/1212 1211/1211
f 2283/2283 2284/2284 1386/1386
f 1386/1386 1387/1387 2283/2283
f 2283/2283 1875/1875 1874/1874
f 1874/1874 2284/2284 2283/2283
f 1535/1535 2285/2285 1881/1881
f 1881/1881 1534/1534 1535/1535
f 2285/2285 1887/1887 1458/1458
f 1458/1458 1881/1881 2285/2285
f 2284/2284 1874/1874 816/816
f 816/816 1851/1851 2284/2284
f 1386/1386 2284/2284 1851/1851
f 1851/1851 1841/1841 1386/1386
f 1852/1852 2286/2286 1842/1842
f 1842/1842 1841/1841 1852/1852
f 2286/2286 2287/2287 1843/1843
f 1843/1843 1842/1842 2286/2286
f 1855/1855 2288/2288 2289/2289
f 2289/2289 1856/1856 1855/1855
f 2288/2288 779/779 2290/2290
f 2290/2290 2289/2289 2288/2288
f 897/897 895/895 2291/2291
f 2291/2291 1859/1859 897/897
f 895/895 894/894 2292/2292
f 2292/2292 2291/2291 895/895
f 2289/2289 793/793 796/796
f 796/796 1856/1856 2289/2289
f 2289/2289 2290/2290 794/794
f 794/794 793/793 2289/2289
f 2291/2291 2286/2286 1852/1852
f 1852/1852 1859/1859 2291/2291
f 2291/2291 2292/2292 2287/2287
f 2287/2287 2286/2286 2291/2291
f 1862/1862 2293/2293 2288/2288
f 2288/2288 1855/1855 1862/1862
f 2293/2293 776/776 779/779
f 779/779 2288/2288 2293/2293
f 1997/1997 1996/1996 2294/2294
f 2294/2294 2295/2295 1997/1997
f 1181/1181 2294/2294 1996/1996
f 1996/1996 1182/1182 1181/1181
f 2296/2296 1373/1373 1372/1372
f 1372/1372 2297/2297 2296/2296
f 1877/1877 2296/2296 2297/2297
f 2297/2297 1878/1878 1877/1877
f 1882/1882 2298/2298 1533/1533
f 1533/1533 1534/1534 1882/1882
f 1444/1444 1443/1443 1533/1533
f 1533/1533 2298/2298 1444/1444
f 1885/1885 2299/2299 2300/2300
f 2300/2300 1886/1886 1885/1885
f 1487/1487 1486/1486 2300/2300
f 2300/2300 2299/2299 1487/1487
f 2301/2301 1890/1890 1878/1878
f 1878/1878 2297/2297 2301/2301
f 1829/1829 2301/2301 2297/2297
f 2297/2297 1372/1372 1829/1829
f 2301/2301 1829/1829 893/893
f 893/893 896/896 2301/2301
f 1890/1890 2301/2301 896/896
f 896/896 898/898 1890/1890
f 2282/2282 1906/1906 1905/1905
f 1905/1905 1212/1212 2282/2282
f 2282/2282 1848/1848 1847/1847
f 1847/1847 1906/1906 2282/2282
f 2300/2300 804/804 1905/1905
f 1905/1905 1886/1886 2300/2300
f 2300/2300 1486/1486 801/801
f 801/801 804/804 2300/2300
f 2302/2302 1998/1998 1866/1866
f 1866/1866 1864/1864 2302/2302
f 2000/2000 2302/2302 1864/1864
f 1864/1864 1197/1197 2000/2000
f 2302/2302 2000/2000 1844/1844
f 1844/1844 2279/2279 2302/2302
f 1998/1998 2302/2302 2279/2279
f 2279/2279 795/795 1998/1998
f 2303/2303 2011/2011 2012/2012
f 2012/2012 2304/2304 2303/2303
f 2014/2014 2303/2303 2304/2304
f 2304/2304 2015/2015 2014/2014
f 2303/2303 2014/2014 776/776
f 776/776 2293/2293 2303/2303
f 2011/2011 2303/2303 2293/2293
f 2293/2293 1862/1862 2011/2011
f 1054/1054 1051/1051 1368/1368
f 780/780 2305/2305 900/900
f 900/900 781/781 780/780
f 2305/2305 2078/2078 899/899
f 899/899 900/900 2305/2305
f 2306/2306 1831/1831 787/787
f 787/787 786/786 2306/2306
f 2306/2306 894/894 893/893
f 893/893 1831/1831 2306/2306
f 851/851 2307/2307 2308/2308
f 2308/2308 852/852 851/851
f 2307/2307 794/794 2290/2290
f 2290/2290 2308/2308 2307/2307
f 857/857 2309/2309 2310/2310
f 2310/2310 858/858 857/857
f 2309/2309 2287/2287 2292/2292
f 2292/2292 2310/2310 2309/2309
f 2310/2310 2306/2306 786/786
f 786/786 858/858 2310/2310
f 2310/2310 2292/2292 894/894
f 894/894 2306/2306 2310/2310
f 892/892 2311/2311 2307/2307
f 2307/2307 851/851 892/892
f 2311/2311 791/791 794/794
f 794/794 2307/2307 2311/2311
f 2308/2308 778/778 781/781
f 781/781 852/852 2308/2308
f 2308/2308 2290/2290 779/779
f 779/779 778/778 2308/2308
f 917/917 2312/2312 2309/2309
f 2309/2309 857/857 917/917
f 2312/2312 1843/1843 2287/2287
f 2287/2287 2309/2309 2312/2312
f 2313/2313 2314/2314 1993/1993
f 1993/1993 1991/1991 2313/2313
f 2315/2315 2313/2313 1991/1991
f 1991/1991 1990/1990 2315/2315
f 2316/2316 1187/1187 1188/1188
f 1188/1188 2317/2317 2316/2316
f 1207/1207 2316/2316 2317/2317
f 2317/2317 1209/1209 1207/1207
f 2316/2316 1207/1207 802/802
f 802/802 2318/2318 2316/2316
f 1187/1187 2316/2316 2318/2318
f 2318/2318 1189/1189 1187/1187
f 2319/2319 1379/1379 1378/1378
f 1378/1378 2320/2320 2319/2319
f 1374/1374 2319/2319 2320/2320
f 2320/2320 1375/1375 1374/1374
f 2321/2321 2322/2322 1410/1410
f 1410/1410 1411/1411 2321/2321
f 2321/2321 1385/1385 1384/1384
f 1384/1384 2322/2322 2321/2321
f 1448/1448 2323/2323 1524/1524
f 1524/1524 1447/1447 1448/1448
f 2323/2323 2063/2063 1525/1525
f 1525/1525 1524/1524 2323/2323
f 1491/1491 2324/2324 2325/2325
f 2325/2325 1490/1490 1491/1491
f 2324/2324 2065/2065 2068/2068
f 2068/2068 2325/2325 2324/2324
f 1526/1526 2326/2326 1446/1446
f 1446/1446 1447/1447 1526/1526
f 1531/1531 1443/1443 1446/1446
f 1446/1446 2326/2326 1531/1531
f 2327/2327 1830/1830 1375/1375
f 1375/1375 2320/2320 2327/2327
f 1833/1833 2327/2327 2320/2320
f 2320/2320 1378/1378 1833/1833
f 2327/2327 1833/1833 782/782
f 782/782 785/785 2327/2327
f 1830/1830 2327/2327 785/785
f 785/785 787/787 1830/1830
f 2322/2322 1384/1384 1843/1843
f 1843/1843 2312/2312 2322/2322
f 1410/1410 2322/2322 2312/2312
f 2312/2312 917/917 1410/1410
f 2318/2318 1901/1901 1900/1900
f 1900/1900 1189/1189 2318/2318
f 2318/2318 802/802 801/801
f 801/801 1901/1901 2318/2318
f 2325/2325 1898/1898 1900/1900
f 1900/1900 1490/1490 2325/2325
f 2325/2325 2068/2068 1899/1899
f 1899/1899 1898/1898 2325/2325
f 2328/2328 1992/1992 1993/1993
f 1993/1993 1179/1179 2328/2328
f 1995/1995 2328/2328 1179/1179
f 1179/1179 1182/1182 1995/1995
f 2328/2328 1995/1995 791/791
f 791/791 2311/2311 2328/2328
f 1992/1992 2328/2328 2311/2311
f 2311/2311 892/892 1992/1992
f 2329/2329 2017/2017 2018/2018
f 2018/2018 2330/2330 2329/2329
f 2076/2076 2329/2329 2330/2330
f 2330/2330 2077/2077 2076/2076
f 2329/2329 2076/2076 2078/2078
f 2078/2078 2305/2305 2329/2329
f 2017/2017 2329/2329 2305/2305
f 2305/2305 780/780 2017/2017
f 2331/2331 1835/1835 810/810
f 810/810 809/809 2331/2331
f 2331/2331 783/783 782/782
f 782/782 1835/1835 2331/2331
f 940/940 2332/2332 2333/2333
f 2333/2333 941/941 940/940
f 2332/2332 2334/2334 2335/2335
f 2335/2335 2333/2333 2332/2332
f 946/946 955/955 2336/2336
f 2336/2336 947/947 946/946
f 955/955 954/954 2088/2088
f 2088/2088 2336/2336 955/955
f 2336/2336 2331/2331 809/809
f 809/809 947/947 2336/2336
f 2336/2336 2088/2088 783/783
f 783/783 2331/2331 2336/2336
f 950/950 2337/2337 2332/2332
f 2332/2332 940/940 950/950
f 2337/2337 2338/2338 2334/2334
f 2334/2334 2332/2332 2337/2337
f 2333/2333 2025/2025 953/953
f 953/953 941/941 2333/2333
f 2333/2333 2335/2335 788/788
f 788/788 2025/2025 2333/2333
f 946/946 943/943 1840/1840
f 1840/1840 958/958 946/946
f 943/943 942/942 969/969
f 969/969 1840/1840 943/943
f 2339/2339 1204/1204 1203/1203
f 1203/1203 2340/2340 2339/2339
f 2059/2059 2339/2339 2340/2340
f 2340/2340 2056/2056 2059/2059
f 2339/2339 2059/2059 2061/2061
f 2061/2061 2341/2341 2339/2339
f 1204/1204 2339/2339 2341/2341
f 2341/2341 1205/1205 1204/1204
f 2342/2342 1423/1423 1422/1422
f 1422/1422 2343/2343 2342/2342
f 1380/1380 2342/2342 2343/2343
f 2343/2343 1381/1381 1380/1380
f 2344/2344 2345/2345 1430/1430
f 1430/1430 1431/1431 2344/2344
f 2344/2344 2085/2085 2084/2084
f 2084/2084 2345/2345 2344/2344
f 1453/1453 2346/2346 1529/1529
f 1529/1529 1454/1454 1453/1453
f 1476/1476 1475/1475 1529/1529
f 1529/1529 2346/2346 1476/1476
f 1496/1496 2347/2347 2348/2348
f 2348/2348 1497/1497 1496/1496
f 1517/1517 931/931 2348/2348
f 2348/2348 2347/2347 1517/1517
f 1530/1530 2349/2349 1451/1451
f 1451/1451 1454/1454 1530/1530
f 2349/2349 2072/2072 1452/1452
f 1452/1452 1451/1451 2349/2349
f 2350/2350 1834/1834 1381/1381
f 1381/1381 2343/2343 2350/2350
f 1837/1837 2350/2350 2343/2343
f 2343/2343 1422/1422 1837/1837
f 2350/2350 1837/1837 805/805
f 805/805 808/808 2350/2350
f 808/808 810/810 2350/2350
f 2345/2345 2084/2084 957/957
f 957/957 956/956 2345/2345
f 1430/1430 2345/2345 956/956
f 956/956 958/958 1430/1430
f 2341/2341 1903/1903 1902/1902
f 1902/1902 1205/1205 2341/2341
f 2341/2341 2061/2061 1904/1904
f 1904/1904 1903/1903 2341/2341
f 2348/2348 800/800 1902/1902
f 1902/1902 1497/1497 2348/2348
f 2348/2348 931/931 797/797
f 797/797 800/800 2348/2348
f 2351/2351 1986/1986 1987/1987
f 1987/1987 2352/2352 2351/2351
f 2353/2353 2351/2351 2352/2352
f 2352/2352 2354/2354 2353/2353
f 2351/2351 2353/2353 2338/2338
f 2338/2338 2337/2337 2351/2351
f 1986/1986 2351/2351 2337/2337
f 2337/2337 950/950 1986/1986
f 2355/2355 2023/2023 2024/2024
f 2024/2024 2356/2356 2355/2355
f 2027/2027 2355/2355 2356/2356
f 2356/2356 2028/2028 2027/2027
f 2355/2355 2027/2027 952/952
f 952/952 951/951 2355/2355
f 2023/2023 2355/2355 951/951
f 951/951 953/953 2023/2023
f 732/732 1729/1729 1728/1728
f 1728/1728 729/729 732/732
f 730/730 729/729 1728/1728
f 1728/1728 1730/1730 730/730
f 2251/2251 1772/1772 2357/2357
f 2357/2357 2358/2358 2251/2251
f 2359/2359 1017/1017 2358/2358
f 2358/2358 2357/2357 2359/2359
f 2360/2360 2361/2361 698/698
f 698/698 697/697 2360/2360
f 1341/1341 1781/1781 1784/1784
f 1784/1784 1339/1339 1341/1341
f 1729/1729 732/732 1339/1339
f 1339/1339 1784/1784 1729/1729
f 1556/1556 1787/1787 1720/1720
f 1720/1720 1557/1557 1556/1556
f 1577/1577 1798/1798 1797/1797
f 1797/1797 1578/1578 1577/1577
f 1631/1631 1805/1805 1804/1804
f 1804/1804 1632/1632 1631/1631
f 1648/1648 2362/2362 2363/2363
f 2363/2363 1646/1646 1648/1648
f 1781/1781 1341/1341 1646/1646
f 1646/1646 2363/2363 1781/1781
f 1004/1004 1324/1324 1775/1775
f 1775/1775 1132/1132 1004/1004
f 1717/1717 1040/1040 1037/1037
f 1037/1037 1718/1718 1717/1717
f 1557/1557 1718/1718 1037/1037
f 1037/1037 1036/1036 1557/1557
f 1935/1935 2364/2364 1725/1725
f 1725/1725 1003/1003 1935/1935
f 1733/1733 2365/2365 1732/1732
f 1734/1734 1690/1690 2217/2217
f 2217/2217 1735/1735 1734/1734
f 1738/1738 1735/1735 2217/2217
f 2217/2217 2216/2216 1738/1738
f 1955/1955 1956/1956 1740/1740
f 1740/1740 1741/1741 1955/1955
f 1745/1745 1079/1079 1082/1082
f 1082/1082 1746/1746 1745/1745
f 1752/1752 1960/1960 1959/1959
f 1959/1959 1751/1751 1752/1752
f 1750/1750 1097/1097 1108/1108
f 1108/1108 1754/1754 1750/1750
f 1040/1040 1717/1717 1754/1754
f 1754/1754 1108/1108 1040/1040
f 733/733 2366/2366 1961/1961
f 1961/1961 1755/1755 733/733
f 2364/2364 1962/1962 1759/1759
f 1759/1759 1725/1725 2364/2364
f 1746/1746 1082/1082 1134/1134
f 1134/1134 1766/1766 1746/1746
f 1768/1768 1766/1766 1134/1134
f 1134/1134 1133/1133 1768/1768
f 1952/1952 1940/1940 1785/1785
f 1785/1785 1786/1786 1952/1952
f 1635/1635 727/727 730/730
f 730/730 1791/1791 1635/1635
f 1793/1793 1607/1607 1606/1606
f 1606/1606 1794/1794 1793/1793
f 1623/1623 1015/1015 1018/1018
f 1018/1018 1799/1799 1623/1623
f 2367/2367 2368/2368 1808/1808
f 1808/1808 1809/1809 2367/2367
f 1812/1812 1794/1794 1606/1606
f 1606/1606 2183/2183 1812/1812
f 2369/2369 2370/2370 1814/1814
f 1814/1814 1815/1815 2369/2369
f 999/999 1964/1964 1965/1965
f 1965/1965 1763/1763 999/999
f 1807/1807 2163/2163 1632/1632
f 1632/1632 1804/1804 1807/1807
f 2371/2371 2372/2372 1944/1944
f 1944/1944 1943/1943 2371/2371
f 1944/1944 2372/2372 2203/2203
f 2203/2203 2191/2191 1944/1944
f 1343/1343 2204/2204 1950/1950
f 1950/1950 1786/1786 1343/1343
f 1950/1950 2204/2204 2205/2205
f 2205/2205 2197/2197 1950/1950
f 1734/1734 1737/1737 2373/2373
f 2373/2373 2199/2199 1734/1734
f 2374/2374 2200/2200 2199/2199
f 2199/2199 2373/2373 2374/2374
f 2375/2375 2235/2235 1578/1578
f 1578/1578 1797/1797 2375/2375
f 760/760 2238/2238 1953/1953
f 1953/1953 1741/1741 760/760
f 1953/1953 2238/2238 2239/2239
f 2239/2239 2236/2236 1953/1953
f 1745/1745 1744/1744 1770/1770
f 1770/1770 2250/2250 1745/1745
f 1772/1772 2251/2251 2250/2250
f 2250/2250 1770/1770 1772/1772
f 2376/2376 2377/2377 1947/1947
f 1947/1947 1946/1946 2376/2376
f 1947/1947 2377/2377 2278/2278
f 2278/2278 2270/2270 1947/1947
f 2378/2378 2379/2379 1776/1776
f 2380/2380 2378/2378 1776/1776
f 2380/2380 1776/1776 1777/1777
f 1748/1748 1099/1099 1098/1098
f 1098/1098 1749/1749 1748/1748
f 1097/1097 1750/1750 1749/1749
f 1749/1749 1098/1098 1097/1097
f 905/905 906/906 1045/1045
f 1045/1045 1724/1724 905/905
f 1045/1045 1329/1329 1721/1721
f 1721/1721 1724/1724 1045/1045
f 1329/1329 1049/1049 1048/1048
f 1048/1048 1721/1721 1329/1329
f 1117/1117 2381/2381 1748/1748
f 2382/2382 2383/2383 2384/2384
f 2384/2384 2385/2385 2382/2382
f 2386/2386 1117/1117 1748/1748
f 2387/2387 1030/1030 1029/1029
f 1029/1029 1337/1337 2387/2387
f 1326/1326 1596/1596 1325/1325
f 722/722 721/721 1042/1042
f 1042/1042 1598/1598 722/722
f 2388/2388 2389/2389 2165/2165
f 2165/2165 2167/2167 2388/2388
f 2390/2390 1068/1068 1067/1067
f 1067/1067 1672/1672 2390/2390
f 2391/2391 2392/2392 2223/2223
f 2223/2223 2225/2225 2391/2391
f 1107/1107 1095/1095 1094/1094
f 1094/1094 1104/1104 1107/1107
f 724/724 1106/1106 1105/1105
f 1105/1105 1041/1041 724/724
f 1934/1934 2393/2393 1331/1331
f 1331/1331 1330/1330 1934/1934
f 1007/1007 1006/1006 1136/1136
f 1136/1136 2394/2394 1007/1007
f 2395/2395 1138/1138 1137/1137
f 1137/1137 2267/2267 2395/2395
f 1031/1031 1356/1356 1355/1355
f 1355/1355 1028/1028 1031/1031
f 2396/2396 2397/2397 749/749
f 749/749 752/752 2396/2396
f 1337/1337 1630/1630 2398/2398
f 2398/2398 2387/2387 1337/1337
f 1572/1572 756/756 1694/1694
f 1694/1694 2399/2399 1572/1572
f 767/767 2400/2400 2401/2401
f 2401/2401 1584/1584 767/767
f 993/993 2402/2402 2403/2403
f 2403/2403 1586/1586 993/993
f 1554/1554 696/696 1658/1658
f 1658/1658 2404/2404 1554/1554
f 750/750 2405/2405 2406/2406
f 2406/2406 1565/1565 750/750
f 2407/2407 2408/2408 1348/1348
f 1348/1348 1350/1350 2407/2407
f 2409/2409 2410/2410 2150/2150
f 2150/2150 1684/1684 2409/2409
f 1920/1920 1919/1919 1779/1779
f 1779/1779 2411/2411 1920/1920
f 1656/1656 2412/2412 2413/2413
f 2413/2413 1654/1654 1656/1656
f 2178/2178 1569/1569 1610/1610
f 1610/1610 2414/2414 2178/2178
f 2147/2147 2146/2146 2168/2168
f 2168/2168 2415/2415 2147/2147
f 2416/2416 2400/2400 767/767
f 767/767 766/766 2416/2416
f 1686/1686 2417/2417 2418/2418
f 2418/2418 1683/1683 1686/1686
f 2211/2211 2210/2210 2226/2226
f 2226/2226 2419/2419 2211/2211
f 2420/2420 2402/2402 993/993
f 993/993 992/992 2420/2420
f 1333/1333 1332/1332 1622/1622
f 1622/1622 2421/2421 1333/1333
f 1665/1665 2422/2422 2172/2172
f 2172/2172 1666/1666 1665/1665
f 1061/1061 1060/1060 2172/2172
f 2172/2172 2422/2422 1061/1061
f 1709/1709 2423/2423 2230/2230
f 2230/2230 1710/1710 1709/1709
f 1078/1078 1077/1077 2230/2230
f 2230/2230 2423/2423 1078/1078
f 827/827 830/830 1092/1092
f 1092/1092 1111/1111 827/827
f 1091/1091 832/832 878/878
f 878/878 1103/1103 1091/1091
f 2245/2245 1123/1123 1122/1122
f 1122/1122 2424/2424 2245/2245
f 2425/2425 2426/2426 1170/1170
f 1170/1170 1174/1174 2425/2425
f 2427/2427 2428/2428 1265/1265
f 1265/1265 1269/1269 2427/2427
f 2187/2187 1171/1171 1170/1170
f 1170/1170 2426/2426 2187/2187
f 2258/2258 1266/1266 1265/1265
f 1265/1265 2428/2428 2258/2258
f 2384/2384 2429/2429 2378/2378
f 2378/2378 2380/2380 2385/2385
f 2384/2384 2378/2378 2385/2385
f 2430/2430 2431/2431 2432/2432
f 2432/2432 2433/2433 2430/2430
f 1102/1102 1325/1325 1596/1596
f 1022/1022 691/691 1331/1331
f 1331/1331 2393/2393 1022/1022
f 1153/1153 1150/1150 1281/1281
f 1281/1281 1284/1284 1153/1153
f 750/750 749/749 2397/2397
f 2397/2397 2405/2405 750/750
f 2396/2396 752/752 1348/1348
f 1348/1348 2408/2408 2396/2396
f 2151/2151 2150/2150 2410/2410
f 2410/2410 2434/2434 2151/2151
f 2407/2407 1350/1350 1654/1654
f 1654/1654 2413/2413 2407/2407
f 1672/1672 2176/2176 2435/2435
f 2435/2435 2390/2390 1672/1672
f 2176/2176 2178/2178 2414/2414
f 2414/2414 2435/2435 2176/2176
f 2409/2409 1684/1684 1683/1683
f 1683/1683 2418/2418 2409/2409
f 2267/2267 2436/2436 2437/2437
f 2437/2437 2395/2395 2267/2267
f 2436/2436 1333/1333 2421/2421
f 2421/2421 2437/2437 2436/2436
f 2431/2431 1115/1115 2432/2432
f 2438/2438 2439/2439 695/695
f 695/695 694/694 2438/2438
f 2438/2438 2148/2148 2147/2147
f 2147/2147 2439/2439 2438/2438
f 1024/1024 2161/2161 2440/2440
f 2440/2440 1025/1025 1024/1024
f 1647/1647 2154/2154 2440/2440
f 2440/2440 2161/2161 1647/1647
f 1625/1625 2169/2169 1626/1626
f 2169/2169 2158/2158 1626/1626
f 2440/2440 2438/2438 694/694
f 694/694 1025/1025 2440/2440
f 2440/2440 2154/2154 2148/2148
f 2148/2148 2438/2438 2440/2440
f 695/695 2439/2439 2441/2441
f 2441/2441 1657/1657 695/695
f 2194/2194 2442/2442 2195/2195
f 2443/2443 2195/2195 2442/2442
f 2442/2442 1806/1806 2443/2443
f 2207/2207 2444/2444 1810/1810
f 1810/1810 1811/1811 2207/2207
f 2207/2207 2197/2197 2205/2205
f 2205/2205 2444/2444 2207/2207
f 2444/2444 2206/2206 1922/1922
f 1922/1922 1810/1810 2444/2444
f 2444/2444 2205/2205 1924/1924
f 1924/1924 2206/2206 2444/2444
f 1024/1024 1027/1027 1632/1632
f 1632/1632 2163/2163 1024/1024
f 2166/2166 1633/1633 1602/1602
f 1602/1602 2167/2167 2166/2166
f 1625/1625 1638/1638 2171/2171
f 1057/1057 1056/1056 2445/2445
f 2445/2445 2446/2446 1057/1057
f 1060/1060 1057/1057 2446/2446
f 2446/2446 2173/2173 1060/1060
f 1638/1638 1633/1633 2166/2166
f 2166/2166 2171/2171 1638/1638
f 2446/2446 1651/1651 1922/1922
f 1922/1922 2173/2173 2446/2446
f 2446/2446 2445/2445 1652/1652
f 1652/1652 1651/1651 2446/2446
f 2447/2447 2162/2162 2163/2163
f 2163/2163 1807/1807 2447/2447
f 2447/2447 2362/2362 1648/1648
f 1648/1648 2162/2162 2447/2447
f 2167/2167 1602/1602 1601/1601
f 1601/1601 2388/2388 2167/2167
f 2439/2439 2147/2147 2415/2415
f 2415/2415 2441/2441 2439/2439
f 2412/2412 1656/1656 2165/2165
f 2165/2165 2389/2389 2412/2412
f 2448/2448 2449/2449 766/766
f 766/766 765/765 2448/2448
f 2448/2448 2152/2152 2151/2151
f 2151/2151 2449/2449 2448/2448
f 1070/1070 2188/2188 2450/2450
f 2450/2450 1071/1071 1070/1070
f 1716/1716 2156/2156 2450/2450
f 2450/2450 2188/2188 1716/1716
f 2185/2185 1705/1705 2160/2160
f 2160/2160 2451/2451 2185/2185
f 1171/1171 2185/2185 2451/2451
f 2451/2451 1172/1172 1171/1171
f 2450/2450 2448/2448 765/765
f 765/765 1071/1071 2450/2450
f 2450/2450 2156/2156 2152/2152
f 2152/2152 2448/2448 2450/2450
f 1812/1812 2452/2452 2453/2453
f 2453/2453 1813/1813 1812/1812
f 2452/2452 2200/2200 2374/2374
f 2374/2374 2453/2453 2452/2452
f 2451/2451 2202/2202 1897/1897
f 1897/1897 1172/1172 2451/2451
f 2451/2451 2160/2160 1894/1894
f 1894/1894 2202/2202 2451/2451
f 2177/2177 1570/1570 1569/1569
f 1569/1569 2178/2178 2177/2177
f 1574/1574 2179/2179 1575/1575
f 2183/2183 1606/1606 1605/1605
f 1605/1605 2184/2184 2183/2183
f 1605/1605 1570/1570 2177/2177
f 2177/2177 2184/2184 1605/1605
f 1945/1945 1944/1944 2192/2192
f 2372/2372 1895/1895 1897/1897
f 1897/1897 2203/2203 2372/2372
f 2372/2372 2371/2371 1896/1896
f 1896/1896 1895/1895 2372/2372
f 2183/2183 2181/2181 2452/2452
f 2452/2452 1812/1812 2183/2183
f 2181/2181 1691/1691 2200/2200
f 2200/2200 2452/2452 2181/2181
f 2203/2203 2201/2201 2189/2189
f 2189/2189 2191/2191 2203/2203
f 1742/1742 1743/1743 2189/2189
f 2189/2189 2201/2201 1742/1742
f 766/766 2449/2449 2454/2454
f 2454/2454 2416/2416 766/766
f 2151/2151 2434/2434 2454/2454
f 2454/2454 2449/2449 2151/2151
f 2455/2455 2456/2456 755/755
f 755/755 754/754 2455/2455
f 2455/2455 2212/2212 2211/2211
f 2211/2211 2456/2456 2455/2455
f 2457/2457 2213/2213 2215/2215
f 2215/2215 2458/2458 2457/2457
f 759/759 2457/2457 2458/2458
f 2458/2458 757/757 759/759
f 1062/1062 2233/2233 2459/2459
f 2459/2459 1063/1063 1062/1062
f 2216/2216 2219/2219 2459/2459
f 2459/2459 2233/2233 2216/2216
f 2221/2221 1178/1178 1177/1177
f 1177/1177 2227/2227 2221/2221
f 2227/2227 1699/1699 2221/2221
f 2459/2459 2455/2455 754/754
f 754/754 1063/1063 2459/2459
f 2459/2459 2219/2219 2212/2212
f 2212/2212 2455/2455 2459/2459
f 755/755 2456/2456 2460/2460
f 2460/2460 1693/1693 755/755
f 2241/2241 2461/2461 1816/1816
f 1816/1816 1817/1817 2241/2241
f 2241/2241 2236/2236 2239/2239
f 2239/2239 2461/2461 2241/2241
f 2461/2461 2240/2240 1925/1925
f 1925/1925 1816/1816 2461/2461
f 2461/2461 2239/2239 1927/1927
f 1927/1927 2240/2240 2461/2461
f 2224/2224 1582/1582 1581/1581
f 1581/1581 2225/2225 2224/2224
f 1177/1177 1176/1176 1613/1613
f 1613/1613 2229/2229 1177/1177
f 1074/1074 1073/1073 2462/2462
f 2462/2462 2463/2463 1074/1074
f 1077/1077 1074/1074 2463/2463
f 2463/2463 2231/2231 1077/1077
f 1613/1613 1582/1582 2224/2224
f 2224/2224 2229/2229 1613/1613
f 1062/1062 1065/1065 1578/1578
f 1578/1578 2235/2235 1062/1062
f 2463/2463 1679/1679 1925/1925
f 1925/1925 2231/2231 2463/2463
f 2463/2463 2462/2462 1680/1680
f 1680/1680 1679/1679 2463/2463
f 2375/2375 2464/2464 2234/2234
f 2234/2234 2235/2235 2375/2375
f 2464/2464 1739/1739 1738/1738
f 1738/1738 2234/2234 2464/2464
f 2225/2225 1581/1581 1617/1617
f 1617/1617 2391/2391 2225/2225
f 2456/2456 2211/2211 2419/2419
f 2419/2419 2460/2460 2456/2456
f 2417/2417 1686/1686 2223/2223
f 2223/2223 2392/2392 2417/2417
f 2465/2465 2466/2466 992/992
f 992/992 991/991 2465/2465
f 2465/2465 2243/2243 2245/2245
f 2245/2245 2466/2466 2465/2465
f 2467/2467 2260/2260 1010/1010
f 1010/1010 1009/1009 2467/2467
f 2467/2467 2248/2248 1142/1142
f 1142/1142 2260/2260 2467/2467
f 1016/1016 2259/2259 2358/2358
f 2358/2358 1017/1017 1016/1016
f 2259/2259 1141/1141 2251/2251
f 2251/2251 2358/2358 2259/2259
f 1118/1118 2266/2266 2468/2468
f 2468/2468 1119/1119 1118/1118
f 2266/2266 1274/1274 2253/2253
f 2253/2253 2468/2468 2266/2266
f 2255/2255 2254/2254 2264/2264
f 2264/2264 2469/2469 2255/2255
f 1266/1266 2255/2255 2469/2469
f 2469/2469 1267/1267 1266/1266
f 2468/2468 2465/2465 991/991
f 991/991 1119/1119 2468/2468
f 2468/2468 2253/2253 2243/2243
f 2243/2243 2465/2465 2468/2468
f 2436/2436 2467/2467 1009/1009
f 1009/1009 1333/1333 2436/2436
f 2436/2436 2267/2267 2248/2248
f 2248/2248 2467/2467 2436/2436
f 2469/2469 2277/2277 1917/1917
f 1917/1917 1267/1267 2469/2469
f 2469/2469 2264/2264 2247/2247
f 2247/2247 2277/2277 2469/2469
f 1016/1016 1015/1015 1011/1011
f 1011/1011 1010/1010 1016/1016
f 1118/1118 1121/1121 1628/1628
f 1948/1948 1947/1947 2271/2271
f 1590/1590 2273/2273 1591/1591
f 2377/2377 1915/1915 1917/1917
f 1917/1917 2278/2278 2377/2377
f 2377/2377 2376/2376 1916/1916
f 1916/1916 1915/1915 2377/2377
f 1800/1800 1018/1018 1017/1017
f 1017/1017 2359/2359 1800/1800
f 2278/2278 2276/2276 2268/2268
f 2268/2268 2270/2270 2278/2278
f 1761/1761 1762/1762 2268/2268
f 2268/2268 2276/2276 1761/1761
f 992/992 2466/2466 2470/2470
f 2470/2470 2420/2420 992/992
f 2245/2245 2424/2424 2470/2470
f 2470/2470 2466/2466 2245/2245
f 2471/2471 1323/1323 2472/2472
f 1007/1007 2394/2394 2472/2472
f 2472/2472 1323/1323 1007/1007
f 704/704 2473/2473 1778/1778
f 1778/1778 701/701 704/704
f 2360/2360 2474/2474 2361/2361
f 1775/1775 1324/1324 2475/2475
f 2475/2475 1774/1774 1775/1775
f 2475/2475 1324/1324 1323/1323
f 1323/1323 2471/2471 2475/2475
f 2476/2476 2477/2477 697/697
f 697/697 700/700 2476/2476
f 697/697 2477/2477 2478/2478
f 2478/2478 2360/2360 697/697
f 1780/1780 2479/2479 702/702
f 702/702 701/701 1780/1780
f 702/702 2479/2479 1014/1014
f 1014/1014 1032/1032 702/702
f 1774/1774 2476/2476 2480/2480
f 2480/2480 1773/1773 1774/1774
f 1768/1768 1773/1773 2480/2480
f 840/840 1753/1753 1758/1758
f 1758/1758 913/913 840/840
f 1753/1753 2481/2481 1757/1757
f 734/734 2482/2482 2483/2483
f 2483/2483 2484/2484 734/734
f 2485/2485 1167/1167 745/745
f 745/745 2486/2486 2485/2485
f 1732/1732 2487/2487 2488/2488
f 2488/2488 744/744 1732/1732
f 707/707 1148/1148 2489/2489
f 2489/2489 2490/2490 707/707
f 1167/1167 2485/2485 2491/2491
f 2491/2491 1166/1166 1167/1167
f 1164/1164 1166/1166 2491/2491
f 2491/2491 2492/2492 1164/1164
f 708/708 2493/2493 2494/2494
f 2494/2494 1731/1731 708/708
f 707/707 2490/2490 2493/2493
f 2493/2493 708/708 707/707
f 2488/2488 2486/2486 745/745
f 745/745 744/744 2488/2488
f 2487/2487 1732/1732 2495/2495
f 2495/2495 2496/2496 2487/2487
f 2494/2494 2482/2482 734/734
f 734/734 1731/1731 2494/2494
f 733/733 735/735 2366/2366
f 1733/1733 1941/1941 2365/2365
f 2497/2497 1147/1147 1228/1228
f 1228/1228 1229/1229 2497/2497
f 711/711 876/876 1719/1719
f 1719/1719 712/712 711/711
f 1789/1789 712/712 1719/1719
f 1719/1719 1720/1720 1789/1789
f 757/757 2375/2375 1797/1797
f 1797/1797 758/758 757/757
f 1744/1744 1747/1747 773/773
f 773/773 772/772 1744/1744
f 773/773 1747/1747 1767/1767
f 1767/1767 1013/1013 773/773
f 1032/1032 1014/1014 1013/1013
f 1013/1013 1767/1767 1032/1032
f 1563/1563 1790/1790 1730/1730
f 1730/1730 1564/1564 1563/1563
f 1573/1573 1792/1792 1795/1795
f 1795/1795 1574/1574 1573/1573
f 1589/1589 1801/1801 1800/1800
f 1800/1800 1590/1590 1589/1589
f 1673/1673 2374/2374 2373/2373
f 2373/2373 1674/1674 1673/1673
f 1737/1737 1676/1676 1674/1674
f 1674/1674 2373/2373 1737/1737
f 1726/1726 2498/2498 2499/2499
f 2499/2499 1727/1727 1726/1726
f 1562/1562 1564/1564 1727/1727
f 1727/1727 2499/2499 1562/1562
f 2500/2500 1769/1769 772/772
f 772/772 775/775 2500/2500
f 1769/1769 2500/2500 2275/2275
f 2275/2275 1771/1771 1769/1769
f 2196/2196 2501/2501 1783/1783
f 1783/1783 1782/1782 2196/2196
f 2498/2498 1726/1726 1783/1783
f 1783/1783 2501/2501 2498/2498
f 1788/1788 2502/2502 1789/1789
f 1796/1796 759/759 758/758
f 1802/1802 2443/2443 1803/1803
f 1806/1806 1803/1803 2443/2443
f 2179/2179 1813/1813 2453/2453
f 2453/2453 2180/2180 2179/2179
f 2374/2374 1673/1673 2180/2180
f 2180/2180 2453/2453 2374/2374
f 1782/1782 1781/1781 2363/2363
f 2363/2363 2193/2193 1782/1782
f 2362/2362 2194/2194 2193/2193
f 2193/2193 2363/2363 2362/2362
f 1676/1676 1737/1737 1736/1736
f 1736/1736 2214/2214 1676/1676
f 1739/1739 2215/2215 2214/2214
f 2214/2214 1736/1736 1739/1739
f 2273/2273 2359/2359 2357/2357
f 2357/2357 2274/2274 2273/2273
f 1772/1772 1771/1771 2274/2274
f 2274/2274 2357/2357 1772/1772
f 1779/1779 1778/1778 2474/2474
f 2474/2474 2411/2411 1779/1779
f 2194/2194 2362/2362 2447/2447
f 2447/2447 2442/2442 2194/2194
f 1807/1807 1806/1806 2442/2442
f 2442/2442 2447/2447 1807/1807
f 1813/1813 2179/2179 1574/1574
f 1574/1574 1795/1795 1813/1813
f 2215/2215 1739/1739 2464/2464
f 2464/2464 2458/2458 2215/2215
f 2375/2375 757/757 2458/2458
f 2458/2458 2464/2464 2375/2375
f 2359/2359 2273/2273 1590/1590
f 1590/1590 1800/1800 2359/2359
f 1780/1780 1893/1893 1892/1892
f 1892/1892 2479/2479 1780/1780
f 1014/1014 2479/2479 1892/1892
f 1892/1892 986/986 1014/1014
f 2379/2379 2429/2429 2503/2503
f 2503/2503 2504/2504 2379/2379
f 2504/2504 2503/2503 2505/2505
f 2505/2505 2506/2506 2504/2504
f 2506/2506 2505/2505 2386/2386
f 2378/2378 2429/2429 2379/2379
f 1753/1753 1958/1958 2507/2507
f 1753/1753 2508/2508 2509/2509
f 2509/2509 2481/2481 1753/1753
f 2429/2429 2384/2384 2510/2510
f 2510/2510 2503/2503 2429/2429
f 2510/2510 2511/2511 2505/2505
f 2505/2505 2503/2503 2510/2510
f 2505/2505 1117/1117 2386/2386
f 1756/1756 2386/2386 1748/1748
f 1723/1723 2386/2386 1756/1756
f 1722/1722 2504/2504 2506/2506
f 2506/2506 1723/1723 1722/1722
f 2379/2379 2504/2504 1722/1722
f 1722/1722 1776/1776 2379/2379
f 2512/2512 2513/2513 2514/2514
f 2476/2476 1774/1774 2475/2475
f 2475/2475 2515/2515 2476/2476
f 2515/2515 2475/2475 2471/2471
f 2471/2471 2513/2513 2515/2515
f 2476/2476 2516/2516 2477/2477
f 2516/2516 2517/2517 2478/2478
f 2478/2478 2477/2477 2516/2516
f 2476/2476 700/700 1033/1033
f 1033/1033 2480/2480 2476/2476
f 1032/1032 1768/1768 2480/2480
f 2480/2480 1033/1033 1032/1032
f 2515/2515 2518/2518 2476/2476
f 2515/2515 2513/2513 2512/2512
f 2512/2512 2518/2518 2515/2515
f 2478/2478 2517/2517 2519/2519
f 1093/1093 2430/2430 2433/2433
f 2520/2520 2521/2521 2522/2522
f 2522/2522 2523/2523 2520/2520
f 2431/2431 2524/2524 2525/2525
f 2525/2525 2526/2526 2431/2431
f 2431/2431 2526/2526 910/910
f 910/910 1116/1116 2431/2431
f 2523/2523 2522/2522 2527/2527
f 2527/2527 2528/2528 2523/2523
f 2525/2525 2529/2529 2530/2530
f 2530/2530 2526/2526 2525/2525
f 2526/2526 2530/2530 911/911
f 911/911 910/910 2526/2526
f 2528/2528 2527/2527 2531/2531
f 2531/2531 2532/2532 2528/2528
f 2529/2529 2533/2533 2381/2381
f 2381/2381 2530/2530 2529/2529
f 2530/2530 2381/2381 1117/1117
f 1117/1117 911/911 2530/2530
f 2430/2430 2521/2521 2520/2520
f 2532/2532 2531/2531 1748/1748
f 2381/2381 2532/2532 1748/1748
f 1753/1753 2507/2507 2508/2508
f 2521/2521 1096/1096 834/834
f 834/834 2522/2522 2521/2521
f 834/834 833/833 2527/2527
f 2527/2527 2522/2522 834/834
f 833/833 1099/1099 2531/2531
f 2531/2531 2527/2527 833/833
f 2531/2531 1099/1099 1748/1748
f 1113/1113 1116/1116 910/910
f 899/899 2078/2078 2079/2079
f 2514/2514 2513/2513 2471/2471
f 2471/2471 2472/2472 2514/2514
f 1148/1148 1147/1147 2497/2497
f 2497/2497 2534/2534 1148/1148
f 2535/2535 2489/2489 1148/1148
f 1148/1148 2534/2534 2535/2535
f 1102/1102 879/879 1325/1325
f 2295/2295 1865/1865 1866/1866
f 1866/1866 1997/1997 2295/2295
f 1997/1997 1866/1866 1998/1998
f 1165/1165 1362/1362 1168/1168
f 1165/1165 1168/1168 1166/1166
f 810/810 1835/1835 1832/1832
f 810/810 1834/1834 2350/2350
f 734/734 2484/2484 735/735
f 2495/2495 1732/1732 2365/2365
f 1262/1262 975/975 1242/1242
f 1242/1242 1241/1241 1262/1262
f 1264/1264 1262/1262 1241/1241
f 1241/1241 1245/1245 1264/1264
f 1415/1415 1414/1414 1419/1419
f 1419/1419 1418/1418 1415/1415
f 1463/1463 1462/1462 1473/1473
f 1473/1473 1472/1472 1463/1463
f 1503/1503 844/844 1515/1515
f 1515/1515 1514/1514 1503/1503
f 1548/1548 1474/1474 1473/1473
f 1473/1473 1545/1545 1548/1548
f 2142/2142 1420/1420 1419/1419
f 1419/1419 923/923 2142/2142
f 1515/1515 844/844 843/843
f 843/843 1914/1914 1515/1515
f 975/975 974/974 1914/1914
f 1914/1914 1242/1242 975/975
f 2036/2036 2040/2040 2039/2039
f 2039/2039 2037/2037 2036/2036
f 922/922 2142/2142 923/923
f 903/903 2034/2034 2037/2037
f 903/903 2037/2037 2039/2039
f 2039/2039 2038/2038 903/903
f 904/904 903/903 2038/2038
f 2094/2094 2045/2045 2044/2044
f 1974/1974 2044/2044 1968/1968
f 1974/1974 2094/2094 2044/2044
f 2044/2044 2132/2132 1968/1968
f 2044/2044 2048/2048 2132/2132
f 2132/2132 1969/1969 1968/1968
f 904/904 2038/2038 2042/2042
f 904/904 2042/2042 2143/2143
f 959/959 962/962 2122/2122
f 959/959 2122/2122 1979/1979
f 2122/2122 962/962 901/901
f 788/788 790/790 2025/2025
f 2536/2536 2537/2537 2538/2538
f 2538/2538 2539/2539 2536/2536
f 2540/2540 2541/2541 2542/2542
f 2542/2542 2543/2543 2540/2540
f 2544/2544 2545/2545 2546/2546
f 2546/2546 2547/2547 2544/2544
f 2548/2548 2549/2549 2550/2550
f 2550/2550 2539/2539 2548/2548
f 2551/2551 2552/2552 2553/2553
f 2553/2553 2554/2554 2551/2551
f 2555/2555 2556/2556 2557/2557
f 2557/2557 2558/2558 2555/2555
f 2559/2559 2560/2560 2561/2561
f 2561/2561 2562/2562 2559/2559
f 2563/2563 2564/2564 2565/2565
f 2565/2565 2566/2566 2563/2563
f 2567/2567 2568/2568 2556/2556
f 2556/2556 2555/2555 2567/2567
f 2558/2558 2557/2557 2569/2569
f 2569/2569 2570/2570 2558/2558
f 2571/2571 2572/2572 2573/2573
f 2574/2574 2575/2575 2576/2576
f 2577/2577 2578/2578 2579/2579
f 2579/2579 2580/2580 2577/2577
f 2581/2581 2582/2582 2583/2583
f 2583/2583 2584/2584 2581/2581
f 2585/2585 2586/2586 2587/2587
f 2587/2587 2588/2588 2585/2585
f 2589/2589 2590/2590 2591/2591
f 2591/2591 2592/2592 2589/2589
f 2593/2593 2594/2594 2595/2595
f 2595/2595 2596/2596 2593/2593
f 2597/2597 2598/2598 2599/2599
f 2599/2599 2600/2600 2597/2597
f 2601/2601 2602/2602 2603/2603
f 2603/2603 2604/2604 2601/2601
f 2605/2605 2548/2548 2606/2606
f 2606/2606 2607/2607 2605/2605
f 2567/2567 2608/2608 2609/2609
f 2609/2609 2610/2610 2567/2567
f 2611/2611 2612/2612 2537/2537
f 2537/2537 2536/2536 2611/2611
f 2580/2580 2579/2579 2613/2613
f 2613/2613 2614/2614 2580/2580
f 2539/2539 2550/2550 2615/2615
f 2615/2615 2536/2536 2539/2539
f 2614/2614 2616/2616 2617/2617
f 2617/2617 2580/2580 2614/2614
f 2618/2618 2619/2619 2620/2620
f 2620/2620 2621/2621 2618/2618
f 2622/2622 2509/2509 2623/2623
f 2623/2623 2624/2624 2622/2622
f 2555/2555 2625/2625 2608/2608
f 2608/2608 2567/2567 2555/2555
f 2626/2626 2627/2627 2628/2628
f 2580/2580 2617/2617 2629/2629
f 2629/2629 2577/2577 2580/2580
f 2540/2540 2630/2630 2631/2631
f 2631/2631 2584/2584 2540/2540
f 2592/2592 2632/2632 2633/2633
f 2633/2633 2589/2589 2592/2592
f 2596/2596 2634/2634 2635/2635
f 2635/2635 2593/2593 2596/2596
f 2581/2581 2636/2636 2637/2637
f 2637/2637 2638/2638 2581/2581
f 2551/2551 2639/2639 2640/2640
f 2640/2640 2641/2641 2551/2551
f 2642/2642 2643/2643 2644/2644
f 2644/2644 2554/2554 2642/2642
f 2562/2562 2645/2645 2646/2646
f 2646/2646 2559/2559 2562/2562
f 2566/2566 2647/2647 2648/2648
f 2648/2648 2563/2563 2566/2566
f 2649/2649 2650/2650 2651/2651
f 2651/2651 2570/2570 2649/2649
f 2652/2652 2653/2653 2619/2619
f 2619/2619 2618/2618 2652/2652
f 2609/2609 2654/2654 2655/2655
f 2655/2655 2610/2610 2609/2609
f 2600/2600 2656/2656 2657/2657
f 2657/2657 2597/2597 2600/2600
f 2604/2604 2658/2658 2659/2659
f 2659/2659 2601/2601 2604/2604
f 2621/2621 2620/2620 2616/2616
f 2616/2616 2614/2614 2621/2621
f 2638/2638 2660/2660 2582/2582
f 2582/2582 2581/2581 2638/2638
f 2661/2661 2662/2662 2643/2643
f 2643/2643 2642/2642 2661/2661
f 2663/2663 2664/2664 2662/2662
f 2662/2662 2661/2661 2663/2663
f 2638/2638 2637/2637 2665/2665
f 2665/2665 2666/2666 2638/2638
f 2666/2666 2665/2665 2667/2667
f 2667/2667 2668/2668 2666/2666
f 2668/2668 2667/2667 2656/2656
f 2656/2656 2600/2600 2668/2668
f 2641/2641 2669/2669 2552/2552
f 2552/2552 2551/2551 2641/2641
f 2641/2641 2640/2640 2670/2670
f 2670/2670 2671/2671 2641/2641
f 2671/2671 2670/2670 2672/2672
f 2672/2672 2673/2673 2671/2671
f 2673/2673 2672/2672 2658/2658
f 2658/2658 2604/2604 2673/2673
f 2674/2674 2675/2675 2650/2650
f 2650/2650 2649/2649 2674/2674
f 2676/2676 2677/2677 2675/2675
f 2675/2675 2674/2674 2676/2676
f 2558/2558 2678/2678 2625/2625
f 2625/2625 2555/2555 2558/2558
f 2554/2554 2644/2644 2639/2639
f 2639/2639 2551/2551 2554/2554
f 2559/2559 2646/2646 2647/2647
f 2647/2647 2566/2566 2559/2559
f 2563/2563 2648/2648 2679/2679
f 2679/2679 2547/2547 2563/2563
f 2570/2570 2651/2651 2678/2678
f 2678/2678 2558/2558 2570/2570
f 2610/2610 2655/2655 2680/2680
f 2680/2680 2681/2681 2610/2610
f 2584/2584 2631/2631 2636/2636
f 2636/2636 2581/2581 2584/2584
f 2597/2597 2657/2657 2682/2682
f 2682/2682 2683/2683 2597/2597
f 2601/2601 2659/2659 2684/2684
f 2684/2684 2685/2685 2601/2601
f 2655/2655 2654/2654 2653/2653
f 2653/2653 2652/2652 2655/2655
f 2686/2686 2687/2687 2688/2688
f 2688/2688 2605/2605 2686/2686
f 2689/2689 2690/2690 2691/2691
f 2691/2691 2623/2623 2689/2689
f 2624/2624 2692/2692 2693/2693
f 2693/2693 2622/2622 2624/2624
f 2543/2543 2542/2542 2694/2694
f 2694/2694 2695/2695 2543/2543
f 2588/2588 2587/2587 2545/2545
f 2545/2545 2544/2544 2588/2588
f 2554/2554 2553/2553 2696/2696
f 2696/2696 2642/2642 2554/2554
f 2566/2566 2565/2565 2560/2560
f 2560/2560 2559/2559 2566/2566
f 2547/2547 2546/2546 2564/2564
f 2564/2564 2563/2563 2547/2547
f 2623/2623 2697/2697 2692/2692
f 2692/2692 2624/2624 2623/2623
f 2610/2610 2681/2681 2568/2568
f 2568/2568 2567/2567 2610/2610
f 2570/2570 2569/2569 2698/2698
f 2698/2698 2649/2649 2570/2570
f 2699/2699 2700/2700 2701/2701
f 2584/2584 2583/2583 2541/2541
f 2541/2541 2540/2540 2584/2584
f 2695/2695 2694/2694 2702/2702
f 2702/2702 2703/2703 2695/2695
f 2685/2685 2704/2704 2602/2602
f 2602/2602 2601/2601 2685/2685
f 2683/2683 2705/2705 2598/2598
f 2598/2598 2597/2597 2683/2683
f 2614/2614 2613/2613 2706/2706
f 2706/2706 2621/2621 2614/2614
f 2536/2536 2615/2615 2707/2707
f 2707/2707 2611/2611 2536/2536
f 2663/2663 2708/2708 2590/2590
f 2590/2590 2589/2589 2663/2663
f 2666/2666 2709/2709 2660/2660
f 2660/2660 2638/2638 2666/2666
f 2671/2671 2710/2710 2669/2669
f 2669/2669 2641/2641 2671/2671
f 2676/2676 2711/2711 2594/2594
f 2594/2594 2593/2593 2676/2676
f 2605/2605 2688/2688 2549/2549
f 2549/2549 2548/2548 2605/2605
f 2622/2622 2693/2693 2687/2687
f 2687/2687 2686/2686 2622/2622
f 2712/2712 2713/2713 2690/2690
f 2690/2690 2689/2689 2712/2712
f 2618/2618 2714/2714 2715/2715
f 2715/2715 2652/2652 2618/2618
f 2642/2642 2696/2696 2716/2716
f 2716/2716 2661/2661 2642/2642
f 2661/2661 2716/2716 2708/2708
f 2708/2708 2663/2663 2661/2661
f 2649/2649 2698/2698 2717/2717
f 2717/2717 2674/2674 2649/2649
f 2674/2674 2717/2717 2711/2711
f 2711/2711 2676/2676 2674/2674
f 2600/2600 2599/2599 2718/2718
f 2718/2718 2668/2668 2600/2600
f 2668/2668 2718/2718 2709/2709
f 2709/2709 2666/2666 2668/2668
f 2589/2589 2633/2633 2664/2664
f 2664/2664 2663/2663 2589/2589
f 2604/2604 2603/2603 2719/2719
f 2719/2719 2673/2673 2604/2604
f 2673/2673 2719/2719 2710/2710
f 2710/2710 2671/2671 2673/2673
f 2593/2593 2635/2635 2677/2677
f 2677/2677 2676/2676 2593/2593
f 2539/2539 2538/2538 2606/2606
f 2606/2606 2548/2548 2539/2539
f 2605/2605 2607/2607 2720/2720
f 2720/2720 2686/2686 2605/2605
f 2588/2588 2721/2721 2722/2722
f 2722/2722 2585/2585 2588/2588
f 2703/2703 2723/2723 2724/2724
f 2724/2724 2695/2695 2703/2703
f 2725/2725 2544/2544 2547/2547
f 2547/2547 2679/2679 2725/2725
f 2543/2543 2726/2726 2630/2630
f 2630/2630 2540/2540 2543/2543
f 2621/2621 2706/2706 2714/2714
f 2714/2714 2618/2618 2621/2621
f 2645/2645 2562/2562 2712/2712
f 2712/2712 2727/2727 2645/2645
f 2623/2623 2509/2509 2728/2728
f 2728/2728 2689/2689 2623/2623
f 2686/2686 2720/2720 2509/2509
f 2509/2509 2622/2622 2686/2686
f 2562/2562 2561/2561 2713/2713
f 2713/2713 2712/2712 2562/2562
f 2728/2728 2727/2727 2712/2712
f 2712/2712 2689/2689 2728/2728
f 2680/2680 2655/2655 2652/2652
f 2652/2652 2715/2715 2680/2680
f 2544/2544 2725/2725 2721/2721
f 2721/2721 2588/2588 2544/2544
f 2543/2543 2695/2695 2724/2724
f 2724/2724 2726/2726 2543/2543
f 2729/2729 875/875 710/710
f 2729/2729 822/822 826/826
f 2729/2729 826/826 875/875
f 875/875 711/711 710/710
f 1322/1322 823/823 822/822
f 2729/2729 1322/1322 822/822
f 2730/2730 2731/2731 2732/2732
f 2732/2732 2733/2733 2730/2730
f 2734/2734 2735/2735 2736/2736
f 2736/2736 2737/2737 2734/2734
f 2738/2738 2739/2739 2731/2731
f 2731/2731 2730/2730 2738/2738
f 2740/2740 2741/2741 2739/2739
f 2739/2739 2738/2738 2740/2740
f 2742/2742 2743/2743 2744/2744
f 2744/2744 2745/2745 2742/2742
f 2746/2746 2747/2747 2743/2743
f 2743/2743 2742/2742 2746/2746
f 2748/2748 2749/2749 2750/2750
f 2750/2750 2751/2751 2748/2748
f 2752/2752 2753/2753 2735/2735
f 2735/2735 2734/2734 2752/2752
f 2070/2070 2754/2754 2071/2071
f 2073/2073 2754/2754 2070/2070
f 2733/2733 2732/2732 2749/2749
f 2749/2749 2748/2748 2733/2733
f 2737/2737 2736/2736 2747/2747
f 2747/2747 2746/2746 2737/2737
f 2755/2755 2756/2756 2757/2757
f 2757/2757 2758/2758 2755/2755
f 2756/2756 2755/2755 2759/2759
f 2760/2760 2761/2761 2762/2762
f 2763/2763 2764/2764 2762/2762
f 2762/2762 2761/2761 2763/2763
f 2765/2765 2766/2766 1287/1287
f 1287/1287 1112/1112 2765/2765
f 2478/2478 2514/2514 2474/2474
f 2474/2474 2360/2360 2478/2478
f 2474/2474 1778/1778 2473/2473
f 1133/1133 1132/1132 1775/1775
f 1775/1775 1773/1773 1133/1133
f 1032/1032 1033/1033 699/699
f 999/999 1763/1763 1002/1002
f 999/999 1002/1002 1000/1000
f 2510/2510 2384/2384 2383/2383
f 1723/1723 2506/2506 2386/2386
f 2505/2505 2511/2511 1117/1117
f 2430/2430 2524/2524 2431/2431
f 2431/2431 1116/1116 1115/1115
f 1093/1093 1096/1096 2430/2430
f 1096/1096 2521/2521 2430/2430
f 1521/1521 1541/1541 1393/1393
f 1393/1393 1438/1438 1521/1521
f 1322/1322 1483/1483 1046/1046
f 1456/1456 1455/1455 1292/1292
f 2767/2767 1460/1460 1459/1459
f 2767/2767 1459/1459 1888/1888
f 1888/1888 2768/2768 2767/2767
f 1319/1319 1318/1318 1871/1871
f 1315/1315 1368/1368 1053/1053
f 1368/1368 1051/1051 1053/1053
f 1035/1035 1558/1558 716/716
f 806/806 934/934 963/963
f 963/963 945/945 806/806
f 806/806 805/805 935/935
f 935/935 934/934 806/806
f 1424/1424 1441/1441 1440/1440
f 1440/1440 1442/1442 1425/1425
f 1424/1424 1440/1440 1425/1425
f 1808/1808 2368/2368 1966/1966
f 1944/1944 2191/2191 2192/2192
f 1814/1814 2370/2370 1967/1967
f 1947/1947 2270/2270 2271/2271
f 1397/1397 1396/1396 1469/1469
f 1468/1468 1397/1397 1469/1469
f 1467/1467 2110/2110 1538/1538
f 2110/2110 1539/1539 1538/1538
f 2125/2125 2090/2090 2138/2138
f 2769/2769 2770/2770 2138/2138
f 2138/2138 2137/2137 2769/2769
f 2125/2125 2142/2142 922/922
f 2125/2125 922/922 2124/2124
f 2125/2125 2138/2138 2770/2770
f 2125/2125 888/888 2090/2090
f 2769/2769 1421/1421 1420/1420
f 1420/1420 2770/2770 2769/2769
f 2770/2770 1420/1420 2125/2125
f 921/921 924/924 922/922
f 888/888 2124/2124 889/889
f 1839/1839 887/887 889/889
f 980/980 1839/1839 889/889
f 1997/1997 1998/1998 1994/1994
f 1146/1146 1019/1019 1021/1021
f 1146/1146 1277/1277 1019/1019
f 2771/2771 1195/1195 1194/1194
f 1194/1194 2772/2772 2771/2771
f 1248/1248 2771/2771 2772/2772
f 2772/2772 1249/1249 1248/1248
f 1248/1248 1247/1247 1252/1252
f 1716/1716 2188/2188 1627/1627
f 2169/2169 1661/1661 2158/2158
f 1179/1179 1993/1993 2314/2314
f 2314/2314 1180/1180 1179/1179
f 2220/2220 1698/1698 1715/1715
f 2773/2773 1193/1193 1192/1192
f 1192/1192 2774/2774 2773/2773
f 2265/2265 2266/2266 1118/1118
f 1118/1118 1628/1628 2265/2265
f 1305/1305 1304/1304 2775/2775
f 2502/2502 709/709 712/712
f 712/712 1789/1789 2502/2502
f 1403/1403 1402/1402 2775/2775
f 1402/1402 1305/1305 2775/2775
f 1289/1289 2776/2776 1290/1290
f 1313/1313 1034/1034 1100/1100
f 1844/1844 886/886 1860/1860
f 1845/1845 885/885 886/886
g GlamVelvetSofa_legs
usemtl GlamVelvetSofa_legs
v -0.19905 0.22836 -0.49604
v -0.18676 0.02900 -0.59467
v -0.18346 0.02856 -0.59358
v -0.19162 0.22836 -0.49358
v -0.20417 0.22836 -0.50153
v -0.18904 0.03007 -0.59711
v -0.20560 0.22836 -0.50858
v -0.18967 0.03151 -0.60025
v -0.20296 0.22836 -0.51530
v -0.18850 0.03292 -0.60324
v -0.19696 0.22836 -0.51989
v -0.18583 0.03393 -0.60528
v -0.18921 0.22836 -0.52111
v -0.18238 0.03427 -0.60583
v -0.18178 0.22836 -0.51865
v -0.17908 0.03384 -0.60473
v -0.17667 0.22836 -0.51316
v -0.17680 0.03276 -0.60229
v -0.17524 0.22836 -0.50611
v -0.17616 0.03132 -0.59916
v -0.17787 0.22836 -0.49939
v -0.17734 0.02991 -0.59617
v -0.18387 0.22836 -0.49481
v -0.18001 0.02890 -0.59412
v -0.19162 0.22836 -0.49358
v -0.18346 0.02856 -0.59358
v -0.16879 0.22836 -0.12279
v -0.14929 0.02900 -0.02532
v -0.15278 0.02856 -0.02532
v -0.17661 0.22836 -0.12278
v -0.16220 0.22836 -0.11919
v -0.14636 0.03007 -0.02373
v -0.15861 0.22836 -0.11296
v -0.14477 0.03151 -0.02095
v -0.15899 0.22836 -0.10575
v -0.14494 0.03292 -0.01774
v -0.16323 0.22836 -0.09950
v -0.14682 0.03393 -0.01496
v -0.17020 0.22836 -0.09589
v -0.14992 0.03427 -0.01336
v -0.17803 0.22836 -0.09588
v -0.15341 0.03384 -0.01335
v -0.18461 0.22836 -0.09948
v -0.15634 0.03276 -0.01495
v -0.18820 0.22836 -0.10571
v -0.15793 0.03132 -0.01772
v -0.18782 0.22836 -0.11292
v -0.15776 0.02991 -0.02093
v -0.18358 0.22836 -0.11917
v -0.15588 0.02890 -0.02371
v -0.17661 0.22836 -0.12278
v -0.15278 0.02856 -0.02532
v -0.69907 0.22836 0.00753
v -0.69435 0.03125 0.00154
v -0.69105 0.03130 0.00272
v -0.69164 0.22836 0.00999
v -0.70419 0.22836 0.00204
v -0.69663 0.03124 -0.00113
v -0.70562 0.22836 -0.00501
v -0.69727 0.03128 -0.00457
v -0.70299 0.22836 -0.01173
v -0.69609 0.03136 -0.00788
v -0.69699 0.22836 -0.01631
v -0.69342 0.03145 -0.01016
v -0.68924 0.22836 -0.01754
v -0.68998 0.03153 -0.01079
v -0.68181 0.22836 -0.01508
v -0.68667 0.03159 -0.00962
v -0.67669 0.22836 -0.00959
v -0.68439 0.03159 -0.00695
v -0.67526 0.22836 -0.00254
v -0.68376 0.03155 -0.00350
v -0.67790 0.22836 0.00418
v -0.68493 0.03148 -0.00019
v -0.68389 0.22836 0.00877
v -0.68760 0.03138 0.00208
v -0.69164 0.22836 0.00999
v -0.69105 0.03130 0.00272
v -0.68109 0.22836 0.32103
v -0.76647 0.02900 0.37192
v -0.76764 0.02856 0.36864
v -0.68371 0.22836 0.31366
v -0.68228 0.22836 0.32844
v -0.76700 0.03007 0.37522
v -0.68696 0.22836 0.33390
v -0.76908 0.03151 0.37765
v -0.69388 0.22836 0.33595
v -0.77216 0.03292 0.37856
v -0.70119 0.22836 0.33404
v -0.77541 0.03393 0.37771
v -0.70692 0.22836 0.32867
v -0.77796 0.03427 0.37532
v -0.70953 0.22836 0.32130
v -0.77913 0.03384 0.37204
v -0.70834 0.22836 0.31389
v -0.77860 0.03276 0.36874
v -0.70366 0.22836 0.30843
v -0.77652 0.03132 0.36631
v -0.69674 0.22836 0.30638
v -0.77344 0.02991 0.36540
v -0.68944 0.22836 0.30830
v -0.77018 0.02890 0.36626
v -0.68371 0.22836 0.31366
v -0.76764 0.02856 0.36864
v -0.96066 0.22836 -0.27780
v -1.05116 0.02900 -0.31891
v -1.04913 0.02856 -0.32173
v -0.95610 0.22836 -0.28416
v -0.96743 0.22836 -0.27455
v -1.05417 0.03007 -0.31746
v -0.97458 0.22836 -0.27528
v -1.05735 0.03151 -0.31779
v -0.98021 0.22836 -0.27980
v -1.05986 0.03292 -0.31980
v -0.98280 0.22836 -0.28689
v -1.06101 0.03393 -0.32295
v -0.98167 0.22836 -0.29466
v -1.06051 0.03427 -0.32641
v -0.97710 0.22836 -0.30102
v -1.05848 0.03384 -0.32924
v -0.97034 0.22836 -0.30426
v -1.05547 0.03276 -0.33068
v -0.96318 0.22836 -0.30353
v -1.05228 0.03132 -0.33036
v -0.95756 0.22836 -0.29901
v -1.04978 0.02991 -0.32835
v -0.95496 0.22836 -0.29192
v -1.04862 0.02890 -0.32519
v -0.95610 0.22836 -0.28416
v -1.04913 0.02856 -0.32173
v 0.84983 0.22836 0.13348
v 0.93880 0.02900 0.17780
v 0.93667 0.02856 0.18055
v 0.84505 0.22836 0.13967
v 0.85671 0.22836 0.13048
v 0.94186 0.03007 0.17646
v 0.86384 0.22836 0.13147
v 0.94503 0.03151 0.17690
v 0.86930 0.22836 0.13618
v 0.94746 0.03292 0.17900
v 0.87164 0.22836 0.14336
v 0.94850 0.03393 0.18219
v 0.87022 0.22836 0.15108
v 0.94787 0.03427 0.18563
v 0.86543 0.22836 0.15727
v 0.94575 0.03384 0.18838
v 0.85856 0.22836 0.16027
v 0.94269 0.03276 0.18972
v 0.85143 0.22836 0.15929
v 0.93952 0.03132 0.18928
v 0.84597 0.22836 0.15457
v 0.93708 0.02991 0.18718
v 0.84363 0.22836 0.14739
v 0.93604 0.02890 0.18399
v 0.84505 0.22836 0.13967
v 0.93667 0.02856 0.18055
v 0.82126 0.22836 -0.16144
v 0.91356 0.02900 -0.19832
v 0.91419 0.02856 -0.19490
v 0.82269 0.22836 -0.15374
v 0.82359 0.22836 -0.16857
v 0.91459 0.03007 -0.20150
v 0.82907 0.22836 -0.17323
v 0.91703 0.03151 -0.20357
v 0.83623 0.22836 -0.17417
v 0.92022 0.03292 -0.20398
v 0.84315 0.22836 -0.17113
v 0.92329 0.03393 -0.20263
v 0.84796 0.22836 -0.16493
v 0.92544 0.03427 -0.19988
v 0.84939 0.22836 -0.15724
v 0.92608 0.03384 -0.19646
v 0.84706 0.22836 -0.15011
v 0.92504 0.03276 -0.19328
v 0.84158 0.22836 -0.14545
v 0.92260 0.03132 -0.19121
v 0.83442 0.22836 -0.14452
v 0.91942 0.02991 -0.19079
v 0.82751 0.22836 -0.14755
v 0.91634 0.02890 -0.19214
v 0.82269 0.22836 -0.15374
v 0.91419 0.02856 -0.19490
v -0.19351 0.22836 -0.26845
v -0.18879 0.03125 -0.27444
v -0.18548 0.03130 -0.27326
v -0.18608 0.22836 -0.26599
v -0.19862 0.22836 -0.27394
v -0.19106 0.03124 -0.27711
v -0.20005 0.22836 -0.28099
v -0.19170 0.03128 -0.28056
v -0.19742 0.22836 -0.28771
v -0.19053 0.03136 -0.28386
v -0.19142 0.22836 -0.29230
v -0.18786 0.03145 -0.28614
v -0.18367 0.22836 -0.29352
v -0.18441 0.03153 -0.28677
v -0.17624 0.22836 -0.29106
v -0.18110 0.03159 -0.28560
v -0.17113 0.22836 -0.28557
v -0.17883 0.03159 -0.28293
v -0.16969 0.22836 -0.27852
v -0.17819 0.03155 -0.27948
v -0.17233 0.22836 -0.27180
v -0.17936 0.03148 -0.27618
v -0.17833 0.22836 -0.26722
v -0.18203 0.03138 -0.27390
v -0.18608 0.22836 -0.26599
v -0.18548 0.03130 -0.27326
v 0.43683 0.22836 -0.21936
v 0.44155 0.03125 -0.22535
v 0.44486 0.03130 -0.22418
v 0.44426 0.22836 -0.21690
v 0.43171 0.22836 -0.22485
v 0.43928 0.03124 -0.22802
v 0.43028 0.22836 -0.23190
v 0.43864 0.03128 -0.23147
v 0.43292 0.22836 -0.23862
v 0.43981 0.03136 -0.23477
v 0.43892 0.22836 -0.24321
v 0.44248 0.03145 -0.23705
v 0.44667 0.22836 -0.24443
v 0.44593 0.03153 -0.23769
v 0.45410 0.22836 -0.24197
v 0.44923 0.03159 -0.23651
v 0.45921 0.22836 -0.23648
v 0.45151 0.03159 -0.23384
v 0.46064 0.22836 -0.22943
v 0.45215 0.03155 -0.23039
v 0.45801 0.22836 -0.22271
v 0.45097 0.03148 -0.22709
v 0.45201 0.22836 -0.21813
v 0.44831 0.03138 -0.22481
v 0.44426 0.22836 -0.21690
v 0.44486 0.03130 -0.22418
v -0.16892 0.00005 -0.61272
v -0.17116 0.00005 -0.60708
v -0.18325 0.00008 -0.60206
v -0.18984 0.00007 -0.60423
v -0.14336 0.00007 -0.01723
v -0.15647 0.00007 -0.01402
v -0.15029 0.00008 -0.01720
v -0.67747 0.00005 -0.00246
v -0.67971 0.00005 0.00318
v -0.69180 0.00008 0.00820
v -0.69838 0.00007 0.00604
v -0.78917 0.00009 0.39122
v -0.79424 0.00010 0.38645
v -0.77445 0.00009 0.37369
v -0.77212 0.00008 0.38022
v -1.06119 0.00008 -0.31881
v -1.07303 0.00005 -0.31658
v -1.07775 0.00007 -0.32039
v -1.05717 0.00009 -0.32445
v 0.94883 0.00008 0.17807
v 0.96074 0.00005 0.17626
v 0.96532 0.00007 0.18024
v 0.94461 0.00009 0.18356
v 0.93900 0.00009 -0.21382
v 0.94326 0.00010 -0.20832
v 0.92172 0.00009 -0.19882
v 0.92043 0.00008 -0.20563
v -0.17190 0.00005 -0.27844
v -0.17414 0.00005 -0.27280
v -0.18623 0.00008 -0.26778
v -0.19282 0.00007 -0.26994
v 0.45843 0.00005 -0.22935
v 0.45620 0.00005 -0.22371
v 0.44410 0.00008 -0.21869
v 0.43752 0.00007 -0.22086
v -0.13497 0.00006 -0.00287
v -0.15750 0.00006 0.00266
v -0.16052 0.00005 -0.00257
v -0.13463 0.00005 -0.00893
v -0.16018 0.00005 -0.00862
v -0.13765 0.00005 -0.01416
v -0.13868 0.00008 0.00252
v -0.15179 0.00008 0.00573
v -0.14486 0.00009 0.00571
v -0.19726 0.00006 -0.27466
v -0.19847 0.00005 -0.28057
v -0.17756 0.00008 -0.28907
v -0.17312 0.00006 -0.28435
v -0.19624 0.00006 -0.28621
v -0.18415 0.00009 -0.29123
v -0.17936 0.00007 -0.26885
v -0.19102 0.00008 -0.29016
v -0.70282 0.00006 0.00132
v -0.70404 0.00005 -0.00459
v -0.68313 0.00008 -0.01309
v -0.67869 0.00006 -0.00837
v -0.70181 0.00006 -0.01023
v -0.68971 0.00009 -0.01525
v -0.68492 0.00007 0.00713
v -0.69659 0.00008 -0.01418
v -0.79658 0.00009 0.37993
v -0.77952 0.00008 0.36892
v -0.77311 0.00007 0.38662
v -0.78285 0.00007 0.39291
v -0.79558 0.00007 0.37352
v -0.78584 0.00007 0.36723
v -0.77703 0.00006 0.39121
v -0.79167 0.00006 0.36893
v -1.07893 0.00010 -0.33343
v -1.05836 0.00006 -0.33749
v -1.05614 0.00008 -0.33134
v -1.07996 0.00009 -0.32655
v -1.07491 0.00009 -0.33907
v -1.06308 0.00005 -0.34131
v -1.06702 0.00006 -0.31598
v -1.06908 0.00007 -0.34191
v -0.19428 0.00006 -0.60894
v -0.19549 0.00005 -0.61485
v -0.17458 0.00008 -0.62335
v -0.17014 0.00006 -0.61863
v -0.19326 0.00006 -0.62050
v -0.18117 0.00009 -0.62551
v -0.17638 0.00007 -0.60313
v -0.18804 0.00008 -0.62444
v 0.43308 0.00006 -0.22557
v 0.43186 0.00005 -0.23148
v 0.45278 0.00008 -0.23998
v 0.45722 0.00006 -0.23526
v 0.43410 0.00006 -0.23713
v 0.44619 0.00009 -0.24214
v 0.45098 0.00007 -0.21976
v 0.43932 0.00008 -0.24107
v 0.94455 0.00009 -0.20151
v 0.92598 0.00008 -0.19332
v 0.92242 0.00007 -0.21180
v 0.93303 0.00007 -0.21649
v 0.94256 0.00007 -0.19534
v 0.93196 0.00007 -0.19066
v 0.92701 0.00006 -0.21572
v 0.93797 0.00006 -0.19142
v 0.96604 0.00010 0.19331
v 0.94533 0.00006 0.19663
v 0.94334 0.00008 0.19040
v 0.96731 0.00009 0.18647
v 0.96181 0.00009 0.19880
v 0.94991 0.00005 0.20061
v 0.95476 0.00006 0.17544
v 0.95589 0.00007 0.20143
vt 0.75214 0.26988
vt 0.63967 0.27756
vt 0.63945 0.27568
vt 0.75217 0.26590
vt 0.75143 0.27362
vt 0.63993 0.27964
vt 0.75029 0.27707
vt 0.64021 0.28192
vt 0.74909 0.28054
vt 0.64046 0.28435
vt 0.74820 0.28431
vt 0.64062 0.28687
vt 0.74789 0.28840
vt 0.64067 0.28840
vt 0.74827 0.29243
vt 0.64061 0.29200
vt 0.74922 0.29619
vt 0.64045 0.29450
vt 0.75047 0.29965
vt 0.64023 0.29689
vt 0.75166 0.30313
vt 0.64000 0.29915
vt 0.75243 0.30691
vt 0.63980 0.30122
vt 0.75253 0.31090
vt 0.63966 0.30309
vt 0.54703 0.50312
vt 0.43456 0.51079
vt 0.43434 0.50892
vt 0.54706 0.49914
vt 0.54632 0.50686
vt 0.43482 0.51288
vt 0.54518 0.51031
vt 0.43510 0.51516
vt 0.54398 0.51378
vt 0.43535 0.51759
vt 0.54309 0.51755
vt 0.43551 0.52011
vt 0.54278 0.52164
vt 0.43556 0.52164
vt 0.54316 0.52567
vt 0.43550 0.52524
vt 0.54411 0.52943
vt 0.43534 0.52774
vt 0.54536 0.53289
vt 0.43512 0.53013
vt 0.54655 0.53637
vt 0.43489 0.53238
vt 0.54732 0.54015
vt 0.43469 0.53446
vt 0.54742 0.54414
vt 0.43455 0.53633
vt 0.64570 0.56541
vt 0.74541 0.55777
vt 0.74554 0.55964
vt 0.64604 0.56930
vt 0.64547 0.56181
vt 0.74530 0.55572
vt 0.64531 0.55845
vt 0.74519 0.55352
vt 0.64521 0.55514
vt 0.74508 0.55120
vt 0.64513 0.55130
vt 0.74500 0.54921
vt 0.64512 0.54767
vt 0.74495 0.54767
vt 0.64515 0.54330
vt 0.74495 0.54521
vt 0.64518 0.54003
vt 0.74497 0.54267
vt 0.64522 0.53685
vt 0.74503 0.54023
vt 0.64532 0.53354
vt 0.74512 0.53796
vt 0.64550 0.52994
vt 0.74525 0.53589
vt 0.64576 0.52604
vt 0.74541 0.53401
vt 0.75214 0.33722
vt 0.63967 0.34489
vt 0.63945 0.34302
vt 0.75217 0.33324
vt 0.75143 0.34096
vt 0.63993 0.34698
vt 0.75029 0.34441
vt 0.64021 0.34926
vt 0.74909 0.34788
vt 0.64046 0.35169
vt 0.74820 0.35165
vt 0.64062 0.35421
vt 0.74789 0.35574
vt 0.64067 0.35574
vt 0.74827 0.35977
vt 0.64061 0.35934
vt 0.74922 0.36353
vt 0.64045 0.36184
vt 0.75047 0.36699
vt 0.64024 0.36423
vt 0.75166 0.37047
vt 0.64000 0.36648
vt 0.75243 0.37425
vt 0.63980 0.36856
vt 0.75253 0.37824
vt 0.63966 0.37043
vt 0.75104 0.20621
vt 0.63857 0.21389
vt 0.63836 0.21201
vt 0.75108 0.20224
vt 0.75034 0.20995
vt 0.63884 0.21598
vt 0.74920 0.21341
vt 0.63912 0.21826
vt 0.74800 0.21687
vt 0.63936 0.22068
vt 0.74710 0.22065
vt 0.63952 0.22320
vt 0.74680 0.22474
vt 0.63957 0.22474
vt 0.74717 0.22877
vt 0.63952 0.22833
vt 0.74813 0.23253
vt 0.63936 0.23083
vt 0.74938 0.23599
vt 0.63914 0.23323
vt 0.75057 0.23947
vt 0.63890 0.23548
vt 0.75134 0.24324
vt 0.63870 0.23755
vt 0.75144 0.24723
vt 0.63856 0.23943
vt 0.75214 0.47190
vt 0.63967 0.47957
vt 0.63945 0.47770
vt 0.75217 0.46792
vt 0.75143 0.47564
vt 0.63993 0.48166
vt 0.75029 0.47909
vt 0.64021 0.48394
vt 0.74909 0.48256
vt 0.64046 0.48637
vt 0.74820 0.48633
vt 0.64062 0.48889
vt 0.74789 0.49042
vt 0.64067 0.49042
vt 0.74827 0.49445
vt 0.64061 0.49402
vt 0.74922 0.49821
vt 0.64045 0.49652
vt 0.75047 0.50167
vt 0.64024 0.49891
vt 0.75166 0.50515
vt 0.64000 0.50116
vt 0.75243 0.50893
vt 0.63980 0.50324
vt 0.75253 0.51292
vt 0.63966 0.50511
vt 0.75214 0.40456
vt 0.63967 0.41223
vt 0.63945 0.41036
vt 0.75217 0.40058
vt 0.75143 0.40830
vt 0.63993 0.41432
vt 0.75030 0.41175
vt 0.64021 0.41660
vt 0.74909 0.41522
vt 0.64046 0.41903
vt 0.74820 0.41899
vt 0.64062 0.42155
vt 0.74789 0.42308
vt 0.64067 0.42308
vt 0.74827 0.42711
vt 0.64061 0.42667
vt 0.74922 0.43087
vt 0.64046 0.42917
vt 0.75047 0.43433
vt 0.64024 0.43157
vt 0.75166 0.43781
vt 0.64000 0.43382
vt 0.75243 0.44159
vt 0.63980 0.43589
vt 0.75253 0.44558
vt 0.63966 0.43777
vt 0.54798 0.44510
vt 0.44825 0.45243
vt 0.44813 0.45057
vt 0.54766 0.44120
vt 0.54821 0.44876
vt 0.44836 0.45443
vt 0.54836 0.45217
vt 0.44845 0.45658
vt 0.54844 0.45553
vt 0.44854 0.45884
vt 0.54848 0.45902
vt 0.44861 0.46119
vt 0.54850 0.46254
vt 0.44866 0.46254
vt 0.54850 0.46617
vt 0.44868 0.46603
vt 0.54850 0.46928
vt 0.44867 0.46874
vt 0.54849 0.47243
vt 0.44864 0.47120
vt 0.54841 0.47609
vt 0.44856 0.47312
vt 0.54825 0.47991
vt 0.44844 0.47498
vt 0.54800 0.48388
vt 0.44828 0.47678
vt 0.54777 0.38413
vt 0.44806 0.39178
vt 0.44794 0.38991
vt 0.54744 0.38025
vt 0.54800 0.38774
vt 0.44818 0.39383
vt 0.54816 0.39110
vt 0.44828 0.39603
vt 0.54826 0.39441
vt 0.44839 0.39835
vt 0.54834 0.39825
vt 0.44848 0.40034
vt 0.54836 0.40188
vt 0.44852 0.40188
vt 0.54832 0.40625
vt 0.44852 0.40434
vt 0.54830 0.40952
vt 0.44850 0.40688
vt 0.54825 0.41270
vt 0.44844 0.40932
vt 0.54815 0.41601
vt 0.44835 0.41159
vt 0.54798 0.41961
vt 0.44822 0.41366
vt 0.54771 0.42351
vt 0.44806 0.41554
vt 0.48440 0.08337
vt 0.48532 0.08047
vt 0.49121 0.07752
vt 0.49458 0.07837
vt 0.47917 0.05420
vt 0.48564 0.05212
vt 0.48265 0.05394
vt 0.50904 0.07384
vt 0.50996 0.07093
vt 0.51584 0.06798
vt 0.51922 0.06883
vt 0.51837 0.04824
vt 0.52108 0.05045
vt 0.51161 0.05756
vt 0.51020 0.05437
vt 0.50970 0.08900
vt 0.51555 0.08745
vt 0.51806 0.08920
vt 0.50788 0.09197
vt 0.46353 0.05597
vt 0.45763 0.05730
vt 0.45519 0.05547
vt 0.46545 0.05307
vt 0.45241 0.08435
vt 0.45008 0.08174
vt 0.46054 0.07621
vt 0.46143 0.07958
vt 0.49021 0.06252
vt 0.49113 0.05962
vt 0.49701 0.05667
vt 0.50039 0.05752
vt 0.46725 0.06816
vt 0.46817 0.06525
vt 0.47406 0.06231
vt 0.47743 0.06316
vt 0.47446 0.04730
vt 0.48556 0.04372
vt 0.48726 0.04623
vt 0.47450 0.05035
vt 0.48730 0.04928
vt 0.47620 0.05286
vt 0.47612 0.04446
vt 0.48259 0.04238
vt 0.47911 0.04264
vt 0.50279 0.05973
vt 0.50361 0.06265
vt 0.49342 0.06765
vt 0.49103 0.06544
vt 0.50269 0.06556
vt 0.49680 0.06850
vt 0.49360 0.05745
vt 0.50021 0.06772
vt 0.52162 0.07104
vt 0.52244 0.07396
vt 0.51225 0.07896
vt 0.50986 0.07676
vt 0.52152 0.07687
vt 0.51563 0.07981
vt 0.51243 0.06876
vt 0.51904 0.07903
vt 0.52248 0.05364
vt 0.51432 0.05977
vt 0.51048 0.05112
vt 0.51514 0.04762
vt 0.52221 0.05689
vt 0.51755 0.06039
vt 0.51228 0.04868
vt 0.52041 0.05933
vt 0.51912 0.09569
vt 0.50894 0.09846
vt 0.50761 0.09546
vt 0.51939 0.09221
vt 0.51730 0.09867
vt 0.51145 0.10021
vt 0.51252 0.08737
vt 0.51448 0.10030
vt 0.49698 0.08058
vt 0.49780 0.08350
vt 0.48762 0.08850
vt 0.48522 0.08629
vt 0.49688 0.08641
vt 0.49099 0.08935
vt 0.48779 0.07830
vt 0.49440 0.08857
vt 0.47983 0.06537
vt 0.48065 0.06829
vt 0.47047 0.07329
vt 0.46807 0.07108
vt 0.47973 0.07120
vt 0.47384 0.07414
vt 0.47065 0.06309
vt 0.47725 0.07336
vt 0.44919 0.07837
vt 0.45821 0.07360
vt 0.46065 0.08274
vt 0.45550 0.08547
vt 0.44997 0.07521
vt 0.45512 0.07248
vt 0.45849 0.08487
vt 0.45213 0.07308
vt 0.45436 0.04894
vt 0.46463 0.04654
vt 0.46585 0.04959
vt 0.45397 0.05242
vt 0.45628 0.04603
vt 0.46219 0.04470
vt 0.46065 0.05750
vt 0.45916 0.04451
f 2777/2777 2778/2778 2779/2779
f 2779/2779 2780/2780 2777/2777
f 2781/2781 2782/2782 2778/2778
f 2778/2778 2777/2777 2781/2781
f 2783/2783 2784/2784 2782/2782
f 2782/2782 2781/2781 2783/2783
f 2785/2785 2786/2786 2784/2784
f 2784/2784 2783/2783 2785/2785
f 2787/2787 2788/2788 2786/2786
f 2786/2786 2785/2785 2787/2787
f 2789/2789 2790/2790 2788/2788
f 2788/2788 2787/2787 2789/2789
f 2791/2791 2792/2792 2790/2790
f 2790/2790 2789/2789 2791/2791
f 2793/2793 2794/2794 2792/2792
f 2792/2792 2791/2791 2793/2793
f 2795/2795 2796/2796 2794/2794
f 2794/2794 2793/2793 2795/2795
f 2797/2797 2798/2798 2796/2796
f 2796/2796 2795/2795 2797/2797
f 2799/2799 2800/2800 2798/2798
f 2798/2798 2797/2797 2799/2799
f 2801/2801 2802/2802 2800/2800
f 2800/2800 2799/2799 2801/2801
f 2803/2803 2804/2804 2805/2805
f 2805/2805 2806/2806 2803/2803
f 2807/2807 2808/2808 2804/2804
f 2804/2804 2803/2803 2807/2807
f 2809/2809 2810/2810 2808/2808
f 2808/2808 2807/2807 2809/2809
f 2811/2811 2812/2812 2810/2810
f 2810/2810 2809/2809 2811/2811
f 2813/2813 2814/2814 2812/2812
f 2812/2812 2811/2811 2813/2813
f 2815/2815 2816/2816 2814/2814
f 2814/2814 2813/2813 2815/2815
f 2817/2817 2818/2818 2816/2816
f 2816/2816 2815/2815 2817/2817
f 2819/2819 2820/2820 2818/2818
f 2818/2818 2817/2817 2819/2819
f 2821/2821 2822/2822 2820/2820
f 2820/2820 2819/2819 2821/2821
f 2823/2823 2824/2824 2822/2822
f 2822/2822 2821/2821 2823/2823
f 2825/2825 2826/2826 2824/2824
f 2824/2824 2823/2823 2825/2825
f 2827/2827 2828/2828 2826/2826
f 2826/2826 2825/2825 2827/2827
f 2829/2829 2830/2830 2831/2831
f 2831/2831 2832/2832 2829/2829
f 2833/2833 2834/2834 2830/2830
f 2830/2830 2829/2829 2833/2833
f 2835/2835 2836/2836 2834/2834
f 2834/2834 2833/2833 2835/2835
f 2837/2837 2838/2838 2836/2836
f 2836/2836 2835/2835 2837/2837
f 2839/2839 2840/2840 2838/2838
f 2838/2838 2837/2837 2839/2839
f 2841/2841 2842/2842 2840/2840
f 2840/2840 2839/2839 2841/2841
f 2843/2843 2844/2844 2842/2842
f 2842/2842 2841/2841 2843/2843
f 2845/2845 2846/2846 2844/2844
f 2844/2844 2843/2843 2845/2845
f 2847/2847 2848/2848 2846/2846
f 2846/2846 2845/2845 2847/2847
f 2849/2849 2850/2850 2848/2848
f 2848/2848 2847/2847 2849/2849
f 2851/2851 2852/2852 2850/2850
f 2850/2850 2849/2849 2851/2851
f 2853/2853 2854/2854 2852/2852
f 2852/2852 2851/2851 2853/2853
f 2855/2855 2856/2856 2857/2857
f 2857/2857 2858/2858 2855/2855
f 2859/2859 2860/2860 2856/2856
f 2856/2856 2855/2855 2859/2859
f 2861/2861 2862/2862 2860/2860
f 2860/2860 2859/2859 2861/2861
f 2863/2863 2864/2864 2862/2862
f 2862/2862 2861/2861 2863/2863
f 2865/2865 2866/2866 2864/2864
f 2864/2864 2863/2863 2865/2865
f 2867/2867 2868/2868 2866/2866
f 2866/2866 2865/2865 2867/2867
f 2869/2869 2870/2870 2868/2868
f 2868/2868 2867/2867 2869/2869
f 2871/2871 2872/2872 2870/2870
f 2870/2870 2869/2869 2871/2871
f 2873/2873 2874/2874 2872/2872
f 2872/2872 2871/2871 2873/2873
f 2875/2875 2876/2876 2874/2874
f 2874/2874 2873/2873 2875/2875
f 2877/2877 2878/2878 2876/2876
f 2876/2876 2875/2875 2877/2877
f 2879/2879 2880/2880 2878/2878
f 2878/2878 2877/2877 2879/2879
f 2881/2881 2882/2882 2883/2883
f 2883/2883 2884/2884 2881/2881
f 2885/2885 2886/2886 2882/2882
f 2882/2882 2881/2881 2885/2885
f 2887/2887 2888/2888 2886/2886
f 2886/2886 2885/2885 2887/2887
f 2889/2889 2890/2890 2888/2888
f 2888/2888 2887/2887 2889/2889
f 2891/2891 2892/2892 2890/2890
f 2890/2890 2889/2889 2891/2891
f 2893/2893 2894/2894 2892/2892
f 2892/2892 2891/2891 2893/2893
f 2895/2895 2896/2896 2894/2894
f 2894/2894 2893/2893 2895/2895
f 2897/2897 2898/2898 2896/2896
f 2896/2896 2895/2895 2897/2897
f 2899/2899 2900/2900 2898/2898
f 2898/2898 2897/2897 2899/2899
f 2901/2901 2902/2902 2900/2900
f 2900/2900 2899/2899 2901/2901
f 2903/2903 2904/2904 2902/2902
f 2902/2902 2901/2901 2903/2903
f 2905/2905 2906/2906 2904/2904
f 2904/2904 2903/2903 2905/2905
f 2907/2907 2908/2908 2909/2909
f 2909/2909 2910/2910 2907/2907
f 2911/2911 2912/2912 2908/2908
f 2908/2908 2907/2907 2911/2911
f 2913/2913 2914/2914 2912/2912
f 2912/2912 2911/2911 2913/2913
f 2915/2915 2916/2916 2914/2914
f 2914/2914 2913/2913 2915/2915
f 2917/2917 2918/2918 2916/2916
f 2916/2916 2915/2915 2917/2917
f 2919/2919 2920/2920 2918/2918
f 2918/2918 2917/2917 2919/2919
f 2921/2921 2922/2922 2920/2920
f 2920/2920 2919/2919 2921/2921
f 2923/2923 2924/2924 2922/2922
f 2922/2922 2921/2921 2923/2923
f 2925/2925 2926/2926 2924/2924
f 2924/2924 2923/2923 2925/2925
f 2927/2927 2928/2928 2926/2926
f 2926/2926 2925/2925 2927/2927
f 2929/2929 2930/2930 2928/2928
f 2928/2928 2927/2927 2929/2929
f 2931/2931 2932/2932 2930/2930
f 2930/2930 2929/2929 2931/2931
f 2933/2933 2934/2934 2935/2935
f 2935/2935 2936/2936 2933/2933
f 2937/2937 2938/2938 2934/2934
f 2934/2934 2933/2933 2937/2937
f 2939/2939 2940/2940 2938/2938
f 2938/2938 2937/2937 2939/2939
f 2941/2941 2942/2942 2940/2940
f 2940/2940 2939/2939 2941/2941
f 2943/2943 2944/2944 2942/2942
f 2942/2942 2941/2941 2943/2943
f 2945/2945 2946/2946 2944/2944
f 2944/2944 2943/2943 2945/2945
f 2947/2947 2948/2948 2946/2946
f 2946/2946 2945/2945 2947/2947
f 2949/2949 2950/2950 2948/2948
f 2948/2948 2947/2947 2949/2949
f 2951/2951 2952/2952 2950/2950
f 2950/2950 2949/2949 2951/2951
f 2953/2953 2954/2954 2952/2952
f 2952/2952 2951/2951 2953/2953
f 2955/2955 2956/2956 2954/2954
f 2954/2954 2953/2953 2955/2955
f 2957/2957 2958/2958 2956/2956
f 2956/2956 2955/2955 2957/2957
f 2959/2959 2960/2960 2961/2961
f 2961/2961 2962/2962 2959/2959
f 2963/2963 2964/2964 2960/2960
f 2960/2960 2959/2959 2963/2963
f 2965/2965 2966/2966 2964/2964
f 2964/2964 2963/2963 2965/2965
f 2967/2967 2968/2968 2966/2966
f 2966/2966 2965/2965 2967/2967
f 2969/2969 2970/2970 2968/2968
f 2968/2968 2967/2967 2969/2969
f 2971/2971 2972/2972 2970/2970
f 2970/2970 2969/2969 2971/2971
f 2973/2973 2974/2974 2972/2972
f 2972/2972 2971/2971 2973/2973
f 2975/2975 2976/2976 2974/2974
f 2974/2974 2973/2973 2975/2975
f 2977/2977 2978/2978 2976/2976
f 2976/2976 2975/2975 2977/2977
f 2979/2979 2980/2980 2978/2978
f 2978/2978 2977/2977 2979/2979
f 2981/2981 2982/2982 2980/2980
f 2980/2980 2979/2979 2981/2981
f 2983/2983 2984/2984 2982/2982
f 2982/2982 2981/2981 2983/2983
f 2985/2985 2986/2986 2987/2987
f 2987/2987 2988/2988 2985/2985
f 2989/2989 2990/2990 2986/2986
f 2986/2986 2985/2985 2989/2989
f 2991/2991 2992/2992 2990/2990
f 2990/2990 2989/2989 2991/2991
f 2993/2993 2994/2994 2992/2992
f 2992/2992 2991/2991 2993/2993
f 2995/2995 2996/2996 2994/2994
f 2994/2994 2993/2993 2995/2995
f 2997/2997 2998/2998 2996/2996
f 2996/2996 2995/2995 2997/2997
f 2999/2999 3000/3000 2998/2998
f 2998/2998 2997/2997 2999/2999
f 3001/3001 3002/3002 3000/3000
f 3000/3000 2999/2999 3001/3001
f 3003/3003 3004/3004 3002/3002
f 3002/3002 3001/3001 3003/3003
f 3005/3005 3006/3006 3004/3004
f 3004/3004 3003/3003 3005/3005
f 3007/3007 3008/3008 3006/3006
f 3006/3006 3005/3005 3007/3007
f 3009/3009 3010/3010 3008/3008
f 3008/3008 3007/3007 3009/3009
f 3011/3011 3012/3012 3013/3013
f 3013/3013 3014/3014 3011/3011
f 3015/3015 3016/3016 3017/3017
f 3018/3018 3019/3019 3020/3020
f 3020/3020 3021/3021 3018/3018
f 3022/3022 3023/3023 3024/3024
f 3024/3024 3025/3025 3022/3022
f 3026/3026 3027/3027 3028/3028
f 3028/3028 3029/3029 3026/3026
f 3030/3030 3031/3031 3032/3032
f 3032/3032 3033/3033 3030/3030
f 3034/3034 3035/3035 3036/3036
f 3036/3036 3037/3037 3034/3034
f 3038/3038 3039/3039 3040/3040
f 3040/3040 3041/3041 3038/3038
f 3042/3042 3043/3043 3044/3044
f 3044/3044 3045/3045 3042/3042
f 3046/3046 3047/3047 3048/3048
f 3048/3048 3049/3049 3046/3046
f 3049/3049 3048/3048 3050/3050
f 3050/3050 3051/3051 3049/3049
f 3052/3052 3053/3053 3047/3047
f 3047/3047 3046/3046 3052/3052
f 3051/3051 3050/3050 3016/3016
f 3016/3016 3015/3015 3051/3051
f 3052/3052 3054/3054 3053/3053
f 3055/3055 3056/3056 3057/3057
f 3057/3057 3058/3058 3055/3055
f 3041/3041 3055/3055 3058/3058
f 3058/3058 3038/3038 3041/3041
f 3059/3059 3060/3060 3057/3057
f 3057/3057 3056/3056 3059/3059
f 3039/3039 3061/3061 3040/3040
f 3059/3059 3062/3062 3060/3060
f 3063/3063 3064/3064 3065/3065
f 3065/3065 3066/3066 3063/3063
f 3021/3021 3063/3063 3066/3066
f 3066/3066 3018/3018 3021/3021
f 3067/3067 3068/3068 3065/3065
f 3065/3065 3064/3064 3067/3067
f 3019/3019 3069/3069 3020/3020
f 3067/3067 3070/3070 3068/3068
f 3071/3071 3072/3072 3024/3024
f 3024/3024 3023/3023 3071/3071
f 3073/3073 3074/3074 3022/3022
f 3022/3022 3025/3025 3073/3073
f 3075/3075 3076/3076 3072/3072
f 3072/3072 3071/3071 3075/3075
f 3073/3073 3077/3077 3074/3074
f 3075/3075 3078/3078 3076/3076
f 3079/3079 3080/3080 3081/3081
f 3081/3081 3082/3082 3079/3079
f 3082/3082 3081/3081 3029/3029
f 3029/3029 3028/3028 3082/3082
f 3083/3083 3084/3084 3080/3080
f 3080/3080 3079/3079 3083/3083
f 3026/3026 3085/3085 3027/3027
f 3083/3083 3086/3086 3084/3084
f 3087/3087 3088/3088 3089/3089
f 3089/3089 3090/3090 3087/3087
f 3014/3014 3087/3087 3090/3090
f 3090/3090 3011/3011 3014/3014
f 3091/3091 3092/3092 3089/3089
f 3089/3089 3088/3088 3091/3091
f 3012/3012 3093/3093 3013/3013
f 3091/3091 3094/3094 3092/3092
f 3095/3095 3096/3096 3097/3097
f 3097/3097 3098/3098 3095/3095
f 3045/3045 3095/3095 3098/3098
f 3098/3098 3042/3042 3045/3045
f 3099/3099 3100/3100 3097/3097
f 3097/3097 3096/3096 3099/3099
f 3043/3043 3101/3101 3044/3044
f 3099/3099 3102/3102 3100/3100
f 3103/3103 3104/3104 3036/3036
f 3036/3036 3035/3035 3103/3103
f 3105/3105 3106/3106 3034/3034
f 3034/3034 3037/3037 3105/3105
f 3107/3107 3108/3108 3104/3104
f 3104/3104 3103/3103 3107/3107
f 3105/3105 3109/3109 3106/3106
f 3107/3107 3110/3110 3108/3108
f 3111/3111 3112/3112 3113/3113
f 3113/3113 3114/3114 3111/3111
f 3114/3114 3113/3113 3033/3033
f 3033/3033 3032/3032 3114/3114
f 3115/3115 3116/3116 3112/3112
f 3112/3112 3111/3111 3115/3115
f 3030/3030 3117/3117 3031/3031
f 3115/3115 3118/3118 3116/3116
