mtllib GlassHurricaneCandleHolder.mtl
g GlassHurricaneCandleHolder_glass
usemtl GlassHurricaneCandleHolder_glass
v -0.08564 0.30285 0.01704
v -0.09191 0.30540 0.01828
v -0.09371 0.30540 -0.00000
v -0.08732 0.30285 -0.00000
v -0.08067 0.29835 0.01605
v -0.08225 0.29835 -0.00000
v -0.07673 0.29172 0.01526
v -0.07824 0.29172 -0.00000
v -0.07387 0.28292 0.01469
v -0.07531 0.28292 -0.00000
v -0.07211 0.27192 0.01434
v -0.07353 0.27192 -0.00000
v -0.07150 0.25880 0.01422
v -0.07290 0.25880 -0.00000
v -0.07352 0.24164 0.01462
v -0.07496 0.24164 -0.00000
v -0.07849 0.21999 0.01561
v -0.08002 0.21999 -0.00000
v -0.08463 0.19612 0.01683
v -0.08629 0.19612 -0.00000
v -0.09018 0.17232 0.01794
v -0.09195 0.17232 -0.00000
v -0.09334 0.15083 0.01857
v -0.09517 0.15083 -0.00000
v -0.09226 0.13388 0.01835
v -0.09407 0.13388 -0.00000
v -0.08742 0.12181 0.01739
v -0.08913 0.12181 -0.00000
v -0.08036 0.11291 0.01598
v -0.08193 0.11291 -0.00000
v -0.07085 0.10654 0.01409
v -0.07224 0.10654 -0.00000
v -0.05874 0.10200 0.01168
v -0.07085 0.10654 0.01409
v -0.07224 0.10654 -0.00000
v -0.05990 0.10200 -0.00000
v -0.04379 0.09857 0.00871
v -0.04465 0.09857 -0.00000
v -0.02561 0.09550 0.00509
v -0.02611 0.09550 -0.00000
v 0.00000 0.09550 -0.00000
v -0.08067 0.30285 0.03342
v -0.08658 0.30540 0.03586
v -0.07599 0.29835 0.03148
v -0.07228 0.29172 0.02994
v -0.06958 0.28292 0.02882
v -0.06793 0.27192 0.02814
v -0.06735 0.25880 0.02790
v -0.06925 0.24164 0.02869
v -0.07393 0.21999 0.03062
v -0.07972 0.19612 0.03302
v -0.08495 0.17232 0.03519
v -0.08792 0.15083 0.03642
v -0.08691 0.13388 0.03600
v -0.08235 0.12181 0.03411
v -0.07569 0.11291 0.03135
v -0.06674 0.10654 0.02765
v -0.05534 0.10200 0.02292
v -0.06674 0.10654 0.02765
v -0.04125 0.09857 0.01709
v -0.02412 0.09550 0.00999
v -0.07261 0.30285 0.04851
v -0.07792 0.30540 0.05206
v -0.06839 0.29835 0.04570
v -0.06505 0.29172 0.04347
v -0.06262 0.28292 0.04184
v -0.06113 0.27192 0.04085
v -0.06062 0.25880 0.04050
v -0.06233 0.24164 0.04165
v -0.06654 0.21999 0.04446
v -0.07175 0.19612 0.04794
v -0.07645 0.17232 0.05108
v -0.07913 0.15083 0.05287
v -0.07822 0.13388 0.05226
v -0.07411 0.12181 0.04952
v -0.06812 0.11291 0.04552
v -0.06007 0.10654 0.04014
v -0.04980 0.10200 0.03328
v -0.06007 0.10654 0.04014
v -0.03712 0.09857 0.02480
v -0.02171 0.09550 0.01451
v -0.06175 0.30285 0.06175
v -0.06626 0.30540 0.06626
v -0.05816 0.29835 0.05816
v -0.05532 0.29172 0.05532
v -0.05325 0.28292 0.05325
v -0.05199 0.27192 0.05199
v -0.05155 0.25880 0.05155
v -0.05300 0.24164 0.05300
v -0.05658 0.21999 0.05658
v -0.06102 0.19612 0.06102
v -0.06502 0.17232 0.06502
v -0.06729 0.15083 0.06729
v -0.06652 0.13388 0.06652
v -0.06303 0.12181 0.06303
v -0.05793 0.11291 0.05793
v -0.05108 0.10654 0.05108
v -0.04235 0.10200 0.04235
v -0.05108 0.10654 0.05108
v -0.03157 0.09857 0.03157
v -0.01846 0.09550 0.01846
v -0.04851 0.30285 0.07261
v -0.05206 0.30540 0.07792
v -0.04570 0.29835 0.06839
v -0.04347 0.29172 0.06505
v -0.04184 0.28292 0.06262
v -0.04085 0.27192 0.06113
v -0.04050 0.25880 0.06062
v -0.04165 0.24164 0.06233
v -0.04446 0.21999 0.06654
v -0.04794 0.19612 0.07175
v -0.05108 0.17232 0.07645
v -0.05287 0.15083 0.07913
v -0.05226 0.13388 0.07822
v -0.04952 0.12181 0.07411
v -0.04552 0.11291 0.06812
v -0.04014 0.10654 0.06007
v -0.03328 0.10200 0.04980
v -0.04014 0.10654 0.06007
v -0.02480 0.09857 0.03712
v -0.01451 0.09550 0.02171
v -0.03342 0.30285 0.08067
v -0.03586 0.30540 0.08658
v -0.03148 0.29835 0.07599
v -0.02994 0.29172 0.07228
v -0.02882 0.28292 0.06958
v -0.02814 0.27192 0.06793
v -0.02790 0.25880 0.06735
v -0.02869 0.24164 0.06925
v -0.03062 0.21999 0.07393
v -0.03302 0.19612 0.07972
v -0.03519 0.17232 0.08495
v -0.03642 0.15083 0.08792
v -0.03600 0.13388 0.08691
v -0.03411 0.12181 0.08235
v -0.03135 0.11291 0.07570
v -0.02765 0.10654 0.06674
v -0.02292 0.10200 0.05534
v -0.02765 0.10654 0.06674
v -0.01709 0.09857 0.04125
v -0.00999 0.09550 0.02412
v -0.01704 0.30285 0.08564
v -0.01828 0.30540 0.09191
v -0.01605 0.29835 0.08067
v -0.01526 0.29172 0.07673
v -0.01469 0.28292 0.07387
v -0.01434 0.27192 0.07211
v -0.01422 0.25880 0.07150
v -0.01462 0.24164 0.07352
v -0.01561 0.21999 0.07849
v -0.01683 0.19612 0.08463
v -0.01794 0.17232 0.09018
v -0.01857 0.15083 0.09334
v -0.01835 0.13388 0.09226
v -0.01739 0.12181 0.08742
v -0.01598 0.11291 0.08036
v -0.01409 0.10654 0.07085
v -0.01168 0.10200 0.05874
v -0.01409 0.10654 0.07085
v -0.00871 0.09857 0.04379
v -0.00509 0.09550 0.02561
v 0.00000 0.30285 0.08732
v 0.00000 0.30540 0.09371
v 0.00000 0.29835 0.08225
v 0.00000 0.29172 0.07824
v 0.00000 0.28292 0.07531
v 0.00000 0.27192 0.07353
v 0.00000 0.25880 0.07290
v 0.00000 0.24164 0.07496
v 0.00000 0.21999 0.08002
v 0.00000 0.19612 0.08629
v 0.00000 0.17232 0.09195
v 0.00000 0.15083 0.09517
v 0.00000 0.13388 0.09407
v 0.00000 0.12181 0.08913
v 0.00000 0.11291 0.08193
v 0.00000 0.10654 0.07224
v 0.00000 0.10200 0.05990
v 0.00000 0.10654 0.07224
v 0.00000 0.09857 0.04465
v 0.00000 0.09550 0.02611
v 0.01704 0.30285 0.08564
v 0.01828 0.30540 0.09191
v 0.01605 0.29835 0.08067
v 0.01526 0.29172 0.07673
v 0.01469 0.28292 0.07387
v 0.01434 0.27192 0.07211
v 0.01422 0.25880 0.07150
v 0.01462 0.24164 0.07352
v 0.01561 0.21999 0.07849
v 0.01683 0.19612 0.08463
v 0.01794 0.17232 0.09018
v 0.01857 0.15083 0.09334
v 0.01835 0.13388 0.09226
v 0.01739 0.12181 0.08742
v 0.01598 0.11291 0.08036
v 0.01409 0.10654 0.07085
v 0.01169 0.10200 0.05874
v 0.01409 0.10654 0.07085
v 0.00871 0.09857 0.04379
v 0.00509 0.09550 0.02561
v 0.03342 0.30285 0.08067
v 0.03586 0.30540 0.08658
v 0.03148 0.29835 0.07599
v 0.02994 0.29172 0.07228
v 0.02882 0.28292 0.06958
v 0.02814 0.27192 0.06793
v 0.02790 0.25880 0.06735
v 0.02869 0.24164 0.06925
v 0.03062 0.21999 0.07393
v 0.03302 0.19612 0.07972
v 0.03519 0.17232 0.08495
v 0.03642 0.15083 0.08792
v 0.03600 0.13388 0.08691
v 0.03411 0.12181 0.08235
v 0.03135 0.11291 0.07570
v 0.02765 0.10654 0.06674
v 0.02292 0.10200 0.05534
v 0.02765 0.10654 0.06674
v 0.01709 0.09857 0.04125
v 0.00999 0.09550 0.02412
v 0.04851 0.30285 0.07261
v 0.05206 0.30540 0.07792
v 0.04570 0.29835 0.06839
v 0.04347 0.29172 0.06505
v 0.04184 0.28292 0.06262
v 0.04085 0.27192 0.06113
v 0.04050 0.25880 0.06062
v 0.04165 0.24164 0.06233
v 0.04446 0.21999 0.06654
v 0.04794 0.19612 0.07175
v 0.05108 0.17232 0.07645
v 0.05287 0.15083 0.07913
v 0.05226 0.13388 0.07822
v 0.04952 0.12181 0.07411
v 0.04552 0.11291 0.06812
v 0.04014 0.10654 0.06007
v 0.03328 0.10200 0.04980
v 0.04014 0.10654 0.06007
v 0.02480 0.09857 0.03712
v 0.01451 0.09550 0.02171
v 0.06175 0.30285 0.06175
v 0.06626 0.30540 0.06626
v 0.05816 0.29835 0.05816
v 0.05532 0.29172 0.05532
v 0.05325 0.28292 0.05325
v 0.05199 0.27192 0.05199
v 0.05155 0.25880 0.05155
v 0.05300 0.24164 0.05300
v 0.05658 0.21999 0.05658
v 0.06102 0.19612 0.06102
v 0.06502 0.17232 0.06502
v 0.06729 0.15083 0.06729
v 0.06652 0.13388 0.06652
v 0.06303 0.12181 0.06303
v 0.05793 0.11291 0.05793
v 0.05108 0.10654 0.05108
v 0.04235 0.10200 0.04235
v 0.05108 0.10654 0.05108
v 0.03157 0.09857 0.03157
v 0.01846 0.09550 0.01846
v 0.07261 0.30285 0.04851
v 0.07792 0.30540 0.05206
v 0.06839 0.29835 0.04570
v 0.06505 0.29172 0.04347
v 0.06262 0.28292 0.04184
v 0.06113 0.27192 0.04085
v 0.06062 0.25880 0.04050
v 0.06233 0.24164 0.04165
v 0.06654 0.21999 0.04446
v 0.07175 0.19612 0.04794
v 0.07645 0.17232 0.05108
v 0.07913 0.15083 0.05287
v 0.07822 0.13388 0.05226
v 0.07411 0.12181 0.04952
v 0.06812 0.11291 0.04552
v 0.06007 0.10654 0.04014
v 0.04980 0.10200 0.03328
v 0.06007 0.10654 0.04014
v 0.03712 0.09857 0.02480
v 0.02171 0.09550 0.01451
v 0.08067 0.30285 0.03342
v 0.08658 0.30540 0.03586
v 0.07599 0.29835 0.03148
v 0.07228 0.29172 0.02994
v 0.06958 0.28292 0.02882
v 0.06793 0.27192 0.02814
v 0.06735 0.25880 0.02790
v 0.06925 0.24164 0.02869
v 0.07393 0.21999 0.03062
v 0.07972 0.19612 0.03302
v 0.08495 0.17232 0.03519
v 0.08792 0.15083 0.03642
v 0.08691 0.13388 0.03600
v 0.08235 0.12181 0.03411
v 0.07569 0.11291 0.03135
v 0.06674 0.10654 0.02765
v 0.05534 0.10200 0.02292
v 0.06674 0.10654 0.02765
v 0.04125 0.09857 0.01709
v 0.02412 0.09550 0.00999
v 0.08564 0.30285 0.01704
v 0.09191 0.30540 0.01828
v 0.08067 0.29835 0.01605
v 0.07673 0.29172 0.01526
v 0.07387 0.28292 0.01469
v 0.07211 0.27192 0.01434
v 0.07150 0.25880 0.01422
v 0.07352 0.24164 0.01462
v 0.07849 0.21999 0.01561
v 0.08463 0.19612 0.01683
v 0.09018 0.17232 0.01794
v 0.09334 0.15083 0.01857
v 0.09226 0.13388 0.01835
v 0.08742 0.12181 0.01739
v 0.08036 0.11291 0.01598
v 0.07085 0.10654 0.01409
v 0.05874 0.10200 0.01168
v 0.07085 0.10654 0.01409
v 0.04379 0.09857 0.00871
v 0.02561 0.09550 0.00509
v 0.08732 0.30285 -0.00000
v 0.09371 0.30540 -0.00000
v 0.08225 0.29835 -0.00000
v 0.07824 0.29172 -0.00000
v 0.07531 0.28292 -0.00000
v 0.07353 0.27192 -0.00000
v 0.07290 0.25880 -0.00000
v 0.07496 0.24164 -0.00000
v 0.08002 0.21999 -0.00000
v 0.08629 0.19612 -0.00000
v 0.09195 0.17232 -0.00000
v 0.09517 0.15083 -0.00000
v 0.09407 0.13388 -0.00000
v 0.08913 0.12181 -0.00000
v 0.08193 0.11291 -0.00000
v 0.07224 0.10654 -0.00000
v 0.05990 0.10200 -0.00000
v 0.07224 0.10654 -0.00000
v 0.04465 0.09857 -0.00000
v 0.02611 0.09550 -0.00000
v 0.08564 0.30285 -0.01704
v 0.09191 0.30540 -0.01828
v 0.08067 0.29835 -0.01605
v 0.07673 0.29172 -0.01526
v 0.07387 0.28292 -0.01469
v 0.07211 0.27192 -0.01434
v 0.07150 0.25880 -0.01422
v 0.07352 0.24164 -0.01462
v 0.07849 0.21999 -0.01561
v 0.08463 0.19612 -0.01683
v 0.09018 0.17232 -0.01794
v 0.09334 0.15083 -0.01857
v 0.09226 0.13388 -0.01835
v 0.08742 0.12181 -0.01739
v 0.08036 0.11291 -0.01598
v 0.07085 0.10654 -0.01409
v 0.05874 0.10200 -0.01169
v 0.07085 0.10654 -0.01409
v 0.04379 0.09857 -0.00871
v 0.02561 0.09550 -0.00509
v 0.08067 0.30285 -0.03342
v 0.08658 0.30540 -0.03586
v 0.07599 0.29835 -0.03148
v 0.07228 0.29172 -0.02994
v 0.06958 0.28292 -0.02882
v 0.06793 0.27192 -0.02814
v 0.06735 0.25880 -0.02790
v 0.06925 0.24164 -0.02869
v 0.07393 0.21999 -0.03062
v 0.07972 0.19612 -0.03302
v 0.08495 0.17232 -0.03519
v 0.08792 0.15083 -0.03642
v 0.08691 0.13388 -0.03600
v 0.08235 0.12181 -0.03411
v 0.07569 0.11291 -0.03135
v 0.06674 0.10654 -0.02765
v 0.05534 0.10200 -0.02292
v 0.06674 0.10654 -0.02765
v 0.04125 0.09857 -0.01709
v 0.02412 0.09550 -0.00999
v 0.07261 0.30285 -0.04851
v 0.07792 0.30540 -0.05206
v 0.06839 0.29835 -0.04570
v 0.06505 0.29172 -0.04347
v 0.06262 0.28292 -0.04184
v 0.06113 0.27192 -0.04085
v 0.06062 0.25880 -0.04050
v 0.06233 0.24164 -0.04165
v 0.06654 0.21999 -0.04446
v 0.07175 0.19612 -0.04794
v 0.07645 0.17232 -0.05108
v 0.07913 0.15083 -0.05287
v 0.07822 0.13388 -0.05226
v 0.07411 0.12181 -0.04952
v 0.06812 0.11291 -0.04552
v 0.06007 0.10654 -0.04014
v 0.04980 0.10200 -0.03328
v 0.06007 0.10654 -0.04014
v 0.03712 0.09857 -0.02480
v 0.02171 0.09550 -0.01451
v 0.06175 0.30285 -0.06175
v 0.06626 0.30540 -0.06626
v 0.05816 0.29835 -0.05816
v 0.05532 0.29172 -0.05532
v 0.05325 0.28292 -0.05325
v 0.05199 0.27192 -0.05199
v 0.05155 0.25880 -0.05155
v 0.05300 0.24164 -0.05300
v 0.05658 0.21999 -0.05658
v 0.06102 0.19612 -0.06102
v 0.06502 0.17232 -0.06502
v 0.06729 0.15083 -0.06729
v 0.06652 0.13388 -0.06652
v 0.06303 0.12181 -0.06303
v 0.05793 0.11291 -0.05793
v 0.05108 0.10654 -0.05108
v 0.04235 0.10200 -0.04235
v 0.05108 0.10654 -0.05108
v 0.03157 0.09857 -0.03157
v 0.01846 0.09550 -0.01846
v 0.04851 0.30285 -0.07261
v 0.05206 0.30540 -0.07792
v 0.04570 0.29835 -0.06839
v 0.04347 0.29172 -0.06505
v 0.04184 0.28292 -0.06262
v 0.04085 0.27192 -0.06113
v 0.04050 0.25880 -0.06062
v 0.04165 0.24164 -0.06233
v 0.04446 0.21999 -0.06654
v 0.04794 0.19612 -0.07175
v 0.05108 0.17232 -0.07645
v 0.05287 0.15083 -0.07913
v 0.05226 0.13388 -0.07822
v 0.04952 0.12181 -0.07411
v 0.04552 0.11291 -0.06812
v 0.04014 0.10654 -0.06007
v 0.03328 0.10200 -0.04980
v 0.04014 0.10654 -0.06007
v 0.02480 0.09857 -0.03712
v 0.01451 0.09550 -0.02171
v 0.03342 0.30285 -0.08067
v 0.03586 0.30540 -0.08658
v 0.03148 0.29835 -0.07599
v 0.02994 0.29172 -0.07228
v 0.02882 0.28292 -0.06958
v 0.02814 0.27192 -0.06793
v 0.02790 0.25880 -0.06735
v 0.02869 0.24164 -0.06925
v 0.03062 0.21999 -0.07393
v 0.03302 0.19612 -0.07972
v 0.03519 0.17232 -0.08495
v 0.03642 0.15083 -0.08792
v 0.03600 0.13388 -0.08691
v 0.03411 0.12181 -0.08235
v 0.03135 0.11291 -0.07570
v 0.02765 0.10654 -0.06674
v 0.02292 0.10200 -0.05534
v 0.02765 0.10654 -0.06674
v 0.01709 0.09857 -0.04125
v 0.00999 0.09550 -0.02412
v 0.01704 0.30285 -0.08564
v 0.01828 0.30540 -0.09191
v 0.01605 0.29835 -0.08067
v 0.01526 0.29172 -0.07673
v 0.01469 0.28292 -0.07387
v 0.01434 0.27192 -0.07211
v 0.01422 0.25880 -0.07150
v 0.01462 0.24164 -0.07352
v 0.01561 0.21999 -0.07849
v 0.01683 0.19612 -0.08463
v 0.01794 0.17232 -0.09018
v 0.01857 0.15083 -0.09334
v 0.01835 0.13388 -0.09226
v 0.01739 0.12181 -0.08742
v 0.01598 0.11291 -0.08036
v 0.01409 0.10654 -0.07085
v 0.01168 0.10200 -0.05874
v 0.01409 0.10654 -0.07085
v 0.00871 0.09857 -0.04379
v 0.00509 0.09550 -0.02561
v 0.00000 0.30285 -0.08732
v 0.00000 0.30540 -0.09371
v 0.00000 0.29835 -0.08225
v 0.00000 0.29172 -0.07824
v 0.00000 0.28292 -0.07531
v 0.00000 0.27192 -0.07353
v 0.00000 0.25880 -0.07290
v 0.00000 0.24164 -0.07496
v 0.00000 0.21999 -0.08002
v 0.00000 0.19612 -0.08629
v 0.00000 0.17232 -0.09195
v 0.00000 0.15083 -0.09517
v 0.00000 0.13388 -0.09407
v 0.00000 0.12181 -0.08913
v 0.00000 0.11291 -0.08193
v 0.00000 0.10654 -0.07224
v 0.00000 0.10200 -0.05990
v 0.00000 0.10654 -0.07224
v 0.00000 0.09857 -0.04465
v 0.00000 0.09550 -0.02611
v -0.01704 0.30285 -0.08564
v -0.01828 0.30540 -0.09191
v 0.00000 0.30540 -0.09371
v 0.00000 0.30285 -0.08732
v -0.01605 0.29835 -0.08067
v 0.00000 0.29835 -0.08225
v -0.01526 0.29172 -0.07673
v 0.00000 0.29172 -0.07824
v -0.01469 0.28292 -0.07387
v 0.00000 0.28292 -0.07531
v -0.01434 0.27192 -0.07211
v 0.00000 0.27192 -0.07353
v -0.01422 0.25880 -0.07150
v 0.00000 0.25880 -0.07290
v -0.01462 0.24164 -0.07352
v 0.00000 0.24164 -0.07496
v -0.01561 0.21999 -0.07849
v 0.00000 0.21999 -0.08002
v -0.01683 0.19612 -0.08463
v 0.00000 0.19612 -0.08629
v -0.01794 0.17232 -0.09018
v 0.00000 0.17232 -0.09195
v -0.01857 0.15083 -0.09334
v 0.00000 0.15083 -0.09517
v -0.01835 0.13388 -0.09226
v 0.00000 0.13388 -0.09407
v -0.01739 0.12181 -0.08742
v 0.00000 0.12181 -0.08913
v -0.01598 0.11291 -0.08036
v 0.00000 0.11291 -0.08193
v -0.01409 0.10654 -0.07085
v 0.00000 0.10654 -0.07224
v -0.01169 0.10200 -0.05874
v -0.01409 0.10654 -0.07085
v -0.00871 0.09857 -0.04379
v -0.00509 0.09550 -0.02561
v -0.03342 0.30285 -0.08067
v -0.03586 0.30540 -0.08658
v -0.03148 0.29835 -0.07599
v -0.02994 0.29172 -0.07228
v -0.02882 0.28292 -0.06958
v -0.02814 0.27192 -0.06793
v -0.02790 0.25880 -0.06735
v -0.02869 0.24164 -0.06925
v -0.03062 0.21999 -0.07393
v -0.03302 0.19612 -0.07972
v -0.03519 0.17232 -0.08495
v -0.03642 0.15083 -0.08792
v -0.03600 0.13388 -0.08691
v -0.03411 0.12181 -0.08235
v -0.03135 0.11291 -0.07570
v -0.02765 0.10654 -0.06674
v -0.02292 0.10200 -0.05534
v -0.02765 0.10654 -0.06674
v -0.01709 0.09857 -0.04125
v -0.00999 0.09550 -0.02412
v -0.04851 0.30285 -0.07261
v -0.05206 0.30540 -0.07792
v -0.04570 0.29835 -0.06839
v -0.04347 0.29172 -0.06505
v -0.04184 0.28292 -0.06262
v -0.04085 0.27192 -0.06113
v -0.04050 0.25880 -0.06062
v -0.04165 0.24164 -0.06233
v -0.04446 0.21999 -0.06654
v -0.04794 0.19612 -0.07175
v -0.05108 0.17232 -0.07645
v -0.05287 0.15083 -0.07913
v -0.05226 0.13388 -0.07822
v -0.04952 0.12181 -0.07411
v -0.04552 0.11291 -0.06812
v -0.04014 0.10654 -0.06007
v -0.03328 0.10200 -0.04980
v -0.04014 0.10654 -0.06007
v -0.02480 0.09857 -0.03712
v -0.01451 0.09550 -0.02171
v -0.06175 0.30285 -0.06175
v -0.06626 0.30540 -0.06626
v -0.05816 0.29835 -0.05816
v -0.05532 0.29172 -0.05532
v -0.05325 0.28292 -0.05325
v -0.05199 0.27192 -0.05199
v -0.05155 0.25880 -0.05155
v -0.05300 0.24164 -0.05300
v -0.05658 0.21999 -0.05658
v -0.06102 0.19612 -0.06102
v -0.06502 0.17232 -0.06502
v -0.06729 0.15083 -0.06729
v -0.06652 0.13388 -0.06652
v -0.06303 0.12181 -0.06303
v -0.05793 0.11291 -0.05793
v -0.05108 0.10654 -0.05108
v -0.04235 0.10200 -0.04235
v -0.05108 0.10654 -0.05108
v -0.03157 0.09857 -0.03157
v -0.01846 0.09550 -0.01846
v -0.07261 0.30285 -0.04851
v -0.07792 0.30540 -0.05206
v -0.06839 0.29835 -0.04570
v -0.06505 0.29172 -0.04347
v -0.06262 0.28292 -0.04184
v -0.06113 0.27192 -0.04085
v -0.06062 0.25880 -0.04050
v -0.06233 0.24164 -0.04165
v -0.06654 0.21999 -0.04446
v -0.07175 0.19612 -0.04794
v -0.07645 0.17232 -0.05108
v -0.07913 0.15083 -0.05287
v -0.07822 0.13388 -0.05226
v -0.07411 0.12181 -0.04952
v -0.06812 0.11291 -0.04552
v -0.06007 0.10654 -0.04014
v -0.04980 0.10200 -0.03328
v -0.06007 0.10654 -0.04014
v -0.03712 0.09857 -0.02480
v -0.02171 0.09550 -0.01451
v -0.08067 0.30285 -0.03342
v -0.08658 0.30540 -0.03586
v -0.07599 0.29835 -0.03148
v -0.07228 0.29172 -0.02994
v -0.06958 0.28292 -0.02882
v -0.06793 0.27192 -0.02814
v -0.06735 0.25880 -0.02790
v -0.06925 0.24164 -0.02869
v -0.07393 0.21999 -0.03062
v -0.07972 0.19612 -0.03302
v -0.08495 0.17232 -0.03519
v -0.08792 0.15083 -0.03642
v -0.08691 0.13388 -0.03600
v -0.08235 0.12181 -0.03411
v -0.07569 0.11291 -0.03135
v -0.06674 0.10654 -0.02765
v -0.05534 0.10200 -0.02292
v -0.06674 0.10654 -0.02765
v -0.04125 0.09857 -0.01709
v -0.02412 0.09550 -0.00999
v -0.08564 0.30285 -0.01704
v -0.09191 0.30540 -0.01828
v -0.08067 0.29835 -0.01605
v -0.07673 0.29172 -0.01526
v -0.07387 0.28292 -0.01469
v -0.07211 0.27192 -0.01434
v -0.07150 0.25880 -0.01422
v -0.07352 0.24164 -0.01462
v -0.07849 0.21999 -0.01561
v -0.08463 0.19612 -0.01683
v -0.09018 0.17232 -0.01794
v -0.09334 0.15083 -0.01857
v -0.09226 0.13388 -0.01835
v -0.08742 0.12181 -0.01739
v -0.08036 0.11291 -0.01598
v -0.07085 0.10654 -0.01409
v -0.05874 0.10200 -0.01168
v -0.07085 0.10654 -0.01409
v -0.04379 0.09857 -0.00871
v -0.02561 0.09550 -0.00509
v -0.09324 0.30658 -0.00000
v -0.09145 0.30658 0.01819
v -0.08500 0.30394 0.01691
v -0.08666 0.30394 -0.00000
v -0.07972 0.29917 0.01586
v -0.08128 0.29917 -0.00000
v -0.07560 0.29226 0.01504
v -0.07709 0.29226 -0.00000
v -0.07266 0.28322 0.01445
v -0.07408 0.28322 -0.00000
v -0.07087 0.27206 0.01410
v -0.07226 0.27206 -0.00000
v -0.07026 0.25875 0.01398
v -0.07163 0.25875 -0.00000
v -0.07229 0.24142 0.01438
v -0.07371 0.24142 -0.00000
v -0.07728 0.21968 0.01537
v -0.07879 0.21968 -0.00000
v -0.08343 0.19581 0.01659
v -0.08506 0.19581 -0.00000
v -0.08816 0.17254 0.01754
v -0.08989 0.17254 -0.00000
v -0.08957 0.15275 0.01782
v -0.09132 0.15275 -0.00000
v -0.08695 0.13778 0.01730
v -0.08865 0.13778 -0.00000
v -0.08122 0.12744 0.01616
v -0.08281 0.12744 -0.00000
v -0.07379 0.12004 0.01468
v -0.07523 0.12004 -0.00000
v -0.06434 0.11503 0.01280
v -0.06560 0.11503 -0.00000
v -0.06560 0.11503 -0.00000
v -0.06434 0.11503 0.01280
v -0.05268 0.11176 0.01048
v -0.05371 0.11176 -0.00000
v -0.03878 0.10942 0.00771
v -0.03954 0.10942 -0.00000
v -0.02256 0.10688 0.00449
v -0.02300 0.10688 -0.00000
v 0.00000 0.10689 -0.00000
v -0.08614 0.30658 0.03568
v -0.08007 0.30394 0.03316
v -0.07509 0.29917 0.03110
v -0.07122 0.29226 0.02950
v -0.06844 0.28322 0.02835
v -0.06676 0.27206 0.02765
v -0.06618 0.25875 0.02741
v -0.06810 0.24142 0.02821
v -0.07279 0.21968 0.03015
v -0.07859 0.19581 0.03255
v -0.08305 0.17254 0.03440
v -0.08437 0.15275 0.03495
v -0.08190 0.13778 0.03393
v -0.07651 0.12744 0.03169
v -0.06951 0.12004 0.02879
v -0.06060 0.11503 0.02510
v -0.06060 0.11503 0.02510
v -0.04963 0.11176 0.02056
v -0.03653 0.10942 0.01513
v -0.02125 0.10688 0.00880
v -0.07752 0.30658 0.05180
v -0.07206 0.30394 0.04815
v -0.06758 0.29917 0.04516
v -0.06409 0.29226 0.04283
v -0.06159 0.28322 0.04116
v -0.06008 0.27206 0.04015
v -0.05956 0.25875 0.03980
v -0.06129 0.24142 0.04095
v -0.06551 0.21968 0.04377
v -0.07073 0.19581 0.04726
v -0.07474 0.17254 0.04994
v -0.07593 0.15275 0.05074
v -0.07371 0.13778 0.04925
v -0.06886 0.12744 0.04601
v -0.06256 0.12004 0.04180
v -0.05454 0.11503 0.03644
v -0.05454 0.11503 0.03644
v -0.04466 0.11176 0.02984
v -0.03287 0.10942 0.02197
v -0.01912 0.10688 0.01278
v -0.06593 0.30658 0.06593
v -0.06128 0.30394 0.06128
v -0.05747 0.29917 0.05747
v -0.05451 0.29226 0.05451
v -0.05238 0.28322 0.05238
v -0.05110 0.27206 0.05110
v -0.05065 0.25875 0.05065
v -0.05212 0.24142 0.05212
v -0.05571 0.21968 0.05571
v -0.06015 0.19581 0.06015
v -0.06356 0.17254 0.06356
v -0.06458 0.15275 0.06458
v -0.06269 0.13778 0.06269
v -0.05856 0.12744 0.05856
v -0.05320 0.12004 0.05320
v -0.04638 0.11503 0.04638
v -0.04638 0.11503 0.04638
v -0.03798 0.11176 0.03798
v -0.02796 0.10942 0.02796
v -0.01626 0.10688 0.01626
v -0.05180 0.30658 0.07752
v -0.04815 0.30394 0.07206
v -0.04516 0.29917 0.06758
v -0.04283 0.29226 0.06409
v -0.04116 0.28322 0.06159
v -0.04015 0.27206 0.06008
v -0.03980 0.25875 0.05956
v -0.04095 0.24142 0.06129
v -0.04377 0.21968 0.06551
v -0.04726 0.19581 0.07073
v -0.04994 0.17254 0.07474
v -0.05074 0.15276 0.07593
v -0.04925 0.13778 0.07371
v -0.04601 0.12744 0.06886
v -0.04180 0.12004 0.06256
v -0.03644 0.11503 0.05454
v -0.03644 0.11503 0.05454
v -0.02984 0.11176 0.04466
v -0.02197 0.10942 0.03287
v -0.01278 0.10688 0.01912
v -0.03568 0.30658 0.08614
v -0.03316 0.30394 0.08007
v -0.03110 0.29916 0.07509
v -0.02950 0.29226 0.07122
v -0.02835 0.28322 0.06844
v -0.02765 0.27206 0.06676
v -0.02741 0.25875 0.06618
v -0.02821 0.24142 0.06810
v -0.03015 0.21968 0.07279
v -0.03255 0.19581 0.07859
v -0.03440 0.17254 0.08305
v -0.03495 0.15275 0.08437
v -0.03393 0.13778 0.08190
v -0.03169 0.12744 0.07651
v -0.02879 0.12004 0.06951
v -0.02510 0.11503 0.06060
v -0.02510 0.11503 0.06060
v -0.02056 0.11176 0.04963
v -0.01513 0.10942 0.03653
v -0.00880 0.10688 0.02125
v -0.01819 0.30658 0.09145
v -0.01691 0.30394 0.08500
v -0.01586 0.29916 0.07972
v -0.01504 0.29226 0.07560
v -0.01445 0.28322 0.07266
v -0.01410 0.27206 0.07087
v -0.01398 0.25875 0.07026
v -0.01438 0.24142 0.07229
v -0.01537 0.21968 0.07728
v -0.01659 0.19581 0.08343
v -0.01754 0.17254 0.08816
v -0.01782 0.15275 0.08957
v -0.01730 0.13778 0.08695
v -0.01616 0.12744 0.08122
v -0.01468 0.12004 0.07379
v -0.01280 0.11503 0.06434
v -0.01280 0.11503 0.06434
v -0.01048 0.11176 0.05268
v -0.00771 0.10942 0.03878
v -0.00449 0.10688 0.02256
v 0.00000 0.30658 0.09324
v 0.00000 0.30394 0.08666
v 0.00000 0.29916 0.08128
v 0.00000 0.29226 0.07709
v 0.00000 0.28322 0.07408
v 0.00000 0.27206 0.07226
v 0.00000 0.25875 0.07163
v 0.00000 0.24142 0.07371
v 0.00000 0.21968 0.07879
v 0.00000 0.19581 0.08506
v 0.00000 0.17254 0.08989
v 0.00000 0.15275 0.09132
v 0.00000 0.13778 0.08865
v 0.00000 0.12744 0.08281
v 0.00000 0.12004 0.07523
v 0.00000 0.11503 0.06560
v 0.00000 0.11503 0.06560
v 0.00000 0.11176 0.05371
v 0.00000 0.10942 0.03954
v 0.00000 0.10688 0.02300
v 0.01819 0.30658 0.09145
v 0.01691 0.30394 0.08500
v 0.01586 0.29916 0.07972
v 0.01504 0.29226 0.07560
v 0.01445 0.28322 0.07266
v 0.01410 0.27206 0.07087
v 0.01398 0.25875 0.07026
v 0.01438 0.24142 0.07229
v 0.01537 0.21968 0.07728
v 0.01659 0.19581 0.08343
v 0.01754 0.17254 0.08816
v 0.01782 0.15275 0.08957
v 0.01730 0.13778 0.08695
v 0.01616 0.12744 0.08122
v 0.01468 0.12004 0.07379
v 0.01280 0.11503 0.06434
v 0.01280 0.11503 0.06434
v 0.01048 0.11176 0.05268
v 0.00771 0.10942 0.03878
v 0.00449 0.10688 0.02256
v 0.03568 0.30658 0.08614
v 0.03317 0.30394 0.08007
v 0.03110 0.29916 0.07509
v 0.02950 0.29226 0.07122
v 0.02835 0.28322 0.06844
v 0.02765 0.27206 0.06676
v 0.02741 0.25875 0.06618
v 0.02821 0.24142 0.06810
v 0.03015 0.21968 0.07279
v 0.03255 0.19581 0.07859
v 0.03440 0.17254 0.08305
v 0.03495 0.15275 0.08437
v 0.03393 0.13778 0.08190
v 0.03169 0.12744 0.07651
v 0.02879 0.12004 0.06951
v 0.02510 0.11503 0.06060
v 0.02510 0.11503 0.06060
v 0.02056 0.11176 0.04963
v 0.01513 0.10942 0.03653
v 0.00880 0.10688 0.02125
v 0.05180 0.30658 0.07752
v 0.04815 0.30394 0.07206
v 0.04516 0.29917 0.06758
v 0.04283 0.29226 0.06409
v 0.04116 0.28322 0.06159
v 0.04015 0.27206 0.06008
v 0.03980 0.25875 0.05956
v 0.04095 0.24142 0.06129
v 0.04377 0.21968 0.06551
v 0.04726 0.19581 0.07073
v 0.04994 0.17254 0.07474
v 0.05074 0.15276 0.07593
v 0.04925 0.13778 0.07371
v 0.04601 0.12744 0.06886
v 0.04180 0.12004 0.06255
v 0.03644 0.11503 0.05454
v 0.03644 0.11503 0.05454
v 0.02984 0.11176 0.04466
v 0.02197 0.10942 0.03287
v 0.01278 0.10688 0.01912
v 0.06593 0.30658 0.06593
v 0.06128 0.30394 0.06128
v 0.05747 0.29917 0.05747
v 0.05451 0.29226 0.05451
v 0.05238 0.28322 0.05238
v 0.05110 0.27206 0.05110
v 0.05065 0.25875 0.05065
v 0.05212 0.24142 0.05212
v 0.05571 0.21968 0.05571
v 0.06015 0.19581 0.06015
v 0.06356 0.17254 0.06356
v 0.06458 0.15275 0.06458
v 0.06269 0.13778 0.06269
v 0.05856 0.12744 0.05856
v 0.05320 0.12004 0.05320
v 0.04638 0.11503 0.04638
v 0.04638 0.11503 0.04638
v 0.03798 0.11176 0.03798
v 0.02796 0.10942 0.02796
v 0.01626 0.10688 0.01626
v 0.07752 0.30658 0.05180
v 0.07206 0.30394 0.04815
v 0.06758 0.29917 0.04516
v 0.06409 0.29226 0.04283
v 0.06159 0.28322 0.04116
v 0.06008 0.27206 0.04015
v 0.05956 0.25875 0.03980
v 0.06129 0.24142 0.04095
v 0.06551 0.21968 0.04377
v 0.07073 0.19581 0.04726
v 0.07474 0.17254 0.04994
v 0.07593 0.15275 0.05074
v 0.07371 0.13778 0.04925
v 0.06886 0.12744 0.04601
v 0.06256 0.12004 0.04180
v 0.05454 0.11503 0.03644
v 0.05454 0.11503 0.03644
v 0.04466 0.11176 0.02984
v 0.03287 0.10942 0.02197
v 0.01912 0.10688 0.01278
v 0.08614 0.30658 0.03568
v 0.08007 0.30394 0.03316
v 0.07509 0.29917 0.03110
v 0.07122 0.29226 0.02950
v 0.06844 0.28322 0.02835
v 0.06676 0.27206 0.02765
v 0.06618 0.25875 0.02741
v 0.06810 0.24142 0.02821
v 0.07279 0.21968 0.03015
v 0.07859 0.19581 0.03255
v 0.08305 0.17254 0.03440
v 0.08437 0.15275 0.03495
v 0.08190 0.13778 0.03393
v 0.07651 0.12744 0.03169
v 0.06951 0.12004 0.02879
v 0.06060 0.11503 0.02510
v 0.06060 0.11503 0.02510
v 0.04963 0.11176 0.02056
v 0.03653 0.10942 0.01513
v 0.02125 0.10688 0.00880
v 0.09145 0.30658 0.01819
v 0.08500 0.30394 0.01691
v 0.07972 0.29917 0.01586
v 0.07560 0.29226 0.01504
v 0.07266 0.28322 0.01445
v 0.07087 0.27206 0.01410
v 0.07026 0.25875 0.01398
v 0.07229 0.24142 0.01438
v 0.07728 0.21968 0.01537
v 0.08343 0.19581 0.01659
v 0.08816 0.17254 0.01754
v 0.08957 0.15275 0.01782
v 0.08695 0.13778 0.01730
v 0.08122 0.12744 0.01616
v 0.07379 0.12004 0.01468
v 0.06434 0.11503 0.01280
v 0.06434 0.11503 0.01280
v 0.05268 0.11176 0.01048
v 0.03878 0.10942 0.00771
v 0.02256 0.10688 0.00449
v 0.09324 0.30658 -0.00000
v 0.08666 0.30394 -0.00000
v 0.08128 0.29917 -0.00000
v 0.07709 0.29226 -0.00000
v 0.07408 0.28322 -0.00000
v 0.07226 0.27206 -0.00000
v 0.07163 0.25875 -0.00000
v 0.07371 0.24142 -0.00000
v 0.07879 0.21968 -0.00000
v 0.08506 0.19581 -0.00000
v 0.08989 0.17254 -0.00000
v 0.09132 0.15275 -0.00000
v 0.08865 0.13778 -0.00000
v 0.08281 0.12744 -0.00000
v 0.07523 0.12004 -0.00000
v 0.06560 0.11503 -0.00000
v 0.06560 0.11503 -0.00000
v 0.05371 0.11176 -0.00000
v 0.03954 0.10942 -0.00000
v 0.02300 0.10688 -0.00000
v 0.09145 0.30658 -0.01819
v 0.08500 0.30394 -0.01691
v 0.07972 0.29917 -0.01586
v 0.07560 0.29226 -0.01504
v 0.07266 0.28322 -0.01445
v 0.07087 0.27206 -0.01410
v 0.07026 0.25875 -0.01398
v 0.07229 0.24142 -0.01438
v 0.07728 0.21968 -0.01537
v 0.08343 0.19581 -0.01659
v 0.08816 0.17254 -0.01754
v 0.08957 0.15275 -0.01782
v 0.08695 0.13778 -0.01730
v 0.08122 0.12744 -0.01616
v 0.07379 0.12004 -0.01468
v 0.06434 0.11503 -0.01280
v 0.06434 0.11503 -0.01280
v 0.05268 0.11176 -0.01048
v 0.03878 0.10942 -0.00771
v 0.02256 0.10688 -0.00449
v 0.08614 0.30658 -0.03568
v 0.08007 0.30394 -0.03316
v 0.07509 0.29917 -0.03110
v 0.07122 0.29226 -0.02950
v 0.06844 0.28322 -0.02835
v 0.06676 0.27206 -0.02765
v 0.06618 0.25875 -0.02741
v 0.06810 0.24142 -0.02821
v 0.07279 0.21968 -0.03015
v 0.07859 0.19581 -0.03255
v 0.08305 0.17254 -0.03440
v 0.08437 0.15275 -0.03495
v 0.08190 0.13778 -0.03393
v 0.07651 0.12744 -0.03169
v 0.06951 0.12004 -0.02879
v 0.06060 0.11503 -0.02510
v 0.06060 0.11503 -0.02510
v 0.04963 0.11176 -0.02056
v 0.03653 0.10942 -0.01513
v 0.02125 0.10688 -0.00880
v 0.07752 0.30658 -0.05180
v 0.07206 0.30394 -0.04815
v 0.06758 0.29917 -0.04516
v 0.06409 0.29226 -0.04283
v 0.06159 0.28322 -0.04116
v 0.06008 0.27206 -0.04015
v 0.05956 0.25875 -0.03980
v 0.06129 0.24142 -0.04095
v 0.06551 0.21968 -0.04377
v 0.07073 0.19581 -0.04726
v 0.07474 0.17254 -0.04994
v 0.07593 0.15275 -0.05074
v 0.07371 0.13778 -0.04925
v 0.06886 0.12744 -0.04601
v 0.06256 0.12004 -0.04180
v 0.05454 0.11503 -0.03644
v 0.05454 0.11503 -0.03644
v 0.04466 0.11176 -0.02984
v 0.03287 0.10942 -0.02197
v 0.01912 0.10688 -0.01278
v 0.06593 0.30658 -0.06593
v 0.06128 0.30394 -0.06128
v 0.05747 0.29917 -0.05747
v 0.05451 0.29226 -0.05451
v 0.05238 0.28322 -0.05238
v 0.05110 0.27206 -0.05110
v 0.05065 0.25875 -0.05065
v 0.05212 0.24142 -0.05212
v 0.05571 0.21968 -0.05571
v 0.06015 0.19581 -0.06015
v 0.06356 0.17254 -0.06356
v 0.06458 0.15275 -0.06458
v 0.06269 0.13778 -0.06269
v 0.05856 0.12744 -0.05856
v 0.05320 0.12004 -0.05320
v 0.04638 0.11503 -0.04638
v 0.04638 0.11503 -0.04638
v 0.03798 0.11176 -0.03798
v 0.02796 0.10942 -0.02796
v 0.01626 0.10688 -0.01626
v 0.05180 0.30658 -0.07752
v 0.04815 0.30394 -0.07206
v 0.04516 0.29916 -0.06758
v 0.04283 0.29226 -0.06409
v 0.04116 0.28322 -0.06159
v 0.04015 0.27206 -0.06008
v 0.03980 0.25875 -0.05956
v 0.04095 0.24142 -0.06129
v 0.04377 0.21968 -0.06551
v 0.04726 0.19581 -0.07073
v 0.04994 0.17254 -0.07474
v 0.05074 0.15275 -0.07593
v 0.04925 0.13778 -0.07371
v 0.04601 0.12744 -0.06886
v 0.04180 0.12004 -0.06256
v 0.03644 0.11503 -0.05454
v 0.03644 0.11503 -0.05454
v 0.02984 0.11176 -0.04466
v 0.02197 0.10942 -0.03287
v 0.01278 0.10688 -0.01912
v 0.03568 0.30658 -0.08614
v 0.03316 0.30394 -0.08007
v 0.03110 0.29917 -0.07509
v 0.02950 0.29226 -0.07122
v 0.02835 0.28322 -0.06844
v 0.02765 0.27206 -0.06676
v 0.02741 0.25875 -0.06618
v 0.02821 0.24142 -0.06810
v 0.03015 0.21968 -0.07279
v 0.03255 0.19581 -0.07859
v 0.03440 0.17254 -0.08305
v 0.03495 0.15275 -0.08437
v 0.03393 0.13778 -0.08190
v 0.03169 0.12744 -0.07651
v 0.02879 0.12004 -0.06951
v 0.02510 0.11503 -0.06060
v 0.02510 0.11503 -0.06060
v 0.02056 0.11176 -0.04963
v 0.01513 0.10942 -0.03653
v 0.00880 0.10688 -0.02125
v 0.01819 0.30658 -0.09145
v 0.01691 0.30394 -0.08500
v 0.01586 0.29917 -0.07972
v 0.01504 0.29226 -0.07560
v 0.01445 0.28322 -0.07266
v 0.01410 0.27206 -0.07087
v 0.01398 0.25875 -0.07026
v 0.01438 0.24142 -0.07229
v 0.01537 0.21968 -0.07728
v 0.01659 0.19581 -0.08343
v 0.01754 0.17254 -0.08816
v 0.01782 0.15275 -0.08957
v 0.01730 0.13778 -0.08695
v 0.01616 0.12744 -0.08122
v 0.01468 0.12004 -0.07379
v 0.01280 0.11503 -0.06434
v 0.01280 0.11503 -0.06434
v 0.01048 0.11176 -0.05268
v 0.00771 0.10942 -0.03878
v 0.00449 0.10688 -0.02256
v 0.00000 0.30658 -0.09324
v 0.00000 0.30394 -0.08666
v 0.00000 0.29917 -0.08128
v 0.00000 0.29226 -0.07709
v 0.00000 0.28322 -0.07408
v 0.00000 0.27206 -0.07226
v 0.00000 0.25875 -0.07163
v 0.00000 0.24142 -0.07371
v 0.00000 0.21968 -0.07879
v 0.00000 0.19581 -0.08506
v 0.00000 0.17254 -0.08989
v 0.00000 0.15275 -0.09132
v 0.00000 0.13778 -0.08865
v 0.00000 0.12744 -0.08281
v 0.00000 0.12004 -0.07523
v 0.00000 0.11503 -0.06560
v 0.00000 0.11503 -0.06560
v 0.00000 0.11176 -0.05371
v 0.00000 0.10942 -0.03954
v 0.00000 0.10688 -0.02300
v 0.00000 0.30658 -0.09324
v -0.01819 0.30658 -0.09145
v -0.01691 0.30394 -0.08500
v 0.00000 0.30394 -0.08666
v -0.01586 0.29917 -0.07972
v 0.00000 0.29917 -0.08128
v -0.01504 0.29226 -0.07560
v 0.00000 0.29226 -0.07709
v -0.01445 0.28322 -0.07266
v 0.00000 0.28322 -0.07408
v -0.01410 0.27206 -0.07087
v 0.00000 0.27206 -0.07226
v -0.01398 0.25875 -0.07026
v 0.00000 0.25875 -0.07163
v -0.01438 0.24142 -0.07229
v 0.00000 0.24142 -0.07371
v -0.01537 0.21968 -0.07728
v 0.00000 0.21968 -0.07879
v -0.01659 0.19581 -0.08343
v 0.00000 0.19581 -0.08506
v -0.01754 0.17254 -0.08816
v 0.00000 0.17254 -0.08989
v -0.01782 0.15275 -0.08957
v 0.00000 0.15275 -0.09132
v -0.01730 0.13778 -0.08695
v 0.00000 0.13778 -0.08865
v -0.01616 0.12744 -0.08122
v 0.00000 0.12744 -0.08281
v -0.01468 0.12004 -0.07379
v 0.00000 0.12004 -0.07523
v -0.01280 0.11503 -0.06434
v 0.00000 0.11503 -0.06560
v -0.01280 0.11503 -0.06434
v -0.01048 0.11176 -0.05268
v -0.00771 0.10942 -0.03878
v -0.00449 0.10688 -0.02256
v -0.03568 0.30658 -0.08614
v -0.03316 0.30394 -0.08007
v -0.03110 0.29917 -0.07509
v -0.02950 0.29226 -0.07122
v -0.02835 0.28322 -0.06844
v -0.02765 0.27206 -0.06676
v -0.02741 0.25875 -0.06618
v -0.02821 0.24142 -0.06810
v -0.03015 0.21968 -0.07279
v -0.03255 0.19581 -0.07859
v -0.03440 0.17254 -0.08305
v -0.03495 0.15275 -0.08437
v -0.03393 0.13778 -0.08190
v -0.03169 0.12744 -0.07651
v -0.02879 0.12004 -0.06951
v -0.02510 0.11503 -0.06060
v -0.02510 0.11503 -0.06060
v -0.02056 0.11176 -0.04963
v -0.01513 0.10942 -0.03653
v -0.00880 0.10688 -0.02125
v -0.05180 0.30658 -0.07752
v -0.04815 0.30394 -0.07206
v -0.04516 0.29916 -0.06758
v -0.04283 0.29226 -0.06409
v -0.04116 0.28322 -0.06159
v -0.04015 0.27206 -0.06008
v -0.03980 0.25875 -0.05956
v -0.04095 0.24142 -0.06129
v -0.04377 0.21968 -0.06551
v -0.04726 0.19581 -0.07073
v -0.04994 0.17254 -0.07474
v -0.05074 0.15275 -0.07593
v -0.04925 0.13778 -0.07371
v -0.04601 0.12744 -0.06886
v -0.04180 0.12004 -0.06256
v -0.03644 0.11503 -0.05454
v -0.03644 0.11503 -0.05454
v -0.02984 0.11176 -0.04466
v -0.02197 0.10942 -0.03287
v -0.01278 0.10688 -0.01912
v -0.06593 0.30658 -0.06593
v -0.06128 0.30394 -0.06128
v -0.05747 0.29917 -0.05747
v -0.05451 0.29226 -0.05451
v -0.05238 0.28322 -0.05238
v -0.05110 0.27206 -0.05110
v -0.05065 0.25875 -0.05065
v -0.05212 0.24142 -0.05212
v -0.05571 0.21968 -0.05571
v -0.06015 0.19581 -0.06015
v -0.06356 0.17254 -0.06356
v -0.06458 0.15275 -0.06458
v -0.06269 0.13778 -0.06269
v -0.05856 0.12744 -0.05856
v -0.05320 0.12004 -0.05320
v -0.04638 0.11503 -0.04638
v -0.04638 0.11503 -0.04638
v -0.03798 0.11176 -0.03798
v -0.02796 0.10942 -0.02796
v -0.01626 0.10688 -0.01626
v -0.07752 0.30658 -0.05180
v -0.07206 0.30394 -0.04815
v -0.06758 0.29917 -0.04516
v -0.06409 0.29226 -0.04283
v -0.06159 0.28322 -0.04116
v -0.06008 0.27206 -0.04015
v -0.05956 0.25875 -0.03980
v -0.06129 0.24142 -0.04095
v -0.06551 0.21968 -0.04377
v -0.07073 0.19581 -0.04726
v -0.07474 0.17254 -0.04994
v -0.07593 0.15275 -0.05074
v -0.07371 0.13778 -0.04925
v -0.06886 0.12744 -0.04601
v -0.06256 0.12004 -0.04180
v -0.05454 0.11503 -0.03644
v -0.05454 0.11503 -0.03644
v -0.04466 0.11176 -0.02984
v -0.03287 0.10942 -0.02197
v -0.01912 0.10688 -0.01278
v -0.08614 0.30658 -0.03568
v -0.08007 0.30394 -0.03316
v -0.07509 0.29917 -0.03110
v -0.07122 0.29226 -0.02950
v -0.06844 0.28322 -0.02835
v -0.06676 0.27206 -0.02765
v -0.06618 0.25875 -0.02741
v -0.06810 0.24142 -0.02821
v -0.07279 0.21968 -0.03015
v -0.07859 0.19581 -0.03255
v -0.08305 0.17254 -0.03440
v -0.08437 0.15275 -0.03495
v -0.08190 0.13778 -0.03393
v -0.07651 0.12744 -0.03169
v -0.06951 0.12004 -0.02879
v -0.06060 0.11503 -0.02510
v -0.06060 0.11503 -0.02510
v -0.04963 0.11176 -0.02056
v -0.03653 0.10942 -0.01513
v -0.02125 0.10688 -0.00880
v -0.09145 0.30658 -0.01819
v -0.08500 0.30394 -0.01691
v -0.07972 0.29917 -0.01586
v -0.07560 0.29226 -0.01504
v -0.07266 0.28322 -0.01445
v -0.07087 0.27206 -0.01410
v -0.07026 0.25875 -0.01398
v -0.07229 0.24142 -0.01438
v -0.07728 0.21968 -0.01537
v -0.08343 0.19581 -0.01659
v -0.08816 0.17254 -0.01754
v -0.08957 0.15275 -0.01782
v -0.08695 0.13778 -0.01730
v -0.08122 0.12744 -0.01616
v -0.07379 0.12004 -0.01468
v -0.06434 0.11503 -0.01280
v -0.06434 0.11503 -0.01280
v -0.05268 0.11176 -0.01048
v -0.03878 0.10942 -0.00771
v -0.02256 0.10688 -0.00449
v -0.09145 0.30658 0.01819
v -0.09324 0.30658 -0.00000
v -0.09371 0.30540 -0.00000
v -0.09191 0.30540 0.01828
v -0.08614 0.30658 0.03568
v -0.08658 0.30540 0.03586
v -0.07752 0.30658 0.05180
v -0.07792 0.30540 0.05206
v -0.06593 0.30658 0.06593
v -0.06626 0.30540 0.06626
v -0.05180 0.30658 0.07752
v -0.05206 0.30540 0.07792
v -0.03568 0.30658 0.08614
v -0.03586 0.30540 0.08658
v -0.01819 0.30658 0.09145
v -0.01828 0.30540 0.09191
v 0.00000 0.30658 0.09324
v 0.00000 0.30540 0.09371
v 0.01819 0.30658 0.09145
v 0.01828 0.30540 0.09191
v 0.03568 0.30658 0.08614
v 0.03586 0.30540 0.08658
v 0.05180 0.30658 0.07752
v 0.05206 0.30540 0.07792
v 0.06593 0.30658 0.06593
v 0.06626 0.30540 0.06626
v 0.07752 0.30658 0.05180
v 0.07792 0.30540 0.05206
v 0.08614 0.30658 0.03568
v 0.08658 0.30540 0.03586
v 0.09145 0.30658 0.01819
v 0.09191 0.30540 0.01828
v 0.09324 0.30658 -0.00000
v 0.09371 0.30540 -0.00000
v 0.09145 0.30658 -0.01819
v 0.09191 0.30540 -0.01828
v 0.08614 0.30658 -0.03568
v 0.08658 0.30540 -0.03586
v 0.07752 0.30658 -0.05180
v 0.07792 0.30540 -0.05206
v 0.06593 0.30658 -0.06593
v 0.06626 0.30540 -0.06626
v 0.05180 0.30658 -0.07752
v 0.05206 0.30540 -0.07792
v 0.03568 0.30658 -0.08614
v 0.03586 0.30540 -0.08658
v 0.01819 0.30658 -0.09145
v 0.01828 0.30540 -0.09191
v 0.00000 0.30658 -0.09324
v 0.00000 0.30540 -0.09371
v -0.01819 0.30658 -0.09145
v 0.00000 0.30658 -0.09324
v 0.00000 0.30540 -0.09371
v -0.01828 0.30540 -0.09191
v -0.03568 0.30658 -0.08614
v -0.03586 0.30540 -0.08658
v -0.05180 0.30658 -0.07752
v -0.05206 0.30540 -0.07792
v -0.06593 0.30658 -0.06593
v -0.06626 0.30540 -0.06626
v -0.07752 0.30658 -0.05180
v -0.07792 0.30540 -0.05206
v -0.08614 0.30658 -0.03568
v -0.08658 0.30540 -0.03586
v -0.09145 0.30658 -0.01819
v -0.09191 0.30540 -0.01828
vt 0.16010 0.24351
vt 0.16010 0.24629
vt 0.14454 0.24629
vt 0.14454 0.24351
vt 0.16010 0.23859
vt 0.14454 0.23859
vt 0.16010 0.23137
vt 0.14454 0.23137
vt 0.16010 0.22176
vt 0.14454 0.22176
vt 0.16010 0.20976
vt 0.14454 0.20976
vt 0.16010 0.19543
vt 0.14454 0.19543
vt 0.16010 0.17671
vt 0.14454 0.17671
vt 0.16010 0.15324
vt 0.14454 0.15324
vt 0.16010 0.13013
vt 0.14454 0.13013
vt 0.16010 0.10706
vt 0.14454 0.10706
vt 0.16010 0.08622
vt 0.14454 0.08622
vt 0.16010 0.06713
vt 0.14454 0.06713
vt 0.16010 0.04922
vt 0.14454 0.04922
vt 0.16010 0.03497
vt 0.14454 0.03497
vt 0.16010 0.02000
vt 0.14454 0.02000
vt 0.58569 0.48381
vt 0.58085 0.49524
vt 0.56835 0.48843
vt 0.57533 0.47816
vt 0.59167 0.46970
vt 0.58395 0.46549
vt 0.59895 0.45254
vt 0.59443 0.45008
vt 0.60919 0.42838
vt 0.17567 0.24351
vt 0.17567 0.24629
vt 0.17567 0.23859
vt 0.17567 0.23137
vt 0.17567 0.22176
vt 0.17567 0.20976
vt 0.17567 0.19543
vt 0.17567 0.17671
vt 0.17567 0.15324
vt 0.17567 0.13013
vt 0.17567 0.10706
vt 0.17567 0.08622
vt 0.17567 0.06713
vt 0.17567 0.04922
vt 0.17567 0.03497
vt 0.17567 0.02000
vt 0.59696 0.48733
vt 0.59444 0.49948
vt 0.60007 0.47232
vt 0.60386 0.45408
vt 0.19124 0.24351
vt 0.19124 0.24629
vt 0.19124 0.23859
vt 0.19124 0.23137
vt 0.19124 0.22176
vt 0.19124 0.20976
vt 0.19124 0.19543
vt 0.19124 0.17671
vt 0.19124 0.15324
vt 0.19124 0.13013
vt 0.19124 0.10706
vt 0.19124 0.08622
vt 0.19124 0.06713
vt 0.19124 0.04922
vt 0.19124 0.03497
vt 0.19124 0.02000
vt 0.60869 0.48858
vt 0.60859 0.50099
vt 0.60882 0.47326
vt 0.60897 0.45462
vt 0.20680 0.24351
vt 0.20680 0.24629
vt 0.20680 0.23859
vt 0.20680 0.23137
vt 0.20680 0.22176
vt 0.20680 0.20976
vt 0.20680 0.19543
vt 0.20680 0.17671
vt 0.20680 0.15324
vt 0.20680 0.13013
vt 0.20680 0.10706
vt 0.20680 0.08622
vt 0.20680 0.06713
vt 0.20680 0.04922
vt 0.20680 0.03497
vt 0.20680 0.02000
vt 0.62045 0.48752
vt 0.62277 0.49971
vt 0.61758 0.47247
vt 0.61410 0.45416
vt 0.22237 0.24351
vt 0.22237 0.24629
vt 0.22237 0.23859
vt 0.22237 0.23137
vt 0.22237 0.22176
vt 0.22237 0.20976
vt 0.22237 0.19543
vt 0.22237 0.17671
vt 0.22237 0.15324
vt 0.22237 0.13013
vt 0.22237 0.10706
vt 0.22237 0.08622
vt 0.22237 0.06713
vt 0.22237 0.04922
vt 0.22237 0.03497
vt 0.22237 0.02000
vt 0.63177 0.48419
vt 0.63643 0.49569
vt 0.62602 0.46998
vt 0.61903 0.45271
vt 0.23794 0.24351
vt 0.23794 0.24629
vt 0.23794 0.23859
vt 0.23794 0.23137
vt 0.23794 0.22176
vt 0.23794 0.20976
vt 0.23794 0.19543
vt 0.23794 0.17671
vt 0.23794 0.15324
vt 0.23794 0.13013
vt 0.23794 0.10706
vt 0.23794 0.08622
vt 0.23794 0.06713
vt 0.23794 0.04922
vt 0.23794 0.03497
vt 0.23794 0.02000
vt 0.64222 0.47871
vt 0.64903 0.48908
vt 0.63381 0.46590
vt 0.62359 0.45032
vt 0.25350 0.24351
vt 0.25350 0.24629
vt 0.25350 0.23859
vt 0.25350 0.23137
vt 0.25350 0.22176
vt 0.25350 0.20976
vt 0.25350 0.19543
vt 0.25350 0.17671
vt 0.25350 0.15324
vt 0.25350 0.13013
vt 0.25350 0.10706
vt 0.25350 0.08622
vt 0.25350 0.06713
vt 0.25350 0.04922
vt 0.25350 0.03497
vt 0.25350 0.02000
vt 0.65141 0.47130
vt 0.66011 0.48014
vt 0.64066 0.46037
vt 0.62759 0.44709
vt 0.26907 0.24351
vt 0.26907 0.24629
vt 0.26907 0.23859
vt 0.26907 0.23137
vt 0.26907 0.22176
vt 0.26907 0.20976
vt 0.26907 0.19543
vt 0.26907 0.17671
vt 0.26907 0.15324
vt 0.26907 0.13013
vt 0.26907 0.10706
vt 0.26907 0.08622
vt 0.26907 0.06713
vt 0.26907 0.04922
vt 0.26907 0.03497
vt 0.26907 0.02000
vt 0.65897 0.46224
vt 0.66923 0.46922
vt 0.64630 0.45362
vt 0.63089 0.44314
vt 0.28464 0.24351
vt 0.28464 0.24629
vt 0.28464 0.23859
vt 0.28464 0.23137
vt 0.28464 0.22176
vt 0.28464 0.20976
vt 0.28464 0.19543
vt 0.28464 0.17671
vt 0.28464 0.15324
vt 0.28464 0.13013
vt 0.28464 0.10706
vt 0.28464 0.08622
vt 0.28464 0.06713
vt 0.28464 0.04922
vt 0.28464 0.03497
vt 0.28464 0.02000
vt 0.66462 0.45187
vt 0.67604 0.45672
vt 0.65051 0.44589
vt 0.63335 0.43862
vt 0.30020 0.24351
vt 0.30020 0.24629
vt 0.30020 0.23859
vt 0.30020 0.23137
vt 0.30020 0.22176
vt 0.30020 0.20976
vt 0.30020 0.19543
vt 0.30020 0.17671
vt 0.30020 0.15324
vt 0.30020 0.13013
vt 0.30020 0.10706
vt 0.30020 0.08622
vt 0.30020 0.06713
vt 0.30020 0.04922
vt 0.30020 0.03497
vt 0.30020 0.02000
vt 0.66813 0.44061
vt 0.68029 0.44313
vt 0.65313 0.43750
vt 0.63488 0.43371
vt 0.31577 0.24351
vt 0.31577 0.24629
vt 0.31577 0.23859
vt 0.31577 0.23137
vt 0.31577 0.22176
vt 0.31577 0.20976
vt 0.31577 0.19543
vt 0.31577 0.17671
vt 0.31577 0.15324
vt 0.31577 0.13013
vt 0.31577 0.10706
vt 0.31577 0.08622
vt 0.31577 0.06713
vt 0.31577 0.04922
vt 0.31577 0.03497
vt 0.31577 0.02000
vt 0.66939 0.42887
vt 0.68180 0.42898
vt 0.65406 0.42875
vt 0.63543 0.42859
vt 0.33134 0.24351
vt 0.33134 0.24629
vt 0.33134 0.23859
vt 0.33134 0.23137
vt 0.33134 0.22176
vt 0.33134 0.20976
vt 0.33134 0.19543
vt 0.33134 0.17671
vt 0.33134 0.15324
vt 0.33134 0.13013
vt 0.33134 0.10706
vt 0.33134 0.08622
vt 0.33134 0.06713
vt 0.33134 0.04922
vt 0.33134 0.03497
vt 0.33134 0.02000
vt 0.66833 0.41712
vt 0.68052 0.41480
vt 0.65327 0.41999
vt 0.63497 0.42347
vt 0.34691 0.24351
vt 0.34691 0.24629
vt 0.34691 0.23859
vt 0.34691 0.23137
vt 0.34691 0.22176
vt 0.34691 0.20976
vt 0.34691 0.19543
vt 0.34691 0.17671
vt 0.34691 0.15324
vt 0.34691 0.13013
vt 0.34691 0.10706
vt 0.34691 0.08622
vt 0.34691 0.06713
vt 0.34691 0.04922
vt 0.34691 0.03497
vt 0.34691 0.02000
vt 0.66499 0.40580
vt 0.67650 0.40114
vt 0.65079 0.41155
vt 0.63351 0.41854
vt 0.36247 0.24351
vt 0.36247 0.24629
vt 0.36247 0.23859
vt 0.36247 0.23137
vt 0.36247 0.22176
vt 0.36247 0.20976
vt 0.36247 0.19543
vt 0.36247 0.17671
vt 0.36247 0.15324
vt 0.36247 0.13013
vt 0.36247 0.10706
vt 0.36247 0.08622
vt 0.36247 0.06713
vt 0.36247 0.04922
vt 0.36247 0.03497
vt 0.36247 0.02000
vt 0.65951 0.39534
vt 0.66989 0.38854
vt 0.64670 0.40375
vt 0.63112 0.41398
vt 0.37804 0.24351
vt 0.37804 0.24629
vt 0.37804 0.23859
vt 0.37804 0.23137
vt 0.37804 0.22176
vt 0.37804 0.20976
vt 0.37804 0.19543
vt 0.37804 0.17671
vt 0.37804 0.15324
vt 0.37804 0.13013
vt 0.37804 0.10706
vt 0.37804 0.08622
vt 0.37804 0.06713
vt 0.37804 0.04922
vt 0.37804 0.03497
vt 0.37804 0.02000
vt 0.65210 0.38616
vt 0.66095 0.37746
vt 0.64118 0.39691
vt 0.62789 0.40998
vt 0.39361 0.24351
vt 0.39361 0.24629
vt 0.39361 0.23859
vt 0.39361 0.23137
vt 0.39361 0.22176
vt 0.39361 0.20976
vt 0.39361 0.19543
vt 0.39361 0.17671
vt 0.39361 0.15324
vt 0.39361 0.13013
vt 0.39361 0.10706
vt 0.39361 0.08622
vt 0.39361 0.06713
vt 0.39361 0.04922
vt 0.39361 0.03497
vt 0.39361 0.02000
vt 0.64304 0.37860
vt 0.65002 0.36834
vt 0.63442 0.39127
vt 0.62394 0.40668
vt 0.40917 0.24351
vt 0.40917 0.24629
vt 0.40917 0.23859
vt 0.40917 0.23137
vt 0.40917 0.22176
vt 0.40917 0.20976
vt 0.40917 0.19543
vt 0.40917 0.17671
vt 0.40917 0.15324
vt 0.40917 0.13013
vt 0.40917 0.10706
vt 0.40917 0.08622
vt 0.40917 0.06713
vt 0.40917 0.04922
vt 0.40917 0.03497
vt 0.40917 0.02000
vt 0.63268 0.37295
vt 0.63752 0.36153
vt 0.62670 0.38706
vt 0.61943 0.40422
vt 0.42474 0.24351
vt 0.42474 0.24629
vt 0.42474 0.23859
vt 0.42474 0.23137
vt 0.42474 0.22176
vt 0.42474 0.20976
vt 0.42474 0.19543
vt 0.42474 0.17671
vt 0.42474 0.15324
vt 0.42474 0.13013
vt 0.42474 0.10706
vt 0.42474 0.08622
vt 0.42474 0.06713
vt 0.42474 0.04922
vt 0.42474 0.03497
vt 0.42474 0.02000
vt 0.62141 0.36943
vt 0.62393 0.35728
vt 0.61830 0.38444
vt 0.61452 0.40269
vt 0.44031 0.24351
vt 0.44031 0.24629
vt 0.44031 0.23859
vt 0.44031 0.23137
vt 0.44031 0.22176
vt 0.44031 0.20976
vt 0.44031 0.19543
vt 0.44031 0.17671
vt 0.44031 0.15324
vt 0.44031 0.13013
vt 0.44031 0.10706
vt 0.44031 0.08622
vt 0.44031 0.06713
vt 0.44031 0.04922
vt 0.44031 0.03497
vt 0.44031 0.02000
vt 0.60968 0.36818
vt 0.60978 0.35577
vt 0.60955 0.38351
vt 0.60940 0.40214
vt 0.45587 0.24351
vt 0.45587 0.24629
vt 0.45587 0.23859
vt 0.45587 0.23137
vt 0.45587 0.22176
vt 0.45587 0.20976
vt 0.45587 0.19543
vt 0.45587 0.17671
vt 0.45587 0.15324
vt 0.45587 0.13013
vt 0.45587 0.10706
vt 0.45587 0.08622
vt 0.45587 0.06713
vt 0.45587 0.04922
vt 0.45587 0.03497
vt 0.45587 0.02000
vt 0.59792 0.36924
vt 0.59560 0.35705
vt 0.60079 0.38430
vt 0.60428 0.40260
vt 0.47144 0.24351
vt 0.47144 0.24629
vt 0.47144 0.23859
vt 0.47144 0.23137
vt 0.47144 0.22176
vt 0.47144 0.20976
vt 0.47144 0.19543
vt 0.47144 0.17671
vt 0.47144 0.15324
vt 0.47144 0.13013
vt 0.47144 0.10706
vt 0.47144 0.08622
vt 0.47144 0.06713
vt 0.47144 0.04922
vt 0.47144 0.03497
vt 0.47144 0.02000
vt 0.58660 0.37258
vt 0.58195 0.36107
vt 0.59235 0.38678
vt 0.59934 0.40405
vt 0.48701 0.24351
vt 0.48701 0.24629
vt 0.48701 0.23859
vt 0.48701 0.23137
vt 0.48701 0.22176
vt 0.48701 0.20976
vt 0.48701 0.19543
vt 0.48701 0.17671
vt 0.48701 0.15324
vt 0.48701 0.13013
vt 0.48701 0.10706
vt 0.48701 0.08622
vt 0.48701 0.06713
vt 0.48701 0.04922
vt 0.48701 0.03497
vt 0.48701 0.02000
vt 0.57615 0.37805
vt 0.56934 0.36768
vt 0.58456 0.39087
vt 0.59478 0.40644
vt 0.50257 0.24351
vt 0.50257 0.24629
vt 0.50257 0.23859
vt 0.50257 0.23137
vt 0.50257 0.22176
vt 0.50257 0.20976
vt 0.50257 0.19543
vt 0.50257 0.17671
vt 0.50257 0.15324
vt 0.50257 0.13013
vt 0.50257 0.10706
vt 0.50257 0.08622
vt 0.50257 0.06713
vt 0.50257 0.04922
vt 0.50257 0.03497
vt 0.50257 0.02000
vt 0.56696 0.38547
vt 0.55826 0.37662
vt 0.57771 0.39639
vt 0.59078 0.40967
vt 0.51814 0.24351
vt 0.51814 0.24629
vt 0.51814 0.23859
vt 0.51814 0.23137
vt 0.51814 0.22176
vt 0.51814 0.20976
vt 0.51814 0.19543
vt 0.51814 0.17671
vt 0.51814 0.15324
vt 0.51814 0.13013
vt 0.51814 0.10706
vt 0.51814 0.08622
vt 0.51814 0.06713
vt 0.51814 0.04922
vt 0.51814 0.03497
vt 0.51814 0.02000
vt 0.55940 0.39453
vt 0.54914 0.38755
vt 0.57208 0.40315
vt 0.58749 0.41362
vt 0.03557 0.24351
vt 0.03557 0.24629
vt 0.02000 0.24629
vt 0.02000 0.24351
vt 0.03557 0.23859
vt 0.02000 0.23859
vt 0.03557 0.23137
vt 0.02000 0.23137
vt 0.03557 0.22176
vt 0.02000 0.22176
vt 0.03557 0.20976
vt 0.02000 0.20976
vt 0.03557 0.19543
vt 0.02000 0.19543
vt 0.03557 0.17671
vt 0.02000 0.17671
vt 0.03557 0.15324
vt 0.02000 0.15324
vt 0.03557 0.13013
vt 0.02000 0.13013
vt 0.03557 0.10706
vt 0.02000 0.10706
vt 0.03557 0.08622
vt 0.02000 0.08622
vt 0.03557 0.06713
vt 0.02000 0.06713
vt 0.03557 0.04922
vt 0.02000 0.04922
vt 0.03557 0.03497
vt 0.02000 0.03497
vt 0.03557 0.02000
vt 0.02000 0.02000
vt 0.55376 0.40489
vt 0.54233 0.40005
vt 0.56787 0.41087
vt 0.58502 0.41814
vt 0.05113 0.24351
vt 0.05113 0.24629
vt 0.05113 0.23859
vt 0.05113 0.23137
vt 0.05113 0.22176
vt 0.05113 0.20976
vt 0.05113 0.19543
vt 0.05113 0.17671
vt 0.05113 0.15324
vt 0.05113 0.13013
vt 0.05113 0.10706
vt 0.05113 0.08622
vt 0.05113 0.06713
vt 0.05113 0.04922
vt 0.05113 0.03497
vt 0.05113 0.02000
vt 0.55024 0.41616
vt 0.53809 0.41364
vt 0.56524 0.41927
vt 0.58349 0.42305
vt 0.06670 0.24351
vt 0.06670 0.24629
vt 0.06670 0.23859
vt 0.06670 0.23137
vt 0.06670 0.22176
vt 0.06670 0.20976
vt 0.06670 0.19543
vt 0.06670 0.17671
vt 0.06670 0.15324
vt 0.06670 0.13013
vt 0.06670 0.10706
vt 0.06670 0.08622
vt 0.06670 0.06713
vt 0.06670 0.04922
vt 0.06670 0.03497
vt 0.06670 0.02000
vt 0.54899 0.42789
vt 0.53658 0.42779
vt 0.56431 0.42802
vt 0.58294 0.42817
vt 0.08227 0.24351
vt 0.08227 0.24629
vt 0.08227 0.23859
vt 0.08227 0.23137
vt 0.08227 0.22176
vt 0.08227 0.20976
vt 0.08227 0.19543
vt 0.08227 0.17671
vt 0.08227 0.15324
vt 0.08227 0.13013
vt 0.08227 0.10706
vt 0.08227 0.08622
vt 0.08227 0.06713
vt 0.08227 0.04922
vt 0.08227 0.03497
vt 0.08227 0.02000
vt 0.55005 0.43965
vt 0.53786 0.44197
vt 0.56510 0.43678
vt 0.58341 0.43329
vt 0.09783 0.24351
vt 0.09783 0.24629
vt 0.09783 0.23859
vt 0.09783 0.23137
vt 0.09783 0.22176
vt 0.09783 0.20976
vt 0.09783 0.19543
vt 0.09783 0.17671
vt 0.09783 0.15324
vt 0.09783 0.13013
vt 0.09783 0.10706
vt 0.09783 0.08622
vt 0.09783 0.06713
vt 0.09783 0.04922
vt 0.09783 0.03497
vt 0.09783 0.02000
vt 0.55338 0.45097
vt 0.54188 0.45562
vt 0.56759 0.44522
vt 0.58486 0.43823
vt 0.11340 0.24351
vt 0.11340 0.24629
vt 0.11340 0.23859
vt 0.11340 0.23137
vt 0.11340 0.22176
vt 0.11340 0.20976
vt 0.11340 0.19543
vt 0.11340 0.17671
vt 0.11340 0.15324
vt 0.11340 0.13013
vt 0.11340 0.10706
vt 0.11340 0.08622
vt 0.11340 0.06713
vt 0.11340 0.04922
vt 0.11340 0.03497
vt 0.11340 0.02000
vt 0.55886 0.46142
vt 0.54848 0.46823
vt 0.57167 0.45301
vt 0.58725 0.44278
vt 0.12897 0.24351
vt 0.12897 0.24629
vt 0.12897 0.23859
vt 0.12897 0.23137
vt 0.12897 0.22176
vt 0.12897 0.20976
vt 0.12897 0.19543
vt 0.12897 0.17671
vt 0.12897 0.15324
vt 0.12897 0.13013
vt 0.12897 0.10706
vt 0.12897 0.08622
vt 0.12897 0.06713
vt 0.12897 0.04922
vt 0.12897 0.03497
vt 0.12897 0.02000
vt 0.56627 0.47060
vt 0.55742 0.47931
vt 0.57720 0.45985
vt 0.59048 0.44679
vt 0.38862 0.49612
vt 0.37326 0.49612
vt 0.37326 0.49328
vt 0.38862 0.49328
vt 0.37326 0.48814
vt 0.38862 0.48814
vt 0.37326 0.48071
vt 0.38862 0.48071
vt 0.37326 0.47098
vt 0.38862 0.47098
vt 0.37326 0.45895
vt 0.38862 0.45895
vt 0.37326 0.44463
vt 0.38862 0.44463
vt 0.37326 0.42596
vt 0.38862 0.42596
vt 0.37326 0.40273
vt 0.38862 0.40273
vt 0.37326 0.37993
vt 0.38862 0.37993
vt 0.37326 0.35725
vt 0.38862 0.35725
vt 0.37326 0.33702
vt 0.38862 0.33702
vt 0.37326 0.31808
vt 0.38862 0.31808
vt 0.37326 0.30088
vt 0.38862 0.30088
vt 0.37326 0.28708
vt 0.38862 0.28708
vt 0.37326 0.27267
vt 0.38862 0.27267
vt 0.65163 0.32075
vt 0.63923 0.32750
vt 0.63447 0.31628
vt 0.64477 0.31066
vt 0.62854 0.30228
vt 0.63622 0.29809
vt 0.62132 0.28525
vt 0.62582 0.28279
vt 0.61113 0.26119
vt 0.35790 0.49612
vt 0.35790 0.49328
vt 0.35790 0.48814
vt 0.35790 0.48071
vt 0.35790 0.47098
vt 0.35790 0.45895
vt 0.35790 0.44463
vt 0.35790 0.42596
vt 0.35790 0.40273
vt 0.35790 0.37993
vt 0.35790 0.35725
vt 0.35790 0.33702
vt 0.35790 0.31808
vt 0.35790 0.30088
vt 0.35790 0.28708
vt 0.35790 0.27267
vt 0.62575 0.33171
vt 0.62328 0.31977
vt 0.62019 0.30488
vt 0.61643 0.28677
vt 0.34254 0.49612
vt 0.34254 0.49328
vt 0.34254 0.48814
vt 0.34254 0.48071
vt 0.34254 0.47098
vt 0.34254 0.45895
vt 0.34254 0.44463
vt 0.34254 0.42596
vt 0.34254 0.40273
vt 0.34254 0.37993
vt 0.34254 0.35725
vt 0.34254 0.33702
vt 0.34254 0.31808
vt 0.34254 0.30088
vt 0.34254 0.28708
vt 0.34254 0.27267
vt 0.61171 0.33321
vt 0.61161 0.32102
vt 0.61149 0.30581
vt 0.61134 0.28732
vt 0.32718 0.49612
vt 0.32718 0.49328
vt 0.32718 0.48814
vt 0.32718 0.48071
vt 0.32718 0.47098
vt 0.32718 0.45895
vt 0.32718 0.44463
vt 0.32718 0.42596
vt 0.32718 0.40273
vt 0.32718 0.37993
vt 0.32718 0.35725
vt 0.32718 0.33702
vt 0.32718 0.31808
vt 0.32718 0.30088
vt 0.32718 0.28708
vt 0.32718 0.27267
vt 0.59765 0.33194
vt 0.59993 0.31996
vt 0.60278 0.30503
vt 0.60624 0.28686
vt 0.31182 0.49612
vt 0.31182 0.49328
vt 0.31182 0.48814
vt 0.31182 0.48071
vt 0.31182 0.47098
vt 0.31182 0.45895
vt 0.31182 0.44463
vt 0.31182 0.42596
vt 0.31182 0.40273
vt 0.31182 0.37993
vt 0.31182 0.35725
vt 0.31182 0.33702
vt 0.31182 0.31808
vt 0.31182 0.30088
vt 0.31182 0.28708
vt 0.31182 0.27267
vt 0.58411 0.32795
vt 0.58868 0.31665
vt 0.59439 0.30255
vt 0.60133 0.28541
vt 0.29647 0.49612
vt 0.29647 0.49328
vt 0.29647 0.48814
vt 0.29647 0.48071
vt 0.29647 0.47098
vt 0.29647 0.45895
vt 0.29647 0.44463
vt 0.29647 0.42596
vt 0.29647 0.40273
vt 0.29647 0.37993
vt 0.29647 0.35725
vt 0.29647 0.33702
vt 0.29647 0.31808
vt 0.29647 0.30088
vt 0.29647 0.28708
vt 0.29647 0.27267
vt 0.57160 0.32140
vt 0.57829 0.31121
vt 0.58664 0.29849
vt 0.59679 0.28303
vt 0.28111 0.49612
vt 0.28111 0.49328
vt 0.28111 0.48814
vt 0.28111 0.48071
vt 0.28111 0.47098
vt 0.28111 0.45895
vt 0.28111 0.44463
vt 0.28111 0.42596
vt 0.28111 0.40273
vt 0.28111 0.37993
vt 0.28111 0.35725
vt 0.28111 0.33702
vt 0.28111 0.31808
vt 0.28111 0.30088
vt 0.28111 0.28708
vt 0.28111 0.27267
vt 0.56062 0.31253
vt 0.56917 0.30384
vt 0.57983 0.29300
vt 0.59280 0.27981
vt 0.26575 0.49612
vt 0.26575 0.49328
vt 0.26575 0.48814
vt 0.26575 0.48071
vt 0.26575 0.47098
vt 0.26575 0.45895
vt 0.26575 0.44463
vt 0.26575 0.42596
vt 0.26575 0.40273
vt 0.26575 0.37993
vt 0.26575 0.35725
vt 0.26575 0.33702
vt 0.26575 0.31808
vt 0.26575 0.30088
vt 0.26575 0.28708
vt 0.26575 0.27267
vt 0.55157 0.30169
vt 0.56165 0.29483
vt 0.57423 0.28628
vt 0.58952 0.27588
vt 0.25039 0.49612
vt 0.25039 0.49328
vt 0.25039 0.48814
vt 0.25039 0.48071
vt 0.25039 0.47098
vt 0.25039 0.45895
vt 0.25039 0.44463
vt 0.25039 0.42596
vt 0.25039 0.40273
vt 0.25039 0.37993
vt 0.25039 0.35725
vt 0.25039 0.33702
vt 0.25039 0.31808
vt 0.25039 0.30088
vt 0.25039 0.28708
vt 0.25039 0.27267
vt 0.54481 0.28929
vt 0.55604 0.28454
vt 0.57004 0.27860
vt 0.58707 0.27138
vt 0.23503 0.49612
vt 0.23503 0.49328
vt 0.23503 0.48814
vt 0.23503 0.48071
vt 0.23503 0.47098
vt 0.23503 0.45895
vt 0.23503 0.44463
vt 0.23503 0.42596
vt 0.23503 0.40273
vt 0.23503 0.37993
vt 0.23503 0.35725
vt 0.23503 0.33702
vt 0.23503 0.31808
vt 0.23503 0.30088
vt 0.23503 0.28708
vt 0.23503 0.27267
vt 0.54061 0.27582
vt 0.55254 0.27334
vt 0.56743 0.27025
vt 0.58554 0.26649
vt 0.21967 0.49612
vt 0.21967 0.49328
vt 0.21967 0.48814
vt 0.21967 0.48071
vt 0.21967 0.47098
vt 0.21967 0.45895
vt 0.21967 0.44463
vt 0.21967 0.42596
vt 0.21967 0.40273
vt 0.21967 0.37993
vt 0.21967 0.35725
vt 0.21967 0.33702
vt 0.21967 0.31808
vt 0.21967 0.30088
vt 0.21967 0.28708
vt 0.21967 0.27267
vt 0.53911 0.26178
vt 0.55130 0.26168
vt 0.56650 0.26155
vt 0.58500 0.26140
vt 0.20431 0.49612
vt 0.20431 0.49328
vt 0.20431 0.48814
vt 0.20431 0.48071
vt 0.20431 0.47098
vt 0.20431 0.45895
vt 0.20431 0.44463
vt 0.20431 0.42596
vt 0.20431 0.40273
vt 0.20431 0.37993
vt 0.20431 0.35725
vt 0.20431 0.33702
vt 0.20431 0.31808
vt 0.20431 0.30088
vt 0.20431 0.28708
vt 0.20431 0.27267
vt 0.54038 0.24772
vt 0.55235 0.25000
vt 0.56729 0.25284
vt 0.58546 0.25630
vt 0.18895 0.49612
vt 0.18895 0.49328
vt 0.18895 0.48814
vt 0.18895 0.48071
vt 0.18895 0.47098
vt 0.18895 0.45895
vt 0.18895 0.44463
vt 0.18895 0.42596
vt 0.18895 0.40273
vt 0.18895 0.37993
vt 0.18895 0.35725
vt 0.18895 0.33702
vt 0.18895 0.31808
vt 0.18895 0.30088
vt 0.18895 0.28708
vt 0.18895 0.27267
vt 0.54436 0.23417
vt 0.55567 0.23875
vt 0.56976 0.24445
vt 0.58691 0.25139
vt 0.17359 0.49612
vt 0.17359 0.49328
vt 0.17359 0.48814
vt 0.17359 0.48071
vt 0.17359 0.47098
vt 0.17359 0.45895
vt 0.17359 0.44463
vt 0.17359 0.42596
vt 0.17359 0.40273
vt 0.17359 0.37993
vt 0.17359 0.35725
vt 0.17359 0.33702
vt 0.17359 0.31808
vt 0.17359 0.30088
vt 0.17359 0.28708
vt 0.17359 0.27267
vt 0.55092 0.22167
vt 0.56111 0.22836
vt 0.57382 0.23670
vt 0.58928 0.24685
vt 0.15823 0.49612
vt 0.15823 0.49328
vt 0.15823 0.48814
vt 0.15823 0.48071
vt 0.15823 0.47098
vt 0.15823 0.45895
vt 0.15823 0.44463
vt 0.15823 0.42596
vt 0.15823 0.40273
vt 0.15823 0.37993
vt 0.15823 0.35725
vt 0.15823 0.33702
vt 0.15823 0.31808
vt 0.15823 0.30088
vt 0.15823 0.28708
vt 0.15823 0.27267
vt 0.55979 0.21068
vt 0.56848 0.21923
vt 0.57932 0.22989
vt 0.59250 0.24286
vt 0.14287 0.49612
vt 0.14287 0.49328
vt 0.14287 0.48814
vt 0.14287 0.48071
vt 0.14287 0.47098
vt 0.14287 0.45895
vt 0.14287 0.44463
vt 0.14287 0.42596
vt 0.14287 0.40273
vt 0.14287 0.37993
vt 0.14287 0.35725
vt 0.14287 0.33702
vt 0.14287 0.31808
vt 0.14287 0.30088
vt 0.14287 0.28708
vt 0.14287 0.27267
vt 0.57063 0.20163
vt 0.57748 0.21172
vt 0.58603 0.22429
vt 0.59643 0.23958
vt 0.12751 0.49612
vt 0.12751 0.49328
vt 0.12751 0.48814
vt 0.12751 0.48071
vt 0.12751 0.47098
vt 0.12751 0.45895
vt 0.12751 0.44463
vt 0.12751 0.42596
vt 0.12751 0.40273
vt 0.12751 0.37993
vt 0.12751 0.35725
vt 0.12751 0.33702
vt 0.12751 0.31808
vt 0.12751 0.30088
vt 0.12751 0.28708
vt 0.12751 0.27267
vt 0.58302 0.19488
vt 0.58778 0.20610
vt 0.59371 0.22010
vt 0.60093 0.23713
vt 0.11215 0.49612
vt 0.11215 0.49328
vt 0.11215 0.48814
vt 0.11215 0.48071
vt 0.11216 0.47098
vt 0.11215 0.45895
vt 0.11216 0.44463
vt 0.11216 0.42596
vt 0.11215 0.40273
vt 0.11216 0.37993
vt 0.11215 0.35725
vt 0.11215 0.33702
vt 0.11216 0.31808
vt 0.11216 0.30088
vt 0.11216 0.28708
vt 0.11215 0.27267
vt 0.59650 0.19067
vt 0.59898 0.20261
vt 0.60206 0.21749
vt 0.60582 0.23560
vt 0.09680 0.49612
vt 0.09680 0.49328
vt 0.09680 0.48814
vt 0.09680 0.48071
vt 0.09680 0.47098
vt 0.09680 0.45895
vt 0.09680 0.44463
vt 0.09680 0.42596
vt 0.09680 0.40273
vt 0.09680 0.37993
vt 0.09680 0.35725
vt 0.09680 0.33702
vt 0.09680 0.31808
vt 0.09680 0.30088
vt 0.09680 0.28708
vt 0.09680 0.27267
vt 0.61054 0.18917
vt 0.61064 0.20136
vt 0.61076 0.21657
vt 0.61091 0.23506
vt 0.08144 0.49612
vt 0.08144 0.49328
vt 0.08144 0.48814
vt 0.08144 0.48071
vt 0.08144 0.47098
vt 0.08144 0.45895
vt 0.08144 0.44463
vt 0.08144 0.42596
vt 0.08144 0.40273
vt 0.08144 0.37993
vt 0.08144 0.35725
vt 0.08144 0.33702
vt 0.08144 0.31808
vt 0.08144 0.30088
vt 0.08144 0.28708
vt 0.08144 0.27267
vt 0.62460 0.19044
vt 0.62232 0.20242
vt 0.61948 0.21735
vt 0.61601 0.23552
vt 0.06608 0.49612
vt 0.06608 0.49328
vt 0.06608 0.48814
vt 0.06608 0.48071
vt 0.06608 0.47098
vt 0.06608 0.45895
vt 0.06608 0.44463
vt 0.06608 0.42596
vt 0.06608 0.40273
vt 0.06608 0.37993
vt 0.06608 0.35725
vt 0.06608 0.33702
vt 0.06608 0.31808
vt 0.06608 0.30088
vt 0.06608 0.28708
vt 0.06608 0.27267
vt 0.63814 0.19443
vt 0.63357 0.20573
vt 0.62787 0.21982
vt 0.62093 0.23697
vt 0.05072 0.49612
vt 0.05072 0.49328
vt 0.05072 0.48814
vt 0.05072 0.48071
vt 0.05072 0.47098
vt 0.05072 0.45895
vt 0.05072 0.44463
vt 0.05072 0.42596
vt 0.05072 0.40273
vt 0.05072 0.37993
vt 0.05072 0.35725
vt 0.05072 0.33702
vt 0.05072 0.31808
vt 0.05072 0.30088
vt 0.05072 0.28708
vt 0.05072 0.27267
vt 0.65065 0.20098
vt 0.64396 0.21117
vt 0.63562 0.22388
vt 0.62547 0.23935
vt 0.03536 0.49612
vt 0.03536 0.49328
vt 0.03536 0.48814
vt 0.03536 0.48071
vt 0.03536 0.47098
vt 0.03536 0.45895
vt 0.03536 0.44463
vt 0.03536 0.42596
vt 0.03536 0.40273
vt 0.03536 0.37993
vt 0.03536 0.35725
vt 0.03536 0.33702
vt 0.03536 0.31808
vt 0.03536 0.30088
vt 0.03536 0.28708
vt 0.03536 0.27267
vt 0.66164 0.20985
vt 0.65309 0.21854
vt 0.64242 0.22938
vt 0.62945 0.24256
vt 0.02000 0.49612
vt 0.02000 0.49328
vt 0.02000 0.48814
vt 0.02000 0.48071
vt 0.02000 0.47098
vt 0.02000 0.45895
vt 0.02000 0.44463
vt 0.02000 0.42596
vt 0.02000 0.40273
vt 0.02000 0.37993
vt 0.02000 0.35725
vt 0.02000 0.33702
vt 0.02000 0.31808
vt 0.02000 0.30088
vt 0.02000 0.28708
vt 0.02000 0.27267
vt 0.67068 0.22069
vt 0.66060 0.22755
vt 0.64803 0.23610
vt 0.63273 0.24650
vt 0.51149 0.49612
vt 0.49613 0.49612
vt 0.49613 0.49328
vt 0.51149 0.49328
vt 0.49613 0.48814
vt 0.51149 0.48814
vt 0.49613 0.48071
vt 0.51149 0.48071
vt 0.49613 0.47098
vt 0.51149 0.47098
vt 0.49613 0.45895
vt 0.51149 0.45895
vt 0.49613 0.44463
vt 0.51149 0.44463
vt 0.49613 0.42596
vt 0.51149 0.42596
vt 0.49613 0.40273
vt 0.51149 0.40273
vt 0.49613 0.37993
vt 0.51149 0.37993
vt 0.49613 0.35725
vt 0.51149 0.35725
vt 0.49613 0.33702
vt 0.51149 0.33702
vt 0.49613 0.31808
vt 0.51149 0.31808
vt 0.49613 0.30088
vt 0.51149 0.30088
vt 0.49613 0.28708
vt 0.51149 0.28708
vt 0.49613 0.27267
vt 0.51149 0.27267
vt 0.67744 0.23309
vt 0.66621 0.23784
vt 0.65221 0.24378
vt 0.63518 0.25099
vt 0.48078 0.49612
vt 0.48078 0.49328
vt 0.48078 0.48814
vt 0.48078 0.48071
vt 0.48078 0.47098
vt 0.48078 0.45895
vt 0.48078 0.44463
vt 0.48078 0.42596
vt 0.48078 0.40273
vt 0.48078 0.37993
vt 0.48078 0.35725
vt 0.48078 0.33702
vt 0.48078 0.31808
vt 0.48078 0.30088
vt 0.48078 0.28708
vt 0.48078 0.27267
vt 0.68165 0.24656
vt 0.66971 0.24904
vt 0.65482 0.25213
vt 0.63671 0.25588
vt 0.46542 0.49612
vt 0.46542 0.49328
vt 0.46542 0.48814
vt 0.46542 0.48071
vt 0.46542 0.47098
vt 0.46542 0.45895
vt 0.46542 0.44463
vt 0.46542 0.42596
vt 0.46542 0.40273
vt 0.46542 0.37993
vt 0.46542 0.35725
vt 0.46542 0.33702
vt 0.46542 0.31808
vt 0.46542 0.30088
vt 0.46542 0.28708
vt 0.46542 0.27267
vt 0.68315 0.26060
vt 0.67095 0.26070
vt 0.65575 0.26083
vt 0.63725 0.26098
vt 0.45006 0.49612
vt 0.45006 0.49328
vt 0.45006 0.48814
vt 0.45006 0.48071
vt 0.45006 0.47098
vt 0.45006 0.45895
vt 0.45006 0.44463
vt 0.45006 0.42596
vt 0.45006 0.40273
vt 0.45006 0.37993
vt 0.45006 0.35725
vt 0.45006 0.33702
vt 0.45006 0.31808
vt 0.45006 0.30088
vt 0.45006 0.28708
vt 0.45006 0.27267
vt 0.68188 0.27466
vt 0.66990 0.27238
vt 0.65496 0.26954
vt 0.63679 0.26608
vt 0.43470 0.49612
vt 0.43470 0.49328
vt 0.43470 0.48814
vt 0.43470 0.48071
vt 0.43470 0.47098
vt 0.43470 0.45895
vt 0.43470 0.44463
vt 0.43470 0.42596
vt 0.43470 0.40273
vt 0.43470 0.37993
vt 0.43470 0.35725
vt 0.43470 0.33702
vt 0.43470 0.31808
vt 0.43470 0.30088
vt 0.43470 0.28708
vt 0.43470 0.27267
vt 0.67789 0.28821
vt 0.66659 0.28363
vt 0.65249 0.27793
vt 0.63535 0.27099
vt 0.41934 0.49612
vt 0.41934 0.49328
vt 0.41934 0.48814
vt 0.41934 0.48071
vt 0.41934 0.47098
vt 0.41934 0.45895
vt 0.41934 0.44463
vt 0.41934 0.42596
vt 0.41934 0.40273
vt 0.41934 0.37993
vt 0.41934 0.35725
vt 0.41934 0.33702
vt 0.41934 0.31808
vt 0.41934 0.30088
vt 0.41934 0.28708
vt 0.41934 0.27267
vt 0.67134 0.30071
vt 0.66114 0.29402
vt 0.64843 0.28568
vt 0.63297 0.27553
vt 0.40398 0.49612
vt 0.40398 0.49328
vt 0.40398 0.48814
vt 0.40398 0.48071
vt 0.40398 0.47098
vt 0.40398 0.45895
vt 0.40398 0.44463
vt 0.40398 0.42596
vt 0.40398 0.40273
vt 0.40398 0.37993
vt 0.40398 0.35725
vt 0.40398 0.33702
vt 0.40398 0.31808
vt 0.40398 0.30088
vt 0.40398 0.28708
vt 0.40398 0.27267
vt 0.66247 0.31170
vt 0.65378 0.30315
vt 0.64294 0.29248
vt 0.62975 0.27951
vt 0.16010 0.24758
vt 0.14454 0.24758
vt 0.14454 0.24629
vt 0.16010 0.24629
vt 0.17567 0.24758
vt 0.17567 0.24629
vt 0.19124 0.24758
vt 0.19124 0.24629
vt 0.20680 0.24758
vt 0.20680 0.24629
vt 0.22237 0.24758
vt 0.22237 0.24629
vt 0.23794 0.24758
vt 0.23794 0.24629
vt 0.25350 0.24758
vt 0.25350 0.24629
vt 0.26907 0.24758
vt 0.26907 0.24629
vt 0.28464 0.24758
vt 0.28464 0.24629
vt 0.30020 0.24758
vt 0.30020 0.24629
vt 0.31577 0.24758
vt 0.31577 0.24629
vt 0.33134 0.24758
vt 0.33134 0.24629
vt 0.34691 0.24758
vt 0.34691 0.24629
vt 0.36247 0.24758
vt 0.36247 0.24629
vt 0.37804 0.24758
vt 0.37804 0.24629
vt 0.39361 0.24758
vt 0.39361 0.24629
vt 0.40917 0.24758
vt 0.40917 0.24629
vt 0.42474 0.24758
vt 0.42474 0.24629
vt 0.44031 0.24758
vt 0.44031 0.24629
vt 0.45587 0.24758
vt 0.45587 0.24629
vt 0.47144 0.24758
vt 0.47144 0.24629
vt 0.48701 0.24758
vt 0.48701 0.24629
vt 0.50257 0.24758
vt 0.50257 0.24629
vt 0.51814 0.24758
vt 0.51814 0.24629
vt 0.03557 0.24758
vt 0.02000 0.24758
vt 0.02000 0.24629
vt 0.03557 0.24629
vt 0.05113 0.24758
vt 0.05113 0.24629
vt 0.06670 0.24758
vt 0.06670 0.24629
vt 0.08227 0.24758
vt 0.08227 0.24629
vt 0.09783 0.24758
vt 0.09783 0.24629
vt 0.11340 0.24758
vt 0.11340 0.24629
vt 0.12897 0.24758
vt 0.12897 0.24629
f 1/1 2/2 3/3
f 3/3 4/4 1/1
f 5/5 1/1 4/4
f 4/4 6/6 5/5
f 7/7 5/5 6/6
f 6/6 8/8 7/7
f 9/9 7/7 8/8
f 8/8 10/10 9/9
f 11/11 9/9 10/10
f 10/10 12/12 11/11
f 13/13 11/11 12/12
f 12/12 14/14 13/13
f 15/15 13/13 14/14
f 14/14 16/16 15/15
f 17/17 15/15 16/16
f 16/16 18/18 17/17
f 19/19 17/17 18/18
f 18/18 20/20 19/19
f 21/21 19/19 20/20
f 20/20 22/22 21/21
f 23/23 21/21 22/22
f 22/22 24/24 23/23
f 25/25 23/23 24/24
f 24/24 26/26 25/25
f 27/27 25/25 26/26
f 26/26 28/28 27/27
f 29/29 27/27 28/28
f 28/28 30/30 29/29
f 31/31 29/29 30/30
f 30/30 32/32 31/31
f 33/33 34/34 35/35
f 35/35 36/36 33/33
f 37/37 33/33 36/36
f 36/36 38/38 37/37
f 39/39 37/37 38/38
f 38/38 40/40 39/39
f 40/40 41/41 39/39
f 42/42 43/43 2/2
f 2/2 1/1 42/42
f 44/44 42/42 1/1
f 1/1 5/5 44/44
f 45/45 44/44 5/5
f 5/5 7/7 45/45
f 46/46 45/45 7/7
f 7/7 9/9 46/46
f 47/47 46/46 9/9
f 9/9 11/11 47/47
f 48/48 47/47 11/11
f 11/11 13/13 48/48
f 49/49 48/48 13/13
f 13/13 15/15 49/49
f 50/50 49/49 15/15
f 15/15 17/17 50/50
f 51/51 50/50 17/17
f 17/17 19/19 51/51
f 52/52 51/51 19/19
f 19/19 21/21 52/52
f 53/53 52/52 21/21
f 21/21 23/23 53/53
f 54/54 53/53 23/23
f 23/23 25/25 54/54
f 55/55 54/54 25/25
f 25/25 27/27 55/55
f 56/56 55/55 27/27
f 27/27 29/29 56/56
f 57/57 56/56 29/29
f 29/29 31/31 57/57
f 58/58 59/59 34/34
f 34/34 33/33 58/58
f 60/60 58/58 33/33
f 33/33 37/37 60/60
f 61/61 60/60 37/37
f 37/37 39/39 61/61
f 39/39 41/41 61/61
f 62/62 63/63 43/43
f 43/43 42/42 62/62
f 64/64 62/62 42/42
f 42/42 44/44 64/64
f 65/65 64/64 44/44
f 44/44 45/45 65/65
f 66/66 65/65 45/45
f 45/45 46/46 66/66
f 67/67 66/66 46/46
f 46/46 47/47 67/67
f 68/68 67/67 47/47
f 47/47 48/48 68/68
f 69/69 68/68 48/48
f 48/48 49/49 69/69
f 70/70 69/69 49/49
f 49/49 50/50 70/70
f 71/71 70/70 50/50
f 50/50 51/51 71/71
f 72/72 71/71 51/51
f 51/51 52/52 72/72
f 73/73 72/72 52/52
f 52/52 53/53 73/73
f 74/74 73/73 53/53
f 53/53 54/54 74/74
f 75/75 74/74 54/54
f 54/54 55/55 75/75
f 76/76 75/75 55/55
f 55/55 56/56 76/76
f 77/77 76/76 56/56
f 56/56 57/57 77/77
f 78/78 79/79 59/59
f 59/59 58/58 78/78
f 80/80 78/78 58/58
f 58/58 60/60 80/80
f 81/81 80/80 60/60
f 60/60 61/61 81/81
f 61/61 41/41 81/81
f 82/82 83/83 63/63
f 63/63 62/62 82/82
f 84/84 82/82 62/62
f 62/62 64/64 84/84
f 85/85 84/84 64/64
f 64/64 65/65 85/85
f 86/86 85/85 65/65
f 65/65 66/66 86/86
f 87/87 86/86 66/66
f 66/66 67/67 87/87
f 88/88 87/87 67/67
f 67/67 68/68 88/88
f 89/89 88/88 68/68
f 68/68 69/69 89/89
f 90/90 89/89 69/69
f 69/69 70/70 90/90
f 91/91 90/90 70/70
f 70/70 71/71 91/91
f 92/92 91/91 71/71
f 71/71 72/72 92/92
f 93/93 92/92 72/72
f 72/72 73/73 93/93
f 94/94 93/93 73/73
f 73/73 74/74 94/94
f 95/95 94/94 74/74
f 74/74 75/75 95/95
f 96/96 95/95 75/75
f 75/75 76/76 96/96
f 97/97 96/96 76/76
f 76/76 77/77 97/97
f 98/98 99/99 79/79
f 79/79 78/78 98/98
f 100/100 98/98 78/78
f 78/78 80/80 100/100
f 101/101 100/100 80/80
f 80/80 81/81 101/101
f 81/81 41/41 101/101
f 102/102 103/103 83/83
f 83/83 82/82 102/102
f 104/104 102/102 82/82
f 82/82 84/84 104/104
f 105/105 104/104 84/84
f 84/84 85/85 105/105
f 106/106 105/105 85/85
f 85/85 86/86 106/106
f 107/107 106/106 86/86
f 86/86 87/87 107/107
f 108/108 107/107 87/87
f 87/87 88/88 108/108
f 109/109 108/108 88/88
f 88/88 89/89 109/109
f 110/110 109/109 89/89
f 89/89 90/90 110/110
f 111/111 110/110 90/90
f 90/90 91/91 111/111
f 112/112 111/111 91/91
f 91/91 92/92 112/112
f 113/113 112/112 92/92
f 92/92 93/93 113/113
f 114/114 113/113 93/93
f 93/93 94/94 114/114
f 115/115 114/114 94/94
f 94/94 95/95 115/115
f 116/116 115/115 95/95
f 95/95 96/96 116/116
f 117/117 116/116 96/96
f 96/96 97/97 117/117
f 118/118 119/119 99/99
f 99/99 98/98 118/118
f 120/120 118/118 98/98
f 98/98 100/100 120/120
f 121/121 120/120 100/100
f 100/100 101/101 121/121
f 101/101 41/41 121/121
f 122/122 123/123 103/103
f 103/103 102/102 122/122
f 124/124 122/122 102/102
f 102/102 104/104 124/124
f 125/125 124/124 104/104
f 104/104 105/105 125/125
f 126/126 125/125 105/105
f 105/105 106/106 126/126
f 127/127 126/126 106/106
f 106/106 107/107 127/127
f 128/128 127/127 107/107
f 107/107 108/108 128/128
f 129/129 128/128 108/108
f 108/108 109/109 129/129
f 130/130 129/129 109/109
f 109/109 110/110 130/130
f 131/131 130/130 110/110
f 110/110 111/111 131/131
f 132/132 131/131 111/111
f 111/111 112/112 132/132
f 133/133 132/132 112/112
f 112/112 113/113 133/133
f 134/134 133/133 113/113
f 113/113 114/114 134/134
f 135/135 134/134 114/114
f 114/114 115/115 135/135
f 136/136 135/135 115/115
f 115/115 116/116 136/136
f 137/137 136/136 116/116
f 116/116 117/117 137/137
f 138/138 139/139 119/119
f 119/119 118/118 138/138
f 140/140 138/138 118/118
f 118/118 120/120 140/140
f 141/141 140/140 120/120
f 120/120 121/121 141/141
f 121/121 41/41 141/141
f 142/142 143/143 123/123
f 123/123 122/122 142/142
f 144/144 142/142 122/122
f 122/122 124/124 144/144
f 145/145 144/144 124/124
f 124/124 125/125 145/145
f 146/146 145/145 125/125
f 125/125 126/126 146/146
f 147/147 146/146 126/126
f 126/126 127/127 147/147
f 148/148 147/147 127/127
f 127/127 128/128 148/148
f 149/149 148/148 128/128
f 128/128 129/129 149/149
f 150/150 149/149 129/129
f 129/129 130/130 150/150
f 151/151 150/150 130/130
f 130/130 131/131 151/151
f 152/152 151/151 131/131
f 131/131 132/132 152/152
f 153/153 152/152 132/132
f 132/132 133/133 153/153
f 154/154 153/153 133/133
f 133/133 134/134 154/154
f 155/155 154/154 134/134
f 134/134 135/135 155/155
f 156/156 155/155 135/135
f 135/135 136/136 156/156
f 157/157 156/156 136/136
f 136/136 137/137 157/157
f 158/158 159/159 139/139
f 139/139 138/138 158/158
f 160/160 158/158 138/138
f 138/138 140/140 160/160
f 161/161 160/160 140/140
f 140/140 141/141 161/161
f 141/141 41/41 161/161
f 162/162 163/163 143/143
f 143/143 142/142 162/162
f 164/164 162/162 142/142
f 142/142 144/144 164/164
f 165/165 164/164 144/144
f 144/144 145/145 165/165
f 166/166 165/165 145/145
f 145/145 146/146 166/166
f 167/167 166/166 146/146
f 146/146 147/147 167/167
f 168/168 167/167 147/147
f 147/147 148/148 168/168
f 169/169 168/168 148/148
f 148/148 149/149 169/169
f 170/170 169/169 149/149
f 149/149 150/150 170/170
f 171/171 170/170 150/150
f 150/150 151/151 171/171
f 172/172 171/171 151/151
f 151/151 152/152 172/172
f 173/173 172/172 152/152
f 152/152 153/153 173/173
f 174/174 173/173 153/153
f 153/153 154/154 174/174
f 175/175 174/174 154/154
f 154/154 155/155 175/175
f 176/176 175/175 155/155
f 155/155 156/156 176/176
f 177/177 176/176 156/156
f 156/156 157/157 177/177
f 178/178 179/179 159/159
f 159/159 158/158 178/178
f 180/180 178/178 158/158
f 158/158 160/160 180/180
f 181/181 180/180 160/160
f 160/160 161/161 181/181
f 161/161 41/41 181/181
f 182/182 183/183 163/163
f 163/163 162/162 182/182
f 184/184 182/182 162/162
f 162/162 164/164 184/184
f 185/185 184/184 164/164
f 164/164 165/165 185/185
f 186/186 185/185 165/165
f 165/165 166/166 186/186
f 187/187 186/186 166/166
f 166/166 167/167 187/187
f 188/188 187/187 167/167
f 167/167 168/168 188/188
f 189/189 188/188 168/168
f 168/168 169/169 189/189
f 190/190 189/189 169/169
f 169/169 170/170 190/190
f 191/191 190/190 170/170
f 170/170 171/171 191/191
f 192/192 191/191 171/171
f 171/171 172/172 192/192
f 193/193 192/192 172/172
f 172/172 173/173 193/193
f 194/194 193/193 173/173
f 173/173 174/174 194/194
f 195/195 194/194 174/174
f 174/174 175/175 195/195
f 196/196 195/195 175/175
f 175/175 176/176 196/196
f 197/197 196/196 176/176
f 176/176 177/177 197/197
f 198/198 199/199 179/179
f 179/179 178/178 198/198
f 200/200 198/198 178/178
f 178/178 180/180 200/200
f 201/201 200/200 180/180
f 180/180 181/181 201/201
f 181/181 41/41 201/201
f 202/202 203/203 183/183
f 183/183 182/182 202/202
f 204/204 202/202 182/182
f 182/182 184/184 204/204
f 205/205 204/204 184/184
f 184/184 185/185 205/205
f 206/206 205/205 185/185
f 185/185 186/186 206/206
f 207/207 206/206 186/186
f 186/186 187/187 207/207
f 208/208 207/207 187/187
f 187/187 188/188 208/208
f 209/209 208/208 188/188
f 188/188 189/189 209/209
f 210/210 209/209 189/189
f 189/189 190/190 210/210
f 211/211 210/210 190/190
f 190/190 191/191 211/211
f 212/212 211/211 191/191
f 191/191 192/192 212/212
f 213/213 212/212 192/192
f 192/192 193/193 213/213
f 214/214 213/213 193/193
f 193/193 194/194 214/214
f 215/215 214/214 194/194
f 194/194 195/195 215/215
f 216/216 215/215 195/195
f 195/195 196/196 216/216
f 217/217 216/216 196/196
f 196/196 197/197 217/217
f 218/218 219/219 199/199
f 199/199 198/198 218/218
f 220/220 218/218 198/198
f 198/198 200/200 220/220
f 221/221 220/220 200/200
f 200/200 201/201 221/221
f 201/201 41/41 221/221
f 222/222 223/223 203/203
f 203/203 202/202 222/222
f 224/224 222/222 202/202
f 202/202 204/204 224/224
f 225/225 224/224 204/204
f 204/204 205/205 225/225
f 226/226 225/225 205/205
f 205/205 206/206 226/226
f 227/227 226/226 206/206
f 206/206 207/207 227/227
f 228/228 227/227 207/207
f 207/207 208/208 228/228
f 229/229 228/228 208/208
f 208/208 209/209 229/229
f 230/230 229/229 209/209
f 209/209 210/210 230/230
f 231/231 230/230 210/210
f 210/210 211/211 231/231
f 232/232 231/231 211/211
f 211/211 212/212 232/232
f 233/233 232/232 212/212
f 212/212 213/213 233/233
f 234/234 233/233 213/213
f 213/213 214/214 234/234
f 235/235 234/234 214/214
f 214/214 215/215 235/235
f 236/236 235/235 215/215
f 215/215 216/216 236/236
f 237/237 236/236 216/216
f 216/216 217/217 237/237
f 238/238 239/239 219/219
f 219/219 218/218 238/238
f 240/240 238/238 218/218
f 218/218 220/220 240/240
f 241/241 240/240 220/220
f 220/220 221/221 241/241
f 221/221 41/41 241/241
f 242/242 243/243 223/223
f 223/223 222/222 242/242
f 244/244 242/242 222/222
f 222/222 224/224 244/244
f 245/245 244/244 224/224
f 224/224 225/225 245/245
f 246/246 245/245 225/225
f 225/225 226/226 246/246
f 247/247 246/246 226/226
f 226/226 227/227 247/247
f 248/248 247/247 227/227
f 227/227 228/228 248/248
f 249/249 248/248 228/228
f 228/228 229/229 249/249
f 250/250 249/249 229/229
f 229/229 230/230 250/250
f 251/251 250/250 230/230
f 230/230 231/231 251/251
f 252/252 251/251 231/231
f 231/231 232/232 252/252
f 253/253 252/252 232/232
f 232/232 233/233 253/253
f 254/254 253/253 233/233
f 233/233 234/234 254/254
f 255/255 254/254 234/234
f 234/234 235/235 255/255
f 256/256 255/255 235/235
f 235/235 236/236 256/256
f 257/257 256/256 236/236
f 236/236 237/237 257/257
f 258/258 259/259 239/239
f 239/239 238/238 258/258
f 260/260 258/258 238/238
f 238/238 240/240 260/260
f 261/261 260/260 240/240
f 240/240 241/241 261/261
f 241/241 41/41 261/261
f 262/262 263/263 243/243
f 243/243 242/242 262/262
f 264/264 262/262 242/242
f 242/242 244/244 264/264
f 265/265 264/264 244/244
f 244/244 245/245 265/265
f 266/266 265/265 245/245
f 245/245 246/246 266/266
f 267/267 266/266 246/246
f 246/246 247/247 267/267
f 268/268 267/267 247/247
f 247/247 248/248 268/268
f 269/269 268/268 248/248
f 248/248 249/249 269/269
f 270/270 269/269 249/249
f 249/249 250/250 270/270
f 271/271 270/270 250/250
f 250/250 251/251 271/271
f 272/272 271/271 251/251
f 251/251 252/252 272/272
f 273/273 272/272 252/252
f 252/252 253/253 273/273
f 274/274 273/273 253/253
f 253/253 254/254 274/274
f 275/275 274/274 254/254
f 254/254 255/255 275/275
f 276/276 275/275 255/255
f 255/255 256/256 276/276
f 277/277 276/276 256/256
f 256/256 257/257 277/277
f 278/278 279/279 259/259
f 259/259 258/258 278/278
f 280/280 278/278 258/258
f 258/258 260/260 280/280
f 281/281 280/280 260/260
f 260/260 261/261 281/281
f 261/261 41/41 281/281
f 282/282 283/283 263/263
f 263/263 262/262 282/282
f 284/284 282/282 262/262
f 262/262 264/264 284/284
f 285/285 284/284 264/264
f 264/264 265/265 285/285
f 286/286 285/285 265/265
f 265/265 266/266 286/286
f 287/287 286/286 266/266
f 266/266 267/267 287/287
f 288/288 287/287 267/267
f 267/267 268/268 288/288
f 289/289 288/288 268/268
f 268/268 269/269 289/289
f 290/290 289/289 269/269
f 269/269 270/270 290/290
f 291/291 290/290 270/270
f 270/270 271/271 291/291
f 292/292 291/291 271/271
f 271/271 272/272 292/292
f 293/293 292/292 272/272
f 272/272 273/273 293/293
f 294/294 293/293 273/273
f 273/273 274/274 294/294
f 295/295 294/294 274/274
f 274/274 275/275 295/295
f 296/296 295/295 275/275
f 275/275 276/276 296/296
f 297/297 296/296 276/276
f 276/276 277/277 297/297
f 298/298 299/299 279/279
f 279/279 278/278 298/298
f 300/300 298/298 278/278
f 278/278 280/280 300/300
f 301/301 300/300 280/280
f 280/280 281/281 301/301
f 281/281 41/41 301/301
f 302/302 303/303 283/283
f 283/283 282/282 302/302
f 304/304 302/302 282/282
f 282/282 284/284 304/304
f 305/305 304/304 284/284
f 284/284 285/285 305/305
f 306/306 305/305 285/285
f 285/285 286/286 306/306
f 307/307 306/306 286/286
f 286/286 287/287 307/307
f 308/308 307/307 287/287
f 287/287 288/288 308/308
f 309/309 308/308 288/288
f 288/288 289/289 309/309
f 310/310 309/309 289/289
f 289/289 290/290 310/310
f 311/311 310/310 290/290
f 290/290 291/291 311/311
f 312/312 311/311 291/291
f 291/291 292/292 312/312
f 313/313 312/312 292/292
f 292/292 293/293 313/313
f 314/314 313/313 293/293
f 293/293 294/294 314/314
f 315/315 314/314 294/294
f 294/294 295/295 315/315
f 316/316 315/315 295/295
f 295/295 296/296 316/316
f 317/317 316/316 296/296
f 296/296 297/297 317/317
f 318/318 319/319 299/299
f 299/299 298/298 318/318
f 320/320 318/318 298/298
f 298/298 300/300 320/320
f 321/321 320/320 300/300
f 300/300 301/301 321/321
f 301/301 41/41 321/321
f 322/322 323/323 303/303
f 303/303 302/302 322/322
f 324/324 322/322 302/302
f 302/302 304/304 324/324
f 325/325 324/324 304/304
f 304/304 305/305 325/325
f 326/326 325/325 305/305
f 305/305 306/306 326/326
f 327/327 326/326 306/306
f 306/306 307/307 327/327
f 328/328 327/327 307/307
f 307/307 308/308 328/328
f 329/329 328/328 308/308
f 308/308 309/309 329/329
f 330/330 329/329 309/309
f 309/309 310/310 330/330
f 331/331 330/330 310/310
f 310/310 311/311 331/331
f 332/332 331/331 311/311
f 311/311 312/312 332/332
f 333/333 332/332 312/312
f 312/312 313/313 333/333
f 334/334 333/333 313/313
f 313/313 314/314 334/334
f 335/335 334/334 314/314
f 314/314 315/315 335/335
f 336/336 335/335 315/315
f 315/315 316/316 336/336
f 337/337 336/336 316/316
f 316/316 317/317 337/337
f 338/338 339/339 319/319
f 319/319 318/318 338/338
f 340/340 338/338 318/318
f 318/318 320/320 340/340
f 341/341 340/340 320/320
f 320/320 321/321 341/341
f 321/321 41/41 341/341
f 342/342 343/343 323/323
f 323/323 322/322 342/342
f 344/344 342/342 322/322
f 322/322 324/324 344/344
f 345/345 344/344 324/324
f 324/324 325/325 345/345
f 346/346 345/345 325/325
f 325/325 326/326 346/346
f 347/347 346/346 326/326
f 326/326 327/327 347/347
f 348/348 347/347 327/327
f 327/327 328/328 348/348
f 349/349 348/348 328/328
f 328/328 329/329 349/349
f 350/350 349/349 329/329
f 329/329 330/330 350/350
f 351/351 350/350 330/330
f 330/330 331/331 351/351
f 352/352 351/351 331/331
f 331/331 332/332 352/352
f 353/353 352/352 332/332
f 332/332 333/333 353/353
f 354/354 353/353 333/333
f 333/333 334/334 354/354
f 355/355 354/354 334/334
f 334/334 335/335 355/355
f 356/356 355/355 335/335
f 335/335 336/336 356/356
f 357/357 356/356 336/336
f 336/336 337/337 357/357
f 358/358 359/359 339/339
f 339/339 338/338 358/358
f 360/360 358/358 338/338
f 338/338 340/340 360/360
f 361/361 360/360 340/340
f 340/340 341/341 361/361
f 341/341 41/41 361/361
f 362/362 363/363 343/343
f 343/343 342/342 362/362
f 364/364 362/362 342/342
f 342/342 344/344 364/364
f 365/365 364/364 344/344
f 344/344 345/345 365/365
f 366/366 365/365 345/345
f 345/345 346/346 366/366
f 367/367 366/366 346/346
f 346/346 347/347 367/367
f 368/368 367/367 347/347
f 347/347 348/348 368/368
f 369/369 368/368 348/348
f 348/348 349/349 369/369
f 370/370 369/369 349/349
f 349/349 350/350 370/370
f 371/371 370/370 350/350
f 350/350 351/351 371/371
f 372/372 371/371 351/351
f 351/351 352/352 372/372
f 373/373 372/372 352/352
f 352/352 353/353 373/373
f 374/374 373/373 353/353
f 353/353 354/354 374/374
f 375/375 374/374 354/354
f 354/354 355/355 375/375
f 376/376 375/375 355/355
f 355/355 356/356 376/376
f 377/377 376/376 356/356
f 356/356 357/357 377/377
f 378/378 379/379 359/359
f 359/359 358/358 378/378
f 380/380 378/378 358/358
f 358/358 360/360 380/380
f 381/381 380/380 360/360
f 360/360 361/361 381/381
f 361/361 41/41 381/381
f 382/382 383/383 363/363
f 363/363 362/362 382/382
f 384/384 382/382 362/362
f 362/362 364/364 384/384
f 385/385 384/384 364/364
f 364/364 365/365 385/385
f 386/386 385/385 365/365
f 365/365 366/366 386/386
f 387/387 386/386 366/366
f 366/366 367/367 387/387
f 388/388 387/387 367/367
f 367/367 368/368 388/388
f 389/389 388/388 368/368
f 368/368 369/369 389/389
f 390/390 389/389 369/369
f 369/369 370/370 390/390
f 391/391 390/390 370/370
f 370/370 371/371 391/391
f 392/392 391/391 371/371
f 371/371 372/372 392/392
f 393/393 392/392 372/372
f 372/372 373/373 393/393
f 394/394 393/393 373/373
f 373/373 374/374 394/394
f 395/395 394/394 374/374
f 374/374 375/375 395/395
f 396/396 395/395 375/375
f 375/375 376/376 396/396
f 397/397 396/396 376/376
f 376/376 377/377 397/397
f 398/398 399/399 379/379
f 379/379 378/378 398/398
f 400/400 398/398 378/378
f 378/378 380/380 400/400
f 401/401 400/400 380/380
f 380/380 381/381 401/401
f 381/381 41/41 401/401
f 402/402 403/403 383/383
f 383/383 382/382 402/402
f 404/404 402/402 382/382
f 382/382 384/384 404/404
f 405/405 404/404 384/384
f 384/384 385/385 405/405
f 406/406 405/405 385/385
f 385/385 386/386 406/406
f 407/407 406/406 386/386
f 386/386 387/387 407/407
f 408/408 407/407 387/387
f 387/387 388/388 408/408
f 409/409 408/408 388/388
f 388/388 389/389 409/409
f 410/410 409/409 389/389
f 389/389 390/390 410/410
f 411/411 410/410 390/390
f 390/390 391/391 411/411
f 412/412 411/411 391/391
f 391/391 392/392 412/412
f 413/413 412/412 392/392
f 392/392 393/393 413/413
f 414/414 413/413 393/393
f 393/393 394/394 414/414
f 415/415 414/414 394/394
f 394/394 395/395 415/415
f 416/416 415/415 395/395
f 395/395 396/396 416/416
f 417/417 416/416 396/396
f 396/396 397/397 417/417
f 418/418 419/419 399/399
f 399/399 398/398 418/418
f 420/420 418/418 398/398
f 398/398 400/400 420/420
f 421/421 420/420 400/400
f 400/400 401/401 421/421
f 401/401 41/41 421/421
f 422/422 423/423 403/403
f 403/403 402/402 422/422
f 424/424 422/422 402/402
f 402/402 404/404 424/424
f 425/425 424/424 404/404
f 404/404 405/405 425/425
f 426/426 425/425 405/405
f 405/405 406/406 426/426
f 427/427 426/426 406/406
f 406/406 407/407 427/427
f 428/428 427/427 407/407
f 407/407 408/408 428/428
f 429/429 428/428 408/408
f 408/408 409/409 429/429
f 430/430 429/429 409/409
f 409/409 410/410 430/430
f 431/431 430/430 410/410
f 410/410 411/411 431/431
f 432/432 431/431 411/411
f 411/411 412/412 432/432
f 433/433 432/432 412/412
f 412/412 413/413 433/433
f 434/434 433/433 413/413
f 413/413 414/414 434/434
f 435/435 434/434 414/414
f 414/414 415/415 435/435
f 436/436 435/435 415/415
f 415/415 416/416 436/436
f 437/437 436/436 416/416
f 416/416 417/417 437/437
f 438/438 439/439 419/419
f 419/419 418/418 438/438
f 440/440 438/438 418/418
f 418/418 420/420 440/440
f 441/441 440/440 420/420
f 420/420 421/421 441/441
f 421/421 41/41 441/441
f 442/442 443/443 423/423
f 423/423 422/422 442/442
f 444/444 442/442 422/422
f 422/422 424/424 444/444
f 445/445 444/444 424/424
f 424/424 425/425 445/445
f 446/446 445/445 425/425
f 425/425 426/426 446/446
f 447/447 446/446 426/426
f 426/426 427/427 447/447
f 448/448 447/447 427/427
f 427/427 428/428 448/448
f 449/449 448/448 428/428
f 428/428 429/429 449/449
f 450/450 449/449 429/429
f 429/429 430/430 450/450
f 451/451 450/450 430/430
f 430/430 431/431 451/451
f 452/452 451/451 431/431
f 431/431 432/432 452/452
f 453/453 452/452 432/432
f 432/432 433/433 453/453
f 454/454 453/453 433/433
f 433/433 434/434 454/454
f 455/455 454/454 434/434
f 434/434 435/435 455/455
f 456/456 455/455 435/435
f 435/435 436/436 456/456
f 457/457 456/456 436/436
f 436/436 437/437 457/457
f 458/458 459/459 439/439
f 439/439 438/438 458/458
f 460/460 458/458 438/438
f 438/438 440/440 460/460
f 461/461 460/460 440/440
f 440/440 441/441 461/461
f 441/441 41/41 461/461
f 462/462 463/463 443/443
f 443/443 442/442 462/462
f 464/464 462/462 442/442
f 442/442 444/444 464/464
f 465/465 464/464 444/444
f 444/444 445/445 465/465
f 466/466 465/465 445/445
f 445/445 446/446 466/466
f 467/467 466/466 446/446
f 446/446 447/447 467/467
f 468/468 467/467 447/447
f 447/447 448/448 468/468
f 469/469 468/468 448/448
f 448/448 449/449 469/469
f 470/470 469/469 449/449
f 449/449 450/450 470/470
f 471/471 470/470 450/450
f 450/450 451/451 471/471
f 472/472 471/471 451/451
f 451/451 452/452 472/472
f 473/473 472/472 452/452
f 452/452 453/453 473/473
f 474/474 473/473 453/453
f 453/453 454/454 474/474
f 475/475 474/474 454/454
f 454/454 455/455 475/475
f 476/476 475/475 455/455
f 455/455 456/456 476/476
f 477/477 476/476 456/456
f 456/456 457/457 477/477
f 478/478 479/479 459/459
f 459/459 458/458 478/478
f 480/480 478/478 458/458
f 458/458 460/460 480/480
f 481/481 480/480 460/460
f 460/460 461/461 481/481
f 461/461 41/41 481/481
f 482/482 483/483 463/463
f 463/463 462/462 482/482
f 484/484 482/482 462/462
f 462/462 464/464 484/484
f 485/485 484/484 464/464
f 464/464 465/465 485/485
f 486/486 485/485 465/465
f 465/465 466/466 486/486
f 487/487 486/486 466/466
f 466/466 467/467 487/487
f 488/488 487/487 467/467
f 467/467 468/468 488/488
f 489/489 488/488 468/468
f 468/468 469/469 489/489
f 490/490 489/489 469/469
f 469/469 470/470 490/490
f 491/491 490/490 470/470
f 470/470 471/471 491/491
f 492/492 491/491 471/471
f 471/471 472/472 492/492
f 493/493 492/492 472/472
f 472/472 473/473 493/493
f 494/494 493/493 473/473
f 473/473 474/474 494/494
f 495/495 494/494 474/474
f 474/474 475/475 495/495
f 496/496 495/495 475/475
f 475/475 476/476 496/496
f 497/497 496/496 476/476
f 476/476 477/477 497/497
f 498/498 499/499 479/479
f 479/479 478/478 498/498
f 500/500 498/498 478/478
f 478/478 480/480 500/500
f 501/501 500/500 480/480
f 480/480 481/481 501/501
f 481/481 41/41 501/501
f 502/502 503/503 504/504
f 504/504 505/505 502/502
f 506/506 502/502 505/505
f 505/505 507/507 506/506
f 508/508 506/506 507/507
f 507/507 509/509 508/508
f 510/510 508/508 509/509
f 509/509 511/511 510/510
f 512/512 510/510 511/511
f 511/511 513/513 512/512
f 514/514 512/512 513/513
f 513/513 515/515 514/514
f 516/516 514/514 515/515
f 515/515 517/517 516/516
f 518/518 516/516 517/517
f 517/517 519/519 518/518
f 520/520 518/518 519/519
f 519/519 521/521 520/520
f 522/522 520/520 521/521
f 521/521 523/523 522/522
f 524/524 522/522 523/523
f 523/523 525/525 524/524
f 526/526 524/524 525/525
f 525/525 527/527 526/526
f 528/528 526/526 527/527
f 527/527 529/529 528/528
f 530/530 528/528 529/529
f 529/529 531/531 530/530
f 532/532 530/530 531/531
f 531/531 533/533 532/532
f 534/534 535/535 499/499
f 499/499 498/498 534/534
f 536/536 534/534 498/498
f 498/498 500/500 536/536
f 537/537 536/536 500/500
f 500/500 501/501 537/537
f 501/501 41/41 537/537
f 538/538 539/539 503/503
f 503/503 502/502 538/538
f 540/540 538/538 502/502
f 502/502 506/506 540/540
f 541/541 540/540 506/506
f 506/506 508/508 541/541
f 542/542 541/541 508/508
f 508/508 510/510 542/542
f 543/543 542/542 510/510
f 510/510 512/512 543/543
f 544/544 543/543 512/512
f 512/512 514/514 544/544
f 545/545 544/544 514/514
f 514/514 516/516 545/545
f 546/546 545/545 516/516
f 516/516 518/518 546/546
f 547/547 546/546 518/518
f 518/518 520/520 547/547
f 548/548 547/547 520/520
f 520/520 522/522 548/548
f 549/549 548/548 522/522
f 522/522 524/524 549/549
f 550/550 549/549 524/524
f 524/524 526/526 550/550
f 551/551 550/550 526/526
f 526/526 528/528 551/551
f 552/552 551/551 528/528
f 528/528 530/530 552/552
f 553/553 552/552 530/530
f 530/530 532/532 553/553
f 554/554 555/555 535/535
f 535/535 534/534 554/554
f 556/556 554/554 534/534
f 534/534 536/536 556/556
f 557/557 556/556 536/536
f 536/536 537/537 557/557
f 537/537 41/41 557/557
f 558/558 559/559 539/539
f 539/539 538/538 558/558
f 560/560 558/558 538/538
f 538/538 540/540 560/560
f 561/561 560/560 540/540
f 540/540 541/541 561/561
f 562/562 561/561 541/541
f 541/541 542/542 562/562
f 563/563 562/562 542/542
f 542/542 543/543 563/563
f 564/564 563/563 543/543
f 543/543 544/544 564/564
f 565/565 564/564 544/544
f 544/544 545/545 565/565
f 566/566 565/565 545/545
f 545/545 546/546 566/566
f 567/567 566/566 546/546
f 546/546 547/547 567/567
f 568/568 567/567 547/547
f 547/547 548/548 568/568
f 569/569 568/568 548/548
f 548/548 549/549 569/569
f 570/570 569/569 549/549
f 549/549 550/550 570/570
f 571/571 570/570 550/550
f 550/550 551/551 571/571
f 572/572 571/571 551/551
f 551/551 552/552 572/572
f 573/573 572/572 552/552
f 552/552 553/553 573/573
f 574/574 575/575 555/555
f 555/555 554/554 574/574
f 576/576 574/574 554/554
f 554/554 556/556 576/576
f 577/577 576/576 556/556
f 556/556 557/557 577/577
f 557/557 41/41 577/577
f 578/578 579/579 559/559
f 559/559 558/558 578/578
f 580/580 578/578 558/558
f 558/558 560/560 580/580
f 581/581 580/580 560/560
f 560/560 561/561 581/581
f 582/582 581/581 561/561
f 561/561 562/562 582/582
f 583/583 582/582 562/562
f 562/562 563/563 583/583
f 584/584 583/583 563/563
f 563/563 564/564 584/584
f 585/585 584/584 564/564
f 564/564 565/565 585/585
f 586/586 585/585 565/565
f 565/565 566/566 586/586
f 587/587 586/586 566/566
f 566/566 567/567 587/587
f 588/588 587/587 567/567
f 567/567 568/568 588/588
f 589/589 588/588 568/568
f 568/568 569/569 589/589
f 590/590 589/589 569/569
f 569/569 570/570 590/590
f 591/591 590/590 570/570
f 570/570 571/571 591/591
f 592/592 591/591 571/571
f 571/571 572/572 592/592
f 593/593 592/592 572/572
f 572/572 573/573 593/593
f 594/594 595/595 575/575
f 575/575 574/574 594/594
f 596/596 594/594 574/574
f 574/574 576/576 596/596
f 597/597 596/596 576/576
f 576/576 577/577 597/597
f 577/577 41/41 597/597
f 598/598 599/599 579/579
f 579/579 578/578 598/598
f 600/600 598/598 578/578
f 578/578 580/580 600/600
f 601/601 600/600 580/580
f 580/580 581/581 601/601
f 602/602 601/601 581/581
f 581/581 582/582 602/602
f 603/603 602/602 582/582
f 582/582 583/583 603/603
f 604/604 603/603 583/583
f 583/583 584/584 604/604
f 605/605 604/604 584/584
f 584/584 585/585 605/605
f 606/606 605/605 585/585
f 585/585 586/586 606/606
f 607/607 606/606 586/586
f 586/586 587/587 607/607
f 608/608 607/607 587/587
f 587/587 588/588 608/608
f 609/609 608/608 588/588
f 588/588 589/589 609/609
f 610/610 609/609 589/589
f 589/589 590/590 610/610
f 611/611 610/610 590/590
f 590/590 591/591 611/611
f 612/612 611/611 591/591
f 591/591 592/592 612/612
f 613/613 612/612 592/592
f 592/592 593/593 613/613
f 614/614 615/615 595/595
f 595/595 594/594 614/614
f 616/616 614/614 594/594
f 594/594 596/596 616/616
f 617/617 616/616 596/596
f 596/596 597/597 617/617
f 597/597 41/41 617/617
f 618/618 619/619 599/599
f 599/599 598/598 618/618
f 620/620 618/618 598/598
f 598/598 600/600 620/620
f 621/621 620/620 600/600
f 600/600 601/601 621/621
f 622/622 621/621 601/601
f 601/601 602/602 622/622
f 623/623 622/622 602/602
f 602/602 603/603 623/623
f 624/624 623/623 603/603
f 603/603 604/604 624/624
f 625/625 624/624 604/604
f 604/604 605/605 625/625
f 626/626 625/625 605/605
f 605/605 606/606 626/626
f 627/627 626/626 606/606
f 606/606 607/607 627/627
f 628/628 627/627 607/607
f 607/607 608/608 628/628
f 629/629 628/628 608/608
f 608/608 609/609 629/629
f 630/630 629/629 609/609
f 609/609 610/610 630/630
f 631/631 630/630 610/610
f 610/610 611/611 631/631
f 632/632 631/631 611/611
f 611/611 612/612 632/632
f 633/633 632/632 612/612
f 612/612 613/613 633/633
f 634/634 635/635 615/615
f 615/615 614/614 634/634
f 636/636 634/634 614/614
f 614/614 616/616 636/636
f 637/637 636/636 616/616
f 616/616 617/617 637/637
f 617/617 41/41 637/637
f 638/638 639/639 619/619
f 619/619 618/618 638/638
f 640/640 638/638 618/618
f 618/618 620/620 640/640
f 641/641 640/640 620/620
f 620/620 621/621 641/641
f 642/642 641/641 621/621
f 621/621 622/622 642/642
f 643/643 642/642 622/622
f 622/622 623/623 643/643
f 644/644 643/643 623/623
f 623/623 624/624 644/644
f 645/645 644/644 624/624
f 624/624 625/625 645/645
f 646/646 645/645 625/625
f 625/625 626/626 646/646
f 647/647 646/646 626/626
f 626/626 627/627 647/647
f 648/648 647/647 627/627
f 627/627 628/628 648/648
f 649/649 648/648 628/628
f 628/628 629/629 649/649
f 650/650 649/649 629/629
f 629/629 630/630 650/650
f 651/651 650/650 630/630
f 630/630 631/631 651/651
f 652/652 651/651 631/631
f 631/631 632/632 652/652
f 653/653 652/652 632/632
f 632/632 633/633 653/653
f 654/654 655/655 635/635
f 635/635 634/634 654/654
f 656/656 654/654 634/634
f 634/634 636/636 656/656
f 657/657 656/656 636/636
f 636/636 637/637 657/657
f 637/637 41/41 657/657
f 4/4 3/3 639/639
f 639/639 638/638 4/4
f 6/6 4/4 638/638
f 638/638 640/640 6/6
f 8/8 6/6 640/640
f 640/640 641/641 8/8
f 10/10 8/8 641/641
f 641/641 642/642 10/10
f 12/12 10/10 642/642
f 642/642 643/643 12/12
f 14/14 12/12 643/643
f 643/643 644/644 14/14
f 16/16 14/14 644/644
f 644/644 645/645 16/16
f 18/18 16/16 645/645
f 645/645 646/646 18/18
f 20/20 18/18 646/646
f 646/646 647/647 20/20
f 22/22 20/20 647/647
f 647/647 648/648 22/22
f 24/24 22/22 648/648
f 648/648 649/649 24/24
f 26/26 24/24 649/649
f 649/649 650/650 26/26
f 28/28 26/26 650/650
f 650/650 651/651 28/28
f 30/30 28/28 651/651
f 651/651 652/652 30/30
f 32/32 30/30 652/652
f 652/652 653/653 32/32
f 36/36 35/35 655/655
f 655/655 654/654 36/36
f 38/38 36/36 654/654
f 654/654 656/656 38/38
f 40/40 38/38 656/656
f 656/656 657/657 40/40
f 657/657 41/41 40/40
f 658/658 659/659 660/660
f 660/660 661/661 658/658
f 661/661 660/660 662/662
f 662/662 663/663 661/661
f 663/663 662/662 664/664
f 664/664 665/665 663/663
f 665/665 664/664 666/666
f 666/666 667/667 665/665
f 667/667 666/666 668/668
f 668/668 669/669 667/667
f 669/669 668/668 670/670
f 670/670 671/671 669/669
f 671/671 670/670 672/672
f 672/672 673/673 671/671
f 673/673 672/672 674/674
f 674/674 675/675 673/673
f 675/675 674/674 676/676
f 676/676 677/677 675/675
f 677/677 676/676 678/678
f 678/678 679/679 677/677
f 679/679 678/678 680/680
f 680/680 681/681 679/679
f 681/681 680/680 682/682
f 682/682 683/683 681/681
f 683/683 682/682 684/684
f 684/684 685/685 683/683
f 685/685 684/684 686/686
f 686/686 687/687 685/685
f 687/687 686/686 688/688
f 688/688 689/689 687/687
f 690/690 691/691 692/692
f 692/692 693/693 690/690
f 693/693 692/692 694/694
f 694/694 695/695 693/693
f 695/695 694/694 696/696
f 696/696 697/697 695/695
f 696/696 698/698 697/697
f 659/659 699/699 700/700
f 700/700 660/660 659/659
f 660/660 700/700 701/701
f 701/701 662/662 660/660
f 662/662 701/701 702/702
f 702/702 664/664 662/662
f 664/664 702/702 703/703
f 703/703 666/666 664/664
f 666/666 703/703 704/704
f 704/704 668/668 666/666
f 668/668 704/704 705/705
f 705/705 670/670 668/668
f 670/670 705/705 706/706
f 706/706 672/672 670/670
f 672/672 706/706 707/707
f 707/707 674/674 672/672
f 674/674 707/707 708/708
f 708/708 676/676 674/674
f 676/676 708/708 709/709
f 709/709 678/678 676/676
f 678/678 709/709 710/710
f 710/710 680/680 678/678
f 680/680 710/710 711/711
f 711/711 682/682 680/680
f 682/682 711/711 712/712
f 712/712 684/684 682/682
f 684/684 712/712 713/713
f 713/713 686/686 684/684
f 686/686 713/713 714/714
f 714/714 688/688 686/686
f 691/691 715/715 716/716
f 716/716 692/692 691/691
f 692/692 716/716 717/717
f 717/717 694/694 692/692
f 694/694 717/717 718/718
f 718/718 696/696 694/694
f 718/718 698/698 696/696
f 699/699 719/719 720/720
f 720/720 700/700 699/699
f 700/700 720/720 721/721
f 721/721 701/701 700/700
f 701/701 721/721 722/722
f 722/722 702/702 701/701
f 702/702 722/722 723/723
f 723/723 703/703 702/702
f 703/703 723/723 724/724
f 724/724 704/704 703/703
f 704/704 724/724 725/725
f 725/725 705/705 704/704
f 705/705 725/725 726/726
f 726/726 706/706 705/705
f 706/706 726/726 727/727
f 727/727 707/707 706/706
f 707/707 727/727 728/728
f 728/728 708/708 707/707
f 708/708 728/728 729/729
f 729/729 709/709 708/708
f 709/709 729/729 730/730
f 730/730 710/710 709/709
f 710/710 730/730 731/731
f 731/731 711/711 710/710
f 711/711 731/731 732/732
f 732/732 712/712 711/711
f 712/712 732/732 733/733
f 733/733 713/713 712/712
f 713/713 733/733 734/734
f 734/734 714/714 713/713
f 715/715 735/735 736/736
f 736/736 716/716 715/715
f 716/716 736/736 737/737
f 737/737 717/717 716/716
f 717/717 737/737 738/738
f 738/738 718/718 717/717
f 738/738 698/698 718/718
f 719/719 739/739 740/740
f 740/740 720/720 719/719
f 720/720 740/740 741/741
f 741/741 721/721 720/720
f 721/721 741/741 742/742
f 742/742 722/722 721/721
f 722/722 742/742 743/743
f 743/743 723/723 722/722
f 723/723 743/743 744/744
f 744/744 724/724 723/723
f 724/724 744/744 745/745
f 745/745 725/725 724/724
f 725/725 745/745 746/746
f 746/746 726/726 725/725
f 726/726 746/746 747/747
f 747/747 727/727 726/726
f 727/727 747/747 748/748
f 748/748 728/728 727/727
f 728/728 748/748 749/749
f 749/749 729/729 728/728
f 729/729 749/749 750/750
f 750/750 730/730 729/729
f 730/730 750/750 751/751
f 751/751 731/731 730/730
f 731/731 751/751 752/752
f 752/752 732/732 731/731
f 732/732 752/752 753/753
f 753/753 733/733 732/732
f 733/733 753/753 754/754
f 754/754 734/734 733/733
f 735/735 755/755 756/756
f 756/756 736/736 735/735
f 736/736 756/756 757/757
f 757/757 737/737 736/736
f 737/737 757/757 758/758
f 758/758 738/738 737/737
f 758/758 698/698 738/738
f 739/739 759/759 760/760
f 760/760 740/740 739/739
f 740/740 760/760 761/761
f 761/761 741/741 740/740
f 741/741 761/761 762/762
f 762/762 742/742 741/741
f 742/742 762/762 763/763
f 763/763 743/743 742/742
f 743/743 763/763 764/764
f 764/764 744/744 743/743
f 744/744 764/764 765/765
f 765/765 745/745 744/744
f 745/745 765/765 766/766
f 766/766 746/746 745/745
f 746/746 766/766 767/767
f 767/767 747/747 746/746
f 747/747 767/767 768/768
f 768/768 748/748 747/747
f 748/748 768/768 769/769
f 769/769 749/749 748/748
f 749/749 769/769 770/770
f 770/770 750/750 749/749
f 750/750 770/770 771/771
f 771/771 751/751 750/750
f 751/751 771/771 772/772
f 772/772 752/752 751/751
f 752/752 772/772 773/773
f 773/773 753/753 752/752
f 753/753 773/773 774/774
f 774/774 754/754 753/753
f 755/755 775/775 776/776
f 776/776 756/756 755/755
f 756/756 776/776 777/777
f 777/777 757/757 756/756
f 757/757 777/777 778/778
f 778/778 758/758 757/757
f 778/778 698/698 758/758
f 759/759 779/779 780/780
f 780/780 760/760 759/759
f 760/760 780/780 781/781
f 781/781 761/761 760/760
f 761/761 781/781 782/782
f 782/782 762/762 761/761
f 762/762 782/782 783/783
f 783/783 763/763 762/762
f 763/763 783/783 784/784
f 784/784 764/764 763/763
f 764/764 784/784 785/785
f 785/785 765/765 764/764
f 765/765 785/785 786/786
f 786/786 766/766 765/765
f 766/766 786/786 787/787
f 787/787 767/767 766/766
f 767/767 787/787 788/788
f 788/788 768/768 767/767
f 768/768 788/788 789/789
f 789/789 769/769 768/768
f 769/769 789/789 790/790
f 790/790 770/770 769/769
f 770/770 790/790 791/791
f 791/791 771/771 770/770
f 771/771 791/791 792/792
f 792/792 772/772 771/771
f 772/772 792/792 793/793
f 793/793 773/773 772/772
f 773/773 793/793 794/794
f 794/794 774/774 773/773
f 775/775 795/795 796/796
f 796/796 776/776 775/775
f 776/776 796/796 797/797
f 797/797 777/777 776/776
f 777/777 797/797 798/798
f 798/798 778/778 777/777
f 798/798 698/698 778/778
f 779/779 799/799 800/800
f 800/800 780/780 779/779
f 780/780 800/800 801/801
f 801/801 781/781 780/780
f 781/781 801/801 802/802
f 802/802 782/782 781/781
f 782/782 802/802 803/803
f 803/803 783/783 782/782
f 783/783 803/803 804/804
f 804/804 784/784 783/783
f 784/784 804/804 805/805
f 805/805 785/785 784/784
f 785/785 805/805 806/806
f 806/806 786/786 785/785
f 786/786 806/806 807/807
f 807/807 787/787 786/786
f 787/787 807/807 808/808
f 808/808 788/788 787/787
f 788/788 808/808 809/809
f 809/809 789/789 788/788
f 789/789 809/809 810/810
f 810/810 790/790 789/789
f 790/790 810/810 811/811
f 811/811 791/791 790/790
f 791/791 811/811 812/812
f 812/812 792/792 791/791
f 792/792 812/812 813/813
f 813/813 793/793 792/792
f 793/793 813/813 814/814
f 814/814 794/794 793/793
f 795/795 815/815 816/816
f 816/816 796/796 795/795
f 796/796 816/816 817/817
f 817/817 797/797 796/796
f 797/797 817/817 818/818
f 818/818 798/798 797/797
f 818/818 698/698 798/798
f 799/799 819/819 820/820
f 820/820 800/800 799/799
f 800/800 820/820 821/821
f 821/821 801/801 800/800
f 801/801 821/821 822/822
f 822/822 802/802 801/801
f 802/802 822/822 823/823
f 823/823 803/803 802/802
f 803/803 823/823 824/824
f 824/824 804/804 803/803
f 804/804 824/824 825/825
f 825/825 805/805 804/804
f 805/805 825/825 826/826
f 826/826 806/806 805/805
f 806/806 826/826 827/827
f 827/827 807/807 806/806
f 807/807 827/827 828/828
f 828/828 808/808 807/807
f 808/808 828/828 829/829
f 829/829 809/809 808/808
f 809/809 829/829 830/830
f 830/830 810/810 809/809
f 810/810 830/830 831/831
f 831/831 811/811 810/810
f 811/811 831/831 832/832
f 832/832 812/812 811/811
f 812/812 832/832 833/833
f 833/833 813/813 812/812
f 813/813 833/833 834/834
f 834/834 814/814 813/813
f 815/815 835/835 836/836
f 836/836 816/816 815/815
f 816/816 836/836 837/837
f 837/837 817/817 816/816
f 817/817 837/837 838/838
f 838/838 818/818 817/817
f 838/838 698/698 818/818
f 819/819 839/839 840/840
f 840/840 820/820 819/819
f 820/820 840/840 841/841
f 841/841 821/821 820/820
f 821/821 841/841 842/842
f 842/842 822/822 821/821
f 822/822 842/842 843/843
f 843/843 823/823 822/822
f 823/823 843/843 844/844
f 844/844 824/824 823/823
f 824/824 844/844 845/845
f 845/845 825/825 824/824
f 825/825 845/845 846/846
f 846/846 826/826 825/825
f 826/826 846/846 847/847
f 847/847 827/827 826/826
f 827/827 847/847 848/848
f 848/848 828/828 827/827
f 828/828 848/848 849/849
f 849/849 829/829 828/828
f 829/829 849/849 850/850
f 850/850 830/830 829/829
f 830/830 850/850 851/851
f 851/851 831/831 830/830
f 831/831 851/851 852/852
f 852/852 832/832 831/831
f 832/832 852/852 853/853
f 853/853 833/833 832/832
f 833/833 853/853 854/854
f 854/854 834/834 833/833
f 835/835 855/855 856/856
f 856/856 836/836 835/835
f 836/836 856/856 857/857
f 857/857 837/837 836/836
f 837/837 857/857 858/858
f 858/858 838/838 837/837
f 858/858 698/698 838/838
f 839/839 859/859 860/860
f 860/860 840/840 839/839
f 840/840 860/860 861/861
f 861/861 841/841 840/840
f 841/841 861/861 862/862
f 862/862 842/842 841/841
f 842/842 862/862 863/863
f 863/863 843/843 842/842
f 843/843 863/863 864/864
f 864/864 844/844 843/843
f 844/844 864/864 865/865
f 865/865 845/845 844/844
f 845/845 865/865 866/866
f 866/866 846/846 845/845
f 846/846 866/866 867/867
f 867/867 847/847 846/846
f 847/847 867/867 868/868
f 868/868 848/848 847/847
f 848/848 868/868 869/869
f 869/869 849/849 848/848
f 849/849 869/869 870/870
f 870/870 850/850 849/849
f 850/850 870/870 871/871
f 871/871 851/851 850/850
f 851/851 871/871 872/872
f 872/872 852/852 851/851
f 852/852 872/872 873/873
f 873/873 853/853 852/852
f 853/853 873/873 874/874
f 874/874 854/854 853/853
f 855/855 875/875 876/876
f 876/876 856/856 855/855
f 856/856 876/876 877/877
f 877/877 857/857 856/856
f 857/857 877/877 878/878
f 878/878 858/858 857/857
f 878/878 698/698 858/858
f 859/859 879/879 880/880
f 880/880 860/860 859/859
f 860/860 880/880 881/881
f 881/881 861/861 860/860
f 861/861 881/881 882/882
f 882/882 862/862 861/861
f 862/862 882/882 883/883
f 883/883 863/863 862/862
f 863/863 883/883 884/884
f 884/884 864/864 863/863
f 864/864 884/884 885/885
f 885/885 865/865 864/864
f 865/865 885/885 886/886
f 886/886 866/866 865/865
f 866/866 886/886 887/887
f 887/887 867/867 866/866
f 867/867 887/887 888/888
f 888/888 868/868 867/867
f 868/868 888/888 889/889
f 889/889 869/869 868/868
f 869/869 889/889 890/890
f 890/890 870/870 869/869
f 870/870 890/890 891/891
f 891/891 871/871 870/870
f 871/871 891/891 892/892
f 892/892 872/872 871/871
f 872/872 892/892 893/893
f 893/893 873/873 872/872
f 873/873 893/893 894/894
f 894/894 874/874 873/873
f 875/875 895/895 896/896
f 896/896 876/876 875/875
f 876/876 896/896 897/897
f 897/897 877/877 876/876
f 877/877 897/897 898/898
f 898/898 878/878 877/877
f 898/898 698/698 878/878
f 879/879 899/899 900/900
f 900/900 880/880 879/879
f 880/880 900/900 901/901
f 901/901 881/881 880/880
f 881/881 901/901 902/902
f 902/902 882/882 881/881
f 882/882 902/902 903/903
f 903/903 883/883 882/882
f 883/883 903/903 904/904
f 904/904 884/884 883/883
f 884/884 904/904 905/905
f 905/905 885/885 884/884
f 885/885 905/905 906/906
f 906/906 886/886 885/885
f 886/886 906/906 907/907
f 907/907 887/887 886/886
f 887/887 907/907 908/908
f 908/908 888/888 887/887
f 888/888 908/908 909/909
f 909/909 889/889 888/888
f 889/889 909/909 910/910
f 910/910 890/890 889/889
f 890/890 910/910 911/911
f 911/911 891/891 890/890
f 891/891 911/911 912/912
f 912/912 892/892 891/891
f 892/892 912/912 913/913
f 913/913 893/893 892/892
f 893/893 913/913 914/914
f 914/914 894/894 893/893
f 895/895 915/915 916/916
f 916/916 896/896 895/895
f 896/896 916/916 917/917
f 917/917 897/897 896/896
f 897/897 917/917 918/918
f 918/918 898/898 897/897
f 918/918 698/698 898/898
f 899/899 919/919 920/920
f 920/920 900/900 899/899
f 900/900 920/920 921/921
f 921/921 901/901 900/900
f 901/901 921/921 922/922
f 922/922 902/902 901/901
f 902/902 922/922 923/923
f 923/923 903/903 902/902
f 903/903 923/923 924/924
f 924/924 904/904 903/903
f 904/904 924/924 925/925
f 925/925 905/905 904/904
f 905/905 925/925 926/926
f 926/926 906/906 905/905
f 906/906 926/926 927/927
f 927/927 907/907 906/906
f 907/907 927/927 928/928
f 928/928 908/908 907/907
f 908/908 928/928 929/929
f 929/929 909/909 908/908
f 909/909 929/929 930/930
f 930/930 910/910 909/909
f 910/910 930/930 931/931
f 931/931 911/911 910/910
f 911/911 931/931 932/932
f 932/932 912/912 911/911
f 912/912 932/932 933/933
f 933/933 913/913 912/912
f 913/913 933/933 934/934
f 934/934 914/914 913/913
f 915/915 935/935 936/936
f 936/936 916/916 915/915
f 916/916 936/936 937/937
f 937/937 917/917 916/916
f 917/917 937/937 938/938
f 938/938 918/918 917/917
f 938/938 698/698 918/918
f 919/919 939/939 940/940
f 940/940 920/920 919/919
f 920/920 940/940 941/941
f 941/941 921/921 920/920
f 921/921 941/941 942/942
f 942/942 922/922 921/921
f 922/922 942/942 943/943
f 943/943 923/923 922/922
f 923/923 943/943 944/944
f 944/944 924/924 923/923
f 924/924 944/944 945/945
f 945/945 925/925 924/924
f 925/925 945/945 946/946
f 946/946 926/926 925/925
f 926/926 946/946 947/947
f 947/947 927/927 926/926
f 927/927 947/947 948/948
f 948/948 928/928 927/927
f 928/928 948/948 949/949
f 949/949 929/929 928/928
f 929/929 949/949 950/950
f 950/950 930/930 929/929
f 930/930 950/950 951/951
f 951/951 931/931 930/930
f 931/931 951/951 952/952
f 952/952 932/932 931/931
f 932/932 952/952 953/953
f 953/953 933/933 932/932
f 933/933 953/953 954/954
f 954/954 934/934 933/933
f 935/935 955/955 956/956
f 956/956 936/936 935/935
f 936/936 956/956 957/957
f 957/957 937/937 936/936
f 937/937 957/957 958/958
f 958/958 938/938 937/937
f 958/958 698/698 938/938
f 939/939 959/959 960/960
f 960/960 940/940 939/939
f 940/940 960/960 961/961
f 961/961 941/941 940/940
f 941/941 961/961 962/962
f 962/962 942/942 941/941
f 942/942 962/962 963/963
f 963/963 943/943 942/942
f 943/943 963/963 964/964
f 964/964 944/944 943/943
f 944/944 964/964 965/965
f 965/965 945/945 944/944
f 945/945 965/965 966/966
f 966/966 946/946 945/945
f 946/946 966/966 967/967
f 967/967 947/947 946/946
f 947/947 967/967 968/968
f 968/968 948/948 947/947
f 948/948 968/968 969/969
f 969/969 949/949 948/948
f 949/949 969/969 970/970
f 970/970 950/950 949/949
f 950/950 970/970 971/971
f 971/971 951/951 950/950
f 951/951 971/971 972/972
f 972/972 952/952 951/951
f 952/952 972/972 973/973
f 973/973 953/953 952/952
f 953/953 973/973 974/974
f 974/974 954/954 953/953
f 955/955 975/975 976/976
f 976/976 956/956 955/955
f 956/956 976/976 977/977
f 977/977 957/957 956/956
f 957/957 977/977 978/978
f 978/978 958/958 957/957
f 978/978 698/698 958/958
f 959/959 979/979 980/980
f 980/980 960/960 959/959
f 960/960 980/980 981/981
f 981/981 961/961 960/960
f 961/961 981/981 982/982
f 982/982 962/962 961/961
f 962/962 982/982 983/983
f 983/983 963/963 962/962
f 963/963 983/983 984/984
f 984/984 964/964 963/963
f 964/964 984/984 985/985
f 985/985 965/965 964/964
f 965/965 985/985 986/986
f 986/986 966/966 965/965
f 966/966 986/986 987/987
f 987/987 967/967 966/966
f 967/967 987/987 988/988
f 988/988 968/968 967/967
f 968/968 988/988 989/989
f 989/989 969/969 968/968
f 969/969 989/989 990/990
f 990/990 970/970 969/969
f 970/970 990/990 991/991
f 991/991 971/971 970/970
f 971/971 991/991 992/992
f 992/992 972/972 971/971
f 972/972 992/992 993/993
f 993/993 973/973 972/972
f 973/973 993/993 994/994
f 994/994 974/974 973/973
f 975/975 995/995 996/996
f 996/996 976/976 975/975
f 976/976 996/996 997/997
f 997/997 977/977 976/976
f 977/977 997/997 998/998
f 998/998 978/978 977/977
f 998/998 698/698 978/978
f 979/979 999/999 1000/1000
f 1000/1000 980/980 979/979
f 980/980 1000/1000 1001/1001
f 1001/1001 981/981 980/980
f 981/981 1001/1001 1002/1002
f 1002/1002 982/982 981/981
f 982/982 1002/1002 1003/1003
f 1003/1003 983/983 982/982
f 983/983 1003/1003 1004/1004
f 1004/1004 984/984 983/983
f 984/984 1004/1004 1005/1005
f 1005/1005 985/985 984/984
f 985/985 1005/1005 1006/1006
f 1006/1006 986/986 985/985
f 986/986 1006/1006 1007/1007
f 1007/1007 987/987 986/986
f 987/987 1007/1007 1008/1008
f 1008/1008 988/988 987/987
f 988/988 1008/1008 1009/1009
f 1009/1009 989/989 988/988
f 989/989 1009/1009 1010/1010
f 1010/1010 990/990 989/989
f 990/990 1010/1010 1011/1011
f 1011/1011 991/991 990/990
f 991/991 1011/1011 1012/1012
f 1012/1012 992/992 991/991
f 992/992 1012/1012 1013/1013
f 1013/1013 993/993 992/992
f 993/993 1013/1013 1014/1014
f 1014/1014 994/994 993/993
f 995/995 1015/1015 1016/1016
f 1016/1016 996/996 995/995
f 996/996 1016/1016 1017/1017
f 1017/1017 997/997 996/996
f 997/997 1017/1017 1018/1018
f 1018/1018 998/998 997/997
f 1018/1018 698/698 998/998
f 999/999 1019/1019 1020/1020
f 1020/1020 1000/1000 999/999
f 1000/1000 1020/1020 1021/1021
f 1021/1021 1001/1001 1000/1000
f 1001/1001 1021/1021 1022/1022
f 1022/1022 1002/1002 1001/1001
f 1002/1002 1022/1022 1023/1023
f 1023/1023 1003/1003 1002/1002
f 1003/1003 1023/1023 1024/1024
f 1024/1024 1004/1004 1003/1003
f 1004/1004 1024/1024 1025/1025
f 1025/1025 1005/1005 1004/1004
f 1005/1005 1025/1025 1026/1026
f 1026/1026 1006/1006 1005/1005
f 1006/1006 1026/1026 1027/1027
f 1027/1027 1007/1007 1006/1006
f 1007/1007 1027/1027 1028/1028
f 1028/1028 1008/1008 1007/1007
f 1008/1008 1028/1028 1029/1029
f 1029/1029 1009/1009 1008/1008
f 1009/1009 1029/1029 1030/1030
f 1030/1030 1010/1010 1009/1009
f 1010/1010 1030/1030 1031/1031
f 1031/1031 1011/1011 1010/1010
f 1011/1011 1031/1031 1032/1032
f 1032/1032 1012/1012 1011/1011
f 1012/1012 1032/1032 1033/1033
f 1033/1033 1013/1013 1012/1012
f 1013/1013 1033/1033 1034/1034
f 1034/1034 1014/1014 1013/1013
f 1015/1015 1035/1035 1036/1036
f 1036/1036 1016/1016 1015/1015
f 1016/1016 1036/1036 1037/1037
f 1037/1037 1017/1017 1016/1016
f 1017/1017 1037/1037 1038/1038
f 1038/1038 1018/1018 1017/1017
f 1038/1038 698/698 1018/1018
f 1019/1019 1039/1039 1040/1040
f 1040/1040 1020/1020 1019/1019
f 1020/1020 1040/1040 1041/1041
f 1041/1041 1021/1021 1020/1020
f 1021/1021 1041/1041 1042/1042
f 1042/1042 1022/1022 1021/1021
f 1022/1022 1042/1042 1043/1043
f 1043/1043 1023/1023 1022/1022
f 1023/1023 1043/1043 1044/1044
f 1044/1044 1024/1024 1023/1023
f 1024/1024 1044/1044 1045/1045
f 1045/1045 1025/1025 1024/1024
f 1025/1025 1045/1045 1046/1046
f 1046/1046 1026/1026 1025/1025
f 1026/1026 1046/1046 1047/1047
f 1047/1047 1027/1027 1026/1026
f 1027/1027 1047/1047 1048/1048
f 1048/1048 1028/1028 1027/1027
f 1028/1028 1048/1048 1049/1049
f 1049/1049 1029/1029 1028/1028
f 1029/1029 1049/1049 1050/1050
f 1050/1050 1030/1030 1029/1029
f 1030/1030 1050/1050 1051/1051
f 1051/1051 1031/1031 1030/1030
f 1031/1031 1051/1051 1052/1052
f 1052/1052 1032/1032 1031/1031
f 1032/1032 1052/1052 1053/1053
f 1053/1053 1033/1033 1032/1032
f 1033/1033 1053/1053 1054/1054
f 1054/1054 1034/1034 1033/1033
f 1035/1035 1055/1055 1056/1056
f 1056/1056 1036/1036 1035/1035
f 1036/1036 1056/1056 1057/1057
f 1057/1057 1037/1037 1036/1036
f 1037/1037 1057/1057 1058/1058
f 1058/1058 1038/1038 1037/1037
f 1058/1058 698/698 1038/1038
f 1039/1039 1059/1059 1060/1060
f 1060/1060 1040/1040 1039/1039
f 1040/1040 1060/1060 1061/1061
f 1061/1061 1041/1041 1040/1040
f 1041/1041 1061/1061 1062/1062
f 1062/1062 1042/1042 1041/1041
f 1042/1042 1062/1062 1063/1063
f 1063/1063 1043/1043 1042/1042
f 1043/1043 1063/1063 1064/1064
f 1064/1064 1044/1044 1043/1043
f 1044/1044 1064/1064 1065/1065
f 1065/1065 1045/1045 1044/1044
f 1045/1045 1065/1065 1066/1066
f 1066/1066 1046/1046 1045/1045
f 1046/1046 1066/1066 1067/1067
f 1067/1067 1047/1047 1046/1046
f 1047/1047 1067/1067 1068/1068
f 1068/1068 1048/1048 1047/1047
f 1048/1048 1068/1068 1069/1069
f 1069/1069 1049/1049 1048/1048
f 1049/1049 1069/1069 1070/1070
f 1070/1070 1050/1050 1049/1049
f 1050/1050 1070/1070 1071/1071
f 1071/1071 1051/1051 1050/1050
f 1051/1051 1071/1071 1072/1072
f 1072/1072 1052/1052 1051/1051
f 1052/1052 1072/1072 1073/1073
f 1073/1073 1053/1053 1052/1052
f 1053/1053 1073/1073 1074/1074
f 1074/1074 1054/1054 1053/1053
f 1055/1055 1075/1075 1076/1076
f 1076/1076 1056/1056 1055/1055
f 1056/1056 1076/1076 1077/1077
f 1077/1077 1057/1057 1056/1056
f 1057/1057 1077/1077 1078/1078
f 1078/1078 1058/1058 1057/1057
f 1078/1078 698/698 1058/1058
f 1059/1059 1079/1079 1080/1080
f 1080/1080 1060/1060 1059/1059
f 1060/1060 1080/1080 1081/1081
f 1081/1081 1061/1061 1060/1060
f 1061/1061 1081/1081 1082/1082
f 1082/1082 1062/1062 1061/1061
f 1062/1062 1082/1082 1083/1083
f 1083/1083 1063/1063 1062/1062
f 1063/1063 1083/1083 1084/1084
f 1084/1084 1064/1064 1063/1063
f 1064/1064 1084/1084 1085/1085
f 1085/1085 1065/1065 1064/1064
f 1065/1065 1085/1085 1086/1086
f 1086/1086 1066/1066 1065/1065
f 1066/1066 1086/1086 1087/1087
f 1087/1087 1067/1067 1066/1066
f 1067/1067 1087/1087 1088/1088
f 1088/1088 1068/1068 1067/1067
f 1068/1068 1088/1088 1089/1089
f 1089/1089 1069/1069 1068/1068
f 1069/1069 1089/1089 1090/1090
f 1090/1090 1070/1070 1069/1069
f 1070/1070 1090/1090 1091/1091
f 1091/1091 1071/1071 1070/1070
f 1071/1071 1091/1091 1092/1092
f 1092/1092 1072/1072 1071/1071
f 1072/1072 1092/1092 1093/1093
f 1093/1093 1073/1073 1072/1072
f 1073/1073 1093/1093 1094/1094
f 1094/1094 1074/1074 1073/1073
f 1075/1075 1095/1095 1096/1096
f 1096/1096 1076/1076 1075/1075
f 1076/1076 1096/1096 1097/1097
f 1097/1097 1077/1077 1076/1076
f 1077/1077 1097/1097 1098/1098
f 1098/1098 1078/1078 1077/1077
f 1098/1098 698/698 1078/1078
f 1079/1079 1099/1099 1100/1100
f 1100/1100 1080/1080 1079/1079
f 1080/1080 1100/1100 1101/1101
f 1101/1101 1081/1081 1080/1080
f 1081/1081 1101/1101 1102/1102
f 1102/1102 1082/1082 1081/1081
f 1082/1082 1102/1102 1103/1103
f 1103/1103 1083/1083 1082/1082
f 1083/1083 1103/1103 1104/1104
f 1104/1104 1084/1084 1083/1083
f 1084/1084 1104/1104 1105/1105
f 1105/1105 1085/1085 1084/1084
f 1085/1085 1105/1105 1106/1106
f 1106/1106 1086/1086 1085/1085
f 1086/1086 1106/1106 1107/1107
f 1107/1107 1087/1087 1086/1086
f 1087/1087 1107/1107 1108/1108
f 1108/1108 1088/1088 1087/1087
f 1088/1088 1108/1108 1109/1109
f 1109/1109 1089/1089 1088/1088
f 1089/1089 1109/1109 1110/1110
f 1110/1110 1090/1090 1089/1089
f 1090/1090 1110/1110 1111/1111
f 1111/1111 1091/1091 1090/1090
f 1091/1091 1111/1111 1112/1112
f 1112/1112 1092/1092 1091/1091
f 1092/1092 1112/1112 1113/1113
f 1113/1113 1093/1093 1092/1092
f 1093/1093 1113/1113 1114/1114
f 1114/1114 1094/1094 1093/1093
f 1095/1095 1115/1115 1116/1116
f 1116/1116 1096/1096 1095/1095
f 1096/1096 1116/1116 1117/1117
f 1117/1117 1097/1097 1096/1096
f 1097/1097 1117/1117 1118/1118
f 1118/1118 1098/1098 1097/1097
f 1118/1118 698/698 1098/1098
f 1099/1099 1119/1119 1120/1120
f 1120/1120 1100/1100 1099/1099
f 1100/1100 1120/1120 1121/1121
f 1121/1121 1101/1101 1100/1100
f 1101/1101 1121/1121 1122/1122
f 1122/1122 1102/1102 1101/1101
f 1102/1102 1122/1122 1123/1123
f 1123/1123 1103/1103 1102/1102
f 1103/1103 1123/1123 1124/1124
f 1124/1124 1104/1104 1103/1103
f 1104/1104 1124/1124 1125/1125
f 1125/1125 1105/1105 1104/1104
f 1105/1105 1125/1125 1126/1126
f 1126/1126 1106/1106 1105/1105
f 1106/1106 1126/1126 1127/1127
f 1127/1127 1107/1107 1106/1106
f 1107/1107 1127/1127 1128/1128
f 1128/1128 1108/1108 1107/1107
f 1108/1108 1128/1128 1129/1129
f 1129/1129 1109/1109 1108/1108
f 1109/1109 1129/1129 1130/1130
f 1130/1130 1110/1110 1109/1109
f 1110/1110 1130/1130 1131/1131
f 1131/1131 1111/1111 1110/1110
f 1111/1111 1131/1131 1132/1132
f 1132/1132 1112/1112 1111/1111
f 1112/1112 1132/1132 1133/1133
f 1133/1133 1113/1113 1112/1112
f 1113/1113 1133/1133 1134/1134
f 1134/1134 1114/1114 1113/1113
f 1115/1115 1135/1135 1136/1136
f 1136/1136 1116/1116 1115/1115
f 1116/1116 1136/1136 1137/1137
f 1137/1137 1117/1117 1116/1116
f 1117/1117 1137/1137 1138/1138
f 1138/1138 1118/1118 1117/1117
f 1138/1138 698/698 1118/1118
f 1119/1119 1139/1139 1140/1140
f 1140/1140 1120/1120 1119/1119
f 1120/1120 1140/1140 1141/1141
f 1141/1141 1121/1121 1120/1120
f 1121/1121 1141/1141 1142/1142
f 1142/1142 1122/1122 1121/1121
f 1122/1122 1142/1142 1143/1143
f 1143/1143 1123/1123 1122/1122
f 1123/1123 1143/1143 1144/1144
f 1144/1144 1124/1124 1123/1123
f 1124/1124 1144/1144 1145/1145
f 1145/1145 1125/1125 1124/1124
f 1125/1125 1145/1145 1146/1146
f 1146/1146 1126/1126 1125/1125
f 1126/1126 1146/1146 1147/1147
f 1147/1147 1127/1127 1126/1126
f 1127/1127 1147/1147 1148/1148
f 1148/1148 1128/1128 1127/1127
f 1128/1128 1148/1148 1149/1149
f 1149/1149 1129/1129 1128/1128
f 1129/1129 1149/1149 1150/1150
f 1150/1150 1130/1130 1129/1129
f 1130/1130 1150/1150 1151/1151
f 1151/1151 1131/1131 1130/1130
f 1131/1131 1151/1151 1152/1152
f 1152/1152 1132/1132 1131/1131
f 1132/1132 1152/1152 1153/1153
f 1153/1153 1133/1133 1132/1132
f 1133/1133 1153/1153 1154/1154
f 1154/1154 1134/1134 1133/1133
f 1135/1135 1155/1155 1156/1156
f 1156/1156 1136/1136 1135/1135
f 1136/1136 1156/1156 1157/1157
f 1157/1157 1137/1137 1136/1136
f 1137/1137 1157/1157 1158/1158
f 1158/1158 1138/1138 1137/1137
f 1158/1158 698/698 1138/1138
f 1159/1159 1160/1160 1161/1161
f 1161/1161 1162/1162 1159/1159
f 1162/1162 1161/1161 1163/1163
f 1163/1163 1164/1164 1162/1162
f 1164/1164 1163/1163 1165/1165
f 1165/1165 1166/1166 1164/1164
f 1166/1166 1165/1165 1167/1167
f 1167/1167 1168/1168 1166/1166
f 1168/1168 1167/1167 1169/1169
f 1169/1169 1170/1170 1168/1168
f 1170/1170 1169/1169 1171/1171
f 1171/1171 1172/1172 1170/1170
f 1172/1172 1171/1171 1173/1173
f 1173/1173 1174/1174 1172/1172
f 1174/1174 1173/1173 1175/1175
f 1175/1175 1176/1176 1174/1174
f 1176/1176 1175/1175 1177/1177
f 1177/1177 1178/1178 1176/1176
f 1178/1178 1177/1177 1179/1179
f 1179/1179 1180/1180 1178/1178
f 1180/1180 1179/1179 1181/1181
f 1181/1181 1182/1182 1180/1180
f 1182/1182 1181/1181 1183/1183
f 1183/1183 1184/1184 1182/1182
f 1184/1184 1183/1183 1185/1185
f 1185/1185 1186/1186 1184/1184
f 1186/1186 1185/1185 1187/1187
f 1187/1187 1188/1188 1186/1186
f 1188/1188 1187/1187 1189/1189
f 1189/1189 1190/1190 1188/1188
f 1155/1155 1191/1191 1192/1192
f 1192/1192 1156/1156 1155/1155
f 1156/1156 1192/1192 1193/1193
f 1193/1193 1157/1157 1156/1156
f 1157/1157 1193/1193 1194/1194
f 1194/1194 1158/1158 1157/1157
f 1194/1194 698/698 1158/1158
f 1160/1160 1195/1195 1196/1196
f 1196/1196 1161/1161 1160/1160
f 1161/1161 1196/1196 1197/1197
f 1197/1197 1163/1163 1161/1161
f 1163/1163 1197/1197 1198/1198
f 1198/1198 1165/1165 1163/1163
f 1165/1165 1198/1198 1199/1199
f 1199/1199 1167/1167 1165/1165
f 1167/1167 1199/1199 1200/1200
f 1200/1200 1169/1169 1167/1167
f 1169/1169 1200/1200 1201/1201
f 1201/1201 1171/1171 1169/1169
f 1171/1171 1201/1201 1202/1202
f 1202/1202 1173/1173 1171/1171
f 1173/1173 1202/1202 1203/1203
f 1203/1203 1175/1175 1173/1173
f 1175/1175 1203/1203 1204/1204
f 1204/1204 1177/1177 1175/1175
f 1177/1177 1204/1204 1205/1205
f 1205/1205 1179/1179 1177/1177
f 1179/1179 1205/1205 1206/1206
f 1206/1206 1181/1181 1179/1179
f 1181/1181 1206/1206 1207/1207
f 1207/1207 1183/1183 1181/1181
f 1183/1183 1207/1207 1208/1208
f 1208/1208 1185/1185 1183/1183
f 1185/1185 1208/1208 1209/1209
f 1209/1209 1187/1187 1185/1185
f 1187/1187 1209/1209 1210/1210
f 1210/1210 1189/1189 1187/1187
f 1191/1191 1211/1211 1212/1212
f 1212/1212 1192/1192 1191/1191
f 1192/1192 1212/1212 1213/1213
f 1213/1213 1193/1193 1192/1192
f 1193/1193 1213/1213 1214/1214
f 1214/1214 1194/1194 1193/1193
f 1214/1214 698/698 1194/1194
f 1195/1195 1215/1215 1216/1216
f 1216/1216 1196/1196 1195/1195
f 1196/1196 1216/1216 1217/1217
f 1217/1217 1197/1197 1196/1196
f 1197/1197 1217/1217 1218/1218
f 1218/1218 1198/1198 1197/1197
f 1198/1198 1218/1218 1219/1219
f 1219/1219 1199/1199 1198/1198
f 1199/1199 1219/1219 1220/1220
f 1220/1220 1200/1200 1199/1199
f 1200/1200 1220/1220 1221/1221
f 1221/1221 1201/1201 1200/1200
f 1201/1201 1221/1221 1222/1222
f 1222/1222 1202/1202 1201/1201
f 1202/1202 1222/1222 1223/1223
f 1223/1223 1203/1203 1202/1202
f 1203/1203 1223/1223 1224/1224
f 1224/1224 1204/1204 1203/1203
f 1204/1204 1224/1224 1225/1225
f 1225/1225 1205/1205 1204/1204
f 1205/1205 1225/1225 1226/1226
f 1226/1226 1206/1206 1205/1205
f 1206/1206 1226/1226 1227/1227
f 1227/1227 1207/1207 1206/1206
f 1207/1207 1227/1227 1228/1228
f 1228/1228 1208/1208 1207/1207
f 1208/1208 1228/1228 1229/1229
f 1229/1229 1209/1209 1208/1208
f 1209/1209 1229/1229 1230/1230
f 1230/1230 1210/1210 1209/1209
f 1211/1211 1231/1231 1232/1232
f 1232/1232 1212/1212 1211/1211
f 1212/1212 1232/1232 1233/1233
f 1233/1233 1213/1213 1212/1212
f 1213/1213 1233/1233 1234/1234
f 1234/1234 1214/1214 1213/1213
f 1234/1234 698/698 1214/1214
f 1215/1215 1235/1235 1236/1236
f 1236/1236 1216/1216 1215/1215
f 1216/1216 1236/1236 1237/1237
f 1237/1237 1217/1217 1216/1216
f 1217/1217 1237/1237 1238/1238
f 1238/1238 1218/1218 1217/1217
f 1218/1218 1238/1238 1239/1239
f 1239/1239 1219/1219 1218/1218
f 1219/1219 1239/1239 1240/1240
f 1240/1240 1220/1220 1219/1219
f 1220/1220 1240/1240 1241/1241
f 1241/1241 1221/1221 1220/1220
f 1221/1221 1241/1241 1242/1242
f 1242/1242 1222/1222 1221/1221
f 1222/1222 1242/1242 1243/1243
f 1243/1243 1223/1223 1222/1222
f 1223/1223 1243/1243 1244/1244
f 1244/1244 1224/1224 1223/1223
f 1224/1224 1244/1244 1245/1245
f 1245/1245 1225/1225 1224/1224
f 1225/1225 1245/1245 1246/1246
f 1246/1246 1226/1226 1225/1225
f 1226/1226 1246/1246 1247/1247
f 1247/1247 1227/1227 1226/1226
f 1227/1227 1247/1247 1248/1248
f 1248/1248 1228/1228 1227/1227
f 1228/1228 1248/1248 1249/1249
f 1249/1249 1229/1229 1228/1228
f 1229/1229 1249/1249 1250/1250
f 1250/1250 1230/1230 1229/1229
f 1231/1231 1251/1251 1252/1252
f 1252/1252 1232/1232 1231/1231
f 1232/1232 1252/1252 1253/1253
f 1253/1253 1233/1233 1232/1232
f 1233/1233 1253/1253 1254/1254
f 1254/1254 1234/1234 1233/1233
f 1254/1254 698/698 1234/1234
f 1235/1235 1255/1255 1256/1256
f 1256/1256 1236/1236 1235/1235
f 1236/1236 1256/1256 1257/1257
f 1257/1257 1237/1237 1236/1236
f 1237/1237 1257/1257 1258/1258
f 1258/1258 1238/1238 1237/1237
f 1238/1238 1258/1258 1259/1259
f 1259/1259 1239/1239 1238/1238
f 1239/1239 1259/1259 1260/1260
f 1260/1260 1240/1240 1239/1239
f 1240/1240 1260/1260 1261/1261
f 1261/1261 1241/1241 1240/1240
f 1241/1241 1261/1261 1262/1262
f 1262/1262 1242/1242 1241/1241
f 1242/1242 1262/1262 1263/1263
f 1263/1263 1243/1243 1242/1242
f 1243/1243 1263/1263 1264/1264
f 1264/1264 1244/1244 1243/1243
f 1244/1244 1264/1264 1265/1265
f 1265/1265 1245/1245 1244/1244
f 1245/1245 1265/1265 1266/1266
f 1266/1266 1246/1246 1245/1245
f 1246/1246 1266/1266 1267/1267
f 1267/1267 1247/1247 1246/1246
f 1247/1247 1267/1267 1268/1268
f 1268/1268 1248/1248 1247/1247
f 1248/1248 1268/1268 1269/1269
f 1269/1269 1249/1249 1248/1248
f 1249/1249 1269/1269 1270/1270
f 1270/1270 1250/1250 1249/1249
f 1251/1251 1271/1271 1272/1272
f 1272/1272 1252/1252 1251/1251
f 1252/1252 1272/1272 1273/1273
f 1273/1273 1253/1253 1252/1252
f 1253/1253 1273/1273 1274/1274
f 1274/1274 1254/1254 1253/1253
f 1274/1274 698/698 1254/1254
f 1255/1255 1275/1275 1276/1276
f 1276/1276 1256/1256 1255/1255
f 1256/1256 1276/1276 1277/1277
f 1277/1277 1257/1257 1256/1256
f 1257/1257 1277/1277 1278/1278
f 1278/1278 1258/1258 1257/1257
f 1258/1258 1278/1278 1279/1279
f 1279/1279 1259/1259 1258/1258
f 1259/1259 1279/1279 1280/1280
f 1280/1280 1260/1260 1259/1259
f 1260/1260 1280/1280 1281/1281
f 1281/1281 1261/1261 1260/1260
f 1261/1261 1281/1281 1282/1282
f 1282/1282 1262/1262 1261/1261
f 1262/1262 1282/1282 1283/1283
f 1283/1283 1263/1263 1262/1262
f 1263/1263 1283/1283 1284/1284
f 1284/1284 1264/1264 1263/1263
f 1264/1264 1284/1284 1285/1285
f 1285/1285 1265/1265 1264/1264
f 1265/1265 1285/1285 1286/1286
f 1286/1286 1266/1266 1265/1265
f 1266/1266 1286/1286 1287/1287
f 1287/1287 1267/1267 1266/1266
f 1267/1267 1287/1287 1288/1288
f 1288/1288 1268/1268 1267/1267
f 1268/1268 1288/1288 1289/1289
f 1289/1289 1269/1269 1268/1268
f 1269/1269 1289/1289 1290/1290
f 1290/1290 1270/1270 1269/1269
f 1271/1271 1291/1291 1292/1292
f 1292/1292 1272/1272 1271/1271
f 1272/1272 1292/1292 1293/1293
f 1293/1293 1273/1273 1272/1272
f 1273/1273 1293/1293 1294/1294
f 1294/1294 1274/1274 1273/1273
f 1294/1294 698/698 1274/1274
f 1275/1275 1295/1295 1296/1296
f 1296/1296 1276/1276 1275/1275
f 1276/1276 1296/1296 1297/1297
f 1297/1297 1277/1277 1276/1276
f 1277/1277 1297/1297 1298/1298
f 1298/1298 1278/1278 1277/1277
f 1278/1278 1298/1298 1299/1299
f 1299/1299 1279/1279 1278/1278
f 1279/1279 1299/1299 1300/1300
f 1300/1300 1280/1280 1279/1279
f 1280/1280 1300/1300 1301/1301
f 1301/1301 1281/1281 1280/1280
f 1281/1281 1301/1301 1302/1302
f 1302/1302 1282/1282 1281/1281
f 1282/1282 1302/1302 1303/1303
f 1303/1303 1283/1283 1282/1282
f 1283/1283 1303/1303 1304/1304
f 1304/1304 1284/1284 1283/1283
f 1284/1284 1304/1304 1305/1305
f 1305/1305 1285/1285 1284/1284
f 1285/1285 1305/1305 1306/1306
f 1306/1306 1286/1286 1285/1285
f 1286/1286 1306/1306 1307/1307
f 1307/1307 1287/1287 1286/1286
f 1287/1287 1307/1307 1308/1308
f 1308/1308 1288/1288 1287/1287
f 1288/1288 1308/1308 1309/1309
f 1309/1309 1289/1289 1288/1288
f 1289/1289 1309/1309 1310/1310
f 1310/1310 1290/1290 1289/1289
f 1291/1291 1311/1311 1312/1312
f 1312/1312 1292/1292 1291/1291
f 1292/1292 1312/1312 1313/1313
f 1313/1313 1293/1293 1292/1292
f 1293/1293 1313/1313 1314/1314
f 1314/1314 1294/1294 1293/1293
f 1314/1314 698/698 1294/1294
f 1295/1295 658/658 661/661
f 661/661 1296/1296 1295/1295
f 1296/1296 661/661 663/663
f 663/663 1297/1297 1296/1296
f 1297/1297 663/663 665/665
f 665/665 1298/1298 1297/1297
f 1298/1298 665/665 667/667
f 667/667 1299/1299 1298/1298
f 1299/1299 667/667 669/669
f 669/669 1300/1300 1299/1299
f 1300/1300 669/669 671/671
f 671/671 1301/1301 1300/1300
f 1301/1301 671/671 673/673
f 673/673 1302/1302 1301/1301
f 1302/1302 673/673 675/675
f 675/675 1303/1303 1302/1302
f 1303/1303 675/675 677/677
f 677/677 1304/1304 1303/1303
f 1304/1304 677/677 679/679
f 679/679 1305/1305 1304/1304
f 1305/1305 679/679 681/681
f 681/681 1306/1306 1305/1305
f 1306/1306 681/681 683/683
f 683/683 1307/1307 1306/1306
f 1307/1307 683/683 685/685
f 685/685 1308/1308 1307/1307
f 1308/1308 685/685 687/687
f 687/687 1309/1309 1308/1308
f 1309/1309 687/687 689/689
f 689/689 1310/1310 1309/1309
f 1311/1311 690/690 693/693
f 693/693 1312/1312 1311/1311
f 1312/1312 693/693 695/695
f 695/695 1313/1313 1312/1312
f 1313/1313 695/695 697/697
f 697/697 1314/1314 1313/1313
f 697/697 698/698 1314/1314
f 1315/1315 1316/1316 1317/1317
f 1317/1317 1318/1318 1315/1315
f 1319/1319 1315/1315 1318/1318
f 1318/1318 1320/1320 1319/1319
f 1321/1321 1319/1319 1320/1320
f 1320/1320 1322/1322 1321/1321
f 1323/1323 1321/1321 1322/1322
f 1322/1322 1324/1324 1323/1323
f 1325/1325 1323/1323 1324/1324
f 1324/1324 1326/1326 1325/1325
f 1327/1327 1325/1325 1326/1326
f 1326/1326 1328/1328 1327/1327
f 1329/1329 1327/1327 1328/1328
f 1328/1328 1330/1330 1329/1329
f 1331/1331 1329/1329 1330/1330
f 1330/1330 1332/1332 1331/1331
f 1333/1333 1331/1331 1332/1332
f 1332/1332 1334/1334 1333/1333
f 1335/1335 1333/1333 1334/1334
f 1334/1334 1336/1336 1335/1335
f 1337/1337 1335/1335 1336/1336
f 1336/1336 1338/1338 1337/1337
f 1339/1339 1337/1337 1338/1338
f 1338/1338 1340/1340 1339/1339
f 1341/1341 1339/1339 1340/1340
f 1340/1340 1342/1342 1341/1341
f 1343/1343 1341/1341 1342/1342
f 1342/1342 1344/1344 1343/1343
f 1345/1345 1343/1343 1344/1344
f 1344/1344 1346/1346 1345/1345
f 1347/1347 1345/1345 1346/1346
f 1346/1346 1348/1348 1347/1347
f 1349/1349 1347/1347 1348/1348
f 1348/1348 1350/1350 1349/1349
f 1351/1351 1349/1349 1350/1350
f 1350/1350 1352/1352 1351/1351
f 1353/1353 1351/1351 1352/1352
f 1352/1352 1354/1354 1353/1353
f 1355/1355 1353/1353 1354/1354
f 1354/1354 1356/1356 1355/1355
f 1357/1357 1355/1355 1356/1356
f 1356/1356 1358/1358 1357/1357
f 1359/1359 1357/1357 1358/1358
f 1358/1358 1360/1360 1359/1359
f 1361/1361 1359/1359 1360/1360
f 1360/1360 1362/1362 1361/1361
f 1363/1363 1361/1361 1362/1362
f 1362/1362 1364/1364 1363/1363
f 1365/1365 1366/1366 1367/1367
f 1367/1367 1368/1368 1365/1365
f 1369/1369 1365/1365 1368/1368
f 1368/1368 1370/1370 1369/1369
f 1371/1371 1369/1369 1370/1370
f 1370/1370 1372/1372 1371/1371
f 1373/1373 1371/1371 1372/1372
f 1372/1372 1374/1374 1373/1373
f 1375/1375 1373/1373 1374/1374
f 1374/1374 1376/1376 1375/1375
f 1377/1377 1375/1375 1376/1376
f 1376/1376 1378/1378 1377/1377
f 1379/1379 1377/1377 1378/1378
f 1378/1378 1380/1380 1379/1379
f 1316/1316 1379/1379 1380/1380
f 1380/1380 1317/1317 1316/1316
g GlassHurricaneCandleHolder_opaque
usemtl GlassHurricaneCandleHolder_opaque
v 0.00000 0.00000 -0.00000
v -0.06943 0.00013 0.01381
v -0.07079 0.00013 -0.00000
v -0.07079 0.00013 -0.00000
v -0.06943 0.00013 0.01381
v -0.06900 0.00127 0.01372
v -0.07035 0.00127 -0.00000
v -0.06126 0.00804 0.01218
v -0.06246 0.00804 -0.00000
v -0.05122 0.01387 0.01019
v -0.05222 0.01387 -0.00000
v -0.04076 0.01956 0.00811
v -0.04156 0.01956 -0.00000
v -0.03173 0.02588 0.00631
v -0.03235 0.02588 -0.00000
v -0.02601 0.03365 0.00517
v -0.02652 0.03365 -0.00000
v -0.02547 0.04364 0.00507
v -0.02597 0.04364 -0.00000
v -0.04251 0.05135 0.00846
v -0.04335 0.05135 -0.00000
v -0.05146 0.06080 0.01024
v -0.05247 0.06080 -0.00000
v -0.05327 0.07095 0.01060
v -0.05431 0.07095 -0.00000
v -0.04890 0.08079 0.00973
v -0.04986 0.08079 -0.00000
v -0.03932 0.08930 0.00782
v -0.04009 0.08930 -0.00000
v -0.04009 0.08930 -0.00000
v -0.03932 0.08930 0.00782
v -0.02550 0.09546 0.00507
v -0.02600 0.09546 -0.00000
v 0.00000 0.09546 -0.00000
v -0.06540 0.00013 0.02709
v -0.06540 0.00013 0.02709
v -0.06499 0.00127 0.02692
v -0.05770 0.00804 0.02390
v -0.04825 0.01387 0.01999
v -0.03839 0.01956 0.01590
v -0.02989 0.02588 0.01238
v -0.02450 0.03365 0.01015
v -0.02399 0.04364 0.00994
v -0.04005 0.05135 0.01659
v -0.04847 0.06080 0.02008
v -0.05018 0.07095 0.02078
v -0.04606 0.08079 0.01908
v -0.03704 0.08930 0.01534
v -0.03704 0.08930 0.01534
v -0.02402 0.09546 0.00995
v -0.05886 0.00013 0.03933
v -0.05886 0.00013 0.03933
v -0.05849 0.00127 0.03908
v -0.05193 0.00804 0.03470
v -0.04342 0.01387 0.02901
v -0.03455 0.01956 0.02309
v -0.02690 0.02588 0.01797
v -0.02205 0.03365 0.01474
v -0.02159 0.04364 0.01443
v -0.03604 0.05135 0.02408
v -0.04362 0.06080 0.02915
v -0.04516 0.07095 0.03017
v -0.04145 0.08079 0.02770
v -0.03334 0.08930 0.02227
v -0.03334 0.08930 0.02227
v -0.02162 0.09546 0.01444
v -0.05006 0.00013 0.05006
v -0.05006 0.00013 0.05006
v -0.04974 0.00127 0.04974
v -0.04416 0.00804 0.04416
v -0.03693 0.01387 0.03693
v -0.02938 0.01956 0.02938
v -0.02288 0.02588 0.02288
v -0.01875 0.03365 0.01875
v -0.01836 0.04364 0.01836
v -0.03065 0.05135 0.03065
v -0.03710 0.06080 0.03710
v -0.03840 0.07095 0.03840
v -0.03525 0.08079 0.03525
v -0.02835 0.08930 0.02835
v -0.02835 0.08930 0.02835
v -0.01838 0.09546 0.01838
v -0.03933 0.00013 0.05886
v -0.03933 0.00013 0.05886
v -0.03908 0.00127 0.05849
v -0.03470 0.00804 0.05193
v -0.02901 0.01387 0.04342
v -0.02309 0.01956 0.03455
v -0.01797 0.02588 0.02690
v -0.01474 0.03365 0.02205
v -0.01443 0.04364 0.02159
v -0.02408 0.05135 0.03604
v -0.02915 0.06080 0.04362
v -0.03017 0.07095 0.04516
v -0.02770 0.08079 0.04145
v -0.02227 0.08930 0.03334
v -0.02227 0.08930 0.03334
v -0.01444 0.09546 0.02162
v -0.02709 0.00013 0.06540
v -0.02709 0.00013 0.06540
v -0.02692 0.00127 0.06499
v -0.02390 0.00804 0.05770
v -0.01999 0.01387 0.04825
v -0.01590 0.01956 0.03839
v -0.01238 0.02588 0.02989
v -0.01015 0.03365 0.02450
v -0.00994 0.04364 0.02399
v -0.01659 0.05135 0.04005
v -0.02008 0.06080 0.04847
v -0.02078 0.07095 0.05018
v -0.01908 0.08079 0.04606
v -0.01534 0.08930 0.03704
v -0.01534 0.08930 0.03704
v -0.00995 0.09546 0.02402
v -0.01381 0.00013 0.06943
v -0.01381 0.00013 0.06943
v -0.01372 0.00127 0.06900
v -0.01218 0.00804 0.06126
v -0.01019 0.01387 0.05122
v -0.00811 0.01956 0.04076
v -0.00631 0.02588 0.03173
v -0.00517 0.03365 0.02601
v -0.00507 0.04364 0.02547
v -0.00846 0.05135 0.04251
v -0.01024 0.06080 0.05146
v -0.01060 0.07095 0.05327
v -0.00973 0.08079 0.04890
v -0.00782 0.08930 0.03932
v -0.00782 0.08930 0.03932
v -0.00507 0.09546 0.02550
v 0.00000 0.00013 0.07079
v 0.00000 0.00013 0.07079
v 0.00000 0.00127 0.07035
v 0.00000 0.00804 0.06246
v 0.00000 0.01387 0.05222
v 0.00000 0.01956 0.04156
v 0.00000 0.02588 0.03235
v 0.00000 0.03365 0.02652
v 0.00000 0.04364 0.02597
v 0.00000 0.05135 0.04335
v 0.00000 0.06080 0.05247
v 0.00000 0.07095 0.05431
v 0.00000 0.08079 0.04986
v 0.00000 0.08930 0.04009
v 0.00000 0.08930 0.04009
v 0.00000 0.09546 0.02600
v 0.01381 0.00013 0.06943
v 0.01381 0.00013 0.06943
v 0.01372 0.00127 0.06900
v 0.01218 0.00804 0.06126
v 0.01019 0.01387 0.05122
v 0.00811 0.01956 0.04076
v 0.00631 0.02588 0.03173
v 0.00517 0.03365 0.02601
v 0.00507 0.04364 0.02547
v 0.00846 0.05135 0.04251
v 0.01024 0.06080 0.05146
v 0.01060 0.07095 0.05327
v 0.00973 0.08079 0.04890
v 0.00782 0.08930 0.03932
v 0.00782 0.08930 0.03932
v 0.00507 0.09546 0.02550
v 0.02709 0.00013 0.06540
v 0.02709 0.00013 0.06540
v 0.02692 0.00127 0.06499
v 0.02390 0.00804 0.05770
v 0.01999 0.01387 0.04825
v 0.01590 0.01956 0.03839
v 0.01238 0.02588 0.02989
v 0.01015 0.03365 0.02450
v 0.00994 0.04364 0.02399
v 0.01659 0.05135 0.04005
v 0.02008 0.06080 0.04847
v 0.02078 0.07095 0.05018
v 0.01908 0.08079 0.04606
v 0.01534 0.08930 0.03704
v 0.01534 0.08930 0.03704
v 0.00995 0.09546 0.02402
v 0.03933 0.00013 0.05886
v 0.03933 0.00013 0.05886
v 0.03908 0.00127 0.05849
v 0.03470 0.00804 0.05193
v 0.02901 0.01387 0.04342
v 0.02309 0.01956 0.03455
v 0.01797 0.02588 0.02690
v 0.01474 0.03365 0.02205
v 0.01443 0.04364 0.02159
v 0.02408 0.05135 0.03604
v 0.02915 0.06080 0.04362
v 0.03017 0.07095 0.04516
v 0.02770 0.08079 0.04145
v 0.02227 0.08930 0.03334
v 0.02227 0.08930 0.03334
v 0.01444 0.09546 0.02162
v 0.05006 0.00013 0.05006
v 0.05006 0.00013 0.05006
v 0.04974 0.00127 0.04974
v 0.04416 0.00804 0.04416
v 0.03693 0.01387 0.03693
v 0.02938 0.01956 0.02938
v 0.02288 0.02588 0.02288
v 0.01875 0.03365 0.01875
v 0.01836 0.04364 0.01836
v 0.03065 0.05135 0.03065
v 0.03710 0.06080 0.03710
v 0.03840 0.07095 0.03840
v 0.03525 0.08079 0.03525
v 0.02835 0.08930 0.02835
v 0.02835 0.08930 0.02835
v 0.01838 0.09546 0.01838
v 0.05886 0.00013 0.03933
v 0.05886 0.00013 0.03933
v 0.05849 0.00127 0.03908
v 0.05193 0.00804 0.03470
v 0.04342 0.01387 0.02901
v 0.03455 0.01956 0.02309
v 0.02690 0.02588 0.01797
v 0.02205 0.03365 0.01474
v 0.02159 0.04364 0.01443
v 0.03604 0.05135 0.02408
v 0.04362 0.06080 0.02915
v 0.04516 0.07095 0.03017
v 0.04146 0.08079 0.02770
v 0.03334 0.08930 0.02227
v 0.03334 0.08930 0.02227
v 0.02162 0.09546 0.01444
v 0.06540 0.00013 0.02709
v 0.06540 0.00013 0.02709
v 0.06499 0.00127 0.02692
v 0.05770 0.00804 0.02390
v 0.04825 0.01387 0.01999
v 0.03839 0.01956 0.01590
v 0.02989 0.02588 0.01238
v 0.02450 0.03365 0.01015
v 0.02399 0.04364 0.00994
v 0.04005 0.05135 0.01659
v 0.04847 0.06080 0.02008
v 0.05018 0.07095 0.02078
v 0.04606 0.08079 0.01908
v 0.03704 0.08930 0.01534
v 0.03704 0.08930 0.01534
v 0.02402 0.09546 0.00995
v 0.06943 0.00013 0.01381
v 0.06943 0.00013 0.01381
v 0.06900 0.00127 0.01372
v 0.06126 0.00804 0.01218
v 0.05122 0.01387 0.01019
v 0.04076 0.01956 0.00811
v 0.03173 0.02588 0.00631
v 0.02601 0.03365 0.00517
v 0.02547 0.04364 0.00507
v 0.04251 0.05135 0.00846
v 0.05146 0.06080 0.01024
v 0.05327 0.07095 0.01060
v 0.04890 0.08079 0.00973
v 0.03932 0.08930 0.00782
v 0.03932 0.08930 0.00782
v 0.02550 0.09546 0.00507
v 0.07079 0.00013 -0.00000
v 0.07079 0.00013 -0.00000
v 0.07035 0.00127 -0.00000
v 0.06246 0.00804 -0.00000
v 0.05222 0.01387 -0.00000
v 0.04156 0.01956 -0.00000
v 0.03235 0.02588 -0.00000
v 0.02652 0.03365 -0.00000
v 0.02597 0.04364 -0.00000
v 0.04335 0.05135 -0.00000
v 0.05247 0.06080 -0.00000
v 0.05431 0.07095 -0.00000
v 0.04986 0.08079 -0.00000
v 0.04009 0.08930 -0.00000
v 0.04009 0.08930 -0.00000
v 0.02600 0.09546 -0.00000
v 0.06943 0.00013 -0.01381
v 0.06943 0.00013 -0.01381
v 0.06900 0.00127 -0.01372
v 0.06126 0.00804 -0.01218
v 0.05122 0.01387 -0.01019
v 0.04076 0.01956 -0.00811
v 0.03173 0.02588 -0.00631
v 0.02601 0.03365 -0.00517
v 0.02547 0.04364 -0.00507
v 0.04251 0.05135 -0.00846
v 0.05146 0.06080 -0.01024
v 0.05327 0.07095 -0.01060
v 0.04890 0.08079 -0.00973
v 0.03932 0.08930 -0.00782
v 0.03932 0.08930 -0.00782
v 0.02550 0.09546 -0.00507
v 0.06540 0.00013 -0.02709
v 0.06540 0.00013 -0.02709
v 0.06499 0.00127 -0.02692
v 0.05770 0.00804 -0.02390
v 0.04825 0.01387 -0.01999
v 0.03839 0.01956 -0.01590
v 0.02989 0.02588 -0.01238
v 0.02450 0.03365 -0.01015
v 0.02399 0.04364 -0.00994
v 0.04005 0.05135 -0.01659
v 0.04847 0.06080 -0.02008
v 0.05018 0.07095 -0.02078
v 0.04606 0.08079 -0.01908
v 0.03704 0.08930 -0.01534
v 0.03704 0.08930 -0.01534
v 0.02402 0.09546 -0.00995
v 0.05886 0.00013 -0.03933
v 0.05886 0.00013 -0.03933
v 0.05849 0.00127 -0.03908
v 0.05193 0.00804 -0.03470
v 0.04342 0.01387 -0.02901
v 0.03455 0.01956 -0.02309
v 0.02690 0.02588 -0.01797
v 0.02205 0.03365 -0.01474
v 0.02159 0.04364 -0.01443
v 0.03604 0.05135 -0.02408
v 0.04362 0.06080 -0.02915
v 0.04516 0.07095 -0.03017
v 0.04146 0.08079 -0.02770
v 0.03334 0.08930 -0.02227
v 0.03334 0.08930 -0.02227
v 0.02162 0.09546 -0.01444
v 0.05006 0.00013 -0.05006
v 0.05006 0.00013 -0.05006
v 0.04974 0.00127 -0.04974
v 0.04416 0.00804 -0.04416
v 0.03693 0.01387 -0.03693
v 0.02938 0.01956 -0.02938
v 0.02288 0.02588 -0.02288
v 0.01875 0.03365 -0.01875
v 0.01836 0.04364 -0.01836
v 0.03065 0.05135 -0.03065
v 0.03710 0.06080 -0.03710
v 0.03840 0.07095 -0.03840
v 0.03525 0.08079 -0.03525
v 0.02835 0.08930 -0.02835
v 0.02835 0.08930 -0.02835
v 0.01838 0.09546 -0.01838
v 0.03933 0.00013 -0.05886
v 0.03933 0.00013 -0.05886
v 0.03908 0.00127 -0.05849
v 0.03470 0.00804 -0.05193
v 0.02901 0.01387 -0.04342
v 0.02309 0.01956 -0.03455
v 0.01797 0.02588 -0.02690
v 0.01474 0.03365 -0.02205
v 0.01443 0.04364 -0.02159
v 0.02408 0.05135 -0.03604
v 0.02915 0.06079 -0.04362
v 0.03017 0.07095 -0.04516
v 0.02770 0.08079 -0.04145
v 0.02227 0.08930 -0.03334
v 0.02227 0.08930 -0.03334
v 0.01444 0.09546 -0.02162
v 0.02709 0.00013 -0.06540
v 0.02709 0.00013 -0.06540
v 0.02692 0.00127 -0.06499
v 0.02390 0.00804 -0.05770
v 0.01999 0.01387 -0.04825
v 0.01590 0.01956 -0.03839
v 0.01238 0.02588 -0.02989
v 0.01015 0.03365 -0.02450
v 0.00994 0.04364 -0.02399
v 0.01659 0.05135 -0.04005
v 0.02008 0.06080 -0.04847
v 0.02078 0.07095 -0.05018
v 0.01908 0.08079 -0.04606
v 0.01534 0.08930 -0.03704
v 0.01534 0.08930 -0.03704
v 0.00995 0.09546 -0.02402
v 0.01381 0.00013 -0.06943
v 0.01381 0.00013 -0.06943
v 0.01372 0.00127 -0.06900
v 0.01218 0.00804 -0.06126
v 0.01019 0.01387 -0.05122
v 0.00811 0.01956 -0.04076
v 0.00631 0.02588 -0.03173
v 0.00517 0.03365 -0.02601
v 0.00507 0.04364 -0.02547
v 0.00846 0.05135 -0.04251
v 0.01024 0.06080 -0.05146
v 0.01060 0.07095 -0.05327
v 0.00973 0.08079 -0.04890
v 0.00782 0.08930 -0.03932
v 0.00782 0.08930 -0.03932
v 0.00507 0.09546 -0.02550
v 0.00000 0.00013 -0.07079
v 0.00000 0.00013 -0.07079
v 0.00000 0.00127 -0.07035
v 0.00000 0.00804 -0.06246
v 0.00000 0.01387 -0.05222
v 0.00000 0.01956 -0.04156
v 0.00000 0.02588 -0.03235
v 0.00000 0.03365 -0.02652
v 0.00000 0.04364 -0.02597
v 0.00000 0.05135 -0.04335
v 0.00000 0.06080 -0.05247
v 0.00000 0.07095 -0.05431
v 0.00000 0.08079 -0.04986
v 0.00000 0.08930 -0.04009
v 0.00000 0.08930 -0.04009
v 0.00000 0.09546 -0.02600
v -0.01381 0.00013 -0.06943
v 0.00000 0.00013 -0.07079
v -0.01381 0.00013 -0.06943
v -0.01372 0.00127 -0.06900
v 0.00000 0.00127 -0.07035
v -0.01218 0.00804 -0.06126
v 0.00000 0.00804 -0.06246
v -0.01019 0.01387 -0.05122
v 0.00000 0.01387 -0.05222
v -0.00811 0.01956 -0.04076
v 0.00000 0.01956 -0.04156
v -0.00631 0.02588 -0.03173
v 0.00000 0.02588 -0.03235
v -0.00517 0.03365 -0.02601
v 0.00000 0.03365 -0.02652
v -0.00507 0.04364 -0.02547
v 0.00000 0.04364 -0.02597
v -0.00846 0.05135 -0.04251
v 0.00000 0.05135 -0.04335
v -0.01024 0.06080 -0.05146
v 0.00000 0.06080 -0.05247
v -0.01060 0.07095 -0.05327
v 0.00000 0.07095 -0.05431
v -0.00973 0.08079 -0.04890
v 0.00000 0.08079 -0.04986
v -0.00782 0.08930 -0.03932
v 0.00000 0.08930 -0.04009
v -0.00782 0.08930 -0.03932
v -0.00507 0.09546 -0.02550
v -0.02709 0.00013 -0.06540
v -0.02709 0.00013 -0.06540
v -0.02692 0.00127 -0.06499
v -0.02390 0.00804 -0.05770
v -0.01999 0.01387 -0.04825
v -0.01590 0.01956 -0.03839
v -0.01238 0.02588 -0.02989
v -0.01015 0.03365 -0.02450
v -0.00994 0.04364 -0.02399
v -0.01659 0.05135 -0.04005
v -0.02008 0.06080 -0.04847
v -0.02078 0.07095 -0.05018
v -0.01908 0.08079 -0.04606
v -0.01534 0.08930 -0.03704
v -0.01534 0.08930 -0.03704
v -0.00995 0.09546 -0.02402
v -0.03933 0.00013 -0.05886
v -0.03933 0.00013 -0.05886
v -0.03908 0.00127 -0.05849
v -0.03470 0.00804 -0.05193
v -0.02901 0.01387 -0.04342
v -0.02309 0.01956 -0.03455
v -0.01797 0.02588 -0.02690
v -0.01474 0.03365 -0.02205
v -0.01443 0.04364 -0.02159
v -0.02408 0.05135 -0.03604
v -0.02915 0.06079 -0.04362
v -0.03017 0.07095 -0.04516
v -0.02770 0.08079 -0.04145
v -0.02227 0.08930 -0.03334
v -0.02227 0.08930 -0.03334
v -0.01444 0.09546 -0.02162
v -0.05006 0.00013 -0.05006
v -0.05006 0.00013 -0.05006
v -0.04974 0.00127 -0.04974
v -0.04416 0.00804 -0.04416
v -0.03693 0.01387 -0.03693
v -0.02938 0.01956 -0.02938
v -0.02288 0.02588 -0.02288
v -0.01875 0.03365 -0.01875
v -0.01836 0.04364 -0.01836
v -0.03065 0.05135 -0.03065
v -0.03710 0.06080 -0.03710
v -0.03840 0.07095 -0.03840
v -0.03525 0.08079 -0.03525
v -0.02835 0.08930 -0.02835
v -0.02835 0.08930 -0.02835
v -0.01838 0.09546 -0.01838
v -0.05886 0.00013 -0.03933
v -0.05886 0.00013 -0.03933
v -0.05849 0.00127 -0.03908
v -0.05193 0.00804 -0.03470
v -0.04342 0.01387 -0.02901
v -0.03455 0.01956 -0.02309
v -0.02690 0.02588 -0.01797
v -0.02205 0.03365 -0.01474
v -0.02159 0.04364 -0.01443
v -0.03604 0.05135 -0.02408
v -0.04362 0.06080 -0.02915
v -0.04516 0.07095 -0.03017
v -0.04145 0.08079 -0.02770
v -0.03334 0.08930 -0.02227
v -0.03334 0.08930 -0.02227
v -0.02162 0.09546 -0.01444
v -0.06540 0.00013 -0.02709
v -0.06540 0.00013 -0.02709
v -0.06499 0.00127 -0.02692
v -0.05770 0.00804 -0.02390
v -0.04825 0.01387 -0.01999
v -0.03839 0.01956 -0.01590
v -0.02989 0.02588 -0.01238
v -0.02450 0.03365 -0.01015
v -0.02399 0.04364 -0.00994
v -0.04005 0.05135 -0.01659
v -0.04847 0.06080 -0.02008
v -0.05018 0.07095 -0.02078
v -0.04606 0.08079 -0.01908
v -0.03704 0.08930 -0.01534
v -0.03704 0.08930 -0.01534
v -0.02402 0.09546 -0.00995
v -0.06943 0.00013 -0.01381
v -0.06943 0.00013 -0.01381
v -0.06900 0.00127 -0.01372
v -0.06126 0.00804 -0.01218
v -0.05122 0.01387 -0.01019
v -0.04076 0.01956 -0.00811
v -0.03173 0.02588 -0.00631
v -0.02601 0.03365 -0.00517
v -0.02547 0.04364 -0.00507
v -0.04251 0.05135 -0.00846
v -0.05146 0.06080 -0.01024
v -0.05327 0.07095 -0.01060
v -0.04890 0.08079 -0.00973
v -0.03932 0.08930 -0.00782
v -0.03932 0.08930 -0.00782
v -0.02550 0.09546 -0.00507
v -0.04681 0.11282 -0.01939
v -0.04213 0.11282 -0.02814
v -0.03584 0.11282 -0.03581
v -0.02817 0.11282 -0.04211
v -0.01942 0.11282 -0.04679
v -0.00992 0.11282 -0.04967
v -0.00005 0.11282 -0.05064
v 0.00983 0.11282 -0.04967
v 0.01932 0.11282 -0.04679
v 0.02807 0.11282 -0.04211
v 0.03574 0.11282 -0.03581
v 0.04203 0.11282 -0.02814
v 0.04671 0.11282 -0.01939
v 0.04959 0.11282 -0.00990
v 0.05056 0.11282 -0.00003
v 0.04959 0.11282 0.00985
v 0.04671 0.11282 0.01934
v 0.04203 0.11282 0.02809
v 0.03574 0.11282 0.03576
v 0.02807 0.11282 0.04205
v 0.01932 0.11282 0.04673
v 0.00983 0.11282 0.04961
v -0.00005 0.11282 0.05058
v -0.00992 0.11282 0.04961
v -0.01942 0.11282 0.04673
v -0.02817 0.11282 0.04205
v -0.03584 0.11282 0.03576
v -0.04213 0.11282 0.02809
v -0.04681 0.11282 0.01934
v -0.04969 0.11282 0.00985
v -0.05066 0.11282 -0.00003
v -0.04969 0.11282 -0.00990
v 0.05209 0.11536 -0.01040
v 0.05209 0.26436 -0.01040
v 0.05311 0.26436 -0.00003
v 0.05311 0.11536 -0.00003
v 0.04907 0.11536 -0.02037
v 0.04907 0.26436 -0.02037
v 0.04416 0.11536 -0.02956
v 0.04416 0.26436 -0.02956
v 0.03754 0.11536 -0.03762
v 0.03754 0.26436 -0.03762
v 0.02949 0.11536 -0.04423
v 0.02949 0.26436 -0.04423
v 0.02030 0.11536 -0.04914
v 0.02030 0.26436 -0.04914
v 0.01032 0.11536 -0.05217
v 0.01032 0.26436 -0.05217
v -0.00005 0.11536 -0.05319
v -0.00005 0.26436 -0.05319
v -0.01042 0.11536 -0.05217
v -0.01042 0.26436 -0.05217
v -0.00005 0.26436 -0.05319
v -0.00005 0.11536 -0.05319
v -0.02039 0.11536 -0.04914
v -0.02039 0.26436 -0.04914
v -0.02958 0.11536 -0.04423
v -0.02958 0.26436 -0.04423
v -0.03764 0.11536 -0.03762
v -0.03764 0.26436 -0.03762
v -0.04425 0.11536 -0.02956
v -0.04425 0.26436 -0.02956
v -0.04916 0.11536 -0.02037
v -0.04916 0.26436 -0.02037
v -0.05219 0.11536 -0.01040
v -0.05219 0.26436 -0.01040
v -0.05321 0.11536 -0.00003
v -0.05321 0.26436 -0.00003
v -0.05219 0.11536 0.01034
v -0.05219 0.26436 0.01034
v -0.04916 0.11536 0.02032
v -0.04916 0.26436 0.02032
v -0.04425 0.11536 0.02951
v -0.04425 0.26436 0.02951
v -0.03764 0.11536 0.03757
v -0.03764 0.26436 0.03757
v -0.02958 0.11536 0.04418
v -0.02958 0.26436 0.04418
v -0.02039 0.11536 0.04909
v -0.02039 0.26436 0.04909
v -0.01042 0.11536 0.05211
v -0.01042 0.26436 0.05211
v -0.00005 0.11536 0.05314
v -0.00005 0.26436 0.05314
v 0.01032 0.11536 0.05211
v 0.01032 0.26436 0.05211
v 0.02030 0.11536 0.04909
v 0.02030 0.26436 0.04909
v 0.02949 0.11536 0.04418
v 0.02949 0.26436 0.04418
v 0.03754 0.11536 0.03756
v 0.03754 0.26436 0.03756
v 0.04416 0.11536 0.02951
v 0.04416 0.26436 0.02951
v 0.04907 0.11536 0.02032
v 0.04907 0.26436 0.02032
v 0.05209 0.11536 0.01034
v 0.05209 0.26436 0.01034
v -0.02121 0.25622 -0.00003
v -0.02081 0.25622 0.00410
v -0.01960 0.25622 0.00807
v -0.01765 0.25622 0.01173
v -0.01502 0.25622 0.01494
v -0.01181 0.25622 0.01757
v -0.00815 0.25622 0.01953
v -0.00418 0.25622 0.02073
v -0.00005 0.25622 0.02114
v 0.00408 0.25622 0.02073
v 0.00805 0.25622 0.01953
v 0.01171 0.25622 0.01757
v 0.01492 0.25622 0.01494
v 0.01755 0.25622 0.01173
v 0.01951 0.25622 0.00807
v 0.02071 0.25622 0.00410
v 0.02112 0.25622 -0.00003
v 0.02071 0.25622 -0.00416
v 0.01951 0.25622 -0.00813
v 0.01755 0.25622 -0.01179
v 0.01492 0.25622 -0.01499
v 0.01171 0.25622 -0.01763
v 0.00805 0.25622 -0.01958
v 0.00408 0.25622 -0.02079
v -0.00005 0.25622 -0.02119
v -0.00418 0.25622 -0.02079
v -0.00815 0.25622 -0.01958
v -0.01181 0.25622 -0.01763
v -0.01502 0.25622 -0.01499
v -0.01765 0.25622 -0.01179
v -0.01960 0.25622 -0.00813
v -0.02081 0.25622 -0.00416
v 0.04959 0.26690 -0.00990
v 0.02572 0.26690 -0.00515
v 0.02622 0.26690 -0.00003
v 0.05056 0.26690 -0.00003
v 0.04671 0.26690 -0.01939
v 0.02422 0.26690 -0.01008
v 0.04203 0.26690 -0.02814
v 0.02180 0.26690 -0.01462
v 0.03574 0.26690 -0.03581
v 0.01853 0.26690 -0.01860
v 0.02807 0.26690 -0.04211
v 0.01455 0.26690 -0.02187
v 0.01932 0.26690 -0.04679
v 0.01001 0.26690 -0.02430
v 0.00983 0.26690 -0.04967
v 0.00508 0.26690 -0.02579
v -0.00005 0.26690 -0.05064
v -0.00005 0.26690 -0.02630
v -0.00992 0.26690 -0.04967
v -0.00517 0.26690 -0.02579
v -0.01942 0.26690 -0.04679
v -0.01010 0.26690 -0.02430
v -0.02817 0.26690 -0.04211
v -0.01464 0.26690 -0.02187
v -0.03584 0.26690 -0.03581
v -0.01862 0.26690 -0.01860
v -0.04213 0.26690 -0.02814
v -0.02189 0.26690 -0.01462
v -0.04681 0.26690 -0.01939
v -0.02432 0.26690 -0.01008
v -0.04969 0.26690 -0.00990
v -0.02581 0.26690 -0.00515
v -0.05066 0.26690 -0.00003
v -0.02632 0.26690 -0.00003
v -0.04969 0.26690 0.00985
v -0.02581 0.26690 0.00510
v -0.04681 0.26690 0.01934
v -0.02432 0.26690 0.01003
v -0.04213 0.26690 0.02809
v -0.02189 0.26690 0.01457
v -0.03584 0.26690 0.03576
v -0.01862 0.26690 0.01855
v -0.02817 0.26690 0.04205
v -0.01464 0.26690 0.02182
v -0.01942 0.26690 0.04673
v -0.01010 0.26690 0.02424
v -0.00992 0.26690 0.04961
v -0.00517 0.26690 0.02574
v -0.00005 0.26690 0.05058
v -0.00005 0.26690 0.02624
v 0.00983 0.26690 0.04961
v 0.00508 0.26690 0.02574
v 0.01932 0.26690 0.04673
v 0.01001 0.26690 0.02424
v 0.02807 0.26690 0.04205
v 0.01455 0.26690 0.02182
v 0.03574 0.26690 0.03576
v 0.01853 0.26690 0.01855
v 0.04203 0.26690 0.02809
v 0.02180 0.26690 0.01457
v 0.04671 0.26690 0.01934
v 0.02422 0.26690 0.01003
v 0.04959 0.26690 0.00985
v 0.02572 0.26690 0.00510
v 0.02321 0.26436 -0.00465
v 0.02321 0.25876 -0.00465
v 0.02367 0.25876 -0.00003
v 0.02367 0.26436 -0.00003
v 0.02186 0.26436 -0.00910
v 0.02186 0.25876 -0.00910
v 0.01967 0.26436 -0.01320
v 0.01967 0.25876 -0.01320
v 0.01672 0.26436 -0.01680
v 0.01672 0.25876 -0.01680
v 0.01313 0.26436 -0.01975
v 0.01313 0.25876 -0.01975
v 0.00903 0.26436 -0.02194
v 0.00903 0.25876 -0.02194
v 0.00458 0.26436 -0.02329
v 0.00458 0.25876 -0.02329
v -0.00005 0.26436 -0.02375
v -0.00005 0.25876 -0.02375
v -0.00468 0.26436 -0.02329
v -0.00468 0.25876 -0.02329
v -0.00912 0.26436 -0.02194
v -0.00912 0.25876 -0.02194
v -0.01323 0.26436 -0.01975
v -0.01323 0.25876 -0.01975
v -0.01682 0.26436 -0.01680
v -0.01682 0.25876 -0.01680
v -0.01977 0.26436 -0.01320
v -0.01977 0.25876 -0.01320
v -0.02196 0.26436 -0.00910
v -0.02196 0.25876 -0.00910
v -0.02331 0.26436 -0.00465
v -0.02331 0.25876 -0.00465
v -0.02377 0.26436 -0.00003
v -0.02377 0.25876 -0.00003
v -0.02331 0.26436 0.00460
v -0.02331 0.25876 0.00460
v -0.02196 0.26436 0.00905
v -0.02196 0.25876 0.00905
v -0.01977 0.26436 0.01315
v -0.01977 0.25876 0.01315
v -0.01682 0.26436 0.01674
v -0.01682 0.25876 0.01674
v -0.01323 0.26436 0.01969
v -0.01323 0.25876 0.01969
v -0.00912 0.26436 0.02189
v -0.00912 0.25876 0.02189
v -0.00468 0.26436 0.02324
v -0.00468 0.25876 0.02324
v -0.00005 0.26436 0.02369
v -0.00005 0.25876 0.02369
v 0.00458 0.26436 0.02324
v 0.00458 0.25876 0.02324
v 0.00903 0.26436 0.02189
v 0.00903 0.25876 0.02189
v 0.01313 0.26436 0.01969
v 0.01313 0.25876 0.01969
v 0.01672 0.26436 0.01674
v 0.01672 0.25876 0.01674
v 0.01967 0.26436 0.01315
v 0.01967 0.25876 0.01315
v 0.02186 0.26436 0.00905
v 0.02186 0.25876 0.00905
v 0.02321 0.26436 0.00460
v 0.02321 0.25876 0.00460
v 0.05147 0.11345 0.01022
v 0.04848 0.11345 0.02007
v 0.04362 0.11345 0.02915
v 0.03709 0.11345 0.03711
v 0.02913 0.11345 0.04365
v 0.02005 0.11345 0.04850
v 0.01020 0.11345 0.05149
v -0.00005 0.11345 0.05250
v -0.01030 0.11345 0.05149
v -0.02015 0.11345 0.04850
v -0.02923 0.11345 0.04365
v -0.03719 0.11345 0.03711
v -0.04372 0.11345 0.02915
v -0.04858 0.11345 0.02007
v -0.05156 0.11345 0.01022
v -0.05257 0.11345 -0.00003
v -0.05156 0.11345 -0.01027
v -0.04858 0.11345 -0.02013
v -0.04372 0.11345 -0.02921
v -0.03719 0.11345 -0.03717
v -0.02923 0.11345 -0.04370
v -0.02015 0.11345 -0.04855
v -0.01030 0.11345 -0.05154
v -0.00005 0.11345 -0.05255
v 0.01020 0.11345 -0.05154
v 0.02005 0.11345 -0.04855
v 0.02913 0.11345 -0.04370
v 0.03709 0.11345 -0.03717
v 0.04362 0.11345 -0.02921
v 0.04848 0.11345 -0.02013
v 0.05147 0.11345 -0.01027
v 0.05248 0.11345 -0.00003
v 0.05248 0.11345 -0.00003
v 0.05147 0.11345 -0.01027
v 0.05147 0.26626 -0.01027
v 0.05248 0.26626 -0.00003
v 0.04848 0.11345 -0.02013
v 0.04848 0.26626 -0.02013
v 0.04362 0.11345 -0.02921
v 0.04362 0.26626 -0.02921
v 0.03709 0.11345 -0.03717
v 0.03709 0.26626 -0.03717
v 0.02913 0.11345 -0.04370
v 0.02913 0.26626 -0.04370
v 0.02005 0.11345 -0.04855
v 0.02005 0.26626 -0.04855
v 0.01020 0.11345 -0.05154
v 0.01020 0.26626 -0.05154
v -0.00005 0.11345 -0.05255
v -0.00005 0.26626 -0.05255
v -0.00005 0.11345 -0.05255
v -0.01030 0.11345 -0.05154
v -0.01030 0.26626 -0.05154
v -0.00005 0.26626 -0.05255
v -0.02015 0.11345 -0.04855
v -0.02015 0.26626 -0.04855
v -0.02923 0.11345 -0.04370
v -0.02923 0.26626 -0.04370
v -0.03719 0.11345 -0.03717
v -0.03719 0.26626 -0.03717
v -0.04372 0.11345 -0.02921
v -0.04372 0.26626 -0.02921
v -0.04858 0.11345 -0.02013
v -0.04858 0.26626 -0.02013
v -0.05156 0.11345 -0.01027
v -0.05156 0.26626 -0.01027
v -0.05257 0.11345 -0.00003
v -0.05257 0.26626 -0.00003
v -0.05156 0.11345 0.01022
v -0.05156 0.26626 0.01022
v -0.04858 0.11345 0.02007
v -0.04858 0.26626 0.02007
v -0.04372 0.11345 0.02915
v -0.04372 0.26626 0.02915
v -0.03719 0.11345 0.03711
v -0.03719 0.26626 0.03711
v -0.02923 0.11345 0.04365
v -0.02923 0.26626 0.04365
v -0.02015 0.11345 0.04850
v -0.02015 0.26626 0.04850
v -0.01030 0.11345 0.05149
v -0.01030 0.26626 0.05149
v -0.00005 0.11345 0.05250
v -0.00005 0.26626 0.05250
v 0.01020 0.11345 0.05149
v 0.01020 0.26626 0.05149
v 0.02005 0.11345 0.04850
v 0.02005 0.26626 0.04850
v 0.02913 0.11345 0.04365
v 0.02913 0.26626 0.04365
v 0.03709 0.11345 0.03711
v 0.03709 0.26626 0.03711
v 0.04362 0.11345 0.02915
v 0.04362 0.26626 0.02915
v 0.04848 0.11345 0.02007
v 0.04848 0.26626 0.02007
v 0.05147 0.11345 0.01022
v 0.05147 0.26626 0.01022
v 0.02259 0.25686 0.00448
v 0.02303 0.25686 -0.00003
v 0.02259 0.25686 -0.00453
v 0.02128 0.25686 -0.00886
v 0.01914 0.25686 -0.01285
v 0.01627 0.25686 -0.01635
v 0.01277 0.25686 -0.01922
v 0.00878 0.25686 -0.02135
v 0.00445 0.25686 -0.02266
v -0.00005 0.25686 -0.02311
v -0.00455 0.25686 -0.02266
v -0.00888 0.25686 -0.02135
v -0.01287 0.25686 -0.01922
v -0.01637 0.25686 -0.01635
v -0.01924 0.25686 -0.01285
v -0.02137 0.25686 -0.00886
v -0.02269 0.25686 -0.00453
v -0.02313 0.25686 -0.00003
v -0.02269 0.25686 0.00448
v -0.02137 0.25686 0.00881
v -0.01924 0.25686 0.01280
v -0.01637 0.25686 0.01629
v -0.01287 0.25686 0.01916
v -0.00888 0.25686 0.02130
v -0.00455 0.25686 0.02261
v -0.00005 0.25686 0.02305
v 0.00445 0.25686 0.02261
v 0.00878 0.25686 0.02130
v 0.01277 0.25686 0.01916
v 0.01627 0.25686 0.01629
v 0.01914 0.25686 0.01280
v 0.02128 0.25686 0.00881
v 0.05248 0.26626 -0.00003
v 0.05147 0.26626 -0.01027
v 0.02384 0.26626 -0.00478
v 0.02431 0.26626 -0.00003
v 0.04848 0.26626 -0.02013
v 0.02245 0.26626 -0.00935
v 0.04362 0.26626 -0.02921
v 0.02020 0.26626 -0.01356
v 0.03709 0.26626 -0.03717
v 0.01717 0.26626 -0.01725
v 0.02913 0.26626 -0.04370
v 0.01348 0.26626 -0.02028
v 0.02005 0.26626 -0.04855
v 0.00927 0.26626 -0.02253
v 0.01020 0.26626 -0.05154
v 0.00470 0.26626 -0.02392
v -0.00005 0.26626 -0.05255
v -0.00005 0.26626 -0.02438
v -0.01030 0.26626 -0.05154
v -0.00480 0.26626 -0.02392
v -0.02015 0.26626 -0.04855
v -0.00937 0.26626 -0.02253
v -0.02923 0.26626 -0.04370
v -0.01358 0.26626 -0.02028
v -0.03719 0.26626 -0.03717
v -0.01727 0.26626 -0.01725
v -0.04372 0.26626 -0.02921
v -0.02030 0.26626 -0.01356
v -0.04858 0.26626 -0.02013
v -0.02255 0.26626 -0.00935
v -0.05156 0.26626 -0.01027
v -0.02394 0.26626 -0.00478
v -0.05257 0.26626 -0.00003
v -0.02440 0.26626 -0.00003
v -0.05156 0.26626 0.01022
v -0.02394 0.26626 0.00472
v -0.04858 0.26626 0.02007
v -0.02255 0.26626 0.00929
v -0.04372 0.26626 0.02915
v -0.02030 0.26626 0.01350
v -0.03719 0.26626 0.03711
v -0.01727 0.26626 0.01720
v -0.02923 0.26626 0.04365
v -0.01358 0.26626 0.02022
v -0.02015 0.26626 0.04850
v -0.00937 0.26626 0.02248
v -0.01030 0.26626 0.05149
v -0.00480 0.26626 0.02386
v -0.00005 0.26626 0.05250
v -0.00005 0.26626 0.02433
v 0.01020 0.26626 0.05149
v 0.00470 0.26626 0.02386
v 0.02005 0.26626 0.04850
v 0.00927 0.26626 0.02248
v 0.02913 0.26626 0.04365
v 0.01348 0.26626 0.02022
v 0.03709 0.26626 0.03711
v 0.01717 0.26626 0.01720
v 0.04362 0.26626 0.02915
v 0.02020 0.26626 0.01350
v 0.04848 0.26626 0.02007
v 0.02245 0.26626 0.00929
v 0.05147 0.26626 0.01022
v 0.02384 0.26626 0.00472
v -0.00029 0.25479 -0.00060
v -0.00045 0.26008 -0.00060
v 0.00036 0.26008 -0.00026
v 0.00053 0.25479 -0.00026
v -0.00062 0.25479 0.00021
v -0.00079 0.26008 0.00021
v -0.00045 0.26008 -0.00060
v -0.00029 0.25479 -0.00060
v 0.00019 0.25479 0.00055
v 0.00003 0.26008 0.00055
v 0.00087 0.27212 -0.00060
v 0.00051 0.27213 0.00021
v 0.00129 0.27189 0.00055
v 0.00164 0.27188 -0.00026
v 0.00017 0.26868 -0.00060
v 0.00098 0.26868 -0.00026
v 0.00053 0.26536 -0.00026
v -0.00029 0.26536 -0.00060
v -0.00017 0.26868 0.00021
v 0.00017 0.26868 -0.00060
v -0.00029 0.26536 -0.00060
v -0.00062 0.26536 0.00021
v 0.00019 0.26536 0.00055
v 0.00064 0.26868 0.00055
v 0.00051 0.27213 0.00021
v 0.00087 0.27212 -0.00060
v 0.00129 0.27189 0.00055
vt 0.78230 0.29878
vt 0.85083 0.30648
vt 0.84801 0.31970
vt 0.77408 0.07824
vt 0.78266 0.07824
vt 0.78266 0.07921
vt 0.77408 0.07921
vt 0.78266 0.08664
vt 0.77408 0.08664
vt 0.78266 0.09597
vt 0.77408 0.09597
vt 0.78266 0.10795
vt 0.77408 0.10795
vt 0.78266 0.12055
vt 0.77408 0.12055
vt 0.78266 0.13432
vt 0.77408 0.13432
vt 0.78266 0.15012
vt 0.77408 0.15012
vt 0.78266 0.17239
vt 0.77408 0.17239
vt 0.78266 0.18481
vt 0.77408 0.18481
vt 0.78266 0.19345
vt 0.77408 0.19345
vt 0.78266 0.20182
vt 0.77408 0.20182
vt 0.78266 0.21308
vt 0.77408 0.21308
vt 0.94393 0.26460
vt 0.94558 0.27238
vt 0.93142 0.27397
vt 0.93034 0.26893
vt 0.90529 0.27691
vt 0.85101 0.29297
vt 0.79124 0.07824
vt 0.79124 0.07921
vt 0.79124 0.08664
vt 0.79124 0.09597
vt 0.79124 0.10795
vt 0.79124 0.12055
vt 0.79124 0.13432
vt 0.79124 0.15012
vt 0.79124 0.17239
vt 0.79124 0.18481
vt 0.79124 0.19345
vt 0.79124 0.20182
vt 0.79124 0.21308
vt 0.94569 0.28033
vt 0.93149 0.27912
vt 0.84856 0.27967
vt 0.79982 0.07824
vt 0.79982 0.07921
vt 0.79982 0.08664
vt 0.79982 0.09597
vt 0.79982 0.10795
vt 0.79982 0.12055
vt 0.79982 0.13432
vt 0.79982 0.15012
vt 0.79982 0.17239
vt 0.79982 0.18481
vt 0.79982 0.19345
vt 0.79982 0.20182
vt 0.79982 0.21308
vt 0.94425 0.28814
vt 0.93055 0.28419
vt 0.84356 0.26712
vt 0.80840 0.07824
vt 0.80840 0.07921
vt 0.80840 0.08664
vt 0.80840 0.09597
vt 0.80840 0.10795
vt 0.80840 0.12055
vt 0.80840 0.13432
vt 0.80840 0.15012
vt 0.80840 0.17239
vt 0.80840 0.18481
vt 0.80840 0.19345
vt 0.80840 0.20182
vt 0.80840 0.21308
vt 0.94131 0.29553
vt 0.92865 0.28898
vt 0.83620 0.25577
vt 0.81698 0.07824
vt 0.81698 0.07921
vt 0.81698 0.08664
vt 0.81698 0.09597
vt 0.81698 0.10795
vt 0.81698 0.12055
vt 0.81698 0.13432
vt 0.81698 0.15012
vt 0.81698 0.17239
vt 0.81698 0.18481
vt 0.81698 0.19345
vt 0.81698 0.20182
vt 0.81698 0.21308
vt 0.93698 0.30220
vt 0.92584 0.29331
vt 0.82678 0.24608
vt 0.82556 0.07824
vt 0.82556 0.07921
vt 0.82556 0.08664
vt 0.82556 0.09597
vt 0.82556 0.10795
vt 0.82556 0.12055
vt 0.82556 0.13432
vt 0.82556 0.15012
vt 0.82556 0.17239
vt 0.82556 0.18481
vt 0.82556 0.19345
vt 0.82556 0.20182
vt 0.82556 0.21308
vt 0.93144 0.30790
vt 0.92225 0.29700
vt 0.81564 0.23842
vt 0.83414 0.07824
vt 0.83414 0.07921
vt 0.83414 0.08664
vt 0.83414 0.09597
vt 0.83414 0.10795
vt 0.83414 0.12055
vt 0.83414 0.13432
vt 0.83414 0.15012
vt 0.83414 0.17239
vt 0.83414 0.18481
vt 0.83414 0.19345
vt 0.83414 0.20182
vt 0.83414 0.21308
vt 0.92489 0.31240
vt 0.91800 0.29992
vt 0.80323 0.23308
vt 0.84272 0.07824
vt 0.84272 0.07921
vt 0.84272 0.08664
vt 0.84272 0.09597
vt 0.84272 0.10795
vt 0.84272 0.12055
vt 0.84272 0.13432
vt 0.84272 0.15012
vt 0.84272 0.17239
vt 0.84272 0.18481
vt 0.84272 0.19345
vt 0.84272 0.20182
vt 0.84272 0.21308
vt 0.91759 0.31554
vt 0.91327 0.30196
vt 0.79000 0.23026
vt 0.85130 0.07824
vt 0.85130 0.07921
vt 0.85130 0.08664
vt 0.85130 0.09597
vt 0.85130 0.10795
vt 0.85130 0.12055
vt 0.85130 0.13432
vt 0.85130 0.15012
vt 0.85130 0.17239
vt 0.85130 0.18481
vt 0.85130 0.19345
vt 0.85130 0.20182
vt 0.85130 0.21308
vt 0.90982 0.31720
vt 0.90823 0.30304
vt 0.77649 0.23007
vt 0.85988 0.07824
vt 0.85988 0.07921
vt 0.85988 0.08664
vt 0.85988 0.09597
vt 0.85988 0.10795
vt 0.85988 0.12055
vt 0.85988 0.13432
vt 0.85988 0.15012
vt 0.85988 0.17239
vt 0.85988 0.18481
vt 0.85988 0.19345
vt 0.85988 0.20182
vt 0.85988 0.21308
vt 0.90187 0.31731
vt 0.90307 0.30311
vt 0.76320 0.23253
vt 0.86846 0.07824
vt 0.86846 0.07921
vt 0.86846 0.08664
vt 0.86846 0.09597
vt 0.86846 0.10795
vt 0.86846 0.12055
vt 0.86846 0.13432
vt 0.86846 0.15012
vt 0.86846 0.17239
vt 0.86846 0.18481
vt 0.86846 0.19345
vt 0.86846 0.20182
vt 0.86846 0.21308
vt 0.89405 0.31587
vt 0.89800 0.30217
vt 0.75064 0.23753
vt 0.87704 0.07824
vt 0.87704 0.07921
vt 0.87704 0.08664
vt 0.87704 0.09597
vt 0.87704 0.10795
vt 0.87704 0.12055
vt 0.87704 0.13432
vt 0.87704 0.15012
vt 0.87704 0.17239
vt 0.87704 0.18481
vt 0.87704 0.19345
vt 0.87704 0.20182
vt 0.87704 0.21308
vt 0.88667 0.31293
vt 0.89322 0.30026
vt 0.73929 0.24488
vt 0.88562 0.07824
vt 0.88562 0.07921
vt 0.88562 0.08664
vt 0.88562 0.09597
vt 0.88562 0.10795
vt 0.88562 0.12055
vt 0.88562 0.13432
vt 0.88562 0.15012
vt 0.88562 0.17239
vt 0.88562 0.18481
vt 0.88562 0.19345
vt 0.88562 0.20182
vt 0.88562 0.21308
vt 0.88000 0.30860
vt 0.88889 0.29746
vt 0.72961 0.25431
vt 0.89420 0.07824
vt 0.89420 0.07921
vt 0.89420 0.08664
vt 0.89420 0.09597
vt 0.89420 0.10795
vt 0.89420 0.12055
vt 0.89420 0.13432
vt 0.89420 0.15012
vt 0.89420 0.17239
vt 0.89420 0.18481
vt 0.89420 0.19345
vt 0.89420 0.20182
vt 0.89420 0.21308
vt 0.87430 0.30306
vt 0.88520 0.29387
vt 0.72194 0.26544
vt 0.90278 0.07824
vt 0.90278 0.07921
vt 0.90278 0.08664
vt 0.90278 0.09597
vt 0.90278 0.10795
vt 0.90278 0.12055
vt 0.90278 0.13432
vt 0.90278 0.15012
vt 0.90278 0.17239
vt 0.90278 0.18481
vt 0.90278 0.19345
vt 0.90278 0.20182
vt 0.90278 0.21308
vt 0.86980 0.29651
vt 0.88227 0.28962
vt 0.71660 0.27786
vt 0.91136 0.07824
vt 0.91136 0.07921
vt 0.91136 0.08664
vt 0.91136 0.09597
vt 0.91136 0.10795
vt 0.91136 0.12055
vt 0.91136 0.13432
vt 0.91136 0.15012
vt 0.91136 0.17239
vt 0.91136 0.18481
vt 0.91136 0.19345
vt 0.91136 0.20182
vt 0.91136 0.21308
vt 0.86665 0.28921
vt 0.88024 0.28489
vt 0.71378 0.29108
vt 0.91994 0.07824
vt 0.91994 0.07921
vt 0.91994 0.08664
vt 0.91994 0.09597
vt 0.91994 0.10795
vt 0.91994 0.12055
vt 0.91994 0.13432
vt 0.91994 0.15012
vt 0.91994 0.17239
vt 0.91994 0.18481
vt 0.91994 0.19345
vt 0.91994 0.20182
vt 0.91994 0.21308
vt 0.86500 0.28144
vt 0.87916 0.27984
vt 0.71359 0.30460
vt 0.92852 0.07824
vt 0.92852 0.07921
vt 0.92852 0.08664
vt 0.92852 0.09597
vt 0.92852 0.10795
vt 0.92852 0.12055
vt 0.92852 0.13432
vt 0.92852 0.15012
vt 0.92852 0.17239
vt 0.92852 0.18481
vt 0.92852 0.19345
vt 0.92852 0.20182
vt 0.92852 0.21308
vt 0.86489 0.27349
vt 0.87909 0.27469
vt 0.71605 0.31789
vt 0.93710 0.07824
vt 0.93710 0.07921
vt 0.93710 0.08664
vt 0.93710 0.09597
vt 0.93710 0.10795
vt 0.93710 0.12055
vt 0.93710 0.13432
vt 0.93710 0.15012
vt 0.93710 0.17239
vt 0.93710 0.18481
vt 0.93710 0.19345
vt 0.93710 0.20182
vt 0.93710 0.21308
vt 0.86633 0.26567
vt 0.88003 0.26962
vt 0.72105 0.33045
vt 0.94568 0.07824
vt 0.94568 0.07921
vt 0.94568 0.08664
vt 0.94568 0.09597
vt 0.94568 0.10795
vt 0.94568 0.12055
vt 0.94568 0.13432
vt 0.94568 0.15012
vt 0.94568 0.17239
vt 0.94568 0.18481
vt 0.94568 0.19345
vt 0.94568 0.20182
vt 0.94568 0.21308
vt 0.86927 0.25829
vt 0.88193 0.26483
vt 0.72840 0.34179
vt 0.95426 0.07824
vt 0.95426 0.07921
vt 0.95426 0.08664
vt 0.95426 0.09597
vt 0.95426 0.10795
vt 0.95426 0.12055
vt 0.95426 0.13432
vt 0.95426 0.15012
vt 0.95426 0.17239
vt 0.95426 0.18481
vt 0.95426 0.19345
vt 0.95426 0.20182
vt 0.95426 0.21308
vt 0.87359 0.25162
vt 0.88474 0.26051
vt 0.73783 0.35148
vt 0.96284 0.07824
vt 0.96284 0.07921
vt 0.96284 0.08664
vt 0.96284 0.09597
vt 0.96284 0.10795
vt 0.96284 0.12055
vt 0.96284 0.13432
vt 0.96284 0.15012
vt 0.96284 0.17239
vt 0.96284 0.18481
vt 0.96284 0.19345
vt 0.96284 0.20182
vt 0.96284 0.21308
vt 0.87914 0.24592
vt 0.88833 0.25681
vt 0.74896 0.35914
vt 0.97142 0.07824
vt 0.97142 0.07921
vt 0.97142 0.08664
vt 0.97142 0.09597
vt 0.97142 0.10795
vt 0.97142 0.12055
vt 0.97142 0.13432
vt 0.97142 0.15012
vt 0.97142 0.17239
vt 0.97142 0.18481
vt 0.97142 0.19345
vt 0.97142 0.20182
vt 0.97142 0.21308
vt 0.88569 0.24141
vt 0.89258 0.25389
vt 0.76138 0.36449
vt 0.98000 0.07824
vt 0.98000 0.07921
vt 0.98000 0.08664
vt 0.98000 0.09597
vt 0.98000 0.10795
vt 0.98000 0.12055
vt 0.98000 0.13432
vt 0.98000 0.15012
vt 0.98000 0.17239
vt 0.98000 0.18481
vt 0.98000 0.19345
vt 0.98000 0.20182
vt 0.98000 0.21308
vt 0.89299 0.23827
vt 0.89731 0.25185
vt 0.77460 0.36731
vt 0.70544 0.07824
vt 0.71402 0.07824
vt 0.71402 0.07921
vt 0.70544 0.07921
vt 0.71402 0.08664
vt 0.70544 0.08664
vt 0.71402 0.09597
vt 0.70544 0.09597
vt 0.71402 0.10795
vt 0.70544 0.10795
vt 0.71402 0.12055
vt 0.70544 0.12055
vt 0.71402 0.13432
vt 0.70544 0.13432
vt 0.71402 0.15012
vt 0.70544 0.15012
vt 0.71402 0.17239
vt 0.70544 0.17239
vt 0.71402 0.18481
vt 0.70544 0.18481
vt 0.71402 0.19345
vt 0.70544 0.19345
vt 0.71402 0.20182
vt 0.70544 0.20182
vt 0.71402 0.21308
vt 0.70544 0.21308
vt 0.90076 0.23661
vt 0.90235 0.25078
vt 0.78812 0.36749
vt 0.72260 0.07824
vt 0.72260 0.07921
vt 0.72260 0.08664
vt 0.72260 0.09597
vt 0.72260 0.10795
vt 0.72260 0.12055
vt 0.72260 0.13432
vt 0.72260 0.15012
vt 0.72260 0.17239
vt 0.72260 0.18481
vt 0.72260 0.19345
vt 0.72260 0.20182
vt 0.72260 0.21308
vt 0.90871 0.23650
vt 0.90751 0.25071
vt 0.80141 0.36504
vt 0.73118 0.07824
vt 0.73118 0.07921
vt 0.73118 0.08664
vt 0.73118 0.09597
vt 0.73118 0.10795
vt 0.73118 0.12055
vt 0.73118 0.13432
vt 0.73118 0.15012
vt 0.73118 0.17239
vt 0.73118 0.18481
vt 0.73118 0.19345
vt 0.73118 0.20182
vt 0.73118 0.21308
vt 0.91653 0.23795
vt 0.91258 0.25164
vt 0.81397 0.36004
vt 0.73976 0.07824
vt 0.73976 0.07921
vt 0.73976 0.08664
vt 0.73976 0.09597
vt 0.73976 0.10795
vt 0.73976 0.12055
vt 0.73976 0.13432
vt 0.73976 0.15012
vt 0.73976 0.17239
vt 0.73976 0.18481
vt 0.73976 0.19345
vt 0.73976 0.20182
vt 0.73976 0.21308
vt 0.92391 0.24089
vt 0.91736 0.25355
vt 0.82531 0.35268
vt 0.74834 0.07824
vt 0.74834 0.07921
vt 0.74834 0.08664
vt 0.74834 0.09597
vt 0.74834 0.10795
vt 0.74834 0.12055
vt 0.74834 0.13432
vt 0.74834 0.15012
vt 0.74834 0.17239
vt 0.74834 0.18481
vt 0.74834 0.19345
vt 0.74834 0.20182
vt 0.74834 0.21308
vt 0.93058 0.24521
vt 0.92169 0.25636
vt 0.83500 0.34326
vt 0.75692 0.07824
vt 0.75692 0.07921
vt 0.75692 0.08664
vt 0.75692 0.09597
vt 0.75692 0.10795
vt 0.75692 0.12055
vt 0.75692 0.13432
vt 0.75692 0.15012
vt 0.75692 0.17239
vt 0.75692 0.18481
vt 0.75692 0.19345
vt 0.75692 0.20182
vt 0.75692 0.21308
vt 0.93628 0.25076
vt 0.92538 0.25995
vt 0.84266 0.33212
vt 0.76550 0.07824
vt 0.76550 0.07921
vt 0.76550 0.08664
vt 0.76550 0.09597
vt 0.76550 0.10795
vt 0.76550 0.12055
vt 0.76550 0.13432
vt 0.76550 0.15012
vt 0.76550 0.17239
vt 0.76550 0.18481
vt 0.76550 0.19345
vt 0.76550 0.20182
vt 0.76550 0.21308
vt 0.94078 0.25730
vt 0.92831 0.26420
vt 0.87942 0.73416
vt 0.88272 0.74360
vt 0.88411 0.75350
vt 0.88355 0.76348
vt 0.88105 0.77315
vt 0.87671 0.78216
vt 0.87070 0.79014
vt 0.86325 0.79680
vt 0.85464 0.80188
vt 0.84520 0.80518
vt 0.83530 0.80657
vt 0.82533 0.80601
vt 0.81565 0.80351
vt 0.80664 0.79917
vt 0.79866 0.79316
vt 0.79200 0.78571
vt 0.78692 0.77710
vt 0.78362 0.76766
vt 0.78223 0.75777
vt 0.78279 0.74779
vt 0.78529 0.73811
vt 0.78963 0.72911
vt 0.79564 0.72112
vt 0.80309 0.71446
vt 0.81170 0.70938
vt 0.82114 0.70609
vt 0.83103 0.70469
vt 0.84101 0.70525
vt 0.85069 0.70775
vt 0.85970 0.71209
vt 0.86768 0.71810
vt 0.87434 0.72555
vt 0.90288 0.52879
vt 0.90288 0.68918
vt 0.89293 0.68918
vt 0.89293 0.52879
vt 0.91284 0.52879
vt 0.91284 0.68918
vt 0.92280 0.52879
vt 0.92280 0.68918
vt 0.93276 0.52879
vt 0.93276 0.68918
vt 0.94271 0.52879
vt 0.94271 0.68918
vt 0.95267 0.52879
vt 0.95267 0.68918
vt 0.96263 0.52879
vt 0.96263 0.68918
vt 0.97258 0.52879
vt 0.97258 0.68918
vt 0.66392 0.52879
vt 0.66392 0.68918
vt 0.65396 0.68918
vt 0.65396 0.52879
vt 0.67387 0.52879
vt 0.67387 0.68918
vt 0.68383 0.52879
vt 0.68383 0.68918
vt 0.69379 0.52879
vt 0.69379 0.68918
vt 0.70374 0.52879
vt 0.70374 0.68918
vt 0.71370 0.52879
vt 0.71370 0.68918
vt 0.72366 0.52879
vt 0.72366 0.68918
vt 0.73361 0.52879
vt 0.73361 0.68918
vt 0.74357 0.52879
vt 0.74357 0.68918
vt 0.75353 0.52879
vt 0.75353 0.68918
vt 0.76349 0.52879
vt 0.76349 0.68918
vt 0.77344 0.52879
vt 0.77344 0.68918
vt 0.78340 0.52879
vt 0.78340 0.68918
vt 0.79336 0.52879
vt 0.79336 0.68918
vt 0.80331 0.52879
vt 0.80331 0.68918
vt 0.81327 0.52879
vt 0.81327 0.68918
vt 0.82323 0.52879
vt 0.82323 0.68918
vt 0.83319 0.52879
vt 0.83319 0.68918
vt 0.84314 0.52879
vt 0.84314 0.68918
vt 0.85310 0.52879
vt 0.85310 0.68918
vt 0.86306 0.52879
vt 0.86306 0.68918
vt 0.87301 0.52879
vt 0.87301 0.68918
vt 0.88297 0.52879
vt 0.88297 0.68918
vt 0.70437 0.74651
vt 0.70758 0.74598
vt 0.71084 0.74608
vt 0.71401 0.74681
vt 0.71698 0.74815
vt 0.71963 0.75005
vt 0.72186 0.75242
vt 0.72359 0.75519
vt 0.72474 0.75823
vt 0.72527 0.76145
vt 0.72517 0.76470
vt 0.72443 0.76788
vt 0.72309 0.77084
vt 0.72120 0.77349
vt 0.71882 0.77572
vt 0.71606 0.77745
vt 0.71301 0.77860
vt 0.70980 0.77913
vt 0.70654 0.77903
vt 0.70337 0.77830
vt 0.70040 0.77696
vt 0.69775 0.77506
vt 0.69552 0.77269
vt 0.69380 0.76992
vt 0.69265 0.76688
vt 0.69211 0.76366
vt 0.69222 0.76041
vt 0.69295 0.75723
vt 0.69429 0.75426
vt 0.69619 0.75161
vt 0.69856 0.74938
vt 0.70132 0.74766
vt 0.71236 0.81749
vt 0.71060 0.79107
vt 0.71612 0.79015
vt 0.72301 0.81571
vt 0.70158 0.81715
vt 0.70500 0.79089
vt 0.69106 0.81471
vt 0.69954 0.78963
vt 0.68123 0.81027
vt 0.69444 0.78732
vt 0.67245 0.80399
vt 0.68988 0.78406
vt 0.66506 0.79613
vt 0.68604 0.77998
vt 0.65935 0.78697
vt 0.68308 0.77523
vt 0.65553 0.77687
vt 0.68110 0.76999
vt 0.65376 0.76623
vt 0.68018 0.76446
vt 0.65410 0.75544
vt 0.68036 0.75886
vt 0.65654 0.74493
vt 0.68162 0.75340
vt 0.66098 0.73509
vt 0.68393 0.74830
vt 0.66725 0.72631
vt 0.68718 0.74374
vt 0.67512 0.71892
vt 0.69127 0.73991
vt 0.68428 0.71321
vt 0.69602 0.73694
vt 0.69437 0.70939
vt 0.70126 0.73496
vt 0.70502 0.70762
vt 0.70679 0.73404
vt 0.71581 0.70796
vt 0.71239 0.73422
vt 0.72632 0.71040
vt 0.71784 0.73548
vt 0.73616 0.71484
vt 0.72295 0.73779
vt 0.74494 0.72112
vt 0.72751 0.74104
vt 0.75233 0.72898
vt 0.73134 0.74513
vt 0.75804 0.73814
vt 0.73431 0.74988
vt 0.76185 0.74824
vt 0.73629 0.75512
vt 0.76362 0.75888
vt 0.73721 0.76065
vt 0.76328 0.76967
vt 0.73703 0.76625
vt 0.76085 0.78018
vt 0.73576 0.77171
vt 0.75641 0.79002
vt 0.73346 0.77681
vt 0.75013 0.79880
vt 0.73020 0.78137
vt 0.74226 0.80619
vt 0.72612 0.78520
vt 0.73311 0.81190
vt 0.72136 0.78817
vt 0.71031 0.78670
vt 0.70999 0.78200
vt 0.71376 0.78137
vt 0.71499 0.78592
vt 0.70556 0.78655
vt 0.70617 0.78188
vt 0.70094 0.78548
vt 0.70245 0.78101
vt 0.69662 0.78353
vt 0.69897 0.77944
vt 0.69276 0.78077
vt 0.69586 0.77722
vt 0.68951 0.77731
vt 0.69325 0.77444
vt 0.68700 0.77329
vt 0.69123 0.77119
vt 0.68533 0.76885
vt 0.68988 0.76762
vt 0.68455 0.76417
vt 0.68925 0.76385
vt 0.68470 0.75943
vt 0.68937 0.76004
vt 0.68577 0.75481
vt 0.69023 0.75631
vt 0.68772 0.75048
vt 0.69181 0.75283
vt 0.69048 0.74662
vt 0.69403 0.74973
vt 0.69394 0.74338
vt 0.69681 0.74711
vt 0.69796 0.74087
vt 0.70005 0.74509
vt 0.70240 0.73919
vt 0.70362 0.74374
vt 0.70708 0.73841
vt 0.70739 0.74311
vt 0.71182 0.73856
vt 0.71121 0.74323
vt 0.71644 0.73963
vt 0.71493 0.74410
vt 0.72076 0.74158
vt 0.71841 0.74567
vt 0.72462 0.74434
vt 0.72152 0.74789
vt 0.72787 0.74780
vt 0.72414 0.75067
vt 0.73038 0.75182
vt 0.72616 0.75391
vt 0.73206 0.75626
vt 0.72751 0.75749
vt 0.73284 0.76094
vt 0.72813 0.76126
vt 0.73269 0.76568
vt 0.72801 0.76507
vt 0.73162 0.77030
vt 0.72715 0.76879
vt 0.72966 0.77463
vt 0.72558 0.77228
vt 0.72691 0.77849
vt 0.72336 0.77538
vt 0.72345 0.78173
vt 0.72057 0.77800
vt 0.71942 0.78424
vt 0.71733 0.78002
vt 0.79044 0.78685
vt 0.78517 0.77791
vt 0.78175 0.76812
vt 0.78030 0.75785
vt 0.78088 0.74749
vt 0.78348 0.73745
vt 0.78798 0.72810
vt 0.79422 0.71982
vt 0.80195 0.71290
vt 0.81089 0.70764
vt 0.82068 0.70421
vt 0.83095 0.70276
vt 0.84131 0.70335
vt 0.85135 0.70594
vt 0.86070 0.71044
vt 0.86899 0.71668
vt 0.87590 0.72442
vt 0.88116 0.73335
vt 0.88459 0.74314
vt 0.88604 0.75342
vt 0.88545 0.76377
vt 0.88286 0.77382
vt 0.87836 0.78316
vt 0.87212 0.79145
vt 0.86438 0.79836
vt 0.85545 0.80363
vt 0.84566 0.80705
vt 0.83538 0.80850
vt 0.82503 0.80792
vt 0.81498 0.80532
vt 0.80564 0.80082
vt 0.79735 0.79458
vt 0.89293 0.52624
vt 0.90288 0.52624
vt 0.90288 0.69173
vt 0.89293 0.69173
vt 0.91284 0.52624
vt 0.91284 0.69173
vt 0.92280 0.52624
vt 0.92280 0.69173
vt 0.93276 0.52624
vt 0.93276 0.69173
vt 0.94271 0.52624
vt 0.94271 0.69173
vt 0.95267 0.52624
vt 0.95267 0.69173
vt 0.96263 0.52624
vt 0.96263 0.69173
vt 0.97258 0.52624
vt 0.97258 0.69173
vt 0.65396 0.52624
vt 0.66392 0.52624
vt 0.66392 0.69173
vt 0.65396 0.69173
vt 0.67387 0.52624
vt 0.67387 0.69173
vt 0.68383 0.52624
vt 0.68383 0.69173
vt 0.69379 0.52624
vt 0.69379 0.69173
vt 0.70374 0.52624
vt 0.70374 0.69173
vt 0.71370 0.52624
vt 0.71370 0.69173
vt 0.72366 0.52624
vt 0.72366 0.69173
vt 0.73361 0.52624
vt 0.73361 0.69173
vt 0.74357 0.52624
vt 0.74357 0.69173
vt 0.75353 0.52624
vt 0.75353 0.69173
vt 0.76349 0.52624
vt 0.76349 0.69173
vt 0.77344 0.52624
vt 0.77344 0.69173
vt 0.78340 0.52624
vt 0.78340 0.69173
vt 0.79336 0.52624
vt 0.79336 0.69173
vt 0.80331 0.52624
vt 0.80331 0.69173
vt 0.81327 0.52624
vt 0.81327 0.69173
vt 0.82323 0.52624
vt 0.82323 0.69173
vt 0.83319 0.52624
vt 0.83319 0.69173
vt 0.84314 0.52624
vt 0.84314 0.69173
vt 0.85310 0.52624
vt 0.85310 0.69173
vt 0.86306 0.52624
vt 0.86306 0.69173
vt 0.87301 0.52624
vt 0.87301 0.69173
vt 0.88297 0.52624
vt 0.88297 0.69173
vt 0.71673 0.77880
vt 0.71340 0.78005
vt 0.70990 0.78063
vt 0.70635 0.78052
vt 0.70289 0.77972
vt 0.69965 0.77826
vt 0.69676 0.77619
vt 0.69433 0.77360
vt 0.69245 0.77059
vt 0.69120 0.76727
vt 0.69061 0.76376
vt 0.69073 0.76021
vt 0.69153 0.75675
vt 0.69299 0.75352
vt 0.69505 0.75063
vt 0.69764 0.74819
vt 0.70066 0.74631
vt 0.70398 0.74506
vt 0.70748 0.74448
vt 0.71103 0.74459
vt 0.71449 0.74539
vt 0.71773 0.74685
vt 0.72062 0.74892
vt 0.72305 0.75151
vt 0.72493 0.75452
vt 0.72619 0.75784
vt 0.72677 0.76135
vt 0.72666 0.76490
vt 0.72586 0.76836
vt 0.72440 0.77159
vt 0.72233 0.77448
vt 0.71974 0.77692
vt 0.72355 0.81773
vt 0.71250 0.81956
vt 0.71046 0.78899
vt 0.71558 0.78814
vt 0.70131 0.81921
vt 0.70527 0.78883
vt 0.69040 0.81668
vt 0.70021 0.78765
vt 0.68019 0.81207
vt 0.69547 0.78552
vt 0.67107 0.80556
vt 0.69125 0.78250
vt 0.66341 0.79740
vt 0.68769 0.77871
vt 0.65748 0.78789
vt 0.68494 0.77430
vt 0.65352 0.77741
vt 0.68311 0.76944
vt 0.65168 0.76636
vt 0.68226 0.76432
vt 0.65204 0.75517
vt 0.68242 0.75913
vt 0.65456 0.74426
vt 0.68359 0.75407
vt 0.65917 0.73405
vt 0.68573 0.74934
vt 0.66569 0.72494
vt 0.68875 0.74511
vt 0.67385 0.71727
vt 0.69254 0.74156
vt 0.68336 0.71134
vt 0.69694 0.73881
vt 0.69383 0.70738
vt 0.70180 0.73697
vt 0.70488 0.70555
vt 0.70693 0.73612
vt 0.71608 0.70590
vt 0.71212 0.73628
vt 0.72699 0.70843
vt 0.71718 0.73745
vt 0.73720 0.71304
vt 0.72191 0.73959
vt 0.74631 0.71955
vt 0.72614 0.74261
vt 0.75398 0.72771
vt 0.72969 0.74640
vt 0.75990 0.73722
vt 0.73244 0.75081
vt 0.76386 0.74770
vt 0.73428 0.75566
vt 0.76570 0.75874
vt 0.73513 0.76079
vt 0.76535 0.76994
vt 0.73497 0.76598
vt 0.76282 0.78085
vt 0.73379 0.77104
vt 0.75821 0.79106
vt 0.73165 0.77577
vt 0.75170 0.80017
vt 0.72863 0.78000
vt 0.74353 0.80784
vt 0.72485 0.78355
vt 0.73403 0.81377
vt 0.72044 0.78630
vt 0.92920 0.74689
vt 0.92920 0.75038
vt 0.92825 0.75038
vt 0.92825 0.74689
vt 0.92608 0.74689
vt 0.92608 0.75038
vt 0.92499 0.75038
vt 0.92499 0.74689
vt 0.92717 0.74689
vt 0.92717 0.75038
vt 0.92920 0.76089
vt 0.92922 0.76193
vt 0.92827 0.76199
vt 0.92825 0.76094
vt 0.92920 0.75736
vt 0.92825 0.75740
vt 0.92825 0.75388
vt 0.92920 0.75386
vt 0.92608 0.75740
vt 0.92499 0.75740
vt 0.92499 0.75388
vt 0.92608 0.75388
vt 0.92717 0.75388
vt 0.92717 0.75740
vt 0.92608 0.76092
vt 0.92499 0.76094
vt 0.92717 0.76092
f 1381/1381 1382/1382 1383/1383
f 1384/1384 1385/1385 1386/1386
f 1386/1386 1387/1387 1384/1384
f 1387/1387 1386/1386 1388/1388
f 1388/1388 1389/1389 1387/1387
f 1389/1389 1388/1388 1390/1390
f 1390/1390 1391/1391 1389/1389
f 1391/1391 1390/1390 1392/1392
f 1392/1392 1393/1393 1391/1391
f 1393/1393 1392/1392 1394/1394
f 1394/1394 1395/1395 1393/1393
f 1395/1395 1394/1394 1396/1396
f 1396/1396 1397/1397 1395/1395
f 1397/1397 1396/1396 1398/1398
f 1398/1398 1399/1399 1397/1397
f 1399/1399 1398/1398 1400/1400
f 1400/1400 1401/1401 1399/1399
f 1401/1401 1400/1400 1402/1402
f 1402/1402 1403/1403 1401/1401
f 1403/1403 1402/1402 1404/1404
f 1404/1404 1405/1405 1403/1403
f 1405/1405 1404/1404 1406/1406
f 1406/1406 1407/1407 1405/1405
f 1407/1407 1406/1406 1408/1408
f 1408/1408 1409/1409 1407/1407
f 1410/1410 1411/1411 1412/1412
f 1412/1412 1413/1413 1410/1410
f 1413/1413 1412/1412 1414/1414
f 1381/1381 1415/1415 1382/1382
f 1385/1385 1416/1416 1417/1417
f 1417/1417 1386/1386 1385/1385
f 1386/1386 1417/1417 1418/1418
f 1418/1418 1388/1388 1386/1386
f 1388/1388 1418/1418 1419/1419
f 1419/1419 1390/1390 1388/1388
f 1390/1390 1419/1419 1420/1420
f 1420/1420 1392/1392 1390/1390
f 1392/1392 1420/1420 1421/1421
f 1421/1421 1394/1394 1392/1392
f 1394/1394 1421/1421 1422/1422
f 1422/1422 1396/1396 1394/1394
f 1396/1396 1422/1422 1423/1423
f 1423/1423 1398/1398 1396/1396
f 1398/1398 1423/1423 1424/1424
f 1424/1424 1400/1400 1398/1398
f 1400/1400 1424/1424 1425/1425
f 1425/1425 1402/1402 1400/1400
f 1402/1402 1425/1425 1426/1426
f 1426/1426 1404/1404 1402/1402
f 1404/1404 1426/1426 1427/1427
f 1427/1427 1406/1406 1404/1404
f 1406/1406 1427/1427 1428/1428
f 1428/1428 1408/1408 1406/1406
f 1411/1411 1429/1429 1430/1430
f 1430/1430 1412/1412 1411/1411
f 1412/1412 1430/1430 1414/1414
f 1381/1381 1431/1431 1415/1415
f 1416/1416 1432/1432 1433/1433
f 1433/1433 1417/1417 1416/1416
f 1417/1417 1433/1433 1434/1434
f 1434/1434 1418/1418 1417/1417
f 1418/1418 1434/1434 1435/1435
f 1435/1435 1419/1419 1418/1418
f 1419/1419 1435/1435 1436/1436
f 1436/1436 1420/1420 1419/1419
f 1420/1420 1436/1436 1437/1437
f 1437/1437 1421/1421 1420/1420
f 1421/1421 1437/1437 1438/1438
f 1438/1438 1422/1422 1421/1421
f 1422/1422 1438/1438 1439/1439
f 1439/1439 1423/1423 1422/1422
f 1423/1423 1439/1439 1440/1440
f 1440/1440 1424/1424 1423/1423
f 1424/1424 1440/1440 1441/1441
f 1441/1441 1425/1425 1424/1424
f 1425/1425 1441/1441 1442/1442
f 1442/1442 1426/1426 1425/1425
f 1426/1426 1442/1442 1443/1443
f 1443/1443 1427/1427 1426/1426
f 1427/1427 1443/1443 1444/1444
f 1444/1444 1428/1428 1427/1427
f 1429/1429 1445/1445 1446/1446
f 1446/1446 1430/1430 1429/1429
f 1430/1430 1446/1446 1414/1414
f 1381/1381 1447/1447 1431/1431
f 1432/1432 1448/1448 1449/1449
f 1449/1449 1433/1433 1432/1432
f 1433/1433 1449/1449 1450/1450
f 1450/1450 1434/1434 1433/1433
f 1434/1434 1450/1450 1451/1451
f 1451/1451 1435/1435 1434/1434
f 1435/1435 1451/1451 1452/1452
f 1452/1452 1436/1436 1435/1435
f 1436/1436 1452/1452 1453/1453
f 1453/1453 1437/1437 1436/1436
f 1437/1437 1453/1453 1454/1454
f 1454/1454 1438/1438 1437/1437
f 1438/1438 1454/1454 1455/1455
f 1455/1455 1439/1439 1438/1438
f 1439/1439 1455/1455 1456/1456
f 1456/1456 1440/1440 1439/1439
f 1440/1440 1456/1456 1457/1457
f 1457/1457 1441/1441 1440/1440
f 1441/1441 1457/1457 1458/1458
f 1458/1458 1442/1442 1441/1441
f 1442/1442 1458/1458 1459/1459
f 1459/1459 1443/1443 1442/1442
f 1443/1443 1459/1459 1460/1460
f 1460/1460 1444/1444 1443/1443
f 1445/1445 1461/1461 1462/1462
f 1462/1462 1446/1446 1445/1445
f 1446/1446 1462/1462 1414/1414
f 1381/1381 1463/1463 1447/1447
f 1448/1448 1464/1464 1465/1465
f 1465/1465 1449/1449 1448/1448
f 1449/1449 1465/1465 1466/1466
f 1466/1466 1450/1450 1449/1449
f 1450/1450 1466/1466 1467/1467
f 1467/1467 1451/1451 1450/1450
f 1451/1451 1467/1467 1468/1468
f 1468/1468 1452/1452 1451/1451
f 1452/1452 1468/1468 1469/1469
f 1469/1469 1453/1453 1452/1452
f 1453/1453 1469/1469 1470/1470
f 1470/1470 1454/1454 1453/1453
f 1454/1454 1470/1470 1471/1471
f 1471/1471 1455/1455 1454/1454
f 1455/1455 1471/1471 1472/1472
f 1472/1472 1456/1456 1455/1455
f 1456/1456 1472/1472 1473/1473
f 1473/1473 1457/1457 1456/1456
f 1457/1457 1473/1473 1474/1474
f 1474/1474 1458/1458 1457/1457
f 1458/1458 1474/1474 1475/1475
f 1475/1475 1459/1459 1458/1458
f 1459/1459 1475/1475 1476/1476
f 1476/1476 1460/1460 1459/1459
f 1461/1461 1477/1477 1478/1478
f 1478/1478 1462/1462 1461/1461
f 1462/1462 1478/1478 1414/1414
f 1381/1381 1479/1479 1463/1463
f 1464/1464 1480/1480 1481/1481
f 1481/1481 1465/1465 1464/1464
f 1465/1465 1481/1481 1482/1482
f 1482/1482 1466/1466 1465/1465
f 1466/1466 1482/1482 1483/1483
f 1483/1483 1467/1467 1466/1466
f 1467/1467 1483/1483 1484/1484
f 1484/1484 1468/1468 1467/1467
f 1468/1468 1484/1484 1485/1485
f 1485/1485 1469/1469 1468/1468
f 1469/1469 1485/1485 1486/1486
f 1486/1486 1470/1470 1469/1469
f 1470/1470 1486/1486 1487/1487
f 1487/1487 1471/1471 1470/1470
f 1471/1471 1487/1487 1488/1488
f 1488/1488 1472/1472 1471/1471
f 1472/1472 1488/1488 1489/1489
f 1489/1489 1473/1473 1472/1472
f 1473/1473 1489/1489 1490/1490
f 1490/1490 1474/1474 1473/1473
f 1474/1474 1490/1490 1491/1491
f 1491/1491 1475/1475 1474/1474
f 1475/1475 1491/1491 1492/1492
f 1492/1492 1476/1476 1475/1475
f 1477/1477 1493/1493 1494/1494
f 1494/1494 1478/1478 1477/1477
f 1478/1478 1494/1494 1414/1414
f 1381/1381 1495/1495 1479/1479
f 1480/1480 1496/1496 1497/1497
f 1497/1497 1481/1481 1480/1480
f 1481/1481 1497/1497 1498/1498
f 1498/1498 1482/1482 1481/1481
f 1482/1482 1498/1498 1499/1499
f 1499/1499 1483/1483 1482/1482
f 1483/1483 1499/1499 1500/1500
f 1500/1500 1484/1484 1483/1483
f 1484/1484 1500/1500 1501/1501
f 1501/1501 1485/1485 1484/1484
f 1485/1485 1501/1501 1502/1502
f 1502/1502 1486/1486 1485/1485
f 1486/1486 1502/1502 1503/1503
f 1503/1503 1487/1487 1486/1486
f 1487/1487 1503/1503 1504/1504
f 1504/1504 1488/1488 1487/1487
f 1488/1488 1504/1504 1505/1505
f 1505/1505 1489/1489 1488/1488
f 1489/1489 1505/1505 1506/1506
f 1506/1506 1490/1490 1489/1489
f 1490/1490 1506/1506 1507/1507
f 1507/1507 1491/1491 1490/1490
f 1491/1491 1507/1507 1508/1508
f 1508/1508 1492/1492 1491/1491
f 1493/1493 1509/1509 1510/1510
f 1510/1510 1494/1494 1493/1493
f 1494/1494 1510/1510 1414/1414
f 1381/1381 1511/1511 1495/1495
f 1496/1496 1512/1512 1513/1513
f 1513/1513 1497/1497 1496/1496
f 1497/1497 1513/1513 1514/1514
f 1514/1514 1498/1498 1497/1497
f 1498/1498 1514/1514 1515/1515
f 1515/1515 1499/1499 1498/1498
f 1499/1499 1515/1515 1516/1516
f 1516/1516 1500/1500 1499/1499
f 1500/1500 1516/1516 1517/1517
f 1517/1517 1501/1501 1500/1500
f 1501/1501 1517/1517 1518/1518
f 1518/1518 1502/1502 1501/1501
f 1502/1502 1518/1518 1519/1519
f 1519/1519 1503/1503 1502/1502
f 1503/1503 1519/1519 1520/1520
f 1520/1520 1504/1504 1503/1503
f 1504/1504 1520/1520 1521/1521
f 1521/1521 1505/1505 1504/1504
f 1505/1505 1521/1521 1522/1522
f 1522/1522 1506/1506 1505/1505
f 1506/1506 1522/1522 1523/1523
f 1523/1523 1507/1507 1506/1506
f 1507/1507 1523/1523 1524/1524
f 1524/1524 1508/1508 1507/1507
f 1509/1509 1525/1525 1526/1526
f 1526/1526 1510/1510 1509/1509
f 1510/1510 1526/1526 1414/1414
f 1381/1381 1527/1527 1511/1511
f 1512/1512 1528/1528 1529/1529
f 1529/1529 1513/1513 1512/1512
f 1513/1513 1529/1529 1530/1530
f 1530/1530 1514/1514 1513/1513
f 1514/1514 1530/1530 1531/1531
f 1531/1531 1515/1515 1514/1514
f 1515/1515 1531/1531 1532/1532
f 1532/1532 1516/1516 1515/1515
f 1516/1516 1532/1532 1533/1533
f 1533/1533 1517/1517 1516/1516
f 1517/1517 1533/1533 1534/1534
f 1534/1534 1518/1518 1517/1517
f 1518/1518 1534/1534 1535/1535
f 1535/1535 1519/1519 1518/1518
f 1519/1519 1535/1535 1536/1536
f 1536/1536 1520/1520 1519/1519
f 1520/1520 1536/1536 1537/1537
f 1537/1537 1521/1521 1520/1520
f 1521/1521 1537/1537 1538/1538
f 1538/1538 1522/1522 1521/1521
f 1522/1522 1538/1538 1539/1539
f 1539/1539 1523/1523 1522/1522
f 1523/1523 1539/1539 1540/1540
f 1540/1540 1524/1524 1523/1523
f 1525/1525 1541/1541 1542/1542
f 1542/1542 1526/1526 1525/1525
f 1526/1526 1542/1542 1414/1414
f 1381/1381 1543/1543 1527/1527
f 1528/1528 1544/1544 1545/1545
f 1545/1545 1529/1529 1528/1528
f 1529/1529 1545/1545 1546/1546
f 1546/1546 1530/1530 1529/1529
f 1530/1530 1546/1546 1547/1547
f 1547/1547 1531/1531 1530/1530
f 1531/1531 1547/1547 1548/1548
f 1548/1548 1532/1532 1531/1531
f 1532/1532 1548/1548 1549/1549
f 1549/1549 1533/1533 1532/1532
f 1533/1533 1549/1549 1550/1550
f 1550/1550 1534/1534 1533/1533
f 1534/1534 1550/1550 1551/1551
f 1551/1551 1535/1535 1534/1534
f 1535/1535 1551/1551 1552/1552
f 1552/1552 1536/1536 1535/1535
f 1536/1536 1552/1552 1553/1553
f 1553/1553 1537/1537 1536/1536
f 1537/1537 1553/1553 1554/1554
f 1554/1554 1538/1538 1537/1537
f 1538/1538 1554/1554 1555/1555
f 1555/1555 1539/1539 1538/1538
f 1539/1539 1555/1555 1556/1556
f 1556/1556 1540/1540 1539/1539
f 1541/1541 1557/1557 1558/1558
f 1558/1558 1542/1542 1541/1541
f 1542/1542 1558/1558 1414/1414
f 1381/1381 1559/1559 1543/1543
f 1544/1544 1560/1560 1561/1561
f 1561/1561 1545/1545 1544/1544
f 1545/1545 1561/1561 1562/1562
f 1562/1562 1546/1546 1545/1545
f 1546/1546 1562/1562 1563/1563
f 1563/1563 1547/1547 1546/1546
f 1547/1547 1563/1563 1564/1564
f 1564/1564 1548/1548 1547/1547
f 1548/1548 1564/1564 1565/1565
f 1565/1565 1549/1549 1548/1548
f 1549/1549 1565/1565 1566/1566
f 1566/1566 1550/1550 1549/1549
f 1550/1550 1566/1566 1567/1567
f 1567/1567 1551/1551 1550/1550
f 1551/1551 1567/1567 1568/1568
f 1568/1568 1552/1552 1551/1551
f 1552/1552 1568/1568 1569/1569
f 1569/1569 1553/1553 1552/1552
f 1553/1553 1569/1569 1570/1570
f 1570/1570 1554/1554 1553/1553
f 1554/1554 1570/1570 1571/1571
f 1571/1571 1555/1555 1554/1554
f 1555/1555 1571/1571 1572/1572
f 1572/1572 1556/1556 1555/1555
f 1557/1557 1573/1573 1574/1574
f 1574/1574 1558/1558 1557/1557
f 1558/1558 1574/1574 1414/1414
f 1381/1381 1575/1575 1559/1559
f 1560/1560 1576/1576 1577/1577
f 1577/1577 1561/1561 1560/1560
f 1561/1561 1577/1577 1578/1578
f 1578/1578 1562/1562 1561/1561
f 1562/1562 1578/1578 1579/1579
f 1579/1579 1563/1563 1562/1562
f 1563/1563 1579/1579 1580/1580
f 1580/1580 1564/1564 1563/1563
f 1564/1564 1580/1580 1581/1581
f 1581/1581 1565/1565 1564/1564
f 1565/1565 1581/1581 1582/1582
f 1582/1582 1566/1566 1565/1565
f 1566/1566 1582/1582 1583/1583
f 1583/1583 1567/1567 1566/1566
f 1567/1567 1583/1583 1584/1584
f 1584/1584 1568/1568 1567/1567
f 1568/1568 1584/1584 1585/1585
f 1585/1585 1569/1569 1568/1568
f 1569/1569 1585/1585 1586/1586
f 1586/1586 1570/1570 1569/1569
f 1570/1570 1586/1586 1587/1587
f 1587/1587 1571/1571 1570/1570
f 1571/1571 1587/1587 1588/1588
f 1588/1588 1572/1572 1571/1571
f 1573/1573 1589/1589 1590/1590
f 1590/1590 1574/1574 1573/1573
f 1574/1574 1590/1590 1414/1414
f 1381/1381 1591/1591 1575/1575
f 1576/1576 1592/1592 1593/1593
f 1593/1593 1577/1577 1576/1576
f 1577/1577 1593/1593 1594/1594
f 1594/1594 1578/1578 1577/1577
f 1578/1578 1594/1594 1595/1595
f 1595/1595 1579/1579 1578/1578
f 1579/1579 1595/1595 1596/1596
f 1596/1596 1580/1580 1579/1579
f 1580/1580 1596/1596 1597/1597
f 1597/1597 1581/1581 1580/1580
f 1581/1581 1597/1597 1598/1598
f 1598/1598 1582/1582 1581/1581
f 1582/1582 1598/1598 1599/1599
f 1599/1599 1583/1583 1582/1582
f 1583/1583 1599/1599 1600/1600
f 1600/1600 1584/1584 1583/1583
f 1584/1584 1600/1600 1601/1601
f 1601/1601 1585/1585 1584/1584
f 1585/1585 1601/1601 1602/1602
f 1602/1602 1586/1586 1585/1585
f 1586/1586 1602/1602 1603/1603
f 1603/1603 1587/1587 1586/1586
f 1587/1587 1603/1603 1604/1604
f 1604/1604 1588/1588 1587/1587
f 1589/1589 1605/1605 1606/1606
f 1606/1606 1590/1590 1589/1589
f 1590/1590 1606/1606 1414/1414
f 1381/1381 1607/1607 1591/1591
f 1592/1592 1608/1608 1609/1609
f 1609/1609 1593/1593 1592/1592
f 1593/1593 1609/1609 1610/1610
f 1610/1610 1594/1594 1593/1593
f 1594/1594 1610/1610 1611/1611
f 1611/1611 1595/1595 1594/1594
f 1595/1595 1611/1611 1612/1612
f 1612/1612 1596/1596 1595/1595
f 1596/1596 1612/1612 1613/1613
f 1613/1613 1597/1597 1596/1596
f 1597/1597 1613/1613 1614/1614
f 1614/1614 1598/1598 1597/1597
f 1598/1598 1614/1614 1615/1615
f 1615/1615 1599/1599 1598/1598
f 1599/1599 1615/1615 1616/1616
f 1616/1616 1600/1600 1599/1599
f 1600/1600 1616/1616 1617/1617
f 1617/1617 1601/1601 1600/1600
f 1601/1601 1617/1617 1618/1618
f 1618/1618 1602/1602 1601/1601
f 1602/1602 1618/1618 1619/1619
f 1619/1619 1603/1603 1602/1602
f 1603/1603 1619/1619 1620/1620
f 1620/1620 1604/1604 1603/1603
f 1605/1605 1621/1621 1622/1622
f 1622/1622 1606/1606 1605/1605
f 1606/1606 1622/1622 1414/1414
f 1381/1381 1623/1623 1607/1607
f 1608/1608 1624/1624 1625/1625
f 1625/1625 1609/1609 1608/1608
f 1609/1609 1625/1625 1626/1626
f 1626/1626 1610/1610 1609/1609
f 1610/1610 1626/1626 1627/1627
f 1627/1627 1611/1611 1610/1610
f 1611/1611 1627/1627 1628/1628
f 1628/1628 1612/1612 1611/1611
f 1612/1612 1628/1628 1629/1629
f 1629/1629 1613/1613 1612/1612
f 1613/1613 1629/1629 1630/1630
f 1630/1630 1614/1614 1613/1613
f 1614/1614 1630/1630 1631/1631
f 1631/1631 1615/1615 1614/1614
f 1615/1615 1631/1631 1632/1632
f 1632/1632 1616/1616 1615/1615
f 1616/1616 1632/1632 1633/1633
f 1633/1633 1617/1617 1616/1616
f 1617/1617 1633/1633 1634/1634
f 1634/1634 1618/1618 1617/1617
f 1618/1618 1634/1634 1635/1635
f 1635/1635 1619/1619 1618/1618
f 1619/1619 1635/1635 1636/1636
f 1636/1636 1620/1620 1619/1619
f 1621/1621 1637/1637 1638/1638
f 1638/1638 1622/1622 1621/1621
f 1622/1622 1638/1638 1414/1414
f 1381/1381 1639/1639 1623/1623
f 1624/1624 1640/1640 1641/1641
f 1641/1641 1625/1625 1624/1624
f 1625/1625 1641/1641 1642/1642
f 1642/1642 1626/1626 1625/1625
f 1626/1626 1642/1642 1643/1643
f 1643/1643 1627/1627 1626/1626
f 1627/1627 1643/1643 1644/1644
f 1644/1644 1628/1628 1627/1627
f 1628/1628 1644/1644 1645/1645
f 1645/1645 1629/1629 1628/1628
f 1629/1629 1645/1645 1646/1646
f 1646/1646 1630/1630 1629/1629
f 1630/1630 1646/1646 1647/1647
f 1647/1647 1631/1631 1630/1630
f 1631/1631 1647/1647 1648/1648
f 1648/1648 1632/1632 1631/1631
f 1632/1632 1648/1648 1649/1649
f 1649/1649 1633/1633 1632/1632
f 1633/1633 1649/1649 1650/1650
f 1650/1650 1634/1634 1633/1633
f 1634/1634 1650/1650 1651/1651
f 1651/1651 1635/1635 1634/1634
f 1635/1635 1651/1651 1652/1652
f 1652/1652 1636/1636 1635/1635
f 1637/1637 1653/1653 1654/1654
f 1654/1654 1638/1638 1637/1637
f 1638/1638 1654/1654 1414/1414
f 1381/1381 1655/1655 1639/1639
f 1640/1640 1656/1656 1657/1657
f 1657/1657 1641/1641 1640/1640
f 1641/1641 1657/1657 1658/1658
f 1658/1658 1642/1642 1641/1641
f 1642/1642 1658/1658 1659/1659
f 1659/1659 1643/1643 1642/1642
f 1643/1643 1659/1659 1660/1660
f 1660/1660 1644/1644 1643/1643
f 1644/1644 1660/1660 1661/1661
f 1661/1661 1645/1645 1644/1644
f 1645/1645 1661/1661 1662/1662
f 1662/1662 1646/1646 1645/1645
f 1646/1646 1662/1662 1663/1663
f 1663/1663 1647/1647 1646/1646
f 1647/1647 1663/1663 1664/1664
f 1664/1664 1648/1648 1647/1647
f 1648/1648 1664/1664 1665/1665
f 1665/1665 1649/1649 1648/1648
f 1649/1649 1665/1665 1666/1666
f 1666/1666 1650/1650 1649/1649
f 1650/1650 1666/1666 1667/1667
f 1667/1667 1651/1651 1650/1650
f 1651/1651 1667/1667 1668/1668
f 1668/1668 1652/1652 1651/1651
f 1653/1653 1669/1669 1670/1670
f 1670/1670 1654/1654 1653/1653
f 1654/1654 1670/1670 1414/1414
f 1381/1381 1671/1671 1655/1655
f 1656/1656 1672/1672 1673/1673
f 1673/1673 1657/1657 1656/1656
f 1657/1657 1673/1673 1674/1674
f 1674/1674 1658/1658 1657/1657
f 1658/1658 1674/1674 1675/1675
f 1675/1675 1659/1659 1658/1658
f 1659/1659 1675/1675 1676/1676
f 1676/1676 1660/1660 1659/1659
f 1660/1660 1676/1676 1677/1677
f 1677/1677 1661/1661 1660/1660
f 1661/1661 1677/1677 1678/1678
f 1678/1678 1662/1662 1661/1661
f 1662/1662 1678/1678 1679/1679
f 1679/1679 1663/1663 1662/1662
f 1663/1663 1679/1679 1680/1680
f 1680/1680 1664/1664 1663/1663
f 1664/1664 1680/1680 1681/1681
f 1681/1681 1665/1665 1664/1664
f 1665/1665 1681/1681 1682/1682
f 1682/1682 1666/1666 1665/1665
f 1666/1666 1682/1682 1683/1683
f 1683/1683 1667/1667 1666/1666
f 1667/1667 1683/1683 1684/1684
f 1684/1684 1668/1668 1667/1667
f 1669/1669 1685/1685 1686/1686
f 1686/1686 1670/1670 1669/1669
f 1670/1670 1686/1686 1414/1414
f 1381/1381 1687/1687 1671/1671
f 1672/1672 1688/1688 1689/1689
f 1689/1689 1673/1673 1672/1672
f 1673/1673 1689/1689 1690/1690
f 1690/1690 1674/1674 1673/1673
f 1674/1674 1690/1690 1691/1691
f 1691/1691 1675/1675 1674/1674
f 1675/1675 1691/1691 1692/1692
f 1692/1692 1676/1676 1675/1675
f 1676/1676 1692/1692 1693/1693
f 1693/1693 1677/1677 1676/1676
f 1677/1677 1693/1693 1694/1694
f 1694/1694 1678/1678 1677/1677
f 1678/1678 1694/1694 1695/1695
f 1695/1695 1679/1679 1678/1678
f 1679/1679 1695/1695 1696/1696
f 1696/1696 1680/1680 1679/1679
f 1680/1680 1696/1696 1697/1697
f 1697/1697 1681/1681 1680/1680
f 1681/1681 1697/1697 1698/1698
f 1698/1698 1682/1682 1681/1681
f 1682/1682 1698/1698 1699/1699
f 1699/1699 1683/1683 1682/1682
f 1683/1683 1699/1699 1700/1700
f 1700/1700 1684/1684 1683/1683
f 1685/1685 1701/1701 1702/1702
f 1702/1702 1686/1686 1685/1685
f 1686/1686 1702/1702 1414/1414
f 1381/1381 1703/1703 1687/1687
f 1688/1688 1704/1704 1705/1705
f 1705/1705 1689/1689 1688/1688
f 1689/1689 1705/1705 1706/1706
f 1706/1706 1690/1690 1689/1689
f 1690/1690 1706/1706 1707/1707
f 1707/1707 1691/1691 1690/1690
f 1691/1691 1707/1707 1708/1708
f 1708/1708 1692/1692 1691/1691
f 1692/1692 1708/1708 1709/1709
f 1709/1709 1693/1693 1692/1692
f 1693/1693 1709/1709 1710/1710
f 1710/1710 1694/1694 1693/1693
f 1694/1694 1710/1710 1711/1711
f 1711/1711 1695/1695 1694/1694
f 1695/1695 1711/1711 1712/1712
f 1712/1712 1696/1696 1695/1695
f 1696/1696 1712/1712 1713/1713
f 1713/1713 1697/1697 1696/1696
f 1697/1697 1713/1713 1714/1714
f 1714/1714 1698/1698 1697/1697
f 1698/1698 1714/1714 1715/1715
f 1715/1715 1699/1699 1698/1698
f 1699/1699 1715/1715 1716/1716
f 1716/1716 1700/1700 1699/1699
f 1701/1701 1717/1717 1718/1718
f 1718/1718 1702/1702 1701/1701
f 1702/1702 1718/1718 1414/1414
f 1381/1381 1719/1719 1703/1703
f 1704/1704 1720/1720 1721/1721
f 1721/1721 1705/1705 1704/1704
f 1705/1705 1721/1721 1722/1722
f 1722/1722 1706/1706 1705/1705
f 1706/1706 1722/1722 1723/1723
f 1723/1723 1707/1707 1706/1706
f 1707/1707 1723/1723 1724/1724
f 1724/1724 1708/1708 1707/1707
f 1708/1708 1724/1724 1725/1725
f 1725/1725 1709/1709 1708/1708
f 1709/1709 1725/1725 1726/1726
f 1726/1726 1710/1710 1709/1709
f 1710/1710 1726/1726 1727/1727
f 1727/1727 1711/1711 1710/1710
f 1711/1711 1727/1727 1728/1728
f 1728/1728 1712/1712 1711/1711
f 1712/1712 1728/1728 1729/1729
f 1729/1729 1713/1713 1712/1712
f 1713/1713 1729/1729 1730/1730
f 1730/1730 1714/1714 1713/1713
f 1714/1714 1730/1730 1731/1731
f 1731/1731 1715/1715 1714/1714
f 1715/1715 1731/1731 1732/1732
f 1732/1732 1716/1716 1715/1715
f 1717/1717 1733/1733 1734/1734
f 1734/1734 1718/1718 1717/1717
f 1718/1718 1734/1734 1414/1414
f 1381/1381 1735/1735 1719/1719
f 1720/1720 1736/1736 1737/1737
f 1737/1737 1721/1721 1720/1720
f 1721/1721 1737/1737 1738/1738
f 1738/1738 1722/1722 1721/1721
f 1722/1722 1738/1738 1739/1739
f 1739/1739 1723/1723 1722/1722
f 1723/1723 1739/1739 1740/1740
f 1740/1740 1724/1724 1723/1723
f 1724/1724 1740/1740 1741/1741
f 1741/1741 1725/1725 1724/1724
f 1725/1725 1741/1741 1742/1742
f 1742/1742 1726/1726 1725/1725
f 1726/1726 1742/1742 1743/1743
f 1743/1743 1727/1727 1726/1726
f 1727/1727 1743/1743 1744/1744
f 1744/1744 1728/1728 1727/1727
f 1728/1728 1744/1744 1745/1745
f 1745/1745 1729/1729 1728/1728
f 1729/1729 1745/1745 1746/1746
f 1746/1746 1730/1730 1729/1729
f 1730/1730 1746/1746 1747/1747
f 1747/1747 1731/1731 1730/1730
f 1731/1731 1747/1747 1748/1748
f 1748/1748 1732/1732 1731/1731
f 1733/1733 1749/1749 1750/1750
f 1750/1750 1734/1734 1733/1733
f 1734/1734 1750/1750 1414/1414
f 1381/1381 1751/1751 1735/1735
f 1736/1736 1752/1752 1753/1753
f 1753/1753 1737/1737 1736/1736
f 1737/1737 1753/1753 1754/1754
f 1754/1754 1738/1738 1737/1737
f 1738/1738 1754/1754 1755/1755
f 1755/1755 1739/1739 1738/1738
f 1739/1739 1755/1755 1756/1756
f 1756/1756 1740/1740 1739/1739
f 1740/1740 1756/1756 1757/1757
f 1757/1757 1741/1741 1740/1740
f 1741/1741 1757/1757 1758/1758
f 1758/1758 1742/1742 1741/1741
f 1742/1742 1758/1758 1759/1759
f 1759/1759 1743/1743 1742/1742
f 1743/1743 1759/1759 1760/1760
f 1760/1760 1744/1744 1743/1743
f 1744/1744 1760/1760 1761/1761
f 1761/1761 1745/1745 1744/1744
f 1745/1745 1761/1761 1762/1762
f 1762/1762 1746/1746 1745/1745
f 1746/1746 1762/1762 1763/1763
f 1763/1763 1747/1747 1746/1746
f 1747/1747 1763/1763 1764/1764
f 1764/1764 1748/1748 1747/1747
f 1749/1749 1765/1765 1766/1766
f 1766/1766 1750/1750 1749/1749
f 1750/1750 1766/1766 1414/1414
f 1381/1381 1767/1767 1751/1751
f 1752/1752 1768/1768 1769/1769
f 1769/1769 1753/1753 1752/1752
f 1753/1753 1769/1769 1770/1770
f 1770/1770 1754/1754 1753/1753
f 1754/1754 1770/1770 1771/1771
f 1771/1771 1755/1755 1754/1754
f 1755/1755 1771/1771 1772/1772
f 1772/1772 1756/1756 1755/1755
f 1756/1756 1772/1772 1773/1773
f 1773/1773 1757/1757 1756/1756
f 1757/1757 1773/1773 1774/1774
f 1774/1774 1758/1758 1757/1757
f 1758/1758 1774/1774 1775/1775
f 1775/1775 1759/1759 1758/1758
f 1759/1759 1775/1775 1776/1776
f 1776/1776 1760/1760 1759/1759
f 1760/1760 1776/1776 1777/1777
f 1777/1777 1761/1761 1760/1760
f 1761/1761 1777/1777 1778/1778
f 1778/1778 1762/1762 1761/1761
f 1762/1762 1778/1778 1779/1779
f 1779/1779 1763/1763 1762/1762
f 1763/1763 1779/1779 1780/1780
f 1780/1780 1764/1764 1763/1763
f 1765/1765 1781/1781 1782/1782
f 1782/1782 1766/1766 1765/1765
f 1766/1766 1782/1782 1414/1414
f 1381/1381 1783/1783 1767/1767
f 1784/1784 1785/1785 1786/1786
f 1786/1786 1787/1787 1784/1784
f 1787/1787 1786/1786 1788/1788
f 1788/1788 1789/1789 1787/1787
f 1789/1789 1788/1788 1790/1790
f 1790/1790 1791/1791 1789/1789
f 1791/1791 1790/1790 1792/1792
f 1792/1792 1793/1793 1791/1791
f 1793/1793 1792/1792 1794/1794
f 1794/1794 1795/1795 1793/1793
f 1795/1795 1794/1794 1796/1796
f 1796/1796 1797/1797 1795/1795
f 1797/1797 1796/1796 1798/1798
f 1798/1798 1799/1799 1797/1797
f 1799/1799 1798/1798 1800/1800
f 1800/1800 1801/1801 1799/1799
f 1801/1801 1800/1800 1802/1802
f 1802/1802 1803/1803 1801/1801
f 1803/1803 1802/1802 1804/1804
f 1804/1804 1805/1805 1803/1803
f 1805/1805 1804/1804 1806/1806
f 1806/1806 1807/1807 1805/1805
f 1807/1807 1806/1806 1808/1808
f 1808/1808 1809/1809 1807/1807
f 1781/1781 1810/1810 1811/1811
f 1811/1811 1782/1782 1781/1781
f 1782/1782 1811/1811 1414/1414
f 1381/1381 1812/1812 1783/1783
f 1785/1785 1813/1813 1814/1814
f 1814/1814 1786/1786 1785/1785
f 1786/1786 1814/1814 1815/1815
f 1815/1815 1788/1788 1786/1786
f 1788/1788 1815/1815 1816/1816
f 1816/1816 1790/1790 1788/1788
f 1790/1790 1816/1816 1817/1817
f 1817/1817 1792/1792 1790/1790
f 1792/1792 1817/1817 1818/1818
f 1818/1818 1794/1794 1792/1792
f 1794/1794 1818/1818 1819/1819
f 1819/1819 1796/1796 1794/1794
f 1796/1796 1819/1819 1820/1820
f 1820/1820 1798/1798 1796/1796
f 1798/1798 1820/1820 1821/1821
f 1821/1821 1800/1800 1798/1798
f 1800/1800 1821/1821 1822/1822
f 1822/1822 1802/1802 1800/1800
f 1802/1802 1822/1822 1823/1823
f 1823/1823 1804/1804 1802/1802
f 1804/1804 1823/1823 1824/1824
f 1824/1824 1806/1806 1804/1804
f 1806/1806 1824/1824 1825/1825
f 1825/1825 1808/1808 1806/1806
f 1810/1810 1826/1826 1827/1827
f 1827/1827 1811/1811 1810/1810
f 1811/1811 1827/1827 1414/1414
f 1381/1381 1828/1828 1812/1812
f 1813/1813 1829/1829 1830/1830
f 1830/1830 1814/1814 1813/1813
f 1814/1814 1830/1830 1831/1831
f 1831/1831 1815/1815 1814/1814
f 1815/1815 1831/1831 1832/1832
f 1832/1832 1816/1816 1815/1815
f 1816/1816 1832/1832 1833/1833
f 1833/1833 1817/1817 1816/1816
f 1817/1817 1833/1833 1834/1834
f 1834/1834 1818/1818 1817/1817
f 1818/1818 1834/1834 1835/1835
f 1835/1835 1819/1819 1818/1818
f 1819/1819 1835/1835 1836/1836
f 1836/1836 1820/1820 1819/1819
f 1820/1820 1836/1836 1837/1837
f 1837/1837 1821/1821 1820/1820
f 1821/1821 1837/1837 1838/1838
f 1838/1838 1822/1822 1821/1821
f 1822/1822 1838/1838 1839/1839
f 1839/1839 1823/1823 1822/1822
f 1823/1823 1839/1839 1840/1840
f 1840/1840 1824/1824 1823/1823
f 1824/1824 1840/1840 1841/1841
f 1841/1841 1825/1825 1824/1824
f 1826/1826 1842/1842 1843/1843
f 1843/1843 1827/1827 1826/1826
f 1827/1827 1843/1843 1414/1414
f 1381/1381 1844/1844 1828/1828
f 1829/1829 1845/1845 1846/1846
f 1846/1846 1830/1830 1829/1829
f 1830/1830 1846/1846 1847/1847
f 1847/1847 1831/1831 1830/1830
f 1831/1831 1847/1847 1848/1848
f 1848/1848 1832/1832 1831/1831
f 1832/1832 1848/1848 1849/1849
f 1849/1849 1833/1833 1832/1832
f 1833/1833 1849/1849 1850/1850
f 1850/1850 1834/1834 1833/1833
f 1834/1834 1850/1850 1851/1851
f 1851/1851 1835/1835 1834/1834
f 1835/1835 1851/1851 1852/1852
f 1852/1852 1836/1836 1835/1835
f 1836/1836 1852/1852 1853/1853
f 1853/1853 1837/1837 1836/1836
f 1837/1837 1853/1853 1854/1854
f 1854/1854 1838/1838 1837/1837
f 1838/1838 1854/1854 1855/1855
f 1855/1855 1839/1839 1838/1838
f 1839/1839 1855/1855 1856/1856
f 1856/1856 1840/1840 1839/1839
f 1840/1840 1856/1856 1857/1857
f 1857/1857 1841/1841 1840/1840
f 1842/1842 1858/1858 1859/1859
f 1859/1859 1843/1843 1842/1842
f 1843/1843 1859/1859 1414/1414
f 1381/1381 1860/1860 1844/1844
f 1845/1845 1861/1861 1862/1862
f 1862/1862 1846/1846 1845/1845
f 1846/1846 1862/1862 1863/1863
f 1863/1863 1847/1847 1846/1846
f 1847/1847 1863/1863 1864/1864
f 1864/1864 1848/1848 1847/1847
f 1848/1848 1864/1864 1865/1865
f 1865/1865 1849/1849 1848/1848
f 1849/1849 1865/1865 1866/1866
f 1866/1866 1850/1850 1849/1849
f 1850/1850 1866/1866 1867/1867
f 1867/1867 1851/1851 1850/1850
f 1851/1851 1867/1867 1868/1868
f 1868/1868 1852/1852 1851/1851
f 1852/1852 1868/1868 1869/1869
f 1869/1869 1853/1853 1852/1852
f 1853/1853 1869/1869 1870/1870
f 1870/1870 1854/1854 1853/1853
f 1854/1854 1870/1870 1871/1871
f 1871/1871 1855/1855 1854/1854
f 1855/1855 1871/1871 1872/1872
f 1872/1872 1856/1856 1855/1855
f 1856/1856 1872/1872 1873/1873
f 1873/1873 1857/1857 1856/1856
f 1858/1858 1874/1874 1875/1875
f 1875/1875 1859/1859 1858/1858
f 1859/1859 1875/1875 1414/1414
f 1381/1381 1876/1876 1860/1860
f 1861/1861 1877/1877 1878/1878
f 1878/1878 1862/1862 1861/1861
f 1862/1862 1878/1878 1879/1879
f 1879/1879 1863/1863 1862/1862
f 1863/1863 1879/1879 1880/1880
f 1880/1880 1864/1864 1863/1863
f 1864/1864 1880/1880 1881/1881
f 1881/1881 1865/1865 1864/1864
f 1865/1865 1881/1881 1882/1882
f 1882/1882 1866/1866 1865/1865
f 1866/1866 1882/1882 1883/1883
f 1883/1883 1867/1867 1866/1866
f 1867/1867 1883/1883 1884/1884
f 1884/1884 1868/1868 1867/1867
f 1868/1868 1884/1884 1885/1885
f 1885/1885 1869/1869 1868/1868
f 1869/1869 1885/1885 1886/1886
f 1886/1886 1870/1870 1869/1869
f 1870/1870 1886/1886 1887/1887
f 1887/1887 1871/1871 1870/1870
f 1871/1871 1887/1887 1888/1888
f 1888/1888 1872/1872 1871/1871
f 1872/1872 1888/1888 1889/1889
f 1889/1889 1873/1873 1872/1872
f 1874/1874 1890/1890 1891/1891
f 1891/1891 1875/1875 1874/1874
f 1875/1875 1891/1891 1414/1414
f 1381/1381 1892/1892 1876/1876
f 1877/1877 1893/1893 1894/1894
f 1894/1894 1878/1878 1877/1877
f 1878/1878 1894/1894 1895/1895
f 1895/1895 1879/1879 1878/1878
f 1879/1879 1895/1895 1896/1896
f 1896/1896 1880/1880 1879/1879
f 1880/1880 1896/1896 1897/1897
f 1897/1897 1881/1881 1880/1880
f 1881/1881 1897/1897 1898/1898
f 1898/1898 1882/1882 1881/1881
f 1882/1882 1898/1898 1899/1899
f 1899/1899 1883/1883 1882/1882
f 1883/1883 1899/1899 1900/1900
f 1900/1900 1884/1884 1883/1883
f 1884/1884 1900/1900 1901/1901
f 1901/1901 1885/1885 1884/1884
f 1885/1885 1901/1901 1902/1902
f 1902/1902 1886/1886 1885/1885
f 1886/1886 1902/1902 1903/1903
f 1903/1903 1887/1887 1886/1886
f 1887/1887 1903/1903 1904/1904
f 1904/1904 1888/1888 1887/1887
f 1888/1888 1904/1904 1905/1905
f 1905/1905 1889/1889 1888/1888
f 1890/1890 1906/1906 1907/1907
f 1907/1907 1891/1891 1890/1890
f 1891/1891 1907/1907 1414/1414
f 1381/1381 1383/1383 1892/1892
f 1893/1893 1384/1384 1387/1387
f 1387/1387 1894/1894 1893/1893
f 1894/1894 1387/1387 1389/1389
f 1389/1389 1895/1895 1894/1894
f 1895/1895 1389/1389 1391/1391
f 1391/1391 1896/1896 1895/1895
f 1896/1896 1391/1391 1393/1393
f 1393/1393 1897/1897 1896/1896
f 1897/1897 1393/1393 1395/1395
f 1395/1395 1898/1898 1897/1897
f 1898/1898 1395/1395 1397/1397
f 1397/1397 1899/1899 1898/1898
f 1899/1899 1397/1397 1399/1399
f 1399/1399 1900/1900 1899/1899
f 1900/1900 1399/1399 1401/1401
f 1401/1401 1901/1901 1900/1900
f 1901/1901 1401/1401 1403/1403
f 1403/1403 1902/1902 1901/1901
f 1902/1902 1403/1403 1405/1405
f 1405/1405 1903/1903 1902/1902
f 1903/1903 1405/1405 1407/1407
f 1407/1407 1904/1904 1903/1903
f 1904/1904 1407/1407 1409/1409
f 1409/1409 1905/1905 1904/1904
f 1906/1906 1410/1410 1413/1413
f 1413/1413 1907/1907 1906/1906
f 1907/1907 1413/1413 1414/1414
f 1908/1908 1909/1909 1910/1910
f 1910/1910 1911/1911 1912/1912
f 1912/1912 1913/1913 1914/1914
f 1910/1910 1912/1912 1914/1914
f 1914/1914 1915/1915 1916/1916
f 1916/1916 1917/1917 1918/1918
f 1914/1914 1916/1916 1918/1918
f 1918/1918 1919/1919 1920/1920
f 1920/1920 1921/1921 1922/1922
f 1918/1918 1920/1920 1922/1922
f 1914/1914 1918/1918 1922/1922
f 1922/1922 1923/1923 1924/1924
f 1924/1924 1925/1925 1926/1926
f 1922/1922 1924/1924 1926/1926
f 1926/1926 1927/1927 1928/1928
f 1928/1928 1929/1929 1930/1930
f 1926/1926 1928/1928 1930/1930
f 1922/1922 1926/1926 1930/1930
f 1930/1930 1931/1931 1932/1932
f 1932/1932 1933/1933 1934/1934
f 1930/1930 1932/1932 1934/1934
f 1934/1934 1935/1935 1936/1936
f 1936/1936 1937/1937 1938/1938
f 1934/1934 1936/1936 1938/1938
f 1930/1930 1934/1934 1938/1938
f 1922/1922 1930/1930 1938/1938
f 1914/1914 1922/1922 1938/1938
f 1910/1910 1914/1914 1938/1938
f 1908/1908 1910/1910 1938/1938
f 1908/1908 1938/1938 1939/1939
f 1940/1940 1941/1941 1942/1942
f 1942/1942 1943/1943 1940/1940
f 1944/1944 1945/1945 1941/1941
f 1941/1941 1940/1940 1944/1944
f 1946/1946 1947/1947 1945/1945
f 1945/1945 1944/1944 1946/1946
f 1948/1948 1949/1949 1947/1947
f 1947/1947 1946/1946 1948/1948
f 1950/1950 1951/1951 1949/1949
f 1949/1949 1948/1948 1950/1950
f 1952/1952 1953/1953 1951/1951
f 1951/1951 1950/1950 1952/1952
f 1954/1954 1955/1955 1953/1953
f 1953/1953 1952/1952 1954/1954
f 1956/1956 1957/1957 1955/1955
f 1955/1955 1954/1954 1956/1956
f 1958/1958 1959/1959 1960/1960
f 1960/1960 1961/1961 1958/1958
f 1962/1962 1963/1963 1959/1959
f 1959/1959 1958/1958 1962/1962
f 1964/1964 1965/1965 1963/1963
f 1963/1963 1962/1962 1964/1964
f 1966/1966 1967/1967 1965/1965
f 1965/1965 1964/1964 1966/1966
f 1968/1968 1969/1969 1967/1967
f 1967/1967 1966/1966 1968/1968
f 1970/1970 1971/1971 1969/1969
f 1969/1969 1968/1968 1970/1970
f 1972/1972 1973/1973 1971/1971
f 1971/1971 1970/1970 1972/1972
f 1974/1974 1975/1975 1973/1973
f 1973/1973 1972/1972 1974/1974
f 1976/1976 1977/1977 1975/1975
f 1975/1975 1974/1974 1976/1976
f 1978/1978 1979/1979 1977/1977
f 1977/1977 1976/1976 1978/1978
f 1980/1980 1981/1981 1979/1979
f 1979/1979 1978/1978 1980/1980
f 1982/1982 1983/1983 1981/1981
f 1981/1981 1980/1980 1982/1982
f 1984/1984 1985/1985 1983/1983
f 1983/1983 1982/1982 1984/1984
f 1986/1986 1987/1987 1985/1985
f 1985/1985 1984/1984 1986/1986
f 1988/1988 1989/1989 1987/1987
f 1987/1987 1986/1986 1988/1988
f 1990/1990 1991/1991 1989/1989
f 1989/1989 1988/1988 1990/1990
f 1992/1992 1993/1993 1991/1991
f 1991/1991 1990/1990 1992/1992
f 1994/1994 1995/1995 1993/1993
f 1993/1993 1992/1992 1994/1994
f 1996/1996 1997/1997 1995/1995
f 1995/1995 1994/1994 1996/1996
f 1998/1998 1999/1999 1997/1997
f 1997/1997 1996/1996 1998/1998
f 2000/2000 2001/2001 1999/1999
f 1999/1999 1998/1998 2000/2000
f 2002/2002 2003/2003 2001/2001
f 2001/2001 2000/2000 2002/2002
f 2004/2004 2005/2005 2003/2003
f 2003/2003 2002/2002 2004/2004
f 1943/1943 1942/1942 2005/2005
f 2005/2005 2004/2004 1943/1943
f 2006/2006 2007/2007 2008/2008
f 2008/2008 2009/2009 2010/2010
f 2010/2010 2011/2011 2012/2012
f 2008/2008 2010/2010 2012/2012
f 2012/2012 2013/2013 2014/2014
f 2014/2014 2015/2015 2016/2016
f 2012/2012 2014/2014 2016/2016
f 2016/2016 2017/2017 2018/2018
f 2018/2018 2019/2019 2020/2020
f 2016/2016 2018/2018 2020/2020
f 2012/2012 2016/2016 2020/2020
f 2020/2020 2021/2021 2022/2022
f 2022/2022 2023/2023 2024/2024
f 2020/2020 2022/2022 2024/2024
f 2024/2024 2025/2025 2026/2026
f 2026/2026 2027/2027 2028/2028
f 2024/2024 2026/2026 2028/2028
f 2020/2020 2024/2024 2028/2028
f 2028/2028 2029/2029 2030/2030
f 2030/2030 2031/2031 2032/2032
f 2028/2028 2030/2030 2032/2032
f 2032/2032 2033/2033 2034/2034
f 2034/2034 2035/2035 2036/2036
f 2032/2032 2034/2034 2036/2036
f 2028/2028 2032/2032 2036/2036
f 2020/2020 2028/2028 2036/2036
f 2012/2012 2020/2020 2036/2036
f 2008/2008 2012/2012 2036/2036
f 2006/2006 2008/2008 2036/2036
f 2006/2006 2036/2036 2037/2037
f 2038/2038 2039/2039 2040/2040
f 2040/2040 2041/2041 2038/2038
f 2042/2042 2043/2043 2039/2039
f 2039/2039 2038/2038 2042/2042
f 2044/2044 2045/2045 2043/2043
f 2043/2043 2042/2042 2044/2044
f 2046/2046 2047/2047 2045/2045
f 2045/2045 2044/2044 2046/2046
f 2048/2048 2049/2049 2047/2047
f 2047/2047 2046/2046 2048/2048
f 2050/2050 2051/2051 2049/2049
f 2049/2049 2048/2048 2050/2050
f 2052/2052 2053/2053 2051/2051
f 2051/2051 2050/2050 2052/2052
f 2054/2054 2055/2055 2053/2053
f 2053/2053 2052/2052 2054/2054
f 2056/2056 2057/2057 2055/2055
f 2055/2055 2054/2054 2056/2056
f 2058/2058 2059/2059 2057/2057
f 2057/2057 2056/2056 2058/2058
f 2060/2060 2061/2061 2059/2059
f 2059/2059 2058/2058 2060/2060
f 2062/2062 2063/2063 2061/2061
f 2061/2061 2060/2060 2062/2062
f 2064/2064 2065/2065 2063/2063
f 2063/2063 2062/2062 2064/2064
f 2066/2066 2067/2067 2065/2065
f 2065/2065 2064/2064 2066/2066
f 2068/2068 2069/2069 2067/2067
f 2067/2067 2066/2066 2068/2068
f 2070/2070 2071/2071 2069/2069
f 2069/2069 2068/2068 2070/2070
f 2072/2072 2073/2073 2071/2071
f 2071/2071 2070/2070 2072/2072
f 2074/2074 2075/2075 2073/2073
f 2073/2073 2072/2072 2074/2074
f 2076/2076 2077/2077 2075/2075
f 2075/2075 2074/2074 2076/2076
f 2078/2078 2079/2079 2077/2077
f 2077/2077 2076/2076 2078/2078
f 2080/2080 2081/2081 2079/2079
f 2079/2079 2078/2078 2080/2080
f 2082/2082 2083/2083 2081/2081
f 2081/2081 2080/2080 2082/2082
f 2084/2084 2085/2085 2083/2083
f 2083/2083 2082/2082 2084/2084
f 2086/2086 2087/2087 2085/2085
f 2085/2085 2084/2084 2086/2086
f 2088/2088 2089/2089 2087/2087
f 2087/2087 2086/2086 2088/2088
f 2090/2090 2091/2091 2089/2089
f 2089/2089 2088/2088 2090/2090
f 2092/2092 2093/2093 2091/2091
f 2091/2091 2090/2090 2092/2092
f 2094/2094 2095/2095 2093/2093
f 2093/2093 2092/2092 2094/2094
f 2096/2096 2097/2097 2095/2095
f 2095/2095 2094/2094 2096/2096
f 2098/2098 2099/2099 2097/2097
f 2097/2097 2096/2096 2098/2098
f 2100/2100 2101/2101 2099/2099
f 2099/2099 2098/2098 2100/2100
f 2041/2041 2040/2040 2101/2101
f 2101/2101 2100/2100 2041/2041
f 2102/2102 2103/2103 2104/2104
f 2104/2104 2105/2105 2102/2102
f 2106/2106 2107/2107 2103/2103
f 2103/2103 2102/2102 2106/2106
f 2108/2108 2109/2109 2107/2107
f 2107/2107 2106/2106 2108/2108
f 2110/2110 2111/2111 2109/2109
f 2109/2109 2108/2108 2110/2110
f 2112/2112 2113/2113 2111/2111
f 2111/2111 2110/2110 2112/2112
f 2114/2114 2115/2115 2113/2113
f 2113/2113 2112/2112 2114/2114
f 2116/2116 2117/2117 2115/2115
f 2115/2115 2114/2114 2116/2116
f 2118/2118 2119/2119 2117/2117
f 2117/2117 2116/2116 2118/2118
f 2120/2120 2121/2121 2119/2119
f 2119/2119 2118/2118 2120/2120
f 2122/2122 2123/2123 2121/2121
f 2121/2121 2120/2120 2122/2122
f 2124/2124 2125/2125 2123/2123
f 2123/2123 2122/2122 2124/2124
f 2126/2126 2127/2127 2125/2125
f 2125/2125 2124/2124 2126/2126
f 2128/2128 2129/2129 2127/2127
f 2127/2127 2126/2126 2128/2128
f 2130/2130 2131/2131 2129/2129
f 2129/2129 2128/2128 2130/2130
f 2132/2132 2133/2133 2131/2131
f 2131/2131 2130/2130 2132/2132
f 2134/2134 2135/2135 2133/2133
f 2133/2133 2132/2132 2134/2134
f 2136/2136 2137/2137 2135/2135
f 2135/2135 2134/2134 2136/2136
f 2138/2138 2139/2139 2137/2137
f 2137/2137 2136/2136 2138/2138
f 2140/2140 2141/2141 2139/2139
f 2139/2139 2138/2138 2140/2140
f 2142/2142 2143/2143 2141/2141
f 2141/2141 2140/2140 2142/2142
f 2144/2144 2145/2145 2143/2143
f 2143/2143 2142/2142 2144/2144
f 2146/2146 2147/2147 2145/2145
f 2145/2145 2144/2144 2146/2146
f 2148/2148 2149/2149 2147/2147
f 2147/2147 2146/2146 2148/2148
f 2150/2150 2151/2151 2149/2149
f 2149/2149 2148/2148 2150/2150
f 2152/2152 2153/2153 2151/2151
f 2151/2151 2150/2150 2152/2152
f 2154/2154 2155/2155 2153/2153
f 2153/2153 2152/2152 2154/2154
f 2156/2156 2157/2157 2155/2155
f 2155/2155 2154/2154 2156/2156
f 2158/2158 2159/2159 2157/2157
f 2157/2157 2156/2156 2158/2158
f 2160/2160 2161/2161 2159/2159
f 2159/2159 2158/2158 2160/2160
f 2162/2162 2163/2163 2161/2161
f 2161/2161 2160/2160 2162/2162
f 2164/2164 2165/2165 2163/2163
f 2163/2163 2162/2162 2164/2164
f 2105/2105 2104/2104 2165/2165
f 2165/2165 2164/2164 2105/2105
f 1924/1924 1923/1923 2166/2166
f 2166/2166 2167/2167 1924/1924
f 1925/1925 1924/1924 2167/2167
f 2167/2167 2168/2168 1925/1925
f 1926/1926 1925/1925 2168/2168
f 2168/2168 2169/2169 1926/1926
f 1927/1927 1926/1926 2169/2169
f 2169/2169 2170/2170 1927/1927
f 1928/1928 1927/1927 2170/2170
f 2170/2170 2171/2171 1928/1928
f 1929/1929 1928/1928 2171/2171
f 2171/2171 2172/2172 1929/1929
f 1930/1930 1929/1929 2172/2172
f 2172/2172 2173/2173 1930/1930
f 1931/1931 1930/1930 2173/2173
f 2173/2173 2174/2174 1931/1931
f 1932/1932 1931/1931 2174/2174
f 2174/2174 2175/2175 1932/1932
f 1933/1933 1932/1932 2175/2175
f 2175/2175 2176/2176 1933/1933
f 1934/1934 1933/1933 2176/2176
f 2176/2176 2177/2177 1934/1934
f 1935/1935 1934/1934 2177/2177
f 2177/2177 2178/2178 1935/1935
f 1936/1936 1935/1935 2178/2178
f 2178/2178 2179/2179 1936/1936
f 1937/1937 1936/1936 2179/2179
f 2179/2179 2180/2180 1937/1937
f 1938/1938 1937/1937 2180/2180
f 2180/2180 2181/2181 1938/1938
f 1939/1939 1938/1938 2181/2181
f 2181/2181 2182/2182 1939/1939
f 1908/1908 1939/1939 2182/2182
f 2182/2182 2183/2183 1908/1908
f 1909/1909 1908/1908 2183/2183
f 2183/2183 2184/2184 1909/1909
f 1910/1910 1909/1909 2184/2184
f 2184/2184 2185/2185 1910/1910
f 1911/1911 1910/1910 2185/2185
f 2185/2185 2186/2186 1911/1911
f 1912/1912 1911/1911 2186/2186
f 2186/2186 2187/2187 1912/1912
f 1913/1913 1912/1912 2187/2187
f 2187/2187 2188/2188 1913/1913
f 1914/1914 1913/1913 2188/2188
f 2188/2188 2189/2189 1914/1914
f 1915/1915 1914/1914 2189/2189
f 2189/2189 2190/2190 1915/1915
f 1916/1916 1915/1915 2190/2190
f 2190/2190 2191/2191 1916/1916
f 1917/1917 1916/1916 2191/2191
f 2191/2191 2192/2192 1917/1917
f 1918/1918 1917/1917 2192/2192
f 2192/2192 2193/2193 1918/1918
f 1919/1919 1918/1918 2193/2193
f 2193/2193 2194/2194 1919/1919
f 1920/1920 1919/1919 2194/2194
f 2194/2194 2195/2195 1920/1920
f 1921/1921 1920/1920 2195/2195
f 2195/2195 2196/2196 1921/1921
f 1922/1922 1921/1921 2196/2196
f 2196/2196 2197/2197 1922/1922
f 1923/1923 1922/1922 2197/2197
f 2197/2197 2166/2166 1923/1923
f 1940/1940 1943/1943 2198/2198
f 2198/2198 2199/2199 1940/1940
f 1942/1942 1941/1941 2200/2200
f 2200/2200 2201/2201 1942/1942
f 1944/1944 1940/1940 2199/2199
f 2199/2199 2202/2202 1944/1944
f 1941/1941 1945/1945 2203/2203
f 2203/2203 2200/2200 1941/1941
f 1946/1946 1944/1944 2202/2202
f 2202/2202 2204/2204 1946/1946
f 1945/1945 1947/1947 2205/2205
f 2205/2205 2203/2203 1945/1945
f 1948/1948 1946/1946 2204/2204
f 2204/2204 2206/2206 1948/1948
f 1947/1947 1949/1949 2207/2207
f 2207/2207 2205/2205 1947/1947
f 1950/1950 1948/1948 2206/2206
f 2206/2206 2208/2208 1950/1950
f 1949/1949 1951/1951 2209/2209
f 2209/2209 2207/2207 1949/1949
f 1952/1952 1950/1950 2208/2208
f 2208/2208 2210/2210 1952/1952
f 1951/1951 1953/1953 2211/2211
f 2211/2211 2209/2209 1951/1951
f 1954/1954 1952/1952 2210/2210
f 2210/2210 2212/2212 1954/1954
f 1953/1953 1955/1955 2213/2213
f 2213/2213 2211/2211 1953/1953
f 1956/1956 1954/1954 2212/2212
f 2212/2212 2214/2214 1956/1956
f 1955/1955 1957/1957 2215/2215
f 2215/2215 2213/2213 1955/1955
f 1958/1958 1961/1961 2216/2216
f 2216/2216 2217/2217 1958/1958
f 1960/1960 1959/1959 2218/2218
f 2218/2218 2219/2219 1960/1960
f 1962/1962 1958/1958 2217/2217
f 2217/2217 2220/2220 1962/1962
f 1959/1959 1963/1963 2221/2221
f 2221/2221 2218/2218 1959/1959
f 1964/1964 1962/1962 2220/2220
f 2220/2220 2222/2222 1964/1964
f 1963/1963 1965/1965 2223/2223
f 2223/2223 2221/2221 1963/1963
f 1966/1966 1964/1964 2222/2222
f 2222/2222 2224/2224 1966/1966
f 1965/1965 1967/1967 2225/2225
f 2225/2225 2223/2223 1965/1965
f 1968/1968 1966/1966 2224/2224
f 2224/2224 2226/2226 1968/1968
f 1967/1967 1969/1969 2227/2227
f 2227/2227 2225/2225 1967/1967
f 1970/1970 1968/1968 2226/2226
f 2226/2226 2228/2228 1970/1970
f 1969/1969 1971/1971 2229/2229
f 2229/2229 2227/2227 1969/1969
f 1972/1972 1970/1970 2228/2228
f 2228/2228 2230/2230 1972/1972
f 1971/1971 1973/1973 2231/2231
f 2231/2231 2229/2229 1971/1971
f 1974/1974 1972/1972 2230/2230
f 2230/2230 2232/2232 1974/1974
f 1973/1973 1975/1975 2233/2233
f 2233/2233 2231/2231 1973/1973
f 1976/1976 1974/1974 2232/2232
f 2232/2232 2234/2234 1976/1976
f 1975/1975 1977/1977 2235/2235
f 2235/2235 2233/2233 1975/1975
f 1978/1978 1976/1976 2234/2234
f 2234/2234 2236/2236 1978/1978
f 1977/1977 1979/1979 2237/2237
f 2237/2237 2235/2235 1977/1977
f 1980/1980 1978/1978 2236/2236
f 2236/2236 2238/2238 1980/1980
f 1979/1979 1981/1981 2239/2239
f 2239/2239 2237/2237 1979/1979
f 1982/1982 1980/1980 2238/2238
f 2238/2238 2240/2240 1982/1982
f 1981/1981 1983/1983 2241/2241
f 2241/2241 2239/2239 1981/1981
f 1984/1984 1982/1982 2240/2240
f 2240/2240 2242/2242 1984/1984
f 1983/1983 1985/1985 2243/2243
f 2243/2243 2241/2241 1983/1983
f 1986/1986 1984/1984 2242/2242
f 2242/2242 2244/2244 1986/1986
f 1985/1985 1987/1987 2245/2245
f 2245/2245 2243/2243 1985/1985
f 1988/1988 1986/1986 2244/2244
f 2244/2244 2246/2246 1988/1988
f 1987/1987 1989/1989 2247/2247
f 2247/2247 2245/2245 1987/1987
f 1990/1990 1988/1988 2246/2246
f 2246/2246 2248/2248 1990/1990
f 1989/1989 1991/1991 2249/2249
f 2249/2249 2247/2247 1989/1989
f 1992/1992 1990/1990 2248/2248
f 2248/2248 2250/2250 1992/1992
f 1991/1991 1993/1993 2251/2251
f 2251/2251 2249/2249 1991/1991
f 1994/1994 1992/1992 2250/2250
f 2250/2250 2252/2252 1994/1994
f 1993/1993 1995/1995 2253/2253
f 2253/2253 2251/2251 1993/1993
f 1996/1996 1994/1994 2252/2252
f 2252/2252 2254/2254 1996/1996
f 1995/1995 1997/1997 2255/2255
f 2255/2255 2253/2253 1995/1995
f 1998/1998 1996/1996 2254/2254
f 2254/2254 2256/2256 1998/1998
f 1997/1997 1999/1999 2257/2257
f 2257/2257 2255/2255 1997/1997
f 2000/2000 1998/1998 2256/2256
f 2256/2256 2258/2258 2000/2000
f 1999/1999 2001/2001 2259/2259
f 2259/2259 2257/2257 1999/1999
f 2002/2002 2000/2000 2258/2258
f 2258/2258 2260/2260 2002/2002
f 2001/2001 2003/2003 2261/2261
f 2261/2261 2259/2259 2001/2001
f 2004/2004 2002/2002 2260/2260
f 2260/2260 2262/2262 2004/2004
f 2003/2003 2005/2005 2263/2263
f 2263/2263 2261/2261 2003/2003
f 1943/1943 2004/2004 2262/2262
f 2262/2262 2198/2198 1943/1943
f 2005/2005 1942/1942 2201/2201
f 2201/2201 2263/2263 2005/2005
f 2022/2022 2021/2021 2264/2264
f 2264/2264 2265/2265 2022/2022
f 2023/2023 2022/2022 2265/2265
f 2265/2265 2266/2266 2023/2023
f 2024/2024 2023/2023 2266/2266
f 2266/2266 2267/2267 2024/2024
f 2025/2025 2024/2024 2267/2267
f 2267/2267 2268/2268 2025/2025
f 2026/2026 2025/2025 2268/2268
f 2268/2268 2269/2269 2026/2026
f 2027/2027 2026/2026 2269/2269
f 2269/2269 2270/2270 2027/2027
f 2028/2028 2027/2027 2270/2270
f 2270/2270 2271/2271 2028/2028
f 2029/2029 2028/2028 2271/2271
f 2271/2271 2272/2272 2029/2029
f 2030/2030 2029/2029 2272/2272
f 2272/2272 2273/2273 2030/2030
f 2031/2031 2030/2030 2273/2273
f 2273/2273 2274/2274 2031/2031
f 2032/2032 2031/2031 2274/2274
f 2274/2274 2275/2275 2032/2032
f 2033/2033 2032/2032 2275/2275
f 2275/2275 2276/2276 2033/2033
f 2034/2034 2033/2033 2276/2276
f 2276/2276 2277/2277 2034/2034
f 2035/2035 2034/2034 2277/2277
f 2277/2277 2278/2278 2035/2035
f 2036/2036 2035/2035 2278/2278
f 2278/2278 2279/2279 2036/2036
f 2037/2037 2036/2036 2279/2279
f 2279/2279 2280/2280 2037/2037
f 2006/2006 2037/2037 2280/2280
f 2280/2280 2281/2281 2006/2006
f 2007/2007 2006/2006 2281/2281
f 2281/2281 2282/2282 2007/2007
f 2008/2008 2007/2007 2282/2282
f 2282/2282 2283/2283 2008/2008
f 2009/2009 2008/2008 2283/2283
f 2283/2283 2284/2284 2009/2009
f 2010/2010 2009/2009 2284/2284
f 2284/2284 2285/2285 2010/2010
f 2011/2011 2010/2010 2285/2285
f 2285/2285 2286/2286 2011/2011
f 2012/2012 2011/2011 2286/2286
f 2286/2286 2287/2287 2012/2012
f 2013/2013 2012/2012 2287/2287
f 2287/2287 2288/2288 2013/2013
f 2014/2014 2013/2013 2288/2288
f 2288/2288 2289/2289 2014/2014
f 2015/2015 2014/2014 2289/2289
f 2289/2289 2290/2290 2015/2015
f 2016/2016 2015/2015 2290/2290
f 2290/2290 2291/2291 2016/2016
f 2017/2017 2016/2016 2291/2291
f 2291/2291 2292/2292 2017/2017
f 2018/2018 2017/2017 2292/2292
f 2292/2292 2293/2293 2018/2018
f 2019/2019 2018/2018 2293/2293
f 2293/2293 2294/2294 2019/2019
f 2020/2020 2019/2019 2294/2294
f 2294/2294 2295/2295 2020/2020
f 2021/2021 2020/2020 2295/2295
f 2295/2295 2264/2264 2021/2021
f 2038/2038 2041/2041 2296/2296
f 2296/2296 2297/2297 2038/2038
f 2040/2040 2039/2039 2298/2298
f 2298/2298 2299/2299 2040/2040
f 2042/2042 2038/2038 2297/2297
f 2297/2297 2300/2300 2042/2042
f 2039/2039 2043/2043 2301/2301
f 2301/2301 2298/2298 2039/2039
f 2044/2044 2042/2042 2300/2300
f 2300/2300 2302/2302 2044/2044
f 2043/2043 2045/2045 2303/2303
f 2303/2303 2301/2301 2043/2043
f 2046/2046 2044/2044 2302/2302
f 2302/2302 2304/2304 2046/2046
f 2045/2045 2047/2047 2305/2305
f 2305/2305 2303/2303 2045/2045
f 2048/2048 2046/2046 2304/2304
f 2304/2304 2306/2306 2048/2048
f 2047/2047 2049/2049 2307/2307
f 2307/2307 2305/2305 2047/2047
f 2050/2050 2048/2048 2306/2306
f 2306/2306 2308/2308 2050/2050
f 2049/2049 2051/2051 2309/2309
f 2309/2309 2307/2307 2049/2049
f 2052/2052 2050/2050 2308/2308
f 2308/2308 2310/2310 2052/2052
f 2051/2051 2053/2053 2311/2311
f 2311/2311 2309/2309 2051/2051
f 2054/2054 2052/2052 2310/2310
f 2310/2310 2312/2312 2054/2054
f 2053/2053 2055/2055 2313/2313
f 2313/2313 2311/2311 2053/2053
f 2056/2056 2054/2054 2312/2312
f 2312/2312 2314/2314 2056/2056
f 2055/2055 2057/2057 2315/2315
f 2315/2315 2313/2313 2055/2055
f 2058/2058 2056/2056 2314/2314
f 2314/2314 2316/2316 2058/2058
f 2057/2057 2059/2059 2317/2317
f 2317/2317 2315/2315 2057/2057
f 2060/2060 2058/2058 2316/2316
f 2316/2316 2318/2318 2060/2060
f 2059/2059 2061/2061 2319/2319
f 2319/2319 2317/2317 2059/2059
f 2062/2062 2060/2060 2318/2318
f 2318/2318 2320/2320 2062/2062
f 2061/2061 2063/2063 2321/2321
f 2321/2321 2319/2319 2061/2061
f 2064/2064 2062/2062 2320/2320
f 2320/2320 2322/2322 2064/2064
f 2063/2063 2065/2065 2323/2323
f 2323/2323 2321/2321 2063/2063
f 2066/2066 2064/2064 2322/2322
f 2322/2322 2324/2324 2066/2066
f 2065/2065 2067/2067 2325/2325
f 2325/2325 2323/2323 2065/2065
f 2068/2068 2066/2066 2324/2324
f 2324/2324 2326/2326 2068/2068
f 2067/2067 2069/2069 2327/2327
f 2327/2327 2325/2325 2067/2067
f 2070/2070 2068/2068 2326/2326
f 2326/2326 2328/2328 2070/2070
f 2069/2069 2071/2071 2329/2329
f 2329/2329 2327/2327 2069/2069
f 2072/2072 2070/2070 2328/2328
f 2328/2328 2330/2330 2072/2072
f 2071/2071 2073/2073 2331/2331
f 2331/2331 2329/2329 2071/2071
f 2074/2074 2072/2072 2330/2330
f 2330/2330 2332/2332 2074/2074
f 2073/2073 2075/2075 2333/2333
f 2333/2333 2331/2331 2073/2073
f 2076/2076 2074/2074 2332/2332
f 2332/2332 2334/2334 2076/2076
f 2075/2075 2077/2077 2335/2335
f 2335/2335 2333/2333 2075/2075
f 2078/2078 2076/2076 2334/2334
f 2334/2334 2336/2336 2078/2078
f 2077/2077 2079/2079 2337/2337
f 2337/2337 2335/2335 2077/2077
f 2080/2080 2078/2078 2336/2336
f 2336/2336 2338/2338 2080/2080
f 2079/2079 2081/2081 2339/2339
f 2339/2339 2337/2337 2079/2079
f 2082/2082 2080/2080 2338/2338
f 2338/2338 2340/2340 2082/2082
f 2081/2081 2083/2083 2341/2341
f 2341/2341 2339/2339 2081/2081
f 2084/2084 2082/2082 2340/2340
f 2340/2340 2342/2342 2084/2084
f 2083/2083 2085/2085 2343/2343
f 2343/2343 2341/2341 2083/2083
f 2086/2086 2084/2084 2342/2342
f 2342/2342 2344/2344 2086/2086
f 2085/2085 2087/2087 2345/2345
f 2345/2345 2343/2343 2085/2085
f 2088/2088 2086/2086 2344/2344
f 2344/2344 2346/2346 2088/2088
f 2087/2087 2089/2089 2347/2347
f 2347/2347 2345/2345 2087/2087
f 2090/2090 2088/2088 2346/2346
f 2346/2346 2348/2348 2090/2090
f 2089/2089 2091/2091 2349/2349
f 2349/2349 2347/2347 2089/2089
f 2092/2092 2090/2090 2348/2348
f 2348/2348 2350/2350 2092/2092
f 2091/2091 2093/2093 2351/2351
f 2351/2351 2349/2349 2091/2091
f 2094/2094 2092/2092 2350/2350
f 2350/2350 2352/2352 2094/2094
f 2093/2093 2095/2095 2353/2353
f 2353/2353 2351/2351 2093/2093
f 2096/2096 2094/2094 2352/2352
f 2352/2352 2354/2354 2096/2096
f 2095/2095 2097/2097 2355/2355
f 2355/2355 2353/2353 2095/2095
f 2098/2098 2096/2096 2354/2354
f 2354/2354 2356/2356 2098/2098
f 2097/2097 2099/2099 2357/2357
f 2357/2357 2355/2355 2097/2097
f 2100/2100 2098/2098 2356/2356
f 2356/2356 2358/2358 2100/2100
f 2099/2099 2101/2101 2359/2359
f 2359/2359 2357/2357 2099/2099
f 2041/2041 2100/2100 2358/2358
f 2358/2358 2296/2296 2041/2041
f 2101/2101 2040/2040 2299/2299
f 2299/2299 2359/2359 2101/2101
f 2102/2102 2105/2105 2299/2299
f 2299/2299 2298/2298 2102/2102
f 2104/2104 2103/2103 2266/2266
f 2266/2266 2265/2265 2104/2104
f 2106/2106 2102/2102 2298/2298
f 2298/2298 2301/2301 2106/2106
f 2103/2103 2107/2107 2267/2267
f 2267/2267 2266/2266 2103/2103
f 2108/2108 2106/2106 2301/2301
f 2301/2301 2303/2303 2108/2108
f 2107/2107 2109/2109 2268/2268
f 2268/2268 2267/2267 2107/2107
f 2110/2110 2108/2108 2303/2303
f 2303/2303 2305/2305 2110/2110
f 2109/2109 2111/2111 2269/2269
f 2269/2269 2268/2268 2109/2109
f 2112/2112 2110/2110 2305/2305
f 2305/2305 2307/2307 2112/2112
f 2111/2111 2113/2113 2270/2270
f 2270/2270 2269/2269 2111/2111
f 2114/2114 2112/2112 2307/2307
f 2307/2307 2309/2309 2114/2114
f 2113/2113 2115/2115 2271/2271
f 2271/2271 2270/2270 2113/2113
f 2116/2116 2114/2114 2309/2309
f 2309/2309 2311/2311 2116/2116
f 2115/2115 2117/2117 2272/2272
f 2272/2272 2271/2271 2115/2115
f 2118/2118 2116/2116 2311/2311
f 2311/2311 2313/2313 2118/2118
f 2117/2117 2119/2119 2273/2273
f 2273/2273 2272/2272 2117/2117
f 2120/2120 2118/2118 2313/2313
f 2313/2313 2315/2315 2120/2120
f 2119/2119 2121/2121 2274/2274
f 2274/2274 2273/2273 2119/2119
f 2122/2122 2120/2120 2315/2315
f 2315/2315 2317/2317 2122/2122
f 2121/2121 2123/2123 2275/2275
f 2275/2275 2274/2274 2121/2121
f 2124/2124 2122/2122 2317/2317
f 2317/2317 2319/2319 2124/2124
f 2123/2123 2125/2125 2276/2276
f 2276/2276 2275/2275 2123/2123
f 2126/2126 2124/2124 2319/2319
f 2319/2319 2321/2321 2126/2126
f 2125/2125 2127/2127 2277/2277
f 2277/2277 2276/2276 2125/2125
f 2128/2128 2126/2126 2321/2321
f 2321/2321 2323/2323 2128/2128
f 2127/2127 2129/2129 2278/2278
f 2278/2278 2277/2277 2127/2127
f 2130/2130 2128/2128 2323/2323
f 2323/2323 2325/2325 2130/2130
f 2129/2129 2131/2131 2279/2279
f 2279/2279 2278/2278 2129/2129
f 2132/2132 2130/2130 2325/2325
f 2325/2325 2327/2327 2132/2132
f 2131/2131 2133/2133 2280/2280
f 2280/2280 2279/2279 2131/2131
f 2134/2134 2132/2132 2327/2327
f 2327/2327 2329/2329 2134/2134
f 2133/2133 2135/2135 2281/2281
f 2281/2281 2280/2280 2133/2133
f 2136/2136 2134/2134 2329/2329
f 2329/2329 2331/2331 2136/2136
f 2135/2135 2137/2137 2282/2282
f 2282/2282 2281/2281 2135/2135
f 2138/2138 2136/2136 2331/2331
f 2331/2331 2333/2333 2138/2138
f 2137/2137 2139/2139 2283/2283
f 2283/2283 2282/2282 2137/2137
f 2140/2140 2138/2138 2333/2333
f 2333/2333 2335/2335 2140/2140
f 2139/2139 2141/2141 2284/2284
f 2284/2284 2283/2283 2139/2139
f 2142/2142 2140/2140 2335/2335
f 2335/2335 2337/2337 2142/2142
f 2141/2141 2143/2143 2285/2285
f 2285/2285 2284/2284 2141/2141
f 2144/2144 2142/2142 2337/2337
f 2337/2337 2339/2339 2144/2144
f 2143/2143 2145/2145 2286/2286
f 2286/2286 2285/2285 2143/2143
f 2146/2146 2144/2144 2339/2339
f 2339/2339 2341/2341 2146/2146
f 2145/2145 2147/2147 2287/2287
f 2287/2287 2286/2286 2145/2145
f 2148/2148 2146/2146 2341/2341
f 2341/2341 2343/2343 2148/2148
f 2147/2147 2149/2149 2288/2288
f 2288/2288 2287/2287 2147/2147
f 2150/2150 2148/2148 2343/2343
f 2343/2343 2345/2345 2150/2150
f 2149/2149 2151/2151 2289/2289
f 2289/2289 2288/2288 2149/2149
f 2152/2152 2150/2150 2345/2345
f 2345/2345 2347/2347 2152/2152
f 2151/2151 2153/2153 2290/2290
f 2290/2290 2289/2289 2151/2151
f 2154/2154 2152/2152 2347/2347
f 2347/2347 2349/2349 2154/2154
f 2153/2153 2155/2155 2291/2291
f 2291/2291 2290/2290 2153/2153
f 2156/2156 2154/2154 2349/2349
f 2349/2349 2351/2351 2156/2156
f 2155/2155 2157/2157 2292/2292
f 2292/2292 2291/2291 2155/2155
f 2158/2158 2156/2156 2351/2351
f 2351/2351 2353/2353 2158/2158
f 2157/2157 2159/2159 2293/2293
f 2293/2293 2292/2292 2157/2157
f 2160/2160 2158/2158 2353/2353
f 2353/2353 2355/2355 2160/2160
f 2159/2159 2161/2161 2294/2294
f 2294/2294 2293/2293 2159/2159
f 2162/2162 2160/2160 2355/2355
f 2355/2355 2357/2357 2162/2162
f 2161/2161 2163/2163 2295/2295
f 2295/2295 2294/2294 2161/2161
f 2164/2164 2162/2162 2357/2357
f 2357/2357 2359/2359 2164/2164
f 2163/2163 2165/2165 2264/2264
f 2264/2264 2295/2295 2163/2163
f 2105/2105 2164/2164 2359/2359
f 2359/2359 2299/2299 2105/2105
f 2165/2165 2104/2104 2265/2265
f 2265/2265 2264/2264 2165/2165
f 2360/2360 2361/2361 2362/2362
f 2362/2362 2363/2363 2360/2360
f 2364/2364 2365/2365 2366/2366
f 2366/2366 2367/2367 2364/2364
f 2368/2368 2369/2369 2365/2365
f 2365/2365 2364/2364 2368/2368
f 2368/2368 2363/2363 2362/2362
f 2362/2362 2369/2369 2368/2368
f 2370/2370 2371/2371 2372/2372
f 2372/2372 2373/2373 2370/2370
f 2374/2374 2375/2375 2376/2376
f 2376/2376 2377/2377 2374/2374
f 2378/2378 2379/2379 2380/2380
f 2380/2380 2381/2381 2378/2378
f 2382/2382 2383/2383 2378/2378
f 2378/2378 2381/2381 2382/2382
f 2376/2376 2375/2375 2383/2383
f 2383/2383 2382/2382 2376/2376
f 2377/2377 2376/2376 2362/2362
f 2362/2362 2361/2361 2377/2377
f 2381/2381 2380/2380 2366/2366
f 2366/2366 2365/2365 2381/2381
f 2382/2382 2381/2381 2365/2365
f 2365/2365 2369/2369 2382/2382
f 2376/2376 2382/2382 2369/2369
f 2369/2369 2362/2362 2376/2376
f 2370/2370 2373/2373 2375/2375
f 2375/2375 2374/2374 2370/2370
f 2384/2384 2385/2385 2379/2379
f 2379/2379 2378/2378 2384/2384
f 2383/2383 2386/2386 2384/2384
f 2384/2384 2378/2378 2383/2383
f 2373/2373 2386/2386 2383/2383
f 2383/2383 2375/2375 2373/2373
