mtllib GlassVaseFlowers.mtl
g GlassTransmission
usemtl GlassTransmission
v 0.12102 0.03800 -0.00000
v 0.11905 0.03801 0.00000
v 0.11909 0.03801 0.00039
v 0.11707 0.03813 0.00079
v 0.11700 0.03813 0.00000
v 0.11492 0.03848 0.00122
v 0.11480 0.03848 0.00000
v 0.11254 0.03915 0.00169
v 0.11238 0.03915 0.00000
v 0.10988 0.04027 0.00222
v 0.10966 0.04027 0.00000
v 0.10321 0.04349 0.00355
v 0.10286 0.04349 -0.00000
v 0.09910 0.04557 0.00437
v 0.09867 0.04557 -0.00000
v 0.09669 0.04708 0.00485
v 0.09621 0.04708 0.00000
v 0.09513 0.04862 0.00516
v 0.09462 0.04862 0.00000
v 0.09357 0.05078 0.00547
v 0.09303 0.05078 0.00000
v 0.09206 0.05429 0.00576
v 0.09150 0.05429 0.00000
v 0.09111 0.05912 0.00595
v 0.09052 0.05912 0.00000
v 0.09050 0.06480 0.00608
v 0.08990 0.06480 0.00000
v 0.09005 0.07085 0.00617
v 0.08944 0.07085 0.00000
v 0.08955 0.07679 0.00627
v 0.08893 0.07679 0.00000
v 0.08765 0.10788 0.00664
v 0.08700 0.10788 0.00000
v 0.08543 0.14106 0.00708
v 0.08474 0.14106 0.00000
v 0.08439 0.14106 0.00729
v 0.08368 0.14106 0.00000
v 0.08630 0.10788 0.00691
v 0.08562 0.10788 0.00000
v 0.08807 0.07679 0.00656
v 0.08742 0.07679 0.00000
v 0.08863 0.07070 0.00645
v 0.08799 0.07070 0.00000
v 0.08913 0.06454 0.00635
v 0.08850 0.06454 0.00000
v 0.08985 0.05857 0.00620
v 0.08924 0.05857 0.00000
v 0.09108 0.05309 0.00596
v 0.09049 0.05309 0.00000
v 0.09308 0.04837 0.00556
v 0.09254 0.04837 0.00000
v 0.09717 0.04434 0.00475
v 0.09670 0.04434 0.00000
v 0.10314 0.04081 0.00356
v 0.10279 0.04081 0.00000
v 0.10905 0.03789 0.00239
v 0.10882 0.03789 0.00000
v 0.11297 0.03570 0.00161
v 0.11281 0.03570 0.00000
v 0.11295 0.03435 0.00161
v 0.11279 0.03435 0.00000
v 0.11059 0.03383 0.00208
v 0.11039 0.03383 0.00000
v 0.10756 0.03266 0.00268
v 0.10730 0.03266 0.00000
v 0.10456 0.03077 0.00328
v 0.10424 0.03077 0.00000
v 0.10228 0.02811 0.00373
v 0.10191 0.02811 0.00000
v 0.10142 0.02458 0.00390
v 0.10103 0.02458 0.00000
v 0.10224 0.02100 0.00374
v 0.10187 0.02100 0.00000
v 0.10422 0.01816 0.00335
v 0.10389 0.01816 0.00000
v 0.10687 0.01603 0.00282
v 0.10659 0.01603 0.00000
v 0.10969 0.01455 0.00226
v 0.10947 0.01455 0.00000
v 0.11221 0.01369 0.00176
v 0.11203 0.01369 -0.00000
v 0.11215 0.01267 0.00177
v 0.11198 0.01267 -0.00000
v 0.10835 0.01127 0.00252
v 0.10810 0.01127 -0.00000
v 0.10266 0.00967 0.00366
v 0.10230 0.00967 -0.00000
v 0.09692 0.00803 0.00480
v 0.09645 0.00803 -0.00000
v 0.09298 0.00654 0.00558
v 0.09243 0.00654 -0.00000
v 0.09083 0.00519 0.00601
v 0.09024 0.00519 -0.00000
v 0.08925 0.00387 0.00633
v 0.08862 0.00387 -0.00000
v 0.08823 0.00257 0.00653
v 0.08759 0.00257 -0.00000
v 0.08778 0.00130 0.00662
v 0.08713 0.00130 -0.00000
v 0.08789 0.00006 0.00659
v 0.08724 0.00006 -0.00000
v 0.12105 0.00000 0.00000
v 0.12102 0.03800 -0.00000
v 0.11920 0.03801 0.00077
v 0.11730 0.03813 0.00155
v 0.11527 0.03848 0.00239
v 0.11304 0.03915 0.00332
v 0.11053 0.04027 0.00436
v 0.10424 0.04349 0.00696
v 0.10037 0.04557 0.00856
v 0.09810 0.04708 0.00950
v 0.09663 0.04862 0.01011
v 0.09516 0.05078 0.01072
v 0.09375 0.05429 0.01131
v 0.09285 0.05912 0.01168
v 0.09228 0.06480 0.01192
v 0.09185 0.07085 0.01209
v 0.09138 0.07679 0.01229
v 0.08959 0.10788 0.01303
v 0.08750 0.14106 0.01389
v 0.08652 0.14106 0.01430
v 0.08832 0.10788 0.01356
v 0.08998 0.07679 0.01287
v 0.09051 0.07070 0.01265
v 0.09098 0.06454 0.01245
v 0.09166 0.05857 0.01217
v 0.09282 0.05309 0.01169
v 0.09471 0.04837 0.01091
v 0.09855 0.04434 0.00932
v 0.10418 0.04081 0.00699
v 0.10975 0.03789 0.00468
v 0.11344 0.03570 0.00315
v 0.11342 0.03435 0.00316
v 0.11120 0.03383 0.00408
v 0.10835 0.03266 0.00526
v 0.10552 0.03077 0.00643
v 0.10337 0.02811 0.00732
v 0.10256 0.02458 0.00766
v 0.10333 0.02100 0.00734
v 0.10519 0.01816 0.00657
v 0.10769 0.01603 0.00553
v 0.11035 0.01455 0.00443
v 0.11272 0.01369 0.00345
v 0.11267 0.01267 0.00347
v 0.10909 0.01127 0.00495
v 0.10373 0.00967 0.00717
v 0.09832 0.00803 0.00941
v 0.09461 0.00654 0.01095
v 0.09258 0.00519 0.01179
v 0.09109 0.00387 0.01241
v 0.09013 0.00257 0.01280
v 0.08971 0.00130 0.01298
v 0.08982 0.00006 0.01294
v 0.12105 0.00000 0.00000
v 0.12102 0.03800 -0.00000
v 0.11938 0.03801 0.00111
v 0.11768 0.03813 0.00225
v 0.11585 0.03848 0.00347
v 0.11384 0.03915 0.00482
v 0.11158 0.04027 0.00633
v 0.10592 0.04349 0.01010
v 0.10244 0.04557 0.01243
v 0.10040 0.04708 0.01380
v 0.09907 0.04862 0.01468
v 0.09775 0.05078 0.01556
v 0.09648 0.05429 0.01642
v 0.09567 0.05912 0.01696
v 0.09515 0.06480 0.01730
v 0.09477 0.07085 0.01756
v 0.09434 0.07679 0.01784
v 0.09274 0.10788 0.01891
v 0.09086 0.14106 0.02017
v 0.08997 0.14106 0.02076
v 0.09159 0.10788 0.01968
v 0.09309 0.07679 0.01868
v 0.09356 0.07070 0.01836
v 0.09399 0.06454 0.01808
v 0.09460 0.05857 0.01767
v 0.09564 0.05309 0.01697
v 0.09734 0.04837 0.01584
v 0.10080 0.04434 0.01353
v 0.10586 0.04081 0.01015
v 0.11088 0.03789 0.00679
v 0.11420 0.03570 0.00457
v 0.11418 0.03435 0.00459
v 0.11218 0.03383 0.00592
v 0.10962 0.03266 0.00764
v 0.10707 0.03077 0.00934
v 0.10514 0.02811 0.01063
v 0.10441 0.02458 0.01112
v 0.10510 0.02100 0.01065
v 0.10678 0.01816 0.00953
v 0.10902 0.01603 0.00803
v 0.11142 0.01455 0.00643
v 0.11355 0.01369 0.00501
v 0.11350 0.01267 0.00504
v 0.11029 0.01127 0.00719
v 0.10546 0.00967 0.01041
v 0.10059 0.00803 0.01367
v 0.09725 0.00654 0.01590
v 0.09543 0.00519 0.01712
v 0.09409 0.00387 0.01801
v 0.09323 0.00257 0.01859
v 0.09284 0.00130 0.01884
v 0.09294 0.00006 0.01878
v 0.12105 0.00000 0.00000
v 0.12102 0.03800 -0.00000
v 0.11963 0.03801 0.00141
v 0.11818 0.03813 0.00286
v 0.11663 0.03848 0.00442
v 0.11492 0.03915 0.00613
v 0.11300 0.04027 0.00805
v 0.10819 0.04349 0.01286
v 0.10522 0.04557 0.01583
v 0.10348 0.04708 0.01756
v 0.10236 0.04862 0.01869
v 0.10124 0.05078 0.01981
v 0.10015 0.05429 0.02089
v 0.09946 0.05912 0.02158
v 0.09903 0.06480 0.02202
v 0.09870 0.07085 0.02235
v 0.09834 0.07679 0.02271
v 0.09697 0.10788 0.02407
v 0.09537 0.14106 0.02567
v 0.09462 0.14106 0.02643
v 0.09600 0.10788 0.02505
v 0.09727 0.07679 0.02377
v 0.09767 0.07070 0.02337
v 0.09804 0.06454 0.02301
v 0.09856 0.05857 0.02249
v 0.09944 0.05309 0.02160
v 0.10089 0.04837 0.02016
v 0.10383 0.04434 0.01722
v 0.10813 0.04081 0.01291
v 0.11240 0.03789 0.00865
v 0.11522 0.03570 0.00582
v 0.11521 0.03435 0.00584
v 0.11351 0.03383 0.00754
v 0.11133 0.03266 0.00972
v 0.10916 0.03077 0.01189
v 0.10752 0.02811 0.01353
v 0.10689 0.02458 0.01415
v 0.10749 0.02100 0.01356
v 0.10891 0.01816 0.01213
v 0.11082 0.01603 0.01022
v 0.11286 0.01455 0.00819
v 0.11467 0.01369 0.00637
v 0.11463 0.01267 0.00641
v 0.11189 0.01127 0.00915
v 0.10779 0.00967 0.01325
v 0.10365 0.00803 0.01739
v 0.10081 0.00654 0.02024
v 0.09926 0.00519 0.02179
v 0.09812 0.00387 0.02293
v 0.09739 0.00257 0.02366
v 0.09706 0.00130 0.02398
v 0.09714 0.00006 0.02390
v 0.12105 0.00000 0.00000
v 0.12102 0.03800 -0.00000
v 0.11994 0.03801 0.00166
v 0.11880 0.03813 0.00337
v 0.11757 0.03848 0.00520
v 0.11623 0.03915 0.00721
v 0.11472 0.04027 0.00947
v 0.11094 0.04349 0.01512
v 0.10861 0.04557 0.01861
v 0.10725 0.04708 0.02065
v 0.10636 0.04862 0.02197
v 0.10548 0.05078 0.02329
v 0.10463 0.05429 0.02457
v 0.10409 0.05912 0.02538
v 0.10375 0.06480 0.02589
v 0.10349 0.07085 0.02628
v 0.10320 0.07679 0.02670
v 0.10213 0.10788 0.02831
v 0.10087 0.14106 0.03019
v 0.10028 0.14106 0.03107
v 0.10137 0.10788 0.02945
v 0.10237 0.07679 0.02796
v 0.10268 0.07070 0.02748
v 0.10297 0.06454 0.02706
v 0.10338 0.05857 0.02644
v 0.10407 0.05309 0.02540
v 0.10521 0.04837 0.02370
v 0.10752 0.04434 0.02024
v 0.11090 0.04081 0.01518
v 0.11425 0.03789 0.01017
v 0.11647 0.03570 0.00685
v 0.11646 0.03435 0.00686
v 0.11512 0.03383 0.00886
v 0.11341 0.03266 0.01143
v 0.11171 0.03077 0.01398
v 0.11042 0.02811 0.01591
v 0.10993 0.02458 0.01664
v 0.11039 0.02100 0.01594
v 0.11151 0.01816 0.01427
v 0.11301 0.01603 0.01202
v 0.11461 0.01455 0.00963
v 0.11604 0.01369 0.00749
v 0.11601 0.01267 0.00754
v 0.11386 0.01127 0.01076
v 0.11063 0.00967 0.01559
v 0.10738 0.00803 0.02045
v 0.10515 0.00654 0.02380
v 0.10393 0.00519 0.02562
v 0.10303 0.00387 0.02696
v 0.10246 0.00257 0.02782
v 0.10220 0.00130 0.02820
v 0.10227 0.00006 0.02811
v 0.12105 0.00000 0.00000
v 0.12102 0.03800 -0.00000
v 0.12028 0.03801 0.00185
v 0.11950 0.03813 0.00374
v 0.11866 0.03848 0.00577
v 0.11773 0.03915 0.00801
v 0.11669 0.04027 0.01052
v 0.11409 0.04349 0.01680
v 0.11248 0.04557 0.02068
v 0.11154 0.04708 0.02295
v 0.11093 0.04862 0.02441
v 0.11032 0.05078 0.02588
v 0.10974 0.05429 0.02730
v 0.10937 0.05912 0.02820
v 0.10913 0.06480 0.02877
v 0.10895 0.07085 0.02920
v 0.10876 0.07679 0.02967
v 0.10802 0.10788 0.03145
v 0.10715 0.14106 0.03355
v 0.10674 0.14106 0.03453
v 0.10749 0.10788 0.03273
v 0.10818 0.07679 0.03106
v 0.10840 0.07070 0.03054
v 0.10859 0.06454 0.03007
v 0.10888 0.05857 0.02938
v 0.10935 0.05309 0.02823
v 0.11014 0.04837 0.02634
v 0.11173 0.04434 0.02250
v 0.11406 0.04081 0.01687
v 0.11637 0.03789 0.01130
v 0.11790 0.03570 0.00761
v 0.11789 0.03435 0.00763
v 0.11697 0.03383 0.00985
v 0.11579 0.03266 0.01270
v 0.11461 0.03077 0.01553
v 0.11372 0.02811 0.01768
v 0.11339 0.02458 0.01849
v 0.11371 0.02100 0.01772
v 0.11448 0.01816 0.01585
v 0.11551 0.01603 0.01336
v 0.11662 0.01455 0.01070
v 0.11760 0.01369 0.00833
v 0.11757 0.01267 0.00838
v 0.11609 0.01127 0.01196
v 0.11387 0.00967 0.01732
v 0.11163 0.00803 0.02272
v 0.11009 0.00654 0.02644
v 0.10926 0.00519 0.02846
v 0.10864 0.00387 0.02996
v 0.10824 0.00257 0.03091
v 0.10807 0.00130 0.03134
v 0.10811 0.00006 0.03123
v 0.12105 0.00000 0.00000
v 0.12102 0.03800 -0.00000
v 0.12066 0.03801 0.00196
v 0.12026 0.03813 0.00397
v 0.11983 0.03848 0.00613
v 0.11935 0.03915 0.00850
v 0.11882 0.04027 0.01117
v 0.11750 0.04349 0.01784
v 0.11668 0.04557 0.02195
v 0.11620 0.04708 0.02436
v 0.11589 0.04862 0.02592
v 0.11558 0.05078 0.02748
v 0.11528 0.05429 0.02898
v 0.11509 0.05912 0.02994
v 0.11497 0.06480 0.03054
v 0.11488 0.07085 0.03100
v 0.11478 0.07679 0.03150
v 0.11440 0.10788 0.03339
v 0.11396 0.14106 0.03561
v 0.11376 0.14106 0.03665
v 0.11414 0.10788 0.03474
v 0.11449 0.07679 0.03298
v 0.11460 0.07070 0.03242
v 0.11470 0.06454 0.03192
v 0.11484 0.05857 0.03119
v 0.11509 0.05309 0.02997
v 0.11548 0.04837 0.02796
v 0.11630 0.04434 0.02388
v 0.11748 0.04081 0.01791
v 0.11866 0.03789 0.01199
v 0.11944 0.03570 0.00807
v 0.11944 0.03435 0.00810
v 0.11897 0.03383 0.01045
v 0.11836 0.03266 0.01348
v 0.11777 0.03077 0.01649
v 0.11731 0.02811 0.01877
v 0.11714 0.02458 0.01963
v 0.11731 0.02100 0.01881
v 0.11770 0.01816 0.01683
v 0.11823 0.01603 0.01418
v 0.11879 0.01455 0.01135
v 0.11929 0.01369 0.00884
v 0.11928 0.01267 0.00890
v 0.11852 0.01127 0.01269
v 0.11739 0.00967 0.01838
v 0.11625 0.00803 0.02412
v 0.11546 0.00654 0.02807
v 0.11504 0.00519 0.03022
v 0.11472 0.00387 0.03180
v 0.11452 0.00257 0.03282
v 0.11443 0.00130 0.03327
v 0.11445 0.00006 0.03315
v 0.12105 0.00000 0.00000
v 0.12102 0.03800 -0.00000
v 0.12105 0.03801 0.00200
v 0.12105 0.03813 0.00405
v 0.12105 0.03848 0.00625
v 0.12105 0.03915 0.00867
v 0.12105 0.04027 0.01139
v 0.12105 0.04349 0.01819
v 0.12105 0.04557 0.02238
v 0.12105 0.04708 0.02484
v 0.12105 0.04862 0.02643
v 0.12105 0.05078 0.02802
v 0.12105 0.05429 0.02955
v 0.12105 0.05912 0.03052
v 0.12105 0.06480 0.03114
v 0.12105 0.07085 0.03160
v 0.12105 0.07679 0.03212
v 0.12105 0.10788 0.03405
v 0.12105 0.14106 0.03631
v 0.12105 0.14106 0.03737
v 0.12105 0.10788 0.03542
v 0.12105 0.07679 0.03362
v 0.12105 0.07070 0.03305
v 0.12105 0.06454 0.03254
v 0.12105 0.05857 0.03180
v 0.12105 0.05309 0.03055
v 0.12105 0.04837 0.02851
v 0.12105 0.04434 0.02435
v 0.12105 0.04081 0.01826
v 0.12105 0.03789 0.01223
v 0.12105 0.03570 0.00823
v 0.12105 0.03435 0.00826
v 0.12105 0.03383 0.01066
v 0.12105 0.03266 0.01375
v 0.12105 0.03077 0.01681
v 0.12105 0.02811 0.01913
v 0.12105 0.02458 0.02001
v 0.12105 0.02100 0.01918
v 0.12105 0.01816 0.01716
v 0.12105 0.01603 0.01446
v 0.12105 0.01455 0.01158
v 0.12105 0.01369 0.00901
v 0.12105 0.01267 0.00907
v 0.12105 0.01127 0.01294
v 0.12105 0.00967 0.01874
v 0.12105 0.00803 0.02460
v 0.12105 0.00654 0.02862
v 0.12105 0.00519 0.03081
v 0.12105 0.00387 0.03242
v 0.12105 0.00257 0.03346
v 0.12105 0.00130 0.03392
v 0.12105 0.00006 0.03380
v 0.12105 0.00000 0.00000
v 0.12102 0.03800 -0.00000
v 0.12144 0.03801 0.00196
v 0.12184 0.03813 0.00397
v 0.12227 0.03848 0.00613
v 0.12274 0.03915 0.00850
v 0.12327 0.04027 0.01117
v 0.12459 0.04349 0.01784
v 0.12541 0.04557 0.02195
v 0.12589 0.04708 0.02436
v 0.12620 0.04862 0.02592
v 0.12651 0.05078 0.02748
v 0.12681 0.05429 0.02898
v 0.12700 0.05912 0.02994
v 0.12712 0.06480 0.03054
v 0.12721 0.07085 0.03100
v 0.12731 0.07679 0.03150
v 0.12769 0.10788 0.03339
v 0.12813 0.14106 0.03561
v 0.12834 0.14106 0.03665
v 0.12796 0.10788 0.03474
v 0.12761 0.07679 0.03298
v 0.12749 0.07070 0.03242
v 0.12739 0.06454 0.03192
v 0.12725 0.05857 0.03119
v 0.12701 0.05309 0.02997
v 0.12661 0.04837 0.02796
v 0.12580 0.04434 0.02388
v 0.12461 0.04081 0.01791
v 0.12343 0.03789 0.01199
v 0.12265 0.03570 0.00807
v 0.12266 0.03435 0.00810
v 0.12313 0.03383 0.01045
v 0.12373 0.03266 0.01348
v 0.12433 0.03077 0.01649
v 0.12478 0.02811 0.01877
v 0.12495 0.02458 0.01963
v 0.12479 0.02100 0.01881
v 0.12439 0.01816 0.01683
v 0.12387 0.01603 0.01418
v 0.12330 0.01455 0.01135
v 0.12280 0.01369 0.00884
v 0.12282 0.01267 0.00890
v 0.12357 0.01127 0.01269
v 0.12470 0.00967 0.01838
v 0.12584 0.00803 0.02412
v 0.12663 0.00654 0.02807
v 0.12706 0.00519 0.03022
v 0.12737 0.00387 0.03180
v 0.12757 0.00257 0.03282
v 0.12766 0.00130 0.03327
v 0.12764 0.00006 0.03315
v 0.12105 0.00000 0.00000
v 0.12102 0.03800 -0.00000
v 0.12181 0.03801 0.00185
v 0.12260 0.03813 0.00374
v 0.12344 0.03848 0.00577
v 0.12436 0.03915 0.00801
v 0.12540 0.04027 0.01052
v 0.12801 0.04349 0.01680
v 0.12961 0.04557 0.02068
v 0.13055 0.04708 0.02295
v 0.13116 0.04862 0.02441
v 0.13177 0.05078 0.02588
v 0.13235 0.05429 0.02730
v 0.13273 0.05912 0.02820
v 0.13296 0.06480 0.02877
v 0.13314 0.07085 0.02920
v 0.13334 0.07679 0.02967
v 0.13407 0.10788 0.03145
v 0.13494 0.14106 0.03355
v 0.13535 0.14106 0.03453
v 0.13460 0.10788 0.03273
v 0.13391 0.07679 0.03106
v 0.13370 0.07070 0.03054
v 0.13350 0.06454 0.03007
v 0.13322 0.05857 0.02938
v 0.13274 0.05309 0.02823
v 0.13196 0.04837 0.02634
v 0.13036 0.04434 0.02250
v 0.12803 0.04081 0.01687
v 0.12573 0.03789 0.01130
v 0.12420 0.03570 0.00761
v 0.12421 0.03435 0.00763
v 0.12513 0.03383 0.00985
v 0.12631 0.03266 0.01270
v 0.12748 0.03077 0.01553
v 0.12837 0.02811 0.01768
v 0.12870 0.02458 0.01849
v 0.12838 0.02100 0.01772
v 0.12761 0.01816 0.01585
v 0.12658 0.01603 0.01336
v 0.12548 0.01455 0.01070
v 0.12449 0.01369 0.00833
v 0.12452 0.01267 0.00838
v 0.12600 0.01127 0.01196
v 0.12822 0.00967 0.01732
v 0.13046 0.00803 0.02272
v 0.13200 0.00654 0.02644
v 0.13284 0.00519 0.02846
v 0.13345 0.00387 0.02996
v 0.13385 0.00257 0.03091
v 0.13403 0.00130 0.03134
v 0.13398 0.00006 0.03123
v 0.12105 0.00000 0.00000
v 0.12102 0.03800 -0.00000
v 0.12216 0.03801 0.00166
v 0.12330 0.03813 0.00337
v 0.12452 0.03848 0.00520
v 0.12586 0.03915 0.00721
v 0.12737 0.04027 0.00947
v 0.13115 0.04349 0.01512
v 0.13348 0.04557 0.01861
v 0.13484 0.04708 0.02065
v 0.13573 0.04862 0.02197
v 0.13661 0.05078 0.02329
v 0.13746 0.05429 0.02457
v 0.13800 0.05912 0.02538
v 0.13835 0.06480 0.02589
v 0.13860 0.07085 0.02628
v 0.13889 0.07679 0.02670
v 0.13996 0.10788 0.02831
v 0.14122 0.14106 0.03019
v 0.14181 0.14106 0.03107
v 0.14073 0.10788 0.02945
v 0.13973 0.07679 0.02796
v 0.13941 0.07070 0.02748
v 0.13913 0.06454 0.02706
v 0.13872 0.05857 0.02644
v 0.13802 0.05309 0.02540
v 0.13688 0.04837 0.02370
v 0.13457 0.04434 0.02024
v 0.13119 0.04081 0.01518
v 0.12784 0.03789 0.01017
v 0.12562 0.03570 0.00685
v 0.12563 0.03435 0.00686
v 0.12697 0.03383 0.00886
v 0.12868 0.03266 0.01143
v 0.13038 0.03077 0.01398
v 0.13168 0.02811 0.01591
v 0.13216 0.02458 0.01664
v 0.13170 0.02100 0.01594
v 0.13058 0.01816 0.01427
v 0.12908 0.01603 0.01202
v 0.12748 0.01455 0.00963
v 0.12605 0.01369 0.00749
v 0.12609 0.01267 0.00754
v 0.12824 0.01127 0.01076
v 0.13146 0.00967 0.01559
v 0.13471 0.00803 0.02045
v 0.13695 0.00654 0.02380
v 0.13816 0.00519 0.02562
v 0.13906 0.00387 0.02696
v 0.13964 0.00257 0.02782
v 0.13989 0.00130 0.02820
v 0.13983 0.00006 0.02811
v 0.12105 0.00000 0.00000
v 0.12102 0.03800 -0.00000
v 0.12246 0.03801 0.00141
v 0.12391 0.03813 0.00286
v 0.12546 0.03848 0.00442
v 0.12718 0.03915 0.00613
v 0.12910 0.04027 0.00805
v 0.13391 0.04349 0.01286
v 0.13687 0.04557 0.01583
v 0.13861 0.04708 0.01756
v 0.13973 0.04862 0.01869
v 0.14086 0.05078 0.01981
v 0.14194 0.05429 0.02089
v 0.14263 0.05912 0.02158
v 0.14307 0.06480 0.02202
v 0.14339 0.07085 0.02235
v 0.14376 0.07679 0.02271
v 0.14512 0.10788 0.02407
v 0.14672 0.14106 0.02567
v 0.14747 0.14106 0.02643
v 0.14610 0.10788 0.02505
v 0.14482 0.07679 0.02377
v 0.14442 0.07070 0.02337
v 0.14406 0.06454 0.02301
v 0.14353 0.05857 0.02249
v 0.14265 0.05309 0.02160
v 0.14121 0.04837 0.02016
v 0.13826 0.04434 0.01722
v 0.13396 0.04081 0.01291
v 0.12969 0.03789 0.00865
v 0.12687 0.03570 0.00582
v 0.12688 0.03435 0.00584
v 0.12858 0.03383 0.00754
v 0.13077 0.03266 0.00972
v 0.13293 0.03077 0.01189
v 0.13458 0.02811 0.01353
v 0.13520 0.02458 0.01415
v 0.13461 0.02100 0.01356
v 0.13318 0.01816 0.01213
v 0.13127 0.01603 0.01022
v 0.12923 0.01455 0.00819
v 0.12742 0.01369 0.00637
v 0.12746 0.01267 0.00641
v 0.13020 0.01127 0.00915
v 0.13430 0.00967 0.01325
v 0.13844 0.00803 0.01739
v 0.14128 0.00654 0.02024
v 0.14283 0.00519 0.02179
v 0.14397 0.00387 0.02293
v 0.14471 0.00257 0.02366
v 0.14503 0.00130 0.02399
v 0.14495 0.00006 0.02390
v 0.12105 0.00000 0.00000
v 0.12102 0.03800 -0.00000
v 0.12271 0.03801 0.00111
v 0.12441 0.03813 0.00225
v 0.12624 0.03848 0.00347
v 0.12825 0.03915 0.00482
v 0.13051 0.04027 0.00633
v 0.13617 0.04349 0.01010
v 0.13965 0.04557 0.01243
v 0.14170 0.04708 0.01380
v 0.14302 0.04862 0.01468
v 0.14434 0.05078 0.01556
v 0.14562 0.05429 0.01642
v 0.14643 0.05912 0.01696
v 0.14694 0.06480 0.01730
v 0.14732 0.07085 0.01756
v 0.14775 0.07679 0.01784
v 0.14935 0.10788 0.01891
v 0.15124 0.14106 0.02017
v 0.15212 0.14106 0.02076
v 0.15050 0.10788 0.01968
v 0.14900 0.07679 0.01868
v 0.14853 0.07070 0.01836
v 0.14810 0.06454 0.01808
v 0.14749 0.05857 0.01767
v 0.14645 0.05309 0.01697
v 0.14475 0.04837 0.01584
v 0.14129 0.04434 0.01353
v 0.13623 0.04081 0.01015
v 0.13121 0.03789 0.00679
v 0.12789 0.03570 0.00457
v 0.12791 0.03435 0.00459
v 0.12991 0.03383 0.00592
v 0.13248 0.03266 0.00764
v 0.13502 0.03077 0.00934
v 0.13695 0.02811 0.01063
v 0.13769 0.02458 0.01112
v 0.13699 0.02100 0.01065
v 0.13531 0.01816 0.00953
v 0.13307 0.01603 0.00803
v 0.13067 0.01455 0.00643
v 0.12854 0.01369 0.00501
v 0.12859 0.01267 0.00504
v 0.13181 0.01127 0.00719
v 0.13663 0.00967 0.01041
v 0.14150 0.00803 0.01367
v 0.14484 0.00654 0.01590
v 0.14666 0.00519 0.01712
v 0.14800 0.00387 0.01801
v 0.14887 0.00257 0.01859
v 0.14925 0.00130 0.01884
v 0.14915 0.00006 0.01878
v 0.12105 0.00000 0.00000
v 0.12102 0.03800 -0.00000
v 0.12289 0.03801 0.00077
v 0.12479 0.03813 0.00155
v 0.12682 0.03848 0.00239
v 0.12906 0.03915 0.00332
v 0.13157 0.04027 0.00436
v 0.13785 0.04349 0.00696
v 0.14172 0.04557 0.00856
v 0.14399 0.04708 0.00950
v 0.14546 0.04862 0.01011
v 0.14693 0.05078 0.01072
v 0.14835 0.05429 0.01131
v 0.14925 0.05912 0.01168
v 0.14982 0.06480 0.01192
v 0.15024 0.07085 0.01209
v 0.15072 0.07679 0.01229
v 0.15250 0.10788 0.01303
v 0.15459 0.14106 0.01389
v 0.15557 0.14106 0.01430
v 0.15377 0.10788 0.01356
v 0.15211 0.07679 0.01287
v 0.15158 0.07070 0.01265
v 0.15111 0.06454 0.01245
v 0.15043 0.05857 0.01217
v 0.14927 0.05309 0.01169
v 0.14739 0.04837 0.01091
v 0.14354 0.04434 0.00932
v 0.13792 0.04081 0.00699
v 0.13234 0.03789 0.00468
v 0.12865 0.03570 0.00315
v 0.12867 0.03435 0.00316
v 0.13089 0.03383 0.00408
v 0.13375 0.03266 0.00526
v 0.13657 0.03077 0.00643
v 0.13872 0.02811 0.00732
v 0.13954 0.02458 0.00766
v 0.13876 0.02100 0.00734
v 0.13690 0.01816 0.00657
v 0.13440 0.01603 0.00553
v 0.13174 0.01455 0.00443
v 0.12937 0.01369 0.00345
v 0.12943 0.01267 0.00347
v 0.13300 0.01127 0.00495
v 0.13836 0.00967 0.00717
v 0.14377 0.00803 0.00941
v 0.14749 0.00654 0.01095
v 0.14951 0.00519 0.01179
v 0.15100 0.00387 0.01241
v 0.15196 0.00257 0.01280
v 0.15238 0.00130 0.01298
v 0.15228 0.00006 0.01294
v 0.12105 0.00000 0.00000
v 0.12102 0.03800 -0.00000
v 0.12301 0.03801 0.00039
v 0.12502 0.03813 0.00079
v 0.12717 0.03848 0.00122
v 0.12955 0.03915 0.00169
v 0.13221 0.04027 0.00222
v 0.13888 0.04349 0.00355
v 0.14300 0.04557 0.00437
v 0.14541 0.04708 0.00485
v 0.14696 0.04862 0.00516
v 0.14852 0.05078 0.00547
v 0.15003 0.05429 0.00576
v 0.15098 0.05912 0.00595
v 0.15159 0.06480 0.00608
v 0.15204 0.07085 0.00617
v 0.15254 0.07679 0.00627
v 0.15444 0.10788 0.00664
v 0.15666 0.14106 0.00708
v 0.15770 0.14106 0.00729
v 0.15579 0.10788 0.00691
v 0.15402 0.07679 0.00656
v 0.15346 0.07070 0.00645
v 0.15296 0.06454 0.00635
v 0.15224 0.05857 0.00620
v 0.15101 0.05309 0.00596
v 0.14901 0.04837 0.00556
v 0.14493 0.04434 0.00475
v 0.13896 0.04081 0.00356
v 0.13304 0.03789 0.00239
v 0.12912 0.03570 0.00161
v 0.12914 0.03435 0.00161
v 0.13150 0.03383 0.00208
v 0.13453 0.03266 0.00268
v 0.13753 0.03077 0.00328
v 0.13981 0.02811 0.00373
v 0.14067 0.02458 0.00390
v 0.13985 0.02100 0.00374
v 0.13787 0.01816 0.00335
v 0.13523 0.01603 0.00282
v 0.13240 0.01455 0.00226
v 0.12988 0.01369 0.00176
v 0.12994 0.01267 0.00177
v 0.13374 0.01127 0.00252
v 0.13943 0.00967 0.00366
v 0.14517 0.00803 0.00480
v 0.14911 0.00654 0.00558
v 0.15126 0.00519 0.00601
v 0.15285 0.00387 0.00633
v 0.15386 0.00257 0.00653
v 0.15431 0.00130 0.00662
v 0.15420 0.00006 0.00659
v 0.12105 0.00000 0.00000
v 0.12102 0.03800 -0.00000
v 0.12305 0.03801 0.00000
v 0.12510 0.03813 0.00000
v 0.12729 0.03848 0.00000
v 0.12971 0.03915 0.00000
v 0.13243 0.04027 0.00000
v 0.13923 0.04349 0.00000
v 0.14343 0.04557 0.00000
v 0.14588 0.04708 0.00000
v 0.14747 0.04862 0.00000
v 0.14906 0.05078 0.00000
v 0.15060 0.05429 0.00000
v 0.15157 0.05912 0.00000
v 0.15219 0.06480 0.00000
v 0.15265 0.07085 0.00000
v 0.15316 0.07679 0.00000
v 0.15509 0.10788 0.00000
v 0.15736 0.14106 -0.00000
v 0.15842 0.14106 -0.00000
v 0.15647 0.10788 0.00000
v 0.15467 0.07679 0.00000
v 0.15410 0.07070 0.00000
v 0.15359 0.06454 0.00000
v 0.15285 0.05857 0.00000
v 0.15160 0.05309 0.00000
v 0.14956 0.04837 0.00000
v 0.14539 0.04434 0.00000
v 0.13931 0.04081 0.00000
v 0.13327 0.03789 0.00000
v 0.12928 0.03570 0.00000
v 0.12930 0.03435 0.00000
v 0.13171 0.03383 0.00000
v 0.13479 0.03266 0.00000
v 0.13785 0.03077 0.00000
v 0.14018 0.02811 0.00000
v 0.14106 0.02458 0.00000
v 0.14022 0.02100 0.00000
v 0.13820 0.01816 0.00000
v 0.13550 0.01603 0.00000
v 0.13262 0.01455 0.00000
v 0.13006 0.01369 0.00000
v 0.13012 0.01267 0.00000
v 0.13399 0.01127 0.00000
v 0.13979 0.00967 0.00000
v 0.14564 0.00803 0.00000
v 0.14966 0.00654 0.00000
v 0.15186 0.00519 0.00000
v 0.15347 0.00387 0.00000
v 0.15451 0.00257 0.00000
v 0.15497 0.00130 0.00000
v 0.15485 0.00006 0.00000
v 0.12105 0.00000 0.00000
v 0.12102 0.03800 -0.00000
v 0.12301 0.03801 -0.00039
v 0.12502 0.03813 -0.00079
v 0.12717 0.03848 -0.00122
v 0.12955 0.03915 -0.00169
v 0.13221 0.04027 -0.00222
v 0.13888 0.04349 -0.00355
v 0.14300 0.04557 -0.00437
v 0.14541 0.04708 -0.00485
v 0.14696 0.04862 -0.00516
v 0.14852 0.05078 -0.00547
v 0.15003 0.05429 -0.00576
v 0.15098 0.05912 -0.00595
v 0.15159 0.06480 -0.00608
v 0.15204 0.07085 -0.00617
v 0.15254 0.07679 -0.00627
v 0.15444 0.10788 -0.00664
v 0.15666 0.14106 -0.00708
v 0.15770 0.14106 -0.00729
v 0.15579 0.10788 -0.00691
v 0.15402 0.07679 -0.00656
v 0.15346 0.07070 -0.00645
v 0.15296 0.06454 -0.00635
v 0.15224 0.05857 -0.00620
v 0.15101 0.05309 -0.00596
v 0.14901 0.04837 -0.00556
v 0.14493 0.04434 -0.00475
v 0.13896 0.04081 -0.00356
v 0.13304 0.03789 -0.00239
v 0.12912 0.03570 -0.00161
v 0.12914 0.03435 -0.00161
v 0.13150 0.03383 -0.00208
v 0.13453 0.03266 -0.00268
v 0.13753 0.03077 -0.00328
v 0.13981 0.02811 -0.00373
v 0.14067 0.02458 -0.00390
v 0.13985 0.02100 -0.00374
v 0.13787 0.01816 -0.00335
v 0.13523 0.01603 -0.00282
v 0.13240 0.01455 -0.00226
v 0.12988 0.01369 -0.00176
v 0.12994 0.01267 -0.00177
v 0.13374 0.01127 -0.00252
v 0.13943 0.00967 -0.00366
v 0.14517 0.00803 -0.00480
v 0.14911 0.00654 -0.00558
v 0.15126 0.00519 -0.00601
v 0.15285 0.00387 -0.00633
v 0.15386 0.00257 -0.00653
v 0.15431 0.00130 -0.00662
v 0.15420 0.00006 -0.00659
v 0.12105 0.00000 0.00000
v 0.12102 0.03800 -0.00000
v 0.12289 0.03801 -0.00077
v 0.12479 0.03813 -0.00155
v 0.12682 0.03848 -0.00239
v 0.12906 0.03915 -0.00332
v 0.13157 0.04027 -0.00436
v 0.13785 0.04349 -0.00696
v 0.14172 0.04557 -0.00856
v 0.14399 0.04708 -0.00950
v 0.14546 0.04862 -0.01011
v 0.14693 0.05078 -0.01072
v 0.14835 0.05429 -0.01131
v 0.14925 0.05912 -0.01168
v 0.14982 0.06480 -0.01192
v 0.15024 0.07085 -0.01209
v 0.15072 0.07679 -0.01229
v 0.15250 0.10788 -0.01303
v 0.15459 0.14106 -0.01389
v 0.15557 0.14106 -0.01430
v 0.15377 0.10788 -0.01356
v 0.15211 0.07679 -0.01287
v 0.15158 0.07070 -0.01265
v 0.15111 0.06454 -0.01245
v 0.15043 0.05857 -0.01217
v 0.14927 0.05309 -0.01169
v 0.14739 0.04837 -0.01091
v 0.14354 0.04434 -0.00932
v 0.13792 0.04081 -0.00699
v 0.13234 0.03789 -0.00468
v 0.12865 0.03570 -0.00315
v 0.12867 0.03435 -0.00316
v 0.13089 0.03383 -0.00408
v 0.13375 0.03266 -0.00526
v 0.13657 0.03077 -0.00643
v 0.13872 0.02811 -0.00732
v 0.13954 0.02458 -0.00766
v 0.13876 0.02100 -0.00734
v 0.13690 0.01816 -0.00657
v 0.13440 0.01603 -0.00553
v 0.13174 0.01455 -0.00443
v 0.12937 0.01369 -0.00345
v 0.12943 0.01267 -0.00347
v 0.13300 0.01127 -0.00495
v 0.13836 0.00967 -0.00717
v 0.14377 0.00803 -0.00941
v 0.14749 0.00654 -0.01095
v 0.14951 0.00519 -0.01179
v 0.15100 0.00387 -0.01241
v 0.15196 0.00257 -0.01280
v 0.15238 0.00130 -0.01298
v 0.15228 0.00006 -0.01294
v 0.12105 0.00000 0.00000
v 0.12102 0.03800 -0.00000
v 0.12271 0.03801 -0.00111
v 0.12441 0.03813 -0.00225
v 0.12624 0.03848 -0.00347
v 0.12825 0.03915 -0.00482
v 0.13051 0.04027 -0.00633
v 0.13617 0.04349 -0.01010
v 0.13965 0.04557 -0.01243
v 0.14170 0.04708 -0.01380
v 0.14302 0.04862 -0.01468
v 0.14434 0.05078 -0.01556
v 0.14562 0.05429 -0.01642
v 0.14643 0.05912 -0.01696
v 0.14694 0.06480 -0.01730
v 0.14732 0.07085 -0.01756
v 0.14775 0.07679 -0.01784
v 0.14935 0.10788 -0.01891
v 0.15124 0.14106 -0.02017
v 0.15212 0.14106 -0.02076
v 0.15050 0.10788 -0.01968
v 0.14900 0.07679 -0.01868
v 0.14853 0.07070 -0.01836
v 0.14810 0.06454 -0.01808
v 0.14749 0.05857 -0.01767
v 0.14645 0.05309 -0.01697
v 0.14475 0.04837 -0.01584
v 0.14129 0.04434 -0.01353
v 0.13623 0.04081 -0.01015
v 0.13121 0.03789 -0.00679
v 0.12789 0.03570 -0.00457
v 0.12791 0.03435 -0.00459
v 0.12991 0.03383 -0.00592
v 0.13248 0.03266 -0.00764
v 0.13502 0.03077 -0.00934
v 0.13695 0.02811 -0.01063
v 0.13769 0.02458 -0.01112
v 0.13699 0.02100 -0.01065
v 0.13531 0.01816 -0.00953
v 0.13307 0.01603 -0.00803
v 0.13067 0.01455 -0.00643
v 0.12854 0.01369 -0.00501
v 0.12859 0.01267 -0.00504
v 0.13181 0.01127 -0.00719
v 0.13663 0.00967 -0.01041
v 0.14150 0.00803 -0.01367
v 0.14484 0.00654 -0.01590
v 0.14666 0.00519 -0.01712
v 0.14801 0.00387 -0.01801
v 0.14887 0.00257 -0.01859
v 0.14925 0.00130 -0.01884
v 0.14915 0.00006 -0.01878
v 0.12105 0.00000 0.00000
v 0.12102 0.03800 -0.00000
v 0.12246 0.03801 -0.00141
v 0.12391 0.03813 -0.00286
v 0.12546 0.03848 -0.00442
v 0.12718 0.03915 -0.00613
v 0.12910 0.04027 -0.00805
v 0.13391 0.04349 -0.01286
v 0.13687 0.04557 -0.01583
v 0.13861 0.04708 -0.01756
v 0.13973 0.04862 -0.01869
v 0.14086 0.05078 -0.01981
v 0.14194 0.05429 -0.02089
v 0.14263 0.05912 -0.02158
v 0.14307 0.06480 -0.02202
v 0.14339 0.07085 -0.02235
v 0.14376 0.07679 -0.02271
v 0.14512 0.10788 -0.02407
v 0.14672 0.14106 -0.02567
v 0.14747 0.14106 -0.02643
v 0.14610 0.10788 -0.02505
v 0.14482 0.07679 -0.02377
v 0.14442 0.07070 -0.02337
v 0.14406 0.06454 -0.02301
v 0.14353 0.05857 -0.02249
v 0.14265 0.05309 -0.02160
v 0.14121 0.04837 -0.02016
v 0.13826 0.04434 -0.01722
v 0.13396 0.04081 -0.01291
v 0.12969 0.03789 -0.00865
v 0.12687 0.03570 -0.00582
v 0.12688 0.03435 -0.00584
v 0.12858 0.03383 -0.00754
v 0.13077 0.03266 -0.00972
v 0.13293 0.03077 -0.01189
v 0.13458 0.02811 -0.01353
v 0.13520 0.02458 -0.01415
v 0.13461 0.02100 -0.01356
v 0.13318 0.01816 -0.01213
v 0.13127 0.01603 -0.01022
v 0.12923 0.01455 -0.00819
v 0.12742 0.01369 -0.00637
v 0.12746 0.01267 -0.00641
v 0.13020 0.01127 -0.00915
v 0.13430 0.00967 -0.01325
v 0.13844 0.00803 -0.01739
v 0.14128 0.00654 -0.02024
v 0.14283 0.00519 -0.02179
v 0.14397 0.00387 -0.02293
v 0.14471 0.00257 -0.02366
v 0.14503 0.00130 -0.02398
v 0.14495 0.00006 -0.02390
v 0.12105 0.00000 0.00000
v 0.12102 0.03800 -0.00000
v 0.12216 0.03801 -0.00166
v 0.12330 0.03813 -0.00337
v 0.12452 0.03848 -0.00520
v 0.12586 0.03915 -0.00721
v 0.12737 0.04027 -0.00947
v 0.13115 0.04349 -0.01512
v 0.13348 0.04557 -0.01861
v 0.13484 0.04708 -0.02065
v 0.13573 0.04862 -0.02197
v 0.13661 0.05078 -0.02329
v 0.13746 0.05429 -0.02457
v 0.13800 0.05912 -0.02538
v 0.13835 0.06480 -0.02589
v 0.13860 0.07085 -0.02628
v 0.13889 0.07679 -0.02670
v 0.13996 0.10788 -0.02831
v 0.14122 0.14106 -0.03019
v 0.14181 0.14106 -0.03107
v 0.14073 0.10788 -0.02945
v 0.13973 0.07679 -0.02796
v 0.13941 0.07070 -0.02748
v 0.13913 0.06454 -0.02706
v 0.13872 0.05857 -0.02644
v 0.13802 0.05309 -0.02540
v 0.13688 0.04837 -0.02370
v 0.13457 0.04434 -0.02024
v 0.13119 0.04081 -0.01518
v 0.12784 0.03789 -0.01017
v 0.12562 0.03570 -0.00685
v 0.12563 0.03435 -0.00686
v 0.12697 0.03383 -0.00886
v 0.12868 0.03266 -0.01143
v 0.13038 0.03077 -0.01398
v 0.13168 0.02811 -0.01591
v 0.13216 0.02458 -0.01664
v 0.13170 0.02100 -0.01594
v 0.13058 0.01816 -0.01427
v 0.12908 0.01603 -0.01202
v 0.12748 0.01455 -0.00963
v 0.12605 0.01369 -0.00749
v 0.12609 0.01267 -0.00754
v 0.12824 0.01127 -0.01076
v 0.13146 0.00967 -0.01559
v 0.13471 0.00803 -0.02045
v 0.13695 0.00654 -0.02380
v 0.13816 0.00519 -0.02562
v 0.13906 0.00387 -0.02696
v 0.13964 0.00257 -0.02782
v 0.13989 0.00130 -0.02820
v 0.13983 0.00006 -0.02811
v 0.12105 0.00000 0.00000
v 0.12102 0.03800 -0.00000
v 0.12181 0.03801 -0.00185
v 0.12260 0.03813 -0.00374
v 0.12344 0.03848 -0.00577
v 0.12436 0.03915 -0.00801
v 0.12540 0.04027 -0.01052
v 0.12801 0.04349 -0.01680
v 0.12961 0.04557 -0.02068
v 0.13055 0.04708 -0.02295
v 0.13116 0.04862 -0.02441
v 0.13177 0.05078 -0.02588
v 0.13235 0.05429 -0.02730
v 0.13273 0.05912 -0.02820
v 0.13296 0.06480 -0.02877
v 0.13314 0.07085 -0.02920
v 0.13334 0.07679 -0.02967
v 0.13407 0.10788 -0.03145
v 0.13494 0.14106 -0.03355
v 0.13535 0.14106 -0.03453
v 0.13460 0.10788 -0.03273
v 0.13391 0.07679 -0.03106
v 0.13370 0.07070 -0.03054
v 0.13350 0.06454 -0.03007
v 0.13322 0.05857 -0.02938
v 0.13274 0.05309 -0.02823
v 0.13196 0.04837 -0.02634
v 0.13036 0.04434 -0.02250
v 0.12803 0.04081 -0.01687
v 0.12573 0.03789 -0.01130
v 0.12420 0.03570 -0.00761
v 0.12421 0.03435 -0.00763
v 0.12513 0.03383 -0.00985
v 0.12631 0.03266 -0.01270
v 0.12748 0.03077 -0.01553
v 0.12837 0.02811 -0.01768
v 0.12870 0.02458 -0.01849
v 0.12838 0.02100 -0.01772
v 0.12761 0.01816 -0.01585
v 0.12658 0.01603 -0.01336
v 0.12548 0.01455 -0.01070
v 0.12449 0.01369 -0.00833
v 0.12452 0.01267 -0.00838
v 0.12600 0.01127 -0.01196
v 0.12822 0.00967 -0.01732
v 0.13046 0.00803 -0.02272
v 0.13200 0.00654 -0.02644
v 0.13284 0.00519 -0.02846
v 0.13345 0.00387 -0.02996
v 0.13385 0.00257 -0.03091
v 0.13403 0.00130 -0.03134
v 0.13398 0.00006 -0.03123
v 0.12105 0.00000 0.00000
v 0.12102 0.03800 -0.00000
v 0.12144 0.03801 -0.00196
v 0.12184 0.03813 -0.00397
v 0.12227 0.03848 -0.00613
v 0.12274 0.03915 -0.00850
v 0.12327 0.04027 -0.01117
v 0.12459 0.04349 -0.01784
v 0.12541 0.04557 -0.02195
v 0.12589 0.04708 -0.02436
v 0.12620 0.04862 -0.02592
v 0.12651 0.05078 -0.02748
v 0.12681 0.05429 -0.02898
v 0.12700 0.05912 -0.02994
v 0.12712 0.06480 -0.03054
v 0.12721 0.07085 -0.03100
v 0.12731 0.07679 -0.03150
v 0.12769 0.10788 -0.03339
v 0.12813 0.14106 -0.03561
v 0.12834 0.14106 -0.03665
v 0.12796 0.10788 -0.03474
v 0.12761 0.07679 -0.03298
v 0.12749 0.07070 -0.03242
v 0.12739 0.06454 -0.03192
v 0.12725 0.05857 -0.03119
v 0.12701 0.05309 -0.02997
v 0.12661 0.04837 -0.02796
v 0.12580 0.04434 -0.02388
v 0.12461 0.04081 -0.01791
v 0.12343 0.03789 -0.01199
v 0.12265 0.03570 -0.00807
v 0.12266 0.03435 -0.00810
v 0.12313 0.03383 -0.01045
v 0.12373 0.03266 -0.01348
v 0.12433 0.03077 -0.01649
v 0.12478 0.02811 -0.01877
v 0.12495 0.02458 -0.01963
v 0.12479 0.02100 -0.01881
v 0.12439 0.01816 -0.01683
v 0.12387 0.01603 -0.01418
v 0.12330 0.01455 -0.01135
v 0.12280 0.01369 -0.00884
v 0.12282 0.01267 -0.00890
v 0.12357 0.01127 -0.01269
v 0.12470 0.00967 -0.01838
v 0.12584 0.00803 -0.02412
v 0.12663 0.00654 -0.02807
v 0.12706 0.00519 -0.03022
v 0.12737 0.00387 -0.03180
v 0.12757 0.00257 -0.03282
v 0.12766 0.00130 -0.03327
v 0.12764 0.00006 -0.03315
v 0.12105 0.00000 0.00000
v 0.12102 0.03800 -0.00000
v 0.12105 0.03801 -0.00200
v 0.12105 0.03813 -0.00405
v 0.12105 0.03848 -0.00625
v 0.12105 0.03915 -0.00867
v 0.12105 0.04027 -0.01139
v 0.12105 0.04349 -0.01819
v 0.12105 0.04557 -0.02238
v 0.12105 0.04708 -0.02484
v 0.12105 0.04862 -0.02643
v 0.12105 0.05078 -0.02802
v 0.12105 0.05429 -0.02955
v 0.12105 0.05912 -0.03052
v 0.12105 0.06480 -0.03114
v 0.12105 0.07085 -0.03160
v 0.12105 0.07679 -0.03212
v 0.12105 0.10788 -0.03405
v 0.12105 0.14106 -0.03631
v 0.12105 0.14106 -0.03737
v 0.12105 0.10788 -0.03542
v 0.12105 0.07679 -0.03362
v 0.12105 0.07070 -0.03305
v 0.12105 0.06454 -0.03254
v 0.12105 0.05857 -0.03180
v 0.12105 0.05309 -0.03055
v 0.12105 0.04837 -0.02851
v 0.12105 0.04434 -0.02435
v 0.12105 0.04081 -0.01826
v 0.12105 0.03789 -0.01223
v 0.12105 0.03570 -0.00823
v 0.12105 0.03435 -0.00826
v 0.12105 0.03383 -0.01066
v 0.12105 0.03266 -0.01375
v 0.12105 0.03077 -0.01681
v 0.12105 0.02811 -0.01913
v 0.12105 0.02458 -0.02001
v 0.12105 0.02100 -0.01918
v 0.12105 0.01816 -0.01716
v 0.12105 0.01603 -0.01446
v 0.12105 0.01455 -0.01158
v 0.12105 0.01369 -0.00901
v 0.12105 0.01267 -0.00907
v 0.12105 0.01127 -0.01294
v 0.12105 0.00967 -0.01874
v 0.12105 0.00803 -0.02460
v 0.12105 0.00654 -0.02862
v 0.12105 0.00519 -0.03081
v 0.12105 0.00387 -0.03242
v 0.12105 0.00257 -0.03346
v 0.12105 0.00130 -0.03392
v 0.12105 0.00006 -0.03380
v 0.12105 0.00000 0.00000
v 0.12102 0.03800 -0.00000
v 0.12066 0.03801 -0.00196
v 0.12026 0.03813 -0.00397
v 0.11983 0.03848 -0.00613
v 0.11935 0.03915 -0.00850
v 0.11882 0.04027 -0.01117
v 0.11750 0.04349 -0.01784
v 0.11668 0.04557 -0.02195
v 0.11620 0.04708 -0.02436
v 0.11589 0.04862 -0.02592
v 0.11558 0.05078 -0.02748
v 0.11528 0.05429 -0.02898
v 0.11509 0.05912 -0.02994
v 0.11497 0.06480 -0.03054
v 0.11488 0.07085 -0.03100
v 0.11478 0.07679 -0.03150
v 0.11440 0.10788 -0.03339
v 0.11396 0.14106 -0.03561
v 0.11376 0.14106 -0.03665
v 0.11414 0.10788 -0.03474
v 0.11449 0.07679 -0.03298
v 0.11460 0.07070 -0.03242
v 0.11470 0.06454 -0.03192
v 0.11484 0.05857 -0.03119
v 0.11509 0.05309 -0.02997
v 0.11548 0.04837 -0.02796
v 0.11630 0.04434 -0.02388
v 0.11748 0.04081 -0.01791
v 0.11866 0.03789 -0.01199
v 0.11944 0.03570 -0.00807
v 0.11944 0.03435 -0.00810
v 0.11897 0.03383 -0.01045
v 0.11836 0.03266 -0.01348
v 0.11777 0.03077 -0.01649
v 0.11731 0.02811 -0.01877
v 0.11714 0.02458 -0.01963
v 0.11731 0.02100 -0.01881
v 0.11770 0.01816 -0.01683
v 0.11823 0.01603 -0.01418
v 0.11879 0.01455 -0.01135
v 0.11929 0.01369 -0.00884
v 0.11928 0.01267 -0.00890
v 0.11852 0.01127 -0.01269
v 0.11739 0.00967 -0.01838
v 0.11625 0.00803 -0.02412
v 0.11546 0.00654 -0.02807
v 0.11504 0.00519 -0.03022
v 0.11472 0.00387 -0.03180
v 0.11452 0.00257 -0.03282
v 0.11443 0.00130 -0.03327
v 0.11445 0.00006 -0.03315
v 0.12105 0.00000 0.00000
v 0.12102 0.03800 -0.00000
v 0.12028 0.03801 -0.00185
v 0.11950 0.03813 -0.00374
v 0.11866 0.03848 -0.00577
v 0.11773 0.03915 -0.00801
v 0.11669 0.04027 -0.01052
v 0.11409 0.04349 -0.01680
v 0.11248 0.04557 -0.02068
v 0.11154 0.04708 -0.02295
v 0.11093 0.04862 -0.02441
v 0.11032 0.05078 -0.02588
v 0.10974 0.05429 -0.02730
v 0.10937 0.05912 -0.02820
v 0.10913 0.06480 -0.02877
v 0.10895 0.07085 -0.02920
v 0.10876 0.07679 -0.02967
v 0.10802 0.10788 -0.03145
v 0.10715 0.14106 -0.03355
v 0.10674 0.14106 -0.03453
v 0.10749 0.10788 -0.03273
v 0.10818 0.07679 -0.03106
v 0.10840 0.07070 -0.03054
v 0.10859 0.06454 -0.03007
v 0.10888 0.05857 -0.02938
v 0.10935 0.05309 -0.02823
v 0.11014 0.04837 -0.02634
v 0.11173 0.04434 -0.02249
v 0.11406 0.04081 -0.01687
v 0.11637 0.03789 -0.01130
v 0.11790 0.03570 -0.00761
v 0.11789 0.03435 -0.00763
v 0.11697 0.03383 -0.00985
v 0.11579 0.03266 -0.01270
v 0.11461 0.03077 -0.01553
v 0.11372 0.02811 -0.01768
v 0.11339 0.02458 -0.01849
v 0.11371 0.02100 -0.01772
v 0.11448 0.01816 -0.01585
v 0.11551 0.01603 -0.01336
v 0.11662 0.01455 -0.01070
v 0.11760 0.01369 -0.00833
v 0.11757 0.01267 -0.00838
v 0.11609 0.01127 -0.01196
v 0.11387 0.00967 -0.01732
v 0.11163 0.00803 -0.02272
v 0.11009 0.00654 -0.02644
v 0.10926 0.00519 -0.02846
v 0.10864 0.00387 -0.02996
v 0.10824 0.00257 -0.03091
v 0.10807 0.00130 -0.03134
v 0.10811 0.00006 -0.03123
v 0.12105 0.00000 0.00000
v 0.12102 0.03800 -0.00000
v 0.11994 0.03801 -0.00166
v 0.11880 0.03813 -0.00337
v 0.11757 0.03848 -0.00520
v 0.11623 0.03915 -0.00721
v 0.11472 0.04027 -0.00947
v 0.11094 0.04349 -0.01512
v 0.10861 0.04557 -0.01861
v 0.10725 0.04708 -0.02065
v 0.10636 0.04862 -0.02197
v 0.10548 0.05078 -0.02329
v 0.10463 0.05429 -0.02457
v 0.10409 0.05912 -0.02538
v 0.10375 0.06480 -0.02589
v 0.10349 0.07085 -0.02628
v 0.10320 0.07679 -0.02670
v 0.10213 0.10788 -0.02831
v 0.10087 0.14106 -0.03019
v 0.10028 0.14106 -0.03107
v 0.10137 0.10788 -0.02945
v 0.10237 0.07679 -0.02796
v 0.10268 0.07070 -0.02748
v 0.10297 0.06454 -0.02706
v 0.10338 0.05857 -0.02644
v 0.10407 0.05309 -0.02540
v 0.10521 0.04837 -0.02370
v 0.10752 0.04434 -0.02024
v 0.11090 0.04081 -0.01518
v 0.11425 0.03789 -0.01017
v 0.11647 0.03570 -0.00685
v 0.11646 0.03435 -0.00686
v 0.11512 0.03383 -0.00886
v 0.11341 0.03266 -0.01143
v 0.11171 0.03077 -0.01398
v 0.11042 0.02811 -0.01591
v 0.10993 0.02458 -0.01664
v 0.11039 0.02100 -0.01594
v 0.11151 0.01816 -0.01427
v 0.11301 0.01603 -0.01202
v 0.11461 0.01455 -0.00963
v 0.11604 0.01369 -0.00749
v 0.11601 0.01267 -0.00754
v 0.11386 0.01127 -0.01076
v 0.11063 0.00967 -0.01559
v 0.10738 0.00803 -0.02045
v 0.10515 0.00654 -0.02380
v 0.10393 0.00519 -0.02562
v 0.10303 0.00387 -0.02696
v 0.10246 0.00257 -0.02782
v 0.10220 0.00130 -0.02820
v 0.10227 0.00006 -0.02811
v 0.12105 0.00000 0.00000
v 0.12102 0.03800 -0.00000
v 0.11963 0.03801 -0.00141
v 0.11818 0.03813 -0.00286
v 0.11663 0.03848 -0.00442
v 0.11492 0.03915 -0.00613
v 0.11300 0.04027 -0.00805
v 0.10819 0.04349 -0.01286
v 0.10522 0.04557 -0.01583
v 0.10348 0.04708 -0.01756
v 0.10236 0.04862 -0.01869
v 0.10124 0.05078 -0.01981
v 0.10015 0.05429 -0.02089
v 0.09946 0.05912 -0.02158
v 0.09903 0.06480 -0.02202
v 0.09870 0.07085 -0.02235
v 0.09834 0.07679 -0.02271
v 0.09697 0.10788 -0.02407
v 0.09537 0.14106 -0.02567
v 0.09462 0.14106 -0.02643
v 0.09600 0.10788 -0.02505
v 0.09727 0.07679 -0.02377
v 0.09767 0.07070 -0.02337
v 0.09804 0.06454 -0.02301
v 0.09856 0.05857 -0.02249
v 0.09944 0.05309 -0.02160
v 0.10089 0.04837 -0.02016
v 0.10383 0.04434 -0.01722
v 0.10813 0.04081 -0.01291
v 0.11240 0.03789 -0.00865
v 0.11522 0.03570 -0.00582
v 0.11521 0.03435 -0.00584
v 0.11351 0.03383 -0.00754
v 0.11133 0.03266 -0.00972
v 0.10916 0.03077 -0.01189
v 0.10752 0.02811 -0.01353
v 0.10689 0.02458 -0.01415
v 0.10749 0.02100 -0.01356
v 0.10891 0.01816 -0.01213
v 0.11082 0.01603 -0.01022
v 0.11286 0.01455 -0.00819
v 0.11467 0.01369 -0.00637
v 0.11463 0.01267 -0.00641
v 0.11189 0.01127 -0.00915
v 0.10779 0.00967 -0.01325
v 0.10365 0.00803 -0.01739
v 0.10081 0.00654 -0.02024
v 0.09926 0.00519 -0.02179
v 0.09812 0.00387 -0.02293
v 0.09739 0.00257 -0.02366
v 0.09706 0.00130 -0.02398
v 0.09714 0.00006 -0.02390
v 0.12105 0.00000 0.00000
v 0.12102 0.03800 -0.00000
v 0.11938 0.03801 -0.00111
v 0.11768 0.03813 -0.00225
v 0.11585 0.03848 -0.00347
v 0.11384 0.03915 -0.00482
v 0.11158 0.04027 -0.00633
v 0.10592 0.04349 -0.01010
v 0.10244 0.04557 -0.01243
v 0.10040 0.04708 -0.01380
v 0.09907 0.04862 -0.01468
v 0.09775 0.05078 -0.01556
v 0.09648 0.05429 -0.01642
v 0.09567 0.05912 -0.01696
v 0.09515 0.06480 -0.01730
v 0.09477 0.07085 -0.01756
v 0.09434 0.07679 -0.01784
v 0.09274 0.10788 -0.01891
v 0.09086 0.14106 -0.02017
v 0.08997 0.14106 -0.02076
v 0.09159 0.10788 -0.01968
v 0.09309 0.07679 -0.01868
v 0.09356 0.07070 -0.01836
v 0.09399 0.06454 -0.01808
v 0.09460 0.05857 -0.01767
v 0.09564 0.05309 -0.01697
v 0.09734 0.04837 -0.01584
v 0.10080 0.04434 -0.01353
v 0.10586 0.04081 -0.01015
v 0.11088 0.03789 -0.00679
v 0.11420 0.03570 -0.00457
v 0.11418 0.03435 -0.00459
v 0.11218 0.03383 -0.00592
v 0.10962 0.03266 -0.00764
v 0.10707 0.03077 -0.00934
v 0.10514 0.02811 -0.01063
v 0.10441 0.02458 -0.01112
v 0.10510 0.02100 -0.01065
v 0.10678 0.01816 -0.00953
v 0.10902 0.01603 -0.00803
v 0.11142 0.01455 -0.00643
v 0.11355 0.01369 -0.00501
v 0.11350 0.01267 -0.00504
v 0.11029 0.01127 -0.00719
v 0.10546 0.00967 -0.01041
v 0.10059 0.00803 -0.01367
v 0.09725 0.00654 -0.01590
v 0.09543 0.00519 -0.01712
v 0.09409 0.00387 -0.01801
v 0.09323 0.00257 -0.01859
v 0.09284 0.00130 -0.01884
v 0.09294 0.00006 -0.01878
v 0.12105 0.00000 0.00000
v 0.12102 0.03800 -0.00000
v 0.11920 0.03801 -0.00077
v 0.11730 0.03813 -0.00155
v 0.11527 0.03848 -0.00239
v 0.11304 0.03915 -0.00332
v 0.11053 0.04027 -0.00436
v 0.10424 0.04349 -0.00696
v 0.10037 0.04557 -0.00856
v 0.09810 0.04708 -0.00950
v 0.09663 0.04862 -0.01011
v 0.09516 0.05078 -0.01072
v 0.09375 0.05429 -0.01131
v 0.09285 0.05912 -0.01168
v 0.09228 0.06480 -0.01192
v 0.09185 0.07085 -0.01209
v 0.09138 0.07679 -0.01229
v 0.08959 0.10788 -0.01303
v 0.08750 0.14106 -0.01389
v 0.08652 0.14106 -0.01430
v 0.08832 0.10788 -0.01356
v 0.08998 0.07679 -0.01287
v 0.09051 0.07070 -0.01265
v 0.09098 0.06454 -0.01245
v 0.09166 0.05857 -0.01217
v 0.09282 0.05309 -0.01169
v 0.09471 0.04837 -0.01091
v 0.09855 0.04434 -0.00932
v 0.10418 0.04081 -0.00699
v 0.10975 0.03789 -0.00468
v 0.11344 0.03570 -0.00315
v 0.11342 0.03435 -0.00316
v 0.11120 0.03383 -0.00408
v 0.10835 0.03266 -0.00526
v 0.10552 0.03077 -0.00643
v 0.10337 0.02811 -0.00732
v 0.10256 0.02458 -0.00766
v 0.10333 0.02100 -0.00734
v 0.10519 0.01816 -0.00657
v 0.10769 0.01603 -0.00553
v 0.11035 0.01455 -0.00443
v 0.11272 0.01369 -0.00345
v 0.11267 0.01267 -0.00347
v 0.10909 0.01127 -0.00495
v 0.10373 0.00967 -0.00717
v 0.09832 0.00803 -0.00941
v 0.09461 0.00654 -0.01095
v 0.09258 0.00519 -0.01179
v 0.09109 0.00387 -0.01241
v 0.09013 0.00257 -0.01280
v 0.08971 0.00130 -0.01298
v 0.08982 0.00006 -0.01294
v 0.12105 0.00000 0.00000
v 0.12102 0.03800 -0.00000
v 0.11909 0.03801 -0.00039
v 0.11707 0.03813 -0.00079
v 0.11492 0.03848 -0.00122
v 0.11254 0.03915 -0.00169
v 0.10988 0.04027 -0.00222
v 0.10321 0.04349 -0.00355
v 0.09910 0.04557 -0.00437
v 0.09669 0.04708 -0.00485
v 0.09513 0.04862 -0.00516
v 0.09357 0.05078 -0.00547
v 0.09206 0.05429 -0.00576
v 0.09111 0.05912 -0.00595
v 0.09050 0.06480 -0.00608
v 0.09005 0.07085 -0.00617
v 0.08955 0.07679 -0.00627
v 0.08765 0.10788 -0.00664
v 0.08543 0.14106 -0.00708
v 0.08439 0.14106 -0.00729
v 0.08630 0.10788 -0.00691
v 0.08807 0.07679 -0.00656
v 0.08863 0.07070 -0.00645
v 0.08913 0.06454 -0.00635
v 0.08985 0.05857 -0.00620
v 0.09108 0.05309 -0.00596
v 0.09308 0.04837 -0.00556
v 0.09717 0.04434 -0.00475
v 0.10314 0.04081 -0.00356
v 0.10905 0.03789 -0.00239
v 0.11297 0.03570 -0.00161
v 0.11295 0.03435 -0.00161
v 0.11059 0.03383 -0.00208
v 0.10756 0.03266 -0.00268
v 0.10456 0.03077 -0.00328
v 0.10228 0.02811 -0.00373
v 0.10142 0.02458 -0.00390
v 0.10224 0.02100 -0.00374
v 0.10422 0.01816 -0.00335
v 0.10687 0.01603 -0.00282
v 0.10969 0.01455 -0.00226
v 0.11221 0.01369 -0.00176
v 0.11215 0.01267 -0.00177
v 0.10835 0.01127 -0.00252
v 0.10266 0.00967 -0.00366
v 0.09692 0.00803 -0.00480
v 0.09298 0.00654 -0.00558
v 0.09083 0.00519 -0.00601
v 0.08925 0.00387 -0.00633
v 0.08823 0.00257 -0.00653
v 0.08778 0.00130 -0.00662
v 0.08789 0.00006 -0.00659
v 0.12105 0.00000 0.00000
v 0.12102 0.03800 -0.00000
v 0.11905 0.03801 0.00000
v 0.11700 0.03813 0.00000
v 0.11480 0.03848 0.00000
v 0.11238 0.03915 0.00000
v 0.10966 0.04027 0.00000
v 0.10286 0.04349 -0.00000
v 0.09867 0.04557 -0.00000
v 0.09621 0.04708 0.00000
v 0.09462 0.04862 0.00000
v 0.09303 0.05078 0.00000
v 0.09150 0.05429 0.00000
v 0.09052 0.05912 0.00000
v 0.08990 0.06480 0.00000
v 0.08944 0.07085 0.00000
v 0.08893 0.07679 0.00000
v 0.08700 0.10788 0.00000
v 0.08474 0.14106 0.00000
v 0.08368 0.14106 0.00000
v 0.08562 0.10788 0.00000
v 0.08742 0.07679 0.00000
v 0.08799 0.07070 0.00000
v 0.08850 0.06454 0.00000
v 0.08924 0.05857 0.00000
v 0.09049 0.05309 0.00000
v 0.09254 0.04837 0.00000
v 0.09670 0.04434 0.00000
v 0.10279 0.04081 0.00000
v 0.10882 0.03789 0.00000
v 0.11281 0.03570 0.00000
v 0.11279 0.03435 0.00000
v 0.11039 0.03383 0.00000
v 0.10730 0.03266 0.00000
v 0.10424 0.03077 0.00000
v 0.10191 0.02811 0.00000
v 0.10103 0.02458 0.00000
v 0.10187 0.02100 0.00000
v 0.10389 0.01816 0.00000
v 0.10659 0.01603 0.00000
v 0.10947 0.01455 0.00000
v 0.11203 0.01369 -0.00000
v 0.11198 0.01267 -0.00000
v 0.10810 0.01127 -0.00000
v 0.10230 0.00967 -0.00000
v 0.09645 0.00803 -0.00000
v 0.09243 0.00654 -0.00000
v 0.09024 0.00519 -0.00000
v 0.08862 0.00387 -0.00000
v 0.08759 0.00257 -0.00000
v 0.08713 0.00130 -0.00000
v 0.08724 0.00006 -0.00000
v 0.12105 0.00000 0.00000
vt 0.00000 1.00000
vt 0.00000 0.99419
vt 0.03125 0.99419
vt 0.03125 0.98814
vt 0.00000 0.98814
vt 0.03125 0.98159
vt 0.00000 0.98159
vt 0.03125 0.97420
vt 0.00000 0.97420
vt 0.03125 0.96556
vt 0.00000 0.96556
vt 0.03125 0.94341
vt 0.00000 0.94341
vt 0.03125 0.92965
vt 0.00000 0.92965
vt 0.03125 0.92117
vt 0.00000 0.92117
vt 0.03125 0.91465
vt 0.00000 0.91465
vt 0.03125 0.90675
vt 0.00000 0.90675
vt 0.03125 0.89550
vt 0.00000 0.89550
vt 0.03125 0.88099
vt 0.00000 0.88099
vt 0.03125 0.86417
vt 0.00000 0.86417
vt 0.03125 0.84632
vt 0.00000 0.84632
vt 0.03125 0.82880
vt 0.00000 0.82880
vt 0.03125 0.73714
vt 0.00000 0.73714
vt 0.03125 0.63929
vt 0.00000 0.63929
vt 0.03125 0.63617
vt 0.00000 0.63617
vt 0.03125 0.53837
vt 0.00000 0.53837
vt 0.03125 0.44674
vt 0.00000 0.44674
vt 0.03125 0.42875
vt 0.00000 0.42875
vt 0.03125 0.41055
vt 0.00000 0.41055
vt 0.03125 0.39287
vt 0.00000 0.39287
vt 0.03125 0.37633
vt 0.00000 0.37633
vt 0.03125 0.36120
vt 0.00000 0.36120
vt 0.03125 0.34415
vt 0.00000 0.34415
vt 0.03125 0.32345
vt 0.00000 0.32345
vt 0.03125 0.30374
vt -0.00000 0.30374
vt 0.03125 0.29033
vt -0.00000 0.29033
vt 0.03125 0.28636
vt -0.00000 0.28636
vt 0.03125 0.27912
vt -0.00000 0.27912
vt 0.03125 0.26940
vt -0.00000 0.26940
vt 0.03125 0.25883
vt -0.00000 0.25883
vt 0.03125 0.24842
vt -0.00000 0.24842
vt 0.03125 0.23774
vt -0.00000 0.23774
vt 0.03125 0.22691
vt -0.00000 0.22691
vt 0.03125 0.21666
vt -0.00000 0.21666
vt 0.03125 0.20654
vt -0.00000 0.20654
vt 0.03125 0.19701
vt -0.00000 0.19701
vt 0.03125 0.18905
vt -0.00000 0.18905
vt 0.03125 0.18603
vt -0.00000 0.18603
vt 0.03125 0.17392
vt -0.00000 0.17392
vt 0.03125 0.15621
vt -0.00000 0.15621
vt 0.03125 0.13833
vt -0.00000 0.13833
vt 0.03125 0.12571
vt -0.00000 0.12571
vt 0.03125 0.11814
vt -0.00000 0.11814
vt 0.03125 0.11200
vt -0.00000 0.11200
vt 0.03125 0.10712
vt -0.00000 0.10712
vt 0.03125 0.10314
vt -0.00000 0.10314
vt 0.03125 0.09947
vt -0.00000 0.09947
vt 0.03125 0.00000
vt 0.03125 1.00000
vt 0.06250 0.99419
vt 0.06250 0.98814
vt 0.06250 0.98159
vt 0.06250 0.97420
vt 0.06250 0.96556
vt 0.06250 0.94341
vt 0.06250 0.92965
vt 0.06250 0.92117
vt 0.06250 0.91465
vt 0.06250 0.90675
vt 0.06250 0.89550
vt 0.06250 0.88099
vt 0.06250 0.86417
vt 0.06250 0.84632
vt 0.06250 0.82880
vt 0.06250 0.73714
vt 0.06250 0.63929
vt 0.06250 0.63617
vt 0.06250 0.53837
vt 0.06250 0.44674
vt 0.06250 0.42875
vt 0.06250 0.41055
vt 0.06250 0.39287
vt 0.06250 0.37633
vt 0.06250 0.36120
vt 0.06250 0.34415
vt 0.06250 0.32345
vt 0.06250 0.30374
vt 0.06250 0.29033
vt 0.06250 0.28636
vt 0.06250 0.27912
vt 0.06250 0.26940
vt 0.06250 0.25883
vt 0.06250 0.24842
vt 0.06250 0.23774
vt 0.06250 0.22691
vt 0.06250 0.21666
vt 0.06250 0.20654
vt 0.06250 0.19701
vt 0.06250 0.18905
vt 0.06250 0.18603
vt 0.06250 0.17392
vt 0.06250 0.15621
vt 0.06250 0.13833
vt 0.06250 0.12571
vt 0.06250 0.11814
vt 0.06250 0.11200
vt 0.06250 0.10712
vt 0.06250 0.10314
vt 0.06250 0.09947
vt 0.06250 0.00000
vt 0.06250 1.00000
vt 0.09375 0.99419
vt 0.09375 0.98814
vt 0.09375 0.98159
vt 0.09375 0.97420
vt 0.09375 0.96556
vt 0.09375 0.94341
vt 0.09375 0.92965
vt 0.09375 0.92117
vt 0.09375 0.91465
vt 0.09375 0.90675
vt 0.09375 0.89550
vt 0.09375 0.88099
vt 0.09375 0.86417
vt 0.09375 0.84632
vt 0.09375 0.82880
vt 0.09375 0.73714
vt 0.09375 0.63929
vt 0.09375 0.63617
vt 0.09375 0.53837
vt 0.09375 0.44674
vt 0.09375 0.42875
vt 0.09375 0.41055
vt 0.09375 0.39287
vt 0.09375 0.37633
vt 0.09375 0.36120
vt 0.09375 0.34415
vt 0.09375 0.32345
vt 0.09375 0.30374
vt 0.09375 0.29033
vt 0.09375 0.28636
vt 0.09375 0.27912
vt 0.09375 0.26940
vt 0.09375 0.25883
vt 0.09375 0.24842
vt 0.09375 0.23774
vt 0.09375 0.22691
vt 0.09375 0.21666
vt 0.09375 0.20654
vt 0.09375 0.19701
vt 0.09375 0.18905
vt 0.09375 0.18603
vt 0.09375 0.17392
vt 0.09375 0.15621
vt 0.09375 0.13833
vt 0.09375 0.12571
vt 0.09375 0.11814
vt 0.09375 0.11200
vt 0.09375 0.10712
vt 0.09375 0.10314
vt 0.09375 0.09947
vt 0.09375 0.00000
vt 0.09375 1.00000
vt 0.12500 0.99419
vt 0.12500 0.98814
vt 0.12500 0.98159
vt 0.12500 0.97420
vt 0.12500 0.96556
vt 0.12500 0.94341
vt 0.12500 0.92965
vt 0.12500 0.92117
vt 0.12500 0.91465
vt 0.12500 0.90675
vt 0.12500 0.89550
vt 0.12500 0.88099
vt 0.12500 0.86417
vt 0.12500 0.84632
vt 0.12500 0.82880
vt 0.12500 0.73714
vt 0.12500 0.63929
vt 0.12500 0.63617
vt 0.12500 0.53837
vt 0.12500 0.44674
vt 0.12500 0.42875
vt 0.12500 0.41055
vt 0.12500 0.39287
vt 0.12500 0.37633
vt 0.12500 0.36120
vt 0.12500 0.34415
vt 0.12500 0.32345
vt 0.12500 0.30374
vt 0.12500 0.29033
vt 0.12500 0.28636
vt 0.12500 0.27912
vt 0.12500 0.26940
vt 0.12500 0.25883
vt 0.12500 0.24842
vt 0.12500 0.23774
vt 0.12500 0.22691
vt 0.12500 0.21666
vt 0.12500 0.20654
vt 0.12500 0.19701
vt 0.12500 0.18905
vt 0.12500 0.18603
vt 0.12500 0.17392
vt 0.12500 0.15621
vt 0.12500 0.13833
vt 0.12500 0.12571
vt 0.12500 0.11814
vt 0.12500 0.11200
vt 0.12500 0.10712
vt 0.12500 0.10314
vt 0.12500 0.09947
vt 0.12500 0.00000
vt 0.12500 1.00000
vt 0.15625 0.99419
vt 0.15625 0.98814
vt 0.15625 0.98159
vt 0.15625 0.97420
vt 0.15625 0.96556
vt 0.15625 0.94341
vt 0.15625 0.92965
vt 0.15625 0.92117
vt 0.15625 0.91465
vt 0.15625 0.90675
vt 0.15625 0.89550
vt 0.15625 0.88099
vt 0.15625 0.86417
vt 0.15625 0.84632
vt 0.15625 0.82880
vt 0.15625 0.73714
vt 0.15625 0.63929
vt 0.15625 0.63617
vt 0.15625 0.53837
vt 0.15625 0.44674
vt 0.15625 0.42875
vt 0.15625 0.41055
vt 0.15625 0.39287
vt 0.15625 0.37633
vt 0.15625 0.36120
vt 0.15625 0.34415
vt 0.15625 0.32345
vt 0.15625 0.30374
vt 0.15625 0.29033
vt 0.15625 0.28636
vt 0.15625 0.27912
vt 0.15625 0.26940
vt 0.15625 0.25883
vt 0.15625 0.24842
vt 0.15625 0.23774
vt 0.15625 0.22691
vt 0.15625 0.21666
vt 0.15625 0.20654
vt 0.15625 0.19701
vt 0.15625 0.18905
vt 0.15625 0.18603
vt 0.15625 0.17392
vt 0.15625 0.15621
vt 0.15625 0.13833
vt 0.15625 0.12571
vt 0.15625 0.11814
vt 0.15625 0.11200
vt 0.15625 0.10712
vt 0.15625 0.10314
vt 0.15625 0.09947
vt 0.15625 0.00000
vt 0.15625 1.00000
vt 0.18750 0.99419
vt 0.18750 0.98814
vt 0.18750 0.98159
vt 0.18750 0.97420
vt 0.18750 0.96556
vt 0.18750 0.94341
vt 0.18750 0.92965
vt 0.18750 0.92117
vt 0.18750 0.91465
vt 0.18750 0.90675
vt 0.18750 0.89550
vt 0.18750 0.88099
vt 0.18750 0.86417
vt 0.18750 0.84632
vt 0.18750 0.82880
vt 0.18750 0.73714
vt 0.18750 0.63929
vt 0.18750 0.63617
vt 0.18750 0.53837
vt 0.18750 0.44674
vt 0.18750 0.42875
vt 0.18750 0.41055
vt 0.18750 0.39287
vt 0.18750 0.37633
vt 0.18750 0.36120
vt 0.18750 0.34415
vt 0.18750 0.32345
vt 0.18750 0.30374
vt 0.18750 0.29033
vt 0.18750 0.28636
vt 0.18750 0.27912
vt 0.18750 0.26940
vt 0.18750 0.25883
vt 0.18750 0.24842
vt 0.18750 0.23774
vt 0.18750 0.22691
vt 0.18750 0.21666
vt 0.18750 0.20654
vt 0.18750 0.19701
vt 0.18750 0.18905
vt 0.18750 0.18603
vt 0.18750 0.17392
vt 0.18750 0.15621
vt 0.18750 0.13833
vt 0.18750 0.12571
vt 0.18750 0.11814
vt 0.18750 0.11200
vt 0.18750 0.10712
vt 0.18750 0.10314
vt 0.18750 0.09947
vt 0.18750 0.00000
vt 0.18750 1.00000
vt 0.21875 0.99419
vt 0.21875 0.98814
vt 0.21875 0.98159
vt 0.21875 0.97420
vt 0.21875 0.96556
vt 0.21875 0.94341
vt 0.21875 0.92965
vt 0.21875 0.92117
vt 0.21875 0.91465
vt 0.21875 0.90675
vt 0.21875 0.89550
vt 0.21875 0.88099
vt 0.21875 0.86417
vt 0.21875 0.84632
vt 0.21875 0.82880
vt 0.21875 0.73714
vt 0.21875 0.63929
vt 0.21875 0.63617
vt 0.21875 0.53837
vt 0.21875 0.44674
vt 0.21875 0.42875
vt 0.21875 0.41055
vt 0.21875 0.39287
vt 0.21875 0.37633
vt 0.21875 0.36120
vt 0.21875 0.34415
vt 0.21875 0.32345
vt 0.21875 0.30374
vt 0.21875 0.29033
vt 0.21875 0.28636
vt 0.21875 0.27912
vt 0.21875 0.26940
vt 0.21875 0.25883
vt 0.21875 0.24842
vt 0.21875 0.23774
vt 0.21875 0.22691
vt 0.21875 0.21666
vt 0.21875 0.20654
vt 0.21875 0.19701
vt 0.21875 0.18905
vt 0.21875 0.18603
vt 0.21875 0.17392
vt 0.21875 0.15621
vt 0.21875 0.13833
vt 0.21875 0.12571
vt 0.21875 0.11814
vt 0.21875 0.11200
vt 0.21875 0.10712
vt 0.21875 0.10314
vt 0.21875 0.09947
vt 0.21875 0.00000
vt 0.21875 1.00000
vt 0.25000 0.99419
vt 0.25000 0.98814
vt 0.25000 0.98159
vt 0.25000 0.97420
vt 0.25000 0.96556
vt 0.25000 0.94341
vt 0.25000 0.92965
vt 0.25000 0.92117
vt 0.25000 0.91465
vt 0.25000 0.90675
vt 0.25000 0.89550
vt 0.25000 0.88099
vt 0.25000 0.86417
vt 0.25000 0.84632
vt 0.25000 0.82880
vt 0.25000 0.73714
vt 0.25000 0.63929
vt 0.25000 0.63617
vt 0.25000 0.53837
vt 0.25000 0.44674
vt 0.25000 0.42875
vt 0.25000 0.41055
vt 0.25000 0.39287
vt 0.25000 0.37633
vt 0.25000 0.36120
vt 0.25000 0.34415
vt 0.25000 0.32345
vt 0.25000 0.30374
vt 0.25000 0.29033
vt 0.25000 0.28636
vt 0.25000 0.27912
vt 0.25000 0.26940
vt 0.25000 0.25883
vt 0.25000 0.24842
vt 0.25000 0.23774
vt 0.25000 0.22691
vt 0.25000 0.21666
vt 0.25000 0.20654
vt 0.25000 0.19701
vt 0.25000 0.18905
vt 0.25000 0.18603
vt 0.25000 0.17392
vt 0.25000 0.15621
vt 0.25000 0.13833
vt 0.25000 0.12571
vt 0.25000 0.11814
vt 0.25000 0.11200
vt 0.25000 0.10712
vt 0.25000 0.10314
vt 0.25000 0.09947
vt 0.25000 0.00000
vt 0.25000 1.00000
vt 0.28125 0.99419
vt 0.28125 0.98814
vt 0.28125 0.98159
vt 0.28125 0.97420
vt 0.28125 0.96556
vt 0.28125 0.94341
vt 0.28125 0.92965
vt 0.28125 0.92117
vt 0.28125 0.91465
vt 0.28125 0.90675
vt 0.28125 0.89550
vt 0.28125 0.88099
vt 0.28125 0.86417
vt 0.28125 0.84632
vt 0.28125 0.82880
vt 0.28125 0.73714
vt 0.28125 0.63929
vt 0.28125 0.63617
vt 0.28125 0.53837
vt 0.28125 0.44674
vt 0.28125 0.42875
vt 0.28125 0.41055
vt 0.28125 0.39287
vt 0.28125 0.37633
vt 0.28125 0.36120
vt 0.28125 0.34415
vt 0.28125 0.32345
vt 0.28125 0.30374
vt 0.28125 0.29033
vt 0.28125 0.28636
vt 0.28125 0.27912
vt 0.28125 0.26940
vt 0.28125 0.25883
vt 0.28125 0.24842
vt 0.28125 0.23774
vt 0.28125 0.22691
vt 0.28125 0.21666
vt 0.28125 0.20654
vt 0.28125 0.19701
vt 0.28125 0.18905
vt 0.28125 0.18603
vt 0.28125 0.17392
vt 0.28125 0.15621
vt 0.28125 0.13833
vt 0.28125 0.12571
vt 0.28125 0.11814
vt 0.28125 0.11200
vt 0.28125 0.10712
vt 0.28125 0.10314
vt 0.28125 0.09947
vt 0.28125 0.00000
vt 0.28125 1.00000
vt 0.31250 0.99419
vt 0.31250 0.98814
vt 0.31250 0.98159
vt 0.31250 0.97420
vt 0.31250 0.96556
vt 0.31250 0.94341
vt 0.31250 0.92965
vt 0.31250 0.92117
vt 0.31250 0.91465
vt 0.31250 0.90675
vt 0.31250 0.89550
vt 0.31250 0.88099
vt 0.31250 0.86417
vt 0.31250 0.84632
vt 0.31250 0.82880
vt 0.31250 0.73714
vt 0.31250 0.63929
vt 0.31250 0.63617
vt 0.31250 0.53837
vt 0.31250 0.44674
vt 0.31250 0.42875
vt 0.31250 0.41055
vt 0.31250 0.39287
vt 0.31250 0.37633
vt 0.31250 0.36120
vt 0.31250 0.34415
vt 0.31250 0.32345
vt 0.31250 0.30374
vt 0.31250 0.29033
vt 0.31250 0.28636
vt 0.31250 0.27912
vt 0.31250 0.26940
vt 0.31250 0.25883
vt 0.31250 0.24842
vt 0.31250 0.23774
vt 0.31250 0.22691
vt 0.31250 0.21666
vt 0.31250 0.20654
vt 0.31250 0.19701
vt 0.31250 0.18905
vt 0.31250 0.18603
vt 0.31250 0.17392
vt 0.31250 0.15621
vt 0.31250 0.13833
vt 0.31250 0.12571
vt 0.31250 0.11814
vt 0.31250 0.11200
vt 0.31250 0.10712
vt 0.31250 0.10314
vt 0.31250 0.09947
vt 0.31250 0.00000
vt 0.31250 1.00000
vt 0.34375 0.99419
vt 0.34375 0.98814
vt 0.34375 0.98159
vt 0.34375 0.97420
vt 0.34375 0.96556
vt 0.34375 0.94341
vt 0.34375 0.92965
vt 0.34375 0.92117
vt 0.34375 0.91465
vt 0.34375 0.90675
vt 0.34375 0.89550
vt 0.34375 0.88099
vt 0.34375 0.86417
vt 0.34375 0.84632
vt 0.34375 0.82880
vt 0.34375 0.73714
vt 0.34375 0.63929
vt 0.34375 0.63617
vt 0.34375 0.53837
vt 0.34375 0.44674
vt 0.34375 0.42875
vt 0.34375 0.41055
vt 0.34375 0.39287
vt 0.34375 0.37633
vt 0.34375 0.36120
vt 0.34375 0.34415
vt 0.34375 0.32345
vt 0.34375 0.30374
vt 0.34375 0.29033
vt 0.34375 0.28636
vt 0.34375 0.27912
vt 0.34375 0.26940
vt 0.34375 0.25883
vt 0.34375 0.24842
vt 0.34375 0.23774
vt 0.34375 0.22691
vt 0.34375 0.21666
vt 0.34375 0.20654
vt 0.34375 0.19701
vt 0.34375 0.18905
vt 0.34375 0.18603
vt 0.34375 0.17392
vt 0.34375 0.15621
vt 0.34375 0.13833
vt 0.34375 0.12571
vt 0.34375 0.11814
vt 0.34375 0.11200
vt 0.34375 0.10712
vt 0.34375 0.10314
vt 0.34375 0.09947
vt 0.34375 0.00000
vt 0.34375 1.00000
vt 0.37500 0.99419
vt 0.37500 0.98814
vt 0.37500 0.98159
vt 0.37500 0.97420
vt 0.37500 0.96556
vt 0.37500 0.94341
vt 0.37500 0.92965
vt 0.37500 0.92117
vt 0.37500 0.91465
vt 0.37500 0.90675
vt 0.37500 0.89550
vt 0.37500 0.88099
vt 0.37500 0.86417
vt 0.37500 0.84632
vt 0.37500 0.82880
vt 0.37500 0.73714
vt 0.37500 0.63929
vt 0.37500 0.63617
vt 0.37500 0.53837
vt 0.37500 0.44674
vt 0.37500 0.42875
vt 0.37500 0.41055
vt 0.37500 0.39287
vt 0.37500 0.37633
vt 0.37500 0.36120
vt 0.37500 0.34415
vt 0.37500 0.32345
vt 0.37500 0.30374
vt 0.37500 0.29033
vt 0.37500 0.28636
vt 0.37500 0.27912
vt 0.37500 0.26940
vt 0.37500 0.25883
vt 0.37500 0.24842
vt 0.37500 0.23774
vt 0.37500 0.22691
vt 0.37500 0.21666
vt 0.37500 0.20654
vt 0.37500 0.19701
vt 0.37500 0.18905
vt 0.37500 0.18603
vt 0.37500 0.17392
vt 0.37500 0.15621
vt 0.37500 0.13833
vt 0.37500 0.12571
vt 0.37500 0.11814
vt 0.37500 0.11200
vt 0.37500 0.10712
vt 0.37500 0.10314
vt 0.37500 0.09947
vt 0.37500 0.00000
vt 0.37500 1.00000
vt 0.40625 0.99419
vt 0.40625 0.98814
vt 0.40625 0.98159
vt 0.40625 0.97420
vt 0.40625 0.96556
vt 0.40625 0.94341
vt 0.40625 0.92965
vt 0.40625 0.92117
vt 0.40625 0.91465
vt 0.40625 0.90675
vt 0.40625 0.89550
vt 0.40625 0.88099
vt 0.40625 0.86417
vt 0.40625 0.84632
vt 0.40625 0.82880
vt 0.40625 0.73714
vt 0.40625 0.63929
vt 0.40625 0.63617
vt 0.40625 0.53837
vt 0.40625 0.44674
vt 0.40625 0.42875
vt 0.40625 0.41055
vt 0.40625 0.39287
vt 0.40625 0.37633
vt 0.40625 0.36120
vt 0.40625 0.34415
vt 0.40625 0.32345
vt 0.40625 0.30374
vt 0.40625 0.29033
vt 0.40625 0.28636
vt 0.40625 0.27912
vt 0.40625 0.26940
vt 0.40625 0.25883
vt 0.40625 0.24842
vt 0.40625 0.23774
vt 0.40625 0.22691
vt 0.40625 0.21666
vt 0.40625 0.20654
vt 0.40625 0.19701
vt 0.40625 0.18905
vt 0.40625 0.18603
vt 0.40625 0.17392
vt 0.40625 0.15621
vt 0.40625 0.13833
vt 0.40625 0.12571
vt 0.40625 0.11814
vt 0.40625 0.11200
vt 0.40625 0.10712
vt 0.40625 0.10314
vt 0.40625 0.09947
vt 0.40625 0.00000
vt 0.40625 1.00000
vt 0.43750 0.99419
vt 0.43750 0.98814
vt 0.43750 0.98159
vt 0.43750 0.97420
vt 0.43750 0.96556
vt 0.43750 0.94341
vt 0.43750 0.92965
vt 0.43750 0.92117
vt 0.43750 0.91465
vt 0.43750 0.90675
vt 0.43750 0.89550
vt 0.43750 0.88099
vt 0.43750 0.86417
vt 0.43750 0.84632
vt 0.43750 0.82880
vt 0.43750 0.73714
vt 0.43750 0.63929
vt 0.43750 0.63617
vt 0.43750 0.53837
vt 0.43750 0.44674
vt 0.43750 0.42875
vt 0.43750 0.41055
vt 0.43750 0.39287
vt 0.43750 0.37633
vt 0.43750 0.36120
vt 0.43750 0.34415
vt 0.43750 0.32345
vt 0.43750 0.30374
vt 0.43750 0.29033
vt 0.43750 0.28636
vt 0.43750 0.27912
vt 0.43750 0.26940
vt 0.43750 0.25883
vt 0.43750 0.24842
vt 0.43750 0.23774
vt 0.43750 0.22691
vt 0.43750 0.21666
vt 0.43750 0.20654
vt 0.43750 0.19701
vt 0.43750 0.18905
vt 0.43750 0.18603
vt 0.43750 0.17392
vt 0.43750 0.15621
vt 0.43750 0.13833
vt 0.43750 0.12571
vt 0.43750 0.11814
vt 0.43750 0.11200
vt 0.43750 0.10712
vt 0.43750 0.10314
vt 0.43750 0.09947
vt 0.43750 0.00000
vt 0.43750 1.00000
vt 0.46875 0.99419
vt 0.46875 0.98814
vt 0.46875 0.98159
vt 0.46875 0.97420
vt 0.46875 0.96556
vt 0.46875 0.94341
vt 0.46875 0.92965
vt 0.46875 0.92117
vt 0.46875 0.91465
vt 0.46875 0.90675
vt 0.46875 0.89550
vt 0.46875 0.88099
vt 0.46875 0.86417
vt 0.46875 0.84632
vt 0.46875 0.82880
vt 0.46875 0.73714
vt 0.46875 0.63929
vt 0.46875 0.63617
vt 0.46875 0.53837
vt 0.46875 0.44674
vt 0.46875 0.42875
vt 0.46875 0.41055
vt 0.46875 0.39287
vt 0.46875 0.37633
vt 0.46875 0.36120
vt 0.46875 0.34415
vt 0.46875 0.32345
vt 0.46875 0.30374
vt 0.46875 0.29033
vt 0.46875 0.28636
vt 0.46875 0.27912
vt 0.46875 0.26940
vt 0.46875 0.25883
vt 0.46875 0.24842
vt 0.46875 0.23774
vt 0.46875 0.22691
vt 0.46875 0.21666
vt 0.46875 0.20654
vt 0.46875 0.19701
vt 0.46875 0.18905
vt 0.46875 0.18603
vt 0.46875 0.17392
vt 0.46875 0.15621
vt 0.46875 0.13833
vt 0.46875 0.12571
vt 0.46875 0.11814
vt 0.46875 0.11200
vt 0.46875 0.10712
vt 0.46875 0.10314
vt 0.46875 0.09947
vt 0.46875 0.00000
vt 0.46875 1.00000
vt 0.50000 0.99419
vt 0.50000 0.98814
vt 0.50000 0.98159
vt 0.50000 0.97420
vt 0.50000 0.96556
vt 0.50000 0.94341
vt 0.50000 0.92965
vt 0.50000 0.92117
vt 0.50000 0.91465
vt 0.50000 0.90675
vt 0.50000 0.89550
vt 0.50000 0.88099
vt 0.50000 0.86417
vt 0.50000 0.84632
vt 0.50000 0.82880
vt 0.50000 0.73714
vt 0.50000 0.63929
vt 0.50000 0.63617
vt 0.50000 0.53837
vt 0.50000 0.44674
vt 0.50000 0.42875
vt 0.50000 0.41055
vt 0.50000 0.39287
vt 0.50000 0.37633
vt 0.50000 0.36120
vt 0.50000 0.34415
vt 0.50000 0.32345
vt 0.50000 0.30374
vt 0.50000 0.29033
vt 0.50000 0.28636
vt 0.50000 0.27912
vt 0.50000 0.26940
vt 0.50000 0.25883
vt 0.50000 0.24842
vt 0.50000 0.23774
vt 0.50000 0.22691
vt 0.50000 0.21666
vt 0.50000 0.20654
vt 0.50000 0.19701
vt 0.50000 0.18905
vt 0.50000 0.18603
vt 0.50000 0.17392
vt 0.50000 0.15621
vt 0.50000 0.13833
vt 0.50000 0.12571
vt 0.50000 0.11814
vt 0.50000 0.11200
vt 0.50000 0.10712
vt 0.50000 0.10314
vt 0.50000 0.09947
vt 0.50000 0.00000
vt 0.50000 1.00000
vt 0.53125 0.99419
vt 0.53125 0.98814
vt 0.53125 0.98159
vt 0.53125 0.97420
vt 0.53125 0.96556
vt 0.53125 0.94341
vt 0.53125 0.92965
vt 0.53125 0.92117
vt 0.53125 0.91465
vt 0.53125 0.90675
vt 0.53125 0.89550
vt 0.53125 0.88099
vt 0.53125 0.86417
vt 0.53125 0.84632
vt 0.53125 0.82880
vt 0.53125 0.73714
vt 0.53125 0.63929
vt 0.53125 0.63617
vt 0.53125 0.53837
vt 0.53125 0.44674
vt 0.53125 0.42875
vt 0.53125 0.41055
vt 0.53125 0.39287
vt 0.53125 0.37633
vt 0.53125 0.36120
vt 0.53125 0.34415
vt 0.53125 0.32345
vt 0.53125 0.30374
vt 0.53125 0.29033
vt 0.53125 0.28636
vt 0.53125 0.27912
vt 0.53125 0.26940
vt 0.53125 0.25883
vt 0.53125 0.24842
vt 0.53125 0.23774
vt 0.53125 0.22691
vt 0.53125 0.21666
vt 0.53125 0.20654
vt 0.53125 0.19701
vt 0.53125 0.18905
vt 0.53125 0.18603
vt 0.53125 0.17392
vt 0.53125 0.15621
vt 0.53125 0.13833
vt 0.53125 0.12571
vt 0.53125 0.11814
vt 0.53125 0.11200
vt 0.53125 0.10712
vt 0.53125 0.10314
vt 0.53125 0.09947
vt 0.53125 0.00000
vt 0.53125 1.00000
vt 0.56250 0.99419
vt 0.56250 0.98814
vt 0.56250 0.98159
vt 0.56250 0.97420
vt 0.56250 0.96556
vt 0.56250 0.94341
vt 0.56250 0.92965
vt 0.56250 0.92117
vt 0.56250 0.91465
vt 0.56250 0.90675
vt 0.56250 0.89550
vt 0.56250 0.88099
vt 0.56250 0.86417
vt 0.56250 0.84632
vt 0.56250 0.82880
vt 0.56250 0.73714
vt 0.56250 0.63929
vt 0.56250 0.63617
vt 0.56250 0.53837
vt 0.56250 0.44674
vt 0.56250 0.42875
vt 0.56250 0.41055
vt 0.56250 0.39287
vt 0.56250 0.37633
vt 0.56250 0.36120
vt 0.56250 0.34415
vt 0.56250 0.32345
vt 0.56250 0.30374
vt 0.56250 0.29033
vt 0.56250 0.28636
vt 0.56250 0.27912
vt 0.56250 0.26940
vt 0.56250 0.25883
vt 0.56250 0.24842
vt 0.56250 0.23774
vt 0.56250 0.22691
vt 0.56250 0.21666
vt 0.56250 0.20654
vt 0.56250 0.19701
vt 0.56250 0.18905
vt 0.56250 0.18603
vt 0.56250 0.17392
vt 0.56250 0.15621
vt 0.56250 0.13833
vt 0.56250 0.12571
vt 0.56250 0.11814
vt 0.56250 0.11200
vt 0.56250 0.10712
vt 0.56250 0.10314
vt 0.56250 0.09947
vt 0.56250 0.00000
vt 0.56250 1.00000
vt 0.59375 0.99419
vt 0.59375 0.98814
vt 0.59375 0.98159
vt 0.59375 0.97420
vt 0.59375 0.96556
vt 0.59375 0.94341
vt 0.59375 0.92965
vt 0.59375 0.92117
vt 0.59375 0.91465
vt 0.59375 0.90675
vt 0.59375 0.89550
vt 0.59375 0.88099
vt 0.59375 0.86417
vt 0.59375 0.84632
vt 0.59375 0.82880
vt 0.59375 0.73714
vt 0.59375 0.63929
vt 0.59375 0.63617
vt 0.59375 0.53837
vt 0.59375 0.44674
vt 0.59375 0.42875
vt 0.59375 0.41055
vt 0.59375 0.39287
vt 0.59375 0.37633
vt 0.59375 0.36120
vt 0.59375 0.34415
vt 0.59375 0.32345
vt 0.59375 0.30374
vt 0.59375 0.29033
vt 0.59375 0.28636
vt 0.59375 0.27912
vt 0.59375 0.26940
vt 0.59375 0.25883
vt 0.59375 0.24842
vt 0.59375 0.23774
vt 0.59375 0.22691
vt 0.59375 0.21666
vt 0.59375 0.20654
vt 0.59375 0.19701
vt 0.59375 0.18905
vt 0.59375 0.18603
vt 0.59375 0.17392
vt 0.59375 0.15621
vt 0.59375 0.13833
vt 0.59375 0.12571
vt 0.59375 0.11814
vt 0.59375 0.11200
vt 0.59375 0.10712
vt 0.59375 0.10314
vt 0.59375 0.09947
vt 0.59375 0.00000
vt 0.59375 1.00000
vt 0.62500 0.99419
vt 0.62500 0.98814
vt 0.62500 0.98159
vt 0.62500 0.97420
vt 0.62500 0.96556
vt 0.62500 0.94341
vt 0.62500 0.92965
vt 0.62500 0.92117
vt 0.62500 0.91465
vt 0.62500 0.90675
vt 0.62500 0.89550
vt 0.62500 0.88099
vt 0.62500 0.86417
vt 0.62500 0.84632
vt 0.62500 0.82880
vt 0.62500 0.73714
vt 0.62500 0.63929
vt 0.62500 0.63617
vt 0.62500 0.53837
vt 0.62500 0.44674
vt 0.62500 0.42875
vt 0.62500 0.41055
vt 0.62500 0.39287
vt 0.62500 0.37633
vt 0.62500 0.36120
vt 0.62500 0.34415
vt 0.62500 0.32345
vt 0.62500 0.30374
vt 0.62500 0.29033
vt 0.62500 0.28636
vt 0.62500 0.27912
vt 0.62500 0.26940
vt 0.62500 0.25883
vt 0.62500 0.24842
vt 0.62500 0.23774
vt 0.62500 0.22691
vt 0.62500 0.21666
vt 0.62500 0.20654
vt 0.62500 0.19701
vt 0.62500 0.18905
vt 0.62500 0.18603
vt 0.62500 0.17392
vt 0.62500 0.15621
vt 0.62500 0.13833
vt 0.62500 0.12571
vt 0.62500 0.11814
vt 0.62500 0.11200
vt 0.62500 0.10712
vt 0.62500 0.10314
vt 0.62500 0.09947
vt 0.62500 0.00000
vt 0.62500 1.00000
vt 0.65625 0.99419
vt 0.65625 0.98814
vt 0.65625 0.98159
vt 0.65625 0.97420
vt 0.65625 0.96556
vt 0.65625 0.94341
vt 0.65625 0.92965
vt 0.65625 0.92117
vt 0.65625 0.91465
vt 0.65625 0.90675
vt 0.65625 0.89550
vt 0.65625 0.88099
vt 0.65625 0.86417
vt 0.65625 0.84632
vt 0.65625 0.82880
vt 0.65625 0.73714
vt 0.65625 0.63929
vt 0.65625 0.63617
vt 0.65625 0.53837
vt 0.65625 0.44674
vt 0.65625 0.42875
vt 0.65625 0.41055
vt 0.65625 0.39287
vt 0.65625 0.37633
vt 0.65625 0.36120
vt 0.65625 0.34415
vt 0.65625 0.32345
vt 0.65625 0.30374
vt 0.65625 0.29033
vt 0.65625 0.28636
vt 0.65625 0.27912
vt 0.65625 0.26940
vt 0.65625 0.25883
vt 0.65625 0.24842
vt 0.65625 0.23774
vt 0.65625 0.22691
vt 0.65625 0.21666
vt 0.65625 0.20654
vt 0.65625 0.19701
vt 0.65625 0.18905
vt 0.65625 0.18603
vt 0.65625 0.17392
vt 0.65625 0.15621
vt 0.65625 0.13833
vt 0.65625 0.12571
vt 0.65625 0.11814
vt 0.65625 0.11200
vt 0.65625 0.10712
vt 0.65625 0.10314
vt 0.65625 0.09947
vt 0.65625 0.00000
vt 0.65625 1.00000
vt 0.68750 0.99419
vt 0.68750 0.98814
vt 0.68750 0.98159
vt 0.68750 0.97420
vt 0.68750 0.96556
vt 0.68750 0.94341
vt 0.68750 0.92965
vt 0.68750 0.92117
vt 0.68750 0.91465
vt 0.68750 0.90675
vt 0.68750 0.89550
vt 0.68750 0.88099
vt 0.68750 0.86417
vt 0.68750 0.84632
vt 0.68750 0.82880
vt 0.68750 0.73714
vt 0.68750 0.63929
vt 0.68750 0.63617
vt 0.68750 0.53837
vt 0.68750 0.44674
vt 0.68750 0.42875
vt 0.68750 0.41055
vt 0.68750 0.39287
vt 0.68750 0.37633
vt 0.68750 0.36120
vt 0.68750 0.34415
vt 0.68750 0.32345
vt 0.68750 0.30374
vt 0.68750 0.29033
vt 0.68750 0.28636
vt 0.68750 0.27912
vt 0.68750 0.26940
vt 0.68750 0.25883
vt 0.68750 0.24842
vt 0.68750 0.23774
vt 0.68750 0.22691
vt 0.68750 0.21666
vt 0.68750 0.20654
vt 0.68750 0.19701
vt 0.68750 0.18905
vt 0.68750 0.18603
vt 0.68750 0.17392
vt 0.68750 0.15621
vt 0.68750 0.13833
vt 0.68750 0.12571
vt 0.68750 0.11814
vt 0.68750 0.11200
vt 0.68750 0.10712
vt 0.68750 0.10314
vt 0.68750 0.09947
vt 0.68750 0.00000
vt 0.68750 1.00000
vt 0.71875 0.99419
vt 0.71875 0.98814
vt 0.71875 0.98159
vt 0.71875 0.97420
vt 0.71875 0.96556
vt 0.71875 0.94341
vt 0.71875 0.92965
vt 0.71875 0.92117
vt 0.71875 0.91465
vt 0.71875 0.90675
vt 0.71875 0.89550
vt 0.71875 0.88099
vt 0.71875 0.86417
vt 0.71875 0.84632
vt 0.71875 0.82880
vt 0.71875 0.73714
vt 0.71875 0.63929
vt 0.71875 0.63617
vt 0.71875 0.53837
vt 0.71875 0.44674
vt 0.71875 0.42875
vt 0.71875 0.41055
vt 0.71875 0.39287
vt 0.71875 0.37633
vt 0.71875 0.36120
vt 0.71875 0.34415
vt 0.71875 0.32345
vt 0.71875 0.30374
vt 0.71875 0.29033
vt 0.71875 0.28636
vt 0.71875 0.27912
vt 0.71875 0.26940
vt 0.71875 0.25883
vt 0.71875 0.24842
vt 0.71875 0.23774
vt 0.71875 0.22691
vt 0.71875 0.21666
vt 0.71875 0.20654
vt 0.71875 0.19701
vt 0.71875 0.18905
vt 0.71875 0.18603
vt 0.71875 0.17392
vt 0.71875 0.15621
vt 0.71875 0.13833
vt 0.71875 0.12571
vt 0.71875 0.11814
vt 0.71875 0.11200
vt 0.71875 0.10712
vt 0.71875 0.10314
vt 0.71875 0.09947
vt 0.71875 0.00000
vt 0.71875 1.00000
vt 0.75000 0.99419
vt 0.75000 0.98814
vt 0.75000 0.98159
vt 0.75000 0.97420
vt 0.75000 0.96556
vt 0.75000 0.94341
vt 0.75000 0.92965
vt 0.75000 0.92117
vt 0.75000 0.91465
vt 0.75000 0.90675
vt 0.75000 0.89550
vt 0.75000 0.88099
vt 0.75000 0.86417
vt 0.75000 0.84632
vt 0.75000 0.82880
vt 0.75000 0.73714
vt 0.75000 0.63929
vt 0.75000 0.63617
vt 0.75000 0.53837
vt 0.75000 0.44674
vt 0.75000 0.42875
vt 0.75000 0.41055
vt 0.75000 0.39287
vt 0.75000 0.37633
vt 0.75000 0.36120
vt 0.75000 0.34415
vt 0.75000 0.32345
vt 0.75000 0.30374
vt 0.75000 0.29033
vt 0.75000 0.28636
vt 0.75000 0.27912
vt 0.75000 0.26940
vt 0.75000 0.25883
vt 0.75000 0.24842
vt 0.75000 0.23774
vt 0.75000 0.22691
vt 0.75000 0.21666
vt 0.75000 0.20654
vt 0.75000 0.19701
vt 0.75000 0.18905
vt 0.75000 0.18603
vt 0.75000 0.17392
vt 0.75000 0.15621
vt 0.75000 0.13833
vt 0.75000 0.12571
vt 0.75000 0.11814
vt 0.75000 0.11200
vt 0.75000 0.10712
vt 0.75000 0.10314
vt 0.75000 0.09947
vt 0.75000 0.00000
vt 0.75000 1.00000
vt 0.78125 0.99419
vt 0.78125 0.98814
vt 0.78125 0.98159
vt 0.78125 0.97420
vt 0.78125 0.96556
vt 0.78125 0.94341
vt 0.78125 0.92965
vt 0.78125 0.92117
vt 0.78125 0.91465
vt 0.78125 0.90675
vt 0.78125 0.89550
vt 0.78125 0.88099
vt 0.78125 0.86417
vt 0.78125 0.84632
vt 0.78125 0.82880
vt 0.78125 0.73714
vt 0.78125 0.63929
vt 0.78125 0.63617
vt 0.78125 0.53837
vt 0.78125 0.44674
vt 0.78125 0.42875
vt 0.78125 0.41055
vt 0.78125 0.39287
vt 0.78125 0.37633
vt 0.78125 0.36120
vt 0.78125 0.34415
vt 0.78125 0.32345
vt 0.78125 0.30374
vt 0.78125 0.29033
vt 0.78125 0.28636
vt 0.78125 0.27912
vt 0.78125 0.26940
vt 0.78125 0.25883
vt 0.78125 0.24842
vt 0.78125 0.23774
vt 0.78125 0.22691
vt 0.78125 0.21666
vt 0.78125 0.20654
vt 0.78125 0.19701
vt 0.78125 0.18905
vt 0.78125 0.18603
vt 0.78125 0.17392
vt 0.78125 0.15621
vt 0.78125 0.13833
vt 0.78125 0.12571
vt 0.78125 0.11814
vt 0.78125 0.11200
vt 0.78125 0.10712
vt 0.78125 0.10314
vt 0.78125 0.09947
vt 0.78125 0.00000
vt 0.78125 1.00000
vt 0.81250 0.99419
vt 0.81250 0.98814
vt 0.81250 0.98159
vt 0.81250 0.97420
vt 0.81250 0.96556
vt 0.81250 0.94341
vt 0.81250 0.92965
vt 0.81250 0.92117
vt 0.81250 0.91465
vt 0.81250 0.90675
vt 0.81250 0.89550
vt 0.81250 0.88099
vt 0.81250 0.86417
vt 0.81250 0.84632
vt 0.81250 0.82880
vt 0.81250 0.73714
vt 0.81250 0.63929
vt 0.81250 0.63617
vt 0.81250 0.53837
vt 0.81250 0.44674
vt 0.81250 0.42875
vt 0.81250 0.41055
vt 0.81250 0.39287
vt 0.81250 0.37633
vt 0.81250 0.36120
vt 0.81250 0.34415
vt 0.81250 0.32345
vt 0.81250 0.30374
vt 0.81250 0.29033
vt 0.81250 0.28636
vt 0.81250 0.27912
vt 0.81250 0.26940
vt 0.81250 0.25883
vt 0.81250 0.24842
vt 0.81250 0.23774
vt 0.81250 0.22691
vt 0.81250 0.21666
vt 0.81250 0.20654
vt 0.81250 0.19701
vt 0.81250 0.18905
vt 0.81250 0.18603
vt 0.81250 0.17392
vt 0.81250 0.15621
vt 0.81250 0.13833
vt 0.81250 0.12571
vt 0.81250 0.11814
vt 0.81250 0.11200
vt 0.81250 0.10712
vt 0.81250 0.10314
vt 0.81250 0.09947
vt 0.81250 0.00000
vt 0.81250 1.00000
vt 0.84375 0.99419
vt 0.84375 0.98814
vt 0.84375 0.98159
vt 0.84375 0.97420
vt 0.84375 0.96556
vt 0.84375 0.94341
vt 0.84375 0.92965
vt 0.84375 0.92117
vt 0.84375 0.91465
vt 0.84375 0.90675
vt 0.84375 0.89550
vt 0.84375 0.88099
vt 0.84375 0.86417
vt 0.84375 0.84632
vt 0.84375 0.82880
vt 0.84375 0.73714
vt 0.84375 0.63929
vt 0.84375 0.63617
vt 0.84375 0.53837
vt 0.84375 0.44674
vt 0.84375 0.42875
vt 0.84375 0.41055
vt 0.84375 0.39287
vt 0.84375 0.37633
vt 0.84375 0.36120
vt 0.84375 0.34415
vt 0.84375 0.32345
vt 0.84375 0.30374
vt 0.84375 0.29033
vt 0.84375 0.28636
vt 0.84375 0.27912
vt 0.84375 0.26940
vt 0.84375 0.25883
vt 0.84375 0.24842
vt 0.84375 0.23774
vt 0.84375 0.22691
vt 0.84375 0.21666
vt 0.84375 0.20654
vt 0.84375 0.19701
vt 0.84375 0.18905
vt 0.84375 0.18603
vt 0.84375 0.17392
vt 0.84375 0.15621
vt 0.84375 0.13833
vt 0.84375 0.12571
vt 0.84375 0.11814
vt 0.84375 0.11200
vt 0.84375 0.10712
vt 0.84375 0.10314
vt 0.84375 0.09947
vt 0.84375 0.00000
vt 0.84375 1.00000
vt 0.87500 0.99419
vt 0.87500 0.98814
vt 0.87500 0.98159
vt 0.87500 0.97420
vt 0.87500 0.96556
vt 0.87500 0.94341
vt 0.87500 0.92965
vt 0.87500 0.92117
vt 0.87500 0.91465
vt 0.87500 0.90675
vt 0.87500 0.89550
vt 0.87500 0.88099
vt 0.87500 0.86417
vt 0.87500 0.84632
vt 0.87500 0.82880
vt 0.87500 0.73714
vt 0.87500 0.63929
vt 0.87500 0.63617
vt 0.87500 0.53837
vt 0.87500 0.44674
vt 0.87500 0.42875
vt 0.87500 0.41055
vt 0.87500 0.39287
vt 0.87500 0.37633
vt 0.87500 0.36120
vt 0.87500 0.34415
vt 0.87500 0.32345
vt 0.87500 0.30374
vt 0.87500 0.29033
vt 0.87500 0.28636
vt 0.87500 0.27912
vt 0.87500 0.26940
vt 0.87500 0.25883
vt 0.87500 0.24842
vt 0.87500 0.23774
vt 0.87500 0.22691
vt 0.87500 0.21666
vt 0.87500 0.20654
vt 0.87500 0.19701
vt 0.87500 0.18905
vt 0.87500 0.18603
vt 0.87500 0.17392
vt 0.87500 0.15621
vt 0.87500 0.13833
vt 0.87500 0.12571
vt 0.87500 0.11814
vt 0.87500 0.11200
vt 0.87500 0.10712
vt 0.87500 0.10314
vt 0.87500 0.09947
vt 0.87500 0.00000
vt 0.87500 1.00000
vt 0.90625 0.99419
vt 0.90625 0.98814
vt 0.90625 0.98159
vt 0.90625 0.97420
vt 0.90625 0.96556
vt 0.90625 0.94341
vt 0.90625 0.92965
vt 0.90625 0.92117
vt 0.90625 0.91465
vt 0.90625 0.90675
vt 0.90625 0.89550
vt 0.90625 0.88099
vt 0.90625 0.86417
vt 0.90625 0.84632
vt 0.90625 0.82880
vt 0.90625 0.73714
vt 0.90625 0.63929
vt 0.90625 0.63617
vt 0.90625 0.53837
vt 0.90625 0.44674
vt 0.90625 0.42875
vt 0.90625 0.41055
vt 0.90625 0.39287
vt 0.90625 0.37633
vt 0.90625 0.36120
vt 0.90625 0.34415
vt 0.90625 0.32345
vt 0.90625 0.30374
vt 0.90625 0.29033
vt 0.90625 0.28636
vt 0.90625 0.27912
vt 0.90625 0.26940
vt 0.90625 0.25883
vt 0.90625 0.24842
vt 0.90625 0.23774
vt 0.90625 0.22691
vt 0.90625 0.21666
vt 0.90625 0.20654
vt 0.90625 0.19701
vt 0.90625 0.18905
vt 0.90625 0.18603
vt 0.90625 0.17392
vt 0.90625 0.15621
vt 0.90625 0.13833
vt 0.90625 0.12571
vt 0.90625 0.11814
vt 0.90625 0.11200
vt 0.90625 0.10712
vt 0.90625 0.10314
vt 0.90625 0.09947
vt 0.90625 0.00000
vt 0.90625 1.00000
vt 0.93750 0.99419
vt 0.93750 0.98814
vt 0.93750 0.98159
vt 0.93750 0.97420
vt 0.93750 0.96556
vt 0.93750 0.94341
vt 0.93750 0.92965
vt 0.93750 0.92117
vt 0.93750 0.91465
vt 0.93750 0.90675
vt 0.93750 0.89550
vt 0.93750 0.88099
vt 0.93750 0.86417
vt 0.93750 0.84632
vt 0.93750 0.82880
vt 0.93750 0.73714
vt 0.93750 0.63929
vt 0.93750 0.63617
vt 0.93750 0.53837
vt 0.93750 0.44674
vt 0.93750 0.42875
vt 0.93750 0.41055
vt 0.93750 0.39287
vt 0.93750 0.37633
vt 0.93750 0.36120
vt 0.93750 0.34415
vt 0.93750 0.32345
vt 0.93750 0.30374
vt 0.93750 0.29033
vt 0.93750 0.28636
vt 0.93750 0.27912
vt 0.93750 0.26940
vt 0.93750 0.25883
vt 0.93750 0.24842
vt 0.93750 0.23774
vt 0.93750 0.22691
vt 0.93750 0.21666
vt 0.93750 0.20654
vt 0.93750 0.19701
vt 0.93750 0.18905
vt 0.93750 0.18603
vt 0.93750 0.17392
vt 0.93750 0.15621
vt 0.93750 0.13833
vt 0.93750 0.12571
vt 0.93750 0.11814
vt 0.93750 0.11200
vt 0.93750 0.10712
vt 0.93750 0.10314
vt 0.93750 0.09947
vt 0.93750 0.00000
vt 0.93750 1.00000
vt 0.96875 0.99419
vt 0.96875 0.98814
vt 0.96875 0.98159
vt 0.96875 0.97420
vt 0.96875 0.96556
vt 0.96875 0.94341
vt 0.96875 0.92965
vt 0.96875 0.92117
vt 0.96875 0.91465
vt 0.96875 0.90675
vt 0.96875 0.89550
vt 0.96875 0.88099
vt 0.96875 0.86417
vt 0.96875 0.84632
vt 0.96875 0.82880
vt 0.96875 0.73714
vt 0.96875 0.63929
vt 0.96875 0.63617
vt 0.96875 0.53837
vt 0.96875 0.44674
vt 0.96875 0.42875
vt 0.96875 0.41055
vt 0.96875 0.39287
vt 0.96875 0.37633
vt 0.96875 0.36120
vt 0.96875 0.34415
vt 0.96875 0.32345
vt 0.96875 0.30374
vt 0.96875 0.29033
vt 0.96875 0.28636
vt 0.96875 0.27912
vt 0.96875 0.26940
vt 0.96875 0.25883
vt 0.96875 0.24842
vt 0.96875 0.23774
vt 0.96875 0.22691
vt 0.96875 0.21666
vt 0.96875 0.20654
vt 0.96875 0.19701
vt 0.96875 0.18905
vt 0.96875 0.18603
vt 0.96875 0.17392
vt 0.96875 0.15621
vt 0.96875 0.13833
vt 0.96875 0.12571
vt 0.96875 0.11814
vt 0.96875 0.11200
vt 0.96875 0.10712
vt 0.96875 0.10314
vt 0.96875 0.09947
vt 0.96875 0.00000
vt 0.96875 1.00000
vt 1.00000 0.99419
vt 1.00000 0.98814
vt 1.00000 0.98159
vt 1.00000 0.97420
vt 1.00000 0.96556
vt 1.00000 0.94341
vt 1.00000 0.92965
vt 1.00000 0.92117
vt 1.00000 0.91465
vt 1.00000 0.90675
vt 1.00000 0.89550
vt 1.00000 0.88099
vt 1.00000 0.86417
vt 1.00000 0.84632
vt 1.00000 0.82880
vt 1.00000 0.73714
vt 1.00000 0.63929
vt 1.00000 0.63617
vt 1.00000 0.53837
vt 1.00000 0.44674
vt 1.00000 0.42875
vt 1.00000 0.41055
vt 1.00000 0.39287
vt 1.00000 0.37633
vt 1.00000 0.36120
vt 1.00000 0.34415
vt 1.00000 0.32345
vt 1.00000 0.30374
vt 1.00000 0.29033
vt 1.00000 0.28636
vt 1.00000 0.27912
vt 1.00000 0.26940
vt 1.00000 0.25883
vt 1.00000 0.24842
vt 1.00000 0.23774
vt 1.00000 0.22691
vt 1.00000 0.21666
vt 1.00000 0.20654
vt 1.00000 0.19701
vt 1.00000 0.18905
vt 1.00000 0.18603
vt 1.00000 0.17392
vt 1.00000 0.15621
vt 1.00000 0.13833
vt 1.00000 0.12571
vt 1.00000 0.11814
vt 1.00000 0.11200
vt 1.00000 0.10712
vt 1.00000 0.10314
vt 1.00000 0.09947
vt 1.00000 0.00000
f 1/1 2/2 3/3
f 4/4 3/3 2/2
f 2/2 5/5 4/4
f 6/6 4/4 5/5
f 5/5 7/7 6/6
f 8/8 6/6 7/7
f 7/7 9/9 8/8
f 10/10 8/8 9/9
f 9/9 11/11 10/10
f 12/12 10/10 11/11
f 11/11 13/13 12/12
f 14/14 12/12 13/13
f 13/13 15/15 14/14
f 16/16 14/14 15/15
f 15/15 17/17 16/16
f 18/18 16/16 17/17
f 17/17 19/19 18/18
f 20/20 18/18 19/19
f 19/19 21/21 20/20
f 22/22 20/20 21/21
f 21/21 23/23 22/22
f 24/24 22/22 23/23
f 23/23 25/25 24/24
f 26/26 24/24 25/25
f 25/25 27/27 26/26
f 28/28 26/26 27/27
f 27/27 29/29 28/28
f 30/30 28/28 29/29
f 29/29 31/31 30/30
f 32/32 30/30 31/31
f 31/31 33/33 32/32
f 34/34 32/32 33/33
f 33/33 35/35 34/34
f 36/36 34/34 35/35
f 35/35 37/37 36/36
f 38/38 36/36 37/37
f 37/37 39/39 38/38
f 40/40 38/38 39/39
f 39/39 41/41 40/40
f 42/42 40/40 41/41
f 41/41 43/43 42/42
f 44/44 42/42 43/43
f 43/43 45/45 44/44
f 46/46 44/44 45/45
f 45/45 47/47 46/46
f 48/48 46/46 47/47
f 47/47 49/49 48/48
f 50/50 48/48 49/49
f 49/49 51/51 50/50
f 52/52 50/50 51/51
f 51/51 53/53 52/52
f 54/54 52/52 53/53
f 53/53 55/55 54/54
f 56/56 54/54 55/55
f 55/55 57/57 56/56
f 58/58 56/56 57/57
f 57/57 59/59 58/58
f 60/60 58/58 59/59
f 59/59 61/61 60/60
f 62/62 60/60 61/61
f 61/61 63/63 62/62
f 64/64 62/62 63/63
f 63/63 65/65 64/64
f 66/66 64/64 65/65
f 65/65 67/67 66/66
f 68/68 66/66 67/67
f 67/67 69/69 68/68
f 70/70 68/68 69/69
f 69/69 71/71 70/70
f 72/72 70/70 71/71
f 71/71 73/73 72/72
f 74/74 72/72 73/73
f 73/73 75/75 74/74
f 76/76 74/74 75/75
f 75/75 77/77 76/76
f 78/78 76/76 77/77
f 77/77 79/79 78/78
f 80/80 78/78 79/79
f 79/79 81/81 80/80
f 82/82 80/80 81/81
f 81/81 83/83 82/82
f 84/84 82/82 83/83
f 83/83 85/85 84/84
f 86/86 84/84 85/85
f 85/85 87/87 86/86
f 88/88 86/86 87/87
f 87/87 89/89 88/88
f 90/90 88/88 89/89
f 89/89 91/91 90/90
f 92/92 90/90 91/91
f 91/91 93/93 92/92
f 94/94 92/92 93/93
f 93/93 95/95 94/94
f 96/96 94/94 95/95
f 95/95 97/97 96/96
f 98/98 96/96 97/97
f 97/97 99/99 98/98
f 100/100 98/98 99/99
f 99/99 101/101 100/100
f 101/101 102/102 100/100
f 103/103 3/3 104/104
f 105/105 104/104 3/3
f 3/3 4/4 105/105
f 106/106 105/105 4/4
f 4/4 6/6 106/106
f 107/107 106/106 6/6
f 6/6 8/8 107/107
f 108/108 107/107 8/8
f 8/8 10/10 108/108
f 109/109 108/108 10/10
f 10/10 12/12 109/109
f 110/110 109/109 12/12
f 12/12 14/14 110/110
f 111/111 110/110 14/14
f 14/14 16/16 111/111
f 112/112 111/111 16/16
f 16/16 18/18 112/112
f 113/113 112/112 18/18
f 18/18 20/20 113/113
f 114/114 113/113 20/20
f 20/20 22/22 114/114
f 115/115 114/114 22/22
f 22/22 24/24 115/115
f 116/116 115/115 24/24
f 24/24 26/26 116/116
f 117/117 116/116 26/26
f 26/26 28/28 117/117
f 118/118 117/117 28/28
f 28/28 30/30 118/118
f 119/119 118/118 30/30
f 30/30 32/32 119/119
f 120/120 119/119 32/32
f 32/32 34/34 120/120
f 121/121 120/120 34/34
f 34/34 36/36 121/121
f 122/122 121/121 36/36
f 36/36 38/38 122/122
f 123/123 122/122 38/38
f 38/38 40/40 123/123
f 124/124 123/123 40/40
f 40/40 42/42 124/124
f 125/125 124/124 42/42
f 42/42 44/44 125/125
f 126/126 125/125 44/44
f 44/44 46/46 126/126
f 127/127 126/126 46/46
f 46/46 48/48 127/127
f 128/128 127/127 48/48
f 48/48 50/50 128/128
f 129/129 128/128 50/50
f 50/50 52/52 129/129
f 130/130 129/129 52/52
f 52/52 54/54 130/130
f 131/131 130/130 54/54
f 54/54 56/56 131/131
f 132/132 131/131 56/56
f 56/56 58/58 132/132
f 133/133 132/132 58/58
f 58/58 60/60 133/133
f 134/134 133/133 60/60
f 60/60 62/62 134/134
f 135/135 134/134 62/62
f 62/62 64/64 135/135
f 136/136 135/135 64/64
f 64/64 66/66 136/136
f 137/137 136/136 66/66
f 66/66 68/68 137/137
f 138/138 137/137 68/68
f 68/68 70/70 138/138
f 139/139 138/138 70/70
f 70/70 72/72 139/139
f 140/140 139/139 72/72
f 72/72 74/74 140/140
f 141/141 140/140 74/74
f 74/74 76/76 141/141
f 142/142 141/141 76/76
f 76/76 78/78 142/142
f 143/143 142/142 78/78
f 78/78 80/80 143/143
f 144/144 143/143 80/80
f 80/80 82/82 144/144
f 145/145 144/144 82/82
f 82/82 84/84 145/145
f 146/146 145/145 84/84
f 84/84 86/86 146/146
f 147/147 146/146 86/86
f 86/86 88/88 147/147
f 148/148 147/147 88/88
f 88/88 90/90 148/148
f 149/149 148/148 90/90
f 90/90 92/92 149/149
f 150/150 149/149 92/92
f 92/92 94/94 150/150
f 151/151 150/150 94/94
f 94/94 96/96 151/151
f 152/152 151/151 96/96
f 96/96 98/98 152/152
f 153/153 152/152 98/98
f 98/98 100/100 153/153
f 100/100 154/154 153/153
f 155/155 104/104 156/156
f 157/157 156/156 104/104
f 104/104 105/105 157/157
f 158/158 157/157 105/105
f 105/105 106/106 158/158
f 159/159 158/158 106/106
f 106/106 107/107 159/159
f 160/160 159/159 107/107
f 107/107 108/108 160/160
f 161/161 160/160 108/108
f 108/108 109/109 161/161
f 162/162 161/161 109/109
f 109/109 110/110 162/162
f 163/163 162/162 110/110
f 110/110 111/111 163/163
f 164/164 163/163 111/111
f 111/111 112/112 164/164
f 165/165 164/164 112/112
f 112/112 113/113 165/165
f 166/166 165/165 113/113
f 113/113 114/114 166/166
f 167/167 166/166 114/114
f 114/114 115/115 167/167
f 168/168 167/167 115/115
f 115/115 116/116 168/168
f 169/169 168/168 116/116
f 116/116 117/117 169/169
f 170/170 169/169 117/117
f 117/117 118/118 170/170
f 171/171 170/170 118/118
f 118/118 119/119 171/171
f 172/172 171/171 119/119
f 119/119 120/120 172/172
f 173/173 172/172 120/120
f 120/120 121/121 173/173
f 174/174 173/173 121/121
f 121/121 122/122 174/174
f 175/175 174/174 122/122
f 122/122 123/123 175/175
f 176/176 175/175 123/123
f 123/123 124/124 176/176
f 177/177 176/176 124/124
f 124/124 125/125 177/177
f 178/178 177/177 125/125
f 125/125 126/126 178/178
f 179/179 178/178 126/126
f 126/126 127/127 179/179
f 180/180 179/179 127/127
f 127/127 128/128 180/180
f 181/181 180/180 128/128
f 128/128 129/129 181/181
f 182/182 181/181 129/129
f 129/129 130/130 182/182
f 183/183 182/182 130/130
f 130/130 131/131 183/183
f 184/184 183/183 131/131
f 131/131 132/132 184/184
f 185/185 184/184 132/132
f 132/132 133/133 185/185
f 186/186 185/185 133/133
f 133/133 134/134 186/186
f 187/187 186/186 134/134
f 134/134 135/135 187/187
f 188/188 187/187 135/135
f 135/135 136/136 188/188
f 189/189 188/188 136/136
f 136/136 137/137 189/189
f 190/190 189/189 137/137
f 137/137 138/138 190/190
f 191/191 190/190 138/138
f 138/138 139/139 191/191
f 192/192 191/191 139/139
f 139/139 140/140 192/192
f 193/193 192/192 140/140
f 140/140 141/141 193/193
f 194/194 193/193 141/141
f 141/141 142/142 194/194
f 195/195 194/194 142/142
f 142/142 143/143 195/195
f 196/196 195/195 143/143
f 143/143 144/144 196/196
f 197/197 196/196 144/144
f 144/144 145/145 197/197
f 198/198 197/197 145/145
f 145/145 146/146 198/198
f 199/199 198/198 146/146
f 146/146 147/147 199/199
f 200/200 199/199 147/147
f 147/147 148/148 200/200
f 201/201 200/200 148/148
f 148/148 149/149 201/201
f 202/202 201/201 149/149
f 149/149 150/150 202/202
f 203/203 202/202 150/150
f 150/150 151/151 203/203
f 204/204 203/203 151/151
f 151/151 152/152 204/204
f 205/205 204/204 152/152
f 152/152 153/153 205/205
f 153/153 206/206 205/205
f 207/207 156/156 208/208
f 209/209 208/208 156/156
f 156/156 157/157 209/209
f 210/210 209/209 157/157
f 157/157 158/158 210/210
f 211/211 210/210 158/158
f 158/158 159/159 211/211
f 212/212 211/211 159/159
f 159/159 160/160 212/212
f 213/213 212/212 160/160
f 160/160 161/161 213/213
f 214/214 213/213 161/161
f 161/161 162/162 214/214
f 215/215 214/214 162/162
f 162/162 163/163 215/215
f 216/216 215/215 163/163
f 163/163 164/164 216/216
f 217/217 216/216 164/164
f 164/164 165/165 217/217
f 218/218 217/217 165/165
f 165/165 166/166 218/218
f 219/219 218/218 166/166
f 166/166 167/167 219/219
f 220/220 219/219 167/167
f 167/167 168/168 220/220
f 221/221 220/220 168/168
f 168/168 169/169 221/221
f 222/222 221/221 169/169
f 169/169 170/170 222/222
f 223/223 222/222 170/170
f 170/170 171/171 223/223
f 224/224 223/223 171/171
f 171/171 172/172 224/224
f 225/225 224/224 172/172
f 172/172 173/173 225/225
f 226/226 225/225 173/173
f 173/173 174/174 226/226
f 227/227 226/226 174/174
f 174/174 175/175 227/227
f 228/228 227/227 175/175
f 175/175 176/176 228/228
f 229/229 228/228 176/176
f 176/176 177/177 229/229
f 230/230 229/229 177/177
f 177/177 178/178 230/230
f 231/231 230/230 178/178
f 178/178 179/179 231/231
f 232/232 231/231 179/179
f 179/179 180/180 232/232
f 233/233 232/232 180/180
f 180/180 181/181 233/233
f 234/234 233/233 181/181
f 181/181 182/182 234/234
f 235/235 234/234 182/182
f 182/182 183/183 235/235
f 236/236 235/235 183/183
f 183/183 184/184 236/236
f 237/237 236/236 184/184
f 184/184 185/185 237/237
f 238/238 237/237 185/185
f 185/185 186/186 238/238
f 239/239 238/238 186/186
f 186/186 187/187 239/239
f 240/240 239/239 187/187
f 187/187 188/188 240/240
f 241/241 240/240 188/188
f 188/188 189/189 241/241
f 242/242 241/241 189/189
f 189/189 190/190 242/242
f 243/243 242/242 190/190
f 190/190 191/191 243/243
f 244/244 243/243 191/191
f 191/191 192/192 244/244
f 245/245 244/244 192/192
f 192/192 193/193 245/245
f 246/246 245/245 193/193
f 193/193 194/194 246/246
f 247/247 246/246 194/194
f 194/194 195/195 247/247
f 248/248 247/247 195/195
f 195/195 196/196 248/248
f 249/249 248/248 196/196
f 196/196 197/197 249/249
f 250/250 249/249 197/197
f 197/197 198/198 250/250
f 251/251 250/250 198/198
f 198/198 199/199 251/251
f 252/252 251/251 199/199
f 199/199 200/200 252/252
f 253/253 252/252 200/200
f 200/200 201/201 253/253
f 254/254 253/253 201/201
f 201/201 202/202 254/254
f 255/255 254/254 202/202
f 202/202 203/203 255/255
f 256/256 255/255 203/203
f 203/203 204/204 256/256
f 257/257 256/256 204/204
f 204/204 205/205 257/257
f 205/205 258/258 257/257
f 259/259 208/208 260/260
f 261/261 260/260 208/208
f 208/208 209/209 261/261
f 262/262 261/261 209/209
f 209/209 210/210 262/262
f 263/263 262/262 210/210
f 210/210 211/211 263/263
f 264/264 263/263 211/211
f 211/211 212/212 264/264
f 265/265 264/264 212/212
f 212/212 213/213 265/265
f 266/266 265/265 213/213
f 213/213 214/214 266/266
f 267/267 266/266 214/214
f 214/214 215/215 267/267
f 268/268 267/267 215/215
f 215/215 216/216 268/268
f 269/269 268/268 216/216
f 216/216 217/217 269/269
f 270/270 269/269 217/217
f 217/217 218/218 270/270
f 271/271 270/270 218/218
f 218/218 219/219 271/271
f 272/272 271/271 219/219
f 219/219 220/220 272/272
f 273/273 272/272 220/220
f 220/220 221/221 273/273
f 274/274 273/273 221/221
f 221/221 222/222 274/274
f 275/275 274/274 222/222
f 222/222 223/223 275/275
f 276/276 275/275 223/223
f 223/223 224/224 276/276
f 277/277 276/276 224/224
f 224/224 225/225 277/277
f 278/278 277/277 225/225
f 225/225 226/226 278/278
f 279/279 278/278 226/226
f 226/226 227/227 279/279
f 280/280 279/279 227/227
f 227/227 228/228 280/280
f 281/281 280/280 228/228
f 228/228 229/229 281/281
f 282/282 281/281 229/229
f 229/229 230/230 282/282
f 283/283 282/282 230/230
f 230/230 231/231 283/283
f 284/284 283/283 231/231
f 231/231 232/232 284/284
f 285/285 284/284 232/232
f 232/232 233/233 285/285
f 286/286 285/285 233/233
f 233/233 234/234 286/286
f 287/287 286/286 234/234
f 234/234 235/235 287/287
f 288/288 287/287 235/235
f 235/235 236/236 288/288
f 289/289 288/288 236/236
f 236/236 237/237 289/289
f 290/290 289/289 237/237
f 237/237 238/238 290/290
f 291/291 290/290 238/238
f 238/238 239/239 291/291
f 292/292 291/291 239/239
f 239/239 240/240 292/292
f 293/293 292/292 240/240
f 240/240 241/241 293/293
f 294/294 293/293 241/241
f 241/241 242/242 294/294
f 295/295 294/294 242/242
f 242/242 243/243 295/295
f 296/296 295/295 243/243
f 243/243 244/244 296/296
f 297/297 296/296 244/244
f 244/244 245/245 297/297
f 298/298 297/297 245/245
f 245/245 246/246 298/298
f 299/299 298/298 246/246
f 246/246 247/247 299/299
f 300/300 299/299 247/247
f 247/247 248/248 300/300
f 301/301 300/300 248/248
f 248/248 249/249 301/301
f 302/302 301/301 249/249
f 249/249 250/250 302/302
f 303/303 302/302 250/250
f 250/250 251/251 303/303
f 304/304 303/303 251/251
f 251/251 252/252 304/304
f 305/305 304/304 252/252
f 252/252 253/253 305/305
f 306/306 305/305 253/253
f 253/253 254/254 306/306
f 307/307 306/306 254/254
f 254/254 255/255 307/307
f 308/308 307/307 255/255
f 255/255 256/256 308/308
f 309/309 308/308 256/256
f 256/256 257/257 309/309
f 257/257 310/310 309/309
f 311/311 260/260 312/312
f 313/313 312/312 260/260
f 260/260 261/261 313/313
f 314/314 313/313 261/261
f 261/261 262/262 314/314
f 315/315 314/314 262/262
f 262/262 263/263 315/315
f 316/316 315/315 263/263
f 263/263 264/264 316/316
f 317/317 316/316 264/264
f 264/264 265/265 317/317
f 318/318 317/317 265/265
f 265/265 266/266 318/318
f 319/319 318/318 266/266
f 266/266 267/267 319/319
f 320/320 319/319 267/267
f 267/267 268/268 320/320
f 321/321 320/320 268/268
f 268/268 269/269 321/321
f 322/322 321/321 269/269
f 269/269 270/270 322/322
f 323/323 322/322 270/270
f 270/270 271/271 323/323
f 324/324 323/323 271/271
f 271/271 272/272 324/324
f 325/325 324/324 272/272
f 272/272 273/273 325/325
f 326/326 325/325 273/273
f 273/273 274/274 326/326
f 327/327 326/326 274/274
f 274/274 275/275 327/327
f 328/328 327/327 275/275
f 275/275 276/276 328/328
f 329/329 328/328 276/276
f 276/276 277/277 329/329
f 330/330 329/329 277/277
f 277/277 278/278 330/330
f 331/331 330/330 278/278
f 278/278 279/279 331/331
f 332/332 331/331 279/279
f 279/279 280/280 332/332
f 333/333 332/332 280/280
f 280/280 281/281 333/333
f 334/334 333/333 281/281
f 281/281 282/282 334/334
f 335/335 334/334 282/282
f 282/282 283/283 335/335
f 336/336 335/335 283/283
f 283/283 284/284 336/336
f 337/337 336/336 284/284
f 284/284 285/285 337/337
f 338/338 337/337 285/285
f 285/285 286/286 338/338
f 339/339 338/338 286/286
f 286/286 287/287 339/339
f 340/340 339/339 287/287
f 287/287 288/288 340/340
f 341/341 340/340 288/288
f 288/288 289/289 341/341
f 342/342 341/341 289/289
f 289/289 290/290 342/342
f 343/343 342/342 290/290
f 290/290 291/291 343/343
f 344/344 343/343 291/291
f 291/291 292/292 344/344
f 345/345 344/344 292/292
f 292/292 293/293 345/345
f 346/346 345/345 293/293
f 293/293 294/294 346/346
f 347/347 346/346 294/294
f 294/294 295/295 347/347
f 348/348 347/347 295/295
f 295/295 296/296 348/348
f 349/349 348/348 296/296
f 296/296 297/297 349/349
f 350/350 349/349 297/297
f 297/297 298/298 350/350
f 351/351 350/350 298/298
f 298/298 299/299 351/351
f 352/352 351/351 299/299
f 299/299 300/300 352/352
f 353/353 352/352 300/300
f 300/300 301/301 353/353
f 354/354 353/353 301/301
f 301/301 302/302 354/354
f 355/355 354/354 302/302
f 302/302 303/303 355/355
f 356/356 355/355 303/303
f 303/303 304/304 356/356
f 357/357 356/356 304/304
f 304/304 305/305 357/357
f 358/358 357/357 305/305
f 305/305 306/306 358/358
f 359/359 358/358 306/306
f 306/306 307/307 359/359
f 360/360 359/359 307/307
f 307/307 308/308 360/360
f 361/361 360/360 308/308
f 308/308 309/309 361/361
f 309/309 362/362 361/361
f 363/363 312/312 364/364
f 365/365 364/364 312/312
f 312/312 313/313 365/365
f 366/366 365/365 313/313
f 313/313 314/314 366/366
f 367/367 366/366 314/314
f 314/314 315/315 367/367
f 368/368 367/367 315/315
f 315/315 316/316 368/368
f 369/369 368/368 316/316
f 316/316 317/317 369/369
f 370/370 369/369 317/317
f 317/317 318/318 370/370
f 371/371 370/370 318/318
f 318/318 319/319 371/371
f 372/372 371/371 319/319
f 319/319 320/320 372/372
f 373/373 372/372 320/320
f 320/320 321/321 373/373
f 374/374 373/373 321/321
f 321/321 322/322 374/374
f 375/375 374/374 322/322
f 322/322 323/323 375/375
f 376/376 375/375 323/323
f 323/323 324/324 376/376
f 377/377 376/376 324/324
f 324/324 325/325 377/377
f 378/378 377/377 325/325
f 325/325 326/326 378/378
f 379/379 378/378 326/326
f 326/326 327/327 379/379
f 380/380 379/379 327/327
f 327/327 328/328 380/380
f 381/381 380/380 328/328
f 328/328 329/329 381/381
f 382/382 381/381 329/329
f 329/329 330/330 382/382
f 383/383 382/382 330/330
f 330/330 331/331 383/383
f 384/384 383/383 331/331
f 331/331 332/332 384/384
f 385/385 384/384 332/332
f 332/332 333/333 385/385
f 386/386 385/385 333/333
f 333/333 334/334 386/386
f 387/387 386/386 334/334
f 334/334 335/335 387/387
f 388/388 387/387 335/335
f 335/335 336/336 388/388
f 389/389 388/388 336/336
f 336/336 337/337 389/389
f 390/390 389/389 337/337
f 337/337 338/338 390/390
f 391/391 390/390 338/338
f 338/338 339/339 391/391
f 392/392 391/391 339/339
f 339/339 340/340 392/392
f 393/393 392/392 340/340
f 340/340 341/341 393/393
f 394/394 393/393 341/341
f 341/341 342/342 394/394
f 395/395 394/394 342/342
f 342/342 343/343 395/395
f 396/396 395/395 343/343
f 343/343 344/344 396/396
f 397/397 396/396 344/344
f 344/344 345/345 397/397
f 398/398 397/397 345/345
f 345/345 346/346 398/398
f 399/399 398/398 346/346
f 346/346 347/347 399/399
f 400/400 399/399 347/347
f 347/347 348/348 400/400
f 401/401 400/400 348/348
f 348/348 349/349 401/401
f 402/402 401/401 349/349
f 349/349 350/350 402/402
f 403/403 402/402 350/350
f 350/350 351/351 403/403
f 404/404 403/403 351/351
f 351/351 352/352 404/404
f 405/405 404/404 352/352
f 352/352 353/353 405/405
f 406/406 405/405 353/353
f 353/353 354/354 406/406
f 407/407 406/406 354/354
f 354/354 355/355 407/407
f 408/408 407/407 355/355
f 355/355 356/356 408/408
f 409/409 408/408 356/356
f 356/356 357/357 409/409
f 410/410 409/409 357/357
f 357/357 358/358 410/410
f 411/411 410/410 358/358
f 358/358 359/359 411/411
f 412/412 411/411 359/359
f 359/359 360/360 412/412
f 413/413 412/412 360/360
f 360/360 361/361 413/413
f 361/361 414/414 413/413
f 415/415 364/364 416/416
f 417/417 416/416 364/364
f 364/364 365/365 417/417
f 418/418 417/417 365/365
f 365/365 366/366 418/418
f 419/419 418/418 366/366
f 366/366 367/367 419/419
f 420/420 419/419 367/367
f 367/367 368/368 420/420
f 421/421 420/420 368/368
f 368/368 369/369 421/421
f 422/422 421/421 369/369
f 369/369 370/370 422/422
f 423/423 422/422 370/370
f 370/370 371/371 423/423
f 424/424 423/423 371/371
f 371/371 372/372 424/424
f 425/425 424/424 372/372
f 372/372 373/373 425/425
f 426/426 425/425 373/373
f 373/373 374/374 426/426
f 427/427 426/426 374/374
f 374/374 375/375 427/427
f 428/428 427/427 375/375
f 375/375 376/376 428/428
f 429/429 428/428 376/376
f 376/376 377/377 429/429
f 430/430 429/429 377/377
f 377/377 378/378 430/430
f 431/431 430/430 378/378
f 378/378 379/379 431/431
f 432/432 431/431 379/379
f 379/379 380/380 432/432
f 433/433 432/432 380/380
f 380/380 381/381 433/433
f 434/434 433/433 381/381
f 381/381 382/382 434/434
f 435/435 434/434 382/382
f 382/382 383/383 435/435
f 436/436 435/435 383/383
f 383/383 384/384 436/436
f 437/437 436/436 384/384
f 384/384 385/385 437/437
f 438/438 437/437 385/385
f 385/385 386/386 438/438
f 439/439 438/438 386/386
f 386/386 387/387 439/439
f 440/440 439/439 387/387
f 387/387 388/388 440/440
f 441/441 440/440 388/388
f 388/388 389/389 441/441
f 442/442 441/441 389/389
f 389/389 390/390 442/442
f 443/443 442/442 390/390
f 390/390 391/391 443/443
f 444/444 443/443 391/391
f 391/391 392/392 444/444
f 445/445 444/444 392/392
f 392/392 393/393 445/445
f 446/446 445/445 393/393
f 393/393 394/394 446/446
f 447/447 446/446 394/394
f 394/394 395/395 447/447
f 448/448 447/447 395/395
f 395/395 396/396 448/448
f 449/449 448/448 396/396
f 396/396 397/397 449/449
f 450/450 449/449 397/397
f 397/397 398/398 450/450
f 451/451 450/450 398/398
f 398/398 399/399 451/451
f 452/452 451/451 399/399
f 399/399 400/400 452/452
f 453/453 452/452 400/400
f 400/400 401/401 453/453
f 454/454 453/453 401/401
f 401/401 402/402 454/454
f 455/455 454/454 402/402
f 402/402 403/403 455/455
f 456/456 455/455 403/403
f 403/403 404/404 456/456
f 457/457 456/456 404/404
f 404/404 405/405 457/457
f 458/458 457/457 405/405
f 405/405 406/406 458/458
f 459/459 458/458 406/406
f 406/406 407/407 459/459
f 460/460 459/459 407/407
f 407/407 408/408 460/460
f 461/461 460/460 408/408
f 408/408 409/409 461/461
f 462/462 461/461 409/409
f 409/409 410/410 462/462
f 463/463 462/462 410/410
f 410/410 411/411 463/463
f 464/464 463/463 411/411
f 411/411 412/412 464/464
f 465/465 464/464 412/412
f 412/412 413/413 465/465
f 413/413 466/466 465/465
f 467/467 416/416 468/468
f 469/469 468/468 416/416
f 416/416 417/417 469/469
f 470/470 469/469 417/417
f 417/417 418/418 470/470
f 471/471 470/470 418/418
f 418/418 419/419 471/471
f 472/472 471/471 419/419
f 419/419 420/420 472/472
f 473/473 472/472 420/420
f 420/420 421/421 473/473
f 474/474 473/473 421/421
f 421/421 422/422 474/474
f 475/475 474/474 422/422
f 422/422 423/423 475/475
f 476/476 475/475 423/423
f 423/423 424/424 476/476
f 477/477 476/476 424/424
f 424/424 425/425 477/477
f 478/478 477/477 425/425
f 425/425 426/426 478/478
f 479/479 478/478 426/426
f 426/426 427/427 479/479
f 480/480 479/479 427/427
f 427/427 428/428 480/480
f 481/481 480/480 428/428
f 428/428 429/429 481/481
f 482/482 481/481 429/429
f 429/429 430/430 482/482
f 483/483 482/482 430/430
f 430/430 431/431 483/483
f 484/484 483/483 431/431
f 431/431 432/432 484/484
f 485/485 484/484 432/432
f 432/432 433/433 485/485
f 486/486 485/485 433/433
f 433/433 434/434 486/486
f 487/487 486/486 434/434
f 434/434 435/435 487/487
f 488/488 487/487 435/435
f 435/435 436/436 488/488
f 489/489 488/488 436/436
f 436/436 437/437 489/489
f 490/490 489/489 437/437
f 437/437 438/438 490/490
f 491/491 490/490 438/438
f 438/438 439/439 491/491
f 492/492 491/491 439/439
f 439/439 440/440 492/492
f 493/493 492/492 440/440
f 440/440 441/441 493/493
f 494/494 493/493 441/441
f 441/441 442/442 494/494
f 495/495 494/494 442/442
f 442/442 443/443 495/495
f 496/496 495/495 443/443
f 443/443 444/444 496/496
f 497/497 496/496 444/444
f 444/444 445/445 497/497
f 498/498 497/497 445/445
f 445/445 446/446 498/498
f 499/499 498/498 446/446
f 446/446 447/447 499/499
f 500/500 499/499 447/447
f 447/447 448/448 500/500
f 501/501 500/500 448/448
f 448/448 449/449 501/501
f 502/502 501/501 449/449
f 449/449 450/450 502/502
f 503/503 502/502 450/450
f 450/450 451/451 503/503
f 504/504 503/503 451/451
f 451/451 452/452 504/504
f 505/505 504/504 452/452
f 452/452 453/453 505/505
f 506/506 505/505 453/453
f 453/453 454/454 506/506
f 507/507 506/506 454/454
f 454/454 455/455 507/507
f 508/508 507/507 455/455
f 455/455 456/456 508/508
f 509/509 508/508 456/456
f 456/456 457/457 509/509
f 510/510 509/509 457/457
f 457/457 458/458 510/510
f 511/511 510/510 458/458
f 458/458 459/459 511/511
f 512/512 511/511 459/459
f 459/459 460/460 512/512
f 513/513 512/512 460/460
f 460/460 461/461 513/513
f 514/514 513/513 461/461
f 461/461 462/462 514/514
f 515/515 514/514 462/462
f 462/462 463/463 515/515
f 516/516 515/515 463/463
f 463/463 464/464 516/516
f 517/517 516/516 464/464
f 464/464 465/465 517/517
f 465/465 518/518 517/517
f 519/519 468/468 520/520
f 521/521 520/520 468/468
f 468/468 469/469 521/521
f 522/522 521/521 469/469
f 469/469 470/470 522/522
f 523/523 522/522 470/470
f 470/470 471/471 523/523
f 524/524 523/523 471/471
f 471/471 472/472 524/524
f 525/525 524/524 472/472
f 472/472 473/473 525/525
f 526/526 525/525 473/473
f 473/473 474/474 526/526
f 527/527 526/526 474/474
f 474/474 475/475 527/527
f 528/528 527/527 475/475
f 475/475 476/476 528/528
f 529/529 528/528 476/476
f 476/476 477/477 529/529
f 530/530 529/529 477/477
f 477/477 478/478 530/530
f 531/531 530/530 478/478
f 478/478 479/479 531/531
f 532/532 531/531 479/479
f 479/479 480/480 532/532
f 533/533 532/532 480/480
f 480/480 481/481 533/533
f 534/534 533/533 481/481
f 481/481 482/482 534/534
f 535/535 534/534 482/482
f 482/482 483/483 535/535
f 536/536 535/535 483/483
f 483/483 484/484 536/536
f 537/537 536/536 484/484
f 484/484 485/485 537/537
f 538/538 537/537 485/485
f 485/485 486/486 538/538
f 539/539 538/538 486/486
f 486/486 487/487 539/539
f 540/540 539/539 487/487
f 487/487 488/488 540/540
f 541/541 540/540 488/488
f 488/488 489/489 541/541
f 542/542 541/541 489/489
f 489/489 490/490 542/542
f 543/543 542/542 490/490
f 490/490 491/491 543/543
f 544/544 543/543 491/491
f 491/491 492/492 544/544
f 545/545 544/544 492/492
f 492/492 493/493 545/545
f 546/546 545/545 493/493
f 493/493 494/494 546/546
f 547/547 546/546 494/494
f 494/494 495/495 547/547
f 548/548 547/547 495/495
f 495/495 496/496 548/548
f 549/549 548/548 496/496
f 496/496 497/497 549/549
f 550/550 549/549 497/497
f 497/497 498/498 550/550
f 551/551 550/550 498/498
f 498/498 499/499 551/551
f 552/552 551/551 499/499
f 499/499 500/500 552/552
f 553/553 552/552 500/500
f 500/500 501/501 553/553
f 554/554 553/553 501/501
f 501/501 502/502 554/554
f 555/555 554/554 502/502
f 502/502 503/503 555/555
f 556/556 555/555 503/503
f 503/503 504/504 556/556
f 557/557 556/556 504/504
f 504/504 505/505 557/557
f 558/558 557/557 505/505
f 505/505 506/506 558/558
f 559/559 558/558 506/506
f 506/506 507/507 559/559
f 560/560 559/559 507/507
f 507/507 508/508 560/560
f 561/561 560/560 508/508
f 508/508 509/509 561/561
f 562/562 561/561 509/509
f 509/509 510/510 562/562
f 563/563 562/562 510/510
f 510/510 511/511 563/563
f 564/564 563/563 511/511
f 511/511 512/512 564/564
f 565/565 564/564 512/512
f 512/512 513/513 565/565
f 566/566 565/565 513/513
f 513/513 514/514 566/566
f 567/567 566/566 514/514
f 514/514 515/515 567/567
f 568/568 567/567 515/515
f 515/515 516/516 568/568
f 569/569 568/568 516/516
f 516/516 517/517 569/569
f 517/517 570/570 569/569
f 571/571 520/520 572/572
f 573/573 572/572 520/520
f 520/520 521/521 573/573
f 574/574 573/573 521/521
f 521/521 522/522 574/574
f 575/575 574/574 522/522
f 522/522 523/523 575/575
f 576/576 575/575 523/523
f 523/523 524/524 576/576
f 577/577 576/576 524/524
f 524/524 525/525 577/577
f 578/578 577/577 525/525
f 525/525 526/526 578/578
f 579/579 578/578 526/526
f 526/526 527/527 579/579
f 580/580 579/579 527/527
f 527/527 528/528 580/580
f 581/581 580/580 528/528
f 528/528 529/529 581/581
f 582/582 581/581 529/529
f 529/529 530/530 582/582
f 583/583 582/582 530/530
f 530/530 531/531 583/583
f 584/584 583/583 531/531
f 531/531 532/532 584/584
f 585/585 584/584 532/532
f 532/532 533/533 585/585
f 586/586 585/585 533/533
f 533/533 534/534 586/586
f 587/587 586/586 534/534
f 534/534 535/535 587/587
f 588/588 587/587 535/535
f 535/535 536/536 588/588
f 589/589 588/588 536/536
f 536/536 537/537 589/589
f 590/590 589/589 537/537
f 537/537 538/538 590/590
f 591/591 590/590 538/538
f 538/538 539/539 591/591
f 592/592 591/591 539/539
f 539/539 540/540 592/592
f 593/593 592/592 540/540
f 540/540 541/541 593/593
f 594/594 593/593 541/541
f 541/541 542/542 594/594
f 595/595 594/594 542/542
f 542/542 543/543 595/595
f 596/596 595/595 543/543
f 543/543 544/544 596/596
f 597/597 596/596 544/544
f 544/544 545/545 597/597
f 598/598 597/597 545/545
f 545/545 546/546 598/598
f 599/599 598/598 546/546
f 546/546 547/547 599/599
f 600/600 599/599 547/547
f 547/547 548/548 600/600
f 601/601 600/600 548/548
f 548/548 549/549 601/601
f 602/602 601/601 549/549
f 549/549 550/550 602/602
f 603/603 602/602 550/550
f 550/550 551/551 603/603
f 604/604 603/603 551/551
f 551/551 552/552 604/604
f 605/605 604/604 552/552
f 552/552 553/553 605/605
f 606/606 605/605 553/553
f 553/553 554/554 606/606
f 607/607 606/606 554/554
f 554/554 555/555 607/607
f 608/608 607/607 555/555
f 555/555 556/556 608/608
f 609/609 608/608 556/556
f 556/556 557/557 609/609
f 610/610 609/609 557/557
f 557/557 558/558 610/610
f 611/611 610/610 558/558
f 558/558 559/559 611/611
f 612/612 611/611 559/559
f 559/559 560/560 612/612
f 613/613 612/612 560/560
f 560/560 561/561 613/613
f 614/614 613/613 561/561
f 561/561 562/562 614/614
f 615/615 614/614 562/562
f 562/562 563/563 615/615
f 616/616 615/615 563/563
f 563/563 564/564 616/616
f 617/617 616/616 564/564
f 564/564 565/565 617/617
f 618/618 617/617 565/565
f 565/565 566/566 618/618
f 619/619 618/618 566/566
f 566/566 567/567 619/619
f 620/620 619/619 567/567
f 567/567 568/568 620/620
f 621/621 620/620 568/568
f 568/568 569/569 621/621
f 569/569 622/622 621/621
f 623/623 572/572 624/624
f 625/625 624/624 572/572
f 572/572 573/573 625/625
f 626/626 625/625 573/573
f 573/573 574/574 626/626
f 627/627 626/626 574/574
f 574/574 575/575 627/627
f 628/628 627/627 575/575
f 575/575 576/576 628/628
f 629/629 628/628 576/576
f 576/576 577/577 629/629
f 630/630 629/629 577/577
f 577/577 578/578 630/630
f 631/631 630/630 578/578
f 578/578 579/579 631/631
f 632/632 631/631 579/579
f 579/579 580/580 632/632
f 633/633 632/632 580/580
f 580/580 581/581 633/633
f 634/634 633/633 581/581
f 581/581 582/582 634/634
f 635/635 634/634 582/582
f 582/582 583/583 635/635
f 636/636 635/635 583/583
f 583/583 584/584 636/636
f 637/637 636/636 584/584
f 584/584 585/585 637/637
f 638/638 637/637 585/585
f 585/585 586/586 638/638
f 639/639 638/638 586/586
f 586/586 587/587 639/639
f 640/640 639/639 587/587
f 587/587 588/588 640/640
f 641/641 640/640 588/588
f 588/588 589/589 641/641
f 642/642 641/641 589/589
f 589/589 590/590 642/642
f 643/643 642/642 590/590
f 590/590 591/591 643/643
f 644/644 643/643 591/591
f 591/591 592/592 644/644
f 645/645 644/644 592/592
f 592/592 593/593 645/645
f 646/646 645/645 593/593
f 593/593 594/594 646/646
f 647/647 646/646 594/594
f 594/594 595/595 647/647
f 648/648 647/647 595/595
f 595/595 596/596 648/648
f 649/649 648/648 596/596
f 596/596 597/597 649/649
f 650/650 649/649 597/597
f 597/597 598/598 650/650
f 651/651 650/650 598/598
f 598/598 599/599 651/651
f 652/652 651/651 599/599
f 599/599 600/600 652/652
f 653/653 652/652 600/600
f 600/600 601/601 653/653
f 654/654 653/653 601/601
f 601/601 602/602 654/654
f 655/655 654/654 602/602
f 602/602 603/603 655/655
f 656/656 655/655 603/603
f 603/603 604/604 656/656
f 657/657 656/656 604/604
f 604/604 605/605 657/657
f 658/658 657/657 605/605
f 605/605 606/606 658/658
f 659/659 658/658 606/606
f 606/606 607/607 659/659
f 660/660 659/659 607/607
f 607/607 608/608 660/660
f 661/661 660/660 608/608
f 608/608 609/609 661/661
f 662/662 661/661 609/609
f 609/609 610/610 662/662
f 663/663 662/662 610/610
f 610/610 611/611 663/663
f 664/664 663/663 611/611
f 611/611 612/612 664/664
f 665/665 664/664 612/612
f 612/612 613/613 665/665
f 666/666 665/665 613/613
f 613/613 614/614 666/666
f 667/667 666/666 614/614
f 614/614 615/615 667/667
f 668/668 667/667 615/615
f 615/615 616/616 668/668
f 669/669 668/668 616/616
f 616/616 617/617 669/669
f 670/670 669/669 617/617
f 617/617 618/618 670/670
f 671/671 670/670 618/618
f 618/618 619/619 671/671
f 672/672 671/671 619/619
f 619/619 620/620 672/672
f 673/673 672/672 620/620
f 620/620 621/621 673/673
f 621/621 674/674 673/673
f 675/675 624/624 676/676
f 677/677 676/676 624/624
f 624/624 625/625 677/677
f 678/678 677/677 625/625
f 625/625 626/626 678/678
f 679/679 678/678 626/626
f 626/626 627/627 679/679
f 680/680 679/679 627/627
f 627/627 628/628 680/680
f 681/681 680/680 628/628
f 628/628 629/629 681/681
f 682/682 681/681 629/629
f 629/629 630/630 682/682
f 683/683 682/682 630/630
f 630/630 631/631 683/683
f 684/684 683/683 631/631
f 631/631 632/632 684/684
f 685/685 684/684 632/632
f 632/632 633/633 685/685
f 686/686 685/685 633/633
f 633/633 634/634 686/686
f 687/687 686/686 634/634
f 634/634 635/635 687/687
f 688/688 687/687 635/635
f 635/635 636/636 688/688
f 689/689 688/688 636/636
f 636/636 637/637 689/689
f 690/690 689/689 637/637
f 637/637 638/638 690/690
f 691/691 690/690 638/638
f 638/638 639/639 691/691
f 692/692 691/691 639/639
f 639/639 640/640 692/692
f 693/693 692/692 640/640
f 640/640 641/641 693/693
f 694/694 693/693 641/641
f 641/641 642/642 694/694
f 695/695 694/694 642/642
f 642/642 643/643 695/695
f 696/696 695/695 643/643
f 643/643 644/644 696/696
f 697/697 696/696 644/644
f 644/644 645/645 697/697
f 698/698 697/697 645/645
f 645/645 646/646 698/698
f 699/699 698/698 646/646
f 646/646 647/647 699/699
f 700/700 699/699 647/647
f 647/647 648/648 700/700
f 701/701 700/700 648/648
f 648/648 649/649 701/701
f 702/702 701/701 649/649
f 649/649 650/650 702/702
f 703/703 702/702 650/650
f 650/650 651/651 703/703
f 704/704 703/703 651/651
f 651/651 652/652 704/704
f 705/705 704/704 652/652
f 652/652 653/653 705/705
f 706/706 705/705 653/653
f 653/653 654/654 706/706
f 707/707 706/706 654/654
f 654/654 655/655 707/707
f 708/708 707/707 655/655
f 655/655 656/656 708/708
f 709/709 708/708 656/656
f 656/656 657/657 709/709
f 710/710 709/709 657/657
f 657/657 658/658 710/710
f 711/711 710/710 658/658
f 658/658 659/659 711/711
f 712/712 711/711 659/659
f 659/659 660/660 712/712
f 713/713 712/712 660/660
f 660/660 661/661 713/713
f 714/714 713/713 661/661
f 661/661 662/662 714/714
f 715/715 714/714 662/662
f 662/662 663/663 715/715
f 716/716 715/715 663/663
f 663/663 664/664 716/716
f 717/717 716/716 664/664
f 664/664 665/665 717/717
f 718/718 717/717 665/665
f 665/665 666/666 718/718
f 719/719 718/718 666/666
f 666/666 667/667 719/719
f 720/720 719/719 667/667
f 667/667 668/668 720/720
f 721/721 720/720 668/668
f 668/668 669/669 721/721
f 722/722 721/721 669/669
f 669/669 670/670 722/722
f 723/723 722/722 670/670
f 670/670 671/671 723/723
f 724/724 723/723 671/671
f 671/671 672/672 724/724
f 725/725 724/724 672/672
f 672/672 673/673 725/725
f 673/673 726/726 725/725
f 727/727 676/676 728/728
f 729/729 728/728 676/676
f 676/676 677/677 729/729
f 730/730 729/729 677/677
f 677/677 678/678 730/730
f 731/731 730/730 678/678
f 678/678 679/679 731/731
f 732/732 731/731 679/679
f 679/679 680/680 732/732
f 733/733 732/732 680/680
f 680/680 681/681 733/733
f 734/734 733/733 681/681
f 681/681 682/682 734/734
f 735/735 734/734 682/682
f 682/682 683/683 735/735
f 736/736 735/735 683/683
f 683/683 684/684 736/736
f 737/737 736/736 684/684
f 684/684 685/685 737/737
f 738/738 737/737 685/685
f 685/685 686/686 738/738
f 739/739 738/738 686/686
f 686/686 687/687 739/739
f 740/740 739/739 687/687
f 687/687 688/688 740/740
f 741/741 740/740 688/688
f 688/688 689/689 741/741
f 742/742 741/741 689/689
f 689/689 690/690 742/742
f 743/743 742/742 690/690
f 690/690 691/691 743/743
f 744/744 743/743 691/691
f 691/691 692/692 744/744
f 745/745 744/744 692/692
f 692/692 693/693 745/745
f 746/746 745/745 693/693
f 693/693 694/694 746/746
f 747/747 746/746 694/694
f 694/694 695/695 747/747
f 748/748 747/747 695/695
f 695/695 696/696 748/748
f 749/749 748/748 696/696
f 696/696 697/697 749/749
f 750/750 749/749 697/697
f 697/697 698/698 750/750
f 751/751 750/750 698/698
f 698/698 699/699 751/751
f 752/752 751/751 699/699
f 699/699 700/700 752/752
f 753/753 752/752 700/700
f 700/700 701/701 753/753
f 754/754 753/753 701/701
f 701/701 702/702 754/754
f 755/755 754/754 702/702
f 702/702 703/703 755/755
f 756/756 755/755 703/703
f 703/703 704/704 756/756
f 757/757 756/756 704/704
f 704/704 705/705 757/757
f 758/758 757/757 705/705
f 705/705 706/706 758/758
f 759/759 758/758 706/706
f 706/706 707/707 759/759
f 760/760 759/759 707/707
f 707/707 708/708 760/760
f 761/761 760/760 708/708
f 708/708 709/709 761/761
f 762/762 761/761 709/709
f 709/709 710/710 762/762
f 763/763 762/762 710/710
f 710/710 711/711 763/763
f 764/764 763/763 711/711
f 711/711 712/712 764/764
f 765/765 764/764 712/712
f 712/712 713/713 765/765
f 766/766 765/765 713/713
f 713/713 714/714 766/766
f 767/767 766/766 714/714
f 714/714 715/715 767/767
f 768/768 767/767 715/715
f 715/715 716/716 768/768
f 769/769 768/768 716/716
f 716/716 717/717 769/769
f 770/770 769/769 717/717
f 717/717 718/718 770/770
f 771/771 770/770 718/718
f 718/718 719/719 771/771
f 772/772 771/771 719/719
f 719/719 720/720 772/772
f 773/773 772/772 720/720
f 720/720 721/721 773/773
f 774/774 773/773 721/721
f 721/721 722/722 774/774
f 775/775 774/774 722/722
f 722/722 723/723 775/775
f 776/776 775/775 723/723
f 723/723 724/724 776/776
f 777/777 776/776 724/724
f 724/724 725/725 777/777
f 725/725 778/778 777/777
f 779/779 728/728 780/780
f 781/781 780/780 728/728
f 728/728 729/729 781/781
f 782/782 781/781 729/729
f 729/729 730/730 782/782
f 783/783 782/782 730/730
f 730/730 731/731 783/783
f 784/784 783/783 731/731
f 731/731 732/732 784/784
f 785/785 784/784 732/732
f 732/732 733/733 785/785
f 786/786 785/785 733/733
f 733/733 734/734 786/786
f 787/787 786/786 734/734
f 734/734 735/735 787/787
f 788/788 787/787 735/735
f 735/735 736/736 788/788
f 789/789 788/788 736/736
f 736/736 737/737 789/789
f 790/790 789/789 737/737
f 737/737 738/738 790/790
f 791/791 790/790 738/738
f 738/738 739/739 791/791
f 792/792 791/791 739/739
f 739/739 740/740 792/792
f 793/793 792/792 740/740
f 740/740 741/741 793/793
f 794/794 793/793 741/741
f 741/741 742/742 794/794
f 795/795 794/794 742/742
f 742/742 743/743 795/795
f 796/796 795/795 743/743
f 743/743 744/744 796/796
f 797/797 796/796 744/744
f 744/744 745/745 797/797
f 798/798 797/797 745/745
f 745/745 746/746 798/798
f 799/799 798/798 746/746
f 746/746 747/747 799/799
f 800/800 799/799 747/747
f 747/747 748/748 800/800
f 801/801 800/800 748/748
f 748/748 749/749 801/801
f 802/802 801/801 749/749
f 749/749 750/750 802/802
f 803/803 802/802 750/750
f 750/750 751/751 803/803
f 804/804 803/803 751/751
f 751/751 752/752 804/804
f 805/805 804/804 752/752
f 752/752 753/753 805/805
f 806/806 805/805 753/753
f 753/753 754/754 806/806
f 807/807 806/806 754/754
f 754/754 755/755 807/807
f 808/808 807/807 755/755
f 755/755 756/756 808/808
f 809/809 808/808 756/756
f 756/756 757/757 809/809
f 810/810 809/809 757/757
f 757/757 758/758 810/810
f 811/811 810/810 758/758
f 758/758 759/759 811/811
f 812/812 811/811 759/759
f 759/759 760/760 812/812
f 813/813 812/812 760/760
f 760/760 761/761 813/813
f 814/814 813/813 761/761
f 761/761 762/762 814/814
f 815/815 814/814 762/762
f 762/762 763/763 815/815
f 816/816 815/815 763/763
f 763/763 764/764 816/816
f 817/817 816/816 764/764
f 764/764 765/765 817/817
f 818/818 817/817 765/765
f 765/765 766/766 818/818
f 819/819 818/818 766/766
f 766/766 767/767 819/819
f 820/820 819/819 767/767
f 767/767 768/768 820/820
f 821/821 820/820 768/768
f 768/768 769/769 821/821
f 822/822 821/821 769/769
f 769/769 770/770 822/822
f 823/823 822/822 770/770
f 770/770 771/771 823/823
f 824/824 823/823 771/771
f 771/771 772/772 824/824
f 825/825 824/824 772/772
f 772/772 773/773 825/825
f 826/826 825/825 773/773
f 773/773 774/774 826/826
f 827/827 826/826 774/774
f 774/774 775/775 827/827
f 828/828 827/827 775/775
f 775/775 776/776 828/828
f 829/829 828/828 776/776
f 776/776 777/777 829/829
f 777/777 830/830 829/829
f 831/831 780/780 832/832
f 833/833 832/832 780/780
f 780/780 781/781 833/833
f 834/834 833/833 781/781
f 781/781 782/782 834/834
f 835/835 834/834 782/782
f 782/782 783/783 835/835
f 836/836 835/835 783/783
f 783/783 784/784 836/836
f 837/837 836/836 784/784
f 784/784 785/785 837/837
f 838/838 837/837 785/785
f 785/785 786/786 838/838
f 839/839 838/838 786/786
f 786/786 787/787 839/839
f 840/840 839/839 787/787
f 787/787 788/788 840/840
f 841/841 840/840 788/788
f 788/788 789/789 841/841
f 842/842 841/841 789/789
f 789/789 790/790 842/842
f 843/843 842/842 790/790
f 790/790 791/791 843/843
f 844/844 843/843 791/791
f 791/791 792/792 844/844
f 845/845 844/844 792/792
f 792/792 793/793 845/845
f 846/846 845/845 793/793
f 793/793 794/794 846/846
f 847/847 846/846 794/794
f 794/794 795/795 847/847
f 848/848 847/847 795/795
f 795/795 796/796 848/848
f 849/849 848/848 796/796
f 796/796 797/797 849/849
f 850/850 849/849 797/797
f 797/797 798/798 850/850
f 851/851 850/850 798/798
f 798/798 799/799 851/851
f 852/852 851/851 799/799
f 799/799 800/800 852/852
f 853/853 852/852 800/800
f 800/800 801/801 853/853
f 854/854 853/853 801/801
f 801/801 802/802 854/854
f 855/855 854/854 802/802
f 802/802 803/803 855/855
f 856/856 855/855 803/803
f 803/803 804/804 856/856
f 857/857 856/856 804/804
f 804/804 805/805 857/857
f 858/858 857/857 805/805
f 805/805 806/806 858/858
f 859/859 858/858 806/806
f 806/806 807/807 859/859
f 860/860 859/859 807/807
f 807/807 808/808 860/860
f 861/861 860/860 808/808
f 808/808 809/809 861/861
f 862/862 861/861 809/809
f 809/809 810/810 862/862
f 863/863 862/862 810/810
f 810/810 811/811 863/863
f 864/864 863/863 811/811
f 811/811 812/812 864/864
f 865/865 864/864 812/812
f 812/812 813/813 865/865
f 866/866 865/865 813/813
f 813/813 814/814 866/866
f 867/867 866/866 814/814
f 814/814 815/815 867/867
f 868/868 867/867 815/815
f 815/815 816/816 868/868
f 869/869 868/868 816/816
f 816/816 817/817 869/869
f 870/870 869/869 817/817
f 817/817 818/818 870/870
f 871/871 870/870 818/818
f 818/818 819/819 871/871
f 872/872 871/871 819/819
f 819/819 820/820 872/872
f 873/873 872/872 820/820
f 820/820 821/821 873/873
f 874/874 873/873 821/821
f 821/821 822/822 874/874
f 875/875 874/874 822/822
f 822/822 823/823 875/875
f 876/876 875/875 823/823
f 823/823 824/824 876/876
f 877/877 876/876 824/824
f 824/824 825/825 877/877
f 878/878 877/877 825/825
f 825/825 826/826 878/878
f 879/879 878/878 826/826
f 826/826 827/827 879/879
f 880/880 879/879 827/827
f 827/827 828/828 880/880
f 881/881 880/880 828/828
f 828/828 829/829 881/881
f 829/829 882/882 881/881
f 883/883 832/832 884/884
f 885/885 884/884 832/832
f 832/832 833/833 885/885
f 886/886 885/885 833/833
f 833/833 834/834 886/886
f 887/887 886/886 834/834
f 834/834 835/835 887/887
f 888/888 887/887 835/835
f 835/835 836/836 888/888
f 889/889 888/888 836/836
f 836/836 837/837 889/889
f 890/890 889/889 837/837
f 837/837 838/838 890/890
f 891/891 890/890 838/838
f 838/838 839/839 891/891
f 892/892 891/891 839/839
f 839/839 840/840 892/892
f 893/893 892/892 840/840
f 840/840 841/841 893/893
f 894/894 893/893 841/841
f 841/841 842/842 894/894
f 895/895 894/894 842/842
f 842/842 843/843 895/895
f 896/896 895/895 843/843
f 843/843 844/844 896/896
f 897/897 896/896 844/844
f 844/844 845/845 897/897
f 898/898 897/897 845/845
f 845/845 846/846 898/898
f 899/899 898/898 846/846
f 846/846 847/847 899/899
f 900/900 899/899 847/847
f 847/847 848/848 900/900
f 901/901 900/900 848/848
f 848/848 849/849 901/901
f 902/902 901/901 849/849
f 849/849 850/850 902/902
f 903/903 902/902 850/850
f 850/850 851/851 903/903
f 904/904 903/903 851/851
f 851/851 852/852 904/904
f 905/905 904/904 852/852
f 852/852 853/853 905/905
f 906/906 905/905 853/853
f 853/853 854/854 906/906
f 907/907 906/906 854/854
f 854/854 855/855 907/907
f 908/908 907/907 855/855
f 855/855 856/856 908/908
f 909/909 908/908 856/856
f 856/856 857/857 909/909
f 910/910 909/909 857/857
f 857/857 858/858 910/910
f 911/911 910/910 858/858
f 858/858 859/859 911/911
f 912/912 911/911 859/859
f 859/859 860/860 912/912
f 913/913 912/912 860/860
f 860/860 861/861 913/913
f 914/914 913/913 861/861
f 861/861 862/862 914/914
f 915/915 914/914 862/862
f 862/862 863/863 915/915
f 916/916 915/915 863/863
f 863/863 864/864 916/916
f 917/917 916/916 864/864
f 864/864 865/865 917/917
f 918/918 917/917 865/865
f 865/865 866/866 918/918
f 919/919 918/918 866/866
f 866/866 867/867 919/919
f 920/920 919/919 867/867
f 867/867 868/868 920/920
f 921/921 920/920 868/868
f 868/868 869/869 921/921
f 922/922 921/921 869/869
f 869/869 870/870 922/922
f 923/923 922/922 870/870
f 870/870 871/871 923/923
f 924/924 923/923 871/871
f 871/871 872/872 924/924
f 925/925 924/924 872/872
f 872/872 873/873 925/925
f 926/926 925/925 873/873
f 873/873 874/874 926/926
f 927/927 926/926 874/874
f 874/874 875/875 927/927
f 928/928 927/927 875/875
f 875/875 876/876 928/928
f 929/929 928/928 876/876
f 876/876 877/877 929/929
f 930/930 929/929 877/877
f 877/877 878/878 930/930
f 931/931 930/930 878/878
f 878/878 879/879 931/931
f 932/932 931/931 879/879
f 879/879 880/880 932/932
f 933/933 932/932 880/880
f 880/880 881/881 933/933
f 881/881 934/934 933/933
f 935/935 884/884 936/936
f 937/937 936/936 884/884
f 884/884 885/885 937/937
f 938/938 937/937 885/885
f 885/885 886/886 938/938
f 939/939 938/938 886/886
f 886/886 887/887 939/939
f 940/940 939/939 887/887
f 887/887 888/888 940/940
f 941/941 940/940 888/888
f 888/888 889/889 941/941
f 942/942 941/941 889/889
f 889/889 890/890 942/942
f 943/943 942/942 890/890
f 890/890 891/891 943/943
f 944/944 943/943 891/891
f 891/891 892/892 944/944
f 945/945 944/944 892/892
f 892/892 893/893 945/945
f 946/946 945/945 893/893
f 893/893 894/894 946/946
f 947/947 946/946 894/894
f 894/894 895/895 947/947
f 948/948 947/947 895/895
f 895/895 896/896 948/948
f 949/949 948/948 896/896
f 896/896 897/897 949/949
f 950/950 949/949 897/897
f 897/897 898/898 950/950
f 951/951 950/950 898/898
f 898/898 899/899 951/951
f 952/952 951/951 899/899
f 899/899 900/900 952/952
f 953/953 952/952 900/900
f 900/900 901/901 953/953
f 954/954 953/953 901/901
f 901/901 902/902 954/954
f 955/955 954/954 902/902
f 902/902 903/903 955/955
f 956/956 955/955 903/903
f 903/903 904/904 956/956
f 957/957 956/956 904/904
f 904/904 905/905 957/957
f 958/958 957/957 905/905
f 905/905 906/906 958/958
f 959/959 958/958 906/906
f 906/906 907/907 959/959
f 960/960 959/959 907/907
f 907/907 908/908 960/960
f 961/961 960/960 908/908
f 908/908 909/909 961/961
f 962/962 961/961 909/909
f 909/909 910/910 962/962
f 963/963 962/962 910/910
f 910/910 911/911 963/963
f 964/964 963/963 911/911
f 911/911 912/912 964/964
f 965/965 964/964 912/912
f 912/912 913/913 965/965
f 966/966 965/965 913/913
f 913/913 914/914 966/966
f 967/967 966/966 914/914
f 914/914 915/915 967/967
f 968/968 967/967 915/915
f 915/915 916/916 968/968
f 969/969 968/968 916/916
f 916/916 917/917 969/969
f 970/970 969/969 917/917
f 917/917 918/918 970/970
f 971/971 970/970 918/918
f 918/918 919/919 971/971
f 972/972 971/971 919/919
f 919/919 920/920 972/972
f 973/973 972/972 920/920
f 920/920 921/921 973/973
f 974/974 973/973 921/921
f 921/921 922/922 974/974
f 975/975 974/974 922/922
f 922/922 923/923 975/975
f 976/976 975/975 923/923
f 923/923 924/924 976/976
f 977/977 976/976 924/924
f 924/924 925/925 977/977
f 978/978 977/977 925/925
f 925/925 926/926 978/978
f 979/979 978/978 926/926
f 926/926 927/927 979/979
f 980/980 979/979 927/927
f 927/927 928/928 980/980
f 981/981 980/980 928/928
f 928/928 929/929 981/981
f 982/982 981/981 929/929
f 929/929 930/930 982/982
f 983/983 982/982 930/930
f 930/930 931/931 983/983
f 984/984 983/983 931/931
f 931/931 932/932 984/984
f 985/985 984/984 932/932
f 932/932 933/933 985/985
f 933/933 986/986 985/985
f 987/987 936/936 988/988
f 989/989 988/988 936/936
f 936/936 937/937 989/989
f 990/990 989/989 937/937
f 937/937 938/938 990/990
f 991/991 990/990 938/938
f 938/938 939/939 991/991
f 992/992 991/991 939/939
f 939/939 940/940 992/992
f 993/993 992/992 940/940
f 940/940 941/941 993/993
f 994/994 993/993 941/941
f 941/941 942/942 994/994
f 995/995 994/994 942/942
f 942/942 943/943 995/995
f 996/996 995/995 943/943
f 943/943 944/944 996/996
f 997/997 996/996 944/944
f 944/944 945/945 997/997
f 998/998 997/997 945/945
f 945/945 946/946 998/998
f 999/999 998/998 946/946
f 946/946 947/947 999/999
f 1000/1000 999/999 947/947
f 947/947 948/948 1000/1000
f 1001/1001 1000/1000 948/948
f 948/948 949/949 1001/1001
f 1002/1002 1001/1001 949/949
f 949/949 950/950 1002/1002
f 1003/1003 1002/1002 950/950
f 950/950 951/951 1003/1003
f 1004/1004 1003/1003 951/951
f 951/951 952/952 1004/1004
f 1005/1005 1004/1004 952/952
f 952/952 953/953 1005/1005
f 1006/1006 1005/1005 953/953
f 953/953 954/954 1006/1006
f 1007/1007 1006/1006 954/954
f 954/954 955/955 1007/1007
f 1008/1008 1007/1007 955/955
f 955/955 956/956 1008/1008
f 1009/1009 1008/1008 956/956
f 956/956 957/957 1009/1009
f 1010/1010 1009/1009 957/957
f 957/957 958/958 1010/1010
f 1011/1011 1010/1010 958/958
f 958/958 959/959 1011/1011
f 1012/1012 1011/1011 959/959
f 959/959 960/960 1012/1012
f 1013/1013 1012/1012 960/960
f 960/960 961/961 1013/1013
f 1014/1014 1013/1013 961/961
f 961/961 962/962 1014/1014
f 1015/1015 1014/1014 962/962
f 962/962 963/963 1015/1015
f 1016/1016 1015/1015 963/963
f 963/963 964/964 1016/1016
f 1017/1017 1016/1016 964/964
f 964/964 965/965 1017/1017
f 1018/1018 1017/1017 965/965
f 965/965 966/966 1018/1018
f 1019/1019 1018/1018 966/966
f 966/966 967/967 1019/1019
f 1020/1020 1019/1019 967/967
f 967/967 968/968 1020/1020
f 1021/1021 1020/1020 968/968
f 968/968 969/969 1021/1021
f 1022/1022 1021/1021 969/969
f 969/969 970/970 1022/1022
f 1023/1023 1022/1022 970/970
f 970/970 971/971 1023/1023
f 1024/1024 1023/1023 971/971
f 971/971 972/972 1024/1024
f 1025/1025 1024/1024 972/972
f 972/972 973/973 1025/1025
f 1026/1026 1025/1025 973/973
f 973/973 974/974 1026/1026
f 1027/1027 1026/1026 974/974
f 974/974 975/975 1027/1027
f 1028/1028 1027/1027 975/975
f 975/975 976/976 1028/1028
f 1029/1029 1028/1028 976/976
f 976/976 977/977 1029/1029
f 1030/1030 1029/1029 977/977
f 977/977 978/978 1030/1030
f 1031/1031 1030/1030 978/978
f 978/978 979/979 1031/1031
f 1032/1032 1031/1031 979/979
f 979/979 980/980 1032/1032
f 1033/1033 1032/1032 980/980
f 980/980 981/981 1033/1033
f 1034/1034 1033/1033 981/981
f 981/981 982/982 1034/1034
f 1035/1035 1034/1034 982/982
f 982/982 983/983 1035/1035
f 1036/1036 1035/1035 983/983
f 983/983 984/984 1036/1036
f 1037/1037 1036/1036 984/984
f 984/984 985/985 1037/1037
f 985/985 1038/1038 1037/1037
f 1039/1039 988/988 1040/1040
f 1041/1041 1040/1040 988/988
f 988/988 989/989 1041/1041
f 1042/1042 1041/1041 989/989
f 989/989 990/990 1042/1042
f 1043/1043 1042/1042 990/990
f 990/990 991/991 1043/1043
f 1044/1044 1043/1043 991/991
f 991/991 992/992 1044/1044
f 1045/1045 1044/1044 992/992
f 992/992 993/993 1045/1045
f 1046/1046 1045/1045 993/993
f 993/993 994/994 1046/1046
f 1047/1047 1046/1046 994/994
f 994/994 995/995 1047/1047
f 1048/1048 1047/1047 995/995
f 995/995 996/996 1048/1048
f 1049/1049 1048/1048 996/996
f 996/996 997/997 1049/1049
f 1050/1050 1049/1049 997/997
f 997/997 998/998 1050/1050
f 1051/1051 1050/1050 998/998
f 998/998 999/999 1051/1051
f 1052/1052 1051/1051 999/999
f 999/999 1000/1000 1052/1052
f 1053/1053 1052/1052 1000/1000
f 1000/1000 1001/1001 1053/1053
f 1054/1054 1053/1053 1001/1001
f 1001/1001 1002/1002 1054/1054
f 1055/1055 1054/1054 1002/1002
f 1002/1002 1003/1003 1055/1055
f 1056/1056 1055/1055 1003/1003
f 1003/1003 1004/1004 1056/1056
f 1057/1057 1056/1056 1004/1004
f 1004/1004 1005/1005 1057/1057
f 1058/1058 1057/1057 1005/1005
f 1005/1005 1006/1006 1058/1058
f 1059/1059 1058/1058 1006/1006
f 1006/1006 1007/1007 1059/1059
f 1060/1060 1059/1059 1007/1007
f 1007/1007 1008/1008 1060/1060
f 1061/1061 1060/1060 1008/1008
f 1008/1008 1009/1009 1061/1061
f 1062/1062 1061/1061 1009/1009
f 1009/1009 1010/1010 1062/1062
f 1063/1063 1062/1062 1010/1010
f 1010/1010 1011/1011 1063/1063
f 1064/1064 1063/1063 1011/1011
f 1011/1011 1012/1012 1064/1064
f 1065/1065 1064/1064 1012/1012
f 1012/1012 1013/1013 1065/1065
f 1066/1066 1065/1065 1013/1013
f 1013/1013 1014/1014 1066/1066
f 1067/1067 1066/1066 1014/1014
f 1014/1014 1015/1015 1067/1067
f 1068/1068 1067/1067 1015/1015
f 1015/1015 1016/1016 1068/1068
f 1069/1069 1068/1068 1016/1016
f 1016/1016 1017/1017 1069/1069
f 1070/1070 1069/1069 1017/1017
f 1017/1017 1018/1018 1070/1070
f 1071/1071 1070/1070 1018/1018
f 1018/1018 1019/1019 1071/1071
f 1072/1072 1071/1071 1019/1019
f 1019/1019 1020/1020 1072/1072
f 1073/1073 1072/1072 1020/1020
f 1020/1020 1021/1021 1073/1073
f 1074/1074 1073/1073 1021/1021
f 1021/1021 1022/1022 1074/1074
f 1075/1075 1074/1074 1022/1022
f 1022/1022 1023/1023 1075/1075
f 1076/1076 1075/1075 1023/1023
f 1023/1023 1024/1024 1076/1076
f 1077/1077 1076/1076 1024/1024
f 1024/1024 1025/1025 1077/1077
f 1078/1078 1077/1077 1025/1025
f 1025/1025 1026/1026 1078/1078
f 1079/1079 1078/1078 1026/1026
f 1026/1026 1027/1027 1079/1079
f 1080/1080 1079/1079 1027/1027
f 1027/1027 1028/1028 1080/1080
f 1081/1081 1080/1080 1028/1028
f 1028/1028 1029/1029 1081/1081
f 1082/1082 1081/1081 1029/1029
f 1029/1029 1030/1030 1082/1082
f 1083/1083 1082/1082 1030/1030
f 1030/1030 1031/1031 1083/1083
f 1084/1084 1083/1083 1031/1031
f 1031/1031 1032/1032 1084/1084
f 1085/1085 1084/1084 1032/1032
f 1032/1032 1033/1033 1085/1085
f 1086/1086 1085/1085 1033/1033
f 1033/1033 1034/1034 1086/1086
f 1087/1087 1086/1086 1034/1034
f 1034/1034 1035/1035 1087/1087
f 1088/1088 1087/1087 1035/1035
f 1035/1035 1036/1036 1088/1088
f 1089/1089 1088/1088 1036/1036
f 1036/1036 1037/1037 1089/1089
f 1037/1037 1090/1090 1089/1089
f 1091/1091 1040/1040 1092/1092
f 1093/1093 1092/1092 1040/1040
f 1040/1040 1041/1041 1093/1093
f 1094/1094 1093/1093 1041/1041
f 1041/1041 1042/1042 1094/1094
f 1095/1095 1094/1094 1042/1042
f 1042/1042 1043/1043 1095/1095
f 1096/1096 1095/1095 1043/1043
f 1043/1043 1044/1044 1096/1096
f 1097/1097 1096/1096 1044/1044
f 1044/1044 1045/1045 1097/1097
f 1098/1098 1097/1097 1045/1045
f 1045/1045 1046/1046 1098/1098
f 1099/1099 1098/1098 1046/1046
f 1046/1046 1047/1047 1099/1099
f 1100/1100 1099/1099 1047/1047
f 1047/1047 1048/1048 1100/1100
f 1101/1101 1100/1100 1048/1048
f 1048/1048 1049/1049 1101/1101
f 1102/1102 1101/1101 1049/1049
f 1049/1049 1050/1050 1102/1102
f 1103/1103 1102/1102 1050/1050
f 1050/1050 1051/1051 1103/1103
f 1104/1104 1103/1103 1051/1051
f 1051/1051 1052/1052 1104/1104
f 1105/1105 1104/1104 1052/1052
f 1052/1052 1053/1053 1105/1105
f 1106/1106 1105/1105 1053/1053
f 1053/1053 1054/1054 1106/1106
f 1107/1107 1106/1106 1054/1054
f 1054/1054 1055/1055 1107/1107
f 1108/1108 1107/1107 1055/1055
f 1055/1055 1056/1056 1108/1108
f 1109/1109 1108/1108 1056/1056
f 1056/1056 1057/1057 1109/1109
f 1110/1110 1109/1109 1057/1057
f 1057/1057 1058/1058 1110/1110
f 1111/1111 1110/1110 1058/1058
f 1058/1058 1059/1059 1111/1111
f 1112/1112 1111/1111 1059/1059
f 1059/1059 1060/1060 1112/1112
f 1113/1113 1112/1112 1060/1060
f 1060/1060 1061/1061 1113/1113
f 1114/1114 1113/1113 1061/1061
f 1061/1061 1062/1062 1114/1114
f 1115/1115 1114/1114 1062/1062
f 1062/1062 1063/1063 1115/1115
f 1116/1116 1115/1115 1063/1063
f 1063/1063 1064/1064 1116/1116
f 1117/1117 1116/1116 1064/1064
f 1064/1064 1065/1065 1117/1117
f 1118/1118 1117/1117 1065/1065
f 1065/1065 1066/1066 1118/1118
f 1119/1119 1118/1118 1066/1066
f 1066/1066 1067/1067 1119/1119
f 1120/1120 1119/1119 1067/1067
f 1067/1067 1068/1068 1120/1120
f 1121/1121 1120/1120 1068/1068
f 1068/1068 1069/1069 1121/1121
f 1122/1122 1121/1121 1069/1069
f 1069/1069 1070/1070 1122/1122
f 1123/1123 1122/1122 1070/1070
f 1070/1070 1071/1071 1123/1123
f 1124/1124 1123/1123 1071/1071
f 1071/1071 1072/1072 1124/1124
f 1125/1125 1124/1124 1072/1072
f 1072/1072 1073/1073 1125/1125
f 1126/1126 1125/1125 1073/1073
f 1073/1073 1074/1074 1126/1126
f 1127/1127 1126/1126 1074/1074
f 1074/1074 1075/1075 1127/1127
f 1128/1128 1127/1127 1075/1075
f 1075/1075 1076/1076 1128/1128
f 1129/1129 1128/1128 1076/1076
f 1076/1076 1077/1077 1129/1129
f 1130/1130 1129/1129 1077/1077
f 1077/1077 1078/1078 1130/1130
f 1131/1131 1130/1130 1078/1078
f 1078/1078 1079/1079 1131/1131
f 1132/1132 1131/1131 1079/1079
f 1079/1079 1080/1080 1132/1132
f 1133/1133 1132/1132 1080/1080
f 1080/1080 1081/1081 1133/1133
f 1134/1134 1133/1133 1081/1081
f 1081/1081 1082/1082 1134/1134
f 1135/1135 1134/1134 1082/1082
f 1082/1082 1083/1083 1135/1135
f 1136/1136 1135/1135 1083/1083
f 1083/1083 1084/1084 1136/1136
f 1137/1137 1136/1136 1084/1084
f 1084/1084 1085/1085 1137/1137
f 1138/1138 1137/1137 1085/1085
f 1085/1085 1086/1086 1138/1138
f 1139/1139 1138/1138 1086/1086
f 1086/1086 1087/1087 1139/1139
f 1140/1140 1139/1139 1087/1087
f 1087/1087 1088/1088 1140/1140
f 1141/1141 1140/1140 1088/1088
f 1088/1088 1089/1089 1141/1141
f 1089/1089 1142/1142 1141/1141
f 1143/1143 1092/1092 1144/1144
f 1145/1145 1144/1144 1092/1092
f 1092/1092 1093/1093 1145/1145
f 1146/1146 1145/1145 1093/1093
f 1093/1093 1094/1094 1146/1146
f 1147/1147 1146/1146 1094/1094
f 1094/1094 1095/1095 1147/1147
f 1148/1148 1147/1147 1095/1095
f 1095/1095 1096/1096 1148/1148
f 1149/1149 1148/1148 1096/1096
f 1096/1096 1097/1097 1149/1149
f 1150/1150 1149/1149 1097/1097
f 1097/1097 1098/1098 1150/1150
f 1151/1151 1150/1150 1098/1098
f 1098/1098 1099/1099 1151/1151
f 1152/1152 1151/1151 1099/1099
f 1099/1099 1100/1100 1152/1152
f 1153/1153 1152/1152 1100/1100
f 1100/1100 1101/1101 1153/1153
f 1154/1154 1153/1153 1101/1101
f 1101/1101 1102/1102 1154/1154
f 1155/1155 1154/1154 1102/1102
f 1102/1102 1103/1103 1155/1155
f 1156/1156 1155/1155 1103/1103
f 1103/1103 1104/1104 1156/1156
f 1157/1157 1156/1156 1104/1104
f 1104/1104 1105/1105 1157/1157
f 1158/1158 1157/1157 1105/1105
f 1105/1105 1106/1106 1158/1158
f 1159/1159 1158/1158 1106/1106
f 1106/1106 1107/1107 1159/1159
f 1160/1160 1159/1159 1107/1107
f 1107/1107 1108/1108 1160/1160
f 1161/1161 1160/1160 1108/1108
f 1108/1108 1109/1109 1161/1161
f 1162/1162 1161/1161 1109/1109
f 1109/1109 1110/1110 1162/1162
f 1163/1163 1162/1162 1110/1110
f 1110/1110 1111/1111 1163/1163
f 1164/1164 1163/1163 1111/1111
f 1111/1111 1112/1112 1164/1164
f 1165/1165 1164/1164 1112/1112
f 1112/1112 1113/1113 1165/1165
f 1166/1166 1165/1165 1113/1113
f 1113/1113 1114/1114 1166/1166
f 1167/1167 1166/1166 1114/1114
f 1114/1114 1115/1115 1167/1167
f 1168/1168 1167/1167 1115/1115
f 1115/1115 1116/1116 1168/1168
f 1169/1169 1168/1168 1116/1116
f 1116/1116 1117/1117 1169/1169
f 1170/1170 1169/1169 1117/1117
f 1117/1117 1118/1118 1170/1170
f 1171/1171 1170/1170 1118/1118
f 1118/1118 1119/1119 1171/1171
f 1172/1172 1171/1171 1119/1119
f 1119/1119 1120/1120 1172/1172
f 1173/1173 1172/1172 1120/1120
f 1120/1120 1121/1121 1173/1173
f 1174/1174 1173/1173 1121/1121
f 1121/1121 1122/1122 1174/1174
f 1175/1175 1174/1174 1122/1122
f 1122/1122 1123/1123 1175/1175
f 1176/1176 1175/1175 1123/1123
f 1123/1123 1124/1124 1176/1176
f 1177/1177 1176/1176 1124/1124
f 1124/1124 1125/1125 1177/1177
f 1178/1178 1177/1177 1125/1125
f 1125/1125 1126/1126 1178/1178
f 1179/1179 1178/1178 1126/1126
f 1126/1126 1127/1127 1179/1179
f 1180/1180 1179/1179 1127/1127
f 1127/1127 1128/1128 1180/1180
f 1181/1181 1180/1180 1128/1128
f 1128/1128 1129/1129 1181/1181
f 1182/1182 1181/1181 1129/1129
f 1129/1129 1130/1130 1182/1182
f 1183/1183 1182/1182 1130/1130
f 1130/1130 1131/1131 1183/1183
f 1184/1184 1183/1183 1131/1131
f 1131/1131 1132/1132 1184/1184
f 1185/1185 1184/1184 1132/1132
f 1132/1132 1133/1133 1185/1185
f 1186/1186 1185/1185 1133/1133
f 1133/1133 1134/1134 1186/1186
f 1187/1187 1186/1186 1134/1134
f 1134/1134 1135/1135 1187/1187
f 1188/1188 1187/1187 1135/1135
f 1135/1135 1136/1136 1188/1188
f 1189/1189 1188/1188 1136/1136
f 1136/1136 1137/1137 1189/1189
f 1190/1190 1189/1189 1137/1137
f 1137/1137 1138/1138 1190/1190
f 1191/1191 1190/1190 1138/1138
f 1138/1138 1139/1139 1191/1191
f 1192/1192 1191/1191 1139/1139
f 1139/1139 1140/1140 1192/1192
f 1193/1193 1192/1192 1140/1140
f 1140/1140 1141/1141 1193/1193
f 1141/1141 1194/1194 1193/1193
f 1195/1195 1144/1144 1196/1196
f 1197/1197 1196/1196 1144/1144
f 1144/1144 1145/1145 1197/1197
f 1198/1198 1197/1197 1145/1145
f 1145/1145 1146/1146 1198/1198
f 1199/1199 1198/1198 1146/1146
f 1146/1146 1147/1147 1199/1199
f 1200/1200 1199/1199 1147/1147
f 1147/1147 1148/1148 1200/1200
f 1201/1201 1200/1200 1148/1148
f 1148/1148 1149/1149 1201/1201
f 1202/1202 1201/1201 1149/1149
f 1149/1149 1150/1150 1202/1202
f 1203/1203 1202/1202 1150/1150
f 1150/1150 1151/1151 1203/1203
f 1204/1204 1203/1203 1151/1151
f 1151/1151 1152/1152 1204/1204
f 1205/1205 1204/1204 1152/1152
f 1152/1152 1153/1153 1205/1205
f 1206/1206 1205/1205 1153/1153
f 1153/1153 1154/1154 1206/1206
f 1207/1207 1206/1206 1154/1154
f 1154/1154 1155/1155 1207/1207
f 1208/1208 1207/1207 1155/1155
f 1155/1155 1156/1156 1208/1208
f 1209/1209 1208/1208 1156/1156
f 1156/1156 1157/1157 1209/1209
f 1210/1210 1209/1209 1157/1157
f 1157/1157 1158/1158 1210/1210
f 1211/1211 1210/1210 1158/1158
f 1158/1158 1159/1159 1211/1211
f 1212/1212 1211/1211 1159/1159
f 1159/1159 1160/1160 1212/1212
f 1213/1213 1212/1212 1160/1160
f 1160/1160 1161/1161 1213/1213
f 1214/1214 1213/1213 1161/1161
f 1161/1161 1162/1162 1214/1214
f 1215/1215 1214/1214 1162/1162
f 1162/1162 1163/1163 1215/1215
f 1216/1216 1215/1215 1163/1163
f 1163/1163 1164/1164 1216/1216
f 1217/1217 1216/1216 1164/1164
f 1164/1164 1165/1165 1217/1217
f 1218/1218 1217/1217 1165/1165
f 1165/1165 1166/1166 1218/1218
f 1219/1219 1218/1218 1166/1166
f 1166/1166 1167/1167 1219/1219
f 1220/1220 1219/1219 1167/1167
f 1167/1167 1168/1168 1220/1220
f 1221/1221 1220/1220 1168/1168
f 1168/1168 1169/1169 1221/1221
f 1222/1222 1221/1221 1169/1169
f 1169/1169 1170/1170 1222/1222
f 1223/1223 1222/1222 1170/1170
f 1170/1170 1171/1171 1223/1223
f 1224/1224 1223/1223 1171/1171
f 1171/1171 1172/1172 1224/1224
f 1225/1225 1224/1224 1172/1172
f 1172/1172 1173/1173 1225/1225
f 1226/1226 1225/1225 1173/1173
f 1173/1173 1174/1174 1226/1226
f 1227/1227 1226/1226 1174/1174
f 1174/1174 1175/1175 1227/1227
f 1228/1228 1227/1227 1175/1175
f 1175/1175 1176/1176 1228/1228
f 1229/1229 1228/1228 1176/1176
f 1176/1176 1177/1177 1229/1229
f 1230/1230 1229/1229 1177/1177
f 1177/1177 1178/1178 1230/1230
f 1231/1231 1230/1230 1178/1178
f 1178/1178 1179/1179 1231/1231
f 1232/1232 1231/1231 1179/1179
f 1179/1179 1180/1180 1232/1232
f 1233/1233 1232/1232 1180/1180
f 1180/1180 1181/1181 1233/1233
f 1234/1234 1233/1233 1181/1181
f 1181/1181 1182/1182 1234/1234
f 1235/1235 1234/1234 1182/1182
f 1182/1182 1183/1183 1235/1235
f 1236/1236 1235/1235 1183/1183
f 1183/1183 1184/1184 1236/1236
f 1237/1237 1236/1236 1184/1184
f 1184/1184 1185/1185 1237/1237
f 1238/1238 1237/1237 1185/1185
f 1185/1185 1186/1186 1238/1238
f 1239/1239 1238/1238 1186/1186
f 1186/1186 1187/1187 1239/1239
f 1240/1240 1239/1239 1187/1187
f 1187/1187 1188/1188 1240/1240
f 1241/1241 1240/1240 1188/1188
f 1188/1188 1189/1189 1241/1241
f 1242/1242 1241/1241 1189/1189
f 1189/1189 1190/1190 1242/1242
f 1243/1243 1242/1242 1190/1190
f 1190/1190 1191/1191 1243/1243
f 1244/1244 1243/1243 1191/1191
f 1191/1191 1192/1192 1244/1244
f 1245/1245 1244/1244 1192/1192
f 1192/1192 1193/1193 1245/1245
f 1193/1193 1246/1246 1245/1245
f 1247/1247 1196/1196 1248/1248
f 1249/1249 1248/1248 1196/1196
f 1196/1196 1197/1197 1249/1249
f 1250/1250 1249/1249 1197/1197
f 1197/1197 1198/1198 1250/1250
f 1251/1251 1250/1250 1198/1198
f 1198/1198 1199/1199 1251/1251
f 1252/1252 1251/1251 1199/1199
f 1199/1199 1200/1200 1252/1252
f 1253/1253 1252/1252 1200/1200
f 1200/1200 1201/1201 1253/1253
f 1254/1254 1253/1253 1201/1201
f 1201/1201 1202/1202 1254/1254
f 1255/1255 1254/1254 1202/1202
f 1202/1202 1203/1203 1255/1255
f 1256/1256 1255/1255 1203/1203
f 1203/1203 1204/1204 1256/1256
f 1257/1257 1256/1256 1204/1204
f 1204/1204 1205/1205 1257/1257
f 1258/1258 1257/1257 1205/1205
f 1205/1205 1206/1206 1258/1258
f 1259/1259 1258/1258 1206/1206
f 1206/1206 1207/1207 1259/1259
f 1260/1260 1259/1259 1207/1207
f 1207/1207 1208/1208 1260/1260
f 1261/1261 1260/1260 1208/1208
f 1208/1208 1209/1209 1261/1261
f 1262/1262 1261/1261 1209/1209
f 1209/1209 1210/1210 1262/1262
f 1263/1263 1262/1262 1210/1210
f 1210/1210 1211/1211 1263/1263
f 1264/1264 1263/1263 1211/1211
f 1211/1211 1212/1212 1264/1264
f 1265/1265 1264/1264 1212/1212
f 1212/1212 1213/1213 1265/1265
f 1266/1266 1265/1265 1213/1213
f 1213/1213 1214/1214 1266/1266
f 1267/1267 1266/1266 1214/1214
f 1214/1214 1215/1215 1267/1267
f 1268/1268 1267/1267 1215/1215
f 1215/1215 1216/1216 1268/1268
f 1269/1269 1268/1268 1216/1216
f 1216/1216 1217/1217 1269/1269
f 1270/1270 1269/1269 1217/1217
f 1217/1217 1218/1218 1270/1270
f 1271/1271 1270/1270 1218/1218
f 1218/1218 1219/1219 1271/1271
f 1272/1272 1271/1271 1219/1219
f 1219/1219 1220/1220 1272/1272
f 1273/1273 1272/1272 1220/1220
f 1220/1220 1221/1221 1273/1273
f 1274/1274 1273/1273 1221/1221
f 1221/1221 1222/1222 1274/1274
f 1275/1275 1274/1274 1222/1222
f 1222/1222 1223/1223 1275/1275
f 1276/1276 1275/1275 1223/1223
f 1223/1223 1224/1224 1276/1276
f 1277/1277 1276/1276 1224/1224
f 1224/1224 1225/1225 1277/1277
f 1278/1278 1277/1277 1225/1225
f 1225/1225 1226/1226 1278/1278
f 1279/1279 1278/1278 1226/1226
f 1226/1226 1227/1227 1279/1279
f 1280/1280 1279/1279 1227/1227
f 1227/1227 1228/1228 1280/1280
f 1281/1281 1280/1280 1228/1228
f 1228/1228 1229/1229 1281/1281
f 1282/1282 1281/1281 1229/1229
f 1229/1229 1230/1230 1282/1282
f 1283/1283 1282/1282 1230/1230
f 1230/1230 1231/1231 1283/1283
f 1284/1284 1283/1283 1231/1231
f 1231/1231 1232/1232 1284/1284
f 1285/1285 1284/1284 1232/1232
f 1232/1232 1233/1233 1285/1285
f 1286/1286 1285/1285 1233/1233
f 1233/1233 1234/1234 1286/1286
f 1287/1287 1286/1286 1234/1234
f 1234/1234 1235/1235 1287/1287
f 1288/1288 1287/1287 1235/1235
f 1235/1235 1236/1236 1288/1288
f 1289/1289 1288/1288 1236/1236
f 1236/1236 1237/1237 1289/1289
f 1290/1290 1289/1289 1237/1237
f 1237/1237 1238/1238 1290/1290
f 1291/1291 1290/1290 1238/1238
f 1238/1238 1239/1239 1291/1291
f 1292/1292 1291/1291 1239/1239
f 1239/1239 1240/1240 1292/1292
f 1293/1293 1292/1292 1240/1240
f 1240/1240 1241/1241 1293/1293
f 1294/1294 1293/1293 1241/1241
f 1241/1241 1242/1242 1294/1294
f 1295/1295 1294/1294 1242/1242
f 1242/1242 1243/1243 1295/1295
f 1296/1296 1295/1295 1243/1243
f 1243/1243 1244/1244 1296/1296
f 1297/1297 1296/1296 1244/1244
f 1244/1244 1245/1245 1297/1297
f 1245/1245 1298/1298 1297/1297
f 1299/1299 1248/1248 1300/1300
f 1301/1301 1300/1300 1248/1248
f 1248/1248 1249/1249 1301/1301
f 1302/1302 1301/1301 1249/1249
f 1249/1249 1250/1250 1302/1302
f 1303/1303 1302/1302 1250/1250
f 1250/1250 1251/1251 1303/1303
f 1304/1304 1303/1303 1251/1251
f 1251/1251 1252/1252 1304/1304
f 1305/1305 1304/1304 1252/1252
f 1252/1252 1253/1253 1305/1305
f 1306/1306 1305/1305 1253/1253
f 1253/1253 1254/1254 1306/1306
f 1307/1307 1306/1306 1254/1254
f 1254/1254 1255/1255 1307/1307
f 1308/1308 1307/1307 1255/1255
f 1255/1255 1256/1256 1308/1308
f 1309/1309 1308/1308 1256/1256
f 1256/1256 1257/1257 1309/1309
f 1310/1310 1309/1309 1257/1257
f 1257/1257 1258/1258 1310/1310
f 1311/1311 1310/1310 1258/1258
f 1258/1258 1259/1259 1311/1311
f 1312/1312 1311/1311 1259/1259
f 1259/1259 1260/1260 1312/1312
f 1313/1313 1312/1312 1260/1260
f 1260/1260 1261/1261 1313/1313
f 1314/1314 1313/1313 1261/1261
f 1261/1261 1262/1262 1314/1314
f 1315/1315 1314/1314 1262/1262
f 1262/1262 1263/1263 1315/1315
f 1316/1316 1315/1315 1263/1263
f 1263/1263 1264/1264 1316/1316
f 1317/1317 1316/1316 1264/1264
f 1264/1264 1265/1265 1317/1317
f 1318/1318 1317/1317 1265/1265
f 1265/1265 1266/1266 1318/1318
f 1319/1319 1318/1318 1266/1266
f 1266/1266 1267/1267 1319/1319
f 1320/1320 1319/1319 1267/1267
f 1267/1267 1268/1268 1320/1320
f 1321/1321 1320/1320 1268/1268
f 1268/1268 1269/1269 1321/1321
f 1322/1322 1321/1321 1269/1269
f 1269/1269 1270/1270 1322/1322
f 1323/1323 1322/1322 1270/1270
f 1270/1270 1271/1271 1323/1323
f 1324/1324 1323/1323 1271/1271
f 1271/1271 1272/1272 1324/1324
f 1325/1325 1324/1324 1272/1272
f 1272/1272 1273/1273 1325/1325
f 1326/1326 1325/1325 1273/1273
f 1273/1273 1274/1274 1326/1326
f 1327/1327 1326/1326 1274/1274
f 1274/1274 1275/1275 1327/1327
f 1328/1328 1327/1327 1275/1275
f 1275/1275 1276/1276 1328/1328
f 1329/1329 1328/1328 1276/1276
f 1276/1276 1277/1277 1329/1329
f 1330/1330 1329/1329 1277/1277
f 1277/1277 1278/1278 1330/1330
f 1331/1331 1330/1330 1278/1278
f 1278/1278 1279/1279 1331/1331
f 1332/1332 1331/1331 1279/1279
f 1279/1279 1280/1280 1332/1332
f 1333/1333 1332/1332 1280/1280
f 1280/1280 1281/1281 1333/1333
f 1334/1334 1333/1333 1281/1281
f 1281/1281 1282/1282 1334/1334
f 1335/1335 1334/1334 1282/1282
f 1282/1282 1283/1283 1335/1335
f 1336/1336 1335/1335 1283/1283
f 1283/1283 1284/1284 1336/1336
f 1337/1337 1336/1336 1284/1284
f 1284/1284 1285/1285 1337/1337
f 1338/1338 1337/1337 1285/1285
f 1285/1285 1286/1286 1338/1338
f 1339/1339 1338/1338 1286/1286
f 1286/1286 1287/1287 1339/1339
f 1340/1340 1339/1339 1287/1287
f 1287/1287 1288/1288 1340/1340
f 1341/1341 1340/1340 1288/1288
f 1288/1288 1289/1289 1341/1341
f 1342/1342 1341/1341 1289/1289
f 1289/1289 1290/1290 1342/1342
f 1343/1343 1342/1342 1290/1290
f 1290/1290 1291/1291 1343/1343
f 1344/1344 1343/1343 1291/1291
f 1291/1291 1292/1292 1344/1344
f 1345/1345 1344/1344 1292/1292
f 1292/1292 1293/1293 1345/1345
f 1346/1346 1345/1345 1293/1293
f 1293/1293 1294/1294 1346/1346
f 1347/1347 1346/1346 1294/1294
f 1294/1294 1295/1295 1347/1347
f 1348/1348 1347/1347 1295/1295
f 1295/1295 1296/1296 1348/1348
f 1349/1349 1348/1348 1296/1296
f 1296/1296 1297/1297 1349/1349
f 1297/1297 1350/1350 1349/1349
f 1351/1351 1300/1300 1352/1352
f 1353/1353 1352/1352 1300/1300
f 1300/1300 1301/1301 1353/1353
f 1354/1354 1353/1353 1301/1301
f 1301/1301 1302/1302 1354/1354
f 1355/1355 1354/1354 1302/1302
f 1302/1302 1303/1303 1355/1355
f 1356/1356 1355/1355 1303/1303
f 1303/1303 1304/1304 1356/1356
f 1357/1357 1356/1356 1304/1304
f 1304/1304 1305/1305 1357/1357
f 1358/1358 1357/1357 1305/1305
f 1305/1305 1306/1306 1358/1358
f 1359/1359 1358/1358 1306/1306
f 1306/1306 1307/1307 1359/1359
f 1360/1360 1359/1359 1307/1307
f 1307/1307 1308/1308 1360/1360
f 1361/1361 1360/1360 1308/1308
f 1308/1308 1309/1309 1361/1361
f 1362/1362 1361/1361 1309/1309
f 1309/1309 1310/1310 1362/1362
f 1363/1363 1362/1362 1310/1310
f 1310/1310 1311/1311 1363/1363
f 1364/1364 1363/1363 1311/1311
f 1311/1311 1312/1312 1364/1364
f 1365/1365 1364/1364 1312/1312
f 1312/1312 1313/1313 1365/1365
f 1366/1366 1365/1365 1313/1313
f 1313/1313 1314/1314 1366/1366
f 1367/1367 1366/1366 1314/1314
f 1314/1314 1315/1315 1367/1367
f 1368/1368 1367/1367 1315/1315
f 1315/1315 1316/1316 1368/1368
f 1369/1369 1368/1368 1316/1316
f 1316/1316 1317/1317 1369/1369
f 1370/1370 1369/1369 1317/1317
f 1317/1317 1318/1318 1370/1370
f 1371/1371 1370/1370 1318/1318
f 1318/1318 1319/1319 1371/1371
f 1372/1372 1371/1371 1319/1319
f 1319/1319 1320/1320 1372/1372
f 1373/1373 1372/1372 1320/1320
f 1320/1320 1321/1321 1373/1373
f 1374/1374 1373/1373 1321/1321
f 1321/1321 1322/1322 1374/1374
f 1375/1375 1374/1374 1322/1322
f 1322/1322 1323/1323 1375/1375
f 1376/1376 1375/1375 1323/1323
f 1323/1323 1324/1324 1376/1376
f 1377/1377 1376/1376 1324/1324
f 1324/1324 1325/1325 1377/1377
f 1378/1378 1377/1377 1325/1325
f 1325/1325 1326/1326 1378/1378
f 1379/1379 1378/1378 1326/1326
f 1326/1326 1327/1327 1379/1379
f 1380/1380 1379/1379 1327/1327
f 1327/1327 1328/1328 1380/1380
f 1381/1381 1380/1380 1328/1328
f 1328/1328 1329/1329 1381/1381
f 1382/1382 1381/1381 1329/1329
f 1329/1329 1330/1330 1382/1382
f 1383/1383 1382/1382 1330/1330
f 1330/1330 1331/1331 1383/1383
f 1384/1384 1383/1383 1331/1331
f 1331/1331 1332/1332 1384/1384
f 1385/1385 1384/1384 1332/1332
f 1332/1332 1333/1333 1385/1385
f 1386/1386 1385/1385 1333/1333
f 1333/1333 1334/1334 1386/1386
f 1387/1387 1386/1386 1334/1334
f 1334/1334 1335/1335 1387/1387
f 1388/1388 1387/1387 1335/1335
f 1335/1335 1336/1336 1388/1388
f 1389/1389 1388/1388 1336/1336
f 1336/1336 1337/1337 1389/1389
f 1390/1390 1389/1389 1337/1337
f 1337/1337 1338/1338 1390/1390
f 1391/1391 1390/1390 1338/1338
f 1338/1338 1339/1339 1391/1391
f 1392/1392 1391/1391 1339/1339
f 1339/1339 1340/1340 1392/1392
f 1393/1393 1392/1392 1340/1340
f 1340/1340 1341/1341 1393/1393
f 1394/1394 1393/1393 1341/1341
f 1341/1341 1342/1342 1394/1394
f 1395/1395 1394/1394 1342/1342
f 1342/1342 1343/1343 1395/1395
f 1396/1396 1395/1395 1343/1343
f 1343/1343 1344/1344 1396/1396
f 1397/1397 1396/1396 1344/1344
f 1344/1344 1345/1345 1397/1397
f 1398/1398 1397/1397 1345/1345
f 1345/1345 1346/1346 1398/1398
f 1399/1399 1398/1398 1346/1346
f 1346/1346 1347/1347 1399/1399
f 1400/1400 1399/1399 1347/1347
f 1347/1347 1348/1348 1400/1400
f 1401/1401 1400/1400 1348/1348
f 1348/1348 1349/1349 1401/1401
f 1349/1349 1402/1402 1401/1401
f 1403/1403 1352/1352 1404/1404
f 1405/1405 1404/1404 1352/1352
f 1352/1352 1353/1353 1405/1405
f 1406/1406 1405/1405 1353/1353
f 1353/1353 1354/1354 1406/1406
f 1407/1407 1406/1406 1354/1354
f 1354/1354 1355/1355 1407/1407
f 1408/1408 1407/1407 1355/1355
f 1355/1355 1356/1356 1408/1408
f 1409/1409 1408/1408 1356/1356
f 1356/1356 1357/1357 1409/1409
f 1410/1410 1409/1409 1357/1357
f 1357/1357 1358/1358 1410/1410
f 1411/1411 1410/1410 1358/1358
f 1358/1358 1359/1359 1411/1411
f 1412/1412 1411/1411 1359/1359
f 1359/1359 1360/1360 1412/1412
f 1413/1413 1412/1412 1360/1360
f 1360/1360 1361/1361 1413/1413
f 1414/1414 1413/1413 1361/1361
f 1361/1361 1362/1362 1414/1414
f 1415/1415 1414/1414 1362/1362
f 1362/1362 1363/1363 1415/1415
f 1416/1416 1415/1415 1363/1363
f 1363/1363 1364/1364 1416/1416
f 1417/1417 1416/1416 1364/1364
f 1364/1364 1365/1365 1417/1417
f 1418/1418 1417/1417 1365/1365
f 1365/1365 1366/1366 1418/1418
f 1419/1419 1418/1418 1366/1366
f 1366/1366 1367/1367 1419/1419
f 1420/1420 1419/1419 1367/1367
f 1367/1367 1368/1368 1420/1420
f 1421/1421 1420/1420 1368/1368
f 1368/1368 1369/1369 1421/1421
f 1422/1422 1421/1421 1369/1369
f 1369/1369 1370/1370 1422/1422
f 1423/1423 1422/1422 1370/1370
f 1370/1370 1371/1371 1423/1423
f 1424/1424 1423/1423 1371/1371
f 1371/1371 1372/1372 1424/1424
f 1425/1425 1424/1424 1372/1372
f 1372/1372 1373/1373 1425/1425
f 1426/1426 1425/1425 1373/1373
f 1373/1373 1374/1374 1426/1426
f 1427/1427 1426/1426 1374/1374
f 1374/1374 1375/1375 1427/1427
f 1428/1428 1427/1427 1375/1375
f 1375/1375 1376/1376 1428/1428
f 1429/1429 1428/1428 1376/1376
f 1376/1376 1377/1377 1429/1429
f 1430/1430 1429/1429 1377/1377
f 1377/1377 1378/1378 1430/1430
f 1431/1431 1430/1430 1378/1378
f 1378/1378 1379/1379 1431/1431
f 1432/1432 1431/1431 1379/1379
f 1379/1379 1380/1380 1432/1432
f 1433/1433 1432/1432 1380/1380
f 1380/1380 1381/1381 1433/1433
f 1434/1434 1433/1433 1381/1381
f 1381/1381 1382/1382 1434/1434
f 1435/1435 1434/1434 1382/1382
f 1382/1382 1383/1383 1435/1435
f 1436/1436 1435/1435 1383/1383
f 1383/1383 1384/1384 1436/1436
f 1437/1437 1436/1436 1384/1384
f 1384/1384 1385/1385 1437/1437
f 1438/1438 1437/1437 1385/1385
f 1385/1385 1386/1386 1438/1438
f 1439/1439 1438/1438 1386/1386
f 1386/1386 1387/1387 1439/1439
f 1440/1440 1439/1439 1387/1387
f 1387/1387 1388/1388 1440/1440
f 1441/1441 1440/1440 1388/1388
f 1388/1388 1389/1389 1441/1441
f 1442/1442 1441/1441 1389/1389
f 1389/1389 1390/1390 1442/1442
f 1443/1443 1442/1442 1390/1390
f 1390/1390 1391/1391 1443/1443
f 1444/1444 1443/1443 1391/1391
f 1391/1391 1392/1392 1444/1444
f 1445/1445 1444/1444 1392/1392
f 1392/1392 1393/1393 1445/1445
f 1446/1446 1445/1445 1393/1393
f 1393/1393 1394/1394 1446/1446
f 1447/1447 1446/1446 1394/1394
f 1394/1394 1395/1395 1447/1447
f 1448/1448 1447/1447 1395/1395
f 1395/1395 1396/1396 1448/1448
f 1449/1449 1448/1448 1396/1396
f 1396/1396 1397/1397 1449/1449
f 1450/1450 1449/1449 1397/1397
f 1397/1397 1398/1398 1450/1450
f 1451/1451 1450/1450 1398/1398
f 1398/1398 1399/1399 1451/1451
f 1452/1452 1451/1451 1399/1399
f 1399/1399 1400/1400 1452/1452
f 1453/1453 1452/1452 1400/1400
f 1400/1400 1401/1401 1453/1453
f 1401/1401 1454/1454 1453/1453
f 1455/1455 1404/1404 1456/1456
f 1457/1457 1456/1456 1404/1404
f 1404/1404 1405/1405 1457/1457
f 1458/1458 1457/1457 1405/1405
f 1405/1405 1406/1406 1458/1458
f 1459/1459 1458/1458 1406/1406
f 1406/1406 1407/1407 1459/1459
f 1460/1460 1459/1459 1407/1407
f 1407/1407 1408/1408 1460/1460
f 1461/1461 1460/1460 1408/1408
f 1408/1408 1409/1409 1461/1461
f 1462/1462 1461/1461 1409/1409
f 1409/1409 1410/1410 1462/1462
f 1463/1463 1462/1462 1410/1410
f 1410/1410 1411/1411 1463/1463
f 1464/1464 1463/1463 1411/1411
f 1411/1411 1412/1412 1464/1464
f 1465/1465 1464/1464 1412/1412
f 1412/1412 1413/1413 1465/1465
f 1466/1466 1465/1465 1413/1413
f 1413/1413 1414/1414 1466/1466
f 1467/1467 1466/1466 1414/1414
f 1414/1414 1415/1415 1467/1467
f 1468/1468 1467/1467 1415/1415
f 1415/1415 1416/1416 1468/1468
f 1469/1469 1468/1468 1416/1416
f 1416/1416 1417/1417 1469/1469
f 1470/1470 1469/1469 1417/1417
f 1417/1417 1418/1418 1470/1470
f 1471/1471 1470/1470 1418/1418
f 1418/1418 1419/1419 1471/1471
f 1472/1472 1471/1471 1419/1419
f 1419/1419 1420/1420 1472/1472
f 1473/1473 1472/1472 1420/1420
f 1420/1420 1421/1421 1473/1473
f 1474/1474 1473/1473 1421/1421
f 1421/1421 1422/1422 1474/1474
f 1475/1475 1474/1474 1422/1422
f 1422/1422 1423/1423 1475/1475
f 1476/1476 1475/1475 1423/1423
f 1423/1423 1424/1424 1476/1476
f 1477/1477 1476/1476 1424/1424
f 1424/1424 1425/1425 1477/1477
f 1478/1478 1477/1477 1425/1425
f 1425/1425 1426/1426 1478/1478
f 1479/1479 1478/1478 1426/1426
f 1426/1426 1427/1427 1479/1479
f 1480/1480 1479/1479 1427/1427
f 1427/1427 1428/1428 1480/1480
f 1481/1481 1480/1480 1428/1428
f 1428/1428 1429/1429 1481/1481
f 1482/1482 1481/1481 1429/1429
f 1429/1429 1430/1430 1482/1482
f 1483/1483 1482/1482 1430/1430
f 1430/1430 1431/1431 1483/1483
f 1484/1484 1483/1483 1431/1431
f 1431/1431 1432/1432 1484/1484
f 1485/1485 1484/1484 1432/1432
f 1432/1432 1433/1433 1485/1485
f 1486/1486 1485/1485 1433/1433
f 1433/1433 1434/1434 1486/1486
f 1487/1487 1486/1486 1434/1434
f 1434/1434 1435/1435 1487/1487
f 1488/1488 1487/1487 1435/1435
f 1435/1435 1436/1436 1488/1488
f 1489/1489 1488/1488 1436/1436
f 1436/1436 1437/1437 1489/1489
f 1490/1490 1489/1489 1437/1437
f 1437/1437 1438/1438 1490/1490
f 1491/1491 1490/1490 1438/1438
f 1438/1438 1439/1439 1491/1491
f 1492/1492 1491/1491 1439/1439
f 1439/1439 1440/1440 1492/1492
f 1493/1493 1492/1492 1440/1440
f 1440/1440 1441/1441 1493/1493
f 1494/1494 1493/1493 1441/1441
f 1441/1441 1442/1442 1494/1494
f 1495/1495 1494/1494 1442/1442
f 1442/1442 1443/1443 1495/1495
f 1496/1496 1495/1495 1443/1443
f 1443/1443 1444/1444 1496/1496
f 1497/1497 1496/1496 1444/1444
f 1444/1444 1445/1445 1497/1497
f 1498/1498 1497/1497 1445/1445
f 1445/1445 1446/1446 1498/1498
f 1499/1499 1498/1498 1446/1446
f 1446/1446 1447/1447 1499/1499
f 1500/1500 1499/1499 1447/1447
f 1447/1447 1448/1448 1500/1500
f 1501/1501 1500/1500 1448/1448
f 1448/1448 1449/1449 1501/1501
f 1502/1502 1501/1501 1449/1449
f 1449/1449 1450/1450 1502/1502
f 1503/1503 1502/1502 1450/1450
f 1450/1450 1451/1451 1503/1503
f 1504/1504 1503/1503 1451/1451
f 1451/1451 1452/1452 1504/1504
f 1505/1505 1504/1504 1452/1452
f 1452/1452 1453/1453 1505/1505
f 1453/1453 1506/1506 1505/1505
f 1507/1507 1456/1456 1508/1508
f 1509/1509 1508/1508 1456/1456
f 1456/1456 1457/1457 1509/1509
f 1510/1510 1509/1509 1457/1457
f 1457/1457 1458/1458 1510/1510
f 1511/1511 1510/1510 1458/1458
f 1458/1458 1459/1459 1511/1511
f 1512/1512 1511/1511 1459/1459
f 1459/1459 1460/1460 1512/1512
f 1513/1513 1512/1512 1460/1460
f 1460/1460 1461/1461 1513/1513
f 1514/1514 1513/1513 1461/1461
f 1461/1461 1462/1462 1514/1514
f 1515/1515 1514/1514 1462/1462
f 1462/1462 1463/1463 1515/1515
f 1516/1516 1515/1515 1463/1463
f 1463/1463 1464/1464 1516/1516
f 1517/1517 1516/1516 1464/1464
f 1464/1464 1465/1465 1517/1517
f 1518/1518 1517/1517 1465/1465
f 1465/1465 1466/1466 1518/1518
f 1519/1519 1518/1518 1466/1466
f 1466/1466 1467/1467 1519/1519
f 1520/1520 1519/1519 1467/1467
f 1467/1467 1468/1468 1520/1520
f 1521/1521 1520/1520 1468/1468
f 1468/1468 1469/1469 1521/1521
f 1522/1522 1521/1521 1469/1469
f 1469/1469 1470/1470 1522/1522
f 1523/1523 1522/1522 1470/1470
f 1470/1470 1471/1471 1523/1523
f 1524/1524 1523/1523 1471/1471
f 1471/1471 1472/1472 1524/1524
f 1525/1525 1524/1524 1472/1472
f 1472/1472 1473/1473 1525/1525
f 1526/1526 1525/1525 1473/1473
f 1473/1473 1474/1474 1526/1526
f 1527/1527 1526/1526 1474/1474
f 1474/1474 1475/1475 1527/1527
f 1528/1528 1527/1527 1475/1475
f 1475/1475 1476/1476 1528/1528
f 1529/1529 1528/1528 1476/1476
f 1476/1476 1477/1477 1529/1529
f 1530/1530 1529/1529 1477/1477
f 1477/1477 1478/1478 1530/1530
f 1531/1531 1530/1530 1478/1478
f 1478/1478 1479/1479 1531/1531
f 1532/1532 1531/1531 1479/1479
f 1479/1479 1480/1480 1532/1532
f 1533/1533 1532/1532 1480/1480
f 1480/1480 1481/1481 1533/1533
f 1534/1534 1533/1533 1481/1481
f 1481/1481 1482/1482 1534/1534
f 1535/1535 1534/1534 1482/1482
f 1482/1482 1483/1483 1535/1535
f 1536/1536 1535/1535 1483/1483
f 1483/1483 1484/1484 1536/1536
f 1537/1537 1536/1536 1484/1484
f 1484/1484 1485/1485 1537/1537
f 1538/1538 1537/1537 1485/1485
f 1485/1485 1486/1486 1538/1538
f 1539/1539 1538/1538 1486/1486
f 1486/1486 1487/1487 1539/1539
f 1540/1540 1539/1539 1487/1487
f 1487/1487 1488/1488 1540/1540
f 1541/1541 1540/1540 1488/1488
f 1488/1488 1489/1489 1541/1541
f 1542/1542 1541/1541 1489/1489
f 1489/1489 1490/1490 1542/1542
f 1543/1543 1542/1542 1490/1490
f 1490/1490 1491/1491 1543/1543
f 1544/1544 1543/1543 1491/1491
f 1491/1491 1492/1492 1544/1544
f 1545/1545 1544/1544 1492/1492
f 1492/1492 1493/1493 1545/1545
f 1546/1546 1545/1545 1493/1493
f 1493/1493 1494/1494 1546/1546
f 1547/1547 1546/1546 1494/1494
f 1494/1494 1495/1495 1547/1547
f 1548/1548 1547/1547 1495/1495
f 1495/1495 1496/1496 1548/1548
f 1549/1549 1548/1548 1496/1496
f 1496/1496 1497/1497 1549/1549
f 1550/1550 1549/1549 1497/1497
f 1497/1497 1498/1498 1550/1550
f 1551/1551 1550/1550 1498/1498
f 1498/1498 1499/1499 1551/1551
f 1552/1552 1551/1551 1499/1499
f 1499/1499 1500/1500 1552/1552
f 1553/1553 1552/1552 1500/1500
f 1500/1500 1501/1501 1553/1553
f 1554/1554 1553/1553 1501/1501
f 1501/1501 1502/1502 1554/1554
f 1555/1555 1554/1554 1502/1502
f 1502/1502 1503/1503 1555/1555
f 1556/1556 1555/1555 1503/1503
f 1503/1503 1504/1504 1556/1556
f 1557/1557 1556/1556 1504/1504
f 1504/1504 1505/1505 1557/1557
f 1505/1505 1558/1558 1557/1557
f 1559/1559 1508/1508 1560/1560
f 1561/1561 1560/1560 1508/1508
f 1508/1508 1509/1509 1561/1561
f 1562/1562 1561/1561 1509/1509
f 1509/1509 1510/1510 1562/1562
f 1563/1563 1562/1562 1510/1510
f 1510/1510 1511/1511 1563/1563
f 1564/1564 1563/1563 1511/1511
f 1511/1511 1512/1512 1564/1564
f 1565/1565 1564/1564 1512/1512
f 1512/1512 1513/1513 1565/1565
f 1566/1566 1565/1565 1513/1513
f 1513/1513 1514/1514 1566/1566
f 1567/1567 1566/1566 1514/1514
f 1514/1514 1515/1515 1567/1567
f 1568/1568 1567/1567 1515/1515
f 1515/1515 1516/1516 1568/1568
f 1569/1569 1568/1568 1516/1516
f 1516/1516 1517/1517 1569/1569
f 1570/1570 1569/1569 1517/1517
f 1517/1517 1518/1518 1570/1570
f 1571/1571 1570/1570 1518/1518
f 1518/1518 1519/1519 1571/1571
f 1572/1572 1571/1571 1519/1519
f 1519/1519 1520/1520 1572/1572
f 1573/1573 1572/1572 1520/1520
f 1520/1520 1521/1521 1573/1573
f 1574/1574 1573/1573 1521/1521
f 1521/1521 1522/1522 1574/1574
f 1575/1575 1574/1574 1522/1522
f 1522/1522 1523/1523 1575/1575
f 1576/1576 1575/1575 1523/1523
f 1523/1523 1524/1524 1576/1576
f 1577/1577 1576/1576 1524/1524
f 1524/1524 1525/1525 1577/1577
f 1578/1578 1577/1577 1525/1525
f 1525/1525 1526/1526 1578/1578
f 1579/1579 1578/1578 1526/1526
f 1526/1526 1527/1527 1579/1579
f 1580/1580 1579/1579 1527/1527
f 1527/1527 1528/1528 1580/1580
f 1581/1581 1580/1580 1528/1528
f 1528/1528 1529/1529 1581/1581
f 1582/1582 1581/1581 1529/1529
f 1529/1529 1530/1530 1582/1582
f 1583/1583 1582/1582 1530/1530
f 1530/1530 1531/1531 1583/1583
f 1584/1584 1583/1583 1531/1531
f 1531/1531 1532/1532 1584/1584
f 1585/1585 1584/1584 1532/1532
f 1532/1532 1533/1533 1585/1585
f 1586/1586 1585/1585 1533/1533
f 1533/1533 1534/1534 1586/1586
f 1587/1587 1586/1586 1534/1534
f 1534/1534 1535/1535 1587/1587
f 1588/1588 1587/1587 1535/1535
f 1535/1535 1536/1536 1588/1588
f 1589/1589 1588/1588 1536/1536
f 1536/1536 1537/1537 1589/1589
f 1590/1590 1589/1589 1537/1537
f 1537/1537 1538/1538 1590/1590
f 1591/1591 1590/1590 1538/1538
f 1538/1538 1539/1539 1591/1591
f 1592/1592 1591/1591 1539/1539
f 1539/1539 1540/1540 1592/1592
f 1593/1593 1592/1592 1540/1540
f 1540/1540 1541/1541 1593/1593
f 1594/1594 1593/1593 1541/1541
f 1541/1541 1542/1542 1594/1594
f 1595/1595 1594/1594 1542/1542
f 1542/1542 1543/1543 1595/1595
f 1596/1596 1595/1595 1543/1543
f 1543/1543 1544/1544 1596/1596
f 1597/1597 1596/1596 1544/1544
f 1544/1544 1545/1545 1597/1597
f 1598/1598 1597/1597 1545/1545
f 1545/1545 1546/1546 1598/1598
f 1599/1599 1598/1598 1546/1546
f 1546/1546 1547/1547 1599/1599
f 1600/1600 1599/1599 1547/1547
f 1547/1547 1548/1548 1600/1600
f 1601/1601 1600/1600 1548/1548
f 1548/1548 1549/1549 1601/1601
f 1602/1602 1601/1601 1549/1549
f 1549/1549 1550/1550 1602/1602
f 1603/1603 1602/1602 1550/1550
f 1550/1550 1551/1551 1603/1603
f 1604/1604 1603/1603 1551/1551
f 1551/1551 1552/1552 1604/1604
f 1605/1605 1604/1604 1552/1552
f 1552/1552 1553/1553 1605/1605
f 1606/1606 1605/1605 1553/1553
f 1553/1553 1554/1554 1606/1606
f 1607/1607 1606/1606 1554/1554
f 1554/1554 1555/1555 1607/1607
f 1608/1608 1607/1607 1555/1555
f 1555/1555 1556/1556 1608/1608
f 1609/1609 1608/1608 1556/1556
f 1556/1556 1557/1557 1609/1609
f 1557/1557 1610/1610 1609/1609
f 1611/1611 1560/1560 1612/1612
f 1613/1613 1612/1612 1560/1560
f 1560/1560 1561/1561 1613/1613
f 1614/1614 1613/1613 1561/1561
f 1561/1561 1562/1562 1614/1614
f 1615/1615 1614/1614 1562/1562
f 1562/1562 1563/1563 1615/1615
f 1616/1616 1615/1615 1563/1563
f 1563/1563 1564/1564 1616/1616
f 1617/1617 1616/1616 1564/1564
f 1564/1564 1565/1565 1617/1617
f 1618/1618 1617/1617 1565/1565
f 1565/1565 1566/1566 1618/1618
f 1619/1619 1618/1618 1566/1566
f 1566/1566 1567/1567 1619/1619
f 1620/1620 1619/1619 1567/1567
f 1567/1567 1568/1568 1620/1620
f 1621/1621 1620/1620 1568/1568
f 1568/1568 1569/1569 1621/1621
f 1622/1622 1621/1621 1569/1569
f 1569/1569 1570/1570 1622/1622
f 1623/1623 1622/1622 1570/1570
f 1570/1570 1571/1571 1623/1623
f 1624/1624 1623/1623 1571/1571
f 1571/1571 1572/1572 1624/1624
f 1625/1625 1624/1624 1572/1572
f 1572/1572 1573/1573 1625/1625
f 1626/1626 1625/1625 1573/1573
f 1573/1573 1574/1574 1626/1626
f 1627/1627 1626/1626 1574/1574
f 1574/1574 1575/1575 1627/1627
f 1628/1628 1627/1627 1575/1575
f 1575/1575 1576/1576 1628/1628
f 1629/1629 1628/1628 1576/1576
f 1576/1576 1577/1577 1629/1629
f 1630/1630 1629/1629 1577/1577
f 1577/1577 1578/1578 1630/1630
f 1631/1631 1630/1630 1578/1578
f 1578/1578 1579/1579 1631/1631
f 1632/1632 1631/1631 1579/1579
f 1579/1579 1580/1580 1632/1632
f 1633/1633 1632/1632 1580/1580
f 1580/1580 1581/1581 1633/1633
f 1634/1634 1633/1633 1581/1581
f 1581/1581 1582/1582 1634/1634
f 1635/1635 1634/1634 1582/1582
f 1582/1582 1583/1583 1635/1635
f 1636/1636 1635/1635 1583/1583
f 1583/1583 1584/1584 1636/1636
f 1637/1637 1636/1636 1584/1584
f 1584/1584 1585/1585 1637/1637
f 1638/1638 1637/1637 1585/1585
f 1585/1585 1586/1586 1638/1638
f 1639/1639 1638/1638 1586/1586
f 1586/1586 1587/1587 1639/1639
f 1640/1640 1639/1639 1587/1587
f 1587/1587 1588/1588 1640/1640
f 1641/1641 1640/1640 1588/1588
f 1588/1588 1589/1589 1641/1641
f 1642/1642 1641/1641 1589/1589
f 1589/1589 1590/1590 1642/1642
f 1643/1643 1642/1642 1590/1590
f 1590/1590 1591/1591 1643/1643
f 1644/1644 1643/1643 1591/1591
f 1591/1591 1592/1592 1644/1644
f 1645/1645 1644/1644 1592/1592
f 1592/1592 1593/1593 1645/1645
f 1646/1646 1645/1645 1593/1593
f 1593/1593 1594/1594 1646/1646
f 1647/1647 1646/1646 1594/1594
f 1594/1594 1595/1595 1647/1647
f 1648/1648 1647/1647 1595/1595
f 1595/1595 1596/1596 1648/1648
f 1649/1649 1648/1648 1596/1596
f 1596/1596 1597/1597 1649/1649
f 1650/1650 1649/1649 1597/1597
f 1597/1597 1598/1598 1650/1650
f 1651/1651 1650/1650 1598/1598
f 1598/1598 1599/1599 1651/1651
f 1652/1652 1651/1651 1599/1599
f 1599/1599 1600/1600 1652/1652
f 1653/1653 1652/1652 1600/1600
f 1600/1600 1601/1601 1653/1653
f 1654/1654 1653/1653 1601/1601
f 1601/1601 1602/1602 1654/1654
f 1655/1655 1654/1654 1602/1602
f 1602/1602 1603/1603 1655/1655
f 1656/1656 1655/1655 1603/1603
f 1603/1603 1604/1604 1656/1656
f 1657/1657 1656/1656 1604/1604
f 1604/1604 1605/1605 1657/1657
f 1658/1658 1657/1657 1605/1605
f 1605/1605 1606/1606 1658/1658
f 1659/1659 1658/1658 1606/1606
f 1606/1606 1607/1607 1659/1659
f 1660/1660 1659/1659 1607/1607
f 1607/1607 1608/1608 1660/1660
f 1661/1661 1660/1660 1608/1608
f 1608/1608 1609/1609 1661/1661
f 1609/1609 1662/1662 1661/1661
f 1663/1663 1612/1612 1664/1664
f 1665/1665 1664/1664 1612/1612
f 1612/1612 1613/1613 1665/1665
f 1666/1666 1665/1665 1613/1613
f 1613/1613 1614/1614 1666/1666
f 1667/1667 1666/1666 1614/1614
f 1614/1614 1615/1615 1667/1667
f 1668/1668 1667/1667 1615/1615
f 1615/1615 1616/1616 1668/1668
f 1669/1669 1668/1668 1616/1616
f 1616/1616 1617/1617 1669/1669
f 1670/1670 1669/1669 1617/1617
f 1617/1617 1618/1618 1670/1670
f 1671/1671 1670/1670 1618/1618
f 1618/1618 1619/1619 1671/1671
f 1672/1672 1671/1671 1619/1619
f 1619/1619 1620/1620 1672/1672
f 1673/1673 1672/1672 1620/1620
f 1620/1620 1621/1621 1673/1673
f 1674/1674 1673/1673 1621/1621
f 1621/1621 1622/1622 1674/1674
f 1675/1675 1674/1674 1622/1622
f 1622/1622 1623/1623 1675/1675
f 1676/1676 1675/1675 1623/1623
f 1623/1623 1624/1624 1676/1676
f 1677/1677 1676/1676 1624/1624
f 1624/1624 1625/1625 1677/1677
f 1678/1678 1677/1677 1625/1625
f 1625/1625 1626/1626 1678/1678
f 1679/1679 1678/1678 1626/1626
f 1626/1626 1627/1627 1679/1679
f 1680/1680 1679/1679 1627/1627
f 1627/1627 1628/1628 1680/1680
f 1681/1681 1680/1680 1628/1628
f 1628/1628 1629/1629 1681/1681
f 1682/1682 1681/1681 1629/1629
f 1629/1629 1630/1630 1682/1682
f 1683/1683 1682/1682 1630/1630
f 1630/1630 1631/1631 1683/1683
f 1684/1684 1683/1683 1631/1631
f 1631/1631 1632/1632 1684/1684
f 1685/1685 1684/1684 1632/1632
f 1632/1632 1633/1633 1685/1685
f 1686/1686 1685/1685 1633/1633
f 1633/1633 1634/1634 1686/1686
f 1687/1687 1686/1686 1634/1634
f 1634/1634 1635/1635 1687/1687
f 1688/1688 1687/1687 1635/1635
f 1635/1635 1636/1636 1688/1688
f 1689/1689 1688/1688 1636/1636
f 1636/1636 1637/1637 1689/1689
f 1690/1690 1689/1689 1637/1637
f 1637/1637 1638/1638 1690/1690
f 1691/1691 1690/1690 1638/1638
f 1638/1638 1639/1639 1691/1691
f 1692/1692 1691/1691 1639/1639
f 1639/1639 1640/1640 1692/1692
f 1693/1693 1692/1692 1640/1640
f 1640/1640 1641/1641 1693/1693
f 1694/1694 1693/1693 1641/1641
f 1641/1641 1642/1642 1694/1694
f 1695/1695 1694/1694 1642/1642
f 1642/1642 1643/1643 1695/1695
f 1696/1696 1695/1695 1643/1643
f 1643/1643 1644/1644 1696/1696
f 1697/1697 1696/1696 1644/1644
f 1644/1644 1645/1645 1697/1697
f 1698/1698 1697/1697 1645/1645
f 1645/1645 1646/1646 1698/1698
f 1699/1699 1698/1698 1646/1646
f 1646/1646 1647/1647 1699/1699
f 1700/1700 1699/1699 1647/1647
f 1647/1647 1648/1648 1700/1700
f 1701/1701 1700/1700 1648/1648
f 1648/1648 1649/1649 1701/1701
f 1702/1702 1701/1701 1649/1649
f 1649/1649 1650/1650 1702/1702
f 1703/1703 1702/1702 1650/1650
f 1650/1650 1651/1651 1703/1703
f 1704/1704 1703/1703 1651/1651
f 1651/1651 1652/1652 1704/1704
f 1705/1705 1704/1704 1652/1652
f 1652/1652 1653/1653 1705/1705
f 1706/1706 1705/1705 1653/1653
f 1653/1653 1654/1654 1706/1706
f 1707/1707 1706/1706 1654/1654
f 1654/1654 1655/1655 1707/1707
f 1708/1708 1707/1707 1655/1655
f 1655/1655 1656/1656 1708/1708
f 1709/1709 1708/1708 1656/1656
f 1656/1656 1657/1657 1709/1709
f 1710/1710 1709/1709 1657/1657
f 1657/1657 1658/1658 1710/1710
f 1711/1711 1710/1710 1658/1658
f 1658/1658 1659/1659 1711/1711
f 1712/1712 1711/1711 1659/1659
f 1659/1659 1660/1660 1712/1712
f 1713/1713 1712/1712 1660/1660
f 1660/1660 1661/1661 1713/1713
f 1661/1661 1714/1714 1713/1713
g Flowers
usemtl Flowers
v 0.10556 0.10236 0.00081
v 0.10570 0.10259 0.00083
v 0.10342 0.10468 0.00126
v 0.10328 0.10441 0.00123
v 0.10588 0.10296 0.00069
v 0.10360 0.10511 0.00110
v 0.10241 0.10567 0.00150
v 0.10221 0.10514 0.00168
v 0.10203 0.10481 0.00165
v 0.10546 0.10261 -0.00003
v 0.10549 0.10242 0.00047
v 0.10319 0.10447 0.00083
v 0.10313 0.10469 0.00026
v 0.10193 0.10489 0.00116
v 0.10185 0.10516 0.00046
v 0.11451 0.08976 -0.00127
v 0.11447 0.08953 -0.00068
v 0.10987 0.09710 0.00004
v 0.10987 0.09730 -0.00048
v 0.11452 0.08946 -0.00029
v 0.10993 0.09704 0.00039
v 0.11477 0.08969 -0.00029
v 0.11012 0.09726 0.00040
v 0.11512 0.09007 -0.00048
v 0.11037 0.09762 0.00024
v 0.12006 0.05338 -0.00188
v 0.12037 0.05348 -0.00190
v 0.12013 0.06183 -0.00252
v 0.11981 0.06166 -0.00250
v 0.12081 0.05366 -0.00216
v 0.12058 0.06210 -0.00276
v 0.11992 0.07178 -0.00274
v 0.11947 0.07141 -0.00252
v 0.11915 0.07119 -0.00251
v 0.12002 0.05352 -0.00296
v 0.11998 0.05341 -0.00230
v 0.11975 0.06171 -0.00292
v 0.11982 0.06188 -0.00357
v 0.11910 0.07127 -0.00292
v 0.11919 0.07149 -0.00356
v 0.10238 0.10540 0.00157
v 0.10228 0.10495 0.00142
v 0.10232 0.10488 0.00167
v 0.10230 0.10512 0.00218
v 0.10193 0.10453 0.00162
v 0.10197 0.10453 0.00235
v 0.10205 0.10458 0.00297
v 0.10235 0.10477 0.00195
v 0.10220 0.10479 0.00262
v 0.09930 0.10223 0.00404
v 0.09992 0.10286 0.00658
v 0.10108 0.10386 0.00433
v 0.10071 0.10349 0.00275
v 0.10023 0.10341 0.00932
v 0.10124 0.10415 0.00604
v 0.10117 0.10464 0.00711
v 0.10183 0.10593 0.00564
v 0.10207 0.10546 0.00373
v 0.10168 0.10467 0.00462
v 0.10234 0.10754 0.00413
v 0.10236 0.10643 0.00281
v 0.10191 0.10503 0.00065
v 0.10226 0.10511 0.00108
v 0.10232 0.10532 0.00093
v 0.10202 0.10577 0.00039
v 0.10243 0.10601 0.00127
v 0.10247 0.10655 0.00088
v 0.10239 0.10556 0.00076
v 0.10216 0.10645 0.00022
v 0.10253 0.10979 0.00254
v 0.10246 0.10776 0.00182
v 0.10256 0.11235 0.00090
v 0.10247 0.10927 0.00081
v 0.10211 0.10477 0.00113
v 0.10222 0.10495 0.00121
v 0.10199 0.10459 0.00103
v 0.10150 0.10418 0.00125
v 0.10148 0.10457 0.00044
v 0.10111 0.10412 0.00031
v 0.10187 0.10441 0.00091
v 0.10117 0.10393 0.00084
v 0.09979 0.10662 -0.00226
v 0.09836 0.10445 -0.00252
v 0.10005 0.10442 -0.00082
v 0.10093 0.10575 -0.00066
v 0.09662 0.10256 -0.00296
v 0.09897 0.10327 -0.00111
v 0.10113 0.11236 -0.00263
v 0.10061 0.10935 -0.00235
v 0.10143 0.10746 -0.00076
v 0.10174 0.10936 -0.00099
v 0.09764 0.10817 -0.00594
v 0.09624 0.10583 -0.00618
v 0.09705 0.10497 -0.00445
v 0.09861 0.10747 -0.00419
v 0.09465 0.10360 -0.00657
v 0.09520 0.10268 -0.00488
v 0.09939 0.11335 -0.00616
v 0.09862 0.11071 -0.00598
v 0.09961 0.11039 -0.00423
v 0.10033 0.11351 -0.00444
v 0.09679 0.10880 -0.00775
v 0.09622 0.10802 -0.00804
v 0.09608 0.10688 -0.00727
v 0.09710 0.10856 -0.00701
v 0.09552 0.10739 -0.00865
v 0.09489 0.10530 -0.00774
v 0.09725 0.11114 -0.00869
v 0.09709 0.10989 -0.00806
v 0.09781 0.11045 -0.00716
v 0.09835 0.11243 -0.00752
v 0.09650 0.10060 -0.00007
v 0.09805 0.10145 0.00188
v 0.09993 0.10300 0.00143
v 0.09894 0.10244 0.00023
v 0.09460 0.09792 0.00228
v 0.09579 0.09868 0.00425
v 0.09667 0.09992 0.00296
v 0.09515 0.09905 0.00077
v 0.09686 0.09943 0.00637
v 0.09795 0.10076 0.00533
v 0.09770 0.10018 0.00879
v 0.09876 0.10154 0.00806
v 0.09842 0.10092 0.01136
v 0.09934 0.10230 0.01098
v 0.09579 0.09798 0.00715
v 0.09603 0.09801 0.00839
v 0.09682 0.09904 0.00878
v 0.09622 0.09858 0.00689
v 0.09614 0.09786 0.00983
v 0.09733 0.09942 0.01083
v 0.09471 0.09699 0.00572
v 0.09531 0.09758 0.00633
v 0.09542 0.09799 0.00534
v 0.09453 0.09732 0.00396
v 0.10119 0.10557 0.01100
v 0.10198 0.10741 0.00855
v 0.10181 0.10658 0.00722
v 0.10102 0.10492 0.00923
v 0.10263 0.10959 0.00626
v 0.10244 0.10859 0.00525
v 0.10304 0.11246 0.00432
v 0.10274 0.11133 0.00335
v 0.10332 0.11566 0.00254
v 0.10288 0.11441 0.00149
v 0.10228 0.10820 0.01307
v 0.10273 0.10967 0.01041
v 0.10230 0.10845 0.00968
v 0.10165 0.10666 0.01240
v 0.10317 0.11143 0.00817
v 0.10289 0.11055 0.00728
v 0.10363 0.11373 0.00676
v 0.10336 0.11327 0.00552
v 0.10408 0.11630 0.00576
v 0.10375 0.11629 0.00407
v 0.10377 0.11242 0.01163
v 0.10367 0.11249 0.01031
v 0.10319 0.11104 0.01052
v 0.10301 0.11019 0.01263
v 0.10367 0.11281 0.00931
v 0.10343 0.11215 0.00881
v 0.10386 0.11363 0.00894
v 0.10377 0.11378 0.00788
v 0.10415 0.11470 0.00889
v 0.10417 0.11566 0.00735
v 0.11779 0.08089 -0.00152
v 0.11749 0.08065 -0.00151
v 0.11821 0.08128 -0.00173
v 0.11744 0.08073 -0.00192
v 0.11752 0.08096 -0.00254
v 0.12098 0.04377 -0.00135
v 0.12097 0.04373 -0.00064
v 0.12042 0.04769 -0.00147
v 0.12044 0.04776 -0.00214
v 0.12107 0.04372 -0.00019
v 0.12050 0.04767 -0.00104
v 0.12140 0.04376 -0.00024
v 0.12082 0.04773 -0.00108
v 0.12186 0.04381 -0.00054
v 0.12125 0.04784 -0.00135
v 0.12230 0.03815 0.00101
v 0.12275 0.03815 0.00093
v 0.12206 0.04072 0.00040
v 0.12167 0.04070 0.00046
v 0.12335 0.03815 0.00052
v 0.12258 0.04074 0.00005
v 0.12217 0.03815 -0.00051
v 0.12216 0.03815 0.00042
v 0.12155 0.04071 -0.00005
v 0.12157 0.04072 -0.00085
v 0.11994 0.03912 -0.00078
v 0.12021 0.03914 -0.00083
v 0.12013 0.04964 0.00112
v 0.11991 0.04962 0.00116
v 0.12056 0.03924 -0.00107
v 0.12044 0.04974 0.00092
v 0.12012 0.05923 0.00314
v 0.11985 0.05913 0.00331
v 0.11966 0.05911 0.00334
v 0.11985 0.04975 0.00087
v 0.11984 0.03923 -0.00112
v 0.11963 0.05928 0.00311
v 0.11968 0.05954 0.00275
v 0.11987 0.04996 0.00043
v 0.11981 0.03942 -0.00166
v 0.11917 0.06659 0.00598
v 0.11899 0.06659 0.00602
v 0.11942 0.06671 0.00582
v 0.11854 0.07223 0.00843
v 0.11828 0.07210 0.00858
v 0.11810 0.07211 0.00864
v 0.11896 0.06683 0.00584
v 0.11805 0.07242 0.00850
v 0.11808 0.07287 0.00826
v 0.11900 0.06719 0.00556
v 0.11617 0.08372 0.01575
v 0.11642 0.08378 0.01566
v 0.11655 0.08520 0.01651
v 0.11614 0.08509 0.01668
v 0.11675 0.08398 0.01540
v 0.11706 0.08553 0.01612
v 0.11749 0.08661 0.01646
v 0.11676 0.08611 0.01703
v 0.11613 0.08594 0.01728
v 0.11590 0.08541 0.01640
v 0.11607 0.08394 0.01555
v 0.11569 0.08642 0.01692
v 0.11535 0.08722 0.01625
v 0.11574 0.08594 0.01589
v 0.11605 0.08430 0.01518
v 0.11654 0.07846 0.01236
v 0.11625 0.08132 0.01419
v 0.11619 0.08155 0.01403
v 0.11648 0.07876 0.01223
v 0.11620 0.08192 0.01376
v 0.11649 0.07920 0.01201
v 0.11672 0.07845 0.01229
v 0.11644 0.08134 0.01412
v 0.11698 0.07859 0.01213
v 0.11670 0.08149 0.01394
v 0.11697 0.08618 0.01705
v 0.11637 0.08602 0.01697
v 0.11642 0.08580 0.01724
v 0.11687 0.08575 0.01781
v 0.11578 0.08595 0.01745
v 0.11609 0.08555 0.01826
v 0.11644 0.08519 0.01891
v 0.11643 0.08556 0.01754
v 0.11662 0.08538 0.01839
v 0.11264 0.08561 0.02200
v 0.11472 0.08419 0.02446
v 0.11561 0.08493 0.02112
v 0.11436 0.08582 0.01957
v 0.11660 0.08291 0.02734
v 0.11671 0.08412 0.02294
v 0.11762 0.08402 0.02417
v 0.11884 0.08505 0.02199
v 0.11771 0.08544 0.01970
v 0.11697 0.08479 0.02101
v 0.12030 0.08648 0.01985
v 0.11857 0.08632 0.01840
v 0.11592 0.08681 0.01633
v 0.11638 0.08632 0.01659
v 0.11659 0.08649 0.01637
v 0.11669 0.08737 0.01591
v 0.11755 0.08672 0.01664
v 0.11800 0.08726 0.01613
v 0.11683 0.08668 0.01612
v 0.11744 0.08780 0.01558
v 0.12222 0.08870 0.01776
v 0.11969 0.08766 0.01713
v 0.12437 0.09132 0.01569
v 0.12093 0.08924 0.01586
v 0.11595 0.08620 0.01677
v 0.11624 0.08618 0.01678
v 0.11565 0.08624 0.01673
v 0.11499 0.08629 0.01732
v 0.11504 0.08700 0.01641
v 0.11426 0.08708 0.01654
v 0.11533 0.08628 0.01669
v 0.11435 0.08664 0.01708
v 0.11515 0.09143 0.01425
v 0.11169 0.09133 0.01510
v 0.11344 0.08886 0.01593
v 0.11556 0.08892 0.01542
v 0.10823 0.09180 0.01593
v 0.11132 0.08918 0.01642
v 0.12210 0.09445 0.01256
v 0.11863 0.09266 0.01341
v 0.11771 0.08972 0.01485
v 0.11987 0.09090 0.01426
v 0.11406 0.09641 0.01128
v 0.11045 0.09613 0.01212
v 0.11066 0.09390 0.01368
v 0.11459 0.09412 0.01273
v 0.10672 0.09617 0.01294
v 0.10668 0.09415 0.01464
v 0.12071 0.09855 0.00953
v 0.11744 0.09732 0.01041
v 0.11839 0.09528 0.01181
v 0.12214 0.09693 0.01090
v 0.11356 0.09858 0.00966
v 0.11224 0.09870 0.00973
v 0.11112 0.09760 0.01085
v 0.11375 0.09774 0.01035
v 0.11089 0.09921 0.00951
v 0.10840 0.09779 0.01123
v 0.11600 0.10026 0.00812
v 0.11480 0.09923 0.00903
v 0.11619 0.09849 0.00958
v 0.11854 0.09956 0.00869
v 0.10753 0.08917 0.01918
v 0.11018 0.08732 0.02038
v 0.11282 0.08687 0.01859
v 0.11113 0.08801 0.01788
v 0.10441 0.08786 0.02321
v 0.10674 0.08629 0.02467
v 0.10811 0.08700 0.02257
v 0.10537 0.08891 0.02108
v 0.10905 0.08475 0.02636
v 0.11074 0.08519 0.02441
v 0.11134 0.08326 0.02853
v 0.11318 0.08360 0.02696
v 0.11361 0.08180 0.03094
v 0.11551 0.08212 0.02985
v 0.10713 0.08431 0.02800
v 0.10781 0.08348 0.02925
v 0.10956 0.08328 0.02913
v 0.10795 0.08448 0.02740
v 0.10829 0.08253 0.03081
v 0.11110 0.08203 0.03111
v 0.10484 0.08535 0.02710
v 0.10608 0.08489 0.02739
v 0.10620 0.08559 0.02617
v 0.10439 0.08665 0.02520
v 0.12020 0.08269 0.02849
v 0.12170 0.08450 0.02509
v 0.12016 0.08474 0.02376
v 0.11868 0.08329 0.02665
v 0.12355 0.08659 0.02194
v 0.12195 0.08657 0.02098
v 0.12613 0.08922 0.01926
v 0.12434 0.08919 0.01843
v 0.12908 0.09212 0.01683
v 0.12703 0.09219 0.01600
v 0.12453 0.08246 0.02995
v 0.12535 0.08445 0.02657
v 0.12348 0.08436 0.02610
v 0.12222 0.08232 0.02971
v 0.12663 0.08641 0.02363
v 0.12516 0.08651 0.02286
v 0.12884 0.08832 0.02157
v 0.12769 0.08888 0.02036
v 0.13151 0.09021 0.01995
v 0.13064 0.09137 0.01823
v 0.12946 0.08477 0.02709
v 0.12894 0.08560 0.02565
v 0.12716 0.08492 0.02630
v 0.12697 0.08342 0.02886
v 0.12889 0.08634 0.02450
v 0.12783 0.08636 0.02413
v 0.12975 0.08692 0.02390
v 0.12944 0.08765 0.02275
v 0.13107 0.08743 0.02358
v 0.13151 0.08886 0.02175
v 0.11740 0.07571 0.01057
v 0.11722 0.07573 0.01063
v 0.11765 0.07585 0.01041
v 0.11717 0.07605 0.01051
v 0.11718 0.07653 0.01029
v 0.13589 0.10715 -0.00971
v 0.13609 0.10707 -0.00980
v 0.13719 0.11059 -0.01031
v 0.13688 0.11075 -0.01011
v 0.13632 0.10694 -0.01008
v 0.13754 0.11035 -0.01082
v 0.13852 0.11184 -0.01121
v 0.13799 0.11222 -0.01036
v 0.13752 0.11250 -0.01003
v 0.13559 0.10704 -0.01044
v 0.13573 0.10712 -0.00998
v 0.13664 0.11077 -0.01056
v 0.13643 0.11072 -0.01134
v 0.13717 0.11258 -0.01073
v 0.13687 0.11256 -0.01195
v 0.13266 0.08995 -0.00696
v 0.13281 0.09006 -0.00656
v 0.13406 0.09981 -0.00858
v 0.13393 0.09970 -0.00894
v 0.13298 0.09010 -0.00632
v 0.13420 0.09987 -0.00835
v 0.13319 0.09003 -0.00638
v 0.13439 0.09980 -0.00841
v 0.13343 0.08989 -0.00660
v 0.13459 0.09968 -0.00861
v 0.12433 0.04209 0.00078
v 0.12454 0.04208 0.00130
v 0.12560 0.04594 0.00104
v 0.12542 0.04594 0.00055
v 0.12475 0.04206 0.00160
v 0.12580 0.04591 0.00133
v 0.12777 0.05149 0.00076
v 0.12757 0.05153 0.00048
v 0.12738 0.05154 -0.00001
v 0.12799 0.05142 0.00064
v 0.13113 0.05889 -0.00028
v 0.13089 0.05897 -0.00016
v 0.12821 0.05132 0.00031
v 0.13137 0.05879 -0.00060
v 0.13387 0.06801 -0.00206
v 0.13361 0.06812 -0.00176
v 0.13336 0.06821 -0.00165
v 0.12498 0.04199 0.00146
v 0.12601 0.04583 0.00120
v 0.12522 0.04191 0.00110
v 0.12623 0.04574 0.00086
v 0.13067 0.05902 -0.00045
v 0.13045 0.05905 -0.00093
v 0.13313 0.06825 -0.00193
v 0.13289 0.06828 -0.00240
v 0.13826 0.11198 -0.01082
v 0.13775 0.11206 -0.01067
v 0.13785 0.11207 -0.01039
v 0.13838 0.11221 -0.01011
v 0.13745 0.11249 -0.01029
v 0.13792 0.11262 -0.00963
v 0.13836 0.11267 -0.00910
v 0.13793 0.11211 -0.01008
v 0.13835 0.11242 -0.00952
v 0.13657 0.11596 -0.00717
v 0.13884 0.11585 -0.00519
v 0.13845 0.11406 -0.00761
v 0.13707 0.11410 -0.00885
v 0.14112 0.11613 -0.00305
v 0.13983 0.11426 -0.00625
v 0.14094 0.11458 -0.00563
v 0.14126 0.11350 -0.00764
v 0.13965 0.11281 -0.00899
v 0.13945 0.11345 -0.00776
v 0.14183 0.11258 -0.00993
v 0.13998 0.11227 -0.01038
v 0.13728 0.11229 -0.01148
v 0.13767 0.11201 -0.01108
v 0.13777 0.11190 -0.01134
v 0.13780 0.11210 -0.01217
v 0.13863 0.11185 -0.01147
v 0.13887 0.11171 -0.01215
v 0.13789 0.11179 -0.01163
v 0.13833 0.11189 -0.01273
v 0.14289 0.11197 -0.01276
v 0.14058 0.11191 -0.01209
v 0.14418 0.11152 -0.01586
v 0.14131 0.11164 -0.01397
v 0.13738 0.11218 -0.01085
v 0.13760 0.11208 -0.01087
v 0.13714 0.11229 -0.01085
v 0.13684 0.11288 -0.01047
v 0.13668 0.11272 -0.01145
v 0.13614 0.11310 -0.01135
v 0.13688 0.11241 -0.01086
v 0.13631 0.11316 -0.01074
v 0.13663 0.11391 -0.01551
v 0.13431 0.11545 -0.01462
v 0.13557 0.11400 -0.01275
v 0.13699 0.11305 -0.01330
v 0.13211 0.11728 -0.01413
v 0.13421 0.11512 -0.01248
v 0.14178 0.11228 -0.01929
v 0.13915 0.11295 -0.01720
v 0.13855 0.11245 -0.01440
v 0.14016 0.11203 -0.01577
v 0.13544 0.11540 -0.02020
v 0.13300 0.11691 -0.01918
v 0.13341 0.11644 -0.01693
v 0.13604 0.11475 -0.01800
v 0.13053 0.11860 -0.01839
v 0.13083 0.11840 -0.01619
v 0.14023 0.11336 -0.02340
v 0.13785 0.11428 -0.02169
v 0.13878 0.11360 -0.01973
v 0.14158 0.11272 -0.02179
v 0.13477 0.11591 -0.02238
v 0.13380 0.11647 -0.02225
v 0.13324 0.11683 -0.02086
v 0.13506 0.11574 -0.02151
v 0.13276 0.11711 -0.02252
v 0.13136 0.11804 -0.02048
v 0.13636 0.11515 -0.02464
v 0.13560 0.11549 -0.02331
v 0.13676 0.11490 -0.02273
v 0.13841 0.11420 -0.02422
v 0.13214 0.11811 -0.01032
v 0.13435 0.11684 -0.00882
v 0.13569 0.11466 -0.00987
v 0.13430 0.11548 -0.01076
v 0.13097 0.12076 -0.00686
v 0.13306 0.11990 -0.00537
v 0.13347 0.11862 -0.00715
v 0.13111 0.11980 -0.00883
v 0.13522 0.11920 -0.00376
v 0.13590 0.11775 -0.00533
v 0.13754 0.11882 -0.00193
v 0.13844 0.11747 -0.00325
v 0.13993 0.11861 0.00002
v 0.14105 0.11750 -0.00103
v 0.13426 0.12057 -0.00234
v 0.13510 0.12059 -0.00121
v 0.13638 0.11980 -0.00138
v 0.13470 0.12004 -0.00288
v 0.13590 0.12080 0.00018
v 0.13810 0.11971 0.00030
v 0.13233 0.12144 -0.00319
v 0.13332 0.12091 -0.00290
v 0.13308 0.12056 -0.00403
v 0.13149 0.12123 -0.00500
v 0.14426 0.11542 -0.00277
v 0.14447 0.11398 -0.00599
v 0.14285 0.11387 -0.00666
v 0.14253 0.11522 -0.00395
v 0.14509 0.11271 -0.00930
v 0.14351 0.11270 -0.00959
v 0.14651 0.11178 -0.01280
v 0.14483 0.11190 -0.01299
v 0.14833 0.11102 -0.01639
v 0.14647 0.11127 -0.01661
v 0.14809 0.11466 -0.00241
v 0.14781 0.11355 -0.00564
v 0.14618 0.11387 -0.00559
v 0.14620 0.11523 -0.00214
v 0.14803 0.11252 -0.00868
v 0.14664 0.11264 -0.00896
v 0.14928 0.11167 -0.01133
v 0.14805 0.11169 -0.01220
v 0.15105 0.11091 -0.01379
v 0.14993 0.11087 -0.01536
v 0.15121 0.11264 -0.00613
v 0.15042 0.11245 -0.00737
v 0.14918 0.11305 -0.00634
v 0.14972 0.11374 -0.00395
v 0.15007 0.11221 -0.00847
v 0.14913 0.11238 -0.00854
v 0.15061 0.11191 -0.00929
v 0.15006 0.11176 -0.01034
v 0.15159 0.11157 -0.00996
v 0.15149 0.11118 -0.01195
v 0.13362 0.07898 -0.00398
v 0.13338 0.07907 -0.00389
v 0.13387 0.07885 -0.00424
v 0.13317 0.07907 -0.00416
v 0.13297 0.07902 -0.00459
v 0.12446 0.03831 0.00159
v 0.12480 0.03832 0.00138
v 0.12470 0.03976 0.00148
v 0.12443 0.03979 0.00165
v 0.12512 0.03834 0.00087
v 0.12498 0.03972 0.00106
v 0.12374 0.03833 0.00054
v 0.12411 0.03832 0.00121
v 0.12415 0.03981 0.00132
v 0.12388 0.03982 0.00073
v 0.10753 0.11204 -0.01065
v 0.10778 0.11208 -0.01068
v 0.10727 0.11626 -0.01139
v 0.10692 0.11626 -0.01131
v 0.10813 0.11201 -0.01089
v 0.10772 0.11612 -0.01172
v 0.10752 0.11817 -0.01217
v 0.10693 0.11840 -0.01168
v 0.10645 0.11846 -0.01155
v 0.10752 0.11142 -0.01140
v 0.10747 0.11178 -0.01094
v 0.10679 0.11600 -0.01172
v 0.10677 0.11560 -0.01239
v 0.10622 0.11818 -0.01214
v 0.10611 0.11772 -0.01310
v 0.10942 0.09289 -0.00803
v 0.10936 0.09320 -0.00754
v 0.10837 0.10351 -0.00942
v 0.10843 0.10315 -0.00986
v 0.10941 0.09343 -0.00721
v 0.10841 0.10376 -0.00913
v 0.10967 0.09351 -0.00721
v 0.10865 0.10382 -0.00914
v 0.11005 0.09352 -0.00737
v 0.10899 0.10377 -0.00929
v 0.11636 0.05340 -0.00328
v 0.11669 0.05352 -0.00332
v 0.11429 0.06241 -0.00351
v 0.11397 0.06220 -0.00347
v 0.11713 0.05379 -0.00359
v 0.11474 0.06278 -0.00376
v 0.11249 0.07323 -0.00419
v 0.11205 0.07285 -0.00397
v 0.11174 0.07260 -0.00394
v 0.11632 0.05390 -0.00434
v 0.11628 0.05357 -0.00370
v 0.11391 0.06231 -0.00385
v 0.11397 0.06257 -0.00444
v 0.11169 0.07258 -0.00429
v 0.11177 0.07269 -0.00482
v 0.11066 0.08321 -0.00535
v 0.11037 0.08302 -0.00534
v 0.11107 0.08341 -0.00553
v 0.11032 0.08288 -0.00568
v 0.11039 0.08277 -0.00619
v 0.11951 0.04460 -0.00320
v 0.11951 0.04444 -0.00254
v 0.11813 0.04789 -0.00317
v 0.11815 0.04816 -0.00383
v 0.11962 0.04435 -0.00211
v 0.11822 0.04774 -0.00274
v 0.11993 0.04440 -0.00215
v 0.11854 0.04781 -0.00278
v 0.12034 0.04451 -0.00242
v 0.11897 0.04800 -0.00305
v 0.12146 0.04107 -0.00130
v 0.12179 0.04109 -0.00133
v 0.12093 0.04239 -0.00169
v 0.12063 0.04237 -0.00166
v 0.12222 0.04112 -0.00162
v 0.12132 0.04246 -0.00196
v 0.12130 0.04110 -0.00251
v 0.12133 0.04107 -0.00178
v 0.12052 0.04241 -0.00209
v 0.12050 0.04248 -0.00275
v 0.09932 0.12094 -0.01413
v 0.10138 0.12112 -0.01194
v 0.10365 0.11963 -0.01211
v 0.10233 0.11952 -0.01342
v 0.10332 0.12176 -0.00985
v 0.10487 0.12003 -0.01084
v 0.10616 0.11848 -0.01166
v 0.10551 0.11849 -0.01201
v 0.10500 0.11843 -0.01242
v 0.09656 0.12377 -0.01203
v 0.09828 0.12401 -0.00976
v 0.09954 0.12266 -0.01099
v 0.09745 0.12239 -0.01346
v 0.10008 0.12463 -0.00768
v 0.10161 0.12338 -0.00869
v 0.09676 0.12608 -0.00882
v 0.09760 0.12565 -0.00776
v 0.09776 0.12493 -0.00871
v 0.09646 0.12497 -0.01046
v 0.09838 0.12568 -0.00681
v 0.09909 0.12530 -0.00713
v 0.10502 0.12334 -0.00799
v 0.10589 0.12101 -0.00965
v 0.10661 0.12538 -0.00623
v 0.10680 0.12228 -0.00851
v 0.10667 0.11942 -0.01061
v 0.10639 0.11900 -0.01108
v 0.10203 0.12603 -0.00599
v 0.10364 0.12500 -0.00673
v 0.10406 0.12782 -0.00450
v 0.10565 0.12708 -0.00494
v 0.09902 0.12660 -0.00606
v 0.10051 0.12647 -0.00587
v 0.09960 0.12798 -0.00542
v 0.10196 0.12804 -0.00478
v 0.11203 0.11719 -0.01958
v 0.10899 0.11704 -0.01803
v 0.10804 0.11744 -0.01534
v 0.10993 0.11746 -0.01637
v 0.10602 0.11719 -0.01698
v 0.10619 0.11758 -0.01465
v 0.10635 0.11784 -0.01270
v 0.10703 0.11767 -0.01323
v 0.10770 0.11757 -0.01364
v 0.11109 0.11607 -0.02383
v 0.10828 0.11576 -0.02265
v 0.10896 0.11638 -0.02058
v 0.11221 0.11664 -0.02205
v 0.10541 0.11585 -0.02181
v 0.10572 0.11651 -0.01955
v 0.10721 0.11552 -0.02587
v 0.10618 0.11528 -0.02483
v 0.10731 0.11544 -0.02394
v 0.10932 0.11573 -0.02500
v 0.10512 0.11526 -0.02419
v 0.10523 0.11548 -0.02321
v 0.10317 0.11794 -0.01690
v 0.10444 0.11802 -0.01460
v 0.10039 0.11900 -0.01732
v 0.10274 0.11862 -0.01487
v 0.10499 0.11811 -0.01296
v 0.10563 0.11796 -0.01288
v 0.10243 0.11674 -0.02163
v 0.10249 0.11742 -0.01940
v 0.09938 0.11802 -0.02180
v 0.09926 0.11871 -0.01969
v 0.10398 0.11569 -0.02434
v 0.10303 0.11618 -0.02316
v 0.10280 0.11635 -0.02487
v 0.10077 0.11721 -0.02345
v 0.10634 0.11803 -0.01208
v 0.10608 0.11802 -0.01214
v 0.10581 0.11801 -0.01220
v 0.10756 0.12322 -0.00800
v 0.10873 0.12158 -0.00922
v 0.10779 0.12000 -0.01039
v 0.10708 0.12096 -0.00961
v 0.11009 0.12020 -0.01084
v 0.10859 0.11918 -0.01139
v 0.10721 0.11822 -0.01190
v 0.10708 0.11869 -0.01133
v 0.10684 0.11907 -0.01090
v 0.10963 0.12622 -0.00549
v 0.11114 0.12365 -0.00751
v 0.10984 0.12278 -0.00827
v 0.10839 0.12496 -0.00660
v 0.11292 0.12157 -0.00985
v 0.11153 0.12096 -0.01034
v 0.11761 0.12567 -0.00708
v 0.11740 0.12403 -0.00757
v 0.11584 0.12442 -0.00698
v 0.11541 0.12668 -0.00560
v 0.11748 0.12297 -0.00819
v 0.11658 0.12280 -0.00845
v 0.11555 0.12254 -0.00879
v 0.11426 0.12459 -0.00667
v 0.11328 0.12727 -0.00463
v 0.11183 0.11932 -0.01323
v 0.10961 0.11863 -0.01283
v 0.11375 0.11869 -0.01602
v 0.11073 0.11821 -0.01450
v 0.10813 0.11784 -0.01301
v 0.10773 0.11805 -0.01242
v 0.11522 0.12044 -0.01280
v 0.11367 0.11989 -0.01321
v 0.11778 0.11980 -0.01606
v 0.11606 0.11918 -0.01648
v 0.11817 0.12304 -0.00911
v 0.11794 0.12242 -0.01011
v 0.11915 0.12369 -0.01017
v 0.11962 0.12268 -0.01185
v 0.11971 0.12167 -0.01346
v 0.11748 0.12178 -0.01109
v 0.10668 0.11814 -0.01185
v 0.10671 0.11829 -0.01160
v 0.10670 0.11845 -0.01131
v 0.10671 0.11793 -0.01221
v 0.10690 0.11780 -0.01240
v 0.10711 0.11766 -0.01262
v 0.10658 0.11804 -0.01205
v 0.11653 0.12110 -0.01204
v 0.11430 0.12211 -0.00930
v 0.11905 0.12067 -0.01496
v 0.11266 0.12429 -0.00691
v 0.11131 0.12706 -0.00471
v 0.12290 0.03839 -0.00267
v 0.12298 0.03840 -0.00144
v 0.12215 0.03974 -0.00158
v 0.12210 0.03973 -0.00253
v 0.12322 0.03842 -0.00063
v 0.12233 0.03975 -0.00096
v 0.12376 0.03843 -0.00068
v 0.12275 0.03976 -0.00100
v 0.12445 0.03843 -0.00117
v 0.12329 0.03977 -0.00137
v 0.12570 0.03863 -0.00245
v 0.12534 0.03855 -0.00279
v 0.12843 0.05918 0.00009
v 0.12873 0.05921 0.00038
v 0.12457 0.03839 -0.00305
v 0.12779 0.05913 -0.00012
v 0.13051 0.07983 0.00138
v 0.13106 0.07980 0.00157
v 0.13131 0.07979 0.00182
v 0.12834 0.05917 0.00083
v 0.12526 0.03855 -0.00191
v 0.13099 0.07981 0.00220
v 0.13037 0.07985 0.00264
v 0.12762 0.05910 0.00136
v 0.12442 0.03838 -0.00128
v 0.13497 0.11950 -0.00185
v 0.13470 0.11949 -0.00208
v 0.13797 0.13557 -0.00352
v 0.13826 0.13559 -0.00331
v 0.13418 0.11957 -0.00225
v 0.13743 0.13566 -0.00366
v 0.14082 0.14862 -0.00509
v 0.14136 0.14854 -0.00498
v 0.14165 0.14856 -0.00478
v 0.13803 0.13582 -0.00297
v 0.13472 0.11970 -0.00153
v 0.14144 0.14881 -0.00444
v 0.14098 0.14916 -0.00403
v 0.13755 0.13616 -0.00257
v 0.13421 0.11998 -0.00115
v 0.14537 0.16474 -0.00936
v 0.14511 0.16471 -0.00956
v 0.14612 0.16784 -0.01066
v 0.14639 0.16786 -0.01043
v 0.14463 0.16479 -0.00972
v 0.14559 0.16794 -0.01085
v 0.14629 0.16944 -0.01143
v 0.14690 0.16932 -0.01121
v 0.14720 0.16931 -0.01093
v 0.14614 0.16810 -0.01012
v 0.14516 0.16501 -0.00909
v 0.14688 0.16952 -0.01053
v 0.14625 0.16983 -0.01007
v 0.14562 0.16846 -0.00977
v 0.14473 0.16540 -0.00880
v 0.14391 0.15829 -0.00714
v 0.14371 0.15855 -0.00684
v 0.14328 0.15893 -0.00649
v 0.14363 0.15826 -0.00732
v 0.14312 0.15834 -0.00746
v 0.13303 0.10039 0.00047
v 0.13274 0.10051 0.00081
v 0.13219 0.10068 0.00120
v 0.13277 0.10040 0.00023
v 0.13226 0.10047 0.00005
v 0.14708 0.18412 -0.00010
v 0.14809 0.18289 -0.00215
v 0.14597 0.18382 -0.00380
v 0.14518 0.18468 -0.00176
v 0.14888 0.18155 -0.00424
v 0.14667 0.18274 -0.00581
v 0.14455 0.18400 -0.00769
v 0.14394 0.18463 -0.00581
v 0.14337 0.18487 -0.00380
v 0.15131 0.18122 0.00135
v 0.15274 0.18044 -0.00060
v 0.15037 0.18172 -0.00120
v 0.14915 0.18285 0.00081
v 0.15370 0.17953 -0.00260
v 0.15125 0.18050 -0.00327
v 0.15145 0.17910 -0.00543
v 0.14926 0.17997 -0.00639
v 0.15371 0.17840 -0.00468
v 0.15306 0.17728 -0.00651
v 0.15113 0.17780 -0.00730
v 0.14925 0.17850 -0.00821
v 0.14720 0.18119 -0.00775
v 0.14521 0.18257 -0.00932
v 0.14749 0.17956 -0.00936
v 0.14579 0.18080 -0.01063
v 0.15046 0.17689 -0.00846
v 0.14892 0.17746 -0.00931
v 0.15206 0.17641 -0.00773
v 0.15101 0.17551 -0.00850
v 0.14969 0.17599 -0.00914
v 0.14844 0.17648 -0.00990
v 0.14752 0.17824 -0.01037
v 0.14618 0.17911 -0.01155
v 0.14735 0.17698 -0.01092
v 0.14634 0.17749 -0.01208
v 0.14905 0.17475 -0.00955
v 0.14799 0.17519 -0.01023
v 0.15019 0.17428 -0.00898
v 0.14948 0.17288 -0.00932
v 0.14849 0.17334 -0.00982
v 0.14755 0.17374 -0.01044
v 0.14707 0.17556 -0.01117
v 0.14622 0.17589 -0.01222
v 0.14673 0.17405 -0.01126
v 0.14598 0.17431 -0.01218
v 0.16122 0.17480 -0.00175
v 0.15994 0.17504 -0.00395
v 0.15828 0.17663 -0.00252
v 0.15959 0.17608 -0.00057
v 0.15843 0.17523 -0.00603
v 0.15681 0.17700 -0.00444
v 0.15508 0.17905 -0.00296
v 0.15647 0.17833 -0.00125
v 0.15782 0.17722 0.00041
v 0.16376 0.17161 -0.00515
v 0.16254 0.17239 -0.00758
v 0.16132 0.17366 -0.00569
v 0.16256 0.17327 -0.00335
v 0.16109 0.17302 -0.00969
v 0.15982 0.17399 -0.00781
v 0.15783 0.17417 -0.00950
v 0.15647 0.17530 -0.00785
v 0.15916 0.17333 -0.01120
v 0.15713 0.17343 -0.01203
v 0.15581 0.17424 -0.01059
v 0.15453 0.17526 -0.00917
v 0.15504 0.17699 -0.00629
v 0.15359 0.17898 -0.00477
v 0.15332 0.17673 -0.00780
v 0.15215 0.17841 -0.00646
v 0.15422 0.17420 -0.01089
v 0.15309 0.17511 -0.00974
v 0.15537 0.17344 -0.01210
v 0.15386 0.17318 -0.01179
v 0.15294 0.17390 -0.01076
v 0.15198 0.17469 -0.00986
v 0.15199 0.17631 -0.00873
v 0.15089 0.17767 -0.00778
v 0.15093 0.17566 -0.00919
v 0.14984 0.17671 -0.00864
v 0.15182 0.17315 -0.01059
v 0.15098 0.17387 -0.00982
v 0.15260 0.17247 -0.01149
v 0.15147 0.17153 -0.01120
v 0.15078 0.17218 -0.01039
v 0.15003 0.17283 -0.00971
v 0.15002 0.17467 -0.00933
v 0.14901 0.17552 -0.00897
v 0.14919 0.17351 -0.00930
v 0.14829 0.17421 -0.00903
v 0.16282 0.16857 -0.01789
v 0.16107 0.16994 -0.01749
v 0.16186 0.17032 -0.01473
v 0.16332 0.16885 -0.01535
v 0.15917 0.17121 -0.01690
v 0.16016 0.17164 -0.01408
v 0.16116 0.17232 -0.01118
v 0.16253 0.17089 -0.01179
v 0.16358 0.16922 -0.01251
v 0.16064 0.16846 -0.02143
v 0.15894 0.17011 -0.02212
v 0.16006 0.16993 -0.01989
v 0.16185 0.16847 -0.01981
v 0.15718 0.17158 -0.02216
v 0.15818 0.17127 -0.01957
v 0.15609 0.17239 -0.01844
v 0.15696 0.17230 -0.01595
v 0.15530 0.17271 -0.02089
v 0.15366 0.17336 -0.01909
v 0.15425 0.17310 -0.01700
v 0.15496 0.17303 -0.01489
v 0.15800 0.17267 -0.01339
v 0.15914 0.17328 -0.01081
v 0.15588 0.17333 -0.01274
v 0.15692 0.17382 -0.01057
v 0.15313 0.17323 -0.01577
v 0.15368 0.17323 -0.01401
v 0.15261 0.17340 -0.01751
v 0.15182 0.17296 -0.01624
v 0.15233 0.17288 -0.01478
v 0.15277 0.17294 -0.01329
v 0.15431 0.17353 -0.01221
v 0.15497 0.17400 -0.01040
v 0.15308 0.17327 -0.01178
v 0.15334 0.17373 -0.01025
v 0.15145 0.17213 -0.01405
v 0.15183 0.17222 -0.01275
v 0.15096 0.17217 -0.01534
v 0.15007 0.17120 -0.01462
v 0.15053 0.17119 -0.01346
v 0.15089 0.17128 -0.01229
v 0.15203 0.17253 -0.01142
v 0.15212 0.17295 -0.01007
v 0.15105 0.17155 -0.01109
v 0.15111 0.17190 -0.00989
v 0.15058 0.17278 -0.02842
v 0.15037 0.17372 -0.02601
v 0.15252 0.17255 -0.02528
v 0.15236 0.17169 -0.02746
v 0.15021 0.17441 -0.02351
v 0.15258 0.17321 -0.02299
v 0.15492 0.17228 -0.02231
v 0.15448 0.17162 -0.02425
v 0.15380 0.17076 -0.02604
v 0.14525 0.17578 -0.02801
v 0.14516 0.17724 -0.02593
v 0.14786 0.17536 -0.02612
v 0.14809 0.17420 -0.02845
v 0.14532 0.17817 -0.02372
v 0.14778 0.17615 -0.02370
v 0.14801 0.17622 -0.02107
v 0.15015 0.17463 -0.02081
v 0.14596 0.17804 -0.02128
v 0.14672 0.17726 -0.01906
v 0.14835 0.17579 -0.01875
v 0.15013 0.17446 -0.01845
v 0.15246 0.17348 -0.02046
v 0.15486 0.17255 -0.02007
v 0.15218 0.17344 -0.01817
v 0.15439 0.17257 -0.01790
v 0.14861 0.17508 -0.01726
v 0.15009 0.17403 -0.01695
v 0.14723 0.17625 -0.01754
v 0.14754 0.17508 -0.01627
v 0.14870 0.17416 -0.01618
v 0.14992 0.17334 -0.01596
v 0.15179 0.17321 -0.01656
v 0.15360 0.17251 -0.01614
v 0.15125 0.17271 -0.01547
v 0.15265 0.17217 -0.01484
v 0.14854 0.17309 -0.01508
v 0.14946 0.17240 -0.01514
v 0.14770 0.17385 -0.01478
v 0.14779 0.17259 -0.01319
v 0.14826 0.17194 -0.01397
v 0.14886 0.17134 -0.01439
v 0.15054 0.17186 -0.01472
v 0.15170 0.17140 -0.01405
v 0.14974 0.17085 -0.01413
v 0.15076 0.17041 -0.01353
v 0.13802 0.18396 -0.01800
v 0.14015 0.18295 -0.01692
v 0.14088 0.18175 -0.01938
v 0.13881 0.18262 -0.02006
v 0.14221 0.18171 -0.01591
v 0.14287 0.18067 -0.01860
v 0.14384 0.17963 -0.02136
v 0.14196 0.18039 -0.02179
v 0.13993 0.18094 -0.02189
v 0.13811 0.18494 -0.01276
v 0.14038 0.18454 -0.01167
v 0.14009 0.18382 -0.01432
v 0.13790 0.18462 -0.01549
v 0.14248 0.18376 -0.01084
v 0.14219 0.18274 -0.01334
v 0.14408 0.18108 -0.01273
v 0.14414 0.18004 -0.01505
v 0.14424 0.18220 -0.01052
v 0.14550 0.18035 -0.01060
v 0.14549 0.17928 -0.01247
v 0.14563 0.17833 -0.01445
v 0.14467 0.17918 -0.01761
v 0.14543 0.17842 -0.02029
v 0.14607 0.17762 -0.01664
v 0.14666 0.17703 -0.01895
v 0.14617 0.17781 -0.01254
v 0.14637 0.17700 -0.01419
v 0.14610 0.17868 -0.01094
v 0.14638 0.17703 -0.01128
v 0.14643 0.17640 -0.01266
v 0.14666 0.17576 -0.01402
v 0.14685 0.17634 -0.01593
v 0.14748 0.17575 -0.01772
v 0.14723 0.17512 -0.01529
v 0.14796 0.17447 -0.01654
v 0.14663 0.17480 -0.01253
v 0.14679 0.17433 -0.01364
v 0.14669 0.17522 -0.01132
v 0.14702 0.17334 -0.01121
v 0.14679 0.17312 -0.01227
v 0.14684 0.17280 -0.01316
v 0.14740 0.17374 -0.01453
v 0.14822 0.17310 -0.01532
v 0.14747 0.17229 -0.01372
v 0.14837 0.17169 -0.01410
v 0.15112 0.17141 -0.01349
v 0.15180 0.17181 -0.01204
v 0.15148 0.17103 -0.01176
v 0.15090 0.17066 -0.01334
v 0.15163 0.17263 -0.01062
v 0.15135 0.17181 -0.01023
v 0.15046 0.17075 -0.00997
v 0.15062 0.17012 -0.01140
v 0.15013 0.16985 -0.01287
v 0.14928 0.17412 -0.00918
v 0.14795 0.17495 -0.00967
v 0.14746 0.17427 -0.00930
v 0.14890 0.17351 -0.00872
v 0.14692 0.17529 -0.01091
v 0.14632 0.17464 -0.01053
v 0.14584 0.17332 -0.01024
v 0.14692 0.17304 -0.00913
v 0.14827 0.17241 -0.00863
v 0.14882 0.17267 -0.01525
v 0.15014 0.17183 -0.01475
v 0.14976 0.17105 -0.01459
v 0.14835 0.17186 -0.01517
v 0.14905 0.17013 -0.01398
v 0.14771 0.17078 -0.01449
v 0.15163 0.17263 -0.01062
v 0.15072 0.17341 -0.00951
v 0.15034 0.17267 -0.00913
v 0.15135 0.17181 -0.01023
v 0.14956 0.17158 -0.00898
v 0.15046 0.17075 -0.00997
v 0.14634 0.17504 -0.01241
v 0.14577 0.17433 -0.01213
v 0.14652 0.17425 -0.01384
v 0.14593 0.17361 -0.01369
v 0.14553 0.17245 -0.01315
v 0.14536 0.17307 -0.01172
v 0.14746 0.17352 -0.01496
v 0.14693 0.17275 -0.01479
v 0.14642 0.17162 -0.01414
v 0.14839 0.16942 -0.01335
v 0.14721 0.16995 -0.01378
v 0.14934 0.16920 -0.01240
v 0.14857 0.16879 -0.01193
v 0.14781 0.16897 -0.01270
v 0.14686 0.16939 -0.01305
v 0.14883 0.17066 -0.00900
v 0.14959 0.16992 -0.00986
v 0.14772 0.17140 -0.00871
v 0.14727 0.17056 -0.00898
v 0.14816 0.16996 -0.00921
v 0.14877 0.16937 -0.00990
v 0.14517 0.17195 -0.01138
v 0.14559 0.17215 -0.01009
v 0.14533 0.17142 -0.01263
v 0.14535 0.17058 -0.01212
v 0.14523 0.17099 -0.01112
v 0.14556 0.17116 -0.01009
v 0.14610 0.17069 -0.01349
v 0.14597 0.16999 -0.01281
v 0.14975 0.16940 -0.01111
v 0.14959 0.16992 -0.00986
v 0.14877 0.16937 -0.00990
v 0.14890 0.16896 -0.01090
v 0.14654 0.17193 -0.00914
v 0.14632 0.17098 -0.00932
v 0.14605 0.16955 -0.01211
v 0.14563 0.16996 -0.01163
v 0.14667 0.16914 -0.01227
v 0.14654 0.16899 -0.01156
v 0.14618 0.16925 -0.01149
v 0.14593 0.16947 -0.01119
v 0.14809 0.16884 -0.01078
v 0.14786 0.16872 -0.01150
v 0.14800 0.16913 -0.01009
v 0.14732 0.16899 -0.01029
v 0.14739 0.16883 -0.01070
v 0.14723 0.16875 -0.01111
v 0.14630 0.17025 -0.00968
v 0.14696 0.16995 -0.00944
v 0.14577 0.17037 -0.01022
v 0.14601 0.16971 -0.01036
v 0.14633 0.16967 -0.01004
v 0.14671 0.16947 -0.00991
v 0.14733 0.16885 -0.01203
v 0.14694 0.16883 -0.01144
v 0.14757 0.16954 -0.00961
v 0.14800 0.16913 -0.01009
v 0.14709 0.16924 -0.01000
v 0.14732 0.16899 -0.01029
v 0.14554 0.17025 -0.01093
v 0.14587 0.16967 -0.01079
v 0.14663 0.16870 -0.01103
v 0.14636 0.16875 -0.01102
v 0.14672 0.16862 -0.01079
v 0.14624 0.16858 -0.01049
v 0.14671 0.16894 -0.01020
v 0.14676 0.16874 -0.01037
v 0.14645 0.16899 -0.01018
v 0.14624 0.16858 -0.01049
v 0.14601 0.16919 -0.01065
v 0.14610 0.16911 -0.01041
v 0.14605 0.16899 -0.01083
v 0.14624 0.16858 -0.01049
v 0.14619 0.16895 -0.01106
v 0.14605 0.16899 -0.01083
v 0.14636 0.16875 -0.01102
v 0.14624 0.16858 -0.01049
v 0.14689 0.16870 -0.01060
v 0.14672 0.16862 -0.01079
v 0.14676 0.16874 -0.01037
v 0.14624 0.16858 -0.01049
v 0.14627 0.16919 -0.01022
v 0.14645 0.16899 -0.01018
v 0.14610 0.16911 -0.01041
v 0.14624 0.16858 -0.01049
v 0.15180 0.17181 -0.01204
v 0.15103 0.17212 -0.01206
v 0.15062 0.17269 -0.01111
v 0.15112 0.17141 -0.01349
v 0.15028 0.17189 -0.01298
v 0.14866 0.17271 -0.01198
v 0.14692 0.17529 -0.01091
v 0.14795 0.17495 -0.00967
v 0.14818 0.17445 -0.01031
v 0.14756 0.17443 -0.01130
v 0.14908 0.17366 -0.01017
v 0.15014 0.17183 -0.01475
v 0.14980 0.17213 -0.01406
v 0.14882 0.17267 -0.01525
v 0.14879 0.17272 -0.01413
v 0.15024 0.17331 -0.01019
v 0.14652 0.17425 -0.01384
v 0.14634 0.17504 -0.01241
v 0.14699 0.17453 -0.01234
v 0.14729 0.17376 -0.01321
v 0.14746 0.17352 -0.01496
v 0.14782 0.17340 -0.01423
v 0.12299 0.03816 0.00210
v 0.12323 0.03817 0.00160
v 0.12424 0.06500 0.00288
v 0.12404 0.06498 0.00329
v 0.12323 0.03819 0.00072
v 0.12425 0.06504 0.00214
v 0.12570 0.09187 0.00517
v 0.12570 0.09181 0.00581
v 0.12553 0.09179 0.00616
v 0.12345 0.06498 0.00302
v 0.12228 0.03817 0.00183
v 0.12502 0.09181 0.00591
v 0.12435 0.09187 0.00536
v 0.12265 0.06500 0.00242
v 0.12133 0.03818 0.00117
v 0.13027 0.14081 0.01858
v 0.13041 0.14080 0.01823
v 0.13202 0.15400 0.02103
v 0.13188 0.15404 0.02139
v 0.13043 0.14088 0.01762
v 0.13203 0.15410 0.02042
v 0.13338 0.16273 0.02144
v 0.13336 0.16262 0.02207
v 0.13323 0.16267 0.02244
v 0.13149 0.15433 0.02124
v 0.12985 0.14102 0.01840
v 0.13286 0.16302 0.02229
v 0.13238 0.16353 0.02189
v 0.13098 0.15475 0.02082
v 0.12929 0.14133 0.01796
v 0.13634 0.17795 0.02412
v 0.13649 0.17791 0.02371
v 0.13760 0.18154 0.02431
v 0.13741 0.18156 0.02476
v 0.13651 0.17803 0.02302
v 0.13762 0.18168 0.02352
v 0.13852 0.18375 0.02393
v 0.13849 0.18359 0.02482
v 0.13826 0.18358 0.02534
v 0.13689 0.18190 0.02456
v 0.13593 0.17833 0.02396
v 0.13760 0.18386 0.02509
v 0.13672 0.18429 0.02446
v 0.13621 0.18240 0.02404
v 0.13539 0.17888 0.02351
v 0.13483 0.17115 0.02335
v 0.13447 0.17153 0.02320
v 0.13399 0.17208 0.02279
v 0.13496 0.17110 0.02296
v 0.13498 0.17121 0.02232
v 0.12788 0.11856 0.01238
v 0.12742 0.11867 0.01216
v 0.12682 0.11884 0.01167
v 0.12803 0.11857 0.01205
v 0.12804 0.11864 0.01144
v 0.12806 0.20161 0.03036
v 0.13015 0.19961 0.03035
v 0.13166 0.20112 0.02800
v 0.12953 0.20265 0.02810
v 0.13222 0.19759 0.03009
v 0.13363 0.19937 0.02770
v 0.13538 0.20114 0.02531
v 0.13352 0.20242 0.02560
v 0.13132 0.20322 0.02570
v 0.12676 0.19720 0.03413
v 0.12896 0.19551 0.03474
v 0.12938 0.19766 0.03257
v 0.12725 0.19963 0.03232
v 0.13118 0.19403 0.03490
v 0.13153 0.19581 0.03249
v 0.13372 0.19419 0.03174
v 0.13425 0.19553 0.02933
v 0.13344 0.19300 0.03417
v 0.13528 0.19218 0.03290
v 0.13552 0.19286 0.03063
v 0.13590 0.19373 0.02839
v 0.13528 0.19715 0.02698
v 0.13656 0.19891 0.02466
v 0.13658 0.19498 0.02620
v 0.13741 0.19642 0.02404
v 0.13649 0.19188 0.02948
v 0.13685 0.19253 0.02756
v 0.13628 0.19135 0.03143
v 0.13673 0.19034 0.03005
v 0.13694 0.19088 0.02843
v 0.13731 0.19143 0.02684
v 0.13749 0.19339 0.02569
v 0.13827 0.19437 0.02387
v 0.13801 0.19199 0.02532
v 0.13888 0.19255 0.02384
v 0.13715 0.18950 0.02761
v 0.13750 0.18999 0.02624
v 0.13695 0.18897 0.02901
v 0.13705 0.18742 0.02815
v 0.13724 0.18792 0.02691
v 0.13756 0.18838 0.02570
v 0.13817 0.19040 0.02494
v 0.13899 0.19077 0.02368
v 0.13815 0.18872 0.02455
v 0.13886 0.18901 0.02343
v 0.13315 0.18956 0.04323
v 0.13503 0.18982 0.04110
v 0.13294 0.19160 0.03984
v 0.13132 0.19098 0.04192
v 0.13670 0.19003 0.03878
v 0.13446 0.19201 0.03762
v 0.13227 0.19430 0.03630
v 0.13095 0.19350 0.03837
v 0.12967 0.19226 0.04038
v 0.13764 0.18599 0.04473
v 0.13978 0.18687 0.04259
v 0.13735 0.18829 0.04195
v 0.13531 0.18785 0.04409
v 0.14152 0.18756 0.04031
v 0.13908 0.18865 0.03963
v 0.14017 0.18885 0.03692
v 0.13795 0.19011 0.03606
v 0.14244 0.18791 0.03774
v 0.14260 0.18803 0.03530
v 0.14062 0.18892 0.03440
v 0.13867 0.19007 0.03354
v 0.13579 0.19200 0.03509
v 0.13368 0.19421 0.03408
v 0.13679 0.19170 0.03274
v 0.13496 0.19359 0.03197
v 0.14038 0.18889 0.03262
v 0.13877 0.18990 0.03182
v 0.14206 0.18804 0.03341
v 0.14121 0.18775 0.03192
v 0.13980 0.18855 0.03130
v 0.13850 0.18944 0.03060
v 0.13731 0.19124 0.03100
v 0.13592 0.19275 0.03018
v 0.13743 0.19051 0.02972
v 0.13647 0.19168 0.02876
v 0.13922 0.18771 0.03017
v 0.13811 0.18851 0.02955
v 0.14045 0.18696 0.03069
v 0.13975 0.18591 0.02959
v 0.13864 0.18663 0.02914
v 0.13766 0.18736 0.02859
v 0.13726 0.18941 0.02871
v 0.13652 0.19036 0.02777
v 0.13693 0.18812 0.02784
v 0.13633 0.18890 0.02698
v 0.15008 0.18192 0.03902
v 0.14941 0.18378 0.03744
v 0.14675 0.18421 0.03923
v 0.14756 0.18223 0.04043
v 0.14839 0.18546 0.03572
v 0.14575 0.18595 0.03776
v 0.14303 0.18671 0.03983
v 0.14388 0.18485 0.04097
v 0.14464 0.18264 0.04170
v 0.15307 0.18180 0.03546
v 0.15357 0.18398 0.03355
v 0.15160 0.18378 0.03552
v 0.15178 0.18181 0.03731
v 0.15326 0.18588 0.03177
v 0.15087 0.18553 0.03374
v 0.14903 0.18686 0.03195
v 0.14670 0.18677 0.03375
v 0.15136 0.18722 0.03026
v 0.14887 0.18795 0.02916
v 0.14687 0.18766 0.03051
v 0.14488 0.18758 0.03200
v 0.14436 0.18718 0.03575
v 0.14201 0.18786 0.03785
v 0.14293 0.18792 0.03373
v 0.14099 0.18846 0.03559
v 0.14517 0.18781 0.02975
v 0.14350 0.18780 0.03096
v 0.14684 0.18799 0.02860
v 0.14521 0.18750 0.02820
v 0.14383 0.18741 0.02925
v 0.14242 0.18748 0.03023
v 0.14181 0.18814 0.03224
v 0.14012 0.18866 0.03357
v 0.14093 0.18784 0.03110
v 0.13939 0.18837 0.03191
v 0.14276 0.18658 0.02857
v 0.14152 0.18667 0.02944
v 0.14396 0.18661 0.02761
v 0.14288 0.18553 0.02691
v 0.14182 0.18553 0.02781
v 0.14070 0.18563 0.02860
v 0.14017 0.18702 0.03011
v 0.13878 0.18749 0.03068
v 0.13949 0.18592 0.02919
v 0.13823 0.18632 0.02967
v 0.15830 0.19162 0.02311
v 0.15528 0.19049 0.02355
v 0.15543 0.18922 0.02596
v 0.15808 0.19044 0.02522
v 0.15230 0.18964 0.02411
v 0.15272 0.18833 0.02669
v 0.15282 0.18729 0.02940
v 0.15502 0.18818 0.02840
v 0.15707 0.18940 0.02724
v 0.15484 0.19472 0.01843
v 0.15220 0.19417 0.01888
v 0.15402 0.19222 0.02120
v 0.15696 0.19310 0.02082
v 0.14979 0.19361 0.01956
v 0.15121 0.19149 0.02177
v 0.14866 0.19107 0.02271
v 0.14938 0.18934 0.02489
v 0.14783 0.19303 0.02070
v 0.14625 0.19227 0.02193
v 0.14657 0.19064 0.02371
v 0.14694 0.18917 0.02565
v 0.14991 0.18808 0.02740
v 0.15033 0.18704 0.03008
v 0.14738 0.18804 0.02791
v 0.14787 0.18707 0.03034
v 0.14517 0.18987 0.02444
v 0.14536 0.18870 0.02612
v 0.14498 0.19117 0.02288
v 0.14374 0.18987 0.02365
v 0.14406 0.18884 0.02491
v 0.14425 0.18792 0.02628
v 0.14554 0.18778 0.02806
v 0.14572 0.18699 0.03012
v 0.14419 0.18722 0.02787
v 0.14402 0.18662 0.02957
v 0.14283 0.18765 0.02513
v 0.14322 0.18688 0.02608
v 0.14223 0.18850 0.02435
v 0.14057 0.18709 0.02500
v 0.14155 0.18636 0.02522
v 0.14222 0.18569 0.02571
v 0.14315 0.18628 0.02738
v 0.14285 0.18576 0.02884
v 0.14225 0.18514 0.02673
v 0.14196 0.18466 0.02802
v 0.14234 0.19838 0.01378
v 0.14213 0.19842 0.01671
v 0.14492 0.19692 0.01639
v 0.14480 0.19688 0.01389
v 0.14189 0.19786 0.01941
v 0.14485 0.19645 0.01877
v 0.14786 0.19477 0.01806
v 0.14769 0.19510 0.01622
v 0.14714 0.19501 0.01444
v 0.13683 0.19947 0.01571
v 0.13641 0.19973 0.01808
v 0.13928 0.19924 0.01733
v 0.13964 0.19911 0.01453
v 0.13623 0.19937 0.02029
v 0.13904 0.19875 0.01989
v 0.13903 0.19704 0.02198
v 0.14164 0.19612 0.02161
v 0.13650 0.19781 0.02217
v 0.13702 0.19575 0.02348
v 0.13918 0.19488 0.02335
v 0.14141 0.19399 0.02308
v 0.14441 0.19493 0.02090
v 0.14727 0.19359 0.02001
v 0.14380 0.19303 0.02251
v 0.14628 0.19205 0.02179
v 0.13941 0.19308 0.02378
v 0.14127 0.19226 0.02356
v 0.13760 0.19389 0.02399
v 0.13805 0.19204 0.02417
v 0.13956 0.19138 0.02381
v 0.14108 0.19069 0.02362
v 0.14324 0.19144 0.02333
v 0.14526 0.19061 0.02308
v 0.14262 0.18995 0.02373
v 0.14417 0.18918 0.02401
v 0.13946 0.18956 0.02400
v 0.14069 0.18903 0.02378
v 0.13820 0.19002 0.02449
v 0.13820 0.18792 0.02487
v 0.13924 0.18768 0.02426
v 0.14021 0.18732 0.02400
v 0.14186 0.18838 0.02411
v 0.14298 0.18766 0.02471
v 0.14101 0.18676 0.02447
v 0.14174 0.18608 0.02529
v 0.14205 0.18577 0.02842
v 0.14075 0.18622 0.02964
v 0.14035 0.18535 0.02941
v 0.14182 0.18494 0.02823
v 0.13919 0.18713 0.02996
v 0.13868 0.18622 0.02981
v 0.13809 0.18503 0.02895
v 0.13966 0.18433 0.02862
v 0.14105 0.18404 0.02758
v 0.13684 0.18880 0.02797
v 0.13690 0.18973 0.02639
v 0.13633 0.18896 0.02601
v 0.13622 0.18811 0.02773
v 0.13785 0.19010 0.02488
v 0.13724 0.18938 0.02437
v 0.13676 0.18790 0.02396
v 0.13596 0.18759 0.02550
v 0.13590 0.18689 0.02710
v 0.14311 0.18718 0.02537
v 0.14305 0.18624 0.02695
v 0.14274 0.18537 0.02660
v 0.14287 0.18627 0.02490
v 0.14185 0.18435 0.02605
v 0.14191 0.18507 0.02445
v 0.13919 0.18713 0.02996
v 0.13770 0.18801 0.02939
v 0.13716 0.18717 0.02912
v 0.13868 0.18622 0.02981
v 0.13672 0.18596 0.02835
v 0.13809 0.18503 0.02895
v 0.13923 0.18982 0.02373
v 0.13874 0.18903 0.02322
v 0.14081 0.18894 0.02342
v 0.14044 0.18822 0.02285
v 0.13974 0.18694 0.02261
v 0.13815 0.18763 0.02293
v 0.14233 0.18812 0.02402
v 0.14196 0.18726 0.02353
v 0.14110 0.18601 0.02321
v 0.14095 0.18355 0.02557
v 0.14099 0.18414 0.02417
v 0.14027 0.18331 0.02691
v 0.13951 0.18285 0.02626
v 0.14006 0.18305 0.02518
v 0.14009 0.18352 0.02406
v 0.13650 0.18494 0.02756
v 0.13767 0.18411 0.02807
v 0.13579 0.18576 0.02649
v 0.13592 0.18482 0.02592
v 0.13648 0.18416 0.02678
v 0.13743 0.18350 0.02719
v 0.13773 0.18637 0.02285
v 0.13652 0.18660 0.02374
v 0.13911 0.18579 0.02259
v 0.13858 0.18484 0.02279
v 0.13748 0.18531 0.02300
v 0.13650 0.18549 0.02372
v 0.14029 0.18497 0.02310
v 0.13953 0.18418 0.02320
v 0.13905 0.18353 0.02780
v 0.13767 0.18411 0.02807
v 0.13743 0.18350 0.02719
v 0.13853 0.18303 0.02697
v 0.13584 0.18635 0.02508
v 0.13595 0.18530 0.02479
v 0.13881 0.18370 0.02354
v 0.13816 0.18416 0.02325
v 0.13920 0.18324 0.02413
v 0.13840 0.18308 0.02424
v 0.13820 0.18337 0.02389
v 0.13779 0.18361 0.02373
v 0.13812 0.18290 0.02615
v 0.13880 0.18278 0.02566
v 0.13735 0.18323 0.02630
v 0.13732 0.18307 0.02551
v 0.13779 0.18289 0.02545
v 0.13817 0.18280 0.02513
v 0.13633 0.18447 0.02464
v 0.13631 0.18414 0.02542
v 0.13671 0.18461 0.02389
v 0.13695 0.18387 0.02410
v 0.13672 0.18383 0.02455
v 0.13672 0.18360 0.02499
v 0.13918 0.18291 0.02491
v 0.13842 0.18290 0.02471
v 0.13670 0.18368 0.02602
v 0.13735 0.18323 0.02630
v 0.13694 0.18336 0.02537
v 0.13732 0.18307 0.02551
v 0.13739 0.18448 0.02340
v 0.13735 0.18383 0.02381
v 0.13788 0.18275 0.02452
v 0.13777 0.18280 0.02424
v 0.13765 0.18266 0.02470
v 0.13717 0.18262 0.02429
v 0.13702 0.18302 0.02490
v 0.13722 0.18280 0.02489
v 0.13691 0.18307 0.02463
v 0.13717 0.18262 0.02429
v 0.13726 0.18329 0.02400
v 0.13703 0.18320 0.02417
v 0.13746 0.18307 0.02398
v 0.13717 0.18262 0.02429
v 0.13775 0.18302 0.02405
v 0.13746 0.18307 0.02398
v 0.13777 0.18280 0.02424
v 0.13717 0.18262 0.02429
v 0.13751 0.18275 0.02495
v 0.13765 0.18266 0.02470
v 0.13722 0.18280 0.02489
v 0.13717 0.18262 0.02429
v 0.13689 0.18329 0.02443
v 0.13691 0.18307 0.02463
v 0.13703 0.18320 0.02417
v 0.13717 0.18262 0.02429
v 0.14075 0.18622 0.02964
v 0.14050 0.18656 0.02882
v 0.13936 0.18720 0.02872
v 0.14205 0.18577 0.02842
v 0.14121 0.18631 0.02771
v 0.13959 0.18722 0.02634
v 0.13785 0.19010 0.02488
v 0.13690 0.18973 0.02639
v 0.13765 0.18917 0.02642
v 0.13849 0.18914 0.02541
v 0.13782 0.18829 0.02742
v 0.14305 0.18624 0.02695
v 0.14220 0.18658 0.02683
v 0.14311 0.18718 0.02537
v 0.14191 0.18724 0.02573
v 0.13824 0.18790 0.02864
v 0.14081 0.18894 0.02342
v 0.13923 0.18982 0.02373
v 0.13939 0.18925 0.02445
v 0.14041 0.18839 0.02446
v 0.14233 0.18812 0.02402
v 0.14168 0.18799 0.02467
v 0.09126 0.14062 0.01864
v 0.09147 0.14102 0.01848
v 0.08910 0.14363 0.02107
v 0.08885 0.14316 0.02125
v 0.09155 0.14164 0.01804
v 0.08918 0.14438 0.02057
v 0.08792 0.14561 0.02237
v 0.08783 0.14469 0.02297
v 0.08753 0.14410 0.02317
v 0.09018 0.14092 0.01757
v 0.09079 0.14066 0.01825
v 0.08828 0.14322 0.02077
v 0.08755 0.14355 0.01996
v 0.08683 0.14418 0.02258
v 0.08593 0.14460 0.02159
v 0.10003 0.12539 0.01021
v 0.10061 0.12520 0.01088
v 0.09541 0.13490 0.01432
v 0.09484 0.13511 0.01367
v 0.10107 0.12521 0.01126
v 0.09586 0.13488 0.01470
v 0.10130 0.12564 0.01103
v 0.09607 0.13528 0.01451
v 0.10142 0.12628 0.01051
v 0.09617 0.13587 0.01404
v 0.11605 0.06201 0.00572
v 0.11637 0.06231 0.00542
v 0.11315 0.07729 0.00735
v 0.11286 0.07687 0.00762
v 0.11658 0.06271 0.00478
v 0.11333 0.07788 0.00674
v 0.10949 0.09522 0.00874
v 0.10935 0.09450 0.00933
v 0.10910 0.09400 0.00959
v 0.11492 0.06196 0.00458
v 0.11554 0.06193 0.00532
v 0.11236 0.07682 0.00723
v 0.11176 0.07694 0.00651
v 0.10862 0.09397 0.00920
v 0.10802 0.09417 0.00849
v 0.08795 0.14513 0.02256
v 0.08764 0.14430 0.02254
v 0.08798 0.14420 0.02288
v 0.08852 0.14471 0.02357
v 0.08735 0.14360 0.02330
v 0.08823 0.14370 0.02432
v 0.08906 0.14386 0.02511
v 0.08833 0.14404 0.02326
v 0.08887 0.14418 0.02438
v 0.08624 0.14008 0.03019
v 0.09003 0.14151 0.03304
v 0.08917 0.14286 0.02830
v 0.08684 0.14202 0.02651
v 0.09359 0.14287 0.03653
v 0.09135 0.14362 0.03053
v 0.09246 0.14467 0.03206
v 0.09178 0.14675 0.02894
v 0.08994 0.14558 0.02601
v 0.09039 0.14431 0.02788
v 0.09082 0.14941 0.02589
v 0.08933 0.14719 0.02417
v 0.08623 0.14438 0.02184
v 0.08722 0.14453 0.02205
v 0.08713 0.14489 0.02172
v 0.08610 0.14568 0.02120
v 0.08769 0.14620 0.02195
v 0.08731 0.14711 0.02125
v 0.08705 0.14530 0.02136
v 0.08613 0.14687 0.02066
v 0.08933 0.15327 0.02295
v 0.08839 0.14947 0.02238
v 0.08756 0.15771 0.02007
v 0.08729 0.15208 0.02062
v 0.08706 0.14395 0.02236
v 0.08731 0.14427 0.02231
v 0.08676 0.14362 0.02237
v 0.08631 0.14296 0.02333
v 0.08535 0.14356 0.02211
v 0.08467 0.14277 0.02242
v 0.08645 0.14329 0.02238
v 0.08535 0.14249 0.02316
v 0.07988 0.14715 0.01972
v 0.07748 0.14333 0.02137
v 0.08186 0.14329 0.02193
v 0.08334 0.14564 0.02091
v 0.07443 0.14004 0.02306
v 0.07996 0.14129 0.02294
v 0.08149 0.15742 0.01659
v 0.08101 0.15202 0.01814
v 0.08398 0.14869 0.01988
v 0.08419 0.15209 0.01883
v 0.07263 0.14974 0.01655
v 0.07030 0.14561 0.01821
v 0.07340 0.14418 0.01996
v 0.07601 0.14859 0.01811
v 0.06751 0.14168 0.01989
v 0.07021 0.14017 0.02187
v 0.07499 0.15895 0.01326
v 0.07403 0.15424 0.01490
v 0.07745 0.15378 0.01635
v 0.07830 0.15936 0.01465
v 0.06936 0.15075 0.01477
v 0.06819 0.14934 0.01513
v 0.06883 0.14739 0.01663
v 0.07064 0.15037 0.01553
v 0.06648 0.14820 0.01517
v 0.06656 0.14459 0.01760
v 0.06900 0.15483 0.01244
v 0.06945 0.15266 0.01377
v 0.07152 0.15370 0.01416
v 0.07193 0.15722 0.01266
v 0.07750 0.13687 0.02773
v 0.08199 0.13851 0.02864
v 0.08421 0.14103 0.02557
v 0.08141 0.13997 0.02507
v 0.07738 0.13256 0.03378
v 0.08134 0.13407 0.03513
v 0.08118 0.13605 0.03204
v 0.07649 0.13434 0.03077
v 0.08531 0.13561 0.03684
v 0.08573 0.13775 0.03385
v 0.08928 0.13721 0.03924
v 0.09002 0.13946 0.03673
v 0.09325 0.13884 0.04199
v 0.09417 0.14118 0.04014
v 0.08463 0.13320 0.03944
v 0.08637 0.13340 0.04095
v 0.08797 0.13524 0.04042
v 0.08495 0.13422 0.03847
v 0.08816 0.13332 0.04292
v 0.09103 0.13617 0.04273
v 0.08143 0.13134 0.03878
v 0.08300 0.13241 0.03888
v 0.08204 0.13301 0.03725
v 0.07918 0.13172 0.03638
v 0.09692 0.14694 0.03745
v 0.09530 0.14985 0.03268
v 0.09355 0.14815 0.03112
v 0.09466 0.14551 0.03523
v 0.09370 0.15342 0.02823
v 0.09225 0.15148 0.02718
v 0.09212 0.15833 0.02443
v 0.09058 0.15616 0.02358
v 0.09056 0.16390 0.02094
v 0.08871 0.16153 0.02015
v 0.10088 0.15188 0.03870
v 0.09854 0.15415 0.03409
v 0.09708 0.15187 0.03375
v 0.09918 0.14906 0.03875
v 0.09667 0.15698 0.03003
v 0.09525 0.15529 0.02923
v 0.09576 0.16092 0.02704
v 0.09395 0.15995 0.02564
v 0.09533 0.16543 0.02460
v 0.09293 0.16522 0.02252
v 0.10147 0.15921 0.03415
v 0.09983 0.15916 0.03234
v 0.09935 0.15661 0.03346
v 0.10145 0.15537 0.03687
v 0.09870 0.15960 0.03083
v 0.09777 0.15836 0.03051
v 0.09857 0.16102 0.02993
v 0.09725 0.16116 0.02848
v 0.09895 0.16294 0.02934
v 0.09725 0.16447 0.02691
v 0.10556 0.11133 0.00993
v 0.10532 0.11085 0.01018
v 0.10569 0.11204 0.00937
v 0.10485 0.11083 0.00980
v 0.10427 0.11103 0.00910
v 0.11846 0.04530 0.00441
v 0.11913 0.04541 0.00520
v 0.11759 0.05186 0.00491
v 0.11696 0.05183 0.00416
v 0.11969 0.04553 0.00561
v 0.11812 0.05196 0.00531
v 0.12001 0.04567 0.00524
v 0.11843 0.05217 0.00498
v 0.12021 0.04582 0.00448
v 0.11864 0.05244 0.00430
v 0.12318 0.03873 0.00602
v 0.12358 0.03874 0.00551
v 0.12175 0.04160 0.00540
v 0.12140 0.04152 0.00583
v 0.12382 0.03864 0.00450
v 0.12197 0.04162 0.00452
v 0.12157 0.03814 0.00452
v 0.12245 0.03849 0.00552
v 0.12077 0.04135 0.00539
v 0.12000 0.04113 0.00451
v 0.12590 0.14881 0.03888
v 0.12615 0.14890 0.03845
v 0.12572 0.15728 0.04210
v 0.12540 0.15710 0.04282
v 0.12626 0.14908 0.03765
v 0.12578 0.15761 0.04079
v 0.12606 0.16014 0.04071
v 0.12605 0.15960 0.04273
v 0.12565 0.15931 0.04384
v 0.12463 0.14908 0.03785
v 0.12534 0.14890 0.03855
v 0.12457 0.15723 0.04234
v 0.12348 0.15752 0.04127
v 0.12443 0.15950 0.04315
v 0.12282 0.15994 0.04156
v 0.12870 0.10386 0.01783
v 0.12935 0.10370 0.01847
v 0.12741 0.12842 0.02881
v 0.12679 0.12857 0.02820
v 0.12987 0.10362 0.01878
v 0.12790 0.12834 0.02910
v 0.13013 0.10369 0.01841
v 0.12814 0.12841 0.02875
v 0.13026 0.10384 0.01771
v 0.12826 0.12855 0.02809
v 0.12021 0.03847 0.00230
v 0.12092 0.03830 0.00301
v 0.12516 0.05085 0.00638
v 0.12446 0.05103 0.00568
v 0.12149 0.03821 0.00335
v 0.12572 0.05076 0.00671
v 0.12897 0.06499 0.01002
v 0.12842 0.06508 0.00970
v 0.12774 0.06525 0.00901
v 0.12925 0.06506 0.00963
v 0.13056 0.08263 0.01285
v 0.13029 0.08255 0.01323
v 0.12939 0.06522 0.00889
v 0.13070 0.08278 0.01213
v 0.12178 0.03828 0.00295
v 0.12600 0.05084 0.00631
v 0.12192 0.03845 0.00217
v 0.12614 0.05100 0.00555
v 0.12975 0.08264 0.01292
v 0.12908 0.08281 0.01225
v 0.12591 0.15974 0.04182
v 0.12509 0.15921 0.04259
v 0.12562 0.15911 0.04301
v 0.12691 0.15967 0.04324
v 0.12479 0.15936 0.04405
v 0.12643 0.15953 0.04498
v 0.12792 0.15963 0.04561
v 0.12614 0.15897 0.04354
v 0.12748 0.15951 0.04457
v 0.12535 0.16214 0.05466
v 0.13214 0.16263 0.05609
v 0.12927 0.16100 0.04990
v 0.12510 0.16070 0.04893
v 0.13898 0.16371 0.05828
v 0.13345 0.16166 0.05140
v 0.13617 0.16289 0.05197
v 0.13478 0.16299 0.04682
v 0.13039 0.16117 0.04492
v 0.13125 0.16106 0.04803
v 0.13344 0.16388 0.04120
v 0.12954 0.16173 0.04153
v 0.12309 0.15984 0.04187
v 0.12445 0.15938 0.04189
v 0.12437 0.15953 0.04122
v 0.12330 0.16065 0.04001
v 0.12586 0.16046 0.04022
v 0.12552 0.16105 0.03865
v 0.12429 0.15969 0.04047
v 0.12369 0.16132 0.03834
v 0.13217 0.16635 0.03464
v 0.12870 0.16320 0.03761
v 0.13094 0.16961 0.02762
v 0.12786 0.16512 0.03342
v 0.12411 0.15921 0.04275
v 0.12456 0.15927 0.04240
v 0.12360 0.15915 0.04309
v 0.12323 0.15960 0.04474
v 0.12177 0.15998 0.04297
v 0.12070 0.16002 0.04408
v 0.12306 0.15909 0.04343
v 0.12176 0.15979 0.04506
v 0.11601 0.16568 0.03751
v 0.11202 0.16530 0.04294
v 0.11743 0.16230 0.04327
v 0.11989 0.16253 0.03993
v 0.10758 0.16591 0.04795
v 0.11467 0.16271 0.04630
v 0.12176 0.17145 0.02462
v 0.11910 0.16807 0.03127
v 0.12172 0.16404 0.03598
v 0.12325 0.16619 0.03173
v 0.10717 0.17128 0.03226
v 0.10312 0.17057 0.03798
v 0.10693 0.16817 0.04094
v 0.11137 0.16878 0.03474
v 0.09864 0.17040 0.04356
v 0.10206 0.16841 0.04687
v 0.11315 0.17538 0.02014
v 0.11037 0.17306 0.02627
v 0.11491 0.17108 0.02801
v 0.11802 0.17423 0.02101
v 0.10293 0.17340 0.02968
v 0.10099 0.17330 0.03143
v 0.10151 0.17214 0.03477
v 0.10464 0.17263 0.03073
v 0.09839 0.17360 0.03264
v 0.09785 0.17207 0.03853
v 0.10344 0.17565 0.02347
v 0.10352 0.17432 0.02685
v 0.10673 0.17396 0.02616
v 0.10829 0.17572 0.02130
v 0.11203 0.16414 0.05560
v 0.11867 0.16284 0.05475
v 0.12095 0.16115 0.04903
v 0.11683 0.16196 0.04967
v 0.11286 0.16482 0.06597
v 0.11907 0.16413 0.06574
v 0.11825 0.16376 0.06067
v 0.11113 0.16488 0.06121
v 0.12549 0.16374 0.06585
v 0.12551 0.16314 0.06070
v 0.13233 0.16391 0.06665
v 0.13304 0.16352 0.06187
v 0.13938 0.16436 0.06778
v 0.14071 0.16441 0.06361
v 0.12481 0.16400 0.07088
v 0.12779 0.16397 0.07216
v 0.13037 0.16401 0.06981
v 0.12521 0.16396 0.06889
v 0.13093 0.16398 0.07420
v 0.13574 0.16420 0.07118
v 0.11969 0.16430 0.07211
v 0.12217 0.16413 0.07111
v 0.12047 0.16421 0.06890
v 0.11594 0.16460 0.06938
v 0.14559 0.16551 0.05528
v 0.14266 0.16586 0.04767
v 0.13882 0.16452 0.04770
v 0.14094 0.16431 0.05440
v 0.14028 0.16704 0.03978
v 0.13695 0.16561 0.04056
v 0.13902 0.16989 0.03135
v 0.13556 0.16848 0.03256
v 0.13831 0.17356 0.02264
v 0.13441 0.17224 0.02411
v 0.15360 0.16787 0.05178
v 0.14957 0.16832 0.04498
v 0.14643 0.16712 0.04682
v 0.15010 0.16666 0.05454
v 0.14669 0.16930 0.03821
v 0.14366 0.16828 0.03901
v 0.14613 0.17137 0.03148
v 0.14271 0.17084 0.03101
v 0.14673 0.17398 0.02478
v 0.14267 0.17409 0.02293
v 0.15579 0.17068 0.04018
v 0.15285 0.17056 0.03842
v 0.15151 0.16945 0.04199
v 0.15518 0.16924 0.04658
v 0.15093 0.17072 0.03650
v 0.14899 0.17007 0.03736
v 0.15106 0.17144 0.03424
v 0.14879 0.17151 0.03268
v 0.15222 0.17245 0.03183
v 0.14974 0.17334 0.02797
v 0.11689 0.14217 -0.03620
v 0.11657 0.14181 -0.03631
v 0.11545 0.14433 -0.03970
v 0.11585 0.14468 -0.03962
v 0.11591 0.14148 -0.03633
v 0.11470 0.14403 -0.03961
v 0.11337 0.14557 -0.04236
v 0.11422 0.14580 -0.04262
v 0.11471 0.14611 -0.04256
v 0.11587 0.14308 -0.03560
v 0.11655 0.14261 -0.03594
v 0.11556 0.14516 -0.03918
v 0.11493 0.14571 -0.03857
v 0.11450 0.14658 -0.04187
v 0.11393 0.14713 -0.04087
v 0.11859 0.12942 -0.02614
v 0.11924 0.12937 -0.02653
v 0.11738 0.13780 -0.03159
v 0.11671 0.13807 -0.03130
v 0.11959 0.12925 -0.02683
v 0.11773 0.13752 -0.03183
v 0.11932 0.12902 -0.02697
v 0.11745 0.13721 -0.03194
v 0.11875 0.12873 -0.02703
v 0.11686 0.13689 -0.03200
v 0.12370 0.04622 -0.00846
v 0.12432 0.04575 -0.00909
v 0.12673 0.05207 -0.01209
v 0.12612 0.05254 -0.01145
v 0.12459 0.04539 -0.00958
v 0.12700 0.05170 -0.01257
v 0.12904 0.06240 -0.01486
v 0.12876 0.06272 -0.01438
v 0.12814 0.06313 -0.01374
v 0.12774 0.09889 -0.01740
v 0.12742 0.09873 -0.01761
v 0.12341 0.11573 -0.02173
v 0.12370 0.11591 -0.02154
v 0.12674 0.09852 -0.01769
v 0.12281 0.11547 -0.02180
v 0.12416 0.04524 -0.00975
v 0.12657 0.05156 -0.01274
v 0.12337 0.04520 -0.00977
v 0.12579 0.05152 -0.01276
v 0.12786 0.06219 -0.01507
v 0.12863 0.06225 -0.01504
v 0.12667 0.09897 -0.01630
v 0.12738 0.09895 -0.01692
v 0.12334 0.11595 -0.02114
v 0.12265 0.11592 -0.02063
v 0.11347 0.14551 -0.04243
v 0.11438 0.14598 -0.04216
v 0.11463 0.14568 -0.04265
v 0.11433 0.14518 -0.04371
v 0.11571 0.14627 -0.04233
v 0.11625 0.14546 -0.04373
v 0.11654 0.14487 -0.04513
v 0.11497 0.14540 -0.04318
v 0.11516 0.14515 -0.04475
v 0.12500 0.14636 -0.04441
v 0.12529 0.14341 -0.05019
v 0.12021 0.14442 -0.04683
v 0.11997 0.14627 -0.04329
v 0.12621 0.14125 -0.05690
v 0.12089 0.14307 -0.05094
v 0.11702 0.14360 -0.05528
v 0.11412 0.14259 -0.05115
v 0.11432 0.14404 -0.04702
v 0.11612 0.14459 -0.04948
v 0.11017 0.14227 -0.04757
v 0.11193 0.14391 -0.04486
v 0.11405 0.14734 -0.04074
v 0.11392 0.14631 -0.04150
v 0.11338 0.14629 -0.04119
v 0.11225 0.14725 -0.04031
v 0.11196 0.14559 -0.04193
v 0.11051 0.14589 -0.04134
v 0.11277 0.14626 -0.04085
v 0.11053 0.14712 -0.04015
v 0.10414 0.14335 -0.04509
v 0.10835 0.14459 -0.04331
v 0.09706 0.14512 -0.04315
v 0.10418 0.14567 -0.04205
v 0.11471 0.14662 -0.04163
v 0.11433 0.14630 -0.04176
v 0.11510 0.14699 -0.04145
v 0.11656 0.14735 -0.04155
v 0.11507 0.14851 -0.04050
v 0.11599 0.14956 -0.04050
v 0.11548 0.14737 -0.04125
v 0.11706 0.14847 -0.04088
v 0.11028 0.15335 -0.03568
v 0.11496 0.15725 -0.03605
v 0.11530 0.15241 -0.03862
v 0.11241 0.15002 -0.03840
v 0.11864 0.16229 -0.03680
v 0.11754 0.15550 -0.03900
v 0.09591 0.15124 -0.03677
v 0.10360 0.15173 -0.03604
v 0.10822 0.14905 -0.03853
v 0.10339 0.14879 -0.03882
v 0.10567 0.16087 -0.02991
v 0.11070 0.16473 -0.03030
v 0.11324 0.16160 -0.03306
v 0.10783 0.15733 -0.03263
v 0.11510 0.16955 -0.03105
v 0.11778 0.16700 -0.03392
v 0.09251 0.15794 -0.03095
v 0.09940 0.15893 -0.03025
v 0.10069 0.15531 -0.03305
v 0.09268 0.15442 -0.03390
v 0.10363 0.16420 -0.02694
v 0.10502 0.16616 -0.02699
v 0.10792 0.16593 -0.02843
v 0.10442 0.16292 -0.02818
v 0.10561 0.16905 -0.02701
v 0.11077 0.16986 -0.02886
v 0.09685 0.16496 -0.02662
v 0.10064 0.16411 -0.02680
v 0.09964 0.16173 -0.02831
v 0.09421 0.16145 -0.02863
v 0.12759 0.15626 -0.03749
v 0.12598 0.15091 -0.04049
v 0.12063 0.14910 -0.04088
v 0.12174 0.15242 -0.03903
v 0.13671 0.15594 -0.03997
v 0.13567 0.15115 -0.04297
v 0.13128 0.15147 -0.04141
v 0.13269 0.15706 -0.03804
v 0.13489 0.14691 -0.04685
v 0.13033 0.14661 -0.04575
v 0.13463 0.14377 -0.05246
v 0.13029 0.14324 -0.05203
v 0.13463 0.14119 -0.05895
v 0.13071 0.14062 -0.05928
v 0.13946 0.14732 -0.04728
v 0.14019 0.14611 -0.05009
v 0.13772 0.14481 -0.05160
v 0.13763 0.14713 -0.04724
v 0.14158 0.14529 -0.05369
v 0.13819 0.14294 -0.05678
v 0.14127 0.15168 -0.04551
v 0.14004 0.14931 -0.04601
v 0.13830 0.15035 -0.04450
v 0.13933 0.15401 -0.04257
v 0.11613 0.14014 -0.06394
v 0.11173 0.13956 -0.05764
v 0.11323 0.14112 -0.05467
v 0.11707 0.14208 -0.06008
v 0.10625 0.13947 -0.05239
v 0.10824 0.14085 -0.05005
v 0.09861 0.14036 -0.04922
v 0.10093 0.14195 -0.04702
v 0.08990 0.14176 -0.04709
v 0.09246 0.14373 -0.04478
v 0.11070 0.13576 -0.06829
v 0.10708 0.13612 -0.06175
v 0.10968 0.13778 -0.06015
v 0.11406 0.13786 -0.06691
v 0.10261 0.13649 -0.05663
v 0.10435 0.13794 -0.05467
v 0.09646 0.13688 -0.05439
v 0.09711 0.13857 -0.05179
v 0.08947 0.13729 -0.05358
v 0.08893 0.13944 -0.05019
v 0.10040 0.13333 -0.06527
v 0.10049 0.13387 -0.06160
v 0.10393 0.13489 -0.06201
v 0.10591 0.13437 -0.06736
v 0.09976 0.13431 -0.05908
v 0.10113 0.13532 -0.05800
v 0.09739 0.13452 -0.05885
v 0.09670 0.13560 -0.05669
v 0.09420 0.13463 -0.05975
v 0.09147 0.13579 -0.05672
v 0.12216 0.03845 -0.00342
v 0.12172 0.03831 -0.00360
v 0.12270 0.04120 -0.00669
v 0.12314 0.04135 -0.00652
v 0.12092 0.03827 -0.00362
v 0.12191 0.04117 -0.00672
v 0.12126 0.03930 -0.00229
v 0.12189 0.03882 -0.00293
v 0.12287 0.04171 -0.00603
v 0.12224 0.04219 -0.00539
v 0.12908 0.07978 -0.01532
v 0.12841 0.07999 -0.01467
v 0.12941 0.07959 -0.01583
v 0.12903 0.07944 -0.01603
v 0.12831 0.07931 -0.01608
v 0.11811 0.03823 -0.00046
v 0.11807 0.03824 0.00004
v 0.11761 0.05469 0.00241
v 0.11764 0.05467 0.00199
v 0.11837 0.03825 0.00079
v 0.11786 0.05471 0.00304
v 0.11684 0.07220 0.00554
v 0.11663 0.07216 0.00500
v 0.11666 0.07214 0.00464
v 0.11823 0.05468 0.00199
v 0.11880 0.03823 -0.00046
v 0.11716 0.07217 0.00465
v 0.11790 0.07222 0.00485
v 0.11910 0.05470 0.00221
v 0.11983 0.03824 -0.00022
v 0.11207 0.11254 0.00974
v 0.11206 0.11253 0.01009
v 0.10943 0.13400 0.00969
v 0.10941 0.13402 0.00934
v 0.11227 0.11260 0.01061
v 0.10967 0.13408 0.01020
v 0.10676 0.15295 0.00895
v 0.10651 0.15287 0.00845
v 0.10647 0.15289 0.00811
v 0.10982 0.13423 0.00930
v 0.11249 0.11270 0.00974
v 0.10687 0.15313 0.00805
v 0.10748 0.15348 0.00814
v 0.11045 0.13453 0.00943
v 0.11312 0.11294 0.00991
v 0.10006 0.17391 0.00756
v 0.10007 0.17387 0.00788
v 0.09846 0.17752 0.00768
v 0.09847 0.17753 0.00732
v 0.10026 0.17396 0.00836
v 0.09866 0.17762 0.00821
v 0.09777 0.17911 0.00804
v 0.09755 0.17900 0.00743
v 0.09758 0.17899 0.00702
v 0.09887 0.17778 0.00732
v 0.10040 0.17418 0.00755
v 0.09809 0.17919 0.00702
v 0.09884 0.17950 0.00721
v 0.09947 0.17814 0.00749
v 0.10091 0.17457 0.00770
v 0.10304 0.16594 0.00767
v 0.10339 0.16620 0.00763
v 0.10394 0.16658 0.00774
v 0.10307 0.16591 0.00800
v 0.10329 0.16600 0.00847
v 0.11464 0.09167 0.00770
v 0.11509 0.09176 0.00771
v 0.11576 0.09190 0.00790
v 0.11462 0.09168 0.00804
v 0.11482 0.09174 0.00856
v 0.10605 0.19389 0.00058
v 0.10382 0.19266 0.00107
v 0.10384 0.19359 0.00375
v 0.10593 0.19445 0.00310
v 0.10169 0.19132 0.00175
v 0.10184 0.19251 0.00446
v 0.10169 0.19377 0.00729
v 0.10354 0.19440 0.00659
v 0.10547 0.19464 0.00579
v 0.10454 0.19099 -0.00363
v 0.10212 0.19021 -0.00354
v 0.10313 0.19149 -0.00131
v 0.10547 0.19262 -0.00161
v 0.09997 0.18930 -0.00304
v 0.10097 0.19027 -0.00071
v 0.09915 0.18887 0.00049
v 0.09977 0.18974 0.00280
v 0.09833 0.18817 -0.00174
v 0.09731 0.18705 -0.00010
v 0.09789 0.18757 0.00191
v 0.09835 0.18827 0.00394
v 0.09999 0.19096 0.00526
v 0.10001 0.19234 0.00779
v 0.09855 0.18933 0.00603
v 0.09862 0.19057 0.00815
v 0.09740 0.18666 0.00315
v 0.09770 0.18723 0.00488
v 0.09698 0.18618 0.00144
v 0.09703 0.18527 0.00274
v 0.09736 0.18576 0.00417
v 0.09754 0.18625 0.00563
v 0.09774 0.18801 0.00664
v 0.09766 0.18888 0.00842
v 0.09742 0.18675 0.00712
v 0.09715 0.18726 0.00863
v 0.09743 0.18452 0.00493
v 0.09756 0.18496 0.00619
v 0.09716 0.18404 0.00369
v 0.09734 0.18265 0.00445
v 0.09757 0.18311 0.00554
v 0.09768 0.18351 0.00666
v 0.09740 0.18533 0.00749
v 0.09711 0.18566 0.00881
v 0.09754 0.18382 0.00781
v 0.09729 0.18408 0.00897
v 0.09565 0.18448 -0.00963
v 0.09478 0.18472 -0.00723
v 0.09694 0.18631 -0.00687
v 0.09760 0.18575 -0.00913
v 0.09415 0.18490 -0.00474
v 0.09640 0.18668 -0.00451
v 0.09866 0.18872 -0.00413
v 0.09908 0.18801 -0.00629
v 0.09949 0.18690 -0.00839
v 0.09141 0.18128 -0.00940
v 0.09033 0.18207 -0.00691
v 0.09256 0.18334 -0.00718
v 0.09356 0.18294 -0.00963
v 0.08963 0.18269 -0.00444
v 0.09189 0.18366 -0.00467
v 0.09186 0.18385 -0.00206
v 0.09401 0.18497 -0.00207
v 0.08971 0.18300 -0.00199
v 0.09037 0.18311 0.00010
v 0.09232 0.18391 0.00019
v 0.09423 0.18493 0.00027
v 0.09612 0.18667 -0.00197
v 0.09821 0.18865 -0.00182
v 0.09606 0.18640 0.00032
v 0.09784 0.18809 0.00036
v 0.09311 0.18388 0.00160
v 0.09471 0.18478 0.00174
v 0.09145 0.18312 0.00150
v 0.09265 0.18286 0.00246
v 0.09402 0.18357 0.00251
v 0.09534 0.18437 0.00267
v 0.09620 0.18599 0.00194
v 0.09763 0.18734 0.00217
v 0.09652 0.18533 0.00305
v 0.09764 0.18638 0.00353
v 0.09488 0.18282 0.00326
v 0.09601 0.18354 0.00341
v 0.09368 0.18215 0.00323
v 0.09463 0.18121 0.00392
v 0.09570 0.18185 0.00393
v 0.09670 0.18251 0.00407
v 0.09700 0.18435 0.00383
v 0.09792 0.18519 0.00438
v 0.09755 0.18319 0.00445
v 0.09833 0.18389 0.00497
v 0.08210 0.17822 -0.00035
v 0.08353 0.17959 0.00073
v 0.08515 0.17997 -0.00164
v 0.08373 0.17850 -0.00236
v 0.08520 0.18086 0.00182
v 0.08673 0.18130 -0.00075
v 0.08832 0.18198 -0.00336
v 0.08698 0.18054 -0.00403
v 0.08575 0.17887 -0.00438
v 0.08078 0.17811 0.00359
v 0.08134 0.17976 0.00534
v 0.08233 0.17958 0.00305
v 0.08125 0.17812 0.00163
v 0.08244 0.18123 0.00672
v 0.08379 0.18092 0.00429
v 0.08599 0.18204 0.00517
v 0.08735 0.18195 0.00291
v 0.08461 0.18236 0.00735
v 0.08704 0.18301 0.00745
v 0.08827 0.18275 0.00566
v 0.08944 0.18268 0.00377
v 0.08864 0.18233 0.00047
v 0.08991 0.18293 -0.00205
v 0.09050 0.18298 0.00169
v 0.09150 0.18347 -0.00050
v 0.08993 0.18289 0.00574
v 0.09093 0.18288 0.00419
v 0.08893 0.18305 0.00725
v 0.09041 0.18261 0.00704
v 0.09121 0.18253 0.00572
v 0.09207 0.18259 0.00443
v 0.09191 0.18319 0.00256
v 0.09289 0.18365 0.00089
v 0.09303 0.18292 0.00322
v 0.09404 0.18339 0.00204
v 0.09233 0.18179 0.00593
v 0.09309 0.18187 0.00480
v 0.09165 0.18182 0.00713
v 0.09277 0.18085 0.00736
v 0.09337 0.18085 0.00626
v 0.09404 0.18093 0.00523
v 0.09398 0.18218 0.00380
v 0.09496 0.18260 0.00287
v 0.09486 0.18120 0.00434
v 0.09575 0.18155 0.00352
v 0.08225 0.18272 0.01594
v 0.08424 0.18365 0.01455
v 0.08342 0.18248 0.01244
v 0.08185 0.18162 0.01395
v 0.08626 0.18435 0.01307
v 0.08515 0.18315 0.01092
v 0.08417 0.18222 0.00869
v 0.08296 0.18155 0.01027
v 0.08202 0.18069 0.01194
v 0.08597 0.18572 0.01977
v 0.08763 0.18718 0.01850
v 0.08576 0.18530 0.01655
v 0.08382 0.18413 0.01787
v 0.08923 0.18810 0.01697
v 0.08767 0.18609 0.01506
v 0.08955 0.18616 0.01320
v 0.08838 0.18456 0.01140
v 0.09070 0.18797 0.01491
v 0.09191 0.18720 0.01291
v 0.09111 0.18572 0.01146
v 0.09021 0.18440 0.00990
v 0.08716 0.18341 0.00940
v 0.08593 0.18249 0.00731
v 0.08910 0.18338 0.00814
v 0.08790 0.18251 0.00627
v 0.09209 0.18502 0.01031
v 0.09138 0.18397 0.00897
v 0.09275 0.18618 0.01155
v 0.09354 0.18502 0.01049
v 0.09286 0.18410 0.00955
v 0.09225 0.18328 0.00847
v 0.09059 0.18315 0.00741
v 0.08976 0.18244 0.00576
v 0.09177 0.18264 0.00713
v 0.09137 0.18211 0.00566
v 0.09381 0.18302 0.00896
v 0.09318 0.18234 0.00829
v 0.09457 0.18379 0.00942
v 0.09574 0.18253 0.00833
v 0.09485 0.18187 0.00847
v 0.09413 0.18127 0.00828
v 0.09281 0.18180 0.00720
v 0.09258 0.18134 0.00588
v 0.09377 0.18078 0.00744
v 0.09359 0.18035 0.00627
v 0.09802 0.19363 0.01860
v 0.09748 0.19262 0.01627
v 0.09512 0.19142 0.01729
v 0.09593 0.19229 0.01931
v 0.09693 0.19139 0.01404
v 0.09444 0.19035 0.01526
v 0.09170 0.18930 0.01628
v 0.09258 0.19007 0.01800
v 0.09380 0.19061 0.01963
v 0.10198 0.19462 0.01518
v 0.10137 0.19422 0.01274
v 0.09951 0.19350 0.01466
v 0.10002 0.19429 0.01709
v 0.10066 0.19343 0.01059
v 0.09892 0.19241 0.01242
v 0.09819 0.19075 0.01058
v 0.09636 0.18972 0.01201
v 0.09978 0.19188 0.00904
v 0.09891 0.19003 0.00812
v 0.09748 0.18896 0.00932
v 0.09587 0.18801 0.01048
v 0.09405 0.18886 0.01324
v 0.09151 0.18809 0.01437
v 0.09390 0.18730 0.01155
v 0.09175 0.18671 0.01257
v 0.09699 0.18748 0.00885
v 0.09559 0.18668 0.00975
v 0.09826 0.18836 0.00788
v 0.09783 0.18670 0.00788
v 0.09673 0.18607 0.00872
v 0.09554 0.18544 0.00941
v 0.09395 0.18601 0.01049
v 0.09217 0.18542 0.01116
v 0.09420 0.18479 0.00980
v 0.09277 0.18414 0.01003
v 0.09670 0.18448 0.00849
v 0.09575 0.18400 0.00907
v 0.09760 0.18490 0.00766
v 0.09747 0.18301 0.00735
v 0.09680 0.18279 0.00820
v 0.09608 0.18247 0.00873
v 0.09467 0.18342 0.00918
v 0.09354 0.18278 0.00905
v 0.09526 0.18197 0.00860
v 0.09438 0.18137 0.00815
v 0.09310 0.18109 0.00565
v 0.09378 0.18149 0.00420
v 0.09419 0.18071 0.00427
v 0.09335 0.18034 0.00573
v 0.09497 0.18230 0.00343
v 0.09545 0.18149 0.00339
v 0.09622 0.18042 0.00391
v 0.09502 0.17979 0.00470
v 0.09420 0.17953 0.00602
v 0.09759 0.18380 0.00431
v 0.09806 0.18463 0.00565
v 0.09866 0.18394 0.00578
v 0.09818 0.18318 0.00431
v 0.09776 0.18496 0.00722
v 0.09844 0.18432 0.00745
v 0.09897 0.18299 0.00763
v 0.09913 0.18272 0.00609
v 0.09865 0.18208 0.00473
v 0.09321 0.18235 0.00854
v 0.09275 0.18150 0.00721
v 0.09312 0.18072 0.00739
v 0.09357 0.18153 0.00885
v 0.09404 0.17981 0.00756
v 0.09451 0.18046 0.00891
v 0.09497 0.18230 0.00343
v 0.09641 0.18309 0.00341
v 0.09694 0.18234 0.00346
v 0.09545 0.18149 0.00339
v 0.09756 0.18125 0.00396
v 0.09622 0.18042 0.00391
v 0.09698 0.18472 0.00864
v 0.09756 0.18400 0.00890
v 0.09577 0.18393 0.00941
v 0.09627 0.18328 0.00977
v 0.09693 0.18213 0.00973
v 0.09815 0.18275 0.00894
v 0.09431 0.18319 0.00941
v 0.09478 0.18242 0.00970
v 0.09560 0.18130 0.00968
v 0.09495 0.17909 0.00766
v 0.09537 0.17962 0.00884
v 0.09507 0.17887 0.00632
v 0.09592 0.17847 0.00662
v 0.09582 0.17864 0.00769
v 0.09616 0.17907 0.00864
v 0.09801 0.18034 0.00454
v 0.09686 0.17960 0.00450
v 0.09895 0.18107 0.00521
v 0.09903 0.18023 0.00572
v 0.09828 0.17964 0.00519
v 0.09735 0.17905 0.00516
v 0.09852 0.18162 0.00887
v 0.09925 0.18182 0.00773
v 0.09746 0.18110 0.00955
v 0.09784 0.18025 0.00921
v 0.09869 0.18067 0.00866
v 0.09927 0.18083 0.00775
v 0.09631 0.18036 0.00951
v 0.09691 0.17966 0.00917
v 0.09580 0.17908 0.00518
v 0.09686 0.17960 0.00450
v 0.09735 0.17905 0.00516
v 0.09650 0.17863 0.00570
v 0.09937 0.18161 0.00639
v 0.09937 0.18066 0.00667
v 0.09740 0.17923 0.00866
v 0.09804 0.17964 0.00868
v 0.09688 0.17882 0.00829
v 0.09751 0.17867 0.00794
v 0.09779 0.17893 0.00816
v 0.09819 0.17915 0.00816
v 0.09711 0.17851 0.00625
v 0.09671 0.17840 0.00688
v 0.09771 0.17880 0.00587
v 0.09799 0.17866 0.00652
v 0.09762 0.17850 0.00673
v 0.09741 0.17843 0.00712
v 0.09911 0.17992 0.00692
v 0.09887 0.17963 0.00626
v 0.09904 0.18004 0.00767
v 0.09877 0.17938 0.00757
v 0.09881 0.17934 0.00713
v 0.09867 0.17914 0.00675
v 0.09664 0.17852 0.00763
v 0.09734 0.17851 0.00755
v 0.09835 0.17921 0.00589
v 0.09771 0.17880 0.00587
v 0.09836 0.17892 0.00652
v 0.09799 0.17866 0.00652
v 0.09863 0.17993 0.00830
v 0.09853 0.17935 0.00795
v 0.09786 0.17838 0.00753
v 0.09804 0.17842 0.00772
v 0.09799 0.17830 0.00731
v 0.09852 0.17826 0.00749
v 0.09844 0.17862 0.00693
v 0.09828 0.17842 0.00701
v 0.09863 0.17866 0.00712
v 0.09852 0.17826 0.00749
v 0.09854 0.17886 0.00776
v 0.09868 0.17878 0.00754
v 0.09838 0.17866 0.00784
v 0.09852 0.17826 0.00749
v 0.09812 0.17862 0.00788
v 0.09838 0.17866 0.00784
v 0.09804 0.17842 0.00772
v 0.09852 0.17826 0.00749
v 0.09802 0.17837 0.00705
v 0.09799 0.17830 0.00731
v 0.09828 0.17842 0.00701
v 0.09852 0.17826 0.00749
v 0.09871 0.17886 0.00728
v 0.09863 0.17866 0.00712
v 0.09868 0.17878 0.00754
v 0.09852 0.17826 0.00749
v 0.09378 0.18149 0.00420
v 0.09426 0.18180 0.00480
v 0.09524 0.18236 0.00452
v 0.09310 0.18109 0.00565
v 0.09403 0.18156 0.00597
v 0.09583 0.18238 0.00658
v 0.09776 0.18496 0.00722
v 0.09806 0.18463 0.00565
v 0.09742 0.18413 0.00587
v 0.09706 0.18411 0.00699
v 0.09695 0.18334 0.00509
v 0.09275 0.18150 0.00721
v 0.09350 0.18181 0.00703
v 0.09321 0.18235 0.00854
v 0.09409 0.18240 0.00785
v 0.09620 0.18299 0.00422
v 0.09577 0.18393 0.00941
v 0.09698 0.18472 0.00864
v 0.09662 0.18420 0.00808
v 0.09576 0.18343 0.00841
v 0.09431 0.18319 0.00941
v 0.09464 0.18307 0.00865
vt 0.49586 0.11482
vt 0.49579 0.11046
vt 0.52082 0.11176
vt 0.52085 0.11682
vt 0.49547 0.10638
vt 0.52046 0.10700
vt 0.53395 0.10630
vt 0.53448 0.11197
vt 0.53452 0.11800
vt 0.49469 0.12487
vt 0.49540 0.11971
vt 0.52018 0.12247
vt 0.51916 0.12843
vt 0.53361 0.12474
vt 0.53222 0.13183
vt 0.38897 0.11773
vt 0.38933 0.11245
vt 0.44794 0.11596
vt 0.44738 0.12103
vt 0.38944 0.10750
vt 0.44824 0.11118
vt 0.38908 0.10320
vt 0.44801 0.10699
vt 0.38848 0.09922
vt 0.44751 0.10310
vt 0.16286 0.11216
vt 0.16217 0.10752
vt 0.21471 0.10366
vt 0.21509 0.10827
vt 0.16146 0.10316
vt 0.21442 0.09933
vt 0.27248 0.09658
vt 0.27254 0.10085
vt 0.27274 0.10540
vt 0.16404 0.12279
vt 0.16347 0.11734
vt 0.21567 0.11342
vt 0.21635 0.11885
vt 0.27320 0.11052
vt 0.27380 0.11592
vt 0.19710 0.82705
vt 0.19285 0.82047
vt 0.19682 0.81828
vt 0.20529 0.81910
vt 0.19245 0.81099
vt 0.20412 0.80722
vt 0.21451 0.80511
vt 0.20092 0.81532
vt 0.21052 0.81108
vt 0.20680 0.74758
vt 0.25249 0.74714
vt 0.22753 0.78112
vt 0.19935 0.78195
vt 0.29909 0.74268
vt 0.25624 0.77737
vt 0.27404 0.77861
vt 0.25919 0.81003
vt 0.22920 0.81451
vt 0.23833 0.79547
vt 0.24373 0.84555
vt 0.21960 0.83588
vt 0.17875 0.82356
vt 0.18784 0.82443
vt 0.18647 0.82881
vt 0.17765 0.83680
vt 0.19466 0.83821
vt 0.19047 0.84862
vt 0.18506 0.83374
vt 0.17803 0.84883
vt 0.22702 0.88925
vt 0.20906 0.86192
vt 0.20970 0.93703
vt 0.19806 0.89030
vt 0.18665 0.81826
vt 0.18915 0.82113
vt 0.18373 0.81540
vt 0.18295 0.80503
vt 0.17128 0.81511
vt 0.16555 0.80686
vt 0.18060 0.81253
vt 0.17363 0.80148
vt 0.12502 0.85083
vt 0.10524 0.81091
vt 0.14230 0.81120
vt 0.15446 0.83576
vt 0.08165 0.77439
vt 0.12749 0.78906
vt 0.14561 0.94773
vt 0.13722 0.89758
vt 0.16135 0.86520
vt 0.16560 0.89706
vt 0.05904 0.88137
vt 0.03929 0.83908
vt 0.06856 0.82149
vt 0.09027 0.86718
vt 0.01637 0.79789
vt 0.04329 0.77812
vt 0.08266 0.97140
vt 0.07244 0.92584
vt 0.10486 0.91750
vt 0.11589 0.97013
vt 0.02748 0.89570
vt 0.01686 0.88206
vt 0.02447 0.85979
vt 0.04017 0.88994
vt 0.00108 0.87163
vt 0.00487 0.83134
vt 0.02291 0.93897
vt 0.02778 0.91573
vt 0.04809 0.92346
vt 0.05211 0.95869
vt 0.12002 0.72841
vt 0.16295 0.74000
vt 0.17223 0.77697
vt 0.14565 0.76908
vt 0.13677 0.66404
vt 0.17734 0.67196
vt 0.16649 0.70290
vt 0.12013 0.69252
vt 0.21954 0.67833
vt 0.21416 0.71047
vt 0.26500 0.68161
vt 0.26445 0.71244
vt 0.31209 0.68334
vt 0.31605 0.71161
vt 0.22061 0.64578
vt 0.24149 0.64107
vt 0.25571 0.65923
vt 0.22104 0.65888
vt 0.26430 0.63177
vt 0.29218 0.65706
vt 0.18843 0.63222
vt 0.20356 0.64130
vt 0.18999 0.65351
vt 0.16076 0.64562
vt 0.33806 0.77215
vt 0.31027 0.81778
vt 0.28588 0.81122
vt 0.30731 0.77063
vt 0.28543 0.86693
vt 0.26517 0.85608
vt 0.26649 0.92316
vt 0.24587 0.90946
vt 0.25049 0.98292
vt 0.22728 0.96709
vt 0.38542 0.80722
vt 0.35127 0.84646
vt 0.33337 0.82939
vt 0.36622 0.78379
vt 0.32447 0.88765
vt 0.30604 0.87758
vt 0.31238 0.93275
vt 0.28976 0.93096
vt 0.30763 0.97980
vt 0.27901 0.98694
vt 0.38547 0.88771
vt 0.36436 0.89529
vt 0.36009 0.86941
vt 0.38928 0.84410
vt 0.34962 0.90551
vt 0.33822 0.89681
vt 0.34763 0.92103
vt 0.33100 0.92842
vt 0.35201 0.93919
vt 0.33111 0.96213
vt 0.33063 0.10092
vt 0.33090 0.10536
vt 0.33032 0.09680
vt 0.33108 0.11042
vt 0.33123 0.11578
vt 0.08923 0.12846
vt 0.08882 0.12295
vt 0.12155 0.12049
vt 0.12203 0.12598
vt 0.08818 0.11772
vt 0.12092 0.11528
vt 0.08707 0.11304
vt 0.12000 0.11062
vt 0.08572 0.10864
vt 0.11893 0.10624
vt 0.04293 0.12109
vt 0.04157 0.11640
vt 0.06229 0.11487
vt 0.06353 0.11956
vt 0.03989 0.11199
vt 0.06075 0.11046
vt 0.04399 0.13183
vt 0.04363 0.12633
vt 0.06420 0.12480
vt 0.06458 0.13031
vt 0.57309 0.04085
vt 0.57339 0.04625
vt 0.46702 0.03964
vt 0.46674 0.03502
vt 0.57386 0.05138
vt 0.46756 0.04397
vt 0.36664 0.03744
vt 0.36606 0.03372
vt 0.36572 0.02970
vt 0.46697 0.02982
vt 0.57315 0.03490
vt 0.36585 0.02510
vt 0.36622 0.02019
vt 0.46746 0.02433
vt 0.57339 0.02867
vt 0.27593 0.02918
vt 0.27537 0.02538
vt 0.27651 0.03270
vt 0.20382 0.03092
vt 0.20324 0.02737
vt 0.20245 0.02359
vt 0.27486 0.02106
vt 0.20126 0.01934
vt 0.19985 0.01486
vt 0.27437 0.01646
vt 0.05101 0.03791
vt 0.05207 0.04214
vt 0.03693 0.04459
vt 0.03582 0.03982
vt 0.05305 0.04611
vt 0.03825 0.04901
vt 0.03069 0.05138
vt 0.02893 0.04641
vt 0.02777 0.04094
vt 0.03514 0.03434
vt 0.04981 0.03320
vt 0.02777 0.03446
vt 0.02836 0.02747
vt 0.03467 0.02850
vt 0.04854 0.02824
vt 0.11711 0.03013
vt 0.08049 0.03442
vt 0.07911 0.03001
vt 0.11571 0.02579
vt 0.07753 0.02538
vt 0.11409 0.02124
vt 0.11806 0.03404
vt 0.08149 0.03841
vt 0.11879 0.03774
vt 0.08230 0.04219
vt 0.65978 0.81305
vt 0.65526 0.80604
vt 0.65948 0.80371
vt 0.66850 0.80459
vt 0.65484 0.79595
vt 0.66726 0.79193
vt 0.67832 0.78969
vt 0.66386 0.80056
vt 0.67407 0.79605
vt 0.67012 0.72844
vt 0.71876 0.72796
vt 0.69218 0.76414
vt 0.66218 0.76503
vt 0.76838 0.72322
vt 0.72275 0.76016
vt 0.74170 0.76147
vt 0.72590 0.79493
vt 0.69397 0.79970
vt 0.70369 0.77942
vt 0.70943 0.83275
vt 0.68374 0.82245
vt 0.64025 0.80926
vt 0.64993 0.81026
vt 0.64846 0.81493
vt 0.63907 0.82343
vt 0.65719 0.82493
vt 0.65273 0.83602
vt 0.64697 0.82017
vt 0.63948 0.83623
vt 0.69164 0.87927
vt 0.67252 0.85018
vt 0.67320 0.93015
vt 0.66080 0.88039
vt 0.64866 0.80369
vt 0.65132 0.80674
vt 0.64555 0.80064
vt 0.64472 0.78960
vt 0.63229 0.79989
vt 0.62619 0.79066
vt 0.64222 0.79759
vt 0.63480 0.78582
vt 0.58304 0.83759
vt 0.56198 0.79274
vt 0.60143 0.79439
vt 0.61439 0.82188
vt 0.53686 0.75075
vt 0.58566 0.76904
vt 0.60496 0.94154
vt 0.59603 0.88814
vt 0.62172 0.85366
vt 0.62625 0.88759
vt 0.51278 0.87010
vt 0.49176 0.82274
vt 0.52292 0.80357
vt 0.54604 0.85489
vt 0.46736 0.77577
vt 0.49602 0.75383
vt 0.53794 0.96675
vt 0.52705 0.91823
vt 0.56158 0.90935
vt 0.57332 0.96540
vt 0.47919 0.88614
vt 0.46788 0.87162
vt 0.47598 0.84613
vt 0.49269 0.87956
vt 0.45108 0.86052
vt 0.45511 0.81406
vt 0.47432 0.93221
vt 0.47950 0.90747
vt 0.50112 0.91571
vt 0.50541 0.95321
vt 0.57772 0.70802
vt 0.62343 0.72037
vt 0.63331 0.75973
vt 0.60500 0.75133
vt 0.59555 0.63949
vt 0.63874 0.64792
vt 0.62719 0.68086
vt 0.57783 0.66981
vt 0.68367 0.65470
vt 0.67795 0.68892
vt 0.73208 0.65819
vt 0.73150 0.69102
vt 0.78222 0.66003
vt 0.78644 0.69014
vt 0.68481 0.62004
vt 0.70705 0.61503
vt 0.72218 0.63436
vt 0.68527 0.63399
vt 0.73134 0.60512
vt 0.76102 0.63205
vt 0.65055 0.60560
vt 0.66666 0.61527
vt 0.65222 0.62827
vt 0.62109 0.61987
vt 0.80987 0.75460
vt 0.78029 0.80317
vt 0.75432 0.79620
vt 0.77713 0.75298
vt 0.75384 0.85551
vt 0.73226 0.84396
vt 0.73366 0.91538
vt 0.71171 0.90079
vt 0.71663 0.97901
vt 0.69192 0.96216
vt 0.86030 0.79193
vt 0.82394 0.83372
vt 0.80488 0.81554
vt 0.83986 0.76699
vt 0.79541 0.87758
vt 0.77578 0.86685
vt 0.78252 0.92559
vt 0.75845 0.92369
vt 0.77747 0.97569
vt 0.74700 0.98329
vt 0.86035 0.87763
vt 0.83787 0.88570
vt 0.83332 0.85815
vt 0.86441 0.83120
vt 0.82218 0.89659
vt 0.81004 0.88733
vt 0.82006 0.91311
vt 0.80235 0.92098
vt 0.82473 0.93244
vt 0.80247 0.95687
vt 0.15463 0.02968
vt 0.15373 0.02585
vt 0.15527 0.03330
vt 0.15232 0.02158
vt 0.15064 0.01709
vt 0.52664 0.07599
vt 0.52624 0.07127
vt 0.55309 0.07084
vt 0.55357 0.07650
vt 0.52556 0.06687
vt 0.55227 0.06556
vt 0.56699 0.06272
vt 0.56798 0.06923
vt 0.56857 0.07619
vt 0.52611 0.08697
vt 0.52651 0.08132
vt 0.55341 0.08290
vt 0.55291 0.08967
vt 0.56837 0.08406
vt 0.56777 0.09238
vt 0.41287 0.08163
vt 0.41309 0.07609
vt 0.47576 0.07891
vt 0.47546 0.08430
vt 0.41311 0.07085
vt 0.47585 0.07383
vt 0.41275 0.06620
vt 0.47547 0.06933
vt 0.41220 0.06185
vt 0.47488 0.06512
vt 0.07293 0.08519
vt 0.07307 0.07922
vt 0.11049 0.07502
vt 0.11044 0.08089
vt 0.07305 0.07357
vt 0.11041 0.06945
vt 0.16158 0.06569
vt 0.16170 0.07119
vt 0.16172 0.07699
vt 0.16127 0.06076
vt 0.22193 0.05969
vt 0.22224 0.06461
vt 0.16087 0.05613
vt 0.22151 0.05505
vt 0.28618 0.05605
vt 0.28664 0.06065
vt 0.28698 0.06556
vt 0.07268 0.06854
vt 0.11008 0.06448
vt 0.07215 0.06384
vt 0.10962 0.05981
vt 0.22235 0.07013
vt 0.22237 0.07593
vt 0.28706 0.07107
vt 0.28701 0.07688
vt 0.19710 0.82705
vt 0.19285 0.82047
vt 0.19682 0.81828
vt 0.20529 0.81910
vt 0.19245 0.81099
vt 0.20412 0.80722
vt 0.21451 0.80511
vt 0.20092 0.81532
vt 0.21052 0.81108
vt 0.20680 0.74758
vt 0.25249 0.74714
vt 0.22753 0.78112
vt 0.19935 0.78195
vt 0.29909 0.74268
vt 0.25624 0.77737
vt 0.27404 0.77861
vt 0.25919 0.81003
vt 0.22920 0.81451
vt 0.23833 0.79547
vt 0.24373 0.84555
vt 0.21960 0.83588
vt 0.17875 0.82356
vt 0.18784 0.82443
vt 0.18647 0.82881
vt 0.17765 0.83680
vt 0.19466 0.83821
vt 0.19047 0.84862
vt 0.18506 0.83374
vt 0.17803 0.84883
vt 0.22702 0.88925
vt 0.20906 0.86192
vt 0.20970 0.93703
vt 0.19806 0.89030
vt 0.18665 0.81826
vt 0.18915 0.82113
vt 0.18373 0.81540
vt 0.18295 0.80503
vt 0.17128 0.81511
vt 0.16555 0.80686
vt 0.18060 0.81253
vt 0.17363 0.80148
vt 0.12502 0.85083
vt 0.10524 0.81091
vt 0.14230 0.81120
vt 0.15446 0.83576
vt 0.08165 0.77439
vt 0.12749 0.78906
vt 0.14561 0.94773
vt 0.13722 0.89758
vt 0.16135 0.86520
vt 0.16560 0.89706
vt 0.05904 0.88137
vt 0.03929 0.83908
vt 0.06856 0.82149
vt 0.09027 0.86718
vt 0.01637 0.79789
vt 0.04329 0.77812
vt 0.08266 0.97140
vt 0.07244 0.92584
vt 0.10486 0.91750
vt 0.11589 0.97013
vt 0.02748 0.89570
vt 0.01686 0.88206
vt 0.02447 0.85979
vt 0.04017 0.88994
vt 0.00108 0.87163
vt 0.00487 0.83134
vt 0.02291 0.93897
vt 0.02778 0.91573
vt 0.04809 0.92346
vt 0.05211 0.95869
vt 0.12002 0.72841
vt 0.16295 0.74000
vt 0.17223 0.77697
vt 0.14565 0.76908
vt 0.13677 0.66404
vt 0.17734 0.67196
vt 0.16649 0.70290
vt 0.12013 0.69252
vt 0.21954 0.67833
vt 0.21416 0.71047
vt 0.26500 0.68161
vt 0.26445 0.71244
vt 0.31209 0.68334
vt 0.31605 0.71161
vt 0.22061 0.64578
vt 0.24149 0.64107
vt 0.25571 0.65923
vt 0.22104 0.65888
vt 0.26430 0.63177
vt 0.29218 0.65706
vt 0.18843 0.63222
vt 0.20356 0.64130
vt 0.18999 0.65351
vt 0.16076 0.64562
vt 0.33806 0.77215
vt 0.31027 0.81778
vt 0.28588 0.81122
vt 0.30731 0.77063
vt 0.28543 0.86693
vt 0.26517 0.85608
vt 0.26649 0.92316
vt 0.24587 0.90946
vt 0.25049 0.98292
vt 0.22728 0.96709
vt 0.38542 0.80722
vt 0.35127 0.84646
vt 0.33337 0.82939
vt 0.36622 0.78379
vt 0.32447 0.88765
vt 0.30604 0.87758
vt 0.31238 0.93275
vt 0.28976 0.93096
vt 0.30763 0.97980
vt 0.27901 0.98694
vt 0.38547 0.88771
vt 0.36436 0.89529
vt 0.36009 0.86941
vt 0.38928 0.84410
vt 0.34962 0.90551
vt 0.33822 0.89681
vt 0.34763 0.92103
vt 0.33100 0.92842
vt 0.35201 0.93919
vt 0.33111 0.96213
vt 0.35003 0.06306
vt 0.35038 0.06786
vt 0.34953 0.05857
vt 0.35041 0.07327
vt 0.35028 0.07897
vt 0.04368 0.07679
vt 0.04326 0.07174
vt 0.05343 0.07063
vt 0.05383 0.07568
vt 0.04260 0.06702
vt 0.05283 0.06591
vt 0.04334 0.08859
vt 0.04363 0.08252
vt 0.05381 0.08138
vt 0.05359 0.08741
vt 0.09319 0.15905
vt 0.09371 0.16336
vt 0.06979 0.16523
vt 0.06916 0.16015
vt 0.09441 0.16737
vt 0.07070 0.16996
vt 0.05719 0.17224
vt 0.05599 0.16665
vt 0.05522 0.16064
vt 0.09306 0.14897
vt 0.09303 0.15416
vt 0.06911 0.15439
vt 0.06934 0.14829
vt 0.05529 0.15381
vt 0.05579 0.14655
vt 0.19028 0.14603
vt 0.19026 0.15073
vt 0.13716 0.15228
vt 0.13712 0.14754
vt 0.19041 0.15513
vt 0.13736 0.15673
vt 0.19091 0.15893
vt 0.13787 0.16061
vt 0.19159 0.16243
vt 0.13855 0.16419
vt 0.40269 0.16874
vt 0.40361 0.17356
vt 0.35152 0.16919
vt 0.35088 0.16443
vt 0.40508 0.17798
vt 0.35262 0.17358
vt 0.29423 0.16818
vt 0.29359 0.16397
vt 0.29324 0.15945
vt 0.40360 0.15714
vt 0.40287 0.16314
vt 0.35117 0.15895
vt 0.35192 0.15311
vt 0.29346 0.15428
vt 0.29396 0.14879
vt 0.24144 0.16031
vt 0.24106 0.15619
vt 0.24202 0.16411
vt 0.24109 0.15147
vt 0.24132 0.14644
vt 0.45898 0.15808
vt 0.45947 0.16396
vt 0.43721 0.16450
vt 0.43741 0.15864
vt 0.46006 0.16948
vt 0.43738 0.16998
vt 0.46087 0.17426
vt 0.43827 0.17470
vt 0.46178 0.17868
vt 0.43953 0.17905
vt 0.48816 0.16747
vt 0.48926 0.17354
vt 0.47674 0.17389
vt 0.47584 0.16857
vt 0.49030 0.17914
vt 0.47764 0.17879
vt 0.48565 0.15300
vt 0.48694 0.16047
vt 0.47491 0.16246
vt 0.47396 0.15594
vt 0.14233 0.29807
vt 0.18765 0.31030
vt 0.19745 0.34933
vt 0.16938 0.34100
vt 0.23388 0.31835
vt 0.22605 0.35459
vt 0.21878 0.38524
vt 0.20876 0.37895
vt 0.19892 0.37519
vt 0.16001 0.23012
vt 0.20283 0.23848
vt 0.19138 0.27113
vt 0.14244 0.26018
vt 0.24720 0.24555
vt 0.24158 0.27933
vt 0.21454 0.19652
vt 0.23051 0.20611
vt 0.21619 0.21900
vt 0.18534 0.21067
vt 0.24831 0.21124
vt 0.24876 0.22507
vt 0.28191 0.31804
vt 0.25572 0.35370
vt 0.33086 0.31354
vt 0.28592 0.34975
vt 0.24202 0.37903
vt 0.23108 0.38126
vt 0.29464 0.25007
vt 0.29429 0.28201
vt 0.34363 0.25330
vt 0.34826 0.28194
vt 0.26976 0.20748
vt 0.28476 0.22664
vt 0.29303 0.19926
vt 0.32246 0.22596
vt 0.16934 0.52958
vt 0.16048 0.47664
vt 0.18596 0.44246
vt 0.19045 0.47609
vt 0.14761 0.42729
vt 0.17869 0.41139
vt 0.20433 0.39850
vt 0.20316 0.41248
vt 0.20357 0.42518
vt 0.10289 0.55457
vt 0.09210 0.50647
vt 0.12633 0.49767
vt 0.13797 0.55323
vt 0.07796 0.45953
vt 0.11093 0.44455
vt 0.03982 0.52033
vt 0.04496 0.49581
vt 0.06640 0.50397
vt 0.07065 0.54115
vt 0.04465 0.47465
vt 0.05804 0.46857
vt 0.12673 0.38515
vt 0.16584 0.38545
vt 0.10183 0.34661
vt 0.15021 0.36209
vt 0.19039 0.38088
vt 0.19644 0.38959
vt 0.05711 0.41489
vt 0.08801 0.39633
vt 0.03292 0.37141
vt 0.06133 0.35054
vt 0.03344 0.46026
vt 0.04146 0.43675
vt 0.01678 0.44925
vt 0.02078 0.40672
vt 0.21267 0.39291
vt 0.20959 0.38989
vt 0.20628 0.38687
vt 0.30491 0.35105
vt 0.28924 0.38423
vt 0.25758 0.38895
vt 0.26722 0.36885
vt 0.27292 0.42172
vt 0.24745 0.41151
vt 0.22369 0.40219
vt 0.23234 0.39380
vt 0.23786 0.38534
vt 0.37250 0.34424
vt 0.34316 0.39240
vt 0.31741 0.38549
vt 0.34003 0.34263
vt 0.31694 0.44429
vt 0.29555 0.43283
vt 0.42254 0.46622
vt 0.40025 0.47422
vt 0.39574 0.44690
vt 0.42656 0.42019
vt 0.38469 0.48501
vt 0.37266 0.47583
vt 0.35815 0.46617
vt 0.38644 0.42268
vt 0.42249 0.38126
vt 0.25528 0.46784
vt 0.23633 0.43900
vt 0.23699 0.51829
vt 0.22471 0.46895
vt 0.21670 0.42496
vt 0.22112 0.41397
vt 0.29694 0.50364
vt 0.27517 0.48918
vt 0.28005 0.56673
vt 0.25555 0.55002
vt 0.38259 0.50139
vt 0.36504 0.50920
vt 0.38722 0.52056
vt 0.36515 0.54478
vt 0.34037 0.56343
vt 0.34538 0.51377
vt 0.21921 0.39524
vt 0.22340 0.39293
vt 0.22773 0.38981
vt 0.21392 0.39943
vt 0.21247 0.40405
vt 0.21099 0.40925
vt 0.21530 0.39594
vt 0.32151 0.51188
vt 0.33869 0.45553
vt 0.31016 0.57097
vt 0.36754 0.40466
vt 0.40222 0.35653
vt 0.50903 0.14713
vt 0.51101 0.15650
vt 0.49897 0.15848
vt 0.49734 0.15007
vt 0.51282 0.16527
vt 0.50049 0.16637
vt 0.51430 0.17285
vt 0.50178 0.17320
vt 0.51562 0.17984
vt 0.50296 0.17949
vt 0.96841 0.02316
vt 0.97376 0.02369
vt 0.96747 0.12756
vt 0.96291 0.12709
vt 0.97870 0.02460
vt 0.97167 0.12836
vt 0.96654 0.23175
vt 0.96286 0.23107
vt 0.95887 0.23069
vt 0.95763 0.12727
vt 0.96226 0.02341
vt 0.95427 0.23091
vt 0.94937 0.23144
vt 0.95201 0.12777
vt 0.95571 0.02405
vt 0.95742 0.43269
vt 0.96131 0.43262
vt 0.95968 0.52412
vt 0.95582 0.52446
vt 0.96502 0.43296
vt 0.96339 0.52424
vt 0.96223 0.60819
vt 0.95855 0.60831
vt 0.95471 0.60889
vt 0.95163 0.52571
vt 0.95318 0.43355
vt 0.95056 0.61039
vt 0.94624 0.61236
vt 0.94729 0.52741
vt 0.94875 0.43482
vt 0.95790 0.74289
vt 0.96188 0.74211
vt 0.96339 0.76656
vt 0.95913 0.76728
vt 0.96567 0.74156
vt 0.96738 0.76585
vt 0.96886 0.77390
vt 0.96459 0.77476
vt 0.95998 0.77537
vt 0.95434 0.76804
vt 0.95351 0.74415
vt 0.95469 0.77552
vt 0.94906 0.77542
vt 0.94930 0.76882
vt 0.94893 0.74564
vt 0.95592 0.68590
vt 0.95172 0.68740
vt 0.94735 0.68930
vt 0.95978 0.68516
vt 0.96347 0.68482
vt 0.95774 0.33366
vt 0.95342 0.33415
vt 0.94886 0.33497
vt 0.96159 0.33385
vt 0.96520 0.33437
vt 0.61084 0.57160
vt 0.61340 0.54944
vt 0.63763 0.55209
vt 0.63263 0.57163
vt 0.61722 0.52711
vt 0.64239 0.53184
vt 0.66886 0.53501
vt 0.66299 0.55193
vt 0.65515 0.56763
vt 0.57089 0.55130
vt 0.57059 0.53005
vt 0.59143 0.54116
vt 0.59050 0.56347
vt 0.57340 0.50986
vt 0.59466 0.51927
vt 0.60248 0.49823
vt 0.62357 0.50444
vt 0.58240 0.49177
vt 0.59433 0.47717
vt 0.61223 0.48088
vt 0.63072 0.48515
vt 0.64669 0.51017
vt 0.67082 0.51566
vt 0.65037 0.49056
vt 0.67061 0.49653
vt 0.62128 0.47006
vt 0.63695 0.47298
vt 0.60595 0.46742
vt 0.61563 0.45886
vt 0.62853 0.46126
vt 0.64163 0.46334
vt 0.65329 0.47647
vt 0.66996 0.48024
vt 0.65514 0.46477
vt 0.66885 0.46587
vt 0.63287 0.44996
vt 0.64414 0.45162
vt 0.62173 0.44779
vt 0.62605 0.43547
vt 0.63577 0.43740
vt 0.64555 0.43888
vt 0.65564 0.45229
vt 0.66726 0.45247
vt 0.65546 0.43944
vt 0.66544 0.43954
vt 0.58221 0.24564
vt 0.59354 0.26444
vt 0.57251 0.27435
vt 0.56461 0.25526
vt 0.60369 0.28435
vt 0.58068 0.29389
vt 0.55688 0.30519
vt 0.55168 0.28602
vt 0.54850 0.26620
vt 0.62491 0.23297
vt 0.63653 0.25349
vt 0.61494 0.25808
vt 0.60281 0.23865
vt 0.64576 0.27401
vt 0.62512 0.27830
vt 0.63142 0.30010
vt 0.61150 0.30645
vt 0.65024 0.29452
vt 0.65043 0.31298
vt 0.63391 0.31981
vt 0.61645 0.32647
vt 0.58937 0.31435
vt 0.56614 0.32304
vt 0.59710 0.33281
vt 0.57682 0.33898
vt 0.63266 0.33379
vt 0.61800 0.34015
vt 0.64684 0.32734
vt 0.64326 0.33954
vt 0.63119 0.34498
vt 0.61913 0.35072
vt 0.60239 0.34632
vt 0.58629 0.35241
vt 0.60706 0.35707
vt 0.59499 0.36372
vt 0.63304 0.35631
vt 0.62279 0.36142
vt 0.64350 0.35154
vt 0.64566 0.36343
vt 0.63654 0.36772
vt 0.62772 0.37219
vt 0.61296 0.36721
vt 0.60334 0.37332
vt 0.61947 0.37704
vt 0.61151 0.38207
vt 0.79528 0.48609
vt 0.77774 0.47796
vt 0.78749 0.45515
vt 0.80291 0.46551
vt 0.75953 0.46844
vt 0.77079 0.44492
vt 0.78145 0.42018
vt 0.79619 0.43038
vt 0.80922 0.44216
vt 0.77346 0.51340
vt 0.75296 0.51386
vt 0.76588 0.49688
vt 0.78503 0.50113
vt 0.73400 0.50941
vt 0.74707 0.48953
vt 0.72893 0.47597
vt 0.74000 0.45613
vt 0.71810 0.49514
vt 0.70630 0.47754
vt 0.71432 0.46086
vt 0.72314 0.44385
vt 0.75154 0.43495
vt 0.76331 0.41310
vt 0.73354 0.42616
vt 0.74474 0.40814
vt 0.70608 0.44888
vt 0.71293 0.43443
vt 0.69964 0.46307
vt 0.69421 0.45151
vt 0.69975 0.43948
vt 0.70508 0.42719
vt 0.72061 0.41948
vt 0.72870 0.40427
vt 0.71000 0.41438
vt 0.71471 0.40132
vt 0.69088 0.43215
vt 0.69529 0.42147
vt 0.68612 0.44262
vt 0.67670 0.43507
vt 0.68075 0.42585
vt 0.68453 0.41651
vt 0.69898 0.41039
vt 0.70231 0.39909
vt 0.68775 0.40693
vt 0.69071 0.39723
vt 0.78112 0.28625
vt 0.76673 0.30292
vt 0.74994 0.28925
vt 0.76486 0.27608
vt 0.75101 0.31901
vt 0.73438 0.30281
vt 0.71738 0.28854
vt 0.73243 0.27890
vt 0.74748 0.27045
vt 0.80807 0.32930
vt 0.79663 0.34682
vt 0.78204 0.32321
vt 0.79515 0.30550
vt 0.78242 0.36111
vt 0.76690 0.33909
vt 0.74769 0.35131
vt 0.73266 0.33395
vt 0.76267 0.36895
vt 0.74241 0.37248
vt 0.72886 0.35956
vt 0.71540 0.34576
vt 0.71752 0.31711
vt 0.70234 0.30055
vt 0.70216 0.33018
vt 0.68901 0.31371
vt 0.71486 0.36352
vt 0.70299 0.35248
vt 0.72671 0.37385
vt 0.71289 0.37574
vt 0.70310 0.36671
vt 0.69304 0.35761
vt 0.69107 0.34001
vt 0.67913 0.32682
vt 0.68241 0.34838
vt 0.67150 0.33908
vt 0.69098 0.37264
vt 0.68316 0.36466
vt 0.69830 0.38081
vt 0.68333 0.38746
vt 0.67869 0.37994
vt 0.67332 0.37268
vt 0.67431 0.35708
vt 0.66495 0.34969
vt 0.66649 0.36594
vt 0.65893 0.35947
vt 0.47162 0.40270
vt 0.49374 0.39994
vt 0.49690 0.42410
vt 0.47674 0.42387
vt 0.51633 0.39836
vt 0.51770 0.42392
vt 0.52088 0.45039
vt 0.50306 0.44868
vt 0.48596 0.44479
vt 0.48187 0.35911
vt 0.50242 0.35379
vt 0.49658 0.37665
vt 0.47469 0.38103
vt 0.52268 0.35172
vt 0.51860 0.37459
vt 0.54088 0.37719
vt 0.53986 0.39914
vt 0.54237 0.35617
vt 0.55941 0.36426
vt 0.56007 0.38251
vt 0.56031 0.40148
vt 0.53977 0.42296
vt 0.54014 0.44772
vt 0.55970 0.42187
vt 0.55867 0.44297
vt 0.57281 0.38866
vt 0.57365 0.40458
vt 0.57176 0.37314
vt 0.58299 0.38123
vt 0.58345 0.39423
vt 0.58440 0.40734
vt 0.57408 0.42131
vt 0.57430 0.43844
vt 0.58629 0.42068
vt 0.58867 0.43414
vt 0.59639 0.39784
vt 0.59705 0.40866
vt 0.59672 0.38697
vt 0.61169 0.39152
vt 0.61046 0.40047
vt 0.61067 0.40927
vt 0.59972 0.41939
vt 0.60340 0.43007
vt 0.61376 0.41777
vt 0.61830 0.42612
vt 0.49943 0.72009
vt 0.48554 0.73551
vt 0.47753 0.72460
vt 0.49094 0.71199
vt 0.47166 0.75094
vt 0.46359 0.73671
vt 0.45552 0.72248
vt 0.47030 0.71414
vt 0.48270 0.70412
vt 0.48292 0.57665
vt 0.50173 0.59282
vt 0.49202 0.60230
vt 0.47670 0.59159
vt 0.51939 0.60537
vt 0.50405 0.61511
vt 0.49303 0.62230
vt 0.48317 0.61126
vt 0.47026 0.60227
vt 0.52967 0.68936
vt 0.51455 0.70472
vt 0.50328 0.69839
vt 0.51228 0.68329
vt 0.49285 0.69237
vt 0.49989 0.67912
vt 0.44635 0.55606
vt 0.46579 0.56911
vt 0.45955 0.58213
vt 0.44149 0.57328
vt 0.45469 0.59531
vt 0.43662 0.59050
vt 0.52431 0.62604
vt 0.51131 0.63088
vt 0.52923 0.64671
vt 0.51484 0.64833
vt 0.50266 0.64978
vt 0.49943 0.63540
vt 0.52945 0.66803
vt 0.51564 0.66620
vt 0.50299 0.66464
vt 0.48410 0.68697
vt 0.48985 0.67578
vt 0.47561 0.69672
vt 0.46933 0.68959
vt 0.47624 0.68182
vt 0.48093 0.67275
vt 0.45144 0.60691
vt 0.43644 0.60314
vt 0.46509 0.61185
vt 0.46073 0.62074
vt 0.44948 0.61733
vt 0.43625 0.61579
vt 0.48979 0.63931
vt 0.48430 0.62845
vt 0.49256 0.65121
vt 0.48339 0.65262
vt 0.48120 0.64286
vt 0.47670 0.63397
vt 0.49263 0.66361
vt 0.48331 0.66280
vt 0.46465 0.70457
vt 0.45246 0.71147
vt 0.44940 0.70045
vt 0.46030 0.69564
vt 0.47605 0.61917
vt 0.46984 0.62645
vt 0.47377 0.66188
vt 0.47401 0.65402
vt 0.47189 0.66950
vt 0.46389 0.66628
vt 0.46551 0.66079
vt 0.46546 0.65494
vt 0.45694 0.68710
vt 0.46353 0.68252
vt 0.44954 0.69096
vt 0.44969 0.68147
vt 0.45432 0.67986
vt 0.45849 0.67610
vt 0.46369 0.63353
vt 0.45670 0.62932
vt 0.46909 0.63930
vt 0.46196 0.64377
vt 0.45816 0.63937
vt 0.45286 0.63658
vt 0.46849 0.67652
vt 0.46193 0.67174
vt 0.44853 0.62697
vt 0.43976 0.62556
vt 0.44762 0.63470
vt 0.44328 0.63534
vt 0.47249 0.64631
vt 0.46476 0.64903
vt 0.45764 0.66817
vt 0.45721 0.66425
vt 0.45490 0.66913
vt 0.45131 0.66224
vt 0.44584 0.63939
vt 0.44233 0.64053
vt 0.44712 0.64142
vt 0.44138 0.64573
vt 0.45911 0.65036
vt 0.45610 0.64778
vt 0.45751 0.65358
vt 0.44989 0.65164
vt 0.46003 0.65951
vt 0.45848 0.65614
vt 0.45748 0.66151
vt 0.45184 0.65675
vt 0.45215 0.67484
vt 0.45338 0.67153
vt 0.44899 0.67425
vt 0.44828 0.66703
vt 0.45378 0.64292
vt 0.44952 0.64241
vt 0.45425 0.64582
vt 0.44619 0.64771
vt 0.45110 0.53389
vt 0.46378 0.53513
vt 0.46811 0.54669
vt 0.45585 0.51172
vt 0.47231 0.52453
vt 0.48932 0.53765
vt 0.52640 0.56556
vt 0.50524 0.57291
vt 0.49987 0.56114
vt 0.50762 0.55145
vt 0.48656 0.55925
vt 0.47617 0.50166
vt 0.48049 0.51365
vt 0.49650 0.49161
vt 0.49281 0.51492
vt 0.47319 0.55798
vt 0.52967 0.52122
vt 0.52803 0.54339
vt 0.51507 0.54147
vt 0.50974 0.52928
vt 0.51308 0.50642
vt 0.50510 0.51681
vt 0.96841 0.02316
vt 0.97376 0.02369
vt 0.96747 0.12756
vt 0.96291 0.12709
vt 0.97870 0.02460
vt 0.97167 0.12836
vt 0.96654 0.23175
vt 0.96286 0.23107
vt 0.95887 0.23069
vt 0.95763 0.12727
vt 0.96226 0.02341
vt 0.95427 0.23091
vt 0.94937 0.23144
vt 0.95201 0.12777
vt 0.95571 0.02405
vt 0.95742 0.43269
vt 0.96131 0.43262
vt 0.95968 0.52412
vt 0.95582 0.52446
vt 0.96502 0.43296
vt 0.96339 0.52424
vt 0.96223 0.60819
vt 0.95855 0.60831
vt 0.95471 0.60889
vt 0.95163 0.52571
vt 0.95318 0.43355
vt 0.95056 0.61039
vt 0.94624 0.61236
vt 0.94729 0.52741
vt 0.94875 0.43482
vt 0.95790 0.74289
vt 0.96188 0.74211
vt 0.96339 0.76656
vt 0.95913 0.76728
vt 0.96567 0.74156
vt 0.96738 0.76585
vt 0.96886 0.77390
vt 0.96459 0.77476
vt 0.95998 0.77537
vt 0.95434 0.76804
vt 0.95351 0.74415
vt 0.95469 0.77552
vt 0.94906 0.77542
vt 0.94930 0.76882
vt 0.94893 0.74564
vt 0.95592 0.68590
vt 0.95172 0.68740
vt 0.94735 0.68930
vt 0.95978 0.68516
vt 0.96347 0.68482
vt 0.95774 0.33366
vt 0.95342 0.33415
vt 0.94886 0.33497
vt 0.96159 0.33385
vt 0.96520 0.33437
vt 0.61084 0.57160
vt 0.61340 0.54944
vt 0.63763 0.55209
vt 0.63263 0.57163
vt 0.61722 0.52711
vt 0.64239 0.53184
vt 0.66886 0.53501
vt 0.66299 0.55193
vt 0.65515 0.56763
vt 0.57089 0.55130
vt 0.57059 0.53005
vt 0.59143 0.54116
vt 0.59050 0.56347
vt 0.57340 0.50986
vt 0.59466 0.51927
vt 0.60248 0.49823
vt 0.62357 0.50444
vt 0.58240 0.49177
vt 0.59433 0.47717
vt 0.61223 0.48088
vt 0.63072 0.48515
vt 0.64669 0.51017
vt 0.67082 0.51566
vt 0.65037 0.49056
vt 0.67061 0.49653
vt 0.62128 0.47006
vt 0.63695 0.47298
vt 0.60595 0.46742
vt 0.61563 0.45886
vt 0.62853 0.46126
vt 0.64163 0.46334
vt 0.65329 0.47647
vt 0.66996 0.48024
vt 0.65514 0.46477
vt 0.66885 0.46587
vt 0.63287 0.44996
vt 0.64414 0.45162
vt 0.62173 0.44779
vt 0.62605 0.43547
vt 0.63577 0.43740
vt 0.64555 0.43888
vt 0.65564 0.45229
vt 0.66726 0.45247
vt 0.65546 0.43944
vt 0.66544 0.43954
vt 0.58221 0.24564
vt 0.59354 0.26444
vt 0.57251 0.27435
vt 0.56461 0.25526
vt 0.60369 0.28435
vt 0.58068 0.29389
vt 0.55688 0.30519
vt 0.55168 0.28602
vt 0.54850 0.26620
vt 0.62491 0.23297
vt 0.63653 0.25349
vt 0.61494 0.25808
vt 0.60281 0.23865
vt 0.64576 0.27401
vt 0.62512 0.27830
vt 0.63142 0.30010
vt 0.61150 0.30645
vt 0.65024 0.29452
vt 0.65043 0.31298
vt 0.63391 0.31981
vt 0.61645 0.32647
vt 0.58937 0.31435
vt 0.56614 0.32304
vt 0.59710 0.33281
vt 0.57682 0.33898
vt 0.63266 0.33379
vt 0.61800 0.34015
vt 0.64684 0.32734
vt 0.64326 0.33954
vt 0.63119 0.34498
vt 0.61913 0.35072
vt 0.60239 0.34632
vt 0.58629 0.35241
vt 0.60706 0.35707
vt 0.59499 0.36372
vt 0.63304 0.35631
vt 0.62279 0.36142
vt 0.64350 0.35154
vt 0.64566 0.36343
vt 0.63654 0.36772
vt 0.62772 0.37219
vt 0.61296 0.36721
vt 0.60334 0.37332
vt 0.61947 0.37704
vt 0.61151 0.38207
vt 0.79528 0.48609
vt 0.77774 0.47796
vt 0.78749 0.45515
vt 0.80291 0.46551
vt 0.75953 0.46844
vt 0.77079 0.44492
vt 0.78145 0.42018
vt 0.79619 0.43038
vt 0.80922 0.44216
vt 0.77346 0.51340
vt 0.75296 0.51386
vt 0.76588 0.49688
vt 0.78503 0.50113
vt 0.73400 0.50941
vt 0.74707 0.48953
vt 0.72893 0.47597
vt 0.74000 0.45613
vt 0.71810 0.49514
vt 0.70630 0.47754
vt 0.71432 0.46086
vt 0.72314 0.44385
vt 0.75154 0.43495
vt 0.76331 0.41310
vt 0.73354 0.42616
vt 0.74474 0.40814
vt 0.70608 0.44888
vt 0.71293 0.43443
vt 0.69964 0.46307
vt 0.69421 0.45151
vt 0.69975 0.43948
vt 0.70508 0.42719
vt 0.72061 0.41948
vt 0.72870 0.40427
vt 0.71000 0.41438
vt 0.71471 0.40132
vt 0.69088 0.43215
vt 0.69529 0.42147
vt 0.68612 0.44262
vt 0.67670 0.43507
vt 0.68075 0.42585
vt 0.68453 0.41651
vt 0.69898 0.41039
vt 0.70231 0.39909
vt 0.68775 0.40693
vt 0.69071 0.39723
vt 0.78112 0.28625
vt 0.76673 0.30292
vt 0.74994 0.28925
vt 0.76486 0.27608
vt 0.75101 0.31901
vt 0.73438 0.30281
vt 0.71738 0.28854
vt 0.73243 0.27890
vt 0.74748 0.27045
vt 0.80807 0.32930
vt 0.79663 0.34682
vt 0.78204 0.32321
vt 0.79515 0.30550
vt 0.78242 0.36111
vt 0.76690 0.33909
vt 0.74769 0.35131
vt 0.73266 0.33395
vt 0.76267 0.36895
vt 0.74241 0.37248
vt 0.72886 0.35956
vt 0.71540 0.34576
vt 0.71752 0.31711
vt 0.70234 0.30055
vt 0.70216 0.33018
vt 0.68901 0.31371
vt 0.71486 0.36352
vt 0.70299 0.35248
vt 0.72671 0.37385
vt 0.71289 0.37574
vt 0.70310 0.36671
vt 0.69304 0.35761
vt 0.69107 0.34001
vt 0.67913 0.32682
vt 0.68241 0.34838
vt 0.67150 0.33908
vt 0.69098 0.37264
vt 0.68316 0.36466
vt 0.69830 0.38081
vt 0.68333 0.38746
vt 0.67869 0.37994
vt 0.67332 0.37268
vt 0.67431 0.35708
vt 0.66495 0.34969
vt 0.66649 0.36594
vt 0.65893 0.35947
vt 0.47162 0.40270
vt 0.49374 0.39994
vt 0.49690 0.42410
vt 0.47674 0.42387
vt 0.51633 0.39836
vt 0.51770 0.42392
vt 0.52088 0.45039
vt 0.50306 0.44868
vt 0.48596 0.44479
vt 0.48187 0.35911
vt 0.50242 0.35379
vt 0.49658 0.37665
vt 0.47469 0.38103
vt 0.52268 0.35172
vt 0.51860 0.37459
vt 0.54088 0.37719
vt 0.53986 0.39914
vt 0.54237 0.35617
vt 0.55941 0.36426
vt 0.56007 0.38251
vt 0.56031 0.40148
vt 0.53977 0.42296
vt 0.54014 0.44772
vt 0.55970 0.42187
vt 0.55867 0.44297
vt 0.57281 0.38866
vt 0.57365 0.40458
vt 0.57176 0.37314
vt 0.58299 0.38123
vt 0.58345 0.39423
vt 0.58440 0.40734
vt 0.57408 0.42131
vt 0.57430 0.43844
vt 0.58629 0.42068
vt 0.58867 0.43414
vt 0.59639 0.39784
vt 0.59705 0.40866
vt 0.59672 0.38697
vt 0.61169 0.39152
vt 0.61046 0.40047
vt 0.61067 0.40927
vt 0.59972 0.41939
vt 0.60340 0.43007
vt 0.61376 0.41777
vt 0.61830 0.42612
vt 0.49943 0.72009
vt 0.48554 0.73551
vt 0.47753 0.72460
vt 0.49094 0.71199
vt 0.47166 0.75094
vt 0.46359 0.73671
vt 0.45552 0.72248
vt 0.47030 0.71414
vt 0.48270 0.70412
vt 0.48292 0.57665
vt 0.50173 0.59282
vt 0.49202 0.60230
vt 0.47670 0.59159
vt 0.51939 0.60537
vt 0.50405 0.61511
vt 0.49303 0.62230
vt 0.48317 0.61126
vt 0.47026 0.60227
vt 0.52967 0.68936
vt 0.51455 0.70472
vt 0.50328 0.69839
vt 0.51228 0.68329
vt 0.49285 0.69237
vt 0.49989 0.67912
vt 0.44635 0.55606
vt 0.46579 0.56911
vt 0.45955 0.58213
vt 0.44149 0.57328
vt 0.45469 0.59531
vt 0.43662 0.59050
vt 0.52431 0.62604
vt 0.51131 0.63088
vt 0.52923 0.64671
vt 0.51484 0.64833
vt 0.50266 0.64978
vt 0.49943 0.63540
vt 0.52945 0.66803
vt 0.51564 0.66620
vt 0.50299 0.66464
vt 0.48410 0.68697
vt 0.48985 0.67578
vt 0.47561 0.69672
vt 0.46933 0.68959
vt 0.47624 0.68182
vt 0.48093 0.67275
vt 0.45144 0.60691
vt 0.43644 0.60314
vt 0.46509 0.61185
vt 0.46073 0.62074
vt 0.44948 0.61733
vt 0.43625 0.61579
vt 0.48979 0.63931
vt 0.48430 0.62845
vt 0.49256 0.65121
vt 0.48339 0.65262
vt 0.48120 0.64286
vt 0.47670 0.63397
vt 0.49263 0.66361
vt 0.48331 0.66280
vt 0.46465 0.70457
vt 0.45246 0.71147
vt 0.44940 0.70045
vt 0.46030 0.69564
vt 0.47605 0.61917
vt 0.46984 0.62645
vt 0.47377 0.66188
vt 0.47401 0.65402
vt 0.47189 0.66950
vt 0.46389 0.66628
vt 0.46551 0.66079
vt 0.46546 0.65494
vt 0.45694 0.68710
vt 0.46353 0.68252
vt 0.44954 0.69096
vt 0.44969 0.68147
vt 0.45432 0.67986
vt 0.45849 0.67610
vt 0.46369 0.63353
vt 0.45670 0.62932
vt 0.46909 0.63930
vt 0.46196 0.64377
vt 0.45816 0.63937
vt 0.45286 0.63658
vt 0.46849 0.67652
vt 0.46193 0.67174
vt 0.44853 0.62697
vt 0.43976 0.62556
vt 0.44762 0.63470
vt 0.44328 0.63534
vt 0.47249 0.64631
vt 0.46476 0.64903
vt 0.45764 0.66817
vt 0.45721 0.66425
vt 0.45490 0.66913
vt 0.45131 0.66224
vt 0.44584 0.63939
vt 0.44233 0.64053
vt 0.44712 0.64142
vt 0.44138 0.64573
vt 0.45911 0.65036
vt 0.45610 0.64778
vt 0.45751 0.65358
vt 0.44989 0.65164
vt 0.46003 0.65951
vt 0.45848 0.65614
vt 0.45748 0.66151
vt 0.45184 0.65675
vt 0.45215 0.67484
vt 0.45338 0.67153
vt 0.44899 0.67425
vt 0.44828 0.66703
vt 0.45378 0.64292
vt 0.44952 0.64241
vt 0.45425 0.64582
vt 0.44619 0.64771
vt 0.45110 0.53389
vt 0.46378 0.53513
vt 0.46811 0.54669
vt 0.45585 0.51172
vt 0.47231 0.52453
vt 0.48932 0.53765
vt 0.52640 0.56556
vt 0.50524 0.57291
vt 0.49987 0.56114
vt 0.50762 0.55145
vt 0.48656 0.55925
vt 0.47617 0.50166
vt 0.48049 0.51365
vt 0.49650 0.49161
vt 0.49281 0.51492
vt 0.47319 0.55798
vt 0.52967 0.52122
vt 0.52803 0.54339
vt 0.51507 0.54147
vt 0.50974 0.52928
vt 0.51308 0.50642
vt 0.50510 0.51681
vt 0.49586 0.11482
vt 0.49579 0.11046
vt 0.52082 0.11176
vt 0.52085 0.11682
vt 0.49547 0.10638
vt 0.52046 0.10700
vt 0.53395 0.10630
vt 0.53448 0.11197
vt 0.53452 0.11800
vt 0.49469 0.12487
vt 0.49540 0.11971
vt 0.52018 0.12247
vt 0.51916 0.12843
vt 0.53361 0.12474
vt 0.53222 0.13183
vt 0.38897 0.11773
vt 0.38933 0.11245
vt 0.44794 0.11596
vt 0.44738 0.12103
vt 0.38944 0.10750
vt 0.44824 0.11118
vt 0.38908 0.10320
vt 0.44801 0.10699
vt 0.38848 0.09922
vt 0.44751 0.10310
vt 0.16286 0.11216
vt 0.16217 0.10752
vt 0.21471 0.10366
vt 0.21509 0.10827
vt 0.16146 0.10316
vt 0.21442 0.09933
vt 0.27248 0.09658
vt 0.27254 0.10085
vt 0.27274 0.10540
vt 0.16404 0.12279
vt 0.16347 0.11734
vt 0.21567 0.11342
vt 0.21635 0.11885
vt 0.27320 0.11052
vt 0.27380 0.11592
vt 0.19710 0.82705
vt 0.19285 0.82047
vt 0.19682 0.81828
vt 0.20529 0.81910
vt 0.19245 0.81099
vt 0.20412 0.80722
vt 0.21451 0.80511
vt 0.20092 0.81532
vt 0.21052 0.81108
vt 0.20680 0.74758
vt 0.25249 0.74714
vt 0.22753 0.78112
vt 0.19935 0.78195
vt 0.29909 0.74268
vt 0.25624 0.77737
vt 0.27404 0.77861
vt 0.25919 0.81003
vt 0.22920 0.81451
vt 0.23833 0.79547
vt 0.24373 0.84555
vt 0.21960 0.83588
vt 0.17875 0.82356
vt 0.18784 0.82443
vt 0.18647 0.82881
vt 0.17765 0.83680
vt 0.19466 0.83821
vt 0.19047 0.84862
vt 0.18506 0.83374
vt 0.17803 0.84883
vt 0.22702 0.88925
vt 0.20906 0.86192
vt 0.20970 0.93703
vt 0.19806 0.89030
vt 0.18665 0.81826
vt 0.18915 0.82113
vt 0.18373 0.81540
vt 0.18295 0.80503
vt 0.17128 0.81511
vt 0.16555 0.80686
vt 0.18060 0.81253
vt 0.17363 0.80148
vt 0.12502 0.85083
vt 0.10524 0.81091
vt 0.14230 0.81120
vt 0.15446 0.83576
vt 0.08165 0.77439
vt 0.12749 0.78906
vt 0.14561 0.94773
vt 0.13722 0.89758
vt 0.16135 0.86520
vt 0.16560 0.89706
vt 0.05904 0.88137
vt 0.03929 0.83908
vt 0.06856 0.82149
vt 0.09027 0.86718
vt 0.01637 0.79789
vt 0.04329 0.77812
vt 0.08266 0.97140
vt 0.07244 0.92584
vt 0.10486 0.91750
vt 0.11589 0.97013
vt 0.02748 0.89570
vt 0.01686 0.88206
vt 0.02447 0.85979
vt 0.04017 0.88994
vt 0.00108 0.87163
vt 0.00487 0.83134
vt 0.02291 0.93897
vt 0.02778 0.91573
vt 0.04809 0.92346
vt 0.05211 0.95869
vt 0.12002 0.72841
vt 0.16295 0.74000
vt 0.17223 0.77697
vt 0.14565 0.76908
vt 0.13677 0.66404
vt 0.17734 0.67196
vt 0.16649 0.70290
vt 0.12013 0.69252
vt 0.21954 0.67833
vt 0.21416 0.71047
vt 0.26500 0.68161
vt 0.26445 0.71244
vt 0.31209 0.68334
vt 0.31605 0.71161
vt 0.22061 0.64578
vt 0.24149 0.64107
vt 0.25571 0.65923
vt 0.22104 0.65888
vt 0.26430 0.63177
vt 0.29218 0.65706
vt 0.18843 0.63222
vt 0.20356 0.64130
vt 0.18999 0.65351
vt 0.16076 0.64562
vt 0.33806 0.77215
vt 0.31027 0.81778
vt 0.28588 0.81122
vt 0.30731 0.77063
vt 0.28543 0.86693
vt 0.26517 0.85608
vt 0.26649 0.92316
vt 0.24587 0.90946
vt 0.25049 0.98292
vt 0.22728 0.96709
vt 0.38542 0.80722
vt 0.35127 0.84646
vt 0.33337 0.82939
vt 0.36622 0.78379
vt 0.32447 0.88765
vt 0.30604 0.87758
vt 0.31238 0.93275
vt 0.28976 0.93096
vt 0.30763 0.97980
vt 0.27901 0.98694
vt 0.38547 0.88771
vt 0.36436 0.89529
vt 0.36009 0.86941
vt 0.38928 0.84410
vt 0.34962 0.90551
vt 0.33822 0.89681
vt 0.34763 0.92103
vt 0.33100 0.92842
vt 0.35201 0.93919
vt 0.33111 0.96213
vt 0.33063 0.10092
vt 0.33090 0.10536
vt 0.33032 0.09680
vt 0.33108 0.11042
vt 0.33123 0.11578
vt 0.08923 0.12846
vt 0.08882 0.12295
vt 0.12155 0.12049
vt 0.12203 0.12598
vt 0.08818 0.11772
vt 0.12092 0.11528
vt 0.08707 0.11304
vt 0.12000 0.11062
vt 0.08572 0.10864
vt 0.11893 0.10624
vt 0.04293 0.12109
vt 0.04157 0.11640
vt 0.06229 0.11487
vt 0.06353 0.11956
vt 0.03989 0.11199
vt 0.06075 0.11046
vt 0.04399 0.13183
vt 0.04363 0.12633
vt 0.06420 0.12480
vt 0.06458 0.13031
vt 0.51096 0.07524
vt 0.51056 0.07049
vt 0.55309 0.07084
vt 0.55357 0.07650
vt 0.50989 0.06605
vt 0.55227 0.06556
vt 0.56699 0.06272
vt 0.56798 0.06923
vt 0.56857 0.07619
vt 0.51047 0.08631
vt 0.51084 0.08062
vt 0.55341 0.08290
vt 0.55291 0.08967
vt 0.56837 0.08406
vt 0.56777 0.09238
vt 0.30266 0.07755
vt 0.30273 0.07178
vt 0.41309 0.07609
vt 0.41287 0.08163
vt 0.30266 0.06631
vt 0.41311 0.07085
vt 0.30232 0.06144
vt 0.41275 0.06620
vt 0.30185 0.05687
vt 0.41220 0.06185
vt 0.04334 0.08859
vt 0.04363 0.08252
vt 0.10030 0.07617
vt 0.10019 0.08207
vt 0.04368 0.07679
vt 0.10026 0.07057
vt 0.15905 0.06596
vt 0.15915 0.07148
vt 0.15916 0.07728
vt 0.15873 0.06104
vt 0.22193 0.05969
vt 0.22224 0.06461
vt 0.15831 0.05640
vt 0.22151 0.05505
vt 0.04326 0.07174
vt 0.09990 0.06559
vt 0.04260 0.06702
vt 0.09938 0.06092
vt 0.22235 0.07013
vt 0.22237 0.07593
vt 0.19710 0.82705
vt 0.19285 0.82047
vt 0.19682 0.81828
vt 0.20529 0.81910
vt 0.19245 0.81099
vt 0.20412 0.80722
vt 0.21451 0.80511
vt 0.20092 0.81532
vt 0.21052 0.81108
vt 0.20680 0.74758
vt 0.25249 0.74714
vt 0.22753 0.78112
vt 0.19935 0.78195
vt 0.29909 0.74268
vt 0.25624 0.77737
vt 0.27404 0.77861
vt 0.25919 0.81003
vt 0.22920 0.81451
vt 0.23833 0.79547
vt 0.24373 0.84555
vt 0.21960 0.83588
vt 0.17875 0.82356
vt 0.18784 0.82443
vt 0.18647 0.82881
vt 0.17765 0.83680
vt 0.19466 0.83821
vt 0.19047 0.84862
vt 0.18506 0.83374
vt 0.17803 0.84883
vt 0.22702 0.88925
vt 0.20906 0.86192
vt 0.20970 0.93703
vt 0.19806 0.89030
vt 0.18665 0.81826
vt 0.18915 0.82113
vt 0.18373 0.81540
vt 0.18295 0.80503
vt 0.17128 0.81511
vt 0.16555 0.80686
vt 0.18060 0.81253
vt 0.17363 0.80148
vt 0.12502 0.85083
vt 0.10524 0.81091
vt 0.14230 0.81120
vt 0.15446 0.83576
vt 0.08165 0.77439
vt 0.12749 0.78906
vt 0.14561 0.94773
vt 0.13722 0.89758
vt 0.16135 0.86520
vt 0.16560 0.89706
vt 0.05904 0.88137
vt 0.03929 0.83908
vt 0.06856 0.82149
vt 0.09027 0.86718
vt 0.01637 0.79789
vt 0.04329 0.77812
vt 0.08266 0.97140
vt 0.07244 0.92584
vt 0.10486 0.91750
vt 0.11589 0.97013
vt 0.02748 0.89570
vt 0.01686 0.88206
vt 0.02447 0.85979
vt 0.04017 0.88994
vt 0.00108 0.87163
vt 0.00487 0.83134
vt 0.02291 0.93897
vt 0.02778 0.91573
vt 0.04809 0.92346
vt 0.05211 0.95869
vt 0.12002 0.72841
vt 0.16295 0.74000
vt 0.17223 0.77697
vt 0.14565 0.76908
vt 0.13677 0.66404
vt 0.17734 0.67196
vt 0.16649 0.70290
vt 0.12013 0.69252
vt 0.21954 0.67833
vt 0.21416 0.71047
vt 0.26500 0.68161
vt 0.26445 0.71244
vt 0.31209 0.68334
vt 0.31605 0.71161
vt 0.22061 0.64578
vt 0.24149 0.64107
vt 0.25571 0.65923
vt 0.22104 0.65888
vt 0.26430 0.63177
vt 0.29218 0.65706
vt 0.18843 0.63222
vt 0.20356 0.64130
vt 0.18999 0.65351
vt 0.16076 0.64562
vt 0.33806 0.77215
vt 0.31027 0.81778
vt 0.28588 0.81122
vt 0.30731 0.77063
vt 0.28543 0.86693
vt 0.26517 0.85608
vt 0.26649 0.92316
vt 0.24587 0.90946
vt 0.25049 0.98292
vt 0.22728 0.96709
vt 0.38542 0.80722
vt 0.35127 0.84646
vt 0.33337 0.82939
vt 0.36622 0.78379
vt 0.32447 0.88765
vt 0.30604 0.87758
vt 0.31238 0.93275
vt 0.28976 0.93096
vt 0.30763 0.97980
vt 0.27901 0.98694
vt 0.38547 0.88771
vt 0.36436 0.89529
vt 0.36009 0.86941
vt 0.38928 0.84410
vt 0.34962 0.90551
vt 0.33822 0.89681
vt 0.34763 0.92103
vt 0.33100 0.92842
vt 0.35201 0.93919
vt 0.33111 0.96213
vt 0.51096 0.07524
vt 0.51056 0.07049
vt 0.55309 0.07084
vt 0.55357 0.07650
vt 0.50989 0.06605
vt 0.55227 0.06556
vt 0.56699 0.06272
vt 0.56798 0.06923
vt 0.56857 0.07619
vt 0.51047 0.08631
vt 0.51084 0.08062
vt 0.55341 0.08290
vt 0.55291 0.08967
vt 0.56837 0.08406
vt 0.56777 0.09238
vt 0.31082 0.07759
vt 0.31090 0.07182
vt 0.41309 0.07609
vt 0.41287 0.08163
vt 0.31084 0.06634
vt 0.41311 0.07085
vt 0.31050 0.06147
vt 0.41275 0.06620
vt 0.31002 0.05690
vt 0.41220 0.06185
vt 0.10019 0.08207
vt 0.10030 0.07617
vt 0.12864 0.07299
vt 0.12861 0.07882
vt 0.10026 0.07057
vt 0.12855 0.06745
vt 0.15794 0.06515
vt 0.15807 0.07064
vt 0.15809 0.07642
vt 0.22224 0.06461
vt 0.22193 0.05969
vt 0.25462 0.05981
vt 0.25494 0.06475
vt 0.22151 0.05505
vt 0.25418 0.05517
vt 0.09990 0.06559
vt 0.12822 0.06251
vt 0.09938 0.06092
vt 0.12778 0.05787
vt 0.15724 0.05561
vt 0.15764 0.06024
vt 0.22237 0.07593
vt 0.22235 0.07013
vt 0.25504 0.07028
vt 0.25503 0.07612
vt 0.19710 0.82705
vt 0.19285 0.82047
vt 0.19682 0.81828
vt 0.20529 0.81910
vt 0.19245 0.81099
vt 0.20412 0.80722
vt 0.21451 0.80511
vt 0.20092 0.81532
vt 0.21052 0.81108
vt 0.20680 0.74758
vt 0.25249 0.74714
vt 0.22753 0.78112
vt 0.19935 0.78195
vt 0.29909 0.74268
vt 0.25624 0.77737
vt 0.27404 0.77861
vt 0.25919 0.81003
vt 0.22920 0.81451
vt 0.23833 0.79547
vt 0.24373 0.84555
vt 0.21960 0.83588
vt 0.17875 0.82356
vt 0.18784 0.82443
vt 0.18647 0.82881
vt 0.17765 0.83680
vt 0.19466 0.83821
vt 0.19047 0.84862
vt 0.18506 0.83374
vt 0.17803 0.84883
vt 0.22702 0.88925
vt 0.20906 0.86192
vt 0.20970 0.93703
vt 0.19806 0.89030
vt 0.18665 0.81826
vt 0.18915 0.82113
vt 0.18373 0.81540
vt 0.18295 0.80503
vt 0.17128 0.81511
vt 0.16555 0.80686
vt 0.18060 0.81253
vt 0.17363 0.80148
vt 0.12502 0.85083
vt 0.10524 0.81091
vt 0.14230 0.81120
vt 0.15446 0.83576
vt 0.08165 0.77439
vt 0.12749 0.78906
vt 0.14561 0.94773
vt 0.13722 0.89758
vt 0.16135 0.86520
vt 0.16560 0.89706
vt 0.05904 0.88137
vt 0.03929 0.83908
vt 0.06856 0.82149
vt 0.09027 0.86718
vt 0.01637 0.79789
vt 0.04329 0.77812
vt 0.08266 0.97140
vt 0.07244 0.92584
vt 0.10486 0.91750
vt 0.11589 0.97013
vt 0.02748 0.89570
vt 0.01686 0.88206
vt 0.02447 0.85979
vt 0.04017 0.88994
vt 0.00108 0.87163
vt 0.00487 0.83134
vt 0.02291 0.93897
vt 0.02778 0.91573
vt 0.04809 0.92346
vt 0.05211 0.95869
vt 0.12002 0.72841
vt 0.16295 0.74000
vt 0.17223 0.77697
vt 0.14565 0.76908
vt 0.13677 0.66404
vt 0.17734 0.67196
vt 0.16649 0.70290
vt 0.12013 0.69252
vt 0.21954 0.67833
vt 0.21416 0.71047
vt 0.26500 0.68161
vt 0.26445 0.71244
vt 0.31209 0.68334
vt 0.31605 0.71161
vt 0.22061 0.64578
vt 0.24149 0.64107
vt 0.25571 0.65923
vt 0.22104 0.65888
vt 0.26430 0.63177
vt 0.29218 0.65706
vt 0.18843 0.63222
vt 0.20356 0.64130
vt 0.18999 0.65351
vt 0.16076 0.64562
vt 0.33806 0.77215
vt 0.31027 0.81778
vt 0.28588 0.81122
vt 0.30731 0.77063
vt 0.28543 0.86693
vt 0.26517 0.85608
vt 0.26649 0.92316
vt 0.24587 0.90946
vt 0.25049 0.98292
vt 0.22728 0.96709
vt 0.38542 0.80722
vt 0.35127 0.84646
vt 0.33337 0.82939
vt 0.36622 0.78379
vt 0.32447 0.88765
vt 0.30604 0.87758
vt 0.31238 0.93275
vt 0.28976 0.93096
vt 0.30763 0.97980
vt 0.27901 0.98694
vt 0.38547 0.88771
vt 0.36436 0.89529
vt 0.36009 0.86941
vt 0.38928 0.84410
vt 0.34962 0.90551
vt 0.33822 0.89681
vt 0.34763 0.92103
vt 0.33100 0.92842
vt 0.35201 0.93919
vt 0.33111 0.96213
vt 0.04368 0.07679
vt 0.04326 0.07174
vt 0.07158 0.06866
vt 0.07197 0.07368
vt 0.04260 0.06702
vt 0.07099 0.06397
vt 0.04334 0.08859
vt 0.04363 0.08252
vt 0.07197 0.07934
vt 0.07176 0.08533
vt 0.18967 0.06997
vt 0.18970 0.07575
vt 0.18954 0.06448
vt 0.18924 0.05956
vt 0.18884 0.05494
vt 0.96841 0.02316
vt 0.97376 0.02369
vt 0.96747 0.12756
vt 0.96291 0.12709
vt 0.97870 0.02460
vt 0.97167 0.12836
vt 0.96654 0.23175
vt 0.96286 0.23107
vt 0.95887 0.23069
vt 0.95763 0.12727
vt 0.96226 0.02341
vt 0.95427 0.23091
vt 0.94937 0.23144
vt 0.95201 0.12777
vt 0.95571 0.02405
vt 0.95742 0.43269
vt 0.96131 0.43262
vt 0.95968 0.52412
vt 0.95582 0.52446
vt 0.96502 0.43296
vt 0.96339 0.52424
vt 0.96223 0.60819
vt 0.95855 0.60831
vt 0.95471 0.60889
vt 0.95163 0.52571
vt 0.95318 0.43355
vt 0.95056 0.61039
vt 0.94624 0.61236
vt 0.94729 0.52741
vt 0.94875 0.43482
vt 0.95790 0.74289
vt 0.96188 0.74211
vt 0.96339 0.76656
vt 0.95913 0.76728
vt 0.96567 0.74156
vt 0.96738 0.76585
vt 0.96886 0.77390
vt 0.96459 0.77476
vt 0.95998 0.77537
vt 0.95434 0.76804
vt 0.95351 0.74415
vt 0.95469 0.77552
vt 0.94906 0.77542
vt 0.94930 0.76882
vt 0.94893 0.74564
vt 0.95592 0.68590
vt 0.95172 0.68740
vt 0.94735 0.68930
vt 0.95978 0.68516
vt 0.96347 0.68482
vt 0.95774 0.33366
vt 0.95342 0.33415
vt 0.94886 0.33497
vt 0.96159 0.33385
vt 0.96520 0.33437
vt 0.61084 0.57160
vt 0.61340 0.54944
vt 0.63763 0.55209
vt 0.63263 0.57163
vt 0.61722 0.52711
vt 0.64239 0.53184
vt 0.66886 0.53501
vt 0.66299 0.55193
vt 0.65515 0.56763
vt 0.57089 0.55130
vt 0.57059 0.53005
vt 0.59143 0.54116
vt 0.59050 0.56347
vt 0.57340 0.50986
vt 0.59466 0.51927
vt 0.60248 0.49823
vt 0.62357 0.50444
vt 0.58240 0.49177
vt 0.59433 0.47717
vt 0.61223 0.48088
vt 0.63072 0.48515
vt 0.64669 0.51017
vt 0.67082 0.51566
vt 0.65037 0.49056
vt 0.67061 0.49653
vt 0.62128 0.47006
vt 0.63695 0.47298
vt 0.60595 0.46742
vt 0.61563 0.45886
vt 0.62853 0.46126
vt 0.64163 0.46334
vt 0.65329 0.47647
vt 0.66996 0.48024
vt 0.65514 0.46477
vt 0.66885 0.46587
vt 0.63287 0.44996
vt 0.64414 0.45162
vt 0.62173 0.44779
vt 0.62605 0.43547
vt 0.63577 0.43740
vt 0.64555 0.43888
vt 0.65564 0.45229
vt 0.66726 0.45247
vt 0.65546 0.43944
vt 0.66544 0.43954
vt 0.58221 0.24564
vt 0.59354 0.26444
vt 0.57251 0.27435
vt 0.56461 0.25526
vt 0.60369 0.28435
vt 0.58068 0.29389
vt 0.55688 0.30519
vt 0.55168 0.28602
vt 0.54850 0.26620
vt 0.62491 0.23297
vt 0.63653 0.25349
vt 0.61494 0.25808
vt 0.60281 0.23865
vt 0.64576 0.27401
vt 0.62512 0.27830
vt 0.63142 0.30010
vt 0.61150 0.30645
vt 0.65024 0.29452
vt 0.65043 0.31298
vt 0.63391 0.31981
vt 0.61645 0.32647
vt 0.58937 0.31435
vt 0.56614 0.32304
vt 0.59710 0.33281
vt 0.57682 0.33898
vt 0.63266 0.33379
vt 0.61800 0.34015
vt 0.64684 0.32734
vt 0.64326 0.33954
vt 0.63119 0.34498
vt 0.61913 0.35072
vt 0.60239 0.34632
vt 0.58629 0.35241
vt 0.60706 0.35707
vt 0.59499 0.36372
vt 0.63304 0.35631
vt 0.62279 0.36142
vt 0.64350 0.35154
vt 0.64566 0.36343
vt 0.63654 0.36772
vt 0.62772 0.37219
vt 0.61296 0.36721
vt 0.60334 0.37332
vt 0.61947 0.37704
vt 0.61151 0.38207
vt 0.79528 0.48609
vt 0.77774 0.47796
vt 0.78749 0.45515
vt 0.80291 0.46551
vt 0.75953 0.46844
vt 0.77079 0.44492
vt 0.78145 0.42018
vt 0.79619 0.43038
vt 0.80922 0.44216
vt 0.77346 0.51340
vt 0.75296 0.51386
vt 0.76588 0.49688
vt 0.78503 0.50113
vt 0.73400 0.50941
vt 0.74707 0.48953
vt 0.72893 0.47597
vt 0.74000 0.45613
vt 0.71810 0.49514
vt 0.70630 0.47754
vt 0.71432 0.46086
vt 0.72314 0.44385
vt 0.75154 0.43495
vt 0.76331 0.41310
vt 0.73354 0.42616
vt 0.74474 0.40814
vt 0.70608 0.44888
vt 0.71293 0.43443
vt 0.69964 0.46307
vt 0.69421 0.45151
vt 0.69975 0.43948
vt 0.70508 0.42719
vt 0.72061 0.41948
vt 0.72870 0.40427
vt 0.71000 0.41438
vt 0.71471 0.40132
vt 0.69088 0.43215
vt 0.69529 0.42147
vt 0.68612 0.44262
vt 0.67670 0.43507
vt 0.68075 0.42585
vt 0.68453 0.41651
vt 0.69898 0.41039
vt 0.70231 0.39909
vt 0.68775 0.40693
vt 0.69071 0.39723
vt 0.78112 0.28625
vt 0.76673 0.30292
vt 0.74994 0.28925
vt 0.76486 0.27608
vt 0.75101 0.31901
vt 0.73438 0.30281
vt 0.71738 0.28854
vt 0.73243 0.27890
vt 0.74748 0.27045
vt 0.80807 0.32930
vt 0.79663 0.34682
vt 0.78204 0.32321
vt 0.79515 0.30550
vt 0.78242 0.36111
vt 0.76690 0.33909
vt 0.74769 0.35131
vt 0.73266 0.33395
vt 0.76267 0.36895
vt 0.74241 0.37248
vt 0.72886 0.35956
vt 0.71540 0.34576
vt 0.71752 0.31711
vt 0.70234 0.30055
vt 0.70216 0.33018
vt 0.68901 0.31371
vt 0.71486 0.36352
vt 0.70299 0.35248
vt 0.72671 0.37385
vt 0.71289 0.37574
vt 0.70310 0.36671
vt 0.69304 0.35761
vt 0.69107 0.34001
vt 0.67913 0.32682
vt 0.68241 0.34838
vt 0.67150 0.33908
vt 0.69098 0.37264
vt 0.68316 0.36466
vt 0.69830 0.38081
vt 0.68333 0.38746
vt 0.67869 0.37994
vt 0.67332 0.37268
vt 0.67431 0.35708
vt 0.66495 0.34969
vt 0.66649 0.36594
vt 0.65893 0.35947
vt 0.47162 0.40270
vt 0.49374 0.39994
vt 0.49690 0.42410
vt 0.47674 0.42387
vt 0.51633 0.39836
vt 0.51770 0.42392
vt 0.52088 0.45039
vt 0.50306 0.44868
vt 0.48596 0.44479
vt 0.48187 0.35911
vt 0.50242 0.35379
vt 0.49658 0.37665
vt 0.47469 0.38103
vt 0.52268 0.35172
vt 0.51860 0.37459
vt 0.54088 0.37719
vt 0.53986 0.39914
vt 0.54237 0.35617
vt 0.55941 0.36426
vt 0.56007 0.38251
vt 0.56031 0.40148
vt 0.53977 0.42296
vt 0.54014 0.44772
vt 0.55970 0.42187
vt 0.55867 0.44297
vt 0.57281 0.38866
vt 0.57365 0.40458
vt 0.57176 0.37314
vt 0.58299 0.38123
vt 0.58345 0.39423
vt 0.58440 0.40734
vt 0.57408 0.42131
vt 0.57430 0.43844
vt 0.58629 0.42068
vt 0.58867 0.43414
vt 0.59639 0.39784
vt 0.59705 0.40866
vt 0.59672 0.38697
vt 0.61169 0.39152
vt 0.61046 0.40047
vt 0.61067 0.40927
vt 0.59972 0.41939
vt 0.60340 0.43007
vt 0.61376 0.41777
vt 0.61830 0.42612
vt 0.49943 0.72009
vt 0.48554 0.73551
vt 0.47753 0.72460
vt 0.49094 0.71199
vt 0.47166 0.75094
vt 0.46359 0.73671
vt 0.45552 0.72248
vt 0.47030 0.71414
vt 0.48270 0.70412
vt 0.48292 0.57665
vt 0.50173 0.59282
vt 0.49202 0.60230
vt 0.47670 0.59159
vt 0.51939 0.60537
vt 0.50405 0.61511
vt 0.49303 0.62230
vt 0.48317 0.61126
vt 0.47026 0.60227
vt 0.52967 0.68936
vt 0.51455 0.70472
vt 0.50328 0.69839
vt 0.51228 0.68329
vt 0.49285 0.69237
vt 0.49989 0.67912
vt 0.44635 0.55606
vt 0.46579 0.56911
vt 0.45955 0.58213
vt 0.44149 0.57328
vt 0.45469 0.59531
vt 0.43662 0.59050
vt 0.52431 0.62604
vt 0.51131 0.63088
vt 0.52923 0.64671
vt 0.51484 0.64833
vt 0.50266 0.64978
vt 0.49943 0.63540
vt 0.52945 0.66803
vt 0.51564 0.66620
vt 0.50299 0.66464
vt 0.48410 0.68697
vt 0.48985 0.67578
vt 0.47561 0.69672
vt 0.46933 0.68959
vt 0.47624 0.68182
vt 0.48093 0.67275
vt 0.45144 0.60691
vt 0.43644 0.60314
vt 0.46509 0.61185
vt 0.46073 0.62074
vt 0.44948 0.61733
vt 0.43625 0.61579
vt 0.48979 0.63931
vt 0.48430 0.62845
vt 0.49256 0.65121
vt 0.48339 0.65262
vt 0.48120 0.64286
vt 0.47670 0.63397
vt 0.49263 0.66361
vt 0.48331 0.66280
vt 0.46465 0.70457
vt 0.45246 0.71147
vt 0.44940 0.70045
vt 0.46030 0.69564
vt 0.47605 0.61917
vt 0.46984 0.62645
vt 0.47377 0.66188
vt 0.47401 0.65402
vt 0.47189 0.66950
vt 0.46389 0.66628
vt 0.46551 0.66079
vt 0.46546 0.65494
vt 0.45694 0.68710
vt 0.46353 0.68252
vt 0.44954 0.69096
vt 0.44969 0.68147
vt 0.45432 0.67986
vt 0.45849 0.67610
vt 0.46369 0.63353
vt 0.45670 0.62932
vt 0.46909 0.63930
vt 0.46196 0.64377
vt 0.45816 0.63937
vt 0.45286 0.63658
vt 0.46849 0.67652
vt 0.46193 0.67174
vt 0.44853 0.62697
vt 0.43976 0.62556
vt 0.44762 0.63470
vt 0.44328 0.63534
vt 0.47249 0.64631
vt 0.46476 0.64903
vt 0.45764 0.66817
vt 0.45721 0.66425
vt 0.45490 0.66913
vt 0.45131 0.66224
vt 0.44584 0.63939
vt 0.44233 0.64053
vt 0.44712 0.64142
vt 0.44138 0.64573
vt 0.45911 0.65036
vt 0.45610 0.64778
vt 0.45751 0.65358
vt 0.44989 0.65164
vt 0.46003 0.65951
vt 0.45848 0.65614
vt 0.45748 0.66151
vt 0.45184 0.65675
vt 0.45215 0.67484
vt 0.45338 0.67153
vt 0.44899 0.67425
vt 0.44828 0.66703
vt 0.45378 0.64292
vt 0.44952 0.64241
vt 0.45425 0.64582
vt 0.44619 0.64771
vt 0.45110 0.53389
vt 0.46378 0.53513
vt 0.46811 0.54669
vt 0.45585 0.51172
vt 0.47231 0.52453
vt 0.48932 0.53765
vt 0.52640 0.56556
vt 0.50524 0.57291
vt 0.49987 0.56114
vt 0.50762 0.55145
vt 0.48656 0.55925
vt 0.47617 0.50166
vt 0.48049 0.51365
vt 0.49650 0.49161
vt 0.49281 0.51492
vt 0.47319 0.55798
vt 0.52967 0.52122
vt 0.52803 0.54339
vt 0.51507 0.54147
vt 0.50974 0.52928
vt 0.51308 0.50642
vt 0.50510 0.51681
f 1715/1715 1716/1716 1717/1717
f 1717/1717 1718/1718 1715/1715
f 1716/1716 1719/1719 1720/1720
f 1720/1720 1717/1717 1716/1716
f 1721/1721 1722/1722 1717/1717
f 1717/1717 1720/1720 1721/1721
f 1722/1722 1723/1723 1718/1718
f 1718/1718 1717/1717 1722/1722
f 1724/1724 1725/1725 1726/1726
f 1726/1726 1727/1727 1724/1724
f 1725/1725 1715/1715 1718/1718
f 1718/1718 1726/1726 1725/1725
f 1723/1723 1728/1728 1726/1726
f 1726/1726 1718/1718 1723/1723
f 1728/1728 1729/1729 1727/1727
f 1727/1727 1726/1726 1728/1728
f 1730/1730 1731/1731 1732/1732
f 1732/1732 1733/1733 1730/1730
f 1731/1731 1734/1734 1735/1735
f 1735/1735 1732/1732 1731/1731
f 1715/1715 1725/1725 1732/1732
f 1732/1732 1735/1735 1715/1715
f 1725/1725 1724/1724 1733/1733
f 1733/1733 1732/1732 1725/1725
f 1734/1734 1736/1736 1737/1737
f 1737/1737 1735/1735 1734/1734
f 1736/1736 1738/1738 1739/1739
f 1739/1739 1737/1737 1736/1736
f 1719/1719 1716/1716 1737/1737
f 1737/1737 1739/1739 1719/1719
f 1716/1716 1715/1715 1735/1735
f 1735/1735 1737/1737 1716/1716
f 1740/1740 1741/1741 1742/1742
f 1742/1742 1743/1743 1740/1740
f 1741/1741 1744/1744 1745/1745
f 1745/1745 1742/1742 1741/1741
f 1746/1746 1747/1747 1742/1742
f 1742/1742 1745/1745 1746/1746
f 1747/1747 1748/1748 1743/1743
f 1743/1743 1742/1742 1747/1747
f 1749/1749 1750/1750 1751/1751
f 1751/1751 1752/1752 1749/1749
f 1750/1750 1740/1740 1743/1743
f 1743/1743 1751/1751 1750/1750
f 1748/1748 1753/1753 1751/1751
f 1751/1751 1743/1743 1748/1748
f 1753/1753 1754/1754 1752/1752
f 1752/1752 1751/1751 1753/1753
f 1755/1755 1756/1756 1757/1757
f 1757/1757 1758/1758 1755/1755
f 1756/1756 1759/1759 1760/1760
f 1760/1760 1757/1757 1756/1756
f 1761/1761 1762/1762 1757/1757
f 1757/1757 1760/1760 1761/1761
f 1762/1762 1763/1763 1758/1758
f 1758/1758 1757/1757 1762/1762
f 1764/1764 1765/1765 1766/1766
f 1766/1766 1767/1767 1764/1764
f 1765/1765 1768/1768 1769/1769
f 1769/1769 1766/1766 1765/1765
f 1761/1761 1760/1760 1766/1766
f 1766/1766 1769/1769 1761/1761
f 1760/1760 1759/1759 1767/1767
f 1767/1767 1766/1766 1760/1760
f 1770/1770 1771/1771 1772/1772
f 1772/1772 1773/1773 1770/1770
f 1771/1771 1774/1774 1775/1775
f 1775/1775 1772/1772 1771/1771
f 1755/1755 1758/1758 1772/1772
f 1772/1772 1775/1775 1755/1755
f 1758/1758 1763/1763 1773/1773
f 1773/1773 1772/1772 1758/1758
f 1776/1776 1777/1777 1778/1778
f 1778/1778 1779/1779 1776/1776
f 1777/1777 1755/1755 1780/1780
f 1780/1780 1778/1778 1777/1777
f 1781/1781 1782/1782 1778/1778
f 1778/1778 1780/1780 1781/1781
f 1782/1782 1783/1783 1779/1779
f 1779/1779 1778/1778 1782/1782
f 1774/1774 1784/1784 1785/1785
f 1785/1785 1775/1775 1774/1774
f 1784/1784 1786/1786 1787/1787
f 1787/1787 1785/1785 1784/1784
f 1781/1781 1780/1780 1785/1785
f 1785/1785 1787/1787 1781/1781
f 1780/1780 1755/1755 1775/1775
f 1775/1775 1785/1785 1780/1780
f 1776/1776 1788/1788 1789/1789
f 1789/1789 1777/1777 1776/1776
f 1788/1788 1759/1759 1756/1756
f 1756/1756 1789/1789 1788/1788
f 1755/1755 1777/1777 1789/1789
f 1789/1789 1756/1756 1755/1755
f 1759/1759 1788/1788 1790/1790
f 1790/1790 1791/1791 1759/1759
f 1788/1788 1776/1776 1792/1792
f 1792/1792 1790/1790 1788/1788
f 1793/1793 1794/1794 1790/1790
f 1790/1790 1792/1792 1793/1793
f 1794/1794 1795/1795 1791/1791
f 1791/1791 1790/1790 1794/1794
f 1796/1796 1797/1797 1798/1798
f 1798/1798 1799/1799 1796/1796
f 1797/1797 1800/1800 1801/1801
f 1801/1801 1798/1798 1797/1797
f 1793/1793 1792/1792 1798/1798
f 1798/1798 1801/1801 1793/1793
f 1792/1792 1776/1776 1799/1799
f 1799/1799 1798/1798 1792/1792
f 1802/1802 1803/1803 1804/1804
f 1804/1804 1805/1805 1802/1802
f 1803/1803 1796/1796 1799/1799
f 1799/1799 1804/1804 1803/1803
f 1776/1776 1779/1779 1804/1804
f 1804/1804 1799/1799 1776/1776
f 1779/1779 1783/1783 1805/1805
f 1805/1805 1804/1804 1779/1779
f 1806/1806 1807/1807 1808/1808
f 1808/1808 1809/1809 1806/1806
f 1807/1807 1810/1810 1811/1811
f 1811/1811 1808/1808 1807/1807
f 1800/1800 1797/1797 1808/1808
f 1808/1808 1811/1811 1800/1800
f 1797/1797 1796/1796 1809/1809
f 1809/1809 1808/1808 1797/1797
f 1812/1812 1813/1813 1814/1814
f 1814/1814 1815/1815 1812/1812
f 1813/1813 1806/1806 1809/1809
f 1809/1809 1814/1814 1813/1813
f 1796/1796 1803/1803 1814/1814
f 1814/1814 1809/1809 1796/1796
f 1803/1803 1802/1802 1815/1815
f 1815/1815 1814/1814 1803/1803
f 1816/1816 1817/1817 1818/1818
f 1818/1818 1819/1819 1816/1816
f 1817/1817 1820/1820 1821/1821
f 1821/1821 1818/1818 1817/1817
f 1810/1810 1807/1807 1818/1818
f 1818/1818 1821/1821 1810/1810
f 1807/1807 1806/1806 1819/1819
f 1819/1819 1818/1818 1807/1807
f 1822/1822 1823/1823 1824/1824
f 1824/1824 1825/1825 1822/1822
f 1823/1823 1816/1816 1819/1819
f 1819/1819 1824/1824 1823/1823
f 1806/1806 1813/1813 1824/1824
f 1824/1824 1819/1819 1806/1806
f 1813/1813 1812/1812 1825/1825
f 1825/1825 1824/1824 1813/1813
f 1826/1826 1827/1827 1828/1828
f 1828/1828 1829/1829 1826/1826
f 1827/1827 1764/1764 1767/1767
f 1767/1767 1828/1828 1827/1827
f 1759/1759 1791/1791 1828/1828
f 1828/1828 1767/1767 1759/1759
f 1791/1791 1795/1795 1829/1829
f 1829/1829 1828/1828 1791/1791
f 1830/1830 1831/1831 1832/1832
f 1832/1832 1833/1833 1830/1830
f 1831/1831 1834/1834 1835/1835
f 1835/1835 1832/1832 1831/1831
f 1764/1764 1827/1827 1832/1832
f 1832/1832 1835/1835 1764/1764
f 1827/1827 1826/1826 1833/1833
f 1833/1833 1832/1832 1827/1827
f 1834/1834 1836/1836 1837/1837
f 1837/1837 1835/1835 1834/1834
f 1836/1836 1838/1838 1839/1839
f 1839/1839 1837/1837 1836/1836
f 1768/1768 1765/1765 1837/1837
f 1837/1837 1839/1839 1768/1768
f 1765/1765 1764/1764 1835/1835
f 1835/1835 1837/1837 1765/1765
f 1840/1840 1841/1841 1842/1842
f 1842/1842 1843/1843 1840/1840
f 1841/1841 1844/1844 1845/1845
f 1845/1845 1842/1842 1841/1841
f 1838/1838 1836/1836 1842/1842
f 1842/1842 1845/1845 1838/1838
f 1836/1836 1834/1834 1843/1843
f 1843/1843 1842/1842 1836/1836
f 1846/1846 1847/1847 1848/1848
f 1848/1848 1849/1849 1846/1846
f 1847/1847 1840/1840 1843/1843
f 1843/1843 1848/1848 1847/1847
f 1834/1834 1831/1831 1848/1848
f 1848/1848 1843/1843 1834/1834
f 1831/1831 1830/1830 1849/1849
f 1849/1849 1848/1848 1831/1831
f 1850/1850 1851/1851 1852/1852
f 1852/1852 1853/1853 1850/1850
f 1851/1851 1854/1854 1855/1855
f 1855/1855 1852/1852 1851/1851
f 1774/1774 1771/1771 1852/1852
f 1852/1852 1855/1855 1774/1774
f 1771/1771 1770/1770 1853/1853
f 1853/1853 1852/1852 1771/1771
f 1854/1854 1856/1856 1857/1857
f 1857/1857 1855/1855 1854/1854
f 1856/1856 1858/1858 1859/1859
f 1859/1859 1857/1857 1856/1856
f 1786/1786 1784/1784 1857/1857
f 1857/1857 1859/1859 1786/1786
f 1784/1784 1774/1774 1855/1855
f 1855/1855 1857/1857 1784/1784
f 1860/1860 1861/1861 1862/1862
f 1862/1862 1863/1863 1860/1860
f 1861/1861 1864/1864 1865/1865
f 1865/1865 1862/1862 1861/1861
f 1854/1854 1851/1851 1862/1862
f 1862/1862 1865/1865 1854/1854
f 1851/1851 1850/1850 1863/1863
f 1863/1863 1862/1862 1851/1851
f 1864/1864 1866/1866 1867/1867
f 1867/1867 1865/1865 1864/1864
f 1866/1866 1868/1868 1869/1869
f 1869/1869 1867/1867 1866/1866
f 1858/1858 1856/1856 1867/1867
f 1867/1867 1869/1869 1858/1858
f 1856/1856 1854/1854 1865/1865
f 1865/1865 1867/1867 1856/1856
f 1870/1870 1871/1871 1872/1872
f 1872/1872 1873/1873 1870/1870
f 1871/1871 1874/1874 1875/1875
f 1875/1875 1872/1872 1871/1871
f 1864/1864 1861/1861 1872/1872
f 1872/1872 1875/1875 1864/1864
f 1861/1861 1860/1860 1873/1873
f 1873/1873 1872/1872 1861/1861
f 1874/1874 1876/1876 1877/1877
f 1877/1877 1875/1875 1874/1874
f 1876/1876 1878/1878 1879/1879
f 1879/1879 1877/1877 1876/1876
f 1868/1868 1866/1866 1877/1877
f 1877/1877 1879/1879 1868/1868
f 1866/1866 1864/1864 1875/1875
f 1875/1875 1877/1877 1866/1866
f 1748/1748 1747/1747 1880/1880
f 1880/1880 1881/1881 1748/1748
f 1747/1747 1746/1746 1882/1882
f 1882/1882 1880/1880 1747/1747
f 1738/1738 1736/1736 1880/1880
f 1880/1880 1882/1882 1738/1738
f 1736/1736 1734/1734 1881/1881
f 1881/1881 1880/1880 1736/1736
f 1754/1754 1753/1753 1883/1883
f 1883/1883 1884/1884 1754/1754
f 1753/1753 1748/1748 1881/1881
f 1881/1881 1883/1883 1753/1753
f 1734/1734 1731/1731 1883/1883
f 1883/1883 1881/1881 1734/1734
f 1731/1731 1730/1730 1884/1884
f 1884/1884 1883/1883 1731/1731
f 1885/1885 1886/1886 1887/1887
f 1887/1887 1888/1888 1885/1885
f 1886/1886 1889/1889 1890/1890
f 1890/1890 1887/1887 1886/1886
f 1740/1740 1750/1750 1887/1887
f 1887/1887 1890/1890 1740/1740
f 1750/1750 1749/1749 1888/1888
f 1888/1888 1887/1887 1750/1750
f 1889/1889 1891/1891 1892/1892
f 1892/1892 1890/1890 1889/1889
f 1891/1891 1893/1893 1894/1894
f 1894/1894 1892/1892 1891/1891
f 1744/1744 1741/1741 1892/1892
f 1892/1892 1894/1894 1744/1744
f 1741/1741 1740/1740 1890/1890
f 1890/1890 1892/1892 1741/1741
f 1895/1895 1896/1896 1897/1897
f 1897/1897 1898/1898 1895/1895
f 1896/1896 1899/1899 1900/1900
f 1900/1900 1897/1897 1896/1896
f 1893/1893 1891/1891 1897/1897
f 1897/1897 1900/1900 1893/1893
f 1891/1891 1889/1889 1898/1898
f 1898/1898 1897/1897 1891/1891
f 1901/1901 1902/1902 1903/1903
f 1903/1903 1904/1904 1901/1901
f 1902/1902 1895/1895 1898/1898
f 1898/1898 1903/1903 1902/1902
f 1889/1889 1886/1886 1903/1903
f 1903/1903 1898/1898 1889/1889
f 1886/1886 1885/1885 1904/1904
f 1904/1904 1903/1903 1886/1886
f 1905/1905 1906/1906 1907/1907
f 1907/1907 1908/1908 1905/1905
f 1906/1906 1909/1909 1910/1910
f 1910/1910 1907/1907 1906/1906
f 1911/1911 1912/1912 1907/1907
f 1907/1907 1910/1910 1911/1911
f 1912/1912 1913/1913 1908/1908
f 1908/1908 1907/1907 1912/1912
f 1905/1905 1908/1908 1914/1914
f 1914/1914 1915/1915 1905/1905
f 1908/1908 1913/1913 1916/1916
f 1916/1916 1914/1914 1908/1908
f 1917/1917 1918/1918 1914/1914
f 1914/1914 1916/1916 1917/1917
f 1918/1918 1919/1919 1915/1915
f 1915/1915 1914/1914 1918/1918
f 1913/1913 1912/1912 1920/1920
f 1920/1920 1921/1921 1913/1913
f 1912/1912 1911/1911 1922/1922
f 1922/1922 1920/1920 1912/1912
f 1923/1923 1924/1924 1920/1920
f 1920/1920 1922/1922 1923/1923
f 1924/1924 1925/1925 1921/1921
f 1921/1921 1920/1920 1924/1924
f 1913/1913 1921/1921 1926/1926
f 1926/1926 1916/1916 1913/1913
f 1921/1921 1925/1925 1927/1927
f 1927/1927 1926/1926 1921/1921
f 1928/1928 1929/1929 1926/1926
f 1926/1926 1927/1927 1928/1928
f 1929/1929 1917/1917 1916/1916
f 1916/1916 1926/1926 1929/1929
f 1930/1930 1931/1931 1932/1932
f 1932/1932 1933/1933 1930/1930
f 1931/1931 1934/1934 1935/1935
f 1935/1935 1932/1932 1931/1931
f 1936/1936 1937/1937 1932/1932
f 1932/1932 1935/1935 1936/1936
f 1937/1937 1938/1938 1933/1933
f 1933/1933 1932/1932 1937/1937
f 1930/1930 1933/1933 1939/1939
f 1939/1939 1940/1940 1930/1930
f 1933/1933 1938/1938 1941/1941
f 1941/1941 1939/1939 1933/1933
f 1942/1942 1943/1943 1939/1939
f 1939/1939 1941/1941 1942/1942
f 1943/1943 1944/1944 1940/1940
f 1940/1940 1939/1939 1943/1943
f 1945/1945 1946/1946 1947/1947
f 1947/1947 1948/1948 1945/1945
f 1946/1946 1930/1930 1940/1940
f 1940/1940 1947/1947 1946/1946
f 1944/1944 1949/1949 1947/1947
f 1947/1947 1940/1940 1944/1944
f 1949/1949 1950/1950 1948/1948
f 1948/1948 1947/1947 1949/1949
f 1945/1945 1951/1951 1952/1952
f 1952/1952 1946/1946 1945/1945
f 1951/1951 1953/1953 1954/1954
f 1954/1954 1952/1952 1951/1951
f 1934/1934 1931/1931 1952/1952
f 1952/1952 1954/1954 1934/1934
f 1931/1931 1930/1930 1946/1946
f 1946/1946 1952/1952 1931/1931
f 1955/1955 1956/1956 1957/1957
f 1957/1957 1958/1958 1955/1955
f 1956/1956 1959/1959 1960/1960
f 1960/1960 1957/1957 1956/1956
f 1961/1961 1962/1962 1957/1957
f 1957/1957 1960/1960 1961/1961
f 1962/1962 1963/1963 1958/1958
f 1958/1958 1957/1957 1962/1962
f 1964/1964 1965/1965 1966/1966
f 1966/1966 1967/1967 1964/1964
f 1965/1965 1968/1968 1969/1969
f 1969/1969 1966/1966 1965/1965
f 1961/1961 1960/1960 1966/1966
f 1966/1966 1969/1969 1961/1961
f 1960/1960 1959/1959 1967/1967
f 1967/1967 1966/1966 1960/1960
f 1970/1970 1971/1971 1972/1972
f 1972/1972 1973/1973 1970/1970
f 1971/1971 1974/1974 1975/1975
f 1975/1975 1972/1972 1971/1971
f 1955/1955 1958/1958 1972/1972
f 1972/1972 1975/1975 1955/1955
f 1958/1958 1963/1963 1973/1973
f 1973/1973 1972/1972 1958/1958
f 1976/1976 1977/1977 1978/1978
f 1978/1978 1979/1979 1976/1976
f 1977/1977 1955/1955 1980/1980
f 1980/1980 1978/1978 1977/1977
f 1981/1981 1982/1982 1978/1978
f 1978/1978 1980/1980 1981/1981
f 1982/1982 1983/1983 1979/1979
f 1979/1979 1978/1978 1982/1982
f 1974/1974 1984/1984 1985/1985
f 1985/1985 1975/1975 1974/1974
f 1984/1984 1986/1986 1987/1987
f 1987/1987 1985/1985 1984/1984
f 1981/1981 1980/1980 1985/1985
f 1985/1985 1987/1987 1981/1981
f 1980/1980 1955/1955 1975/1975
f 1975/1975 1985/1985 1980/1980
f 1976/1976 1988/1988 1989/1989
f 1989/1989 1977/1977 1976/1976
f 1988/1988 1959/1959 1956/1956
f 1956/1956 1989/1989 1988/1988
f 1955/1955 1977/1977 1989/1989
f 1989/1989 1956/1956 1955/1955
f 1959/1959 1988/1988 1990/1990
f 1990/1990 1991/1991 1959/1959
f 1988/1988 1976/1976 1992/1992
f 1992/1992 1990/1990 1988/1988
f 1993/1993 1994/1994 1990/1990
f 1990/1990 1992/1992 1993/1993
f 1994/1994 1995/1995 1991/1991
f 1991/1991 1990/1990 1994/1994
f 1996/1996 1997/1997 1998/1998
f 1998/1998 1999/1999 1996/1996
f 1997/1997 2000/2000 2001/2001
f 2001/2001 1998/1998 1997/1997
f 1993/1993 1992/1992 1998/1998
f 1998/1998 2001/2001 1993/1993
f 1992/1992 1976/1976 1999/1999
f 1999/1999 1998/1998 1992/1992
f 2002/2002 2003/2003 2004/2004
f 2004/2004 2005/2005 2002/2002
f 2003/2003 1996/1996 1999/1999
f 1999/1999 2004/2004 2003/2003
f 1976/1976 1979/1979 2004/2004
f 2004/2004 1999/1999 1976/1976
f 1979/1979 1983/1983 2005/2005
f 2005/2005 2004/2004 1979/1979
f 2006/2006 2007/2007 2008/2008
f 2008/2008 2009/2009 2006/2006
f 2007/2007 2010/2010 2011/2011
f 2011/2011 2008/2008 2007/2007
f 2000/2000 1997/1997 2008/2008
f 2008/2008 2011/2011 2000/2000
f 1997/1997 1996/1996 2009/2009
f 2009/2009 2008/2008 1997/1997
f 2012/2012 2013/2013 2014/2014
f 2014/2014 2015/2015 2012/2012
f 2013/2013 2006/2006 2009/2009
f 2009/2009 2014/2014 2013/2013
f 1996/1996 2003/2003 2014/2014
f 2014/2014 2009/2009 1996/1996
f 2003/2003 2002/2002 2015/2015
f 2015/2015 2014/2014 2003/2003
f 2016/2016 2017/2017 2018/2018
f 2018/2018 2019/2019 2016/2016
f 2017/2017 2020/2020 2021/2021
f 2021/2021 2018/2018 2017/2017
f 2010/2010 2007/2007 2018/2018
f 2018/2018 2021/2021 2010/2010
f 2007/2007 2006/2006 2019/2019
f 2019/2019 2018/2018 2007/2007
f 2022/2022 2023/2023 2024/2024
f 2024/2024 2025/2025 2022/2022
f 2023/2023 2016/2016 2019/2019
f 2019/2019 2024/2024 2023/2023
f 2006/2006 2013/2013 2024/2024
f 2024/2024 2019/2019 2006/2006
f 2013/2013 2012/2012 2025/2025
f 2025/2025 2024/2024 2013/2013
f 2026/2026 2027/2027 2028/2028
f 2028/2028 2029/2029 2026/2026
f 2027/2027 1964/1964 1967/1967
f 1967/1967 2028/2028 2027/2027
f 1959/1959 1991/1991 2028/2028
f 2028/2028 1967/1967 1959/1959
f 1991/1991 1995/1995 2029/2029
f 2029/2029 2028/2028 1991/1991
f 2030/2030 2031/2031 2032/2032
f 2032/2032 2033/2033 2030/2030
f 2031/2031 2034/2034 2035/2035
f 2035/2035 2032/2032 2031/2031
f 1964/1964 2027/2027 2032/2032
f 2032/2032 2035/2035 1964/1964
f 2027/2027 2026/2026 2033/2033
f 2033/2033 2032/2032 2027/2027
f 2034/2034 2036/2036 2037/2037
f 2037/2037 2035/2035 2034/2034
f 2036/2036 2038/2038 2039/2039
f 2039/2039 2037/2037 2036/2036
f 1968/1968 1965/1965 2037/2037
f 2037/2037 2039/2039 1968/1968
f 1965/1965 1964/1964 2035/2035
f 2035/2035 2037/2037 1965/1965
f 2040/2040 2041/2041 2042/2042
f 2042/2042 2043/2043 2040/2040
f 2041/2041 2044/2044 2045/2045
f 2045/2045 2042/2042 2041/2041
f 2038/2038 2036/2036 2042/2042
f 2042/2042 2045/2045 2038/2038
f 2036/2036 2034/2034 2043/2043
f 2043/2043 2042/2042 2036/2036
f 2046/2046 2047/2047 2048/2048
f 2048/2048 2049/2049 2046/2046
f 2047/2047 2040/2040 2043/2043
f 2043/2043 2048/2048 2047/2047
f 2034/2034 2031/2031 2048/2048
f 2048/2048 2043/2043 2034/2034
f 2031/2031 2030/2030 2049/2049
f 2049/2049 2048/2048 2031/2031
f 2050/2050 2051/2051 2052/2052
f 2052/2052 2053/2053 2050/2050
f 2051/2051 2054/2054 2055/2055
f 2055/2055 2052/2052 2051/2051
f 1974/1974 1971/1971 2052/2052
f 2052/2052 2055/2055 1974/1974
f 1971/1971 1970/1970 2053/2053
f 2053/2053 2052/2052 1971/1971
f 2054/2054 2056/2056 2057/2057
f 2057/2057 2055/2055 2054/2054
f 2056/2056 2058/2058 2059/2059
f 2059/2059 2057/2057 2056/2056
f 1986/1986 1984/1984 2057/2057
f 2057/2057 2059/2059 1986/1986
f 1984/1984 1974/1974 2055/2055
f 2055/2055 2057/2057 1984/1984
f 2060/2060 2061/2061 2062/2062
f 2062/2062 2063/2063 2060/2060
f 2061/2061 2064/2064 2065/2065
f 2065/2065 2062/2062 2061/2061
f 2054/2054 2051/2051 2062/2062
f 2062/2062 2065/2065 2054/2054
f 2051/2051 2050/2050 2063/2063
f 2063/2063 2062/2062 2051/2051
f 2064/2064 2066/2066 2067/2067
f 2067/2067 2065/2065 2064/2064
f 2066/2066 2068/2068 2069/2069
f 2069/2069 2067/2067 2066/2066
f 2058/2058 2056/2056 2067/2067
f 2067/2067 2069/2069 2058/2058
f 2056/2056 2054/2054 2065/2065
f 2065/2065 2067/2067 2056/2056
f 2070/2070 2071/2071 2072/2072
f 2072/2072 2073/2073 2070/2070
f 2071/2071 2074/2074 2075/2075
f 2075/2075 2072/2072 2071/2071
f 2064/2064 2061/2061 2072/2072
f 2072/2072 2075/2075 2064/2064
f 2061/2061 2060/2060 2073/2073
f 2073/2073 2072/2072 2061/2061
f 2074/2074 2076/2076 2077/2077
f 2077/2077 2075/2075 2074/2074
f 2076/2076 2078/2078 2079/2079
f 2079/2079 2077/2077 2076/2076
f 2068/2068 2066/2066 2077/2077
f 2077/2077 2079/2079 2068/2068
f 2066/2066 2064/2064 2075/2075
f 2075/2075 2077/2077 2066/2066
f 1925/1925 1924/1924 2080/2080
f 2080/2080 2081/2081 1925/1925
f 1924/1924 1923/1923 2082/2082
f 2082/2082 2080/2080 1924/1924
f 1953/1953 1951/1951 2080/2080
f 2080/2080 2082/2082 1953/1953
f 1951/1951 1945/1945 2081/2081
f 2081/2081 2080/2080 1951/1951
f 1925/1925 2081/2081 2083/2083
f 2083/2083 1927/1927 1925/1925
f 2081/2081 1945/1945 1948/1948
f 1948/1948 2083/2083 2081/2081
f 1950/1950 2084/2084 2083/2083
f 2083/2083 1948/1948 1950/1950
f 2084/2084 1928/1928 1927/1927
f 1927/1927 2083/2083 2084/2084
f 2085/2085 2086/2086 2087/2087
f 2087/2087 2088/2088 2085/2085
f 2086/2086 2089/2089 2090/2090
f 2090/2090 2087/2087 2086/2086
f 2091/2091 2092/2092 2087/2087
f 2087/2087 2090/2090 2091/2091
f 2092/2092 2093/2093 2088/2088
f 2088/2088 2087/2087 2092/2092
f 2094/2094 2095/2095 2096/2096
f 2096/2096 2097/2097 2094/2094
f 2095/2095 2085/2085 2088/2088
f 2088/2088 2096/2096 2095/2095
f 2093/2093 2098/2098 2096/2096
f 2096/2096 2088/2088 2093/2093
f 2098/2098 2099/2099 2097/2097
f 2097/2097 2096/2096 2098/2098
f 2100/2100 2101/2101 2102/2102
f 2102/2102 2103/2103 2100/2100
f 2101/2101 2104/2104 2105/2105
f 2105/2105 2102/2102 2101/2101
f 2085/2085 2095/2095 2102/2102
f 2102/2102 2105/2105 2085/2085
f 2095/2095 2094/2094 2103/2103
f 2103/2103 2102/2102 2095/2095
f 2104/2104 2106/2106 2107/2107
f 2107/2107 2105/2105 2104/2104
f 2106/2106 2108/2108 2109/2109
f 2109/2109 2107/2107 2106/2106
f 2089/2089 2086/2086 2107/2107
f 2107/2107 2109/2109 2089/2089
f 2086/2086 2085/2085 2105/2105
f 2105/2105 2107/2107 2086/2086
f 2110/2110 2111/2111 2112/2112
f 2112/2112 2113/2113 2110/2110
f 2111/2111 2114/2114 2115/2115
f 2115/2115 2112/2112 2111/2111
f 2116/2116 2117/2117 2112/2112
f 2112/2112 2115/2115 2116/2116
f 2117/2117 2118/2118 2113/2113
f 2113/2113 2112/2112 2117/2117
f 2116/2116 2119/2119 2120/2120
f 2120/2120 2121/2121 2116/2116
f 2119/2119 2122/2122 2123/2123
f 2123/2123 2120/2120 2119/2119
f 2124/2124 2125/2125 2120/2120
f 2120/2120 2123/2123 2124/2124
f 2125/2125 2126/2126 2121/2121
f 2121/2121 2120/2120 2125/2125
f 2114/2114 2127/2127 2128/2128
f 2128/2128 2115/2115 2114/2114
f 2127/2127 2129/2129 2130/2130
f 2130/2130 2128/2128 2127/2127
f 2122/2122 2119/2119 2128/2128
f 2128/2128 2130/2130 2122/2122
f 2119/2119 2116/2116 2115/2115
f 2115/2115 2128/2128 2119/2119
f 2118/2118 2117/2117 2131/2131
f 2131/2131 2132/2132 2118/2118
f 2117/2117 2116/2116 2121/2121
f 2121/2121 2131/2131 2117/2117
f 2126/2126 2133/2133 2131/2131
f 2131/2131 2121/2121 2126/2126
f 2133/2133 2134/2134 2132/2132
f 2132/2132 2131/2131 2133/2133
f 2135/2135 2136/2136 2137/2137
f 2137/2137 2138/2138 2135/2135
f 2136/2136 2139/2139 2140/2140
f 2140/2140 2137/2137 2136/2136
f 2141/2141 2142/2142 2137/2137
f 2137/2137 2140/2140 2141/2141
f 2142/2142 2143/2143 2138/2138
f 2138/2138 2137/2137 2142/2142
f 2144/2144 2145/2145 2146/2146
f 2146/2146 2147/2147 2144/2144
f 2145/2145 2148/2148 2149/2149
f 2149/2149 2146/2146 2145/2145
f 2141/2141 2140/2140 2146/2146
f 2146/2146 2149/2149 2141/2141
f 2140/2140 2139/2139 2147/2147
f 2147/2147 2146/2146 2140/2140
f 2150/2150 2151/2151 2152/2152
f 2152/2152 2153/2153 2150/2150
f 2151/2151 2154/2154 2155/2155
f 2155/2155 2152/2152 2151/2151
f 2135/2135 2138/2138 2152/2152
f 2152/2152 2155/2155 2135/2135
f 2138/2138 2143/2143 2153/2153
f 2153/2153 2152/2152 2138/2138
f 2156/2156 2157/2157 2158/2158
f 2158/2158 2159/2159 2156/2156
f 2157/2157 2135/2135 2160/2160
f 2160/2160 2158/2158 2157/2157
f 2161/2161 2162/2162 2158/2158
f 2158/2158 2160/2160 2161/2161
f 2162/2162 2163/2163 2159/2159
f 2159/2159 2158/2158 2162/2162
f 2154/2154 2164/2164 2165/2165
f 2165/2165 2155/2155 2154/2154
f 2164/2164 2166/2166 2167/2167
f 2167/2167 2165/2165 2164/2164
f 2161/2161 2160/2160 2165/2165
f 2165/2165 2167/2167 2161/2161
f 2160/2160 2135/2135 2155/2155
f 2155/2155 2165/2165 2160/2160
f 2156/2156 2168/2168 2169/2169
f 2169/2169 2157/2157 2156/2156
f 2168/2168 2139/2139 2136/2136
f 2136/2136 2169/2169 2168/2168
f 2135/2135 2157/2157 2169/2169
f 2169/2169 2136/2136 2135/2135
f 2139/2139 2168/2168 2170/2170
f 2170/2170 2171/2171 2139/2139
f 2168/2168 2156/2156 2172/2172
f 2172/2172 2170/2170 2168/2168
f 2173/2173 2174/2174 2170/2170
f 2170/2170 2172/2172 2173/2173
f 2174/2174 2175/2175 2171/2171
f 2171/2171 2170/2170 2174/2174
f 2176/2176 2177/2177 2178/2178
f 2178/2178 2179/2179 2176/2176
f 2177/2177 2180/2180 2181/2181
f 2181/2181 2178/2178 2177/2177
f 2173/2173 2172/2172 2178/2178
f 2178/2178 2181/2181 2173/2173
f 2172/2172 2156/2156 2179/2179
f 2179/2179 2178/2178 2172/2172
f 2182/2182 2183/2183 2184/2184
f 2184/2184 2185/2185 2182/2182
f 2183/2183 2176/2176 2179/2179
f 2179/2179 2184/2184 2183/2183
f 2156/2156 2159/2159 2184/2184
f 2184/2184 2179/2179 2156/2156
f 2159/2159 2163/2163 2185/2185
f 2185/2185 2184/2184 2159/2159
f 2186/2186 2187/2187 2188/2188
f 2188/2188 2189/2189 2186/2186
f 2187/2187 2190/2190 2191/2191
f 2191/2191 2188/2188 2187/2187
f 2180/2180 2177/2177 2188/2188
f 2188/2188 2191/2191 2180/2180
f 2177/2177 2176/2176 2189/2189
f 2189/2189 2188/2188 2177/2177
f 2192/2192 2193/2193 2194/2194
f 2194/2194 2195/2195 2192/2192
f 2193/2193 2186/2186 2189/2189
f 2189/2189 2194/2194 2193/2193
f 2176/2176 2183/2183 2194/2194
f 2194/2194 2189/2189 2176/2176
f 2183/2183 2182/2182 2195/2195
f 2195/2195 2194/2194 2183/2183
f 2196/2196 2197/2197 2198/2198
f 2198/2198 2199/2199 2196/2196
f 2197/2197 2200/2200 2201/2201
f 2201/2201 2198/2198 2197/2197
f 2190/2190 2187/2187 2198/2198
f 2198/2198 2201/2201 2190/2190
f 2187/2187 2186/2186 2199/2199
f 2199/2199 2198/2198 2187/2187
f 2202/2202 2203/2203 2204/2204
f 2204/2204 2205/2205 2202/2202
f 2203/2203 2196/2196 2199/2199
f 2199/2199 2204/2204 2203/2203
f 2186/2186 2193/2193 2204/2204
f 2204/2204 2199/2199 2186/2186
f 2193/2193 2192/2192 2205/2205
f 2205/2205 2204/2204 2193/2193
f 2206/2206 2207/2207 2208/2208
f 2208/2208 2209/2209 2206/2206
f 2207/2207 2144/2144 2147/2147
f 2147/2147 2208/2208 2207/2207
f 2139/2139 2171/2171 2208/2208
f 2208/2208 2147/2147 2139/2139
f 2171/2171 2175/2175 2209/2209
f 2209/2209 2208/2208 2171/2171
f 2210/2210 2211/2211 2212/2212
f 2212/2212 2213/2213 2210/2210
f 2211/2211 2214/2214 2215/2215
f 2215/2215 2212/2212 2211/2211
f 2144/2144 2207/2207 2212/2212
f 2212/2212 2215/2215 2144/2144
f 2207/2207 2206/2206 2213/2213
f 2213/2213 2212/2212 2207/2207
f 2214/2214 2216/2216 2217/2217
f 2217/2217 2215/2215 2214/2214
f 2216/2216 2218/2218 2219/2219
f 2219/2219 2217/2217 2216/2216
f 2148/2148 2145/2145 2217/2217
f 2217/2217 2219/2219 2148/2148
f 2145/2145 2144/2144 2215/2215
f 2215/2215 2217/2217 2145/2145
f 2220/2220 2221/2221 2222/2222
f 2222/2222 2223/2223 2220/2220
f 2221/2221 2224/2224 2225/2225
f 2225/2225 2222/2222 2221/2221
f 2218/2218 2216/2216 2222/2222
f 2222/2222 2225/2225 2218/2218
f 2216/2216 2214/2214 2223/2223
f 2223/2223 2222/2222 2216/2216
f 2226/2226 2227/2227 2228/2228
f 2228/2228 2229/2229 2226/2226
f 2227/2227 2220/2220 2223/2223
f 2223/2223 2228/2228 2227/2227
f 2214/2214 2211/2211 2228/2228
f 2228/2228 2223/2223 2214/2214
f 2211/2211 2210/2210 2229/2229
f 2229/2229 2228/2228 2211/2211
f 2230/2230 2231/2231 2232/2232
f 2232/2232 2233/2233 2230/2230
f 2231/2231 2234/2234 2235/2235
f 2235/2235 2232/2232 2231/2231
f 2154/2154 2151/2151 2232/2232
f 2232/2232 2235/2235 2154/2154
f 2151/2151 2150/2150 2233/2233
f 2233/2233 2232/2232 2151/2151
f 2234/2234 2236/2236 2237/2237
f 2237/2237 2235/2235 2234/2234
f 2236/2236 2238/2238 2239/2239
f 2239/2239 2237/2237 2236/2236
f 2166/2166 2164/2164 2237/2237
f 2237/2237 2239/2239 2166/2166
f 2164/2164 2154/2154 2235/2235
f 2235/2235 2237/2237 2164/2164
f 2240/2240 2241/2241 2242/2242
f 2242/2242 2243/2243 2240/2240
f 2241/2241 2244/2244 2245/2245
f 2245/2245 2242/2242 2241/2241
f 2234/2234 2231/2231 2242/2242
f 2242/2242 2245/2245 2234/2234
f 2231/2231 2230/2230 2243/2243
f 2243/2243 2242/2242 2231/2231
f 2244/2244 2246/2246 2247/2247
f 2247/2247 2245/2245 2244/2244
f 2246/2246 2248/2248 2249/2249
f 2249/2249 2247/2247 2246/2246
f 2238/2238 2236/2236 2247/2247
f 2247/2247 2249/2249 2238/2238
f 2236/2236 2234/2234 2245/2245
f 2245/2245 2247/2247 2236/2236
f 2250/2250 2251/2251 2252/2252
f 2252/2252 2253/2253 2250/2250
f 2251/2251 2254/2254 2255/2255
f 2255/2255 2252/2252 2251/2251
f 2244/2244 2241/2241 2252/2252
f 2252/2252 2255/2255 2244/2244
f 2241/2241 2240/2240 2253/2253
f 2253/2253 2252/2252 2241/2241
f 2254/2254 2256/2256 2257/2257
f 2257/2257 2255/2255 2254/2254
f 2256/2256 2258/2258 2259/2259
f 2259/2259 2257/2257 2256/2256
f 2248/2248 2246/2246 2257/2257
f 2257/2257 2259/2259 2248/2248
f 2246/2246 2244/2244 2255/2255
f 2255/2255 2257/2257 2246/2246
f 2126/2126 2125/2125 2260/2260
f 2260/2260 2261/2261 2126/2126
f 2125/2125 2124/2124 2262/2262
f 2262/2262 2260/2260 2125/2125
f 2108/2108 2106/2106 2260/2260
f 2260/2260 2262/2262 2108/2108
f 2106/2106 2104/2104 2261/2261
f 2261/2261 2260/2260 2106/2106
f 2134/2134 2133/2133 2263/2263
f 2263/2263 2264/2264 2134/2134
f 2133/2133 2126/2126 2261/2261
f 2261/2261 2263/2263 2133/2133
f 2104/2104 2101/2101 2263/2263
f 2263/2263 2261/2261 2104/2104
f 2101/2101 2100/2100 2264/2264
f 2264/2264 2263/2263 2101/2101
f 2265/2265 2266/2266 2267/2267
f 2267/2267 2268/2268 2265/2265
f 2266/2266 2269/2269 2270/2270
f 2270/2270 2267/2267 2266/2266
f 2129/2129 2127/2127 2267/2267
f 2267/2267 2270/2270 2129/2129
f 2127/2127 2114/2114 2268/2268
f 2268/2268 2267/2267 2127/2127
f 2271/2271 2272/2272 2273/2273
f 2273/2273 2274/2274 2271/2271
f 2272/2272 2265/2265 2268/2268
f 2268/2268 2273/2273 2272/2272
f 2114/2114 2111/2111 2273/2273
f 2273/2273 2268/2268 2114/2114
f 2111/2111 2110/2110 2274/2274
f 2274/2274 2273/2273 2111/2111
f 2275/2275 2276/2276 2277/2277
f 2277/2277 2278/2278 2275/2275
f 2276/2276 2279/2279 2280/2280
f 2280/2280 2277/2277 2276/2276
f 2281/2281 2282/2282 2277/2277
f 2277/2277 2280/2280 2281/2281
f 2282/2282 2283/2283 2278/2278
f 2278/2278 2277/2277 2282/2282
f 2284/2284 2285/2285 2286/2286
f 2286/2286 2287/2287 2284/2284
f 2285/2285 2275/2275 2278/2278
f 2278/2278 2286/2286 2285/2285
f 2283/2283 2288/2288 2286/2286
f 2286/2286 2278/2278 2283/2283
f 2288/2288 2289/2289 2287/2287
f 2287/2287 2286/2286 2288/2288
f 2290/2290 2291/2291 2292/2292
f 2292/2292 2293/2293 2290/2290
f 2291/2291 2294/2294 2295/2295
f 2295/2295 2292/2292 2291/2291
f 2275/2275 2285/2285 2292/2292
f 2292/2292 2295/2295 2275/2275
f 2285/2285 2284/2284 2293/2293
f 2293/2293 2292/2292 2285/2285
f 2294/2294 2296/2296 2297/2297
f 2297/2297 2295/2295 2294/2294
f 2296/2296 2298/2298 2299/2299
f 2299/2299 2297/2297 2296/2296
f 2279/2279 2276/2276 2297/2297
f 2297/2297 2299/2299 2279/2279
f 2276/2276 2275/2275 2295/2295
f 2295/2295 2297/2297 2276/2276
f 2300/2300 2301/2301 2302/2302
f 2302/2302 2303/2303 2300/2300
f 2301/2301 2304/2304 2305/2305
f 2305/2305 2302/2302 2301/2301
f 2306/2306 2307/2307 2302/2302
f 2302/2302 2305/2305 2306/2306
f 2307/2307 2308/2308 2303/2303
f 2303/2303 2302/2302 2307/2307
f 2309/2309 2310/2310 2311/2311
f 2311/2311 2312/2312 2309/2309
f 2310/2310 2300/2300 2303/2303
f 2303/2303 2311/2311 2310/2310
f 2308/2308 2313/2313 2311/2311
f 2311/2311 2303/2303 2308/2308
f 2313/2313 2314/2314 2312/2312
f 2312/2312 2311/2311 2313/2313
f 2308/2308 2307/2307 2315/2315
f 2315/2315 2316/2316 2308/2308
f 2307/2307 2306/2306 2317/2317
f 2317/2317 2315/2315 2307/2307
f 2298/2298 2296/2296 2315/2315
f 2315/2315 2317/2317 2298/2298
f 2296/2296 2294/2294 2316/2316
f 2316/2316 2315/2315 2296/2296
f 2314/2314 2313/2313 2318/2318
f 2318/2318 2319/2319 2314/2314
f 2313/2313 2308/2308 2316/2316
f 2316/2316 2318/2318 2313/2313
f 2294/2294 2291/2291 2318/2318
f 2318/2318 2316/2316 2294/2294
f 2291/2291 2290/2290 2319/2319
f 2319/2319 2318/2318 2291/2291
f 2320/2320 2321/2321 2322/2322
f 2322/2322 2323/2323 2320/2320
f 2321/2321 2324/2324 2325/2325
f 2325/2325 2322/2322 2321/2321
f 2300/2300 2310/2310 2322/2322
f 2322/2322 2325/2325 2300/2300
f 2310/2310 2309/2309 2323/2323
f 2323/2323 2322/2322 2310/2310
f 2324/2324 2326/2326 2327/2327
f 2327/2327 2325/2325 2324/2324
f 2326/2326 2328/2328 2329/2329
f 2329/2329 2327/2327 2326/2326
f 2304/2304 2301/2301 2327/2327
f 2327/2327 2329/2329 2304/2304
f 2301/2301 2300/2300 2325/2325
f 2325/2325 2327/2327 2301/2301
f 2330/2330 2331/2331 2332/2332
f 2332/2332 2333/2333 2330/2330
f 2331/2331 2334/2334 2335/2335
f 2335/2335 2332/2332 2331/2331
f 2328/2328 2326/2326 2332/2332
f 2332/2332 2335/2335 2328/2328
f 2326/2326 2324/2324 2333/2333
f 2333/2333 2332/2332 2326/2326
f 2336/2336 2337/2337 2338/2338
f 2338/2338 2339/2339 2336/2336
f 2337/2337 2330/2330 2333/2333
f 2333/2333 2338/2338 2337/2337
f 2324/2324 2321/2321 2338/2338
f 2338/2338 2333/2333 2324/2324
f 2321/2321 2320/2320 2339/2339
f 2339/2339 2338/2338 2321/2321
f 2340/2340 2341/2341 2342/2342
f 2342/2342 2343/2343 2340/2340
f 2341/2341 2344/2344 2345/2345
f 2345/2345 2342/2342 2341/2341
f 2346/2346 2347/2347 2342/2342
f 2342/2342 2345/2345 2346/2346
f 2347/2347 2348/2348 2343/2343
f 2343/2343 2342/2342 2347/2347
f 2349/2349 2350/2350 2351/2351
f 2351/2351 2352/2352 2349/2349
f 2350/2350 2353/2353 2354/2354
f 2354/2354 2351/2351 2350/2350
f 2344/2344 2341/2341 2351/2351
f 2351/2351 2354/2354 2344/2344
f 2341/2341 2340/2340 2352/2352
f 2352/2352 2351/2351 2341/2341
f 2355/2355 2356/2356 2357/2357
f 2357/2357 2358/2358 2355/2355
f 2356/2356 2359/2359 2360/2360
f 2360/2360 2357/2357 2356/2356
f 2353/2353 2350/2350 2357/2357
f 2357/2357 2360/2360 2353/2353
f 2350/2350 2349/2349 2358/2358
f 2358/2358 2357/2357 2350/2350
f 2344/2344 2361/2361 2362/2362
f 2362/2362 2345/2345 2344/2344
f 2361/2361 2363/2363 2364/2364
f 2364/2364 2362/2362 2361/2361
f 2365/2365 2366/2366 2362/2362
f 2362/2362 2364/2364 2365/2365
f 2366/2366 2346/2346 2345/2345
f 2345/2345 2362/2362 2366/2366
f 2353/2353 2367/2367 2368/2368
f 2368/2368 2354/2354 2353/2353
f 2367/2367 2369/2369 2370/2370
f 2370/2370 2368/2368 2367/2367
f 2363/2363 2361/2361 2368/2368
f 2368/2368 2370/2370 2363/2363
f 2361/2361 2344/2344 2354/2354
f 2354/2354 2368/2368 2361/2361
f 2359/2359 2371/2371 2372/2372
f 2372/2372 2360/2360 2359/2359
f 2371/2371 2373/2373 2374/2374
f 2374/2374 2372/2372 2371/2371
f 2369/2369 2367/2367 2372/2372
f 2372/2372 2374/2374 2369/2369
f 2367/2367 2353/2353 2360/2360
f 2360/2360 2372/2372 2367/2367
f 2375/2375 2376/2376 2377/2377
f 2377/2377 2378/2378 2375/2375
f 2376/2376 2379/2379 2380/2380
f 2380/2380 2377/2377 2376/2376
f 2381/2381 2382/2382 2377/2377
f 2377/2377 2380/2380 2381/2381
f 2382/2382 2383/2383 2378/2378
f 2378/2378 2377/2377 2382/2382
f 2384/2384 2385/2385 2386/2386
f 2386/2386 2387/2387 2384/2384
f 2385/2385 2388/2388 2389/2389
f 2389/2389 2386/2386 2385/2385
f 2379/2379 2376/2376 2386/2386
f 2386/2386 2389/2389 2379/2379
f 2376/2376 2375/2375 2387/2387
f 2387/2387 2386/2386 2376/2376
f 2390/2390 2391/2391 2392/2392
f 2392/2392 2393/2393 2390/2390
f 2391/2391 2394/2394 2395/2395
f 2395/2395 2392/2392 2391/2391
f 2388/2388 2385/2385 2392/2392
f 2392/2392 2395/2395 2388/2388
f 2385/2385 2384/2384 2393/2393
f 2393/2393 2392/2392 2385/2385
f 2379/2379 2396/2396 2397/2397
f 2397/2397 2380/2380 2379/2379
f 2396/2396 2398/2398 2399/2399
f 2399/2399 2397/2397 2396/2396
f 2400/2400 2401/2401 2397/2397
f 2397/2397 2399/2399 2400/2400
f 2401/2401 2381/2381 2380/2380
f 2380/2380 2397/2397 2401/2401
f 2388/2388 2402/2402 2403/2403
f 2403/2403 2389/2389 2388/2388
f 2402/2402 2404/2404 2405/2405
f 2405/2405 2403/2403 2402/2402
f 2398/2398 2396/2396 2403/2403
f 2403/2403 2405/2405 2398/2398
f 2396/2396 2379/2379 2389/2389
f 2389/2389 2403/2403 2396/2396
f 2394/2394 2406/2406 2407/2407
f 2407/2407 2395/2395 2394/2394
f 2406/2406 2408/2408 2409/2409
f 2409/2409 2407/2407 2406/2406
f 2404/2404 2402/2402 2407/2407
f 2407/2407 2409/2409 2404/2404
f 2402/2402 2388/2388 2395/2395
f 2395/2395 2407/2407 2402/2402
f 2346/2346 2410/2410 2411/2411
f 2411/2411 2347/2347 2346/2346
f 2410/2410 2381/2381 2401/2401
f 2401/2401 2411/2411 2410/2410
f 2400/2400 2412/2412 2411/2411
f 2411/2411 2401/2401 2400/2400
f 2412/2412 2348/2348 2347/2347
f 2347/2347 2411/2411 2412/2412
f 2413/2413 2414/2414 2415/2415
f 2415/2415 2416/2416 2413/2413
f 2414/2414 2417/2417 2418/2418
f 2418/2418 2415/2415 2414/2414
f 2419/2419 2420/2420 2415/2415
f 2415/2415 2418/2418 2419/2419
f 2420/2420 2421/2421 2416/2416
f 2416/2416 2415/2415 2420/2420
f 2422/2422 2423/2423 2424/2424
f 2424/2424 2425/2425 2422/2422
f 2423/2423 2426/2426 2427/2427
f 2427/2427 2424/2424 2423/2423
f 2417/2417 2414/2414 2424/2424
f 2424/2424 2427/2427 2417/2417
f 2414/2414 2413/2413 2425/2425
f 2425/2425 2424/2424 2414/2414
f 2428/2428 2429/2429 2430/2430
f 2430/2430 2431/2431 2428/2428
f 2429/2429 2432/2432 2433/2433
f 2433/2433 2430/2430 2429/2429
f 2434/2434 2435/2435 2430/2430
f 2430/2430 2433/2433 2434/2434
f 2435/2435 2436/2436 2431/2431
f 2431/2431 2430/2430 2435/2435
f 2417/2417 2437/2437 2438/2438
f 2438/2438 2418/2418 2417/2417
f 2437/2437 2439/2439 2440/2440
f 2440/2440 2438/2438 2437/2437
f 2441/2441 2442/2442 2438/2438
f 2438/2438 2440/2440 2441/2441
f 2442/2442 2419/2419 2418/2418
f 2418/2418 2438/2438 2442/2442
f 2426/2426 2443/2443 2444/2444
f 2444/2444 2427/2427 2426/2426
f 2443/2443 2445/2445 2446/2446
f 2446/2446 2444/2444 2443/2443
f 2439/2439 2437/2437 2444/2444
f 2444/2444 2446/2446 2439/2439
f 2437/2437 2417/2417 2427/2427
f 2427/2427 2444/2444 2437/2437
f 2432/2432 2447/2447 2448/2448
f 2448/2448 2433/2433 2432/2432
f 2447/2447 2449/2449 2450/2450
f 2450/2450 2448/2448 2447/2447
f 2451/2451 2452/2452 2448/2448
f 2448/2448 2450/2450 2451/2451
f 2452/2452 2434/2434 2433/2433
f 2433/2433 2448/2448 2452/2452
f 2419/2419 2453/2453 2454/2454
f 2454/2454 2420/2420 2419/2419
f 2453/2453 2346/2346 2366/2366
f 2366/2366 2454/2454 2453/2453
f 2365/2365 2455/2455 2454/2454
f 2454/2454 2366/2366 2365/2365
f 2455/2455 2421/2421 2420/2420
f 2420/2420 2454/2454 2455/2455
f 2381/2381 2456/2456 2457/2457
f 2457/2457 2382/2382 2381/2381
f 2456/2456 2419/2419 2442/2442
f 2442/2442 2457/2457 2456/2456
f 2441/2441 2458/2458 2457/2457
f 2457/2457 2442/2442 2441/2441
f 2458/2458 2383/2383 2382/2382
f 2382/2382 2457/2457 2458/2458
f 2381/2381 2410/2410 2459/2459
f 2459/2459 2456/2456 2381/2381
f 2410/2410 2346/2346 2453/2453
f 2453/2453 2459/2459 2410/2410
f 2419/2419 2456/2456 2459/2459
f 2459/2459 2453/2453 2419/2419
f 2434/2434 2452/2452 2460/2460
f 2460/2460 2461/2461 2434/2434
f 2452/2452 2451/2451 2462/2462
f 2462/2462 2460/2460 2452/2452
f 2445/2445 2443/2443 2460/2460
f 2460/2460 2462/2462 2445/2445
f 2443/2443 2426/2426 2461/2461
f 2461/2461 2460/2460 2443/2443
f 2436/2436 2435/2435 2463/2463
f 2463/2463 2464/2464 2436/2436
f 2435/2435 2434/2434 2461/2461
f 2461/2461 2463/2463 2435/2435
f 2426/2426 2423/2423 2463/2463
f 2463/2463 2461/2461 2426/2426
f 2423/2423 2422/2422 2464/2464
f 2464/2464 2463/2463 2423/2423
f 2465/2465 2466/2466 2467/2467
f 2467/2467 2468/2468 2465/2465
f 2466/2466 2469/2469 2470/2470
f 2470/2470 2467/2467 2466/2466
f 2330/2330 2337/2337 2467/2467
f 2467/2467 2470/2470 2330/2330
f 2337/2337 2336/2336 2468/2468
f 2468/2468 2467/2467 2337/2337
f 2469/2469 2471/2471 2472/2472
f 2472/2472 2470/2470 2469/2469
f 2471/2471 2473/2473 2474/2474
f 2474/2474 2472/2472 2471/2471
f 2334/2334 2331/2331 2472/2472
f 2472/2472 2474/2474 2334/2334
f 2331/2331 2330/2330 2470/2470
f 2470/2470 2472/2472 2331/2331
f 2475/2475 2476/2476 2477/2477
f 2477/2477 2478/2478 2475/2475
f 2476/2476 2479/2479 2480/2480
f 2480/2480 2477/2477 2476/2476
f 2481/2481 2482/2482 2477/2477
f 2477/2477 2480/2480 2481/2481
f 2482/2482 2483/2483 2478/2478
f 2478/2478 2477/2477 2482/2482
f 2475/2475 2478/2478 2484/2484
f 2484/2484 2485/2485 2475/2475
f 2478/2478 2483/2483 2486/2486
f 2486/2486 2484/2484 2478/2478
f 2487/2487 2488/2488 2484/2484
f 2484/2484 2486/2486 2487/2487
f 2488/2488 2489/2489 2485/2485
f 2485/2485 2484/2484 2488/2488
f 2490/2490 2491/2491 2492/2492
f 2492/2492 2493/2493 2490/2490
f 2491/2491 2494/2494 2495/2495
f 2495/2495 2492/2492 2491/2491
f 2496/2496 2497/2497 2492/2492
f 2492/2492 2495/2495 2496/2496
f 2497/2497 2498/2498 2493/2493
f 2493/2493 2492/2492 2497/2497
f 2490/2490 2493/2493 2499/2499
f 2499/2499 2500/2500 2490/2490
f 2493/2493 2498/2498 2501/2501
f 2501/2501 2499/2499 2493/2493
f 2502/2502 2503/2503 2499/2499
f 2499/2499 2501/2501 2502/2502
f 2503/2503 2504/2504 2500/2500
f 2500/2500 2499/2499 2503/2503
f 2505/2505 2506/2506 2507/2507
f 2507/2507 2508/2508 2505/2505
f 2506/2506 2509/2509 2510/2510
f 2510/2510 2507/2507 2506/2506
f 2511/2511 2512/2512 2507/2507
f 2507/2507 2510/2510 2511/2511
f 2512/2512 2513/2513 2508/2508
f 2508/2508 2507/2507 2512/2512
f 2505/2505 2508/2508 2514/2514
f 2514/2514 2515/2515 2505/2505
f 2508/2508 2513/2513 2516/2516
f 2516/2516 2514/2514 2508/2508
f 2517/2517 2518/2518 2514/2514
f 2514/2514 2516/2516 2517/2517
f 2518/2518 2519/2519 2515/2515
f 2515/2515 2514/2514 2518/2518
f 2498/2498 2520/2520 2521/2521
f 2521/2521 2501/2501 2498/2498
f 2520/2520 2505/2505 2515/2515
f 2515/2515 2521/2521 2520/2520
f 2519/2519 2522/2522 2521/2521
f 2521/2521 2515/2515 2519/2519
f 2522/2522 2502/2502 2501/2501
f 2501/2501 2521/2521 2522/2522
f 2498/2498 2497/2497 2523/2523
f 2523/2523 2520/2520 2498/2498
f 2497/2497 2496/2496 2524/2524
f 2524/2524 2523/2523 2497/2497
f 2509/2509 2506/2506 2523/2523
f 2523/2523 2524/2524 2509/2509
f 2506/2506 2505/2505 2520/2520
f 2520/2520 2523/2523 2506/2506
f 2483/2483 2525/2525 2526/2526
f 2526/2526 2486/2486 2483/2483
f 2525/2525 2490/2490 2500/2500
f 2500/2500 2526/2526 2525/2525
f 2504/2504 2527/2527 2526/2526
f 2526/2526 2500/2500 2504/2504
f 2527/2527 2487/2487 2486/2486
f 2486/2486 2526/2526 2527/2527
f 2483/2483 2482/2482 2528/2528
f 2528/2528 2525/2525 2483/2483
f 2482/2482 2481/2481 2529/2529
f 2529/2529 2528/2528 2482/2482
f 2494/2494 2491/2491 2528/2528
f 2528/2528 2529/2529 2494/2494
f 2491/2491 2490/2490 2525/2525
f 2525/2525 2528/2528 2491/2491
f 2530/2530 2531/2531 2532/2532
f 2532/2532 2533/2533 2530/2530
f 2531/2531 2534/2534 2535/2535
f 2535/2535 2532/2532 2531/2531
f 2536/2536 2537/2537 2532/2532
f 2532/2532 2535/2535 2536/2536
f 2537/2537 2538/2538 2533/2533
f 2533/2533 2532/2532 2537/2537
f 2539/2539 2540/2540 2541/2541
f 2541/2541 2542/2542 2539/2539
f 2540/2540 2543/2543 2544/2544
f 2544/2544 2541/2541 2540/2540
f 2534/2534 2531/2531 2541/2541
f 2541/2541 2544/2544 2534/2534
f 2531/2531 2530/2530 2542/2542
f 2542/2542 2541/2541 2531/2531
f 2534/2534 2544/2544 2545/2545
f 2545/2545 2546/2546 2534/2534
f 2544/2544 2543/2543 2547/2547
f 2547/2547 2545/2545 2544/2544
f 2548/2548 2549/2549 2545/2545
f 2545/2545 2547/2547 2548/2548
f 2549/2549 2550/2550 2546/2546
f 2546/2546 2545/2545 2549/2549
f 2536/2536 2535/2535 2551/2551
f 2551/2551 2552/2552 2536/2536
f 2535/2535 2534/2534 2546/2546
f 2546/2546 2551/2551 2535/2535
f 2550/2550 2553/2553 2551/2551
f 2551/2551 2546/2546 2550/2550
f 2553/2553 2554/2554 2552/2552
f 2552/2552 2551/2551 2553/2553
f 2550/2550 2549/2549 2555/2555
f 2555/2555 2556/2556 2550/2550
f 2549/2549 2548/2548 2557/2557
f 2557/2557 2555/2555 2549/2549
f 2558/2558 2559/2559 2555/2555
f 2555/2555 2557/2557 2558/2558
f 2559/2559 2560/2560 2556/2556
f 2556/2556 2555/2555 2559/2559
f 2554/2554 2553/2553 2561/2561
f 2561/2561 2562/2562 2554/2554
f 2553/2553 2550/2550 2556/2556
f 2556/2556 2561/2561 2553/2553
f 2560/2560 2563/2563 2561/2561
f 2561/2561 2556/2556 2560/2560
f 2563/2563 2564/2564 2562/2562
f 2562/2562 2561/2561 2563/2563
f 2560/2560 2559/2559 2565/2565
f 2565/2565 2566/2566 2560/2560
f 2559/2559 2558/2558 2567/2567
f 2567/2567 2565/2565 2559/2559
f 2568/2568 2569/2569 2565/2565
f 2565/2565 2567/2567 2568/2568
f 2569/2569 2570/2570 2566/2566
f 2566/2566 2565/2565 2569/2569
f 2564/2564 2563/2563 2571/2571
f 2571/2571 2572/2572 2564/2564
f 2563/2563 2560/2560 2566/2566
f 2566/2566 2571/2571 2563/2563
f 2570/2570 2573/2573 2571/2571
f 2571/2571 2566/2566 2570/2570
f 2573/2573 2574/2574 2572/2572
f 2572/2572 2571/2571 2573/2573
f 2575/2575 2576/2576 2577/2577
f 2577/2577 2578/2578 2575/2575
f 2576/2576 2579/2579 2580/2580
f 2580/2580 2577/2577 2576/2576
f 2581/2581 2582/2582 2577/2577
f 2577/2577 2580/2580 2581/2581
f 2582/2582 2583/2583 2578/2578
f 2578/2578 2577/2577 2582/2582
f 2584/2584 2585/2585 2586/2586
f 2586/2586 2587/2587 2584/2584
f 2585/2585 2588/2588 2589/2589
f 2589/2589 2586/2586 2585/2585
f 2579/2579 2576/2576 2586/2586
f 2586/2586 2589/2589 2579/2579
f 2576/2576 2575/2575 2587/2587
f 2587/2587 2586/2586 2576/2576
f 2579/2579 2589/2589 2590/2590
f 2590/2590 2591/2591 2579/2579
f 2589/2589 2588/2588 2592/2592
f 2592/2592 2590/2590 2589/2589
f 2593/2593 2594/2594 2590/2590
f 2590/2590 2592/2592 2593/2593
f 2594/2594 2595/2595 2591/2591
f 2591/2591 2590/2590 2594/2594
f 2581/2581 2580/2580 2596/2596
f 2596/2596 2597/2597 2581/2581
f 2580/2580 2579/2579 2591/2591
f 2591/2591 2596/2596 2580/2580
f 2595/2595 2598/2598 2596/2596
f 2596/2596 2591/2591 2595/2595
f 2598/2598 2599/2599 2597/2597
f 2597/2597 2596/2596 2598/2598
f 2595/2595 2594/2594 2600/2600
f 2600/2600 2601/2601 2595/2595
f 2594/2594 2593/2593 2602/2602
f 2602/2602 2600/2600 2594/2594
f 2603/2603 2604/2604 2600/2600
f 2600/2600 2602/2602 2603/2603
f 2604/2604 2605/2605 2601/2601
f 2601/2601 2600/2600 2604/2604
f 2599/2599 2598/2598 2606/2606
f 2606/2606 2607/2607 2599/2599
f 2598/2598 2595/2595 2601/2601
f 2601/2601 2606/2606 2598/2598
f 2605/2605 2608/2608 2606/2606
f 2606/2606 2601/2601 2605/2605
f 2608/2608 2609/2609 2607/2607
f 2607/2607 2606/2606 2608/2608
f 2605/2605 2604/2604 2610/2610
f 2610/2610 2611/2611 2605/2605
f 2604/2604 2603/2603 2612/2612
f 2612/2612 2610/2610 2604/2604
f 2613/2613 2614/2614 2610/2610
f 2610/2610 2612/2612 2613/2613
f 2614/2614 2615/2615 2611/2611
f 2611/2611 2610/2610 2614/2614
f 2609/2609 2608/2608 2616/2616
f 2616/2616 2617/2617 2609/2609
f 2608/2608 2605/2605 2611/2611
f 2611/2611 2616/2616 2608/2608
f 2615/2615 2618/2618 2616/2616
f 2616/2616 2611/2611 2615/2615
f 2618/2618 2619/2619 2617/2617
f 2617/2617 2616/2616 2618/2618
f 2620/2620 2621/2621 2622/2622
f 2622/2622 2623/2623 2620/2620
f 2621/2621 2624/2624 2625/2625
f 2625/2625 2622/2622 2621/2621
f 2626/2626 2627/2627 2622/2622
f 2622/2622 2625/2625 2626/2626
f 2627/2627 2628/2628 2623/2623
f 2623/2623 2622/2622 2627/2627
f 2629/2629 2630/2630 2631/2631
f 2631/2631 2632/2632 2629/2629
f 2630/2630 2633/2633 2634/2634
f 2634/2634 2631/2631 2630/2630
f 2624/2624 2621/2621 2631/2631
f 2631/2631 2634/2634 2624/2624
f 2621/2621 2620/2620 2632/2632
f 2632/2632 2631/2631 2621/2621
f 2624/2624 2634/2634 2635/2635
f 2635/2635 2636/2636 2624/2624
f 2634/2634 2633/2633 2637/2637
f 2637/2637 2635/2635 2634/2634
f 2638/2638 2639/2639 2635/2635
f 2635/2635 2637/2637 2638/2638
f 2639/2639 2640/2640 2636/2636
f 2636/2636 2635/2635 2639/2639
f 2626/2626 2625/2625 2641/2641
f 2641/2641 2642/2642 2626/2626
f 2625/2625 2624/2624 2636/2636
f 2636/2636 2641/2641 2625/2625
f 2640/2640 2643/2643 2641/2641
f 2641/2641 2636/2636 2640/2640
f 2643/2643 2644/2644 2642/2642
f 2642/2642 2641/2641 2643/2643
f 2640/2640 2639/2639 2645/2645
f 2645/2645 2646/2646 2640/2640
f 2639/2639 2638/2638 2647/2647
f 2647/2647 2645/2645 2639/2639
f 2648/2648 2649/2649 2645/2645
f 2645/2645 2647/2647 2648/2648
f 2649/2649 2650/2650 2646/2646
f 2646/2646 2645/2645 2649/2649
f 2644/2644 2643/2643 2651/2651
f 2651/2651 2652/2652 2644/2644
f 2643/2643 2640/2640 2646/2646
f 2646/2646 2651/2651 2643/2643
f 2650/2650 2653/2653 2651/2651
f 2651/2651 2646/2646 2650/2650
f 2653/2653 2654/2654 2652/2652
f 2652/2652 2651/2651 2653/2653
f 2650/2650 2649/2649 2655/2655
f 2655/2655 2656/2656 2650/2650
f 2649/2649 2648/2648 2657/2657
f 2657/2657 2655/2655 2649/2649
f 2658/2658 2659/2659 2655/2655
f 2655/2655 2657/2657 2658/2658
f 2659/2659 2660/2660 2656/2656
f 2656/2656 2655/2655 2659/2659
f 2654/2654 2653/2653 2661/2661
f 2661/2661 2662/2662 2654/2654
f 2653/2653 2650/2650 2656/2656
f 2656/2656 2661/2661 2653/2653
f 2660/2660 2663/2663 2661/2661
f 2661/2661 2656/2656 2660/2660
f 2663/2663 2664/2664 2662/2662
f 2662/2662 2661/2661 2663/2663
f 2665/2665 2666/2666 2667/2667
f 2667/2667 2668/2668 2665/2665
f 2666/2666 2669/2669 2670/2670
f 2670/2670 2667/2667 2666/2666
f 2671/2671 2672/2672 2667/2667
f 2667/2667 2670/2670 2671/2671
f 2672/2672 2673/2673 2668/2668
f 2668/2668 2667/2667 2672/2672
f 2674/2674 2675/2675 2676/2676
f 2676/2676 2677/2677 2674/2674
f 2675/2675 2678/2678 2679/2679
f 2679/2679 2676/2676 2675/2675
f 2669/2669 2666/2666 2676/2676
f 2676/2676 2679/2679 2669/2669
f 2666/2666 2665/2665 2677/2677
f 2677/2677 2676/2676 2666/2666
f 2669/2669 2679/2679 2680/2680
f 2680/2680 2681/2681 2669/2669
f 2679/2679 2678/2678 2682/2682
f 2682/2682 2680/2680 2679/2679
f 2683/2683 2684/2684 2680/2680
f 2680/2680 2682/2682 2683/2683
f 2684/2684 2685/2685 2681/2681
f 2681/2681 2680/2680 2684/2684
f 2671/2671 2670/2670 2686/2686
f 2686/2686 2687/2687 2671/2671
f 2670/2670 2669/2669 2681/2681
f 2681/2681 2686/2686 2670/2670
f 2685/2685 2688/2688 2686/2686
f 2686/2686 2681/2681 2685/2685
f 2688/2688 2689/2689 2687/2687
f 2687/2687 2686/2686 2688/2688
f 2685/2685 2684/2684 2690/2690
f 2690/2690 2691/2691 2685/2685
f 2684/2684 2683/2683 2692/2692
f 2692/2692 2690/2690 2684/2684
f 2693/2693 2694/2694 2690/2690
f 2690/2690 2692/2692 2693/2693
f 2694/2694 2695/2695 2691/2691
f 2691/2691 2690/2690 2694/2694
f 2689/2689 2688/2688 2696/2696
f 2696/2696 2697/2697 2689/2689
f 2688/2688 2685/2685 2691/2691
f 2691/2691 2696/2696 2688/2688
f 2695/2695 2698/2698 2696/2696
f 2696/2696 2691/2691 2695/2695
f 2698/2698 2699/2699 2697/2697
f 2697/2697 2696/2696 2698/2698
f 2695/2695 2694/2694 2700/2700
f 2700/2700 2701/2701 2695/2695
f 2694/2694 2693/2693 2702/2702
f 2702/2702 2700/2700 2694/2694
f 2703/2703 2704/2704 2700/2700
f 2700/2700 2702/2702 2703/2703
f 2704/2704 2705/2705 2701/2701
f 2701/2701 2700/2700 2704/2704
f 2699/2699 2698/2698 2706/2706
f 2706/2706 2707/2707 2699/2699
f 2698/2698 2695/2695 2701/2701
f 2701/2701 2706/2706 2698/2698
f 2705/2705 2708/2708 2706/2706
f 2706/2706 2701/2701 2705/2705
f 2708/2708 2709/2709 2707/2707
f 2707/2707 2706/2706 2708/2708
f 2710/2710 2711/2711 2712/2712
f 2712/2712 2713/2713 2710/2710
f 2711/2711 2714/2714 2715/2715
f 2715/2715 2712/2712 2711/2711
f 2716/2716 2717/2717 2712/2712
f 2712/2712 2715/2715 2716/2716
f 2717/2717 2718/2718 2713/2713
f 2713/2713 2712/2712 2717/2717
f 2719/2719 2720/2720 2721/2721
f 2721/2721 2722/2722 2719/2719
f 2720/2720 2723/2723 2724/2724
f 2724/2724 2721/2721 2720/2720
f 2714/2714 2711/2711 2721/2721
f 2721/2721 2724/2724 2714/2714
f 2711/2711 2710/2710 2722/2722
f 2722/2722 2721/2721 2711/2711
f 2714/2714 2724/2724 2725/2725
f 2725/2725 2726/2726 2714/2714
f 2724/2724 2723/2723 2727/2727
f 2727/2727 2725/2725 2724/2724
f 2728/2728 2729/2729 2725/2725
f 2725/2725 2727/2727 2728/2728
f 2729/2729 2730/2730 2726/2726
f 2726/2726 2725/2725 2729/2729
f 2716/2716 2715/2715 2731/2731
f 2731/2731 2732/2732 2716/2716
f 2715/2715 2714/2714 2726/2726
f 2726/2726 2731/2731 2715/2715
f 2730/2730 2733/2733 2731/2731
f 2731/2731 2726/2726 2730/2730
f 2733/2733 2734/2734 2732/2732
f 2732/2732 2731/2731 2733/2733
f 2730/2730 2729/2729 2735/2735
f 2735/2735 2736/2736 2730/2730
f 2729/2729 2728/2728 2737/2737
f 2737/2737 2735/2735 2729/2729
f 2738/2738 2739/2739 2735/2735
f 2735/2735 2737/2737 2738/2738
f 2739/2739 2740/2740 2736/2736
f 2736/2736 2735/2735 2739/2739
f 2734/2734 2733/2733 2741/2741
f 2741/2741 2742/2742 2734/2734
f 2733/2733 2730/2730 2736/2736
f 2736/2736 2741/2741 2733/2733
f 2740/2740 2743/2743 2741/2741
f 2741/2741 2736/2736 2740/2740
f 2743/2743 2744/2744 2742/2742
f 2742/2742 2741/2741 2743/2743
f 2740/2740 2739/2739 2745/2745
f 2745/2745 2746/2746 2740/2740
f 2739/2739 2738/2738 2747/2747
f 2747/2747 2745/2745 2739/2739
f 2748/2748 2749/2749 2745/2745
f 2745/2745 2747/2747 2748/2748
f 2749/2749 2750/2750 2746/2746
f 2746/2746 2745/2745 2749/2749
f 2744/2744 2743/2743 2751/2751
f 2751/2751 2752/2752 2744/2744
f 2743/2743 2740/2740 2746/2746
f 2746/2746 2751/2751 2743/2743
f 2750/2750 2753/2753 2751/2751
f 2751/2751 2746/2746 2750/2750
f 2753/2753 2754/2754 2752/2752
f 2752/2752 2751/2751 2753/2753
f 2755/2755 2756/2756 2757/2757
f 2757/2757 2758/2758 2755/2755
f 2756/2756 2759/2759 2760/2760
f 2760/2760 2757/2757 2756/2756
f 2761/2761 2762/2762 2757/2757
f 2757/2757 2760/2760 2761/2761
f 2762/2762 2763/2763 2758/2758
f 2758/2758 2757/2757 2762/2762
f 2764/2764 2765/2765 2766/2766
f 2766/2766 2767/2767 2764/2764
f 2765/2765 2768/2768 2769/2769
f 2769/2769 2766/2766 2765/2765
f 2770/2770 2771/2771 2766/2766
f 2766/2766 2769/2769 2770/2770
f 2771/2771 2772/2772 2767/2767
f 2767/2767 2766/2766 2771/2771
f 2773/2773 2774/2774 2775/2775
f 2775/2775 2776/2776 2773/2773
f 2774/2774 2755/2755 2758/2758
f 2758/2758 2775/2775 2774/2774
f 2763/2763 2777/2777 2775/2775
f 2775/2775 2758/2758 2763/2763
f 2777/2777 2778/2778 2776/2776
f 2776/2776 2775/2775 2777/2777
f 2779/2779 2780/2780 2781/2781
f 2781/2781 2782/2782 2779/2779
f 2780/2780 2764/2764 2767/2767
f 2767/2767 2781/2781 2780/2780
f 2772/2772 2783/2783 2781/2781
f 2781/2781 2767/2767 2772/2772
f 2783/2783 2784/2784 2782/2782
f 2782/2782 2781/2781 2783/2783
f 2768/2768 2785/2785 2786/2786
f 2786/2786 2769/2769 2768/2768
f 2785/2785 2787/2787 2788/2788
f 2788/2788 2786/2786 2785/2785
f 2789/2789 2790/2790 2786/2786
f 2786/2786 2788/2788 2789/2789
f 2790/2790 2770/2770 2769/2769
f 2769/2769 2786/2786 2790/2790
f 2787/2787 2791/2791 2792/2792
f 2792/2792 2788/2788 2787/2787
f 2791/2791 2773/2773 2776/2776
f 2776/2776 2792/2792 2791/2791
f 2778/2778 2793/2793 2792/2792
f 2792/2792 2776/2776 2778/2778
f 2793/2793 2789/2789 2788/2788
f 2788/2788 2792/2792 2793/2793
f 2778/2778 2777/2777 2794/2794
f 2794/2794 2795/2795 2778/2778
f 2777/2777 2763/2763 2796/2796
f 2796/2796 2794/2794 2777/2777
f 2797/2797 2798/2798 2794/2794
f 2794/2794 2796/2796 2797/2797
f 2798/2798 2799/2799 2795/2795
f 2795/2795 2794/2794 2798/2798
f 2784/2784 2783/2783 2800/2800
f 2800/2800 2801/2801 2784/2784
f 2783/2783 2772/2772 2802/2802
f 2802/2802 2800/2800 2783/2783
f 2803/2803 2804/2804 2800/2800
f 2800/2800 2802/2802 2803/2803
f 2804/2804 2805/2805 2801/2801
f 2801/2801 2800/2800 2804/2804
f 2770/2770 2790/2790 2806/2806
f 2806/2806 2807/2807 2770/2770
f 2790/2790 2789/2789 2808/2808
f 2808/2808 2806/2806 2790/2790
f 2809/2809 2810/2810 2806/2806
f 2806/2806 2808/2808 2809/2809
f 2810/2810 2811/2811 2807/2807
f 2807/2807 2806/2806 2810/2810
f 2789/2789 2793/2793 2812/2812
f 2812/2812 2808/2808 2789/2789
f 2793/2793 2778/2778 2795/2795
f 2795/2795 2812/2812 2793/2793
f 2799/2799 2813/2813 2812/2812
f 2812/2812 2795/2795 2799/2799
f 2813/2813 2809/2809 2808/2808
f 2808/2808 2812/2812 2813/2813
f 2763/2763 2762/2762 2814/2814
f 2814/2814 2796/2796 2763/2763
f 2762/2762 2761/2761 2815/2815
f 2815/2815 2814/2814 2762/2762
f 2816/2816 2817/2817 2814/2814
f 2814/2814 2815/2815 2816/2816
f 2817/2817 2797/2797 2796/2796
f 2796/2796 2814/2814 2817/2817
f 2772/2772 2771/2771 2818/2818
f 2818/2818 2802/2802 2772/2772
f 2771/2771 2770/2770 2807/2807
f 2807/2807 2818/2818 2771/2771
f 2811/2811 2819/2819 2818/2818
f 2818/2818 2807/2807 2811/2811
f 2819/2819 2803/2803 2802/2802
f 2802/2802 2818/2818 2819/2819
f 2809/2809 2813/2813 2820/2820
f 2820/2820 2821/2821 2809/2809
f 2813/2813 2799/2799 2822/2822
f 2822/2822 2820/2820 2813/2813
f 2823/2823 2824/2824 2820/2820
f 2820/2820 2822/2822 2823/2823
f 2824/2824 2825/2825 2821/2821
f 2821/2821 2820/2820 2824/2824
f 2797/2797 2817/2817 2826/2826
f 2826/2826 2827/2827 2797/2797
f 2817/2817 2816/2816 2828/2828
f 2828/2828 2826/2826 2817/2817
f 2829/2829 2830/2830 2826/2826
f 2826/2826 2828/2828 2829/2829
f 2830/2830 2831/2831 2827/2827
f 2827/2827 2826/2826 2830/2830
f 2803/2803 2819/2819 2832/2832
f 2832/2832 2833/2833 2803/2803
f 2819/2819 2811/2811 2834/2834
f 2834/2834 2832/2832 2819/2819
f 2835/2835 2836/2836 2832/2832
f 2832/2832 2834/2834 2835/2835
f 2836/2836 2837/2837 2833/2833
f 2833/2833 2832/2832 2836/2836
f 2799/2799 2798/2798 2838/2838
f 2838/2838 2822/2822 2799/2799
f 2798/2798 2797/2797 2827/2827
f 2827/2827 2838/2838 2798/2798
f 2831/2831 2839/2839 2838/2838
f 2838/2838 2827/2827 2831/2831
f 2839/2839 2823/2823 2822/2822
f 2822/2822 2838/2838 2839/2839
f 2805/2805 2804/2804 2840/2840
f 2840/2840 2841/2841 2805/2805
f 2804/2804 2803/2803 2833/2833
f 2833/2833 2840/2840 2804/2804
f 2837/2837 2842/2842 2840/2840
f 2840/2840 2833/2833 2837/2837
f 2842/2842 2843/2843 2841/2841
f 2841/2841 2840/2840 2842/2842
f 2811/2811 2810/2810 2844/2844
f 2844/2844 2834/2834 2811/2811
f 2810/2810 2809/2809 2821/2821
f 2821/2821 2844/2844 2810/2810
f 2825/2825 2845/2845 2844/2844
f 2844/2844 2821/2821 2825/2825
f 2845/2845 2835/2835 2834/2834
f 2834/2834 2844/2844 2845/2845
f 2823/2823 2839/2839 2846/2846
f 2846/2846 2847/2847 2823/2823
f 2839/2839 2831/2831 2848/2848
f 2848/2848 2846/2846 2839/2839
f 2849/2849 2847/2847 2846/2846
f 2846/2846 2848/2848 2849/2849
f 2843/2843 2842/2842 2850/2850
f 2850/2850 2851/2851 2843/2843
f 2842/2842 2837/2837 2852/2852
f 2852/2852 2850/2850 2842/2842
f 2853/2853 2851/2851 2850/2850
f 2850/2850 2852/2852 2853/2853
f 2835/2835 2845/2845 2854/2854
f 2854/2854 2855/2855 2835/2835
f 2845/2845 2825/2825 2856/2856
f 2856/2856 2854/2854 2845/2845
f 2857/2857 2855/2855 2854/2854
f 2854/2854 2856/2856 2857/2857
f 2825/2825 2824/2824 2858/2858
f 2858/2858 2859/2859 2825/2825
f 2824/2824 2823/2823 2860/2860
f 2860/2860 2858/2858 2824/2824
f 2861/2861 2859/2859 2858/2858
f 2858/2858 2860/2860 2861/2861
f 2831/2831 2830/2830 2862/2862
f 2862/2862 2863/2863 2831/2831
f 2830/2830 2829/2829 2864/2864
f 2864/2864 2862/2862 2830/2830
f 2865/2865 2863/2863 2862/2862
f 2862/2862 2864/2864 2865/2865
f 2837/2837 2836/2836 2866/2866
f 2866/2866 2867/2867 2837/2837
f 2836/2836 2835/2835 2868/2868
f 2868/2868 2866/2866 2836/2836
f 2869/2869 2867/2867 2866/2866
f 2866/2866 2868/2868 2869/2869
f 2779/2779 2870/2870 2871/2871
f 2871/2871 2872/2872 2779/2779
f 2870/2870 2873/2873 2874/2874
f 2874/2874 2871/2871 2870/2870
f 2875/2875 2872/2872 2871/2871
f 2871/2871 2874/2874 2875/2875
f 2876/2876 2877/2877 2878/2878
f 2878/2878 2879/2879 2876/2876
f 2877/2877 2764/2764 2880/2880
f 2880/2880 2878/2878 2877/2877
f 2875/2875 2879/2879 2878/2878
f 2878/2878 2880/2880 2875/2875
f 2873/2873 2881/2881 2882/2882
f 2882/2882 2874/2874 2873/2873
f 2881/2881 2883/2883 2884/2884
f 2884/2884 2882/2882 2881/2881
f 2875/2875 2874/2874 2882/2882
f 2882/2882 2884/2884 2875/2875
f 2764/2764 2780/2780 2885/2885
f 2885/2885 2880/2880 2764/2764
f 2780/2780 2779/2779 2872/2872
f 2872/2872 2885/2885 2780/2780
f 2875/2875 2880/2880 2885/2885
f 2885/2885 2872/2872 2875/2875
f 2886/2886 2887/2887 2888/2888
f 2888/2888 2889/2889 2886/2886
f 2887/2887 2876/2876 2879/2879
f 2879/2879 2888/2888 2887/2887
f 2875/2875 2889/2889 2888/2888
f 2888/2888 2879/2879 2875/2875
f 2883/2883 2890/2890 2891/2891
f 2891/2891 2884/2884 2883/2883
f 2890/2890 2886/2886 2889/2889
f 2889/2889 2891/2891 2890/2890
f 2875/2875 2884/2884 2891/2891
f 2891/2891 2889/2889 2875/2875
f 2892/2892 2893/2893 2894/2894
f 2894/2894 2895/2895 2892/2892
f 2893/2893 2896/2896 2897/2897
f 2897/2897 2894/2894 2893/2893
f 2898/2898 2899/2899 2894/2894
f 2894/2894 2897/2897 2898/2898
f 2899/2899 2900/2900 2895/2895
f 2895/2895 2894/2894 2899/2899
f 2892/2892 2895/2895 2901/2901
f 2901/2901 2902/2902 2892/2892
f 2895/2895 2900/2900 2903/2903
f 2903/2903 2901/2901 2895/2895
f 2904/2904 2905/2905 2901/2901
f 2901/2901 2903/2903 2904/2904
f 2905/2905 2906/2906 2902/2902
f 2902/2902 2901/2901 2905/2905
f 2907/2907 2908/2908 2909/2909
f 2909/2909 2910/2910 2907/2907
f 2908/2908 2911/2911 2912/2912
f 2912/2912 2909/2909 2908/2908
f 2913/2913 2914/2914 2909/2909
f 2909/2909 2912/2912 2913/2913
f 2914/2914 2915/2915 2910/2910
f 2910/2910 2909/2909 2914/2914
f 2907/2907 2910/2910 2916/2916
f 2916/2916 2917/2917 2907/2907
f 2910/2910 2915/2915 2918/2918
f 2918/2918 2916/2916 2910/2910
f 2919/2919 2920/2920 2916/2916
f 2916/2916 2918/2918 2919/2919
f 2920/2920 2921/2921 2917/2917
f 2917/2917 2916/2916 2920/2920
f 2922/2922 2923/2923 2924/2924
f 2924/2924 2925/2925 2922/2922
f 2923/2923 2926/2926 2927/2927
f 2927/2927 2924/2924 2923/2923
f 2928/2928 2929/2929 2924/2924
f 2924/2924 2927/2927 2928/2928
f 2929/2929 2930/2930 2925/2925
f 2925/2925 2924/2924 2929/2929
f 2922/2922 2925/2925 2931/2931
f 2931/2931 2932/2932 2922/2922
f 2925/2925 2930/2930 2933/2933
f 2933/2933 2931/2931 2925/2925
f 2934/2934 2935/2935 2931/2931
f 2931/2931 2933/2933 2934/2934
f 2935/2935 2936/2936 2932/2932
f 2932/2932 2931/2931 2935/2935
f 2915/2915 2937/2937 2938/2938
f 2938/2938 2918/2918 2915/2915
f 2937/2937 2922/2922 2932/2932
f 2932/2932 2938/2938 2937/2937
f 2936/2936 2939/2939 2938/2938
f 2938/2938 2932/2932 2936/2936
f 2939/2939 2919/2919 2918/2918
f 2918/2918 2938/2938 2939/2939
f 2915/2915 2914/2914 2940/2940
f 2940/2940 2937/2937 2915/2915
f 2914/2914 2913/2913 2941/2941
f 2941/2941 2940/2940 2914/2914
f 2926/2926 2923/2923 2940/2940
f 2940/2940 2941/2941 2926/2926
f 2923/2923 2922/2922 2937/2937
f 2937/2937 2940/2940 2923/2923
f 2900/2900 2942/2942 2943/2943
f 2943/2943 2903/2903 2900/2900
f 2942/2942 2907/2907 2917/2917
f 2917/2917 2943/2943 2942/2942
f 2921/2921 2944/2944 2943/2943
f 2943/2943 2917/2917 2921/2921
f 2944/2944 2904/2904 2903/2903
f 2903/2903 2943/2943 2944/2944
f 2900/2900 2899/2899 2945/2945
f 2945/2945 2942/2942 2900/2900
f 2899/2899 2898/2898 2946/2946
f 2946/2946 2945/2945 2899/2899
f 2911/2911 2908/2908 2945/2945
f 2945/2945 2946/2946 2911/2911
f 2908/2908 2907/2907 2942/2942
f 2942/2942 2945/2945 2908/2908
f 2947/2947 2948/2948 2949/2949
f 2949/2949 2950/2950 2947/2947
f 2948/2948 2951/2951 2952/2952
f 2952/2952 2949/2949 2948/2948
f 2953/2953 2954/2954 2949/2949
f 2949/2949 2952/2952 2953/2953
f 2954/2954 2955/2955 2950/2950
f 2950/2950 2949/2949 2954/2954
f 2956/2956 2957/2957 2958/2958
f 2958/2958 2959/2959 2956/2956
f 2957/2957 2960/2960 2961/2961
f 2961/2961 2958/2958 2957/2957
f 2951/2951 2948/2948 2958/2958
f 2958/2958 2961/2961 2951/2951
f 2948/2948 2947/2947 2959/2959
f 2959/2959 2958/2958 2948/2948
f 2951/2951 2961/2961 2962/2962
f 2962/2962 2963/2963 2951/2951
f 2961/2961 2960/2960 2964/2964
f 2964/2964 2962/2962 2961/2961
f 2965/2965 2966/2966 2962/2962
f 2962/2962 2964/2964 2965/2965
f 2966/2966 2967/2967 2963/2963
f 2963/2963 2962/2962 2966/2966
f 2953/2953 2952/2952 2968/2968
f 2968/2968 2969/2969 2953/2953
f 2952/2952 2951/2951 2963/2963
f 2963/2963 2968/2968 2952/2952
f 2967/2967 2970/2970 2968/2968
f 2968/2968 2963/2963 2967/2967
f 2970/2970 2971/2971 2969/2969
f 2969/2969 2968/2968 2970/2970
f 2967/2967 2966/2966 2972/2972
f 2972/2972 2973/2973 2967/2967
f 2966/2966 2965/2965 2974/2974
f 2974/2974 2972/2972 2966/2966
f 2975/2975 2976/2976 2972/2972
f 2972/2972 2974/2974 2975/2975
f 2976/2976 2977/2977 2973/2973
f 2973/2973 2972/2972 2976/2976
f 2971/2971 2970/2970 2978/2978
f 2978/2978 2979/2979 2971/2971
f 2970/2970 2967/2967 2973/2973
f 2973/2973 2978/2978 2970/2970
f 2977/2977 2980/2980 2978/2978
f 2978/2978 2973/2973 2977/2977
f 2980/2980 2981/2981 2979/2979
f 2979/2979 2978/2978 2980/2980
f 2977/2977 2976/2976 2982/2982
f 2982/2982 2983/2983 2977/2977
f 2976/2976 2975/2975 2984/2984
f 2984/2984 2982/2982 2976/2976
f 2985/2985 2986/2986 2982/2982
f 2982/2982 2984/2984 2985/2985
f 2986/2986 2987/2987 2983/2983
f 2983/2983 2982/2982 2986/2986
f 2981/2981 2980/2980 2988/2988
f 2988/2988 2989/2989 2981/2981
f 2980/2980 2977/2977 2983/2983
f 2983/2983 2988/2988 2980/2980
f 2987/2987 2990/2990 2988/2988
f 2988/2988 2983/2983 2987/2987
f 2990/2990 2991/2991 2989/2989
f 2989/2989 2988/2988 2990/2990
f 2992/2992 2993/2993 2994/2994
f 2994/2994 2995/2995 2992/2992
f 2993/2993 2996/2996 2997/2997
f 2997/2997 2994/2994 2993/2993
f 2998/2998 2999/2999 2994/2994
f 2994/2994 2997/2997 2998/2998
f 2999/2999 3000/3000 2995/2995
f 2995/2995 2994/2994 2999/2999
f 3001/3001 3002/3002 3003/3003
f 3003/3003 3004/3004 3001/3001
f 3002/3002 3005/3005 3006/3006
f 3006/3006 3003/3003 3002/3002
f 2996/2996 2993/2993 3003/3003
f 3003/3003 3006/3006 2996/2996
f 2993/2993 2992/2992 3004/3004
f 3004/3004 3003/3003 2993/2993
f 2996/2996 3006/3006 3007/3007
f 3007/3007 3008/3008 2996/2996
f 3006/3006 3005/3005 3009/3009
f 3009/3009 3007/3007 3006/3006
f 3010/3010 3011/3011 3007/3007
f 3007/3007 3009/3009 3010/3010
f 3011/3011 3012/3012 3008/3008
f 3008/3008 3007/3007 3011/3011
f 2998/2998 2997/2997 3013/3013
f 3013/3013 3014/3014 2998/2998
f 2997/2997 2996/2996 3008/3008
f 3008/3008 3013/3013 2997/2997
f 3012/3012 3015/3015 3013/3013
f 3013/3013 3008/3008 3012/3012
f 3015/3015 3016/3016 3014/3014
f 3014/3014 3013/3013 3015/3015
f 3012/3012 3011/3011 3017/3017
f 3017/3017 3018/3018 3012/3012
f 3011/3011 3010/3010 3019/3019
f 3019/3019 3017/3017 3011/3011
f 3020/3020 3021/3021 3017/3017
f 3017/3017 3019/3019 3020/3020
f 3021/3021 3022/3022 3018/3018
f 3018/3018 3017/3017 3021/3021
f 3016/3016 3015/3015 3023/3023
f 3023/3023 3024/3024 3016/3016
f 3015/3015 3012/3012 3018/3018
f 3018/3018 3023/3023 3015/3015
f 3022/3022 3025/3025 3023/3023
f 3023/3023 3018/3018 3022/3022
f 3025/3025 3026/3026 3024/3024
f 3024/3024 3023/3023 3025/3025
f 3022/3022 3021/3021 3027/3027
f 3027/3027 3028/3028 3022/3022
f 3021/3021 3020/3020 3029/3029
f 3029/3029 3027/3027 3021/3021
f 3030/3030 3031/3031 3027/3027
f 3027/3027 3029/3029 3030/3030
f 3031/3031 3032/3032 3028/3028
f 3028/3028 3027/3027 3031/3031
f 3026/3026 3025/3025 3033/3033
f 3033/3033 3034/3034 3026/3026
f 3025/3025 3022/3022 3028/3028
f 3028/3028 3033/3033 3025/3025
f 3032/3032 3035/3035 3033/3033
f 3033/3033 3028/3028 3032/3032
f 3035/3035 3036/3036 3034/3034
f 3034/3034 3033/3033 3035/3035
f 3037/3037 3038/3038 3039/3039
f 3039/3039 3040/3040 3037/3037
f 3038/3038 3041/3041 3042/3042
f 3042/3042 3039/3039 3038/3038
f 3043/3043 3044/3044 3039/3039
f 3039/3039 3042/3042 3043/3043
f 3044/3044 3045/3045 3040/3040
f 3040/3040 3039/3039 3044/3044
f 3046/3046 3047/3047 3048/3048
f 3048/3048 3049/3049 3046/3046
f 3047/3047 3050/3050 3051/3051
f 3051/3051 3048/3048 3047/3047
f 3041/3041 3038/3038 3048/3048
f 3048/3048 3051/3051 3041/3041
f 3038/3038 3037/3037 3049/3049
f 3049/3049 3048/3048 3038/3038
f 3041/3041 3051/3051 3052/3052
f 3052/3052 3053/3053 3041/3041
f 3051/3051 3050/3050 3054/3054
f 3054/3054 3052/3052 3051/3051
f 3055/3055 3056/3056 3052/3052
f 3052/3052 3054/3054 3055/3055
f 3056/3056 3057/3057 3053/3053
f 3053/3053 3052/3052 3056/3056
f 3043/3043 3042/3042 3058/3058
f 3058/3058 3059/3059 3043/3043
f 3042/3042 3041/3041 3053/3053
f 3053/3053 3058/3058 3042/3042
f 3057/3057 3060/3060 3058/3058
f 3058/3058 3053/3053 3057/3057
f 3060/3060 3061/3061 3059/3059
f 3059/3059 3058/3058 3060/3060
f 3057/3057 3056/3056 3062/3062
f 3062/3062 3063/3063 3057/3057
f 3056/3056 3055/3055 3064/3064
f 3064/3064 3062/3062 3056/3056
f 3065/3065 3066/3066 3062/3062
f 3062/3062 3064/3064 3065/3065
f 3066/3066 3067/3067 3063/3063
f 3063/3063 3062/3062 3066/3066
f 3061/3061 3060/3060 3068/3068
f 3068/3068 3069/3069 3061/3061
f 3060/3060 3057/3057 3063/3063
f 3063/3063 3068/3068 3060/3060
f 3067/3067 3070/3070 3068/3068
f 3068/3068 3063/3063 3067/3067
f 3070/3070 3071/3071 3069/3069
f 3069/3069 3068/3068 3070/3070
f 3067/3067 3066/3066 3072/3072
f 3072/3072 3073/3073 3067/3067
f 3066/3066 3065/3065 3074/3074
f 3074/3074 3072/3072 3066/3066
f 3075/3075 3076/3076 3072/3072
f 3072/3072 3074/3074 3075/3075
f 3076/3076 3077/3077 3073/3073
f 3073/3073 3072/3072 3076/3076
f 3071/3071 3070/3070 3078/3078
f 3078/3078 3079/3079 3071/3071
f 3070/3070 3067/3067 3073/3073
f 3073/3073 3078/3078 3070/3070
f 3077/3077 3080/3080 3078/3078
f 3078/3078 3073/3073 3077/3077
f 3080/3080 3081/3081 3079/3079
f 3079/3079 3078/3078 3080/3080
f 3082/3082 3083/3083 3084/3084
f 3084/3084 3085/3085 3082/3082
f 3083/3083 3086/3086 3087/3087
f 3087/3087 3084/3084 3083/3083
f 3088/3088 3089/3089 3084/3084
f 3084/3084 3087/3087 3088/3088
f 3089/3089 3090/3090 3085/3085
f 3085/3085 3084/3084 3089/3089
f 3091/3091 3092/3092 3093/3093
f 3093/3093 3094/3094 3091/3091
f 3092/3092 3095/3095 3096/3096
f 3096/3096 3093/3093 3092/3092
f 3086/3086 3083/3083 3093/3093
f 3093/3093 3096/3096 3086/3086
f 3083/3083 3082/3082 3094/3094
f 3094/3094 3093/3093 3083/3083
f 3086/3086 3096/3096 3097/3097
f 3097/3097 3098/3098 3086/3086
f 3096/3096 3095/3095 3099/3099
f 3099/3099 3097/3097 3096/3096
f 3100/3100 3101/3101 3097/3097
f 3097/3097 3099/3099 3100/3100
f 3101/3101 3102/3102 3098/3098
f 3098/3098 3097/3097 3101/3101
f 3088/3088 3087/3087 3103/3103
f 3103/3103 3104/3104 3088/3088
f 3087/3087 3086/3086 3098/3098
f 3098/3098 3103/3103 3087/3087
f 3102/3102 3105/3105 3103/3103
f 3103/3103 3098/3098 3102/3102
f 3105/3105 3106/3106 3104/3104
f 3104/3104 3103/3103 3105/3105
f 3102/3102 3101/3101 3107/3107
f 3107/3107 3108/3108 3102/3102
f 3101/3101 3100/3100 3109/3109
f 3109/3109 3107/3107 3101/3101
f 3110/3110 3111/3111 3107/3107
f 3107/3107 3109/3109 3110/3110
f 3111/3111 3112/3112 3108/3108
f 3108/3108 3107/3107 3111/3111
f 3106/3106 3105/3105 3113/3113
f 3113/3113 3114/3114 3106/3106
f 3105/3105 3102/3102 3108/3108
f 3108/3108 3113/3113 3105/3105
f 3112/3112 3115/3115 3113/3113
f 3113/3113 3108/3108 3112/3112
f 3115/3115 3116/3116 3114/3114
f 3114/3114 3113/3113 3115/3115
f 3112/3112 3111/3111 3117/3117
f 3117/3117 3118/3118 3112/3112
f 3111/3111 3110/3110 3119/3119
f 3119/3119 3117/3117 3111/3111
f 3120/3120 3121/3121 3117/3117
f 3117/3117 3119/3119 3120/3120
f 3121/3121 3122/3122 3118/3118
f 3118/3118 3117/3117 3121/3121
f 3116/3116 3115/3115 3123/3123
f 3123/3123 3124/3124 3116/3116
f 3115/3115 3112/3112 3118/3118
f 3118/3118 3123/3123 3115/3115
f 3122/3122 3125/3125 3123/3123
f 3123/3123 3118/3118 3122/3122
f 3125/3125 3126/3126 3124/3124
f 3124/3124 3123/3123 3125/3125
f 3127/3127 3128/3128 3129/3129
f 3129/3129 3130/3130 3127/3127
f 3128/3128 3131/3131 3132/3132
f 3132/3132 3129/3129 3128/3128
f 3133/3133 3134/3134 3129/3129
f 3129/3129 3132/3132 3133/3133
f 3134/3134 3135/3135 3130/3130
f 3130/3130 3129/3129 3134/3134
f 3136/3136 3137/3137 3138/3138
f 3138/3138 3139/3139 3136/3136
f 3137/3137 3140/3140 3141/3141
f 3141/3141 3138/3138 3137/3137
f 3131/3131 3128/3128 3138/3138
f 3138/3138 3141/3141 3131/3131
f 3128/3128 3127/3127 3139/3139
f 3139/3139 3138/3138 3128/3128
f 3131/3131 3141/3141 3142/3142
f 3142/3142 3143/3143 3131/3131
f 3141/3141 3140/3140 3144/3144
f 3144/3144 3142/3142 3141/3141
f 3145/3145 3146/3146 3142/3142
f 3142/3142 3144/3144 3145/3145
f 3146/3146 3147/3147 3143/3143
f 3143/3143 3142/3142 3146/3146
f 3133/3133 3132/3132 3148/3148
f 3148/3148 3149/3149 3133/3133
f 3132/3132 3131/3131 3143/3143
f 3143/3143 3148/3148 3132/3132
f 3147/3147 3150/3150 3148/3148
f 3148/3148 3143/3143 3147/3147
f 3150/3150 3151/3151 3149/3149
f 3149/3149 3148/3148 3150/3150
f 3147/3147 3146/3146 3152/3152
f 3152/3152 3153/3153 3147/3147
f 3146/3146 3145/3145 3154/3154
f 3154/3154 3152/3152 3146/3146
f 3155/3155 3156/3156 3152/3152
f 3152/3152 3154/3154 3155/3155
f 3156/3156 3157/3157 3153/3153
f 3153/3153 3152/3152 3156/3156
f 3151/3151 3150/3150 3158/3158
f 3158/3158 3159/3159 3151/3151
f 3150/3150 3147/3147 3153/3153
f 3153/3153 3158/3158 3150/3150
f 3157/3157 3160/3160 3158/3158
f 3158/3158 3153/3153 3157/3157
f 3160/3160 3161/3161 3159/3159
f 3159/3159 3158/3158 3160/3160
f 3157/3157 3156/3156 3162/3162
f 3162/3162 3163/3163 3157/3157
f 3156/3156 3155/3155 3164/3164
f 3164/3164 3162/3162 3156/3156
f 3165/3165 3166/3166 3162/3162
f 3162/3162 3164/3164 3165/3165
f 3166/3166 3167/3167 3163/3163
f 3163/3163 3162/3162 3166/3166
f 3161/3161 3160/3160 3168/3168
f 3168/3168 3169/3169 3161/3161
f 3160/3160 3157/3157 3163/3163
f 3163/3163 3168/3168 3160/3160
f 3167/3167 3170/3170 3168/3168
f 3168/3168 3163/3163 3167/3167
f 3170/3170 3171/3171 3169/3169
f 3169/3169 3168/3168 3170/3170
f 3172/3172 3173/3173 3174/3174
f 3174/3174 3175/3175 3172/3172
f 3173/3173 3176/3176 3177/3177
f 3177/3177 3174/3174 3173/3173
f 3178/3178 3179/3179 3174/3174
f 3174/3174 3177/3177 3178/3178
f 3179/3179 3180/3180 3175/3175
f 3175/3175 3174/3174 3179/3179
f 3181/3181 3182/3182 3183/3183
f 3183/3183 3184/3184 3181/3181
f 3182/3182 3185/3185 3186/3186
f 3186/3186 3183/3183 3182/3182
f 3187/3187 3188/3188 3183/3183
f 3183/3183 3186/3186 3187/3187
f 3188/3188 3189/3189 3184/3184
f 3184/3184 3183/3183 3188/3188
f 3190/3190 3191/3191 3192/3192
f 3192/3192 3193/3193 3190/3190
f 3191/3191 3172/3172 3175/3175
f 3175/3175 3192/3192 3191/3191
f 3180/3180 3194/3194 3192/3192
f 3192/3192 3175/3175 3180/3180
f 3194/3194 3195/3195 3193/3193
f 3193/3193 3192/3192 3194/3194
f 3196/3196 3197/3197 3198/3198
f 3198/3198 3199/3199 3196/3196
f 3197/3197 3181/3181 3184/3184
f 3184/3184 3198/3198 3197/3197
f 3189/3189 3200/3200 3198/3198
f 3198/3198 3184/3184 3189/3189
f 3200/3200 3201/3201 3199/3199
f 3199/3199 3198/3198 3200/3200
f 3185/3185 3202/3202 3203/3203
f 3203/3203 3186/3186 3185/3185
f 3202/3202 3204/3204 3205/3205
f 3205/3205 3203/3203 3202/3202
f 3206/3206 3207/3207 3203/3203
f 3203/3203 3205/3205 3206/3206
f 3207/3207 3187/3187 3186/3186
f 3186/3186 3203/3203 3207/3207
f 3204/3204 3208/3208 3209/3209
f 3209/3209 3205/3205 3204/3204
f 3208/3208 3190/3190 3193/3193
f 3193/3193 3209/3209 3208/3208
f 3195/3195 3210/3210 3209/3209
f 3209/3209 3193/3193 3195/3195
f 3210/3210 3206/3206 3205/3205
f 3205/3205 3209/3209 3210/3210
f 3195/3195 3194/3194 3211/3211
f 3211/3211 3212/3212 3195/3195
f 3194/3194 3180/3180 3213/3213
f 3213/3213 3211/3211 3194/3194
f 3214/3214 3215/3215 3211/3211
f 3211/3211 3213/3213 3214/3214
f 3215/3215 3216/3216 3212/3212
f 3212/3212 3211/3211 3215/3215
f 3201/3201 3200/3200 3217/3217
f 3217/3217 3218/3218 3201/3201
f 3200/3200 3189/3189 3219/3219
f 3219/3219 3217/3217 3200/3200
f 3220/3220 3221/3221 3217/3217
f 3217/3217 3219/3219 3220/3220
f 3221/3221 3222/3222 3218/3218
f 3218/3218 3217/3217 3221/3221
f 3187/3187 3207/3207 3223/3223
f 3223/3223 3224/3224 3187/3187
f 3207/3207 3206/3206 3225/3225
f 3225/3225 3223/3223 3207/3207
f 3226/3226 3227/3227 3223/3223
f 3223/3223 3225/3225 3226/3226
f 3227/3227 3228/3228 3224/3224
f 3224/3224 3223/3223 3227/3227
f 3206/3206 3210/3210 3229/3229
f 3229/3229 3225/3225 3206/3206
f 3210/3210 3195/3195 3212/3212
f 3212/3212 3229/3229 3210/3210
f 3216/3216 3230/3230 3229/3229
f 3229/3229 3212/3212 3216/3216
f 3230/3230 3226/3226 3225/3225
f 3225/3225 3229/3229 3230/3230
f 3180/3180 3179/3179 3231/3231
f 3231/3231 3213/3213 3180/3180
f 3179/3179 3178/3178 3232/3232
f 3232/3232 3231/3231 3179/3179
f 3233/3233 3234/3234 3231/3231
f 3231/3231 3232/3232 3233/3233
f 3234/3234 3214/3214 3213/3213
f 3213/3213 3231/3231 3234/3234
f 3189/3189 3188/3188 3235/3235
f 3235/3235 3219/3219 3189/3189
f 3188/3188 3187/3187 3224/3224
f 3224/3224 3235/3235 3188/3188
f 3228/3228 3236/3236 3235/3235
f 3235/3235 3224/3224 3228/3228
f 3236/3236 3220/3220 3219/3219
f 3219/3219 3235/3235 3236/3236
f 3226/3226 3230/3230 3237/3237
f 3237/3237 3238/3238 3226/3226
f 3230/3230 3216/3216 3239/3239
f 3239/3239 3237/3237 3230/3230
f 3240/3240 3241/3241 3237/3237
f 3237/3237 3239/3239 3240/3240
f 3241/3241 3242/3242 3238/3238
f 3238/3238 3237/3237 3241/3241
f 3214/3214 3234/3234 3243/3243
f 3243/3243 3244/3244 3214/3214
f 3234/3234 3233/3233 3245/3245
f 3245/3245 3243/3243 3234/3234
f 3246/3246 3247/3247 3243/3243
f 3243/3243 3245/3245 3246/3246
f 3247/3247 3248/3248 3244/3244
f 3244/3244 3243/3243 3247/3247
f 3220/3220 3236/3236 3249/3249
f 3249/3249 3250/3250 3220/3220
f 3236/3236 3228/3228 3251/3251
f 3251/3251 3249/3249 3236/3236
f 3252/3252 3253/3253 3249/3249
f 3249/3249 3251/3251 3252/3252
f 3253/3253 3254/3254 3250/3250
f 3250/3250 3249/3249 3253/3253
f 3216/3216 3215/3215 3255/3255
f 3255/3255 3239/3239 3216/3216
f 3215/3215 3214/3214 3244/3244
f 3244/3244 3255/3255 3215/3215
f 3248/3248 3256/3256 3255/3255
f 3255/3255 3244/3244 3248/3248
f 3256/3256 3240/3240 3239/3239
f 3239/3239 3255/3255 3256/3256
f 3222/3222 3221/3221 3257/3257
f 3257/3257 3258/3258 3222/3222
f 3221/3221 3220/3220 3250/3250
f 3250/3250 3257/3257 3221/3221
f 3254/3254 3259/3259 3257/3257
f 3257/3257 3250/3250 3254/3254
f 3259/3259 3260/3260 3258/3258
f 3258/3258 3257/3257 3259/3259
f 3228/3228 3227/3227 3261/3261
f 3261/3261 3251/3251 3228/3228
f 3227/3227 3226/3226 3238/3238
f 3238/3238 3261/3261 3227/3227
f 3242/3242 3262/3262 3261/3261
f 3261/3261 3238/3238 3242/3242
f 3262/3262 3252/3252 3251/3251
f 3251/3251 3261/3261 3262/3262
f 3240/3240 3256/3256 3263/3263
f 3263/3263 3264/3264 3240/3240
f 3256/3256 3248/3248 3265/3265
f 3265/3265 3263/3263 3256/3256
f 3266/3266 3264/3264 3263/3263
f 3263/3263 3265/3265 3266/3266
f 3260/3260 3259/3259 3267/3267
f 3267/3267 3268/3268 3260/3260
f 3259/3259 3254/3254 3269/3269
f 3269/3269 3267/3267 3259/3259
f 3270/3270 3268/3268 3267/3267
f 3267/3267 3269/3269 3270/3270
f 3252/3252 3262/3262 3271/3271
f 3271/3271 3272/3272 3252/3252
f 3262/3262 3242/3242 3273/3273
f 3273/3273 3271/3271 3262/3262
f 3274/3274 3272/3272 3271/3271
f 3271/3271 3273/3273 3274/3274
f 3242/3242 3241/3241 3275/3275
f 3275/3275 3276/3276 3242/3242
f 3241/3241 3240/3240 3277/3277
f 3277/3277 3275/3275 3241/3241
f 3278/3278 3276/3276 3275/3275
f 3275/3275 3277/3277 3278/3278
f 3248/3248 3247/3247 3279/3279
f 3279/3279 3280/3280 3248/3248
f 3247/3247 3246/3246 3281/3281
f 3281/3281 3279/3279 3247/3247
f 3282/3282 3280/3280 3279/3279
f 3279/3279 3281/3281 3282/3282
f 3254/3254 3253/3253 3283/3283
f 3283/3283 3284/3284 3254/3254
f 3253/3253 3252/3252 3285/3285
f 3285/3285 3283/3283 3253/3253
f 3286/3286 3284/3284 3283/3283
f 3283/3283 3285/3285 3286/3286
f 3196/3196 3287/3287 3288/3288
f 3288/3288 3289/3289 3196/3196
f 3287/3287 3290/3290 3291/3291
f 3291/3291 3288/3288 3287/3287
f 3292/3292 3289/3289 3288/3288
f 3288/3288 3291/3291 3292/3292
f 3293/3293 3294/3294 3295/3295
f 3295/3295 3296/3296 3293/3293
f 3294/3294 3181/3181 3297/3297
f 3297/3297 3295/3295 3294/3294
f 3292/3292 3296/3296 3295/3295
f 3295/3295 3297/3297 3292/3292
f 3290/3290 3298/3298 3299/3299
f 3299/3299 3291/3291 3290/3290
f 3298/3298 3300/3300 3301/3301
f 3301/3301 3299/3299 3298/3298
f 3292/3292 3291/3291 3299/3299
f 3299/3299 3301/3301 3292/3292
f 3181/3181 3197/3197 3302/3302
f 3302/3302 3297/3297 3181/3181
f 3197/3197 3196/3196 3289/3289
f 3289/3289 3302/3302 3197/3197
f 3292/3292 3297/3297 3302/3302
f 3302/3302 3289/3289 3292/3292
f 3303/3303 3304/3304 3305/3305
f 3305/3305 3306/3306 3303/3303
f 3304/3304 3293/3293 3296/3296
f 3296/3296 3305/3305 3304/3304
f 3292/3292 3306/3306 3305/3305
f 3305/3305 3296/3296 3292/3292
f 3300/3300 3307/3307 3308/3308
f 3308/3308 3301/3301 3300/3300
f 3307/3307 3303/3303 3306/3306
f 3306/3306 3308/3308 3307/3307
f 3292/3292 3301/3301 3308/3308
f 3308/3308 3306/3306 3292/3292
f 3309/3309 3310/3310 3311/3311
f 3311/3311 3312/3312 3309/3309
f 3310/3310 3313/3313 3314/3314
f 3314/3314 3311/3311 3310/3310
f 3315/3315 3316/3316 3311/3311
f 3311/3311 3314/3314 3315/3315
f 3316/3316 3317/3317 3312/3312
f 3312/3312 3311/3311 3316/3316
f 3318/3318 3319/3319 3320/3320
f 3320/3320 3321/3321 3318/3318
f 3319/3319 3309/3309 3312/3312
f 3312/3312 3320/3320 3319/3319
f 3317/3317 3322/3322 3320/3320
f 3320/3320 3312/3312 3317/3317
f 3322/3322 3323/3323 3321/3321
f 3321/3321 3320/3320 3322/3322
f 3324/3324 3325/3325 3326/3326
f 3326/3326 3327/3327 3324/3324
f 3325/3325 3328/3328 3329/3329
f 3329/3329 3326/3326 3325/3325
f 3309/3309 3319/3319 3326/3326
f 3326/3326 3329/3329 3309/3309
f 3319/3319 3318/3318 3327/3327
f 3327/3327 3326/3326 3319/3319
f 3328/3328 3330/3330 3331/3331
f 3331/3331 3329/3329 3328/3328
f 3330/3330 3332/3332 3333/3333
f 3333/3333 3331/3331 3330/3330
f 3313/3313 3310/3310 3331/3331
f 3331/3331 3333/3333 3313/3313
f 3310/3310 3309/3309 3329/3329
f 3329/3329 3331/3331 3310/3310
f 3334/3334 3335/3335 3336/3336
f 3336/3336 3337/3337 3334/3334
f 3335/3335 3338/3338 3339/3339
f 3339/3339 3336/3336 3335/3335
f 3340/3340 3341/3341 3336/3336
f 3336/3336 3339/3339 3340/3340
f 3341/3341 3342/3342 3337/3337
f 3337/3337 3336/3336 3341/3341
f 3343/3343 3344/3344 3345/3345
f 3345/3345 3346/3346 3343/3343
f 3344/3344 3334/3334 3337/3337
f 3337/3337 3345/3345 3344/3344
f 3342/3342 3347/3347 3345/3345
f 3345/3345 3337/3337 3342/3342
f 3347/3347 3348/3348 3346/3346
f 3346/3346 3345/3345 3347/3347
f 3349/3349 3350/3350 3351/3351
f 3351/3351 3352/3352 3349/3349
f 3350/3350 3353/3353 3354/3354
f 3354/3354 3351/3351 3350/3350
f 3355/3355 3356/3356 3351/3351
f 3351/3351 3354/3354 3355/3355
f 3356/3356 3357/3357 3352/3352
f 3352/3352 3351/3351 3356/3356
f 3358/3358 3359/3359 3360/3360
f 3360/3360 3361/3361 3358/3358
f 3359/3359 3362/3362 3363/3363
f 3363/3363 3360/3360 3359/3359
f 3355/3355 3354/3354 3360/3360
f 3360/3360 3363/3363 3355/3355
f 3354/3354 3353/3353 3361/3361
f 3361/3361 3360/3360 3354/3354
f 3364/3364 3365/3365 3366/3366
f 3366/3366 3367/3367 3364/3364
f 3365/3365 3368/3368 3369/3369
f 3369/3369 3366/3366 3365/3365
f 3349/3349 3352/3352 3366/3366
f 3366/3366 3369/3369 3349/3349
f 3352/3352 3357/3357 3367/3367
f 3367/3367 3366/3366 3352/3352
f 3370/3370 3371/3371 3372/3372
f 3372/3372 3373/3373 3370/3370
f 3371/3371 3349/3349 3374/3374
f 3374/3374 3372/3372 3371/3371
f 3375/3375 3376/3376 3372/3372
f 3372/3372 3374/3374 3375/3375
f 3376/3376 3377/3377 3373/3373
f 3373/3373 3372/3372 3376/3376
f 3368/3368 3378/3378 3379/3379
f 3379/3379 3369/3369 3368/3368
f 3378/3378 3380/3380 3381/3381
f 3381/3381 3379/3379 3378/3378
f 3375/3375 3374/3374 3379/3379
f 3379/3379 3381/3381 3375/3375
f 3374/3374 3349/3349 3369/3369
f 3369/3369 3379/3379 3374/3374
f 3370/3370 3382/3382 3383/3383
f 3383/3383 3371/3371 3370/3370
f 3382/3382 3353/3353 3350/3350
f 3350/3350 3383/3383 3382/3382
f 3349/3349 3371/3371 3383/3383
f 3383/3383 3350/3350 3349/3349
f 3353/3353 3382/3382 3384/3384
f 3384/3384 3385/3385 3353/3353
f 3382/3382 3370/3370 3386/3386
f 3386/3386 3384/3384 3382/3382
f 3387/3387 3388/3388 3384/3384
f 3384/3384 3386/3386 3387/3387
f 3388/3388 3389/3389 3385/3385
f 3385/3385 3384/3384 3388/3388
f 3390/3390 3391/3391 3392/3392
f 3392/3392 3393/3393 3390/3390
f 3391/3391 3394/3394 3395/3395
f 3395/3395 3392/3392 3391/3391
f 3387/3387 3386/3386 3392/3392
f 3392/3392 3395/3395 3387/3387
f 3386/3386 3370/3370 3393/3393
f 3393/3393 3392/3392 3386/3386
f 3396/3396 3397/3397 3398/3398
f 3398/3398 3399/3399 3396/3396
f 3397/3397 3390/3390 3393/3393
f 3393/3393 3398/3398 3397/3397
f 3370/3370 3373/3373 3398/3398
f 3398/3398 3393/3393 3370/3370
f 3373/3373 3377/3377 3399/3399
f 3399/3399 3398/3398 3373/3373
f 3400/3400 3401/3401 3402/3402
f 3402/3402 3403/3403 3400/3400
f 3401/3401 3404/3404 3405/3405
f 3405/3405 3402/3402 3401/3401
f 3394/3394 3391/3391 3402/3402
f 3402/3402 3405/3405 3394/3394
f 3391/3391 3390/3390 3403/3403
f 3403/3403 3402/3402 3391/3391
f 3406/3406 3407/3407 3408/3408
f 3408/3408 3409/3409 3406/3406
f 3407/3407 3400/3400 3403/3403
f 3403/3403 3408/3408 3407/3407
f 3390/3390 3397/3397 3408/3408
f 3408/3408 3403/3403 3390/3390
f 3397/3397 3396/3396 3409/3409
f 3409/3409 3408/3408 3397/3397
f 3410/3410 3411/3411 3412/3412
f 3412/3412 3413/3413 3410/3410
f 3411/3411 3414/3414 3415/3415
f 3415/3415 3412/3412 3411/3411
f 3404/3404 3401/3401 3412/3412
f 3412/3412 3415/3415 3404/3404
f 3401/3401 3400/3400 3413/3413
f 3413/3413 3412/3412 3401/3401
f 3416/3416 3417/3417 3418/3418
f 3418/3418 3419/3419 3416/3416
f 3417/3417 3410/3410 3413/3413
f 3413/3413 3418/3418 3417/3417
f 3400/3400 3407/3407 3418/3418
f 3418/3418 3413/3413 3400/3400
f 3407/3407 3406/3406 3419/3419
f 3419/3419 3418/3418 3407/3407
f 3420/3420 3421/3421 3422/3422
f 3422/3422 3423/3423 3420/3420
f 3421/3421 3358/3358 3361/3361
f 3361/3361 3422/3422 3421/3421
f 3353/3353 3385/3385 3422/3422
f 3422/3422 3361/3361 3353/3353
f 3385/3385 3389/3389 3423/3423
f 3423/3423 3422/3422 3385/3385
f 3424/3424 3425/3425 3426/3426
f 3426/3426 3427/3427 3424/3424
f 3425/3425 3428/3428 3429/3429
f 3429/3429 3426/3426 3425/3425
f 3358/3358 3421/3421 3426/3426
f 3426/3426 3429/3429 3358/3358
f 3421/3421 3420/3420 3427/3427
f 3427/3427 3426/3426 3421/3421
f 3428/3428 3430/3430 3431/3431
f 3431/3431 3429/3429 3428/3428
f 3430/3430 3432/3432 3433/3433
f 3433/3433 3431/3431 3430/3430
f 3362/3362 3359/3359 3431/3431
f 3431/3431 3433/3433 3362/3362
f 3359/3359 3358/3358 3429/3429
f 3429/3429 3431/3431 3359/3359
f 3434/3434 3435/3435 3436/3436
f 3436/3436 3437/3437 3434/3434
f 3435/3435 3438/3438 3439/3439
f 3439/3439 3436/3436 3435/3435
f 3432/3432 3430/3430 3436/3436
f 3436/3436 3439/3439 3432/3432
f 3430/3430 3428/3428 3437/3437
f 3437/3437 3436/3436 3430/3430
f 3440/3440 3441/3441 3442/3442
f 3442/3442 3443/3443 3440/3440
f 3441/3441 3434/3434 3437/3437
f 3437/3437 3442/3442 3441/3441
f 3428/3428 3425/3425 3442/3442
f 3442/3442 3437/3437 3428/3428
f 3425/3425 3424/3424 3443/3443
f 3443/3443 3442/3442 3425/3425
f 3444/3444 3445/3445 3446/3446
f 3446/3446 3447/3447 3444/3444
f 3445/3445 3448/3448 3449/3449
f 3449/3449 3446/3446 3445/3445
f 3368/3368 3365/3365 3446/3446
f 3446/3446 3449/3449 3368/3368
f 3365/3365 3364/3364 3447/3447
f 3447/3447 3446/3446 3365/3365
f 3448/3448 3450/3450 3451/3451
f 3451/3451 3449/3449 3448/3448
f 3450/3450 3452/3452 3453/3453
f 3453/3453 3451/3451 3450/3450
f 3380/3380 3378/3378 3451/3451
f 3451/3451 3453/3453 3380/3380
f 3378/3378 3368/3368 3449/3449
f 3449/3449 3451/3451 3378/3378
f 3454/3454 3455/3455 3456/3456
f 3456/3456 3457/3457 3454/3454
f 3455/3455 3458/3458 3459/3459
f 3459/3459 3456/3456 3455/3455
f 3448/3448 3445/3445 3456/3456
f 3456/3456 3459/3459 3448/3448
f 3445/3445 3444/3444 3457/3457
f 3457/3457 3456/3456 3445/3445
f 3458/3458 3460/3460 3461/3461
f 3461/3461 3459/3459 3458/3458
f 3460/3460 3462/3462 3463/3463
f 3463/3463 3461/3461 3460/3460
f 3452/3452 3450/3450 3461/3461
f 3461/3461 3463/3463 3452/3452
f 3450/3450 3448/3448 3459/3459
f 3459/3459 3461/3461 3450/3450
f 3464/3464 3465/3465 3466/3466
f 3466/3466 3467/3467 3464/3464
f 3465/3465 3468/3468 3469/3469
f 3469/3469 3466/3466 3465/3465
f 3458/3458 3455/3455 3466/3466
f 3466/3466 3469/3469 3458/3458
f 3455/3455 3454/3454 3467/3467
f 3467/3467 3466/3466 3455/3455
f 3468/3468 3470/3470 3471/3471
f 3471/3471 3469/3469 3468/3468
f 3470/3470 3472/3472 3473/3473
f 3473/3473 3471/3471 3470/3470
f 3462/3462 3460/3460 3471/3471
f 3471/3471 3473/3473 3462/3462
f 3460/3460 3458/3458 3469/3469
f 3469/3469 3471/3471 3460/3460
f 3342/3342 3341/3341 3474/3474
f 3474/3474 3475/3475 3342/3342
f 3341/3341 3340/3340 3476/3476
f 3476/3476 3474/3474 3341/3341
f 3332/3332 3330/3330 3474/3474
f 3474/3474 3476/3476 3332/3332
f 3330/3330 3328/3328 3475/3475
f 3475/3475 3474/3474 3330/3330
f 3348/3348 3347/3347 3477/3477
f 3477/3477 3478/3478 3348/3348
f 3347/3347 3342/3342 3475/3475
f 3475/3475 3477/3477 3347/3347
f 3328/3328 3325/3325 3477/3477
f 3477/3477 3475/3475 3328/3328
f 3325/3325 3324/3324 3478/3478
f 3478/3478 3477/3477 3325/3325
f 3479/3479 3480/3480 3481/3481
f 3481/3481 3482/3482 3479/3479
f 3480/3480 3483/3483 3484/3484
f 3484/3484 3481/3481 3480/3480
f 3334/3334 3344/3344 3481/3481
f 3481/3481 3484/3484 3334/3334
f 3344/3344 3343/3343 3482/3482
f 3482/3482 3481/3481 3344/3344
f 3483/3483 3485/3485 3486/3486
f 3486/3486 3484/3484 3483/3483
f 3485/3485 3487/3487 3488/3488
f 3488/3488 3486/3486 3485/3485
f 3338/3338 3335/3335 3486/3486
f 3486/3486 3488/3488 3338/3338
f 3335/3335 3334/3334 3484/3484
f 3484/3484 3486/3486 3335/3335
f 3489/3489 3490/3490 3491/3491
f 3491/3491 3492/3492 3489/3489
f 3490/3490 3493/3493 3494/3494
f 3494/3494 3491/3491 3490/3490
f 3487/3487 3485/3485 3491/3491
f 3491/3491 3494/3494 3487/3487
f 3485/3485 3483/3483 3492/3492
f 3492/3492 3491/3491 3485/3485
f 3495/3495 3496/3496 3497/3497
f 3497/3497 3498/3498 3495/3495
f 3496/3496 3489/3489 3492/3492
f 3492/3492 3497/3497 3496/3496
f 3483/3483 3480/3480 3497/3497
f 3497/3497 3492/3492 3483/3483
f 3480/3480 3479/3479 3498/3498
f 3498/3498 3497/3497 3480/3480
f 3499/3499 3500/3500 3501/3501
f 3501/3501 3502/3502 3499/3499
f 3500/3500 3503/3503 3504/3504
f 3504/3504 3501/3501 3500/3500
f 3505/3505 3506/3506 3501/3501
f 3501/3501 3504/3504 3505/3505
f 3506/3506 3507/3507 3502/3502
f 3502/3502 3501/3501 3506/3506
f 3508/3508 3509/3509 3510/3510
f 3510/3510 3511/3511 3508/3508
f 3509/3509 3499/3499 3502/3502
f 3502/3502 3510/3510 3509/3509
f 3507/3507 3512/3512 3510/3510
f 3510/3510 3502/3502 3507/3507
f 3512/3512 3513/3513 3511/3511
f 3511/3511 3510/3510 3512/3512
f 3514/3514 3515/3515 3516/3516
f 3516/3516 3517/3517 3514/3514
f 3515/3515 3518/3518 3519/3519
f 3519/3519 3516/3516 3515/3515
f 3499/3499 3509/3509 3516/3516
f 3516/3516 3519/3519 3499/3499
f 3509/3509 3508/3508 3517/3517
f 3517/3517 3516/3516 3509/3509
f 3518/3518 3520/3520 3521/3521
f 3521/3521 3519/3519 3518/3518
f 3520/3520 3522/3522 3523/3523
f 3523/3523 3521/3521 3520/3520
f 3503/3503 3500/3500 3521/3521
f 3521/3521 3523/3523 3503/3503
f 3500/3500 3499/3499 3519/3519
f 3519/3519 3521/3521 3500/3500
f 3524/3524 3525/3525 3526/3526
f 3526/3526 3527/3527 3524/3524
f 3525/3525 3528/3528 3529/3529
f 3529/3529 3526/3526 3525/3525
f 3530/3530 3531/3531 3526/3526
f 3526/3526 3529/3529 3530/3530
f 3531/3531 3532/3532 3527/3527
f 3527/3527 3526/3526 3531/3531
f 3530/3530 3533/3533 3534/3534
f 3534/3534 3535/3535 3530/3530
f 3533/3533 3536/3536 3537/3537
f 3537/3537 3534/3534 3533/3533
f 3522/3522 3520/3520 3534/3534
f 3534/3534 3537/3537 3522/3522
f 3520/3520 3518/3518 3535/3535
f 3535/3535 3534/3534 3520/3520
f 3528/3528 3538/3538 3539/3539
f 3539/3539 3529/3529 3528/3528
f 3538/3538 3540/3540 3541/3541
f 3541/3541 3539/3539 3538/3538
f 3536/3536 3533/3533 3539/3539
f 3539/3539 3541/3541 3536/3536
f 3533/3533 3530/3530 3529/3529
f 3529/3529 3539/3539 3533/3533
f 3532/3532 3531/3531 3542/3542
f 3542/3542 3543/3543 3532/3532
f 3531/3531 3530/3530 3535/3535
f 3535/3535 3542/3542 3531/3531
f 3518/3518 3515/3515 3542/3542
f 3542/3542 3535/3535 3518/3518
f 3515/3515 3514/3514 3543/3543
f 3543/3543 3542/3542 3515/3515
f 3544/3544 3545/3545 3546/3546
f 3546/3546 3547/3547 3544/3544
f 3545/3545 3548/3548 3549/3549
f 3549/3549 3546/3546 3545/3545
f 3550/3550 3551/3551 3546/3546
f 3546/3546 3549/3549 3550/3550
f 3551/3551 3552/3552 3547/3547
f 3547/3547 3546/3546 3551/3551
f 3553/3553 3554/3554 3555/3555
f 3555/3555 3556/3556 3553/3553
f 3554/3554 3557/3557 3558/3558
f 3558/3558 3555/3555 3554/3554
f 3550/3550 3549/3549 3555/3555
f 3555/3555 3558/3558 3550/3550
f 3549/3549 3548/3548 3556/3556
f 3556/3556 3555/3555 3549/3549
f 3559/3559 3560/3560 3561/3561
f 3561/3561 3562/3562 3559/3559
f 3560/3560 3563/3563 3564/3564
f 3564/3564 3561/3561 3560/3560
f 3544/3544 3547/3547 3561/3561
f 3561/3561 3564/3564 3544/3544
f 3547/3547 3552/3552 3562/3562
f 3562/3562 3561/3561 3547/3547
f 3565/3565 3566/3566 3567/3567
f 3567/3567 3568/3568 3565/3565
f 3566/3566 3544/3544 3569/3569
f 3569/3569 3567/3567 3566/3566
f 3570/3570 3571/3571 3567/3567
f 3567/3567 3569/3569 3570/3570
f 3571/3571 3572/3572 3568/3568
f 3568/3568 3567/3567 3571/3571
f 3563/3563 3573/3573 3574/3574
f 3574/3574 3564/3564 3563/3563
f 3573/3573 3575/3575 3576/3576
f 3576/3576 3574/3574 3573/3573
f 3570/3570 3569/3569 3574/3574
f 3574/3574 3576/3576 3570/3570
f 3569/3569 3544/3544 3564/3564
f 3564/3564 3574/3574 3569/3569
f 3565/3565 3577/3577 3578/3578
f 3578/3578 3566/3566 3565/3565
f 3577/3577 3548/3548 3545/3545
f 3545/3545 3578/3578 3577/3577
f 3544/3544 3566/3566 3578/3578
f 3578/3578 3545/3545 3544/3544
f 3548/3548 3577/3577 3579/3579
f 3579/3579 3580/3580 3548/3548
f 3577/3577 3565/3565 3581/3581
f 3581/3581 3579/3579 3577/3577
f 3582/3582 3583/3583 3579/3579
f 3579/3579 3581/3581 3582/3582
f 3583/3583 3584/3584 3580/3580
f 3580/3580 3579/3579 3583/3583
f 3585/3585 3586/3586 3587/3587
f 3587/3587 3588/3588 3585/3585
f 3586/3586 3589/3589 3590/3590
f 3590/3590 3587/3587 3586/3586
f 3582/3582 3581/3581 3587/3587
f 3587/3587 3590/3590 3582/3582
f 3581/3581 3565/3565 3588/3588
f 3588/3588 3587/3587 3581/3581
f 3591/3591 3592/3592 3593/3593
f 3593/3593 3594/3594 3591/3591
f 3592/3592 3585/3585 3588/3588
f 3588/3588 3593/3593 3592/3592
f 3565/3565 3568/3568 3593/3593
f 3593/3593 3588/3588 3565/3565
f 3568/3568 3572/3572 3594/3594
f 3594/3594 3593/3593 3568/3568
f 3595/3595 3596/3596 3597/3597
f 3597/3597 3598/3598 3595/3595
f 3596/3596 3599/3599 3600/3600
f 3600/3600 3597/3597 3596/3596
f 3589/3589 3586/3586 3597/3597
f 3597/3597 3600/3600 3589/3589
f 3586/3586 3585/3585 3598/3598
f 3598/3598 3597/3597 3586/3586
f 3601/3601 3602/3602 3603/3603
f 3603/3603 3604/3604 3601/3601
f 3602/3602 3595/3595 3598/3598
f 3598/3598 3603/3603 3602/3602
f 3585/3585 3592/3592 3603/3603
f 3603/3603 3598/3598 3585/3585
f 3592/3592 3591/3591 3604/3604
f 3604/3604 3603/3603 3592/3592
f 3605/3605 3606/3606 3607/3607
f 3607/3607 3608/3608 3605/3605
f 3606/3606 3609/3609 3610/3610
f 3610/3610 3607/3607 3606/3606
f 3599/3599 3596/3596 3607/3607
f 3607/3607 3610/3610 3599/3599
f 3596/3596 3595/3595 3608/3608
f 3608/3608 3607/3607 3596/3596
f 3611/3611 3612/3612 3613/3613
f 3613/3613 3614/3614 3611/3611
f 3612/3612 3605/3605 3608/3608
f 3608/3608 3613/3613 3612/3612
f 3595/3595 3602/3602 3613/3613
f 3613/3613 3608/3608 3595/3595
f 3602/3602 3601/3601 3614/3614
f 3614/3614 3613/3613 3602/3602
f 3615/3615 3616/3616 3617/3617
f 3617/3617 3618/3618 3615/3615
f 3616/3616 3553/3553 3556/3556
f 3556/3556 3617/3617 3616/3616
f 3548/3548 3580/3580 3617/3617
f 3617/3617 3556/3556 3548/3548
f 3580/3580 3584/3584 3618/3618
f 3618/3618 3617/3617 3580/3580
f 3619/3619 3620/3620 3621/3621
f 3621/3621 3622/3622 3619/3619
f 3620/3620 3623/3623 3624/3624
f 3624/3624 3621/3621 3620/3620
f 3553/3553 3616/3616 3621/3621
f 3621/3621 3624/3624 3553/3553
f 3616/3616 3615/3615 3622/3622
f 3622/3622 3621/3621 3616/3616
f 3623/3623 3625/3625 3626/3626
f 3626/3626 3624/3624 3623/3623
f 3625/3625 3627/3627 3628/3628
f 3628/3628 3626/3626 3625/3625
f 3557/3557 3554/3554 3626/3626
f 3626/3626 3628/3628 3557/3557
f 3554/3554 3553/3553 3624/3624
f 3624/3624 3626/3626 3554/3554
f 3629/3629 3630/3630 3631/3631
f 3631/3631 3632/3632 3629/3629
f 3630/3630 3633/3633 3634/3634
f 3634/3634 3631/3631 3630/3630
f 3627/3627 3625/3625 3631/3631
f 3631/3631 3634/3634 3627/3627
f 3625/3625 3623/3623 3632/3632
f 3632/3632 3631/3631 3625/3625
f 3635/3635 3636/3636 3637/3637
f 3637/3637 3638/3638 3635/3635
f 3636/3636 3629/3629 3632/3632
f 3632/3632 3637/3637 3636/3636
f 3623/3623 3620/3620 3637/3637
f 3637/3637 3632/3632 3623/3623
f 3620/3620 3619/3619 3638/3638
f 3638/3638 3637/3637 3620/3620
f 3639/3639 3640/3640 3641/3641
f 3641/3641 3642/3642 3639/3639
f 3640/3640 3643/3643 3644/3644
f 3644/3644 3641/3641 3640/3640
f 3563/3563 3560/3560 3641/3641
f 3641/3641 3644/3644 3563/3563
f 3560/3560 3559/3559 3642/3642
f 3642/3642 3641/3641 3560/3560
f 3643/3643 3645/3645 3646/3646
f 3646/3646 3644/3644 3643/3643
f 3645/3645 3647/3647 3648/3648
f 3648/3648 3646/3646 3645/3645
f 3575/3575 3573/3573 3646/3646
f 3646/3646 3648/3648 3575/3575
f 3573/3573 3563/3563 3644/3644
f 3644/3644 3646/3646 3573/3573
f 3649/3649 3650/3650 3651/3651
f 3651/3651 3652/3652 3649/3649
f 3650/3650 3653/3653 3654/3654
f 3654/3654 3651/3651 3650/3650
f 3643/3643 3640/3640 3651/3651
f 3651/3651 3654/3654 3643/3643
f 3640/3640 3639/3639 3652/3652
f 3652/3652 3651/3651 3640/3640
f 3653/3653 3655/3655 3656/3656
f 3656/3656 3654/3654 3653/3653
f 3655/3655 3657/3657 3658/3658
f 3658/3658 3656/3656 3655/3655
f 3647/3647 3645/3645 3656/3656
f 3656/3656 3658/3658 3647/3647
f 3645/3645 3643/3643 3654/3654
f 3654/3654 3656/3656 3645/3645
f 3659/3659 3660/3660 3661/3661
f 3661/3661 3662/3662 3659/3659
f 3660/3660 3663/3663 3664/3664
f 3664/3664 3661/3661 3660/3660
f 3653/3653 3650/3650 3661/3661
f 3661/3661 3664/3664 3653/3653
f 3650/3650 3649/3649 3662/3662
f 3662/3662 3661/3661 3650/3650
f 3663/3663 3665/3665 3666/3666
f 3666/3666 3664/3664 3663/3663
f 3665/3665 3667/3667 3668/3668
f 3668/3668 3666/3666 3665/3665
f 3657/3657 3655/3655 3666/3666
f 3666/3666 3668/3668 3657/3657
f 3655/3655 3653/3653 3664/3664
f 3664/3664 3666/3666 3655/3655
f 3669/3669 3670/3670 3671/3671
f 3671/3671 3672/3672 3669/3669
f 3670/3670 3673/3673 3674/3674
f 3674/3674 3671/3671 3670/3670
f 3675/3675 3676/3676 3671/3671
f 3671/3671 3674/3674 3675/3675
f 3676/3676 3677/3677 3672/3672
f 3672/3672 3671/3671 3676/3676
f 3678/3678 3679/3679 3680/3680
f 3680/3680 3681/3681 3678/3678
f 3679/3679 3669/3669 3672/3672
f 3672/3672 3680/3680 3679/3679
f 3677/3677 3682/3682 3680/3680
f 3680/3680 3672/3672 3677/3677
f 3682/3682 3683/3683 3681/3681
f 3681/3681 3680/3680 3682/3682
f 3684/3684 3685/3685 3686/3686
f 3686/3686 3687/3687 3684/3684
f 3685/3685 3688/3688 3689/3689
f 3689/3689 3686/3686 3685/3685
f 3669/3669 3679/3679 3686/3686
f 3686/3686 3689/3689 3669/3669
f 3679/3679 3678/3678 3687/3687
f 3687/3687 3686/3686 3679/3679
f 3688/3688 3690/3690 3691/3691
f 3691/3691 3689/3689 3688/3688
f 3690/3690 3692/3692 3693/3693
f 3693/3693 3691/3691 3690/3690
f 3673/3673 3670/3670 3691/3691
f 3691/3691 3693/3693 3673/3673
f 3670/3670 3669/3669 3689/3689
f 3689/3689 3691/3691 3670/3670
f 3694/3694 3695/3695 3696/3696
f 3696/3696 3697/3697 3694/3694
f 3695/3695 3698/3698 3699/3699
f 3699/3699 3696/3696 3695/3695
f 3700/3700 3701/3701 3696/3696
f 3696/3696 3699/3699 3700/3700
f 3701/3701 3702/3702 3697/3697
f 3697/3697 3696/3696 3701/3701
f 3703/3703 3704/3704 3705/3705
f 3705/3705 3706/3706 3703/3703
f 3704/3704 3707/3707 3708/3708
f 3708/3708 3705/3705 3704/3704
f 3692/3692 3690/3690 3705/3705
f 3705/3705 3708/3708 3692/3692
f 3690/3690 3688/3688 3706/3706
f 3706/3706 3705/3705 3690/3690
f 3698/3698 3709/3709 3710/3710
f 3710/3710 3699/3699 3698/3698
f 3709/3709 3711/3711 3712/3712
f 3712/3712 3710/3710 3709/3709
f 3713/3713 3714/3714 3710/3710
f 3710/3710 3712/3712 3713/3713
f 3714/3714 3700/3700 3699/3699
f 3699/3699 3710/3710 3714/3714
f 3715/3715 3716/3716 3717/3717
f 3717/3717 3718/3718 3715/3715
f 3716/3716 3703/3703 3706/3706
f 3706/3706 3717/3717 3716/3716
f 3688/3688 3685/3685 3717/3717
f 3717/3717 3706/3706 3688/3688
f 3685/3685 3684/3684 3718/3718
f 3718/3718 3717/3717 3685/3685
f 3719/3719 3720/3720 3721/3721
f 3721/3721 3722/3722 3719/3719
f 3720/3720 3723/3723 3724/3724
f 3724/3724 3721/3721 3720/3720
f 3725/3725 3726/3726 3721/3721
f 3721/3721 3724/3724 3725/3725
f 3726/3726 3727/3727 3722/3722
f 3722/3722 3721/3721 3726/3726
f 3728/3728 3729/3729 3730/3730
f 3730/3730 3731/3731 3728/3728
f 3729/3729 3732/3732 3733/3733
f 3733/3733 3730/3730 3729/3729
f 3725/3725 3724/3724 3730/3730
f 3730/3730 3733/3733 3725/3725
f 3724/3724 3723/3723 3731/3731
f 3731/3731 3730/3730 3724/3724
f 3734/3734 3735/3735 3736/3736
f 3736/3736 3737/3737 3734/3734
f 3735/3735 3738/3738 3739/3739
f 3739/3739 3736/3736 3735/3735
f 3719/3719 3722/3722 3736/3736
f 3736/3736 3739/3739 3719/3719
f 3722/3722 3727/3727 3737/3737
f 3737/3737 3736/3736 3722/3722
f 3740/3740 3741/3741 3742/3742
f 3742/3742 3743/3743 3740/3740
f 3741/3741 3719/3719 3744/3744
f 3744/3744 3742/3742 3741/3741
f 3745/3745 3746/3746 3742/3742
f 3742/3742 3744/3744 3745/3745
f 3746/3746 3747/3747 3743/3743
f 3743/3743 3742/3742 3746/3746
f 3738/3738 3748/3748 3749/3749
f 3749/3749 3739/3739 3738/3738
f 3748/3748 3750/3750 3751/3751
f 3751/3751 3749/3749 3748/3748
f 3745/3745 3744/3744 3749/3749
f 3749/3749 3751/3751 3745/3745
f 3744/3744 3719/3719 3739/3739
f 3739/3739 3749/3749 3744/3744
f 3740/3740 3752/3752 3753/3753
f 3753/3753 3741/3741 3740/3740
f 3752/3752 3723/3723 3720/3720
f 3720/3720 3753/3753 3752/3752
f 3719/3719 3741/3741 3753/3753
f 3753/3753 3720/3720 3719/3719
f 3723/3723 3752/3752 3754/3754
f 3754/3754 3755/3755 3723/3723
f 3752/3752 3740/3740 3756/3756
f 3756/3756 3754/3754 3752/3752
f 3757/3757 3758/3758 3754/3754
f 3754/3754 3756/3756 3757/3757
f 3758/3758 3759/3759 3755/3755
f 3755/3755 3754/3754 3758/3758
f 3760/3760 3761/3761 3762/3762
f 3762/3762 3763/3763 3760/3760
f 3761/3761 3764/3764 3765/3765
f 3765/3765 3762/3762 3761/3761
f 3757/3757 3756/3756 3762/3762
f 3762/3762 3765/3765 3757/3757
f 3756/3756 3740/3740 3763/3763
f 3763/3763 3762/3762 3756/3756
f 3766/3766 3767/3767 3768/3768
f 3768/3768 3769/3769 3766/3766
f 3767/3767 3760/3760 3763/3763
f 3763/3763 3768/3768 3767/3767
f 3740/3740 3743/3743 3768/3768
f 3768/3768 3763/3763 3740/3740
f 3743/3743 3747/3747 3769/3769
f 3769/3769 3768/3768 3743/3743
f 3770/3770 3771/3771 3772/3772
f 3772/3772 3773/3773 3770/3770
f 3771/3771 3774/3774 3775/3775
f 3775/3775 3772/3772 3771/3771
f 3764/3764 3761/3761 3772/3772
f 3772/3772 3775/3775 3764/3764
f 3761/3761 3760/3760 3773/3773
f 3773/3773 3772/3772 3761/3761
f 3776/3776 3777/3777 3778/3778
f 3778/3778 3779/3779 3776/3776
f 3777/3777 3770/3770 3773/3773
f 3773/3773 3778/3778 3777/3777
f 3760/3760 3767/3767 3778/3778
f 3778/3778 3773/3773 3760/3760
f 3767/3767 3766/3766 3779/3779
f 3779/3779 3778/3778 3767/3767
f 3780/3780 3781/3781 3782/3782
f 3782/3782 3783/3783 3780/3780
f 3781/3781 3784/3784 3785/3785
f 3785/3785 3782/3782 3781/3781
f 3774/3774 3771/3771 3782/3782
f 3782/3782 3785/3785 3774/3774
f 3771/3771 3770/3770 3783/3783
f 3783/3783 3782/3782 3771/3771
f 3786/3786 3787/3787 3788/3788
f 3788/3788 3789/3789 3786/3786
f 3787/3787 3780/3780 3783/3783
f 3783/3783 3788/3788 3787/3787
f 3770/3770 3777/3777 3788/3788
f 3788/3788 3783/3783 3770/3770
f 3777/3777 3776/3776 3789/3789
f 3789/3789 3788/3788 3777/3777
f 3790/3790 3791/3791 3792/3792
f 3792/3792 3793/3793 3790/3790
f 3791/3791 3728/3728 3731/3731
f 3731/3731 3792/3792 3791/3791
f 3723/3723 3755/3755 3792/3792
f 3792/3792 3731/3731 3723/3723
f 3755/3755 3759/3759 3793/3793
f 3793/3793 3792/3792 3755/3755
f 3794/3794 3795/3795 3796/3796
f 3796/3796 3797/3797 3794/3794
f 3795/3795 3798/3798 3799/3799
f 3799/3799 3796/3796 3795/3795
f 3728/3728 3791/3791 3796/3796
f 3796/3796 3799/3799 3728/3728
f 3791/3791 3790/3790 3797/3797
f 3797/3797 3796/3796 3791/3791
f 3798/3798 3800/3800 3801/3801
f 3801/3801 3799/3799 3798/3798
f 3800/3800 3802/3802 3803/3803
f 3803/3803 3801/3801 3800/3800
f 3732/3732 3729/3729 3801/3801
f 3801/3801 3803/3803 3732/3732
f 3729/3729 3728/3728 3799/3799
f 3799/3799 3801/3801 3729/3729
f 3804/3804 3805/3805 3806/3806
f 3806/3806 3807/3807 3804/3804
f 3805/3805 3808/3808 3809/3809
f 3809/3809 3806/3806 3805/3805
f 3802/3802 3800/3800 3806/3806
f 3806/3806 3809/3809 3802/3802
f 3800/3800 3798/3798 3807/3807
f 3807/3807 3806/3806 3800/3800
f 3810/3810 3811/3811 3812/3812
f 3812/3812 3813/3813 3810/3810
f 3811/3811 3804/3804 3807/3807
f 3807/3807 3812/3812 3811/3811
f 3798/3798 3795/3795 3812/3812
f 3812/3812 3807/3807 3798/3798
f 3795/3795 3794/3794 3813/3813
f 3813/3813 3812/3812 3795/3795
f 3814/3814 3815/3815 3816/3816
f 3816/3816 3817/3817 3814/3814
f 3815/3815 3818/3818 3819/3819
f 3819/3819 3816/3816 3815/3815
f 3738/3738 3735/3735 3816/3816
f 3816/3816 3819/3819 3738/3738
f 3735/3735 3734/3734 3817/3817
f 3817/3817 3816/3816 3735/3735
f 3818/3818 3820/3820 3821/3821
f 3821/3821 3819/3819 3818/3818
f 3820/3820 3822/3822 3823/3823
f 3823/3823 3821/3821 3820/3820
f 3750/3750 3748/3748 3821/3821
f 3821/3821 3823/3823 3750/3750
f 3748/3748 3738/3738 3819/3819
f 3819/3819 3821/3821 3748/3748
f 3824/3824 3825/3825 3826/3826
f 3826/3826 3827/3827 3824/3824
f 3825/3825 3828/3828 3829/3829
f 3829/3829 3826/3826 3825/3825
f 3818/3818 3815/3815 3826/3826
f 3826/3826 3829/3829 3818/3818
f 3815/3815 3814/3814 3827/3827
f 3827/3827 3826/3826 3815/3815
f 3828/3828 3830/3830 3831/3831
f 3831/3831 3829/3829 3828/3828
f 3830/3830 3832/3832 3833/3833
f 3833/3833 3831/3831 3830/3830
f 3822/3822 3820/3820 3831/3831
f 3831/3831 3833/3833 3822/3822
f 3820/3820 3818/3818 3829/3829
f 3829/3829 3831/3831 3820/3820
f 3834/3834 3835/3835 3836/3836
f 3836/3836 3837/3837 3834/3834
f 3835/3835 3838/3838 3839/3839
f 3839/3839 3836/3836 3835/3835
f 3828/3828 3825/3825 3836/3836
f 3836/3836 3839/3839 3828/3828
f 3825/3825 3824/3824 3837/3837
f 3837/3837 3836/3836 3825/3825
f 3838/3838 3840/3840 3841/3841
f 3841/3841 3839/3839 3838/3838
f 3840/3840 3842/3842 3843/3843
f 3843/3843 3841/3841 3840/3840
f 3832/3832 3830/3830 3841/3841
f 3841/3841 3843/3843 3832/3832
f 3830/3830 3828/3828 3839/3839
f 3839/3839 3841/3841 3830/3830
f 3844/3844 3845/3845 3846/3846
f 3846/3846 3847/3847 3844/3844
f 3845/3845 3848/3848 3849/3849
f 3849/3849 3846/3846 3845/3845
f 3711/3711 3709/3709 3846/3846
f 3846/3846 3849/3849 3711/3711
f 3709/3709 3698/3698 3847/3847
f 3847/3847 3846/3846 3709/3709
f 3850/3850 3851/3851 3852/3852
f 3852/3852 3853/3853 3850/3850
f 3851/3851 3844/3844 3847/3847
f 3847/3847 3852/3852 3851/3851
f 3698/3698 3695/3695 3852/3852
f 3852/3852 3847/3847 3698/3698
f 3695/3695 3694/3694 3853/3853
f 3853/3853 3852/3852 3695/3695
f 3702/3702 3701/3701 3854/3854
f 3854/3854 3855/3855 3702/3702
f 3701/3701 3700/3700 3856/3856
f 3856/3856 3854/3854 3701/3701
f 3703/3703 3716/3716 3854/3854
f 3854/3854 3856/3856 3703/3703
f 3716/3716 3715/3715 3855/3855
f 3855/3855 3854/3854 3716/3716
f 3700/3700 3714/3714 3857/3857
f 3857/3857 3856/3856 3700/3700
f 3714/3714 3713/3713 3858/3858
f 3858/3858 3857/3857 3714/3714
f 3707/3707 3704/3704 3857/3857
f 3857/3857 3858/3858 3707/3707
f 3704/3704 3703/3703 3856/3856
f 3856/3856 3857/3857 3704/3704
f 3859/3859 3860/3860 3861/3861
f 3861/3861 3862/3862 3859/3859
f 3860/3860 3863/3863 3864/3864
f 3864/3864 3861/3861 3860/3860
f 3865/3865 3866/3866 3861/3861
f 3861/3861 3864/3864 3865/3865
f 3866/3866 3867/3867 3862/3862
f 3862/3862 3861/3861 3866/3866
f 3859/3859 3862/3862 3868/3868
f 3868/3868 3869/3869 3859/3859
f 3862/3862 3867/3867 3870/3870
f 3870/3870 3868/3868 3862/3862
f 3871/3871 3872/3872 3868/3868
f 3868/3868 3870/3870 3871/3871
f 3872/3872 3873/3873 3869/3869
f 3869/3869 3868/3868 3872/3872
f 3874/3874 3875/3875 3876/3876
f 3876/3876 3877/3877 3874/3874
f 3875/3875 3878/3878 3879/3879
f 3879/3879 3876/3876 3875/3875
f 3880/3880 3881/3881 3876/3876
f 3876/3876 3879/3879 3880/3880
f 3881/3881 3882/3882 3877/3877
f 3877/3877 3876/3876 3881/3881
f 3874/3874 3877/3877 3883/3883
f 3883/3883 3884/3884 3874/3874
f 3877/3877 3882/3882 3885/3885
f 3885/3885 3883/3883 3877/3877
f 3886/3886 3887/3887 3883/3883
f 3883/3883 3885/3885 3886/3886
f 3887/3887 3888/3888 3884/3884
f 3884/3884 3883/3883 3887/3887
f 3889/3889 3890/3890 3891/3891
f 3891/3891 3892/3892 3889/3889
f 3890/3890 3893/3893 3894/3894
f 3894/3894 3891/3891 3890/3890
f 3895/3895 3896/3896 3891/3891
f 3891/3891 3894/3894 3895/3895
f 3896/3896 3897/3897 3892/3892
f 3892/3892 3891/3891 3896/3896
f 3889/3889 3892/3892 3898/3898
f 3898/3898 3899/3899 3889/3889
f 3892/3892 3897/3897 3900/3900
f 3900/3900 3898/3898 3892/3892
f 3901/3901 3902/3902 3898/3898
f 3898/3898 3900/3900 3901/3901
f 3902/3902 3903/3903 3899/3899
f 3899/3899 3898/3898 3902/3902
f 3882/3882 3904/3904 3905/3905
f 3905/3905 3885/3885 3882/3882
f 3904/3904 3889/3889 3899/3899
f 3899/3899 3905/3905 3904/3904
f 3903/3903 3906/3906 3905/3905
f 3905/3905 3899/3899 3903/3903
f 3906/3906 3886/3886 3885/3885
f 3885/3885 3905/3905 3906/3906
f 3882/3882 3881/3881 3907/3907
f 3907/3907 3904/3904 3882/3882
f 3881/3881 3880/3880 3908/3908
f 3908/3908 3907/3907 3881/3881
f 3893/3893 3890/3890 3907/3907
f 3907/3907 3908/3908 3893/3893
f 3890/3890 3889/3889 3904/3904
f 3904/3904 3907/3907 3890/3890
f 3867/3867 3909/3909 3910/3910
f 3910/3910 3870/3870 3867/3867
f 3909/3909 3874/3874 3884/3884
f 3884/3884 3910/3910 3909/3909
f 3888/3888 3911/3911 3910/3910
f 3910/3910 3884/3884 3888/3888
f 3911/3911 3871/3871 3870/3870
f 3870/3870 3910/3910 3911/3911
f 3867/3867 3866/3866 3912/3912
f 3912/3912 3909/3909 3867/3867
f 3866/3866 3865/3865 3913/3913
f 3913/3913 3912/3912 3866/3866
f 3878/3878 3875/3875 3912/3912
f 3912/3912 3913/3913 3878/3878
f 3875/3875 3874/3874 3909/3909
f 3909/3909 3912/3912 3875/3875
f 3914/3914 3915/3915 3916/3916
f 3916/3916 3917/3917 3914/3914
f 3915/3915 3918/3918 3919/3919
f 3919/3919 3916/3916 3915/3915
f 3920/3920 3921/3921 3916/3916
f 3916/3916 3919/3919 3920/3920
f 3921/3921 3922/3922 3917/3917
f 3917/3917 3916/3916 3921/3921
f 3923/3923 3924/3924 3925/3925
f 3925/3925 3926/3926 3923/3923
f 3924/3924 3927/3927 3928/3928
f 3928/3928 3925/3925 3924/3924
f 3918/3918 3915/3915 3925/3925
f 3925/3925 3928/3928 3918/3918
f 3915/3915 3914/3914 3926/3926
f 3926/3926 3925/3925 3915/3915
f 3918/3918 3928/3928 3929/3929
f 3929/3929 3930/3930 3918/3918
f 3928/3928 3927/3927 3931/3931
f 3931/3931 3929/3929 3928/3928
f 3932/3932 3933/3933 3929/3929
f 3929/3929 3931/3931 3932/3932
f 3933/3933 3934/3934 3930/3930
f 3930/3930 3929/3929 3933/3933
f 3920/3920 3919/3919 3935/3935
f 3935/3935 3936/3936 3920/3920
f 3919/3919 3918/3918 3930/3930
f 3930/3930 3935/3935 3919/3919
f 3934/3934 3937/3937 3935/3935
f 3935/3935 3930/3930 3934/3934
f 3937/3937 3938/3938 3936/3936
f 3936/3936 3935/3935 3937/3937
f 3934/3934 3933/3933 3939/3939
f 3939/3939 3940/3940 3934/3934
f 3933/3933 3932/3932 3941/3941
f 3941/3941 3939/3939 3933/3933
f 3942/3942 3943/3943 3939/3939
f 3939/3939 3941/3941 3942/3942
f 3943/3943 3944/3944 3940/3940
f 3940/3940 3939/3939 3943/3943
f 3938/3938 3937/3937 3945/3945
f 3945/3945 3946/3946 3938/3938
f 3937/3937 3934/3934 3940/3940
f 3940/3940 3945/3945 3937/3937
f 3944/3944 3947/3947 3945/3945
f 3945/3945 3940/3940 3944/3944
f 3947/3947 3948/3948 3946/3946
f 3946/3946 3945/3945 3947/3947
f 3944/3944 3943/3943 3949/3949
f 3949/3949 3950/3950 3944/3944
f 3943/3943 3942/3942 3951/3951
f 3951/3951 3949/3949 3943/3943
f 3952/3952 3953/3953 3949/3949
f 3949/3949 3951/3951 3952/3952
f 3953/3953 3954/3954 3950/3950
f 3950/3950 3949/3949 3953/3953
f 3948/3948 3947/3947 3955/3955
f 3955/3955 3956/3956 3948/3948
f 3947/3947 3944/3944 3950/3950
f 3950/3950 3955/3955 3947/3947
f 3954/3954 3957/3957 3955/3955
f 3955/3955 3950/3950 3954/3954
f 3957/3957 3958/3958 3956/3956
f 3956/3956 3955/3955 3957/3957
f 3959/3959 3960/3960 3961/3961
f 3961/3961 3962/3962 3959/3959
f 3960/3960 3963/3963 3964/3964
f 3964/3964 3961/3961 3960/3960
f 3965/3965 3966/3966 3961/3961
f 3961/3961 3964/3964 3965/3965
f 3966/3966 3967/3967 3962/3962
f 3962/3962 3961/3961 3966/3966
f 3968/3968 3969/3969 3970/3970
f 3970/3970 3971/3971 3968/3968
f 3969/3969 3972/3972 3973/3973
f 3973/3973 3970/3970 3969/3969
f 3963/3963 3960/3960 3970/3970
f 3970/3970 3973/3973 3963/3963
f 3960/3960 3959/3959 3971/3971
f 3971/3971 3970/3970 3960/3960
f 3963/3963 3973/3973 3974/3974
f 3974/3974 3975/3975 3963/3963
f 3973/3973 3972/3972 3976/3976
f 3976/3976 3974/3974 3973/3973
f 3977/3977 3978/3978 3974/3974
f 3974/3974 3976/3976 3977/3977
f 3978/3978 3979/3979 3975/3975
f 3975/3975 3974/3974 3978/3978
f 3965/3965 3964/3964 3980/3980
f 3980/3980 3981/3981 3965/3965
f 3964/3964 3963/3963 3975/3975
f 3975/3975 3980/3980 3964/3964
f 3979/3979 3982/3982 3980/3980
f 3980/3980 3975/3975 3979/3979
f 3982/3982 3983/3983 3981/3981
f 3981/3981 3980/3980 3982/3982
f 3979/3979 3978/3978 3984/3984
f 3984/3984 3985/3985 3979/3979
f 3978/3978 3977/3977 3986/3986
f 3986/3986 3984/3984 3978/3978
f 3987/3987 3988/3988 3984/3984
f 3984/3984 3986/3986 3987/3987
f 3988/3988 3989/3989 3985/3985
f 3985/3985 3984/3984 3988/3988
f 3983/3983 3982/3982 3990/3990
f 3990/3990 3991/3991 3983/3983
f 3982/3982 3979/3979 3985/3985
f 3985/3985 3990/3990 3982/3982
f 3989/3989 3992/3992 3990/3990
f 3990/3990 3985/3985 3989/3989
f 3992/3992 3993/3993 3991/3991
f 3991/3991 3990/3990 3992/3992
f 3989/3989 3988/3988 3994/3994
f 3994/3994 3995/3995 3989/3989
f 3988/3988 3987/3987 3996/3996
f 3996/3996 3994/3994 3988/3988
f 3997/3997 3998/3998 3994/3994
f 3994/3994 3996/3996 3997/3997
f 3998/3998 3999/3999 3995/3995
f 3995/3995 3994/3994 3998/3998
f 3993/3993 3992/3992 4000/4000
f 4000/4000 4001/4001 3993/3993
f 3992/3992 3989/3989 3995/3995
f 3995/3995 4000/4000 3992/3992
f 3999/3999 4002/4002 4000/4000
f 4000/4000 3995/3995 3999/3999
f 4002/4002 4003/4003 4001/4001
f 4001/4001 4000/4000 4002/4002
f 4004/4004 4005/4005 4006/4006
f 4006/4006 4007/4007 4004/4004
f 4005/4005 4008/4008 4009/4009
f 4009/4009 4006/4006 4005/4005
f 4010/4010 4011/4011 4006/4006
f 4006/4006 4009/4009 4010/4010
f 4011/4011 4012/4012 4007/4007
f 4007/4007 4006/4006 4011/4011
f 4013/4013 4014/4014 4015/4015
f 4015/4015 4016/4016 4013/4013
f 4014/4014 4017/4017 4018/4018
f 4018/4018 4015/4015 4014/4014
f 4008/4008 4005/4005 4015/4015
f 4015/4015 4018/4018 4008/4008
f 4005/4005 4004/4004 4016/4016
f 4016/4016 4015/4015 4005/4005
f 4008/4008 4018/4018 4019/4019
f 4019/4019 4020/4020 4008/4008
f 4018/4018 4017/4017 4021/4021
f 4021/4021 4019/4019 4018/4018
f 4022/4022 4023/4023 4019/4019
f 4019/4019 4021/4021 4022/4022
f 4023/4023 4024/4024 4020/4020
f 4020/4020 4019/4019 4023/4023
f 4010/4010 4009/4009 4025/4025
f 4025/4025 4026/4026 4010/4010
f 4009/4009 4008/4008 4020/4020
f 4020/4020 4025/4025 4009/4009
f 4024/4024 4027/4027 4025/4025
f 4025/4025 4020/4020 4024/4024
f 4027/4027 4028/4028 4026/4026
f 4026/4026 4025/4025 4027/4027
f 4024/4024 4023/4023 4029/4029
f 4029/4029 4030/4030 4024/4024
f 4023/4023 4022/4022 4031/4031
f 4031/4031 4029/4029 4023/4023
f 4032/4032 4033/4033 4029/4029
f 4029/4029 4031/4031 4032/4032
f 4033/4033 4034/4034 4030/4030
f 4030/4030 4029/4029 4033/4033
f 4028/4028 4027/4027 4035/4035
f 4035/4035 4036/4036 4028/4028
f 4027/4027 4024/4024 4030/4030
f 4030/4030 4035/4035 4027/4027
f 4034/4034 4037/4037 4035/4035
f 4035/4035 4030/4030 4034/4034
f 4037/4037 4038/4038 4036/4036
f 4036/4036 4035/4035 4037/4037
f 4034/4034 4033/4033 4039/4039
f 4039/4039 4040/4040 4034/4034
f 4033/4033 4032/4032 4041/4041
f 4041/4041 4039/4039 4033/4033
f 4042/4042 4043/4043 4039/4039
f 4039/4039 4041/4041 4042/4042
f 4043/4043 4044/4044 4040/4040
f 4040/4040 4039/4039 4043/4043
f 4038/4038 4037/4037 4045/4045
f 4045/4045 4046/4046 4038/4038
f 4037/4037 4034/4034 4040/4040
f 4040/4040 4045/4045 4037/4037
f 4044/4044 4047/4047 4045/4045
f 4045/4045 4040/4040 4044/4044
f 4047/4047 4048/4048 4046/4046
f 4046/4046 4045/4045 4047/4047
f 4049/4049 4050/4050 4051/4051
f 4051/4051 4052/4052 4049/4049
f 4050/4050 4053/4053 4054/4054
f 4054/4054 4051/4051 4050/4050
f 4055/4055 4056/4056 4051/4051
f 4051/4051 4054/4054 4055/4055
f 4056/4056 4057/4057 4052/4052
f 4052/4052 4051/4051 4056/4056
f 4058/4058 4059/4059 4060/4060
f 4060/4060 4061/4061 4058/4058
f 4059/4059 4062/4062 4063/4063
f 4063/4063 4060/4060 4059/4059
f 4053/4053 4050/4050 4060/4060
f 4060/4060 4063/4063 4053/4053
f 4050/4050 4049/4049 4061/4061
f 4061/4061 4060/4060 4050/4050
f 4053/4053 4063/4063 4064/4064
f 4064/4064 4065/4065 4053/4053
f 4063/4063 4062/4062 4066/4066
f 4066/4066 4064/4064 4063/4063
f 4067/4067 4068/4068 4064/4064
f 4064/4064 4066/4066 4067/4067
f 4068/4068 4069/4069 4065/4065
f 4065/4065 4064/4064 4068/4068
f 4055/4055 4054/4054 4070/4070
f 4070/4070 4071/4071 4055/4055
f 4054/4054 4053/4053 4065/4065
f 4065/4065 4070/4070 4054/4054
f 4069/4069 4072/4072 4070/4070
f 4070/4070 4065/4065 4069/4069
f 4072/4072 4073/4073 4071/4071
f 4071/4071 4070/4070 4072/4072
f 4069/4069 4068/4068 4074/4074
f 4074/4074 4075/4075 4069/4069
f 4068/4068 4067/4067 4076/4076
f 4076/4076 4074/4074 4068/4068
f 4077/4077 4078/4078 4074/4074
f 4074/4074 4076/4076 4077/4077
f 4078/4078 4079/4079 4075/4075
f 4075/4075 4074/4074 4078/4078
f 4073/4073 4072/4072 4080/4080
f 4080/4080 4081/4081 4073/4073
f 4072/4072 4069/4069 4075/4075
f 4075/4075 4080/4080 4072/4072
f 4079/4079 4082/4082 4080/4080
f 4080/4080 4075/4075 4079/4079
f 4082/4082 4083/4083 4081/4081
f 4081/4081 4080/4080 4082/4082
f 4079/4079 4078/4078 4084/4084
f 4084/4084 4085/4085 4079/4079
f 4078/4078 4077/4077 4086/4086
f 4086/4086 4084/4084 4078/4078
f 4087/4087 4088/4088 4084/4084
f 4084/4084 4086/4086 4087/4087
f 4088/4088 4089/4089 4085/4085
f 4085/4085 4084/4084 4088/4088
f 4083/4083 4082/4082 4090/4090
f 4090/4090 4091/4091 4083/4083
f 4082/4082 4079/4079 4085/4085
f 4085/4085 4090/4090 4082/4082
f 4089/4089 4092/4092 4090/4090
f 4090/4090 4085/4085 4089/4089
f 4092/4092 4093/4093 4091/4091
f 4091/4091 4090/4090 4092/4092
f 4094/4094 4095/4095 4096/4096
f 4096/4096 4097/4097 4094/4094
f 4095/4095 4098/4098 4099/4099
f 4099/4099 4096/4096 4095/4095
f 4100/4100 4101/4101 4096/4096
f 4096/4096 4099/4099 4100/4100
f 4101/4101 4102/4102 4097/4097
f 4097/4097 4096/4096 4101/4101
f 4103/4103 4104/4104 4105/4105
f 4105/4105 4106/4106 4103/4103
f 4104/4104 4107/4107 4108/4108
f 4108/4108 4105/4105 4104/4104
f 4098/4098 4095/4095 4105/4105
f 4105/4105 4108/4108 4098/4098
f 4095/4095 4094/4094 4106/4106
f 4106/4106 4105/4105 4095/4095
f 4098/4098 4108/4108 4109/4109
f 4109/4109 4110/4110 4098/4098
f 4108/4108 4107/4107 4111/4111
f 4111/4111 4109/4109 4108/4108
f 4112/4112 4113/4113 4109/4109
f 4109/4109 4111/4111 4112/4112
f 4113/4113 4114/4114 4110/4110
f 4110/4110 4109/4109 4113/4113
f 4100/4100 4099/4099 4115/4115
f 4115/4115 4116/4116 4100/4100
f 4099/4099 4098/4098 4110/4110
f 4110/4110 4115/4115 4099/4099
f 4114/4114 4117/4117 4115/4115
f 4115/4115 4110/4110 4114/4114
f 4117/4117 4118/4118 4116/4116
f 4116/4116 4115/4115 4117/4117
f 4114/4114 4113/4113 4119/4119
f 4119/4119 4120/4120 4114/4114
f 4113/4113 4112/4112 4121/4121
f 4121/4121 4119/4119 4113/4113
f 4122/4122 4123/4123 4119/4119
f 4119/4119 4121/4121 4122/4122
f 4123/4123 4124/4124 4120/4120
f 4120/4120 4119/4119 4123/4123
f 4118/4118 4117/4117 4125/4125
f 4125/4125 4126/4126 4118/4118
f 4117/4117 4114/4114 4120/4120
f 4120/4120 4125/4125 4117/4117
f 4124/4124 4127/4127 4125/4125
f 4125/4125 4120/4120 4124/4124
f 4127/4127 4128/4128 4126/4126
f 4126/4126 4125/4125 4127/4127
f 4124/4124 4123/4123 4129/4129
f 4129/4129 4130/4130 4124/4124
f 4123/4123 4122/4122 4131/4131
f 4131/4131 4129/4129 4123/4123
f 4132/4132 4133/4133 4129/4129
f 4129/4129 4131/4131 4132/4132
f 4133/4133 4134/4134 4130/4130
f 4130/4130 4129/4129 4133/4133
f 4128/4128 4127/4127 4135/4135
f 4135/4135 4136/4136 4128/4128
f 4127/4127 4124/4124 4130/4130
f 4130/4130 4135/4135 4127/4127
f 4134/4134 4137/4137 4135/4135
f 4135/4135 4130/4130 4134/4134
f 4137/4137 4138/4138 4136/4136
f 4136/4136 4135/4135 4137/4137
f 4139/4139 4140/4140 4141/4141
f 4141/4141 4142/4142 4139/4139
f 4140/4140 4143/4143 4144/4144
f 4144/4144 4141/4141 4140/4140
f 4145/4145 4146/4146 4141/4141
f 4141/4141 4144/4144 4145/4145
f 4146/4146 4147/4147 4142/4142
f 4142/4142 4141/4141 4146/4146
f 4148/4148 4149/4149 4150/4150
f 4150/4150 4151/4151 4148/4148
f 4149/4149 4152/4152 4153/4153
f 4153/4153 4150/4150 4149/4149
f 4154/4154 4155/4155 4150/4150
f 4150/4150 4153/4153 4154/4154
f 4155/4155 4156/4156 4151/4151
f 4151/4151 4150/4150 4155/4155
f 4157/4157 4158/4158 4159/4159
f 4159/4159 4160/4160 4157/4157
f 4158/4158 4139/4139 4142/4142
f 4142/4142 4159/4159 4158/4158
f 4147/4147 4161/4161 4159/4159
f 4159/4159 4142/4142 4147/4147
f 4161/4161 4162/4162 4160/4160
f 4160/4160 4159/4159 4161/4161
f 4163/4163 4164/4164 4165/4165
f 4165/4165 4166/4166 4163/4163
f 4164/4164 4148/4148 4151/4151
f 4151/4151 4165/4165 4164/4164
f 4156/4156 4167/4167 4165/4165
f 4165/4165 4151/4151 4156/4156
f 4167/4167 4168/4168 4166/4166
f 4166/4166 4165/4165 4167/4167
f 4152/4152 4169/4169 4170/4170
f 4170/4170 4153/4153 4152/4152
f 4169/4169 4171/4171 4172/4172
f 4172/4172 4170/4170 4169/4169
f 4173/4173 4174/4174 4170/4170
f 4170/4170 4172/4172 4173/4173
f 4174/4174 4154/4154 4153/4153
f 4153/4153 4170/4170 4174/4174
f 4171/4171 4175/4175 4176/4176
f 4176/4176 4172/4172 4171/4171
f 4175/4175 4157/4157 4160/4160
f 4160/4160 4176/4176 4175/4175
f 4162/4162 4177/4177 4176/4176
f 4176/4176 4160/4160 4162/4162
f 4177/4177 4173/4173 4172/4172
f 4172/4172 4176/4176 4177/4177
f 4162/4162 4161/4161 4178/4178
f 4178/4178 4179/4179 4162/4162
f 4161/4161 4147/4147 4180/4180
f 4180/4180 4178/4178 4161/4161
f 4181/4181 4182/4182 4178/4178
f 4178/4178 4180/4180 4181/4181
f 4182/4182 4183/4183 4179/4179
f 4179/4179 4178/4178 4182/4182
f 4168/4168 4167/4167 4184/4184
f 4184/4184 4185/4185 4168/4168
f 4167/4167 4156/4156 4186/4186
f 4186/4186 4184/4184 4167/4167
f 4187/4187 4188/4188 4184/4184
f 4184/4184 4186/4186 4187/4187
f 4188/4188 4189/4189 4185/4185
f 4185/4185 4184/4184 4188/4188
f 4154/4154 4174/4174 4190/4190
f 4190/4190 4191/4191 4154/4154
f 4174/4174 4173/4173 4192/4192
f 4192/4192 4190/4190 4174/4174
f 4193/4193 4194/4194 4190/4190
f 4190/4190 4192/4192 4193/4193
f 4194/4194 4195/4195 4191/4191
f 4191/4191 4190/4190 4194/4194
f 4173/4173 4177/4177 4196/4196
f 4196/4196 4192/4192 4173/4173
f 4177/4177 4162/4162 4179/4179
f 4179/4179 4196/4196 4177/4177
f 4183/4183 4197/4197 4196/4196
f 4196/4196 4179/4179 4183/4183
f 4197/4197 4193/4193 4192/4192
f 4192/4192 4196/4196 4197/4197
f 4147/4147 4146/4146 4198/4198
f 4198/4198 4180/4180 4147/4147
f 4146/4146 4145/4145 4199/4199
f 4199/4199 4198/4198 4146/4146
f 4200/4200 4201/4201 4198/4198
f 4198/4198 4199/4199 4200/4200
f 4201/4201 4181/4181 4180/4180
f 4180/4180 4198/4198 4201/4201
f 4156/4156 4155/4155 4202/4202
f 4202/4202 4186/4186 4156/4156
f 4155/4155 4154/4154 4191/4191
f 4191/4191 4202/4202 4155/4155
f 4195/4195 4203/4203 4202/4202
f 4202/4202 4191/4191 4195/4195
f 4203/4203 4187/4187 4186/4186
f 4186/4186 4202/4202 4203/4203
f 4193/4193 4197/4197 4204/4204
f 4204/4204 4205/4205 4193/4193
f 4197/4197 4183/4183 4206/4206
f 4206/4206 4204/4204 4197/4197
f 4207/4207 4208/4208 4204/4204
f 4204/4204 4206/4206 4207/4207
f 4208/4208 4209/4209 4205/4205
f 4205/4205 4204/4204 4208/4208
f 4181/4181 4201/4201 4210/4210
f 4210/4210 4211/4211 4181/4181
f 4201/4201 4200/4200 4212/4212
f 4212/4212 4210/4210 4201/4201
f 4213/4213 4214/4214 4210/4210
f 4210/4210 4212/4212 4213/4213
f 4214/4214 4215/4215 4211/4211
f 4211/4211 4210/4210 4214/4214
f 4187/4187 4203/4203 4216/4216
f 4216/4216 4217/4217 4187/4187
f 4203/4203 4195/4195 4218/4218
f 4218/4218 4216/4216 4203/4203
f 4219/4219 4220/4220 4216/4216
f 4216/4216 4218/4218 4219/4219
f 4220/4220 4221/4221 4217/4217
f 4217/4217 4216/4216 4220/4220
f 4183/4183 4182/4182 4222/4222
f 4222/4222 4206/4206 4183/4183
f 4182/4182 4181/4181 4211/4211
f 4211/4211 4222/4222 4182/4182
f 4215/4215 4223/4223 4222/4222
f 4222/4222 4211/4211 4215/4215
f 4223/4223 4207/4207 4206/4206
f 4206/4206 4222/4222 4223/4223
f 4189/4189 4188/4188 4224/4224
f 4224/4224 4225/4225 4189/4189
f 4188/4188 4187/4187 4217/4217
f 4217/4217 4224/4224 4188/4188
f 4221/4221 4226/4226 4224/4224
f 4224/4224 4217/4217 4221/4221
f 4226/4226 4227/4227 4225/4225
f 4225/4225 4224/4224 4226/4226
f 4195/4195 4194/4194 4228/4228
f 4228/4228 4218/4218 4195/4195
f 4194/4194 4193/4193 4205/4205
f 4205/4205 4228/4228 4194/4194
f 4209/4209 4229/4229 4228/4228
f 4228/4228 4205/4205 4209/4209
f 4229/4229 4219/4219 4218/4218
f 4218/4218 4228/4228 4229/4229
f 4207/4207 4223/4223 4230/4230
f 4230/4230 4231/4231 4207/4207
f 4223/4223 4215/4215 4232/4232
f 4232/4232 4230/4230 4223/4223
f 4233/4233 4231/4231 4230/4230
f 4230/4230 4232/4232 4233/4233
f 4227/4227 4226/4226 4234/4234
f 4234/4234 4235/4235 4227/4227
f 4226/4226 4221/4221 4236/4236
f 4236/4236 4234/4234 4226/4226
f 4237/4237 4235/4235 4234/4234
f 4234/4234 4236/4236 4237/4237
f 4219/4219 4229/4229 4238/4238
f 4238/4238 4239/4239 4219/4219
f 4229/4229 4209/4209 4240/4240
f 4240/4240 4238/4238 4229/4229
f 4241/4241 4239/4239 4238/4238
f 4238/4238 4240/4240 4241/4241
f 4209/4209 4208/4208 4242/4242
f 4242/4242 4243/4243 4209/4209
f 4208/4208 4207/4207 4244/4244
f 4244/4244 4242/4242 4208/4208
f 4245/4245 4243/4243 4242/4242
f 4242/4242 4244/4244 4245/4245
f 4215/4215 4214/4214 4246/4246
f 4246/4246 4247/4247 4215/4215
f 4214/4214 4213/4213 4248/4248
f 4248/4248 4246/4246 4214/4214
f 4249/4249 4247/4247 4246/4246
f 4246/4246 4248/4248 4249/4249
f 4221/4221 4220/4220 4250/4250
f 4250/4250 4251/4251 4221/4221
f 4220/4220 4219/4219 4252/4252
f 4252/4252 4250/4250 4220/4220
f 4253/4253 4251/4251 4250/4250
f 4250/4250 4252/4252 4253/4253
f 4163/4163 4254/4254 4255/4255
f 4255/4255 4256/4256 4163/4163
f 4254/4254 4257/4257 4258/4258
f 4258/4258 4255/4255 4254/4254
f 4259/4259 4256/4256 4255/4255
f 4255/4255 4258/4258 4259/4259
f 4260/4260 4261/4261 4262/4262
f 4262/4262 4263/4263 4260/4260
f 4261/4261 4148/4148 4264/4264
f 4264/4264 4262/4262 4261/4261
f 4259/4259 4263/4263 4262/4262
f 4262/4262 4264/4264 4259/4259
f 4257/4257 4265/4265 4266/4266
f 4266/4266 4258/4258 4257/4257
f 4265/4265 4267/4267 4268/4268
f 4268/4268 4266/4266 4265/4265
f 4259/4259 4258/4258 4266/4266
f 4266/4266 4268/4268 4259/4259
f 4148/4148 4164/4164 4269/4269
f 4269/4269 4264/4264 4148/4148
f 4164/4164 4163/4163 4256/4256
f 4256/4256 4269/4269 4164/4164
f 4259/4259 4264/4264 4269/4269
f 4269/4269 4256/4256 4259/4259
f 4270/4270 4271/4271 4272/4272
f 4272/4272 4273/4273 4270/4270
f 4271/4271 4260/4260 4263/4263
f 4263/4263 4272/4272 4271/4271
f 4259/4259 4273/4273 4272/4272
f 4272/4272 4263/4263 4259/4259
f 4267/4267 4274/4274 4275/4275
f 4275/4275 4268/4268 4267/4267
f 4274/4274 4270/4270 4273/4273
f 4273/4273 4275/4275 4274/4274
f 4259/4259 4268/4268 4275/4275
f 4275/4275 4273/4273 4259/4259
g GlassAlpha
usemtl GlassAlpha
v 0.00102 0.03800 -0.00000
v -0.00095 0.03801 0.00000
v -0.00091 0.03801 0.00039
v -0.00293 0.03813 0.00079
v -0.00300 0.03813 0.00000
v -0.00508 0.03848 0.00122
v -0.00520 0.03848 0.00000
v -0.00746 0.03915 0.00169
v -0.00762 0.03915 0.00000
v -0.01012 0.04027 0.00222
v -0.01034 0.04027 0.00000
v -0.01679 0.04349 0.00355
v -0.01714 0.04349 -0.00000
v -0.02090 0.04557 0.00437
v -0.02133 0.04557 -0.00000
v -0.02331 0.04708 0.00485
v -0.02379 0.04708 0.00000
v -0.02487 0.04862 0.00516
v -0.02538 0.04862 0.00000
v -0.02643 0.05078 0.00547
v -0.02697 0.05078 0.00000
v -0.02794 0.05429 0.00576
v -0.02850 0.05429 0.00000
v -0.02889 0.05912 0.00595
v -0.02948 0.05912 0.00000
v -0.02950 0.06480 0.00608
v -0.03010 0.06480 0.00000
v -0.02995 0.07085 0.00617
v -0.03056 0.07085 0.00000
v -0.03045 0.07679 0.00627
v -0.03107 0.07679 0.00000
v -0.03235 0.10788 0.00664
v -0.03300 0.10788 0.00000
v -0.03457 0.14106 0.00708
v -0.03526 0.14106 0.00000
v -0.03561 0.14106 0.00729
v -0.03632 0.14106 0.00000
v -0.03370 0.10788 0.00691
v -0.03438 0.10788 0.00000
v -0.03193 0.07679 0.00656
v -0.03258 0.07679 0.00000
v -0.03137 0.07070 0.00645
v -0.03201 0.07070 0.00000
v -0.03087 0.06454 0.00635
v -0.03150 0.06454 0.00000
v -0.03015 0.05857 0.00620
v -0.03076 0.05857 0.00000
v -0.02892 0.05309 0.00596
v -0.02951 0.05309 0.00000
v -0.02692 0.04837 0.00556
v -0.02746 0.04837 0.00000
v -0.02283 0.04434 0.00475
v -0.02330 0.04434 0.00000
v -0.01686 0.04081 0.00356
v -0.01721 0.04081 0.00000
v -0.01095 0.03789 0.00239
v -0.01118 0.03789 0.00000
v -0.00703 0.03570 0.00161
v -0.00719 0.03570 0.00000
v -0.00705 0.03435 0.00161
v -0.00721 0.03435 0.00000
v -0.00941 0.03383 0.00208
v -0.00961 0.03383 0.00000
v -0.01244 0.03266 0.00268
v -0.01270 0.03266 0.00000
v -0.01544 0.03077 0.00328
v -0.01576 0.03077 0.00000
v -0.01772 0.02811 0.00373
v -0.01809 0.02811 0.00000
v -0.01858 0.02458 0.00390
v -0.01897 0.02458 0.00000
v -0.01776 0.02100 0.00374
v -0.01813 0.02100 0.00000
v -0.01578 0.01816 0.00335
v -0.01611 0.01816 0.00000
v -0.01313 0.01603 0.00282
v -0.01341 0.01603 0.00000
v -0.01031 0.01455 0.00226
v -0.01053 0.01455 0.00000
v -0.00779 0.01369 0.00176
v -0.00797 0.01369 -0.00000
v -0.00785 0.01267 0.00177
v -0.00802 0.01267 -0.00000
v -0.01165 0.01127 0.00252
v -0.01190 0.01127 -0.00000
v -0.01734 0.00967 0.00366
v -0.01770 0.00967 -0.00000
v -0.02308 0.00803 0.00480
v -0.02355 0.00803 -0.00000
v -0.02702 0.00654 0.00558
v -0.02757 0.00654 -0.00000
v -0.02917 0.00519 0.00601
v -0.02976 0.00519 -0.00000
v -0.03075 0.00387 0.00633
v -0.03138 0.00387 -0.00000
v -0.03177 0.00257 0.00653
v -0.03241 0.00257 -0.00000
v -0.03222 0.00130 0.00662
v -0.03287 0.00130 -0.00000
v -0.03211 0.00006 0.00659
v -0.03276 0.00006 -0.00000
v 0.00105 0.00000 0.00000
v 0.00102 0.03800 -0.00000
v -0.00080 0.03801 0.00077
v -0.00270 0.03813 0.00155
v -0.00473 0.03848 0.00239
v -0.00696 0.03915 0.00332
v -0.00947 0.04027 0.00436
v -0.01576 0.04349 0.00696
v -0.01963 0.04557 0.00856
v -0.02190 0.04708 0.00950
v -0.02337 0.04862 0.01011
v -0.02484 0.05078 0.01072
v -0.02625 0.05429 0.01131
v -0.02715 0.05912 0.01168
v -0.02772 0.06480 0.01192
v -0.02815 0.07085 0.01209
v -0.02862 0.07679 0.01229
v -0.03041 0.10788 0.01303
v -0.03250 0.14106 0.01389
v -0.03348 0.14106 0.01430
v -0.03168 0.10788 0.01356
v -0.03002 0.07679 0.01287
v -0.02949 0.07070 0.01265
v -0.02902 0.06454 0.01245
v -0.02834 0.05857 0.01217
v -0.02718 0.05309 0.01169
v -0.02529 0.04837 0.01091
v -0.02145 0.04434 0.00932
v -0.01582 0.04081 0.00699
v -0.01025 0.03789 0.00468
v -0.00656 0.03570 0.00315
v -0.00658 0.03435 0.00316
v -0.00880 0.03383 0.00408
v -0.01165 0.03266 0.00526
v -0.01448 0.03077 0.00643
v -0.01663 0.02811 0.00732
v -0.01744 0.02458 0.00766
v -0.01667 0.02100 0.00734
v -0.01481 0.01816 0.00657
v -0.01231 0.01603 0.00553
v -0.00965 0.01455 0.00443
v -0.00728 0.01369 0.00345
v -0.00733 0.01267 0.00347
v -0.01091 0.01127 0.00495
v -0.01627 0.00967 0.00717
v -0.02168 0.00803 0.00941
v -0.02539 0.00654 0.01095
v -0.02742 0.00519 0.01179
v -0.02891 0.00387 0.01241
v -0.02987 0.00257 0.01280
v -0.03029 0.00130 0.01298
v -0.03018 0.00006 0.01294
v 0.00105 0.00000 0.00000
v 0.00102 0.03800 -0.00000
v -0.00062 0.03801 0.00111
v -0.00232 0.03813 0.00225
v -0.00415 0.03848 0.00347
v -0.00616 0.03915 0.00482
v -0.00842 0.04027 0.00633
v -0.01408 0.04349 0.01010
v -0.01756 0.04557 0.01243
v -0.01960 0.04708 0.01380
v -0.02093 0.04862 0.01468
v -0.02225 0.05078 0.01556
v -0.02352 0.05429 0.01642
v -0.02433 0.05912 0.01696
v -0.02485 0.06480 0.01730
v -0.02523 0.07085 0.01756
v -0.02566 0.07679 0.01784
v -0.02726 0.10788 0.01891
v -0.02914 0.14106 0.02017
v -0.03003 0.14106 0.02076
v -0.02841 0.10788 0.01968
v -0.02691 0.07679 0.01868
v -0.02644 0.07070 0.01836
v -0.02601 0.06454 0.01808
v -0.02540 0.05857 0.01767
v -0.02436 0.05309 0.01697
v -0.02266 0.04837 0.01584
v -0.01920 0.04434 0.01353
v -0.01414 0.04081 0.01015
v -0.00912 0.03789 0.00679
v -0.00580 0.03570 0.00457
v -0.00582 0.03435 0.00459
v -0.00782 0.03383 0.00592
v -0.01038 0.03266 0.00764
v -0.01293 0.03077 0.00934
v -0.01486 0.02811 0.01063
v -0.01559 0.02458 0.01112
v -0.01490 0.02100 0.01065
v -0.01322 0.01816 0.00953
v -0.01098 0.01603 0.00803
v -0.00858 0.01455 0.00643
v -0.00645 0.01369 0.00501
v -0.00650 0.01267 0.00504
v -0.00971 0.01127 0.00719
v -0.01454 0.00967 0.01041
v -0.01941 0.00803 0.01367
v -0.02275 0.00654 0.01590
v -0.02457 0.00519 0.01712
v -0.02591 0.00387 0.01801
v -0.02677 0.00257 0.01859
v -0.02716 0.00130 0.01884
v -0.02706 0.00006 0.01878
v 0.00105 0.00000 0.00000
v 0.00102 0.03800 -0.00000
v -0.00037 0.03801 0.00141
v -0.00182 0.03813 0.00286
v -0.00337 0.03848 0.00442
v -0.00508 0.03915 0.00613
v -0.00700 0.04027 0.00805
v -0.01181 0.04349 0.01286
v -0.01478 0.04557 0.01583
v -0.01652 0.04708 0.01756
v -0.01764 0.04862 0.01869
v -0.01876 0.05078 0.01981
v -0.01985 0.05429 0.02089
v -0.02054 0.05912 0.02158
v -0.02097 0.06480 0.02202
v -0.02130 0.07085 0.02235
v -0.02166 0.07679 0.02271
v -0.02303 0.10788 0.02407
v -0.02463 0.14106 0.02567
v -0.02538 0.14106 0.02643
v -0.02400 0.10788 0.02505
v -0.02273 0.07679 0.02377
v -0.02233 0.07070 0.02337
v -0.02196 0.06454 0.02301
v -0.02144 0.05857 0.02249
v -0.02056 0.05309 0.02160
v -0.01911 0.04837 0.02016
v -0.01617 0.04434 0.01722
v -0.01187 0.04081 0.01291
v -0.00760 0.03789 0.00865
v -0.00478 0.03570 0.00582
v -0.00479 0.03435 0.00584
v -0.00649 0.03383 0.00754
v -0.00867 0.03266 0.00972
v -0.01084 0.03077 0.01189
v -0.01248 0.02811 0.01353
v -0.01311 0.02458 0.01415
v -0.01251 0.02100 0.01356
v -0.01109 0.01816 0.01213
v -0.00918 0.01603 0.01022
v -0.00714 0.01455 0.00819
v -0.00533 0.01369 0.00637
v -0.00537 0.01267 0.00641
v -0.00811 0.01127 0.00915
v -0.01221 0.00967 0.01325
v -0.01635 0.00803 0.01739
v -0.01919 0.00654 0.02024
v -0.02074 0.00519 0.02179
v -0.02188 0.00387 0.02293
v -0.02261 0.00257 0.02366
v -0.02294 0.00130 0.02398
v -0.02286 0.00006 0.02390
v 0.00105 0.00000 0.00000
v 0.00102 0.03800 -0.00000
v -0.00006 0.03801 0.00166
v -0.00120 0.03813 0.00337
v -0.00243 0.03848 0.00520
v -0.00377 0.03915 0.00721
v -0.00528 0.04027 0.00947
v -0.00906 0.04349 0.01512
v -0.01139 0.04557 0.01861
v -0.01275 0.04708 0.02065
v -0.01364 0.04862 0.02197
v -0.01452 0.05078 0.02329
v -0.01537 0.05429 0.02457
v -0.01591 0.05912 0.02538
v -0.01625 0.06480 0.02589
v -0.01651 0.07085 0.02628
v -0.01680 0.07679 0.02670
v -0.01787 0.10788 0.02831
v -0.01913 0.14106 0.03019
v -0.01972 0.14106 0.03107
v -0.01863 0.10788 0.02945
v -0.01763 0.07679 0.02796
v -0.01732 0.07070 0.02748
v -0.01703 0.06454 0.02706
v -0.01662 0.05857 0.02644
v -0.01593 0.05309 0.02540
v -0.01479 0.04837 0.02370
v -0.01248 0.04434 0.02024
v -0.00910 0.04081 0.01518
v -0.00575 0.03789 0.01017
v -0.00353 0.03570 0.00685
v -0.00354 0.03435 0.00686
v -0.00488 0.03383 0.00886
v -0.00659 0.03266 0.01143
v -0.00829 0.03077 0.01398
v -0.00958 0.02811 0.01591
v -0.01007 0.02458 0.01664
v -0.00961 0.02100 0.01594
v -0.00849 0.01816 0.01427
v -0.00699 0.01603 0.01202
v -0.00539 0.01455 0.00963
v -0.00396 0.01369 0.00749
v -0.00399 0.01267 0.00754
v -0.00614 0.01127 0.01076
v -0.00937 0.00967 0.01559
v -0.01262 0.00803 0.02045
v -0.01485 0.00654 0.02380
v -0.01607 0.00519 0.02562
v -0.01697 0.00387 0.02696
v -0.01754 0.00257 0.02782
v -0.01780 0.00130 0.02820
v -0.01773 0.00006 0.02811
v 0.00105 0.00000 0.00000
v 0.00102 0.03800 -0.00000
v 0.00028 0.03801 0.00185
v -0.00050 0.03813 0.00374
v -0.00134 0.03848 0.00577
v -0.00227 0.03915 0.00801
v -0.00331 0.04027 0.01052
v -0.00591 0.04349 0.01680
v -0.00752 0.04557 0.02068
v -0.00846 0.04708 0.02295
v -0.00907 0.04862 0.02441
v -0.00968 0.05078 0.02588
v -0.01026 0.05429 0.02730
v -0.01063 0.05912 0.02820
v -0.01087 0.06480 0.02877
v -0.01105 0.07085 0.02920
v -0.01124 0.07679 0.02967
v -0.01198 0.10788 0.03145
v -0.01285 0.14106 0.03355
v -0.01326 0.14106 0.03453
v -0.01251 0.10788 0.03273
v -0.01182 0.07679 0.03106
v -0.01160 0.07070 0.03054
v -0.01141 0.06454 0.03007
v -0.01112 0.05857 0.02938
v -0.01065 0.05309 0.02823
v -0.00986 0.04837 0.02634
v -0.00827 0.04434 0.02250
v -0.00594 0.04081 0.01687
v -0.00363 0.03789 0.01130
v -0.00210 0.03570 0.00761
v -0.00211 0.03435 0.00763
v -0.00303 0.03383 0.00985
v -0.00421 0.03266 0.01270
v -0.00539 0.03077 0.01553
v -0.00628 0.02811 0.01768
v -0.00661 0.02458 0.01849
v -0.00629 0.02100 0.01772
v -0.00552 0.01816 0.01585
v -0.00449 0.01603 0.01336
v -0.00338 0.01455 0.01070
v -0.00240 0.01369 0.00833
v -0.00243 0.01267 0.00838
v -0.00391 0.01127 0.01196
v -0.00613 0.00967 0.01732
v -0.00837 0.00803 0.02272
v -0.00991 0.00654 0.02644
v -0.01074 0.00519 0.02846
v -0.01136 0.00387 0.02996
v -0.01176 0.00257 0.03091
v -0.01193 0.00130 0.03134
v -0.01189 0.00006 0.03123
v 0.00105 0.00000 0.00000
v 0.00102 0.03800 -0.00000
v 0.00066 0.03801 0.00196
v 0.00026 0.03813 0.00397
v -0.00017 0.03848 0.00613
v -0.00065 0.03915 0.00850
v -0.00118 0.04027 0.01117
v -0.00250 0.04349 0.01784
v -0.00332 0.04557 0.02195
v -0.00380 0.04708 0.02436
v -0.00411 0.04862 0.02592
v -0.00442 0.05078 0.02748
v -0.00472 0.05429 0.02898
v -0.00491 0.05912 0.02994
v -0.00503 0.06480 0.03054
v -0.00512 0.07085 0.03100
v -0.00522 0.07679 0.03150
v -0.00560 0.10788 0.03339
v -0.00604 0.14106 0.03561
v -0.00624 0.14106 0.03665
v -0.00586 0.10788 0.03474
v -0.00551 0.07679 0.03298
v -0.00540 0.07070 0.03242
v -0.00530 0.06454 0.03192
v -0.00516 0.05857 0.03119
v -0.00491 0.05309 0.02997
v -0.00452 0.04837 0.02796
v -0.00370 0.04434 0.02388
v -0.00252 0.04081 0.01791
v -0.00134 0.03789 0.01199
v -0.00056 0.03570 0.00807
v -0.00056 0.03435 0.00810
v -0.00103 0.03383 0.01045
v -0.00164 0.03266 0.01348
v -0.00223 0.03077 0.01649
v -0.00269 0.02811 0.01877
v -0.00286 0.02458 0.01963
v -0.00269 0.02100 0.01881
v -0.00230 0.01816 0.01683
v -0.00177 0.01603 0.01418
v -0.00121 0.01455 0.01135
v -0.00071 0.01369 0.00884
v -0.00072 0.01267 0.00890
v -0.00148 0.01127 0.01269
v -0.00261 0.00967 0.01838
v -0.00375 0.00803 0.02412
v -0.00454 0.00654 0.02807
v -0.00496 0.00519 0.03022
v -0.00528 0.00387 0.03180
v -0.00548 0.00257 0.03282
v -0.00557 0.00130 0.03327
v -0.00555 0.00006 0.03315
v 0.00105 0.00000 0.00000
v 0.00102 0.03800 -0.00000
v 0.00105 0.03801 0.00200
v 0.00105 0.03813 0.00405
v 0.00105 0.03848 0.00625
v 0.00105 0.03915 0.00867
v 0.00105 0.04027 0.01139
v 0.00105 0.04349 0.01819
v 0.00105 0.04557 0.02238
v 0.00105 0.04708 0.02484
v 0.00105 0.04862 0.02643
v 0.00105 0.05078 0.02802
v 0.00105 0.05429 0.02955
v 0.00105 0.05912 0.03052
v 0.00105 0.06480 0.03114
v 0.00105 0.07085 0.03160
v 0.00105 0.07679 0.03212
v 0.00105 0.10788 0.03405
v 0.00105 0.14106 0.03631
v 0.00105 0.14106 0.03737
v 0.00105 0.10788 0.03542
v 0.00105 0.07679 0.03362
v 0.00105 0.07070 0.03305
v 0.00105 0.06454 0.03254
v 0.00105 0.05857 0.03180
v 0.00105 0.05309 0.03055
v 0.00105 0.04837 0.02851
v 0.00105 0.04434 0.02435
v 0.00105 0.04081 0.01826
v 0.00105 0.03789 0.01223
v 0.00105 0.03570 0.00823
v 0.00105 0.03435 0.00826
v 0.00105 0.03383 0.01066
v 0.00105 0.03266 0.01375
v 0.00105 0.03077 0.01681
v 0.00105 0.02811 0.01913
v 0.00105 0.02458 0.02001
v 0.00105 0.02100 0.01918
v 0.00105 0.01816 0.01716
v 0.00105 0.01603 0.01446
v 0.00105 0.01455 0.01158
v 0.00105 0.01369 0.00901
v 0.00105 0.01267 0.00907
v 0.00105 0.01127 0.01294
v 0.00105 0.00967 0.01874
v 0.00105 0.00803 0.02460
v 0.00105 0.00654 0.02862
v 0.00105 0.00519 0.03081
v 0.00105 0.00387 0.03242
v 0.00105 0.00257 0.03346
v 0.00105 0.00130 0.03392
v 0.00105 0.00006 0.03380
v 0.00105 0.00000 0.00000
v 0.00102 0.03800 -0.00000
v 0.00144 0.03801 0.00196
v 0.00184 0.03813 0.00397
v 0.00227 0.03848 0.00613
v 0.00274 0.03915 0.00850
v 0.00327 0.04027 0.01117
v 0.00459 0.04349 0.01784
v 0.00541 0.04557 0.02195
v 0.00589 0.04708 0.02436
v 0.00620 0.04862 0.02592
v 0.00651 0.05078 0.02748
v 0.00681 0.05429 0.02898
v 0.00700 0.05912 0.02994
v 0.00712 0.06480 0.03054
v 0.00721 0.07085 0.03100
v 0.00731 0.07679 0.03150
v 0.00769 0.10788 0.03339
v 0.00813 0.14106 0.03561
v 0.00834 0.14106 0.03665
v 0.00796 0.10788 0.03474
v 0.00761 0.07679 0.03298
v 0.00749 0.07070 0.03242
v 0.00739 0.06454 0.03192
v 0.00725 0.05857 0.03119
v 0.00701 0.05309 0.02997
v 0.00661 0.04837 0.02796
v 0.00580 0.04434 0.02388
v 0.00461 0.04081 0.01791
v 0.00343 0.03789 0.01199
v 0.00265 0.03570 0.00807
v 0.00266 0.03435 0.00810
v 0.00313 0.03383 0.01045
v 0.00373 0.03266 0.01348
v 0.00433 0.03077 0.01649
v 0.00478 0.02811 0.01877
v 0.00495 0.02458 0.01963
v 0.00479 0.02100 0.01881
v 0.00439 0.01816 0.01683
v 0.00387 0.01603 0.01418
v 0.00330 0.01455 0.01135
v 0.00280 0.01369 0.00884
v 0.00282 0.01267 0.00890
v 0.00357 0.01127 0.01269
v 0.00470 0.00967 0.01838
v 0.00584 0.00803 0.02412
v 0.00663 0.00654 0.02807
v 0.00706 0.00519 0.03022
v 0.00737 0.00387 0.03180
v 0.00757 0.00257 0.03282
v 0.00766 0.00130 0.03327
v 0.00764 0.00006 0.03315
v 0.00105 0.00000 0.00000
v 0.00102 0.03800 -0.00000
v 0.00181 0.03801 0.00185
v 0.00260 0.03813 0.00374
v 0.00344 0.03848 0.00577
v 0.00436 0.03915 0.00801
v 0.00540 0.04027 0.01052
v 0.00801 0.04349 0.01680
v 0.00961 0.04557 0.02068
v 0.01055 0.04708 0.02295
v 0.01116 0.04862 0.02441
v 0.01177 0.05078 0.02588
v 0.01235 0.05429 0.02730
v 0.01273 0.05912 0.02820
v 0.01296 0.06480 0.02877
v 0.01314 0.07085 0.02920
v 0.01334 0.07679 0.02967
v 0.01407 0.10788 0.03145
v 0.01494 0.14106 0.03355
v 0.01535 0.14106 0.03453
v 0.01460 0.10788 0.03273
v 0.01391 0.07679 0.03106
v 0.01370 0.07070 0.03054
v 0.01350 0.06454 0.03007
v 0.01322 0.05857 0.02938
v 0.01274 0.05309 0.02823
v 0.01196 0.04837 0.02634
v 0.01036 0.04434 0.02250
v 0.00803 0.04081 0.01687
v 0.00573 0.03789 0.01130
v 0.00420 0.03570 0.00761
v 0.00421 0.03435 0.00763
v 0.00513 0.03383 0.00985
v 0.00631 0.03266 0.01270
v 0.00748 0.03077 0.01553
v 0.00837 0.02811 0.01768
v 0.00870 0.02458 0.01849
v 0.00838 0.02100 0.01772
v 0.00761 0.01816 0.01585
v 0.00658 0.01603 0.01336
v 0.00548 0.01455 0.01070
v 0.00449 0.01369 0.00833
v 0.00452 0.01267 0.00838
v 0.00600 0.01127 0.01196
v 0.00822 0.00967 0.01732
v 0.01046 0.00803 0.02272
v 0.01200 0.00654 0.02644
v 0.01284 0.00519 0.02846
v 0.01345 0.00387 0.02996
v 0.01385 0.00257 0.03091
v 0.01403 0.00130 0.03134
v 0.01398 0.00006 0.03123
v 0.00105 0.00000 0.00000
v 0.00102 0.03800 -0.00000
v 0.00216 0.03801 0.00166
v 0.00330 0.03813 0.00337
v 0.00452 0.03848 0.00520
v 0.00586 0.03915 0.00721
v 0.00737 0.04027 0.00947
v 0.01115 0.04349 0.01512
v 0.01348 0.04557 0.01861
v 0.01484 0.04708 0.02065
v 0.01573 0.04862 0.02197
v 0.01661 0.05078 0.02329
v 0.01746 0.05429 0.02457
v 0.01800 0.05912 0.02538
v 0.01835 0.06480 0.02589
v 0.01860 0.07085 0.02628
v 0.01889 0.07679 0.02670
v 0.01996 0.10788 0.02831
v 0.02122 0.14106 0.03019
v 0.02181 0.14106 0.03107
v 0.02073 0.10788 0.02945
v 0.01973 0.07679 0.02796
v 0.01941 0.07070 0.02748
v 0.01913 0.06454 0.02706
v 0.01872 0.05857 0.02644
v 0.01802 0.05309 0.02540
v 0.01688 0.04837 0.02370
v 0.01457 0.04434 0.02024
v 0.01119 0.04081 0.01518
v 0.00784 0.03789 0.01017
v 0.00562 0.03570 0.00685
v 0.00563 0.03435 0.00686
v 0.00697 0.03383 0.00886
v 0.00868 0.03266 0.01143
v 0.01038 0.03077 0.01398
v 0.01168 0.02811 0.01591
v 0.01216 0.02458 0.01664
v 0.01170 0.02100 0.01594
v 0.01058 0.01816 0.01427
v 0.00908 0.01603 0.01202
v 0.00748 0.01455 0.00963
v 0.00605 0.01369 0.00749
v 0.00609 0.01267 0.00754
v 0.00824 0.01127 0.01076
v 0.01146 0.00967 0.01559
v 0.01471 0.00803 0.02045
v 0.01695 0.00654 0.02380
v 0.01816 0.00519 0.02562
v 0.01906 0.00387 0.02696
v 0.01964 0.00257 0.02782
v 0.01989 0.00130 0.02820
v 0.01983 0.00006 0.02811
v 0.00105 0.00000 0.00000
v 0.00102 0.03800 -0.00000
v 0.00246 0.03801 0.00141
v 0.00391 0.03813 0.00286
v 0.00546 0.03848 0.00442
v 0.00718 0.03915 0.00613
v 0.00910 0.04027 0.00805
v 0.01391 0.04349 0.01286
v 0.01687 0.04557 0.01583
v 0.01861 0.04708 0.01756
v 0.01973 0.04862 0.01869
v 0.02086 0.05078 0.01981
v 0.02194 0.05429 0.02089
v 0.02263 0.05912 0.02158
v 0.02307 0.06480 0.02202
v 0.02339 0.07085 0.02235
v 0.02376 0.07679 0.02271
v 0.02512 0.10788 0.02407
v 0.02672 0.14106 0.02567
v 0.02747 0.14106 0.02643
v 0.02610 0.10788 0.02505
v 0.02482 0.07679 0.02377
v 0.02442 0.07070 0.02337
v 0.02406 0.06454 0.02301
v 0.02353 0.05857 0.02249
v 0.02265 0.05309 0.02160
v 0.02121 0.04837 0.02016
v 0.01826 0.04434 0.01722
v 0.01396 0.04081 0.01291
v 0.00969 0.03789 0.00865
v 0.00687 0.03570 0.00582
v 0.00688 0.03435 0.00584
v 0.00858 0.03383 0.00754
v 0.01077 0.03266 0.00972
v 0.01293 0.03077 0.01189
v 0.01458 0.02811 0.01353
v 0.01520 0.02458 0.01415
v 0.01461 0.02100 0.01356
v 0.01318 0.01816 0.01213
v 0.01127 0.01603 0.01022
v 0.00923 0.01455 0.00819
v 0.00742 0.01369 0.00637
v 0.00746 0.01267 0.00641
v 0.01020 0.01127 0.00915
v 0.01430 0.00967 0.01325
v 0.01844 0.00803 0.01739
v 0.02128 0.00654 0.02024
v 0.02283 0.00519 0.02179
v 0.02397 0.00387 0.02293
v 0.02471 0.00257 0.02366
v 0.02503 0.00130 0.02399
v 0.02495 0.00006 0.02390
v 0.00105 0.00000 0.00000
v 0.00102 0.03800 -0.00000
v 0.00271 0.03801 0.00111
v 0.00441 0.03813 0.00225
v 0.00624 0.03848 0.00347
v 0.00825 0.03915 0.00482
v 0.01051 0.04027 0.00633
v 0.01617 0.04349 0.01010
v 0.01965 0.04557 0.01243
v 0.02170 0.04708 0.01380
v 0.02302 0.04862 0.01468
v 0.02434 0.05078 0.01556
v 0.02562 0.05429 0.01642
v 0.02643 0.05912 0.01696
v 0.02694 0.06480 0.01730
v 0.02732 0.07085 0.01756
v 0.02775 0.07679 0.01784
v 0.02935 0.10788 0.01891
v 0.03124 0.14106 0.02017
v 0.03212 0.14106 0.02076
v 0.03050 0.10788 0.01968
v 0.02900 0.07679 0.01868
v 0.02853 0.07070 0.01836
v 0.02810 0.06454 0.01808
v 0.02749 0.05857 0.01767
v 0.02645 0.05309 0.01697
v 0.02475 0.04837 0.01584
v 0.02129 0.04434 0.01353
v 0.01623 0.04081 0.01015
v 0.01121 0.03789 0.00679
v 0.00789 0.03570 0.00457
v 0.00791 0.03435 0.00459
v 0.00991 0.03383 0.00592
v 0.01248 0.03266 0.00764
v 0.01502 0.03077 0.00934
v 0.01695 0.02811 0.01063
v 0.01769 0.02458 0.01112
v 0.01699 0.02100 0.01065
v 0.01531 0.01816 0.00953
v 0.01307 0.01603 0.00803
v 0.01067 0.01455 0.00643
v 0.00854 0.01369 0.00501
v 0.00859 0.01267 0.00504
v 0.01181 0.01127 0.00719
v 0.01663 0.00967 0.01041
v 0.02150 0.00803 0.01367
v 0.02484 0.00654 0.01590
v 0.02666 0.00519 0.01712
v 0.02800 0.00387 0.01801
v 0.02887 0.00257 0.01859
v 0.02925 0.00130 0.01884
v 0.02915 0.00006 0.01878
v 0.00105 0.00000 0.00000
v 0.00102 0.03800 -0.00000
v 0.00289 0.03801 0.00077
v 0.00479 0.03813 0.00155
v 0.00682 0.03848 0.00239
v 0.00906 0.03915 0.00332
v 0.01157 0.04027 0.00436
v 0.01785 0.04349 0.00696
v 0.02172 0.04557 0.00856
v 0.02399 0.04708 0.00950
v 0.02546 0.04862 0.01011
v 0.02693 0.05078 0.01072
v 0.02835 0.05429 0.01131
v 0.02925 0.05912 0.01168
v 0.02982 0.06480 0.01192
v 0.03024 0.07085 0.01209
v 0.03072 0.07679 0.01229
v 0.03250 0.10788 0.01303
v 0.03459 0.14106 0.01389
v 0.03557 0.14106 0.01430
v 0.03377 0.10788 0.01356
v 0.03211 0.07679 0.01287
v 0.03158 0.07070 0.01265
v 0.03111 0.06454 0.01245
v 0.03043 0.05857 0.01217
v 0.02927 0.05309 0.01169
v 0.02739 0.04837 0.01091
v 0.02354 0.04434 0.00932
v 0.01792 0.04081 0.00699
v 0.01234 0.03789 0.00468
v 0.00865 0.03570 0.00315
v 0.00867 0.03435 0.00316
v 0.01089 0.03383 0.00408
v 0.01375 0.03266 0.00526
v 0.01657 0.03077 0.00643
v 0.01872 0.02811 0.00732
v 0.01954 0.02458 0.00766
v 0.01876 0.02100 0.00734
v 0.01690 0.01816 0.00657
v 0.01440 0.01603 0.00553
v 0.01174 0.01455 0.00443
v 0.00937 0.01369 0.00345
v 0.00943 0.01267 0.00347
v 0.01300 0.01127 0.00495
v 0.01836 0.00967 0.00717
v 0.02377 0.00803 0.00941
v 0.02749 0.00654 0.01095
v 0.02951 0.00519 0.01179
v 0.03100 0.00387 0.01241
v 0.03196 0.00257 0.01280
v 0.03238 0.00130 0.01298
v 0.03228 0.00006 0.01294
v 0.00105 0.00000 0.00000
v 0.00102 0.03800 -0.00000
v 0.00301 0.03801 0.00039
v 0.00502 0.03813 0.00079
v 0.00717 0.03848 0.00122
v 0.00955 0.03915 0.00169
v 0.01221 0.04027 0.00222
v 0.01888 0.04349 0.00355
v 0.02300 0.04557 0.00437
v 0.02541 0.04708 0.00485
v 0.02696 0.04862 0.00516
v 0.02852 0.05078 0.00547
v 0.03003 0.05429 0.00576
v 0.03098 0.05912 0.00595
v 0.03159 0.06480 0.00608
v 0.03204 0.07085 0.00617
v 0.03254 0.07679 0.00627
v 0.03444 0.10788 0.00664
v 0.03666 0.14106 0.00708
v 0.03770 0.14106 0.00729
v 0.03579 0.10788 0.00691
v 0.03402 0.07679 0.00656
v 0.03346 0.07070 0.00645
v 0.03296 0.06454 0.00635
v 0.03224 0.05857 0.00620
v 0.03101 0.05309 0.00596
v 0.02901 0.04837 0.00556
v 0.02493 0.04434 0.00475
v 0.01896 0.04081 0.00356
v 0.01304 0.03789 0.00239
v 0.00912 0.03570 0.00161
v 0.00914 0.03435 0.00161
v 0.01150 0.03383 0.00208
v 0.01453 0.03266 0.00268
v 0.01753 0.03077 0.00328
v 0.01981 0.02811 0.00373
v 0.02067 0.02458 0.00390
v 0.01985 0.02100 0.00374
v 0.01787 0.01816 0.00335
v 0.01523 0.01603 0.00282
v 0.01240 0.01455 0.00226
v 0.00988 0.01369 0.00176
v 0.00994 0.01267 0.00177
v 0.01374 0.01127 0.00252
v 0.01943 0.00967 0.00366
v 0.02517 0.00803 0.00480
v 0.02911 0.00654 0.00558
v 0.03126 0.00519 0.00601
v 0.03285 0.00387 0.00633
v 0.03386 0.00257 0.00653
v 0.03431 0.00130 0.00662
v 0.03420 0.00006 0.00659
v 0.00105 0.00000 0.00000
v 0.00102 0.03800 -0.00000
v 0.00305 0.03801 0.00000
v 0.00510 0.03813 0.00000
v 0.00729 0.03848 0.00000
v 0.00971 0.03915 0.00000
v 0.01243 0.04027 0.00000
v 0.01923 0.04349 0.00000
v 0.02343 0.04557 0.00000
v 0.02588 0.04708 0.00000
v 0.02747 0.04862 0.00000
v 0.02906 0.05078 0.00000
v 0.03060 0.05429 0.00000
v 0.03157 0.05912 0.00000
v 0.03219 0.06480 0.00000
v 0.03265 0.07085 0.00000
v 0.03316 0.07679 0.00000
v 0.03509 0.10788 0.00000
v 0.03736 0.14106 -0.00000
v 0.03842 0.14106 -0.00000
v 0.03647 0.10788 0.00000
v 0.03467 0.07679 0.00000
v 0.03410 0.07070 0.00000
v 0.03359 0.06454 0.00000
v 0.03285 0.05857 0.00000
v 0.03160 0.05309 0.00000
v 0.02956 0.04837 0.00000
v 0.02539 0.04434 0.00000
v 0.01931 0.04081 0.00000
v 0.01327 0.03789 0.00000
v 0.00928 0.03570 0.00000
v 0.00930 0.03435 0.00000
v 0.01171 0.03383 0.00000
v 0.01479 0.03266 0.00000
v 0.01785 0.03077 0.00000
v 0.02018 0.02811 0.00000
v 0.02106 0.02458 0.00000
v 0.02022 0.02100 0.00000
v 0.01820 0.01816 0.00000
v 0.01550 0.01603 0.00000
v 0.01262 0.01455 0.00000
v 0.01006 0.01369 0.00000
v 0.01012 0.01267 0.00000
v 0.01399 0.01127 0.00000
v 0.01979 0.00967 0.00000
v 0.02564 0.00803 0.00000
v 0.02966 0.00654 0.00000
v 0.03186 0.00519 0.00000
v 0.03347 0.00387 0.00000
v 0.03451 0.00257 0.00000
v 0.03497 0.00130 0.00000
v 0.03485 0.00006 0.00000
v 0.00105 0.00000 0.00000
v 0.00102 0.03800 -0.00000
v 0.00301 0.03801 -0.00039
v 0.00502 0.03813 -0.00079
v 0.00717 0.03848 -0.00122
v 0.00955 0.03915 -0.00169
v 0.01221 0.04027 -0.00222
v 0.01888 0.04349 -0.00355
v 0.02300 0.04557 -0.00437
v 0.02541 0.04708 -0.00485
v 0.02696 0.04862 -0.00516
v 0.02852 0.05078 -0.00547
v 0.03003 0.05429 -0.00576
v 0.03098 0.05912 -0.00595
v 0.03159 0.06480 -0.00608
v 0.03204 0.07085 -0.00617
v 0.03254 0.07679 -0.00627
v 0.03444 0.10788 -0.00664
v 0.03666 0.14106 -0.00708
v 0.03770 0.14106 -0.00729
v 0.03579 0.10788 -0.00691
v 0.03402 0.07679 -0.00656
v 0.03346 0.07070 -0.00645
v 0.03296 0.06454 -0.00635
v 0.03224 0.05857 -0.00620
v 0.03101 0.05309 -0.00596
v 0.02901 0.04837 -0.00556
v 0.02493 0.04434 -0.00475
v 0.01896 0.04081 -0.00356
v 0.01304 0.03789 -0.00239
v 0.00912 0.03570 -0.00161
v 0.00914 0.03435 -0.00161
v 0.01150 0.03383 -0.00208
v 0.01453 0.03266 -0.00268
v 0.01753 0.03077 -0.00328
v 0.01981 0.02811 -0.00373
v 0.02067 0.02458 -0.00390
v 0.01985 0.02100 -0.00374
v 0.01787 0.01816 -0.00335
v 0.01523 0.01603 -0.00282
v 0.01240 0.01455 -0.00226
v 0.00988 0.01369 -0.00176
v 0.00994 0.01267 -0.00177
v 0.01374 0.01127 -0.00252
v 0.01943 0.00967 -0.00366
v 0.02517 0.00803 -0.00480
v 0.02911 0.00654 -0.00558
v 0.03126 0.00519 -0.00601
v 0.03285 0.00387 -0.00633
v 0.03386 0.00257 -0.00653
v 0.03431 0.00130 -0.00662
v 0.03420 0.00006 -0.00659
v 0.00105 0.00000 0.00000
v 0.00102 0.03800 -0.00000
v 0.00289 0.03801 -0.00077
v 0.00479 0.03813 -0.00155
v 0.00682 0.03848 -0.00239
v 0.00906 0.03915 -0.00332
v 0.01157 0.04027 -0.00436
v 0.01785 0.04349 -0.00696
v 0.02172 0.04557 -0.00856
v 0.02399 0.04708 -0.00950
v 0.02546 0.04862 -0.01011
v 0.02693 0.05078 -0.01072
v 0.02835 0.05429 -0.01131
v 0.02925 0.05912 -0.01168
v 0.02982 0.06480 -0.01192
v 0.03024 0.07085 -0.01209
v 0.03072 0.07679 -0.01229
v 0.03250 0.10788 -0.01303
v 0.03459 0.14106 -0.01389
v 0.03557 0.14106 -0.01430
v 0.03377 0.10788 -0.01356
v 0.03211 0.07679 -0.01287
v 0.03158 0.07070 -0.01265
v 0.03111 0.06454 -0.01245
v 0.03043 0.05857 -0.01217
v 0.02927 0.05309 -0.01169
v 0.02739 0.04837 -0.01091
v 0.02354 0.04434 -0.00932
v 0.01792 0.04081 -0.00699
v 0.01234 0.03789 -0.00468
v 0.00865 0.03570 -0.00315
v 0.00867 0.03435 -0.00316
v 0.01089 0.03383 -0.00408
v 0.01375 0.03266 -0.00526
v 0.01657 0.03077 -0.00643
v 0.01872 0.02811 -0.00732
v 0.01954 0.02458 -0.00766
v 0.01876 0.02100 -0.00734
v 0.01690 0.01816 -0.00657
v 0.01440 0.01603 -0.00553
v 0.01174 0.01455 -0.00443
v 0.00937 0.01369 -0.00345
v 0.00943 0.01267 -0.00347
v 0.01300 0.01127 -0.00495
v 0.01836 0.00967 -0.00717
v 0.02377 0.00803 -0.00941
v 0.02749 0.00654 -0.01095
v 0.02951 0.00519 -0.01179
v 0.03100 0.00387 -0.01241
v 0.03196 0.00257 -0.01280
v 0.03238 0.00130 -0.01298
v 0.03228 0.00006 -0.01294
v 0.00105 0.00000 0.00000
v 0.00102 0.03800 -0.00000
v 0.00271 0.03801 -0.00111
v 0.00441 0.03813 -0.00225
v 0.00624 0.03848 -0.00347
v 0.00825 0.03915 -0.00482
v 0.01051 0.04027 -0.00633
v 0.01617 0.04349 -0.01010
v 0.01965 0.04557 -0.01243
v 0.02170 0.04708 -0.01380
v 0.02302 0.04862 -0.01468
v 0.02434 0.05078 -0.01556
v 0.02562 0.05429 -0.01642
v 0.02643 0.05912 -0.01696
v 0.02694 0.06480 -0.01730
v 0.02732 0.07085 -0.01756
v 0.02775 0.07679 -0.01784
v 0.02935 0.10788 -0.01891
v 0.03124 0.14106 -0.02017
v 0.03212 0.14106 -0.02076
v 0.03050 0.10788 -0.01968
v 0.02900 0.07679 -0.01868
v 0.02853 0.07070 -0.01836
v 0.02810 0.06454 -0.01808
v 0.02749 0.05857 -0.01767
v 0.02645 0.05309 -0.01697
v 0.02475 0.04837 -0.01584
v 0.02129 0.04434 -0.01353
v 0.01623 0.04081 -0.01015
v 0.01121 0.03789 -0.00679
v 0.00789 0.03570 -0.00457
v 0.00791 0.03435 -0.00459
v 0.00991 0.03383 -0.00592
v 0.01248 0.03266 -0.00764
v 0.01502 0.03077 -0.00934
v 0.01695 0.02811 -0.01063
v 0.01769 0.02458 -0.01112
v 0.01699 0.02100 -0.01065
v 0.01531 0.01816 -0.00953
v 0.01307 0.01603 -0.00803
v 0.01067 0.01455 -0.00643
v 0.00854 0.01369 -0.00501
v 0.00859 0.01267 -0.00504
v 0.01181 0.01127 -0.00719
v 0.01663 0.00967 -0.01041
v 0.02150 0.00803 -0.01367
v 0.02484 0.00654 -0.01590
v 0.02666 0.00519 -0.01712
v 0.02801 0.00387 -0.01801
v 0.02887 0.00257 -0.01859
v 0.02925 0.00130 -0.01884
v 0.02915 0.00006 -0.01878
v 0.00105 0.00000 0.00000
v 0.00102 0.03800 -0.00000
v 0.00246 0.03801 -0.00141
v 0.00391 0.03813 -0.00286
v 0.00546 0.03848 -0.00442
v 0.00718 0.03915 -0.00613
v 0.00910 0.04027 -0.00805
v 0.01391 0.04349 -0.01286
v 0.01687 0.04557 -0.01583
v 0.01861 0.04708 -0.01756
v 0.01973 0.04862 -0.01869
v 0.02086 0.05078 -0.01981
v 0.02194 0.05429 -0.02089
v 0.02263 0.05912 -0.02158
v 0.02307 0.06480 -0.02202
v 0.02339 0.07085 -0.02235
v 0.02376 0.07679 -0.02271
v 0.02512 0.10788 -0.02407
v 0.02672 0.14106 -0.02567
v 0.02747 0.14106 -0.02643
v 0.02610 0.10788 -0.02505
v 0.02482 0.07679 -0.02377
v 0.02442 0.07070 -0.02337
v 0.02406 0.06454 -0.02301
v 0.02353 0.05857 -0.02249
v 0.02265 0.05309 -0.02160
v 0.02121 0.04837 -0.02016
v 0.01826 0.04434 -0.01722
v 0.01396 0.04081 -0.01291
v 0.00969 0.03789 -0.00865
v 0.00687 0.03570 -0.00582
v 0.00688 0.03435 -0.00584
v 0.00858 0.03383 -0.00754
v 0.01077 0.03266 -0.00972
v 0.01293 0.03077 -0.01189
v 0.01458 0.02811 -0.01353
v 0.01520 0.02458 -0.01415
v 0.01461 0.02100 -0.01356
v 0.01318 0.01816 -0.01213
v 0.01127 0.01603 -0.01022
v 0.00923 0.01455 -0.00819
v 0.00742 0.01369 -0.00637
v 0.00746 0.01267 -0.00641
v 0.01020 0.01127 -0.00915
v 0.01430 0.00967 -0.01325
v 0.01844 0.00803 -0.01739
v 0.02128 0.00654 -0.02024
v 0.02283 0.00519 -0.02179
v 0.02397 0.00387 -0.02293
v 0.02471 0.00257 -0.02366
v 0.02503 0.00130 -0.02398
v 0.02495 0.00006 -0.02390
v 0.00105 0.00000 0.00000
v 0.00102 0.03800 -0.00000
v 0.00216 0.03801 -0.00166
v 0.00330 0.03813 -0.00337
v 0.00452 0.03848 -0.00520
v 0.00586 0.03915 -0.00721
v 0.00737 0.04027 -0.00947
v 0.01115 0.04349 -0.01512
v 0.01348 0.04557 -0.01861
v 0.01484 0.04708 -0.02065
v 0.01573 0.04862 -0.02197
v 0.01661 0.05078 -0.02329
v 0.01746 0.05429 -0.02457
v 0.01800 0.05912 -0.02538
v 0.01835 0.06480 -0.02589
v 0.01860 0.07085 -0.02628
v 0.01889 0.07679 -0.02670
v 0.01996 0.10788 -0.02831
v 0.02122 0.14106 -0.03019
v 0.02181 0.14106 -0.03107
v 0.02073 0.10788 -0.02945
v 0.01973 0.07679 -0.02796
v 0.01941 0.07070 -0.02748
v 0.01913 0.06454 -0.02706
v 0.01872 0.05857 -0.02644
v 0.01802 0.05309 -0.02540
v 0.01688 0.04837 -0.02370
v 0.01457 0.04434 -0.02024
v 0.01119 0.04081 -0.01518
v 0.00784 0.03789 -0.01017
v 0.00562 0.03570 -0.00685
v 0.00563 0.03435 -0.00686
v 0.00697 0.03383 -0.00886
v 0.00868 0.03266 -0.01143
v 0.01038 0.03077 -0.01398
v 0.01168 0.02811 -0.01591
v 0.01216 0.02458 -0.01664
v 0.01170 0.02100 -0.01594
v 0.01058 0.01816 -0.01427
v 0.00908 0.01603 -0.01202
v 0.00748 0.01455 -0.00963
v 0.00605 0.01369 -0.00749
v 0.00609 0.01267 -0.00754
v 0.00824 0.01127 -0.01076
v 0.01146 0.00967 -0.01559
v 0.01471 0.00803 -0.02045
v 0.01695 0.00654 -0.02380
v 0.01816 0.00519 -0.02562
v 0.01906 0.00387 -0.02696
v 0.01964 0.00257 -0.02782
v 0.01989 0.00130 -0.02820
v 0.01983 0.00006 -0.02811
v 0.00105 0.00000 0.00000
v 0.00102 0.03800 -0.00000
v 0.00181 0.03801 -0.00185
v 0.00260 0.03813 -0.00374
v 0.00344 0.03848 -0.00577
v 0.00436 0.03915 -0.00801
v 0.00540 0.04027 -0.01052
v 0.00801 0.04349 -0.01680
v 0.00961 0.04557 -0.02068
v 0.01055 0.04708 -0.02295
v 0.01116 0.04862 -0.02441
v 0.01177 0.05078 -0.02588
v 0.01235 0.05429 -0.02730
v 0.01273 0.05912 -0.02820
v 0.01296 0.06480 -0.02877
v 0.01314 0.07085 -0.02920
v 0.01334 0.07679 -0.02967
v 0.01407 0.10788 -0.03145
v 0.01494 0.14106 -0.03355
v 0.01535 0.14106 -0.03453
v 0.01460 0.10788 -0.03273
v 0.01391 0.07679 -0.03106
v 0.01370 0.07070 -0.03054
v 0.01350 0.06454 -0.03007
v 0.01322 0.05857 -0.02938
v 0.01274 0.05309 -0.02823
v 0.01196 0.04837 -0.02634
v 0.01036 0.04434 -0.02250
v 0.00803 0.04081 -0.01687
v 0.00573 0.03789 -0.01130
v 0.00420 0.03570 -0.00761
v 0.00421 0.03435 -0.00763
v 0.00513 0.03383 -0.00985
v 0.00631 0.03266 -0.01270
v 0.00748 0.03077 -0.01553
v 0.00837 0.02811 -0.01768
v 0.00870 0.02458 -0.01849
v 0.00838 0.02100 -0.01772
v 0.00761 0.01816 -0.01585
v 0.00658 0.01603 -0.01336
v 0.00548 0.01455 -0.01070
v 0.00449 0.01369 -0.00833
v 0.00452 0.01267 -0.00838
v 0.00600 0.01127 -0.01196
v 0.00822 0.00967 -0.01732
v 0.01046 0.00803 -0.02272
v 0.01200 0.00654 -0.02644
v 0.01284 0.00519 -0.02846
v 0.01345 0.00387 -0.02996
v 0.01385 0.00257 -0.03091
v 0.01403 0.00130 -0.03134
v 0.01398 0.00006 -0.03123
v 0.00105 0.00000 0.00000
v 0.00102 0.03800 -0.00000
v 0.00144 0.03801 -0.00196
v 0.00184 0.03813 -0.00397
v 0.00227 0.03848 -0.00613
v 0.00274 0.03915 -0.00850
v 0.00327 0.04027 -0.01117
v 0.00459 0.04349 -0.01784
v 0.00541 0.04557 -0.02195
v 0.00589 0.04708 -0.02436
v 0.00620 0.04862 -0.02592
v 0.00651 0.05078 -0.02748
v 0.00681 0.05429 -0.02898
v 0.00700 0.05912 -0.02994
v 0.00712 0.06480 -0.03054
v 0.00721 0.07085 -0.03100
v 0.00731 0.07679 -0.03150
v 0.00769 0.10788 -0.03339
v 0.00813 0.14106 -0.03561
v 0.00834 0.14106 -0.03665
v 0.00796 0.10788 -0.03474
v 0.00761 0.07679 -0.03298
v 0.00749 0.07070 -0.03242
v 0.00739 0.06454 -0.03192
v 0.00725 0.05857 -0.03119
v 0.00701 0.05309 -0.02997
v 0.00661 0.04837 -0.02796
v 0.00580 0.04434 -0.02388
v 0.00461 0.04081 -0.01791
v 0.00343 0.03789 -0.01199
v 0.00265 0.03570 -0.00807
v 0.00266 0.03435 -0.00810
v 0.00313 0.03383 -0.01045
v 0.00373 0.03266 -0.01348
v 0.00433 0.03077 -0.01649
v 0.00478 0.02811 -0.01877
v 0.00495 0.02458 -0.01963
v 0.00479 0.02100 -0.01881
v 0.00439 0.01816 -0.01683
v 0.00387 0.01603 -0.01418
v 0.00330 0.01455 -0.01135
v 0.00280 0.01369 -0.00884
v 0.00282 0.01267 -0.00890
v 0.00357 0.01127 -0.01269
v 0.00470 0.00967 -0.01838
v 0.00584 0.00803 -0.02412
v 0.00663 0.00654 -0.02807
v 0.00706 0.00519 -0.03022
v 0.00737 0.00387 -0.03180
v 0.00757 0.00257 -0.03282
v 0.00766 0.00130 -0.03327
v 0.00764 0.00006 -0.03315
v 0.00105 0.00000 0.00000
v 0.00102 0.03800 -0.00000
v 0.00105 0.03801 -0.00200
v 0.00105 0.03813 -0.00405
v 0.00105 0.03848 -0.00625
v 0.00105 0.03915 -0.00867
v 0.00105 0.04027 -0.01139
v 0.00105 0.04349 -0.01819
v 0.00105 0.04557 -0.02238
v 0.00105 0.04708 -0.02484
v 0.00105 0.04862 -0.02643
v 0.00105 0.05078 -0.02802
v 0.00105 0.05429 -0.02955
v 0.00105 0.05912 -0.03052
v 0.00105 0.06480 -0.03114
v 0.00105 0.07085 -0.03160
v 0.00105 0.07679 -0.03212
v 0.00105 0.10788 -0.03405
v 0.00105 0.14106 -0.03631
v 0.00105 0.14106 -0.03737
v 0.00105 0.10788 -0.03542
v 0.00105 0.07679 -0.03362
v 0.00105 0.07070 -0.03305
v 0.00105 0.06454 -0.03254
v 0.00105 0.05857 -0.03180
v 0.00105 0.05309 -0.03055
v 0.00105 0.04837 -0.02851
v 0.00105 0.04434 -0.02435
v 0.00105 0.04081 -0.01826
v 0.00105 0.03789 -0.01223
v 0.00105 0.03570 -0.00823
v 0.00105 0.03435 -0.00826
v 0.00105 0.03383 -0.01066
v 0.00105 0.03266 -0.01375
v 0.00105 0.03077 -0.01681
v 0.00105 0.02811 -0.01913
v 0.00105 0.02458 -0.02001
v 0.00105 0.02100 -0.01918
v 0.00105 0.01816 -0.01716
v 0.00105 0.01603 -0.01446
v 0.00105 0.01455 -0.01158
v 0.00105 0.01369 -0.00901
v 0.00105 0.01267 -0.00907
v 0.00105 0.01127 -0.01294
v 0.00105 0.00967 -0.01874
v 0.00105 0.00803 -0.02460
v 0.00105 0.00654 -0.02862
v 0.00105 0.00519 -0.03081
v 0.00105 0.00387 -0.03242
v 0.00105 0.00257 -0.03346
v 0.00105 0.00130 -0.03392
v 0.00105 0.00006 -0.03380
v 0.00105 0.00000 0.00000
v 0.00102 0.03800 -0.00000
v 0.00066 0.03801 -0.00196
v 0.00026 0.03813 -0.00397
v -0.00017 0.03848 -0.00613
v -0.00065 0.03915 -0.00850
v -0.00118 0.04027 -0.01117
v -0.00250 0.04349 -0.01784
v -0.00332 0.04557 -0.02195
v -0.00380 0.04708 -0.02436
v -0.00411 0.04862 -0.02592
v -0.00442 0.05078 -0.02748
v -0.00472 0.05429 -0.02898
v -0.00491 0.05912 -0.02994
v -0.00503 0.06480 -0.03054
v -0.00512 0.07085 -0.03100
v -0.00522 0.07679 -0.03150
v -0.00560 0.10788 -0.03339
v -0.00604 0.14106 -0.03561
v -0.00624 0.14106 -0.03665
v -0.00586 0.10788 -0.03474
v -0.00551 0.07679 -0.03298
v -0.00540 0.07070 -0.03242
v -0.00530 0.06454 -0.03192
v -0.00516 0.05857 -0.03119
v -0.00491 0.05309 -0.02997
v -0.00452 0.04837 -0.02796
v -0.00370 0.04434 -0.02388
v -0.00252 0.04081 -0.01791
v -0.00134 0.03789 -0.01199
v -0.00056 0.03570 -0.00807
v -0.00056 0.03435 -0.00810
v -0.00103 0.03383 -0.01045
v -0.00164 0.03266 -0.01348
v -0.00223 0.03077 -0.01649
v -0.00269 0.02811 -0.01877
v -0.00286 0.02458 -0.01963
v -0.00269 0.02100 -0.01881
v -0.00230 0.01816 -0.01683
v -0.00177 0.01603 -0.01418
v -0.00121 0.01455 -0.01135
v -0.00071 0.01369 -0.00884
v -0.00072 0.01267 -0.00890
v -0.00148 0.01127 -0.01269
v -0.00261 0.00967 -0.01838
v -0.00375 0.00803 -0.02412
v -0.00454 0.00654 -0.02807
v -0.00496 0.00519 -0.03022
v -0.00528 0.00387 -0.03180
v -0.00548 0.00257 -0.03282
v -0.00557 0.00130 -0.03327
v -0.00555 0.00006 -0.03315
v 0.00105 0.00000 0.00000
v 0.00102 0.03800 -0.00000
v 0.00028 0.03801 -0.00185
v -0.00050 0.03813 -0.00374
v -0.00134 0.03848 -0.00577
v -0.00227 0.03915 -0.00801
v -0.00331 0.04027 -0.01052
v -0.00591 0.04349 -0.01680
v -0.00752 0.04557 -0.02068
v -0.00846 0.04708 -0.02295
v -0.00907 0.04862 -0.02441
v -0.00968 0.05078 -0.02588
v -0.01026 0.05429 -0.02730
v -0.01063 0.05912 -0.02820
v -0.01087 0.06480 -0.02877
v -0.01105 0.07085 -0.02920
v -0.01124 0.07679 -0.02967
v -0.01198 0.10788 -0.03145
v -0.01285 0.14106 -0.03355
v -0.01326 0.14106 -0.03453
v -0.01251 0.10788 -0.03273
v -0.01182 0.07679 -0.03106
v -0.01160 0.07070 -0.03054
v -0.01141 0.06454 -0.03007
v -0.01112 0.05857 -0.02938
v -0.01065 0.05309 -0.02823
v -0.00986 0.04837 -0.02634
v -0.00827 0.04434 -0.02249
v -0.00594 0.04081 -0.01687
v -0.00363 0.03789 -0.01130
v -0.00210 0.03570 -0.00761
v -0.00211 0.03435 -0.00763
v -0.00303 0.03383 -0.00985
v -0.00421 0.03266 -0.01270
v -0.00539 0.03077 -0.01553
v -0.00628 0.02811 -0.01768
v -0.00661 0.02458 -0.01849
v -0.00629 0.02100 -0.01772
v -0.00552 0.01816 -0.01585
v -0.00449 0.01603 -0.01336
v -0.00338 0.01455 -0.01070
v -0.00240 0.01369 -0.00833
v -0.00243 0.01267 -0.00838
v -0.00391 0.01127 -0.01196
v -0.00613 0.00967 -0.01732
v -0.00837 0.00803 -0.02272
v -0.00991 0.00654 -0.02644
v -0.01074 0.00519 -0.02846
v -0.01136 0.00387 -0.02996
v -0.01176 0.00257 -0.03091
v -0.01193 0.00130 -0.03134
v -0.01189 0.00006 -0.03123
v 0.00105 0.00000 0.00000
v 0.00102 0.03800 -0.00000
v -0.00006 0.03801 -0.00166
v -0.00120 0.03813 -0.00337
v -0.00243 0.03848 -0.00520
v -0.00377 0.03915 -0.00721
v -0.00528 0.04027 -0.00947
v -0.00906 0.04349 -0.01512
v -0.01139 0.04557 -0.01861
v -0.01275 0.04708 -0.02065
v -0.01364 0.04862 -0.02197
v -0.01452 0.05078 -0.02329
v -0.01537 0.05429 -0.02457
v -0.01591 0.05912 -0.02538
v -0.01625 0.06480 -0.02589
v -0.01651 0.07085 -0.02628
v -0.01680 0.07679 -0.02670
v -0.01787 0.10788 -0.02831
v -0.01913 0.14106 -0.03019
v -0.01972 0.14106 -0.03107
v -0.01863 0.10788 -0.02945
v -0.01763 0.07679 -0.02796
v -0.01732 0.07070 -0.02748
v -0.01703 0.06454 -0.02706
v -0.01662 0.05857 -0.02644
v -0.01593 0.05309 -0.02540
v -0.01479 0.04837 -0.02370
v -0.01248 0.04434 -0.02024
v -0.00910 0.04081 -0.01518
v -0.00575 0.03789 -0.01017
v -0.00353 0.03570 -0.00685
v -0.00354 0.03435 -0.00686
v -0.00488 0.03383 -0.00886
v -0.00659 0.03266 -0.01143
v -0.00829 0.03077 -0.01398
v -0.00958 0.02811 -0.01591
v -0.01007 0.02458 -0.01664
v -0.00961 0.02100 -0.01594
v -0.00849 0.01816 -0.01427
v -0.00699 0.01603 -0.01202
v -0.00539 0.01455 -0.00963
v -0.00396 0.01369 -0.00749
v -0.00399 0.01267 -0.00754
v -0.00614 0.01127 -0.01076
v -0.00937 0.00967 -0.01559
v -0.01262 0.00803 -0.02045
v -0.01485 0.00654 -0.02380
v -0.01607 0.00519 -0.02562
v -0.01697 0.00387 -0.02696
v -0.01754 0.00257 -0.02782
v -0.01780 0.00130 -0.02820
v -0.01773 0.00006 -0.02811
v 0.00105 0.00000 0.00000
v 0.00102 0.03800 -0.00000
v -0.00037 0.03801 -0.00141
v -0.00182 0.03813 -0.00286
v -0.00337 0.03848 -0.00442
v -0.00508 0.03915 -0.00613
v -0.00700 0.04027 -0.00805
v -0.01181 0.04349 -0.01286
v -0.01478 0.04557 -0.01583
v -0.01652 0.04708 -0.01756
v -0.01764 0.04862 -0.01869
v -0.01876 0.05078 -0.01981
v -0.01985 0.05429 -0.02089
v -0.02054 0.05912 -0.02158
v -0.02097 0.06480 -0.02202
v -0.02130 0.07085 -0.02235
v -0.02166 0.07679 -0.02271
v -0.02303 0.10788 -0.02407
v -0.02463 0.14106 -0.02567
v -0.02538 0.14106 -0.02643
v -0.02400 0.10788 -0.02505
v -0.02273 0.07679 -0.02377
v -0.02233 0.07070 -0.02337
v -0.02196 0.06454 -0.02301
v -0.02144 0.05857 -0.02249
v -0.02056 0.05309 -0.02160
v -0.01911 0.04837 -0.02016
v -0.01617 0.04434 -0.01722
v -0.01187 0.04081 -0.01291
v -0.00760 0.03789 -0.00865
v -0.00478 0.03570 -0.00582
v -0.00479 0.03435 -0.00584
v -0.00649 0.03383 -0.00754
v -0.00867 0.03266 -0.00972
v -0.01084 0.03077 -0.01189
v -0.01248 0.02811 -0.01353
v -0.01311 0.02458 -0.01415
v -0.01251 0.02100 -0.01356
v -0.01109 0.01816 -0.01213
v -0.00918 0.01603 -0.01022
v -0.00714 0.01455 -0.00819
v -0.00533 0.01369 -0.00637
v -0.00537 0.01267 -0.00641
v -0.00811 0.01127 -0.00915
v -0.01221 0.00967 -0.01325
v -0.01635 0.00803 -0.01739
v -0.01919 0.00654 -0.02024
v -0.02074 0.00519 -0.02179
v -0.02188 0.00387 -0.02293
v -0.02261 0.00257 -0.02366
v -0.02294 0.00130 -0.02398
v -0.02286 0.00006 -0.02390
v 0.00105 0.00000 0.00000
v 0.00102 0.03800 -0.00000
v -0.00062 0.03801 -0.00111
v -0.00232 0.03813 -0.00225
v -0.00415 0.03848 -0.00347
v -0.00616 0.03915 -0.00482
v -0.00842 0.04027 -0.00633
v -0.01408 0.04349 -0.01010
v -0.01756 0.04557 -0.01243
v -0.01960 0.04708 -0.01380
v -0.02093 0.04862 -0.01468
v -0.02225 0.05078 -0.01556
v -0.02352 0.05429 -0.01642
v -0.02433 0.05912 -0.01696
v -0.02485 0.06480 -0.01730
v -0.02523 0.07085 -0.01756
v -0.02566 0.07679 -0.01784
v -0.02726 0.10788 -0.01891
v -0.02914 0.14106 -0.02017
v -0.03003 0.14106 -0.02076
v -0.02841 0.10788 -0.01968
v -0.02691 0.07679 -0.01868
v -0.02644 0.07070 -0.01836
v -0.02601 0.06454 -0.01808
v -0.02540 0.05857 -0.01767
v -0.02436 0.05309 -0.01697
v -0.02266 0.04837 -0.01584
v -0.01920 0.04434 -0.01353
v -0.01414 0.04081 -0.01015
v -0.00912 0.03789 -0.00679
v -0.00580 0.03570 -0.00457
v -0.00582 0.03435 -0.00459
v -0.00782 0.03383 -0.00592
v -0.01038 0.03266 -0.00764
v -0.01293 0.03077 -0.00934
v -0.01486 0.02811 -0.01063
v -0.01559 0.02458 -0.01112
v -0.01490 0.02100 -0.01065
v -0.01322 0.01816 -0.00953
v -0.01098 0.01603 -0.00803
v -0.00858 0.01455 -0.00643
v -0.00645 0.01369 -0.00501
v -0.00650 0.01267 -0.00504
v -0.00971 0.01127 -0.00719
v -0.01454 0.00967 -0.01041
v -0.01941 0.00803 -0.01367
v -0.02275 0.00654 -0.01590
v -0.02457 0.00519 -0.01712
v -0.02591 0.00387 -0.01801
v -0.02677 0.00257 -0.01859
v -0.02716 0.00130 -0.01884
v -0.02706 0.00006 -0.01878
v 0.00105 0.00000 0.00000
v 0.00102 0.03800 -0.00000
v -0.00080 0.03801 -0.00077
v -0.00270 0.03813 -0.00155
v -0.00473 0.03848 -0.00239
v -0.00696 0.03915 -0.00332
v -0.00947 0.04027 -0.00436
v -0.01576 0.04349 -0.00696
v -0.01963 0.04557 -0.00856
v -0.02190 0.04708 -0.00950
v -0.02337 0.04862 -0.01011
v -0.02484 0.05078 -0.01072
v -0.02625 0.05429 -0.01131
v -0.02715 0.05912 -0.01168
v -0.02772 0.06480 -0.01192
v -0.02815 0.07085 -0.01209
v -0.02862 0.07679 -0.01229
v -0.03041 0.10788 -0.01303
v -0.03250 0.14106 -0.01389
v -0.03348 0.14106 -0.01430
v -0.03168 0.10788 -0.01356
v -0.03002 0.07679 -0.01287
v -0.02949 0.07070 -0.01265
v -0.02902 0.06454 -0.01245
v -0.02834 0.05857 -0.01217
v -0.02718 0.05309 -0.01169
v -0.02529 0.04837 -0.01091
v -0.02145 0.04434 -0.00932
v -0.01582 0.04081 -0.00699
v -0.01025 0.03789 -0.00468
v -0.00656 0.03570 -0.00315
v -0.00658 0.03435 -0.00316
v -0.00880 0.03383 -0.00408
v -0.01165 0.03266 -0.00526
v -0.01448 0.03077 -0.00643
v -0.01663 0.02811 -0.00732
v -0.01744 0.02458 -0.00766
v -0.01667 0.02100 -0.00734
v -0.01481 0.01816 -0.00657
v -0.01231 0.01603 -0.00553
v -0.00965 0.01455 -0.00443
v -0.00728 0.01369 -0.00345
v -0.00733 0.01267 -0.00347
v -0.01091 0.01127 -0.00495
v -0.01627 0.00967 -0.00717
v -0.02168 0.00803 -0.00941
v -0.02539 0.00654 -0.01095
v -0.02742 0.00519 -0.01179
v -0.02891 0.00387 -0.01241
v -0.02987 0.00257 -0.01280
v -0.03029 0.00130 -0.01298
v -0.03018 0.00006 -0.01294
v 0.00105 0.00000 0.00000
v 0.00102 0.03800 -0.00000
v -0.00091 0.03801 -0.00039
v -0.00293 0.03813 -0.00079
v -0.00508 0.03848 -0.00122
v -0.00746 0.03915 -0.00169
v -0.01012 0.04027 -0.00222
v -0.01679 0.04349 -0.00355
v -0.02090 0.04557 -0.00437
v -0.02331 0.04708 -0.00485
v -0.02487 0.04862 -0.00516
v -0.02643 0.05078 -0.00547
v -0.02794 0.05429 -0.00576
v -0.02889 0.05912 -0.00595
v -0.02950 0.06480 -0.00608
v -0.02995 0.07085 -0.00617
v -0.03045 0.07679 -0.00627
v -0.03235 0.10788 -0.00664
v -0.03457 0.14106 -0.00708
v -0.03561 0.14106 -0.00729
v -0.03370 0.10788 -0.00691
v -0.03193 0.07679 -0.00656
v -0.03137 0.07070 -0.00645
v -0.03087 0.06454 -0.00635
v -0.03015 0.05857 -0.00620
v -0.02892 0.05309 -0.00596
v -0.02692 0.04837 -0.00556
v -0.02283 0.04434 -0.00475
v -0.01686 0.04081 -0.00356
v -0.01095 0.03789 -0.00239
v -0.00703 0.03570 -0.00161
v -0.00705 0.03435 -0.00161
v -0.00941 0.03383 -0.00208
v -0.01244 0.03266 -0.00268
v -0.01544 0.03077 -0.00328
v -0.01772 0.02811 -0.00373
v -0.01858 0.02458 -0.00390
v -0.01776 0.02100 -0.00374
v -0.01578 0.01816 -0.00335
v -0.01313 0.01603 -0.00282
v -0.01031 0.01455 -0.00226
v -0.00779 0.01369 -0.00176
v -0.00785 0.01267 -0.00177
v -0.01165 0.01127 -0.00252
v -0.01734 0.00967 -0.00366
v -0.02308 0.00803 -0.00480
v -0.02702 0.00654 -0.00558
v -0.02917 0.00519 -0.00601
v -0.03075 0.00387 -0.00633
v -0.03177 0.00257 -0.00653
v -0.03222 0.00130 -0.00662
v -0.03211 0.00006 -0.00659
v 0.00105 0.00000 0.00000
v 0.00102 0.03800 -0.00000
v -0.00095 0.03801 0.00000
v -0.00300 0.03813 0.00000
v -0.00520 0.03848 0.00000
v -0.00762 0.03915 0.00000
v -0.01034 0.04027 0.00000
v -0.01714 0.04349 -0.00000
v -0.02133 0.04557 -0.00000
v -0.02379 0.04708 0.00000
v -0.02538 0.04862 0.00000
v -0.02697 0.05078 0.00000
v -0.02850 0.05429 0.00000
v -0.02948 0.05912 0.00000
v -0.03010 0.06480 0.00000
v -0.03056 0.07085 0.00000
v -0.03107 0.07679 0.00000
v -0.03300 0.10788 0.00000
v -0.03526 0.14106 0.00000
v -0.03632 0.14106 0.00000
v -0.03438 0.10788 0.00000
v -0.03258 0.07679 0.00000
v -0.03201 0.07070 0.00000
v -0.03150 0.06454 0.00000
v -0.03076 0.05857 0.00000
v -0.02951 0.05309 0.00000
v -0.02746 0.04837 0.00000
v -0.02330 0.04434 0.00000
v -0.01721 0.04081 0.00000
v -0.01118 0.03789 0.00000
v -0.00719 0.03570 0.00000
v -0.00721 0.03435 0.00000
v -0.00961 0.03383 0.00000
v -0.01270 0.03266 0.00000
v -0.01576 0.03077 0.00000
v -0.01809 0.02811 0.00000
v -0.01897 0.02458 0.00000
v -0.01813 0.02100 0.00000
v -0.01611 0.01816 0.00000
v -0.01341 0.01603 0.00000
v -0.01053 0.01455 0.00000
v -0.00797 0.01369 -0.00000
v -0.00802 0.01267 -0.00000
v -0.01190 0.01127 -0.00000
v -0.01770 0.00967 -0.00000
v -0.02355 0.00803 -0.00000
v -0.02757 0.00654 -0.00000
v -0.02976 0.00519 -0.00000
v -0.03138 0.00387 -0.00000
v -0.03241 0.00257 -0.00000
v -0.03287 0.00130 -0.00000
v -0.03276 0.00006 -0.00000
v 0.00105 0.00000 0.00000
vt 0.00000 1.00000
vt 0.00000 0.99419
vt 0.03125 0.99419
vt 0.03125 0.98814
vt 0.00000 0.98814
vt 0.03125 0.98159
vt 0.00000 0.98159
vt 0.03125 0.97420
vt 0.00000 0.97420
vt 0.03125 0.96556
vt 0.00000 0.96556
vt 0.03125 0.94341
vt 0.00000 0.94341
vt 0.03125 0.92965
vt 0.00000 0.92965
vt 0.03125 0.92117
vt 0.00000 0.92117
vt 0.03125 0.91465
vt 0.00000 0.91465
vt 0.03125 0.90675
vt 0.00000 0.90675
vt 0.03125 0.89550
vt 0.00000 0.89550
vt 0.03125 0.88099
vt 0.00000 0.88099
vt 0.03125 0.86417
vt 0.00000 0.86417
vt 0.03125 0.84632
vt 0.00000 0.84632
vt 0.03125 0.82880
vt 0.00000 0.82880
vt 0.03125 0.73714
vt 0.00000 0.73714
vt 0.03125 0.63929
vt 0.00000 0.63929
vt 0.03125 0.63617
vt 0.00000 0.63617
vt 0.03125 0.53837
vt 0.00000 0.53837
vt 0.03125 0.44674
vt 0.00000 0.44674
vt 0.03125 0.42875
vt 0.00000 0.42875
vt 0.03125 0.41055
vt 0.00000 0.41055
vt 0.03125 0.39287
vt 0.00000 0.39287
vt 0.03125 0.37633
vt 0.00000 0.37633
vt 0.03125 0.36120
vt 0.00000 0.36120
vt 0.03125 0.34415
vt 0.00000 0.34415
vt 0.03125 0.32345
vt 0.00000 0.32345
vt 0.03125 0.30374
vt -0.00000 0.30374
vt 0.03125 0.29033
vt -0.00000 0.29033
vt 0.03125 0.28636
vt -0.00000 0.28636
vt 0.03125 0.27912
vt -0.00000 0.27912
vt 0.03125 0.26940
vt -0.00000 0.26940
vt 0.03125 0.25883
vt -0.00000 0.25883
vt 0.03125 0.24842
vt -0.00000 0.24842
vt 0.03125 0.23774
vt -0.00000 0.23774
vt 0.03125 0.22691
vt -0.00000 0.22691
vt 0.03125 0.21666
vt -0.00000 0.21666
vt 0.03125 0.20654
vt -0.00000 0.20654
vt 0.03125 0.19701
vt -0.00000 0.19701
vt 0.03125 0.18905
vt -0.00000 0.18905
vt 0.03125 0.18603
vt -0.00000 0.18603
vt 0.03125 0.17392
vt -0.00000 0.17392
vt 0.03125 0.15621
vt -0.00000 0.15621
vt 0.03125 0.13833
vt -0.00000 0.13833
vt 0.03125 0.12571
vt -0.00000 0.12571
vt 0.03125 0.11814
vt -0.00000 0.11814
vt 0.03125 0.11200
vt -0.00000 0.11200
vt 0.03125 0.10712
vt -0.00000 0.10712
vt 0.03125 0.10314
vt -0.00000 0.10314
vt 0.03125 0.09947
vt -0.00000 0.09947
vt 0.03125 0.00000
vt 0.03125 1.00000
vt 0.06250 0.99419
vt 0.06250 0.98814
vt 0.06250 0.98159
vt 0.06250 0.97420
vt 0.06250 0.96556
vt 0.06250 0.94341
vt 0.06250 0.92965
vt 0.06250 0.92117
vt 0.06250 0.91465
vt 0.06250 0.90675
vt 0.06250 0.89550
vt 0.06250 0.88099
vt 0.06250 0.86417
vt 0.06250 0.84632
vt 0.06250 0.82880
vt 0.06250 0.73714
vt 0.06250 0.63929
vt 0.06250 0.63617
vt 0.06250 0.53837
vt 0.06250 0.44674
vt 0.06250 0.42875
vt 0.06250 0.41055
vt 0.06250 0.39287
vt 0.06250 0.37633
vt 0.06250 0.36120
vt 0.06250 0.34415
vt 0.06250 0.32345
vt 0.06250 0.30374
vt 0.06250 0.29033
vt 0.06250 0.28636
vt 0.06250 0.27912
vt 0.06250 0.26940
vt 0.06250 0.25883
vt 0.06250 0.24842
vt 0.06250 0.23774
vt 0.06250 0.22691
vt 0.06250 0.21666
vt 0.06250 0.20654
vt 0.06250 0.19701
vt 0.06250 0.18905
vt 0.06250 0.18603
vt 0.06250 0.17392
vt 0.06250 0.15621
vt 0.06250 0.13833
vt 0.06250 0.12571
vt 0.06250 0.11814
vt 0.06250 0.11200
vt 0.06250 0.10712
vt 0.06250 0.10314
vt 0.06250 0.09947
vt 0.06250 0.00000
vt 0.06250 1.00000
vt 0.09375 0.99419
vt 0.09375 0.98814
vt 0.09375 0.98159
vt 0.09375 0.97420
vt 0.09375 0.96556
vt 0.09375 0.94341
vt 0.09375 0.92965
vt 0.09375 0.92117
vt 0.09375 0.91465
vt 0.09375 0.90675
vt 0.09375 0.89550
vt 0.09375 0.88099
vt 0.09375 0.86417
vt 0.09375 0.84632
vt 0.09375 0.82880
vt 0.09375 0.73714
vt 0.09375 0.63929
vt 0.09375 0.63617
vt 0.09375 0.53837
vt 0.09375 0.44674
vt 0.09375 0.42875
vt 0.09375 0.41055
vt 0.09375 0.39287
vt 0.09375 0.37633
vt 0.09375 0.36120
vt 0.09375 0.34415
vt 0.09375 0.32345
vt 0.09375 0.30374
vt 0.09375 0.29033
vt 0.09375 0.28636
vt 0.09375 0.27912
vt 0.09375 0.26940
vt 0.09375 0.25883
vt 0.09375 0.24842
vt 0.09375 0.23774
vt 0.09375 0.22691
vt 0.09375 0.21666
vt 0.09375 0.20654
vt 0.09375 0.19701
vt 0.09375 0.18905
vt 0.09375 0.18603
vt 0.09375 0.17392
vt 0.09375 0.15621
vt 0.09375 0.13833
vt 0.09375 0.12571
vt 0.09375 0.11814
vt 0.09375 0.11200
vt 0.09375 0.10712
vt 0.09375 0.10314
vt 0.09375 0.09947
vt 0.09375 0.00000
vt 0.09375 1.00000
vt 0.12500 0.99419
vt 0.12500 0.98814
vt 0.12500 0.98159
vt 0.12500 0.97420
vt 0.12500 0.96556
vt 0.12500 0.94341
vt 0.12500 0.92965
vt 0.12500 0.92117
vt 0.12500 0.91465
vt 0.12500 0.90675
vt 0.12500 0.89550
vt 0.12500 0.88099
vt 0.12500 0.86417
vt 0.12500 0.84632
vt 0.12500 0.82880
vt 0.12500 0.73714
vt 0.12500 0.63929
vt 0.12500 0.63617
vt 0.12500 0.53837
vt 0.12500 0.44674
vt 0.12500 0.42875
vt 0.12500 0.41055
vt 0.12500 0.39287
vt 0.12500 0.37633
vt 0.12500 0.36120
vt 0.12500 0.34415
vt 0.12500 0.32345
vt 0.12500 0.30374
vt 0.12500 0.29033
vt 0.12500 0.28636
vt 0.12500 0.27912
vt 0.12500 0.26940
vt 0.12500 0.25883
vt 0.12500 0.24842
vt 0.12500 0.23774
vt 0.12500 0.22691
vt 0.12500 0.21666
vt 0.12500 0.20654
vt 0.12500 0.19701
vt 0.12500 0.18905
vt 0.12500 0.18603
vt 0.12500 0.17392
vt 0.12500 0.15621
vt 0.12500 0.13833
vt 0.12500 0.12571
vt 0.12500 0.11814
vt 0.12500 0.11200
vt 0.12500 0.10712
vt 0.12500 0.10314
vt 0.12500 0.09947
vt 0.12500 0.00000
vt 0.12500 1.00000
vt 0.15625 0.99419
vt 0.15625 0.98814
vt 0.15625 0.98159
vt 0.15625 0.97420
vt 0.15625 0.96556
vt 0.15625 0.94341
vt 0.15625 0.92965
vt 0.15625 0.92117
vt 0.15625 0.91465
vt 0.15625 0.90675
vt 0.15625 0.89550
vt 0.15625 0.88099
vt 0.15625 0.86417
vt 0.15625 0.84632
vt 0.15625 0.82880
vt 0.15625 0.73714
vt 0.15625 0.63929
vt 0.15625 0.63617
vt 0.15625 0.53837
vt 0.15625 0.44674
vt 0.15625 0.42875
vt 0.15625 0.41055
vt 0.15625 0.39287
vt 0.15625 0.37633
vt 0.15625 0.36120
vt 0.15625 0.34415
vt 0.15625 0.32345
vt 0.15625 0.30374
vt 0.15625 0.29033
vt 0.15625 0.28636
vt 0.15625 0.27912
vt 0.15625 0.26940
vt 0.15625 0.25883
vt 0.15625 0.24842
vt 0.15625 0.23774
vt 0.15625 0.22691
vt 0.15625 0.21666
vt 0.15625 0.20654
vt 0.15625 0.19701
vt 0.15625 0.18905
vt 0.15625 0.18603
vt 0.15625 0.17392
vt 0.15625 0.15621
vt 0.15625 0.13833
vt 0.15625 0.12571
vt 0.15625 0.11814
vt 0.15625 0.11200
vt 0.15625 0.10712
vt 0.15625 0.10314
vt 0.15625 0.09947
vt 0.15625 0.00000
vt 0.15625 1.00000
vt 0.18750 0.99419
vt 0.18750 0.98814
vt 0.18750 0.98159
vt 0.18750 0.97420
vt 0.18750 0.96556
vt 0.18750 0.94341
vt 0.18750 0.92965
vt 0.18750 0.92117
vt 0.18750 0.91465
vt 0.18750 0.90675
vt 0.18750 0.89550
vt 0.18750 0.88099
vt 0.18750 0.86417
vt 0.18750 0.84632
vt 0.18750 0.82880
vt 0.18750 0.73714
vt 0.18750 0.63929
vt 0.18750 0.63617
vt 0.18750 0.53837
vt 0.18750 0.44674
vt 0.18750 0.42875
vt 0.18750 0.41055
vt 0.18750 0.39287
vt 0.18750 0.37633
vt 0.18750 0.36120
vt 0.18750 0.34415
vt 0.18750 0.32345
vt 0.18750 0.30374
vt 0.18750 0.29033
vt 0.18750 0.28636
vt 0.18750 0.27912
vt 0.18750 0.26940
vt 0.18750 0.25883
vt 0.18750 0.24842
vt 0.18750 0.23774
vt 0.18750 0.22691
vt 0.18750 0.21666
vt 0.18750 0.20654
vt 0.18750 0.19701
vt 0.18750 0.18905
vt 0.18750 0.18603
vt 0.18750 0.17392
vt 0.18750 0.15621
vt 0.18750 0.13833
vt 0.18750 0.12571
vt 0.18750 0.11814
vt 0.18750 0.11200
vt 0.18750 0.10712
vt 0.18750 0.10314
vt 0.18750 0.09947
vt 0.18750 0.00000
vt 0.18750 1.00000
vt 0.21875 0.99419
vt 0.21875 0.98814
vt 0.21875 0.98159
vt 0.21875 0.97420
vt 0.21875 0.96556
vt 0.21875 0.94341
vt 0.21875 0.92965
vt 0.21875 0.92117
vt 0.21875 0.91465
vt 0.21875 0.90675
vt 0.21875 0.89550
vt 0.21875 0.88099
vt 0.21875 0.86417
vt 0.21875 0.84632
vt 0.21875 0.82880
vt 0.21875 0.73714
vt 0.21875 0.63929
vt 0.21875 0.63617
vt 0.21875 0.53837
vt 0.21875 0.44674
vt 0.21875 0.42875
vt 0.21875 0.41055
vt 0.21875 0.39287
vt 0.21875 0.37633
vt 0.21875 0.36120
vt 0.21875 0.34415
vt 0.21875 0.32345
vt 0.21875 0.30374
vt 0.21875 0.29033
vt 0.21875 0.28636
vt 0.21875 0.27912
vt 0.21875 0.26940
vt 0.21875 0.25883
vt 0.21875 0.24842
vt 0.21875 0.23774
vt 0.21875 0.22691
vt 0.21875 0.21666
vt 0.21875 0.20654
vt 0.21875 0.19701
vt 0.21875 0.18905
vt 0.21875 0.18603
vt 0.21875 0.17392
vt 0.21875 0.15621
vt 0.21875 0.13833
vt 0.21875 0.12571
vt 0.21875 0.11814
vt 0.21875 0.11200
vt 0.21875 0.10712
vt 0.21875 0.10314
vt 0.21875 0.09947
vt 0.21875 0.00000
vt 0.21875 1.00000
vt 0.25000 0.99419
vt 0.25000 0.98814
vt 0.25000 0.98159
vt 0.25000 0.97420
vt 0.25000 0.96556
vt 0.25000 0.94341
vt 0.25000 0.92965
vt 0.25000 0.92117
vt 0.25000 0.91465
vt 0.25000 0.90675
vt 0.25000 0.89550
vt 0.25000 0.88099
vt 0.25000 0.86417
vt 0.25000 0.84632
vt 0.25000 0.82880
vt 0.25000 0.73714
vt 0.25000 0.63929
vt 0.25000 0.63617
vt 0.25000 0.53837
vt 0.25000 0.44674
vt 0.25000 0.42875
vt 0.25000 0.41055
vt 0.25000 0.39287
vt 0.25000 0.37633
vt 0.25000 0.36120
vt 0.25000 0.34415
vt 0.25000 0.32345
vt 0.25000 0.30374
vt 0.25000 0.29033
vt 0.25000 0.28636
vt 0.25000 0.27912
vt 0.25000 0.26940
vt 0.25000 0.25883
vt 0.25000 0.24842
vt 0.25000 0.23774
vt 0.25000 0.22691
vt 0.25000 0.21666
vt 0.25000 0.20654
vt 0.25000 0.19701
vt 0.25000 0.18905
vt 0.25000 0.18603
vt 0.25000 0.17392
vt 0.25000 0.15621
vt 0.25000 0.13833
vt 0.25000 0.12571
vt 0.25000 0.11814
vt 0.25000 0.11200
vt 0.25000 0.10712
vt 0.25000 0.10314
vt 0.25000 0.09947
vt 0.25000 0.00000
vt 0.25000 1.00000
vt 0.28125 0.99419
vt 0.28125 0.98814
vt 0.28125 0.98159
vt 0.28125 0.97420
vt 0.28125 0.96556
vt 0.28125 0.94341
vt 0.28125 0.92965
vt 0.28125 0.92117
vt 0.28125 0.91465
vt 0.28125 0.90675
vt 0.28125 0.89550
vt 0.28125 0.88099
vt 0.28125 0.86417
vt 0.28125 0.84632
vt 0.28125 0.82880
vt 0.28125 0.73714
vt 0.28125 0.63929
vt 0.28125 0.63617
vt 0.28125 0.53837
vt 0.28125 0.44674
vt 0.28125 0.42875
vt 0.28125 0.41055
vt 0.28125 0.39287
vt 0.28125 0.37633
vt 0.28125 0.36120
vt 0.28125 0.34415
vt 0.28125 0.32345
vt 0.28125 0.30374
vt 0.28125 0.29033
vt 0.28125 0.28636
vt 0.28125 0.27912
vt 0.28125 0.26940
vt 0.28125 0.25883
vt 0.28125 0.24842
vt 0.28125 0.23774
vt 0.28125 0.22691
vt 0.28125 0.21666
vt 0.28125 0.20654
vt 0.28125 0.19701
vt 0.28125 0.18905
vt 0.28125 0.18603
vt 0.28125 0.17392
vt 0.28125 0.15621
vt 0.28125 0.13833
vt 0.28125 0.12571
vt 0.28125 0.11814
vt 0.28125 0.11200
vt 0.28125 0.10712
vt 0.28125 0.10314
vt 0.28125 0.09947
vt 0.28125 0.00000
vt 0.28125 1.00000
vt 0.31250 0.99419
vt 0.31250 0.98814
vt 0.31250 0.98159
vt 0.31250 0.97420
vt 0.31250 0.96556
vt 0.31250 0.94341
vt 0.31250 0.92965
vt 0.31250 0.92117
vt 0.31250 0.91465
vt 0.31250 0.90675
vt 0.31250 0.89550
vt 0.31250 0.88099
vt 0.31250 0.86417
vt 0.31250 0.84632
vt 0.31250 0.82880
vt 0.31250 0.73714
vt 0.31250 0.63929
vt 0.31250 0.63617
vt 0.31250 0.53837
vt 0.31250 0.44674
vt 0.31250 0.42875
vt 0.31250 0.41055
vt 0.31250 0.39287
vt 0.31250 0.37633
vt 0.31250 0.36120
vt 0.31250 0.34415
vt 0.31250 0.32345
vt 0.31250 0.30374
vt 0.31250 0.29033
vt 0.31250 0.28636
vt 0.31250 0.27912
vt 0.31250 0.26940
vt 0.31250 0.25883
vt 0.31250 0.24842
vt 0.31250 0.23774
vt 0.31250 0.22691
vt 0.31250 0.21666
vt 0.31250 0.20654
vt 0.31250 0.19701
vt 0.31250 0.18905
vt 0.31250 0.18603
vt 0.31250 0.17392
vt 0.31250 0.15621
vt 0.31250 0.13833
vt 0.31250 0.12571
vt 0.31250 0.11814
vt 0.31250 0.11200
vt 0.31250 0.10712
vt 0.31250 0.10314
vt 0.31250 0.09947
vt 0.31250 0.00000
vt 0.31250 1.00000
vt 0.34375 0.99419
vt 0.34375 0.98814
vt 0.34375 0.98159
vt 0.34375 0.97420
vt 0.34375 0.96556
vt 0.34375 0.94341
vt 0.34375 0.92965
vt 0.34375 0.92117
vt 0.34375 0.91465
vt 0.34375 0.90675
vt 0.34375 0.89550
vt 0.34375 0.88099
vt 0.34375 0.86417
vt 0.34375 0.84632
vt 0.34375 0.82880
vt 0.34375 0.73714
vt 0.34375 0.63929
vt 0.34375 0.63617
vt 0.34375 0.53837
vt 0.34375 0.44674
vt 0.34375 0.42875
vt 0.34375 0.41055
vt 0.34375 0.39287
vt 0.34375 0.37633
vt 0.34375 0.36120
vt 0.34375 0.34415
vt 0.34375 0.32345
vt 0.34375 0.30374
vt 0.34375 0.29033
vt 0.34375 0.28636
vt 0.34375 0.27912
vt 0.34375 0.26940
vt 0.34375 0.25883
vt 0.34375 0.24842
vt 0.34375 0.23774
vt 0.34375 0.22691
vt 0.34375 0.21666
vt 0.34375 0.20654
vt 0.34375 0.19701
vt 0.34375 0.18905
vt 0.34375 0.18603
vt 0.34375 0.17392
vt 0.34375 0.15621
vt 0.34375 0.13833
vt 0.34375 0.12571
vt 0.34375 0.11814
vt 0.34375 0.11200
vt 0.34375 0.10712
vt 0.34375 0.10314
vt 0.34375 0.09947
vt 0.34375 0.00000
vt 0.34375 1.00000
vt 0.37500 0.99419
vt 0.37500 0.98814
vt 0.37500 0.98159
vt 0.37500 0.97420
vt 0.37500 0.96556
vt 0.37500 0.94341
vt 0.37500 0.92965
vt 0.37500 0.92117
vt 0.37500 0.91465
vt 0.37500 0.90675
vt 0.37500 0.89550
vt 0.37500 0.88099
vt 0.37500 0.86417
vt 0.37500 0.84632
vt 0.37500 0.82880
vt 0.37500 0.73714
vt 0.37500 0.63929
vt 0.37500 0.63617
vt 0.37500 0.53837
vt 0.37500 0.44674
vt 0.37500 0.42875
vt 0.37500 0.41055
vt 0.37500 0.39287
vt 0.37500 0.37633
vt 0.37500 0.36120
vt 0.37500 0.34415
vt 0.37500 0.32345
vt 0.37500 0.30374
vt 0.37500 0.29033
vt 0.37500 0.28636
vt 0.37500 0.27912
vt 0.37500 0.26940
vt 0.37500 0.25883
vt 0.37500 0.24842
vt 0.37500 0.23774
vt 0.37500 0.22691
vt 0.37500 0.21666
vt 0.37500 0.20654
vt 0.37500 0.19701
vt 0.37500 0.18905
vt 0.37500 0.18603
vt 0.37500 0.17392
vt 0.37500 0.15621
vt 0.37500 0.13833
vt 0.37500 0.12571
vt 0.37500 0.11814
vt 0.37500 0.11200
vt 0.37500 0.10712
vt 0.37500 0.10314
vt 0.37500 0.09947
vt 0.37500 0.00000
vt 0.37500 1.00000
vt 0.40625 0.99419
vt 0.40625 0.98814
vt 0.40625 0.98159
vt 0.40625 0.97420
vt 0.40625 0.96556
vt 0.40625 0.94341
vt 0.40625 0.92965
vt 0.40625 0.92117
vt 0.40625 0.91465
vt 0.40625 0.90675
vt 0.40625 0.89550
vt 0.40625 0.88099
vt 0.40625 0.86417
vt 0.40625 0.84632
vt 0.40625 0.82880
vt 0.40625 0.73714
vt 0.40625 0.63929
vt 0.40625 0.63617
vt 0.40625 0.53837
vt 0.40625 0.44674
vt 0.40625 0.42875
vt 0.40625 0.41055
vt 0.40625 0.39287
vt 0.40625 0.37633
vt 0.40625 0.36120
vt 0.40625 0.34415
vt 0.40625 0.32345
vt 0.40625 0.30374
vt 0.40625 0.29033
vt 0.40625 0.28636
vt 0.40625 0.27912
vt 0.40625 0.26940
vt 0.40625 0.25883
vt 0.40625 0.24842
vt 0.40625 0.23774
vt 0.40625 0.22691
vt 0.40625 0.21666
vt 0.40625 0.20654
vt 0.40625 0.19701
vt 0.40625 0.18905
vt 0.40625 0.18603
vt 0.40625 0.17392
vt 0.40625 0.15621
vt 0.40625 0.13833
vt 0.40625 0.12571
vt 0.40625 0.11814
vt 0.40625 0.11200
vt 0.40625 0.10712
vt 0.40625 0.10314
vt 0.40625 0.09947
vt 0.40625 0.00000
vt 0.40625 1.00000
vt 0.43750 0.99419
vt 0.43750 0.98814
vt 0.43750 0.98159
vt 0.43750 0.97420
vt 0.43750 0.96556
vt 0.43750 0.94341
vt 0.43750 0.92965
vt 0.43750 0.92117
vt 0.43750 0.91465
vt 0.43750 0.90675
vt 0.43750 0.89550
vt 0.43750 0.88099
vt 0.43750 0.86417
vt 0.43750 0.84632
vt 0.43750 0.82880
vt 0.43750 0.73714
vt 0.43750 0.63929
vt 0.43750 0.63617
vt 0.43750 0.53837
vt 0.43750 0.44674
vt 0.43750 0.42875
vt 0.43750 0.41055
vt 0.43750 0.39287
vt 0.43750 0.37633
vt 0.43750 0.36120
vt 0.43750 0.34415
vt 0.43750 0.32345
vt 0.43750 0.30374
vt 0.43750 0.29033
vt 0.43750 0.28636
vt 0.43750 0.27912
vt 0.43750 0.26940
vt 0.43750 0.25883
vt 0.43750 0.24842
vt 0.43750 0.23774
vt 0.43750 0.22691
vt 0.43750 0.21666
vt 0.43750 0.20654
vt 0.43750 0.19701
vt 0.43750 0.18905
vt 0.43750 0.18603
vt 0.43750 0.17392
vt 0.43750 0.15621
vt 0.43750 0.13833
vt 0.43750 0.12571
vt 0.43750 0.11814
vt 0.43750 0.11200
vt 0.43750 0.10712
vt 0.43750 0.10314
vt 0.43750 0.09947
vt 0.43750 0.00000
vt 0.43750 1.00000
vt 0.46875 0.99419
vt 0.46875 0.98814
vt 0.46875 0.98159
vt 0.46875 0.97420
vt 0.46875 0.96556
vt 0.46875 0.94341
vt 0.46875 0.92965
vt 0.46875 0.92117
vt 0.46875 0.91465
vt 0.46875 0.90675
vt 0.46875 0.89550
vt 0.46875 0.88099
vt 0.46875 0.86417
vt 0.46875 0.84632
vt 0.46875 0.82880
vt 0.46875 0.73714
vt 0.46875 0.63929
vt 0.46875 0.63617
vt 0.46875 0.53837
vt 0.46875 0.44674
vt 0.46875 0.42875
vt 0.46875 0.41055
vt 0.46875 0.39287
vt 0.46875 0.37633
vt 0.46875 0.36120
vt 0.46875 0.34415
vt 0.46875 0.32345
vt 0.46875 0.30374
vt 0.46875 0.29033
vt 0.46875 0.28636
vt 0.46875 0.27912
vt 0.46875 0.26940
vt 0.46875 0.25883
vt 0.46875 0.24842
vt 0.46875 0.23774
vt 0.46875 0.22691
vt 0.46875 0.21666
vt 0.46875 0.20654
vt 0.46875 0.19701
vt 0.46875 0.18905
vt 0.46875 0.18603
vt 0.46875 0.17392
vt 0.46875 0.15621
vt 0.46875 0.13833
vt 0.46875 0.12571
vt 0.46875 0.11814
vt 0.46875 0.11200
vt 0.46875 0.10712
vt 0.46875 0.10314
vt 0.46875 0.09947
vt 0.46875 0.00000
vt 0.46875 1.00000
vt 0.50000 0.99419
vt 0.50000 0.98814
vt 0.50000 0.98159
vt 0.50000 0.97420
vt 0.50000 0.96556
vt 0.50000 0.94341
vt 0.50000 0.92965
vt 0.50000 0.92117
vt 0.50000 0.91465
vt 0.50000 0.90675
vt 0.50000 0.89550
vt 0.50000 0.88099
vt 0.50000 0.86417
vt 0.50000 0.84632
vt 0.50000 0.82880
vt 0.50000 0.73714
vt 0.50000 0.63929
vt 0.50000 0.63617
vt 0.50000 0.53837
vt 0.50000 0.44674
vt 0.50000 0.42875
vt 0.50000 0.41055
vt 0.50000 0.39287
vt 0.50000 0.37633
vt 0.50000 0.36120
vt 0.50000 0.34415
vt 0.50000 0.32345
vt 0.50000 0.30374
vt 0.50000 0.29033
vt 0.50000 0.28636
vt 0.50000 0.27912
vt 0.50000 0.26940
vt 0.50000 0.25883
vt 0.50000 0.24842
vt 0.50000 0.23774
vt 0.50000 0.22691
vt 0.50000 0.21666
vt 0.50000 0.20654
vt 0.50000 0.19701
vt 0.50000 0.18905
vt 0.50000 0.18603
vt 0.50000 0.17392
vt 0.50000 0.15621
vt 0.50000 0.13833
vt 0.50000 0.12571
vt 0.50000 0.11814
vt 0.50000 0.11200
vt 0.50000 0.10712
vt 0.50000 0.10314
vt 0.50000 0.09947
vt 0.50000 0.00000
vt 0.50000 1.00000
vt 0.53125 0.99419
vt 0.53125 0.98814
vt 0.53125 0.98159
vt 0.53125 0.97420
vt 0.53125 0.96556
vt 0.53125 0.94341
vt 0.53125 0.92965
vt 0.53125 0.92117
vt 0.53125 0.91465
vt 0.53125 0.90675
vt 0.53125 0.89550
vt 0.53125 0.88099
vt 0.53125 0.86417
vt 0.53125 0.84632
vt 0.53125 0.82880
vt 0.53125 0.73714
vt 0.53125 0.63929
vt 0.53125 0.63617
vt 0.53125 0.53837
vt 0.53125 0.44674
vt 0.53125 0.42875
vt 0.53125 0.41055
vt 0.53125 0.39287
vt 0.53125 0.37633
vt 0.53125 0.36120
vt 0.53125 0.34415
vt 0.53125 0.32345
vt 0.53125 0.30374
vt 0.53125 0.29033
vt 0.53125 0.28636
vt 0.53125 0.27912
vt 0.53125 0.26940
vt 0.53125 0.25883
vt 0.53125 0.24842
vt 0.53125 0.23774
vt 0.53125 0.22691
vt 0.53125 0.21666
vt 0.53125 0.20654
vt 0.53125 0.19701
vt 0.53125 0.18905
vt 0.53125 0.18603
vt 0.53125 0.17392
vt 0.53125 0.15621
vt 0.53125 0.13833
vt 0.53125 0.12571
vt 0.53125 0.11814
vt 0.53125 0.11200
vt 0.53125 0.10712
vt 0.53125 0.10314
vt 0.53125 0.09947
vt 0.53125 0.00000
vt 0.53125 1.00000
vt 0.56250 0.99419
vt 0.56250 0.98814
vt 0.56250 0.98159
vt 0.56250 0.97420
vt 0.56250 0.96556
vt 0.56250 0.94341
vt 0.56250 0.92965
vt 0.56250 0.92117
vt 0.56250 0.91465
vt 0.56250 0.90675
vt 0.56250 0.89550
vt 0.56250 0.88099
vt 0.56250 0.86417
vt 0.56250 0.84632
vt 0.56250 0.82880
vt 0.56250 0.73714
vt 0.56250 0.63929
vt 0.56250 0.63617
vt 0.56250 0.53837
vt 0.56250 0.44674
vt 0.56250 0.42875
vt 0.56250 0.41055
vt 0.56250 0.39287
vt 0.56250 0.37633
vt 0.56250 0.36120
vt 0.56250 0.34415
vt 0.56250 0.32345
vt 0.56250 0.30374
vt 0.56250 0.29033
vt 0.56250 0.28636
vt 0.56250 0.27912
vt 0.56250 0.26940
vt 0.56250 0.25883
vt 0.56250 0.24842
vt 0.56250 0.23774
vt 0.56250 0.22691
vt 0.56250 0.21666
vt 0.56250 0.20654
vt 0.56250 0.19701
vt 0.56250 0.18905
vt 0.56250 0.18603
vt 0.56250 0.17392
vt 0.56250 0.15621
vt 0.56250 0.13833
vt 0.56250 0.12571
vt 0.56250 0.11814
vt 0.56250 0.11200
vt 0.56250 0.10712
vt 0.56250 0.10314
vt 0.56250 0.09947
vt 0.56250 0.00000
vt 0.56250 1.00000
vt 0.59375 0.99419
vt 0.59375 0.98814
vt 0.59375 0.98159
vt 0.59375 0.97420
vt 0.59375 0.96556
vt 0.59375 0.94341
vt 0.59375 0.92965
vt 0.59375 0.92117
vt 0.59375 0.91465
vt 0.59375 0.90675
vt 0.59375 0.89550
vt 0.59375 0.88099
vt 0.59375 0.86417
vt 0.59375 0.84632
vt 0.59375 0.82880
vt 0.59375 0.73714
vt 0.59375 0.63929
vt 0.59375 0.63617
vt 0.59375 0.53837
vt 0.59375 0.44674
vt 0.59375 0.42875
vt 0.59375 0.41055
vt 0.59375 0.39287
vt 0.59375 0.37633
vt 0.59375 0.36120
vt 0.59375 0.34415
vt 0.59375 0.32345
vt 0.59375 0.30374
vt 0.59375 0.29033
vt 0.59375 0.28636
vt 0.59375 0.27912
vt 0.59375 0.26940
vt 0.59375 0.25883
vt 0.59375 0.24842
vt 0.59375 0.23774
vt 0.59375 0.22691
vt 0.59375 0.21666
vt 0.59375 0.20654
vt 0.59375 0.19701
vt 0.59375 0.18905
vt 0.59375 0.18603
vt 0.59375 0.17392
vt 0.59375 0.15621
vt 0.59375 0.13833
vt 0.59375 0.12571
vt 0.59375 0.11814
vt 0.59375 0.11200
vt 0.59375 0.10712
vt 0.59375 0.10314
vt 0.59375 0.09947
vt 0.59375 0.00000
vt 0.59375 1.00000
vt 0.62500 0.99419
vt 0.62500 0.98814
vt 0.62500 0.98159
vt 0.62500 0.97420
vt 0.62500 0.96556
vt 0.62500 0.94341
vt 0.62500 0.92965
vt 0.62500 0.92117
vt 0.62500 0.91465
vt 0.62500 0.90675
vt 0.62500 0.89550
vt 0.62500 0.88099
vt 0.62500 0.86417
vt 0.62500 0.84632
vt 0.62500 0.82880
vt 0.62500 0.73714
vt 0.62500 0.63929
vt 0.62500 0.63617
vt 0.62500 0.53837
vt 0.62500 0.44674
vt 0.62500 0.42875
vt 0.62500 0.41055
vt 0.62500 0.39287
vt 0.62500 0.37633
vt 0.62500 0.36120
vt 0.62500 0.34415
vt 0.62500 0.32345
vt 0.62500 0.30374
vt 0.62500 0.29033
vt 0.62500 0.28636
vt 0.62500 0.27912
vt 0.62500 0.26940
vt 0.62500 0.25883
vt 0.62500 0.24842
vt 0.62500 0.23774
vt 0.62500 0.22691
vt 0.62500 0.21666
vt 0.62500 0.20654
vt 0.62500 0.19701
vt 0.62500 0.18905
vt 0.62500 0.18603
vt 0.62500 0.17392
vt 0.62500 0.15621
vt 0.62500 0.13833
vt 0.62500 0.12571
vt 0.62500 0.11814
vt 0.62500 0.11200
vt 0.62500 0.10712
vt 0.62500 0.10314
vt 0.62500 0.09947
vt 0.62500 0.00000
vt 0.62500 1.00000
vt 0.65625 0.99419
vt 0.65625 0.98814
vt 0.65625 0.98159
vt 0.65625 0.97420
vt 0.65625 0.96556
vt 0.65625 0.94341
vt 0.65625 0.92965
vt 0.65625 0.92117
vt 0.65625 0.91465
vt 0.65625 0.90675
vt 0.65625 0.89550
vt 0.65625 0.88099
vt 0.65625 0.86417
vt 0.65625 0.84632
vt 0.65625 0.82880
vt 0.65625 0.73714
vt 0.65625 0.63929
vt 0.65625 0.63617
vt 0.65625 0.53837
vt 0.65625 0.44674
vt 0.65625 0.42875
vt 0.65625 0.41055
vt 0.65625 0.39287
vt 0.65625 0.37633
vt 0.65625 0.36120
vt 0.65625 0.34415
vt 0.65625 0.32345
vt 0.65625 0.30374
vt 0.65625 0.29033
vt 0.65625 0.28636
vt 0.65625 0.27912
vt 0.65625 0.26940
vt 0.65625 0.25883
vt 0.65625 0.24842
vt 0.65625 0.23774
vt 0.65625 0.22691
vt 0.65625 0.21666
vt 0.65625 0.20654
vt 0.65625 0.19701
vt 0.65625 0.18905
vt 0.65625 0.18603
vt 0.65625 0.17392
vt 0.65625 0.15621
vt 0.65625 0.13833
vt 0.65625 0.12571
vt 0.65625 0.11814
vt 0.65625 0.11200
vt 0.65625 0.10712
vt 0.65625 0.10314
vt 0.65625 0.09947
vt 0.65625 0.00000
vt 0.65625 1.00000
vt 0.68750 0.99419
vt 0.68750 0.98814
vt 0.68750 0.98159
vt 0.68750 0.97420
vt 0.68750 0.96556
vt 0.68750 0.94341
vt 0.68750 0.92965
vt 0.68750 0.92117
vt 0.68750 0.91465
vt 0.68750 0.90675
vt 0.68750 0.89550
vt 0.68750 0.88099
vt 0.68750 0.86417
vt 0.68750 0.84632
vt 0.68750 0.82880
vt 0.68750 0.73714
vt 0.68750 0.63929
vt 0.68750 0.63617
vt 0.68750 0.53837
vt 0.68750 0.44674
vt 0.68750 0.42875
vt 0.68750 0.41055
vt 0.68750 0.39287
vt 0.68750 0.37633
vt 0.68750 0.36120
vt 0.68750 0.34415
vt 0.68750 0.32345
vt 0.68750 0.30374
vt 0.68750 0.29033
vt 0.68750 0.28636
vt 0.68750 0.27912
vt 0.68750 0.26940
vt 0.68750 0.25883
vt 0.68750 0.24842
vt 0.68750 0.23774
vt 0.68750 0.22691
vt 0.68750 0.21666
vt 0.68750 0.20654
vt 0.68750 0.19701
vt 0.68750 0.18905
vt 0.68750 0.18603
vt 0.68750 0.17392
vt 0.68750 0.15621
vt 0.68750 0.13833
vt 0.68750 0.12571
vt 0.68750 0.11814
vt 0.68750 0.11200
vt 0.68750 0.10712
vt 0.68750 0.10314
vt 0.68750 0.09947
vt 0.68750 0.00000
vt 0.68750 1.00000
vt 0.71875 0.99419
vt 0.71875 0.98814
vt 0.71875 0.98159
vt 0.71875 0.97420
vt 0.71875 0.96556
vt 0.71875 0.94341
vt 0.71875 0.92965
vt 0.71875 0.92117
vt 0.71875 0.91465
vt 0.71875 0.90675
vt 0.71875 0.89550
vt 0.71875 0.88099
vt 0.71875 0.86417
vt 0.71875 0.84632
vt 0.71875 0.82880
vt 0.71875 0.73714
vt 0.71875 0.63929
vt 0.71875 0.63617
vt 0.71875 0.53837
vt 0.71875 0.44674
vt 0.71875 0.42875
vt 0.71875 0.41055
vt 0.71875 0.39287
vt 0.71875 0.37633
vt 0.71875 0.36120
vt 0.71875 0.34415
vt 0.71875 0.32345
vt 0.71875 0.30374
vt 0.71875 0.29033
vt 0.71875 0.28636
vt 0.71875 0.27912
vt 0.71875 0.26940
vt 0.71875 0.25883
vt 0.71875 0.24842
vt 0.71875 0.23774
vt 0.71875 0.22691
vt 0.71875 0.21666
vt 0.71875 0.20654
vt 0.71875 0.19701
vt 0.71875 0.18905
vt 0.71875 0.18603
vt 0.71875 0.17392
vt 0.71875 0.15621
vt 0.71875 0.13833
vt 0.71875 0.12571
vt 0.71875 0.11814
vt 0.71875 0.11200
vt 0.71875 0.10712
vt 0.71875 0.10314
vt 0.71875 0.09947
vt 0.71875 0.00000
vt 0.71875 1.00000
vt 0.75000 0.99419
vt 0.75000 0.98814
vt 0.75000 0.98159
vt 0.75000 0.97420
vt 0.75000 0.96556
vt 0.75000 0.94341
vt 0.75000 0.92965
vt 0.75000 0.92117
vt 0.75000 0.91465
vt 0.75000 0.90675
vt 0.75000 0.89550
vt 0.75000 0.88099
vt 0.75000 0.86417
vt 0.75000 0.84632
vt 0.75000 0.82880
vt 0.75000 0.73714
vt 0.75000 0.63929
vt 0.75000 0.63617
vt 0.75000 0.53837
vt 0.75000 0.44674
vt 0.75000 0.42875
vt 0.75000 0.41055
vt 0.75000 0.39287
vt 0.75000 0.37633
vt 0.75000 0.36120
vt 0.75000 0.34415
vt 0.75000 0.32345
vt 0.75000 0.30374
vt 0.75000 0.29033
vt 0.75000 0.28636
vt 0.75000 0.27912
vt 0.75000 0.26940
vt 0.75000 0.25883
vt 0.75000 0.24842
vt 0.75000 0.23774
vt 0.75000 0.22691
vt 0.75000 0.21666
vt 0.75000 0.20654
vt 0.75000 0.19701
vt 0.75000 0.18905
vt 0.75000 0.18603
vt 0.75000 0.17392
vt 0.75000 0.15621
vt 0.75000 0.13833
vt 0.75000 0.12571
vt 0.75000 0.11814
vt 0.75000 0.11200
vt 0.75000 0.10712
vt 0.75000 0.10314
vt 0.75000 0.09947
vt 0.75000 0.00000
vt 0.75000 1.00000
vt 0.78125 0.99419
vt 0.78125 0.98814
vt 0.78125 0.98159
vt 0.78125 0.97420
vt 0.78125 0.96556
vt 0.78125 0.94341
vt 0.78125 0.92965
vt 0.78125 0.92117
vt 0.78125 0.91465
vt 0.78125 0.90675
vt 0.78125 0.89550
vt 0.78125 0.88099
vt 0.78125 0.86417
vt 0.78125 0.84632
vt 0.78125 0.82880
vt 0.78125 0.73714
vt 0.78125 0.63929
vt 0.78125 0.63617
vt 0.78125 0.53837
vt 0.78125 0.44674
vt 0.78125 0.42875
vt 0.78125 0.41055
vt 0.78125 0.39287
vt 0.78125 0.37633
vt 0.78125 0.36120
vt 0.78125 0.34415
vt 0.78125 0.32345
vt 0.78125 0.30374
vt 0.78125 0.29033
vt 0.78125 0.28636
vt 0.78125 0.27912
vt 0.78125 0.26940
vt 0.78125 0.25883
vt 0.78125 0.24842
vt 0.78125 0.23774
vt 0.78125 0.22691
vt 0.78125 0.21666
vt 0.78125 0.20654
vt 0.78125 0.19701
vt 0.78125 0.18905
vt 0.78125 0.18603
vt 0.78125 0.17392
vt 0.78125 0.15621
vt 0.78125 0.13833
vt 0.78125 0.12571
vt 0.78125 0.11814
vt 0.78125 0.11200
vt 0.78125 0.10712
vt 0.78125 0.10314
vt 0.78125 0.09947
vt 0.78125 0.00000
vt 0.78125 1.00000
vt 0.81250 0.99419
vt 0.81250 0.98814
vt 0.81250 0.98159
vt 0.81250 0.97420
vt 0.81250 0.96556
vt 0.81250 0.94341
vt 0.81250 0.92965
vt 0.81250 0.92117
vt 0.81250 0.91465
vt 0.81250 0.90675
vt 0.81250 0.89550
vt 0.81250 0.88099
vt 0.81250 0.86417
vt 0.81250 0.84632
vt 0.81250 0.82880
vt 0.81250 0.73714
vt 0.81250 0.63929
vt 0.81250 0.63617
vt 0.81250 0.53837
vt 0.81250 0.44674
vt 0.81250 0.42875
vt 0.81250 0.41055
vt 0.81250 0.39287
vt 0.81250 0.37633
vt 0.81250 0.36120
vt 0.81250 0.34415
vt 0.81250 0.32345
vt 0.81250 0.30374
vt 0.81250 0.29033
vt 0.81250 0.28636
vt 0.81250 0.27912
vt 0.81250 0.26940
vt 0.81250 0.25883
vt 0.81250 0.24842
vt 0.81250 0.23774
vt 0.81250 0.22691
vt 0.81250 0.21666
vt 0.81250 0.20654
vt 0.81250 0.19701
vt 0.81250 0.18905
vt 0.81250 0.18603
vt 0.81250 0.17392
vt 0.81250 0.15621
vt 0.81250 0.13833
vt 0.81250 0.12571
vt 0.81250 0.11814
vt 0.81250 0.11200
vt 0.81250 0.10712
vt 0.81250 0.10314
vt 0.81250 0.09947
vt 0.81250 0.00000
vt 0.81250 1.00000
vt 0.84375 0.99419
vt 0.84375 0.98814
vt 0.84375 0.98159
vt 0.84375 0.97420
vt 0.84375 0.96556
vt 0.84375 0.94341
vt 0.84375 0.92965
vt 0.84375 0.92117
vt 0.84375 0.91465
vt 0.84375 0.90675
vt 0.84375 0.89550
vt 0.84375 0.88099
vt 0.84375 0.86417
vt 0.84375 0.84632
vt 0.84375 0.82880
vt 0.84375 0.73714
vt 0.84375 0.63929
vt 0.84375 0.63617
vt 0.84375 0.53837
vt 0.84375 0.44674
vt 0.84375 0.42875
vt 0.84375 0.41055
vt 0.84375 0.39287
vt 0.84375 0.37633
vt 0.84375 0.36120
vt 0.84375 0.34415
vt 0.84375 0.32345
vt 0.84375 0.30374
vt 0.84375 0.29033
vt 0.84375 0.28636
vt 0.84375 0.27912
vt 0.84375 0.26940
vt 0.84375 0.25883
vt 0.84375 0.24842
vt 0.84375 0.23774
vt 0.84375 0.22691
vt 0.84375 0.21666
vt 0.84375 0.20654
vt 0.84375 0.19701
vt 0.84375 0.18905
vt 0.84375 0.18603
vt 0.84375 0.17392
vt 0.84375 0.15621
vt 0.84375 0.13833
vt 0.84375 0.12571
vt 0.84375 0.11814
vt 0.84375 0.11200
vt 0.84375 0.10712
vt 0.84375 0.10314
vt 0.84375 0.09947
vt 0.84375 0.00000
vt 0.84375 1.00000
vt 0.87500 0.99419
vt 0.87500 0.98814
vt 0.87500 0.98159
vt 0.87500 0.97420
vt 0.87500 0.96556
vt 0.87500 0.94341
vt 0.87500 0.92965
vt 0.87500 0.92117
vt 0.87500 0.91465
vt 0.87500 0.90675
vt 0.87500 0.89550
vt 0.87500 0.88099
vt 0.87500 0.86417
vt 0.87500 0.84632
vt 0.87500 0.82880
vt 0.87500 0.73714
vt 0.87500 0.63929
vt 0.87500 0.63617
vt 0.87500 0.53837
vt 0.87500 0.44674
vt 0.87500 0.42875
vt 0.87500 0.41055
vt 0.87500 0.39287
vt 0.87500 0.37633
vt 0.87500 0.36120
vt 0.87500 0.34415
vt 0.87500 0.32345
vt 0.87500 0.30374
vt 0.87500 0.29033
vt 0.87500 0.28636
vt 0.87500 0.27912
vt 0.87500 0.26940
vt 0.87500 0.25883
vt 0.87500 0.24842
vt 0.87500 0.23774
vt 0.87500 0.22691
vt 0.87500 0.21666
vt 0.87500 0.20654
vt 0.87500 0.19701
vt 0.87500 0.18905
vt 0.87500 0.18603
vt 0.87500 0.17392
vt 0.87500 0.15621
vt 0.87500 0.13833
vt 0.87500 0.12571
vt 0.87500 0.11814
vt 0.87500 0.11200
vt 0.87500 0.10712
vt 0.87500 0.10314
vt 0.87500 0.09947
vt 0.87500 0.00000
vt 0.87500 1.00000
vt 0.90625 0.99419
vt 0.90625 0.98814
vt 0.90625 0.98159
vt 0.90625 0.97420
vt 0.90625 0.96556
vt 0.90625 0.94341
vt 0.90625 0.92965
vt 0.90625 0.92117
vt 0.90625 0.91465
vt 0.90625 0.90675
vt 0.90625 0.89550
vt 0.90625 0.88099
vt 0.90625 0.86417
vt 0.90625 0.84632
vt 0.90625 0.82880
vt 0.90625 0.73714
vt 0.90625 0.63929
vt 0.90625 0.63617
vt 0.90625 0.53837
vt 0.90625 0.44674
vt 0.90625 0.42875
vt 0.90625 0.41055
vt 0.90625 0.39287
vt 0.90625 0.37633
vt 0.90625 0.36120
vt 0.90625 0.34415
vt 0.90625 0.32345
vt 0.90625 0.30374
vt 0.90625 0.29033
vt 0.90625 0.28636
vt 0.90625 0.27912
vt 0.90625 0.26940
vt 0.90625 0.25883
vt 0.90625 0.24842
vt 0.90625 0.23774
vt 0.90625 0.22691
vt 0.90625 0.21666
vt 0.90625 0.20654
vt 0.90625 0.19701
vt 0.90625 0.18905
vt 0.90625 0.18603
vt 0.90625 0.17392
vt 0.90625 0.15621
vt 0.90625 0.13833
vt 0.90625 0.12571
vt 0.90625 0.11814
vt 0.90625 0.11200
vt 0.90625 0.10712
vt 0.90625 0.10314
vt 0.90625 0.09947
vt 0.90625 0.00000
vt 0.90625 1.00000
vt 0.93750 0.99419
vt 0.93750 0.98814
vt 0.93750 0.98159
vt 0.93750 0.97420
vt 0.93750 0.96556
vt 0.93750 0.94341
vt 0.93750 0.92965
vt 0.93750 0.92117
vt 0.93750 0.91465
vt 0.93750 0.90675
vt 0.93750 0.89550
vt 0.93750 0.88099
vt 0.93750 0.86417
vt 0.93750 0.84632
vt 0.93750 0.82880
vt 0.93750 0.73714
vt 0.93750 0.63929
vt 0.93750 0.63617
vt 0.93750 0.53837
vt 0.93750 0.44674
vt 0.93750 0.42875
vt 0.93750 0.41055
vt 0.93750 0.39287
vt 0.93750 0.37633
vt 0.93750 0.36120
vt 0.93750 0.34415
vt 0.93750 0.32345
vt 0.93750 0.30374
vt 0.93750 0.29033
vt 0.93750 0.28636
vt 0.93750 0.27912
vt 0.93750 0.26940
vt 0.93750 0.25883
vt 0.93750 0.24842
vt 0.93750 0.23774
vt 0.93750 0.22691
vt 0.93750 0.21666
vt 0.93750 0.20654
vt 0.93750 0.19701
vt 0.93750 0.18905
vt 0.93750 0.18603
vt 0.93750 0.17392
vt 0.93750 0.15621
vt 0.93750 0.13833
vt 0.93750 0.12571
vt 0.93750 0.11814
vt 0.93750 0.11200
vt 0.93750 0.10712
vt 0.93750 0.10314
vt 0.93750 0.09947
vt 0.93750 0.00000
vt 0.93750 1.00000
vt 0.96875 0.99419
vt 0.96875 0.98814
vt 0.96875 0.98159
vt 0.96875 0.97420
vt 0.96875 0.96556
vt 0.96875 0.94341
vt 0.96875 0.92965
vt 0.96875 0.92117
vt 0.96875 0.91465
vt 0.96875 0.90675
vt 0.96875 0.89550
vt 0.96875 0.88099
vt 0.96875 0.86417
vt 0.96875 0.84632
vt 0.96875 0.82880
vt 0.96875 0.73714
vt 0.96875 0.63929
vt 0.96875 0.63617
vt 0.96875 0.53837
vt 0.96875 0.44674
vt 0.96875 0.42875
vt 0.96875 0.41055
vt 0.96875 0.39287
vt 0.96875 0.37633
vt 0.96875 0.36120
vt 0.96875 0.34415
vt 0.96875 0.32345
vt 0.96875 0.30374
vt 0.96875 0.29033
vt 0.96875 0.28636
vt 0.96875 0.27912
vt 0.96875 0.26940
vt 0.96875 0.25883
vt 0.96875 0.24842
vt 0.96875 0.23774
vt 0.96875 0.22691
vt 0.96875 0.21666
vt 0.96875 0.20654
vt 0.96875 0.19701
vt 0.96875 0.18905
vt 0.96875 0.18603
vt 0.96875 0.17392
vt 0.96875 0.15621
vt 0.96875 0.13833
vt 0.96875 0.12571
vt 0.96875 0.11814
vt 0.96875 0.11200
vt 0.96875 0.10712
vt 0.96875 0.10314
vt 0.96875 0.09947
vt 0.96875 0.00000
vt 0.96875 1.00000
vt 1.00000 0.99419
vt 1.00000 0.98814
vt 1.00000 0.98159
vt 1.00000 0.97420
vt 1.00000 0.96556
vt 1.00000 0.94341
vt 1.00000 0.92965
vt 1.00000 0.92117
vt 1.00000 0.91465
vt 1.00000 0.90675
vt 1.00000 0.89550
vt 1.00000 0.88099
vt 1.00000 0.86417
vt 1.00000 0.84632
vt 1.00000 0.82880
vt 1.00000 0.73714
vt 1.00000 0.63929
vt 1.00000 0.63617
vt 1.00000 0.53837
vt 1.00000 0.44674
vt 1.00000 0.42875
vt 1.00000 0.41055
vt 1.00000 0.39287
vt 1.00000 0.37633
vt 1.00000 0.36120
vt 1.00000 0.34415
vt 1.00000 0.32345
vt 1.00000 0.30374
vt 1.00000 0.29033
vt 1.00000 0.28636
vt 1.00000 0.27912
vt 1.00000 0.26940
vt 1.00000 0.25883
vt 1.00000 0.24842
vt 1.00000 0.23774
vt 1.00000 0.22691
vt 1.00000 0.21666
vt 1.00000 0.20654
vt 1.00000 0.19701
vt 1.00000 0.18905
vt 1.00000 0.18603
vt 1.00000 0.17392
vt 1.00000 0.15621
vt 1.00000 0.13833
vt 1.00000 0.12571
vt 1.00000 0.11814
vt 1.00000 0.11200
vt 1.00000 0.10712
vt 1.00000 0.10314
vt 1.00000 0.09947
vt 1.00000 0.00000
f 4276/4276 4277/4277 4278/4278
f 4279/4279 4278/4278 4277/4277
f 4277/4277 4280/4280 4279/4279
f 4281/4281 4279/4279 4280/4280
f 4280/4280 4282/4282 4281/4281
f 4283/4283 4281/4281 4282/4282
f 4282/4282 4284/4284 4283/4283
f 4285/4285 4283/4283 4284/4284
f 4284/4284 4286/4286 4285/4285
f 4287/4287 4285/4285 4286/4286
f 4286/4286 4288/4288 4287/4287
f 4289/4289 4287/4287 4288/4288
f 4288/4288 4290/4290 4289/4289
f 4291/4291 4289/4289 4290/4290
f 4290/4290 4292/4292 4291/4291
f 4293/4293 4291/4291 4292/4292
f 4292/4292 4294/4294 4293/4293
f 4295/4295 4293/4293 4294/4294
f 4294/4294 4296/4296 4295/4295
f 4297/4297 4295/4295 4296/4296
f 4296/4296 4298/4298 4297/4297
f 4299/4299 4297/4297 4298/4298
f 4298/4298 4300/4300 4299/4299
f 4301/4301 4299/4299 4300/4300
f 4300/4300 4302/4302 4301/4301
f 4303/4303 4301/4301 4302/4302
f 4302/4302 4304/4304 4303/4303
f 4305/4305 4303/4303 4304/4304
f 4304/4304 4306/4306 4305/4305
f 4307/4307 4305/4305 4306/4306
f 4306/4306 4308/4308 4307/4307
f 4309/4309 4307/4307 4308/4308
f 4308/4308 4310/4310 4309/4309
f 4311/4311 4309/4309 4310/4310
f 4310/4310 4312/4312 4311/4311
f 4313/4313 4311/4311 4312/4312
f 4312/4312 4314/4314 4313/4313
f 4315/4315 4313/4313 4314/4314
f 4314/4314 4316/4316 4315/4315
f 4317/4317 4315/4315 4316/4316
f 4316/4316 4318/4318 4317/4317
f 4319/4319 4317/4317 4318/4318
f 4318/4318 4320/4320 4319/4319
f 4321/4321 4319/4319 4320/4320
f 4320/4320 4322/4322 4321/4321
f 4323/4323 4321/4321 4322/4322
f 4322/4322 4324/4324 4323/4323
f 4325/4325 4323/4323 4324/4324
f 4324/4324 4326/4326 4325/4325
f 4327/4327 4325/4325 4326/4326
f 4326/4326 4328/4328 4327/4327
f 4329/4329 4327/4327 4328/4328
f 4328/4328 4330/4330 4329/4329
f 4331/4331 4329/4329 4330/4330
f 4330/4330 4332/4332 4331/4331
f 4333/4333 4331/4331 4332/4332
f 4332/4332 4334/4334 4333/4333
f 4335/4335 4333/4333 4334/4334
f 4334/4334 4336/4336 4335/4335
f 4337/4337 4335/4335 4336/4336
f 4336/4336 4338/4338 4337/4337
f 4339/4339 4337/4337 4338/4338
f 4338/4338 4340/4340 4339/4339
f 4341/4341 4339/4339 4340/4340
f 4340/4340 4342/4342 4341/4341
f 4343/4343 4341/4341 4342/4342
f 4342/4342 4344/4344 4343/4343
f 4345/4345 4343/4343 4344/4344
f 4344/4344 4346/4346 4345/4345
f 4347/4347 4345/4345 4346/4346
f 4346/4346 4348/4348 4347/4347
f 4349/4349 4347/4347 4348/4348
f 4348/4348 4350/4350 4349/4349
f 4351/4351 4349/4349 4350/4350
f 4350/4350 4352/4352 4351/4351
f 4353/4353 4351/4351 4352/4352
f 4352/4352 4354/4354 4353/4353
f 4355/4355 4353/4353 4354/4354
f 4354/4354 4356/4356 4355/4355
f 4357/4357 4355/4355 4356/4356
f 4356/4356 4358/4358 4357/4357
f 4359/4359 4357/4357 4358/4358
f 4358/4358 4360/4360 4359/4359
f 4361/4361 4359/4359 4360/4360
f 4360/4360 4362/4362 4361/4361
f 4363/4363 4361/4361 4362/4362
f 4362/4362 4364/4364 4363/4363
f 4365/4365 4363/4363 4364/4364
f 4364/4364 4366/4366 4365/4365
f 4367/4367 4365/4365 4366/4366
f 4366/4366 4368/4368 4367/4367
f 4369/4369 4367/4367 4368/4368
f 4368/4368 4370/4370 4369/4369
f 4371/4371 4369/4369 4370/4370
f 4370/4370 4372/4372 4371/4371
f 4373/4373 4371/4371 4372/4372
f 4372/4372 4374/4374 4373/4373
f 4375/4375 4373/4373 4374/4374
f 4374/4374 4376/4376 4375/4375
f 4376/4376 4377/4377 4375/4375
f 4378/4378 4278/4278 4379/4379
f 4380/4380 4379/4379 4278/4278
f 4278/4278 4279/4279 4380/4380
f 4381/4381 4380/4380 4279/4279
f 4279/4279 4281/4281 4381/4381
f 4382/4382 4381/4381 4281/4281
f 4281/4281 4283/4283 4382/4382
f 4383/4383 4382/4382 4283/4283
f 4283/4283 4285/4285 4383/4383
f 4384/4384 4383/4383 4285/4285
f 4285/4285 4287/4287 4384/4384
f 4385/4385 4384/4384 4287/4287
f 4287/4287 4289/4289 4385/4385
f 4386/4386 4385/4385 4289/4289
f 4289/4289 4291/4291 4386/4386
f 4387/4387 4386/4386 4291/4291
f 4291/4291 4293/4293 4387/4387
f 4388/4388 4387/4387 4293/4293
f 4293/4293 4295/4295 4388/4388
f 4389/4389 4388/4388 4295/4295
f 4295/4295 4297/4297 4389/4389
f 4390/4390 4389/4389 4297/4297
f 4297/4297 4299/4299 4390/4390
f 4391/4391 4390/4390 4299/4299
f 4299/4299 4301/4301 4391/4391
f 4392/4392 4391/4391 4301/4301
f 4301/4301 4303/4303 4392/4392
f 4393/4393 4392/4392 4303/4303
f 4303/4303 4305/4305 4393/4393
f 4394/4394 4393/4393 4305/4305
f 4305/4305 4307/4307 4394/4394
f 4395/4395 4394/4394 4307/4307
f 4307/4307 4309/4309 4395/4395
f 4396/4396 4395/4395 4309/4309
f 4309/4309 4311/4311 4396/4396
f 4397/4397 4396/4396 4311/4311
f 4311/4311 4313/4313 4397/4397
f 4398/4398 4397/4397 4313/4313
f 4313/4313 4315/4315 4398/4398
f 4399/4399 4398/4398 4315/4315
f 4315/4315 4317/4317 4399/4399
f 4400/4400 4399/4399 4317/4317
f 4317/4317 4319/4319 4400/4400
f 4401/4401 4400/4400 4319/4319
f 4319/4319 4321/4321 4401/4401
f 4402/4402 4401/4401 4321/4321
f 4321/4321 4323/4323 4402/4402
f 4403/4403 4402/4402 4323/4323
f 4323/4323 4325/4325 4403/4403
f 4404/4404 4403/4403 4325/4325
f 4325/4325 4327/4327 4404/4404
f 4405/4405 4404/4404 4327/4327
f 4327/4327 4329/4329 4405/4405
f 4406/4406 4405/4405 4329/4329
f 4329/4329 4331/4331 4406/4406
f 4407/4407 4406/4406 4331/4331
f 4331/4331 4333/4333 4407/4407
f 4408/4408 4407/4407 4333/4333
f 4333/4333 4335/4335 4408/4408
f 4409/4409 4408/4408 4335/4335
f 4335/4335 4337/4337 4409/4409
f 4410/4410 4409/4409 4337/4337
f 4337/4337 4339/4339 4410/4410
f 4411/4411 4410/4410 4339/4339
f 4339/4339 4341/4341 4411/4411
f 4412/4412 4411/4411 4341/4341
f 4341/4341 4343/4343 4412/4412
f 4413/4413 4412/4412 4343/4343
f 4343/4343 4345/4345 4413/4413
f 4414/4414 4413/4413 4345/4345
f 4345/4345 4347/4347 4414/4414
f 4415/4415 4414/4414 4347/4347
f 4347/4347 4349/4349 4415/4415
f 4416/4416 4415/4415 4349/4349
f 4349/4349 4351/4351 4416/4416
f 4417/4417 4416/4416 4351/4351
f 4351/4351 4353/4353 4417/4417
f 4418/4418 4417/4417 4353/4353
f 4353/4353 4355/4355 4418/4418
f 4419/4419 4418/4418 4355/4355
f 4355/4355 4357/4357 4419/4419
f 4420/4420 4419/4419 4357/4357
f 4357/4357 4359/4359 4420/4420
f 4421/4421 4420/4420 4359/4359
f 4359/4359 4361/4361 4421/4421
f 4422/4422 4421/4421 4361/4361
f 4361/4361 4363/4363 4422/4422
f 4423/4423 4422/4422 4363/4363
f 4363/4363 4365/4365 4423/4423
f 4424/4424 4423/4423 4365/4365
f 4365/4365 4367/4367 4424/4424
f 4425/4425 4424/4424 4367/4367
f 4367/4367 4369/4369 4425/4425
f 4426/4426 4425/4425 4369/4369
f 4369/4369 4371/4371 4426/4426
f 4427/4427 4426/4426 4371/4371
f 4371/4371 4373/4373 4427/4427
f 4428/4428 4427/4427 4373/4373
f 4373/4373 4375/4375 4428/4428
f 4375/4375 4429/4429 4428/4428
f 4430/4430 4379/4379 4431/4431
f 4432/4432 4431/4431 4379/4379
f 4379/4379 4380/4380 4432/4432
f 4433/4433 4432/4432 4380/4380
f 4380/4380 4381/4381 4433/4433
f 4434/4434 4433/4433 4381/4381
f 4381/4381 4382/4382 4434/4434
f 4435/4435 4434/4434 4382/4382
f 4382/4382 4383/4383 4435/4435
f 4436/4436 4435/4435 4383/4383
f 4383/4383 4384/4384 4436/4436
f 4437/4437 4436/4436 4384/4384
f 4384/4384 4385/4385 4437/4437
f 4438/4438 4437/4437 4385/4385
f 4385/4385 4386/4386 4438/4438
f 4439/4439 4438/4438 4386/4386
f 4386/4386 4387/4387 4439/4439
f 4440/4440 4439/4439 4387/4387
f 4387/4387 4388/4388 4440/4440
f 4441/4441 4440/4440 4388/4388
f 4388/4388 4389/4389 4441/4441
f 4442/4442 4441/4441 4389/4389
f 4389/4389 4390/4390 4442/4442
f 4443/4443 4442/4442 4390/4390
f 4390/4390 4391/4391 4443/4443
f 4444/4444 4443/4443 4391/4391
f 4391/4391 4392/4392 4444/4444
f 4445/4445 4444/4444 4392/4392
f 4392/4392 4393/4393 4445/4445
f 4446/4446 4445/4445 4393/4393
f 4393/4393 4394/4394 4446/4446
f 4447/4447 4446/4446 4394/4394
f 4394/4394 4395/4395 4447/4447
f 4448/4448 4447/4447 4395/4395
f 4395/4395 4396/4396 4448/4448
f 4449/4449 4448/4448 4396/4396
f 4396/4396 4397/4397 4449/4449
f 4450/4450 4449/4449 4397/4397
f 4397/4397 4398/4398 4450/4450
f 4451/4451 4450/4450 4398/4398
f 4398/4398 4399/4399 4451/4451
f 4452/4452 4451/4451 4399/4399
f 4399/4399 4400/4400 4452/4452
f 4453/4453 4452/4452 4400/4400
f 4400/4400 4401/4401 4453/4453
f 4454/4454 4453/4453 4401/4401
f 4401/4401 4402/4402 4454/4454
f 4455/4455 4454/4454 4402/4402
f 4402/4402 4403/4403 4455/4455
f 4456/4456 4455/4455 4403/4403
f 4403/4403 4404/4404 4456/4456
f 4457/4457 4456/4456 4404/4404
f 4404/4404 4405/4405 4457/4457
f 4458/4458 4457/4457 4405/4405
f 4405/4405 4406/4406 4458/4458
f 4459/4459 4458/4458 4406/4406
f 4406/4406 4407/4407 4459/4459
f 4460/4460 4459/4459 4407/4407
f 4407/4407 4408/4408 4460/4460
f 4461/4461 4460/4460 4408/4408
f 4408/4408 4409/4409 4461/4461
f 4462/4462 4461/4461 4409/4409
f 4409/4409 4410/4410 4462/4462
f 4463/4463 4462/4462 4410/4410
f 4410/4410 4411/4411 4463/4463
f 4464/4464 4463/4463 4411/4411
f 4411/4411 4412/4412 4464/4464
f 4465/4465 4464/4464 4412/4412
f 4412/4412 4413/4413 4465/4465
f 4466/4466 4465/4465 4413/4413
f 4413/4413 4414/4414 4466/4466
f 4467/4467 4466/4466 4414/4414
f 4414/4414 4415/4415 4467/4467
f 4468/4468 4467/4467 4415/4415
f 4415/4415 4416/4416 4468/4468
f 4469/4469 4468/4468 4416/4416
f 4416/4416 4417/4417 4469/4469
f 4470/4470 4469/4469 4417/4417
f 4417/4417 4418/4418 4470/4470
f 4471/4471 4470/4470 4418/4418
f 4418/4418 4419/4419 4471/4471
f 4472/4472 4471/4471 4419/4419
f 4419/4419 4420/4420 4472/4472
f 4473/4473 4472/4472 4420/4420
f 4420/4420 4421/4421 4473/4473
f 4474/4474 4473/4473 4421/4421
f 4421/4421 4422/4422 4474/4474
f 4475/4475 4474/4474 4422/4422
f 4422/4422 4423/4423 4475/4475
f 4476/4476 4475/4475 4423/4423
f 4423/4423 4424/4424 4476/4476
f 4477/4477 4476/4476 4424/4424
f 4424/4424 4425/4425 4477/4477
f 4478/4478 4477/4477 4425/4425
f 4425/4425 4426/4426 4478/4478
f 4479/4479 4478/4478 4426/4426
f 4426/4426 4427/4427 4479/4479
f 4480/4480 4479/4479 4427/4427
f 4427/4427 4428/4428 4480/4480
f 4428/4428 4481/4481 4480/4480
f 4482/4482 4431/4431 4483/4483
f 4484/4484 4483/4483 4431/4431
f 4431/4431 4432/4432 4484/4484
f 4485/4485 4484/4484 4432/4432
f 4432/4432 4433/4433 4485/4485
f 4486/4486 4485/4485 4433/4433
f 4433/4433 4434/4434 4486/4486
f 4487/4487 4486/4486 4434/4434
f 4434/4434 4435/4435 4487/4487
f 4488/4488 4487/4487 4435/4435
f 4435/4435 4436/4436 4488/4488
f 4489/4489 4488/4488 4436/4436
f 4436/4436 4437/4437 4489/4489
f 4490/4490 4489/4489 4437/4437
f 4437/4437 4438/4438 4490/4490
f 4491/4491 4490/4490 4438/4438
f 4438/4438 4439/4439 4491/4491
f 4492/4492 4491/4491 4439/4439
f 4439/4439 4440/4440 4492/4492
f 4493/4493 4492/4492 4440/4440
f 4440/4440 4441/4441 4493/4493
f 4494/4494 4493/4493 4441/4441
f 4441/4441 4442/4442 4494/4494
f 4495/4495 4494/4494 4442/4442
f 4442/4442 4443/4443 4495/4495
f 4496/4496 4495/4495 4443/4443
f 4443/4443 4444/4444 4496/4496
f 4497/4497 4496/4496 4444/4444
f 4444/4444 4445/4445 4497/4497
f 4498/4498 4497/4497 4445/4445
f 4445/4445 4446/4446 4498/4498
f 4499/4499 4498/4498 4446/4446
f 4446/4446 4447/4447 4499/4499
f 4500/4500 4499/4499 4447/4447
f 4447/4447 4448/4448 4500/4500
f 4501/4501 4500/4500 4448/4448
f 4448/4448 4449/4449 4501/4501
f 4502/4502 4501/4501 4449/4449
f 4449/4449 4450/4450 4502/4502
f 4503/4503 4502/4502 4450/4450
f 4450/4450 4451/4451 4503/4503
f 4504/4504 4503/4503 4451/4451
f 4451/4451 4452/4452 4504/4504
f 4505/4505 4504/4504 4452/4452
f 4452/4452 4453/4453 4505/4505
f 4506/4506 4505/4505 4453/4453
f 4453/4453 4454/4454 4506/4506
f 4507/4507 4506/4506 4454/4454
f 4454/4454 4455/4455 4507/4507
f 4508/4508 4507/4507 4455/4455
f 4455/4455 4456/4456 4508/4508
f 4509/4509 4508/4508 4456/4456
f 4456/4456 4457/4457 4509/4509
f 4510/4510 4509/4509 4457/4457
f 4457/4457 4458/4458 4510/4510
f 4511/4511 4510/4510 4458/4458
f 4458/4458 4459/4459 4511/4511
f 4512/4512 4511/4511 4459/4459
f 4459/4459 4460/4460 4512/4512
f 4513/4513 4512/4512 4460/4460
f 4460/4460 4461/4461 4513/4513
f 4514/4514 4513/4513 4461/4461
f 4461/4461 4462/4462 4514/4514
f 4515/4515 4514/4514 4462/4462
f 4462/4462 4463/4463 4515/4515
f 4516/4516 4515/4515 4463/4463
f 4463/4463 4464/4464 4516/4516
f 4517/4517 4516/4516 4464/4464
f 4464/4464 4465/4465 4517/4517
f 4518/4518 4517/4517 4465/4465
f 4465/4465 4466/4466 4518/4518
f 4519/4519 4518/4518 4466/4466
f 4466/4466 4467/4467 4519/4519
f 4520/4520 4519/4519 4467/4467
f 4467/4467 4468/4468 4520/4520
f 4521/4521 4520/4520 4468/4468
f 4468/4468 4469/4469 4521/4521
f 4522/4522 4521/4521 4469/4469
f 4469/4469 4470/4470 4522/4522
f 4523/4523 4522/4522 4470/4470
f 4470/4470 4471/4471 4523/4523
f 4524/4524 4523/4523 4471/4471
f 4471/4471 4472/4472 4524/4524
f 4525/4525 4524/4524 4472/4472
f 4472/4472 4473/4473 4525/4525
f 4526/4526 4525/4525 4473/4473
f 4473/4473 4474/4474 4526/4526
f 4527/4527 4526/4526 4474/4474
f 4474/4474 4475/4475 4527/4527
f 4528/4528 4527/4527 4475/4475
f 4475/4475 4476/4476 4528/4528
f 4529/4529 4528/4528 4476/4476
f 4476/4476 4477/4477 4529/4529
f 4530/4530 4529/4529 4477/4477
f 4477/4477 4478/4478 4530/4530
f 4531/4531 4530/4530 4478/4478
f 4478/4478 4479/4479 4531/4531
f 4532/4532 4531/4531 4479/4479
f 4479/4479 4480/4480 4532/4532
f 4480/4480 4533/4533 4532/4532
f 4534/4534 4483/4483 4535/4535
f 4536/4536 4535/4535 4483/4483
f 4483/4483 4484/4484 4536/4536
f 4537/4537 4536/4536 4484/4484
f 4484/4484 4485/4485 4537/4537
f 4538/4538 4537/4537 4485/4485
f 4485/4485 4486/4486 4538/4538
f 4539/4539 4538/4538 4486/4486
f 4486/4486 4487/4487 4539/4539
f 4540/4540 4539/4539 4487/4487
f 4487/4487 4488/4488 4540/4540
f 4541/4541 4540/4540 4488/4488
f 4488/4488 4489/4489 4541/4541
f 4542/4542 4541/4541 4489/4489
f 4489/4489 4490/4490 4542/4542
f 4543/4543 4542/4542 4490/4490
f 4490/4490 4491/4491 4543/4543
f 4544/4544 4543/4543 4491/4491
f 4491/4491 4492/4492 4544/4544
f 4545/4545 4544/4544 4492/4492
f 4492/4492 4493/4493 4545/4545
f 4546/4546 4545/4545 4493/4493
f 4493/4493 4494/4494 4546/4546
f 4547/4547 4546/4546 4494/4494
f 4494/4494 4495/4495 4547/4547
f 4548/4548 4547/4547 4495/4495
f 4495/4495 4496/4496 4548/4548
f 4549/4549 4548/4548 4496/4496
f 4496/4496 4497/4497 4549/4549
f 4550/4550 4549/4549 4497/4497
f 4497/4497 4498/4498 4550/4550
f 4551/4551 4550/4550 4498/4498
f 4498/4498 4499/4499 4551/4551
f 4552/4552 4551/4551 4499/4499
f 4499/4499 4500/4500 4552/4552
f 4553/4553 4552/4552 4500/4500
f 4500/4500 4501/4501 4553/4553
f 4554/4554 4553/4553 4501/4501
f 4501/4501 4502/4502 4554/4554
f 4555/4555 4554/4554 4502/4502
f 4502/4502 4503/4503 4555/4555
f 4556/4556 4555/4555 4503/4503
f 4503/4503 4504/4504 4556/4556
f 4557/4557 4556/4556 4504/4504
f 4504/4504 4505/4505 4557/4557
f 4558/4558 4557/4557 4505/4505
f 4505/4505 4506/4506 4558/4558
f 4559/4559 4558/4558 4506/4506
f 4506/4506 4507/4507 4559/4559
f 4560/4560 4559/4559 4507/4507
f 4507/4507 4508/4508 4560/4560
f 4561/4561 4560/4560 4508/4508
f 4508/4508 4509/4509 4561/4561
f 4562/4562 4561/4561 4509/4509
f 4509/4509 4510/4510 4562/4562
f 4563/4563 4562/4562 4510/4510
f 4510/4510 4511/4511 4563/4563
f 4564/4564 4563/4563 4511/4511
f 4511/4511 4512/4512 4564/4564
f 4565/4565 4564/4564 4512/4512
f 4512/4512 4513/4513 4565/4565
f 4566/4566 4565/4565 4513/4513
f 4513/4513 4514/4514 4566/4566
f 4567/4567 4566/4566 4514/4514
f 4514/4514 4515/4515 4567/4567
f 4568/4568 4567/4567 4515/4515
f 4515/4515 4516/4516 4568/4568
f 4569/4569 4568/4568 4516/4516
f 4516/4516 4517/4517 4569/4569
f 4570/4570 4569/4569 4517/4517
f 4517/4517 4518/4518 4570/4570
f 4571/4571 4570/4570 4518/4518
f 4518/4518 4519/4519 4571/4571
f 4572/4572 4571/4571 4519/4519
f 4519/4519 4520/4520 4572/4572
f 4573/4573 4572/4572 4520/4520
f 4520/4520 4521/4521 4573/4573
f 4574/4574 4573/4573 4521/4521
f 4521/4521 4522/4522 4574/4574
f 4575/4575 4574/4574 4522/4522
f 4522/4522 4523/4523 4575/4575
f 4576/4576 4575/4575 4523/4523
f 4523/4523 4524/4524 4576/4576
f 4577/4577 4576/4576 4524/4524
f 4524/4524 4525/4525 4577/4577
f 4578/4578 4577/4577 4525/4525
f 4525/4525 4526/4526 4578/4578
f 4579/4579 4578/4578 4526/4526
f 4526/4526 4527/4527 4579/4579
f 4580/4580 4579/4579 4527/4527
f 4527/4527 4528/4528 4580/4580
f 4581/4581 4580/4580 4528/4528
f 4528/4528 4529/4529 4581/4581
f 4582/4582 4581/4581 4529/4529
f 4529/4529 4530/4530 4582/4582
f 4583/4583 4582/4582 4530/4530
f 4530/4530 4531/4531 4583/4583
f 4584/4584 4583/4583 4531/4531
f 4531/4531 4532/4532 4584/4584
f 4532/4532 4585/4585 4584/4584
f 4586/4586 4535/4535 4587/4587
f 4588/4588 4587/4587 4535/4535
f 4535/4535 4536/4536 4588/4588
f 4589/4589 4588/4588 4536/4536
f 4536/4536 4537/4537 4589/4589
f 4590/4590 4589/4589 4537/4537
f 4537/4537 4538/4538 4590/4590
f 4591/4591 4590/4590 4538/4538
f 4538/4538 4539/4539 4591/4591
f 4592/4592 4591/4591 4539/4539
f 4539/4539 4540/4540 4592/4592
f 4593/4593 4592/4592 4540/4540
f 4540/4540 4541/4541 4593/4593
f 4594/4594 4593/4593 4541/4541
f 4541/4541 4542/4542 4594/4594
f 4595/4595 4594/4594 4542/4542
f 4542/4542 4543/4543 4595/4595
f 4596/4596 4595/4595 4543/4543
f 4543/4543 4544/4544 4596/4596
f 4597/4597 4596/4596 4544/4544
f 4544/4544 4545/4545 4597/4597
f 4598/4598 4597/4597 4545/4545
f 4545/4545 4546/4546 4598/4598
f 4599/4599 4598/4598 4546/4546
f 4546/4546 4547/4547 4599/4599
f 4600/4600 4599/4599 4547/4547
f 4547/4547 4548/4548 4600/4600
f 4601/4601 4600/4600 4548/4548
f 4548/4548 4549/4549 4601/4601
f 4602/4602 4601/4601 4549/4549
f 4549/4549 4550/4550 4602/4602
f 4603/4603 4602/4602 4550/4550
f 4550/4550 4551/4551 4603/4603
f 4604/4604 4603/4603 4551/4551
f 4551/4551 4552/4552 4604/4604
f 4605/4605 4604/4604 4552/4552
f 4552/4552 4553/4553 4605/4605
f 4606/4606 4605/4605 4553/4553
f 4553/4553 4554/4554 4606/4606
f 4607/4607 4606/4606 4554/4554
f 4554/4554 4555/4555 4607/4607
f 4608/4608 4607/4607 4555/4555
f 4555/4555 4556/4556 4608/4608
f 4609/4609 4608/4608 4556/4556
f 4556/4556 4557/4557 4609/4609
f 4610/4610 4609/4609 4557/4557
f 4557/4557 4558/4558 4610/4610
f 4611/4611 4610/4610 4558/4558
f 4558/4558 4559/4559 4611/4611
f 4612/4612 4611/4611 4559/4559
f 4559/4559 4560/4560 4612/4612
f 4613/4613 4612/4612 4560/4560
f 4560/4560 4561/4561 4613/4613
f 4614/4614 4613/4613 4561/4561
f 4561/4561 4562/4562 4614/4614
f 4615/4615 4614/4614 4562/4562
f 4562/4562 4563/4563 4615/4615
f 4616/4616 4615/4615 4563/4563
f 4563/4563 4564/4564 4616/4616
f 4617/4617 4616/4616 4564/4564
f 4564/4564 4565/4565 4617/4617
f 4618/4618 4617/4617 4565/4565
f 4565/4565 4566/4566 4618/4618
f 4619/4619 4618/4618 4566/4566
f 4566/4566 4567/4567 4619/4619
f 4620/4620 4619/4619 4567/4567
f 4567/4567 4568/4568 4620/4620
f 4621/4621 4620/4620 4568/4568
f 4568/4568 4569/4569 4621/4621
f 4622/4622 4621/4621 4569/4569
f 4569/4569 4570/4570 4622/4622
f 4623/4623 4622/4622 4570/4570
f 4570/4570 4571/4571 4623/4623
f 4624/4624 4623/4623 4571/4571
f 4571/4571 4572/4572 4624/4624
f 4625/4625 4624/4624 4572/4572
f 4572/4572 4573/4573 4625/4625
f 4626/4626 4625/4625 4573/4573
f 4573/4573 4574/4574 4626/4626
f 4627/4627 4626/4626 4574/4574
f 4574/4574 4575/4575 4627/4627
f 4628/4628 4627/4627 4575/4575
f 4575/4575 4576/4576 4628/4628
f 4629/4629 4628/4628 4576/4576
f 4576/4576 4577/4577 4629/4629
f 4630/4630 4629/4629 4577/4577
f 4577/4577 4578/4578 4630/4630
f 4631/4631 4630/4630 4578/4578
f 4578/4578 4579/4579 4631/4631
f 4632/4632 4631/4631 4579/4579
f 4579/4579 4580/4580 4632/4632
f 4633/4633 4632/4632 4580/4580
f 4580/4580 4581/4581 4633/4633
f 4634/4634 4633/4633 4581/4581
f 4581/4581 4582/4582 4634/4634
f 4635/4635 4634/4634 4582/4582
f 4582/4582 4583/4583 4635/4635
f 4636/4636 4635/4635 4583/4583
f 4583/4583 4584/4584 4636/4636
f 4584/4584 4637/4637 4636/4636
f 4638/4638 4587/4587 4639/4639
f 4640/4640 4639/4639 4587/4587
f 4587/4587 4588/4588 4640/4640
f 4641/4641 4640/4640 4588/4588
f 4588/4588 4589/4589 4641/4641
f 4642/4642 4641/4641 4589/4589
f 4589/4589 4590/4590 4642/4642
f 4643/4643 4642/4642 4590/4590
f 4590/4590 4591/4591 4643/4643
f 4644/4644 4643/4643 4591/4591
f 4591/4591 4592/4592 4644/4644
f 4645/4645 4644/4644 4592/4592
f 4592/4592 4593/4593 4645/4645
f 4646/4646 4645/4645 4593/4593
f 4593/4593 4594/4594 4646/4646
f 4647/4647 4646/4646 4594/4594
f 4594/4594 4595/4595 4647/4647
f 4648/4648 4647/4647 4595/4595
f 4595/4595 4596/4596 4648/4648
f 4649/4649 4648/4648 4596/4596
f 4596/4596 4597/4597 4649/4649
f 4650/4650 4649/4649 4597/4597
f 4597/4597 4598/4598 4650/4650
f 4651/4651 4650/4650 4598/4598
f 4598/4598 4599/4599 4651/4651
f 4652/4652 4651/4651 4599/4599
f 4599/4599 4600/4600 4652/4652
f 4653/4653 4652/4652 4600/4600
f 4600/4600 4601/4601 4653/4653
f 4654/4654 4653/4653 4601/4601
f 4601/4601 4602/4602 4654/4654
f 4655/4655 4654/4654 4602/4602
f 4602/4602 4603/4603 4655/4655
f 4656/4656 4655/4655 4603/4603
f 4603/4603 4604/4604 4656/4656
f 4657/4657 4656/4656 4604/4604
f 4604/4604 4605/4605 4657/4657
f 4658/4658 4657/4657 4605/4605
f 4605/4605 4606/4606 4658/4658
f 4659/4659 4658/4658 4606/4606
f 4606/4606 4607/4607 4659/4659
f 4660/4660 4659/4659 4607/4607
f 4607/4607 4608/4608 4660/4660
f 4661/4661 4660/4660 4608/4608
f 4608/4608 4609/4609 4661/4661
f 4662/4662 4661/4661 4609/4609
f 4609/4609 4610/4610 4662/4662
f 4663/4663 4662/4662 4610/4610
f 4610/4610 4611/4611 4663/4663
f 4664/4664 4663/4663 4611/4611
f 4611/4611 4612/4612 4664/4664
f 4665/4665 4664/4664 4612/4612
f 4612/4612 4613/4613 4665/4665
f 4666/4666 4665/4665 4613/4613
f 4613/4613 4614/4614 4666/4666
f 4667/4667 4666/4666 4614/4614
f 4614/4614 4615/4615 4667/4667
f 4668/4668 4667/4667 4615/4615
f 4615/4615 4616/4616 4668/4668
f 4669/4669 4668/4668 4616/4616
f 4616/4616 4617/4617 4669/4669
f 4670/4670 4669/4669 4617/4617
f 4617/4617 4618/4618 4670/4670
f 4671/4671 4670/4670 4618/4618
f 4618/4618 4619/4619 4671/4671
f 4672/4672 4671/4671 4619/4619
f 4619/4619 4620/4620 4672/4672
f 4673/4673 4672/4672 4620/4620
f 4620/4620 4621/4621 4673/4673
f 4674/4674 4673/4673 4621/4621
f 4621/4621 4622/4622 4674/4674
f 4675/4675 4674/4674 4622/4622
f 4622/4622 4623/4623 4675/4675
f 4676/4676 4675/4675 4623/4623
f 4623/4623 4624/4624 4676/4676
f 4677/4677 4676/4676 4624/4624
f 4624/4624 4625/4625 4677/4677
f 4678/4678 4677/4677 4625/4625
f 4625/4625 4626/4626 4678/4678
f 4679/4679 4678/4678 4626/4626
f 4626/4626 4627/4627 4679/4679
f 4680/4680 4679/4679 4627/4627
f 4627/4627 4628/4628 4680/4680
f 4681/4681 4680/4680 4628/4628
f 4628/4628 4629/4629 4681/4681
f 4682/4682 4681/4681 4629/4629
f 4629/4629 4630/4630 4682/4682
f 4683/4683 4682/4682 4630/4630
f 4630/4630 4631/4631 4683/4683
f 4684/4684 4683/4683 4631/4631
f 4631/4631 4632/4632 4684/4684
f 4685/4685 4684/4684 4632/4632
f 4632/4632 4633/4633 4685/4685
f 4686/4686 4685/4685 4633/4633
f 4633/4633 4634/4634 4686/4686
f 4687/4687 4686/4686 4634/4634
f 4634/4634 4635/4635 4687/4687
f 4688/4688 4687/4687 4635/4635
f 4635/4635 4636/4636 4688/4688
f 4636/4636 4689/4689 4688/4688
f 4690/4690 4639/4639 4691/4691
f 4692/4692 4691/4691 4639/4639
f 4639/4639 4640/4640 4692/4692
f 4693/4693 4692/4692 4640/4640
f 4640/4640 4641/4641 4693/4693
f 4694/4694 4693/4693 4641/4641
f 4641/4641 4642/4642 4694/4694
f 4695/4695 4694/4694 4642/4642
f 4642/4642 4643/4643 4695/4695
f 4696/4696 4695/4695 4643/4643
f 4643/4643 4644/4644 4696/4696
f 4697/4697 4696/4696 4644/4644
f 4644/4644 4645/4645 4697/4697
f 4698/4698 4697/4697 4645/4645
f 4645/4645 4646/4646 4698/4698
f 4699/4699 4698/4698 4646/4646
f 4646/4646 4647/4647 4699/4699
f 4700/4700 4699/4699 4647/4647
f 4647/4647 4648/4648 4700/4700
f 4701/4701 4700/4700 4648/4648
f 4648/4648 4649/4649 4701/4701
f 4702/4702 4701/4701 4649/4649
f 4649/4649 4650/4650 4702/4702
f 4703/4703 4702/4702 4650/4650
f 4650/4650 4651/4651 4703/4703
f 4704/4704 4703/4703 4651/4651
f 4651/4651 4652/4652 4704/4704
f 4705/4705 4704/4704 4652/4652
f 4652/4652 4653/4653 4705/4705
f 4706/4706 4705/4705 4653/4653
f 4653/4653 4654/4654 4706/4706
f 4707/4707 4706/4706 4654/4654
f 4654/4654 4655/4655 4707/4707
f 4708/4708 4707/4707 4655/4655
f 4655/4655 4656/4656 4708/4708
f 4709/4709 4708/4708 4656/4656
f 4656/4656 4657/4657 4709/4709
f 4710/4710 4709/4709 4657/4657
f 4657/4657 4658/4658 4710/4710
f 4711/4711 4710/4710 4658/4658
f 4658/4658 4659/4659 4711/4711
f 4712/4712 4711/4711 4659/4659
f 4659/4659 4660/4660 4712/4712
f 4713/4713 4712/4712 4660/4660
f 4660/4660 4661/4661 4713/4713
f 4714/4714 4713/4713 4661/4661
f 4661/4661 4662/4662 4714/4714
f 4715/4715 4714/4714 4662/4662
f 4662/4662 4663/4663 4715/4715
f 4716/4716 4715/4715 4663/4663
f 4663/4663 4664/4664 4716/4716
f 4717/4717 4716/4716 4664/4664
f 4664/4664 4665/4665 4717/4717
f 4718/4718 4717/4717 4665/4665
f 4665/4665 4666/4666 4718/4718
f 4719/4719 4718/4718 4666/4666
f 4666/4666 4667/4667 4719/4719
f 4720/4720 4719/4719 4667/4667
f 4667/4667 4668/4668 4720/4720
f 4721/4721 4720/4720 4668/4668
f 4668/4668 4669/4669 4721/4721
f 4722/4722 4721/4721 4669/4669
f 4669/4669 4670/4670 4722/4722
f 4723/4723 4722/4722 4670/4670
f 4670/4670 4671/4671 4723/4723
f 4724/4724 4723/4723 4671/4671
f 4671/4671 4672/4672 4724/4724
f 4725/4725 4724/4724 4672/4672
f 4672/4672 4673/4673 4725/4725
f 4726/4726 4725/4725 4673/4673
f 4673/4673 4674/4674 4726/4726
f 4727/4727 4726/4726 4674/4674
f 4674/4674 4675/4675 4727/4727
f 4728/4728 4727/4727 4675/4675
f 4675/4675 4676/4676 4728/4728
f 4729/4729 4728/4728 4676/4676
f 4676/4676 4677/4677 4729/4729
f 4730/4730 4729/4729 4677/4677
f 4677/4677 4678/4678 4730/4730
f 4731/4731 4730/4730 4678/4678
f 4678/4678 4679/4679 4731/4731
f 4732/4732 4731/4731 4679/4679
f 4679/4679 4680/4680 4732/4732
f 4733/4733 4732/4732 4680/4680
f 4680/4680 4681/4681 4733/4733
f 4734/4734 4733/4733 4681/4681
f 4681/4681 4682/4682 4734/4734
f 4735/4735 4734/4734 4682/4682
f 4682/4682 4683/4683 4735/4735
f 4736/4736 4735/4735 4683/4683
f 4683/4683 4684/4684 4736/4736
f 4737/4737 4736/4736 4684/4684
f 4684/4684 4685/4685 4737/4737
f 4738/4738 4737/4737 4685/4685
f 4685/4685 4686/4686 4738/4738
f 4739/4739 4738/4738 4686/4686
f 4686/4686 4687/4687 4739/4739
f 4740/4740 4739/4739 4687/4687
f 4687/4687 4688/4688 4740/4740
f 4688/4688 4741/4741 4740/4740
f 4742/4742 4691/4691 4743/4743
f 4744/4744 4743/4743 4691/4691
f 4691/4691 4692/4692 4744/4744
f 4745/4745 4744/4744 4692/4692
f 4692/4692 4693/4693 4745/4745
f 4746/4746 4745/4745 4693/4693
f 4693/4693 4694/4694 4746/4746
f 4747/4747 4746/4746 4694/4694
f 4694/4694 4695/4695 4747/4747
f 4748/4748 4747/4747 4695/4695
f 4695/4695 4696/4696 4748/4748
f 4749/4749 4748/4748 4696/4696
f 4696/4696 4697/4697 4749/4749
f 4750/4750 4749/4749 4697/4697
f 4697/4697 4698/4698 4750/4750
f 4751/4751 4750/4750 4698/4698
f 4698/4698 4699/4699 4751/4751
f 4752/4752 4751/4751 4699/4699
f 4699/4699 4700/4700 4752/4752
f 4753/4753 4752/4752 4700/4700
f 4700/4700 4701/4701 4753/4753
f 4754/4754 4753/4753 4701/4701
f 4701/4701 4702/4702 4754/4754
f 4755/4755 4754/4754 4702/4702
f 4702/4702 4703/4703 4755/4755
f 4756/4756 4755/4755 4703/4703
f 4703/4703 4704/4704 4756/4756
f 4757/4757 4756/4756 4704/4704
f 4704/4704 4705/4705 4757/4757
f 4758/4758 4757/4757 4705/4705
f 4705/4705 4706/4706 4758/4758
f 4759/4759 4758/4758 4706/4706
f 4706/4706 4707/4707 4759/4759
f 4760/4760 4759/4759 4707/4707
f 4707/4707 4708/4708 4760/4760
f 4761/4761 4760/4760 4708/4708
f 4708/4708 4709/4709 4761/4761
f 4762/4762 4761/4761 4709/4709
f 4709/4709 4710/4710 4762/4762
f 4763/4763 4762/4762 4710/4710
f 4710/4710 4711/4711 4763/4763
f 4764/4764 4763/4763 4711/4711
f 4711/4711 4712/4712 4764/4764
f 4765/4765 4764/4764 4712/4712
f 4712/4712 4713/4713 4765/4765
f 4766/4766 4765/4765 4713/4713
f 4713/4713 4714/4714 4766/4766
f 4767/4767 4766/4766 4714/4714
f 4714/4714 4715/4715 4767/4767
f 4768/4768 4767/4767 4715/4715
f 4715/4715 4716/4716 4768/4768
f 4769/4769 4768/4768 4716/4716
f 4716/4716 4717/4717 4769/4769
f 4770/4770 4769/4769 4717/4717
f 4717/4717 4718/4718 4770/4770
f 4771/4771 4770/4770 4718/4718
f 4718/4718 4719/4719 4771/4771
f 4772/4772 4771/4771 4719/4719
f 4719/4719 4720/4720 4772/4772
f 4773/4773 4772/4772 4720/4720
f 4720/4720 4721/4721 4773/4773
f 4774/4774 4773/4773 4721/4721
f 4721/4721 4722/4722 4774/4774
f 4775/4775 4774/4774 4722/4722
f 4722/4722 4723/4723 4775/4775
f 4776/4776 4775/4775 4723/4723
f 4723/4723 4724/4724 4776/4776
f 4777/4777 4776/4776 4724/4724
f 4724/4724 4725/4725 4777/4777
f 4778/4778 4777/4777 4725/4725
f 4725/4725 4726/4726 4778/4778
f 4779/4779 4778/4778 4726/4726
f 4726/4726 4727/4727 4779/4779
f 4780/4780 4779/4779 4727/4727
f 4727/4727 4728/4728 4780/4780
f 4781/4781 4780/4780 4728/4728
f 4728/4728 4729/4729 4781/4781
f 4782/4782 4781/4781 4729/4729
f 4729/4729 4730/4730 4782/4782
f 4783/4783 4782/4782 4730/4730
f 4730/4730 4731/4731 4783/4783
f 4784/4784 4783/4783 4731/4731
f 4731/4731 4732/4732 4784/4784
f 4785/4785 4784/4784 4732/4732
f 4732/4732 4733/4733 4785/4785
f 4786/4786 4785/4785 4733/4733
f 4733/4733 4734/4734 4786/4786
f 4787/4787 4786/4786 4734/4734
f 4734/4734 4735/4735 4787/4787
f 4788/4788 4787/4787 4735/4735
f 4735/4735 4736/4736 4788/4788
f 4789/4789 4788/4788 4736/4736
f 4736/4736 4737/4737 4789/4789
f 4790/4790 4789/4789 4737/4737
f 4737/4737 4738/4738 4790/4790
f 4791/4791 4790/4790 4738/4738
f 4738/4738 4739/4739 4791/4791
f 4792/4792 4791/4791 4739/4739
f 4739/4739 4740/4740 4792/4792
f 4740/4740 4793/4793 4792/4792
f 4794/4794 4743/4743 4795/4795
f 4796/4796 4795/4795 4743/4743
f 4743/4743 4744/4744 4796/4796
f 4797/4797 4796/4796 4744/4744
f 4744/4744 4745/4745 4797/4797
f 4798/4798 4797/4797 4745/4745
f 4745/4745 4746/4746 4798/4798
f 4799/4799 4798/4798 4746/4746
f 4746/4746 4747/4747 4799/4799
f 4800/4800 4799/4799 4747/4747
f 4747/4747 4748/4748 4800/4800
f 4801/4801 4800/4800 4748/4748
f 4748/4748 4749/4749 4801/4801
f 4802/4802 4801/4801 4749/4749
f 4749/4749 4750/4750 4802/4802
f 4803/4803 4802/4802 4750/4750
f 4750/4750 4751/4751 4803/4803
f 4804/4804 4803/4803 4751/4751
f 4751/4751 4752/4752 4804/4804
f 4805/4805 4804/4804 4752/4752
f 4752/4752 4753/4753 4805/4805
f 4806/4806 4805/4805 4753/4753
f 4753/4753 4754/4754 4806/4806
f 4807/4807 4806/4806 4754/4754
f 4754/4754 4755/4755 4807/4807
f 4808/4808 4807/4807 4755/4755
f 4755/4755 4756/4756 4808/4808
f 4809/4809 4808/4808 4756/4756
f 4756/4756 4757/4757 4809/4809
f 4810/4810 4809/4809 4757/4757
f 4757/4757 4758/4758 4810/4810
f 4811/4811 4810/4810 4758/4758
f 4758/4758 4759/4759 4811/4811
f 4812/4812 4811/4811 4759/4759
f 4759/4759 4760/4760 4812/4812
f 4813/4813 4812/4812 4760/4760
f 4760/4760 4761/4761 4813/4813
f 4814/4814 4813/4813 4761/4761
f 4761/4761 4762/4762 4814/4814
f 4815/4815 4814/4814 4762/4762
f 4762/4762 4763/4763 4815/4815
f 4816/4816 4815/4815 4763/4763
f 4763/4763 4764/4764 4816/4816
f 4817/4817 4816/4816 4764/4764
f 4764/4764 4765/4765 4817/4817
f 4818/4818 4817/4817 4765/4765
f 4765/4765 4766/4766 4818/4818
f 4819/4819 4818/4818 4766/4766
f 4766/4766 4767/4767 4819/4819
f 4820/4820 4819/4819 4767/4767
f 4767/4767 4768/4768 4820/4820
f 4821/4821 4820/4820 4768/4768
f 4768/4768 4769/4769 4821/4821
f 4822/4822 4821/4821 4769/4769
f 4769/4769 4770/4770 4822/4822
f 4823/4823 4822/4822 4770/4770
f 4770/4770 4771/4771 4823/4823
f 4824/4824 4823/4823 4771/4771
f 4771/4771 4772/4772 4824/4824
f 4825/4825 4824/4824 4772/4772
f 4772/4772 4773/4773 4825/4825
f 4826/4826 4825/4825 4773/4773
f 4773/4773 4774/4774 4826/4826
f 4827/4827 4826/4826 4774/4774
f 4774/4774 4775/4775 4827/4827
f 4828/4828 4827/4827 4775/4775
f 4775/4775 4776/4776 4828/4828
f 4829/4829 4828/4828 4776/4776
f 4776/4776 4777/4777 4829/4829
f 4830/4830 4829/4829 4777/4777
f 4777/4777 4778/4778 4830/4830
f 4831/4831 4830/4830 4778/4778
f 4778/4778 4779/4779 4831/4831
f 4832/4832 4831/4831 4779/4779
f 4779/4779 4780/4780 4832/4832
f 4833/4833 4832/4832 4780/4780
f 4780/4780 4781/4781 4833/4833
f 4834/4834 4833/4833 4781/4781
f 4781/4781 4782/4782 4834/4834
f 4835/4835 4834/4834 4782/4782
f 4782/4782 4783/4783 4835/4835
f 4836/4836 4835/4835 4783/4783
f 4783/4783 4784/4784 4836/4836
f 4837/4837 4836/4836 4784/4784
f 4784/4784 4785/4785 4837/4837
f 4838/4838 4837/4837 4785/4785
f 4785/4785 4786/4786 4838/4838
f 4839/4839 4838/4838 4786/4786
f 4786/4786 4787/4787 4839/4839
f 4840/4840 4839/4839 4787/4787
f 4787/4787 4788/4788 4840/4840
f 4841/4841 4840/4840 4788/4788
f 4788/4788 4789/4789 4841/4841
f 4842/4842 4841/4841 4789/4789
f 4789/4789 4790/4790 4842/4842
f 4843/4843 4842/4842 4790/4790
f 4790/4790 4791/4791 4843/4843
f 4844/4844 4843/4843 4791/4791
f 4791/4791 4792/4792 4844/4844
f 4792/4792 4845/4845 4844/4844
f 4846/4846 4795/4795 4847/4847
f 4848/4848 4847/4847 4795/4795
f 4795/4795 4796/4796 4848/4848
f 4849/4849 4848/4848 4796/4796
f 4796/4796 4797/4797 4849/4849
f 4850/4850 4849/4849 4797/4797
f 4797/4797 4798/4798 4850/4850
f 4851/4851 4850/4850 4798/4798
f 4798/4798 4799/4799 4851/4851
f 4852/4852 4851/4851 4799/4799
f 4799/4799 4800/4800 4852/4852
f 4853/4853 4852/4852 4800/4800
f 4800/4800 4801/4801 4853/4853
f 4854/4854 4853/4853 4801/4801
f 4801/4801 4802/4802 4854/4854
f 4855/4855 4854/4854 4802/4802
f 4802/4802 4803/4803 4855/4855
f 4856/4856 4855/4855 4803/4803
f 4803/4803 4804/4804 4856/4856
f 4857/4857 4856/4856 4804/4804
f 4804/4804 4805/4805 4857/4857
f 4858/4858 4857/4857 4805/4805
f 4805/4805 4806/4806 4858/4858
f 4859/4859 4858/4858 4806/4806
f 4806/4806 4807/4807 4859/4859
f 4860/4860 4859/4859 4807/4807
f 4807/4807 4808/4808 4860/4860
f 4861/4861 4860/4860 4808/4808
f 4808/4808 4809/4809 4861/4861
f 4862/4862 4861/4861 4809/4809
f 4809/4809 4810/4810 4862/4862
f 4863/4863 4862/4862 4810/4810
f 4810/4810 4811/4811 4863/4863
f 4864/4864 4863/4863 4811/4811
f 4811/4811 4812/4812 4864/4864
f 4865/4865 4864/4864 4812/4812
f 4812/4812 4813/4813 4865/4865
f 4866/4866 4865/4865 4813/4813
f 4813/4813 4814/4814 4866/4866
f 4867/4867 4866/4866 4814/4814
f 4814/4814 4815/4815 4867/4867
f 4868/4868 4867/4867 4815/4815
f 4815/4815 4816/4816 4868/4868
f 4869/4869 4868/4868 4816/4816
f 4816/4816 4817/4817 4869/4869
f 4870/4870 4869/4869 4817/4817
f 4817/4817 4818/4818 4870/4870
f 4871/4871 4870/4870 4818/4818
f 4818/4818 4819/4819 4871/4871
f 4872/4872 4871/4871 4819/4819
f 4819/4819 4820/4820 4872/4872
f 4873/4873 4872/4872 4820/4820
f 4820/4820 4821/4821 4873/4873
f 4874/4874 4873/4873 4821/4821
f 4821/4821 4822/4822 4874/4874
f 4875/4875 4874/4874 4822/4822
f 4822/4822 4823/4823 4875/4875
f 4876/4876 4875/4875 4823/4823
f 4823/4823 4824/4824 4876/4876
f 4877/4877 4876/4876 4824/4824
f 4824/4824 4825/4825 4877/4877
f 4878/4878 4877/4877 4825/4825
f 4825/4825 4826/4826 4878/4878
f 4879/4879 4878/4878 4826/4826
f 4826/4826 4827/4827 4879/4879
f 4880/4880 4879/4879 4827/4827
f 4827/4827 4828/4828 4880/4880
f 4881/4881 4880/4880 4828/4828
f 4828/4828 4829/4829 4881/4881
f 4882/4882 4881/4881 4829/4829
f 4829/4829 4830/4830 4882/4882
f 4883/4883 4882/4882 4830/4830
f 4830/4830 4831/4831 4883/4883
f 4884/4884 4883/4883 4831/4831
f 4831/4831 4832/4832 4884/4884
f 4885/4885 4884/4884 4832/4832
f 4832/4832 4833/4833 4885/4885
f 4886/4886 4885/4885 4833/4833
f 4833/4833 4834/4834 4886/4886
f 4887/4887 4886/4886 4834/4834
f 4834/4834 4835/4835 4887/4887
f 4888/4888 4887/4887 4835/4835
f 4835/4835 4836/4836 4888/4888
f 4889/4889 4888/4888 4836/4836
f 4836/4836 4837/4837 4889/4889
f 4890/4890 4889/4889 4837/4837
f 4837/4837 4838/4838 4890/4890
f 4891/4891 4890/4890 4838/4838
f 4838/4838 4839/4839 4891/4891
f 4892/4892 4891/4891 4839/4839
f 4839/4839 4840/4840 4892/4892
f 4893/4893 4892/4892 4840/4840
f 4840/4840 4841/4841 4893/4893
f 4894/4894 4893/4893 4841/4841
f 4841/4841 4842/4842 4894/4894
f 4895/4895 4894/4894 4842/4842
f 4842/4842 4843/4843 4895/4895
f 4896/4896 4895/4895 4843/4843
f 4843/4843 4844/4844 4896/4896
f 4844/4844 4897/4897 4896/4896
f 4898/4898 4847/4847 4899/4899
f 4900/4900 4899/4899 4847/4847
f 4847/4847 4848/4848 4900/4900
f 4901/4901 4900/4900 4848/4848
f 4848/4848 4849/4849 4901/4901
f 4902/4902 4901/4901 4849/4849
f 4849/4849 4850/4850 4902/4902
f 4903/4903 4902/4902 4850/4850
f 4850/4850 4851/4851 4903/4903
f 4904/4904 4903/4903 4851/4851
f 4851/4851 4852/4852 4904/4904
f 4905/4905 4904/4904 4852/4852
f 4852/4852 4853/4853 4905/4905
f 4906/4906 4905/4905 4853/4853
f 4853/4853 4854/4854 4906/4906
f 4907/4907 4906/4906 4854/4854
f 4854/4854 4855/4855 4907/4907
f 4908/4908 4907/4907 4855/4855
f 4855/4855 4856/4856 4908/4908
f 4909/4909 4908/4908 4856/4856
f 4856/4856 4857/4857 4909/4909
f 4910/4910 4909/4909 4857/4857
f 4857/4857 4858/4858 4910/4910
f 4911/4911 4910/4910 4858/4858
f 4858/4858 4859/4859 4911/4911
f 4912/4912 4911/4911 4859/4859
f 4859/4859 4860/4860 4912/4912
f 4913/4913 4912/4912 4860/4860
f 4860/4860 4861/4861 4913/4913
f 4914/4914 4913/4913 4861/4861
f 4861/4861 4862/4862 4914/4914
f 4915/4915 4914/4914 4862/4862
f 4862/4862 4863/4863 4915/4915
f 4916/4916 4915/4915 4863/4863
f 4863/4863 4864/4864 4916/4916
f 4917/4917 4916/4916 4864/4864
f 4864/4864 4865/4865 4917/4917
f 4918/4918 4917/4917 4865/4865
f 4865/4865 4866/4866 4918/4918
f 4919/4919 4918/4918 4866/4866
f 4866/4866 4867/4867 4919/4919
f 4920/4920 4919/4919 4867/4867
f 4867/4867 4868/4868 4920/4920
f 4921/4921 4920/4920 4868/4868
f 4868/4868 4869/4869 4921/4921
f 4922/4922 4921/4921 4869/4869
f 4869/4869 4870/4870 4922/4922
f 4923/4923 4922/4922 4870/4870
f 4870/4870 4871/4871 4923/4923
f 4924/4924 4923/4923 4871/4871
f 4871/4871 4872/4872 4924/4924
f 4925/4925 4924/4924 4872/4872
f 4872/4872 4873/4873 4925/4925
f 4926/4926 4925/4925 4873/4873
f 4873/4873 4874/4874 4926/4926
f 4927/4927 4926/4926 4874/4874
f 4874/4874 4875/4875 4927/4927
f 4928/4928 4927/4927 4875/4875
f 4875/4875 4876/4876 4928/4928
f 4929/4929 4928/4928 4876/4876
f 4876/4876 4877/4877 4929/4929
f 4930/4930 4929/4929 4877/4877
f 4877/4877 4878/4878 4930/4930
f 4931/4931 4930/4930 4878/4878
f 4878/4878 4879/4879 4931/4931
f 4932/4932 4931/4931 4879/4879
f 4879/4879 4880/4880 4932/4932
f 4933/4933 4932/4932 4880/4880
f 4880/4880 4881/4881 4933/4933
f 4934/4934 4933/4933 4881/4881
f 4881/4881 4882/4882 4934/4934
f 4935/4935 4934/4934 4882/4882
f 4882/4882 4883/4883 4935/4935
f 4936/4936 4935/4935 4883/4883
f 4883/4883 4884/4884 4936/4936
f 4937/4937 4936/4936 4884/4884
f 4884/4884 4885/4885 4937/4937
f 4938/4938 4937/4937 4885/4885
f 4885/4885 4886/4886 4938/4938
f 4939/4939 4938/4938 4886/4886
f 4886/4886 4887/4887 4939/4939
f 4940/4940 4939/4939 4887/4887
f 4887/4887 4888/4888 4940/4940
f 4941/4941 4940/4940 4888/4888
f 4888/4888 4889/4889 4941/4941
f 4942/4942 4941/4941 4889/4889
f 4889/4889 4890/4890 4942/4942
f 4943/4943 4942/4942 4890/4890
f 4890/4890 4891/4891 4943/4943
f 4944/4944 4943/4943 4891/4891
f 4891/4891 4892/4892 4944/4944
f 4945/4945 4944/4944 4892/4892
f 4892/4892 4893/4893 4945/4945
f 4946/4946 4945/4945 4893/4893
f 4893/4893 4894/4894 4946/4946
f 4947/4947 4946/4946 4894/4894
f 4894/4894 4895/4895 4947/4947
f 4948/4948 4947/4947 4895/4895
f 4895/4895 4896/4896 4948/4948
f 4896/4896 4949/4949 4948/4948
f 4950/4950 4899/4899 4951/4951
f 4952/4952 4951/4951 4899/4899
f 4899/4899 4900/4900 4952/4952
f 4953/4953 4952/4952 4900/4900
f 4900/4900 4901/4901 4953/4953
f 4954/4954 4953/4953 4901/4901
f 4901/4901 4902/4902 4954/4954
f 4955/4955 4954/4954 4902/4902
f 4902/4902 4903/4903 4955/4955
f 4956/4956 4955/4955 4903/4903
f 4903/4903 4904/4904 4956/4956
f 4957/4957 4956/4956 4904/4904
f 4904/4904 4905/4905 4957/4957
f 4958/4958 4957/4957 4905/4905
f 4905/4905 4906/4906 4958/4958
f 4959/4959 4958/4958 4906/4906
f 4906/4906 4907/4907 4959/4959
f 4960/4960 4959/4959 4907/4907
f 4907/4907 4908/4908 4960/4960
f 4961/4961 4960/4960 4908/4908
f 4908/4908 4909/4909 4961/4961
f 4962/4962 4961/4961 4909/4909
f 4909/4909 4910/4910 4962/4962
f 4963/4963 4962/4962 4910/4910
f 4910/4910 4911/4911 4963/4963
f 4964/4964 4963/4963 4911/4911
f 4911/4911 4912/4912 4964/4964
f 4965/4965 4964/4964 4912/4912
f 4912/4912 4913/4913 4965/4965
f 4966/4966 4965/4965 4913/4913
f 4913/4913 4914/4914 4966/4966
f 4967/4967 4966/4966 4914/4914
f 4914/4914 4915/4915 4967/4967
f 4968/4968 4967/4967 4915/4915
f 4915/4915 4916/4916 4968/4968
f 4969/4969 4968/4968 4916/4916
f 4916/4916 4917/4917 4969/4969
f 4970/4970 4969/4969 4917/4917
f 4917/4917 4918/4918 4970/4970
f 4971/4971 4970/4970 4918/4918
f 4918/4918 4919/4919 4971/4971
f 4972/4972 4971/4971 4919/4919
f 4919/4919 4920/4920 4972/4972
f 4973/4973 4972/4972 4920/4920
f 4920/4920 4921/4921 4973/4973
f 4974/4974 4973/4973 4921/4921
f 4921/4921 4922/4922 4974/4974
f 4975/4975 4974/4974 4922/4922
f 4922/4922 4923/4923 4975/4975
f 4976/4976 4975/4975 4923/4923
f 4923/4923 4924/4924 4976/4976
f 4977/4977 4976/4976 4924/4924
f 4924/4924 4925/4925 4977/4977
f 4978/4978 4977/4977 4925/4925
f 4925/4925 4926/4926 4978/4978
f 4979/4979 4978/4978 4926/4926
f 4926/4926 4927/4927 4979/4979
f 4980/4980 4979/4979 4927/4927
f 4927/4927 4928/4928 4980/4980
f 4981/4981 4980/4980 4928/4928
f 4928/4928 4929/4929 4981/4981
f 4982/4982 4981/4981 4929/4929
f 4929/4929 4930/4930 4982/4982
f 4983/4983 4982/4982 4930/4930
f 4930/4930 4931/4931 4983/4983
f 4984/4984 4983/4983 4931/4931
f 4931/4931 4932/4932 4984/4984
f 4985/4985 4984/4984 4932/4932
f 4932/4932 4933/4933 4985/4985
f 4986/4986 4985/4985 4933/4933
f 4933/4933 4934/4934 4986/4986
f 4987/4987 4986/4986 4934/4934
f 4934/4934 4935/4935 4987/4987
f 4988/4988 4987/4987 4935/4935
f 4935/4935 4936/4936 4988/4988
f 4989/4989 4988/4988 4936/4936
f 4936/4936 4937/4937 4989/4989
f 4990/4990 4989/4989 4937/4937
f 4937/4937 4938/4938 4990/4990
f 4991/4991 4990/4990 4938/4938
f 4938/4938 4939/4939 4991/4991
f 4992/4992 4991/4991 4939/4939
f 4939/4939 4940/4940 4992/4992
f 4993/4993 4992/4992 4940/4940
f 4940/4940 4941/4941 4993/4993
f 4994/4994 4993/4993 4941/4941
f 4941/4941 4942/4942 4994/4994
f 4995/4995 4994/4994 4942/4942
f 4942/4942 4943/4943 4995/4995
f 4996/4996 4995/4995 4943/4943
f 4943/4943 4944/4944 4996/4996
f 4997/4997 4996/4996 4944/4944
f 4944/4944 4945/4945 4997/4997
f 4998/4998 4997/4997 4945/4945
f 4945/4945 4946/4946 4998/4998
f 4999/4999 4998/4998 4946/4946
f 4946/4946 4947/4947 4999/4999
f 5000/5000 4999/4999 4947/4947
f 4947/4947 4948/4948 5000/5000
f 4948/4948 5001/5001 5000/5000
f 5002/5002 4951/4951 5003/5003
f 5004/5004 5003/5003 4951/4951
f 4951/4951 4952/4952 5004/5004
f 5005/5005 5004/5004 4952/4952
f 4952/4952 4953/4953 5005/5005
f 5006/5006 5005/5005 4953/4953
f 4953/4953 4954/4954 5006/5006
f 5007/5007 5006/5006 4954/4954
f 4954/4954 4955/4955 5007/5007
f 5008/5008 5007/5007 4955/4955
f 4955/4955 4956/4956 5008/5008
f 5009/5009 5008/5008 4956/4956
f 4956/4956 4957/4957 5009/5009
f 5010/5010 5009/5009 4957/4957
f 4957/4957 4958/4958 5010/5010
f 5011/5011 5010/5010 4958/4958
f 4958/4958 4959/4959 5011/5011
f 5012/5012 5011/5011 4959/4959
f 4959/4959 4960/4960 5012/5012
f 5013/5013 5012/5012 4960/4960
f 4960/4960 4961/4961 5013/5013
f 5014/5014 5013/5013 4961/4961
f 4961/4961 4962/4962 5014/5014
f 5015/5015 5014/5014 4962/4962
f 4962/4962 4963/4963 5015/5015
f 5016/5016 5015/5015 4963/4963
f 4963/4963 4964/4964 5016/5016
f 5017/5017 5016/5016 4964/4964
f 4964/4964 4965/4965 5017/5017
f 5018/5018 5017/5017 4965/4965
f 4965/4965 4966/4966 5018/5018
f 5019/5019 5018/5018 4966/4966
f 4966/4966 4967/4967 5019/5019
f 5020/5020 5019/5019 4967/4967
f 4967/4967 4968/4968 5020/5020
f 5021/5021 5020/5020 4968/4968
f 4968/4968 4969/4969 5021/5021
f 5022/5022 5021/5021 4969/4969
f 4969/4969 4970/4970 5022/5022
f 5023/5023 5022/5022 4970/4970
f 4970/4970 4971/4971 5023/5023
f 5024/5024 5023/5023 4971/4971
f 4971/4971 4972/4972 5024/5024
f 5025/5025 5024/5024 4972/4972
f 4972/4972 4973/4973 5025/5025
f 5026/5026 5025/5025 4973/4973
f 4973/4973 4974/4974 5026/5026
f 5027/5027 5026/5026 4974/4974
f 4974/4974 4975/4975 5027/5027
f 5028/5028 5027/5027 4975/4975
f 4975/4975 4976/4976 5028/5028
f 5029/5029 5028/5028 4976/4976
f 4976/4976 4977/4977 5029/5029
f 5030/5030 5029/5029 4977/4977
f 4977/4977 4978/4978 5030/5030
f 5031/5031 5030/5030 4978/4978
f 4978/4978 4979/4979 5031/5031
f 5032/5032 5031/5031 4979/4979
f 4979/4979 4980/4980 5032/5032
f 5033/5033 5032/5032 4980/4980
f 4980/4980 4981/4981 5033/5033
f 5034/5034 5033/5033 4981/4981
f 4981/4981 4982/4982 5034/5034
f 5035/5035 5034/5034 4982/4982
f 4982/4982 4983/4983 5035/5035
f 5036/5036 5035/5035 4983/4983
f 4983/4983 4984/4984 5036/5036
f 5037/5037 5036/5036 4984/4984
f 4984/4984 4985/4985 5037/5037
f 5038/5038 5037/5037 4985/4985
f 4985/4985 4986/4986 5038/5038
f 5039/5039 5038/5038 4986/4986
f 4986/4986 4987/4987 5039/5039
f 5040/5040 5039/5039 4987/4987
f 4987/4987 4988/4988 5040/5040
f 5041/5041 5040/5040 4988/4988
f 4988/4988 4989/4989 5041/5041
f 5042/5042 5041/5041 4989/4989
f 4989/4989 4990/4990 5042/5042
f 5043/5043 5042/5042 4990/4990
f 4990/4990 4991/4991 5043/5043
f 5044/5044 5043/5043 4991/4991
f 4991/4991 4992/4992 5044/5044
f 5045/5045 5044/5044 4992/4992
f 4992/4992 4993/4993 5045/5045
f 5046/5046 5045/5045 4993/4993
f 4993/4993 4994/4994 5046/5046
f 5047/5047 5046/5046 4994/4994
f 4994/4994 4995/4995 5047/5047
f 5048/5048 5047/5047 4995/4995
f 4995/4995 4996/4996 5048/5048
f 5049/5049 5048/5048 4996/4996
f 4996/4996 4997/4997 5049/5049
f 5050/5050 5049/5049 4997/4997
f 4997/4997 4998/4998 5050/5050
f 5051/5051 5050/5050 4998/4998
f 4998/4998 4999/4999 5051/5051
f 5052/5052 5051/5051 4999/4999
f 4999/4999 5000/5000 5052/5052
f 5000/5000 5053/5053 5052/5052
f 5054/5054 5003/5003 5055/5055
f 5056/5056 5055/5055 5003/5003
f 5003/5003 5004/5004 5056/5056
f 5057/5057 5056/5056 5004/5004
f 5004/5004 5005/5005 5057/5057
f 5058/5058 5057/5057 5005/5005
f 5005/5005 5006/5006 5058/5058
f 5059/5059 5058/5058 5006/5006
f 5006/5006 5007/5007 5059/5059
f 5060/5060 5059/5059 5007/5007
f 5007/5007 5008/5008 5060/5060
f 5061/5061 5060/5060 5008/5008
f 5008/5008 5009/5009 5061/5061
f 5062/5062 5061/5061 5009/5009
f 5009/5009 5010/5010 5062/5062
f 5063/5063 5062/5062 5010/5010
f 5010/5010 5011/5011 5063/5063
f 5064/5064 5063/5063 5011/5011
f 5011/5011 5012/5012 5064/5064
f 5065/5065 5064/5064 5012/5012
f 5012/5012 5013/5013 5065/5065
f 5066/5066 5065/5065 5013/5013
f 5013/5013 5014/5014 5066/5066
f 5067/5067 5066/5066 5014/5014
f 5014/5014 5015/5015 5067/5067
f 5068/5068 5067/5067 5015/5015
f 5015/5015 5016/5016 5068/5068
f 5069/5069 5068/5068 5016/5016
f 5016/5016 5017/5017 5069/5069
f 5070/5070 5069/5069 5017/5017
f 5017/5017 5018/5018 5070/5070
f 5071/5071 5070/5070 5018/5018
f 5018/5018 5019/5019 5071/5071
f 5072/5072 5071/5071 5019/5019
f 5019/5019 5020/5020 5072/5072
f 5073/5073 5072/5072 5020/5020
f 5020/5020 5021/5021 5073/5073
f 5074/5074 5073/5073 5021/5021
f 5021/5021 5022/5022 5074/5074
f 5075/5075 5074/5074 5022/5022
f 5022/5022 5023/5023 5075/5075
f 5076/5076 5075/5075 5023/5023
f 5023/5023 5024/5024 5076/5076
f 5077/5077 5076/5076 5024/5024
f 5024/5024 5025/5025 5077/5077
f 5078/5078 5077/5077 5025/5025
f 5025/5025 5026/5026 5078/5078
f 5079/5079 5078/5078 5026/5026
f 5026/5026 5027/5027 5079/5079
f 5080/5080 5079/5079 5027/5027
f 5027/5027 5028/5028 5080/5080
f 5081/5081 5080/5080 5028/5028
f 5028/5028 5029/5029 5081/5081
f 5082/5082 5081/5081 5029/5029
f 5029/5029 5030/5030 5082/5082
f 5083/5083 5082/5082 5030/5030
f 5030/5030 5031/5031 5083/5083
f 5084/5084 5083/5083 5031/5031
f 5031/5031 5032/5032 5084/5084
f 5085/5085 5084/5084 5032/5032
f 5032/5032 5033/5033 5085/5085
f 5086/5086 5085/5085 5033/5033
f 5033/5033 5034/5034 5086/5086
f 5087/5087 5086/5086 5034/5034
f 5034/5034 5035/5035 5087/5087
f 5088/5088 5087/5087 5035/5035
f 5035/5035 5036/5036 5088/5088
f 5089/5089 5088/5088 5036/5036
f 5036/5036 5037/5037 5089/5089
f 5090/5090 5089/5089 5037/5037
f 5037/5037 5038/5038 5090/5090
f 5091/5091 5090/5090 5038/5038
f 5038/5038 5039/5039 5091/5091
f 5092/5092 5091/5091 5039/5039
f 5039/5039 5040/5040 5092/5092
f 5093/5093 5092/5092 5040/5040
f 5040/5040 5041/5041 5093/5093
f 5094/5094 5093/5093 5041/5041
f 5041/5041 5042/5042 5094/5094
f 5095/5095 5094/5094 5042/5042
f 5042/5042 5043/5043 5095/5095
f 5096/5096 5095/5095 5043/5043
f 5043/5043 5044/5044 5096/5096
f 5097/5097 5096/5096 5044/5044
f 5044/5044 5045/5045 5097/5097
f 5098/5098 5097/5097 5045/5045
f 5045/5045 5046/5046 5098/5098
f 5099/5099 5098/5098 5046/5046
f 5046/5046 5047/5047 5099/5099
f 5100/5100 5099/5099 5047/5047
f 5047/5047 5048/5048 5100/5100
f 5101/5101 5100/5100 5048/5048
f 5048/5048 5049/5049 5101/5101
f 5102/5102 5101/5101 5049/5049
f 5049/5049 5050/5050 5102/5102
f 5103/5103 5102/5102 5050/5050
f 5050/5050 5051/5051 5103/5103
f 5104/5104 5103/5103 5051/5051
f 5051/5051 5052/5052 5104/5104
f 5052/5052 5105/5105 5104/5104
f 5106/5106 5055/5055 5107/5107
f 5108/5108 5107/5107 5055/5055
f 5055/5055 5056/5056 5108/5108
f 5109/5109 5108/5108 5056/5056
f 5056/5056 5057/5057 5109/5109
f 5110/5110 5109/5109 5057/5057
f 5057/5057 5058/5058 5110/5110
f 5111/5111 5110/5110 5058/5058
f 5058/5058 5059/5059 5111/5111
f 5112/5112 5111/5111 5059/5059
f 5059/5059 5060/5060 5112/5112
f 5113/5113 5112/5112 5060/5060
f 5060/5060 5061/5061 5113/5113
f 5114/5114 5113/5113 5061/5061
f 5061/5061 5062/5062 5114/5114
f 5115/5115 5114/5114 5062/5062
f 5062/5062 5063/5063 5115/5115
f 5116/5116 5115/5115 5063/5063
f 5063/5063 5064/5064 5116/5116
f 5117/5117 5116/5116 5064/5064
f 5064/5064 5065/5065 5117/5117
f 5118/5118 5117/5117 5065/5065
f 5065/5065 5066/5066 5118/5118
f 5119/5119 5118/5118 5066/5066
f 5066/5066 5067/5067 5119/5119
f 5120/5120 5119/5119 5067/5067
f 5067/5067 5068/5068 5120/5120
f 5121/5121 5120/5120 5068/5068
f 5068/5068 5069/5069 5121/5121
f 5122/5122 5121/5121 5069/5069
f 5069/5069 5070/5070 5122/5122
f 5123/5123 5122/5122 5070/5070
f 5070/5070 5071/5071 5123/5123
f 5124/5124 5123/5123 5071/5071
f 5071/5071 5072/5072 5124/5124
f 5125/5125 5124/5124 5072/5072
f 5072/5072 5073/5073 5125/5125
f 5126/5126 5125/5125 5073/5073
f 5073/5073 5074/5074 5126/5126
f 5127/5127 5126/5126 5074/5074
f 5074/5074 5075/5075 5127/5127
f 5128/5128 5127/5127 5075/5075
f 5075/5075 5076/5076 5128/5128
f 5129/5129 5128/5128 5076/5076
f 5076/5076 5077/5077 5129/5129
f 5130/5130 5129/5129 5077/5077
f 5077/5077 5078/5078 5130/5130
f 5131/5131 5130/5130 5078/5078
f 5078/5078 5079/5079 5131/5131
f 5132/5132 5131/5131 5079/5079
f 5079/5079 5080/5080 5132/5132
f 5133/5133 5132/5132 5080/5080
f 5080/5080 5081/5081 5133/5133
f 5134/5134 5133/5133 5081/5081
f 5081/5081 5082/5082 5134/5134
f 5135/5135 5134/5134 5082/5082
f 5082/5082 5083/5083 5135/5135
f 5136/5136 5135/5135 5083/5083
f 5083/5083 5084/5084 5136/5136
f 5137/5137 5136/5136 5084/5084
f 5084/5084 5085/5085 5137/5137
f 5138/5138 5137/5137 5085/5085
f 5085/5085 5086/5086 5138/5138
f 5139/5139 5138/5138 5086/5086
f 5086/5086 5087/5087 5139/5139
f 5140/5140 5139/5139 5087/5087
f 5087/5087 5088/5088 5140/5140
f 5141/5141 5140/5140 5088/5088
f 5088/5088 5089/5089 5141/5141
f 5142/5142 5141/5141 5089/5089
f 5089/5089 5090/5090 5142/5142
f 5143/5143 5142/5142 5090/5090
f 5090/5090 5091/5091 5143/5143
f 5144/5144 5143/5143 5091/5091
f 5091/5091 5092/5092 5144/5144
f 5145/5145 5144/5144 5092/5092
f 5092/5092 5093/5093 5145/5145
f 5146/5146 5145/5145 5093/5093
f 5093/5093 5094/5094 5146/5146
f 5147/5147 5146/5146 5094/5094
f 5094/5094 5095/5095 5147/5147
f 5148/5148 5147/5147 5095/5095
f 5095/5095 5096/5096 5148/5148
f 5149/5149 5148/5148 5096/5096
f 5096/5096 5097/5097 5149/5149
f 5150/5150 5149/5149 5097/5097
f 5097/5097 5098/5098 5150/5150
f 5151/5151 5150/5150 5098/5098
f 5098/5098 5099/5099 5151/5151
f 5152/5152 5151/5151 5099/5099
f 5099/5099 5100/5100 5152/5152
f 5153/5153 5152/5152 5100/5100
f 5100/5100 5101/5101 5153/5153
f 5154/5154 5153/5153 5101/5101
f 5101/5101 5102/5102 5154/5154
f 5155/5155 5154/5154 5102/5102
f 5102/5102 5103/5103 5155/5155
f 5156/5156 5155/5155 5103/5103
f 5103/5103 5104/5104 5156/5156
f 5104/5104 5157/5157 5156/5156
f 5158/5158 5107/5107 5159/5159
f 5160/5160 5159/5159 5107/5107
f 5107/5107 5108/5108 5160/5160
f 5161/5161 5160/5160 5108/5108
f 5108/5108 5109/5109 5161/5161
f 5162/5162 5161/5161 5109/5109
f 5109/5109 5110/5110 5162/5162
f 5163/5163 5162/5162 5110/5110
f 5110/5110 5111/5111 5163/5163
f 5164/5164 5163/5163 5111/5111
f 5111/5111 5112/5112 5164/5164
f 5165/5165 5164/5164 5112/5112
f 5112/5112 5113/5113 5165/5165
f 5166/5166 5165/5165 5113/5113
f 5113/5113 5114/5114 5166/5166
f 5167/5167 5166/5166 5114/5114
f 5114/5114 5115/5115 5167/5167
f 5168/5168 5167/5167 5115/5115
f 5115/5115 5116/5116 5168/5168
f 5169/5169 5168/5168 5116/5116
f 5116/5116 5117/5117 5169/5169
f 5170/5170 5169/5169 5117/5117
f 5117/5117 5118/5118 5170/5170
f 5171/5171 5170/5170 5118/5118
f 5118/5118 5119/5119 5171/5171
f 5172/5172 5171/5171 5119/5119
f 5119/5119 5120/5120 5172/5172
f 5173/5173 5172/5172 5120/5120
f 5120/5120 5121/5121 5173/5173
f 5174/5174 5173/5173 5121/5121
f 5121/5121 5122/5122 5174/5174
f 5175/5175 5174/5174 5122/5122
f 5122/5122 5123/5123 5175/5175
f 5176/5176 5175/5175 5123/5123
f 5123/5123 5124/5124 5176/5176
f 5177/5177 5176/5176 5124/5124
f 5124/5124 5125/5125 5177/5177
f 5178/5178 5177/5177 5125/5125
f 5125/5125 5126/5126 5178/5178
f 5179/5179 5178/5178 5126/5126
f 5126/5126 5127/5127 5179/5179
f 5180/5180 5179/5179 5127/5127
f 5127/5127 5128/5128 5180/5180
f 5181/5181 5180/5180 5128/5128
f 5128/5128 5129/5129 5181/5181
f 5182/5182 5181/5181 5129/5129
f 5129/5129 5130/5130 5182/5182
f 5183/5183 5182/5182 5130/5130
f 5130/5130 5131/5131 5183/5183
f 5184/5184 5183/5183 5131/5131
f 5131/5131 5132/5132 5184/5184
f 5185/5185 5184/5184 5132/5132
f 5132/5132 5133/5133 5185/5185
f 5186/5186 5185/5185 5133/5133
f 5133/5133 5134/5134 5186/5186
f 5187/5187 5186/5186 5134/5134
f 5134/5134 5135/5135 5187/5187
f 5188/5188 5187/5187 5135/5135
f 5135/5135 5136/5136 5188/5188
f 5189/5189 5188/5188 5136/5136
f 5136/5136 5137/5137 5189/5189
f 5190/5190 5189/5189 5137/5137
f 5137/5137 5138/5138 5190/5190
f 5191/5191 5190/5190 5138/5138
f 5138/5138 5139/5139 5191/5191
f 5192/5192 5191/5191 5139/5139
f 5139/5139 5140/5140 5192/5192
f 5193/5193 5192/5192 5140/5140
f 5140/5140 5141/5141 5193/5193
f 5194/5194 5193/5193 5141/5141
f 5141/5141 5142/5142 5194/5194
f 5195/5195 5194/5194 5142/5142
f 5142/5142 5143/5143 5195/5195
f 5196/5196 5195/5195 5143/5143
f 5143/5143 5144/5144 5196/5196
f 5197/5197 5196/5196 5144/5144
f 5144/5144 5145/5145 5197/5197
f 5198/5198 5197/5197 5145/5145
f 5145/5145 5146/5146 5198/5198
f 5199/5199 5198/5198 5146/5146
f 5146/5146 5147/5147 5199/5199
f 5200/5200 5199/5199 5147/5147
f 5147/5147 5148/5148 5200/5200
f 5201/5201 5200/5200 5148/5148
f 5148/5148 5149/5149 5201/5201
f 5202/5202 5201/5201 5149/5149
f 5149/5149 5150/5150 5202/5202
f 5203/5203 5202/5202 5150/5150
f 5150/5150 5151/5151 5203/5203
f 5204/5204 5203/5203 5151/5151
f 5151/5151 5152/5152 5204/5204
f 5205/5205 5204/5204 5152/5152
f 5152/5152 5153/5153 5205/5205
f 5206/5206 5205/5205 5153/5153
f 5153/5153 5154/5154 5206/5206
f 5207/5207 5206/5206 5154/5154
f 5154/5154 5155/5155 5207/5207
f 5208/5208 5207/5207 5155/5155
f 5155/5155 5156/5156 5208/5208
f 5156/5156 5209/5209 5208/5208
f 5210/5210 5159/5159 5211/5211
f 5212/5212 5211/5211 5159/5159
f 5159/5159 5160/5160 5212/5212
f 5213/5213 5212/5212 5160/5160
f 5160/5160 5161/5161 5213/5213
f 5214/5214 5213/5213 5161/5161
f 5161/5161 5162/5162 5214/5214
f 5215/5215 5214/5214 5162/5162
f 5162/5162 5163/5163 5215/5215
f 5216/5216 5215/5215 5163/5163
f 5163/5163 5164/5164 5216/5216
f 5217/5217 5216/5216 5164/5164
f 5164/5164 5165/5165 5217/5217
f 5218/5218 5217/5217 5165/5165
f 5165/5165 5166/5166 5218/5218
f 5219/5219 5218/5218 5166/5166
f 5166/5166 5167/5167 5219/5219
f 5220/5220 5219/5219 5167/5167
f 5167/5167 5168/5168 5220/5220
f 5221/5221 5220/5220 5168/5168
f 5168/5168 5169/5169 5221/5221
f 5222/5222 5221/5221 5169/5169
f 5169/5169 5170/5170 5222/5222
f 5223/5223 5222/5222 5170/5170
f 5170/5170 5171/5171 5223/5223
f 5224/5224 5223/5223 5171/5171
f 5171/5171 5172/5172 5224/5224
f 5225/5225 5224/5224 5172/5172
f 5172/5172 5173/5173 5225/5225
f 5226/5226 5225/5225 5173/5173
f 5173/5173 5174/5174 5226/5226
f 5227/5227 5226/5226 5174/5174
f 5174/5174 5175/5175 5227/5227
f 5228/5228 5227/5227 5175/5175
f 5175/5175 5176/5176 5228/5228
f 5229/5229 5228/5228 5176/5176
f 5176/5176 5177/5177 5229/5229
f 5230/5230 5229/5229 5177/5177
f 5177/5177 5178/5178 5230/5230
f 5231/5231 5230/5230 5178/5178
f 5178/5178 5179/5179 5231/5231
f 5232/5232 5231/5231 5179/5179
f 5179/5179 5180/5180 5232/5232
f 5233/5233 5232/5232 5180/5180
f 5180/5180 5181/5181 5233/5233
f 5234/5234 5233/5233 5181/5181
f 5181/5181 5182/5182 5234/5234
f 5235/5235 5234/5234 5182/5182
f 5182/5182 5183/5183 5235/5235
f 5236/5236 5235/5235 5183/5183
f 5183/5183 5184/5184 5236/5236
f 5237/5237 5236/5236 5184/5184
f 5184/5184 5185/5185 5237/5237
f 5238/5238 5237/5237 5185/5185
f 5185/5185 5186/5186 5238/5238
f 5239/5239 5238/5238 5186/5186
f 5186/5186 5187/5187 5239/5239
f 5240/5240 5239/5239 5187/5187
f 5187/5187 5188/5188 5240/5240
f 5241/5241 5240/5240 5188/5188
f 5188/5188 5189/5189 5241/5241
f 5242/5242 5241/5241 5189/5189
f 5189/5189 5190/5190 5242/5242
f 5243/5243 5242/5242 5190/5190
f 5190/5190 5191/5191 5243/5243
f 5244/5244 5243/5243 5191/5191
f 5191/5191 5192/5192 5244/5244
f 5245/5245 5244/5244 5192/5192
f 5192/5192 5193/5193 5245/5245
f 5246/5246 5245/5245 5193/5193
f 5193/5193 5194/5194 5246/5246
f 5247/5247 5246/5246 5194/5194
f 5194/5194 5195/5195 5247/5247
f 5248/5248 5247/5247 5195/5195
f 5195/5195 5196/5196 5248/5248
f 5249/5249 5248/5248 5196/5196
f 5196/5196 5197/5197 5249/5249
f 5250/5250 5249/5249 5197/5197
f 5197/5197 5198/5198 5250/5250
f 5251/5251 5250/5250 5198/5198
f 5198/5198 5199/5199 5251/5251
f 5252/5252 5251/5251 5199/5199
f 5199/5199 5200/5200 5252/5252
f 5253/5253 5252/5252 5200/5200
f 5200/5200 5201/5201 5253/5253
f 5254/5254 5253/5253 5201/5201
f 5201/5201 5202/5202 5254/5254
f 5255/5255 5254/5254 5202/5202
f 5202/5202 5203/5203 5255/5255
f 5256/5256 5255/5255 5203/5203
f 5203/5203 5204/5204 5256/5256
f 5257/5257 5256/5256 5204/5204
f 5204/5204 5205/5205 5257/5257
f 5258/5258 5257/5257 5205/5205
f 5205/5205 5206/5206 5258/5258
f 5259/5259 5258/5258 5206/5206
f 5206/5206 5207/5207 5259/5259
f 5260/5260 5259/5259 5207/5207
f 5207/5207 5208/5208 5260/5260
f 5208/5208 5261/5261 5260/5260
f 5262/5262 5211/5211 5263/5263
f 5264/5264 5263/5263 5211/5211
f 5211/5211 5212/5212 5264/5264
f 5265/5265 5264/5264 5212/5212
f 5212/5212 5213/5213 5265/5265
f 5266/5266 5265/5265 5213/5213
f 5213/5213 5214/5214 5266/5266
f 5267/5267 5266/5266 5214/5214
f 5214/5214 5215/5215 5267/5267
f 5268/5268 5267/5267 5215/5215
f 5215/5215 5216/5216 5268/5268
f 5269/5269 5268/5268 5216/5216
f 5216/5216 5217/5217 5269/5269
f 5270/5270 5269/5269 5217/5217
f 5217/5217 5218/5218 5270/5270
f 5271/5271 5270/5270 5218/5218
f 5218/5218 5219/5219 5271/5271
f 5272/5272 5271/5271 5219/5219
f 5219/5219 5220/5220 5272/5272
f 5273/5273 5272/5272 5220/5220
f 5220/5220 5221/5221 5273/5273
f 5274/5274 5273/5273 5221/5221
f 5221/5221 5222/5222 5274/5274
f 5275/5275 5274/5274 5222/5222
f 5222/5222 5223/5223 5275/5275
f 5276/5276 5275/5275 5223/5223
f 5223/5223 5224/5224 5276/5276
f 5277/5277 5276/5276 5224/5224
f 5224/5224 5225/5225 5277/5277
f 5278/5278 5277/5277 5225/5225
f 5225/5225 5226/5226 5278/5278
f 5279/5279 5278/5278 5226/5226
f 5226/5226 5227/5227 5279/5279
f 5280/5280 5279/5279 5227/5227
f 5227/5227 5228/5228 5280/5280
f 5281/5281 5280/5280 5228/5228
f 5228/5228 5229/5229 5281/5281
f 5282/5282 5281/5281 5229/5229
f 5229/5229 5230/5230 5282/5282
f 5283/5283 5282/5282 5230/5230
f 5230/5230 5231/5231 5283/5283
f 5284/5284 5283/5283 5231/5231
f 5231/5231 5232/5232 5284/5284
f 5285/5285 5284/5284 5232/5232
f 5232/5232 5233/5233 5285/5285
f 5286/5286 5285/5285 5233/5233
f 5233/5233 5234/5234 5286/5286
f 5287/5287 5286/5286 5234/5234
f 5234/5234 5235/5235 5287/5287
f 5288/5288 5287/5287 5235/5235
f 5235/5235 5236/5236 5288/5288
f 5289/5289 5288/5288 5236/5236
f 5236/5236 5237/5237 5289/5289
f 5290/5290 5289/5289 5237/5237
f 5237/5237 5238/5238 5290/5290
f 5291/5291 5290/5290 5238/5238
f 5238/5238 5239/5239 5291/5291
f 5292/5292 5291/5291 5239/5239
f 5239/5239 5240/5240 5292/5292
f 5293/5293 5292/5292 5240/5240
f 5240/5240 5241/5241 5293/5293
f 5294/5294 5293/5293 5241/5241
f 5241/5241 5242/5242 5294/5294
f 5295/5295 5294/5294 5242/5242
f 5242/5242 5243/5243 5295/5295
f 5296/5296 5295/5295 5243/5243
f 5243/5243 5244/5244 5296/5296
f 5297/5297 5296/5296 5244/5244
f 5244/5244 5245/5245 5297/5297
f 5298/5298 5297/5297 5245/5245
f 5245/5245 5246/5246 5298/5298
f 5299/5299 5298/5298 5246/5246
f 5246/5246 5247/5247 5299/5299
f 5300/5300 5299/5299 5247/5247
f 5247/5247 5248/5248 5300/5300
f 5301/5301 5300/5300 5248/5248
f 5248/5248 5249/5249 5301/5301
f 5302/5302 5301/5301 5249/5249
f 5249/5249 5250/5250 5302/5302
f 5303/5303 5302/5302 5250/5250
f 5250/5250 5251/5251 5303/5303
f 5304/5304 5303/5303 5251/5251
f 5251/5251 5252/5252 5304/5304
f 5305/5305 5304/5304 5252/5252
f 5252/5252 5253/5253 5305/5305
f 5306/5306 5305/5305 5253/5253
f 5253/5253 5254/5254 5306/5306
f 5307/5307 5306/5306 5254/5254
f 5254/5254 5255/5255 5307/5307
f 5308/5308 5307/5307 5255/5255
f 5255/5255 5256/5256 5308/5308
f 5309/5309 5308/5308 5256/5256
f 5256/5256 5257/5257 5309/5309
f 5310/5310 5309/5309 5257/5257
f 5257/5257 5258/5258 5310/5310
f 5311/5311 5310/5310 5258/5258
f 5258/5258 5259/5259 5311/5311
f 5312/5312 5311/5311 5259/5259
f 5259/5259 5260/5260 5312/5312
f 5260/5260 5313/5313 5312/5312
f 5314/5314 5263/5263 5315/5315
f 5316/5316 5315/5315 5263/5263
f 5263/5263 5264/5264 5316/5316
f 5317/5317 5316/5316 5264/5264
f 5264/5264 5265/5265 5317/5317
f 5318/5318 5317/5317 5265/5265
f 5265/5265 5266/5266 5318/5318
f 5319/5319 5318/5318 5266/5266
f 5266/5266 5267/5267 5319/5319
f 5320/5320 5319/5319 5267/5267
f 5267/5267 5268/5268 5320/5320
f 5321/5321 5320/5320 5268/5268
f 5268/5268 5269/5269 5321/5321
f 5322/5322 5321/5321 5269/5269
f 5269/5269 5270/5270 5322/5322
f 5323/5323 5322/5322 5270/5270
f 5270/5270 5271/5271 5323/5323
f 5324/5324 5323/5323 5271/5271
f 5271/5271 5272/5272 5324/5324
f 5325/5325 5324/5324 5272/5272
f 5272/5272 5273/5273 5325/5325
f 5326/5326 5325/5325 5273/5273
f 5273/5273 5274/5274 5326/5326
f 5327/5327 5326/5326 5274/5274
f 5274/5274 5275/5275 5327/5327
f 5328/5328 5327/5327 5275/5275
f 5275/5275 5276/5276 5328/5328
f 5329/5329 5328/5328 5276/5276
f 5276/5276 5277/5277 5329/5329
f 5330/5330 5329/5329 5277/5277
f 5277/5277 5278/5278 5330/5330
f 5331/5331 5330/5330 5278/5278
f 5278/5278 5279/5279 5331/5331
f 5332/5332 5331/5331 5279/5279
f 5279/5279 5280/5280 5332/5332
f 5333/5333 5332/5332 5280/5280
f 5280/5280 5281/5281 5333/5333
f 5334/5334 5333/5333 5281/5281
f 5281/5281 5282/5282 5334/5334
f 5335/5335 5334/5334 5282/5282
f 5282/5282 5283/5283 5335/5335
f 5336/5336 5335/5335 5283/5283
f 5283/5283 5284/5284 5336/5336
f 5337/5337 5336/5336 5284/5284
f 5284/5284 5285/5285 5337/5337
f 5338/5338 5337/5337 5285/5285
f 5285/5285 5286/5286 5338/5338
f 5339/5339 5338/5338 5286/5286
f 5286/5286 5287/5287 5339/5339
f 5340/5340 5339/5339 5287/5287
f 5287/5287 5288/5288 5340/5340
f 5341/5341 5340/5340 5288/5288
f 5288/5288 5289/5289 5341/5341
f 5342/5342 5341/5341 5289/5289
f 5289/5289 5290/5290 5342/5342
f 5343/5343 5342/5342 5290/5290
f 5290/5290 5291/5291 5343/5343
f 5344/5344 5343/5343 5291/5291
f 5291/5291 5292/5292 5344/5344
f 5345/5345 5344/5344 5292/5292
f 5292/5292 5293/5293 5345/5345
f 5346/5346 5345/5345 5293/5293
f 5293/5293 5294/5294 5346/5346
f 5347/5347 5346/5346 5294/5294
f 5294/5294 5295/5295 5347/5347
f 5348/5348 5347/5347 5295/5295
f 5295/5295 5296/5296 5348/5348
f 5349/5349 5348/5348 5296/5296
f 5296/5296 5297/5297 5349/5349
f 5350/5350 5349/5349 5297/5297
f 5297/5297 5298/5298 5350/5350
f 5351/5351 5350/5350 5298/5298
f 5298/5298 5299/5299 5351/5351
f 5352/5352 5351/5351 5299/5299
f 5299/5299 5300/5300 5352/5352
f 5353/5353 5352/5352 5300/5300
f 5300/5300 5301/5301 5353/5353
f 5354/5354 5353/5353 5301/5301
f 5301/5301 5302/5302 5354/5354
f 5355/5355 5354/5354 5302/5302
f 5302/5302 5303/5303 5355/5355
f 5356/5356 5355/5355 5303/5303
f 5303/5303 5304/5304 5356/5356
f 5357/5357 5356/5356 5304/5304
f 5304/5304 5305/5305 5357/5357
f 5358/5358 5357/5357 5305/5305
f 5305/5305 5306/5306 5358/5358
f 5359/5359 5358/5358 5306/5306
f 5306/5306 5307/5307 5359/5359
f 5360/5360 5359/5359 5307/5307
f 5307/5307 5308/5308 5360/5360
f 5361/5361 5360/5360 5308/5308
f 5308/5308 5309/5309 5361/5361
f 5362/5362 5361/5361 5309/5309
f 5309/5309 5310/5310 5362/5362
f 5363/5363 5362/5362 5310/5310
f 5310/5310 5311/5311 5363/5363
f 5364/5364 5363/5363 5311/5311
f 5311/5311 5312/5312 5364/5364
f 5312/5312 5365/5365 5364/5364
f 5366/5366 5315/5315 5367/5367
f 5368/5368 5367/5367 5315/5315
f 5315/5315 5316/5316 5368/5368
f 5369/5369 5368/5368 5316/5316
f 5316/5316 5317/5317 5369/5369
f 5370/5370 5369/5369 5317/5317
f 5317/5317 5318/5318 5370/5370
f 5371/5371 5370/5370 5318/5318
f 5318/5318 5319/5319 5371/5371
f 5372/5372 5371/5371 5319/5319
f 5319/5319 5320/5320 5372/5372
f 5373/5373 5372/5372 5320/5320
f 5320/5320 5321/5321 5373/5373
f 5374/5374 5373/5373 5321/5321
f 5321/5321 5322/5322 5374/5374
f 5375/5375 5374/5374 5322/5322
f 5322/5322 5323/5323 5375/5375
f 5376/5376 5375/5375 5323/5323
f 5323/5323 5324/5324 5376/5376
f 5377/5377 5376/5376 5324/5324
f 5324/5324 5325/5325 5377/5377
f 5378/5378 5377/5377 5325/5325
f 5325/5325 5326/5326 5378/5378
f 5379/5379 5378/5378 5326/5326
f 5326/5326 5327/5327 5379/5379
f 5380/5380 5379/5379 5327/5327
f 5327/5327 5328/5328 5380/5380
f 5381/5381 5380/5380 5328/5328
f 5328/5328 5329/5329 5381/5381
f 5382/5382 5381/5381 5329/5329
f 5329/5329 5330/5330 5382/5382
f 5383/5383 5382/5382 5330/5330
f 5330/5330 5331/5331 5383/5383
f 5384/5384 5383/5383 5331/5331
f 5331/5331 5332/5332 5384/5384
f 5385/5385 5384/5384 5332/5332
f 5332/5332 5333/5333 5385/5385
f 5386/5386 5385/5385 5333/5333
f 5333/5333 5334/5334 5386/5386
f 5387/5387 5386/5386 5334/5334
f 5334/5334 5335/5335 5387/5387
f 5388/5388 5387/5387 5335/5335
f 5335/5335 5336/5336 5388/5388
f 5389/5389 5388/5388 5336/5336
f 5336/5336 5337/5337 5389/5389
f 5390/5390 5389/5389 5337/5337
f 5337/5337 5338/5338 5390/5390
f 5391/5391 5390/5390 5338/5338
f 5338/5338 5339/5339 5391/5391
f 5392/5392 5391/5391 5339/5339
f 5339/5339 5340/5340 5392/5392
f 5393/5393 5392/5392 5340/5340
f 5340/5340 5341/5341 5393/5393
f 5394/5394 5393/5393 5341/5341
f 5341/5341 5342/5342 5394/5394
f 5395/5395 5394/5394 5342/5342
f 5342/5342 5343/5343 5395/5395
f 5396/5396 5395/5395 5343/5343
f 5343/5343 5344/5344 5396/5396
f 5397/5397 5396/5396 5344/5344
f 5344/5344 5345/5345 5397/5397
f 5398/5398 5397/5397 5345/5345
f 5345/5345 5346/5346 5398/5398
f 5399/5399 5398/5398 5346/5346
f 5346/5346 5347/5347 5399/5399
f 5400/5400 5399/5399 5347/5347
f 5347/5347 5348/5348 5400/5400
f 5401/5401 5400/5400 5348/5348
f 5348/5348 5349/5349 5401/5401
f 5402/5402 5401/5401 5349/5349
f 5349/5349 5350/5350 5402/5402
f 5403/5403 5402/5402 5350/5350
f 5350/5350 5351/5351 5403/5403
f 5404/5404 5403/5403 5351/5351
f 5351/5351 5352/5352 5404/5404
f 5405/5405 5404/5404 5352/5352
f 5352/5352 5353/5353 5405/5405
f 5406/5406 5405/5405 5353/5353
f 5353/5353 5354/5354 5406/5406
f 5407/5407 5406/5406 5354/5354
f 5354/5354 5355/5355 5407/5407
f 5408/5408 5407/5407 5355/5355
f 5355/5355 5356/5356 5408/5408
f 5409/5409 5408/5408 5356/5356
f 5356/5356 5357/5357 5409/5409
f 5410/5410 5409/5409 5357/5357
f 5357/5357 5358/5358 5410/5410
f 5411/5411 5410/5410 5358/5358
f 5358/5358 5359/5359 5411/5411
f 5412/5412 5411/5411 5359/5359
f 5359/5359 5360/5360 5412/5412
f 5413/5413 5412/5412 5360/5360
f 5360/5360 5361/5361 5413/5413
f 5414/5414 5413/5413 5361/5361
f 5361/5361 5362/5362 5414/5414
f 5415/5415 5414/5414 5362/5362
f 5362/5362 5363/5363 5415/5415
f 5416/5416 5415/5415 5363/5363
f 5363/5363 5364/5364 5416/5416
f 5364/5364 5417/5417 5416/5416
f 5418/5418 5367/5367 5419/5419
f 5420/5420 5419/5419 5367/5367
f 5367/5367 5368/5368 5420/5420
f 5421/5421 5420/5420 5368/5368
f 5368/5368 5369/5369 5421/5421
f 5422/5422 5421/5421 5369/5369
f 5369/5369 5370/5370 5422/5422
f 5423/5423 5422/5422 5370/5370
f 5370/5370 5371/5371 5423/5423
f 5424/5424 5423/5423 5371/5371
f 5371/5371 5372/5372 5424/5424
f 5425/5425 5424/5424 5372/5372
f 5372/5372 5373/5373 5425/5425
f 5426/5426 5425/5425 5373/5373
f 5373/5373 5374/5374 5426/5426
f 5427/5427 5426/5426 5374/5374
f 5374/5374 5375/5375 5427/5427
f 5428/5428 5427/5427 5375/5375
f 5375/5375 5376/5376 5428/5428
f 5429/5429 5428/5428 5376/5376
f 5376/5376 5377/5377 5429/5429
f 5430/5430 5429/5429 5377/5377
f 5377/5377 5378/5378 5430/5430
f 5431/5431 5430/5430 5378/5378
f 5378/5378 5379/5379 5431/5431
f 5432/5432 5431/5431 5379/5379
f 5379/5379 5380/5380 5432/5432
f 5433/5433 5432/5432 5380/5380
f 5380/5380 5381/5381 5433/5433
f 5434/5434 5433/5433 5381/5381
f 5381/5381 5382/5382 5434/5434
f 5435/5435 5434/5434 5382/5382
f 5382/5382 5383/5383 5435/5435
f 5436/5436 5435/5435 5383/5383
f 5383/5383 5384/5384 5436/5436
f 5437/5437 5436/5436 5384/5384
f 5384/5384 5385/5385 5437/5437
f 5438/5438 5437/5437 5385/5385
f 5385/5385 5386/5386 5438/5438
f 5439/5439 5438/5438 5386/5386
f 5386/5386 5387/5387 5439/5439
f 5440/5440 5439/5439 5387/5387
f 5387/5387 5388/5388 5440/5440
f 5441/5441 5440/5440 5388/5388
f 5388/5388 5389/5389 5441/5441
f 5442/5442 5441/5441 5389/5389
f 5389/5389 5390/5390 5442/5442
f 5443/5443 5442/5442 5390/5390
f 5390/5390 5391/5391 5443/5443
f 5444/5444 5443/5443 5391/5391
f 5391/5391 5392/5392 5444/5444
f 5445/5445 5444/5444 5392/5392
f 5392/5392 5393/5393 5445/5445
f 5446/5446 5445/5445 5393/5393
f 5393/5393 5394/5394 5446/5446
f 5447/5447 5446/5446 5394/5394
f 5394/5394 5395/5395 5447/5447
f 5448/5448 5447/5447 5395/5395
f 5395/5395 5396/5396 5448/5448
f 5449/5449 5448/5448 5396/5396
f 5396/5396 5397/5397 5449/5449
f 5450/5450 5449/5449 5397/5397
f 5397/5397 5398/5398 5450/5450
f 5451/5451 5450/5450 5398/5398
f 5398/5398 5399/5399 5451/5451
f 5452/5452 5451/5451 5399/5399
f 5399/5399 5400/5400 5452/5452
f 5453/5453 5452/5452 5400/5400
f 5400/5400 5401/5401 5453/5453
f 5454/5454 5453/5453 5401/5401
f 5401/5401 5402/5402 5454/5454
f 5455/5455 5454/5454 5402/5402
f 5402/5402 5403/5403 5455/5455
f 5456/5456 5455/5455 5403/5403
f 5403/5403 5404/5404 5456/5456
f 5457/5457 5456/5456 5404/5404
f 5404/5404 5405/5405 5457/5457
f 5458/5458 5457/5457 5405/5405
f 5405/5405 5406/5406 5458/5458
f 5459/5459 5458/5458 5406/5406
f 5406/5406 5407/5407 5459/5459
f 5460/5460 5459/5459 5407/5407
f 5407/5407 5408/5408 5460/5460
f 5461/5461 5460/5460 5408/5408
f 5408/5408 5409/5409 5461/5461
f 5462/5462 5461/5461 5409/5409
f 5409/5409 5410/5410 5462/5462
f 5463/5463 5462/5462 5410/5410
f 5410/5410 5411/5411 5463/5463
f 5464/5464 5463/5463 5411/5411
f 5411/5411 5412/5412 5464/5464
f 5465/5465 5464/5464 5412/5412
f 5412/5412 5413/5413 5465/5465
f 5466/5466 5465/5465 5413/5413
f 5413/5413 5414/5414 5466/5466
f 5467/5467 5466/5466 5414/5414
f 5414/5414 5415/5415 5467/5467
f 5468/5468 5467/5467 5415/5415
f 5415/5415 5416/5416 5468/5468
f 5416/5416 5469/5469 5468/5468
f 5470/5470 5419/5419 5471/5471
f 5472/5472 5471/5471 5419/5419
f 5419/5419 5420/5420 5472/5472
f 5473/5473 5472/5472 5420/5420
f 5420/5420 5421/5421 5473/5473
f 5474/5474 5473/5473 5421/5421
f 5421/5421 5422/5422 5474/5474
f 5475/5475 5474/5474 5422/5422
f 5422/5422 5423/5423 5475/5475
f 5476/5476 5475/5475 5423/5423
f 5423/5423 5424/5424 5476/5476
f 5477/5477 5476/5476 5424/5424
f 5424/5424 5425/5425 5477/5477
f 5478/5478 5477/5477 5425/5425
f 5425/5425 5426/5426 5478/5478
f 5479/5479 5478/5478 5426/5426
f 5426/5426 5427/5427 5479/5479
f 5480/5480 5479/5479 5427/5427
f 5427/5427 5428/5428 5480/5480
f 5481/5481 5480/5480 5428/5428
f 5428/5428 5429/5429 5481/5481
f 5482/5482 5481/5481 5429/5429
f 5429/5429 5430/5430 5482/5482
f 5483/5483 5482/5482 5430/5430
f 5430/5430 5431/5431 5483/5483
f 5484/5484 5483/5483 5431/5431
f 5431/5431 5432/5432 5484/5484
f 5485/5485 5484/5484 5432/5432
f 5432/5432 5433/5433 5485/5485
f 5486/5486 5485/5485 5433/5433
f 5433/5433 5434/5434 5486/5486
f 5487/5487 5486/5486 5434/5434
f 5434/5434 5435/5435 5487/5487
f 5488/5488 5487/5487 5435/5435
f 5435/5435 5436/5436 5488/5488
f 5489/5489 5488/5488 5436/5436
f 5436/5436 5437/5437 5489/5489
f 5490/5490 5489/5489 5437/5437
f 5437/5437 5438/5438 5490/5490
f 5491/5491 5490/5490 5438/5438
f 5438/5438 5439/5439 5491/5491
f 5492/5492 5491/5491 5439/5439
f 5439/5439 5440/5440 5492/5492
f 5493/5493 5492/5492 5440/5440
f 5440/5440 5441/5441 5493/5493
f 5494/5494 5493/5493 5441/5441
f 5441/5441 5442/5442 5494/5494
f 5495/5495 5494/5494 5442/5442
f 5442/5442 5443/5443 5495/5495
f 5496/5496 5495/5495 5443/5443
f 5443/5443 5444/5444 5496/5496
f 5497/5497 5496/5496 5444/5444
f 5444/5444 5445/5445 5497/5497
f 5498/5498 5497/5497 5445/5445
f 5445/5445 5446/5446 5498/5498
f 5499/5499 5498/5498 5446/5446
f 5446/5446 5447/5447 5499/5499
f 5500/5500 5499/5499 5447/5447
f 5447/5447 5448/5448 5500/5500
f 5501/5501 5500/5500 5448/5448
f 5448/5448 5449/5449 5501/5501
f 5502/5502 5501/5501 5449/5449
f 5449/5449 5450/5450 5502/5502
f 5503/5503 5502/5502 5450/5450
f 5450/5450 5451/5451 5503/5503
f 5504/5504 5503/5503 5451/5451
f 5451/5451 5452/5452 5504/5504
f 5505/5505 5504/5504 5452/5452
f 5452/5452 5453/5453 5505/5505
f 5506/5506 5505/5505 5453/5453
f 5453/5453 5454/5454 5506/5506
f 5507/5507 5506/5506 5454/5454
f 5454/5454 5455/5455 5507/5507
f 5508/5508 5507/5507 5455/5455
f 5455/5455 5456/5456 5508/5508
f 5509/5509 5508/5508 5456/5456
f 5456/5456 5457/5457 5509/5509
f 5510/5510 5509/5509 5457/5457
f 5457/5457 5458/5458 5510/5510
f 5511/5511 5510/5510 5458/5458
f 5458/5458 5459/5459 5511/5511
f 5512/5512 5511/5511 5459/5459
f 5459/5459 5460/5460 5512/5512
f 5513/5513 5512/5512 5460/5460
f 5460/5460 5461/5461 5513/5513
f 5514/5514 5513/5513 5461/5461
f 5461/5461 5462/5462 5514/5514
f 5515/5515 5514/5514 5462/5462
f 5462/5462 5463/5463 5515/5515
f 5516/5516 5515/5515 5463/5463
f 5463/5463 5464/5464 5516/5516
f 5517/5517 5516/5516 5464/5464
f 5464/5464 5465/5465 5517/5517
f 5518/5518 5517/5517 5465/5465
f 5465/5465 5466/5466 5518/5518
f 5519/5519 5518/5518 5466/5466
f 5466/5466 5467/5467 5519/5519
f 5520/5520 5519/5519 5467/5467
f 5467/5467 5468/5468 5520/5520
f 5468/5468 5521/5521 5520/5520
f 5522/5522 5471/5471 5523/5523
f 5524/5524 5523/5523 5471/5471
f 5471/5471 5472/5472 5524/5524
f 5525/5525 5524/5524 5472/5472
f 5472/5472 5473/5473 5525/5525
f 5526/5526 5525/5525 5473/5473
f 5473/5473 5474/5474 5526/5526
f 5527/5527 5526/5526 5474/5474
f 5474/5474 5475/5475 5527/5527
f 5528/5528 5527/5527 5475/5475
f 5475/5475 5476/5476 5528/5528
f 5529/5529 5528/5528 5476/5476
f 5476/5476 5477/5477 5529/5529
f 5530/5530 5529/5529 5477/5477
f 5477/5477 5478/5478 5530/5530
f 5531/5531 5530/5530 5478/5478
f 5478/5478 5479/5479 5531/5531
f 5532/5532 5531/5531 5479/5479
f 5479/5479 5480/5480 5532/5532
f 5533/5533 5532/5532 5480/5480
f 5480/5480 5481/5481 5533/5533
f 5534/5534 5533/5533 5481/5481
f 5481/5481 5482/5482 5534/5534
f 5535/5535 5534/5534 5482/5482
f 5482/5482 5483/5483 5535/5535
f 5536/5536 5535/5535 5483/5483
f 5483/5483 5484/5484 5536/5536
f 5537/5537 5536/5536 5484/5484
f 5484/5484 5485/5485 5537/5537
f 5538/5538 5537/5537 5485/5485
f 5485/5485 5486/5486 5538/5538
f 5539/5539 5538/5538 5486/5486
f 5486/5486 5487/5487 5539/5539
f 5540/5540 5539/5539 5487/5487
f 5487/5487 5488/5488 5540/5540
f 5541/5541 5540/5540 5488/5488
f 5488/5488 5489/5489 5541/5541
f 5542/5542 5541/5541 5489/5489
f 5489/5489 5490/5490 5542/5542
f 5543/5543 5542/5542 5490/5490
f 5490/5490 5491/5491 5543/5543
f 5544/5544 5543/5543 5491/5491
f 5491/5491 5492/5492 5544/5544
f 5545/5545 5544/5544 5492/5492
f 5492/5492 5493/5493 5545/5545
f 5546/5546 5545/5545 5493/5493
f 5493/5493 5494/5494 5546/5546
f 5547/5547 5546/5546 5494/5494
f 5494/5494 5495/5495 5547/5547
f 5548/5548 5547/5547 5495/5495
f 5495/5495 5496/5496 5548/5548
f 5549/5549 5548/5548 5496/5496
f 5496/5496 5497/5497 5549/5549
f 5550/5550 5549/5549 5497/5497
f 5497/5497 5498/5498 5550/5550
f 5551/5551 5550/5550 5498/5498
f 5498/5498 5499/5499 5551/5551
f 5552/5552 5551/5551 5499/5499
f 5499/5499 5500/5500 5552/5552
f 5553/5553 5552/5552 5500/5500
f 5500/5500 5501/5501 5553/5553
f 5554/5554 5553/5553 5501/5501
f 5501/5501 5502/5502 5554/5554
f 5555/5555 5554/5554 5502/5502
f 5502/5502 5503/5503 5555/5555
f 5556/5556 5555/5555 5503/5503
f 5503/5503 5504/5504 5556/5556
f 5557/5557 5556/5556 5504/5504
f 5504/5504 5505/5505 5557/5557
f 5558/5558 5557/5557 5505/5505
f 5505/5505 5506/5506 5558/5558
f 5559/5559 5558/5558 5506/5506
f 5506/5506 5507/5507 5559/5559
f 5560/5560 5559/5559 5507/5507
f 5507/5507 5508/5508 5560/5560
f 5561/5561 5560/5560 5508/5508
f 5508/5508 5509/5509 5561/5561
f 5562/5562 5561/5561 5509/5509
f 5509/5509 5510/5510 5562/5562
f 5563/5563 5562/5562 5510/5510
f 5510/5510 5511/5511 5563/5563
f 5564/5564 5563/5563 5511/5511
f 5511/5511 5512/5512 5564/5564
f 5565/5565 5564/5564 5512/5512
f 5512/5512 5513/5513 5565/5565
f 5566/5566 5565/5565 5513/5513
f 5513/5513 5514/5514 5566/5566
f 5567/5567 5566/5566 5514/5514
f 5514/5514 5515/5515 5567/5567
f 5568/5568 5567/5567 5515/5515
f 5515/5515 5516/5516 5568/5568
f 5569/5569 5568/5568 5516/5516
f 5516/5516 5517/5517 5569/5569
f 5570/5570 5569/5569 5517/5517
f 5517/5517 5518/5518 5570/5570
f 5571/5571 5570/5570 5518/5518
f 5518/5518 5519/5519 5571/5571
f 5572/5572 5571/5571 5519/5519
f 5519/5519 5520/5520 5572/5572
f 5520/5520 5573/5573 5572/5572
f 5574/5574 5523/5523 5575/5575
f 5576/5576 5575/5575 5523/5523
f 5523/5523 5524/5524 5576/5576
f 5577/5577 5576/5576 5524/5524
f 5524/5524 5525/5525 5577/5577
f 5578/5578 5577/5577 5525/5525
f 5525/5525 5526/5526 5578/5578
f 5579/5579 5578/5578 5526/5526
f 5526/5526 5527/5527 5579/5579
f 5580/5580 5579/5579 5527/5527
f 5527/5527 5528/5528 5580/5580
f 5581/5581 5580/5580 5528/5528
f 5528/5528 5529/5529 5581/5581
f 5582/5582 5581/5581 5529/5529
f 5529/5529 5530/5530 5582/5582
f 5583/5583 5582/5582 5530/5530
f 5530/5530 5531/5531 5583/5583
f 5584/5584 5583/5583 5531/5531
f 5531/5531 5532/5532 5584/5584
f 5585/5585 5584/5584 5532/5532
f 5532/5532 5533/5533 5585/5585
f 5586/5586 5585/5585 5533/5533
f 5533/5533 5534/5534 5586/5586
f 5587/5587 5586/5586 5534/5534
f 5534/5534 5535/5535 5587/5587
f 5588/5588 5587/5587 5535/5535
f 5535/5535 5536/5536 5588/5588
f 5589/5589 5588/5588 5536/5536
f 5536/5536 5537/5537 5589/5589
f 5590/5590 5589/5589 5537/5537
f 5537/5537 5538/5538 5590/5590
f 5591/5591 5590/5590 5538/5538
f 5538/5538 5539/5539 5591/5591
f 5592/5592 5591/5591 5539/5539
f 5539/5539 5540/5540 5592/5592
f 5593/5593 5592/5592 5540/5540
f 5540/5540 5541/5541 5593/5593
f 5594/5594 5593/5593 5541/5541
f 5541/5541 5542/5542 5594/5594
f 5595/5595 5594/5594 5542/5542
f 5542/5542 5543/5543 5595/5595
f 5596/5596 5595/5595 5543/5543
f 5543/5543 5544/5544 5596/5596
f 5597/5597 5596/5596 5544/5544
f 5544/5544 5545/5545 5597/5597
f 5598/5598 5597/5597 5545/5545
f 5545/5545 5546/5546 5598/5598
f 5599/5599 5598/5598 5546/5546
f 5546/5546 5547/5547 5599/5599
f 5600/5600 5599/5599 5547/5547
f 5547/5547 5548/5548 5600/5600
f 5601/5601 5600/5600 5548/5548
f 5548/5548 5549/5549 5601/5601
f 5602/5602 5601/5601 5549/5549
f 5549/5549 5550/5550 5602/5602
f 5603/5603 5602/5602 5550/5550
f 5550/5550 5551/5551 5603/5603
f 5604/5604 5603/5603 5551/5551
f 5551/5551 5552/5552 5604/5604
f 5605/5605 5604/5604 5552/5552
f 5552/5552 5553/5553 5605/5605
f 5606/5606 5605/5605 5553/5553
f 5553/5553 5554/5554 5606/5606
f 5607/5607 5606/5606 5554/5554
f 5554/5554 5555/5555 5607/5607
f 5608/5608 5607/5607 5555/5555
f 5555/5555 5556/5556 5608/5608
f 5609/5609 5608/5608 5556/5556
f 5556/5556 5557/5557 5609/5609
f 5610/5610 5609/5609 5557/5557
f 5557/5557 5558/5558 5610/5610
f 5611/5611 5610/5610 5558/5558
f 5558/5558 5559/5559 5611/5611
f 5612/5612 5611/5611 5559/5559
f 5559/5559 5560/5560 5612/5612
f 5613/5613 5612/5612 5560/5560
f 5560/5560 5561/5561 5613/5613
f 5614/5614 5613/5613 5561/5561
f 5561/5561 5562/5562 5614/5614
f 5615/5615 5614/5614 5562/5562
f 5562/5562 5563/5563 5615/5615
f 5616/5616 5615/5615 5563/5563
f 5563/5563 5564/5564 5616/5616
f 5617/5617 5616/5616 5564/5564
f 5564/5564 5565/5565 5617/5617
f 5618/5618 5617/5617 5565/5565
f 5565/5565 5566/5566 5618/5618
f 5619/5619 5618/5618 5566/5566
f 5566/5566 5567/5567 5619/5619
f 5620/5620 5619/5619 5567/5567
f 5567/5567 5568/5568 5620/5620
f 5621/5621 5620/5620 5568/5568
f 5568/5568 5569/5569 5621/5621
f 5622/5622 5621/5621 5569/5569
f 5569/5569 5570/5570 5622/5622
f 5623/5623 5622/5622 5570/5570
f 5570/5570 5571/5571 5623/5623
f 5624/5624 5623/5623 5571/5571
f 5571/5571 5572/5572 5624/5624
f 5572/5572 5625/5625 5624/5624
f 5626/5626 5575/5575 5627/5627
f 5628/5628 5627/5627 5575/5575
f 5575/5575 5576/5576 5628/5628
f 5629/5629 5628/5628 5576/5576
f 5576/5576 5577/5577 5629/5629
f 5630/5630 5629/5629 5577/5577
f 5577/5577 5578/5578 5630/5630
f 5631/5631 5630/5630 5578/5578
f 5578/5578 5579/5579 5631/5631
f 5632/5632 5631/5631 5579/5579
f 5579/5579 5580/5580 5632/5632
f 5633/5633 5632/5632 5580/5580
f 5580/5580 5581/5581 5633/5633
f 5634/5634 5633/5633 5581/5581
f 5581/5581 5582/5582 5634/5634
f 5635/5635 5634/5634 5582/5582
f 5582/5582 5583/5583 5635/5635
f 5636/5636 5635/5635 5583/5583
f 5583/5583 5584/5584 5636/5636
f 5637/5637 5636/5636 5584/5584
f 5584/5584 5585/5585 5637/5637
f 5638/5638 5637/5637 5585/5585
f 5585/5585 5586/5586 5638/5638
f 5639/5639 5638/5638 5586/5586
f 5586/5586 5587/5587 5639/5639
f 5640/5640 5639/5639 5587/5587
f 5587/5587 5588/5588 5640/5640
f 5641/5641 5640/5640 5588/5588
f 5588/5588 5589/5589 5641/5641
f 5642/5642 5641/5641 5589/5589
f 5589/5589 5590/5590 5642/5642
f 5643/5643 5642/5642 5590/5590
f 5590/5590 5591/5591 5643/5643
f 5644/5644 5643/5643 5591/5591
f 5591/5591 5592/5592 5644/5644
f 5645/5645 5644/5644 5592/5592
f 5592/5592 5593/5593 5645/5645
f 5646/5646 5645/5645 5593/5593
f 5593/5593 5594/5594 5646/5646
f 5647/5647 5646/5646 5594/5594
f 5594/5594 5595/5595 5647/5647
f 5648/5648 5647/5647 5595/5595
f 5595/5595 5596/5596 5648/5648
f 5649/5649 5648/5648 5596/5596
f 5596/5596 5597/5597 5649/5649
f 5650/5650 5649/5649 5597/5597
f 5597/5597 5598/5598 5650/5650
f 5651/5651 5650/5650 5598/5598
f 5598/5598 5599/5599 5651/5651
f 5652/5652 5651/5651 5599/5599
f 5599/5599 5600/5600 5652/5652
f 5653/5653 5652/5652 5600/5600
f 5600/5600 5601/5601 5653/5653
f 5654/5654 5653/5653 5601/5601
f 5601/5601 5602/5602 5654/5654
f 5655/5655 5654/5654 5602/5602
f 5602/5602 5603/5603 5655/5655
f 5656/5656 5655/5655 5603/5603
f 5603/5603 5604/5604 5656/5656
f 5657/5657 5656/5656 5604/5604
f 5604/5604 5605/5605 5657/5657
f 5658/5658 5657/5657 5605/5605
f 5605/5605 5606/5606 5658/5658
f 5659/5659 5658/5658 5606/5606
f 5606/5606 5607/5607 5659/5659
f 5660/5660 5659/5659 5607/5607
f 5607/5607 5608/5608 5660/5660
f 5661/5661 5660/5660 5608/5608
f 5608/5608 5609/5609 5661/5661
f 5662/5662 5661/5661 5609/5609
f 5609/5609 5610/5610 5662/5662
f 5663/5663 5662/5662 5610/5610
f 5610/5610 5611/5611 5663/5663
f 5664/5664 5663/5663 5611/5611
f 5611/5611 5612/5612 5664/5664
f 5665/5665 5664/5664 5612/5612
f 5612/5612 5613/5613 5665/5665
f 5666/5666 5665/5665 5613/5613
f 5613/5613 5614/5614 5666/5666
f 5667/5667 5666/5666 5614/5614
f 5614/5614 5615/5615 5667/5667
f 5668/5668 5667/5667 5615/5615
f 5615/5615 5616/5616 5668/5668
f 5669/5669 5668/5668 5616/5616
f 5616/5616 5617/5617 5669/5669
f 5670/5670 5669/5669 5617/5617
f 5617/5617 5618/5618 5670/5670
f 5671/5671 5670/5670 5618/5618
f 5618/5618 5619/5619 5671/5671
f 5672/5672 5671/5671 5619/5619
f 5619/5619 5620/5620 5672/5672
f 5673/5673 5672/5672 5620/5620
f 5620/5620 5621/5621 5673/5673
f 5674/5674 5673/5673 5621/5621
f 5621/5621 5622/5622 5674/5674
f 5675/5675 5674/5674 5622/5622
f 5622/5622 5623/5623 5675/5675
f 5676/5676 5675/5675 5623/5623
f 5623/5623 5624/5624 5676/5676
f 5624/5624 5677/5677 5676/5676
f 5678/5678 5627/5627 5679/5679
f 5680/5680 5679/5679 5627/5627
f 5627/5627 5628/5628 5680/5680
f 5681/5681 5680/5680 5628/5628
f 5628/5628 5629/5629 5681/5681
f 5682/5682 5681/5681 5629/5629
f 5629/5629 5630/5630 5682/5682
f 5683/5683 5682/5682 5630/5630
f 5630/5630 5631/5631 5683/5683
f 5684/5684 5683/5683 5631/5631
f 5631/5631 5632/5632 5684/5684
f 5685/5685 5684/5684 5632/5632
f 5632/5632 5633/5633 5685/5685
f 5686/5686 5685/5685 5633/5633
f 5633/5633 5634/5634 5686/5686
f 5687/5687 5686/5686 5634/5634
f 5634/5634 5635/5635 5687/5687
f 5688/5688 5687/5687 5635/5635
f 5635/5635 5636/5636 5688/5688
f 5689/5689 5688/5688 5636/5636
f 5636/5636 5637/5637 5689/5689
f 5690/5690 5689/5689 5637/5637
f 5637/5637 5638/5638 5690/5690
f 5691/5691 5690/5690 5638/5638
f 5638/5638 5639/5639 5691/5691
f 5692/5692 5691/5691 5639/5639
f 5639/5639 5640/5640 5692/5692
f 5693/5693 5692/5692 5640/5640
f 5640/5640 5641/5641 5693/5693
f 5694/5694 5693/5693 5641/5641
f 5641/5641 5642/5642 5694/5694
f 5695/5695 5694/5694 5642/5642
f 5642/5642 5643/5643 5695/5695
f 5696/5696 5695/5695 5643/5643
f 5643/5643 5644/5644 5696/5696
f 5697/5697 5696/5696 5644/5644
f 5644/5644 5645/5645 5697/5697
f 5698/5698 5697/5697 5645/5645
f 5645/5645 5646/5646 5698/5698
f 5699/5699 5698/5698 5646/5646
f 5646/5646 5647/5647 5699/5699
f 5700/5700 5699/5699 5647/5647
f 5647/5647 5648/5648 5700/5700
f 5701/5701 5700/5700 5648/5648
f 5648/5648 5649/5649 5701/5701
f 5702/5702 5701/5701 5649/5649
f 5649/5649 5650/5650 5702/5702
f 5703/5703 5702/5702 5650/5650
f 5650/5650 5651/5651 5703/5703
f 5704/5704 5703/5703 5651/5651
f 5651/5651 5652/5652 5704/5704
f 5705/5705 5704/5704 5652/5652
f 5652/5652 5653/5653 5705/5705
f 5706/5706 5705/5705 5653/5653
f 5653/5653 5654/5654 5706/5706
f 5707/5707 5706/5706 5654/5654
f 5654/5654 5655/5655 5707/5707
f 5708/5708 5707/5707 5655/5655
f 5655/5655 5656/5656 5708/5708
f 5709/5709 5708/5708 5656/5656
f 5656/5656 5657/5657 5709/5709
f 5710/5710 5709/5709 5657/5657
f 5657/5657 5658/5658 5710/5710
f 5711/5711 5710/5710 5658/5658
f 5658/5658 5659/5659 5711/5711
f 5712/5712 5711/5711 5659/5659
f 5659/5659 5660/5660 5712/5712
f 5713/5713 5712/5712 5660/5660
f 5660/5660 5661/5661 5713/5713
f 5714/5714 5713/5713 5661/5661
f 5661/5661 5662/5662 5714/5714
f 5715/5715 5714/5714 5662/5662
f 5662/5662 5663/5663 5715/5715
f 5716/5716 5715/5715 5663/5663
f 5663/5663 5664/5664 5716/5716
f 5717/5717 5716/5716 5664/5664
f 5664/5664 5665/5665 5717/5717
f 5718/5718 5717/5717 5665/5665
f 5665/5665 5666/5666 5718/5718
f 5719/5719 5718/5718 5666/5666
f 5666/5666 5667/5667 5719/5719
f 5720/5720 5719/5719 5667/5667
f 5667/5667 5668/5668 5720/5720
f 5721/5721 5720/5720 5668/5668
f 5668/5668 5669/5669 5721/5721
f 5722/5722 5721/5721 5669/5669
f 5669/5669 5670/5670 5722/5722
f 5723/5723 5722/5722 5670/5670
f 5670/5670 5671/5671 5723/5723
f 5724/5724 5723/5723 5671/5671
f 5671/5671 5672/5672 5724/5724
f 5725/5725 5724/5724 5672/5672
f 5672/5672 5673/5673 5725/5725
f 5726/5726 5725/5725 5673/5673
f 5673/5673 5674/5674 5726/5726
f 5727/5727 5726/5726 5674/5674
f 5674/5674 5675/5675 5727/5727
f 5728/5728 5727/5727 5675/5675
f 5675/5675 5676/5676 5728/5728
f 5676/5676 5729/5729 5728/5728
f 5730/5730 5679/5679 5731/5731
f 5732/5732 5731/5731 5679/5679
f 5679/5679 5680/5680 5732/5732
f 5733/5733 5732/5732 5680/5680
f 5680/5680 5681/5681 5733/5733
f 5734/5734 5733/5733 5681/5681
f 5681/5681 5682/5682 5734/5734
f 5735/5735 5734/5734 5682/5682
f 5682/5682 5683/5683 5735/5735
f 5736/5736 5735/5735 5683/5683
f 5683/5683 5684/5684 5736/5736
f 5737/5737 5736/5736 5684/5684
f 5684/5684 5685/5685 5737/5737
f 5738/5738 5737/5737 5685/5685
f 5685/5685 5686/5686 5738/5738
f 5739/5739 5738/5738 5686/5686
f 5686/5686 5687/5687 5739/5739
f 5740/5740 5739/5739 5687/5687
f 5687/5687 5688/5688 5740/5740
f 5741/5741 5740/5740 5688/5688
f 5688/5688 5689/5689 5741/5741
f 5742/5742 5741/5741 5689/5689
f 5689/5689 5690/5690 5742/5742
f 5743/5743 5742/5742 5690/5690
f 5690/5690 5691/5691 5743/5743
f 5744/5744 5743/5743 5691/5691
f 5691/5691 5692/5692 5744/5744
f 5745/5745 5744/5744 5692/5692
f 5692/5692 5693/5693 5745/5745
f 5746/5746 5745/5745 5693/5693
f 5693/5693 5694/5694 5746/5746
f 5747/5747 5746/5746 5694/5694
f 5694/5694 5695/5695 5747/5747
f 5748/5748 5747/5747 5695/5695
f 5695/5695 5696/5696 5748/5748
f 5749/5749 5748/5748 5696/5696
f 5696/5696 5697/5697 5749/5749
f 5750/5750 5749/5749 5697/5697
f 5697/5697 5698/5698 5750/5750
f 5751/5751 5750/5750 5698/5698
f 5698/5698 5699/5699 5751/5751
f 5752/5752 5751/5751 5699/5699
f 5699/5699 5700/5700 5752/5752
f 5753/5753 5752/5752 5700/5700
f 5700/5700 5701/5701 5753/5753
f 5754/5754 5753/5753 5701/5701
f 5701/5701 5702/5702 5754/5754
f 5755/5755 5754/5754 5702/5702
f 5702/5702 5703/5703 5755/5755
f 5756/5756 5755/5755 5703/5703
f 5703/5703 5704/5704 5756/5756
f 5757/5757 5756/5756 5704/5704
f 5704/5704 5705/5705 5757/5757
f 5758/5758 5757/5757 5705/5705
f 5705/5705 5706/5706 5758/5758
f 5759/5759 5758/5758 5706/5706
f 5706/5706 5707/5707 5759/5759
f 5760/5760 5759/5759 5707/5707
f 5707/5707 5708/5708 5760/5760
f 5761/5761 5760/5760 5708/5708
f 5708/5708 5709/5709 5761/5761
f 5762/5762 5761/5761 5709/5709
f 5709/5709 5710/5710 5762/5762
f 5763/5763 5762/5762 5710/5710
f 5710/5710 5711/5711 5763/5763
f 5764/5764 5763/5763 5711/5711
f 5711/5711 5712/5712 5764/5764
f 5765/5765 5764/5764 5712/5712
f 5712/5712 5713/5713 5765/5765
f 5766/5766 5765/5765 5713/5713
f 5713/5713 5714/5714 5766/5766
f 5767/5767 5766/5766 5714/5714
f 5714/5714 5715/5715 5767/5767
f 5768/5768 5767/5767 5715/5715
f 5715/5715 5716/5716 5768/5768
f 5769/5769 5768/5768 5716/5716
f 5716/5716 5717/5717 5769/5769
f 5770/5770 5769/5769 5717/5717
f 5717/5717 5718/5718 5770/5770
f 5771/5771 5770/5770 5718/5718
f 5718/5718 5719/5719 5771/5771
f 5772/5772 5771/5771 5719/5719
f 5719/5719 5720/5720 5772/5772
f 5773/5773 5772/5772 5720/5720
f 5720/5720 5721/5721 5773/5773
f 5774/5774 5773/5773 5721/5721
f 5721/5721 5722/5722 5774/5774
f 5775/5775 5774/5774 5722/5722
f 5722/5722 5723/5723 5775/5775
f 5776/5776 5775/5775 5723/5723
f 5723/5723 5724/5724 5776/5776
f 5777/5777 5776/5776 5724/5724
f 5724/5724 5725/5725 5777/5777
f 5778/5778 5777/5777 5725/5725
f 5725/5725 5726/5726 5778/5778
f 5779/5779 5778/5778 5726/5726
f 5726/5726 5727/5727 5779/5779
f 5780/5780 5779/5779 5727/5727
f 5727/5727 5728/5728 5780/5780
f 5728/5728 5781/5781 5780/5780
f 5782/5782 5731/5731 5783/5783
f 5784/5784 5783/5783 5731/5731
f 5731/5731 5732/5732 5784/5784
f 5785/5785 5784/5784 5732/5732
f 5732/5732 5733/5733 5785/5785
f 5786/5786 5785/5785 5733/5733
f 5733/5733 5734/5734 5786/5786
f 5787/5787 5786/5786 5734/5734
f 5734/5734 5735/5735 5787/5787
f 5788/5788 5787/5787 5735/5735
f 5735/5735 5736/5736 5788/5788
f 5789/5789 5788/5788 5736/5736
f 5736/5736 5737/5737 5789/5789
f 5790/5790 5789/5789 5737/5737
f 5737/5737 5738/5738 5790/5790
f 5791/5791 5790/5790 5738/5738
f 5738/5738 5739/5739 5791/5791
f 5792/5792 5791/5791 5739/5739
f 5739/5739 5740/5740 5792/5792
f 5793/5793 5792/5792 5740/5740
f 5740/5740 5741/5741 5793/5793
f 5794/5794 5793/5793 5741/5741
f 5741/5741 5742/5742 5794/5794
f 5795/5795 5794/5794 5742/5742
f 5742/5742 5743/5743 5795/5795
f 5796/5796 5795/5795 5743/5743
f 5743/5743 5744/5744 5796/5796
f 5797/5797 5796/5796 5744/5744
f 5744/5744 5745/5745 5797/5797
f 5798/5798 5797/5797 5745/5745
f 5745/5745 5746/5746 5798/5798
f 5799/5799 5798/5798 5746/5746
f 5746/5746 5747/5747 5799/5799
f 5800/5800 5799/5799 5747/5747
f 5747/5747 5748/5748 5800/5800
f 5801/5801 5800/5800 5748/5748
f 5748/5748 5749/5749 5801/5801
f 5802/5802 5801/5801 5749/5749
f 5749/5749 5750/5750 5802/5802
f 5803/5803 5802/5802 5750/5750
f 5750/5750 5751/5751 5803/5803
f 5804/5804 5803/5803 5751/5751
f 5751/5751 5752/5752 5804/5804
f 5805/5805 5804/5804 5752/5752
f 5752/5752 5753/5753 5805/5805
f 5806/5806 5805/5805 5753/5753
f 5753/5753 5754/5754 5806/5806
f 5807/5807 5806/5806 5754/5754
f 5754/5754 5755/5755 5807/5807
f 5808/5808 5807/5807 5755/5755
f 5755/5755 5756/5756 5808/5808
f 5809/5809 5808/5808 5756/5756
f 5756/5756 5757/5757 5809/5809
f 5810/5810 5809/5809 5757/5757
f 5757/5757 5758/5758 5810/5810
f 5811/5811 5810/5810 5758/5758
f 5758/5758 5759/5759 5811/5811
f 5812/5812 5811/5811 5759/5759
f 5759/5759 5760/5760 5812/5812
f 5813/5813 5812/5812 5760/5760
f 5760/5760 5761/5761 5813/5813
f 5814/5814 5813/5813 5761/5761
f 5761/5761 5762/5762 5814/5814
f 5815/5815 5814/5814 5762/5762
f 5762/5762 5763/5763 5815/5815
f 5816/5816 5815/5815 5763/5763
f 5763/5763 5764/5764 5816/5816
f 5817/5817 5816/5816 5764/5764
f 5764/5764 5765/5765 5817/5817
f 5818/5818 5817/5817 5765/5765
f 5765/5765 5766/5766 5818/5818
f 5819/5819 5818/5818 5766/5766
f 5766/5766 5767/5767 5819/5819
f 5820/5820 5819/5819 5767/5767
f 5767/5767 5768/5768 5820/5820
f 5821/5821 5820/5820 5768/5768
f 5768/5768 5769/5769 5821/5821
f 5822/5822 5821/5821 5769/5769
f 5769/5769 5770/5770 5822/5822
f 5823/5823 5822/5822 5770/5770
f 5770/5770 5771/5771 5823/5823
f 5824/5824 5823/5823 5771/5771
f 5771/5771 5772/5772 5824/5824
f 5825/5825 5824/5824 5772/5772
f 5772/5772 5773/5773 5825/5825
f 5826/5826 5825/5825 5773/5773
f 5773/5773 5774/5774 5826/5826
f 5827/5827 5826/5826 5774/5774
f 5774/5774 5775/5775 5827/5827
f 5828/5828 5827/5827 5775/5775
f 5775/5775 5776/5776 5828/5828
f 5829/5829 5828/5828 5776/5776
f 5776/5776 5777/5777 5829/5829
f 5830/5830 5829/5829 5777/5777
f 5777/5777 5778/5778 5830/5830
f 5831/5831 5830/5830 5778/5778
f 5778/5778 5779/5779 5831/5831
f 5832/5832 5831/5831 5779/5779
f 5779/5779 5780/5780 5832/5832
f 5780/5780 5833/5833 5832/5832
f 5834/5834 5783/5783 5835/5835
f 5836/5836 5835/5835 5783/5783
f 5783/5783 5784/5784 5836/5836
f 5837/5837 5836/5836 5784/5784
f 5784/5784 5785/5785 5837/5837
f 5838/5838 5837/5837 5785/5785
f 5785/5785 5786/5786 5838/5838
f 5839/5839 5838/5838 5786/5786
f 5786/5786 5787/5787 5839/5839
f 5840/5840 5839/5839 5787/5787
f 5787/5787 5788/5788 5840/5840
f 5841/5841 5840/5840 5788/5788
f 5788/5788 5789/5789 5841/5841
f 5842/5842 5841/5841 5789/5789
f 5789/5789 5790/5790 5842/5842
f 5843/5843 5842/5842 5790/5790
f 5790/5790 5791/5791 5843/5843
f 5844/5844 5843/5843 5791/5791
f 5791/5791 5792/5792 5844/5844
f 5845/5845 5844/5844 5792/5792
f 5792/5792 5793/5793 5845/5845
f 5846/5846 5845/5845 5793/5793
f 5793/5793 5794/5794 5846/5846
f 5847/5847 5846/5846 5794/5794
f 5794/5794 5795/5795 5847/5847
f 5848/5848 5847/5847 5795/5795
f 5795/5795 5796/5796 5848/5848
f 5849/5849 5848/5848 5796/5796
f 5796/5796 5797/5797 5849/5849
f 5850/5850 5849/5849 5797/5797
f 5797/5797 5798/5798 5850/5850
f 5851/5851 5850/5850 5798/5798
f 5798/5798 5799/5799 5851/5851
f 5852/5852 5851/5851 5799/5799
f 5799/5799 5800/5800 5852/5852
f 5853/5853 5852/5852 5800/5800
f 5800/5800 5801/5801 5853/5853
f 5854/5854 5853/5853 5801/5801
f 5801/5801 5802/5802 5854/5854
f 5855/5855 5854/5854 5802/5802
f 5802/5802 5803/5803 5855/5855
f 5856/5856 5855/5855 5803/5803
f 5803/5803 5804/5804 5856/5856
f 5857/5857 5856/5856 5804/5804
f 5804/5804 5805/5805 5857/5857
f 5858/5858 5857/5857 5805/5805
f 5805/5805 5806/5806 5858/5858
f 5859/5859 5858/5858 5806/5806
f 5806/5806 5807/5807 5859/5859
f 5860/5860 5859/5859 5807/5807
f 5807/5807 5808/5808 5860/5860
f 5861/5861 5860/5860 5808/5808
f 5808/5808 5809/5809 5861/5861
f 5862/5862 5861/5861 5809/5809
f 5809/5809 5810/5810 5862/5862
f 5863/5863 5862/5862 5810/5810
f 5810/5810 5811/5811 5863/5863
f 5864/5864 5863/5863 5811/5811
f 5811/5811 5812/5812 5864/5864
f 5865/5865 5864/5864 5812/5812
f 5812/5812 5813/5813 5865/5865
f 5866/5866 5865/5865 5813/5813
f 5813/5813 5814/5814 5866/5866
f 5867/5867 5866/5866 5814/5814
f 5814/5814 5815/5815 5867/5867
f 5868/5868 5867/5867 5815/5815
f 5815/5815 5816/5816 5868/5868
f 5869/5869 5868/5868 5816/5816
f 5816/5816 5817/5817 5869/5869
f 5870/5870 5869/5869 5817/5817
f 5817/5817 5818/5818 5870/5870
f 5871/5871 5870/5870 5818/5818
f 5818/5818 5819/5819 5871/5871
f 5872/5872 5871/5871 5819/5819
f 5819/5819 5820/5820 5872/5872
f 5873/5873 5872/5872 5820/5820
f 5820/5820 5821/5821 5873/5873
f 5874/5874 5873/5873 5821/5821
f 5821/5821 5822/5822 5874/5874
f 5875/5875 5874/5874 5822/5822
f 5822/5822 5823/5823 5875/5875
f 5876/5876 5875/5875 5823/5823
f 5823/5823 5824/5824 5876/5876
f 5877/5877 5876/5876 5824/5824
f 5824/5824 5825/5825 5877/5877
f 5878/5878 5877/5877 5825/5825
f 5825/5825 5826/5826 5878/5878
f 5879/5879 5878/5878 5826/5826
f 5826/5826 5827/5827 5879/5879
f 5880/5880 5879/5879 5827/5827
f 5827/5827 5828/5828 5880/5880
f 5881/5881 5880/5880 5828/5828
f 5828/5828 5829/5829 5881/5881
f 5882/5882 5881/5881 5829/5829
f 5829/5829 5830/5830 5882/5882
f 5883/5883 5882/5882 5830/5830
f 5830/5830 5831/5831 5883/5883
f 5884/5884 5883/5883 5831/5831
f 5831/5831 5832/5832 5884/5884
f 5832/5832 5885/5885 5884/5884
f 5886/5886 5835/5835 5887/5887
f 5888/5888 5887/5887 5835/5835
f 5835/5835 5836/5836 5888/5888
f 5889/5889 5888/5888 5836/5836
f 5836/5836 5837/5837 5889/5889
f 5890/5890 5889/5889 5837/5837
f 5837/5837 5838/5838 5890/5890
f 5891/5891 5890/5890 5838/5838
f 5838/5838 5839/5839 5891/5891
f 5892/5892 5891/5891 5839/5839
f 5839/5839 5840/5840 5892/5892
f 5893/5893 5892/5892 5840/5840
f 5840/5840 5841/5841 5893/5893
f 5894/5894 5893/5893 5841/5841
f 5841/5841 5842/5842 5894/5894
f 5895/5895 5894/5894 5842/5842
f 5842/5842 5843/5843 5895/5895
f 5896/5896 5895/5895 5843/5843
f 5843/5843 5844/5844 5896/5896
f 5897/5897 5896/5896 5844/5844
f 5844/5844 5845/5845 5897/5897
f 5898/5898 5897/5897 5845/5845
f 5845/5845 5846/5846 5898/5898
f 5899/5899 5898/5898 5846/5846
f 5846/5846 5847/5847 5899/5899
f 5900/5900 5899/5899 5847/5847
f 5847/5847 5848/5848 5900/5900
f 5901/5901 5900/5900 5848/5848
f 5848/5848 5849/5849 5901/5901
f 5902/5902 5901/5901 5849/5849
f 5849/5849 5850/5850 5902/5902
f 5903/5903 5902/5902 5850/5850
f 5850/5850 5851/5851 5903/5903
f 5904/5904 5903/5903 5851/5851
f 5851/5851 5852/5852 5904/5904
f 5905/5905 5904/5904 5852/5852
f 5852/5852 5853/5853 5905/5905
f 5906/5906 5905/5905 5853/5853
f 5853/5853 5854/5854 5906/5906
f 5907/5907 5906/5906 5854/5854
f 5854/5854 5855/5855 5907/5907
f 5908/5908 5907/5907 5855/5855
f 5855/5855 5856/5856 5908/5908
f 5909/5909 5908/5908 5856/5856
f 5856/5856 5857/5857 5909/5909
f 5910/5910 5909/5909 5857/5857
f 5857/5857 5858/5858 5910/5910
f 5911/5911 5910/5910 5858/5858
f 5858/5858 5859/5859 5911/5911
f 5912/5912 5911/5911 5859/5859
f 5859/5859 5860/5860 5912/5912
f 5913/5913 5912/5912 5860/5860
f 5860/5860 5861/5861 5913/5913
f 5914/5914 5913/5913 5861/5861
f 5861/5861 5862/5862 5914/5914
f 5915/5915 5914/5914 5862/5862
f 5862/5862 5863/5863 5915/5915
f 5916/5916 5915/5915 5863/5863
f 5863/5863 5864/5864 5916/5916
f 5917/5917 5916/5916 5864/5864
f 5864/5864 5865/5865 5917/5917
f 5918/5918 5917/5917 5865/5865
f 5865/5865 5866/5866 5918/5918
f 5919/5919 5918/5918 5866/5866
f 5866/5866 5867/5867 5919/5919
f 5920/5920 5919/5919 5867/5867
f 5867/5867 5868/5868 5920/5920
f 5921/5921 5920/5920 5868/5868
f 5868/5868 5869/5869 5921/5921
f 5922/5922 5921/5921 5869/5869
f 5869/5869 5870/5870 5922/5922
f 5923/5923 5922/5922 5870/5870
f 5870/5870 5871/5871 5923/5923
f 5924/5924 5923/5923 5871/5871
f 5871/5871 5872/5872 5924/5924
f 5925/5925 5924/5924 5872/5872
f 5872/5872 5873/5873 5925/5925
f 5926/5926 5925/5925 5873/5873
f 5873/5873 5874/5874 5926/5926
f 5927/5927 5926/5926 5874/5874
f 5874/5874 5875/5875 5927/5927
f 5928/5928 5927/5927 5875/5875
f 5875/5875 5876/5876 5928/5928
f 5929/5929 5928/5928 5876/5876
f 5876/5876 5877/5877 5929/5929
f 5930/5930 5929/5929 5877/5877
f 5877/5877 5878/5878 5930/5930
f 5931/5931 5930/5930 5878/5878
f 5878/5878 5879/5879 5931/5931
f 5932/5932 5931/5931 5879/5879
f 5879/5879 5880/5880 5932/5932
f 5933/5933 5932/5932 5880/5880
f 5880/5880 5881/5881 5933/5933
f 5934/5934 5933/5933 5881/5881
f 5881/5881 5882/5882 5934/5934
f 5935/5935 5934/5934 5882/5882
f 5882/5882 5883/5883 5935/5935
f 5936/5936 5935/5935 5883/5883
f 5883/5883 5884/5884 5936/5936
f 5884/5884 5937/5937 5936/5936
f 5938/5938 5887/5887 5939/5939
f 5940/5940 5939/5939 5887/5887
f 5887/5887 5888/5888 5940/5940
f 5941/5941 5940/5940 5888/5888
f 5888/5888 5889/5889 5941/5941
f 5942/5942 5941/5941 5889/5889
f 5889/5889 5890/5890 5942/5942
f 5943/5943 5942/5942 5890/5890
f 5890/5890 5891/5891 5943/5943
f 5944/5944 5943/5943 5891/5891
f 5891/5891 5892/5892 5944/5944
f 5945/5945 5944/5944 5892/5892
f 5892/5892 5893/5893 5945/5945
f 5946/5946 5945/5945 5893/5893
f 5893/5893 5894/5894 5946/5946
f 5947/5947 5946/5946 5894/5894
f 5894/5894 5895/5895 5947/5947
f 5948/5948 5947/5947 5895/5895
f 5895/5895 5896/5896 5948/5948
f 5949/5949 5948/5948 5896/5896
f 5896/5896 5897/5897 5949/5949
f 5950/5950 5949/5949 5897/5897
f 5897/5897 5898/5898 5950/5950
f 5951/5951 5950/5950 5898/5898
f 5898/5898 5899/5899 5951/5951
f 5952/5952 5951/5951 5899/5899
f 5899/5899 5900/5900 5952/5952
f 5953/5953 5952/5952 5900/5900
f 5900/5900 5901/5901 5953/5953
f 5954/5954 5953/5953 5901/5901
f 5901/5901 5902/5902 5954/5954
f 5955/5955 5954/5954 5902/5902
f 5902/5902 5903/5903 5955/5955
f 5956/5956 5955/5955 5903/5903
f 5903/5903 5904/5904 5956/5956
f 5957/5957 5956/5956 5904/5904
f 5904/5904 5905/5905 5957/5957
f 5958/5958 5957/5957 5905/5905
f 5905/5905 5906/5906 5958/5958
f 5959/5959 5958/5958 5906/5906
f 5906/5906 5907/5907 5959/5959
f 5960/5960 5959/5959 5907/5907
f 5907/5907 5908/5908 5960/5960
f 5961/5961 5960/5960 5908/5908
f 5908/5908 5909/5909 5961/5961
f 5962/5962 5961/5961 5909/5909
f 5909/5909 5910/5910 5962/5962
f 5963/5963 5962/5962 5910/5910
f 5910/5910 5911/5911 5963/5963
f 5964/5964 5963/5963 5911/5911
f 5911/5911 5912/5912 5964/5964
f 5965/5965 5964/5964 5912/5912
f 5912/5912 5913/5913 5965/5965
f 5966/5966 5965/5965 5913/5913
f 5913/5913 5914/5914 5966/5966
f 5967/5967 5966/5966 5914/5914
f 5914/5914 5915/5915 5967/5967
f 5968/5968 5967/5967 5915/5915
f 5915/5915 5916/5916 5968/5968
f 5969/5969 5968/5968 5916/5916
f 5916/5916 5917/5917 5969/5969
f 5970/5970 5969/5969 5917/5917
f 5917/5917 5918/5918 5970/5970
f 5971/5971 5970/5970 5918/5918
f 5918/5918 5919/5919 5971/5971
f 5972/5972 5971/5971 5919/5919
f 5919/5919 5920/5920 5972/5972
f 5973/5973 5972/5972 5920/5920
f 5920/5920 5921/5921 5973/5973
f 5974/5974 5973/5973 5921/5921
f 5921/5921 5922/5922 5974/5974
f 5975/5975 5974/5974 5922/5922
f 5922/5922 5923/5923 5975/5975
f 5976/5976 5975/5975 5923/5923
f 5923/5923 5924/5924 5976/5976
f 5977/5977 5976/5976 5924/5924
f 5924/5924 5925/5925 5977/5977
f 5978/5978 5977/5977 5925/5925
f 5925/5925 5926/5926 5978/5978
f 5979/5979 5978/5978 5926/5926
f 5926/5926 5927/5927 5979/5979
f 5980/5980 5979/5979 5927/5927
f 5927/5927 5928/5928 5980/5980
f 5981/5981 5980/5980 5928/5928
f 5928/5928 5929/5929 5981/5981
f 5982/5982 5981/5981 5929/5929
f 5929/5929 5930/5930 5982/5982
f 5983/5983 5982/5982 5930/5930
f 5930/5930 5931/5931 5983/5983
f 5984/5984 5983/5983 5931/5931
f 5931/5931 5932/5932 5984/5984
f 5985/5985 5984/5984 5932/5932
f 5932/5932 5933/5933 5985/5985
f 5986/5986 5985/5985 5933/5933
f 5933/5933 5934/5934 5986/5986
f 5987/5987 5986/5986 5934/5934
f 5934/5934 5935/5935 5987/5987
f 5988/5988 5987/5987 5935/5935
f 5935/5935 5936/5936 5988/5988
f 5936/5936 5989/5989 5988/5988
g Flowers
usemtl Flowers
v -0.01444 0.10236 0.00081
v -0.01430 0.10259 0.00083
v -0.01658 0.10468 0.00126
v -0.01672 0.10441 0.00123
v -0.01412 0.10296 0.00069
v -0.01640 0.10511 0.00110
v -0.01759 0.10567 0.00150
v -0.01779 0.10514 0.00168
v -0.01797 0.10481 0.00165
v -0.01454 0.10261 -0.00003
v -0.01451 0.10242 0.00047
v -0.01681 0.10447 0.00083
v -0.01687 0.10469 0.00026
v -0.01807 0.10489 0.00116
v -0.01815 0.10516 0.00046
v -0.00549 0.08976 -0.00127
v -0.00553 0.08953 -0.00068
v -0.01013 0.09710 0.00004
v -0.01013 0.09730 -0.00048
v -0.00548 0.08946 -0.00029
v -0.01007 0.09704 0.00039
v -0.00523 0.08969 -0.00029
v -0.00988 0.09726 0.00040
v -0.00488 0.09007 -0.00048
v -0.00963 0.09762 0.00024
v 0.00006 0.05338 -0.00188
v 0.00037 0.05348 -0.00190
v 0.00013 0.06183 -0.00252
v -0.00019 0.06166 -0.00250
v 0.00081 0.05366 -0.00216
v 0.00058 0.06210 -0.00276
v -0.00008 0.07178 -0.00274
v -0.00053 0.07141 -0.00252
v -0.00085 0.07119 -0.00251
v 0.00002 0.05352 -0.00296
v -0.00002 0.05341 -0.00230
v -0.00025 0.06171 -0.00292
v -0.00018 0.06188 -0.00357
v -0.00090 0.07127 -0.00292
v -0.00081 0.07149 -0.00356
v -0.01762 0.10540 0.00157
v -0.01772 0.10495 0.00142
v -0.01768 0.10488 0.00167
v -0.01770 0.10512 0.00218
v -0.01807 0.10453 0.00162
v -0.01803 0.10453 0.00235
v -0.01795 0.10458 0.00297
v -0.01765 0.10477 0.00195
v -0.01780 0.10479 0.00262
v -0.02070 0.10223 0.00404
v -0.02008 0.10286 0.00658
v -0.01892 0.10386 0.00433
v -0.01929 0.10349 0.00275
v -0.01977 0.10341 0.00932
v -0.01876 0.10415 0.00604
v -0.01883 0.10464 0.00711
v -0.01817 0.10593 0.00564
v -0.01793 0.10546 0.00373
v -0.01832 0.10467 0.00462
v -0.01766 0.10754 0.00413
v -0.01764 0.10643 0.00281
v -0.01809 0.10503 0.00065
v -0.01774 0.10511 0.00108
v -0.01768 0.10532 0.00093
v -0.01798 0.10577 0.00039
v -0.01757 0.10601 0.00127
v -0.01753 0.10655 0.00088
v -0.01761 0.10556 0.00076
v -0.01784 0.10645 0.00022
v -0.01747 0.10979 0.00254
v -0.01754 0.10776 0.00182
v -0.01744 0.11235 0.00090
v -0.01753 0.10927 0.00081
v -0.01789 0.10477 0.00113
v -0.01778 0.10495 0.00121
v -0.01801 0.10459 0.00103
v -0.01850 0.10418 0.00125
v -0.01852 0.10457 0.00044
v -0.01889 0.10412 0.00031
v -0.01813 0.10441 0.00091
v -0.01883 0.10393 0.00084
v -0.02021 0.10662 -0.00226
v -0.02164 0.10445 -0.00252
v -0.01995 0.10442 -0.00082
v -0.01907 0.10575 -0.00066
v -0.02338 0.10256 -0.00296
v -0.02103 0.10327 -0.00111
v -0.01887 0.11236 -0.00263
v -0.01939 0.10935 -0.00235
v -0.01857 0.10746 -0.00076
v -0.01826 0.10936 -0.00099
v -0.02236 0.10817 -0.00594
v -0.02376 0.10583 -0.00618
v -0.02295 0.10497 -0.00445
v -0.02139 0.10747 -0.00419
v -0.02535 0.10360 -0.00657
v -0.02480 0.10268 -0.00488
v -0.02061 0.11335 -0.00616
v -0.02138 0.11071 -0.00598
v -0.02039 0.11039 -0.00423
v -0.01967 0.11351 -0.00444
v -0.02321 0.10880 -0.00775
v -0.02378 0.10802 -0.00804
v -0.02392 0.10688 -0.00727
v -0.02290 0.10856 -0.00701
v -0.02448 0.10739 -0.00865
v -0.02511 0.10530 -0.00774
v -0.02275 0.11114 -0.00869
v -0.02291 0.10989 -0.00806
v -0.02219 0.11045 -0.00716
v -0.02165 0.11243 -0.00752
v -0.02350 0.10060 -0.00007
v -0.02195 0.10145 0.00188
v -0.02007 0.10300 0.00143
v -0.02106 0.10244 0.00023
v -0.02540 0.09792 0.00228
v -0.02421 0.09868 0.00425
v -0.02333 0.09992 0.00296
v -0.02485 0.09905 0.00077
v -0.02314 0.09943 0.00637
v -0.02205 0.10076 0.00533
v -0.02230 0.10018 0.00879
v -0.02124 0.10154 0.00806
v -0.02158 0.10092 0.01136
v -0.02066 0.10230 0.01098
v -0.02421 0.09798 0.00715
v -0.02397 0.09801 0.00839
v -0.02318 0.09904 0.00878
v -0.02378 0.09858 0.00689
v -0.02386 0.09786 0.00983
v -0.02267 0.09942 0.01083
v -0.02529 0.09699 0.00572
v -0.02469 0.09758 0.00633
v -0.02458 0.09799 0.00534
v -0.02547 0.09732 0.00396
v -0.01881 0.10557 0.01100
v -0.01802 0.10741 0.00855
v -0.01819 0.10658 0.00722
v -0.01898 0.10492 0.00923
v -0.01737 0.10959 0.00626
v -0.01756 0.10859 0.00525
v -0.01696 0.11246 0.00432
v -0.01726 0.11133 0.00335
v -0.01668 0.11566 0.00254
v -0.01712 0.11441 0.00149
v -0.01772 0.10820 0.01307
v -0.01727 0.10967 0.01041
v -0.01770 0.10845 0.00968
v -0.01835 0.10666 0.01240
v -0.01683 0.11143 0.00817
v -0.01711 0.11055 0.00728
v -0.01637 0.11373 0.00676
v -0.01664 0.11327 0.00552
v -0.01592 0.11630 0.00576
v -0.01625 0.11629 0.00407
v -0.01623 0.11242 0.01163
v -0.01633 0.11249 0.01031
v -0.01681 0.11104 0.01052
v -0.01699 0.11019 0.01263
v -0.01633 0.11281 0.00931
v -0.01657 0.11215 0.00881
v -0.01614 0.11363 0.00894
v -0.01623 0.11378 0.00788
v -0.01585 0.11470 0.00889
v -0.01583 0.11566 0.00735
v -0.00221 0.08089 -0.00152
v -0.00251 0.08065 -0.00151
v -0.00179 0.08128 -0.00173
v -0.00256 0.08073 -0.00192
v -0.00248 0.08096 -0.00254
v 0.00098 0.04377 -0.00135
v 0.00097 0.04373 -0.00064
v 0.00042 0.04769 -0.00147
v 0.00044 0.04776 -0.00214
v 0.00107 0.04372 -0.00019
v 0.00050 0.04767 -0.00104
v 0.00140 0.04376 -0.00024
v 0.00082 0.04773 -0.00108
v 0.00186 0.04381 -0.00054
v 0.00125 0.04784 -0.00135
v 0.00230 0.03815 0.00101
v 0.00275 0.03815 0.00093
v 0.00206 0.04072 0.00040
v 0.00167 0.04070 0.00046
v 0.00335 0.03815 0.00052
v 0.00258 0.04074 0.00005
v 0.00217 0.03815 -0.00051
v 0.00216 0.03815 0.00042
v 0.00155 0.04071 -0.00005
v 0.00157 0.04072 -0.00085
v -0.00006 0.03912 -0.00078
v 0.00021 0.03914 -0.00083
v 0.00013 0.04964 0.00112
v -0.00009 0.04962 0.00116
v 0.00056 0.03924 -0.00107
v 0.00044 0.04974 0.00092
v 0.00012 0.05923 0.00314
v -0.00015 0.05913 0.00331
v -0.00034 0.05911 0.00334
v -0.00015 0.04975 0.00087
v -0.00016 0.03923 -0.00112
v -0.00037 0.05928 0.00311
v -0.00032 0.05954 0.00275
v -0.00013 0.04996 0.00043
v -0.00019 0.03942 -0.00166
v -0.00083 0.06659 0.00598
v -0.00101 0.06659 0.00602
v -0.00058 0.06671 0.00582
v -0.00146 0.07223 0.00843
v -0.00172 0.07210 0.00858
v -0.00190 0.07211 0.00864
v -0.00104 0.06683 0.00584
v -0.00195 0.07242 0.00850
v -0.00192 0.07287 0.00826
v -0.00100 0.06719 0.00556
v -0.00383 0.08372 0.01575
v -0.00358 0.08378 0.01566
v -0.00345 0.08520 0.01651
v -0.00386 0.08509 0.01668
v -0.00325 0.08398 0.01540
v -0.00294 0.08553 0.01612
v -0.00251 0.08661 0.01646
v -0.00324 0.08611 0.01703
v -0.00387 0.08594 0.01728
v -0.00410 0.08541 0.01640
v -0.00393 0.08394 0.01555
v -0.00431 0.08642 0.01692
v -0.00465 0.08722 0.01625
v -0.00426 0.08594 0.01589
v -0.00395 0.08430 0.01518
v -0.00346 0.07846 0.01236
v -0.00375 0.08132 0.01419
v -0.00381 0.08155 0.01403
v -0.00352 0.07876 0.01223
v -0.00380 0.08192 0.01376
v -0.00351 0.07920 0.01201
v -0.00328 0.07845 0.01229
v -0.00356 0.08134 0.01412
v -0.00302 0.07859 0.01213
v -0.00330 0.08149 0.01394
v -0.00303 0.08618 0.01705
v -0.00363 0.08602 0.01697
v -0.00358 0.08580 0.01724
v -0.00313 0.08575 0.01781
v -0.00422 0.08595 0.01745
v -0.00391 0.08555 0.01826
v -0.00356 0.08519 0.01891
v -0.00357 0.08556 0.01754
v -0.00338 0.08538 0.01839
v -0.00736 0.08561 0.02200
v -0.00528 0.08419 0.02446
v -0.00439 0.08493 0.02112
v -0.00564 0.08582 0.01957
v -0.00340 0.08291 0.02734
v -0.00329 0.08412 0.02294
v -0.00238 0.08402 0.02417
v -0.00116 0.08505 0.02199
v -0.00229 0.08544 0.01970
v -0.00303 0.08479 0.02101
v 0.00030 0.08648 0.01985
v -0.00143 0.08632 0.01840
v -0.00408 0.08681 0.01633
v -0.00362 0.08632 0.01659
v -0.00341 0.08649 0.01637
v -0.00331 0.08737 0.01591
v -0.00245 0.08672 0.01664
v -0.00200 0.08726 0.01613
v -0.00317 0.08668 0.01612
v -0.00256 0.08780 0.01558
v 0.00222 0.08870 0.01776
v -0.00031 0.08766 0.01713
v 0.00437 0.09132 0.01569
v 0.00093 0.08924 0.01586
v -0.00405 0.08620 0.01677
v -0.00376 0.08618 0.01678
v -0.00435 0.08624 0.01673
v -0.00501 0.08629 0.01732
v -0.00496 0.08700 0.01641
v -0.00574 0.08708 0.01654
v -0.00467 0.08628 0.01669
v -0.00565 0.08664 0.01708
v -0.00485 0.09143 0.01425
v -0.00831 0.09133 0.01510
v -0.00656 0.08886 0.01593
v -0.00444 0.08892 0.01542
v -0.01177 0.09180 0.01593
v -0.00868 0.08918 0.01642
v 0.00210 0.09445 0.01256
v -0.00137 0.09266 0.01341
v -0.00229 0.08972 0.01485
v -0.00013 0.09090 0.01426
v -0.00594 0.09641 0.01128
v -0.00955 0.09613 0.01212
v -0.00934 0.09390 0.01368
v -0.00541 0.09412 0.01273
v -0.01328 0.09617 0.01294
v -0.01332 0.09415 0.01464
v 0.00071 0.09855 0.00953
v -0.00256 0.09732 0.01041
v -0.00161 0.09528 0.01181
v 0.00214 0.09693 0.01090
v -0.00644 0.09858 0.00966
v -0.00776 0.09870 0.00973
v -0.00888 0.09760 0.01085
v -0.00625 0.09774 0.01035
v -0.00911 0.09921 0.00951
v -0.01160 0.09779 0.01123
v -0.00400 0.10026 0.00812
v -0.00520 0.09923 0.00903
v -0.00381 0.09849 0.00958
v -0.00146 0.09956 0.00869
v -0.01247 0.08917 0.01918
v -0.00982 0.08732 0.02038
v -0.00718 0.08687 0.01859
v -0.00887 0.08801 0.01788
v -0.01559 0.08786 0.02321
v -0.01326 0.08629 0.02467
v -0.01189 0.08700 0.02257
v -0.01463 0.08891 0.02108
v -0.01095 0.08475 0.02636
v -0.00926 0.08519 0.02441
v -0.00866 0.08326 0.02853
v -0.00682 0.08360 0.02696
v -0.00639 0.08180 0.03094
v -0.00449 0.08212 0.02985
v -0.01287 0.08431 0.02800
v -0.01219 0.08348 0.02925
v -0.01044 0.08328 0.02913
v -0.01205 0.08448 0.02740
v -0.01171 0.08253 0.03081
v -0.00890 0.08203 0.03111
v -0.01516 0.08535 0.02710
v -0.01392 0.08489 0.02739
v -0.01380 0.08559 0.02617
v -0.01561 0.08665 0.02520
v 0.00020 0.08269 0.02849
v 0.00170 0.08450 0.02509
v 0.00016 0.08474 0.02376
v -0.00132 0.08329 0.02665
v 0.00355 0.08659 0.02194
v 0.00195 0.08657 0.02098
v 0.00613 0.08922 0.01926
v 0.00434 0.08919 0.01843
v 0.00908 0.09212 0.01683
v 0.00703 0.09219 0.01600
v 0.00453 0.08246 0.02995
v 0.00535 0.08445 0.02657
v 0.00348 0.08436 0.02610
v 0.00222 0.08232 0.02971
v 0.00663 0.08641 0.02363
v 0.00516 0.08651 0.02286
v 0.00884 0.08832 0.02157
v 0.00769 0.08888 0.02036
v 0.01151 0.09021 0.01995
v 0.01064 0.09137 0.01823
v 0.00946 0.08477 0.02709
v 0.00894 0.08560 0.02565
v 0.00716 0.08492 0.02630
v 0.00697 0.08342 0.02886
v 0.00889 0.08634 0.02450
v 0.00783 0.08636 0.02413
v 0.00975 0.08692 0.02390
v 0.00944 0.08765 0.02275
v 0.01107 0.08743 0.02358
v 0.01151 0.08886 0.02175
v -0.00260 0.07571 0.01057
v -0.00278 0.07573 0.01063
v -0.00235 0.07585 0.01041
v -0.00283 0.07605 0.01051
v -0.00282 0.07653 0.01029
v 0.01589 0.10715 -0.00971
v 0.01609 0.10707 -0.00980
v 0.01719 0.11059 -0.01031
v 0.01688 0.11075 -0.01011
v 0.01632 0.10694 -0.01008
v 0.01754 0.11035 -0.01082
v 0.01852 0.11184 -0.01121
v 0.01799 0.11222 -0.01036
v 0.01752 0.11250 -0.01003
v 0.01559 0.10704 -0.01044
v 0.01573 0.10712 -0.00998
v 0.01664 0.11077 -0.01056
v 0.01643 0.11072 -0.01134
v 0.01717 0.11258 -0.01073
v 0.01687 0.11256 -0.01195
v 0.01266 0.08995 -0.00696
v 0.01281 0.09006 -0.00656
v 0.01406 0.09981 -0.00858
v 0.01393 0.09970 -0.00894
v 0.01298 0.09010 -0.00632
v 0.01420 0.09987 -0.00835
v 0.01319 0.09003 -0.00638
v 0.01439 0.09980 -0.00841
v 0.01343 0.08989 -0.00660
v 0.01459 0.09968 -0.00861
v 0.00433 0.04209 0.00078
v 0.00454 0.04208 0.00130
v 0.00560 0.04594 0.00104
v 0.00542 0.04594 0.00055
v 0.00475 0.04206 0.00160
v 0.00580 0.04591 0.00133
v 0.00777 0.05149 0.00076
v 0.00757 0.05153 0.00048
v 0.00738 0.05154 -0.00001
v 0.00799 0.05142 0.00064
v 0.01113 0.05889 -0.00028
v 0.01089 0.05897 -0.00016
v 0.00821 0.05132 0.00031
v 0.01137 0.05879 -0.00060
v 0.01387 0.06801 -0.00206
v 0.01361 0.06812 -0.00176
v 0.01336 0.06821 -0.00165
v 0.00498 0.04199 0.00146
v 0.00601 0.04583 0.00120
v 0.00522 0.04191 0.00110
v 0.00623 0.04574 0.00086
v 0.01067 0.05902 -0.00045
v 0.01045 0.05905 -0.00093
v 0.01313 0.06825 -0.00193
v 0.01289 0.06828 -0.00240
v 0.01826 0.11198 -0.01082
v 0.01775 0.11206 -0.01067
v 0.01785 0.11207 -0.01039
v 0.01838 0.11221 -0.01011
v 0.01745 0.11249 -0.01029
v 0.01792 0.11262 -0.00963
v 0.01836 0.11267 -0.00910
v 0.01793 0.11211 -0.01008
v 0.01835 0.11242 -0.00952
v 0.01657 0.11596 -0.00717
v 0.01884 0.11585 -0.00519
v 0.01845 0.11406 -0.00761
v 0.01707 0.11410 -0.00885
v 0.02112 0.11613 -0.00305
v 0.01983 0.11426 -0.00625
v 0.02094 0.11458 -0.00563
v 0.02126 0.11350 -0.00764
v 0.01965 0.11281 -0.00899
v 0.01945 0.11345 -0.00776
v 0.02183 0.11258 -0.00993
v 0.01998 0.11227 -0.01038
v 0.01728 0.11229 -0.01148
v 0.01767 0.11201 -0.01108
v 0.01777 0.11190 -0.01134
v 0.01780 0.11210 -0.01217
v 0.01863 0.11185 -0.01147
v 0.01887 0.11171 -0.01215
v 0.01789 0.11179 -0.01163
v 0.01833 0.11189 -0.01273
v 0.02289 0.11197 -0.01276
v 0.02058 0.11191 -0.01209
v 0.02418 0.11152 -0.01586
v 0.02131 0.11164 -0.01397
v 0.01738 0.11218 -0.01085
v 0.01760 0.11208 -0.01087
v 0.01714 0.11229 -0.01085
v 0.01684 0.11288 -0.01047
v 0.01668 0.11272 -0.01145
v 0.01614 0.11310 -0.01135
v 0.01688 0.11241 -0.01086
v 0.01631 0.11316 -0.01074
v 0.01663 0.11391 -0.01551
v 0.01431 0.11545 -0.01462
v 0.01557 0.11400 -0.01275
v 0.01699 0.11305 -0.01330
v 0.01211 0.11728 -0.01413
v 0.01421 0.11512 -0.01248
v 0.02178 0.11228 -0.01929
v 0.01915 0.11295 -0.01720
v 0.01855 0.11245 -0.01440
v 0.02016 0.11203 -0.01577
v 0.01544 0.11540 -0.02020
v 0.01300 0.11691 -0.01918
v 0.01341 0.11644 -0.01693
v 0.01604 0.11475 -0.01800
v 0.01053 0.11860 -0.01839
v 0.01083 0.11840 -0.01619
v 0.02023 0.11336 -0.02340
v 0.01785 0.11428 -0.02169
v 0.01878 0.11360 -0.01973
v 0.02158 0.11272 -0.02179
v 0.01477 0.11591 -0.02238
v 0.01380 0.11647 -0.02225
v 0.01324 0.11683 -0.02086
v 0.01506 0.11574 -0.02151
v 0.01276 0.11711 -0.02252
v 0.01136 0.11804 -0.02048
v 0.01636 0.11515 -0.02464
v 0.01560 0.11549 -0.02331
v 0.01676 0.11490 -0.02273
v 0.01841 0.11420 -0.02422
v 0.01214 0.11811 -0.01032
v 0.01435 0.11684 -0.00882
v 0.01569 0.11466 -0.00987
v 0.01430 0.11548 -0.01076
v 0.01097 0.12076 -0.00686
v 0.01306 0.11990 -0.00537
v 0.01347 0.11862 -0.00715
v 0.01111 0.11980 -0.00883
v 0.01522 0.11920 -0.00376
v 0.01590 0.11775 -0.00533
v 0.01754 0.11882 -0.00193
v 0.01844 0.11747 -0.00325
v 0.01993 0.11861 0.00002
v 0.02105 0.11750 -0.00103
v 0.01426 0.12057 -0.00234
v 0.01510 0.12059 -0.00121
v 0.01638 0.11980 -0.00138
v 0.01470 0.12004 -0.00288
v 0.01590 0.12080 0.00018
v 0.01810 0.11971 0.00030
v 0.01233 0.12144 -0.00319
v 0.01332 0.12091 -0.00290
v 0.01308 0.12056 -0.00403
v 0.01149 0.12123 -0.00500
v 0.02426 0.11542 -0.00277
v 0.02447 0.11398 -0.00599
v 0.02285 0.11387 -0.00666
v 0.02253 0.11522 -0.00395
v 0.02509 0.11271 -0.00930
v 0.02351 0.11270 -0.00959
v 0.02651 0.11178 -0.01280
v 0.02483 0.11190 -0.01299
v 0.02833 0.11102 -0.01639
v 0.02647 0.11127 -0.01661
v 0.02809 0.11466 -0.00241
v 0.02781 0.11355 -0.00564
v 0.02618 0.11387 -0.00559
v 0.02620 0.11523 -0.00214
v 0.02803 0.11252 -0.00868
v 0.02664 0.11264 -0.00896
v 0.02928 0.11167 -0.01133
v 0.02805 0.11169 -0.01220
v 0.03105 0.11091 -0.01379
v 0.02993 0.11087 -0.01536
v 0.03121 0.11264 -0.00613
v 0.03042 0.11245 -0.00737
v 0.02918 0.11305 -0.00634
v 0.02972 0.11374 -0.00395
v 0.03007 0.11221 -0.00847
v 0.02913 0.11238 -0.00854
v 0.03061 0.11191 -0.00929
v 0.03006 0.11176 -0.01034
v 0.03159 0.11157 -0.00996
v 0.03149 0.11118 -0.01195
v 0.01362 0.07898 -0.00398
v 0.01338 0.07907 -0.00389
v 0.01387 0.07885 -0.00424
v 0.01317 0.07907 -0.00416
v 0.01297 0.07902 -0.00459
v 0.00446 0.03831 0.00159
v 0.00480 0.03832 0.00138
v 0.00470 0.03976 0.00148
v 0.00443 0.03979 0.00165
v 0.00512 0.03834 0.00087
v 0.00498 0.03972 0.00106
v 0.00374 0.03833 0.00054
v 0.00411 0.03832 0.00121
v 0.00415 0.03981 0.00132
v 0.00388 0.03982 0.00073
v -0.01247 0.11204 -0.01065
v -0.01222 0.11208 -0.01068
v -0.01273 0.11626 -0.01139
v -0.01308 0.11626 -0.01131
v -0.01187 0.11201 -0.01089
v -0.01228 0.11612 -0.01172
v -0.01248 0.11817 -0.01217
v -0.01307 0.11840 -0.01168
v -0.01355 0.11846 -0.01155
v -0.01248 0.11142 -0.01140
v -0.01253 0.11178 -0.01094
v -0.01321 0.11600 -0.01172
v -0.01323 0.11560 -0.01239
v -0.01378 0.11818 -0.01214
v -0.01389 0.11772 -0.01310
v -0.01058 0.09289 -0.00803
v -0.01064 0.09320 -0.00754
v -0.01163 0.10351 -0.00942
v -0.01157 0.10315 -0.00986
v -0.01059 0.09343 -0.00721
v -0.01159 0.10376 -0.00913
v -0.01033 0.09351 -0.00721
v -0.01135 0.10382 -0.00914
v -0.00995 0.09352 -0.00737
v -0.01101 0.10377 -0.00929
v -0.00364 0.05340 -0.00328
v -0.00331 0.05352 -0.00332
v -0.00571 0.06241 -0.00351
v -0.00603 0.06220 -0.00347
v -0.00287 0.05379 -0.00359
v -0.00526 0.06278 -0.00376
v -0.00751 0.07323 -0.00419
v -0.00795 0.07285 -0.00397
v -0.00826 0.07260 -0.00394
v -0.00368 0.05390 -0.00434
v -0.00372 0.05357 -0.00370
v -0.00609 0.06231 -0.00385
v -0.00603 0.06257 -0.00444
v -0.00831 0.07258 -0.00429
v -0.00823 0.07269 -0.00482
v -0.00934 0.08321 -0.00535
v -0.00963 0.08302 -0.00534
v -0.00893 0.08341 -0.00553
v -0.00968 0.08288 -0.00568
v -0.00961 0.08277 -0.00619
v -0.00049 0.04460 -0.00320
v -0.00049 0.04444 -0.00254
v -0.00187 0.04789 -0.00317
v -0.00185 0.04816 -0.00383
v -0.00038 0.04435 -0.00211
v -0.00178 0.04774 -0.00274
v -0.00007 0.04440 -0.00215
v -0.00146 0.04781 -0.00278
v 0.00034 0.04451 -0.00242
v -0.00103 0.04800 -0.00305
v 0.00146 0.04107 -0.00130
v 0.00179 0.04109 -0.00133
v 0.00093 0.04239 -0.00169
v 0.00063 0.04237 -0.00166
v 0.00222 0.04112 -0.00162
v 0.00132 0.04246 -0.00196
v 0.00130 0.04110 -0.00251
v 0.00133 0.04107 -0.00178
v 0.00052 0.04241 -0.00209
v 0.00050 0.04248 -0.00275
v -0.02068 0.12094 -0.01413
v -0.01862 0.12112 -0.01194
v -0.01635 0.11963 -0.01211
v -0.01767 0.11952 -0.01342
v -0.01668 0.12176 -0.00985
v -0.01513 0.12003 -0.01084
v -0.01384 0.11848 -0.01166
v -0.01449 0.11849 -0.01201
v -0.01500 0.11843 -0.01242
v -0.02344 0.12377 -0.01203
v -0.02172 0.12401 -0.00976
v -0.02046 0.12266 -0.01099
v -0.02255 0.12239 -0.01346
v -0.01992 0.12463 -0.00768
v -0.01839 0.12338 -0.00869
v -0.02324 0.12608 -0.00882
v -0.02240 0.12565 -0.00776
v -0.02224 0.12493 -0.00871
v -0.02354 0.12497 -0.01046
v -0.02162 0.12568 -0.00681
v -0.02091 0.12530 -0.00713
v -0.01498 0.12334 -0.00799
v -0.01411 0.12101 -0.00965
v -0.01339 0.12538 -0.00623
v -0.01320 0.12228 -0.00851
v -0.01333 0.11942 -0.01061
v -0.01361 0.11900 -0.01108
v -0.01797 0.12603 -0.00599
v -0.01636 0.12500 -0.00673
v -0.01594 0.12782 -0.00450
v -0.01435 0.12708 -0.00494
v -0.02098 0.12660 -0.00606
v -0.01949 0.12647 -0.00587
v -0.02040 0.12798 -0.00542
v -0.01804 0.12804 -0.00478
v -0.00797 0.11719 -0.01958
v -0.01101 0.11704 -0.01803
v -0.01196 0.11744 -0.01534
v -0.01007 0.11746 -0.01637
v -0.01398 0.11719 -0.01698
v -0.01381 0.11758 -0.01465
v -0.01365 0.11784 -0.01270
v -0.01297 0.11767 -0.01323
v -0.01230 0.11757 -0.01364
v -0.00891 0.11607 -0.02383
v -0.01172 0.11576 -0.02265
v -0.01104 0.11638 -0.02058
v -0.00779 0.11664 -0.02205
v -0.01459 0.11585 -0.02181
v -0.01428 0.11651 -0.01955
v -0.01279 0.11552 -0.02587
v -0.01382 0.11528 -0.02483
v -0.01269 0.11544 -0.02394
v -0.01068 0.11573 -0.02500
v -0.01488 0.11526 -0.02419
v -0.01477 0.11548 -0.02321
v -0.01683 0.11794 -0.01690
v -0.01556 0.11802 -0.01460
v -0.01961 0.11900 -0.01732
v -0.01726 0.11862 -0.01487
v -0.01501 0.11811 -0.01296
v -0.01437 0.11796 -0.01288
v -0.01757 0.11674 -0.02163
v -0.01751 0.11742 -0.01940
v -0.02062 0.11802 -0.02180
v -0.02074 0.11871 -0.01969
v -0.01602 0.11569 -0.02434
v -0.01697 0.11618 -0.02316
v -0.01720 0.11635 -0.02487
v -0.01923 0.11721 -0.02345
v -0.01366 0.11803 -0.01208
v -0.01392 0.11802 -0.01214
v -0.01419 0.11801 -0.01220
v -0.01244 0.12322 -0.00800
v -0.01127 0.12158 -0.00922
v -0.01221 0.12000 -0.01039
v -0.01292 0.12096 -0.00961
v -0.00991 0.12020 -0.01084
v -0.01141 0.11918 -0.01139
v -0.01279 0.11822 -0.01190
v -0.01292 0.11869 -0.01133
v -0.01316 0.11907 -0.01090
v -0.01037 0.12622 -0.00549
v -0.00886 0.12365 -0.00751
v -0.01016 0.12278 -0.00827
v -0.01161 0.12496 -0.00660
v -0.00708 0.12157 -0.00985
v -0.00847 0.12096 -0.01034
v -0.00239 0.12567 -0.00708
v -0.00260 0.12403 -0.00757
v -0.00416 0.12442 -0.00698
v -0.00459 0.12668 -0.00560
v -0.00252 0.12297 -0.00819
v -0.00342 0.12280 -0.00845
v -0.00445 0.12254 -0.00879
v -0.00574 0.12459 -0.00667
v -0.00672 0.12727 -0.00463
v -0.00817 0.11932 -0.01323
v -0.01039 0.11863 -0.01283
v -0.00625 0.11869 -0.01602
v -0.00927 0.11821 -0.01450
v -0.01187 0.11784 -0.01301
v -0.01227 0.11805 -0.01242
v -0.00478 0.12044 -0.01280
v -0.00633 0.11989 -0.01321
v -0.00222 0.11980 -0.01606
v -0.00394 0.11918 -0.01648
v -0.00183 0.12304 -0.00911
v -0.00206 0.12242 -0.01011
v -0.00085 0.12369 -0.01017
v -0.00038 0.12268 -0.01185
v -0.00029 0.12167 -0.01346
v -0.00252 0.12178 -0.01109
v -0.01332 0.11814 -0.01185
v -0.01329 0.11829 -0.01160
v -0.01330 0.11845 -0.01131
v -0.01329 0.11793 -0.01221
v -0.01310 0.11780 -0.01240
v -0.01289 0.11766 -0.01262
v -0.01342 0.11804 -0.01205
v -0.00347 0.12110 -0.01204
v -0.00570 0.12211 -0.00930
v -0.00095 0.12067 -0.01496
v -0.00734 0.12429 -0.00691
v -0.00869 0.12706 -0.00471
v 0.00290 0.03839 -0.00267
v 0.00298 0.03840 -0.00144
v 0.00215 0.03974 -0.00158
v 0.00210 0.03973 -0.00253
v 0.00322 0.03842 -0.00063
v 0.00233 0.03975 -0.00096
v 0.00376 0.03843 -0.00068
v 0.00275 0.03976 -0.00100
v 0.00445 0.03843 -0.00117
v 0.00329 0.03977 -0.00137
v 0.00570 0.03863 -0.00245
v 0.00534 0.03855 -0.00279
v 0.00843 0.05918 0.00009
v 0.00873 0.05921 0.00038
v 0.00457 0.03839 -0.00305
v 0.00779 0.05913 -0.00012
v 0.01051 0.07983 0.00138
v 0.01106 0.07980 0.00157
v 0.01131 0.07979 0.00182
v 0.00834 0.05917 0.00083
v 0.00526 0.03855 -0.00191
v 0.01099 0.07981 0.00220
v 0.01037 0.07985 0.00264
v 0.00762 0.05910 0.00136
v 0.00442 0.03838 -0.00128
v 0.01497 0.11950 -0.00185
v 0.01470 0.11949 -0.00208
v 0.01797 0.13557 -0.00352
v 0.01826 0.13559 -0.00331
v 0.01418 0.11957 -0.00225
v 0.01743 0.13566 -0.00366
v 0.02082 0.14862 -0.00509
v 0.02136 0.14854 -0.00498
v 0.02165 0.14856 -0.00478
v 0.01803 0.13582 -0.00297
v 0.01472 0.11970 -0.00153
v 0.02144 0.14881 -0.00444
v 0.02098 0.14916 -0.00403
v 0.01755 0.13616 -0.00257
v 0.01421 0.11998 -0.00115
v 0.02537 0.16474 -0.00936
v 0.02511 0.16471 -0.00956
v 0.02612 0.16784 -0.01066
v 0.02639 0.16786 -0.01043
v 0.02463 0.16479 -0.00972
v 0.02559 0.16794 -0.01085
v 0.02629 0.16944 -0.01143
v 0.02690 0.16932 -0.01121
v 0.02720 0.16931 -0.01093
v 0.02614 0.16810 -0.01012
v 0.02516 0.16501 -0.00909
v 0.02688 0.16952 -0.01053
v 0.02625 0.16983 -0.01007
v 0.02562 0.16846 -0.00977
v 0.02473 0.16540 -0.00880
v 0.02391 0.15829 -0.00714
v 0.02371 0.15855 -0.00684
v 0.02328 0.15893 -0.00649
v 0.02363 0.15826 -0.00732
v 0.02312 0.15834 -0.00746
v 0.01303 0.10039 0.00047
v 0.01274 0.10051 0.00081
v 0.01219 0.10068 0.00120
v 0.01277 0.10040 0.00023
v 0.01226 0.10047 0.00005
v 0.02708 0.18412 -0.00010
v 0.02809 0.18289 -0.00215
v 0.02597 0.18382 -0.00380
v 0.02518 0.18468 -0.00176
v 0.02888 0.18155 -0.00424
v 0.02667 0.18274 -0.00581
v 0.02455 0.18400 -0.00769
v 0.02394 0.18463 -0.00581
v 0.02337 0.18487 -0.00380
v 0.03131 0.18122 0.00135
v 0.03274 0.18044 -0.00060
v 0.03037 0.18172 -0.00120
v 0.02915 0.18285 0.00081
v 0.03370 0.17953 -0.00260
v 0.03125 0.18050 -0.00327
v 0.03145 0.17910 -0.00543
v 0.02926 0.17997 -0.00639
v 0.03371 0.17840 -0.00468
v 0.03306 0.17728 -0.00651
v 0.03113 0.17780 -0.00730
v 0.02925 0.17850 -0.00821
v 0.02720 0.18119 -0.00775
v 0.02521 0.18257 -0.00932
v 0.02749 0.17956 -0.00936
v 0.02579 0.18080 -0.01063
v 0.03046 0.17689 -0.00846
v 0.02892 0.17746 -0.00931
v 0.03206 0.17641 -0.00773
v 0.03101 0.17551 -0.00850
v 0.02969 0.17599 -0.00914
v 0.02844 0.17648 -0.00990
v 0.02752 0.17824 -0.01037
v 0.02618 0.17911 -0.01155
v 0.02735 0.17698 -0.01092
v 0.02634 0.17749 -0.01208
v 0.02905 0.17475 -0.00955
v 0.02799 0.17519 -0.01023
v 0.03019 0.17428 -0.00898
v 0.02948 0.17288 -0.00932
v 0.02849 0.17334 -0.00982
v 0.02755 0.17374 -0.01044
v 0.02707 0.17556 -0.01117
v 0.02622 0.17589 -0.01222
v 0.02673 0.17405 -0.01126
v 0.02598 0.17431 -0.01218
v 0.04122 0.17480 -0.00175
v 0.03994 0.17504 -0.00395
v 0.03828 0.17663 -0.00252
v 0.03959 0.17608 -0.00057
v 0.03843 0.17523 -0.00603
v 0.03681 0.17700 -0.00444
v 0.03508 0.17905 -0.00296
v 0.03647 0.17833 -0.00125
v 0.03782 0.17722 0.00041
v 0.04376 0.17161 -0.00515
v 0.04254 0.17239 -0.00758
v 0.04132 0.17366 -0.00569
v 0.04256 0.17327 -0.00335
v 0.04109 0.17302 -0.00969
v 0.03982 0.17399 -0.00781
v 0.03783 0.17417 -0.00950
v 0.03647 0.17530 -0.00785
v 0.03916 0.17333 -0.01120
v 0.03713 0.17343 -0.01203
v 0.03581 0.17424 -0.01059
v 0.03453 0.17526 -0.00917
v 0.03504 0.17699 -0.00629
v 0.03359 0.17898 -0.00477
v 0.03332 0.17673 -0.00780
v 0.03215 0.17841 -0.00646
v 0.03422 0.17420 -0.01089
v 0.03309 0.17511 -0.00974
v 0.03537 0.17344 -0.01210
v 0.03386 0.17318 -0.01179
v 0.03294 0.17390 -0.01076
v 0.03198 0.17469 -0.00986
v 0.03199 0.17631 -0.00873
v 0.03089 0.17767 -0.00778
v 0.03093 0.17566 -0.00919
v 0.02984 0.17671 -0.00864
v 0.03182 0.17315 -0.01059
v 0.03098 0.17387 -0.00982
v 0.03260 0.17247 -0.01149
v 0.03147 0.17153 -0.01120
v 0.03078 0.17218 -0.01039
v 0.03003 0.17283 -0.00971
v 0.03002 0.17467 -0.00933
v 0.02901 0.17552 -0.00897
v 0.02919 0.17351 -0.00930
v 0.02829 0.17421 -0.00903
v 0.04282 0.16857 -0.01789
v 0.04107 0.16994 -0.01749
v 0.04186 0.17032 -0.01473
v 0.04332 0.16885 -0.01535
v 0.03917 0.17121 -0.01690
v 0.04016 0.17164 -0.01408
v 0.04116 0.17232 -0.01118
v 0.04253 0.17089 -0.01179
v 0.04358 0.16922 -0.01251
v 0.04064 0.16846 -0.02143
v 0.03894 0.17011 -0.02212
v 0.04006 0.16993 -0.01989
v 0.04185 0.16847 -0.01981
v 0.03718 0.17158 -0.02216
v 0.03818 0.17127 -0.01957
v 0.03609 0.17239 -0.01844
v 0.03696 0.17230 -0.01595
v 0.03530 0.17271 -0.02089
v 0.03366 0.17336 -0.01909
v 0.03425 0.17310 -0.01700
v 0.03496 0.17303 -0.01489
v 0.03800 0.17267 -0.01339
v 0.03914 0.17328 -0.01081
v 0.03588 0.17333 -0.01274
v 0.03692 0.17382 -0.01057
v 0.03313 0.17323 -0.01577
v 0.03368 0.17323 -0.01401
v 0.03261 0.17340 -0.01751
v 0.03182 0.17296 -0.01624
v 0.03233 0.17288 -0.01478
v 0.03277 0.17294 -0.01329
v 0.03431 0.17353 -0.01221
v 0.03497 0.17400 -0.01040
v 0.03308 0.17327 -0.01178
v 0.03334 0.17373 -0.01025
v 0.03145 0.17213 -0.01405
v 0.03183 0.17222 -0.01275
v 0.03096 0.17217 -0.01534
v 0.03007 0.17120 -0.01462
v 0.03053 0.17119 -0.01346
v 0.03089 0.17128 -0.01229
v 0.03203 0.17253 -0.01142
v 0.03212 0.17295 -0.01007
v 0.03105 0.17155 -0.01109
v 0.03111 0.17190 -0.00989
v 0.03058 0.17278 -0.02842
v 0.03037 0.17372 -0.02601
v 0.03252 0.17255 -0.02528
v 0.03236 0.17169 -0.02746
v 0.03021 0.17441 -0.02351
v 0.03258 0.17321 -0.02299
v 0.03492 0.17228 -0.02231
v 0.03448 0.17162 -0.02425
v 0.03380 0.17076 -0.02604
v 0.02525 0.17578 -0.02801
v 0.02516 0.17724 -0.02593
v 0.02786 0.17536 -0.02612
v 0.02809 0.17420 -0.02845
v 0.02532 0.17817 -0.02372
v 0.02778 0.17615 -0.02370
v 0.02801 0.17622 -0.02107
v 0.03015 0.17463 -0.02081
v 0.02596 0.17804 -0.02128
v 0.02672 0.17726 -0.01906
v 0.02835 0.17579 -0.01875
v 0.03013 0.17446 -0.01845
v 0.03246 0.17348 -0.02046
v 0.03486 0.17255 -0.02007
v 0.03218 0.17344 -0.01817
v 0.03439 0.17257 -0.01790
v 0.02861 0.17508 -0.01726
v 0.03009 0.17403 -0.01695
v 0.02723 0.17625 -0.01754
v 0.02754 0.17508 -0.01627
v 0.02870 0.17416 -0.01618
v 0.02992 0.17334 -0.01596
v 0.03179 0.17321 -0.01656
v 0.03360 0.17251 -0.01614
v 0.03125 0.17271 -0.01547
v 0.03265 0.17217 -0.01484
v 0.02854 0.17309 -0.01508
v 0.02946 0.17240 -0.01514
v 0.02770 0.17385 -0.01478
v 0.02779 0.17259 -0.01319
v 0.02826 0.17194 -0.01397
v 0.02886 0.17134 -0.01439
v 0.03054 0.17186 -0.01472
v 0.03170 0.17140 -0.01405
v 0.02974 0.17085 -0.01413
v 0.03076 0.17041 -0.01353
v 0.01802 0.18396 -0.01800
v 0.02015 0.18295 -0.01692
v 0.02088 0.18175 -0.01938
v 0.01881 0.18262 -0.02006
v 0.02221 0.18171 -0.01591
v 0.02287 0.18067 -0.01860
v 0.02384 0.17963 -0.02136
v 0.02196 0.18039 -0.02179
v 0.01993 0.18094 -0.02189
v 0.01811 0.18494 -0.01276
v 0.02038 0.18454 -0.01167
v 0.02009 0.18382 -0.01432
v 0.01790 0.18462 -0.01549
v 0.02248 0.18376 -0.01084
v 0.02219 0.18274 -0.01334
v 0.02408 0.18108 -0.01273
v 0.02414 0.18004 -0.01505
v 0.02424 0.18220 -0.01052
v 0.02550 0.18035 -0.01060
v 0.02549 0.17928 -0.01247
v 0.02563 0.17833 -0.01445
v 0.02467 0.17918 -0.01761
v 0.02543 0.17842 -0.02029
v 0.02607 0.17762 -0.01664
v 0.02666 0.17703 -0.01895
v 0.02617 0.17781 -0.01254
v 0.02637 0.17700 -0.01419
v 0.02610 0.17868 -0.01094
v 0.02638 0.17703 -0.01128
v 0.02643 0.17640 -0.01266
v 0.02666 0.17576 -0.01402
v 0.02685 0.17634 -0.01593
v 0.02748 0.17575 -0.01772
v 0.02723 0.17512 -0.01529
v 0.02796 0.17447 -0.01654
v 0.02663 0.17480 -0.01253
v 0.02679 0.17433 -0.01364
v 0.02669 0.17522 -0.01132
v 0.02702 0.17334 -0.01121
v 0.02679 0.17312 -0.01227
v 0.02684 0.17280 -0.01316
v 0.02740 0.17374 -0.01453
v 0.02822 0.17310 -0.01532
v 0.02747 0.17229 -0.01372
v 0.02837 0.17169 -0.01410
v 0.03112 0.17141 -0.01349
v 0.03180 0.17181 -0.01204
v 0.03148 0.17103 -0.01176
v 0.03090 0.17066 -0.01334
v 0.03163 0.17263 -0.01062
v 0.03135 0.17181 -0.01023
v 0.03046 0.17075 -0.00997
v 0.03062 0.17012 -0.01140
v 0.03013 0.16985 -0.01287
v 0.02928 0.17412 -0.00918
v 0.02795 0.17495 -0.00967
v 0.02746 0.17427 -0.00930
v 0.02890 0.17351 -0.00872
v 0.02692 0.17529 -0.01091
v 0.02632 0.17464 -0.01053
v 0.02584 0.17332 -0.01024
v 0.02692 0.17304 -0.00913
v 0.02827 0.17241 -0.00863
v 0.02882 0.17267 -0.01525
v 0.03014 0.17183 -0.01475
v 0.02976 0.17105 -0.01459
v 0.02835 0.17186 -0.01517
v 0.02905 0.17013 -0.01398
v 0.02771 0.17078 -0.01449
v 0.03163 0.17263 -0.01062
v 0.03072 0.17341 -0.00951
v 0.03034 0.17267 -0.00913
v 0.03135 0.17181 -0.01023
v 0.02956 0.17158 -0.00898
v 0.03046 0.17075 -0.00997
v 0.02634 0.17504 -0.01241
v 0.02577 0.17433 -0.01213
v 0.02652 0.17425 -0.01384
v 0.02593 0.17361 -0.01369
v 0.02553 0.17245 -0.01315
v 0.02536 0.17307 -0.01172
v 0.02746 0.17352 -0.01496
v 0.02693 0.17275 -0.01479
v 0.02642 0.17162 -0.01414
v 0.02839 0.16942 -0.01335
v 0.02721 0.16995 -0.01378
v 0.02934 0.16920 -0.01240
v 0.02857 0.16879 -0.01193
v 0.02781 0.16897 -0.01270
v 0.02686 0.16939 -0.01305
v 0.02883 0.17066 -0.00900
v 0.02959 0.16992 -0.00986
v 0.02772 0.17140 -0.00871
v 0.02727 0.17056 -0.00898
v 0.02816 0.16996 -0.00921
v 0.02877 0.16937 -0.00990
v 0.02517 0.17195 -0.01138
v 0.02559 0.17215 -0.01009
v 0.02533 0.17142 -0.01263
v 0.02535 0.17058 -0.01212
v 0.02523 0.17099 -0.01112
v 0.02556 0.17116 -0.01009
v 0.02610 0.17069 -0.01349
v 0.02597 0.16999 -0.01281
v 0.02975 0.16940 -0.01111
v 0.02959 0.16992 -0.00986
v 0.02877 0.16937 -0.00990
v 0.02890 0.16896 -0.01090
v 0.02654 0.17193 -0.00914
v 0.02632 0.17098 -0.00932
v 0.02605 0.16955 -0.01211
v 0.02563 0.16996 -0.01163
v 0.02667 0.16914 -0.01227
v 0.02654 0.16899 -0.01156
v 0.02618 0.16925 -0.01149
v 0.02593 0.16947 -0.01119
v 0.02809 0.16884 -0.01078
v 0.02786 0.16872 -0.01150
v 0.02800 0.16913 -0.01009
v 0.02732 0.16899 -0.01029
v 0.02739 0.16883 -0.01070
v 0.02723 0.16875 -0.01111
v 0.02630 0.17025 -0.00968
v 0.02696 0.16995 -0.00944
v 0.02577 0.17037 -0.01022
v 0.02601 0.16971 -0.01036
v 0.02633 0.16967 -0.01004
v 0.02671 0.16947 -0.00991
v 0.02733 0.16885 -0.01203
v 0.02694 0.16883 -0.01144
v 0.02757 0.16954 -0.00961
v 0.02800 0.16913 -0.01009
v 0.02709 0.16924 -0.01000
v 0.02732 0.16899 -0.01029
v 0.02554 0.17025 -0.01093
v 0.02587 0.16967 -0.01079
v 0.02663 0.16870 -0.01103
v 0.02636 0.16875 -0.01102
v 0.02672 0.16862 -0.01079
v 0.02624 0.16858 -0.01049
v 0.02671 0.16894 -0.01020
v 0.02676 0.16874 -0.01037
v 0.02645 0.16899 -0.01018
v 0.02624 0.16858 -0.01049
v 0.02601 0.16919 -0.01065
v 0.02610 0.16911 -0.01041
v 0.02605 0.16899 -0.01083
v 0.02624 0.16858 -0.01049
v 0.02619 0.16895 -0.01106
v 0.02605 0.16899 -0.01083
v 0.02636 0.16875 -0.01102
v 0.02624 0.16858 -0.01049
v 0.02689 0.16870 -0.01060
v 0.02672 0.16862 -0.01079
v 0.02676 0.16874 -0.01037
v 0.02624 0.16858 -0.01049
v 0.02627 0.16919 -0.01022
v 0.02645 0.16899 -0.01018
v 0.02610 0.16911 -0.01041
v 0.02624 0.16858 -0.01049
v 0.03180 0.17181 -0.01204
v 0.03103 0.17212 -0.01206
v 0.03062 0.17269 -0.01111
v 0.03112 0.17141 -0.01349
v 0.03028 0.17189 -0.01298
v 0.02866 0.17271 -0.01198
v 0.02692 0.17529 -0.01091
v 0.02795 0.17495 -0.00967
v 0.02818 0.17445 -0.01031
v 0.02756 0.17443 -0.01130
v 0.02908 0.17366 -0.01017
v 0.03014 0.17183 -0.01475
v 0.02980 0.17213 -0.01406
v 0.02882 0.17267 -0.01525
v 0.02879 0.17272 -0.01413
v 0.03024 0.17331 -0.01019
v 0.02652 0.17425 -0.01384
v 0.02634 0.17504 -0.01241
v 0.02699 0.17453 -0.01234
v 0.02729 0.17376 -0.01321
v 0.02746 0.17352 -0.01496
v 0.02782 0.17340 -0.01423
v 0.00299 0.03816 0.00210
v 0.00323 0.03817 0.00160
v 0.00424 0.06500 0.00288
v 0.00404 0.06498 0.00329
v 0.00323 0.03819 0.00072
v 0.00425 0.06504 0.00214
v 0.00570 0.09187 0.00517
v 0.00570 0.09181 0.00581
v 0.00553 0.09179 0.00616
v 0.00345 0.06498 0.00302
v 0.00228 0.03817 0.00183
v 0.00502 0.09181 0.00591
v 0.00435 0.09187 0.00536
v 0.00265 0.06500 0.00242
v 0.00133 0.03818 0.00117
v 0.01027 0.14081 0.01858
v 0.01041 0.14080 0.01823
v 0.01202 0.15400 0.02103
v 0.01188 0.15404 0.02139
v 0.01043 0.14088 0.01762
v 0.01203 0.15410 0.02042
v 0.01338 0.16273 0.02144
v 0.01336 0.16262 0.02207
v 0.01323 0.16267 0.02244
v 0.01149 0.15433 0.02124
v 0.00985 0.14102 0.01840
v 0.01286 0.16302 0.02229
v 0.01238 0.16353 0.02189
v 0.01098 0.15475 0.02082
v 0.00929 0.14133 0.01796
v 0.01634 0.17795 0.02412
v 0.01649 0.17791 0.02371
v 0.01760 0.18154 0.02431
v 0.01741 0.18156 0.02476
v 0.01651 0.17803 0.02302
v 0.01762 0.18168 0.02352
v 0.01852 0.18375 0.02393
v 0.01849 0.18359 0.02482
v 0.01826 0.18358 0.02534
v 0.01689 0.18190 0.02456
v 0.01593 0.17833 0.02396
v 0.01760 0.18386 0.02509
v 0.01672 0.18429 0.02446
v 0.01621 0.18240 0.02404
v 0.01539 0.17888 0.02351
v 0.01483 0.17115 0.02335
v 0.01447 0.17153 0.02320
v 0.01399 0.17208 0.02279
v 0.01496 0.17110 0.02296
v 0.01498 0.17121 0.02232
v 0.00788 0.11856 0.01238
v 0.00742 0.11867 0.01216
v 0.00682 0.11884 0.01167
v 0.00803 0.11857 0.01205
v 0.00804 0.11864 0.01144
v 0.00806 0.20161 0.03036
v 0.01015 0.19961 0.03035
v 0.01166 0.20112 0.02800
v 0.00953 0.20265 0.02810
v 0.01222 0.19759 0.03009
v 0.01363 0.19937 0.02770
v 0.01538 0.20114 0.02531
v 0.01352 0.20242 0.02560
v 0.01132 0.20322 0.02570
v 0.00676 0.19720 0.03413
v 0.00896 0.19551 0.03474
v 0.00938 0.19766 0.03257
v 0.00725 0.19963 0.03232
v 0.01118 0.19403 0.03490
v 0.01153 0.19581 0.03249
v 0.01372 0.19419 0.03174
v 0.01425 0.19553 0.02933
v 0.01344 0.19300 0.03417
v 0.01528 0.19218 0.03290
v 0.01552 0.19286 0.03063
v 0.01590 0.19373 0.02839
v 0.01528 0.19715 0.02698
v 0.01656 0.19891 0.02466
v 0.01658 0.19498 0.02620
v 0.01741 0.19642 0.02404
v 0.01649 0.19188 0.02948
v 0.01685 0.19253 0.02756
v 0.01628 0.19135 0.03143
v 0.01673 0.19034 0.03005
v 0.01694 0.19088 0.02843
v 0.01731 0.19143 0.02684
v 0.01749 0.19339 0.02569
v 0.01827 0.19437 0.02387
v 0.01801 0.19199 0.02532
v 0.01888 0.19255 0.02384
v 0.01715 0.18950 0.02761
v 0.01750 0.18999 0.02624
v 0.01695 0.18897 0.02901
v 0.01705 0.18742 0.02815
v 0.01724 0.18792 0.02691
v 0.01756 0.18838 0.02570
v 0.01817 0.19040 0.02494
v 0.01899 0.19077 0.02368
v 0.01815 0.18872 0.02455
v 0.01886 0.18901 0.02343
v 0.01315 0.18956 0.04323
v 0.01503 0.18982 0.04110
v 0.01294 0.19160 0.03984
v 0.01132 0.19098 0.04192
v 0.01670 0.19003 0.03878
v 0.01446 0.19201 0.03762
v 0.01227 0.19430 0.03630
v 0.01095 0.19350 0.03837
v 0.00967 0.19226 0.04038
v 0.01764 0.18599 0.04473
v 0.01978 0.18687 0.04259
v 0.01735 0.18829 0.04195
v 0.01531 0.18785 0.04409
v 0.02152 0.18756 0.04031
v 0.01908 0.18865 0.03963
v 0.02017 0.18885 0.03692
v 0.01795 0.19011 0.03606
v 0.02244 0.18791 0.03774
v 0.02260 0.18803 0.03530
v 0.02062 0.18892 0.03440
v 0.01867 0.19007 0.03354
v 0.01579 0.19200 0.03509
v 0.01368 0.19421 0.03408
v 0.01679 0.19170 0.03274
v 0.01496 0.19359 0.03197
v 0.02038 0.18889 0.03262
v 0.01877 0.18990 0.03182
v 0.02206 0.18804 0.03341
v 0.02121 0.18775 0.03192
v 0.01980 0.18855 0.03130
v 0.01850 0.18944 0.03060
v 0.01731 0.19124 0.03100
v 0.01592 0.19275 0.03018
v 0.01743 0.19051 0.02972
v 0.01647 0.19168 0.02876
v 0.01922 0.18771 0.03017
v 0.01811 0.18851 0.02955
v 0.02045 0.18696 0.03069
v 0.01975 0.18591 0.02959
v 0.01864 0.18663 0.02914
v 0.01766 0.18736 0.02859
v 0.01726 0.18941 0.02871
v 0.01652 0.19036 0.02777
v 0.01693 0.18812 0.02784
v 0.01633 0.18890 0.02698
v 0.03008 0.18192 0.03902
v 0.02941 0.18378 0.03744
v 0.02675 0.18421 0.03923
v 0.02756 0.18223 0.04043
v 0.02839 0.18546 0.03572
v 0.02575 0.18595 0.03776
v 0.02303 0.18671 0.03983
v 0.02388 0.18485 0.04097
v 0.02464 0.18264 0.04170
v 0.03307 0.18180 0.03546
v 0.03357 0.18398 0.03355
v 0.03160 0.18378 0.03552
v 0.03178 0.18181 0.03731
v 0.03326 0.18588 0.03177
v 0.03087 0.18553 0.03374
v 0.02903 0.18686 0.03195
v 0.02670 0.18677 0.03375
v 0.03136 0.18722 0.03026
v 0.02887 0.18795 0.02916
v 0.02687 0.18766 0.03051
v 0.02488 0.18758 0.03200
v 0.02436 0.18718 0.03575
v 0.02201 0.18786 0.03785
v 0.02293 0.18792 0.03373
v 0.02099 0.18846 0.03559
v 0.02517 0.18781 0.02975
v 0.02350 0.18780 0.03096
v 0.02684 0.18799 0.02860
v 0.02521 0.18750 0.02820
v 0.02383 0.18741 0.02925
v 0.02242 0.18748 0.03023
v 0.02181 0.18814 0.03224
v 0.02012 0.18866 0.03357
v 0.02093 0.18784 0.03110
v 0.01939 0.18837 0.03191
v 0.02276 0.18658 0.02857
v 0.02152 0.18667 0.02944
v 0.02396 0.18661 0.02761
v 0.02288 0.18553 0.02691
v 0.02182 0.18553 0.02781
v 0.02070 0.18563 0.02860
v 0.02017 0.18702 0.03011
v 0.01878 0.18749 0.03068
v 0.01949 0.18592 0.02919
v 0.01823 0.18632 0.02967
v 0.03830 0.19162 0.02311
v 0.03528 0.19049 0.02355
v 0.03543 0.18922 0.02596
v 0.03808 0.19044 0.02522
v 0.03230 0.18964 0.02411
v 0.03272 0.18833 0.02669
v 0.03282 0.18729 0.02940
v 0.03502 0.18818 0.02840
v 0.03707 0.18940 0.02724
v 0.03484 0.19472 0.01843
v 0.03220 0.19417 0.01888
v 0.03402 0.19222 0.02120
v 0.03696 0.19310 0.02082
v 0.02979 0.19361 0.01956
v 0.03121 0.19149 0.02177
v 0.02866 0.19107 0.02271
v 0.02938 0.18934 0.02489
v 0.02783 0.19303 0.02070
v 0.02625 0.19227 0.02193
v 0.02657 0.19064 0.02371
v 0.02694 0.18917 0.02565
v 0.02991 0.18808 0.02740
v 0.03033 0.18704 0.03008
v 0.02738 0.18804 0.02791
v 0.02787 0.18707 0.03034
v 0.02517 0.18987 0.02444
v 0.02536 0.18870 0.02612
v 0.02498 0.19117 0.02288
v 0.02374 0.18987 0.02365
v 0.02406 0.18884 0.02491
v 0.02425 0.18792 0.02628
v 0.02554 0.18778 0.02806
v 0.02572 0.18699 0.03012
v 0.02419 0.18722 0.02787
v 0.02402 0.18662 0.02957
v 0.02283 0.18765 0.02513
v 0.02322 0.18688 0.02608
v 0.02223 0.18850 0.02435
v 0.02057 0.18709 0.02500
v 0.02155 0.18636 0.02522
v 0.02222 0.18569 0.02571
v 0.02315 0.18628 0.02738
v 0.02285 0.18576 0.02884
v 0.02225 0.18514 0.02673
v 0.02196 0.18466 0.02802
v 0.02234 0.19838 0.01378
v 0.02213 0.19842 0.01671
v 0.02492 0.19692 0.01639
v 0.02480 0.19688 0.01389
v 0.02189 0.19786 0.01941
v 0.02485 0.19645 0.01877
v 0.02786 0.19477 0.01806
v 0.02769 0.19510 0.01622
v 0.02714 0.19501 0.01444
v 0.01683 0.19947 0.01571
v 0.01641 0.19973 0.01808
v 0.01928 0.19924 0.01733
v 0.01964 0.19911 0.01453
v 0.01623 0.19937 0.02029
v 0.01904 0.19875 0.01989
v 0.01903 0.19704 0.02198
v 0.02164 0.19612 0.02161
v 0.01650 0.19781 0.02217
v 0.01702 0.19575 0.02348
v 0.01918 0.19488 0.02335
v 0.02141 0.19399 0.02308
v 0.02441 0.19493 0.02090
v 0.02727 0.19359 0.02001
v 0.02380 0.19303 0.02251
v 0.02628 0.19205 0.02179
v 0.01941 0.19308 0.02378
v 0.02127 0.19226 0.02356
v 0.01760 0.19389 0.02399
v 0.01805 0.19204 0.02417
v 0.01956 0.19138 0.02381
v 0.02108 0.19069 0.02362
v 0.02324 0.19144 0.02333
v 0.02526 0.19061 0.02308
v 0.02262 0.18995 0.02373
v 0.02417 0.18918 0.02401
v 0.01946 0.18956 0.02400
v 0.02069 0.18903 0.02378
v 0.01820 0.19002 0.02449
v 0.01820 0.18792 0.02487
v 0.01924 0.18768 0.02426
v 0.02021 0.18732 0.02400
v 0.02186 0.18838 0.02411
v 0.02298 0.18766 0.02471
v 0.02101 0.18676 0.02447
v 0.02174 0.18608 0.02529
v 0.02205 0.18577 0.02842
v 0.02075 0.18622 0.02964
v 0.02035 0.18535 0.02941
v 0.02182 0.18494 0.02823
v 0.01919 0.18713 0.02996
v 0.01868 0.18622 0.02981
v 0.01809 0.18503 0.02895
v 0.01966 0.18433 0.02862
v 0.02105 0.18404 0.02758
v 0.01684 0.18880 0.02797
v 0.01690 0.18973 0.02639
v 0.01633 0.18896 0.02601
v 0.01622 0.18811 0.02773
v 0.01785 0.19010 0.02488
v 0.01724 0.18938 0.02437
v 0.01676 0.18790 0.02396
v 0.01596 0.18759 0.02550
v 0.01590 0.18689 0.02710
v 0.02311 0.18718 0.02537
v 0.02305 0.18624 0.02695
v 0.02274 0.18537 0.02660
v 0.02287 0.18627 0.02490
v 0.02185 0.18435 0.02605
v 0.02191 0.18507 0.02445
v 0.01919 0.18713 0.02996
v 0.01770 0.18801 0.02939
v 0.01716 0.18717 0.02912
v 0.01868 0.18622 0.02981
v 0.01672 0.18596 0.02835
v 0.01809 0.18503 0.02895
v 0.01923 0.18982 0.02373
v 0.01874 0.18903 0.02322
v 0.02081 0.18894 0.02342
v 0.02044 0.18822 0.02285
v 0.01974 0.18694 0.02261
v 0.01815 0.18763 0.02293
v 0.02233 0.18812 0.02402
v 0.02196 0.18726 0.02353
v 0.02110 0.18601 0.02321
v 0.02095 0.18355 0.02557
v 0.02099 0.18414 0.02417
v 0.02027 0.18331 0.02691
v 0.01951 0.18285 0.02626
v 0.02006 0.18305 0.02518
v 0.02009 0.18352 0.02406
v 0.01650 0.18494 0.02756
v 0.01767 0.18411 0.02807
v 0.01579 0.18576 0.02649
v 0.01592 0.18482 0.02592
v 0.01648 0.18416 0.02678
v 0.01743 0.18350 0.02719
v 0.01773 0.18637 0.02285
v 0.01652 0.18660 0.02374
v 0.01911 0.18579 0.02259
v 0.01858 0.18484 0.02279
v 0.01748 0.18531 0.02300
v 0.01650 0.18549 0.02372
v 0.02029 0.18497 0.02310
v 0.01953 0.18418 0.02320
v 0.01905 0.18353 0.02780
v 0.01767 0.18411 0.02807
v 0.01743 0.18350 0.02719
v 0.01853 0.18303 0.02697
v 0.01584 0.18635 0.02508
v 0.01595 0.18530 0.02479
v 0.01881 0.18370 0.02354
v 0.01816 0.18416 0.02325
v 0.01920 0.18324 0.02413
v 0.01840 0.18308 0.02424
v 0.01820 0.18337 0.02389
v 0.01779 0.18361 0.02373
v 0.01812 0.18290 0.02615
v 0.01880 0.18278 0.02566
v 0.01735 0.18323 0.02630
v 0.01732 0.18307 0.02551
v 0.01779 0.18289 0.02545
v 0.01817 0.18280 0.02513
v 0.01633 0.18447 0.02464
v 0.01631 0.18414 0.02542
v 0.01671 0.18461 0.02389
v 0.01695 0.18387 0.02410
v 0.01672 0.18383 0.02455
v 0.01672 0.18360 0.02499
v 0.01918 0.18291 0.02491
v 0.01842 0.18290 0.02471
v 0.01670 0.18368 0.02602
v 0.01735 0.18323 0.02630
v 0.01694 0.18336 0.02537
v 0.01732 0.18307 0.02551
v 0.01739 0.18448 0.02340
v 0.01735 0.18383 0.02381
v 0.01788 0.18275 0.02452
v 0.01777 0.18280 0.02424
v 0.01765 0.18266 0.02470
v 0.01717 0.18262 0.02429
v 0.01702 0.18302 0.02490
v 0.01722 0.18280 0.02489
v 0.01691 0.18307 0.02463
v 0.01717 0.18262 0.02429
v 0.01726 0.18329 0.02400
v 0.01703 0.18320 0.02417
v 0.01746 0.18307 0.02398
v 0.01717 0.18262 0.02429
v 0.01775 0.18302 0.02405
v 0.01746 0.18307 0.02398
v 0.01777 0.18280 0.02424
v 0.01717 0.18262 0.02429
v 0.01751 0.18275 0.02495
v 0.01765 0.18266 0.02470
v 0.01722 0.18280 0.02489
v 0.01717 0.18262 0.02429
v 0.01689 0.18329 0.02443
v 0.01691 0.18307 0.02463
v 0.01703 0.18320 0.02417
v 0.01717 0.18262 0.02429
v 0.02075 0.18622 0.02964
v 0.02050 0.18656 0.02882
v 0.01936 0.18720 0.02872
v 0.02205 0.18577 0.02842
v 0.02121 0.18631 0.02771
v 0.01959 0.18722 0.02634
v 0.01785 0.19010 0.02488
v 0.01690 0.18973 0.02639
v 0.01765 0.18917 0.02642
v 0.01849 0.18914 0.02541
v 0.01782 0.18829 0.02742
v 0.02305 0.18624 0.02695
v 0.02220 0.18658 0.02683
v 0.02311 0.18718 0.02537
v 0.02191 0.18724 0.02573
v 0.01824 0.18790 0.02864
v 0.02081 0.18894 0.02342
v 0.01923 0.18982 0.02373
v 0.01939 0.18925 0.02445
v 0.02041 0.18839 0.02446
v 0.02233 0.18812 0.02402
v 0.02168 0.18799 0.02467
v -0.02874 0.14062 0.01864
v -0.02853 0.14102 0.01848
v -0.03090 0.14363 0.02107
v -0.03115 0.14316 0.02125
v -0.02845 0.14164 0.01804
v -0.03082 0.14438 0.02057
v -0.03208 0.14561 0.02237
v -0.03217 0.14469 0.02297
v -0.03247 0.14410 0.02317
v -0.02982 0.14092 0.01757
v -0.02921 0.14066 0.01825
v -0.03172 0.14322 0.02077
v -0.03245 0.14355 0.01996
v -0.03317 0.14418 0.02258
v -0.03407 0.14460 0.02159
v -0.01997 0.12539 0.01021
v -0.01939 0.12520 0.01088
v -0.02459 0.13490 0.01432
v -0.02516 0.13511 0.01367
v -0.01893 0.12521 0.01126
v -0.02414 0.13488 0.01470
v -0.01870 0.12564 0.01103
v -0.02393 0.13528 0.01451
v -0.01858 0.12628 0.01051
v -0.02383 0.13587 0.01404
v -0.00395 0.06201 0.00572
v -0.00363 0.06231 0.00542
v -0.00685 0.07729 0.00735
v -0.00714 0.07687 0.00762
v -0.00342 0.06271 0.00478
v -0.00667 0.07788 0.00674
v -0.01051 0.09522 0.00874
v -0.01065 0.09450 0.00933
v -0.01090 0.09400 0.00959
v -0.00508 0.06196 0.00458
v -0.00446 0.06193 0.00532
v -0.00764 0.07682 0.00723
v -0.00824 0.07694 0.00651
v -0.01138 0.09397 0.00920
v -0.01198 0.09417 0.00849
v -0.03205 0.14513 0.02256
v -0.03236 0.14430 0.02254
v -0.03202 0.14420 0.02288
v -0.03148 0.14471 0.02357
v -0.03265 0.14360 0.02330
v -0.03177 0.14370 0.02432
v -0.03094 0.14386 0.02511
v -0.03167 0.14404 0.02326
v -0.03113 0.14418 0.02438
v -0.03376 0.14008 0.03019
v -0.02997 0.14151 0.03304
v -0.03083 0.14286 0.02830
v -0.03316 0.14202 0.02651
v -0.02641 0.14287 0.03653
v -0.02865 0.14362 0.03053
v -0.02754 0.14467 0.03206
v -0.02822 0.14675 0.02894
v -0.03006 0.14558 0.02601
v -0.02961 0.14431 0.02788
v -0.02918 0.14941 0.02589
v -0.03067 0.14719 0.02417
v -0.03377 0.14438 0.02184
v -0.03278 0.14453 0.02205
v -0.03287 0.14489 0.02172
v -0.03390 0.14568 0.02120
v -0.03231 0.14620 0.02195
v -0.03269 0.14711 0.02125
v -0.03295 0.14530 0.02136
v -0.03387 0.14687 0.02066
v -0.03067 0.15327 0.02295
v -0.03161 0.14947 0.02238
v -0.03244 0.15771 0.02007
v -0.03271 0.15208 0.02062
v -0.03294 0.14395 0.02236
v -0.03269 0.14427 0.02231
v -0.03324 0.14362 0.02237
v -0.03369 0.14296 0.02333
v -0.03465 0.14356 0.02211
v -0.03533 0.14277 0.02242
v -0.03355 0.14329 0.02238
v -0.03465 0.14249 0.02316
v -0.04012 0.14715 0.01972
v -0.04252 0.14333 0.02137
v -0.03814 0.14329 0.02193
v -0.03666 0.14564 0.02091
v -0.04557 0.14004 0.02306
v -0.04004 0.14129 0.02294
v -0.03851 0.15742 0.01659
v -0.03899 0.15202 0.01814
v -0.03602 0.14869 0.01988
v -0.03581 0.15209 0.01883
v -0.04737 0.14974 0.01655
v -0.04970 0.14561 0.01821
v -0.04660 0.14418 0.01996
v -0.04399 0.14859 0.01811
v -0.05249 0.14168 0.01989
v -0.04979 0.14017 0.02187
v -0.04501 0.15895 0.01326
v -0.04597 0.15424 0.01490
v -0.04255 0.15378 0.01635
v -0.04170 0.15936 0.01465
v -0.05064 0.15075 0.01477
v -0.05181 0.14934 0.01513
v -0.05117 0.14739 0.01663
v -0.04936 0.15037 0.01553
v -0.05352 0.14820 0.01517
v -0.05344 0.14459 0.01760
v -0.05100 0.15483 0.01244
v -0.05055 0.15266 0.01377
v -0.04848 0.15370 0.01416
v -0.04807 0.15722 0.01266
v -0.04250 0.13687 0.02773
v -0.03801 0.13851 0.02864
v -0.03579 0.14103 0.02557
v -0.03859 0.13997 0.02507
v -0.04262 0.13256 0.03378
v -0.03866 0.13407 0.03513
v -0.03882 0.13605 0.03204
v -0.04351 0.13434 0.03077
v -0.03469 0.13561 0.03684
v -0.03427 0.13775 0.03385
v -0.03072 0.13721 0.03924
v -0.02998 0.13946 0.03673
v -0.02675 0.13884 0.04199
v -0.02583 0.14118 0.04014
v -0.03537 0.13320 0.03944
v -0.03363 0.13340 0.04095
v -0.03203 0.13524 0.04042
v -0.03505 0.13422 0.03847
v -0.03184 0.13332 0.04292
v -0.02897 0.13617 0.04273
v -0.03857 0.13134 0.03878
v -0.03700 0.13241 0.03888
v -0.03796 0.13301 0.03725
v -0.04082 0.13172 0.03638
v -0.02308 0.14694 0.03745
v -0.02470 0.14985 0.03268
v -0.02645 0.14815 0.03112
v -0.02534 0.14551 0.03523
v -0.02630 0.15342 0.02823
v -0.02775 0.15148 0.02718
v -0.02788 0.15833 0.02443
v -0.02942 0.15616 0.02358
v -0.02944 0.16390 0.02094
v -0.03129 0.16153 0.02015
v -0.01912 0.15188 0.03870
v -0.02146 0.15415 0.03409
v -0.02292 0.15187 0.03375
v -0.02082 0.14906 0.03875
v -0.02333 0.15698 0.03003
v -0.02475 0.15529 0.02923
v -0.02424 0.16092 0.02704
v -0.02605 0.15995 0.02564
v -0.02467 0.16543 0.02460
v -0.02707 0.16522 0.02252
v -0.01853 0.15921 0.03415
v -0.02017 0.15916 0.03234
v -0.02065 0.15661 0.03346
v -0.01855 0.15537 0.03687
v -0.02130 0.15960 0.03083
v -0.02223 0.15836 0.03051
v -0.02143 0.16102 0.02993
v -0.02275 0.16116 0.02848
v -0.02105 0.16294 0.02934
v -0.02275 0.16447 0.02691
v -0.01444 0.11133 0.00993
v -0.01468 0.11085 0.01018
v -0.01431 0.11204 0.00937
v -0.01515 0.11083 0.00980
v -0.01573 0.11103 0.00910
v -0.00154 0.04530 0.00441
v -0.00087 0.04541 0.00520
v -0.00241 0.05186 0.00491
v -0.00304 0.05183 0.00416
v -0.00031 0.04553 0.00561
v -0.00188 0.05196 0.00531
v 0.00001 0.04567 0.00524
v -0.00157 0.05217 0.00498
v 0.00021 0.04582 0.00448
v -0.00136 0.05244 0.00430
v 0.00318 0.03873 0.00602
v 0.00358 0.03874 0.00551
v 0.00175 0.04160 0.00540
v 0.00140 0.04152 0.00583
v 0.00382 0.03864 0.00450
v 0.00197 0.04162 0.00452
v 0.00157 0.03814 0.00452
v 0.00245 0.03849 0.00552
v 0.00077 0.04135 0.00539
v 0.00000 0.04113 0.00451
v 0.00590 0.14881 0.03888
v 0.00615 0.14890 0.03845
v 0.00572 0.15728 0.04210
v 0.00540 0.15710 0.04282
v 0.00626 0.14908 0.03765
v 0.00578 0.15761 0.04079
v 0.00606 0.16014 0.04071
v 0.00605 0.15960 0.04273
v 0.00565 0.15931 0.04384
v 0.00463 0.14908 0.03785
v 0.00534 0.14890 0.03855
v 0.00457 0.15723 0.04234
v 0.00348 0.15752 0.04127
v 0.00443 0.15950 0.04315
v 0.00282 0.15994 0.04156
v 0.00870 0.10386 0.01783
v 0.00935 0.10370 0.01847
v 0.00741 0.12842 0.02881
v 0.00679 0.12857 0.02820
v 0.00987 0.10362 0.01878
v 0.00790 0.12834 0.02910
v 0.01013 0.10369 0.01841
v 0.00814 0.12841 0.02875
v 0.01026 0.10384 0.01771
v 0.00826 0.12855 0.02809
v 0.00021 0.03847 0.00230
v 0.00092 0.03830 0.00301
v 0.00516 0.05085 0.00638
v 0.00446 0.05103 0.00568
v 0.00149 0.03821 0.00335
v 0.00572 0.05076 0.00671
v 0.00897 0.06499 0.01002
v 0.00842 0.06508 0.00970
v 0.00774 0.06525 0.00901
v 0.00925 0.06506 0.00963
v 0.01056 0.08263 0.01285
v 0.01029 0.08255 0.01323
v 0.00939 0.06522 0.00889
v 0.01070 0.08278 0.01213
v 0.00178 0.03828 0.00295
v 0.00600 0.05084 0.00631
v 0.00192 0.03845 0.00217
v 0.00614 0.05100 0.00555
v 0.00975 0.08264 0.01292
v 0.00908 0.08281 0.01225
v 0.00591 0.15974 0.04182
v 0.00509 0.15921 0.04259
v 0.00562 0.15911 0.04301
v 0.00691 0.15967 0.04324
v 0.00479 0.15936 0.04405
v 0.00643 0.15953 0.04498
v 0.00792 0.15963 0.04561
v 0.00614 0.15897 0.04354
v 0.00748 0.15951 0.04457
v 0.00535 0.16214 0.05466
v 0.01214 0.16263 0.05609
v 0.00927 0.16100 0.04990
v 0.00510 0.16070 0.04893
v 0.01898 0.16371 0.05828
v 0.01345 0.16166 0.05140
v 0.01617 0.16289 0.05197
v 0.01478 0.16299 0.04682
v 0.01039 0.16117 0.04492
v 0.01125 0.16106 0.04803
v 0.01344 0.16388 0.04120
v 0.00954 0.16173 0.04153
v 0.00309 0.15984 0.04187
v 0.00445 0.15938 0.04189
v 0.00437 0.15953 0.04122
v 0.00330 0.16065 0.04001
v 0.00586 0.16046 0.04022
v 0.00552 0.16105 0.03865
v 0.00429 0.15969 0.04047
v 0.00369 0.16132 0.03834
v 0.01217 0.16635 0.03464
v 0.00870 0.16320 0.03761
v 0.01094 0.16961 0.02762
v 0.00786 0.16512 0.03342
v 0.00411 0.15921 0.04275
v 0.00456 0.15927 0.04240
v 0.00360 0.15915 0.04309
v 0.00323 0.15960 0.04474
v 0.00177 0.15998 0.04297
v 0.00070 0.16002 0.04408
v 0.00306 0.15909 0.04343
v 0.00176 0.15979 0.04506
v -0.00399 0.16568 0.03751
v -0.00798 0.16530 0.04294
v -0.00257 0.16230 0.04327
v -0.00011 0.16253 0.03993
v -0.01242 0.16591 0.04795
v -0.00533 0.16271 0.04630
v 0.00176 0.17145 0.02462
v -0.00090 0.16807 0.03127
v 0.00172 0.16404 0.03598
v 0.00325 0.16619 0.03173
v -0.01283 0.17128 0.03226
v -0.01688 0.17057 0.03798
v -0.01307 0.16817 0.04094
v -0.00863 0.16878 0.03474
v -0.02136 0.17040 0.04356
v -0.01794 0.16841 0.04687
v -0.00685 0.17538 0.02014
v -0.00963 0.17306 0.02627
v -0.00509 0.17108 0.02801
v -0.00198 0.17423 0.02101
v -0.01707 0.17340 0.02968
v -0.01901 0.17330 0.03143
v -0.01849 0.17214 0.03477
v -0.01536 0.17263 0.03073
v -0.02161 0.17360 0.03264
v -0.02215 0.17207 0.03853
v -0.01656 0.17565 0.02347
v -0.01648 0.17432 0.02685
v -0.01327 0.17396 0.02616
v -0.01171 0.17572 0.02130
v -0.00797 0.16414 0.05560
v -0.00133 0.16284 0.05475
v 0.00095 0.16115 0.04903
v -0.00317 0.16196 0.04967
v -0.00714 0.16482 0.06597
v -0.00093 0.16413 0.06574
v -0.00175 0.16376 0.06067
v -0.00887 0.16488 0.06121
v 0.00549 0.16374 0.06585
v 0.00551 0.16314 0.06070
v 0.01233 0.16391 0.06665
v 0.01304 0.16352 0.06187
v 0.01938 0.16436 0.06778
v 0.02071 0.16441 0.06361
v 0.00481 0.16400 0.07088
v 0.00779 0.16397 0.07216
v 0.01037 0.16401 0.06981
v 0.00521 0.16396 0.06889
v 0.01093 0.16398 0.07420
v 0.01574 0.16420 0.07118
v -0.00031 0.16430 0.07211
v 0.00217 0.16413 0.07111
v 0.00047 0.16421 0.06890
v -0.00406 0.16460 0.06938
v 0.02559 0.16551 0.05528
v 0.02266 0.16586 0.04767
v 0.01882 0.16452 0.04770
v 0.02094 0.16431 0.05440
v 0.02028 0.16704 0.03978
v 0.01695 0.16561 0.04056
v 0.01902 0.16989 0.03135
v 0.01556 0.16848 0.03256
v 0.01831 0.17356 0.02264
v 0.01441 0.17224 0.02411
v 0.03360 0.16787 0.05178
v 0.02957 0.16832 0.04498
v 0.02643 0.16712 0.04682
v 0.03010 0.16666 0.05454
v 0.02669 0.16930 0.03821
v 0.02366 0.16828 0.03901
v 0.02613 0.17137 0.03148
v 0.02271 0.17084 0.03101
v 0.02673 0.17398 0.02478
v 0.02267 0.17409 0.02293
v 0.03579 0.17068 0.04018
v 0.03285 0.17056 0.03842
v 0.03151 0.16945 0.04199
v 0.03518 0.16924 0.04658
v 0.03093 0.17072 0.03650
v 0.02899 0.17007 0.03736
v 0.03106 0.17144 0.03424
v 0.02879 0.17151 0.03268
v 0.03222 0.17245 0.03183
v 0.02974 0.17334 0.02797
v -0.00311 0.14217 -0.03620
v -0.00343 0.14181 -0.03631
v -0.00455 0.14433 -0.03970
v -0.00415 0.14468 -0.03962
v -0.00409 0.14148 -0.03633
v -0.00530 0.14403 -0.03961
v -0.00663 0.14557 -0.04236
v -0.00578 0.14580 -0.04262
v -0.00529 0.14611 -0.04256
v -0.00413 0.14308 -0.03560
v -0.00345 0.14261 -0.03594
v -0.00444 0.14516 -0.03918
v -0.00507 0.14571 -0.03857
v -0.00550 0.14658 -0.04187
v -0.00607 0.14713 -0.04087
v -0.00141 0.12942 -0.02614
v -0.00076 0.12937 -0.02653
v -0.00262 0.13780 -0.03159
v -0.00329 0.13807 -0.03130
v -0.00041 0.12925 -0.02683
v -0.00227 0.13752 -0.03183
v -0.00068 0.12902 -0.02697
v -0.00255 0.13721 -0.03194
v -0.00125 0.12873 -0.02703
v -0.00314 0.13689 -0.03200
v 0.00370 0.04622 -0.00846
v 0.00432 0.04575 -0.00909
v 0.00673 0.05207 -0.01209
v 0.00612 0.05254 -0.01145
v 0.00459 0.04539 -0.00958
v 0.00700 0.05170 -0.01257
v 0.00904 0.06240 -0.01486
v 0.00876 0.06272 -0.01438
v 0.00814 0.06313 -0.01374
v 0.00774 0.09889 -0.01740
v 0.00742 0.09873 -0.01761
v 0.00341 0.11573 -0.02173
v 0.00370 0.11591 -0.02154
v 0.00674 0.09852 -0.01769
v 0.00281 0.11547 -0.02180
v 0.00416 0.04524 -0.00975
v 0.00657 0.05156 -0.01274
v 0.00337 0.04520 -0.00977
v 0.00579 0.05152 -0.01276
v 0.00786 0.06219 -0.01507
v 0.00863 0.06225 -0.01504
v 0.00667 0.09897 -0.01630
v 0.00738 0.09895 -0.01692
v 0.00334 0.11595 -0.02114
v 0.00265 0.11592 -0.02063
v -0.00653 0.14551 -0.04243
v -0.00562 0.14598 -0.04216
v -0.00537 0.14568 -0.04265
v -0.00567 0.14518 -0.04371
v -0.00429 0.14627 -0.04233
v -0.00375 0.14546 -0.04373
v -0.00346 0.14487 -0.04513
v -0.00503 0.14540 -0.04318
v -0.00484 0.14515 -0.04475
v 0.00500 0.14636 -0.04441
v 0.00529 0.14341 -0.05019
v 0.00021 0.14442 -0.04683
v -0.00003 0.14627 -0.04329
v 0.00621 0.14125 -0.05690
v 0.00089 0.14307 -0.05094
v -0.00298 0.14360 -0.05528
v -0.00588 0.14259 -0.05115
v -0.00568 0.14404 -0.04702
v -0.00388 0.14459 -0.04948
v -0.00983 0.14227 -0.04757
v -0.00807 0.14391 -0.04486
v -0.00595 0.14734 -0.04074
v -0.00608 0.14631 -0.04150
v -0.00662 0.14629 -0.04119
v -0.00775 0.14725 -0.04031
v -0.00804 0.14559 -0.04193
v -0.00949 0.14589 -0.04134
v -0.00723 0.14626 -0.04085
v -0.00947 0.14712 -0.04015
v -0.01586 0.14335 -0.04509
v -0.01165 0.14459 -0.04331
v -0.02294 0.14512 -0.04315
v -0.01582 0.14567 -0.04205
v -0.00529 0.14662 -0.04163
v -0.00567 0.14630 -0.04176
v -0.00490 0.14699 -0.04145
v -0.00344 0.14735 -0.04155
v -0.00493 0.14851 -0.04050
v -0.00401 0.14956 -0.04050
v -0.00452 0.14737 -0.04125
v -0.00294 0.14847 -0.04088
v -0.00972 0.15335 -0.03568
v -0.00504 0.15725 -0.03605
v -0.00470 0.15241 -0.03862
v -0.00759 0.15002 -0.03840
v -0.00136 0.16229 -0.03680
v -0.00246 0.15550 -0.03900
v -0.02409 0.15124 -0.03677
v -0.01640 0.15173 -0.03604
v -0.01178 0.14905 -0.03853
v -0.01661 0.14879 -0.03882
v -0.01433 0.16087 -0.02991
v -0.00930 0.16473 -0.03030
v -0.00676 0.16160 -0.03306
v -0.01217 0.15733 -0.03263
v -0.00490 0.16955 -0.03105
v -0.00222 0.16700 -0.03392
v -0.02749 0.15794 -0.03095
v -0.02060 0.15893 -0.03025
v -0.01931 0.15531 -0.03305
v -0.02732 0.15442 -0.03390
v -0.01637 0.16420 -0.02694
v -0.01498 0.16616 -0.02699
v -0.01208 0.16593 -0.02843
v -0.01558 0.16292 -0.02818
v -0.01439 0.16905 -0.02701
v -0.00923 0.16986 -0.02886
v -0.02315 0.16496 -0.02662
v -0.01936 0.16411 -0.02680
v -0.02036 0.16173 -0.02831
v -0.02579 0.16145 -0.02863
v 0.00759 0.15626 -0.03749
v 0.00598 0.15091 -0.04049
v 0.00063 0.14910 -0.04088
v 0.00174 0.15242 -0.03903
v 0.01671 0.15594 -0.03997
v 0.01567 0.15115 -0.04297
v 0.01128 0.15147 -0.04141
v 0.01269 0.15706 -0.03804
v 0.01489 0.14691 -0.04685
v 0.01033 0.14661 -0.04575
v 0.01463 0.14377 -0.05246
v 0.01029 0.14324 -0.05203
v 0.01463 0.14119 -0.05895
v 0.01071 0.14062 -0.05928
v 0.01946 0.14732 -0.04728
v 0.02019 0.14611 -0.05009
v 0.01772 0.14481 -0.05160
v 0.01763 0.14713 -0.04724
v 0.02158 0.14529 -0.05369
v 0.01819 0.14294 -0.05678
v 0.02127 0.15168 -0.04551
v 0.02004 0.14931 -0.04601
v 0.01830 0.15035 -0.04450
v 0.01933 0.15401 -0.04257
v -0.00387 0.14014 -0.06394
v -0.00827 0.13956 -0.05764
v -0.00677 0.14112 -0.05467
v -0.00293 0.14208 -0.06008
v -0.01375 0.13947 -0.05239
v -0.01176 0.14085 -0.05005
v -0.02139 0.14036 -0.04922
v -0.01907 0.14195 -0.04702
v -0.03010 0.14176 -0.04709
v -0.02754 0.14373 -0.04478
v -0.00930 0.13576 -0.06829
v -0.01292 0.13612 -0.06175
v -0.01032 0.13778 -0.06015
v -0.00594 0.13786 -0.06691
v -0.01739 0.13649 -0.05663
v -0.01565 0.13794 -0.05467
v -0.02354 0.13688 -0.05439
v -0.02289 0.13857 -0.05179
v -0.03053 0.13729 -0.05358
v -0.03107 0.13944 -0.05019
v -0.01960 0.13333 -0.06527
v -0.01951 0.13387 -0.06160
v -0.01607 0.13489 -0.06201
v -0.01409 0.13437 -0.06736
v -0.02024 0.13431 -0.05908
v -0.01887 0.13532 -0.05800
v -0.02261 0.13452 -0.05885
v -0.02330 0.13560 -0.05669
v -0.02580 0.13463 -0.05975
v -0.02853 0.13579 -0.05672
v 0.00216 0.03845 -0.00342
v 0.00172 0.03831 -0.00360
v 0.00270 0.04120 -0.00669
v 0.00314 0.04135 -0.00652
v 0.00092 0.03827 -0.00362
v 0.00191 0.04117 -0.00672
v 0.00126 0.03930 -0.00229
v 0.00189 0.03882 -0.00293
v 0.00287 0.04171 -0.00603
v 0.00224 0.04219 -0.00539
v 0.00908 0.07978 -0.01532
v 0.00841 0.07999 -0.01467
v 0.00941 0.07959 -0.01583
v 0.00903 0.07944 -0.01603
v 0.00831 0.07931 -0.01608
v -0.00189 0.03823 -0.00046
v -0.00193 0.03824 0.00004
v -0.00239 0.05469 0.00241
v -0.00236 0.05467 0.00199
v -0.00163 0.03825 0.00079
v -0.00214 0.05471 0.00304
v -0.00316 0.07220 0.00554
v -0.00337 0.07216 0.00500
v -0.00334 0.07214 0.00464
v -0.00177 0.05468 0.00199
v -0.00120 0.03823 -0.00046
v -0.00284 0.07217 0.00465
v -0.00210 0.07222 0.00485
v -0.00090 0.05470 0.00221
v -0.00017 0.03824 -0.00022
v -0.00793 0.11254 0.00974
v -0.00794 0.11253 0.01009
v -0.01057 0.13400 0.00969
v -0.01059 0.13402 0.00934
v -0.00773 0.11260 0.01061
v -0.01033 0.13408 0.01020
v -0.01324 0.15295 0.00895
v -0.01349 0.15287 0.00845
v -0.01353 0.15289 0.00811
v -0.01018 0.13423 0.00930
v -0.00751 0.11270 0.00974
v -0.01313 0.15313 0.00805
v -0.01252 0.15348 0.00814
v -0.00955 0.13453 0.00943
v -0.00688 0.11294 0.00991
v -0.01994 0.17391 0.00756
v -0.01993 0.17387 0.00788
v -0.02154 0.17752 0.00768
v -0.02153 0.17753 0.00732
v -0.01974 0.17396 0.00836
v -0.02134 0.17762 0.00821
v -0.02223 0.17911 0.00804
v -0.02245 0.17900 0.00743
v -0.02242 0.17899 0.00702
v -0.02113 0.17778 0.00732
v -0.01960 0.17418 0.00755
v -0.02191 0.17919 0.00702
v -0.02116 0.17950 0.00721
v -0.02053 0.17814 0.00749
v -0.01909 0.17457 0.00770
v -0.01696 0.16594 0.00767
v -0.01661 0.16620 0.00763
v -0.01606 0.16658 0.00774
v -0.01693 0.16591 0.00800
v -0.01671 0.16600 0.00847
v -0.00536 0.09167 0.00770
v -0.00491 0.09176 0.00771
v -0.00424 0.09190 0.00790
v -0.00538 0.09168 0.00804
v -0.00518 0.09174 0.00856
v -0.01395 0.19389 0.00058
v -0.01618 0.19266 0.00107
v -0.01616 0.19359 0.00375
v -0.01407 0.19445 0.00310
v -0.01831 0.19132 0.00175
v -0.01816 0.19251 0.00446
v -0.01831 0.19377 0.00729
v -0.01646 0.19440 0.00659
v -0.01453 0.19464 0.00579
v -0.01546 0.19099 -0.00363
v -0.01788 0.19021 -0.00354
v -0.01687 0.19149 -0.00131
v -0.01453 0.19262 -0.00161
v -0.02003 0.18930 -0.00304
v -0.01903 0.19027 -0.00071
v -0.02085 0.18887 0.00049
v -0.02023 0.18974 0.00280
v -0.02167 0.18817 -0.00174
v -0.02269 0.18705 -0.00010
v -0.02211 0.18757 0.00191
v -0.02165 0.18827 0.00394
v -0.02001 0.19096 0.00526
v -0.01999 0.19234 0.00779
v -0.02145 0.18933 0.00603
v -0.02138 0.19057 0.00815
v -0.02260 0.18666 0.00315
v -0.02230 0.18723 0.00488
v -0.02302 0.18618 0.00144
v -0.02297 0.18527 0.00274
v -0.02264 0.18576 0.00417
v -0.02246 0.18625 0.00563
v -0.02226 0.18801 0.00664
v -0.02234 0.18888 0.00842
v -0.02258 0.18675 0.00712
v -0.02285 0.18726 0.00863
v -0.02257 0.18452 0.00493
v -0.02244 0.18496 0.00619
v -0.02284 0.18404 0.00369
v -0.02266 0.18265 0.00445
v -0.02243 0.18311 0.00554
v -0.02232 0.18351 0.00666
v -0.02260 0.18533 0.00749
v -0.02289 0.18566 0.00881
v -0.02246 0.18382 0.00781
v -0.02271 0.18408 0.00897
v -0.02435 0.18448 -0.00963
v -0.02522 0.18472 -0.00723
v -0.02306 0.18631 -0.00687
v -0.02240 0.18575 -0.00913
v -0.02585 0.18490 -0.00474
v -0.02360 0.18668 -0.00451
v -0.02134 0.18872 -0.00413
v -0.02092 0.18801 -0.00629
v -0.02051 0.18690 -0.00839
v -0.02859 0.18128 -0.00940
v -0.02967 0.18207 -0.00691
v -0.02744 0.18334 -0.00718
v -0.02644 0.18294 -0.00963
v -0.03037 0.18269 -0.00444
v -0.02811 0.18366 -0.00467
v -0.02814 0.18385 -0.00206
v -0.02599 0.18497 -0.00207
v -0.03029 0.18300 -0.00199
v -0.02963 0.18311 0.00010
v -0.02768 0.18391 0.00019
v -0.02577 0.18493 0.00027
v -0.02388 0.18667 -0.00197
v -0.02179 0.18865 -0.00182
v -0.02394 0.18640 0.00032
v -0.02216 0.18809 0.00036
v -0.02689 0.18388 0.00160
v -0.02529 0.18478 0.00174
v -0.02855 0.18312 0.00150
v -0.02735 0.18286 0.00246
v -0.02598 0.18357 0.00251
v -0.02466 0.18437 0.00267
v -0.02380 0.18599 0.00194
v -0.02237 0.18734 0.00217
v -0.02348 0.18533 0.00305
v -0.02236 0.18638 0.00353
v -0.02512 0.18282 0.00326
v -0.02399 0.18354 0.00341
v -0.02632 0.18215 0.00323
v -0.02537 0.18121 0.00392
v -0.02430 0.18185 0.00393
v -0.02330 0.18251 0.00407
v -0.02300 0.18435 0.00383
v -0.02208 0.18519 0.00438
v -0.02245 0.18319 0.00445
v -0.02167 0.18389 0.00497
v -0.03790 0.17822 -0.00035
v -0.03647 0.17959 0.00073
v -0.03485 0.17997 -0.00164
v -0.03627 0.17850 -0.00236
v -0.03480 0.18086 0.00182
v -0.03327 0.18130 -0.00075
v -0.03168 0.18198 -0.00336
v -0.03302 0.18054 -0.00403
v -0.03425 0.17887 -0.00438
v -0.03922 0.17811 0.00359
v -0.03866 0.17976 0.00534
v -0.03767 0.17958 0.00305
v -0.03875 0.17812 0.00163
v -0.03756 0.18123 0.00672
v -0.03621 0.18092 0.00429
v -0.03401 0.18204 0.00517
v -0.03265 0.18195 0.00291
v -0.03539 0.18236 0.00735
v -0.03296 0.18301 0.00745
v -0.03173 0.18275 0.00566
v -0.03056 0.18268 0.00377
v -0.03136 0.18233 0.00047
v -0.03009 0.18293 -0.00205
v -0.02950 0.18298 0.00169
v -0.02850 0.18347 -0.00050
v -0.03007 0.18289 0.00574
v -0.02907 0.18288 0.00419
v -0.03107 0.18305 0.00725
v -0.02959 0.18261 0.00704
v -0.02879 0.18253 0.00572
v -0.02793 0.18259 0.00443
v -0.02809 0.18319 0.00256
v -0.02711 0.18365 0.00089
v -0.02697 0.18292 0.00322
v -0.02596 0.18339 0.00204
v -0.02767 0.18179 0.00593
v -0.02691 0.18187 0.00480
v -0.02835 0.18182 0.00713
v -0.02723 0.18085 0.00736
v -0.02663 0.18085 0.00626
v -0.02596 0.18093 0.00523
v -0.02602 0.18218 0.00380
v -0.02504 0.18260 0.00287
v -0.02514 0.18120 0.00434
v -0.02425 0.18155 0.00352
v -0.03775 0.18272 0.01594
v -0.03576 0.18365 0.01455
v -0.03658 0.18248 0.01244
v -0.03815 0.18162 0.01395
v -0.03374 0.18435 0.01307
v -0.03485 0.18315 0.01092
v -0.03583 0.18222 0.00869
v -0.03704 0.18155 0.01027
v -0.03798 0.18069 0.01194
v -0.03403 0.18572 0.01977
v -0.03237 0.18718 0.01850
v -0.03424 0.18530 0.01655
v -0.03618 0.18413 0.01787
v -0.03077 0.18810 0.01697
v -0.03233 0.18609 0.01506
v -0.03045 0.18616 0.01320
v -0.03162 0.18456 0.01140
v -0.02930 0.18797 0.01491
v -0.02809 0.18720 0.01291
v -0.02889 0.18572 0.01146
v -0.02979 0.18440 0.00990
v -0.03284 0.18341 0.00940
v -0.03407 0.18249 0.00731
v -0.03090 0.18338 0.00814
v -0.03210 0.18251 0.00627
v -0.02791 0.18502 0.01031
v -0.02862 0.18397 0.00897
v -0.02725 0.18618 0.01155
v -0.02646 0.18502 0.01049
v -0.02714 0.18410 0.00955
v -0.02775 0.18328 0.00847
v -0.02941 0.18315 0.00741
v -0.03024 0.18244 0.00576
v -0.02823 0.18264 0.00713
v -0.02863 0.18211 0.00566
v -0.02619 0.18302 0.00896
v -0.02682 0.18234 0.00829
v -0.02543 0.18379 0.00942
v -0.02426 0.18253 0.00833
v -0.02515 0.18187 0.00847
v -0.02587 0.18127 0.00828
v -0.02719 0.18180 0.00720
v -0.02742 0.18134 0.00588
v -0.02623 0.18078 0.00744
v -0.02641 0.18035 0.00627
v -0.02198 0.19363 0.01860
v -0.02252 0.19262 0.01627
v -0.02488 0.19142 0.01729
v -0.02407 0.19229 0.01931
v -0.02307 0.19139 0.01404
v -0.02556 0.19035 0.01526
v -0.02830 0.18930 0.01628
v -0.02742 0.19007 0.01800
v -0.02620 0.19061 0.01963
v -0.01802 0.19462 0.01518
v -0.01863 0.19422 0.01274
v -0.02049 0.19350 0.01466
v -0.01998 0.19429 0.01709
v -0.01934 0.19343 0.01059
v -0.02108 0.19241 0.01242
v -0.02181 0.19075 0.01058
v -0.02364 0.18972 0.01201
v -0.02022 0.19188 0.00904
v -0.02109 0.19003 0.00812
v -0.02252 0.18896 0.00932
v -0.02413 0.18801 0.01048
v -0.02595 0.18886 0.01324
v -0.02849 0.18809 0.01437
v -0.02610 0.18730 0.01155
v -0.02825 0.18671 0.01257
v -0.02301 0.18748 0.00885
v -0.02441 0.18668 0.00975
v -0.02174 0.18836 0.00788
v -0.02217 0.18670 0.00788
v -0.02327 0.18607 0.00872
v -0.02446 0.18544 0.00941
v -0.02605 0.18601 0.01049
v -0.02783 0.18542 0.01116
v -0.02580 0.18479 0.00980
v -0.02723 0.18414 0.01003
v -0.02330 0.18448 0.00849
v -0.02425 0.18400 0.00907
v -0.02240 0.18490 0.00766
v -0.02253 0.18301 0.00735
v -0.02320 0.18279 0.00820
v -0.02392 0.18247 0.00873
v -0.02533 0.18342 0.00918
v -0.02646 0.18278 0.00905
v -0.02474 0.18197 0.00860
v -0.02562 0.18137 0.00815
v -0.02690 0.18109 0.00565
v -0.02622 0.18149 0.00420
v -0.02581 0.18071 0.00427
v -0.02665 0.18034 0.00573
v -0.02503 0.18230 0.00343
v -0.02455 0.18149 0.00339
v -0.02378 0.18042 0.00391
v -0.02498 0.17979 0.00470
v -0.02580 0.17953 0.00602
v -0.02241 0.18380 0.00431
v -0.02194 0.18463 0.00565
v -0.02134 0.18394 0.00578
v -0.02182 0.18318 0.00431
v -0.02224 0.18496 0.00722
v -0.02156 0.18432 0.00745
v -0.02103 0.18299 0.00763
v -0.02087 0.18272 0.00609
v -0.02135 0.18208 0.00473
v -0.02679 0.18235 0.00854
v -0.02725 0.18150 0.00721
v -0.02688 0.18072 0.00739
v -0.02643 0.18153 0.00885
v -0.02596 0.17981 0.00756
v -0.02549 0.18046 0.00891
v -0.02503 0.18230 0.00343
v -0.02359 0.18309 0.00341
v -0.02306 0.18234 0.00346
v -0.02455 0.18149 0.00339
v -0.02244 0.18125 0.00396
v -0.02378 0.18042 0.00391
v -0.02302 0.18472 0.00864
v -0.02244 0.18400 0.00890
v -0.02423 0.18393 0.00941
v -0.02373 0.18328 0.00977
v -0.02307 0.18213 0.00973
v -0.02185 0.18275 0.00894
v -0.02569 0.18319 0.00941
v -0.02522 0.18242 0.00970
v -0.02440 0.18130 0.00968
v -0.02505 0.17909 0.00766
v -0.02463 0.17962 0.00884
v -0.02493 0.17887 0.00632
v -0.02408 0.17847 0.00662
v -0.02418 0.17864 0.00769
v -0.02384 0.17907 0.00864
v -0.02199 0.18034 0.00454
v -0.02314 0.17960 0.00450
v -0.02105 0.18107 0.00521
v -0.02097 0.18023 0.00572
v -0.02172 0.17964 0.00519
v -0.02265 0.17905 0.00516
v -0.02148 0.18162 0.00887
v -0.02075 0.18182 0.00773
v -0.02254 0.18110 0.00955
v -0.02216 0.18025 0.00921
v -0.02131 0.18067 0.00866
v -0.02073 0.18083 0.00775
v -0.02369 0.18036 0.00951
v -0.02309 0.17966 0.00917
v -0.02420 0.17908 0.00518
v -0.02314 0.17960 0.00450
v -0.02265 0.17905 0.00516
v -0.02350 0.17863 0.00570
v -0.02063 0.18161 0.00639
v -0.02063 0.18066 0.00667
v -0.02260 0.17923 0.00866
v -0.02196 0.17964 0.00868
v -0.02312 0.17882 0.00829
v -0.02249 0.17867 0.00794
v -0.02221 0.17893 0.00816
v -0.02181 0.17915 0.00816
v -0.02289 0.17851 0.00625
v -0.02329 0.17840 0.00688
v -0.02229 0.17880 0.00587
v -0.02201 0.17866 0.00652
v -0.02238 0.17850 0.00673
v -0.02259 0.17843 0.00712
v -0.02089 0.17992 0.00692
v -0.02113 0.17963 0.00626
v -0.02096 0.18004 0.00767
v -0.02123 0.17938 0.00757
v -0.02119 0.17934 0.00713
v -0.02133 0.17914 0.00675
v -0.02336 0.17852 0.00763
v -0.02266 0.17851 0.00755
v -0.02165 0.17921 0.00589
v -0.02229 0.17880 0.00587
v -0.02164 0.17892 0.00652
v -0.02201 0.17866 0.00652
v -0.02137 0.17993 0.00830
v -0.02147 0.17935 0.00795
v -0.02214 0.17838 0.00753
v -0.02196 0.17842 0.00772
v -0.02201 0.17830 0.00731
v -0.02148 0.17826 0.00749
v -0.02156 0.17862 0.00693
v -0.02172 0.17842 0.00701
v -0.02137 0.17866 0.00712
v -0.02148 0.17826 0.00749
v -0.02146 0.17886 0.00776
v -0.02132 0.17878 0.00754
v -0.02162 0.17866 0.00784
v -0.02148 0.17826 0.00749
v -0.02188 0.17862 0.00788
v -0.02162 0.17866 0.00784
v -0.02196 0.17842 0.00772
v -0.02148 0.17826 0.00749
v -0.02198 0.17837 0.00705
v -0.02201 0.17830 0.00731
v -0.02172 0.17842 0.00701
v -0.02148 0.17826 0.00749
v -0.02129 0.17886 0.00728
v -0.02137 0.17866 0.00712
v -0.02132 0.17878 0.00754
v -0.02148 0.17826 0.00749
v -0.02622 0.18149 0.00420
v -0.02574 0.18180 0.00480
v -0.02476 0.18236 0.00452
v -0.02690 0.18109 0.00565
v -0.02597 0.18156 0.00597
v -0.02417 0.18238 0.00658
v -0.02224 0.18496 0.00722
v -0.02194 0.18463 0.00565
v -0.02258 0.18413 0.00587
v -0.02294 0.18411 0.00699
v -0.02305 0.18334 0.00509
v -0.02725 0.18150 0.00721
v -0.02650 0.18181 0.00703
v -0.02679 0.18235 0.00854
v -0.02591 0.18240 0.00785
v -0.02380 0.18299 0.00422
v -0.02423 0.18393 0.00941
v -0.02302 0.18472 0.00864
v -0.02338 0.18420 0.00808
v -0.02424 0.18343 0.00841
v -0.02569 0.18319 0.00941
v -0.02536 0.18307 0.00865
vt 0.49586 0.11482
vt 0.49579 0.11046
vt 0.52082 0.11176
vt 0.52085 0.11682
vt 0.49547 0.10638
vt 0.52046 0.10700
vt 0.53395 0.10630
vt 0.53448 0.11197
vt 0.53452 0.11800
vt 0.49469 0.12487
vt 0.49540 0.11971
vt 0.52018 0.12247
vt 0.51916 0.12843
vt 0.53361 0.12474
vt 0.53222 0.13183
vt 0.38897 0.11773
vt 0.38933 0.11245
vt 0.44794 0.11596
vt 0.44738 0.12103
vt 0.38944 0.10750
vt 0.44824 0.11118
vt 0.38908 0.10320
vt 0.44801 0.10699
vt 0.38848 0.09922
vt 0.44751 0.10310
vt 0.16286 0.11216
vt 0.16217 0.10752
vt 0.21471 0.10366
vt 0.21509 0.10827
vt 0.16146 0.10316
vt 0.21442 0.09933
vt 0.27248 0.09658
vt 0.27254 0.10085
vt 0.27274 0.10540
vt 0.16404 0.12279
vt 0.16347 0.11734
vt 0.21567 0.11342
vt 0.21635 0.11885
vt 0.27320 0.11052
vt 0.27380 0.11592
vt 0.19710 0.82705
vt 0.19285 0.82047
vt 0.19682 0.81828
vt 0.20529 0.81910
vt 0.19245 0.81099
vt 0.20412 0.80722
vt 0.21451 0.80511
vt 0.20092 0.81532
vt 0.21052 0.81108
vt 0.20680 0.74758
vt 0.25249 0.74714
vt 0.22753 0.78112
vt 0.19935 0.78195
vt 0.29909 0.74268
vt 0.25624 0.77737
vt 0.27404 0.77861
vt 0.25919 0.81003
vt 0.22920 0.81451
vt 0.23833 0.79547
vt 0.24373 0.84555
vt 0.21960 0.83588
vt 0.17875 0.82356
vt 0.18784 0.82443
vt 0.18647 0.82881
vt 0.17765 0.83680
vt 0.19466 0.83821
vt 0.19047 0.84862
vt 0.18506 0.83374
vt 0.17803 0.84883
vt 0.22702 0.88925
vt 0.20906 0.86192
vt 0.20970 0.93703
vt 0.19806 0.89030
vt 0.18665 0.81826
vt 0.18915 0.82113
vt 0.18373 0.81540
vt 0.18295 0.80503
vt 0.17128 0.81511
vt 0.16555 0.80686
vt 0.18060 0.81253
vt 0.17363 0.80148
vt 0.12502 0.85083
vt 0.10524 0.81091
vt 0.14230 0.81120
vt 0.15446 0.83576
vt 0.08165 0.77439
vt 0.12749 0.78906
vt 0.14561 0.94773
vt 0.13722 0.89758
vt 0.16135 0.86520
vt 0.16560 0.89706
vt 0.05904 0.88137
vt 0.03929 0.83908
vt 0.06856 0.82149
vt 0.09027 0.86718
vt 0.01637 0.79789
vt 0.04329 0.77812
vt 0.08266 0.97140
vt 0.07244 0.92584
vt 0.10486 0.91750
vt 0.11589 0.97013
vt 0.02748 0.89570
vt 0.01686 0.88206
vt 0.02447 0.85979
vt 0.04017 0.88994
vt 0.00108 0.87163
vt 0.00487 0.83134
vt 0.02291 0.93897
vt 0.02778 0.91573
vt 0.04809 0.92346
vt 0.05211 0.95869
vt 0.12002 0.72841
vt 0.16295 0.74000
vt 0.17223 0.77697
vt 0.14565 0.76908
vt 0.13677 0.66404
vt 0.17734 0.67196
vt 0.16649 0.70290
vt 0.12013 0.69252
vt 0.21954 0.67833
vt 0.21416 0.71047
vt 0.26500 0.68161
vt 0.26445 0.71244
vt 0.31209 0.68334
vt 0.31605 0.71161
vt 0.22061 0.64578
vt 0.24149 0.64107
vt 0.25571 0.65923
vt 0.22104 0.65888
vt 0.26430 0.63177
vt 0.29218 0.65706
vt 0.18843 0.63222
vt 0.20356 0.64130
vt 0.18999 0.65351
vt 0.16076 0.64562
vt 0.33806 0.77215
vt 0.31027 0.81778
vt 0.28588 0.81122
vt 0.30731 0.77063
vt 0.28543 0.86693
vt 0.26517 0.85608
vt 0.26649 0.92316
vt 0.24587 0.90946
vt 0.25049 0.98292
vt 0.22728 0.96709
vt 0.38542 0.80722
vt 0.35127 0.84646
vt 0.33337 0.82939
vt 0.36622 0.78379
vt 0.32447 0.88765
vt 0.30604 0.87758
vt 0.31238 0.93275
vt 0.28976 0.93096
vt 0.30763 0.97980
vt 0.27901 0.98694
vt 0.38547 0.88771
vt 0.36436 0.89529
vt 0.36009 0.86941
vt 0.38928 0.84410
vt 0.34962 0.90551
vt 0.33822 0.89681
vt 0.34763 0.92103
vt 0.33100 0.92842
vt 0.35201 0.93919
vt 0.33111 0.96213
vt 0.33063 0.10092
vt 0.33090 0.10536
vt 0.33032 0.09680
vt 0.33108 0.11042
vt 0.33123 0.11578
vt 0.08923 0.12846
vt 0.08882 0.12295
vt 0.12155 0.12049
vt 0.12203 0.12598
vt 0.08818 0.11772
vt 0.12092 0.11528
vt 0.08707 0.11304
vt 0.12000 0.11062
vt 0.08572 0.10864
vt 0.11893 0.10624
vt 0.04293 0.12109
vt 0.04157 0.11640
vt 0.06229 0.11487
vt 0.06353 0.11956
vt 0.03989 0.11199
vt 0.06075 0.11046
vt 0.04399 0.13183
vt 0.04363 0.12633
vt 0.06420 0.12480
vt 0.06458 0.13031
vt 0.57309 0.04085
vt 0.57339 0.04625
vt 0.46702 0.03964
vt 0.46674 0.03502
vt 0.57386 0.05138
vt 0.46756 0.04397
vt 0.36664 0.03744
vt 0.36606 0.03372
vt 0.36572 0.02970
vt 0.46697 0.02982
vt 0.57315 0.03490
vt 0.36585 0.02510
vt 0.36622 0.02019
vt 0.46746 0.02433
vt 0.57339 0.02867
vt 0.27593 0.02918
vt 0.27537 0.02538
vt 0.27651 0.03270
vt 0.20382 0.03092
vt 0.20324 0.02737
vt 0.20245 0.02359
vt 0.27486 0.02106
vt 0.20126 0.01934
vt 0.19985 0.01486
vt 0.27437 0.01646
vt 0.05101 0.03791
vt 0.05207 0.04214
vt 0.03693 0.04459
vt 0.03582 0.03982
vt 0.05305 0.04611
vt 0.03825 0.04901
vt 0.03069 0.05138
vt 0.02893 0.04641
vt 0.02777 0.04094
vt 0.03514 0.03434
vt 0.04981 0.03320
vt 0.02777 0.03446
vt 0.02836 0.02747
vt 0.03467 0.02850
vt 0.04854 0.02824
vt 0.11711 0.03013
vt 0.08049 0.03442
vt 0.07911 0.03001
vt 0.11571 0.02579
vt 0.07753 0.02538
vt 0.11409 0.02124
vt 0.11806 0.03404
vt 0.08149 0.03841
vt 0.11879 0.03774
vt 0.08230 0.04219
vt 0.65978 0.81305
vt 0.65526 0.80604
vt 0.65948 0.80371
vt 0.66850 0.80459
vt 0.65484 0.79595
vt 0.66726 0.79193
vt 0.67832 0.78969
vt 0.66386 0.80056
vt 0.67407 0.79605
vt 0.67012 0.72844
vt 0.71876 0.72796
vt 0.69218 0.76414
vt 0.66218 0.76503
vt 0.76838 0.72322
vt 0.72275 0.76016
vt 0.74170 0.76147
vt 0.72590 0.79493
vt 0.69397 0.79970
vt 0.70369 0.77942
vt 0.70943 0.83275
vt 0.68374 0.82245
vt 0.64025 0.80926
vt 0.64993 0.81026
vt 0.64846 0.81493
vt 0.63907 0.82343
vt 0.65719 0.82493
vt 0.65273 0.83602
vt 0.64697 0.82017
vt 0.63948 0.83623
vt 0.69164 0.87927
vt 0.67252 0.85018
vt 0.67320 0.93015
vt 0.66080 0.88039
vt 0.64866 0.80369
vt 0.65132 0.80674
vt 0.64555 0.80064
vt 0.64472 0.78960
vt 0.63229 0.79989
vt 0.62619 0.79066
vt 0.64222 0.79759
vt 0.63480 0.78582
vt 0.58304 0.83759
vt 0.56198 0.79274
vt 0.60143 0.79439
vt 0.61439 0.82188
vt 0.53686 0.75075
vt 0.58566 0.76904
vt 0.60496 0.94154
vt 0.59603 0.88814
vt 0.62172 0.85366
vt 0.62625 0.88759
vt 0.51278 0.87010
vt 0.49176 0.82274
vt 0.52292 0.80357
vt 0.54604 0.85489
vt 0.46736 0.77577
vt 0.49602 0.75383
vt 0.53794 0.96675
vt 0.52705 0.91823
vt 0.56158 0.90935
vt 0.57332 0.96540
vt 0.47919 0.88614
vt 0.46788 0.87162
vt 0.47598 0.84613
vt 0.49269 0.87956
vt 0.45108 0.86052
vt 0.45511 0.81406
vt 0.47432 0.93221
vt 0.47950 0.90747
vt 0.50112 0.91571
vt 0.50541 0.95321
vt 0.57772 0.70802
vt 0.62343 0.72037
vt 0.63331 0.75973
vt 0.60500 0.75133
vt 0.59555 0.63949
vt 0.63874 0.64792
vt 0.62719 0.68086
vt 0.57783 0.66981
vt 0.68367 0.65470
vt 0.67795 0.68892
vt 0.73208 0.65819
vt 0.73150 0.69102
vt 0.78222 0.66003
vt 0.78644 0.69014
vt 0.68481 0.62004
vt 0.70705 0.61503
vt 0.72218 0.63436
vt 0.68527 0.63399
vt 0.73134 0.60512
vt 0.76102 0.63205
vt 0.65055 0.60560
vt 0.66666 0.61527
vt 0.65222 0.62827
vt 0.62109 0.61987
vt 0.80987 0.75460
vt 0.78029 0.80317
vt 0.75432 0.79620
vt 0.77713 0.75298
vt 0.75384 0.85551
vt 0.73226 0.84396
vt 0.73366 0.91538
vt 0.71171 0.90079
vt 0.71663 0.97901
vt 0.69192 0.96216
vt 0.86030 0.79193
vt 0.82394 0.83372
vt 0.80488 0.81554
vt 0.83986 0.76699
vt 0.79541 0.87758
vt 0.77578 0.86685
vt 0.78252 0.92559
vt 0.75845 0.92369
vt 0.77747 0.97569
vt 0.74700 0.98329
vt 0.86035 0.87763
vt 0.83787 0.88570
vt 0.83332 0.85815
vt 0.86441 0.83120
vt 0.82218 0.89659
vt 0.81004 0.88733
vt 0.82006 0.91311
vt 0.80235 0.92098
vt 0.82473 0.93244
vt 0.80247 0.95687
vt 0.15463 0.02968
vt 0.15373 0.02585
vt 0.15527 0.03330
vt 0.15232 0.02158
vt 0.15064 0.01709
vt 0.52664 0.07599
vt 0.52624 0.07127
vt 0.55309 0.07084
vt 0.55357 0.07650
vt 0.52556 0.06687
vt 0.55227 0.06556
vt 0.56699 0.06272
vt 0.56798 0.06923
vt 0.56857 0.07619
vt 0.52611 0.08697
vt 0.52651 0.08132
vt 0.55341 0.08290
vt 0.55291 0.08967
vt 0.56837 0.08406
vt 0.56777 0.09238
vt 0.41287 0.08163
vt 0.41309 0.07609
vt 0.47576 0.07891
vt 0.47546 0.08430
vt 0.41311 0.07085
vt 0.47585 0.07383
vt 0.41275 0.06620
vt 0.47547 0.06933
vt 0.41220 0.06185
vt 0.47488 0.06512
vt 0.07293 0.08519
vt 0.07307 0.07922
vt 0.11049 0.07502
vt 0.11044 0.08089
vt 0.07305 0.07357
vt 0.11041 0.06945
vt 0.16158 0.06569
vt 0.16170 0.07119
vt 0.16172 0.07699
vt 0.16127 0.06076
vt 0.22193 0.05969
vt 0.22224 0.06461
vt 0.16087 0.05613
vt 0.22151 0.05505
vt 0.28618 0.05605
vt 0.28664 0.06065
vt 0.28698 0.06556
vt 0.07268 0.06854
vt 0.11008 0.06448
vt 0.07215 0.06384
vt 0.10962 0.05981
vt 0.22235 0.07013
vt 0.22237 0.07593
vt 0.28706 0.07107
vt 0.28701 0.07688
vt 0.19710 0.82705
vt 0.19285 0.82047
vt 0.19682 0.81828
vt 0.20529 0.81910
vt 0.19245 0.81099
vt 0.20412 0.80722
vt 0.21451 0.80511
vt 0.20092 0.81532
vt 0.21052 0.81108
vt 0.20680 0.74758
vt 0.25249 0.74714
vt 0.22753 0.78112
vt 0.19935 0.78195
vt 0.29909 0.74268
vt 0.25624 0.77737
vt 0.27404 0.77861
vt 0.25919 0.81003
vt 0.22920 0.81451
vt 0.23833 0.79547
vt 0.24373 0.84555
vt 0.21960 0.83588
vt 0.17875 0.82356
vt 0.18784 0.82443
vt 0.18647 0.82881
vt 0.17765 0.83680
vt 0.19466 0.83821
vt 0.19047 0.84862
vt 0.18506 0.83374
vt 0.17803 0.84883
vt 0.22702 0.88925
vt 0.20906 0.86192
vt 0.20970 0.93703
vt 0.19806 0.89030
vt 0.18665 0.81826
vt 0.18915 0.82113
vt 0.18373 0.81540
vt 0.18295 0.80503
vt 0.17128 0.81511
vt 0.16555 0.80686
vt 0.18060 0.81253
vt 0.17363 0.80148
vt 0.12502 0.85083
vt 0.10524 0.81091
vt 0.14230 0.81120
vt 0.15446 0.83576
vt 0.08165 0.77439
vt 0.12749 0.78906
vt 0.14561 0.94773
vt 0.13722 0.89758
vt 0.16135 0.86520
vt 0.16560 0.89706
vt 0.05904 0.88137
vt 0.03929 0.83908
vt 0.06856 0.82149
vt 0.09027 0.86718
vt 0.01637 0.79789
vt 0.04329 0.77812
vt 0.08266 0.97140
vt 0.07244 0.92584
vt 0.10486 0.91750
vt 0.11589 0.97013
vt 0.02748 0.89570
vt 0.01686 0.88206
vt 0.02447 0.85979
vt 0.04017 0.88994
vt 0.00108 0.87163
vt 0.00487 0.83134
vt 0.02291 0.93897
vt 0.02778 0.91573
vt 0.04809 0.92346
vt 0.05211 0.95869
vt 0.12002 0.72841
vt 0.16295 0.74000
vt 0.17223 0.77697
vt 0.14565 0.76908
vt 0.13677 0.66404
vt 0.17734 0.67196
vt 0.16649 0.70290
vt 0.12013 0.69252
vt 0.21954 0.67833
vt 0.21416 0.71047
vt 0.26500 0.68161
vt 0.26445 0.71244
vt 0.31209 0.68334
vt 0.31605 0.71161
vt 0.22061 0.64578
vt 0.24149 0.64107
vt 0.25571 0.65923
vt 0.22104 0.65888
vt 0.26430 0.63177
vt 0.29218 0.65706
vt 0.18843 0.63222
vt 0.20356 0.64130
vt 0.18999 0.65351
vt 0.16076 0.64562
vt 0.33806 0.77215
vt 0.31027 0.81778
vt 0.28588 0.81122
vt 0.30731 0.77063
vt 0.28543 0.86693
vt 0.26517 0.85608
vt 0.26649 0.92316
vt 0.24587 0.90946
vt 0.25049 0.98292
vt 0.22728 0.96709
vt 0.38542 0.80722
vt 0.35127 0.84646
vt 0.33337 0.82939
vt 0.36622 0.78379
vt 0.32447 0.88765
vt 0.30604 0.87758
vt 0.31238 0.93275
vt 0.28976 0.93096
vt 0.30763 0.97980
vt 0.27901 0.98694
vt 0.38547 0.88771
vt 0.36436 0.89529
vt 0.36009 0.86941
vt 0.38928 0.84410
vt 0.34962 0.90551
vt 0.33822 0.89681
vt 0.34763 0.92103
vt 0.33100 0.92842
vt 0.35201 0.93919
vt 0.33111 0.96213
vt 0.35003 0.06306
vt 0.35038 0.06786
vt 0.34953 0.05857
vt 0.35041 0.07327
vt 0.35028 0.07897
vt 0.04368 0.07679
vt 0.04326 0.07174
vt 0.05343 0.07063
vt 0.05383 0.07568
vt 0.04260 0.06702
vt 0.05283 0.06591
vt 0.04334 0.08859
vt 0.04363 0.08252
vt 0.05381 0.08138
vt 0.05359 0.08741
vt 0.09319 0.15905
vt 0.09371 0.16336
vt 0.06979 0.16523
vt 0.06916 0.16015
vt 0.09441 0.16737
vt 0.07070 0.16996
vt 0.05719 0.17224
vt 0.05599 0.16665
vt 0.05522 0.16064
vt 0.09306 0.14897
vt 0.09303 0.15416
vt 0.06911 0.15439
vt 0.06934 0.14829
vt 0.05529 0.15381
vt 0.05579 0.14655
vt 0.19028 0.14603
vt 0.19026 0.15073
vt 0.13716 0.15228
vt 0.13712 0.14754
vt 0.19041 0.15513
vt 0.13736 0.15673
vt 0.19091 0.15893
vt 0.13787 0.16061
vt 0.19159 0.16243
vt 0.13855 0.16419
vt 0.40269 0.16874
vt 0.40361 0.17356
vt 0.35152 0.16919
vt 0.35088 0.16443
vt 0.40508 0.17798
vt 0.35262 0.17358
vt 0.29423 0.16818
vt 0.29359 0.16397
vt 0.29324 0.15945
vt 0.40360 0.15714
vt 0.40287 0.16314
vt 0.35117 0.15895
vt 0.35192 0.15311
vt 0.29346 0.15428
vt 0.29396 0.14879
vt 0.24144 0.16031
vt 0.24106 0.15619
vt 0.24202 0.16411
vt 0.24109 0.15147
vt 0.24132 0.14644
vt 0.45898 0.15808
vt 0.45947 0.16396
vt 0.43721 0.16450
vt 0.43741 0.15864
vt 0.46006 0.16948
vt 0.43738 0.16998
vt 0.46087 0.17426
vt 0.43827 0.17470
vt 0.46178 0.17868
vt 0.43953 0.17905
vt 0.48816 0.16747
vt 0.48926 0.17354
vt 0.47674 0.17389
vt 0.47584 0.16857
vt 0.49030 0.17914
vt 0.47764 0.17879
vt 0.48565 0.15300
vt 0.48694 0.16047
vt 0.47491 0.16246
vt 0.47396 0.15594
vt 0.14233 0.29807
vt 0.18765 0.31030
vt 0.19745 0.34933
vt 0.16938 0.34100
vt 0.23388 0.31835
vt 0.22605 0.35459
vt 0.21878 0.38524
vt 0.20876 0.37895
vt 0.19892 0.37519
vt 0.16001 0.23012
vt 0.20283 0.23848
vt 0.19138 0.27113
vt 0.14244 0.26018
vt 0.24720 0.24555
vt 0.24158 0.27933
vt 0.21454 0.19652
vt 0.23051 0.20611
vt 0.21619 0.21900
vt 0.18534 0.21067
vt 0.24831 0.21124
vt 0.24876 0.22507
vt 0.28191 0.31804
vt 0.25572 0.35370
vt 0.33086 0.31354
vt 0.28592 0.34975
vt 0.24202 0.37903
vt 0.23108 0.38126
vt 0.29464 0.25007
vt 0.29429 0.28201
vt 0.34363 0.25330
vt 0.34826 0.28194
vt 0.26976 0.20748
vt 0.28476 0.22664
vt 0.29303 0.19926
vt 0.32246 0.22596
vt 0.16934 0.52958
vt 0.16048 0.47664
vt 0.18596 0.44246
vt 0.19045 0.47609
vt 0.14761 0.42729
vt 0.17869 0.41139
vt 0.20433 0.39850
vt 0.20316 0.41248
vt 0.20357 0.42518
vt 0.10289 0.55457
vt 0.09210 0.50647
vt 0.12633 0.49767
vt 0.13797 0.55323
vt 0.07796 0.45953
vt 0.11093 0.44455
vt 0.03982 0.52033
vt 0.04496 0.49581
vt 0.06640 0.50397
vt 0.07065 0.54115
vt 0.04465 0.47465
vt 0.05804 0.46857
vt 0.12673 0.38515
vt 0.16584 0.38545
vt 0.10183 0.34661
vt 0.15021 0.36209
vt 0.19039 0.38088
vt 0.19644 0.38959
vt 0.05711 0.41489
vt 0.08801 0.39633
vt 0.03292 0.37141
vt 0.06133 0.35054
vt 0.03344 0.46026
vt 0.04146 0.43675
vt 0.01678 0.44925
vt 0.02078 0.40672
vt 0.21267 0.39291
vt 0.20959 0.38989
vt 0.20628 0.38687
vt 0.30491 0.35105
vt 0.28924 0.38423
vt 0.25758 0.38895
vt 0.26722 0.36885
vt 0.27292 0.42172
vt 0.24745 0.41151
vt 0.22369 0.40219
vt 0.23234 0.39380
vt 0.23786 0.38534
vt 0.37250 0.34424
vt 0.34316 0.39240
vt 0.31741 0.38549
vt 0.34003 0.34263
vt 0.31694 0.44429
vt 0.29555 0.43283
vt 0.42254 0.46622
vt 0.40025 0.47422
vt 0.39574 0.44690
vt 0.42656 0.42019
vt 0.38469 0.48501
vt 0.37266 0.47583
vt 0.35815 0.46617
vt 0.38644 0.42268
vt 0.42249 0.38126
vt 0.25528 0.46784
vt 0.23633 0.43900
vt 0.23699 0.51829
vt 0.22471 0.46895
vt 0.21670 0.42496
vt 0.22112 0.41397
vt 0.29694 0.50364
vt 0.27517 0.48918
vt 0.28005 0.56673
vt 0.25555 0.55002
vt 0.38259 0.50139
vt 0.36504 0.50920
vt 0.38722 0.52056
vt 0.36515 0.54478
vt 0.34037 0.56343
vt 0.34538 0.51377
vt 0.21921 0.39524
vt 0.22340 0.39293
vt 0.22773 0.38981
vt 0.21392 0.39943
vt 0.21247 0.40405
vt 0.21099 0.40925
vt 0.21530 0.39594
vt 0.32151 0.51188
vt 0.33869 0.45553
vt 0.31016 0.57097
vt 0.36754 0.40466
vt 0.40222 0.35653
vt 0.50903 0.14713
vt 0.51101 0.15650
vt 0.49897 0.15848
vt 0.49734 0.15007
vt 0.51282 0.16527
vt 0.50049 0.16637
vt 0.51430 0.17285
vt 0.50178 0.17320
vt 0.51562 0.17984
vt 0.50296 0.17949
vt 0.96841 0.02316
vt 0.97376 0.02369
vt 0.96747 0.12756
vt 0.96291 0.12709
vt 0.97870 0.02460
vt 0.97167 0.12836
vt 0.96654 0.23175
vt 0.96286 0.23107
vt 0.95887 0.23069
vt 0.95763 0.12727
vt 0.96226 0.02341
vt 0.95427 0.23091
vt 0.94937 0.23144
vt 0.95201 0.12777
vt 0.95571 0.02405
vt 0.95742 0.43269
vt 0.96131 0.43262
vt 0.95968 0.52412
vt 0.95582 0.52446
vt 0.96502 0.43296
vt 0.96339 0.52424
vt 0.96223 0.60819
vt 0.95855 0.60831
vt 0.95471 0.60889
vt 0.95163 0.52571
vt 0.95318 0.43355
vt 0.95056 0.61039
vt 0.94624 0.61236
vt 0.94729 0.52741
vt 0.94875 0.43482
vt 0.95790 0.74289
vt 0.96188 0.74211
vt 0.96339 0.76656
vt 0.95913 0.76728
vt 0.96567 0.74156
vt 0.96738 0.76585
vt 0.96886 0.77390
vt 0.96459 0.77476
vt 0.95998 0.77537
vt 0.95434 0.76804
vt 0.95351 0.74415
vt 0.95469 0.77552
vt 0.94906 0.77542
vt 0.94930 0.76882
vt 0.94893 0.74564
vt 0.95592 0.68590
vt 0.95172 0.68740
vt 0.94735 0.68930
vt 0.95978 0.68516
vt 0.96347 0.68482
vt 0.95774 0.33366
vt 0.95342 0.33415
vt 0.94886 0.33497
vt 0.96159 0.33385
vt 0.96520 0.33437
vt 0.61084 0.57160
vt 0.61340 0.54944
vt 0.63763 0.55209
vt 0.63263 0.57163
vt 0.61722 0.52711
vt 0.64239 0.53184
vt 0.66886 0.53501
vt 0.66299 0.55193
vt 0.65515 0.56763
vt 0.57089 0.55130
vt 0.57059 0.53005
vt 0.59143 0.54116
vt 0.59050 0.56347
vt 0.57340 0.50986
vt 0.59466 0.51927
vt 0.60248 0.49823
vt 0.62357 0.50444
vt 0.58240 0.49177
vt 0.59433 0.47717
vt 0.61223 0.48088
vt 0.63072 0.48515
vt 0.64669 0.51017
vt 0.67082 0.51566
vt 0.65037 0.49056
vt 0.67061 0.49653
vt 0.62128 0.47006
vt 0.63695 0.47298
vt 0.60595 0.46742
vt 0.61563 0.45886
vt 0.62853 0.46126
vt 0.64163 0.46334
vt 0.65329 0.47647
vt 0.66996 0.48024
vt 0.65514 0.46477
vt 0.66885 0.46587
vt 0.63287 0.44996
vt 0.64414 0.45162
vt 0.62173 0.44779
vt 0.62605 0.43547
vt 0.63577 0.43740
vt 0.64555 0.43888
vt 0.65564 0.45229
vt 0.66726 0.45247
vt 0.65546 0.43944
vt 0.66544 0.43954
vt 0.58221 0.24564
vt 0.59354 0.26444
vt 0.57251 0.27435
vt 0.56461 0.25526
vt 0.60369 0.28435
vt 0.58068 0.29389
vt 0.55688 0.30519
vt 0.55168 0.28602
vt 0.54850 0.26620
vt 0.62491 0.23297
vt 0.63653 0.25349
vt 0.61494 0.25808
vt 0.60281 0.23865
vt 0.64576 0.27401
vt 0.62512 0.27830
vt 0.63142 0.30010
vt 0.61150 0.30645
vt 0.65024 0.29452
vt 0.65043 0.31298
vt 0.63391 0.31981
vt 0.61645 0.32647
vt 0.58937 0.31435
vt 0.56614 0.32304
vt 0.59710 0.33281
vt 0.57682 0.33898
vt 0.63266 0.33379
vt 0.61800 0.34015
vt 0.64684 0.32734
vt 0.64326 0.33954
vt 0.63119 0.34498
vt 0.61913 0.35072
vt 0.60239 0.34632
vt 0.58629 0.35241
vt 0.60706 0.35707
vt 0.59499 0.36372
vt 0.63304 0.35631
vt 0.62279 0.36142
vt 0.64350 0.35154
vt 0.64566 0.36343
vt 0.63654 0.36772
vt 0.62772 0.37219
vt 0.61296 0.36721
vt 0.60334 0.37332
vt 0.61947 0.37704
vt 0.61151 0.38207
vt 0.79528 0.48609
vt 0.77774 0.47796
vt 0.78749 0.45515
vt 0.80291 0.46551
vt 0.75953 0.46844
vt 0.77079 0.44492
vt 0.78145 0.42018
vt 0.79619 0.43038
vt 0.80922 0.44216
vt 0.77346 0.51340
vt 0.75296 0.51386
vt 0.76588 0.49688
vt 0.78503 0.50113
vt 0.73400 0.50941
vt 0.74707 0.48953
vt 0.72893 0.47597
vt 0.74000 0.45613
vt 0.71810 0.49514
vt 0.70630 0.47754
vt 0.71432 0.46086
vt 0.72314 0.44385
vt 0.75154 0.43495
vt 0.76331 0.41310
vt 0.73354 0.42616
vt 0.74474 0.40814
vt 0.70608 0.44888
vt 0.71293 0.43443
vt 0.69964 0.46307
vt 0.69421 0.45151
vt 0.69975 0.43948
vt 0.70508 0.42719
vt 0.72061 0.41948
vt 0.72870 0.40427
vt 0.71000 0.41438
vt 0.71471 0.40132
vt 0.69088 0.43215
vt 0.69529 0.42147
vt 0.68612 0.44262
vt 0.67670 0.43507
vt 0.68075 0.42585
vt 0.68453 0.41651
vt 0.69898 0.41039
vt 0.70231 0.39909
vt 0.68775 0.40693
vt 0.69071 0.39723
vt 0.78112 0.28625
vt 0.76673 0.30292
vt 0.74994 0.28925
vt 0.76486 0.27608
vt 0.75101 0.31901
vt 0.73438 0.30281
vt 0.71738 0.28854
vt 0.73243 0.27890
vt 0.74748 0.27045
vt 0.80807 0.32930
vt 0.79663 0.34682
vt 0.78204 0.32321
vt 0.79515 0.30550
vt 0.78242 0.36111
vt 0.76690 0.33909
vt 0.74769 0.35131
vt 0.73266 0.33395
vt 0.76267 0.36895
vt 0.74241 0.37248
vt 0.72886 0.35956
vt 0.71540 0.34576
vt 0.71752 0.31711
vt 0.70234 0.30055
vt 0.70216 0.33018
vt 0.68901 0.31371
vt 0.71486 0.36352
vt 0.70299 0.35248
vt 0.72671 0.37385
vt 0.71289 0.37574
vt 0.70310 0.36671
vt 0.69304 0.35761
vt 0.69107 0.34001
vt 0.67913 0.32682
vt 0.68241 0.34838
vt 0.67150 0.33908
vt 0.69098 0.37264
vt 0.68316 0.36466
vt 0.69830 0.38081
vt 0.68333 0.38746
vt 0.67869 0.37994
vt 0.67332 0.37268
vt 0.67431 0.35708
vt 0.66495 0.34969
vt 0.66649 0.36594
vt 0.65893 0.35947
vt 0.47162 0.40270
vt 0.49374 0.39994
vt 0.49690 0.42410
vt 0.47674 0.42387
vt 0.51633 0.39836
vt 0.51770 0.42392
vt 0.52088 0.45039
vt 0.50306 0.44868
vt 0.48596 0.44479
vt 0.48187 0.35911
vt 0.50242 0.35379
vt 0.49658 0.37665
vt 0.47469 0.38103
vt 0.52268 0.35172
vt 0.51860 0.37459
vt 0.54088 0.37719
vt 0.53986 0.39914
vt 0.54237 0.35617
vt 0.55941 0.36426
vt 0.56007 0.38251
vt 0.56031 0.40148
vt 0.53977 0.42296
vt 0.54014 0.44772
vt 0.55970 0.42187
vt 0.55867 0.44297
vt 0.57281 0.38866
vt 0.57365 0.40458
vt 0.57176 0.37314
vt 0.58299 0.38123
vt 0.58345 0.39423
vt 0.58440 0.40734
vt 0.57408 0.42131
vt 0.57430 0.43844
vt 0.58629 0.42068
vt 0.58867 0.43414
vt 0.59639 0.39784
vt 0.59705 0.40866
vt 0.59672 0.38697
vt 0.61169 0.39152
vt 0.61046 0.40047
vt 0.61067 0.40927
vt 0.59972 0.41939
vt 0.60340 0.43007
vt 0.61376 0.41777
vt 0.61830 0.42612
vt 0.49943 0.72009
vt 0.48554 0.73551
vt 0.47753 0.72460
vt 0.49094 0.71199
vt 0.47166 0.75094
vt 0.46359 0.73671
vt 0.45552 0.72248
vt 0.47030 0.71414
vt 0.48270 0.70412
vt 0.48292 0.57665
vt 0.50173 0.59282
vt 0.49202 0.60230
vt 0.47670 0.59159
vt 0.51939 0.60537
vt 0.50405 0.61511
vt 0.49303 0.62230
vt 0.48317 0.61126
vt 0.47026 0.60227
vt 0.52967 0.68936
vt 0.51455 0.70472
vt 0.50328 0.69839
vt 0.51228 0.68329
vt 0.49285 0.69237
vt 0.49989 0.67912
vt 0.44635 0.55606
vt 0.46579 0.56911
vt 0.45955 0.58213
vt 0.44149 0.57328
vt 0.45469 0.59531
vt 0.43662 0.59050
vt 0.52431 0.62604
vt 0.51131 0.63088
vt 0.52923 0.64671
vt 0.51484 0.64833
vt 0.50266 0.64978
vt 0.49943 0.63540
vt 0.52945 0.66803
vt 0.51564 0.66620
vt 0.50299 0.66464
vt 0.48410 0.68697
vt 0.48985 0.67578
vt 0.47561 0.69672
vt 0.46933 0.68959
vt 0.47624 0.68182
vt 0.48093 0.67275
vt 0.45144 0.60691
vt 0.43644 0.60314
vt 0.46509 0.61185
vt 0.46073 0.62074
vt 0.44948 0.61733
vt 0.43625 0.61579
vt 0.48979 0.63931
vt 0.48430 0.62845
vt 0.49256 0.65121
vt 0.48339 0.65262
vt 0.48120 0.64286
vt 0.47670 0.63397
vt 0.49263 0.66361
vt 0.48331 0.66280
vt 0.46465 0.70457
vt 0.45246 0.71147
vt 0.44940 0.70045
vt 0.46030 0.69564
vt 0.47605 0.61917
vt 0.46984 0.62645
vt 0.47377 0.66188
vt 0.47401 0.65402
vt 0.47189 0.66950
vt 0.46389 0.66628
vt 0.46551 0.66079
vt 0.46546 0.65494
vt 0.45694 0.68710
vt 0.46353 0.68252
vt 0.44954 0.69096
vt 0.44969 0.68147
vt 0.45432 0.67986
vt 0.45849 0.67610
vt 0.46369 0.63353
vt 0.45670 0.62932
vt 0.46909 0.63930
vt 0.46196 0.64377
vt 0.45816 0.63937
vt 0.45286 0.63658
vt 0.46849 0.67652
vt 0.46193 0.67174
vt 0.44853 0.62697
vt 0.43976 0.62556
vt 0.44762 0.63470
vt 0.44328 0.63534
vt 0.47249 0.64631
vt 0.46476 0.64903
vt 0.45764 0.66817
vt 0.45721 0.66425
vt 0.45490 0.66913
vt 0.45131 0.66224
vt 0.44584 0.63939
vt 0.44233 0.64053
vt 0.44712 0.64142
vt 0.44138 0.64573
vt 0.45911 0.65036
vt 0.45610 0.64778
vt 0.45751 0.65358
vt 0.44989 0.65164
vt 0.46003 0.65951
vt 0.45848 0.65614
vt 0.45748 0.66151
vt 0.45184 0.65675
vt 0.45215 0.67484
vt 0.45338 0.67153
vt 0.44899 0.67425
vt 0.44828 0.66703
vt 0.45378 0.64292
vt 0.44952 0.64241
vt 0.45425 0.64582
vt 0.44619 0.64771
vt 0.45110 0.53389
vt 0.46378 0.53513
vt 0.46811 0.54669
vt 0.45585 0.51172
vt 0.47231 0.52453
vt 0.48932 0.53765
vt 0.52640 0.56556
vt 0.50524 0.57291
vt 0.49987 0.56114
vt 0.50762 0.55145
vt 0.48656 0.55925
vt 0.47617 0.50166
vt 0.48049 0.51365
vt 0.49650 0.49161
vt 0.49281 0.51492
vt 0.47319 0.55798
vt 0.52967 0.52122
vt 0.52803 0.54339
vt 0.51507 0.54147
vt 0.50974 0.52928
vt 0.51308 0.50642
vt 0.50510 0.51681
vt 0.96841 0.02316
vt 0.97376 0.02369
vt 0.96747 0.12756
vt 0.96291 0.12709
vt 0.97870 0.02460
vt 0.97167 0.12836
vt 0.96654 0.23175
vt 0.96286 0.23107
vt 0.95887 0.23069
vt 0.95763 0.12727
vt 0.96226 0.02341
vt 0.95427 0.23091
vt 0.94937 0.23144
vt 0.95201 0.12777
vt 0.95571 0.02405
vt 0.95742 0.43269
vt 0.96131 0.43262
vt 0.95968 0.52412
vt 0.95582 0.52446
vt 0.96502 0.43296
vt 0.96339 0.52424
vt 0.96223 0.60819
vt 0.95855 0.60831
vt 0.95471 0.60889
vt 0.95163 0.52571
vt 0.95318 0.43355
vt 0.95056 0.61039
vt 0.94624 0.61236
vt 0.94729 0.52741
vt 0.94875 0.43482
vt 0.95790 0.74289
vt 0.96188 0.74211
vt 0.96339 0.76656
vt 0.95913 0.76728
vt 0.96567 0.74156
vt 0.96738 0.76585
vt 0.96886 0.77390
vt 0.96459 0.77476
vt 0.95998 0.77537
vt 0.95434 0.76804
vt 0.95351 0.74415
vt 0.95469 0.77552
vt 0.94906 0.77542
vt 0.94930 0.76882
vt 0.94893 0.74564
vt 0.95592 0.68590
vt 0.95172 0.68740
vt 0.94735 0.68930
vt 0.95978 0.68516
vt 0.96347 0.68482
vt 0.95774 0.33366
vt 0.95342 0.33415
vt 0.94886 0.33497
vt 0.96159 0.33385
vt 0.96520 0.33437
vt 0.61084 0.57160
vt 0.61340 0.54944
vt 0.63763 0.55209
vt 0.63263 0.57163
vt 0.61722 0.52711
vt 0.64239 0.53184
vt 0.66886 0.53501
vt 0.66299 0.55193
vt 0.65515 0.56763
vt 0.57089 0.55130
vt 0.57059 0.53005
vt 0.59143 0.54116
vt 0.59050 0.56347
vt 0.57340 0.50986
vt 0.59466 0.51927
vt 0.60248 0.49823
vt 0.62357 0.50444
vt 0.58240 0.49177
vt 0.59433 0.47717
vt 0.61223 0.48088
vt 0.63072 0.48515
vt 0.64669 0.51017
vt 0.67082 0.51566
vt 0.65037 0.49056
vt 0.67061 0.49653
vt 0.62128 0.47006
vt 0.63695 0.47298
vt 0.60595 0.46742
vt 0.61563 0.45886
vt 0.62853 0.46126
vt 0.64163 0.46334
vt 0.65329 0.47647
vt 0.66996 0.48024
vt 0.65514 0.46477
vt 0.66885 0.46587
vt 0.63287 0.44996
vt 0.64414 0.45162
vt 0.62173 0.44779
vt 0.62605 0.43547
vt 0.63577 0.43740
vt 0.64555 0.43888
vt 0.65564 0.45229
vt 0.66726 0.45247
vt 0.65546 0.43944
vt 0.66544 0.43954
vt 0.58221 0.24564
vt 0.59354 0.26444
vt 0.57251 0.27435
vt 0.56461 0.25526
vt 0.60369 0.28435
vt 0.58068 0.29389
vt 0.55688 0.30519
vt 0.55168 0.28602
vt 0.54850 0.26620
vt 0.62491 0.23297
vt 0.63653 0.25349
vt 0.61494 0.25808
vt 0.60281 0.23865
vt 0.64576 0.27401
vt 0.62512 0.27830
vt 0.63142 0.30010
vt 0.61150 0.30645
vt 0.65024 0.29452
vt 0.65043 0.31298
vt 0.63391 0.31981
vt 0.61645 0.32647
vt 0.58937 0.31435
vt 0.56614 0.32304
vt 0.59710 0.33281
vt 0.57682 0.33898
vt 0.63266 0.33379
vt 0.61800 0.34015
vt 0.64684 0.32734
vt 0.64326 0.33954
vt 0.63119 0.34498
vt 0.61913 0.35072
vt 0.60239 0.34632
vt 0.58629 0.35241
vt 0.60706 0.35707
vt 0.59499 0.36372
vt 0.63304 0.35631
vt 0.62279 0.36142
vt 0.64350 0.35154
vt 0.64566 0.36343
vt 0.63654 0.36772
vt 0.62772 0.37219
vt 0.61296 0.36721
vt 0.60334 0.37332
vt 0.61947 0.37704
vt 0.61151 0.38207
vt 0.79528 0.48609
vt 0.77774 0.47796
vt 0.78749 0.45515
vt 0.80291 0.46551
vt 0.75953 0.46844
vt 0.77079 0.44492
vt 0.78145 0.42018
vt 0.79619 0.43038
vt 0.80922 0.44216
vt 0.77346 0.51340
vt 0.75296 0.51386
vt 0.76588 0.49688
vt 0.78503 0.50113
vt 0.73400 0.50941
vt 0.74707 0.48953
vt 0.72893 0.47597
vt 0.74000 0.45613
vt 0.71810 0.49514
vt 0.70630 0.47754
vt 0.71432 0.46086
vt 0.72314 0.44385
vt 0.75154 0.43495
vt 0.76331 0.41310
vt 0.73354 0.42616
vt 0.74474 0.40814
vt 0.70608 0.44888
vt 0.71293 0.43443
vt 0.69964 0.46307
vt 0.69421 0.45151
vt 0.69975 0.43948
vt 0.70508 0.42719
vt 0.72061 0.41948
vt 0.72870 0.40427
vt 0.71000 0.41438
vt 0.71471 0.40132
vt 0.69088 0.43215
vt 0.69529 0.42147
vt 0.68612 0.44262
vt 0.67670 0.43507
vt 0.68075 0.42585
vt 0.68453 0.41651
vt 0.69898 0.41039
vt 0.70231 0.39909
vt 0.68775 0.40693
vt 0.69071 0.39723
vt 0.78112 0.28625
vt 0.76673 0.30292
vt 0.74994 0.28925
vt 0.76486 0.27608
vt 0.75101 0.31901
vt 0.73438 0.30281
vt 0.71738 0.28854
vt 0.73243 0.27890
vt 0.74748 0.27045
vt 0.80807 0.32930
vt 0.79663 0.34682
vt 0.78204 0.32321
vt 0.79515 0.30550
vt 0.78242 0.36111
vt 0.76690 0.33909
vt 0.74769 0.35131
vt 0.73266 0.33395
vt 0.76267 0.36895
vt 0.74241 0.37248
vt 0.72886 0.35956
vt 0.71540 0.34576
vt 0.71752 0.31711
vt 0.70234 0.30055
vt 0.70216 0.33018
vt 0.68901 0.31371
vt 0.71486 0.36352
vt 0.70299 0.35248
vt 0.72671 0.37385
vt 0.71289 0.37574
vt 0.70310 0.36671
vt 0.69304 0.35761
vt 0.69107 0.34001
vt 0.67913 0.32682
vt 0.68241 0.34838
vt 0.67150 0.33908
vt 0.69098 0.37264
vt 0.68316 0.36466
vt 0.69830 0.38081
vt 0.68333 0.38746
vt 0.67869 0.37994
vt 0.67332 0.37268
vt 0.67431 0.35708
vt 0.66495 0.34969
vt 0.66649 0.36594
vt 0.65893 0.35947
vt 0.47162 0.40270
vt 0.49374 0.39994
vt 0.49690 0.42410
vt 0.47674 0.42387
vt 0.51633 0.39836
vt 0.51770 0.42392
vt 0.52088 0.45039
vt 0.50306 0.44868
vt 0.48596 0.44479
vt 0.48187 0.35911
vt 0.50242 0.35379
vt 0.49658 0.37665
vt 0.47469 0.38103
vt 0.52268 0.35172
vt 0.51860 0.37459
vt 0.54088 0.37719
vt 0.53986 0.39914
vt 0.54237 0.35617
vt 0.55941 0.36426
vt 0.56007 0.38251
vt 0.56031 0.40148
vt 0.53977 0.42296
vt 0.54014 0.44772
vt 0.55970 0.42187
vt 0.55867 0.44297
vt 0.57281 0.38866
vt 0.57365 0.40458
vt 0.57176 0.37314
vt 0.58299 0.38123
vt 0.58345 0.39423
vt 0.58440 0.40734
vt 0.57408 0.42131
vt 0.57430 0.43844
vt 0.58629 0.42068
vt 0.58867 0.43414
vt 0.59639 0.39784
vt 0.59705 0.40866
vt 0.59672 0.38697
vt 0.61169 0.39152
vt 0.61046 0.40047
vt 0.61067 0.40927
vt 0.59972 0.41939
vt 0.60340 0.43007
vt 0.61376 0.41777
vt 0.61830 0.42612
vt 0.49943 0.72009
vt 0.48554 0.73551
vt 0.47753 0.72460
vt 0.49094 0.71199
vt 0.47166 0.75094
vt 0.46359 0.73671
vt 0.45552 0.72248
vt 0.47030 0.71414
vt 0.48270 0.70412
vt 0.48292 0.57665
vt 0.50173 0.59282
vt 0.49202 0.60230
vt 0.47670 0.59159
vt 0.51939 0.60537
vt 0.50405 0.61511
vt 0.49303 0.62230
vt 0.48317 0.61126
vt 0.47026 0.60227
vt 0.52967 0.68936
vt 0.51455 0.70472
vt 0.50328 0.69839
vt 0.51228 0.68329
vt 0.49285 0.69237
vt 0.49989 0.67912
vt 0.44635 0.55606
vt 0.46579 0.56911
vt 0.45955 0.58213
vt 0.44149 0.57328
vt 0.45469 0.59531
vt 0.43662 0.59050
vt 0.52431 0.62604
vt 0.51131 0.63088
vt 0.52923 0.64671
vt 0.51484 0.64833
vt 0.50266 0.64978
vt 0.49943 0.63540
vt 0.52945 0.66803
vt 0.51564 0.66620
vt 0.50299 0.66464
vt 0.48410 0.68697
vt 0.48985 0.67578
vt 0.47561 0.69672
vt 0.46933 0.68959
vt 0.47624 0.68182
vt 0.48093 0.67275
vt 0.45144 0.60691
vt 0.43644 0.60314
vt 0.46509 0.61185
vt 0.46073 0.62074
vt 0.44948 0.61733
vt 0.43625 0.61579
vt 0.48979 0.63931
vt 0.48430 0.62845
vt 0.49256 0.65121
vt 0.48339 0.65262
vt 0.48120 0.64286
vt 0.47670 0.63397
vt 0.49263 0.66361
vt 0.48331 0.66280
vt 0.46465 0.70457
vt 0.45246 0.71147
vt 0.44940 0.70045
vt 0.46030 0.69564
vt 0.47605 0.61917
vt 0.46984 0.62645
vt 0.47377 0.66188
vt 0.47401 0.65402
vt 0.47189 0.66950
vt 0.46389 0.66628
vt 0.46551 0.66079
vt 0.46546 0.65494
vt 0.45694 0.68710
vt 0.46353 0.68252
vt 0.44954 0.69096
vt 0.44969 0.68147
vt 0.45432 0.67986
vt 0.45849 0.67610
vt 0.46369 0.63353
vt 0.45670 0.62932
vt 0.46909 0.63930
vt 0.46196 0.64377
vt 0.45816 0.63937
vt 0.45286 0.63658
vt 0.46849 0.67652
vt 0.46193 0.67174
vt 0.44853 0.62697
vt 0.43976 0.62556
vt 0.44762 0.63470
vt 0.44328 0.63534
vt 0.47249 0.64631
vt 0.46476 0.64903
vt 0.45764 0.66817
vt 0.45721 0.66425
vt 0.45490 0.66913
vt 0.45131 0.66224
vt 0.44584 0.63939
vt 0.44233 0.64053
vt 0.44712 0.64142
vt 0.44138 0.64573
vt 0.45911 0.65036
vt 0.45610 0.64778
vt 0.45751 0.65358
vt 0.44989 0.65164
vt 0.46003 0.65951
vt 0.45848 0.65614
vt 0.45748 0.66151
vt 0.45184 0.65675
vt 0.45215 0.67484
vt 0.45338 0.67153
vt 0.44899 0.67425
vt 0.44828 0.66703
vt 0.45378 0.64292
vt 0.44952 0.64241
vt 0.45425 0.64582
vt 0.44619 0.64771
vt 0.45110 0.53389
vt 0.46378 0.53513
vt 0.46811 0.54669
vt 0.45585 0.51172
vt 0.47231 0.52453
vt 0.48932 0.53765
vt 0.52640 0.56556
vt 0.50524 0.57291
vt 0.49987 0.56114
vt 0.50762 0.55145
vt 0.48656 0.55925
vt 0.47617 0.50166
vt 0.48049 0.51365
vt 0.49650 0.49161
vt 0.49281 0.51492
vt 0.47319 0.55798
vt 0.52967 0.52122
vt 0.52803 0.54339
vt 0.51507 0.54147
vt 0.50974 0.52928
vt 0.51308 0.50642
vt 0.50510 0.51681
vt 0.49586 0.11482
vt 0.49579 0.11046
vt 0.52082 0.11176
vt 0.52085 0.11682
vt 0.49547 0.10638
vt 0.52046 0.10700
vt 0.53395 0.10630
vt 0.53448 0.11197
vt 0.53452 0.11800
vt 0.49469 0.12487
vt 0.49540 0.11971
vt 0.52018 0.12247
vt 0.51916 0.12843
vt 0.53361 0.12474
vt 0.53222 0.13183
vt 0.38897 0.11773
vt 0.38933 0.11245
vt 0.44794 0.11596
vt 0.44738 0.12103
vt 0.38944 0.10750
vt 0.44824 0.11118
vt 0.38908 0.10320
vt 0.44801 0.10699
vt 0.38848 0.09922
vt 0.44751 0.10310
vt 0.16286 0.11216
vt 0.16217 0.10752
vt 0.21471 0.10366
vt 0.21509 0.10827
vt 0.16146 0.10316
vt 0.21442 0.09933
vt 0.27248 0.09658
vt 0.27254 0.10085
vt 0.27274 0.10540
vt 0.16404 0.12279
vt 0.16347 0.11734
vt 0.21567 0.11342
vt 0.21635 0.11885
vt 0.27320 0.11052
vt 0.27380 0.11592
vt 0.19710 0.82705
vt 0.19285 0.82047
vt 0.19682 0.81828
vt 0.20529 0.81910
vt 0.19245 0.81099
vt 0.20412 0.80722
vt 0.21451 0.80511
vt 0.20092 0.81532
vt 0.21052 0.81108
vt 0.20680 0.74758
vt 0.25249 0.74714
vt 0.22753 0.78112
vt 0.19935 0.78195
vt 0.29909 0.74268
vt 0.25624 0.77737
vt 0.27404 0.77861
vt 0.25919 0.81003
vt 0.22920 0.81451
vt 0.23833 0.79547
vt 0.24373 0.84555
vt 0.21960 0.83588
vt 0.17875 0.82356
vt 0.18784 0.82443
vt 0.18647 0.82881
vt 0.17765 0.83680
vt 0.19466 0.83821
vt 0.19047 0.84862
vt 0.18506 0.83374
vt 0.17803 0.84883
vt 0.22702 0.88925
vt 0.20906 0.86192
vt 0.20970 0.93703
vt 0.19806 0.89030
vt 0.18665 0.81826
vt 0.18915 0.82113
vt 0.18373 0.81540
vt 0.18295 0.80503
vt 0.17128 0.81511
vt 0.16555 0.80686
vt 0.18060 0.81253
vt 0.17363 0.80148
vt 0.12502 0.85083
vt 0.10524 0.81091
vt 0.14230 0.81120
vt 0.15446 0.83576
vt 0.08165 0.77439
vt 0.12749 0.78906
vt 0.14561 0.94773
vt 0.13722 0.89758
vt 0.16135 0.86520
vt 0.16560 0.89706
vt 0.05904 0.88137
vt 0.03929 0.83908
vt 0.06856 0.82149
vt 0.09027 0.86718
vt 0.01637 0.79789
vt 0.04329 0.77812
vt 0.08266 0.97140
vt 0.07244 0.92584
vt 0.10486 0.91750
vt 0.11589 0.97013
vt 0.02748 0.89570
vt 0.01686 0.88206
vt 0.02447 0.85979
vt 0.04017 0.88994
vt 0.00108 0.87163
vt 0.00487 0.83134
vt 0.02291 0.93897
vt 0.02778 0.91573
vt 0.04809 0.92346
vt 0.05211 0.95869
vt 0.12002 0.72841
vt 0.16295 0.74000
vt 0.17223 0.77697
vt 0.14565 0.76908
vt 0.13677 0.66404
vt 0.17734 0.67196
vt 0.16649 0.70290
vt 0.12013 0.69252
vt 0.21954 0.67833
vt 0.21416 0.71047
vt 0.26500 0.68161
vt 0.26445 0.71244
vt 0.31209 0.68334
vt 0.31605 0.71161
vt 0.22061 0.64578
vt 0.24149 0.64107
vt 0.25571 0.65923
vt 0.22104 0.65888
vt 0.26430 0.63177
vt 0.29218 0.65706
vt 0.18843 0.63222
vt 0.20356 0.64130
vt 0.18999 0.65351
vt 0.16076 0.64562
vt 0.33806 0.77215
vt 0.31027 0.81778
vt 0.28588 0.81122
vt 0.30731 0.77063
vt 0.28543 0.86693
vt 0.26517 0.85608
vt 0.26649 0.92316
vt 0.24587 0.90946
vt 0.25049 0.98292
vt 0.22728 0.96709
vt 0.38542 0.80722
vt 0.35127 0.84646
vt 0.33337 0.82939
vt 0.36622 0.78379
vt 0.32447 0.88765
vt 0.30604 0.87758
vt 0.31238 0.93275
vt 0.28976 0.93096
vt 0.30763 0.97980
vt 0.27901 0.98694
vt 0.38547 0.88771
vt 0.36436 0.89529
vt 0.36009 0.86941
vt 0.38928 0.84410
vt 0.34962 0.90551
vt 0.33822 0.89681
vt 0.34763 0.92103
vt 0.33100 0.92842
vt 0.35201 0.93919
vt 0.33111 0.96213
vt 0.33063 0.10092
vt 0.33090 0.10536
vt 0.33032 0.09680
vt 0.33108 0.11042
vt 0.33123 0.11578
vt 0.08923 0.12846
vt 0.08882 0.12295
vt 0.12155 0.12049
vt 0.12203 0.12598
vt 0.08818 0.11772
vt 0.12092 0.11528
vt 0.08707 0.11304
vt 0.12000 0.11062
vt 0.08572 0.10864
vt 0.11893 0.10624
vt 0.04293 0.12109
vt 0.04157 0.11640
vt 0.06229 0.11487
vt 0.06353 0.11956
vt 0.03989 0.11199
vt 0.06075 0.11046
vt 0.04399 0.13183
vt 0.04363 0.12633
vt 0.06420 0.12480
vt 0.06458 0.13031
vt 0.51096 0.07524
vt 0.51056 0.07049
vt 0.55309 0.07084
vt 0.55357 0.07650
vt 0.50989 0.06605
vt 0.55227 0.06556
vt 0.56699 0.06272
vt 0.56798 0.06923
vt 0.56857 0.07619
vt 0.51047 0.08631
vt 0.51084 0.08062
vt 0.55341 0.08290
vt 0.55291 0.08967
vt 0.56837 0.08406
vt 0.56777 0.09238
vt 0.30266 0.07755
vt 0.30273 0.07178
vt 0.41309 0.07609
vt 0.41287 0.08163
vt 0.30266 0.06631
vt 0.41311 0.07085
vt 0.30232 0.06144
vt 0.41275 0.06620
vt 0.30185 0.05687
vt 0.41220 0.06185
vt 0.04334 0.08859
vt 0.04363 0.08252
vt 0.10030 0.07617
vt 0.10019 0.08207
vt 0.04368 0.07679
vt 0.10026 0.07057
vt 0.15905 0.06596
vt 0.15915 0.07148
vt 0.15916 0.07728
vt 0.15873 0.06104
vt 0.22193 0.05969
vt 0.22224 0.06461
vt 0.15831 0.05640
vt 0.22151 0.05505
vt 0.04326 0.07174
vt 0.09990 0.06559
vt 0.04260 0.06702
vt 0.09938 0.06092
vt 0.22235 0.07013
vt 0.22237 0.07593
vt 0.19710 0.82705
vt 0.19285 0.82047
vt 0.19682 0.81828
vt 0.20529 0.81910
vt 0.19245 0.81099
vt 0.20412 0.80722
vt 0.21451 0.80511
vt 0.20092 0.81532
vt 0.21052 0.81108
vt 0.20680 0.74758
vt 0.25249 0.74714
vt 0.22753 0.78112
vt 0.19935 0.78195
vt 0.29909 0.74268
vt 0.25624 0.77737
vt 0.27404 0.77861
vt 0.25919 0.81003
vt 0.22920 0.81451
vt 0.23833 0.79547
vt 0.24373 0.84555
vt 0.21960 0.83588
vt 0.17875 0.82356
vt 0.18784 0.82443
vt 0.18647 0.82881
vt 0.17765 0.83680
vt 0.19466 0.83821
vt 0.19047 0.84862
vt 0.18506 0.83374
vt 0.17803 0.84883
vt 0.22702 0.88925
vt 0.20906 0.86192
vt 0.20970 0.93703
vt 0.19806 0.89030
vt 0.18665 0.81826
vt 0.18915 0.82113
vt 0.18373 0.81540
vt 0.18295 0.80503
vt 0.17128 0.81511
vt 0.16555 0.80686
vt 0.18060 0.81253
vt 0.17363 0.80148
vt 0.12502 0.85083
vt 0.10524 0.81091
vt 0.14230 0.81120
vt 0.15446 0.83576
vt 0.08165 0.77439
vt 0.12749 0.78906
vt 0.14561 0.94773
vt 0.13722 0.89758
vt 0.16135 0.86520
vt 0.16560 0.89706
vt 0.05904 0.88137
vt 0.03929 0.83908
vt 0.06856 0.82149
vt 0.09027 0.86718
vt 0.01637 0.79789
vt 0.04329 0.77812
vt 0.08266 0.97140
vt 0.07244 0.92584
vt 0.10486 0.91750
vt 0.11589 0.97013
vt 0.02748 0.89570
vt 0.01686 0.88206
vt 0.02447 0.85979
vt 0.04017 0.88994
vt 0.00108 0.87163
vt 0.00487 0.83134
vt 0.02291 0.93897
vt 0.02778 0.91573
vt 0.04809 0.92346
vt 0.05211 0.95869
vt 0.12002 0.72841
vt 0.16295 0.74000
vt 0.17223 0.77697
vt 0.14565 0.76908
vt 0.13677 0.66404
vt 0.17734 0.67196
vt 0.16649 0.70290
vt 0.12013 0.69252
vt 0.21954 0.67833
vt 0.21416 0.71047
vt 0.26500 0.68161
vt 0.26445 0.71244
vt 0.31209 0.68334
vt 0.31605 0.71161
vt 0.22061 0.64578
vt 0.24149 0.64107
vt 0.25571 0.65923
vt 0.22104 0.65888
vt 0.26430 0.63177
vt 0.29218 0.65706
vt 0.18843 0.63222
vt 0.20356 0.64130
vt 0.18999 0.65351
vt 0.16076 0.64562
vt 0.33806 0.77215
vt 0.31027 0.81778
vt 0.28588 0.81122
vt 0.30731 0.77063
vt 0.28543 0.86693
vt 0.26517 0.85608
vt 0.26649 0.92316
vt 0.24587 0.90946
vt 0.25049 0.98292
vt 0.22728 0.96709
vt 0.38542 0.80722
vt 0.35127 0.84646
vt 0.33337 0.82939
vt 0.36622 0.78379
vt 0.32447 0.88765
vt 0.30604 0.87758
vt 0.31238 0.93275
vt 0.28976 0.93096
vt 0.30763 0.97980
vt 0.27901 0.98694
vt 0.38547 0.88771
vt 0.36436 0.89529
vt 0.36009 0.86941
vt 0.38928 0.84410
vt 0.34962 0.90551
vt 0.33822 0.89681
vt 0.34763 0.92103
vt 0.33100 0.92842
vt 0.35201 0.93919
vt 0.33111 0.96213
vt 0.51096 0.07524
vt 0.51056 0.07049
vt 0.55309 0.07084
vt 0.55357 0.07650
vt 0.50989 0.06605
vt 0.55227 0.06556
vt 0.56699 0.06272
vt 0.56798 0.06923
vt 0.56857 0.07619
vt 0.51047 0.08631
vt 0.51084 0.08062
vt 0.55341 0.08290
vt 0.55291 0.08967
vt 0.56837 0.08406
vt 0.56777 0.09238
vt 0.31082 0.07759
vt 0.31090 0.07182
vt 0.41309 0.07609
vt 0.41287 0.08163
vt 0.31084 0.06634
vt 0.41311 0.07085
vt 0.31050 0.06147
vt 0.41275 0.06620
vt 0.31002 0.05690
vt 0.41220 0.06185
vt 0.10019 0.08207
vt 0.10030 0.07617
vt 0.12864 0.07299
vt 0.12861 0.07882
vt 0.10026 0.07057
vt 0.12855 0.06745
vt 0.15794 0.06515
vt 0.15807 0.07064
vt 0.15809 0.07642
vt 0.22224 0.06461
vt 0.22193 0.05969
vt 0.25462 0.05981
vt 0.25494 0.06475
vt 0.22151 0.05505
vt 0.25418 0.05517
vt 0.09990 0.06559
vt 0.12822 0.06251
vt 0.09938 0.06092
vt 0.12778 0.05787
vt 0.15724 0.05561
vt 0.15764 0.06024
vt 0.22237 0.07593
vt 0.22235 0.07013
vt 0.25504 0.07028
vt 0.25503 0.07612
vt 0.19710 0.82705
vt 0.19285 0.82047
vt 0.19682 0.81828
vt 0.20529 0.81910
vt 0.19245 0.81099
vt 0.20412 0.80722
vt 0.21451 0.80511
vt 0.20092 0.81532
vt 0.21052 0.81108
vt 0.20680 0.74758
vt 0.25249 0.74714
vt 0.22753 0.78112
vt 0.19935 0.78195
vt 0.29909 0.74268
vt 0.25624 0.77737
vt 0.27404 0.77861
vt 0.25919 0.81003
vt 0.22920 0.81451
vt 0.23833 0.79547
vt 0.24373 0.84555
vt 0.21960 0.83588
vt 0.17875 0.82356
vt 0.18784 0.82443
vt 0.18647 0.82881
vt 0.17765 0.83680
vt 0.19466 0.83821
vt 0.19047 0.84862
vt 0.18506 0.83374
vt 0.17803 0.84883
vt 0.22702 0.88925
vt 0.20906 0.86192
vt 0.20970 0.93703
vt 0.19806 0.89030
vt 0.18665 0.81826
vt 0.18915 0.82113
vt 0.18373 0.81540
vt 0.18295 0.80503
vt 0.17128 0.81511
vt 0.16555 0.80686
vt 0.18060 0.81253
vt 0.17363 0.80148
vt 0.12502 0.85083
vt 0.10524 0.81091
vt 0.14230 0.81120
vt 0.15446 0.83576
vt 0.08165 0.77439
vt 0.12749 0.78906
vt 0.14561 0.94773
vt 0.13722 0.89758
vt 0.16135 0.86520
vt 0.16560 0.89706
vt 0.05904 0.88137
vt 0.03929 0.83908
vt 0.06856 0.82149
vt 0.09027 0.86718
vt 0.01637 0.79789
vt 0.04329 0.77812
vt 0.08266 0.97140
vt 0.07244 0.92584
vt 0.10486 0.91750
vt 0.11589 0.97013
vt 0.02748 0.89570
vt 0.01686 0.88206
vt 0.02447 0.85979
vt 0.04017 0.88994
vt 0.00108 0.87163
vt 0.00487 0.83134
vt 0.02291 0.93897
vt 0.02778 0.91573
vt 0.04809 0.92346
vt 0.05211 0.95869
vt 0.12002 0.72841
vt 0.16295 0.74000
vt 0.17223 0.77697
vt 0.14565 0.76908
vt 0.13677 0.66404
vt 0.17734 0.67196
vt 0.16649 0.70290
vt 0.12013 0.69252
vt 0.21954 0.67833
vt 0.21416 0.71047
vt 0.26500 0.68161
vt 0.26445 0.71244
vt 0.31209 0.68334
vt 0.31605 0.71161
vt 0.22061 0.64578
vt 0.24149 0.64107
vt 0.25571 0.65923
vt 0.22104 0.65888
vt 0.26430 0.63177
vt 0.29218 0.65706
vt 0.18843 0.63222
vt 0.20356 0.64130
vt 0.18999 0.65351
vt 0.16076 0.64562
vt 0.33806 0.77215
vt 0.31027 0.81778
vt 0.28588 0.81122
vt 0.30731 0.77063
vt 0.28543 0.86693
vt 0.26517 0.85608
vt 0.26649 0.92316
vt 0.24587 0.90946
vt 0.25049 0.98292
vt 0.22728 0.96709
vt 0.38542 0.80722
vt 0.35127 0.84646
vt 0.33337 0.82939
vt 0.36622 0.78379
vt 0.32447 0.88765
vt 0.30604 0.87758
vt 0.31238 0.93275
vt 0.28976 0.93096
vt 0.30763 0.97980
vt 0.27901 0.98694
vt 0.38547 0.88771
vt 0.36436 0.89529
vt 0.36009 0.86941
vt 0.38928 0.84410
vt 0.34962 0.90551
vt 0.33822 0.89681
vt 0.34763 0.92103
vt 0.33100 0.92842
vt 0.35201 0.93919
vt 0.33111 0.96213
vt 0.04368 0.07679
vt 0.04326 0.07174
vt 0.07158 0.06866
vt 0.07197 0.07368
vt 0.04260 0.06702
vt 0.07099 0.06397
vt 0.04334 0.08859
vt 0.04363 0.08252
vt 0.07197 0.07934
vt 0.07176 0.08533
vt 0.18967 0.06997
vt 0.18970 0.07575
vt 0.18954 0.06448
vt 0.18924 0.05956
vt 0.18884 0.05494
vt 0.96841 0.02316
vt 0.97376 0.02369
vt 0.96747 0.12756
vt 0.96291 0.12709
vt 0.97870 0.02460
vt 0.97167 0.12836
vt 0.96654 0.23175
vt 0.96286 0.23107
vt 0.95887 0.23069
vt 0.95763 0.12727
vt 0.96226 0.02341
vt 0.95427 0.23091
vt 0.94937 0.23144
vt 0.95201 0.12777
vt 0.95571 0.02405
vt 0.95742 0.43269
vt 0.96131 0.43262
vt 0.95968 0.52412
vt 0.95582 0.52446
vt 0.96502 0.43296
vt 0.96339 0.52424
vt 0.96223 0.60819
vt 0.95855 0.60831
vt 0.95471 0.60889
vt 0.95163 0.52571
vt 0.95318 0.43355
vt 0.95056 0.61039
vt 0.94624 0.61236
vt 0.94729 0.52741
vt 0.94875 0.43482
vt 0.95790 0.74289
vt 0.96188 0.74211
vt 0.96339 0.76656
vt 0.95913 0.76728
vt 0.96567 0.74156
vt 0.96738 0.76585
vt 0.96886 0.77390
vt 0.96459 0.77476
vt 0.95998 0.77537
vt 0.95434 0.76804
vt 0.95351 0.74415
vt 0.95469 0.77552
vt 0.94906 0.77542
vt 0.94930 0.76882
vt 0.94893 0.74564
vt 0.95592 0.68590
vt 0.95172 0.68740
vt 0.94735 0.68930
vt 0.95978 0.68516
vt 0.96347 0.68482
vt 0.95774 0.33366
vt 0.95342 0.33415
vt 0.94886 0.33497
vt 0.96159 0.33385
vt 0.96520 0.33437
vt 0.61084 0.57160
vt 0.61340 0.54944
vt 0.63763 0.55209
vt 0.63263 0.57163
vt 0.61722 0.52711
vt 0.64239 0.53184
vt 0.66886 0.53501
vt 0.66299 0.55193
vt 0.65515 0.56763
vt 0.57089 0.55130
vt 0.57059 0.53005
vt 0.59143 0.54116
vt 0.59050 0.56347
vt 0.57340 0.50986
vt 0.59466 0.51927
vt 0.60248 0.49823
vt 0.62357 0.50444
vt 0.58240 0.49177
vt 0.59433 0.47717
vt 0.61223 0.48088
vt 0.63072 0.48515
vt 0.64669 0.51017
vt 0.67082 0.51566
vt 0.65037 0.49056
vt 0.67061 0.49653
vt 0.62128 0.47006
vt 0.63695 0.47298
vt 0.60595 0.46742
vt 0.61563 0.45886
vt 0.62853 0.46126
vt 0.64163 0.46334
vt 0.65329 0.47647
vt 0.66996 0.48024
vt 0.65514 0.46477
vt 0.66885 0.46587
vt 0.63287 0.44996
vt 0.64414 0.45162
vt 0.62173 0.44779
vt 0.62605 0.43547
vt 0.63577 0.43740
vt 0.64555 0.43888
vt 0.65564 0.45229
vt 0.66726 0.45247
vt 0.65546 0.43944
vt 0.66544 0.43954
vt 0.58221 0.24564
vt 0.59354 0.26444
vt 0.57251 0.27435
vt 0.56461 0.25526
vt 0.60369 0.28435
vt 0.58068 0.29389
vt 0.55688 0.30519
vt 0.55168 0.28602
vt 0.54850 0.26620
vt 0.62491 0.23297
vt 0.63653 0.25349
vt 0.61494 0.25808
vt 0.60281 0.23865
vt 0.64576 0.27401
vt 0.62512 0.27830
vt 0.63142 0.30010
vt 0.61150 0.30645
vt 0.65024 0.29452
vt 0.65043 0.31298
vt 0.63391 0.31981
vt 0.61645 0.32647
vt 0.58937 0.31435
vt 0.56614 0.32304
vt 0.59710 0.33281
vt 0.57682 0.33898
vt 0.63266 0.33379
vt 0.61800 0.34015
vt 0.64684 0.32734
vt 0.64326 0.33954
vt 0.63119 0.34498
vt 0.61913 0.35072
vt 0.60239 0.34632
vt 0.58629 0.35241
vt 0.60706 0.35707
vt 0.59499 0.36372
vt 0.63304 0.35631
vt 0.62279 0.36142
vt 0.64350 0.35154
vt 0.64566 0.36343
vt 0.63654 0.36772
vt 0.62772 0.37219
vt 0.61296 0.36721
vt 0.60334 0.37332
vt 0.61947 0.37704
vt 0.61151 0.38207
vt 0.79528 0.48609
vt 0.77774 0.47796
vt 0.78749 0.45515
vt 0.80291 0.46551
vt 0.75953 0.46844
vt 0.77079 0.44492
vt 0.78145 0.42018
vt 0.79619 0.43038
vt 0.80922 0.44216
vt 0.77346 0.51340
vt 0.75296 0.51386
vt 0.76588 0.49688
vt 0.78503 0.50113
vt 0.73400 0.50941
vt 0.74707 0.48953
vt 0.72893 0.47597
vt 0.74000 0.45613
vt 0.71810 0.49514
vt 0.70630 0.47754
vt 0.71432 0.46086
vt 0.72314 0.44385
vt 0.75154 0.43495
vt 0.76331 0.41310
vt 0.73354 0.42616
vt 0.74474 0.40814
vt 0.70608 0.44888
vt 0.71293 0.43443
vt 0.69964 0.46307
vt 0.69421 0.45151
vt 0.69975 0.43948
vt 0.70508 0.42719
vt 0.72061 0.41948
vt 0.72870 0.40427
vt 0.71000 0.41438
vt 0.71471 0.40132
vt 0.69088 0.43215
vt 0.69529 0.42147
vt 0.68612 0.44262
vt 0.67670 0.43507
vt 0.68075 0.42585
vt 0.68453 0.41651
vt 0.69898 0.41039
vt 0.70231 0.39909
vt 0.68775 0.40693
vt 0.69071 0.39723
vt 0.78112 0.28625
vt 0.76673 0.30292
vt 0.74994 0.28925
vt 0.76486 0.27608
vt 0.75101 0.31901
vt 0.73438 0.30281
vt 0.71738 0.28854
vt 0.73243 0.27890
vt 0.74748 0.27045
vt 0.80807 0.32930
vt 0.79663 0.34682
vt 0.78204 0.32321
vt 0.79515 0.30550
vt 0.78242 0.36111
vt 0.76690 0.33909
vt 0.74769 0.35131
vt 0.73266 0.33395
vt 0.76267 0.36895
vt 0.74241 0.37248
vt 0.72886 0.35956
vt 0.71540 0.34576
vt 0.71752 0.31711
vt 0.70234 0.30055
vt 0.70216 0.33018
vt 0.68901 0.31371
vt 0.71486 0.36352
vt 0.70299 0.35248
vt 0.72671 0.37385
vt 0.71289 0.37574
vt 0.70310 0.36671
vt 0.69304 0.35761
vt 0.69107 0.34001
vt 0.67913 0.32682
vt 0.68241 0.34838
vt 0.67150 0.33908
vt 0.69098 0.37264
vt 0.68316 0.36466
vt 0.69830 0.38081
vt 0.68333 0.38746
vt 0.67869 0.37994
vt 0.67332 0.37268
vt 0.67431 0.35708
vt 0.66495 0.34969
vt 0.66649 0.36594
vt 0.65893 0.35947
vt 0.47162 0.40270
vt 0.49374 0.39994
vt 0.49690 0.42410
vt 0.47674 0.42387
vt 0.51633 0.39836
vt 0.51770 0.42392
vt 0.52088 0.45039
vt 0.50306 0.44868
vt 0.48596 0.44479
vt 0.48187 0.35911
vt 0.50242 0.35379
vt 0.49658 0.37665
vt 0.47469 0.38103
vt 0.52268 0.35172
vt 0.51860 0.37459
vt 0.54088 0.37719
vt 0.53986 0.39914
vt 0.54237 0.35617
vt 0.55941 0.36426
vt 0.56007 0.38251
vt 0.56031 0.40148
vt 0.53977 0.42296
vt 0.54014 0.44772
vt 0.55970 0.42187
vt 0.55867 0.44297
vt 0.57281 0.38866
vt 0.57365 0.40458
vt 0.57176 0.37314
vt 0.58299 0.38123
vt 0.58345 0.39423
vt 0.58440 0.40734
vt 0.57408 0.42131
vt 0.57430 0.43844
vt 0.58629 0.42068
vt 0.58867 0.43414
vt 0.59639 0.39784
vt 0.59705 0.40866
vt 0.59672 0.38697
vt 0.61169 0.39152
vt 0.61046 0.40047
vt 0.61067 0.40927
vt 0.59972 0.41939
vt 0.60340 0.43007
vt 0.61376 0.41777
vt 0.61830 0.42612
vt 0.49943 0.72009
vt 0.48554 0.73551
vt 0.47753 0.72460
vt 0.49094 0.71199
vt 0.47166 0.75094
vt 0.46359 0.73671
vt 0.45552 0.72248
vt 0.47030 0.71414
vt 0.48270 0.70412
vt 0.48292 0.57665
vt 0.50173 0.59282
vt 0.49202 0.60230
vt 0.47670 0.59159
vt 0.51939 0.60537
vt 0.50405 0.61511
vt 0.49303 0.62230
vt 0.48317 0.61126
vt 0.47026 0.60227
vt 0.52967 0.68936
vt 0.51455 0.70472
vt 0.50328 0.69839
vt 0.51228 0.68329
vt 0.49285 0.69237
vt 0.49989 0.67912
vt 0.44635 0.55606
vt 0.46579 0.56911
vt 0.45955 0.58213
vt 0.44149 0.57328
vt 0.45469 0.59531
vt 0.43662 0.59050
vt 0.52431 0.62604
vt 0.51131 0.63088
vt 0.52923 0.64671
vt 0.51484 0.64833
vt 0.50266 0.64978
vt 0.49943 0.63540
vt 0.52945 0.66803
vt 0.51564 0.66620
vt 0.50299 0.66464
vt 0.48410 0.68697
vt 0.48985 0.67578
vt 0.47561 0.69672
vt 0.46933 0.68959
vt 0.47624 0.68182
vt 0.48093 0.67275
vt 0.45144 0.60691
vt 0.43644 0.60314
vt 0.46509 0.61185
vt 0.46073 0.62074
vt 0.44948 0.61733
vt 0.43625 0.61579
vt 0.48979 0.63931
vt 0.48430 0.62845
vt 0.49256 0.65121
vt 0.48339 0.65262
vt 0.48120 0.64286
vt 0.47670 0.63397
vt 0.49263 0.66361
vt 0.48331 0.66280
vt 0.46465 0.70457
vt 0.45246 0.71147
vt 0.44940 0.70045
vt 0.46030 0.69564
vt 0.47605 0.61917
vt 0.46984 0.62645
vt 0.47377 0.66188
vt 0.47401 0.65402
vt 0.47189 0.66950
vt 0.46389 0.66628
vt 0.46551 0.66079
vt 0.46546 0.65494
vt 0.45694 0.68710
vt 0.46353 0.68252
vt 0.44954 0.69096
vt 0.44969 0.68147
vt 0.45432 0.67986
vt 0.45849 0.67610
vt 0.46369 0.63353
vt 0.45670 0.62932
vt 0.46909 0.63930
vt 0.46196 0.64377
vt 0.45816 0.63937
vt 0.45286 0.63658
vt 0.46849 0.67652
vt 0.46193 0.67174
vt 0.44853 0.62697
vt 0.43976 0.62556
vt 0.44762 0.63470
vt 0.44328 0.63534
vt 0.47249 0.64631
vt 0.46476 0.64903
vt 0.45764 0.66817
vt 0.45721 0.66425
vt 0.45490 0.66913
vt 0.45131 0.66224
vt 0.44584 0.63939
vt 0.44233 0.64053
vt 0.44712 0.64142
vt 0.44138 0.64573
vt 0.45911 0.65036
vt 0.45610 0.64778
vt 0.45751 0.65358
vt 0.44989 0.65164
vt 0.46003 0.65951
vt 0.45848 0.65614
vt 0.45748 0.66151
vt 0.45184 0.65675
vt 0.45215 0.67484
vt 0.45338 0.67153
vt 0.44899 0.67425
vt 0.44828 0.66703
vt 0.45378 0.64292
vt 0.44952 0.64241
vt 0.45425 0.64582
vt 0.44619 0.64771
vt 0.45110 0.53389
vt 0.46378 0.53513
vt 0.46811 0.54669
vt 0.45585 0.51172
vt 0.47231 0.52453
vt 0.48932 0.53765
vt 0.52640 0.56556
vt 0.50524 0.57291
vt 0.49987 0.56114
vt 0.50762 0.55145
vt 0.48656 0.55925
vt 0.47617 0.50166
vt 0.48049 0.51365
vt 0.49650 0.49161
vt 0.49281 0.51492
vt 0.47319 0.55798
vt 0.52967 0.52122
vt 0.52803 0.54339
vt 0.51507 0.54147
vt 0.50974 0.52928
vt 0.51308 0.50642
vt 0.50510 0.51681
f 5990/5990 5991/5991 5992/5992
f 5992/5992 5993/5993 5990/5990
f 5991/5991 5994/5994 5995/5995
f 5995/5995 5992/5992 5991/5991
f 5996/5996 5997/5997 5992/5992
f 5992/5992 5995/5995 5996/5996
f 5997/5997 5998/5998 5993/5993
f 5993/5993 5992/5992 5997/5997
f 5999/5999 6000/6000 6001/6001
f 6001/6001 6002/6002 5999/5999
f 6000/6000 5990/5990 5993/5993
f 5993/5993 6001/6001 6000/6000
f 5998/5998 6003/6003 6001/6001
f 6001/6001 5993/5993 5998/5998
f 6003/6003 6004/6004 6002/6002
f 6002/6002 6001/6001 6003/6003
f 6005/6005 6006/6006 6007/6007
f 6007/6007 6008/6008 6005/6005
f 6006/6006 6009/6009 6010/6010
f 6010/6010 6007/6007 6006/6006
f 5990/5990 6000/6000 6007/6007
f 6007/6007 6010/6010 5990/5990
f 6000/6000 5999/5999 6008/6008
f 6008/6008 6007/6007 6000/6000
f 6009/6009 6011/6011 6012/6012
f 6012/6012 6010/6010 6009/6009
f 6011/6011 6013/6013 6014/6014
f 6014/6014 6012/6012 6011/6011
f 5994/5994 5991/5991 6012/6012
f 6012/6012 6014/6014 5994/5994
f 5991/5991 5990/5990 6010/6010
f 6010/6010 6012/6012 5991/5991
f 6015/6015 6016/6016 6017/6017
f 6017/6017 6018/6018 6015/6015
f 6016/6016 6019/6019 6020/6020
f 6020/6020 6017/6017 6016/6016
f 6021/6021 6022/6022 6017/6017
f 6017/6017 6020/6020 6021/6021
f 6022/6022 6023/6023 6018/6018
f 6018/6018 6017/6017 6022/6022
f 6024/6024 6025/6025 6026/6026
f 6026/6026 6027/6027 6024/6024
f 6025/6025 6015/6015 6018/6018
f 6018/6018 6026/6026 6025/6025
f 6023/6023 6028/6028 6026/6026
f 6026/6026 6018/6018 6023/6023
f 6028/6028 6029/6029 6027/6027
f 6027/6027 6026/6026 6028/6028
f 6030/6030 6031/6031 6032/6032
f 6032/6032 6033/6033 6030/6030
f 6031/6031 6034/6034 6035/6035
f 6035/6035 6032/6032 6031/6031
f 6036/6036 6037/6037 6032/6032
f 6032/6032 6035/6035 6036/6036
f 6037/6037 6038/6038 6033/6033
f 6033/6033 6032/6032 6037/6037
f 6039/6039 6040/6040 6041/6041
f 6041/6041 6042/6042 6039/6039
f 6040/6040 6043/6043 6044/6044
f 6044/6044 6041/6041 6040/6040
f 6036/6036 6035/6035 6041/6041
f 6041/6041 6044/6044 6036/6036
f 6035/6035 6034/6034 6042/6042
f 6042/6042 6041/6041 6035/6035
f 6045/6045 6046/6046 6047/6047
f 6047/6047 6048/6048 6045/6045
f 6046/6046 6049/6049 6050/6050
f 6050/6050 6047/6047 6046/6046
f 6030/6030 6033/6033 6047/6047
f 6047/6047 6050/6050 6030/6030
f 6033/6033 6038/6038 6048/6048
f 6048/6048 6047/6047 6033/6033
f 6051/6051 6052/6052 6053/6053
f 6053/6053 6054/6054 6051/6051
f 6052/6052 6030/6030 6055/6055
f 6055/6055 6053/6053 6052/6052
f 6056/6056 6057/6057 6053/6053
f 6053/6053 6055/6055 6056/6056
f 6057/6057 6058/6058 6054/6054
f 6054/6054 6053/6053 6057/6057
f 6049/6049 6059/6059 6060/6060
f 6060/6060 6050/6050 6049/6049
f 6059/6059 6061/6061 6062/6062
f 6062/6062 6060/6060 6059/6059
f 6056/6056 6055/6055 6060/6060
f 6060/6060 6062/6062 6056/6056
f 6055/6055 6030/6030 6050/6050
f 6050/6050 6060/6060 6055/6055
f 6051/6051 6063/6063 6064/6064
f 6064/6064 6052/6052 6051/6051
f 6063/6063 6034/6034 6031/6031
f 6031/6031 6064/6064 6063/6063
f 6030/6030 6052/6052 6064/6064
f 6064/6064 6031/6031 6030/6030
f 6034/6034 6063/6063 6065/6065
f 6065/6065 6066/6066 6034/6034
f 6063/6063 6051/6051 6067/6067
f 6067/6067 6065/6065 6063/6063
f 6068/6068 6069/6069 6065/6065
f 6065/6065 6067/6067 6068/6068
f 6069/6069 6070/6070 6066/6066
f 6066/6066 6065/6065 6069/6069
f 6071/6071 6072/6072 6073/6073
f 6073/6073 6074/6074 6071/6071
f 6072/6072 6075/6075 6076/6076
f 6076/6076 6073/6073 6072/6072
f 6068/6068 6067/6067 6073/6073
f 6073/6073 6076/6076 6068/6068
f 6067/6067 6051/6051 6074/6074
f 6074/6074 6073/6073 6067/6067
f 6077/6077 6078/6078 6079/6079
f 6079/6079 6080/6080 6077/6077
f 6078/6078 6071/6071 6074/6074
f 6074/6074 6079/6079 6078/6078
f 6051/6051 6054/6054 6079/6079
f 6079/6079 6074/6074 6051/6051
f 6054/6054 6058/6058 6080/6080
f 6080/6080 6079/6079 6054/6054
f 6081/6081 6082/6082 6083/6083
f 6083/6083 6084/6084 6081/6081
f 6082/6082 6085/6085 6086/6086
f 6086/6086 6083/6083 6082/6082
f 6075/6075 6072/6072 6083/6083
f 6083/6083 6086/6086 6075/6075
f 6072/6072 6071/6071 6084/6084
f 6084/6084 6083/6083 6072/6072
f 6087/6087 6088/6088 6089/6089
f 6089/6089 6090/6090 6087/6087
f 6088/6088 6081/6081 6084/6084
f 6084/6084 6089/6089 6088/6088
f 6071/6071 6078/6078 6089/6089
f 6089/6089 6084/6084 6071/6071
f 6078/6078 6077/6077 6090/6090
f 6090/6090 6089/6089 6078/6078
f 6091/6091 6092/6092 6093/6093
f 6093/6093 6094/6094 6091/6091
f 6092/6092 6095/6095 6096/6096
f 6096/6096 6093/6093 6092/6092
f 6085/6085 6082/6082 6093/6093
f 6093/6093 6096/6096 6085/6085
f 6082/6082 6081/6081 6094/6094
f 6094/6094 6093/6093 6082/6082
f 6097/6097 6098/6098 6099/6099
f 6099/6099 6100/6100 6097/6097
f 6098/6098 6091/6091 6094/6094
f 6094/6094 6099/6099 6098/6098
f 6081/6081 6088/6088 6099/6099
f 6099/6099 6094/6094 6081/6081
f 6088/6088 6087/6087 6100/6100
f 6100/6100 6099/6099 6088/6088
f 6101/6101 6102/6102 6103/6103
f 6103/6103 6104/6104 6101/6101
f 6102/6102 6039/6039 6042/6042
f 6042/6042 6103/6103 6102/6102
f 6034/6034 6066/6066 6103/6103
f 6103/6103 6042/6042 6034/6034
f 6066/6066 6070/6070 6104/6104
f 6104/6104 6103/6103 6066/6066
f 6105/6105 6106/6106 6107/6107
f 6107/6107 6108/6108 6105/6105
f 6106/6106 6109/6109 6110/6110
f 6110/6110 6107/6107 6106/6106
f 6039/6039 6102/6102 6107/6107
f 6107/6107 6110/6110 6039/6039
f 6102/6102 6101/6101 6108/6108
f 6108/6108 6107/6107 6102/6102
f 6109/6109 6111/6111 6112/6112
f 6112/6112 6110/6110 6109/6109
f 6111/6111 6113/6113 6114/6114
f 6114/6114 6112/6112 6111/6111
f 6043/6043 6040/6040 6112/6112
f 6112/6112 6114/6114 6043/6043
f 6040/6040 6039/6039 6110/6110
f 6110/6110 6112/6112 6040/6040
f 6115/6115 6116/6116 6117/6117
f 6117/6117 6118/6118 6115/6115
f 6116/6116 6119/6119 6120/6120
f 6120/6120 6117/6117 6116/6116
f 6113/6113 6111/6111 6117/6117
f 6117/6117 6120/6120 6113/6113
f 6111/6111 6109/6109 6118/6118
f 6118/6118 6117/6117 6111/6111
f 6121/6121 6122/6122 6123/6123
f 6123/6123 6124/6124 6121/6121
f 6122/6122 6115/6115 6118/6118
f 6118/6118 6123/6123 6122/6122
f 6109/6109 6106/6106 6123/6123
f 6123/6123 6118/6118 6109/6109
f 6106/6106 6105/6105 6124/6124
f 6124/6124 6123/6123 6106/6106
f 6125/6125 6126/6126 6127/6127
f 6127/6127 6128/6128 6125/6125
f 6126/6126 6129/6129 6130/6130
f 6130/6130 6127/6127 6126/6126
f 6049/6049 6046/6046 6127/6127
f 6127/6127 6130/6130 6049/6049
f 6046/6046 6045/6045 6128/6128
f 6128/6128 6127/6127 6046/6046
f 6129/6129 6131/6131 6132/6132
f 6132/6132 6130/6130 6129/6129
f 6131/6131 6133/6133 6134/6134
f 6134/6134 6132/6132 6131/6131
f 6061/6061 6059/6059 6132/6132
f 6132/6132 6134/6134 6061/6061
f 6059/6059 6049/6049 6130/6130
f 6130/6130 6132/6132 6059/6059
f 6135/6135 6136/6136 6137/6137
f 6137/6137 6138/6138 6135/6135
f 6136/6136 6139/6139 6140/6140
f 6140/6140 6137/6137 6136/6136
f 6129/6129 6126/6126 6137/6137
f 6137/6137 6140/6140 6129/6129
f 6126/6126 6125/6125 6138/6138
f 6138/6138 6137/6137 6126/6126
f 6139/6139 6141/6141 6142/6142
f 6142/6142 6140/6140 6139/6139
f 6141/6141 6143/6143 6144/6144
f 6144/6144 6142/6142 6141/6141
f 6133/6133 6131/6131 6142/6142
f 6142/6142 6144/6144 6133/6133
f 6131/6131 6129/6129 6140/6140
f 6140/6140 6142/6142 6131/6131
f 6145/6145 6146/6146 6147/6147
f 6147/6147 6148/6148 6145/6145
f 6146/6146 6149/6149 6150/6150
f 6150/6150 6147/6147 6146/6146
f 6139/6139 6136/6136 6147/6147
f 6147/6147 6150/6150 6139/6139
f 6136/6136 6135/6135 6148/6148
f 6148/6148 6147/6147 6136/6136
f 6149/6149 6151/6151 6152/6152
f 6152/6152 6150/6150 6149/6149
f 6151/6151 6153/6153 6154/6154
f 6154/6154 6152/6152 6151/6151
f 6143/6143 6141/6141 6152/6152
f 6152/6152 6154/6154 6143/6143
f 6141/6141 6139/6139 6150/6150
f 6150/6150 6152/6152 6141/6141
f 6023/6023 6022/6022 6155/6155
f 6155/6155 6156/6156 6023/6023
f 6022/6022 6021/6021 6157/6157
f 6157/6157 6155/6155 6022/6022
f 6013/6013 6011/6011 6155/6155
f 6155/6155 6157/6157 6013/6013
f 6011/6011 6009/6009 6156/6156
f 6156/6156 6155/6155 6011/6011
f 6029/6029 6028/6028 6158/6158
f 6158/6158 6159/6159 6029/6029
f 6028/6028 6023/6023 6156/6156
f 6156/6156 6158/6158 6028/6028
f 6009/6009 6006/6006 6158/6158
f 6158/6158 6156/6156 6009/6009
f 6006/6006 6005/6005 6159/6159
f 6159/6159 6158/6158 6006/6006
f 6160/6160 6161/6161 6162/6162
f 6162/6162 6163/6163 6160/6160
f 6161/6161 6164/6164 6165/6165
f 6165/6165 6162/6162 6161/6161
f 6015/6015 6025/6025 6162/6162
f 6162/6162 6165/6165 6015/6015
f 6025/6025 6024/6024 6163/6163
f 6163/6163 6162/6162 6025/6025
f 6164/6164 6166/6166 6167/6167
f 6167/6167 6165/6165 6164/6164
f 6166/6166 6168/6168 6169/6169
f 6169/6169 6167/6167 6166/6166
f 6019/6019 6016/6016 6167/6167
f 6167/6167 6169/6169 6019/6019
f 6016/6016 6015/6015 6165/6165
f 6165/6165 6167/6167 6016/6016
f 6170/6170 6171/6171 6172/6172
f 6172/6172 6173/6173 6170/6170
f 6171/6171 6174/6174 6175/6175
f 6175/6175 6172/6172 6171/6171
f 6168/6168 6166/6166 6172/6172
f 6172/6172 6175/6175 6168/6168
f 6166/6166 6164/6164 6173/6173
f 6173/6173 6172/6172 6166/6166
f 6176/6176 6177/6177 6178/6178
f 6178/6178 6179/6179 6176/6176
f 6177/6177 6170/6170 6173/6173
f 6173/6173 6178/6178 6177/6177
f 6164/6164 6161/6161 6178/6178
f 6178/6178 6173/6173 6164/6164
f 6161/6161 6160/6160 6179/6179
f 6179/6179 6178/6178 6161/6161
f 6180/6180 6181/6181 6182/6182
f 6182/6182 6183/6183 6180/6180
f 6181/6181 6184/6184 6185/6185
f 6185/6185 6182/6182 6181/6181
f 6186/6186 6187/6187 6182/6182
f 6182/6182 6185/6185 6186/6186
f 6187/6187 6188/6188 6183/6183
f 6183/6183 6182/6182 6187/6187
f 6180/6180 6183/6183 6189/6189
f 6189/6189 6190/6190 6180/6180
f 6183/6183 6188/6188 6191/6191
f 6191/6191 6189/6189 6183/6183
f 6192/6192 6193/6193 6189/6189
f 6189/6189 6191/6191 6192/6192
f 6193/6193 6194/6194 6190/6190
f 6190/6190 6189/6189 6193/6193
f 6188/6188 6187/6187 6195/6195
f 6195/6195 6196/6196 6188/6188
f 6187/6187 6186/6186 6197/6197
f 6197/6197 6195/6195 6187/6187
f 6198/6198 6199/6199 6195/6195
f 6195/6195 6197/6197 6198/6198
f 6199/6199 6200/6200 6196/6196
f 6196/6196 6195/6195 6199/6199
f 6188/6188 6196/6196 6201/6201
f 6201/6201 6191/6191 6188/6188
f 6196/6196 6200/6200 6202/6202
f 6202/6202 6201/6201 6196/6196
f 6203/6203 6204/6204 6201/6201
f 6201/6201 6202/6202 6203/6203
f 6204/6204 6192/6192 6191/6191
f 6191/6191 6201/6201 6204/6204
f 6205/6205 6206/6206 6207/6207
f 6207/6207 6208/6208 6205/6205
f 6206/6206 6209/6209 6210/6210
f 6210/6210 6207/6207 6206/6206
f 6211/6211 6212/6212 6207/6207
f 6207/6207 6210/6210 6211/6211
f 6212/6212 6213/6213 6208/6208
f 6208/6208 6207/6207 6212/6212
f 6205/6205 6208/6208 6214/6214
f 6214/6214 6215/6215 6205/6205
f 6208/6208 6213/6213 6216/6216
f 6216/6216 6214/6214 6208/6208
f 6217/6217 6218/6218 6214/6214
f 6214/6214 6216/6216 6217/6217
f 6218/6218 6219/6219 6215/6215
f 6215/6215 6214/6214 6218/6218
f 6220/6220 6221/6221 6222/6222
f 6222/6222 6223/6223 6220/6220
f 6221/6221 6205/6205 6215/6215
f 6215/6215 6222/6222 6221/6221
f 6219/6219 6224/6224 6222/6222
f 6222/6222 6215/6215 6219/6219
f 6224/6224 6225/6225 6223/6223
f 6223/6223 6222/6222 6224/6224
f 6220/6220 6226/6226 6227/6227
f 6227/6227 6221/6221 6220/6220
f 6226/6226 6228/6228 6229/6229
f 6229/6229 6227/6227 6226/6226
f 6209/6209 6206/6206 6227/6227
f 6227/6227 6229/6229 6209/6209
f 6206/6206 6205/6205 6221/6221
f 6221/6221 6227/6227 6206/6206
f 6230/6230 6231/6231 6232/6232
f 6232/6232 6233/6233 6230/6230
f 6231/6231 6234/6234 6235/6235
f 6235/6235 6232/6232 6231/6231
f 6236/6236 6237/6237 6232/6232
f 6232/6232 6235/6235 6236/6236
f 6237/6237 6238/6238 6233/6233
f 6233/6233 6232/6232 6237/6237
f 6239/6239 6240/6240 6241/6241
f 6241/6241 6242/6242 6239/6239
f 6240/6240 6243/6243 6244/6244
f 6244/6244 6241/6241 6240/6240
f 6236/6236 6235/6235 6241/6241
f 6241/6241 6244/6244 6236/6236
f 6235/6235 6234/6234 6242/6242
f 6242/6242 6241/6241 6235/6235
f 6245/6245 6246/6246 6247/6247
f 6247/6247 6248/6248 6245/6245
f 6246/6246 6249/6249 6250/6250
f 6250/6250 6247/6247 6246/6246
f 6230/6230 6233/6233 6247/6247
f 6247/6247 6250/6250 6230/6230
f 6233/6233 6238/6238 6248/6248
f 6248/6248 6247/6247 6233/6233
f 6251/6251 6252/6252 6253/6253
f 6253/6253 6254/6254 6251/6251
f 6252/6252 6230/6230 6255/6255
f 6255/6255 6253/6253 6252/6252
f 6256/6256 6257/6257 6253/6253
f 6253/6253 6255/6255 6256/6256
f 6257/6257 6258/6258 6254/6254
f 6254/6254 6253/6253 6257/6257
f 6249/6249 6259/6259 6260/6260
f 6260/6260 6250/6250 6249/6249
f 6259/6259 6261/6261 6262/6262
f 6262/6262 6260/6260 6259/6259
f 6256/6256 6255/6255 6260/6260
f 6260/6260 6262/6262 6256/6256
f 6255/6255 6230/6230 6250/6250
f 6250/6250 6260/6260 6255/6255
f 6251/6251 6263/6263 6264/6264
f 6264/6264 6252/6252 6251/6251
f 6263/6263 6234/6234 6231/6231
f 6231/6231 6264/6264 6263/6263
f 6230/6230 6252/6252 6264/6264
f 6264/6264 6231/6231 6230/6230
f 6234/6234 6263/6263 6265/6265
f 6265/6265 6266/6266 6234/6234
f 6263/6263 6251/6251 6267/6267
f 6267/6267 6265/6265 6263/6263
f 6268/6268 6269/6269 6265/6265
f 6265/6265 6267/6267 6268/6268
f 6269/6269 6270/6270 6266/6266
f 6266/6266 6265/6265 6269/6269
f 6271/6271 6272/6272 6273/6273
f 6273/6273 6274/6274 6271/6271
f 6272/6272 6275/6275 6276/6276
f 6276/6276 6273/6273 6272/6272
f 6268/6268 6267/6267 6273/6273
f 6273/6273 6276/6276 6268/6268
f 6267/6267 6251/6251 6274/6274
f 6274/6274 6273/6273 6267/6267
f 6277/6277 6278/6278 6279/6279
f 6279/6279 6280/6280 6277/6277
f 6278/6278 6271/6271 6274/6274
f 6274/6274 6279/6279 6278/6278
f 6251/6251 6254/6254 6279/6279
f 6279/6279 6274/6274 6251/6251
f 6254/6254 6258/6258 6280/6280
f 6280/6280 6279/6279 6254/6254
f 6281/6281 6282/6282 6283/6283
f 6283/6283 6284/6284 6281/6281
f 6282/6282 6285/6285 6286/6286
f 6286/6286 6283/6283 6282/6282
f 6275/6275 6272/6272 6283/6283
f 6283/6283 6286/6286 6275/6275
f 6272/6272 6271/6271 6284/6284
f 6284/6284 6283/6283 6272/6272
f 6287/6287 6288/6288 6289/6289
f 6289/6289 6290/6290 6287/6287
f 6288/6288 6281/6281 6284/6284
f 6284/6284 6289/6289 6288/6288
f 6271/6271 6278/6278 6289/6289
f 6289/6289 6284/6284 6271/6271
f 6278/6278 6277/6277 6290/6290
f 6290/6290 6289/6289 6278/6278
f 6291/6291 6292/6292 6293/6293
f 6293/6293 6294/6294 6291/6291
f 6292/6292 6295/6295 6296/6296
f 6296/6296 6293/6293 6292/6292
f 6285/6285 6282/6282 6293/6293
f 6293/6293 6296/6296 6285/6285
f 6282/6282 6281/6281 6294/6294
f 6294/6294 6293/6293 6282/6282
f 6297/6297 6298/6298 6299/6299
f 6299/6299 6300/6300 6297/6297
f 6298/6298 6291/6291 6294/6294
f 6294/6294 6299/6299 6298/6298
f 6281/6281 6288/6288 6299/6299
f 6299/6299 6294/6294 6281/6281
f 6288/6288 6287/6287 6300/6300
f 6300/6300 6299/6299 6288/6288
f 6301/6301 6302/6302 6303/6303
f 6303/6303 6304/6304 6301/6301
f 6302/6302 6239/6239 6242/6242
f 6242/6242 6303/6303 6302/6302
f 6234/6234 6266/6266 6303/6303
f 6303/6303 6242/6242 6234/6234
f 6266/6266 6270/6270 6304/6304
f 6304/6304 6303/6303 6266/6266
f 6305/6305 6306/6306 6307/6307
f 6307/6307 6308/6308 6305/6305
f 6306/6306 6309/6309 6310/6310
f 6310/6310 6307/6307 6306/6306
f 6239/6239 6302/6302 6307/6307
f 6307/6307 6310/6310 6239/6239
f 6302/6302 6301/6301 6308/6308
f 6308/6308 6307/6307 6302/6302
f 6309/6309 6311/6311 6312/6312
f 6312/6312 6310/6310 6309/6309
f 6311/6311 6313/6313 6314/6314
f 6314/6314 6312/6312 6311/6311
f 6243/6243 6240/6240 6312/6312
f 6312/6312 6314/6314 6243/6243
f 6240/6240 6239/6239 6310/6310
f 6310/6310 6312/6312 6240/6240
f 6315/6315 6316/6316 6317/6317
f 6317/6317 6318/6318 6315/6315
f 6316/6316 6319/6319 6320/6320
f 6320/6320 6317/6317 6316/6316
f 6313/6313 6311/6311 6317/6317
f 6317/6317 6320/6320 6313/6313
f 6311/6311 6309/6309 6318/6318
f 6318/6318 6317/6317 6311/6311
f 6321/6321 6322/6322 6323/6323
f 6323/6323 6324/6324 6321/6321
f 6322/6322 6315/6315 6318/6318
f 6318/6318 6323/6323 6322/6322
f 6309/6309 6306/6306 6323/6323
f 6323/6323 6318/6318 6309/6309
f 6306/6306 6305/6305 6324/6324
f 6324/6324 6323/6323 6306/6306
f 6325/6325 6326/6326 6327/6327
f 6327/6327 6328/6328 6325/6325
f 6326/6326 6329/6329 6330/6330
f 6330/6330 6327/6327 6326/6326
f 6249/6249 6246/6246 6327/6327
f 6327/6327 6330/6330 6249/6249
f 6246/6246 6245/6245 6328/6328
f 6328/6328 6327/6327 6246/6246
f 6329/6329 6331/6331 6332/6332
f 6332/6332 6330/6330 6329/6329
f 6331/6331 6333/6333 6334/6334
f 6334/6334 6332/6332 6331/6331
f 6261/6261 6259/6259 6332/6332
f 6332/6332 6334/6334 6261/6261
f 6259/6259 6249/6249 6330/6330
f 6330/6330 6332/6332 6259/6259
f 6335/6335 6336/6336 6337/6337
f 6337/6337 6338/6338 6335/6335
f 6336/6336 6339/6339 6340/6340
f 6340/6340 6337/6337 6336/6336
f 6329/6329 6326/6326 6337/6337
f 6337/6337 6340/6340 6329/6329
f 6326/6326 6325/6325 6338/6338
f 6338/6338 6337/6337 6326/6326
f 6339/6339 6341/6341 6342/6342
f 6342/6342 6340/6340 6339/6339
f 6341/6341 6343/6343 6344/6344
f 6344/6344 6342/6342 6341/6341
f 6333/6333 6331/6331 6342/6342
f 6342/6342 6344/6344 6333/6333
f 6331/6331 6329/6329 6340/6340
f 6340/6340 6342/6342 6331/6331
f 6345/6345 6346/6346 6347/6347
f 6347/6347 6348/6348 6345/6345
f 6346/6346 6349/6349 6350/6350
f 6350/6350 6347/6347 6346/6346
f 6339/6339 6336/6336 6347/6347
f 6347/6347 6350/6350 6339/6339
f 6336/6336 6335/6335 6348/6348
f 6348/6348 6347/6347 6336/6336
f 6349/6349 6351/6351 6352/6352
f 6352/6352 6350/6350 6349/6349
f 6351/6351 6353/6353 6354/6354
f 6354/6354 6352/6352 6351/6351
f 6343/6343 6341/6341 6352/6352
f 6352/6352 6354/6354 6343/6343
f 6341/6341 6339/6339 6350/6350
f 6350/6350 6352/6352 6341/6341
f 6200/6200 6199/6199 6355/6355
f 6355/6355 6356/6356 6200/6200
f 6199/6199 6198/6198 6357/6357
f 6357/6357 6355/6355 6199/6199
f 6228/6228 6226/6226 6355/6355
f 6355/6355 6357/6357 6228/6228
f 6226/6226 6220/6220 6356/6356
f 6356/6356 6355/6355 6226/6226
f 6200/6200 6356/6356 6358/6358
f 6358/6358 6202/6202 6200/6200
f 6356/6356 6220/6220 6223/6223
f 6223/6223 6358/6358 6356/6356
f 6225/6225 6359/6359 6358/6358
f 6358/6358 6223/6223 6225/6225
f 6359/6359 6203/6203 6202/6202
f 6202/6202 6358/6358 6359/6359
f 6360/6360 6361/6361 6362/6362
f 6362/6362 6363/6363 6360/6360
f 6361/6361 6364/6364 6365/6365
f 6365/6365 6362/6362 6361/6361
f 6366/6366 6367/6367 6362/6362
f 6362/6362 6365/6365 6366/6366
f 6367/6367 6368/6368 6363/6363
f 6363/6363 6362/6362 6367/6367
f 6369/6369 6370/6370 6371/6371
f 6371/6371 6372/6372 6369/6369
f 6370/6370 6360/6360 6363/6363
f 6363/6363 6371/6371 6370/6370
f 6368/6368 6373/6373 6371/6371
f 6371/6371 6363/6363 6368/6368
f 6373/6373 6374/6374 6372/6372
f 6372/6372 6371/6371 6373/6373
f 6375/6375 6376/6376 6377/6377
f 6377/6377 6378/6378 6375/6375
f 6376/6376 6379/6379 6380/6380
f 6380/6380 6377/6377 6376/6376
f 6360/6360 6370/6370 6377/6377
f 6377/6377 6380/6380 6360/6360
f 6370/6370 6369/6369 6378/6378
f 6378/6378 6377/6377 6370/6370
f 6379/6379 6381/6381 6382/6382
f 6382/6382 6380/6380 6379/6379
f 6381/6381 6383/6383 6384/6384
f 6384/6384 6382/6382 6381/6381
f 6364/6364 6361/6361 6382/6382
f 6382/6382 6384/6384 6364/6364
f 6361/6361 6360/6360 6380/6380
f 6380/6380 6382/6382 6361/6361
f 6385/6385 6386/6386 6387/6387
f 6387/6387 6388/6388 6385/6385
f 6386/6386 6389/6389 6390/6390
f 6390/6390 6387/6387 6386/6386
f 6391/6391 6392/6392 6387/6387
f 6387/6387 6390/6390 6391/6391
f 6392/6392 6393/6393 6388/6388
f 6388/6388 6387/6387 6392/6392
f 6391/6391 6394/6394 6395/6395
f 6395/6395 6396/6396 6391/6391
f 6394/6394 6397/6397 6398/6398
f 6398/6398 6395/6395 6394/6394
f 6399/6399 6400/6400 6395/6395
f 6395/6395 6398/6398 6399/6399
f 6400/6400 6401/6401 6396/6396
f 6396/6396 6395/6395 6400/6400
f 6389/6389 6402/6402 6403/6403
f 6403/6403 6390/6390 6389/6389
f 6402/6402 6404/6404 6405/6405
f 6405/6405 6403/6403 6402/6402
f 6397/6397 6394/6394 6403/6403
f 6403/6403 6405/6405 6397/6397
f 6394/6394 6391/6391 6390/6390
f 6390/6390 6403/6403 6394/6394
f 6393/6393 6392/6392 6406/6406
f 6406/6406 6407/6407 6393/6393
f 6392/6392 6391/6391 6396/6396
f 6396/6396 6406/6406 6392/6392
f 6401/6401 6408/6408 6406/6406
f 6406/6406 6396/6396 6401/6401
f 6408/6408 6409/6409 6407/6407
f 6407/6407 6406/6406 6408/6408
f 6410/6410 6411/6411 6412/6412
f 6412/6412 6413/6413 6410/6410
f 6411/6411 6414/6414 6415/6415
f 6415/6415 6412/6412 6411/6411
f 6416/6416 6417/6417 6412/6412
f 6412/6412 6415/6415 6416/6416
f 6417/6417 6418/6418 6413/6413
f 6413/6413 6412/6412 6417/6417
f 6419/6419 6420/6420 6421/6421
f 6421/6421 6422/6422 6419/6419
f 6420/6420 6423/6423 6424/6424
f 6424/6424 6421/6421 6420/6420
f 6416/6416 6415/6415 6421/6421
f 6421/6421 6424/6424 6416/6416
f 6415/6415 6414/6414 6422/6422
f 6422/6422 6421/6421 6415/6415
f 6425/6425 6426/6426 6427/6427
f 6427/6427 6428/6428 6425/6425
f 6426/6426 6429/6429 6430/6430
f 6430/6430 6427/6427 6426/6426
f 6410/6410 6413/6413 6427/6427
f 6427/6427 6430/6430 6410/6410
f 6413/6413 6418/6418 6428/6428
f 6428/6428 6427/6427 6413/6413
f 6431/6431 6432/6432 6433/6433
f 6433/6433 6434/6434 6431/6431
f 6432/6432 6410/6410 6435/6435
f 6435/6435 6433/6433 6432/6432
f 6436/6436 6437/6437 6433/6433
f 6433/6433 6435/6435 6436/6436
f 6437/6437 6438/6438 6434/6434
f 6434/6434 6433/6433 6437/6437
f 6429/6429 6439/6439 6440/6440
f 6440/6440 6430/6430 6429/6429
f 6439/6439 6441/6441 6442/6442
f 6442/6442 6440/6440 6439/6439
f 6436/6436 6435/6435 6440/6440
f 6440/6440 6442/6442 6436/6436
f 6435/6435 6410/6410 6430/6430
f 6430/6430 6440/6440 6435/6435
f 6431/6431 6443/6443 6444/6444
f 6444/6444 6432/6432 6431/6431
f 6443/6443 6414/6414 6411/6411
f 6411/6411 6444/6444 6443/6443
f 6410/6410 6432/6432 6444/6444
f 6444/6444 6411/6411 6410/6410
f 6414/6414 6443/6443 6445/6445
f 6445/6445 6446/6446 6414/6414
f 6443/6443 6431/6431 6447/6447
f 6447/6447 6445/6445 6443/6443
f 6448/6448 6449/6449 6445/6445
f 6445/6445 6447/6447 6448/6448
f 6449/6449 6450/6450 6446/6446
f 6446/6446 6445/6445 6449/6449
f 6451/6451 6452/6452 6453/6453
f 6453/6453 6454/6454 6451/6451
f 6452/6452 6455/6455 6456/6456
f 6456/6456 6453/6453 6452/6452
f 6448/6448 6447/6447 6453/6453
f 6453/6453 6456/6456 6448/6448
f 6447/6447 6431/6431 6454/6454
f 6454/6454 6453/6453 6447/6447
f 6457/6457 6458/6458 6459/6459
f 6459/6459 6460/6460 6457/6457
f 6458/6458 6451/6451 6454/6454
f 6454/6454 6459/6459 6458/6458
f 6431/6431 6434/6434 6459/6459
f 6459/6459 6454/6454 6431/6431
f 6434/6434 6438/6438 6460/6460
f 6460/6460 6459/6459 6434/6434
f 6461/6461 6462/6462 6463/6463
f 6463/6463 6464/6464 6461/6461
f 6462/6462 6465/6465 6466/6466
f 6466/6466 6463/6463 6462/6462
f 6455/6455 6452/6452 6463/6463
f 6463/6463 6466/6466 6455/6455
f 6452/6452 6451/6451 6464/6464
f 6464/6464 6463/6463 6452/6452
f 6467/6467 6468/6468 6469/6469
f 6469/6469 6470/6470 6467/6467
f 6468/6468 6461/6461 6464/6464
f 6464/6464 6469/6469 6468/6468
f 6451/6451 6458/6458 6469/6469
f 6469/6469 6464/6464 6451/6451
f 6458/6458 6457/6457 6470/6470
f 6470/6470 6469/6469 6458/6458
f 6471/6471 6472/6472 6473/6473
f 6473/6473 6474/6474 6471/6471
f 6472/6472 6475/6475 6476/6476
f 6476/6476 6473/6473 6472/6472
f 6465/6465 6462/6462 6473/6473
f 6473/6473 6476/6476 6465/6465
f 6462/6462 6461/6461 6474/6474
f 6474/6474 6473/6473 6462/6462
f 6477/6477 6478/6478 6479/6479
f 6479/6479 6480/6480 6477/6477
f 6478/6478 6471/6471 6474/6474
f 6474/6474 6479/6479 6478/6478
f 6461/6461 6468/6468 6479/6479
f 6479/6479 6474/6474 6461/6461
f 6468/6468 6467/6467 6480/6480
f 6480/6480 6479/6479 6468/6468
f 6481/6481 6482/6482 6483/6483
f 6483/6483 6484/6484 6481/6481
f 6482/6482 6419/6419 6422/6422
f 6422/6422 6483/6483 6482/6482
f 6414/6414 6446/6446 6483/6483
f 6483/6483 6422/6422 6414/6414
f 6446/6446 6450/6450 6484/6484
f 6484/6484 6483/6483 6446/6446
f 6485/6485 6486/6486 6487/6487
f 6487/6487 6488/6488 6485/6485
f 6486/6486 6489/6489 6490/6490
f 6490/6490 6487/6487 6486/6486
f 6419/6419 6482/6482 6487/6487
f 6487/6487 6490/6490 6419/6419
f 6482/6482 6481/6481 6488/6488
f 6488/6488 6487/6487 6482/6482
f 6489/6489 6491/6491 6492/6492
f 6492/6492 6490/6490 6489/6489
f 6491/6491 6493/6493 6494/6494
f 6494/6494 6492/6492 6491/6491
f 6423/6423 6420/6420 6492/6492
f 6492/6492 6494/6494 6423/6423
f 6420/6420 6419/6419 6490/6490
f 6490/6490 6492/6492 6420/6420
f 6495/6495 6496/6496 6497/6497
f 6497/6497 6498/6498 6495/6495
f 6496/6496 6499/6499 6500/6500
f 6500/6500 6497/6497 6496/6496
f 6493/6493 6491/6491 6497/6497
f 6497/6497 6500/6500 6493/6493
f 6491/6491 6489/6489 6498/6498
f 6498/6498 6497/6497 6491/6491
f 6501/6501 6502/6502 6503/6503
f 6503/6503 6504/6504 6501/6501
f 6502/6502 6495/6495 6498/6498
f 6498/6498 6503/6503 6502/6502
f 6489/6489 6486/6486 6503/6503
f 6503/6503 6498/6498 6489/6489
f 6486/6486 6485/6485 6504/6504
f 6504/6504 6503/6503 6486/6486
f 6505/6505 6506/6506 6507/6507
f 6507/6507 6508/6508 6505/6505
f 6506/6506 6509/6509 6510/6510
f 6510/6510 6507/6507 6506/6506
f 6429/6429 6426/6426 6507/6507
f 6507/6507 6510/6510 6429/6429
f 6426/6426 6425/6425 6508/6508
f 6508/6508 6507/6507 6426/6426
f 6509/6509 6511/6511 6512/6512
f 6512/6512 6510/6510 6509/6509
f 6511/6511 6513/6513 6514/6514
f 6514/6514 6512/6512 6511/6511
f 6441/6441 6439/6439 6512/6512
f 6512/6512 6514/6514 6441/6441
f 6439/6439 6429/6429 6510/6510
f 6510/6510 6512/6512 6439/6439
f 6515/6515 6516/6516 6517/6517
f 6517/6517 6518/6518 6515/6515
f 6516/6516 6519/6519 6520/6520
f 6520/6520 6517/6517 6516/6516
f 6509/6509 6506/6506 6517/6517
f 6517/6517 6520/6520 6509/6509
f 6506/6506 6505/6505 6518/6518
f 6518/6518 6517/6517 6506/6506
f 6519/6519 6521/6521 6522/6522
f 6522/6522 6520/6520 6519/6519
f 6521/6521 6523/6523 6524/6524
f 6524/6524 6522/6522 6521/6521
f 6513/6513 6511/6511 6522/6522
f 6522/6522 6524/6524 6513/6513
f 6511/6511 6509/6509 6520/6520
f 6520/6520 6522/6522 6511/6511
f 6525/6525 6526/6526 6527/6527
f 6527/6527 6528/6528 6525/6525
f 6526/6526 6529/6529 6530/6530
f 6530/6530 6527/6527 6526/6526
f 6519/6519 6516/6516 6527/6527
f 6527/6527 6530/6530 6519/6519
f 6516/6516 6515/6515 6528/6528
f 6528/6528 6527/6527 6516/6516
f 6529/6529 6531/6531 6532/6532
f 6532/6532 6530/6530 6529/6529
f 6531/6531 6533/6533 6534/6534
f 6534/6534 6532/6532 6531/6531
f 6523/6523 6521/6521 6532/6532
f 6532/6532 6534/6534 6523/6523
f 6521/6521 6519/6519 6530/6530
f 6530/6530 6532/6532 6521/6521
f 6401/6401 6400/6400 6535/6535
f 6535/6535 6536/6536 6401/6401
f 6400/6400 6399/6399 6537/6537
f 6537/6537 6535/6535 6400/6400
f 6383/6383 6381/6381 6535/6535
f 6535/6535 6537/6537 6383/6383
f 6381/6381 6379/6379 6536/6536
f 6536/6536 6535/6535 6381/6381
f 6409/6409 6408/6408 6538/6538
f 6538/6538 6539/6539 6409/6409
f 6408/6408 6401/6401 6536/6536
f 6536/6536 6538/6538 6408/6408
f 6379/6379 6376/6376 6538/6538
f 6538/6538 6536/6536 6379/6379
f 6376/6376 6375/6375 6539/6539
f 6539/6539 6538/6538 6376/6376
f 6540/6540 6541/6541 6542/6542
f 6542/6542 6543/6543 6540/6540
f 6541/6541 6544/6544 6545/6545
f 6545/6545 6542/6542 6541/6541
f 6404/6404 6402/6402 6542/6542
f 6542/6542 6545/6545 6404/6404
f 6402/6402 6389/6389 6543/6543
f 6543/6543 6542/6542 6402/6402
f 6546/6546 6547/6547 6548/6548
f 6548/6548 6549/6549 6546/6546
f 6547/6547 6540/6540 6543/6543
f 6543/6543 6548/6548 6547/6547
f 6389/6389 6386/6386 6548/6548
f 6548/6548 6543/6543 6389/6389
f 6386/6386 6385/6385 6549/6549
f 6549/6549 6548/6548 6386/6386
f 6550/6550 6551/6551 6552/6552
f 6552/6552 6553/6553 6550/6550
f 6551/6551 6554/6554 6555/6555
f 6555/6555 6552/6552 6551/6551
f 6556/6556 6557/6557 6552/6552
f 6552/6552 6555/6555 6556/6556
f 6557/6557 6558/6558 6553/6553
f 6553/6553 6552/6552 6557/6557
f 6559/6559 6560/6560 6561/6561
f 6561/6561 6562/6562 6559/6559
f 6560/6560 6550/6550 6553/6553
f 6553/6553 6561/6561 6560/6560
f 6558/6558 6563/6563 6561/6561
f 6561/6561 6553/6553 6558/6558
f 6563/6563 6564/6564 6562/6562
f 6562/6562 6561/6561 6563/6563
f 6565/6565 6566/6566 6567/6567
f 6567/6567 6568/6568 6565/6565
f 6566/6566 6569/6569 6570/6570
f 6570/6570 6567/6567 6566/6566
f 6550/6550 6560/6560 6567/6567
f 6567/6567 6570/6570 6550/6550
f 6560/6560 6559/6559 6568/6568
f 6568/6568 6567/6567 6560/6560
f 6569/6569 6571/6571 6572/6572
f 6572/6572 6570/6570 6569/6569
f 6571/6571 6573/6573 6574/6574
f 6574/6574 6572/6572 6571/6571
f 6554/6554 6551/6551 6572/6572
f 6572/6572 6574/6574 6554/6554
f 6551/6551 6550/6550 6570/6570
f 6570/6570 6572/6572 6551/6551
f 6575/6575 6576/6576 6577/6577
f 6577/6577 6578/6578 6575/6575
f 6576/6576 6579/6579 6580/6580
f 6580/6580 6577/6577 6576/6576
f 6581/6581 6582/6582 6577/6577
f 6577/6577 6580/6580 6581/6581
f 6582/6582 6583/6583 6578/6578
f 6578/6578 6577/6577 6582/6582
f 6584/6584 6585/6585 6586/6586
f 6586/6586 6587/6587 6584/6584
f 6585/6585 6575/6575 6578/6578
f 6578/6578 6586/6586 6585/6585
f 6583/6583 6588/6588 6586/6586
f 6586/6586 6578/6578 6583/6583
f 6588/6588 6589/6589 6587/6587
f 6587/6587 6586/6586 6588/6588
f 6583/6583 6582/6582 6590/6590
f 6590/6590 6591/6591 6583/6583
f 6582/6582 6581/6581 6592/6592
f 6592/6592 6590/6590 6582/6582
f 6573/6573 6571/6571 6590/6590
f 6590/6590 6592/6592 6573/6573
f 6571/6571 6569/6569 6591/6591
f 6591/6591 6590/6590 6571/6571
f 6589/6589 6588/6588 6593/6593
f 6593/6593 6594/6594 6589/6589
f 6588/6588 6583/6583 6591/6591
f 6591/6591 6593/6593 6588/6588
f 6569/6569 6566/6566 6593/6593
f 6593/6593 6591/6591 6569/6569
f 6566/6566 6565/6565 6594/6594
f 6594/6594 6593/6593 6566/6566
f 6595/6595 6596/6596 6597/6597
f 6597/6597 6598/6598 6595/6595
f 6596/6596 6599/6599 6600/6600
f 6600/6600 6597/6597 6596/6596
f 6575/6575 6585/6585 6597/6597
f 6597/6597 6600/6600 6575/6575
f 6585/6585 6584/6584 6598/6598
f 6598/6598 6597/6597 6585/6585
f 6599/6599 6601/6601 6602/6602
f 6602/6602 6600/6600 6599/6599
f 6601/6601 6603/6603 6604/6604
f 6604/6604 6602/6602 6601/6601
f 6579/6579 6576/6576 6602/6602
f 6602/6602 6604/6604 6579/6579
f 6576/6576 6575/6575 6600/6600
f 6600/6600 6602/6602 6576/6576
f 6605/6605 6606/6606 6607/6607
f 6607/6607 6608/6608 6605/6605
f 6606/6606 6609/6609 6610/6610
f 6610/6610 6607/6607 6606/6606
f 6603/6603 6601/6601 6607/6607
f 6607/6607 6610/6610 6603/6603
f 6601/6601 6599/6599 6608/6608
f 6608/6608 6607/6607 6601/6601
f 6611/6611 6612/6612 6613/6613
f 6613/6613 6614/6614 6611/6611
f 6612/6612 6605/6605 6608/6608
f 6608/6608 6613/6613 6612/6612
f 6599/6599 6596/6596 6613/6613
f 6613/6613 6608/6608 6599/6599
f 6596/6596 6595/6595 6614/6614
f 6614/6614 6613/6613 6596/6596
f 6615/6615 6616/6616 6617/6617
f 6617/6617 6618/6618 6615/6615
f 6616/6616 6619/6619 6620/6620
f 6620/6620 6617/6617 6616/6616
f 6621/6621 6622/6622 6617/6617
f 6617/6617 6620/6620 6621/6621
f 6622/6622 6623/6623 6618/6618
f 6618/6618 6617/6617 6622/6622
f 6624/6624 6625/6625 6626/6626
f 6626/6626 6627/6627 6624/6624
f 6625/6625 6628/6628 6629/6629
f 6629/6629 6626/6626 6625/6625
f 6619/6619 6616/6616 6626/6626
f 6626/6626 6629/6629 6619/6619
f 6616/6616 6615/6615 6627/6627
f 6627/6627 6626/6626 6616/6616
f 6630/6630 6631/6631 6632/6632
f 6632/6632 6633/6633 6630/6630
f 6631/6631 6634/6634 6635/6635
f 6635/6635 6632/6632 6631/6631
f 6628/6628 6625/6625 6632/6632
f 6632/6632 6635/6635 6628/6628
f 6625/6625 6624/6624 6633/6633
f 6633/6633 6632/6632 6625/6625
f 6619/6619 6636/6636 6637/6637
f 6637/6637 6620/6620 6619/6619
f 6636/6636 6638/6638 6639/6639
f 6639/6639 6637/6637 6636/6636
f 6640/6640 6641/6641 6637/6637
f 6637/6637 6639/6639 6640/6640
f 6641/6641 6621/6621 6620/6620
f 6620/6620 6637/6637 6641/6641
f 6628/6628 6642/6642 6643/6643
f 6643/6643 6629/6629 6628/6628
f 6642/6642 6644/6644 6645/6645
f 6645/6645 6643/6643 6642/6642
f 6638/6638 6636/6636 6643/6643
f 6643/6643 6645/6645 6638/6638
f 6636/6636 6619/6619 6629/6629
f 6629/6629 6643/6643 6636/6636
f 6634/6634 6646/6646 6647/6647
f 6647/6647 6635/6635 6634/6634
f 6646/6646 6648/6648 6649/6649
f 6649/6649 6647/6647 6646/6646
f 6644/6644 6642/6642 6647/6647
f 6647/6647 6649/6649 6644/6644
f 6642/6642 6628/6628 6635/6635
f 6635/6635 6647/6647 6642/6642
f 6650/6650 6651/6651 6652/6652
f 6652/6652 6653/6653 6650/6650
f 6651/6651 6654/6654 6655/6655
f 6655/6655 6652/6652 6651/6651
f 6656/6656 6657/6657 6652/6652
f 6652/6652 6655/6655 6656/6656
f 6657/6657 6658/6658 6653/6653
f 6653/6653 6652/6652 6657/6657
f 6659/6659 6660/6660 6661/6661
f 6661/6661 6662/6662 6659/6659
f 6660/6660 6663/6663 6664/6664
f 6664/6664 6661/6661 6660/6660
f 6654/6654 6651/6651 6661/6661
f 6661/6661 6664/6664 6654/6654
f 6651/6651 6650/6650 6662/6662
f 6662/6662 6661/6661 6651/6651
f 6665/6665 6666/6666 6667/6667
f 6667/6667 6668/6668 6665/6665
f 6666/6666 6669/6669 6670/6670
f 6670/6670 6667/6667 6666/6666
f 6663/6663 6660/6660 6667/6667
f 6667/6667 6670/6670 6663/6663
f 6660/6660 6659/6659 6668/6668
f 6668/6668 6667/6667 6660/6660
f 6654/6654 6671/6671 6672/6672
f 6672/6672 6655/6655 6654/6654
f 6671/6671 6673/6673 6674/6674
f 6674/6674 6672/6672 6671/6671
f 6675/6675 6676/6676 6672/6672
f 6672/6672 6674/6674 6675/6675
f 6676/6676 6656/6656 6655/6655
f 6655/6655 6672/6672 6676/6676
f 6663/6663 6677/6677 6678/6678
f 6678/6678 6664/6664 6663/6663
f 6677/6677 6679/6679 6680/6680
f 6680/6680 6678/6678 6677/6677
f 6673/6673 6671/6671 6678/6678
f 6678/6678 6680/6680 6673/6673
f 6671/6671 6654/6654 6664/6664
f 6664/6664 6678/6678 6671/6671
f 6669/6669 6681/6681 6682/6682
f 6682/6682 6670/6670 6669/6669
f 6681/6681 6683/6683 6684/6684
f 6684/6684 6682/6682 6681/6681
f 6679/6679 6677/6677 6682/6682
f 6682/6682 6684/6684 6679/6679
f 6677/6677 6663/6663 6670/6670
f 6670/6670 6682/6682 6677/6677
f 6621/6621 6685/6685 6686/6686
f 6686/6686 6622/6622 6621/6621
f 6685/6685 6656/6656 6676/6676
f 6676/6676 6686/6686 6685/6685
f 6675/6675 6687/6687 6686/6686
f 6686/6686 6676/6676 6675/6675
f 6687/6687 6623/6623 6622/6622
f 6622/6622 6686/6686 6687/6687
f 6688/6688 6689/6689 6690/6690
f 6690/6690 6691/6691 6688/6688
f 6689/6689 6692/6692 6693/6693
f 6693/6693 6690/6690 6689/6689
f 6694/6694 6695/6695 6690/6690
f 6690/6690 6693/6693 6694/6694
f 6695/6695 6696/6696 6691/6691
f 6691/6691 6690/6690 6695/6695
f 6697/6697 6698/6698 6699/6699
f 6699/6699 6700/6700 6697/6697
f 6698/6698 6701/6701 6702/6702
f 6702/6702 6699/6699 6698/6698
f 6692/6692 6689/6689 6699/6699
f 6699/6699 6702/6702 6692/6692
f 6689/6689 6688/6688 6700/6700
f 6700/6700 6699/6699 6689/6689
f 6703/6703 6704/6704 6705/6705
f 6705/6705 6706/6706 6703/6703
f 6704/6704 6707/6707 6708/6708
f 6708/6708 6705/6705 6704/6704
f 6709/6709 6710/6710 6705/6705
f 6705/6705 6708/6708 6709/6709
f 6710/6710 6711/6711 6706/6706
f 6706/6706 6705/6705 6710/6710
f 6692/6692 6712/6712 6713/6713
f 6713/6713 6693/6693 6692/6692
f 6712/6712 6714/6714 6715/6715
f 6715/6715 6713/6713 6712/6712
f 6716/6716 6717/6717 6713/6713
f 6713/6713 6715/6715 6716/6716
f 6717/6717 6694/6694 6693/6693
f 6693/6693 6713/6713 6717/6717
f 6701/6701 6718/6718 6719/6719
f 6719/6719 6702/6702 6701/6701
f 6718/6718 6720/6720 6721/6721
f 6721/6721 6719/6719 6718/6718
f 6714/6714 6712/6712 6719/6719
f 6719/6719 6721/6721 6714/6714
f 6712/6712 6692/6692 6702/6702
f 6702/6702 6719/6719 6712/6712
f 6707/6707 6722/6722 6723/6723
f 6723/6723 6708/6708 6707/6707
f 6722/6722 6724/6724 6725/6725
f 6725/6725 6723/6723 6722/6722
f 6726/6726 6727/6727 6723/6723
f 6723/6723 6725/6725 6726/6726
f 6727/6727 6709/6709 6708/6708
f 6708/6708 6723/6723 6727/6727
f 6694/6694 6728/6728 6729/6729
f 6729/6729 6695/6695 6694/6694
f 6728/6728 6621/6621 6641/6641
f 6641/6641 6729/6729 6728/6728
f 6640/6640 6730/6730 6729/6729
f 6729/6729 6641/6641 6640/6640
f 6730/6730 6696/6696 6695/6695
f 6695/6695 6729/6729 6730/6730
f 6656/6656 6731/6731 6732/6732
f 6732/6732 6657/6657 6656/6656
f 6731/6731 6694/6694 6717/6717
f 6717/6717 6732/6732 6731/6731
f 6716/6716 6733/6733 6732/6732
f 6732/6732 6717/6717 6716/6716
f 6733/6733 6658/6658 6657/6657
f 6657/6657 6732/6732 6733/6733
f 6656/6656 6685/6685 6734/6734
f 6734/6734 6731/6731 6656/6656
f 6685/6685 6621/6621 6728/6728
f 6728/6728 6734/6734 6685/6685
f 6694/6694 6731/6731 6734/6734
f 6734/6734 6728/6728 6694/6694
f 6709/6709 6727/6727 6735/6735
f 6735/6735 6736/6736 6709/6709
f 6727/6727 6726/6726 6737/6737
f 6737/6737 6735/6735 6727/6727
f 6720/6720 6718/6718 6735/6735
f 6735/6735 6737/6737 6720/6720
f 6718/6718 6701/6701 6736/6736
f 6736/6736 6735/6735 6718/6718
f 6711/6711 6710/6710 6738/6738
f 6738/6738 6739/6739 6711/6711
f 6710/6710 6709/6709 6736/6736
f 6736/6736 6738/6738 6710/6710
f 6701/6701 6698/6698 6738/6738
f 6738/6738 6736/6736 6701/6701
f 6698/6698 6697/6697 6739/6739
f 6739/6739 6738/6738 6698/6698
f 6740/6740 6741/6741 6742/6742
f 6742/6742 6743/6743 6740/6740
f 6741/6741 6744/6744 6745/6745
f 6745/6745 6742/6742 6741/6741
f 6605/6605 6612/6612 6742/6742
f 6742/6742 6745/6745 6605/6605
f 6612/6612 6611/6611 6743/6743
f 6743/6743 6742/6742 6612/6612
f 6744/6744 6746/6746 6747/6747
f 6747/6747 6745/6745 6744/6744
f 6746/6746 6748/6748 6749/6749
f 6749/6749 6747/6747 6746/6746
f 6609/6609 6606/6606 6747/6747
f 6747/6747 6749/6749 6609/6609
f 6606/6606 6605/6605 6745/6745
f 6745/6745 6747/6747 6606/6606
f 6750/6750 6751/6751 6752/6752
f 6752/6752 6753/6753 6750/6750
f 6751/6751 6754/6754 6755/6755
f 6755/6755 6752/6752 6751/6751
f 6756/6756 6757/6757 6752/6752
f 6752/6752 6755/6755 6756/6756
f 6757/6757 6758/6758 6753/6753
f 6753/6753 6752/6752 6757/6757
f 6750/6750 6753/6753 6759/6759
f 6759/6759 6760/6760 6750/6750
f 6753/6753 6758/6758 6761/6761
f 6761/6761 6759/6759 6753/6753
f 6762/6762 6763/6763 6759/6759
f 6759/6759 6761/6761 6762/6762
f 6763/6763 6764/6764 6760/6760
f 6760/6760 6759/6759 6763/6763
f 6765/6765 6766/6766 6767/6767
f 6767/6767 6768/6768 6765/6765
f 6766/6766 6769/6769 6770/6770
f 6770/6770 6767/6767 6766/6766
f 6771/6771 6772/6772 6767/6767
f 6767/6767 6770/6770 6771/6771
f 6772/6772 6773/6773 6768/6768
f 6768/6768 6767/6767 6772/6772
f 6765/6765 6768/6768 6774/6774
f 6774/6774 6775/6775 6765/6765
f 6768/6768 6773/6773 6776/6776
f 6776/6776 6774/6774 6768/6768
f 6777/6777 6778/6778 6774/6774
f 6774/6774 6776/6776 6777/6777
f 6778/6778 6779/6779 6775/6775
f 6775/6775 6774/6774 6778/6778
f 6780/6780 6781/6781 6782/6782
f 6782/6782 6783/6783 6780/6780
f 6781/6781 6784/6784 6785/6785
f 6785/6785 6782/6782 6781/6781
f 6786/6786 6787/6787 6782/6782
f 6782/6782 6785/6785 6786/6786
f 6787/6787 6788/6788 6783/6783
f 6783/6783 6782/6782 6787/6787
f 6780/6780 6783/6783 6789/6789
f 6789/6789 6790/6790 6780/6780
f 6783/6783 6788/6788 6791/6791
f 6791/6791 6789/6789 6783/6783
f 6792/6792 6793/6793 6789/6789
f 6789/6789 6791/6791 6792/6792
f 6793/6793 6794/6794 6790/6790
f 6790/6790 6789/6789 6793/6793
f 6773/6773 6795/6795 6796/6796
f 6796/6796 6776/6776 6773/6773
f 6795/6795 6780/6780 6790/6790
f 6790/6790 6796/6796 6795/6795
f 6794/6794 6797/6797 6796/6796
f 6796/6796 6790/6790 6794/6794
f 6797/6797 6777/6777 6776/6776
f 6776/6776 6796/6796 6797/6797
f 6773/6773 6772/6772 6798/6798
f 6798/6798 6795/6795 6773/6773
f 6772/6772 6771/6771 6799/6799
f 6799/6799 6798/6798 6772/6772
f 6784/6784 6781/6781 6798/6798
f 6798/6798 6799/6799 6784/6784
f 6781/6781 6780/6780 6795/6795
f 6795/6795 6798/6798 6781/6781
f 6758/6758 6800/6800 6801/6801
f 6801/6801 6761/6761 6758/6758
f 6800/6800 6765/6765 6775/6775
f 6775/6775 6801/6801 6800/6800
f 6779/6779 6802/6802 6801/6801
f 6801/6801 6775/6775 6779/6779
f 6802/6802 6762/6762 6761/6761
f 6761/6761 6801/6801 6802/6802
f 6758/6758 6757/6757 6803/6803
f 6803/6803 6800/6800 6758/6758
f 6757/6757 6756/6756 6804/6804
f 6804/6804 6803/6803 6757/6757
f 6769/6769 6766/6766 6803/6803
f 6803/6803 6804/6804 6769/6769
f 6766/6766 6765/6765 6800/6800
f 6800/6800 6803/6803 6766/6766
f 6805/6805 6806/6806 6807/6807
f 6807/6807 6808/6808 6805/6805
f 6806/6806 6809/6809 6810/6810
f 6810/6810 6807/6807 6806/6806
f 6811/6811 6812/6812 6807/6807
f 6807/6807 6810/6810 6811/6811
f 6812/6812 6813/6813 6808/6808
f 6808/6808 6807/6807 6812/6812
f 6814/6814 6815/6815 6816/6816
f 6816/6816 6817/6817 6814/6814
f 6815/6815 6818/6818 6819/6819
f 6819/6819 6816/6816 6815/6815
f 6809/6809 6806/6806 6816/6816
f 6816/6816 6819/6819 6809/6809
f 6806/6806 6805/6805 6817/6817
f 6817/6817 6816/6816 6806/6806
f 6809/6809 6819/6819 6820/6820
f 6820/6820 6821/6821 6809/6809
f 6819/6819 6818/6818 6822/6822
f 6822/6822 6820/6820 6819/6819
f 6823/6823 6824/6824 6820/6820
f 6820/6820 6822/6822 6823/6823
f 6824/6824 6825/6825 6821/6821
f 6821/6821 6820/6820 6824/6824
f 6811/6811 6810/6810 6826/6826
f 6826/6826 6827/6827 6811/6811
f 6810/6810 6809/6809 6821/6821
f 6821/6821 6826/6826 6810/6810
f 6825/6825 6828/6828 6826/6826
f 6826/6826 6821/6821 6825/6825
f 6828/6828 6829/6829 6827/6827
f 6827/6827 6826/6826 6828/6828
f 6825/6825 6824/6824 6830/6830
f 6830/6830 6831/6831 6825/6825
f 6824/6824 6823/6823 6832/6832
f 6832/6832 6830/6830 6824/6824
f 6833/6833 6834/6834 6830/6830
f 6830/6830 6832/6832 6833/6833
f 6834/6834 6835/6835 6831/6831
f 6831/6831 6830/6830 6834/6834
f 6829/6829 6828/6828 6836/6836
f 6836/6836 6837/6837 6829/6829
f 6828/6828 6825/6825 6831/6831
f 6831/6831 6836/6836 6828/6828
f 6835/6835 6838/6838 6836/6836
f 6836/6836 6831/6831 6835/6835
f 6838/6838 6839/6839 6837/6837
f 6837/6837 6836/6836 6838/6838
f 6835/6835 6834/6834 6840/6840
f 6840/6840 6841/6841 6835/6835
f 6834/6834 6833/6833 6842/6842
f 6842/6842 6840/6840 6834/6834
f 6843/6843 6844/6844 6840/6840
f 6840/6840 6842/6842 6843/6843
f 6844/6844 6845/6845 6841/6841
f 6841/6841 6840/6840 6844/6844
f 6839/6839 6838/6838 6846/6846
f 6846/6846 6847/6847 6839/6839
f 6838/6838 6835/6835 6841/6841
f 6841/6841 6846/6846 6838/6838
f 6845/6845 6848/6848 6846/6846
f 6846/6846 6841/6841 6845/6845
f 6848/6848 6849/6849 6847/6847
f 6847/6847 6846/6846 6848/6848
f 6850/6850 6851/6851 6852/6852
f 6852/6852 6853/6853 6850/6850
f 6851/6851 6854/6854 6855/6855
f 6855/6855 6852/6852 6851/6851
f 6856/6856 6857/6857 6852/6852
f 6852/6852 6855/6855 6856/6856
f 6857/6857 6858/6858 6853/6853
f 6853/6853 6852/6852 6857/6857
f 6859/6859 6860/6860 6861/6861
f 6861/6861 6862/6862 6859/6859
f 6860/6860 6863/6863 6864/6864
f 6864/6864 6861/6861 6860/6860
f 6854/6854 6851/6851 6861/6861
f 6861/6861 6864/6864 6854/6854
f 6851/6851 6850/6850 6862/6862
f 6862/6862 6861/6861 6851/6851
f 6854/6854 6864/6864 6865/6865
f 6865/6865 6866/6866 6854/6854
f 6864/6864 6863/6863 6867/6867
f 6867/6867 6865/6865 6864/6864
f 6868/6868 6869/6869 6865/6865
f 6865/6865 6867/6867 6868/6868
f 6869/6869 6870/6870 6866/6866
f 6866/6866 6865/6865 6869/6869
f 6856/6856 6855/6855 6871/6871
f 6871/6871 6872/6872 6856/6856
f 6855/6855 6854/6854 6866/6866
f 6866/6866 6871/6871 6855/6855
f 6870/6870 6873/6873 6871/6871
f 6871/6871 6866/6866 6870/6870
f 6873/6873 6874/6874 6872/6872
f 6872/6872 6871/6871 6873/6873
f 6870/6870 6869/6869 6875/6875
f 6875/6875 6876/6876 6870/6870
f 6869/6869 6868/6868 6877/6877
f 6877/6877 6875/6875 6869/6869
f 6878/6878 6879/6879 6875/6875
f 6875/6875 6877/6877 6878/6878
f 6879/6879 6880/6880 6876/6876
f 6876/6876 6875/6875 6879/6879
f 6874/6874 6873/6873 6881/6881
f 6881/6881 6882/6882 6874/6874
f 6873/6873 6870/6870 6876/6876
f 6876/6876 6881/6881 6873/6873
f 6880/6880 6883/6883 6881/6881
f 6881/6881 6876/6876 6880/6880
f 6883/6883 6884/6884 6882/6882
f 6882/6882 6881/6881 6883/6883
f 6880/6880 6879/6879 6885/6885
f 6885/6885 6886/6886 6880/6880
f 6879/6879 6878/6878 6887/6887
f 6887/6887 6885/6885 6879/6879
f 6888/6888 6889/6889 6885/6885
f 6885/6885 6887/6887 6888/6888
f 6889/6889 6890/6890 6886/6886
f 6886/6886 6885/6885 6889/6889
f 6884/6884 6883/6883 6891/6891
f 6891/6891 6892/6892 6884/6884
f 6883/6883 6880/6880 6886/6886
f 6886/6886 6891/6891 6883/6883
f 6890/6890 6893/6893 6891/6891
f 6891/6891 6886/6886 6890/6890
f 6893/6893 6894/6894 6892/6892
f 6892/6892 6891/6891 6893/6893
f 6895/6895 6896/6896 6897/6897
f 6897/6897 6898/6898 6895/6895
f 6896/6896 6899/6899 6900/6900
f 6900/6900 6897/6897 6896/6896
f 6901/6901 6902/6902 6897/6897
f 6897/6897 6900/6900 6901/6901
f 6902/6902 6903/6903 6898/6898
f 6898/6898 6897/6897 6902/6902
f 6904/6904 6905/6905 6906/6906
f 6906/6906 6907/6907 6904/6904
f 6905/6905 6908/6908 6909/6909
f 6909/6909 6906/6906 6905/6905
f 6899/6899 6896/6896 6906/6906
f 6906/6906 6909/6909 6899/6899
f 6896/6896 6895/6895 6907/6907
f 6907/6907 6906/6906 6896/6896
f 6899/6899 6909/6909 6910/6910
f 6910/6910 6911/6911 6899/6899
f 6909/6909 6908/6908 6912/6912
f 6912/6912 6910/6910 6909/6909
f 6913/6913 6914/6914 6910/6910
f 6910/6910 6912/6912 6913/6913
f 6914/6914 6915/6915 6911/6911
f 6911/6911 6910/6910 6914/6914
f 6901/6901 6900/6900 6916/6916
f 6916/6916 6917/6917 6901/6901
f 6900/6900 6899/6899 6911/6911
f 6911/6911 6916/6916 6900/6900
f 6915/6915 6918/6918 6916/6916
f 6916/6916 6911/6911 6915/6915
f 6918/6918 6919/6919 6917/6917
f 6917/6917 6916/6916 6918/6918
f 6915/6915 6914/6914 6920/6920
f 6920/6920 6921/6921 6915/6915
f 6914/6914 6913/6913 6922/6922
f 6922/6922 6920/6920 6914/6914
f 6923/6923 6924/6924 6920/6920
f 6920/6920 6922/6922 6923/6923
f 6924/6924 6925/6925 6921/6921
f 6921/6921 6920/6920 6924/6924
f 6919/6919 6918/6918 6926/6926
f 6926/6926 6927/6927 6919/6919
f 6918/6918 6915/6915 6921/6921
f 6921/6921 6926/6926 6918/6918
f 6925/6925 6928/6928 6926/6926
f 6926/6926 6921/6921 6925/6925
f 6928/6928 6929/6929 6927/6927
f 6927/6927 6926/6926 6928/6928
f 6925/6925 6924/6924 6930/6930
f 6930/6930 6931/6931 6925/6925
f 6924/6924 6923/6923 6932/6932
f 6932/6932 6930/6930 6924/6924
f 6933/6933 6934/6934 6930/6930
f 6930/6930 6932/6932 6933/6933
f 6934/6934 6935/6935 6931/6931
f 6931/6931 6930/6930 6934/6934
f 6929/6929 6928/6928 6936/6936
f 6936/6936 6937/6937 6929/6929
f 6928/6928 6925/6925 6931/6931
f 6931/6931 6936/6936 6928/6928
f 6935/6935 6938/6938 6936/6936
f 6936/6936 6931/6931 6935/6935
f 6938/6938 6939/6939 6937/6937
f 6937/6937 6936/6936 6938/6938
f 6940/6940 6941/6941 6942/6942
f 6942/6942 6943/6943 6940/6940
f 6941/6941 6944/6944 6945/6945
f 6945/6945 6942/6942 6941/6941
f 6946/6946 6947/6947 6942/6942
f 6942/6942 6945/6945 6946/6946
f 6947/6947 6948/6948 6943/6943
f 6943/6943 6942/6942 6947/6947
f 6949/6949 6950/6950 6951/6951
f 6951/6951 6952/6952 6949/6949
f 6950/6950 6953/6953 6954/6954
f 6954/6954 6951/6951 6950/6950
f 6944/6944 6941/6941 6951/6951
f 6951/6951 6954/6954 6944/6944
f 6941/6941 6940/6940 6952/6952
f 6952/6952 6951/6951 6941/6941
f 6944/6944 6954/6954 6955/6955
f 6955/6955 6956/6956 6944/6944
f 6954/6954 6953/6953 6957/6957
f 6957/6957 6955/6955 6954/6954
f 6958/6958 6959/6959 6955/6955
f 6955/6955 6957/6957 6958/6958
f 6959/6959 6960/6960 6956/6956
f 6956/6956 6955/6955 6959/6959
f 6946/6946 6945/6945 6961/6961
f 6961/6961 6962/6962 6946/6946
f 6945/6945 6944/6944 6956/6956
f 6956/6956 6961/6961 6945/6945
f 6960/6960 6963/6963 6961/6961
f 6961/6961 6956/6956 6960/6960
f 6963/6963 6964/6964 6962/6962
f 6962/6962 6961/6961 6963/6963
f 6960/6960 6959/6959 6965/6965
f 6965/6965 6966/6966 6960/6960
f 6959/6959 6958/6958 6967/6967
f 6967/6967 6965/6965 6959/6959
f 6968/6968 6969/6969 6965/6965
f 6965/6965 6967/6967 6968/6968
f 6969/6969 6970/6970 6966/6966
f 6966/6966 6965/6965 6969/6969
f 6964/6964 6963/6963 6971/6971
f 6971/6971 6972/6972 6964/6964
f 6963/6963 6960/6960 6966/6966
f 6966/6966 6971/6971 6963/6963
f 6970/6970 6973/6973 6971/6971
f 6971/6971 6966/6966 6970/6970
f 6973/6973 6974/6974 6972/6972
f 6972/6972 6971/6971 6973/6973
f 6970/6970 6969/6969 6975/6975
f 6975/6975 6976/6976 6970/6970
f 6969/6969 6968/6968 6977/6977
f 6977/6977 6975/6975 6969/6969
f 6978/6978 6979/6979 6975/6975
f 6975/6975 6977/6977 6978/6978
f 6979/6979 6980/6980 6976/6976
f 6976/6976 6975/6975 6979/6979
f 6974/6974 6973/6973 6981/6981
f 6981/6981 6982/6982 6974/6974
f 6973/6973 6970/6970 6976/6976
f 6976/6976 6981/6981 6973/6973
f 6980/6980 6983/6983 6981/6981
f 6981/6981 6976/6976 6980/6980
f 6983/6983 6984/6984 6982/6982
f 6982/6982 6981/6981 6983/6983
f 6985/6985 6986/6986 6987/6987
f 6987/6987 6988/6988 6985/6985
f 6986/6986 6989/6989 6990/6990
f 6990/6990 6987/6987 6986/6986
f 6991/6991 6992/6992 6987/6987
f 6987/6987 6990/6990 6991/6991
f 6992/6992 6993/6993 6988/6988
f 6988/6988 6987/6987 6992/6992
f 6994/6994 6995/6995 6996/6996
f 6996/6996 6997/6997 6994/6994
f 6995/6995 6998/6998 6999/6999
f 6999/6999 6996/6996 6995/6995
f 6989/6989 6986/6986 6996/6996
f 6996/6996 6999/6999 6989/6989
f 6986/6986 6985/6985 6997/6997
f 6997/6997 6996/6996 6986/6986
f 6989/6989 6999/6999 7000/7000
f 7000/7000 7001/7001 6989/6989
f 6999/6999 6998/6998 7002/7002
f 7002/7002 7000/7000 6999/6999
f 7003/7003 7004/7004 7000/7000
f 7000/7000 7002/7002 7003/7003
f 7004/7004 7005/7005 7001/7001
f 7001/7001 7000/7000 7004/7004
f 6991/6991 6990/6990 7006/7006
f 7006/7006 7007/7007 6991/6991
f 6990/6990 6989/6989 7001/7001
f 7001/7001 7006/7006 6990/6990
f 7005/7005 7008/7008 7006/7006
f 7006/7006 7001/7001 7005/7005
f 7008/7008 7009/7009 7007/7007
f 7007/7007 7006/7006 7008/7008
f 7005/7005 7004/7004 7010/7010
f 7010/7010 7011/7011 7005/7005
f 7004/7004 7003/7003 7012/7012
f 7012/7012 7010/7010 7004/7004
f 7013/7013 7014/7014 7010/7010
f 7010/7010 7012/7012 7013/7013
f 7014/7014 7015/7015 7011/7011
f 7011/7011 7010/7010 7014/7014
f 7009/7009 7008/7008 7016/7016
f 7016/7016 7017/7017 7009/7009
f 7008/7008 7005/7005 7011/7011
f 7011/7011 7016/7016 7008/7008
f 7015/7015 7018/7018 7016/7016
f 7016/7016 7011/7011 7015/7015
f 7018/7018 7019/7019 7017/7017
f 7017/7017 7016/7016 7018/7018
f 7015/7015 7014/7014 7020/7020
f 7020/7020 7021/7021 7015/7015
f 7014/7014 7013/7013 7022/7022
f 7022/7022 7020/7020 7014/7014
f 7023/7023 7024/7024 7020/7020
f 7020/7020 7022/7022 7023/7023
f 7024/7024 7025/7025 7021/7021
f 7021/7021 7020/7020 7024/7024
f 7019/7019 7018/7018 7026/7026
f 7026/7026 7027/7027 7019/7019
f 7018/7018 7015/7015 7021/7021
f 7021/7021 7026/7026 7018/7018
f 7025/7025 7028/7028 7026/7026
f 7026/7026 7021/7021 7025/7025
f 7028/7028 7029/7029 7027/7027
f 7027/7027 7026/7026 7028/7028
f 7030/7030 7031/7031 7032/7032
f 7032/7032 7033/7033 7030/7030
f 7031/7031 7034/7034 7035/7035
f 7035/7035 7032/7032 7031/7031
f 7036/7036 7037/7037 7032/7032
f 7032/7032 7035/7035 7036/7036
f 7037/7037 7038/7038 7033/7033
f 7033/7033 7032/7032 7037/7037
f 7039/7039 7040/7040 7041/7041
f 7041/7041 7042/7042 7039/7039
f 7040/7040 7043/7043 7044/7044
f 7044/7044 7041/7041 7040/7040
f 7045/7045 7046/7046 7041/7041
f 7041/7041 7044/7044 7045/7045
f 7046/7046 7047/7047 7042/7042
f 7042/7042 7041/7041 7046/7046
f 7048/7048 7049/7049 7050/7050
f 7050/7050 7051/7051 7048/7048
f 7049/7049 7030/7030 7033/7033
f 7033/7033 7050/7050 7049/7049
f 7038/7038 7052/7052 7050/7050
f 7050/7050 7033/7033 7038/7038
f 7052/7052 7053/7053 7051/7051
f 7051/7051 7050/7050 7052/7052
f 7054/7054 7055/7055 7056/7056
f 7056/7056 7057/7057 7054/7054
f 7055/7055 7039/7039 7042/7042
f 7042/7042 7056/7056 7055/7055
f 7047/7047 7058/7058 7056/7056
f 7056/7056 7042/7042 7047/7047
f 7058/7058 7059/7059 7057/7057
f 7057/7057 7056/7056 7058/7058
f 7043/7043 7060/7060 7061/7061
f 7061/7061 7044/7044 7043/7043
f 7060/7060 7062/7062 7063/7063
f 7063/7063 7061/7061 7060/7060
f 7064/7064 7065/7065 7061/7061
f 7061/7061 7063/7063 7064/7064
f 7065/7065 7045/7045 7044/7044
f 7044/7044 7061/7061 7065/7065
f 7062/7062 7066/7066 7067/7067
f 7067/7067 7063/7063 7062/7062
f 7066/7066 7048/7048 7051/7051
f 7051/7051 7067/7067 7066/7066
f 7053/7053 7068/7068 7067/7067
f 7067/7067 7051/7051 7053/7053
f 7068/7068 7064/7064 7063/7063
f 7063/7063 7067/7067 7068/7068
f 7053/7053 7052/7052 7069/7069
f 7069/7069 7070/7070 7053/7053
f 7052/7052 7038/7038 7071/7071
f 7071/7071 7069/7069 7052/7052
f 7072/7072 7073/7073 7069/7069
f 7069/7069 7071/7071 7072/7072
f 7073/7073 7074/7074 7070/7070
f 7070/7070 7069/7069 7073/7073
f 7059/7059 7058/7058 7075/7075
f 7075/7075 7076/7076 7059/7059
f 7058/7058 7047/7047 7077/7077
f 7077/7077 7075/7075 7058/7058
f 7078/7078 7079/7079 7075/7075
f 7075/7075 7077/7077 7078/7078
f 7079/7079 7080/7080 7076/7076
f 7076/7076 7075/7075 7079/7079
f 7045/7045 7065/7065 7081/7081
f 7081/7081 7082/7082 7045/7045
f 7065/7065 7064/7064 7083/7083
f 7083/7083 7081/7081 7065/7065
f 7084/7084 7085/7085 7081/7081
f 7081/7081 7083/7083 7084/7084
f 7085/7085 7086/7086 7082/7082
f 7082/7082 7081/7081 7085/7085
f 7064/7064 7068/7068 7087/7087
f 7087/7087 7083/7083 7064/7064
f 7068/7068 7053/7053 7070/7070
f 7070/7070 7087/7087 7068/7068
f 7074/7074 7088/7088 7087/7087
f 7087/7087 7070/7070 7074/7074
f 7088/7088 7084/7084 7083/7083
f 7083/7083 7087/7087 7088/7088
f 7038/7038 7037/7037 7089/7089
f 7089/7089 7071/7071 7038/7038
f 7037/7037 7036/7036 7090/7090
f 7090/7090 7089/7089 7037/7037
f 7091/7091 7092/7092 7089/7089
f 7089/7089 7090/7090 7091/7091
f 7092/7092 7072/7072 7071/7071
f 7071/7071 7089/7089 7092/7092
f 7047/7047 7046/7046 7093/7093
f 7093/7093 7077/7077 7047/7047
f 7046/7046 7045/7045 7082/7082
f 7082/7082 7093/7093 7046/7046
f 7086/7086 7094/7094 7093/7093
f 7093/7093 7082/7082 7086/7086
f 7094/7094 7078/7078 7077/7077
f 7077/7077 7093/7093 7094/7094
f 7084/7084 7088/7088 7095/7095
f 7095/7095 7096/7096 7084/7084
f 7088/7088 7074/7074 7097/7097
f 7097/7097 7095/7095 7088/7088
f 7098/7098 7099/7099 7095/7095
f 7095/7095 7097/7097 7098/7098
f 7099/7099 7100/7100 7096/7096
f 7096/7096 7095/7095 7099/7099
f 7072/7072 7092/7092 7101/7101
f 7101/7101 7102/7102 7072/7072
f 7092/7092 7091/7091 7103/7103
f 7103/7103 7101/7101 7092/7092
f 7104/7104 7105/7105 7101/7101
f 7101/7101 7103/7103 7104/7104
f 7105/7105 7106/7106 7102/7102
f 7102/7102 7101/7101 7105/7105
f 7078/7078 7094/7094 7107/7107
f 7107/7107 7108/7108 7078/7078
f 7094/7094 7086/7086 7109/7109
f 7109/7109 7107/7107 7094/7094
f 7110/7110 7111/7111 7107/7107
f 7107/7107 7109/7109 7110/7110
f 7111/7111 7112/7112 7108/7108
f 7108/7108 7107/7107 7111/7111
f 7074/7074 7073/7073 7113/7113
f 7113/7113 7097/7097 7074/7074
f 7073/7073 7072/7072 7102/7102
f 7102/7102 7113/7113 7073/7073
f 7106/7106 7114/7114 7113/7113
f 7113/7113 7102/7102 7106/7106
f 7114/7114 7098/7098 7097/7097
f 7097/7097 7113/7113 7114/7114
f 7080/7080 7079/7079 7115/7115
f 7115/7115 7116/7116 7080/7080
f 7079/7079 7078/7078 7108/7108
f 7108/7108 7115/7115 7079/7079
f 7112/7112 7117/7117 7115/7115
f 7115/7115 7108/7108 7112/7112
f 7117/7117 7118/7118 7116/7116
f 7116/7116 7115/7115 7117/7117
f 7086/7086 7085/7085 7119/7119
f 7119/7119 7109/7109 7086/7086
f 7085/7085 7084/7084 7096/7096
f 7096/7096 7119/7119 7085/7085
f 7100/7100 7120/7120 7119/7119
f 7119/7119 7096/7096 7100/7100
f 7120/7120 7110/7110 7109/7109
f 7109/7109 7119/7119 7120/7120
f 7098/7098 7114/7114 7121/7121
f 7121/7121 7122/7122 7098/7098
f 7114/7114 7106/7106 7123/7123
f 7123/7123 7121/7121 7114/7114
f 7124/7124 7122/7122 7121/7121
f 7121/7121 7123/7123 7124/7124
f 7118/7118 7117/7117 7125/7125
f 7125/7125 7126/7126 7118/7118
f 7117/7117 7112/7112 7127/7127
f 7127/7127 7125/7125 7117/7117
f 7128/7128 7126/7126 7125/7125
f 7125/7125 7127/7127 7128/7128
f 7110/7110 7120/7120 7129/7129
f 7129/7129 7130/7130 7110/7110
f 7120/7120 7100/7100 7131/7131
f 7131/7131 7129/7129 7120/7120
f 7132/7132 7130/7130 7129/7129
f 7129/7129 7131/7131 7132/7132
f 7100/7100 7099/7099 7133/7133
f 7133/7133 7134/7134 7100/7100
f 7099/7099 7098/7098 7135/7135
f 7135/7135 7133/7133 7099/7099
f 7136/7136 7134/7134 7133/7133
f 7133/7133 7135/7135 7136/7136
f 7106/7106 7105/7105 7137/7137
f 7137/7137 7138/7138 7106/7106
f 7105/7105 7104/7104 7139/7139
f 7139/7139 7137/7137 7105/7105
f 7140/7140 7138/7138 7137/7137
f 7137/7137 7139/7139 7140/7140
f 7112/7112 7111/7111 7141/7141
f 7141/7141 7142/7142 7112/7112
f 7111/7111 7110/7110 7143/7143
f 7143/7143 7141/7141 7111/7111
f 7144/7144 7142/7142 7141/7141
f 7141/7141 7143/7143 7144/7144
f 7054/7054 7145/7145 7146/7146
f 7146/7146 7147/7147 7054/7054
f 7145/7145 7148/7148 7149/7149
f 7149/7149 7146/7146 7145/7145
f 7150/7150 7147/7147 7146/7146
f 7146/7146 7149/7149 7150/7150
f 7151/7151 7152/7152 7153/7153
f 7153/7153 7154/7154 7151/7151
f 7152/7152 7039/7039 7155/7155
f 7155/7155 7153/7153 7152/7152
f 7150/7150 7154/7154 7153/7153
f 7153/7153 7155/7155 7150/7150
f 7148/7148 7156/7156 7157/7157
f 7157/7157 7149/7149 7148/7148
f 7156/7156 7158/7158 7159/7159
f 7159/7159 7157/7157 7156/7156
f 7150/7150 7149/7149 7157/7157
f 7157/7157 7159/7159 7150/7150
f 7039/7039 7055/7055 7160/7160
f 7160/7160 7155/7155 7039/7039
f 7055/7055 7054/7054 7147/7147
f 7147/7147 7160/7160 7055/7055
f 7150/7150 7155/7155 7160/7160
f 7160/7160 7147/7147 7150/7150
f 7161/7161 7162/7162 7163/7163
f 7163/7163 7164/7164 7161/7161
f 7162/7162 7151/7151 7154/7154
f 7154/7154 7163/7163 7162/7162
f 7150/7150 7164/7164 7163/7163
f 7163/7163 7154/7154 7150/7150
f 7158/7158 7165/7165 7166/7166
f 7166/7166 7159/7159 7158/7158
f 7165/7165 7161/7161 7164/7164
f 7164/7164 7166/7166 7165/7165
f 7150/7150 7159/7159 7166/7166
f 7166/7166 7164/7164 7150/7150
f 7167/7167 7168/7168 7169/7169
f 7169/7169 7170/7170 7167/7167
f 7168/7168 7171/7171 7172/7172
f 7172/7172 7169/7169 7168/7168
f 7173/7173 7174/7174 7169/7169
f 7169/7169 7172/7172 7173/7173
f 7174/7174 7175/7175 7170/7170
f 7170/7170 7169/7169 7174/7174
f 7167/7167 7170/7170 7176/7176
f 7176/7176 7177/7177 7167/7167
f 7170/7170 7175/7175 7178/7178
f 7178/7178 7176/7176 7170/7170
f 7179/7179 7180/7180 7176/7176
f 7176/7176 7178/7178 7179/7179
f 7180/7180 7181/7181 7177/7177
f 7177/7177 7176/7176 7180/7180
f 7182/7182 7183/7183 7184/7184
f 7184/7184 7185/7185 7182/7182
f 7183/7183 7186/7186 7187/7187
f 7187/7187 7184/7184 7183/7183
f 7188/7188 7189/7189 7184/7184
f 7184/7184 7187/7187 7188/7188
f 7189/7189 7190/7190 7185/7185
f 7185/7185 7184/7184 7189/7189
f 7182/7182 7185/7185 7191/7191
f 7191/7191 7192/7192 7182/7182
f 7185/7185 7190/7190 7193/7193
f 7193/7193 7191/7191 7185/7185
f 7194/7194 7195/7195 7191/7191
f 7191/7191 7193/7193 7194/7194
f 7195/7195 7196/7196 7192/7192
f 7192/7192 7191/7191 7195/7195
f 7197/7197 7198/7198 7199/7199
f 7199/7199 7200/7200 7197/7197
f 7198/7198 7201/7201 7202/7202
f 7202/7202 7199/7199 7198/7198
f 7203/7203 7204/7204 7199/7199
f 7199/7199 7202/7202 7203/7203
f 7204/7204 7205/7205 7200/7200
f 7200/7200 7199/7199 7204/7204
f 7197/7197 7200/7200 7206/7206
f 7206/7206 7207/7207 7197/7197
f 7200/7200 7205/7205 7208/7208
f 7208/7208 7206/7206 7200/7200
f 7209/7209 7210/7210 7206/7206
f 7206/7206 7208/7208 7209/7209
f 7210/7210 7211/7211 7207/7207
f 7207/7207 7206/7206 7210/7210
f 7190/7190 7212/7212 7213/7213
f 7213/7213 7193/7193 7190/7190
f 7212/7212 7197/7197 7207/7207
f 7207/7207 7213/7213 7212/7212
f 7211/7211 7214/7214 7213/7213
f 7213/7213 7207/7207 7211/7211
f 7214/7214 7194/7194 7193/7193
f 7193/7193 7213/7213 7214/7214
f 7190/7190 7189/7189 7215/7215
f 7215/7215 7212/7212 7190/7190
f 7189/7189 7188/7188 7216/7216
f 7216/7216 7215/7215 7189/7189
f 7201/7201 7198/7198 7215/7215
f 7215/7215 7216/7216 7201/7201
f 7198/7198 7197/7197 7212/7212
f 7212/7212 7215/7215 7198/7198
f 7175/7175 7217/7217 7218/7218
f 7218/7218 7178/7178 7175/7175
f 7217/7217 7182/7182 7192/7192
f 7192/7192 7218/7218 7217/7217
f 7196/7196 7219/7219 7218/7218
f 7218/7218 7192/7192 7196/7196
f 7219/7219 7179/7179 7178/7178
f 7178/7178 7218/7218 7219/7219
f 7175/7175 7174/7174 7220/7220
f 7220/7220 7217/7217 7175/7175
f 7174/7174 7173/7173 7221/7221
f 7221/7221 7220/7220 7174/7174
f 7186/7186 7183/7183 7220/7220
f 7220/7220 7221/7221 7186/7186
f 7183/7183 7182/7182 7217/7217
f 7217/7217 7220/7220 7183/7183
f 7222/7222 7223/7223 7224/7224
f 7224/7224 7225/7225 7222/7222
f 7223/7223 7226/7226 7227/7227
f 7227/7227 7224/7224 7223/7223
f 7228/7228 7229/7229 7224/7224
f 7224/7224 7227/7227 7228/7228
f 7229/7229 7230/7230 7225/7225
f 7225/7225 7224/7224 7229/7229
f 7231/7231 7232/7232 7233/7233
f 7233/7233 7234/7234 7231/7231
f 7232/7232 7235/7235 7236/7236
f 7236/7236 7233/7233 7232/7232
f 7226/7226 7223/7223 7233/7233
f 7233/7233 7236/7236 7226/7226
f 7223/7223 7222/7222 7234/7234
f 7234/7234 7233/7233 7223/7223
f 7226/7226 7236/7236 7237/7237
f 7237/7237 7238/7238 7226/7226
f 7236/7236 7235/7235 7239/7239
f 7239/7239 7237/7237 7236/7236
f 7240/7240 7241/7241 7237/7237
f 7237/7237 7239/7239 7240/7240
f 7241/7241 7242/7242 7238/7238
f 7238/7238 7237/7237 7241/7241
f 7228/7228 7227/7227 7243/7243
f 7243/7243 7244/7244 7228/7228
f 7227/7227 7226/7226 7238/7238
f 7238/7238 7243/7243 7227/7227
f 7242/7242 7245/7245 7243/7243
f 7243/7243 7238/7238 7242/7242
f 7245/7245 7246/7246 7244/7244
f 7244/7244 7243/7243 7245/7245
f 7242/7242 7241/7241 7247/7247
f 7247/7247 7248/7248 7242/7242
f 7241/7241 7240/7240 7249/7249
f 7249/7249 7247/7247 7241/7241
f 7250/7250 7251/7251 7247/7247
f 7247/7247 7249/7249 7250/7250
f 7251/7251 7252/7252 7248/7248
f 7248/7248 7247/7247 7251/7251
f 7246/7246 7245/7245 7253/7253
f 7253/7253 7254/7254 7246/7246
f 7245/7245 7242/7242 7248/7248
f 7248/7248 7253/7253 7245/7245
f 7252/7252 7255/7255 7253/7253
f 7253/7253 7248/7248 7252/7252
f 7255/7255 7256/7256 7254/7254
f 7254/7254 7253/7253 7255/7255
f 7252/7252 7251/7251 7257/7257
f 7257/7257 7258/7258 7252/7252
f 7251/7251 7250/7250 7259/7259
f 7259/7259 7257/7257 7251/7251
f 7260/7260 7261/7261 7257/7257
f 7257/7257 7259/7259 7260/7260
f 7261/7261 7262/7262 7258/7258
f 7258/7258 7257/7257 7261/7261
f 7256/7256 7255/7255 7263/7263
f 7263/7263 7264/7264 7256/7256
f 7255/7255 7252/7252 7258/7258
f 7258/7258 7263/7263 7255/7255
f 7262/7262 7265/7265 7263/7263
f 7263/7263 7258/7258 7262/7262
f 7265/7265 7266/7266 7264/7264
f 7264/7264 7263/7263 7265/7265
f 7267/7267 7268/7268 7269/7269
f 7269/7269 7270/7270 7267/7267
f 7268/7268 7271/7271 7272/7272
f 7272/7272 7269/7269 7268/7268
f 7273/7273 7274/7274 7269/7269
f 7269/7269 7272/7272 7273/7273
f 7274/7274 7275/7275 7270/7270
f 7270/7270 7269/7269 7274/7274
f 7276/7276 7277/7277 7278/7278
f 7278/7278 7279/7279 7276/7276
f 7277/7277 7280/7280 7281/7281
f 7281/7281 7278/7278 7277/7277
f 7271/7271 7268/7268 7278/7278
f 7278/7278 7281/7281 7271/7271
f 7268/7268 7267/7267 7279/7279
f 7279/7279 7278/7278 7268/7268
f 7271/7271 7281/7281 7282/7282
f 7282/7282 7283/7283 7271/7271
f 7281/7281 7280/7280 7284/7284
f 7284/7284 7282/7282 7281/7281
f 7285/7285 7286/7286 7282/7282
f 7282/7282 7284/7284 7285/7285
f 7286/7286 7287/7287 7283/7283
f 7283/7283 7282/7282 7286/7286
f 7273/7273 7272/7272 7288/7288
f 7288/7288 7289/7289 7273/7273
f 7272/7272 7271/7271 7283/7283
f 7283/7283 7288/7288 7272/7272
f 7287/7287 7290/7290 7288/7288
f 7288/7288 7283/7283 7287/7287
f 7290/7290 7291/7291 7289/7289
f 7289/7289 7288/7288 7290/7290
f 7287/7287 7286/7286 7292/7292
f 7292/7292 7293/7293 7287/7287
f 7286/7286 7285/7285 7294/7294
f 7294/7294 7292/7292 7286/7286
f 7295/7295 7296/7296 7292/7292
f 7292/7292 7294/7294 7295/7295
f 7296/7296 7297/7297 7293/7293
f 7293/7293 7292/7292 7296/7296
f 7291/7291 7290/7290 7298/7298
f 7298/7298 7299/7299 7291/7291
f 7290/7290 7287/7287 7293/7293
f 7293/7293 7298/7298 7290/7290
f 7297/7297 7300/7300 7298/7298
f 7298/7298 7293/7293 7297/7297
f 7300/7300 7301/7301 7299/7299
f 7299/7299 7298/7298 7300/7300
f 7297/7297 7296/7296 7302/7302
f 7302/7302 7303/7303 7297/7297
f 7296/7296 7295/7295 7304/7304
f 7304/7304 7302/7302 7296/7296
f 7305/7305 7306/7306 7302/7302
f 7302/7302 7304/7304 7305/7305
f 7306/7306 7307/7307 7303/7303
f 7303/7303 7302/7302 7306/7306
f 7301/7301 7300/7300 7308/7308
f 7308/7308 7309/7309 7301/7301
f 7300/7300 7297/7297 7303/7303
f 7303/7303 7308/7308 7300/7300
f 7307/7307 7310/7310 7308/7308
f 7308/7308 7303/7303 7307/7307
f 7310/7310 7311/7311 7309/7309
f 7309/7309 7308/7308 7310/7310
f 7312/7312 7313/7313 7314/7314
f 7314/7314 7315/7315 7312/7312
f 7313/7313 7316/7316 7317/7317
f 7317/7317 7314/7314 7313/7313
f 7318/7318 7319/7319 7314/7314
f 7314/7314 7317/7317 7318/7318
f 7319/7319 7320/7320 7315/7315
f 7315/7315 7314/7314 7319/7319
f 7321/7321 7322/7322 7323/7323
f 7323/7323 7324/7324 7321/7321
f 7322/7322 7325/7325 7326/7326
f 7326/7326 7323/7323 7322/7322
f 7316/7316 7313/7313 7323/7323
f 7323/7323 7326/7326 7316/7316
f 7313/7313 7312/7312 7324/7324
f 7324/7324 7323/7323 7313/7313
f 7316/7316 7326/7326 7327/7327
f 7327/7327 7328/7328 7316/7316
f 7326/7326 7325/7325 7329/7329
f 7329/7329 7327/7327 7326/7326
f 7330/7330 7331/7331 7327/7327
f 7327/7327 7329/7329 7330/7330
f 7331/7331 7332/7332 7328/7328
f 7328/7328 7327/7327 7331/7331
f 7318/7318 7317/7317 7333/7333
f 7333/7333 7334/7334 7318/7318
f 7317/7317 7316/7316 7328/7328
f 7328/7328 7333/7333 7317/7317
f 7332/7332 7335/7335 7333/7333
f 7333/7333 7328/7328 7332/7332
f 7335/7335 7336/7336 7334/7334
f 7334/7334 7333/7333 7335/7335
f 7332/7332 7331/7331 7337/7337
f 7337/7337 7338/7338 7332/7332
f 7331/7331 7330/7330 7339/7339
f 7339/7339 7337/7337 7331/7331
f 7340/7340 7341/7341 7337/7337
f 7337/7337 7339/7339 7340/7340
f 7341/7341 7342/7342 7338/7338
f 7338/7338 7337/7337 7341/7341
f 7336/7336 7335/7335 7343/7343
f 7343/7343 7344/7344 7336/7336
f 7335/7335 7332/7332 7338/7338
f 7338/7338 7343/7343 7335/7335
f 7342/7342 7345/7345 7343/7343
f 7343/7343 7338/7338 7342/7342
f 7345/7345 7346/7346 7344/7344
f 7344/7344 7343/7343 7345/7345
f 7342/7342 7341/7341 7347/7347
f 7347/7347 7348/7348 7342/7342
f 7341/7341 7340/7340 7349/7349
f 7349/7349 7347/7347 7341/7341
f 7350/7350 7351/7351 7347/7347
f 7347/7347 7349/7349 7350/7350
f 7351/7351 7352/7352 7348/7348
f 7348/7348 7347/7347 7351/7351
f 7346/7346 7345/7345 7353/7353
f 7353/7353 7354/7354 7346/7346
f 7345/7345 7342/7342 7348/7348
f 7348/7348 7353/7353 7345/7345
f 7352/7352 7355/7355 7353/7353
f 7353/7353 7348/7348 7352/7352
f 7355/7355 7356/7356 7354/7354
f 7354/7354 7353/7353 7355/7355
f 7357/7357 7358/7358 7359/7359
f 7359/7359 7360/7360 7357/7357
f 7358/7358 7361/7361 7362/7362
f 7362/7362 7359/7359 7358/7358
f 7363/7363 7364/7364 7359/7359
f 7359/7359 7362/7362 7363/7363
f 7364/7364 7365/7365 7360/7360
f 7360/7360 7359/7359 7364/7364
f 7366/7366 7367/7367 7368/7368
f 7368/7368 7369/7369 7366/7366
f 7367/7367 7370/7370 7371/7371
f 7371/7371 7368/7368 7367/7367
f 7361/7361 7358/7358 7368/7368
f 7368/7368 7371/7371 7361/7361
f 7358/7358 7357/7357 7369/7369
f 7369/7369 7368/7368 7358/7358
f 7361/7361 7371/7371 7372/7372
f 7372/7372 7373/7373 7361/7361
f 7371/7371 7370/7370 7374/7374
f 7374/7374 7372/7372 7371/7371
f 7375/7375 7376/7376 7372/7372
f 7372/7372 7374/7374 7375/7375
f 7376/7376 7377/7377 7373/7373
f 7373/7373 7372/7372 7376/7376
f 7363/7363 7362/7362 7378/7378
f 7378/7378 7379/7379 7363/7363
f 7362/7362 7361/7361 7373/7373
f 7373/7373 7378/7378 7362/7362
f 7377/7377 7380/7380 7378/7378
f 7378/7378 7373/7373 7377/7377
f 7380/7380 7381/7381 7379/7379
f 7379/7379 7378/7378 7380/7380
f 7377/7377 7376/7376 7382/7382
f 7382/7382 7383/7383 7377/7377
f 7376/7376 7375/7375 7384/7384
f 7384/7384 7382/7382 7376/7376
f 7385/7385 7386/7386 7382/7382
f 7382/7382 7384/7384 7385/7385
f 7386/7386 7387/7387 7383/7383
f 7383/7383 7382/7382 7386/7386
f 7381/7381 7380/7380 7388/7388
f 7388/7388 7389/7389 7381/7381
f 7380/7380 7377/7377 7383/7383
f 7383/7383 7388/7388 7380/7380
f 7387/7387 7390/7390 7388/7388
f 7388/7388 7383/7383 7387/7387
f 7390/7390 7391/7391 7389/7389
f 7389/7389 7388/7388 7390/7390
f 7387/7387 7386/7386 7392/7392
f 7392/7392 7393/7393 7387/7387
f 7386/7386 7385/7385 7394/7394
f 7394/7394 7392/7392 7386/7386
f 7395/7395 7396/7396 7392/7392
f 7392/7392 7394/7394 7395/7395
f 7396/7396 7397/7397 7393/7393
f 7393/7393 7392/7392 7396/7396
f 7391/7391 7390/7390 7398/7398
f 7398/7398 7399/7399 7391/7391
f 7390/7390 7387/7387 7393/7393
f 7393/7393 7398/7398 7390/7390
f 7397/7397 7400/7400 7398/7398
f 7398/7398 7393/7393 7397/7397
f 7400/7400 7401/7401 7399/7399
f 7399/7399 7398/7398 7400/7400
f 7402/7402 7403/7403 7404/7404
f 7404/7404 7405/7405 7402/7402
f 7403/7403 7406/7406 7407/7407
f 7407/7407 7404/7404 7403/7403
f 7408/7408 7409/7409 7404/7404
f 7404/7404 7407/7407 7408/7408
f 7409/7409 7410/7410 7405/7405
f 7405/7405 7404/7404 7409/7409
f 7411/7411 7412/7412 7413/7413
f 7413/7413 7414/7414 7411/7411
f 7412/7412 7415/7415 7416/7416
f 7416/7416 7413/7413 7412/7412
f 7406/7406 7403/7403 7413/7413
f 7413/7413 7416/7416 7406/7406
f 7403/7403 7402/7402 7414/7414
f 7414/7414 7413/7413 7403/7403
f 7406/7406 7416/7416 7417/7417
f 7417/7417 7418/7418 7406/7406
f 7416/7416 7415/7415 7419/7419
f 7419/7419 7417/7417 7416/7416
f 7420/7420 7421/7421 7417/7417
f 7417/7417 7419/7419 7420/7420
f 7421/7421 7422/7422 7418/7418
f 7418/7418 7417/7417 7421/7421
f 7408/7408 7407/7407 7423/7423
f 7423/7423 7424/7424 7408/7408
f 7407/7407 7406/7406 7418/7418
f 7418/7418 7423/7423 7407/7407
f 7422/7422 7425/7425 7423/7423
f 7423/7423 7418/7418 7422/7422
f 7425/7425 7426/7426 7424/7424
f 7424/7424 7423/7423 7425/7425
f 7422/7422 7421/7421 7427/7427
f 7427/7427 7428/7428 7422/7422
f 7421/7421 7420/7420 7429/7429
f 7429/7429 7427/7427 7421/7421
f 7430/7430 7431/7431 7427/7427
f 7427/7427 7429/7429 7430/7430
f 7431/7431 7432/7432 7428/7428
f 7428/7428 7427/7427 7431/7431
f 7426/7426 7425/7425 7433/7433
f 7433/7433 7434/7434 7426/7426
f 7425/7425 7422/7422 7428/7428
f 7428/7428 7433/7433 7425/7425
f 7432/7432 7435/7435 7433/7433
f 7433/7433 7428/7428 7432/7432
f 7435/7435 7436/7436 7434/7434
f 7434/7434 7433/7433 7435/7435
f 7432/7432 7431/7431 7437/7437
f 7437/7437 7438/7438 7432/7432
f 7431/7431 7430/7430 7439/7439
f 7439/7439 7437/7437 7431/7431
f 7440/7440 7441/7441 7437/7437
f 7437/7437 7439/7439 7440/7440
f 7441/7441 7442/7442 7438/7438
f 7438/7438 7437/7437 7441/7441
f 7436/7436 7435/7435 7443/7443
f 7443/7443 7444/7444 7436/7436
f 7435/7435 7432/7432 7438/7438
f 7438/7438 7443/7443 7435/7435
f 7442/7442 7445/7445 7443/7443
f 7443/7443 7438/7438 7442/7442
f 7445/7445 7446/7446 7444/7444
f 7444/7444 7443/7443 7445/7445
f 7447/7447 7448/7448 7449/7449
f 7449/7449 7450/7450 7447/7447
f 7448/7448 7451/7451 7452/7452
f 7452/7452 7449/7449 7448/7448
f 7453/7453 7454/7454 7449/7449
f 7449/7449 7452/7452 7453/7453
f 7454/7454 7455/7455 7450/7450
f 7450/7450 7449/7449 7454/7454
f 7456/7456 7457/7457 7458/7458
f 7458/7458 7459/7459 7456/7456
f 7457/7457 7460/7460 7461/7461
f 7461/7461 7458/7458 7457/7457
f 7462/7462 7463/7463 7458/7458
f 7458/7458 7461/7461 7462/7462
f 7463/7463 7464/7464 7459/7459
f 7459/7459 7458/7458 7463/7463
f 7465/7465 7466/7466 7467/7467
f 7467/7467 7468/7468 7465/7465
f 7466/7466 7447/7447 7450/7450
f 7450/7450 7467/7467 7466/7466
f 7455/7455 7469/7469 7467/7467
f 7467/7467 7450/7450 7455/7455
f 7469/7469 7470/7470 7468/7468
f 7468/7468 7467/7467 7469/7469
f 7471/7471 7472/7472 7473/7473
f 7473/7473 7474/7474 7471/7471
f 7472/7472 7456/7456 7459/7459
f 7459/7459 7473/7473 7472/7472
f 7464/7464 7475/7475 7473/7473
f 7473/7473 7459/7459 7464/7464
f 7475/7475 7476/7476 7474/7474
f 7474/7474 7473/7473 7475/7475
f 7460/7460 7477/7477 7478/7478
f 7478/7478 7461/7461 7460/7460
f 7477/7477 7479/7479 7480/7480
f 7480/7480 7478/7478 7477/7477
f 7481/7481 7482/7482 7478/7478
f 7478/7478 7480/7480 7481/7481
f 7482/7482 7462/7462 7461/7461
f 7461/7461 7478/7478 7482/7482
f 7479/7479 7483/7483 7484/7484
f 7484/7484 7480/7480 7479/7479
f 7483/7483 7465/7465 7468/7468
f 7468/7468 7484/7484 7483/7483
f 7470/7470 7485/7485 7484/7484
f 7484/7484 7468/7468 7470/7470
f 7485/7485 7481/7481 7480/7480
f 7480/7480 7484/7484 7485/7485
f 7470/7470 7469/7469 7486/7486
f 7486/7486 7487/7487 7470/7470
f 7469/7469 7455/7455 7488/7488
f 7488/7488 7486/7486 7469/7469
f 7489/7489 7490/7490 7486/7486
f 7486/7486 7488/7488 7489/7489
f 7490/7490 7491/7491 7487/7487
f 7487/7487 7486/7486 7490/7490
f 7476/7476 7475/7475 7492/7492
f 7492/7492 7493/7493 7476/7476
f 7475/7475 7464/7464 7494/7494
f 7494/7494 7492/7492 7475/7475
f 7495/7495 7496/7496 7492/7492
f 7492/7492 7494/7494 7495/7495
f 7496/7496 7497/7497 7493/7493
f 7493/7493 7492/7492 7496/7496
f 7462/7462 7482/7482 7498/7498
f 7498/7498 7499/7499 7462/7462
f 7482/7482 7481/7481 7500/7500
f 7500/7500 7498/7498 7482/7482
f 7501/7501 7502/7502 7498/7498
f 7498/7498 7500/7500 7501/7501
f 7502/7502 7503/7503 7499/7499
f 7499/7499 7498/7498 7502/7502
f 7481/7481 7485/7485 7504/7504
f 7504/7504 7500/7500 7481/7481
f 7485/7485 7470/7470 7487/7487
f 7487/7487 7504/7504 7485/7485
f 7491/7491 7505/7505 7504/7504
f 7504/7504 7487/7487 7491/7491
f 7505/7505 7501/7501 7500/7500
f 7500/7500 7504/7504 7505/7505
f 7455/7455 7454/7454 7506/7506
f 7506/7506 7488/7488 7455/7455
f 7454/7454 7453/7453 7507/7507
f 7507/7507 7506/7506 7454/7454
f 7508/7508 7509/7509 7506/7506
f 7506/7506 7507/7507 7508/7508
f 7509/7509 7489/7489 7488/7488
f 7488/7488 7506/7506 7509/7509
f 7464/7464 7463/7463 7510/7510
f 7510/7510 7494/7494 7464/7464
f 7463/7463 7462/7462 7499/7499
f 7499/7499 7510/7510 7463/7463
f 7503/7503 7511/7511 7510/7510
f 7510/7510 7499/7499 7503/7503
f 7511/7511 7495/7495 7494/7494
f 7494/7494 7510/7510 7511/7511
f 7501/7501 7505/7505 7512/7512
f 7512/7512 7513/7513 7501/7501
f 7505/7505 7491/7491 7514/7514
f 7514/7514 7512/7512 7505/7505
f 7515/7515 7516/7516 7512/7512
f 7512/7512 7514/7514 7515/7515
f 7516/7516 7517/7517 7513/7513
f 7513/7513 7512/7512 7516/7516
f 7489/7489 7509/7509 7518/7518
f 7518/7518 7519/7519 7489/7489
f 7509/7509 7508/7508 7520/7520
f 7520/7520 7518/7518 7509/7509
f 7521/7521 7522/7522 7518/7518
f 7518/7518 7520/7520 7521/7521
f 7522/7522 7523/7523 7519/7519
f 7519/7519 7518/7518 7522/7522
f 7495/7495 7511/7511 7524/7524
f 7524/7524 7525/7525 7495/7495
f 7511/7511 7503/7503 7526/7526
f 7526/7526 7524/7524 7511/7511
f 7527/7527 7528/7528 7524/7524
f 7524/7524 7526/7526 7527/7527
f 7528/7528 7529/7529 7525/7525
f 7525/7525 7524/7524 7528/7528
f 7491/7491 7490/7490 7530/7530
f 7530/7530 7514/7514 7491/7491
f 7490/7490 7489/7489 7519/7519
f 7519/7519 7530/7530 7490/7490
f 7523/7523 7531/7531 7530/7530
f 7530/7530 7519/7519 7523/7523
f 7531/7531 7515/7515 7514/7514
f 7514/7514 7530/7530 7531/7531
f 7497/7497 7496/7496 7532/7532
f 7532/7532 7533/7533 7497/7497
f 7496/7496 7495/7495 7525/7525
f 7525/7525 7532/7532 7496/7496
f 7529/7529 7534/7534 7532/7532
f 7532/7532 7525/7525 7529/7529
f 7534/7534 7535/7535 7533/7533
f 7533/7533 7532/7532 7534/7534
f 7503/7503 7502/7502 7536/7536
f 7536/7536 7526/7526 7503/7503
f 7502/7502 7501/7501 7513/7513
f 7513/7513 7536/7536 7502/7502
f 7517/7517 7537/7537 7536/7536
f 7536/7536 7513/7513 7517/7517
f 7537/7537 7527/7527 7526/7526
f 7526/7526 7536/7536 7537/7537
f 7515/7515 7531/7531 7538/7538
f 7538/7538 7539/7539 7515/7515
f 7531/7531 7523/7523 7540/7540
f 7540/7540 7538/7538 7531/7531
f 7541/7541 7539/7539 7538/7538
f 7538/7538 7540/7540 7541/7541
f 7535/7535 7534/7534 7542/7542
f 7542/7542 7543/7543 7535/7535
f 7534/7534 7529/7529 7544/7544
f 7544/7544 7542/7542 7534/7534
f 7545/7545 7543/7543 7542/7542
f 7542/7542 7544/7544 7545/7545
f 7527/7527 7537/7537 7546/7546
f 7546/7546 7547/7547 7527/7527
f 7537/7537 7517/7517 7548/7548
f 7548/7548 7546/7546 7537/7537
f 7549/7549 7547/7547 7546/7546
f 7546/7546 7548/7548 7549/7549
f 7517/7517 7516/7516 7550/7550
f 7550/7550 7551/7551 7517/7517
f 7516/7516 7515/7515 7552/7552
f 7552/7552 7550/7550 7516/7516
f 7553/7553 7551/7551 7550/7550
f 7550/7550 7552/7552 7553/7553
f 7523/7523 7522/7522 7554/7554
f 7554/7554 7555/7555 7523/7523
f 7522/7522 7521/7521 7556/7556
f 7556/7556 7554/7554 7522/7522
f 7557/7557 7555/7555 7554/7554
f 7554/7554 7556/7556 7557/7557
f 7529/7529 7528/7528 7558/7558
f 7558/7558 7559/7559 7529/7529
f 7528/7528 7527/7527 7560/7560
f 7560/7560 7558/7558 7528/7528
f 7561/7561 7559/7559 7558/7558
f 7558/7558 7560/7560 7561/7561
f 7471/7471 7562/7562 7563/7563
f 7563/7563 7564/7564 7471/7471
f 7562/7562 7565/7565 7566/7566
f 7566/7566 7563/7563 7562/7562
f 7567/7567 7564/7564 7563/7563
f 7563/7563 7566/7566 7567/7567
f 7568/7568 7569/7569 7570/7570
f 7570/7570 7571/7571 7568/7568
f 7569/7569 7456/7456 7572/7572
f 7572/7572 7570/7570 7569/7569
f 7567/7567 7571/7571 7570/7570
f 7570/7570 7572/7572 7567/7567
f 7565/7565 7573/7573 7574/7574
f 7574/7574 7566/7566 7565/7565
f 7573/7573 7575/7575 7576/7576
f 7576/7576 7574/7574 7573/7573
f 7567/7567 7566/7566 7574/7574
f 7574/7574 7576/7576 7567/7567
f 7456/7456 7472/7472 7577/7577
f 7577/7577 7572/7572 7456/7456
f 7472/7472 7471/7471 7564/7564
f 7564/7564 7577/7577 7472/7472
f 7567/7567 7572/7572 7577/7577
f 7577/7577 7564/7564 7567/7567
f 7578/7578 7579/7579 7580/7580
f 7580/7580 7581/7581 7578/7578
f 7579/7579 7568/7568 7571/7571
f 7571/7571 7580/7580 7579/7579
f 7567/7567 7581/7581 7580/7580
f 7580/7580 7571/7571 7567/7567
f 7575/7575 7582/7582 7583/7583
f 7583/7583 7576/7576 7575/7575
f 7582/7582 7578/7578 7581/7581
f 7581/7581 7583/7583 7582/7582
f 7567/7567 7576/7576 7583/7583
f 7583/7583 7581/7581 7567/7567
f 7584/7584 7585/7585 7586/7586
f 7586/7586 7587/7587 7584/7584
f 7585/7585 7588/7588 7589/7589
f 7589/7589 7586/7586 7585/7585
f 7590/7590 7591/7591 7586/7586
f 7586/7586 7589/7589 7590/7590
f 7591/7591 7592/7592 7587/7587
f 7587/7587 7586/7586 7591/7591
f 7593/7593 7594/7594 7595/7595
f 7595/7595 7596/7596 7593/7593
f 7594/7594 7584/7584 7587/7587
f 7587/7587 7595/7595 7594/7594
f 7592/7592 7597/7597 7595/7595
f 7595/7595 7587/7587 7592/7592
f 7597/7597 7598/7598 7596/7596
f 7596/7596 7595/7595 7597/7597
f 7599/7599 7600/7600 7601/7601
f 7601/7601 7602/7602 7599/7599
f 7600/7600 7603/7603 7604/7604
f 7604/7604 7601/7601 7600/7600
f 7584/7584 7594/7594 7601/7601
f 7601/7601 7604/7604 7584/7584
f 7594/7594 7593/7593 7602/7602
f 7602/7602 7601/7601 7594/7594
f 7603/7603 7605/7605 7606/7606
f 7606/7606 7604/7604 7603/7603
f 7605/7605 7607/7607 7608/7608
f 7608/7608 7606/7606 7605/7605
f 7588/7588 7585/7585 7606/7606
f 7606/7606 7608/7608 7588/7588
f 7585/7585 7584/7584 7604/7604
f 7604/7604 7606/7606 7585/7585
f 7609/7609 7610/7610 7611/7611
f 7611/7611 7612/7612 7609/7609
f 7610/7610 7613/7613 7614/7614
f 7614/7614 7611/7611 7610/7610
f 7615/7615 7616/7616 7611/7611
f 7611/7611 7614/7614 7615/7615
f 7616/7616 7617/7617 7612/7612
f 7612/7612 7611/7611 7616/7616
f 7618/7618 7619/7619 7620/7620
f 7620/7620 7621/7621 7618/7618
f 7619/7619 7609/7609 7612/7612
f 7612/7612 7620/7620 7619/7619
f 7617/7617 7622/7622 7620/7620
f 7620/7620 7612/7612 7617/7617
f 7622/7622 7623/7623 7621/7621
f 7621/7621 7620/7620 7622/7622
f 7624/7624 7625/7625 7626/7626
f 7626/7626 7627/7627 7624/7624
f 7625/7625 7628/7628 7629/7629
f 7629/7629 7626/7626 7625/7625
f 7630/7630 7631/7631 7626/7626
f 7626/7626 7629/7629 7630/7630
f 7631/7631 7632/7632 7627/7627
f 7627/7627 7626/7626 7631/7631
f 7633/7633 7634/7634 7635/7635
f 7635/7635 7636/7636 7633/7633
f 7634/7634 7637/7637 7638/7638
f 7638/7638 7635/7635 7634/7634
f 7630/7630 7629/7629 7635/7635
f 7635/7635 7638/7638 7630/7630
f 7629/7629 7628/7628 7636/7636
f 7636/7636 7635/7635 7629/7629
f 7639/7639 7640/7640 7641/7641
f 7641/7641 7642/7642 7639/7639
f 7640/7640 7643/7643 7644/7644
f 7644/7644 7641/7641 7640/7640
f 7624/7624 7627/7627 7641/7641
f 7641/7641 7644/7644 7624/7624
f 7627/7627 7632/7632 7642/7642
f 7642/7642 7641/7641 7627/7627
f 7645/7645 7646/7646 7647/7647
f 7647/7647 7648/7648 7645/7645
f 7646/7646 7624/7624 7649/7649
f 7649/7649 7647/7647 7646/7646
f 7650/7650 7651/7651 7647/7647
f 7647/7647 7649/7649 7650/7650
f 7651/7651 7652/7652 7648/7648
f 7648/7648 7647/7647 7651/7651
f 7643/7643 7653/7653 7654/7654
f 7654/7654 7644/7644 7643/7643
f 7653/7653 7655/7655 7656/7656
f 7656/7656 7654/7654 7653/7653
f 7650/7650 7649/7649 7654/7654
f 7654/7654 7656/7656 7650/7650
f 7649/7649 7624/7624 7644/7644
f 7644/7644 7654/7654 7649/7649
f 7645/7645 7657/7657 7658/7658
f 7658/7658 7646/7646 7645/7645
f 7657/7657 7628/7628 7625/7625
f 7625/7625 7658/7658 7657/7657
f 7624/7624 7646/7646 7658/7658
f 7658/7658 7625/7625 7624/7624
f 7628/7628 7657/7657 7659/7659
f 7659/7659 7660/7660 7628/7628
f 7657/7657 7645/7645 7661/7661
f 7661/7661 7659/7659 7657/7657
f 7662/7662 7663/7663 7659/7659
f 7659/7659 7661/7661 7662/7662
f 7663/7663 7664/7664 7660/7660
f 7660/7660 7659/7659 7663/7663
f 7665/7665 7666/7666 7667/7667
f 7667/7667 7668/7668 7665/7665
f 7666/7666 7669/7669 7670/7670
f 7670/7670 7667/7667 7666/7666
f 7662/7662 7661/7661 7667/7667
f 7667/7667 7670/7670 7662/7662
f 7661/7661 7645/7645 7668/7668
f 7668/7668 7667/7667 7661/7661
f 7671/7671 7672/7672 7673/7673
f 7673/7673 7674/7674 7671/7671
f 7672/7672 7665/7665 7668/7668
f 7668/7668 7673/7673 7672/7672
f 7645/7645 7648/7648 7673/7673
f 7673/7673 7668/7668 7645/7645
f 7648/7648 7652/7652 7674/7674
f 7674/7674 7673/7673 7648/7648
f 7675/7675 7676/7676 7677/7677
f 7677/7677 7678/7678 7675/7675
f 7676/7676 7679/7679 7680/7680
f 7680/7680 7677/7677 7676/7676
f 7669/7669 7666/7666 7677/7677
f 7677/7677 7680/7680 7669/7669
f 7666/7666 7665/7665 7678/7678
f 7678/7678 7677/7677 7666/7666
f 7681/7681 7682/7682 7683/7683
f 7683/7683 7684/7684 7681/7681
f 7682/7682 7675/7675 7678/7678
f 7678/7678 7683/7683 7682/7682
f 7665/7665 7672/7672 7683/7683
f 7683/7683 7678/7678 7665/7665
f 7672/7672 7671/7671 7684/7684
f 7684/7684 7683/7683 7672/7672
f 7685/7685 7686/7686 7687/7687
f 7687/7687 7688/7688 7685/7685
f 7686/7686 7689/7689 7690/7690
f 7690/7690 7687/7687 7686/7686
f 7679/7679 7676/7676 7687/7687
f 7687/7687 7690/7690 7679/7679
f 7676/7676 7675/7675 7688/7688
f 7688/7688 7687/7687 7676/7676
f 7691/7691 7692/7692 7693/7693
f 7693/7693 7694/7694 7691/7691
f 7692/7692 7685/7685 7688/7688
f 7688/7688 7693/7693 7692/7692
f 7675/7675 7682/7682 7693/7693
f 7693/7693 7688/7688 7675/7675
f 7682/7682 7681/7681 7694/7694
f 7694/7694 7693/7693 7682/7682
f 7695/7695 7696/7696 7697/7697
f 7697/7697 7698/7698 7695/7695
f 7696/7696 7633/7633 7636/7636
f 7636/7636 7697/7697 7696/7696
f 7628/7628 7660/7660 7697/7697
f 7697/7697 7636/7636 7628/7628
f 7660/7660 7664/7664 7698/7698
f 7698/7698 7697/7697 7660/7660
f 7699/7699 7700/7700 7701/7701
f 7701/7701 7702/7702 7699/7699
f 7700/7700 7703/7703 7704/7704
f 7704/7704 7701/7701 7700/7700
f 7633/7633 7696/7696 7701/7701
f 7701/7701 7704/7704 7633/7633
f 7696/7696 7695/7695 7702/7702
f 7702/7702 7701/7701 7696/7696
f 7703/7703 7705/7705 7706/7706
f 7706/7706 7704/7704 7703/7703
f 7705/7705 7707/7707 7708/7708
f 7708/7708 7706/7706 7705/7705
f 7637/7637 7634/7634 7706/7706
f 7706/7706 7708/7708 7637/7637
f 7634/7634 7633/7633 7704/7704
f 7704/7704 7706/7706 7634/7634
f 7709/7709 7710/7710 7711/7711
f 7711/7711 7712/7712 7709/7709
f 7710/7710 7713/7713 7714/7714
f 7714/7714 7711/7711 7710/7710
f 7707/7707 7705/7705 7711/7711
f 7711/7711 7714/7714 7707/7707
f 7705/7705 7703/7703 7712/7712
f 7712/7712 7711/7711 7705/7705
f 7715/7715 7716/7716 7717/7717
f 7717/7717 7718/7718 7715/7715
f 7716/7716 7709/7709 7712/7712
f 7712/7712 7717/7717 7716/7716
f 7703/7703 7700/7700 7717/7717
f 7717/7717 7712/7712 7703/7703
f 7700/7700 7699/7699 7718/7718
f 7718/7718 7717/7717 7700/7700
f 7719/7719 7720/7720 7721/7721
f 7721/7721 7722/7722 7719/7719
f 7720/7720 7723/7723 7724/7724
f 7724/7724 7721/7721 7720/7720
f 7643/7643 7640/7640 7721/7721
f 7721/7721 7724/7724 7643/7643
f 7640/7640 7639/7639 7722/7722
f 7722/7722 7721/7721 7640/7640
f 7723/7723 7725/7725 7726/7726
f 7726/7726 7724/7724 7723/7723
f 7725/7725 7727/7727 7728/7728
f 7728/7728 7726/7726 7725/7725
f 7655/7655 7653/7653 7726/7726
f 7726/7726 7728/7728 7655/7655
f 7653/7653 7643/7643 7724/7724
f 7724/7724 7726/7726 7653/7653
f 7729/7729 7730/7730 7731/7731
f 7731/7731 7732/7732 7729/7729
f 7730/7730 7733/7733 7734/7734
f 7734/7734 7731/7731 7730/7730
f 7723/7723 7720/7720 7731/7731
f 7731/7731 7734/7734 7723/7723
f 7720/7720 7719/7719 7732/7732
f 7732/7732 7731/7731 7720/7720
f 7733/7733 7735/7735 7736/7736
f 7736/7736 7734/7734 7733/7733
f 7735/7735 7737/7737 7738/7738
f 7738/7738 7736/7736 7735/7735
f 7727/7727 7725/7725 7736/7736
f 7736/7736 7738/7738 7727/7727
f 7725/7725 7723/7723 7734/7734
f 7734/7734 7736/7736 7725/7725
f 7739/7739 7740/7740 7741/7741
f 7741/7741 7742/7742 7739/7739
f 7740/7740 7743/7743 7744/7744
f 7744/7744 7741/7741 7740/7740
f 7733/7733 7730/7730 7741/7741
f 7741/7741 7744/7744 7733/7733
f 7730/7730 7729/7729 7742/7742
f 7742/7742 7741/7741 7730/7730
f 7743/7743 7745/7745 7746/7746
f 7746/7746 7744/7744 7743/7743
f 7745/7745 7747/7747 7748/7748
f 7748/7748 7746/7746 7745/7745
f 7737/7737 7735/7735 7746/7746
f 7746/7746 7748/7748 7737/7737
f 7735/7735 7733/7733 7744/7744
f 7744/7744 7746/7746 7735/7735
f 7617/7617 7616/7616 7749/7749
f 7749/7749 7750/7750 7617/7617
f 7616/7616 7615/7615 7751/7751
f 7751/7751 7749/7749 7616/7616
f 7607/7607 7605/7605 7749/7749
f 7749/7749 7751/7751 7607/7607
f 7605/7605 7603/7603 7750/7750
f 7750/7750 7749/7749 7605/7605
f 7623/7623 7622/7622 7752/7752
f 7752/7752 7753/7753 7623/7623
f 7622/7622 7617/7617 7750/7750
f 7750/7750 7752/7752 7622/7622
f 7603/7603 7600/7600 7752/7752
f 7752/7752 7750/7750 7603/7603
f 7600/7600 7599/7599 7753/7753
f 7753/7753 7752/7752 7600/7600
f 7754/7754 7755/7755 7756/7756
f 7756/7756 7757/7757 7754/7754
f 7755/7755 7758/7758 7759/7759
f 7759/7759 7756/7756 7755/7755
f 7609/7609 7619/7619 7756/7756
f 7756/7756 7759/7759 7609/7609
f 7619/7619 7618/7618 7757/7757
f 7757/7757 7756/7756 7619/7619
f 7758/7758 7760/7760 7761/7761
f 7761/7761 7759/7759 7758/7758
f 7760/7760 7762/7762 7763/7763
f 7763/7763 7761/7761 7760/7760
f 7613/7613 7610/7610 7761/7761
f 7761/7761 7763/7763 7613/7613
f 7610/7610 7609/7609 7759/7759
f 7759/7759 7761/7761 7610/7610
f 7764/7764 7765/7765 7766/7766
f 7766/7766 7767/7767 7764/7764
f 7765/7765 7768/7768 7769/7769
f 7769/7769 7766/7766 7765/7765
f 7762/7762 7760/7760 7766/7766
f 7766/7766 7769/7769 7762/7762
f 7760/7760 7758/7758 7767/7767
f 7767/7767 7766/7766 7760/7760
f 7770/7770 7771/7771 7772/7772
f 7772/7772 7773/7773 7770/7770
f 7771/7771 7764/7764 7767/7767
f 7767/7767 7772/7772 7771/7771
f 7758/7758 7755/7755 7772/7772
f 7772/7772 7767/7767 7758/7758
f 7755/7755 7754/7754 7773/7773
f 7773/7773 7772/7772 7755/7755
f 7774/7774 7775/7775 7776/7776
f 7776/7776 7777/7777 7774/7774
f 7775/7775 7778/7778 7779/7779
f 7779/7779 7776/7776 7775/7775
f 7780/7780 7781/7781 7776/7776
f 7776/7776 7779/7779 7780/7780
f 7781/7781 7782/7782 7777/7777
f 7777/7777 7776/7776 7781/7781
f 7783/7783 7784/7784 7785/7785
f 7785/7785 7786/7786 7783/7783
f 7784/7784 7774/7774 7777/7777
f 7777/7777 7785/7785 7784/7784
f 7782/7782 7787/7787 7785/7785
f 7785/7785 7777/7777 7782/7782
f 7787/7787 7788/7788 7786/7786
f 7786/7786 7785/7785 7787/7787
f 7789/7789 7790/7790 7791/7791
f 7791/7791 7792/7792 7789/7789
f 7790/7790 7793/7793 7794/7794
f 7794/7794 7791/7791 7790/7790
f 7774/7774 7784/7784 7791/7791
f 7791/7791 7794/7794 7774/7774
f 7784/7784 7783/7783 7792/7792
f 7792/7792 7791/7791 7784/7784
f 7793/7793 7795/7795 7796/7796
f 7796/7796 7794/7794 7793/7793
f 7795/7795 7797/7797 7798/7798
f 7798/7798 7796/7796 7795/7795
f 7778/7778 7775/7775 7796/7796
f 7796/7796 7798/7798 7778/7778
f 7775/7775 7774/7774 7794/7794
f 7794/7794 7796/7796 7775/7775
f 7799/7799 7800/7800 7801/7801
f 7801/7801 7802/7802 7799/7799
f 7800/7800 7803/7803 7804/7804
f 7804/7804 7801/7801 7800/7800
f 7805/7805 7806/7806 7801/7801
f 7801/7801 7804/7804 7805/7805
f 7806/7806 7807/7807 7802/7802
f 7802/7802 7801/7801 7806/7806
f 7805/7805 7808/7808 7809/7809
f 7809/7809 7810/7810 7805/7805
f 7808/7808 7811/7811 7812/7812
f 7812/7812 7809/7809 7808/7808
f 7797/7797 7795/7795 7809/7809
f 7809/7809 7812/7812 7797/7797
f 7795/7795 7793/7793 7810/7810
f 7810/7810 7809/7809 7795/7795
f 7803/7803 7813/7813 7814/7814
f 7814/7814 7804/7804 7803/7803
f 7813/7813 7815/7815 7816/7816
f 7816/7816 7814/7814 7813/7813
f 7811/7811 7808/7808 7814/7814
f 7814/7814 7816/7816 7811/7811
f 7808/7808 7805/7805 7804/7804
f 7804/7804 7814/7814 7808/7808
f 7807/7807 7806/7806 7817/7817
f 7817/7817 7818/7818 7807/7807
f 7806/7806 7805/7805 7810/7810
f 7810/7810 7817/7817 7806/7806
f 7793/7793 7790/7790 7817/7817
f 7817/7817 7810/7810 7793/7793
f 7790/7790 7789/7789 7818/7818
f 7818/7818 7817/7817 7790/7790
f 7819/7819 7820/7820 7821/7821
f 7821/7821 7822/7822 7819/7819
f 7820/7820 7823/7823 7824/7824
f 7824/7824 7821/7821 7820/7820
f 7825/7825 7826/7826 7821/7821
f 7821/7821 7824/7824 7825/7825
f 7826/7826 7827/7827 7822/7822
f 7822/7822 7821/7821 7826/7826
f 7828/7828 7829/7829 7830/7830
f 7830/7830 7831/7831 7828/7828
f 7829/7829 7832/7832 7833/7833
f 7833/7833 7830/7830 7829/7829
f 7825/7825 7824/7824 7830/7830
f 7830/7830 7833/7833 7825/7825
f 7824/7824 7823/7823 7831/7831
f 7831/7831 7830/7830 7824/7824
f 7834/7834 7835/7835 7836/7836
f 7836/7836 7837/7837 7834/7834
f 7835/7835 7838/7838 7839/7839
f 7839/7839 7836/7836 7835/7835
f 7819/7819 7822/7822 7836/7836
f 7836/7836 7839/7839 7819/7819
f 7822/7822 7827/7827 7837/7837
f 7837/7837 7836/7836 7822/7822
f 7840/7840 7841/7841 7842/7842
f 7842/7842 7843/7843 7840/7840
f 7841/7841 7819/7819 7844/7844
f 7844/7844 7842/7842 7841/7841
f 7845/7845 7846/7846 7842/7842
f 7842/7842 7844/7844 7845/7845
f 7846/7846 7847/7847 7843/7843
f 7843/7843 7842/7842 7846/7846
f 7838/7838 7848/7848 7849/7849
f 7849/7849 7839/7839 7838/7838
f 7848/7848 7850/7850 7851/7851
f 7851/7851 7849/7849 7848/7848
f 7845/7845 7844/7844 7849/7849
f 7849/7849 7851/7851 7845/7845
f 7844/7844 7819/7819 7839/7839
f 7839/7839 7849/7849 7844/7844
f 7840/7840 7852/7852 7853/7853
f 7853/7853 7841/7841 7840/7840
f 7852/7852 7823/7823 7820/7820
f 7820/7820 7853/7853 7852/7852
f 7819/7819 7841/7841 7853/7853
f 7853/7853 7820/7820 7819/7819
f 7823/7823 7852/7852 7854/7854
f 7854/7854 7855/7855 7823/7823
f 7852/7852 7840/7840 7856/7856
f 7856/7856 7854/7854 7852/7852
f 7857/7857 7858/7858 7854/7854
f 7854/7854 7856/7856 7857/7857
f 7858/7858 7859/7859 7855/7855
f 7855/7855 7854/7854 7858/7858
f 7860/7860 7861/7861 7862/7862
f 7862/7862 7863/7863 7860/7860
f 7861/7861 7864/7864 7865/7865
f 7865/7865 7862/7862 7861/7861
f 7857/7857 7856/7856 7862/7862
f 7862/7862 7865/7865 7857/7857
f 7856/7856 7840/7840 7863/7863
f 7863/7863 7862/7862 7856/7856
f 7866/7866 7867/7867 7868/7868
f 7868/7868 7869/7869 7866/7866
f 7867/7867 7860/7860 7863/7863
f 7863/7863 7868/7868 7867/7867
f 7840/7840 7843/7843 7868/7868
f 7868/7868 7863/7863 7840/7840
f 7843/7843 7847/7847 7869/7869
f 7869/7869 7868/7868 7843/7843
f 7870/7870 7871/7871 7872/7872
f 7872/7872 7873/7873 7870/7870
f 7871/7871 7874/7874 7875/7875
f 7875/7875 7872/7872 7871/7871
f 7864/7864 7861/7861 7872/7872
f 7872/7872 7875/7875 7864/7864
f 7861/7861 7860/7860 7873/7873
f 7873/7873 7872/7872 7861/7861
f 7876/7876 7877/7877 7878/7878
f 7878/7878 7879/7879 7876/7876
f 7877/7877 7870/7870 7873/7873
f 7873/7873 7878/7878 7877/7877
f 7860/7860 7867/7867 7878/7878
f 7878/7878 7873/7873 7860/7860
f 7867/7867 7866/7866 7879/7879
f 7879/7879 7878/7878 7867/7867
f 7880/7880 7881/7881 7882/7882
f 7882/7882 7883/7883 7880/7880
f 7881/7881 7884/7884 7885/7885
f 7885/7885 7882/7882 7881/7881
f 7874/7874 7871/7871 7882/7882
f 7882/7882 7885/7885 7874/7874
f 7871/7871 7870/7870 7883/7883
f 7883/7883 7882/7882 7871/7871
f 7886/7886 7887/7887 7888/7888
f 7888/7888 7889/7889 7886/7886
f 7887/7887 7880/7880 7883/7883
f 7883/7883 7888/7888 7887/7887
f 7870/7870 7877/7877 7888/7888
f 7888/7888 7883/7883 7870/7870
f 7877/7877 7876/7876 7889/7889
f 7889/7889 7888/7888 7877/7877
f 7890/7890 7891/7891 7892/7892
f 7892/7892 7893/7893 7890/7890
f 7891/7891 7828/7828 7831/7831
f 7831/7831 7892/7892 7891/7891
f 7823/7823 7855/7855 7892/7892
f 7892/7892 7831/7831 7823/7823
f 7855/7855 7859/7859 7893/7893
f 7893/7893 7892/7892 7855/7855
f 7894/7894 7895/7895 7896/7896
f 7896/7896 7897/7897 7894/7894
f 7895/7895 7898/7898 7899/7899
f 7899/7899 7896/7896 7895/7895
f 7828/7828 7891/7891 7896/7896
f 7896/7896 7899/7899 7828/7828
f 7891/7891 7890/7890 7897/7897
f 7897/7897 7896/7896 7891/7891
f 7898/7898 7900/7900 7901/7901
f 7901/7901 7899/7899 7898/7898
f 7900/7900 7902/7902 7903/7903
f 7903/7903 7901/7901 7900/7900
f 7832/7832 7829/7829 7901/7901
f 7901/7901 7903/7903 7832/7832
f 7829/7829 7828/7828 7899/7899
f 7899/7899 7901/7901 7829/7829
f 7904/7904 7905/7905 7906/7906
f 7906/7906 7907/7907 7904/7904
f 7905/7905 7908/7908 7909/7909
f 7909/7909 7906/7906 7905/7905
f 7902/7902 7900/7900 7906/7906
f 7906/7906 7909/7909 7902/7902
f 7900/7900 7898/7898 7907/7907
f 7907/7907 7906/7906 7900/7900
f 7910/7910 7911/7911 7912/7912
f 7912/7912 7913/7913 7910/7910
f 7911/7911 7904/7904 7907/7907
f 7907/7907 7912/7912 7911/7911
f 7898/7898 7895/7895 7912/7912
f 7912/7912 7907/7907 7898/7898
f 7895/7895 7894/7894 7913/7913
f 7913/7913 7912/7912 7895/7895
f 7914/7914 7915/7915 7916/7916
f 7916/7916 7917/7917 7914/7914
f 7915/7915 7918/7918 7919/7919
f 7919/7919 7916/7916 7915/7915
f 7838/7838 7835/7835 7916/7916
f 7916/7916 7919/7919 7838/7838
f 7835/7835 7834/7834 7917/7917
f 7917/7917 7916/7916 7835/7835
f 7918/7918 7920/7920 7921/7921
f 7921/7921 7919/7919 7918/7918
f 7920/7920 7922/7922 7923/7923
f 7923/7923 7921/7921 7920/7920
f 7850/7850 7848/7848 7921/7921
f 7921/7921 7923/7923 7850/7850
f 7848/7848 7838/7838 7919/7919
f 7919/7919 7921/7921 7848/7848
f 7924/7924 7925/7925 7926/7926
f 7926/7926 7927/7927 7924/7924
f 7925/7925 7928/7928 7929/7929
f 7929/7929 7926/7926 7925/7925
f 7918/7918 7915/7915 7926/7926
f 7926/7926 7929/7929 7918/7918
f 7915/7915 7914/7914 7927/7927
f 7927/7927 7926/7926 7915/7915
f 7928/7928 7930/7930 7931/7931
f 7931/7931 7929/7929 7928/7928
f 7930/7930 7932/7932 7933/7933
f 7933/7933 7931/7931 7930/7930
f 7922/7922 7920/7920 7931/7931
f 7931/7931 7933/7933 7922/7922
f 7920/7920 7918/7918 7929/7929
f 7929/7929 7931/7931 7920/7920
f 7934/7934 7935/7935 7936/7936
f 7936/7936 7937/7937 7934/7934
f 7935/7935 7938/7938 7939/7939
f 7939/7939 7936/7936 7935/7935
f 7928/7928 7925/7925 7936/7936
f 7936/7936 7939/7939 7928/7928
f 7925/7925 7924/7924 7937/7937
f 7937/7937 7936/7936 7925/7925
f 7938/7938 7940/7940 7941/7941
f 7941/7941 7939/7939 7938/7938
f 7940/7940 7942/7942 7943/7943
f 7943/7943 7941/7941 7940/7940
f 7932/7932 7930/7930 7941/7941
f 7941/7941 7943/7943 7932/7932
f 7930/7930 7928/7928 7939/7939
f 7939/7939 7941/7941 7930/7930
f 7944/7944 7945/7945 7946/7946
f 7946/7946 7947/7947 7944/7944
f 7945/7945 7948/7948 7949/7949
f 7949/7949 7946/7946 7945/7945
f 7950/7950 7951/7951 7946/7946
f 7946/7946 7949/7949 7950/7950
f 7951/7951 7952/7952 7947/7947
f 7947/7947 7946/7946 7951/7951
f 7953/7953 7954/7954 7955/7955
f 7955/7955 7956/7956 7953/7953
f 7954/7954 7944/7944 7947/7947
f 7947/7947 7955/7955 7954/7954
f 7952/7952 7957/7957 7955/7955
f 7955/7955 7947/7947 7952/7952
f 7957/7957 7958/7958 7956/7956
f 7956/7956 7955/7955 7957/7957
f 7959/7959 7960/7960 7961/7961
f 7961/7961 7962/7962 7959/7959
f 7960/7960 7963/7963 7964/7964
f 7964/7964 7961/7961 7960/7960
f 7944/7944 7954/7954 7961/7961
f 7961/7961 7964/7964 7944/7944
f 7954/7954 7953/7953 7962/7962
f 7962/7962 7961/7961 7954/7954
f 7963/7963 7965/7965 7966/7966
f 7966/7966 7964/7964 7963/7963
f 7965/7965 7967/7967 7968/7968
f 7968/7968 7966/7966 7965/7965
f 7948/7948 7945/7945 7966/7966
f 7966/7966 7968/7968 7948/7948
f 7945/7945 7944/7944 7964/7964
f 7964/7964 7966/7966 7945/7945
f 7969/7969 7970/7970 7971/7971
f 7971/7971 7972/7972 7969/7969
f 7970/7970 7973/7973 7974/7974
f 7974/7974 7971/7971 7970/7970
f 7975/7975 7976/7976 7971/7971
f 7971/7971 7974/7974 7975/7975
f 7976/7976 7977/7977 7972/7972
f 7972/7972 7971/7971 7976/7976
f 7978/7978 7979/7979 7980/7980
f 7980/7980 7981/7981 7978/7978
f 7979/7979 7982/7982 7983/7983
f 7983/7983 7980/7980 7979/7979
f 7967/7967 7965/7965 7980/7980
f 7980/7980 7983/7983 7967/7967
f 7965/7965 7963/7963 7981/7981
f 7981/7981 7980/7980 7965/7965
f 7973/7973 7984/7984 7985/7985
f 7985/7985 7974/7974 7973/7973
f 7984/7984 7986/7986 7987/7987
f 7987/7987 7985/7985 7984/7984
f 7988/7988 7989/7989 7985/7985
f 7985/7985 7987/7987 7988/7988
f 7989/7989 7975/7975 7974/7974
f 7974/7974 7985/7985 7989/7989
f 7990/7990 7991/7991 7992/7992
f 7992/7992 7993/7993 7990/7990
f 7991/7991 7978/7978 7981/7981
f 7981/7981 7992/7992 7991/7991
f 7963/7963 7960/7960 7992/7992
f 7992/7992 7981/7981 7963/7963
f 7960/7960 7959/7959 7993/7993
f 7993/7993 7992/7992 7960/7960
f 7994/7994 7995/7995 7996/7996
f 7996/7996 7997/7997 7994/7994
f 7995/7995 7998/7998 7999/7999
f 7999/7999 7996/7996 7995/7995
f 8000/8000 8001/8001 7996/7996
f 7996/7996 7999/7999 8000/8000
f 8001/8001 8002/8002 7997/7997
f 7997/7997 7996/7996 8001/8001
f 8003/8003 8004/8004 8005/8005
f 8005/8005 8006/8006 8003/8003
f 8004/8004 8007/8007 8008/8008
f 8008/8008 8005/8005 8004/8004
f 8000/8000 7999/7999 8005/8005
f 8005/8005 8008/8008 8000/8000
f 7999/7999 7998/7998 8006/8006
f 8006/8006 8005/8005 7999/7999
f 8009/8009 8010/8010 8011/8011
f 8011/8011 8012/8012 8009/8009
f 8010/8010 8013/8013 8014/8014
f 8014/8014 8011/8011 8010/8010
f 7994/7994 7997/7997 8011/8011
f 8011/8011 8014/8014 7994/7994
f 7997/7997 8002/8002 8012/8012
f 8012/8012 8011/8011 7997/7997
f 8015/8015 8016/8016 8017/8017
f 8017/8017 8018/8018 8015/8015
f 8016/8016 7994/7994 8019/8019
f 8019/8019 8017/8017 8016/8016
f 8020/8020 8021/8021 8017/8017
f 8017/8017 8019/8019 8020/8020
f 8021/8021 8022/8022 8018/8018
f 8018/8018 8017/8017 8021/8021
f 8013/8013 8023/8023 8024/8024
f 8024/8024 8014/8014 8013/8013
f 8023/8023 8025/8025 8026/8026
f 8026/8026 8024/8024 8023/8023
f 8020/8020 8019/8019 8024/8024
f 8024/8024 8026/8026 8020/8020
f 8019/8019 7994/7994 8014/8014
f 8014/8014 8024/8024 8019/8019
f 8015/8015 8027/8027 8028/8028
f 8028/8028 8016/8016 8015/8015
f 8027/8027 7998/7998 7995/7995
f 7995/7995 8028/8028 8027/8027
f 7994/7994 8016/8016 8028/8028
f 8028/8028 7995/7995 7994/7994
f 7998/7998 8027/8027 8029/8029
f 8029/8029 8030/8030 7998/7998
f 8027/8027 8015/8015 8031/8031
f 8031/8031 8029/8029 8027/8027
f 8032/8032 8033/8033 8029/8029
f 8029/8029 8031/8031 8032/8032
f 8033/8033 8034/8034 8030/8030
f 8030/8030 8029/8029 8033/8033
f 8035/8035 8036/8036 8037/8037
f 8037/8037 8038/8038 8035/8035
f 8036/8036 8039/8039 8040/8040
f 8040/8040 8037/8037 8036/8036
f 8032/8032 8031/8031 8037/8037
f 8037/8037 8040/8040 8032/8032
f 8031/8031 8015/8015 8038/8038
f 8038/8038 8037/8037 8031/8031
f 8041/8041 8042/8042 8043/8043
f 8043/8043 8044/8044 8041/8041
f 8042/8042 8035/8035 8038/8038
f 8038/8038 8043/8043 8042/8042
f 8015/8015 8018/8018 8043/8043
f 8043/8043 8038/8038 8015/8015
f 8018/8018 8022/8022 8044/8044
f 8044/8044 8043/8043 8018/8018
f 8045/8045 8046/8046 8047/8047
f 8047/8047 8048/8048 8045/8045
f 8046/8046 8049/8049 8050/8050
f 8050/8050 8047/8047 8046/8046
f 8039/8039 8036/8036 8047/8047
f 8047/8047 8050/8050 8039/8039
f 8036/8036 8035/8035 8048/8048
f 8048/8048 8047/8047 8036/8036
f 8051/8051 8052/8052 8053/8053
f 8053/8053 8054/8054 8051/8051
f 8052/8052 8045/8045 8048/8048
f 8048/8048 8053/8053 8052/8052
f 8035/8035 8042/8042 8053/8053
f 8053/8053 8048/8048 8035/8035
f 8042/8042 8041/8041 8054/8054
f 8054/8054 8053/8053 8042/8042
f 8055/8055 8056/8056 8057/8057
f 8057/8057 8058/8058 8055/8055
f 8056/8056 8059/8059 8060/8060
f 8060/8060 8057/8057 8056/8056
f 8049/8049 8046/8046 8057/8057
f 8057/8057 8060/8060 8049/8049
f 8046/8046 8045/8045 8058/8058
f 8058/8058 8057/8057 8046/8046
f 8061/8061 8062/8062 8063/8063
f 8063/8063 8064/8064 8061/8061
f 8062/8062 8055/8055 8058/8058
f 8058/8058 8063/8063 8062/8062
f 8045/8045 8052/8052 8063/8063
f 8063/8063 8058/8058 8045/8045
f 8052/8052 8051/8051 8064/8064
f 8064/8064 8063/8063 8052/8052
f 8065/8065 8066/8066 8067/8067
f 8067/8067 8068/8068 8065/8065
f 8066/8066 8003/8003 8006/8006
f 8006/8006 8067/8067 8066/8066
f 7998/7998 8030/8030 8067/8067
f 8067/8067 8006/8006 7998/7998
f 8030/8030 8034/8034 8068/8068
f 8068/8068 8067/8067 8030/8030
f 8069/8069 8070/8070 8071/8071
f 8071/8071 8072/8072 8069/8069
f 8070/8070 8073/8073 8074/8074
f 8074/8074 8071/8071 8070/8070
f 8003/8003 8066/8066 8071/8071
f 8071/8071 8074/8074 8003/8003
f 8066/8066 8065/8065 8072/8072
f 8072/8072 8071/8071 8066/8066
f 8073/8073 8075/8075 8076/8076
f 8076/8076 8074/8074 8073/8073
f 8075/8075 8077/8077 8078/8078
f 8078/8078 8076/8076 8075/8075
f 8007/8007 8004/8004 8076/8076
f 8076/8076 8078/8078 8007/8007
f 8004/8004 8003/8003 8074/8074
f 8074/8074 8076/8076 8004/8004
f 8079/8079 8080/8080 8081/8081
f 8081/8081 8082/8082 8079/8079
f 8080/8080 8083/8083 8084/8084
f 8084/8084 8081/8081 8080/8080
f 8077/8077 8075/8075 8081/8081
f 8081/8081 8084/8084 8077/8077
f 8075/8075 8073/8073 8082/8082
f 8082/8082 8081/8081 8075/8075
f 8085/8085 8086/8086 8087/8087
f 8087/8087 8088/8088 8085/8085
f 8086/8086 8079/8079 8082/8082
f 8082/8082 8087/8087 8086/8086
f 8073/8073 8070/8070 8087/8087
f 8087/8087 8082/8082 8073/8073
f 8070/8070 8069/8069 8088/8088
f 8088/8088 8087/8087 8070/8070
f 8089/8089 8090/8090 8091/8091
f 8091/8091 8092/8092 8089/8089
f 8090/8090 8093/8093 8094/8094
f 8094/8094 8091/8091 8090/8090
f 8013/8013 8010/8010 8091/8091
f 8091/8091 8094/8094 8013/8013
f 8010/8010 8009/8009 8092/8092
f 8092/8092 8091/8091 8010/8010
f 8093/8093 8095/8095 8096/8096
f 8096/8096 8094/8094 8093/8093
f 8095/8095 8097/8097 8098/8098
f 8098/8098 8096/8096 8095/8095
f 8025/8025 8023/8023 8096/8096
f 8096/8096 8098/8098 8025/8025
f 8023/8023 8013/8013 8094/8094
f 8094/8094 8096/8096 8023/8023
f 8099/8099 8100/8100 8101/8101
f 8101/8101 8102/8102 8099/8099
f 8100/8100 8103/8103 8104/8104
f 8104/8104 8101/8101 8100/8100
f 8093/8093 8090/8090 8101/8101
f 8101/8101 8104/8104 8093/8093
f 8090/8090 8089/8089 8102/8102
f 8102/8102 8101/8101 8090/8090
f 8103/8103 8105/8105 8106/8106
f 8106/8106 8104/8104 8103/8103
f 8105/8105 8107/8107 8108/8108
f 8108/8108 8106/8106 8105/8105
f 8097/8097 8095/8095 8106/8106
f 8106/8106 8108/8108 8097/8097
f 8095/8095 8093/8093 8104/8104
f 8104/8104 8106/8106 8095/8095
f 8109/8109 8110/8110 8111/8111
f 8111/8111 8112/8112 8109/8109
f 8110/8110 8113/8113 8114/8114
f 8114/8114 8111/8111 8110/8110
f 8103/8103 8100/8100 8111/8111
f 8111/8111 8114/8114 8103/8103
f 8100/8100 8099/8099 8112/8112
f 8112/8112 8111/8111 8100/8100
f 8113/8113 8115/8115 8116/8116
f 8116/8116 8114/8114 8113/8113
f 8115/8115 8117/8117 8118/8118
f 8118/8118 8116/8116 8115/8115
f 8107/8107 8105/8105 8116/8116
f 8116/8116 8118/8118 8107/8107
f 8105/8105 8103/8103 8114/8114
f 8114/8114 8116/8116 8105/8105
f 8119/8119 8120/8120 8121/8121
f 8121/8121 8122/8122 8119/8119
f 8120/8120 8123/8123 8124/8124
f 8124/8124 8121/8121 8120/8120
f 7986/7986 7984/7984 8121/8121
f 8121/8121 8124/8124 7986/7986
f 7984/7984 7973/7973 8122/8122
f 8122/8122 8121/8121 7984/7984
f 8125/8125 8126/8126 8127/8127
f 8127/8127 8128/8128 8125/8125
f 8126/8126 8119/8119 8122/8122
f 8122/8122 8127/8127 8126/8126
f 7973/7973 7970/7970 8127/8127
f 8127/8127 8122/8122 7973/7973
f 7970/7970 7969/7969 8128/8128
f 8128/8128 8127/8127 7970/7970
f 7977/7977 7976/7976 8129/8129
f 8129/8129 8130/8130 7977/7977
f 7976/7976 7975/7975 8131/8131
f 8131/8131 8129/8129 7976/7976
f 7978/7978 7991/7991 8129/8129
f 8129/8129 8131/8131 7978/7978
f 7991/7991 7990/7990 8130/8130
f 8130/8130 8129/8129 7991/7991
f 7975/7975 7989/7989 8132/8132
f 8132/8132 8131/8131 7975/7975
f 7989/7989 7988/7988 8133/8133
f 8133/8133 8132/8132 7989/7989
f 7982/7982 7979/7979 8132/8132
f 8132/8132 8133/8133 7982/7982
f 7979/7979 7978/7978 8131/8131
f 8131/8131 8132/8132 7979/7979
f 8134/8134 8135/8135 8136/8136
f 8136/8136 8137/8137 8134/8134
f 8135/8135 8138/8138 8139/8139
f 8139/8139 8136/8136 8135/8135
f 8140/8140 8141/8141 8136/8136
f 8136/8136 8139/8139 8140/8140
f 8141/8141 8142/8142 8137/8137
f 8137/8137 8136/8136 8141/8141
f 8134/8134 8137/8137 8143/8143
f 8143/8143 8144/8144 8134/8134
f 8137/8137 8142/8142 8145/8145
f 8145/8145 8143/8143 8137/8137
f 8146/8146 8147/8147 8143/8143
f 8143/8143 8145/8145 8146/8146
f 8147/8147 8148/8148 8144/8144
f 8144/8144 8143/8143 8147/8147
f 8149/8149 8150/8150 8151/8151
f 8151/8151 8152/8152 8149/8149
f 8150/8150 8153/8153 8154/8154
f 8154/8154 8151/8151 8150/8150
f 8155/8155 8156/8156 8151/8151
f 8151/8151 8154/8154 8155/8155
f 8156/8156 8157/8157 8152/8152
f 8152/8152 8151/8151 8156/8156
f 8149/8149 8152/8152 8158/8158
f 8158/8158 8159/8159 8149/8149
f 8152/8152 8157/8157 8160/8160
f 8160/8160 8158/8158 8152/8152
f 8161/8161 8162/8162 8158/8158
f 8158/8158 8160/8160 8161/8161
f 8162/8162 8163/8163 8159/8159
f 8159/8159 8158/8158 8162/8162
f 8164/8164 8165/8165 8166/8166
f 8166/8166 8167/8167 8164/8164
f 8165/8165 8168/8168 8169/8169
f 8169/8169 8166/8166 8165/8165
f 8170/8170 8171/8171 8166/8166
f 8166/8166 8169/8169 8170/8170
f 8171/8171 8172/8172 8167/8167
f 8167/8167 8166/8166 8171/8171
f 8164/8164 8167/8167 8173/8173
f 8173/8173 8174/8174 8164/8164
f 8167/8167 8172/8172 8175/8175
f 8175/8175 8173/8173 8167/8167
f 8176/8176 8177/8177 8173/8173
f 8173/8173 8175/8175 8176/8176
f 8177/8177 8178/8178 8174/8174
f 8174/8174 8173/8173 8177/8177
f 8157/8157 8179/8179 8180/8180
f 8180/8180 8160/8160 8157/8157
f 8179/8179 8164/8164 8174/8174
f 8174/8174 8180/8180 8179/8179
f 8178/8178 8181/8181 8180/8180
f 8180/8180 8174/8174 8178/8178
f 8181/8181 8161/8161 8160/8160
f 8160/8160 8180/8180 8181/8181
f 8157/8157 8156/8156 8182/8182
f 8182/8182 8179/8179 8157/8157
f 8156/8156 8155/8155 8183/8183
f 8183/8183 8182/8182 8156/8156
f 8168/8168 8165/8165 8182/8182
f 8182/8182 8183/8183 8168/8168
f 8165/8165 8164/8164 8179/8179
f 8179/8179 8182/8182 8165/8165
f 8142/8142 8184/8184 8185/8185
f 8185/8185 8145/8145 8142/8142
f 8184/8184 8149/8149 8159/8159
f 8159/8159 8185/8185 8184/8184
f 8163/8163 8186/8186 8185/8185
f 8185/8185 8159/8159 8163/8163
f 8186/8186 8146/8146 8145/8145
f 8145/8145 8185/8185 8186/8186
f 8142/8142 8141/8141 8187/8187
f 8187/8187 8184/8184 8142/8142
f 8141/8141 8140/8140 8188/8188
f 8188/8188 8187/8187 8141/8141
f 8153/8153 8150/8150 8187/8187
f 8187/8187 8188/8188 8153/8153
f 8150/8150 8149/8149 8184/8184
f 8184/8184 8187/8187 8150/8150
f 8189/8189 8190/8190 8191/8191
f 8191/8191 8192/8192 8189/8189
f 8190/8190 8193/8193 8194/8194
f 8194/8194 8191/8191 8190/8190
f 8195/8195 8196/8196 8191/8191
f 8191/8191 8194/8194 8195/8195
f 8196/8196 8197/8197 8192/8192
f 8192/8192 8191/8191 8196/8196
f 8198/8198 8199/8199 8200/8200
f 8200/8200 8201/8201 8198/8198
f 8199/8199 8202/8202 8203/8203
f 8203/8203 8200/8200 8199/8199
f 8193/8193 8190/8190 8200/8200
f 8200/8200 8203/8203 8193/8193
f 8190/8190 8189/8189 8201/8201
f 8201/8201 8200/8200 8190/8190
f 8193/8193 8203/8203 8204/8204
f 8204/8204 8205/8205 8193/8193
f 8203/8203 8202/8202 8206/8206
f 8206/8206 8204/8204 8203/8203
f 8207/8207 8208/8208 8204/8204
f 8204/8204 8206/8206 8207/8207
f 8208/8208 8209/8209 8205/8205
f 8205/8205 8204/8204 8208/8208
f 8195/8195 8194/8194 8210/8210
f 8210/8210 8211/8211 8195/8195
f 8194/8194 8193/8193 8205/8205
f 8205/8205 8210/8210 8194/8194
f 8209/8209 8212/8212 8210/8210
f 8210/8210 8205/8205 8209/8209
f 8212/8212 8213/8213 8211/8211
f 8211/8211 8210/8210 8212/8212
f 8209/8209 8208/8208 8214/8214
f 8214/8214 8215/8215 8209/8209
f 8208/8208 8207/8207 8216/8216
f 8216/8216 8214/8214 8208/8208
f 8217/8217 8218/8218 8214/8214
f 8214/8214 8216/8216 8217/8217
f 8218/8218 8219/8219 8215/8215
f 8215/8215 8214/8214 8218/8218
f 8213/8213 8212/8212 8220/8220
f 8220/8220 8221/8221 8213/8213
f 8212/8212 8209/8209 8215/8215
f 8215/8215 8220/8220 8212/8212
f 8219/8219 8222/8222 8220/8220
f 8220/8220 8215/8215 8219/8219
f 8222/8222 8223/8223 8221/8221
f 8221/8221 8220/8220 8222/8222
f 8219/8219 8218/8218 8224/8224
f 8224/8224 8225/8225 8219/8219
f 8218/8218 8217/8217 8226/8226
f 8226/8226 8224/8224 8218/8218
f 8227/8227 8228/8228 8224/8224
f 8224/8224 8226/8226 8227/8227
f 8228/8228 8229/8229 8225/8225
f 8225/8225 8224/8224 8228/8228
f 8223/8223 8222/8222 8230/8230
f 8230/8230 8231/8231 8223/8223
f 8222/8222 8219/8219 8225/8225
f 8225/8225 8230/8230 8222/8222
f 8229/8229 8232/8232 8230/8230
f 8230/8230 8225/8225 8229/8229
f 8232/8232 8233/8233 8231/8231
f 8231/8231 8230/8230 8232/8232
f 8234/8234 8235/8235 8236/8236
f 8236/8236 8237/8237 8234/8234
f 8235/8235 8238/8238 8239/8239
f 8239/8239 8236/8236 8235/8235
f 8240/8240 8241/8241 8236/8236
f 8236/8236 8239/8239 8240/8240
f 8241/8241 8242/8242 8237/8237
f 8237/8237 8236/8236 8241/8241
f 8243/8243 8244/8244 8245/8245
f 8245/8245 8246/8246 8243/8243
f 8244/8244 8247/8247 8248/8248
f 8248/8248 8245/8245 8244/8244
f 8238/8238 8235/8235 8245/8245
f 8245/8245 8248/8248 8238/8238
f 8235/8235 8234/8234 8246/8246
f 8246/8246 8245/8245 8235/8235
f 8238/8238 8248/8248 8249/8249
f 8249/8249 8250/8250 8238/8238
f 8248/8248 8247/8247 8251/8251
f 8251/8251 8249/8249 8248/8248
f 8252/8252 8253/8253 8249/8249
f 8249/8249 8251/8251 8252/8252
f 8253/8253 8254/8254 8250/8250
f 8250/8250 8249/8249 8253/8253
f 8240/8240 8239/8239 8255/8255
f 8255/8255 8256/8256 8240/8240
f 8239/8239 8238/8238 8250/8250
f 8250/8250 8255/8255 8239/8239
f 8254/8254 8257/8257 8255/8255
f 8255/8255 8250/8250 8254/8254
f 8257/8257 8258/8258 8256/8256
f 8256/8256 8255/8255 8257/8257
f 8254/8254 8253/8253 8259/8259
f 8259/8259 8260/8260 8254/8254
f 8253/8253 8252/8252 8261/8261
f 8261/8261 8259/8259 8253/8253
f 8262/8262 8263/8263 8259/8259
f 8259/8259 8261/8261 8262/8262
f 8263/8263 8264/8264 8260/8260
f 8260/8260 8259/8259 8263/8263
f 8258/8258 8257/8257 8265/8265
f 8265/8265 8266/8266 8258/8258
f 8257/8257 8254/8254 8260/8260
f 8260/8260 8265/8265 8257/8257
f 8264/8264 8267/8267 8265/8265
f 8265/8265 8260/8260 8264/8264
f 8267/8267 8268/8268 8266/8266
f 8266/8266 8265/8265 8267/8267
f 8264/8264 8263/8263 8269/8269
f 8269/8269 8270/8270 8264/8264
f 8263/8263 8262/8262 8271/8271
f 8271/8271 8269/8269 8263/8263
f 8272/8272 8273/8273 8269/8269
f 8269/8269 8271/8271 8272/8272
f 8273/8273 8274/8274 8270/8270
f 8270/8270 8269/8269 8273/8273
f 8268/8268 8267/8267 8275/8275
f 8275/8275 8276/8276 8268/8268
f 8267/8267 8264/8264 8270/8270
f 8270/8270 8275/8275 8267/8267
f 8274/8274 8277/8277 8275/8275
f 8275/8275 8270/8270 8274/8274
f 8277/8277 8278/8278 8276/8276
f 8276/8276 8275/8275 8277/8277
f 8279/8279 8280/8280 8281/8281
f 8281/8281 8282/8282 8279/8279
f 8280/8280 8283/8283 8284/8284
f 8284/8284 8281/8281 8280/8280
f 8285/8285 8286/8286 8281/8281
f 8281/8281 8284/8284 8285/8285
f 8286/8286 8287/8287 8282/8282
f 8282/8282 8281/8281 8286/8286
f 8288/8288 8289/8289 8290/8290
f 8290/8290 8291/8291 8288/8288
f 8289/8289 8292/8292 8293/8293
f 8293/8293 8290/8290 8289/8289
f 8283/8283 8280/8280 8290/8290
f 8290/8290 8293/8293 8283/8283
f 8280/8280 8279/8279 8291/8291
f 8291/8291 8290/8290 8280/8280
f 8283/8283 8293/8293 8294/8294
f 8294/8294 8295/8295 8283/8283
f 8293/8293 8292/8292 8296/8296
f 8296/8296 8294/8294 8293/8293
f 8297/8297 8298/8298 8294/8294
f 8294/8294 8296/8296 8297/8297
f 8298/8298 8299/8299 8295/8295
f 8295/8295 8294/8294 8298/8298
f 8285/8285 8284/8284 8300/8300
f 8300/8300 8301/8301 8285/8285
f 8284/8284 8283/8283 8295/8295
f 8295/8295 8300/8300 8284/8284
f 8299/8299 8302/8302 8300/8300
f 8300/8300 8295/8295 8299/8299
f 8302/8302 8303/8303 8301/8301
f 8301/8301 8300/8300 8302/8302
f 8299/8299 8298/8298 8304/8304
f 8304/8304 8305/8305 8299/8299
f 8298/8298 8297/8297 8306/8306
f 8306/8306 8304/8304 8298/8298
f 8307/8307 8308/8308 8304/8304
f 8304/8304 8306/8306 8307/8307
f 8308/8308 8309/8309 8305/8305
f 8305/8305 8304/8304 8308/8308
f 8303/8303 8302/8302 8310/8310
f 8310/8310 8311/8311 8303/8303
f 8302/8302 8299/8299 8305/8305
f 8305/8305 8310/8310 8302/8302
f 8309/8309 8312/8312 8310/8310
f 8310/8310 8305/8305 8309/8309
f 8312/8312 8313/8313 8311/8311
f 8311/8311 8310/8310 8312/8312
f 8309/8309 8308/8308 8314/8314
f 8314/8314 8315/8315 8309/8309
f 8308/8308 8307/8307 8316/8316
f 8316/8316 8314/8314 8308/8308
f 8317/8317 8318/8318 8314/8314
f 8314/8314 8316/8316 8317/8317
f 8318/8318 8319/8319 8315/8315
f 8315/8315 8314/8314 8318/8318
f 8313/8313 8312/8312 8320/8320
f 8320/8320 8321/8321 8313/8313
f 8312/8312 8309/8309 8315/8315
f 8315/8315 8320/8320 8312/8312
f 8319/8319 8322/8322 8320/8320
f 8320/8320 8315/8315 8319/8319
f 8322/8322 8323/8323 8321/8321
f 8321/8321 8320/8320 8322/8322
f 8324/8324 8325/8325 8326/8326
f 8326/8326 8327/8327 8324/8324
f 8325/8325 8328/8328 8329/8329
f 8329/8329 8326/8326 8325/8325
f 8330/8330 8331/8331 8326/8326
f 8326/8326 8329/8329 8330/8330
f 8331/8331 8332/8332 8327/8327
f 8327/8327 8326/8326 8331/8331
f 8333/8333 8334/8334 8335/8335
f 8335/8335 8336/8336 8333/8333
f 8334/8334 8337/8337 8338/8338
f 8338/8338 8335/8335 8334/8334
f 8328/8328 8325/8325 8335/8335
f 8335/8335 8338/8338 8328/8328
f 8325/8325 8324/8324 8336/8336
f 8336/8336 8335/8335 8325/8325
f 8328/8328 8338/8338 8339/8339
f 8339/8339 8340/8340 8328/8328
f 8338/8338 8337/8337 8341/8341
f 8341/8341 8339/8339 8338/8338
f 8342/8342 8343/8343 8339/8339
f 8339/8339 8341/8341 8342/8342
f 8343/8343 8344/8344 8340/8340
f 8340/8340 8339/8339 8343/8343
f 8330/8330 8329/8329 8345/8345
f 8345/8345 8346/8346 8330/8330
f 8329/8329 8328/8328 8340/8340
f 8340/8340 8345/8345 8329/8329
f 8344/8344 8347/8347 8345/8345
f 8345/8345 8340/8340 8344/8344
f 8347/8347 8348/8348 8346/8346
f 8346/8346 8345/8345 8347/8347
f 8344/8344 8343/8343 8349/8349
f 8349/8349 8350/8350 8344/8344
f 8343/8343 8342/8342 8351/8351
f 8351/8351 8349/8349 8343/8343
f 8352/8352 8353/8353 8349/8349
f 8349/8349 8351/8351 8352/8352
f 8353/8353 8354/8354 8350/8350
f 8350/8350 8349/8349 8353/8353
f 8348/8348 8347/8347 8355/8355
f 8355/8355 8356/8356 8348/8348
f 8347/8347 8344/8344 8350/8350
f 8350/8350 8355/8355 8347/8347
f 8354/8354 8357/8357 8355/8355
f 8355/8355 8350/8350 8354/8354
f 8357/8357 8358/8358 8356/8356
f 8356/8356 8355/8355 8357/8357
f 8354/8354 8353/8353 8359/8359
f 8359/8359 8360/8360 8354/8354
f 8353/8353 8352/8352 8361/8361
f 8361/8361 8359/8359 8353/8353
f 8362/8362 8363/8363 8359/8359
f 8359/8359 8361/8361 8362/8362
f 8363/8363 8364/8364 8360/8360
f 8360/8360 8359/8359 8363/8363
f 8358/8358 8357/8357 8365/8365
f 8365/8365 8366/8366 8358/8358
f 8357/8357 8354/8354 8360/8360
f 8360/8360 8365/8365 8357/8357
f 8364/8364 8367/8367 8365/8365
f 8365/8365 8360/8360 8364/8364
f 8367/8367 8368/8368 8366/8366
f 8366/8366 8365/8365 8367/8367
f 8369/8369 8370/8370 8371/8371
f 8371/8371 8372/8372 8369/8369
f 8370/8370 8373/8373 8374/8374
f 8374/8374 8371/8371 8370/8370
f 8375/8375 8376/8376 8371/8371
f 8371/8371 8374/8374 8375/8375
f 8376/8376 8377/8377 8372/8372
f 8372/8372 8371/8371 8376/8376
f 8378/8378 8379/8379 8380/8380
f 8380/8380 8381/8381 8378/8378
f 8379/8379 8382/8382 8383/8383
f 8383/8383 8380/8380 8379/8379
f 8373/8373 8370/8370 8380/8380
f 8380/8380 8383/8383 8373/8373
f 8370/8370 8369/8369 8381/8381
f 8381/8381 8380/8380 8370/8370
f 8373/8373 8383/8383 8384/8384
f 8384/8384 8385/8385 8373/8373
f 8383/8383 8382/8382 8386/8386
f 8386/8386 8384/8384 8383/8383
f 8387/8387 8388/8388 8384/8384
f 8384/8384 8386/8386 8387/8387
f 8388/8388 8389/8389 8385/8385
f 8385/8385 8384/8384 8388/8388
f 8375/8375 8374/8374 8390/8390
f 8390/8390 8391/8391 8375/8375
f 8374/8374 8373/8373 8385/8385
f 8385/8385 8390/8390 8374/8374
f 8389/8389 8392/8392 8390/8390
f 8390/8390 8385/8385 8389/8389
f 8392/8392 8393/8393 8391/8391
f 8391/8391 8390/8390 8392/8392
f 8389/8389 8388/8388 8394/8394
f 8394/8394 8395/8395 8389/8389
f 8388/8388 8387/8387 8396/8396
f 8396/8396 8394/8394 8388/8388
f 8397/8397 8398/8398 8394/8394
f 8394/8394 8396/8396 8397/8397
f 8398/8398 8399/8399 8395/8395
f 8395/8395 8394/8394 8398/8398
f 8393/8393 8392/8392 8400/8400
f 8400/8400 8401/8401 8393/8393
f 8392/8392 8389/8389 8395/8395
f 8395/8395 8400/8400 8392/8392
f 8399/8399 8402/8402 8400/8400
f 8400/8400 8395/8395 8399/8399
f 8402/8402 8403/8403 8401/8401
f 8401/8401 8400/8400 8402/8402
f 8399/8399 8398/8398 8404/8404
f 8404/8404 8405/8405 8399/8399
f 8398/8398 8397/8397 8406/8406
f 8406/8406 8404/8404 8398/8398
f 8407/8407 8408/8408 8404/8404
f 8404/8404 8406/8406 8407/8407
f 8408/8408 8409/8409 8405/8405
f 8405/8405 8404/8404 8408/8408
f 8403/8403 8402/8402 8410/8410
f 8410/8410 8411/8411 8403/8403
f 8402/8402 8399/8399 8405/8405
f 8405/8405 8410/8410 8402/8402
f 8409/8409 8412/8412 8410/8410
f 8410/8410 8405/8405 8409/8409
f 8412/8412 8413/8413 8411/8411
f 8411/8411 8410/8410 8412/8412
f 8414/8414 8415/8415 8416/8416
f 8416/8416 8417/8417 8414/8414
f 8415/8415 8418/8418 8419/8419
f 8419/8419 8416/8416 8415/8415
f 8420/8420 8421/8421 8416/8416
f 8416/8416 8419/8419 8420/8420
f 8421/8421 8422/8422 8417/8417
f 8417/8417 8416/8416 8421/8421
f 8423/8423 8424/8424 8425/8425
f 8425/8425 8426/8426 8423/8423
f 8424/8424 8427/8427 8428/8428
f 8428/8428 8425/8425 8424/8424
f 8429/8429 8430/8430 8425/8425
f 8425/8425 8428/8428 8429/8429
f 8430/8430 8431/8431 8426/8426
f 8426/8426 8425/8425 8430/8430
f 8432/8432 8433/8433 8434/8434
f 8434/8434 8435/8435 8432/8432
f 8433/8433 8414/8414 8417/8417
f 8417/8417 8434/8434 8433/8433
f 8422/8422 8436/8436 8434/8434
f 8434/8434 8417/8417 8422/8422
f 8436/8436 8437/8437 8435/8435
f 8435/8435 8434/8434 8436/8436
f 8438/8438 8439/8439 8440/8440
f 8440/8440 8441/8441 8438/8438
f 8439/8439 8423/8423 8426/8426
f 8426/8426 8440/8440 8439/8439
f 8431/8431 8442/8442 8440/8440
f 8440/8440 8426/8426 8431/8431
f 8442/8442 8443/8443 8441/8441
f 8441/8441 8440/8440 8442/8442
f 8427/8427 8444/8444 8445/8445
f 8445/8445 8428/8428 8427/8427
f 8444/8444 8446/8446 8447/8447
f 8447/8447 8445/8445 8444/8444
f 8448/8448 8449/8449 8445/8445
f 8445/8445 8447/8447 8448/8448
f 8449/8449 8429/8429 8428/8428
f 8428/8428 8445/8445 8449/8449
f 8446/8446 8450/8450 8451/8451
f 8451/8451 8447/8447 8446/8446
f 8450/8450 8432/8432 8435/8435
f 8435/8435 8451/8451 8450/8450
f 8437/8437 8452/8452 8451/8451
f 8451/8451 8435/8435 8437/8437
f 8452/8452 8448/8448 8447/8447
f 8447/8447 8451/8451 8452/8452
f 8437/8437 8436/8436 8453/8453
f 8453/8453 8454/8454 8437/8437
f 8436/8436 8422/8422 8455/8455
f 8455/8455 8453/8453 8436/8436
f 8456/8456 8457/8457 8453/8453
f 8453/8453 8455/8455 8456/8456
f 8457/8457 8458/8458 8454/8454
f 8454/8454 8453/8453 8457/8457
f 8443/8443 8442/8442 8459/8459
f 8459/8459 8460/8460 8443/8443
f 8442/8442 8431/8431 8461/8461
f 8461/8461 8459/8459 8442/8442
f 8462/8462 8463/8463 8459/8459
f 8459/8459 8461/8461 8462/8462
f 8463/8463 8464/8464 8460/8460
f 8460/8460 8459/8459 8463/8463
f 8429/8429 8449/8449 8465/8465
f 8465/8465 8466/8466 8429/8429
f 8449/8449 8448/8448 8467/8467
f 8467/8467 8465/8465 8449/8449
f 8468/8468 8469/8469 8465/8465
f 8465/8465 8467/8467 8468/8468
f 8469/8469 8470/8470 8466/8466
f 8466/8466 8465/8465 8469/8469
f 8448/8448 8452/8452 8471/8471
f 8471/8471 8467/8467 8448/8448
f 8452/8452 8437/8437 8454/8454
f 8454/8454 8471/8471 8452/8452
f 8458/8458 8472/8472 8471/8471
f 8471/8471 8454/8454 8458/8458
f 8472/8472 8468/8468 8467/8467
f 8467/8467 8471/8471 8472/8472
f 8422/8422 8421/8421 8473/8473
f 8473/8473 8455/8455 8422/8422
f 8421/8421 8420/8420 8474/8474
f 8474/8474 8473/8473 8421/8421
f 8475/8475 8476/8476 8473/8473
f 8473/8473 8474/8474 8475/8475
f 8476/8476 8456/8456 8455/8455
f 8455/8455 8473/8473 8476/8476
f 8431/8431 8430/8430 8477/8477
f 8477/8477 8461/8461 8431/8431
f 8430/8430 8429/8429 8466/8466
f 8466/8466 8477/8477 8430/8430
f 8470/8470 8478/8478 8477/8477
f 8477/8477 8466/8466 8470/8470
f 8478/8478 8462/8462 8461/8461
f 8461/8461 8477/8477 8478/8478
f 8468/8468 8472/8472 8479/8479
f 8479/8479 8480/8480 8468/8468
f 8472/8472 8458/8458 8481/8481
f 8481/8481 8479/8479 8472/8472
f 8482/8482 8483/8483 8479/8479
f 8479/8479 8481/8481 8482/8482
f 8483/8483 8484/8484 8480/8480
f 8480/8480 8479/8479 8483/8483
f 8456/8456 8476/8476 8485/8485
f 8485/8485 8486/8486 8456/8456
f 8476/8476 8475/8475 8487/8487
f 8487/8487 8485/8485 8476/8476
f 8488/8488 8489/8489 8485/8485
f 8485/8485 8487/8487 8488/8488
f 8489/8489 8490/8490 8486/8486
f 8486/8486 8485/8485 8489/8489
f 8462/8462 8478/8478 8491/8491
f 8491/8491 8492/8492 8462/8462
f 8478/8478 8470/8470 8493/8493
f 8493/8493 8491/8491 8478/8478
f 8494/8494 8495/8495 8491/8491
f 8491/8491 8493/8493 8494/8494
f 8495/8495 8496/8496 8492/8492
f 8492/8492 8491/8491 8495/8495
f 8458/8458 8457/8457 8497/8497
f 8497/8497 8481/8481 8458/8458
f 8457/8457 8456/8456 8486/8486
f 8486/8486 8497/8497 8457/8457
f 8490/8490 8498/8498 8497/8497
f 8497/8497 8486/8486 8490/8490
f 8498/8498 8482/8482 8481/8481
f 8481/8481 8497/8497 8498/8498
f 8464/8464 8463/8463 8499/8499
f 8499/8499 8500/8500 8464/8464
f 8463/8463 8462/8462 8492/8492
f 8492/8492 8499/8499 8463/8463
f 8496/8496 8501/8501 8499/8499
f 8499/8499 8492/8492 8496/8496
f 8501/8501 8502/8502 8500/8500
f 8500/8500 8499/8499 8501/8501
f 8470/8470 8469/8469 8503/8503
f 8503/8503 8493/8493 8470/8470
f 8469/8469 8468/8468 8480/8480
f 8480/8480 8503/8503 8469/8469
f 8484/8484 8504/8504 8503/8503
f 8503/8503 8480/8480 8484/8484
f 8504/8504 8494/8494 8493/8493
f 8493/8493 8503/8503 8504/8504
f 8482/8482 8498/8498 8505/8505
f 8505/8505 8506/8506 8482/8482
f 8498/8498 8490/8490 8507/8507
f 8507/8507 8505/8505 8498/8498
f 8508/8508 8506/8506 8505/8505
f 8505/8505 8507/8507 8508/8508
f 8502/8502 8501/8501 8509/8509
f 8509/8509 8510/8510 8502/8502
f 8501/8501 8496/8496 8511/8511
f 8511/8511 8509/8509 8501/8501
f 8512/8512 8510/8510 8509/8509
f 8509/8509 8511/8511 8512/8512
f 8494/8494 8504/8504 8513/8513
f 8513/8513 8514/8514 8494/8494
f 8504/8504 8484/8484 8515/8515
f 8515/8515 8513/8513 8504/8504
f 8516/8516 8514/8514 8513/8513
f 8513/8513 8515/8515 8516/8516
f 8484/8484 8483/8483 8517/8517
f 8517/8517 8518/8518 8484/8484
f 8483/8483 8482/8482 8519/8519
f 8519/8519 8517/8517 8483/8483
f 8520/8520 8518/8518 8517/8517
f 8517/8517 8519/8519 8520/8520
f 8490/8490 8489/8489 8521/8521
f 8521/8521 8522/8522 8490/8490
f 8489/8489 8488/8488 8523/8523
f 8523/8523 8521/8521 8489/8489
f 8524/8524 8522/8522 8521/8521
f 8521/8521 8523/8523 8524/8524
f 8496/8496 8495/8495 8525/8525
f 8525/8525 8526/8526 8496/8496
f 8495/8495 8494/8494 8527/8527
f 8527/8527 8525/8525 8495/8495
f 8528/8528 8526/8526 8525/8525
f 8525/8525 8527/8527 8528/8528
f 8438/8438 8529/8529 8530/8530
f 8530/8530 8531/8531 8438/8438
f 8529/8529 8532/8532 8533/8533
f 8533/8533 8530/8530 8529/8529
f 8534/8534 8531/8531 8530/8530
f 8530/8530 8533/8533 8534/8534
f 8535/8535 8536/8536 8537/8537
f 8537/8537 8538/8538 8535/8535
f 8536/8536 8423/8423 8539/8539
f 8539/8539 8537/8537 8536/8536
f 8534/8534 8538/8538 8537/8537
f 8537/8537 8539/8539 8534/8534
f 8532/8532 8540/8540 8541/8541
f 8541/8541 8533/8533 8532/8532
f 8540/8540 8542/8542 8543/8543
f 8543/8543 8541/8541 8540/8540
f 8534/8534 8533/8533 8541/8541
f 8541/8541 8543/8543 8534/8534
f 8423/8423 8439/8439 8544/8544
f 8544/8544 8539/8539 8423/8423
f 8439/8439 8438/8438 8531/8531
f 8531/8531 8544/8544 8439/8439
f 8534/8534 8539/8539 8544/8544
f 8544/8544 8531/8531 8534/8534
f 8545/8545 8546/8546 8547/8547
f 8547/8547 8548/8548 8545/8545
f 8546/8546 8535/8535 8538/8538
f 8538/8538 8547/8547 8546/8546
f 8534/8534 8548/8548 8547/8547
f 8547/8547 8538/8538 8534/8534
f 8542/8542 8549/8549 8550/8550
f 8550/8550 8543/8543 8542/8542
f 8549/8549 8545/8545 8548/8548
f 8548/8548 8550/8550 8549/8549
f 8534/8534 8543/8543 8550/8550
f 8550/8550 8548/8548 8534/8534
