mtllib Lantern.mtl
g LanternPole_Lantern
usemtl LanternPost_Mat
v 0.66444 2.36529 0.00000
v 0.66307 2.36608 0.00382
v 0.66760 2.37061 0.00382
v 0.66839 2.36924 0.00000
v 0.67378 2.37227 0.00382
v 0.67378 2.37069 -0.00000
v 0.66569 2.37391 0.00540
v 0.65977 2.36799 0.00540
v 0.67378 2.37608 0.00540
v 0.66378 2.37722 0.00382
v 0.65646 2.36990 0.00382
v 0.67378 2.37990 0.00382
v 0.66299 2.37859 0.00000
v 0.65509 2.37069 0.00000
v 0.67378 2.38148 -0.00000
v 0.66378 2.37722 -0.00382
v 0.65646 2.36990 -0.00382
v 0.67378 2.37990 -0.00382
v 0.66569 2.37391 -0.00540
v 0.65977 2.36799 -0.00540
v 0.67378 2.37608 -0.00540
v 0.66760 2.37061 -0.00382
v 0.66307 2.36608 -0.00382
v 0.67378 2.37227 -0.00382
v 0.66839 2.36924 0.00000
v 0.66444 2.36529 0.00000
v 0.67378 2.37069 -0.00000
v 0.65222 2.35991 0.00000
v 0.65379 2.35991 0.00380
v 0.65760 2.35991 0.00539
v 0.66142 2.35991 0.00382
v 0.66301 2.35991 0.00000
v 0.66444 2.35454 0.00000
v 0.66307 2.35375 0.00382
v 0.66839 2.35059 0.00000
v 0.66760 2.34922 0.00382
v 0.67378 2.34914 -0.00000
v 0.67378 2.34756 0.00382
v 0.67918 2.35059 0.00000
v 0.67997 2.34922 0.00382
v 0.68313 2.35454 0.00000
v 0.68450 2.35375 0.00382
v 0.65977 2.35184 0.00540
v 0.66569 2.34591 0.00540
v 0.67378 2.34374 0.00540
v 0.68188 2.34591 0.00540
v 0.68780 2.35184 0.00540
v 0.65646 2.34993 0.00382
v 0.66378 2.34261 0.00382
v 0.67378 2.33993 0.00382
v 0.68379 2.34261 0.00382
v 0.69111 2.34993 0.00382
v 0.65509 2.34914 0.00000
v 0.66299 2.34124 0.00000
v 0.67378 2.33835 -0.00000
v 0.68458 2.34124 0.00000
v 0.69248 2.34914 0.00000
v 0.65646 2.34993 -0.00382
v 0.66378 2.34261 -0.00382
v 0.67378 2.33993 -0.00382
v 0.68379 2.34261 -0.00382
v 0.69111 2.34993 -0.00382
v 0.65977 2.35184 -0.00540
v 0.66569 2.34591 -0.00540
v 0.67378 2.34374 -0.00540
v 0.68188 2.34591 -0.00540
v 0.68780 2.35184 -0.00540
v 0.66307 2.35375 -0.00382
v 0.66760 2.34922 -0.00382
v 0.67378 2.34756 -0.00382
v 0.67997 2.34922 -0.00382
v 0.68450 2.35375 -0.00382
v 0.66444 2.35454 0.00000
v 0.66839 2.35059 0.00000
v 0.67378 2.34914 -0.00000
v 0.67918 2.35059 0.00000
v 0.68313 2.35454 0.00000
v 0.69378 2.35991 -0.00380
v 0.69535 2.35991 0.00000
v 0.69378 2.35991 0.00380
v 0.68997 2.35991 0.00539
v 0.68615 2.35991 0.00382
v 0.68456 2.35991 0.00000
v 0.68313 2.36529 0.00000
v 0.68450 2.36608 0.00382
v 0.67918 2.36924 0.00000
v 0.67997 2.37061 0.00382
v 0.67378 2.37069 -0.00000
v 0.67378 2.37227 0.00382
v 0.68780 2.36799 0.00540
v 0.68188 2.37391 0.00540
v 0.67378 2.37608 0.00540
v 0.69111 2.36990 0.00382
v 0.68379 2.37722 0.00382
v 0.67378 2.37990 0.00382
v 0.69248 2.37069 0.00000
v 0.68458 2.37859 0.00000
v 0.67378 2.38148 -0.00000
v 0.69111 2.36990 -0.00382
v 0.68379 2.37722 -0.00382
v 0.67378 2.37990 -0.00382
v 0.68780 2.36799 -0.00540
v 0.68188 2.37391 -0.00540
v 0.67378 2.37608 -0.00540
v 0.68450 2.36608 -0.00382
v 0.67997 2.37061 -0.00382
v 0.67378 2.37227 -0.00382
v 0.68313 2.36529 0.00000
v 0.67918 2.36924 0.00000
v 0.67378 2.37069 -0.00000
v 0.68997 2.35991 -0.00539
v 0.68615 2.35991 -0.00382
v 0.68456 2.35991 0.00000
v 0.65379 2.35991 -0.00380
v 0.65760 2.35991 -0.00539
v 0.66142 2.35991 -0.00382
v 0.66301 2.35991 0.00000
v 0.67378 2.34582 -0.00595
v 0.67135 2.34633 -0.00682
v 0.67135 2.34921 -0.00394
v 0.67378 2.34834 -0.00344
v 0.67135 2.35027 -0.00000
v 0.67378 2.34926 -0.00000
v 0.67135 2.34921 0.00394
v 0.67378 2.34834 0.00344
v 0.67135 2.34633 0.00682
v 0.67378 2.34582 0.00595
v 0.67035 2.35132 -0.00516
v 0.67035 2.34754 -0.00893
v 0.67035 2.34754 0.00893
v 0.67035 2.35132 0.00516
v 0.67035 2.35270 -0.00000
v 0.67135 2.35342 -0.00637
v 0.67135 2.34876 -0.01103
v 0.67135 2.34876 0.01103
v 0.67135 2.35342 0.00637
v 0.67135 2.35513 -0.00000
v 0.67378 2.35429 -0.00687
v 0.67378 2.34926 -0.01191
v 0.67378 2.34926 0.01191
v 0.67378 2.35429 0.00687
v 0.67378 2.35613 -0.00000
v 0.67622 2.35342 -0.00637
v 0.67622 2.34876 -0.01103
v 0.67622 2.34876 0.01103
v 0.67622 2.35342 0.00637
v 0.67622 2.35513 -0.00000
v 0.67722 2.35132 -0.00516
v 0.67722 2.34754 -0.00893
v 0.67722 2.34754 0.00893
v 0.67722 2.35132 0.00516
v 0.67722 2.35270 -0.00000
v 0.67622 2.34921 -0.00394
v 0.67622 2.34633 -0.00682
v 0.67622 2.34633 0.00682
v 0.67622 2.34921 0.00394
v 0.67622 2.35027 -0.00000
v 0.67378 2.34834 -0.00344
v 0.67378 2.34582 -0.00595
v 0.67378 2.34582 0.00595
v 0.67378 2.34834 0.00344
v 0.67378 2.34926 -0.00000
v 0.67722 2.34240 -0.01031
v 0.67621 2.34240 -0.01273
v 0.67378 2.34240 -0.01374
v 0.67136 2.34240 -0.01273
v 0.67035 2.34240 -0.01031
v 0.67135 2.34240 -0.00788
v 0.67378 2.34240 -0.00686
v 0.67378 2.33866 -0.00676
v 0.67130 2.33866 -0.00775
v 0.67027 2.33866 -0.01013
v 0.67130 2.33866 -0.01252
v 0.67378 2.33866 -0.01351
v 0.67627 2.33866 -0.01252
v 0.67729 2.33866 -0.01013
v 0.67622 2.34240 -0.00788
v 0.67627 2.33866 -0.00775
v 0.67378 2.34240 -0.00686
v 0.67378 2.33866 -0.00676
v 0.67378 2.34240 0.00686
v 0.67135 2.34240 0.00788
v 0.67130 2.33866 0.00775
v 0.67378 2.33866 0.00676
v 0.67027 2.33866 0.01013
v 0.67035 2.34240 0.01031
v 0.67130 2.33866 0.01252
v 0.67136 2.34240 0.01273
v 0.67378 2.33866 0.01351
v 0.67378 2.34240 0.01374
v 0.67627 2.33866 0.01252
v 0.67621 2.34240 0.01273
v 0.67729 2.33866 0.01013
v 0.67722 2.34240 0.01031
v 0.67627 2.33866 0.00775
v 0.67622 2.34240 0.00788
v 0.67378 2.33866 0.00676
v 0.67378 2.34240 0.00686
v 0.70330 2.33067 -0.00959
v 0.69924 2.33272 -0.00827
v 0.69544 2.33272 -0.01573
v 0.69889 2.33067 -0.01824
v 0.68952 2.33272 -0.02165
v 0.69202 2.33067 -0.02510
v 0.68206 2.33272 -0.02545
v 0.68337 2.33067 -0.02951
v 0.67378 2.33272 -0.02676
v 0.67378 2.33067 -0.03103
v 0.66551 2.33272 -0.02545
v 0.66420 2.33067 -0.02951
v 0.65805 2.33272 -0.02165
v 0.65555 2.33067 -0.02510
v 0.65213 2.33272 -0.01573
v 0.64868 2.33067 -0.01824
v 0.64833 2.33272 -0.00827
v 0.64427 2.33067 -0.00959
v 0.64702 2.33272 0.00000
v 0.64276 2.33067 0.00000
v 0.64833 2.33272 0.00827
v 0.64427 2.33067 0.00959
v 0.65213 2.33272 0.01573
v 0.64868 2.33067 0.01824
v 0.65805 2.33272 0.02165
v 0.65555 2.33067 0.02510
v 0.66551 2.33272 0.02545
v 0.66420 2.33067 0.02951
v 0.67378 2.33272 0.02676
v 0.67378 2.33067 0.03103
v 0.68206 2.33272 0.02545
v 0.68337 2.33067 0.02951
v 0.68952 2.33272 0.02165
v 0.69202 2.33067 0.02510
v 0.69544 2.33272 0.01573
v 0.69889 2.33067 0.01824
v 0.69924 2.33272 0.00827
v 0.70330 2.33067 0.00959
v 0.70055 2.33272 0.00000
v 0.70481 2.33067 0.00000
v 0.70902 2.32926 0.00000
v 0.70730 2.32926 -0.01089
v 0.70730 2.32926 0.01089
v 0.70229 2.32926 0.02071
v 0.69450 2.32926 0.02851
v 0.68467 2.32926 0.03351
v 0.67378 2.32926 0.03524
v 0.66290 2.32926 0.03351
v 0.65307 2.32926 0.02851
v 0.64528 2.32926 0.02071
v 0.64027 2.32926 0.01089
v 0.63855 2.32926 0.00000
v 0.64027 2.32926 -0.01089
v 0.64528 2.32926 -0.02071
v 0.65307 2.32926 -0.02851
v 0.66290 2.32926 -0.03351
v 0.67378 2.32926 -0.03524
v 0.68467 2.32926 -0.03351
v 0.69450 2.32926 -0.02851
v 0.70229 2.32926 -0.02071
v 0.71625 2.24443 -0.03085
v 0.70464 2.24443 -0.04247
v 0.67378 2.24443 -0.00000
v 0.69001 2.24443 -0.04992
v 0.67378 2.24443 -0.05249
v 0.65756 2.24443 -0.04992
v 0.64293 2.24443 -0.04247
v 0.63132 2.24443 -0.03085
v 0.62386 2.24443 -0.01622
v 0.62130 2.24443 0.00000
v 0.62386 2.24443 0.01622
v 0.63132 2.24443 0.03085
v 0.72371 2.24443 -0.01622
v 0.72627 2.24443 0.00000
v 0.72371 2.24443 0.01622
v 0.71625 2.24443 0.03085
v 0.70464 2.24443 0.04247
v 0.69001 2.24443 0.04992
v 0.67378 2.24443 0.05249
v 0.65756 2.24443 0.04992
v 0.64293 2.24443 0.04247
v 0.67378 2.33889 0.01649
v 0.66869 2.33889 0.01568
v 0.67378 2.33889 0.00000
v 0.66409 2.33889 0.01334
v 0.67888 2.33889 0.01568
v 0.67378 2.33889 -0.00000
v 0.67378 2.33889 0.00000
v 0.68348 2.33889 0.01334
v 0.68713 2.33889 0.00969
v 0.68947 2.33889 0.00510
v 0.69028 2.33889 -0.00000
v 0.68947 2.33889 -0.00510
v 0.66044 2.33889 0.00969
v 0.67378 2.33889 0.00000
v 0.67378 2.33889 0.00000
v 0.65810 2.33889 0.00510
v 0.65729 2.33889 -0.00000
v 0.65810 2.33889 -0.00510
v 0.66044 2.33889 -0.00969
v 0.66409 2.33889 -0.01334
v 0.67378 2.33889 -0.00000
v 0.68713 2.33889 -0.00969
v 0.68348 2.33889 -0.01334
v 0.67888 2.33889 -0.01568
v 0.67378 2.33889 -0.01649
v 0.67378 2.33889 -0.00000
v 0.67378 2.33889 0.00000
v 0.66869 2.33889 -0.01568
v 0.70730 2.32926 -0.01089
v 0.70730 2.32331 -0.01089
v 0.70902 2.32331 0.00000
v 0.70902 2.32926 0.00000
v 0.70730 2.32331 0.01089
v 0.70730 2.32926 0.01089
v 0.70229 2.32331 0.02071
v 0.70229 2.32926 0.02071
v 0.69450 2.32331 0.02851
v 0.69450 2.32926 0.02851
v 0.68467 2.32331 0.03351
v 0.68467 2.32926 0.03351
v 0.67378 2.32331 0.03524
v 0.67378 2.32926 0.03524
v 0.66290 2.32331 0.03351
v 0.66290 2.32926 0.03351
v 0.70229 2.32926 -0.02071
v 0.69450 2.32926 -0.02851
v 0.70229 2.32331 -0.02071
v 0.69450 2.32331 -0.02851
v 0.68467 2.32926 -0.03351
v 0.68467 2.32331 -0.03351
v 0.67378 2.32926 -0.03524
v 0.67378 2.32331 -0.03524
v 0.66290 2.32926 -0.03351
v 0.66290 2.32331 -0.03351
v 0.65307 2.32926 -0.02851
v 0.65307 2.32331 -0.02851
v 0.64528 2.32926 -0.02071
v 0.64528 2.32331 -0.02071
v 0.64027 2.32926 -0.01089
v 0.64027 2.32331 -0.01089
v 0.63855 2.32926 0.00000
v 0.63855 2.32331 0.00000
v 0.64027 2.32926 0.01089
v 0.64027 2.32331 0.01089
v 0.64528 2.32926 0.02071
v 0.64528 2.32331 0.02071
v 0.65307 2.32926 0.02851
v 0.65307 2.32331 0.02851
v 0.66290 2.32926 0.03351
v 0.66290 2.32331 0.03351
v 0.70730 2.32331 -0.01089
v 0.70503 2.32158 -0.01015
v 0.70663 2.32158 0.00000
v 0.70902 2.32331 0.00000
v 0.70503 2.32158 0.01015
v 0.70730 2.32331 0.01089
v 0.70036 2.32158 0.01931
v 0.70229 2.32331 0.02071
v 0.69309 2.32158 0.02657
v 0.69450 2.32331 0.02851
v 0.68394 2.32158 0.03124
v 0.68467 2.32331 0.03351
v 0.67378 2.32158 0.03285
v 0.67378 2.32331 0.03524
v 0.66363 2.32158 0.03124
v 0.66290 2.32331 0.03351
v 0.70229 2.32331 -0.02071
v 0.66423 2.31998 0.02941
v 0.67378 2.31998 0.03092
v 0.66446 2.31920 0.02871
v 0.67378 2.31920 0.03019
v 0.66465 2.31845 0.02813
v 0.67378 2.31845 0.02958
v 0.66471 2.31800 0.02793
v 0.67378 2.31800 0.02937
v 0.66451 2.31686 0.02856
v 0.67378 2.31686 0.03003
v 0.68286 2.31800 0.02793
v 0.68306 2.31686 0.02856
v 0.69105 2.31800 0.02376
v 0.69144 2.31686 0.02429
v 0.69755 2.31800 0.01726
v 0.69808 2.31686 0.01765
v 0.70172 2.31800 0.00908
v 0.70234 2.31686 0.00928
v 0.70315 2.31800 0.00000
v 0.70381 2.31686 0.00000
v 0.70172 2.31800 -0.00908
v 0.70234 2.31686 -0.00928
v 0.69755 2.31800 -0.01726
v 0.69808 2.31686 -0.01765
v 0.69105 2.31800 -0.02376
v 0.69144 2.31686 -0.02429
v 0.68286 2.31800 -0.02793
v 0.68306 2.31686 -0.02856
v 0.67378 2.31800 -0.02937
v 0.67378 2.31686 -0.03003
v 0.66471 2.31800 -0.02793
v 0.66451 2.31686 -0.02856
v 0.65652 2.31800 -0.02376
v 0.65613 2.31686 -0.02429
v 0.65002 2.31800 -0.01726
v 0.64949 2.31686 -0.01765
v 0.64585 2.31800 -0.00908
v 0.64523 2.31686 -0.00928
v 0.64442 2.31800 0.00000
v 0.64376 2.31686 0.00000
v 0.64585 2.31800 0.00908
v 0.64523 2.31686 0.00928
v 0.65002 2.31800 0.01726
v 0.64949 2.31686 0.01765
v 0.65652 2.31800 0.02376
v 0.65613 2.31686 0.02429
v 0.66471 2.31800 0.02793
v 0.66451 2.31686 0.02856
v 0.65593 2.31573 0.02458
v 0.66440 2.31573 0.02890
v 0.64920 2.31573 0.01786
v 0.64489 2.31573 0.00939
v 0.64340 2.31573 0.00000
v 0.64489 2.31573 -0.00939
v 0.64920 2.31573 -0.01786
v 0.65593 2.31573 -0.02458
v 0.66440 2.31573 -0.02890
v 0.67378 2.31573 -0.03038
v 0.68317 2.31573 -0.02890
v 0.69164 2.31573 -0.02458
v 0.69837 2.31573 -0.01786
v 0.70268 2.31573 -0.00939
v 0.70417 2.31573 0.00000
v 0.70268 2.31573 0.00939
v 0.69837 2.31573 0.01786
v 0.69164 2.31573 0.02458
v 0.68317 2.31573 0.02890
v 0.67378 2.31573 0.03038
v 0.66440 2.31573 0.02890
v 0.70242 2.31459 0.00930
v 0.70390 2.31459 0.00000
v 0.70172 2.31346 0.00908
v 0.70315 2.31346 0.00000
v 0.70242 2.31459 -0.00930
v 0.70172 2.31346 -0.00908
v 0.69755 2.31346 0.01726
v 0.69815 2.31459 0.01770
v 0.69105 2.31346 0.02376
v 0.69148 2.31459 0.02436
v 0.68286 2.31346 0.02793
v 0.68309 2.31459 0.02864
v 0.67378 2.31346 0.02937
v 0.67378 2.31459 0.03011
v 0.66471 2.31346 0.02793
v 0.66448 2.31459 0.02864
v 0.69815 2.31459 -0.01770
v 0.69755 2.31346 -0.01726
v 0.69148 2.31459 -0.02436
v 0.69105 2.31346 -0.02376
v 0.68309 2.31459 -0.02864
v 0.68286 2.31346 -0.02793
v 0.67378 2.31459 -0.03011
v 0.67378 2.31346 -0.02937
v 0.66448 2.31459 -0.02864
v 0.66471 2.31346 -0.02793
v 0.65609 2.31459 -0.02436
v 0.65652 2.31346 -0.02376
v 0.64942 2.31459 -0.01770
v 0.65002 2.31346 -0.01726
v 0.64515 2.31459 -0.00930
v 0.64585 2.31346 -0.00908
v 0.64367 2.31459 0.00000
v 0.64442 2.31346 0.00000
v 0.64515 2.31459 0.00930
v 0.64585 2.31346 0.00908
v 0.64942 2.31459 0.01770
v 0.65002 2.31346 0.01726
v 0.65609 2.31459 0.02436
v 0.65652 2.31346 0.02376
v 0.66448 2.31459 0.02864
v 0.66471 2.31346 0.02793
v 0.66290 2.32331 0.03351
v 0.66363 2.32158 0.03124
v 0.65448 2.32158 0.02657
v 0.65307 2.32331 0.02851
v 0.64721 2.32158 0.01931
v 0.64528 2.32331 0.02071
v 0.64254 2.32158 0.01015
v 0.64027 2.32331 0.01089
v 0.64094 2.32158 0.00000
v 0.63855 2.32331 0.00000
v 0.64254 2.32158 -0.01015
v 0.64027 2.32331 -0.01089
v 0.64721 2.32158 -0.01931
v 0.64528 2.32331 -0.02071
v 0.65448 2.32158 -0.02657
v 0.65307 2.32331 -0.02851
v 0.66363 2.32158 -0.03124
v 0.66290 2.32331 -0.03351
v 0.67378 2.32158 -0.03285
v 0.67378 2.32331 -0.03524
v 0.68394 2.32158 -0.03124
v 0.68467 2.32331 -0.03351
v 0.69309 2.32158 -0.02657
v 0.69450 2.32331 -0.02851
v 0.70036 2.32158 -0.01931
v 0.70319 2.31998 -0.00956
v 0.70471 2.31998 0.00000
v 0.70397 2.31920 0.00000
v 0.70250 2.31920 0.00933
v 0.70191 2.31845 0.00914
v 0.69771 2.31845 0.01738
v 0.69117 2.31845 0.02393
v 0.68292 2.31845 0.02813
v 0.70336 2.31845 0.00000
v 0.70191 2.31845 -0.00914
v 0.69771 2.31845 -0.01738
v 0.69117 2.31845 -0.02393
v 0.68292 2.31845 -0.02813
v 0.67378 2.31845 -0.02958
v 0.66465 2.31845 -0.02813
v 0.65640 2.31845 -0.02393
v 0.64986 2.31845 -0.01738
v 0.64566 2.31845 -0.00914
v 0.64421 2.31845 0.00000
v 0.64566 2.31845 0.00914
v 0.64986 2.31845 0.01738
v 0.65640 2.31845 0.02393
v 0.66465 2.31845 0.02813
v 0.64936 2.31920 -0.01774
v 0.65604 2.31920 -0.02442
v 0.66446 2.31920 -0.02871
v 0.67378 2.31920 -0.03019
v 0.68311 2.31920 -0.02871
v 0.69153 2.31920 -0.02442
v 0.69821 2.31920 -0.01774
v 0.70250 2.31920 -0.00933
v 0.69880 2.31998 -0.01817
v 0.69196 2.31998 -0.02502
v 0.68334 2.31998 -0.02941
v 0.67378 2.31998 -0.03092
v 0.66423 2.31998 -0.02941
v 0.65561 2.31998 -0.02502
v 0.64877 2.31998 -0.01817
v 0.64438 2.31998 -0.00956
v 0.64507 2.31920 -0.00933
v 0.64360 2.31920 0.00000
v 0.64507 2.31920 0.00933
v 0.64936 2.31920 0.01775
v 0.65604 2.31920 0.02442
v 0.66446 2.31920 0.02871
v 0.64286 2.31998 0.00000
v 0.64438 2.31998 0.00956
v 0.64877 2.31998 0.01817
v 0.65561 2.31998 0.02502
v 0.66423 2.31998 0.02941
v 0.72128 2.29878 -0.01543
v 0.72709 2.29636 -0.01732
v 0.72983 2.29636 0.00000
v 0.72373 2.29878 0.00000
v 0.72709 2.29636 0.01732
v 0.72128 2.29878 0.01543
v 0.71913 2.29636 0.03294
v 0.71419 2.29878 0.02935
v 0.70673 2.29636 0.04534
v 0.70314 2.29878 0.04040
v 0.69110 2.29636 0.05330
v 0.68922 2.29878 0.04750
v 0.67378 2.29636 0.05605
v 0.67378 2.29878 0.04994
v 0.65647 2.29636 0.05330
v 0.65835 2.29878 0.04750
v 0.71419 2.29878 -0.02935
v 0.71855 2.30119 0.00000
v 0.71636 2.30119 0.01383
v 0.71364 2.30388 0.00000
v 0.71169 2.30388 0.01232
v 0.70920 2.30706 0.00000
v 0.70746 2.30706 0.01094
v 0.70592 2.30991 0.00000
v 0.70434 2.30991 0.00993
v 0.70328 2.31267 0.00000
v 0.70184 2.31267 0.00911
v 0.69765 2.31267 0.01734
v 0.69112 2.31267 0.02386
v 0.68290 2.31267 0.02805
v 0.67378 2.31267 0.02950
v 0.66467 2.31267 0.02805
v 0.70184 2.31267 -0.00911
v 0.69765 2.31267 -0.01734
v 0.69112 2.31267 -0.02386
v 0.68290 2.31267 -0.02805
v 0.67378 2.31267 -0.02950
v 0.66467 2.31267 -0.02805
v 0.65645 2.31267 -0.02386
v 0.64992 2.31267 -0.01734
v 0.64573 2.31267 -0.00911
v 0.64429 2.31267 0.00000
v 0.64573 2.31267 0.00911
v 0.64992 2.31267 0.01734
v 0.65645 2.31267 0.02386
v 0.66467 2.31267 0.02805
v 0.65490 2.30991 0.02600
v 0.66386 2.30991 0.03056
v 0.64779 2.30991 0.01889
v 0.64323 2.30991 0.00993
v 0.64165 2.30991 0.00000
v 0.64323 2.30991 -0.00993
v 0.64779 2.30991 -0.01889
v 0.65490 2.30991 -0.02600
v 0.66386 2.30991 -0.03056
v 0.67378 2.30991 -0.03213
v 0.68371 2.30991 -0.03056
v 0.69267 2.30991 -0.02600
v 0.69978 2.30991 -0.01889
v 0.70434 2.30991 -0.00993
v 0.66284 2.30706 -0.03368
v 0.67378 2.30706 -0.03541
v 0.68473 2.30706 -0.03368
v 0.69460 2.30706 -0.02865
v 0.70243 2.30706 -0.02081
v 0.70746 2.30706 -0.01094
v 0.67378 2.30388 -0.03986
v 0.66147 2.30388 -0.03791
v 0.65297 2.30706 -0.02865
v 0.64514 2.30706 -0.02081
v 0.64011 2.30706 -0.01094
v 0.63837 2.30706 0.00000
v 0.64011 2.30706 0.01094
v 0.64514 2.30706 0.02081
v 0.65297 2.30706 0.02865
v 0.66284 2.30706 0.03368
v 0.65036 2.30388 0.03224
v 0.66147 2.30388 0.03791
v 0.64154 2.30388 0.02343
v 0.63588 2.30388 0.01232
v 0.63393 2.30388 0.00000
v 0.63588 2.30388 -0.01232
v 0.64154 2.30388 -0.02343
v 0.65036 2.30388 -0.03224
v 0.64747 2.30119 0.03622
v 0.65995 2.30119 0.04258
v 0.63757 2.30119 0.02631
v 0.63121 2.30119 0.01383
v 0.62902 2.30119 0.00000
v 0.63121 2.30119 -0.01383
v 0.63757 2.30119 -0.02631
v 0.64747 2.30119 -0.03622
v 0.65995 2.30119 -0.04258
v 0.67378 2.30119 -0.04477
v 0.68762 2.30119 -0.04258
v 0.68610 2.30388 -0.03791
v 0.69721 2.30388 -0.03224
v 0.70603 2.30388 -0.02343
v 0.71169 2.30388 -0.01232
v 0.70010 2.30119 -0.03622
v 0.71000 2.30119 -0.02631
v 0.71636 2.30119 -0.01383
v 0.70314 2.29878 -0.04040
v 0.71913 2.29636 -0.03294
v 0.70673 2.29636 -0.04534
v 0.68922 2.29878 -0.04750
v 0.69110 2.29636 -0.05330
v 0.67378 2.29878 -0.04994
v 0.67378 2.29636 -0.05604
v 0.65835 2.29878 -0.04750
v 0.65647 2.29636 -0.05330
v 0.64443 2.29878 -0.04040
v 0.64084 2.29636 -0.04534
v 0.63338 2.29878 -0.02935
v 0.62844 2.29636 -0.03294
v 0.62629 2.29878 -0.01543
v 0.62048 2.29636 -0.01732
v 0.62384 2.29878 0.00000
v 0.61774 2.29636 0.00000
v 0.62629 2.29878 0.01543
v 0.62048 2.29636 0.01732
v 0.63338 2.29878 0.02935
v 0.62844 2.29636 0.03294
v 0.64443 2.29878 0.04040
v 0.64084 2.29636 0.04534
v 0.65835 2.29878 0.04750
v 0.65647 2.29636 0.05330
v 0.72709 2.29636 -0.01732
v 0.72709 2.29379 -0.01732
v 0.72983 2.29379 0.00000
v 0.72983 2.29636 0.00000
v 0.72709 2.29379 0.01732
v 0.72709 2.29636 0.01732
v 0.71913 2.29379 0.03294
v 0.71913 2.29636 0.03294
v 0.70673 2.29379 0.04534
v 0.70673 2.29636 0.04534
v 0.69110 2.29379 0.05330
v 0.69110 2.29636 0.05330
v 0.67378 2.29379 0.05605
v 0.67378 2.29636 0.05605
v 0.65647 2.29379 0.05330
v 0.65647 2.29636 0.05330
v 0.64084 2.29379 0.04534
v 0.64084 2.29636 0.04534
v 0.62844 2.29379 0.03294
v 0.62844 2.29636 0.03294
v 0.62048 2.29379 0.01732
v 0.62048 2.29636 0.01732
v 0.61774 2.29379 0.00000
v 0.61774 2.29636 0.00000
v 0.62048 2.29379 -0.01732
v 0.62048 2.29636 -0.01732
v 0.62844 2.29379 -0.03294
v 0.62844 2.29636 -0.03294
v 0.64084 2.29379 -0.04534
v 0.64084 2.29636 -0.04534
v 0.65647 2.29379 -0.05330
v 0.65647 2.29636 -0.05330
v 0.67378 2.29379 -0.05604
v 0.67378 2.29636 -0.05604
v 0.67378 2.29636 -0.05604
v 0.67378 2.29379 -0.05604
v 0.69110 2.29379 -0.05330
v 0.69110 2.29636 -0.05330
v 0.70673 2.29379 -0.04534
v 0.70673 2.29636 -0.04534
v 0.71913 2.29379 -0.03294
v 0.71913 2.29636 -0.03294
v 0.72864 2.28690 -0.01782
v 0.72709 2.28461 -0.01732
v 0.72983 2.28461 0.00000
v 0.73146 2.28690 0.00000
v 0.72709 2.28461 0.01732
v 0.72864 2.28690 0.01782
v 0.71913 2.28461 0.03294
v 0.72045 2.28690 0.03390
v 0.70673 2.28461 0.04534
v 0.70769 2.28690 0.04666
v 0.69110 2.28461 0.05330
v 0.69161 2.28690 0.05486
v 0.67378 2.28461 0.05605
v 0.67378 2.28690 0.05768
v 0.65647 2.28461 0.05330
v 0.65596 2.28690 0.05486
v 0.64084 2.28461 0.04534
v 0.63988 2.28690 0.04666
v 0.62844 2.28461 0.03294
v 0.62712 2.28690 0.03390
v 0.62048 2.28461 0.01732
v 0.61893 2.28690 0.01782
v 0.61774 2.28461 0.00000
v 0.61611 2.28690 0.00000
v 0.62048 2.28461 -0.01732
v 0.61893 2.28690 -0.01782
v 0.62844 2.28461 -0.03294
v 0.62712 2.28690 -0.03390
v 0.64084 2.28461 -0.04534
v 0.63988 2.28690 -0.04666
v 0.65647 2.28461 -0.05330
v 0.65596 2.28690 -0.05486
v 0.67378 2.28461 -0.05604
v 0.67378 2.28690 -0.05768
v 0.62659 2.28920 0.03429
v 0.63950 2.28920 0.04719
v 0.63987 2.29150 0.04668
v 0.65595 2.29150 0.05488
v 0.65647 2.29379 0.05330
v 0.67378 2.29379 0.05605
v 0.67378 2.29150 0.05770
v 0.69110 2.29379 0.05330
v 0.69162 2.29150 0.05488
v 0.70673 2.29379 0.04534
v 0.70770 2.29150 0.04668
v 0.71913 2.29379 0.03294
v 0.72047 2.29150 0.03392
v 0.72709 2.29379 0.01732
v 0.72867 2.29150 0.01783
v 0.72983 2.29379 0.00000
v 0.73149 2.29150 0.00000
v 0.64084 2.29379 0.04534
v 0.62710 2.29150 0.03392
v 0.62844 2.29379 0.03294
v 0.61890 2.29150 0.01783
v 0.62048 2.29379 0.01732
v 0.61608 2.29150 0.00000
v 0.61774 2.29379 0.00000
v 0.61890 2.29150 -0.01783
v 0.62048 2.29379 -0.01732
v 0.62710 2.29150 -0.03392
v 0.62844 2.29379 -0.03294
v 0.63987 2.29150 -0.04668
v 0.64084 2.29379 -0.04534
v 0.65595 2.29150 -0.05488
v 0.65647 2.29379 -0.05330
v 0.67378 2.29150 -0.05770
v 0.67378 2.29379 -0.05604
v 0.61831 2.28920 0.01803
v 0.61545 2.28920 0.00000
v 0.61831 2.28920 -0.01803
v 0.62659 2.28920 -0.03429
v 0.63950 2.28920 -0.04719
v 0.65576 2.28920 -0.05548
v 0.67378 2.28920 -0.05833
v 0.67378 2.28690 -0.05768
v 0.67378 2.28461 -0.05604
v 0.69110 2.28461 -0.05330
v 0.69161 2.28690 -0.05486
v 0.70673 2.28461 -0.04534
v 0.70769 2.28690 -0.04666
v 0.71913 2.28461 -0.03294
v 0.72045 2.28690 -0.03390
v 0.67378 2.28920 -0.05833
v 0.69181 2.28920 -0.05548
v 0.67378 2.29150 -0.05770
v 0.69162 2.29150 -0.05488
v 0.67378 2.29379 -0.05604
v 0.69110 2.29379 -0.05330
v 0.70770 2.29150 -0.04668
v 0.70673 2.29379 -0.04534
v 0.72047 2.29150 -0.03392
v 0.71913 2.29379 -0.03294
v 0.72867 2.29150 -0.01783
v 0.72709 2.29379 -0.01732
v 0.70807 2.28920 -0.04719
v 0.72098 2.28920 -0.03429
v 0.72926 2.28920 -0.01803
v 0.73212 2.28920 0.00000
v 0.72926 2.28920 0.01803
v 0.72098 2.28920 0.03429
v 0.70807 2.28920 0.04719
v 0.69181 2.28920 0.05548
v 0.67378 2.28920 0.05833
v 0.65576 2.28920 0.05548
v 0.72709 2.28461 -0.01732
v 0.72709 2.28174 -0.01732
v 0.72983 2.28174 0.00000
v 0.72983 2.28461 0.00000
v 0.72709 2.28174 0.01732
v 0.72709 2.28461 0.01732
v 0.71913 2.28174 0.03294
v 0.71913 2.28461 0.03294
v 0.70673 2.28174 0.04534
v 0.70673 2.28461 0.04534
v 0.69110 2.28174 0.05330
v 0.69110 2.28461 0.05330
v 0.67378 2.28174 0.05605
v 0.67378 2.28461 0.05605
v 0.65647 2.28174 0.05330
v 0.65647 2.28461 0.05330
v 0.64084 2.28174 0.04534
v 0.64084 2.28461 0.04534
v 0.62844 2.28174 0.03294
v 0.62844 2.28461 0.03294
v 0.62048 2.28174 0.01732
v 0.62048 2.28461 0.01732
v 0.61774 2.28174 0.00000
v 0.61774 2.28461 0.00000
v 0.62048 2.28174 -0.01732
v 0.62048 2.28461 -0.01732
v 0.62844 2.28174 -0.03294
v 0.62844 2.28461 -0.03294
v 0.64084 2.28174 -0.04534
v 0.64084 2.28461 -0.04534
v 0.65647 2.28174 -0.05330
v 0.65647 2.28461 -0.05330
v 0.67378 2.28174 -0.05604
v 0.67378 2.28461 -0.05604
v 0.67378 2.28461 -0.05604
v 0.67378 2.28174 -0.05604
v 0.69110 2.28174 -0.05330
v 0.69110 2.28461 -0.05330
v 0.70673 2.28174 -0.04534
v 0.70673 2.28461 -0.04534
v 0.71913 2.28174 -0.03294
v 0.71913 2.28461 -0.03294
v 0.72709 2.28174 -0.01732
v 0.72540 2.28073 -0.01677
v 0.72805 2.28073 0.00000
v 0.72983 2.28174 0.00000
v 0.72540 2.28073 0.01677
v 0.72709 2.28174 0.01732
v 0.71769 2.28073 0.03190
v 0.71913 2.28174 0.03294
v 0.70568 2.28073 0.04390
v 0.70673 2.28174 0.04534
v 0.69055 2.28073 0.05161
v 0.69110 2.28174 0.05330
v 0.67378 2.28073 0.05427
v 0.67378 2.28174 0.05605
v 0.65702 2.28073 0.05161
v 0.65647 2.28174 0.05330
v 0.64189 2.28073 0.04390
v 0.64084 2.28174 0.04534
v 0.62988 2.28073 0.03190
v 0.62844 2.28174 0.03294
v 0.62217 2.28073 0.01677
v 0.62048 2.28174 0.01732
v 0.61952 2.28073 0.00000
v 0.61774 2.28174 0.00000
v 0.62217 2.28073 -0.01677
v 0.62048 2.28174 -0.01732
v 0.62988 2.28073 -0.03190
v 0.62844 2.28174 -0.03294
v 0.64189 2.28073 -0.04390
v 0.64084 2.28174 -0.04534
v 0.65702 2.28073 -0.05161
v 0.65647 2.28174 -0.05330
v 0.67378 2.28073 -0.05427
v 0.67378 2.28174 -0.05604
v 0.67378 2.28174 -0.05604
v 0.67378 2.28073 -0.05427
v 0.69055 2.28073 -0.05161
v 0.69110 2.28174 -0.05330
v 0.70568 2.28073 -0.04390
v 0.70673 2.28174 -0.04534
v 0.71769 2.28073 -0.03190
v 0.71913 2.28174 -0.03294
v 0.72540 2.24560 -0.01677
v 0.72371 2.24443 -0.01622
v 0.72627 2.24443 0.00000
v 0.72805 2.24560 0.00000
v 0.72371 2.24443 0.01622
v 0.72540 2.24560 0.01677
v 0.71625 2.24443 0.03085
v 0.71769 2.24560 0.03190
v 0.70464 2.24443 0.04247
v 0.70568 2.24560 0.04390
v 0.69001 2.24443 0.04992
v 0.69055 2.24560 0.05161
v 0.67378 2.24443 0.05249
v 0.67378 2.24560 0.05427
v 0.65756 2.24443 0.04992
v 0.65702 2.24560 0.05161
v 0.64293 2.24443 0.04247
v 0.64189 2.24560 0.04390
v 0.63132 2.24443 0.03085
v 0.62988 2.24560 0.03190
v 0.62386 2.24443 0.01622
v 0.62217 2.24560 0.01677
v 0.62130 2.24443 0.00000
v 0.61952 2.24560 0.00000
v 0.62386 2.24443 -0.01622
v 0.62217 2.24560 -0.01677
v 0.63132 2.24443 -0.03085
v 0.62988 2.24560 -0.03190
v 0.64293 2.24443 -0.04247
v 0.64189 2.24560 -0.04390
v 0.65756 2.24443 -0.04992
v 0.65702 2.24560 -0.05161
v 0.67378 2.24443 -0.05249
v 0.67378 2.24560 -0.05427
v 0.67378 2.24560 -0.05427
v 0.67378 2.24443 -0.05249
v 0.69001 2.24443 -0.04992
v 0.69055 2.24560 -0.05161
v 0.70464 2.24443 -0.04247
v 0.70568 2.24560 -0.04390
v 0.71625 2.24443 -0.03085
v 0.71769 2.24560 -0.03190
v 0.68311 2.31920 0.02871
v 0.69153 2.31920 0.02442
v 0.69821 2.31920 0.01775
v 0.68334 2.31998 0.02941
v 0.69196 2.31998 0.02502
v 0.69880 2.31998 0.01817
v 0.70319 2.31998 0.00956
v 0.69978 2.30991 0.01889
v 0.69267 2.30991 0.02600
v 0.68371 2.30991 0.03056
v 0.67378 2.30991 0.03213
v 0.66386 2.30991 0.03056
v 0.70243 2.30706 0.02081
v 0.69460 2.30706 0.02865
v 0.68473 2.30706 0.03368
v 0.67378 2.30706 0.03541
v 0.66284 2.30706 0.03368
v 0.70603 2.30388 0.02343
v 0.69721 2.30388 0.03224
v 0.68610 2.30388 0.03791
v 0.67378 2.30388 0.03986
v 0.66147 2.30388 0.03791
v 0.71000 2.30119 0.02631
v 0.70010 2.30119 0.03622
v 0.68762 2.30119 0.04258
v 0.67378 2.30119 0.04477
v 0.65995 2.30119 0.04258
v 0.69660 2.33478 -0.00000
v 0.69549 2.33478 -0.00705
v 0.69549 2.33478 0.00705
v 0.69225 2.33478 0.01341
v 0.68720 2.33478 0.01846
v 0.68084 2.33478 0.02170
v 0.67378 2.33478 0.02282
v 0.66673 2.33478 0.02170
v 0.66037 2.33478 0.01846
v 0.65532 2.33478 0.01341
v 0.65208 2.33478 0.00705
v 0.65097 2.33478 -0.00000
v 0.65208 2.33478 -0.00705
v 0.65532 2.33478 -0.01341
v 0.66037 2.33478 -0.01846
v 0.66673 2.33478 -0.02170
v 0.67378 2.33478 -0.02282
v 0.68084 2.33478 -0.02170
v 0.68720 2.33478 -0.01846
v 0.69225 2.33478 -0.01341
v 0.65805 2.33684 -0.01143
v 0.65529 2.33684 -0.00601
v 0.66235 2.33684 -0.01573
v 0.66778 2.33684 -0.01850
v 0.67378 2.33684 -0.01945
v 0.67979 2.33684 -0.01850
v 0.68522 2.33684 -0.01573
v 0.68952 2.33684 -0.01143
v 0.69228 2.33684 -0.00601
v 0.69323 2.33684 -0.00000
v 0.69228 2.33684 0.00601
v 0.68952 2.33684 0.01143
v 0.68522 2.33684 0.01573
v 0.67979 2.33684 0.01850
v 0.67378 2.33684 0.01945
v 0.66778 2.33684 0.01850
v 0.66235 2.33684 0.01573
v 0.65805 2.33684 0.01143
v 0.65529 2.33684 0.00601
v 0.65434 2.33684 -0.00000
v 0.67888 2.33889 0.01568
v 0.68348 2.33889 0.01334
v 0.68713 2.33889 0.00969
v 0.68947 2.33889 0.00510
v 0.69028 2.33889 -0.00000
v 0.68947 2.33889 -0.00510
v 0.65729 2.33889 -0.00000
v 0.65810 2.33889 0.00510
v 0.66044 2.33889 0.00969
v 0.66409 2.33889 0.01334
v 0.66869 2.33889 0.01568
v 0.67378 2.33889 0.01649
v 0.68713 2.33889 -0.00969
v 0.68348 2.33889 -0.01334
v 0.67888 2.33889 -0.01568
v 0.67378 2.33889 -0.01649
v 0.66869 2.33889 -0.01568
v 0.66409 2.33889 -0.01334
v 0.66044 2.33889 -0.00969
v 0.65810 2.33889 -0.00510
v 0.67378 2.28073 -0.05427
v 0.67378 2.27907 -0.05427
v 0.69055 2.27907 -0.05161
v 0.69055 2.28073 -0.05161
v 0.70568 2.27907 -0.04390
v 0.70568 2.28073 -0.04390
v 0.71769 2.27907 -0.03190
v 0.71769 2.28073 -0.03190
v 0.72540 2.27907 -0.01677
v 0.72540 2.28073 -0.01677
v 0.72805 2.27907 0.00000
v 0.72805 2.28073 0.00000
v 0.72540 2.27907 0.01677
v 0.72540 2.28073 0.01677
v 0.71769 2.27907 0.03190
v 0.71769 2.28073 0.03190
v 0.70568 2.27907 0.04390
v 0.70568 2.28073 0.04390
v 0.69055 2.27907 0.05161
v 0.69055 2.28073 0.05161
v 0.67378 2.27907 0.05427
v 0.67378 2.28073 0.05427
v 0.65702 2.27907 0.05161
v 0.65702 2.28073 0.05161
v 0.64189 2.27907 0.04390
v 0.64189 2.28073 0.04390
v 0.62988 2.27907 0.03190
v 0.62988 2.28073 0.03190
v 0.62217 2.27907 0.01677
v 0.62217 2.28073 0.01677
v 0.61952 2.27907 0.00000
v 0.61952 2.28073 0.00000
v 0.62217 2.27907 -0.01677
v 0.62217 2.28073 -0.01677
v 0.62988 2.27907 -0.03190
v 0.62988 2.28073 -0.03190
v 0.64189 2.27907 -0.04390
v 0.64189 2.28073 -0.04390
v 0.65702 2.27907 -0.05161
v 0.65702 2.28073 -0.05161
v 0.67378 2.27907 -0.05427
v 0.67378 2.28073 -0.05427
v 0.67164 2.27690 -0.05393
v 0.67164 2.24930 -0.05393
v 0.67150 2.27675 -0.05387
v 0.67150 2.24944 -0.05387
v 0.67141 2.27664 -0.05374
v 0.67141 2.24955 -0.05374
v 0.65916 2.24930 -0.05195
v 0.65931 2.24944 -0.05194
v 0.67141 2.24955 -0.05374
v 0.65944 2.24955 -0.05185
v 0.65931 2.27675 -0.05194
v 0.65916 2.27690 -0.05195
v 0.65944 2.27664 -0.05185
v 0.67141 2.27664 -0.05374
v 0.65944 2.24955 -0.05185
v 0.65944 2.27664 -0.05185
v 0.67378 2.24713 -0.05427
v 0.65702 2.24713 -0.05161
v 0.67378 2.24560 -0.05427
v 0.65702 2.24560 -0.05161
v 0.64189 2.24713 -0.04390
v 0.64189 2.24560 -0.04390
v 0.62988 2.24713 -0.03190
v 0.62988 2.24560 -0.03190
v 0.62217 2.24713 -0.01677
v 0.62217 2.24560 -0.01677
v 0.61952 2.24713 0.00000
v 0.61952 2.24560 0.00000
v 0.62217 2.24713 0.01677
v 0.62217 2.24560 0.01677
v 0.62988 2.24713 0.03190
v 0.62988 2.24560 0.03190
v 0.64189 2.24713 0.04390
v 0.64189 2.24560 0.04390
v 0.65702 2.24713 0.05161
v 0.65702 2.24560 0.05161
v 0.67378 2.24713 0.05427
v 0.67378 2.24560 0.05427
v 0.69055 2.24713 0.05161
v 0.69055 2.24560 0.05161
v 0.70568 2.24713 0.04390
v 0.70568 2.24560 0.04390
v 0.71769 2.24713 0.03190
v 0.71769 2.24560 0.03190
v 0.72540 2.24713 0.01677
v 0.72540 2.24560 0.01677
v 0.72805 2.24713 0.00000
v 0.72805 2.24560 0.00000
v 0.72540 2.24713 -0.01677
v 0.72540 2.24560 -0.01677
v 0.71769 2.24713 -0.03190
v 0.71769 2.24560 -0.03190
v 0.70568 2.24713 -0.04390
v 0.70568 2.24560 -0.04390
v 0.69055 2.24713 -0.05161
v 0.69055 2.24560 -0.05161
v 0.67378 2.24713 -0.05427
v 0.67378 2.24560 -0.05427
v 0.70722 2.24930 -0.04237
v 0.71615 2.24930 -0.03343
v 0.71602 2.24944 -0.03351
v 0.71602 2.27675 -0.03351
v 0.71615 2.27690 -0.03343
v 0.71587 2.27664 -0.03351
v 0.71587 2.24955 -0.03351
v 0.70729 2.24944 -0.04224
v 0.71587 2.24955 -0.03351
v 0.70730 2.24955 -0.04208
v 0.70722 2.27690 -0.04237
v 0.70729 2.27675 -0.04224
v 0.70730 2.24955 -0.04208
v 0.70730 2.27664 -0.04208
v 0.70730 2.27664 -0.04208
v 0.71587 2.27664 -0.03351
v 0.71867 2.27690 -0.02996
v 0.71867 2.24930 -0.02996
v 0.71871 2.24944 -0.02981
v 0.72431 2.24944 -0.01882
v 0.72416 2.24955 -0.01887
v 0.71866 2.24955 -0.02967
v 0.72441 2.24930 -0.01870
v 0.72431 2.27675 -0.01882
v 0.72441 2.27690 -0.01870
v 0.72416 2.27664 -0.01887
v 0.72416 2.24955 -0.01887
v 0.71871 2.27675 -0.02981
v 0.71866 2.27664 -0.02967
v 0.72416 2.27664 -0.01887
v 0.71866 2.24955 -0.02967
v 0.71866 2.27664 -0.02967
v 0.72093 2.25122 -0.01909
v 0.72093 2.27497 -0.01909
v 0.71694 2.27497 -0.02692
v 0.71694 2.25122 -0.02692
v 0.72093 2.27497 -0.01909
v 0.71694 2.27497 -0.02692
v 0.72573 2.27690 -0.01463
v 0.72574 2.24930 -0.01463
v 0.72572 2.24944 -0.01447
v 0.72765 2.24944 -0.00228
v 0.72753 2.24955 -0.00237
v 0.72563 2.24955 -0.01435
v 0.72771 2.24930 -0.00214
v 0.72765 2.27675 -0.00228
v 0.72771 2.27690 -0.00214
v 0.72753 2.27664 -0.00237
v 0.72753 2.24955 -0.00237
v 0.72572 2.27675 -0.01447
v 0.72563 2.27664 -0.01435
v 0.72753 2.27664 -0.00237
v 0.72563 2.24955 -0.01435
v 0.72563 2.27664 -0.01435
v 0.72771 2.27690 0.00214
v 0.72771 2.24930 0.00214
v 0.72765 2.24944 0.00228
v 0.72572 2.24944 0.01447
v 0.72563 2.24955 0.01435
v 0.72753 2.24955 0.00238
v 0.72574 2.24930 0.01463
v 0.72572 2.27675 0.01447
v 0.72573 2.27690 0.01463
v 0.72563 2.27664 0.01435
v 0.72563 2.24955 0.01435
v 0.72765 2.27675 0.00228
v 0.72753 2.27664 0.00238
v 0.72563 2.27664 0.01435
v 0.72753 2.24955 0.00238
v 0.72753 2.27664 0.00238
v 0.72441 2.27690 0.01870
v 0.72441 2.24930 0.01870
v 0.72431 2.24944 0.01882
v 0.71871 2.24944 0.02981
v 0.71866 2.24955 0.02967
v 0.72416 2.24955 0.01887
v 0.71867 2.24930 0.02996
v 0.71871 2.27675 0.02981
v 0.71867 2.27690 0.02996
v 0.71866 2.27664 0.02967
v 0.71866 2.24955 0.02967
v 0.72431 2.27675 0.01882
v 0.72416 2.27664 0.01887
v 0.71866 2.27664 0.02967
v 0.72416 2.24955 0.01887
v 0.72416 2.27664 0.01887
v 0.71615 2.27690 0.03343
v 0.71615 2.24930 0.03343
v 0.71602 2.24944 0.03351
v 0.70729 2.24944 0.04224
v 0.70730 2.24955 0.04208
v 0.71587 2.24955 0.03351
v 0.70722 2.24930 0.04237
v 0.70729 2.27675 0.04224
v 0.70722 2.27690 0.04237
v 0.70730 2.27664 0.04208
v 0.70730 2.24955 0.04208
v 0.71602 2.27675 0.03351
v 0.71587 2.27664 0.03351
v 0.70730 2.27664 0.04208
v 0.71587 2.24955 0.03351
v 0.71587 2.27664 0.03351
v 0.70375 2.27690 0.04489
v 0.70375 2.24930 0.04489
v 0.70360 2.24944 0.04492
v 0.69260 2.24944 0.05052
v 0.69265 2.24955 0.05038
v 0.70345 2.24955 0.04487
v 0.69249 2.24930 0.05063
v 0.69260 2.27675 0.05052
v 0.69249 2.27690 0.05063
v 0.69265 2.27664 0.05038
v 0.69265 2.24955 0.05038
v 0.70360 2.27675 0.04492
v 0.70345 2.27664 0.04487
v 0.69265 2.27664 0.05038
v 0.70345 2.24955 0.04487
v 0.70345 2.27664 0.04487
v 0.68841 2.27690 0.05195
v 0.68841 2.24930 0.05195
v 0.68826 2.24944 0.05194
v 0.67607 2.24944 0.05387
v 0.67616 2.24955 0.05374
v 0.68813 2.24955 0.05185
v 0.67593 2.24930 0.05393
v 0.67607 2.27675 0.05387
v 0.67593 2.27690 0.05393
v 0.67616 2.27664 0.05374
v 0.67616 2.24955 0.05374
v 0.68826 2.27675 0.05194
v 0.68813 2.27664 0.05185
v 0.67616 2.27664 0.05374
v 0.68813 2.24955 0.05185
v 0.68813 2.27664 0.05185
v 0.67164 2.27690 0.05393
v 0.67164 2.24930 0.05393
v 0.67150 2.24944 0.05387
v 0.65931 2.24944 0.05194
v 0.65944 2.24955 0.05185
v 0.67141 2.24955 0.05374
v 0.65916 2.24930 0.05195
v 0.65931 2.27675 0.05194
v 0.65916 2.27690 0.05195
v 0.65944 2.27664 0.05185
v 0.65944 2.24955 0.05185
v 0.67150 2.27675 0.05387
v 0.67141 2.27664 0.05374
v 0.65944 2.27664 0.05185
v 0.67141 2.24955 0.05374
v 0.67141 2.27664 0.05374
v 0.65508 2.27690 0.05063
v 0.65508 2.24930 0.05063
v 0.65497 2.24944 0.05052
v 0.64397 2.24944 0.04492
v 0.64412 2.24955 0.04487
v 0.65492 2.24955 0.05038
v 0.64382 2.24930 0.04489
v 0.64397 2.27675 0.04492
v 0.64382 2.27690 0.04489
v 0.64412 2.27664 0.04487
v 0.64412 2.24955 0.04487
v 0.65497 2.27675 0.05052
v 0.65492 2.27664 0.05038
v 0.64412 2.27664 0.04487
v 0.65492 2.24955 0.05038
v 0.65492 2.27664 0.05038
v 0.64035 2.27690 0.04237
v 0.64035 2.24930 0.04237
v 0.64028 2.24944 0.04224
v 0.63155 2.24944 0.03351
v 0.63170 2.24955 0.03351
v 0.64027 2.24955 0.04208
v 0.63142 2.24930 0.03343
v 0.63155 2.27675 0.03351
v 0.63142 2.27690 0.03343
v 0.63170 2.27664 0.03351
v 0.63170 2.24955 0.03351
v 0.64028 2.27675 0.04224
v 0.64027 2.27664 0.04208
v 0.63170 2.27664 0.03351
v 0.64027 2.24955 0.04208
v 0.64027 2.27664 0.04208
v 0.62890 2.27690 0.02996
v 0.62890 2.24930 0.02996
v 0.62886 2.24944 0.02981
v 0.62326 2.24944 0.01882
v 0.62341 2.24955 0.01887
v 0.62891 2.24955 0.02967
v 0.62316 2.24930 0.01870
v 0.62326 2.27675 0.01882
v 0.62316 2.27690 0.01870
v 0.62341 2.27664 0.01887
v 0.62341 2.24955 0.01887
v 0.62886 2.27675 0.02981
v 0.62891 2.27664 0.02967
v 0.62341 2.27664 0.01887
v 0.62891 2.24955 0.02967
v 0.62891 2.27664 0.02967
v 0.62183 2.27690 0.01463
v 0.62183 2.24930 0.01463
v 0.62185 2.24944 0.01447
v 0.61992 2.24944 0.00228
v 0.62004 2.24955 0.00238
v 0.62194 2.24955 0.01435
v 0.61986 2.24930 0.00214
v 0.61992 2.27675 0.00228
v 0.61986 2.27690 0.00214
v 0.62004 2.27664 0.00238
v 0.62004 2.24955 0.00238
v 0.62185 2.27675 0.01447
v 0.62194 2.27664 0.01435
v 0.62004 2.27664 0.00238
v 0.62194 2.24955 0.01435
v 0.62194 2.27664 0.01435
v 0.61986 2.27690 -0.00214
v 0.61986 2.24930 -0.00214
v 0.61992 2.24944 -0.00228
v 0.62185 2.24944 -0.01447
v 0.62194 2.24955 -0.01435
v 0.62004 2.24955 -0.00237
v 0.62183 2.24930 -0.01463
v 0.62185 2.27675 -0.01447
v 0.62183 2.27690 -0.01463
v 0.62194 2.27664 -0.01435
v 0.62194 2.24955 -0.01435
v 0.61992 2.27675 -0.00228
v 0.62004 2.27664 -0.00237
v 0.62194 2.27664 -0.01435
v 0.62004 2.24955 -0.00237
v 0.62004 2.27664 -0.00237
v 0.62316 2.27690 -0.01870
v 0.62316 2.24930 -0.01870
v 0.62326 2.24944 -0.01882
v 0.62886 2.24944 -0.02981
v 0.62891 2.24955 -0.02967
v 0.62341 2.24955 -0.01887
v 0.62890 2.24930 -0.02996
v 0.62886 2.27675 -0.02981
v 0.62890 2.27690 -0.02996
v 0.62891 2.27664 -0.02967
v 0.62891 2.24955 -0.02967
v 0.62326 2.27675 -0.01882
v 0.62341 2.27664 -0.01887
v 0.62891 2.27664 -0.02967
v 0.62341 2.24955 -0.01887
v 0.62341 2.27664 -0.01887
v 0.63142 2.27690 -0.03343
v 0.63142 2.24930 -0.03343
v 0.63155 2.24944 -0.03351
v 0.64028 2.24944 -0.04224
v 0.64027 2.24955 -0.04208
v 0.63170 2.24955 -0.03351
v 0.64035 2.24930 -0.04237
v 0.64028 2.27675 -0.04224
v 0.64035 2.27690 -0.04237
v 0.64027 2.27664 -0.04208
v 0.64027 2.24955 -0.04208
v 0.63155 2.27675 -0.03351
v 0.63170 2.27664 -0.03351
v 0.64027 2.27664 -0.04208
v 0.63170 2.24955 -0.03351
v 0.63170 2.27664 -0.03351
v 0.64382 2.27690 -0.04489
v 0.64382 2.24930 -0.04489
v 0.64397 2.24944 -0.04492
v 0.65497 2.24944 -0.05052
v 0.65492 2.24955 -0.05038
v 0.64412 2.24955 -0.04487
v 0.65508 2.24930 -0.05063
v 0.65497 2.27675 -0.05052
v 0.65508 2.27690 -0.05063
v 0.65492 2.27664 -0.05038
v 0.65492 2.24955 -0.05038
v 0.64397 2.27675 -0.04492
v 0.64412 2.27664 -0.04487
v 0.65492 2.27664 -0.05038
v 0.64412 2.24955 -0.04487
v 0.64412 2.27664 -0.04487
v 0.65469 2.25122 -0.04715
v 0.65469 2.27497 -0.04715
v 0.64686 2.27497 -0.04316
v 0.64686 2.25122 -0.04316
v 0.65469 2.27497 -0.04715
v 0.64686 2.27497 -0.04316
v 0.71272 2.25122 -0.03272
v 0.71272 2.27497 -0.03272
v 0.70651 2.27497 -0.03894
v 0.70651 2.25122 -0.03894
v 0.68605 2.25122 -0.04936
v 0.68605 2.27497 -0.04936
v 0.67737 2.27497 -0.05074
v 0.67737 2.25122 -0.05074
v 0.67020 2.27497 -0.05074
v 0.66152 2.27497 -0.04936
v 0.66152 2.25122 -0.04936
v 0.67020 2.25122 -0.05074
v 0.65469 2.27497 -0.04715
v 0.64686 2.27497 -0.04316
v 0.64686 2.25122 -0.04316
v 0.65469 2.25122 -0.04715
v 0.64106 2.27497 -0.03894
v 0.63485 2.27497 -0.03272
v 0.63485 2.25122 -0.03272
v 0.64106 2.25122 -0.03894
v 0.63063 2.27497 -0.02692
v 0.62664 2.27497 -0.01909
v 0.62664 2.25122 -0.01909
v 0.63063 2.25122 -0.02692
v 0.62442 2.27497 -0.01227
v 0.62305 2.27497 -0.00359
v 0.62305 2.25122 -0.00359
v 0.62442 2.25122 -0.01227
v 0.62305 2.27497 0.00359
v 0.62442 2.27497 0.01227
v 0.62442 2.25122 0.01227
v 0.62305 2.25122 0.00359
v 0.62664 2.27497 0.01909
v 0.63063 2.27497 0.02692
v 0.63063 2.25122 0.02692
v 0.62664 2.25122 0.01909
v 0.63485 2.27497 0.03272
v 0.64106 2.27497 0.03894
v 0.64106 2.25122 0.03894
v 0.63485 2.25122 0.03272
v 0.64686 2.27497 0.04316
v 0.65469 2.27497 0.04715
v 0.65469 2.25122 0.04715
v 0.64686 2.25122 0.04316
v 0.66152 2.27497 0.04936
v 0.67020 2.27497 0.05074
v 0.67020 2.25122 0.05074
v 0.66152 2.25122 0.04936
v 0.67737 2.27497 0.05074
v 0.68605 2.27497 0.04936
v 0.68605 2.25122 0.04936
v 0.67737 2.25122 0.05074
v 0.69287 2.27497 0.04715
v 0.70071 2.27497 0.04316
v 0.70071 2.25122 0.04316
v 0.69288 2.25122 0.04715
v 0.70651 2.27497 0.03894
v 0.71272 2.27497 0.03272
v 0.71272 2.25122 0.03272
v 0.70651 2.25122 0.03894
v 0.71694 2.27497 0.02692
v 0.72093 2.27497 0.01909
v 0.72093 2.25122 0.01909
v 0.71694 2.25122 0.02692
v 0.72315 2.27497 0.01227
v 0.72452 2.27497 0.00359
v 0.72452 2.25122 0.00359
v 0.72315 2.25122 0.01227
v 0.72452 2.27497 -0.00359
v 0.72315 2.27497 -0.01227
v 0.72315 2.25122 -0.01227
v 0.72452 2.25122 -0.00359
v 0.72093 2.27497 -0.01909
v 0.71694 2.27497 -0.02692
v 0.71694 2.25122 -0.02692
v 0.72093 2.25122 -0.01909
v 0.70071 2.27497 -0.04316
v 0.69288 2.27497 -0.04715
v 0.69288 2.25122 -0.04715
v 0.70071 2.25122 -0.04316
v 0.68841 2.24930 -0.05195
v 0.68841 2.27690 -0.05195
v 0.68826 2.27675 -0.05194
v 0.68826 2.24944 -0.05194
v 0.68813 2.27664 -0.05185
v 0.68813 2.24955 -0.05185
v 0.67593 2.24930 -0.05393
v 0.67607 2.24944 -0.05387
v 0.68813 2.24955 -0.05185
v 0.67616 2.24955 -0.05374
v 0.67593 2.27690 -0.05393
v 0.67607 2.27675 -0.05387
v 0.67616 2.24955 -0.05374
v 0.67616 2.27664 -0.05374
v 0.67616 2.27664 -0.05374
v 0.68813 2.27664 -0.05185
v 0.69249 2.27690 -0.05063
v 0.69249 2.24930 -0.05063
v 0.69260 2.24944 -0.05052
v 0.70360 2.24944 -0.04492
v 0.70345 2.24955 -0.04487
v 0.69265 2.24955 -0.05038
v 0.70375 2.24930 -0.04489
v 0.70360 2.27675 -0.04492
v 0.70375 2.27690 -0.04489
v 0.70345 2.27664 -0.04487
v 0.70345 2.24955 -0.04487
v 0.69260 2.27675 -0.05052
v 0.69265 2.27664 -0.05038
v 0.70345 2.27664 -0.04487
v 0.69265 2.24955 -0.05038
v 0.69265 2.27664 -0.05038
v 0.70071 2.25122 -0.04316
v 0.70071 2.27497 -0.04316
v 0.69288 2.27497 -0.04715
v 0.69288 2.25122 -0.04715
v 0.70071 2.27497 -0.04316
v 0.69288 2.27497 -0.04715
v 0.71272 2.25122 -0.03272
v 0.70651 2.25122 -0.03894
v 0.70651 2.25122 -0.03894
v 0.70651 2.27497 -0.03894
v 0.70651 2.27497 -0.03894
v 0.71272 2.27497 -0.03272
v 0.71272 2.27497 -0.03272
v 0.71272 2.25122 -0.03272
v 0.68605 2.25122 -0.04936
v 0.67737 2.25122 -0.05074
v 0.67737 2.25122 -0.05074
v 0.67737 2.27497 -0.05074
v 0.67737 2.27497 -0.05074
v 0.68605 2.27497 -0.04936
v 0.68605 2.27497 -0.04936
v 0.68605 2.25122 -0.04936
v 0.67020 2.27497 -0.05074
v 0.67020 2.25122 -0.05074
v 0.67020 2.25122 -0.05074
v 0.66152 2.25122 -0.04936
v 0.66152 2.25122 -0.04936
v 0.66152 2.27497 -0.04936
v 0.66152 2.27497 -0.04936
v 0.67020 2.27497 -0.05074
v 0.65469 2.25122 -0.04715
v 0.64686 2.25122 -0.04316
v 0.64106 2.27497 -0.03894
v 0.64106 2.25122 -0.03894
v 0.64106 2.25122 -0.03894
v 0.63485 2.25122 -0.03272
v 0.63485 2.25122 -0.03272
v 0.63485 2.27497 -0.03272
v 0.63485 2.27497 -0.03272
v 0.64106 2.27497 -0.03894
v 0.63063 2.27497 -0.02692
v 0.63063 2.25122 -0.02692
v 0.63063 2.25122 -0.02692
v 0.62664 2.25122 -0.01909
v 0.62664 2.25122 -0.01909
v 0.62664 2.27497 -0.01909
v 0.62664 2.27497 -0.01909
v 0.63063 2.27497 -0.02692
v 0.62442 2.27497 -0.01227
v 0.62442 2.25122 -0.01227
v 0.62442 2.25122 -0.01227
v 0.62305 2.25122 -0.00359
v 0.62305 2.25122 -0.00359
v 0.62305 2.27497 -0.00359
v 0.62305 2.27497 -0.00359
v 0.62442 2.27497 -0.01227
v 0.62305 2.27497 0.00359
v 0.62305 2.25122 0.00359
v 0.62305 2.25122 0.00359
v 0.62442 2.25122 0.01227
v 0.62442 2.25122 0.01227
v 0.62442 2.27497 0.01227
v 0.62442 2.27497 0.01227
v 0.62305 2.27497 0.00359
v 0.62664 2.27497 0.01909
v 0.62664 2.25122 0.01909
v 0.62664 2.25122 0.01909
v 0.63063 2.25122 0.02692
v 0.63063 2.25122 0.02692
v 0.63063 2.27497 0.02692
v 0.63063 2.27497 0.02692
v 0.62664 2.27497 0.01909
v 0.63485 2.27497 0.03272
v 0.63485 2.25122 0.03272
v 0.63485 2.25122 0.03272
v 0.64106 2.25122 0.03894
v 0.64106 2.25122 0.03894
v 0.64106 2.27497 0.03894
v 0.64106 2.27497 0.03894
v 0.63485 2.27497 0.03272
v 0.64686 2.27497 0.04316
v 0.64686 2.25122 0.04316
v 0.64686 2.25122 0.04316
v 0.65469 2.25122 0.04715
v 0.65469 2.25122 0.04715
v 0.65469 2.27497 0.04715
v 0.65469 2.27497 0.04715
v 0.64686 2.27497 0.04316
v 0.66152 2.27497 0.04936
v 0.66152 2.25122 0.04936
v 0.66152 2.25122 0.04936
v 0.67020 2.25122 0.05074
v 0.67020 2.25122 0.05074
v 0.67020 2.27497 0.05074
v 0.67020 2.27497 0.05074
v 0.66152 2.27497 0.04936
v 0.67737 2.27497 0.05074
v 0.67737 2.25122 0.05074
v 0.67737 2.25122 0.05074
v 0.68605 2.25122 0.04936
v 0.68605 2.25122 0.04936
v 0.68605 2.27497 0.04936
v 0.68605 2.27497 0.04936
v 0.67737 2.27497 0.05074
v 0.69287 2.27497 0.04715
v 0.69288 2.25122 0.04715
v 0.69288 2.25122 0.04715
v 0.70071 2.25122 0.04316
v 0.70071 2.25122 0.04316
v 0.70071 2.27497 0.04316
v 0.70071 2.27497 0.04316
v 0.69287 2.27497 0.04715
v 0.70651 2.27497 0.03894
v 0.70651 2.25122 0.03894
v 0.70651 2.25122 0.03894
v 0.71272 2.25122 0.03272
v 0.71272 2.25122 0.03272
v 0.71272 2.27497 0.03272
v 0.71272 2.27497 0.03272
v 0.70651 2.27497 0.03894
v 0.71694 2.27497 0.02692
v 0.71694 2.25122 0.02692
v 0.71694 2.25122 0.02692
v 0.72093 2.25122 0.01909
v 0.72093 2.25122 0.01909
v 0.72093 2.27497 0.01909
v 0.72093 2.27497 0.01909
v 0.71694 2.27497 0.02692
v 0.72315 2.27497 0.01227
v 0.72315 2.25122 0.01227
v 0.72315 2.25122 0.01227
v 0.72452 2.25122 0.00359
v 0.72452 2.25122 0.00359
v 0.72452 2.27497 0.00359
v 0.72452 2.27497 0.00359
v 0.72315 2.27497 0.01227
v 0.72093 2.25122 -0.01909
v 0.71694 2.25122 -0.02692
v 0.70071 2.25122 -0.04316
v 0.69288 2.25122 -0.04715
v 0.72452 2.27497 -0.00359
v 0.72452 2.25122 -0.00359
v 0.72452 2.25122 -0.00359
v 0.72315 2.25122 -0.01227
v 0.72315 2.25122 -0.01227
v 0.72315 2.27497 -0.01227
v 0.72315 2.27497 -0.01227
v 0.72452 2.27497 -0.00359
v 0.76372 2.07008 -0.08723
v 0.73654 1.84405 -0.05959
v 0.73654 1.84405 0.05959
v 0.76372 2.07008 0.08723
v 0.76374 2.07019 -0.08737
v 0.76374 2.07019 0.08737
v 0.73653 1.84393 0.05970
v 0.73653 1.84393 -0.05970
v 0.61419 1.84405 -0.06275
v 0.73338 1.84405 -0.06275
v 0.76102 2.07008 -0.08994
v 0.58655 2.07008 -0.08994
v 0.61409 1.84393 -0.06274
v 0.58642 2.07019 -0.08995
v 0.76115 2.07019 -0.08995
v 0.73348 1.84393 -0.06274
v 0.61103 1.84405 0.05959
v 0.61103 1.84405 -0.05959
v 0.58385 2.07008 -0.08723
v 0.58385 2.07008 0.08723
v 0.61105 1.84393 0.05970
v 0.58384 2.07019 0.08737
v 0.58384 2.07019 -0.08737
v 0.61105 1.84393 -0.05970
v 0.73338 1.84405 0.06275
v 0.61419 1.84405 0.06275
v 0.58655 2.07008 0.08994
v 0.76102 2.07008 0.08994
v 0.73348 1.84393 0.06274
v 0.76115 2.07019 0.08995
v 0.58642 2.07019 0.08995
v 0.61409 1.84393 0.06274
v 0.73925 2.19664 0.06225
v 0.74223 2.18227 0.06517
v 0.74127 2.18227 0.06749
v 0.73830 2.19664 0.06452
v 0.74836 2.16787 0.07457
v 0.74939 2.16787 0.07209
v 0.75928 2.15347 0.08549
v 0.76038 2.15347 0.08284
v 0.77395 2.13912 0.10016
v 0.77510 2.13912 0.09737
v 0.74223 2.18227 -0.06517
v 0.73925 2.19664 -0.06225
v 0.73830 2.19664 -0.06452
v 0.74127 2.18227 -0.06749
v 0.74939 2.16787 -0.07209
v 0.74836 2.16787 -0.07457
v 0.76038 2.15347 -0.08284
v 0.75928 2.15347 -0.08549
v 0.77510 2.13912 -0.09737
v 0.77395 2.13912 -0.10016
v 0.79232 2.12586 0.11853
v 0.79327 2.12586 0.11622
v 0.79437 2.12445 0.11736
v 0.79343 2.12445 0.11964
v 0.79437 2.12445 -0.11736
v 0.79327 2.12586 -0.11622
v 0.79343 2.12445 -0.11964
v 0.79232 2.12586 -0.11853
v 0.73830 2.19664 0.06452
v 0.74127 2.18227 0.06749
v 0.73896 2.18227 0.06845
v 0.73603 2.19664 0.06546
v 0.74587 2.16787 0.07560
v 0.74836 2.16787 0.07457
v 0.75662 2.15347 0.08659
v 0.75928 2.15347 0.08549
v 0.77115 2.13912 0.10132
v 0.77395 2.13912 0.10016
v 0.60862 2.18227 0.06845
v 0.61154 2.19664 0.06546
v 0.60630 2.18227 0.06749
v 0.60927 2.19664 0.06452
v 0.59921 2.16787 0.07457
v 0.60170 2.16787 0.07560
v 0.58829 2.15347 0.08549
v 0.59095 2.15347 0.08659
v 0.57363 2.13912 0.10016
v 0.57642 2.13912 0.10132
v 0.79001 2.12586 0.11949
v 0.79232 2.12586 0.11853
v 0.79343 2.12445 0.11964
v 0.79114 2.12445 0.12059
v 0.55757 2.12586 0.11949
v 0.55643 2.12445 0.12059
v 0.55525 2.12586 0.11853
v 0.55415 2.12445 0.11964
v 0.61273 2.24388 0.06426
v 0.61046 2.24388 0.06332
v 0.61064 2.24440 0.06315
v 0.61279 2.24440 0.06404
v 0.73484 2.24388 0.06426
v 0.73478 2.24440 0.06404
v 0.73711 2.24388 0.06332
v 0.73693 2.24440 0.06315
v 0.60927 2.19664 0.06452
v 0.60630 2.18227 0.06749
v 0.60534 2.18227 0.06517
v 0.60833 2.19664 0.06225
v 0.59818 2.16787 0.07209
v 0.59921 2.16787 0.07457
v 0.58719 2.15347 0.08284
v 0.58829 2.15347 0.08549
v 0.57247 2.13912 0.09737
v 0.57363 2.13912 0.10016
v 0.60833 2.19664 -0.06225
v 0.60534 2.18227 -0.06517
v 0.60630 2.18227 -0.06749
v 0.60927 2.19664 -0.06452
v 0.59921 2.16787 -0.07457
v 0.59818 2.16787 -0.07209
v 0.58829 2.15347 -0.08549
v 0.58719 2.15347 -0.08284
v 0.57363 2.13912 -0.10016
v 0.57247 2.13912 -0.09737
v 0.55430 2.12586 0.11622
v 0.55525 2.12586 0.11853
v 0.55415 2.12445 0.11964
v 0.55320 2.12445 0.11736
v 0.55430 2.12586 -0.11622
v 0.55320 2.12445 -0.11736
v 0.55525 2.12586 -0.11853
v 0.55415 2.12445 -0.11964
v 0.60952 2.24388 -0.06105
v 0.61046 2.24388 -0.06332
v 0.61064 2.24440 -0.06315
v 0.60975 2.24440 -0.06100
v 0.60952 2.24388 0.06105
v 0.60975 2.24440 0.06100
v 0.61046 2.24388 0.06332
v 0.61064 2.24440 0.06315
v 0.73603 2.19664 -0.06546
v 0.73896 2.18227 -0.06845
v 0.74127 2.18227 -0.06749
v 0.73830 2.19664 -0.06452
v 0.74836 2.16787 -0.07457
v 0.74587 2.16787 -0.07560
v 0.75928 2.15347 -0.08549
v 0.75662 2.15347 -0.08659
v 0.77395 2.13912 -0.10016
v 0.77115 2.13912 -0.10132
v 0.61154 2.19664 -0.06546
v 0.60862 2.18227 -0.06845
v 0.60927 2.19664 -0.06452
v 0.60630 2.18227 -0.06749
v 0.60170 2.16787 -0.07560
v 0.59921 2.16787 -0.07457
v 0.59095 2.15347 -0.08659
v 0.58829 2.15347 -0.08549
v 0.57642 2.13912 -0.10132
v 0.57363 2.13912 -0.10016
v 0.79232 2.12586 -0.11853
v 0.79001 2.12586 -0.11949
v 0.79114 2.12445 -0.12059
v 0.79343 2.12445 -0.11964
v 0.79156 2.12250 -0.12099
v 0.79383 2.12250 -0.12005
v 0.55643 2.12445 -0.12059
v 0.55757 2.12586 -0.11949
v 0.55601 2.12250 -0.12099
v 0.55374 2.12250 -0.12005
v 0.55415 2.12445 -0.11964
v 0.55525 2.12586 -0.11853
v 0.79380 2.10809 -0.12001
v 0.79153 2.10809 -0.12096
v 0.79144 2.10704 -0.12052
v 0.79347 2.10704 -0.11968
v 0.55613 2.10704 -0.12052
v 0.55604 2.10809 -0.12096
v 0.55411 2.10704 -0.11968
v 0.55377 2.10809 -0.12001
v 0.78274 2.10667 -0.11318
v 0.78033 2.10487 -0.11024
v 0.78294 2.10487 -0.10916
v 0.78573 2.10667 -0.11194
v 0.78059 2.10134 -0.10680
v 0.77814 2.10134 -0.10782
v 0.77918 2.09799 -0.10539
v 0.77690 2.09799 -0.10634
v 0.77890 2.09480 -0.10512
v 0.77736 2.09480 -0.10575
v 0.77669 2.09560 -0.10613
v 0.56483 2.10667 -0.11318
v 0.56724 2.10487 -0.11024
v 0.56184 2.10667 -0.11194
v 0.56463 2.10487 -0.10915
v 0.56943 2.10134 -0.10782
v 0.56698 2.10134 -0.10680
v 0.57067 2.09799 -0.10634
v 0.56839 2.09799 -0.10539
v 0.57088 2.09560 -0.10613
v 0.57110 2.09502 -0.10591
v 0.56882 2.09502 -0.10496
v 0.56860 2.09560 -0.10519
v 0.77648 2.09502 -0.10592
v 0.78573 2.10667 -0.11194
v 0.78294 2.10487 -0.10916
v 0.78402 2.10487 -0.10655
v 0.78697 2.10667 -0.10896
v 0.78160 2.10134 -0.10435
v 0.78059 2.10134 -0.10680
v 0.78012 2.09799 -0.10311
v 0.77918 2.09799 -0.10539
v 0.77985 2.09480 -0.10284
v 0.77890 2.09480 -0.10512
v 0.78012 2.09799 0.10311
v 0.77985 2.09480 0.10284
v 0.77890 2.09480 0.10512
v 0.77918 2.09799 0.10539
v 0.78160 2.10134 0.10435
v 0.78059 2.10134 0.10680
v 0.78402 2.10487 0.10655
v 0.78294 2.10487 0.10916
v 0.78697 2.10667 0.10896
v 0.78573 2.10667 0.11194
v 0.56061 2.10667 -0.10896
v 0.56355 2.10487 -0.10655
v 0.56463 2.10487 -0.10915
v 0.56184 2.10667 -0.11194
v 0.56698 2.10134 -0.10680
v 0.56597 2.10134 -0.10435
v 0.56839 2.09799 -0.10539
v 0.56745 2.09799 -0.10311
v 0.56355 2.10487 0.10655
v 0.56061 2.10667 0.10896
v 0.56184 2.10667 0.11194
v 0.56463 2.10487 0.10916
v 0.56597 2.10134 0.10435
v 0.56698 2.10134 0.10680
v 0.56745 2.09799 0.10311
v 0.56839 2.09799 0.10539
v 0.56766 2.09560 0.10291
v 0.56803 2.09480 0.10358
v 0.56867 2.09480 0.10512
v 0.56860 2.09560 -0.10519
v 0.56766 2.09560 -0.10291
v 0.56788 2.09502 -0.10268
v 0.56882 2.09502 -0.10496
v 0.56787 2.09502 0.10270
v 0.78573 2.10667 0.11194
v 0.78294 2.10487 0.10916
v 0.78033 2.10487 0.11024
v 0.78274 2.10667 0.11318
v 0.77814 2.10134 0.10782
v 0.78059 2.10134 0.10680
v 0.77690 2.09799 0.10634
v 0.77918 2.09799 0.10539
v 0.77662 2.09480 0.10606
v 0.77890 2.09480 0.10512
v 0.57095 2.09480 0.10606
v 0.57067 2.09799 0.10634
v 0.56867 2.09480 0.10512
v 0.56839 2.09799 0.10539
v 0.56943 2.10134 0.10782
v 0.56698 2.10134 0.10680
v 0.56724 2.10487 0.11024
v 0.56463 2.10487 0.10916
v 0.56483 2.10667 0.11318
v 0.56184 2.10667 0.11194
v 0.77890 2.09480 -0.10512
v 0.77238 2.09440 -0.09860
v 0.77333 2.09440 -0.09631
v 0.77985 2.09480 -0.10284
v 0.77985 2.09480 0.10284
v 0.77333 2.09440 0.09631
v 0.77238 2.09440 0.09860
v 0.77890 2.09480 0.10512
v 0.77890 2.09480 0.10512
v 0.77238 2.09440 0.09860
v 0.77010 2.09440 0.09954
v 0.77662 2.09480 0.10606
v 0.57747 2.09440 0.09954
v 0.57095 2.09480 0.10606
v 0.57519 2.09440 0.09860
v 0.56867 2.09480 0.10512
v 0.57519 2.09440 0.09860
v 0.57424 2.09440 0.09631
v 0.56829 2.09477 0.10227
v 0.56867 2.09480 0.10512
v 0.56803 2.09480 0.10358
v 0.56834 2.09476 -0.10222
v 0.56788 2.09502 -0.10268
v 0.56882 2.09502 -0.10496
v 0.56928 2.09476 -0.10450
v 0.56787 2.09502 0.10270
v 0.57519 2.09440 -0.09860
v 0.57424 2.09440 -0.09631
v 0.77010 2.09440 -0.09954
v 0.76861 2.07877 -0.09805
v 0.77089 2.07877 -0.09711
v 0.77238 2.09440 -0.09860
v 0.74136 1.83322 -0.06758
v 0.73907 1.83322 -0.06852
v 0.57747 2.09440 -0.09954
v 0.57896 2.07877 -0.09805
v 0.57519 2.09440 -0.09860
v 0.57668 2.07877 -0.09711
v 0.60850 1.83322 -0.06852
v 0.60621 1.83322 -0.06758
v 0.58121 2.07395 -0.09747
v 0.60958 1.83805 -0.06910
v 0.61033 1.83893 -0.06898
v 0.58217 2.07313 -0.09714
v 0.61087 1.83963 -0.06843
v 0.58286 2.07262 -0.09644
v 0.73724 1.83893 -0.06898
v 0.73799 1.83805 -0.06910
v 0.73670 1.83963 -0.06843
v 0.61087 1.83963 -0.06843
v 0.76636 2.07395 -0.09747
v 0.76540 2.07313 -0.09714
v 0.58286 2.07262 -0.09644
v 0.76471 2.07262 -0.09644
v 0.76471 2.07262 -0.09644
v 0.73670 1.83963 -0.06843
v 0.58642 2.07019 -0.08995
v 0.61409 1.84393 -0.06274
v 0.76115 2.07019 -0.08995
v 0.58642 2.07019 -0.08995
v 0.73348 1.84393 -0.06274
v 0.76115 2.07019 -0.08995
v 0.61409 1.84393 -0.06274
v 0.73348 1.84393 -0.06274
v 0.73884 1.81663 -0.06506
v 0.73655 1.81663 -0.06601
v 0.73661 1.81627 -0.06607
v 0.73891 1.81627 -0.06512
v 0.61096 1.81627 -0.06607
v 0.61103 1.81663 -0.06601
v 0.60866 1.81627 -0.06512
v 0.60873 1.81663 -0.06506
v 0.77238 2.09440 -0.09860
v 0.77089 2.07877 -0.09711
v 0.77184 2.07877 -0.09482
v 0.77333 2.09440 -0.09631
v 0.74231 1.83322 -0.06529
v 0.74136 1.83322 -0.06758
v 0.77333 2.09440 0.09631
v 0.77184 2.07877 0.09482
v 0.77089 2.07877 0.09711
v 0.77238 2.09440 0.09860
v 0.74136 1.83322 0.06758
v 0.74231 1.83322 0.06529
v 0.77126 2.07395 0.09258
v 0.77126 2.07395 -0.09258
v 0.77093 2.07313 -0.09161
v 0.77093 2.07313 0.09161
v 0.74289 1.83805 0.06421
v 0.74277 1.83893 0.06345
v 0.77023 2.07262 0.09093
v 0.74222 1.83963 0.06292
v 0.77023 2.07262 -0.09093
v 0.77023 2.07262 0.09093
v 0.74277 1.83893 -0.06345
v 0.74289 1.83805 -0.06421
v 0.74222 1.83963 -0.06292
v 0.77023 2.07262 -0.09093
v 0.74222 1.83963 0.06292
v 0.74222 1.83963 -0.06292
v 0.76374 2.07019 0.08737
v 0.76374 2.07019 -0.08737
v 0.73653 1.84393 0.05970
v 0.76374 2.07019 0.08737
v 0.73653 1.84393 -0.05970
v 0.73653 1.84393 0.05970
v 0.76374 2.07019 -0.08737
v 0.73653 1.84393 -0.05970
v 0.73979 1.81663 -0.06276
v 0.73884 1.81663 -0.06506
v 0.73891 1.81627 -0.06512
v 0.73986 1.81627 -0.06282
v 0.73979 1.81663 0.06276
v 0.73986 1.81627 0.06282
v 0.73884 1.81663 0.06506
v 0.73891 1.81627 0.06512
v 0.57424 2.09440 -0.09631
v 0.57573 2.07877 -0.09482
v 0.57668 2.07877 -0.09711
v 0.57519 2.09440 -0.09860
v 0.60621 1.83322 -0.06758
v 0.60526 1.83322 -0.06529
v 0.57573 2.07877 0.09482
v 0.57424 2.09440 0.09631
v 0.57519 2.09440 0.09860
v 0.57668 2.07877 0.09711
v 0.60526 1.83322 0.06529
v 0.60621 1.83322 0.06758
v 0.57632 2.07395 0.09258
v 0.60468 1.83805 0.06421
v 0.60480 1.83893 0.06345
v 0.57664 2.07313 0.09161
v 0.60535 1.83963 0.06292
v 0.57735 2.07262 0.09093
v 0.60480 1.83893 -0.06345
v 0.60468 1.83805 -0.06421
v 0.60535 1.83963 -0.06292
v 0.60535 1.83963 0.06292
v 0.57632 2.07395 -0.09258
v 0.57664 2.07313 -0.09161
v 0.57735 2.07262 0.09093
v 0.57735 2.07262 -0.09093
v 0.57735 2.07262 -0.09093
v 0.60535 1.83963 -0.06292
v 0.58384 2.07019 0.08737
v 0.61105 1.84393 0.05970
v 0.58384 2.07019 -0.08737
v 0.58384 2.07019 0.08737
v 0.61105 1.84393 -0.05970
v 0.58384 2.07019 -0.08737
v 0.61105 1.84393 0.05970
v 0.61105 1.84393 -0.05970
v 0.60873 1.81663 -0.06506
v 0.60778 1.81663 -0.06276
v 0.60771 1.81627 -0.06282
v 0.60866 1.81627 -0.06512
v 0.60771 1.81627 0.06282
v 0.60778 1.81663 0.06276
v 0.60866 1.81627 0.06512
v 0.60873 1.81663 0.06506
v 0.77238 2.09440 0.09860
v 0.77089 2.07877 0.09711
v 0.76861 2.07877 0.09805
v 0.77010 2.09440 0.09954
v 0.73907 1.83322 0.06852
v 0.74136 1.83322 0.06758
v 0.57896 2.07877 0.09805
v 0.57747 2.09440 0.09954
v 0.57668 2.07877 0.09711
v 0.57519 2.09440 0.09860
v 0.60621 1.83322 0.06758
v 0.60850 1.83322 0.06852
v 0.76636 2.07395 0.09747
v 0.73799 1.83805 0.06910
v 0.73724 1.83893 0.06898
v 0.76540 2.07313 0.09714
v 0.58121 2.07395 0.09747
v 0.58217 2.07313 0.09714
v 0.76471 2.07262 0.09644
v 0.58286 2.07262 0.09644
v 0.73670 1.83963 0.06843
v 0.76471 2.07262 0.09644
v 0.61033 1.83893 0.06898
v 0.60958 1.83805 0.06910
v 0.61087 1.83963 0.06843
v 0.73670 1.83963 0.06843
v 0.58286 2.07262 0.09644
v 0.61087 1.83963 0.06843
v 0.76115 2.07019 0.08995
v 0.73348 1.84393 0.06274
v 0.58642 2.07019 0.08995
v 0.76115 2.07019 0.08995
v 0.61409 1.84393 0.06274
v 0.58642 2.07019 0.08995
v 0.73348 1.84393 0.06274
v 0.61409 1.84393 0.06274
v 0.60873 1.81663 0.06506
v 0.61103 1.81663 0.06601
v 0.61096 1.81627 0.06607
v 0.73661 1.81627 0.06607
v 0.73655 1.81663 0.06601
v 0.73891 1.81627 0.06512
v 0.73884 1.81663 0.06506
v 0.60866 1.81627 0.06512
v 0.79383 2.12250 0.12005
v 0.79156 2.12250 0.12099
v 0.79114 2.12445 0.12059
v 0.79343 2.12445 0.11964
v 0.55643 2.12445 0.12059
v 0.55601 2.12250 0.12099
v 0.55415 2.12445 0.11964
v 0.55374 2.12250 0.12005
v 0.79153 2.10809 0.12096
v 0.79380 2.10809 0.12001
v 0.79347 2.10704 0.11968
v 0.79144 2.10704 0.12052
v 0.55604 2.10809 0.12096
v 0.55613 2.10704 0.12052
v 0.55377 2.10809 0.12001
v 0.55411 2.10704 0.11968
v 0.79343 2.12445 0.11964
v 0.79437 2.12445 0.11736
v 0.79477 2.12250 0.11778
v 0.79383 2.12250 0.12005
v 0.79477 2.12250 -0.11778
v 0.79437 2.12445 -0.11736
v 0.79383 2.12250 -0.12005
v 0.79343 2.12445 -0.11964
v 0.79380 2.10809 0.12001
v 0.79474 2.10809 0.11774
v 0.79430 2.10704 0.11765
v 0.79347 2.10704 0.11968
v 0.79430 2.10704 -0.11765
v 0.79474 2.10809 -0.11774
v 0.79347 2.10704 -0.11968
v 0.79380 2.10809 -0.12001
v 0.55374 2.12250 0.12005
v 0.55280 2.12250 0.11778
v 0.55320 2.12445 0.11736
v 0.55415 2.12445 0.11964
v 0.55320 2.12445 -0.11736
v 0.55280 2.12250 -0.11778
v 0.55415 2.12445 -0.11964
v 0.55374 2.12250 -0.12005
v 0.55283 2.10809 0.11774
v 0.55377 2.10809 0.12001
v 0.55411 2.10704 0.11968
v 0.55327 2.10704 0.11765
v 0.55283 2.10809 -0.11774
v 0.55327 2.10704 -0.11765
v 0.55377 2.10809 -0.12001
v 0.55411 2.10704 -0.11968
v 0.79266 2.10661 0.11888
v 0.79123 2.10661 0.11947
v 0.79144 2.10704 0.12052
v 0.79347 2.10704 0.11968
v 0.55613 2.10704 0.12052
v 0.55634 2.10661 0.11947
v 0.55411 2.10704 0.11968
v 0.55491 2.10661 0.11888
v 0.78274 2.10667 0.11318
v 0.78573 2.10667 0.11194
v 0.56184 2.10667 0.11194
v 0.56483 2.10667 0.11318
v 0.79347 2.10704 0.11968
v 0.79430 2.10704 0.11765
v 0.79325 2.10661 0.11745
v 0.79266 2.10661 0.11888
v 0.79325 2.10661 -0.11745
v 0.79430 2.10704 -0.11765
v 0.79266 2.10661 -0.11888
v 0.79347 2.10704 -0.11968
v 0.78697 2.10667 -0.10896
v 0.78573 2.10667 -0.11194
v 0.78573 2.10667 0.11194
v 0.78697 2.10667 0.10896
v 0.55491 2.10661 0.11888
v 0.55432 2.10661 0.11745
v 0.55327 2.10704 0.11765
v 0.55411 2.10704 0.11968
v 0.55327 2.10704 -0.11765
v 0.55432 2.10661 -0.11745
v 0.55411 2.10704 -0.11968
v 0.55491 2.10661 -0.11888
v 0.56184 2.10667 -0.11194
v 0.56061 2.10667 -0.10896
v 0.56061 2.10667 0.10896
v 0.56184 2.10667 0.11194
v 0.79347 2.10704 -0.11968
v 0.79144 2.10704 -0.12052
v 0.79123 2.10661 -0.11947
v 0.79266 2.10661 -0.11888
v 0.55634 2.10661 -0.11947
v 0.55613 2.10704 -0.12052
v 0.55491 2.10661 -0.11888
v 0.55411 2.10704 -0.11968
v 0.78573 2.10667 -0.11194
v 0.78274 2.10667 -0.11318
v 0.56483 2.10667 -0.11318
v 0.56184 2.10667 -0.11194
v 0.77890 2.09480 -0.10512
v 0.77736 2.09480 -0.10575
v 0.77606 2.09477 -0.10549
v 0.77010 2.09440 -0.09954
v 0.77238 2.09440 -0.09860
v 0.57156 2.09476 -0.10545
v 0.77648 2.09502 -0.10592
v 0.57110 2.09502 -0.10591
v 0.56928 2.09476 -0.10450
v 0.56882 2.09502 -0.10496
v 0.57747 2.09440 -0.09954
v 0.57519 2.09440 -0.09860
v 0.73891 1.81627 -0.06512
v 0.73661 1.81627 -0.06607
v 0.73686 1.81611 -0.06632
v 0.73916 1.81611 -0.06537
v 0.61072 1.81611 -0.06632
v 0.61096 1.81627 -0.06607
v 0.60841 1.81611 -0.06537
v 0.60866 1.81627 -0.06512
v 0.74623 1.81580 -0.07244
v 0.74385 1.81580 -0.07343
v 0.74416 1.81567 -0.07374
v 0.74654 1.81567 -0.07275
v 0.60341 1.81567 -0.07374
v 0.60373 1.81580 -0.07343
v 0.60103 1.81567 -0.07275
v 0.60135 1.81580 -0.07244
v 0.73916 1.81611 -0.06537
v 0.74011 1.81611 -0.06307
v 0.73986 1.81627 -0.06282
v 0.73891 1.81627 -0.06512
v 0.73986 1.81627 0.06282
v 0.74011 1.81611 0.06307
v 0.73891 1.81627 0.06512
v 0.73916 1.81611 0.06537
v 0.74721 1.81580 -0.07006
v 0.74623 1.81580 -0.07244
v 0.74654 1.81567 -0.07275
v 0.74752 1.81567 -0.07037
v 0.74721 1.81580 0.07006
v 0.74752 1.81567 0.07037
v 0.74623 1.81580 0.07244
v 0.74654 1.81567 0.07275
v 0.60866 1.81627 -0.06512
v 0.60771 1.81627 -0.06282
v 0.60746 1.81611 -0.06307
v 0.60841 1.81611 -0.06537
v 0.60746 1.81611 0.06307
v 0.60771 1.81627 0.06282
v 0.60841 1.81611 0.06537
v 0.60866 1.81627 0.06512
v 0.60135 1.81580 -0.07244
v 0.60036 1.81580 -0.07006
v 0.60005 1.81567 -0.07037
v 0.60103 1.81567 -0.07275
v 0.60005 1.81567 0.07037
v 0.60036 1.81580 0.07006
v 0.60103 1.81567 0.07275
v 0.60135 1.81580 0.07244
v 0.73916 1.81611 0.06537
v 0.73686 1.81611 0.06632
v 0.73661 1.81627 0.06607
v 0.73891 1.81627 0.06512
v 0.61096 1.81627 0.06607
v 0.61072 1.81611 0.06632
v 0.60866 1.81627 0.06512
v 0.60841 1.81611 0.06537
v 0.74385 1.81580 0.07343
v 0.74623 1.81580 0.07244
v 0.74654 1.81567 0.07275
v 0.74416 1.81567 0.07374
v 0.60373 1.81580 0.07343
v 0.60341 1.81567 0.07374
v 0.60135 1.81580 0.07244
v 0.60103 1.81567 0.07275
v 0.74675 1.81534 -0.07296
v 0.74773 1.81534 -0.07058
v 0.74752 1.81567 -0.07037
v 0.74654 1.81567 -0.07275
v 0.74752 1.81567 0.07037
v 0.74773 1.81534 0.07058
v 0.74654 1.81567 0.07275
v 0.74675 1.81534 0.07296
v 0.75134 1.80459 -0.07434
v 0.75040 1.80459 -0.07662
v 0.75040 1.80459 0.07662
v 0.75134 1.80459 0.07434
v 0.75138 1.79037 -0.07439
v 0.75044 1.79037 -0.07666
v 0.75028 1.78984 -0.07649
v 0.75117 1.78984 -0.07434
v 0.75138 1.79037 0.07439
v 0.75117 1.78984 0.07434
v 0.75044 1.79037 0.07666
v 0.75028 1.78984 0.07649
v 0.74654 1.81567 -0.07275
v 0.74416 1.81567 -0.07374
v 0.74437 1.81534 -0.07395
v 0.74675 1.81534 -0.07296
v 0.60320 1.81534 -0.07395
v 0.60341 1.81567 -0.07374
v 0.60082 1.81534 -0.07296
v 0.60103 1.81567 -0.07275
v 0.75040 1.80459 -0.07662
v 0.74813 1.80459 -0.07756
v 0.59944 1.80459 -0.07756
v 0.59717 1.80459 -0.07662
v 0.75044 1.79037 -0.07666
v 0.74817 1.79037 -0.07760
v 0.74813 1.78984 -0.07738
v 0.75028 1.78984 -0.07649
v 0.59944 1.78984 -0.07738
v 0.59940 1.79037 -0.07760
v 0.59729 1.78984 -0.07649
v 0.59713 1.79037 -0.07666
v 0.60103 1.81567 -0.07275
v 0.60005 1.81567 -0.07037
v 0.59984 1.81534 -0.07058
v 0.60082 1.81534 -0.07296
v 0.59984 1.81534 0.07058
v 0.60005 1.81567 0.07037
v 0.60082 1.81534 0.07296
v 0.60103 1.81567 0.07275
v 0.59717 1.80459 -0.07662
v 0.59623 1.80459 -0.07434
v 0.59623 1.80459 0.07434
v 0.59717 1.80459 0.07662
v 0.59713 1.79037 -0.07666
v 0.59619 1.79037 -0.07439
v 0.59640 1.78984 -0.07434
v 0.59729 1.78984 -0.07649
v 0.59640 1.78984 0.07434
v 0.59619 1.79037 0.07439
v 0.59729 1.78984 0.07649
v 0.59713 1.79037 0.07666
v 0.74675 1.81534 0.07296
v 0.74437 1.81534 0.07395
v 0.74416 1.81567 0.07374
v 0.74654 1.81567 0.07275
v 0.60341 1.81567 0.07374
v 0.60320 1.81534 0.07395
v 0.60103 1.81567 0.07275
v 0.60082 1.81534 0.07296
v 0.74813 1.80459 0.07756
v 0.75040 1.80459 0.07662
v 0.59717 1.80459 0.07662
v 0.59944 1.80459 0.07756
v 0.74817 1.79037 0.07760
v 0.75044 1.79037 0.07666
v 0.75028 1.78984 0.07649
v 0.74813 1.78984 0.07738
v 0.59940 1.79037 0.07760
v 0.59944 1.78984 0.07738
v 0.59713 1.79037 0.07666
v 0.59729 1.78984 0.07649
v 0.75117 1.78984 -0.07434
v 0.75028 1.78984 -0.07649
v 0.74988 1.78963 -0.07609
v 0.75064 1.78963 -0.07424
v 0.75117 1.78984 0.07434
v 0.75064 1.78963 0.07424
v 0.75028 1.78984 0.07649
v 0.74988 1.78963 0.07609
v 0.74803 1.78963 -0.07686
v 0.74813 1.78984 -0.07738
v 0.59955 1.78963 -0.07686
v 0.59944 1.78984 -0.07738
v 0.59769 1.78963 -0.07609
v 0.59729 1.78984 -0.07649
v 0.74813 1.78984 0.07738
v 0.74803 1.78963 0.07686
v 0.59944 1.78984 0.07738
v 0.59955 1.78963 0.07686
v 0.59729 1.78984 0.07649
v 0.59769 1.78963 0.07609
v 0.59693 1.78963 -0.07424
v 0.59640 1.78984 -0.07434
v 0.59693 1.78963 0.07424
v 0.59640 1.78984 0.07434
v 0.73729 2.24462 0.06089
v 0.73729 2.24462 -0.06089
v 0.73782 2.24440 -0.06100
v 0.73782 2.24440 0.06100
v 0.73652 2.24462 0.06274
v 0.73693 2.24440 0.06315
v 0.73693 2.24440 -0.06315
v 0.73652 2.24462 -0.06274
v 0.73467 2.24462 0.06350
v 0.73478 2.24440 0.06404
v 0.61290 2.24462 0.06350
v 0.61279 2.24440 0.06404
v 0.61105 2.24462 0.06274
v 0.61064 2.24440 0.06315
v 0.73478 2.24440 -0.06404
v 0.73467 2.24462 -0.06350
v 0.61279 2.24440 -0.06404
v 0.61290 2.24462 -0.06350
v 0.61064 2.24440 -0.06315
v 0.61105 2.24462 -0.06274
v 0.61028 2.24462 0.06089
v 0.60975 2.24440 0.06100
v 0.61028 2.24462 -0.06089
v 0.60975 2.24440 -0.06100
v 0.73782 2.24440 0.06100
v 0.73782 2.24440 -0.06100
v 0.73805 2.24388 -0.06105
v 0.73805 2.24388 0.06105
v 0.73693 2.24440 0.06315
v 0.73711 2.24388 0.06332
v 0.73711 2.24388 -0.06332
v 0.73693 2.24440 -0.06315
v 0.73478 2.24440 -0.06404
v 0.61279 2.24440 -0.06404
v 0.61273 2.24388 -0.06426
v 0.73484 2.24388 -0.06426
v 0.73693 2.24440 -0.06315
v 0.73711 2.24388 -0.06332
v 0.61046 2.24388 -0.06332
v 0.61064 2.24440 -0.06315
vt 0.77972 0.00901
vt 0.78039 0.01391
vt 0.78942 0.01365
vt 0.78813 0.00870
vt 0.79754 0.01220
vt 0.79533 0.00729
vt 0.79065 0.01858
vt 0.78086 0.01861
vt 0.80058 0.01743
vt 0.79139 0.02343
vt 0.78111 0.02325
vt 0.80289 0.02315
vt 0.79159 0.02833
vt 0.78119 0.02801
vt 0.80348 0.02921
vt 0.79111 0.03321
vt 0.78101 0.03279
vt 0.80207 0.03503
vt 0.78996 0.03794
vt 0.78048 0.03743
vt 0.79922 0.04016
vt 0.78835 0.04268
vt 0.77969 0.04210
vt 0.79600 0.04480
vt 0.78688 0.04753
vt 0.77899 0.04695
vt 0.79365 0.04946
vt 0.77145 0.02796
vt 0.77138 0.02319
vt 0.77131 0.01856
vt 0.77114 0.01390
vt 0.77078 0.00901
vt 0.76162 0.00901
vt 0.76183 0.01389
vt 0.75235 0.00908
vt 0.75251 0.01397
vt 0.74310 0.00924
vt 0.74321 0.01413
vt 0.73391 0.00945
vt 0.73396 0.01435
vt 0.72482 0.00970
vt 0.72478 0.01459
vt 0.76187 0.01857
vt 0.75249 0.01867
vt 0.74316 0.01885
vt 0.73387 0.01906
vt 0.72458 0.01928
vt 0.76189 0.02323
vt 0.75249 0.02337
vt 0.74314 0.02356
vt 0.73381 0.02377
vt 0.72446 0.02397
vt 0.76197 0.02805
vt 0.75259 0.02822
vt 0.74324 0.02842
vt 0.73389 0.02862
vt 0.72451 0.02879
vt 0.76201 0.03288
vt 0.75266 0.03307
vt 0.74334 0.03327
vt 0.73399 0.03347
vt 0.72460 0.03361
vt 0.76188 0.03757
vt 0.75261 0.03778
vt 0.74332 0.03799
vt 0.73399 0.03816
vt 0.72462 0.03828
vt 0.76168 0.04226
vt 0.75250 0.04249
vt 0.74326 0.04270
vt 0.73398 0.04287
vt 0.72466 0.04296
vt 0.76162 0.04715
vt 0.75255 0.04739
vt 0.74337 0.04760
vt 0.73413 0.04776
vt 0.72488 0.04784
vt 0.71511 0.03367
vt 0.71503 0.02890
vt 0.71506 0.02412
vt 0.71531 0.01947
vt 0.71570 0.01479
vt 0.71596 0.00991
vt 0.70744 0.00993
vt 0.70676 0.01479
vt 0.69954 0.00938
vt 0.69809 0.01423
vt 0.69277 0.00747
vt 0.69043 0.01213
vt 0.70598 0.01946
vt 0.69649 0.01897
vt 0.68722 0.01678
vt 0.70545 0.02410
vt 0.69535 0.02371
vt 0.68439 0.02192
vt 0.70528 0.02888
vt 0.69489 0.02859
vt 0.68300 0.02775
vt 0.70538 0.03364
vt 0.69510 0.03349
vt 0.68360 0.03380
vt 0.70563 0.03828
vt 0.69585 0.03833
vt 0.68592 0.03951
vt 0.70612 0.04298
vt 0.69709 0.04326
vt 0.68898 0.04474
vt 0.70680 0.04787
vt 0.69839 0.04821
vt 0.69120 0.04964
vt 0.71519 0.03830
vt 0.71536 0.04297
vt 0.71573 0.04785
vt 0.77141 0.03275
vt 0.77115 0.03740
vt 0.77075 0.04208
vt 0.77048 0.04696
vt 0.44824 0.40993
vt 0.44923 0.40512
vt 0.44036 0.40489
vt 0.44001 0.40970
vt 0.43128 0.40493
vt 0.43135 0.40975
vt 0.42214 0.40502
vt 0.42257 0.40986
vt 0.41309 0.40523
vt 0.41403 0.41011
vt 0.44084 0.40032
vt 0.45032 0.40050
vt 0.41229 0.40051
vt 0.42192 0.40043
vt 0.43140 0.40036
vt 0.44117 0.39578
vt 0.45108 0.39591
vt 0.41182 0.39587
vt 0.42182 0.39589
vt 0.43151 0.39583
vt 0.44126 0.39111
vt 0.45135 0.39119
vt 0.41167 0.39115
vt 0.42176 0.39122
vt 0.43151 0.39117
vt 0.44120 0.38645
vt 0.45120 0.38647
vt 0.41194 0.38643
vt 0.42185 0.38655
vt 0.43151 0.38650
vt 0.44110 0.38191
vt 0.45073 0.38183
vt 0.41270 0.38184
vt 0.42218 0.38202
vt 0.43162 0.38197
vt 0.44088 0.37732
vt 0.44993 0.37710
vt 0.41379 0.37722
vt 0.42266 0.37745
vt 0.43174 0.37741
vt 0.44045 0.37248
vt 0.44899 0.37223
vt 0.41477 0.37241
vt 0.42300 0.37264
vt 0.43167 0.37259
vt 0.46051 0.38123
vt 0.46198 0.38636
vt 0.46232 0.39159
vt 0.46160 0.39670
vt 0.45977 0.40157
vt 0.45746 0.40629
vt 0.45558 0.41104
vt 0.46242 0.41335
vt 0.46430 0.40854
vt 0.46630 0.40361
vt 0.46805 0.39814
vt 0.46906 0.39194
vt 0.46857 0.38563
vt 0.46725 0.37989
vt 0.45846 0.37623
vt 0.46556 0.37467
vt 0.45678 0.37135
vt 0.46399 0.36969
vt 0.40624 0.41099
vt 0.40456 0.40611
vt 0.39747 0.40767
vt 0.39904 0.41265
vt 0.39578 0.40245
vt 0.40251 0.40111
vt 0.39445 0.39671
vt 0.40104 0.39598
vt 0.39396 0.39041
vt 0.40070 0.39076
vt 0.39497 0.38421
vt 0.40142 0.38565
vt 0.39672 0.37873
vt 0.40325 0.38077
vt 0.39871 0.37380
vt 0.40556 0.37605
vt 0.40059 0.36899
vt 0.40743 0.37130
vt 0.64086 0.32905
vt 0.63988 0.33112
vt 0.64359 0.33366
vt 0.64516 0.33200
vt 0.64633 0.33722
vt 0.64834 0.33613
vt 0.64784 0.34146
vt 0.65009 0.34104
vt 0.64796 0.34596
vt 0.65023 0.34625
vt 0.64669 0.35027
vt 0.64876 0.35125
vt 0.64415 0.35398
vt 0.64582 0.35555
vt 0.64059 0.35672
vt 0.64168 0.35873
vt 0.63635 0.35823
vt 0.63677 0.36048
vt 0.63186 0.35836
vt 0.63156 0.36063
vt 0.62754 0.35708
vt 0.62656 0.35915
vt 0.62383 0.35454
vt 0.62226 0.35621
vt 0.62109 0.35098
vt 0.61908 0.35208
vt 0.61958 0.34674
vt 0.61733 0.34716
vt 0.61946 0.34225
vt 0.61719 0.34195
vt 0.62073 0.33794
vt 0.61866 0.33695
vt 0.62327 0.33423
vt 0.62160 0.33265
vt 0.62683 0.33148
vt 0.62574 0.32947
vt 0.63107 0.32997
vt 0.63065 0.32772
vt 0.63556 0.32985
vt 0.63586 0.32758
vt 0.63615 0.32534
vt 0.64183 0.32701
vt 0.63023 0.32550
vt 0.62465 0.32749
vt 0.61996 0.33110
vt 0.61662 0.33598
vt 0.61494 0.34166
vt 0.61511 0.34758
vt 0.61709 0.35316
vt 0.62071 0.35785
vt 0.62559 0.36120
vt 0.63127 0.36287
vt 0.63719 0.36270
vt 0.64277 0.36072
vt 0.64746 0.35711
vt 0.65080 0.35222
vt 0.65248 0.34654
vt 0.65231 0.34062
vt 0.65033 0.33505
vt 0.64671 0.33036
vt 0.84746 0.32865
vt 0.84150 0.32269
vt 0.82567 0.34449
vt 0.83399 0.31886
vt 0.82567 0.31754
vt 0.81734 0.31886
vt 0.80983 0.32269
vt 0.80387 0.32865
vt 0.80005 0.33616
vt 0.79873 0.34449
vt 0.80005 0.35281
vt 0.80387 0.36032
vt 0.85129 0.33616
vt 0.85261 0.34449
vt 0.85129 0.35281
vt 0.84746 0.36032
vt 0.84150 0.36628
vt 0.83399 0.37011
vt 0.82567 0.37143
vt 0.81734 0.37011
vt 0.80983 0.36628
vt 0.75492 0.36695
vt 0.75754 0.36654
vt 0.75492 0.35849
vt 0.75990 0.36533
vt 0.75231 0.36654
vt 0.75492 0.35848
vt 0.75492 0.35848
vt 0.74995 0.36533
vt 0.74808 0.36346
vt 0.74687 0.36110
vt 0.74646 0.35848
vt 0.74687 0.35587
vt 0.76177 0.36346
vt 0.75492 0.35848
vt 0.75492 0.35849
vt 0.76297 0.36110
vt 0.76339 0.35848
vt 0.76297 0.35587
vt 0.76177 0.35351
vt 0.75990 0.35164
vt 0.75492 0.35848
vt 0.74808 0.35351
vt 0.74995 0.35164
vt 0.75231 0.35043
vt 0.75492 0.35002
vt 0.75492 0.35848
vt 0.75492 0.35848
vt 0.75754 0.35043
vt 0.73471 0.34060
vt 0.73471 0.34366
vt 0.74036 0.34366
vt 0.74036 0.34060
vt 0.74602 0.34366
vt 0.74602 0.34060
vt 0.75168 0.34366
vt 0.75168 0.34060
vt 0.75734 0.34366
vt 0.75734 0.34060
vt 0.76300 0.34366
vt 0.76300 0.34060
vt 0.76866 0.34366
vt 0.76866 0.34060
vt 0.77432 0.34366
vt 0.77432 0.34060
vt 0.72905 0.34060
vt 0.72339 0.34060
vt 0.72905 0.34366
vt 0.72339 0.34366
vt 0.71773 0.34060
vt 0.71773 0.34366
vt 0.71207 0.34060
vt 0.71207 0.34366
vt 0.70641 0.34060
vt 0.70641 0.34366
vt 0.70075 0.34060
vt 0.70075 0.34366
vt 0.69509 0.34060
vt 0.69510 0.34366
vt 0.68944 0.34060
vt 0.68944 0.34366
vt 0.68378 0.34060
vt 0.68378 0.34366
vt 0.67812 0.34060
vt 0.67812 0.34366
vt 0.67246 0.34060
vt 0.67246 0.34366
vt 0.66680 0.34060
vt 0.66680 0.34366
vt 0.66114 0.34060
vt 0.66114 0.34366
vt 0.69909 0.33560
vt 0.69910 0.33418
vt 0.69311 0.33417
vt 0.69311 0.33559
vt 0.68713 0.33416
vt 0.68713 0.33558
vt 0.68120 0.33415
vt 0.68119 0.33557
vt 0.67537 0.33414
vt 0.67537 0.33556
vt 0.66972 0.33413
vt 0.66973 0.33555
vt 0.66440 0.33412
vt 0.66440 0.33554
vt 0.65951 0.33411
vt 0.65932 0.33553
vt 0.70507 0.33562
vt 0.65966 0.33296
vt 0.66437 0.33297
vt 0.65971 0.33249
vt 0.66434 0.33250
vt 0.65974 0.33207
vt 0.66431 0.33208
vt 0.65974 0.33187
vt 0.66429 0.33188
vt 0.65962 0.33137
vt 0.66422 0.33138
vt 0.66964 0.33189
vt 0.66960 0.33139
vt 0.67533 0.33190
vt 0.67531 0.33140
vt 0.68118 0.33191
vt 0.68117 0.33141
vt 0.68713 0.33192
vt 0.68713 0.33142
vt 0.69311 0.33193
vt 0.69311 0.33143
vt 0.69910 0.33194
vt 0.69910 0.33144
vt 0.70508 0.33195
vt 0.70508 0.33145
vt 0.71106 0.33196
vt 0.71106 0.33147
vt 0.71706 0.33197
vt 0.71706 0.33148
vt 0.72307 0.33198
vt 0.72307 0.33149
vt 0.72904 0.33200
vt 0.72904 0.33150
vt 0.73500 0.33201
vt 0.73501 0.33151
vt 0.74097 0.33202
vt 0.74098 0.33152
vt 0.74694 0.33203
vt 0.74695 0.33153
vt 0.75288 0.33204
vt 0.75289 0.33154
vt 0.75874 0.33205
vt 0.75876 0.33155
vt 0.76444 0.33206
vt 0.76448 0.33156
vt 0.76980 0.33207
vt 0.76987 0.33157
vt 0.77434 0.33208
vt 0.77446 0.33158
vt 0.76995 0.33112
vt 0.77459 0.33113
vt 0.76453 0.33111
vt 0.75878 0.33110
vt 0.75290 0.33109
vt 0.74695 0.33108
vt 0.74098 0.33107
vt 0.73501 0.33106
vt 0.72904 0.33105
vt 0.72307 0.33104
vt 0.71707 0.33103
vt 0.71106 0.33101
vt 0.70508 0.33100
vt 0.69910 0.33099
vt 0.69311 0.33098
vt 0.68712 0.33097
vt 0.68117 0.33096
vt 0.67529 0.33095
vt 0.66956 0.33094
vt 0.66414 0.33093
vt 0.65950 0.33092
vt 0.68712 0.33052
vt 0.69311 0.33053
vt 0.68712 0.32999
vt 0.69311 0.33000
vt 0.69910 0.33054
vt 0.69910 0.33001
vt 0.68115 0.32998
vt 0.68116 0.33050
vt 0.67524 0.32997
vt 0.67527 0.33049
vt 0.66945 0.32996
vt 0.66951 0.33048
vt 0.66395 0.32995
vt 0.66406 0.33047
vt 0.65927 0.32994
vt 0.65940 0.33046
vt 0.70508 0.33055
vt 0.70508 0.33002
vt 0.71106 0.33056
vt 0.71106 0.33003
vt 0.71707 0.33057
vt 0.71707 0.33005
vt 0.72307 0.33058
vt 0.72306 0.33006
vt 0.72904 0.33059
vt 0.72904 0.33007
vt 0.73501 0.33060
vt 0.73501 0.33008
vt 0.74098 0.33061
vt 0.74099 0.33009
vt 0.74696 0.33063
vt 0.74697 0.33010
vt 0.75291 0.33064
vt 0.75293 0.33011
vt 0.75881 0.33065
vt 0.75884 0.33012
vt 0.76458 0.33066
vt 0.76464 0.33013
vt 0.77003 0.33067
vt 0.77015 0.33014
vt 0.77469 0.33068
vt 0.77482 0.33015
vt 0.77475 0.33574
vt 0.77456 0.33432
vt 0.76968 0.33431
vt 0.76967 0.33573
vt 0.76435 0.33431
vt 0.76434 0.33572
vt 0.75869 0.33429
vt 0.75869 0.33571
vt 0.75286 0.33428
vt 0.75285 0.33570
vt 0.74693 0.33427
vt 0.74693 0.33569
vt 0.74096 0.33426
vt 0.74096 0.33568
vt 0.73500 0.33425
vt 0.73500 0.33567
vt 0.72904 0.33424
vt 0.72903 0.33566
vt 0.72306 0.33423
vt 0.72306 0.33565
vt 0.71706 0.33422
vt 0.71706 0.33564
vt 0.71105 0.33421
vt 0.71105 0.33563
vt 0.70507 0.33420
vt 0.69910 0.33303
vt 0.69311 0.33302
vt 0.69311 0.33255
vt 0.68713 0.33254
vt 0.68713 0.33212
vt 0.68119 0.33211
vt 0.67534 0.33210
vt 0.66966 0.33209
vt 0.69311 0.33214
vt 0.69910 0.33215
vt 0.70508 0.33216
vt 0.71106 0.33217
vt 0.71706 0.33218
vt 0.72307 0.33219
vt 0.72904 0.33220
vt 0.73500 0.33221
vt 0.74097 0.33222
vt 0.74694 0.33223
vt 0.75288 0.33225
vt 0.75873 0.33226
vt 0.76443 0.33227
vt 0.76977 0.33228
vt 0.77434 0.33229
vt 0.74097 0.33264
vt 0.73500 0.33263
vt 0.72904 0.33262
vt 0.72306 0.33261
vt 0.71706 0.33259
vt 0.71106 0.33258
vt 0.70507 0.33257
vt 0.69910 0.33256
vt 0.70507 0.33304
vt 0.71106 0.33305
vt 0.71706 0.33306
vt 0.72306 0.33308
vt 0.72904 0.33309
vt 0.73500 0.33310
vt 0.74097 0.33311
vt 0.74693 0.33312
vt 0.74693 0.33265
vt 0.75287 0.33266
vt 0.75872 0.33267
vt 0.76440 0.33268
vt 0.76974 0.33269
vt 0.77437 0.33270
vt 0.75286 0.33313
vt 0.75871 0.33314
vt 0.76438 0.33315
vt 0.76971 0.33316
vt 0.77441 0.33317
vt 0.69910 0.31613
vt 0.69910 0.31205
vt 0.69309 0.31204
vt 0.69309 0.31611
vt 0.68706 0.31203
vt 0.68705 0.31610
vt 0.68098 0.31202
vt 0.68098 0.31609
vt 0.67480 0.31201
vt 0.67480 0.31608
vt 0.66838 0.31200
vt 0.66840 0.31607
vt 0.66136 0.31198
vt 0.66144 0.31606
vt 0.65227 0.31197
vt 0.65303 0.31604
vt 0.70509 0.31614
vt 0.69309 0.31956
vt 0.68706 0.31954
vt 0.69309 0.32280
vt 0.68707 0.32279
vt 0.69309 0.32580
vt 0.68708 0.32579
vt 0.69309 0.32808
vt 0.68710 0.32807
vt 0.69310 0.32973
vt 0.68711 0.32971
vt 0.68114 0.32970
vt 0.67523 0.32969
vt 0.66941 0.32968
vt 0.66387 0.32967
vt 0.65912 0.32966
vt 0.69910 0.32974
vt 0.70508 0.32975
vt 0.71107 0.32976
vt 0.71707 0.32977
vt 0.72306 0.32978
vt 0.72904 0.32979
vt 0.73502 0.32980
vt 0.74099 0.32981
vt 0.74697 0.32982
vt 0.75294 0.32984
vt 0.75886 0.32985
vt 0.76468 0.32986
vt 0.77022 0.32987
vt 0.77497 0.32988
vt 0.77068 0.32823
vt 0.77599 0.32824
vt 0.76489 0.32822
vt 0.75896 0.32820
vt 0.75299 0.32819
vt 0.74700 0.32818
vt 0.74101 0.32817
vt 0.73503 0.32816
vt 0.72905 0.32815
vt 0.72306 0.32814
vt 0.71707 0.32813
vt 0.71107 0.32812
vt 0.70508 0.32811
vt 0.69909 0.32809
vt 0.72905 0.32587
vt 0.72306 0.32586
vt 0.71707 0.32585
vt 0.71108 0.32583
vt 0.70508 0.32582
vt 0.69909 0.32581
vt 0.72307 0.32286
vt 0.72906 0.32287
vt 0.73504 0.32588
vt 0.74103 0.32589
vt 0.74702 0.32590
vt 0.75304 0.32591
vt 0.75907 0.32592
vt 0.76513 0.32593
vt 0.77123 0.32595
vt 0.77724 0.32596
vt 0.77187 0.32295
vt 0.77872 0.32296
vt 0.76541 0.32294
vt 0.75919 0.32292
vt 0.75310 0.32291
vt 0.74705 0.32290
vt 0.74104 0.32289
vt 0.73505 0.32288
vt 0.77237 0.31970
vt 0.78004 0.31972
vt 0.76561 0.31969
vt 0.75928 0.31968
vt 0.75314 0.31967
vt 0.74708 0.31965
vt 0.74105 0.31964
vt 0.73506 0.31963
vt 0.72907 0.31962
vt 0.72308 0.31961
vt 0.71708 0.31960
vt 0.71708 0.32285
vt 0.71108 0.32284
vt 0.70509 0.32283
vt 0.69909 0.32281
vt 0.71109 0.31959
vt 0.70509 0.31958
vt 0.69909 0.31957
vt 0.71109 0.31615
vt 0.70510 0.31206
vt 0.71110 0.31207
vt 0.71709 0.31616
vt 0.71710 0.31208
vt 0.72308 0.31617
vt 0.72309 0.31210
vt 0.72908 0.31618
vt 0.72909 0.31211
vt 0.73507 0.31619
vt 0.73507 0.31212
vt 0.74107 0.31620
vt 0.74108 0.31213
vt 0.74709 0.31621
vt 0.74710 0.31214
vt 0.75316 0.31623
vt 0.75318 0.31215
vt 0.75934 0.31624
vt 0.75936 0.31216
vt 0.76573 0.31625
vt 0.76577 0.31217
vt 0.77269 0.31626
vt 0.77279 0.31219
vt 0.78110 0.31628
vt 0.78188 0.31220
vt 0.65312 0.29675
vt 0.65312 0.29838
vt 0.66151 0.29839
vt 0.66151 0.29675
vt 0.66990 0.29839
vt 0.66990 0.29676
vt 0.67829 0.29840
vt 0.67829 0.29676
vt 0.68669 0.29840
vt 0.68669 0.29677
vt 0.69508 0.29841
vt 0.69508 0.29678
vt 0.70347 0.29842
vt 0.70347 0.29678
vt 0.71186 0.29842
vt 0.71186 0.29679
vt 0.72025 0.29843
vt 0.72025 0.29679
vt 0.72865 0.29843
vt 0.72865 0.29680
vt 0.73704 0.29844
vt 0.73704 0.29680
vt 0.74543 0.29844
vt 0.74543 0.29681
vt 0.75382 0.29845
vt 0.75382 0.29681
vt 0.76221 0.29845
vt 0.76222 0.29682
vt 0.77061 0.29846
vt 0.77061 0.29682
vt 0.77900 0.29846
vt 0.77900 0.29683
vt 0.78739 0.29847
vt 0.78739 0.29683
vt 0.61955 0.29673
vt 0.61955 0.29836
vt 0.62794 0.29837
vt 0.62794 0.29673
vt 0.63633 0.29837
vt 0.63633 0.29674
vt 0.64472 0.29838
vt 0.64473 0.29674
vt 0.65311 0.30277
vt 0.65311 0.30423
vt 0.66151 0.30423
vt 0.66151 0.30277
vt 0.66990 0.30424
vt 0.66990 0.30278
vt 0.67829 0.30424
vt 0.67829 0.30278
vt 0.68668 0.30425
vt 0.68668 0.30279
vt 0.69507 0.30425
vt 0.69507 0.30279
vt 0.70347 0.30426
vt 0.70347 0.30280
vt 0.71186 0.30426
vt 0.71186 0.30280
vt 0.72025 0.30427
vt 0.72025 0.30281
vt 0.72864 0.30427
vt 0.72864 0.30281
vt 0.73703 0.30428
vt 0.73704 0.30282
vt 0.74543 0.30429
vt 0.74543 0.30282
vt 0.75382 0.30429
vt 0.75382 0.30283
vt 0.76221 0.30430
vt 0.76221 0.30284
vt 0.77060 0.30430
vt 0.77060 0.30284
vt 0.77900 0.30431
vt 0.77900 0.30285
vt 0.78739 0.30431
vt 0.78739 0.30285
vt 0.72864 0.30135
vt 0.72025 0.30135
vt 0.72025 0.29989
vt 0.71186 0.29988
vt 0.71186 0.29842
vt 0.70347 0.29842
vt 0.70347 0.29988
vt 0.69508 0.29841
vt 0.69508 0.29987
vt 0.68669 0.29840
vt 0.68668 0.29987
vt 0.67829 0.29840
vt 0.67829 0.29986
vt 0.66990 0.29839
vt 0.66990 0.29985
vt 0.66151 0.29839
vt 0.66151 0.29985
vt 0.72025 0.29843
vt 0.72865 0.29989
vt 0.72865 0.29843
vt 0.73704 0.29990
vt 0.73704 0.29844
vt 0.74543 0.29990
vt 0.74543 0.29844
vt 0.75382 0.29991
vt 0.75382 0.29845
vt 0.76221 0.29991
vt 0.76221 0.29845
vt 0.77061 0.29992
vt 0.77061 0.29846
vt 0.77900 0.29992
vt 0.77900 0.29846
vt 0.78739 0.29993
vt 0.78739 0.29847
vt 0.73704 0.30136
vt 0.74543 0.30136
vt 0.75382 0.30137
vt 0.76221 0.30137
vt 0.77060 0.30138
vt 0.77900 0.30139
vt 0.78739 0.30139
vt 0.61955 0.30274
vt 0.61954 0.30421
vt 0.62794 0.30421
vt 0.62794 0.30275
vt 0.63633 0.30422
vt 0.63633 0.30276
vt 0.64472 0.30422
vt 0.64472 0.30276
vt 0.61955 0.30128
vt 0.62794 0.30129
vt 0.61955 0.29982
vt 0.62794 0.29983
vt 0.61955 0.29836
vt 0.62794 0.29837
vt 0.63633 0.29983
vt 0.63633 0.29837
vt 0.64472 0.29984
vt 0.64472 0.29838
vt 0.65312 0.29984
vt 0.65312 0.29838
vt 0.63633 0.30129
vt 0.64472 0.30130
vt 0.65312 0.30130
vt 0.66151 0.30131
vt 0.66990 0.30132
vt 0.67829 0.30132
vt 0.68668 0.30133
vt 0.69508 0.30133
vt 0.70347 0.30134
vt 0.71186 0.30134
vt 0.65311 0.30423
vt 0.65311 0.30605
vt 0.66150 0.30605
vt 0.66151 0.30423
vt 0.66990 0.30606
vt 0.66990 0.30424
vt 0.67829 0.30606
vt 0.67829 0.30424
vt 0.68668 0.30607
vt 0.68668 0.30425
vt 0.69507 0.30608
vt 0.69507 0.30425
vt 0.70346 0.30608
vt 0.70347 0.30426
vt 0.71186 0.30609
vt 0.71186 0.30426
vt 0.72025 0.30609
vt 0.72025 0.30427
vt 0.72864 0.30610
vt 0.72864 0.30427
vt 0.73703 0.30610
vt 0.73703 0.30428
vt 0.74543 0.30611
vt 0.74543 0.30429
vt 0.75382 0.30611
vt 0.75382 0.30429
vt 0.76221 0.30612
vt 0.76221 0.30430
vt 0.77060 0.30612
vt 0.77060 0.30430
vt 0.77899 0.30613
vt 0.77900 0.30431
vt 0.78739 0.30613
vt 0.78739 0.30431
vt 0.61954 0.30421
vt 0.61954 0.30603
vt 0.62794 0.30603
vt 0.62794 0.30421
vt 0.63633 0.30604
vt 0.63633 0.30422
vt 0.64472 0.30604
vt 0.64472 0.30422
vt 0.65311 0.30605
vt 0.65311 0.30670
vt 0.66150 0.30670
vt 0.66150 0.30605
vt 0.66990 0.30671
vt 0.66990 0.30606
vt 0.67829 0.30671
vt 0.67829 0.30606
vt 0.68668 0.30672
vt 0.68668 0.30607
vt 0.69507 0.30672
vt 0.69507 0.30608
vt 0.70346 0.30673
vt 0.70346 0.30608
vt 0.71186 0.30673
vt 0.71186 0.30609
vt 0.72025 0.30674
vt 0.72025 0.30609
vt 0.72864 0.30674
vt 0.72864 0.30610
vt 0.73703 0.30675
vt 0.73703 0.30610
vt 0.74542 0.30675
vt 0.74543 0.30611
vt 0.75382 0.30676
vt 0.75382 0.30611
vt 0.76221 0.30677
vt 0.76221 0.30612
vt 0.77060 0.30677
vt 0.77060 0.30612
vt 0.77899 0.30678
vt 0.77899 0.30613
vt 0.78739 0.30678
vt 0.78739 0.30613
vt 0.61954 0.30603
vt 0.61954 0.30667
vt 0.62793 0.30668
vt 0.62794 0.30603
vt 0.63633 0.30668
vt 0.63633 0.30604
vt 0.64472 0.30669
vt 0.64472 0.30604
vt 0.81480 0.38046
vt 0.81480 0.37962
vt 0.80264 0.37962
vt 0.80264 0.38046
vt 0.79047 0.37962
vt 0.79047 0.38046
vt 0.77831 0.37962
vt 0.77831 0.38046
vt 0.76615 0.37962
vt 0.76615 0.38046
vt 0.75399 0.37962
vt 0.75399 0.38046
vt 0.74182 0.37962
vt 0.74182 0.38046
vt 0.72966 0.37962
vt 0.72966 0.38046
vt 0.71750 0.37962
vt 0.71750 0.38046
vt 0.70534 0.37962
vt 0.70534 0.38046
vt 0.69318 0.37962
vt 0.69318 0.38046
vt 0.68101 0.37962
vt 0.68101 0.38046
vt 0.66885 0.37962
vt 0.66885 0.38046
vt 0.65669 0.37962
vt 0.65669 0.38046
vt 0.64453 0.37962
vt 0.64453 0.38046
vt 0.63236 0.37962
vt 0.63236 0.38046
vt 0.62020 0.37962
vt 0.62020 0.38046
vt 0.86345 0.38046
vt 0.86345 0.37962
vt 0.85128 0.37962
vt 0.85128 0.38046
vt 0.83912 0.37962
vt 0.83912 0.38046
vt 0.82696 0.37962
vt 0.82696 0.38046
vt 0.66968 0.33251
vt 0.67535 0.33252
vt 0.68119 0.33253
vt 0.66970 0.33298
vt 0.67536 0.33299
vt 0.68119 0.33300
vt 0.68713 0.33301
vt 0.68110 0.32806
vt 0.67513 0.32805
vt 0.66921 0.32804
vt 0.66342 0.32803
vt 0.65810 0.32802
vt 0.68106 0.32578
vt 0.67503 0.32577
vt 0.66897 0.32576
vt 0.66287 0.32575
vt 0.65686 0.32573
vt 0.68102 0.32278
vt 0.67492 0.32277
vt 0.66870 0.32276
vt 0.66224 0.32275
vt 0.65539 0.32273
vt 0.68099 0.31953
vt 0.67484 0.31952
vt 0.66851 0.31951
vt 0.66175 0.31950
vt 0.65407 0.31948
vt 0.63529 0.33195
vt 0.63897 0.33303
vt 0.63146 0.33206
vt 0.62785 0.33334
vt 0.62481 0.33568
vt 0.62264 0.33884
vt 0.62156 0.34252
vt 0.62167 0.34635
vt 0.62295 0.34997
vt 0.62529 0.35300
vt 0.62845 0.35517
vt 0.63213 0.35625
vt 0.63596 0.35615
vt 0.63957 0.35486
vt 0.64261 0.35252
vt 0.64478 0.34936
vt 0.64586 0.34568
vt 0.64575 0.34185
vt 0.64447 0.33824
vt 0.64213 0.33520
vt 0.63871 0.35327
vt 0.63563 0.35437
vt 0.64130 0.35128
vt 0.64314 0.34858
vt 0.64407 0.34545
vt 0.64398 0.34218
vt 0.64288 0.33910
vt 0.64089 0.33652
vt 0.63819 0.33467
vt 0.63506 0.33375
vt 0.63179 0.33384
vt 0.62871 0.33493
vt 0.62612 0.33693
vt 0.62428 0.33962
vt 0.62335 0.34276
vt 0.62344 0.34602
vt 0.62454 0.34910
vt 0.62653 0.35169
vt 0.62923 0.35354
vt 0.63236 0.35446
vt 0.62571 0.34030
vt 0.62728 0.33802
vt 0.62947 0.33633
vt 0.63208 0.33540
vt 0.63485 0.33532
vt 0.63751 0.33610
vt 0.63257 0.35288
vt 0.62991 0.35210
vt 0.62762 0.35054
vt 0.62593 0.34834
vt 0.62500 0.34573
vt 0.62493 0.34296
vt 0.63980 0.33767
vt 0.64149 0.33986
vt 0.64242 0.34247
vt 0.64249 0.34524
vt 0.64171 0.34790
vt 0.64014 0.35019
vt 0.63795 0.35188
vt 0.63534 0.35281
vt 0.86345 0.40562
vt 0.86345 0.40443
vt 0.85128 0.40443
vt 0.85128 0.40562
vt 0.83912 0.40443
vt 0.83912 0.40562
vt 0.82696 0.40443
vt 0.82696 0.40562
vt 0.81480 0.40443
vt 0.81480 0.40562
vt 0.80264 0.40443
vt 0.80264 0.40562
vt 0.79047 0.40443
vt 0.79047 0.40562
vt 0.77831 0.40443
vt 0.77831 0.40562
vt 0.76615 0.40443
vt 0.76615 0.40562
vt 0.75399 0.40443
vt 0.75399 0.40562
vt 0.74182 0.40443
vt 0.74182 0.40562
vt 0.72966 0.40443
vt 0.72966 0.40562
vt 0.71750 0.40443
vt 0.71750 0.40562
vt 0.70534 0.40443
vt 0.70534 0.40562
vt 0.69318 0.40443
vt 0.69318 0.40562
vt 0.68101 0.40443
vt 0.68101 0.40562
vt 0.66885 0.40443
vt 0.66885 0.40562
vt 0.65669 0.40443
vt 0.65669 0.40562
vt 0.64453 0.40443
vt 0.64453 0.40562
vt 0.63236 0.40443
vt 0.63236 0.40562
vt 0.62020 0.40443
vt 0.62020 0.40562
vt 0.62148 0.40295
vt 0.62147 0.38303
vt 0.62156 0.40284
vt 0.62156 0.38314
vt 0.62164 0.40276
vt 0.62164 0.38322
vt 0.63109 0.38304
vt 0.63101 0.38314
vt 0.62164 0.38322
vt 0.63093 0.38322
vt 0.63101 0.40285
vt 0.63109 0.40295
vt 0.63093 0.40276
vt 0.62164 0.40276
vt 0.63093 0.38322
vt 0.63093 0.40276
vt 0.62020 0.38156
vt 0.63236 0.38156
vt 0.62020 0.38046
vt 0.63236 0.38046
vt 0.64453 0.38156
vt 0.64453 0.38046
vt 0.65669 0.38156
vt 0.65669 0.38046
vt 0.66885 0.38156
vt 0.66885 0.38046
vt 0.68101 0.38156
vt 0.68101 0.38046
vt 0.69318 0.38156
vt 0.69318 0.38046
vt 0.70534 0.38156
vt 0.70534 0.38046
vt 0.71750 0.38156
vt 0.71750 0.38046
vt 0.72966 0.38156
vt 0.72966 0.38046
vt 0.74182 0.38156
vt 0.74182 0.38046
vt 0.75399 0.38156
vt 0.75399 0.38046
vt 0.76615 0.38156
vt 0.76615 0.38046
vt 0.77831 0.38156
vt 0.77831 0.38046
vt 0.79047 0.38156
vt 0.79047 0.38046
vt 0.80264 0.38156
vt 0.80264 0.38046
vt 0.81480 0.38156
vt 0.81480 0.38046
vt 0.82696 0.38156
vt 0.82696 0.38046
vt 0.83912 0.38156
vt 0.83912 0.38046
vt 0.85128 0.38156
vt 0.85128 0.38046
vt 0.86345 0.38156
vt 0.86345 0.38046
vt 0.83785 0.38304
vt 0.82823 0.38303
vt 0.82832 0.38314
vt 0.82832 0.40284
vt 0.82823 0.40295
vt 0.82840 0.40276
vt 0.82839 0.38322
vt 0.83776 0.38314
vt 0.82839 0.38322
vt 0.83769 0.38322
vt 0.83785 0.40295
vt 0.83776 0.40285
vt 0.83769 0.38322
vt 0.83769 0.40276
vt 0.83769 0.40276
vt 0.82840 0.40276
vt 0.82569 0.40295
vt 0.82568 0.38304
vt 0.82560 0.38314
vt 0.81616 0.38314
vt 0.81623 0.38322
vt 0.82552 0.38322
vt 0.81607 0.38304
vt 0.81616 0.40285
vt 0.81607 0.40295
vt 0.81623 0.40276
vt 0.81623 0.38322
vt 0.82560 0.40285
vt 0.82553 0.40277
vt 0.81623 0.40276
vt 0.82552 0.38322
vt 0.82553 0.40277
vt 0.81753 0.38449
vt 0.81753 0.40150
vt 0.82423 0.40150
vt 0.82423 0.38449
vt 0.81753 0.40150
vt 0.82423 0.40150
vt 0.81353 0.40295
vt 0.81352 0.38304
vt 0.81344 0.38314
vt 0.80399 0.38314
vt 0.80407 0.38322
vt 0.81336 0.38322
vt 0.80391 0.38303
vt 0.80400 0.40284
vt 0.80391 0.40295
vt 0.80407 0.40276
vt 0.80407 0.38322
vt 0.81344 0.40285
vt 0.81336 0.40277
vt 0.80407 0.40276
vt 0.81336 0.38322
vt 0.81336 0.40277
vt 0.80136 0.40295
vt 0.80136 0.38304
vt 0.80128 0.38314
vt 0.79183 0.38314
vt 0.79191 0.38322
vt 0.80120 0.38322
vt 0.79175 0.38304
vt 0.79183 0.40285
vt 0.79174 0.40295
vt 0.79191 0.40277
vt 0.79191 0.38322
vt 0.80128 0.40285
vt 0.80120 0.40276
vt 0.79191 0.40277
vt 0.80120 0.38322
vt 0.80120 0.40276
vt 0.78920 0.40295
vt 0.78920 0.38304
vt 0.78911 0.38314
vt 0.77967 0.38314
vt 0.77975 0.38322
vt 0.78904 0.38322
vt 0.77959 0.38304
vt 0.77967 0.40285
vt 0.77958 0.40295
vt 0.77974 0.40277
vt 0.77975 0.38322
vt 0.78911 0.40285
vt 0.78904 0.40276
vt 0.77974 0.40277
vt 0.78904 0.38322
vt 0.78904 0.40276
vt 0.77704 0.40295
vt 0.77704 0.38303
vt 0.77695 0.38314
vt 0.76751 0.38314
vt 0.76758 0.38322
vt 0.77688 0.38322
vt 0.76742 0.38303
vt 0.76751 0.40284
vt 0.76742 0.40295
vt 0.76759 0.40276
vt 0.76758 0.38322
vt 0.77695 0.40284
vt 0.77687 0.40276
vt 0.76759 0.40276
vt 0.77688 0.38322
vt 0.77687 0.40276
vt 0.76487 0.40295
vt 0.76488 0.38303
vt 0.76479 0.38314
vt 0.75535 0.38314
vt 0.75542 0.38322
vt 0.76471 0.38322
vt 0.75526 0.38304
vt 0.75535 0.40285
vt 0.75526 0.40295
vt 0.75542 0.40276
vt 0.75542 0.38322
vt 0.76479 0.40284
vt 0.76471 0.40276
vt 0.75542 0.40276
vt 0.76471 0.38322
vt 0.76471 0.40276
vt 0.75271 0.40295
vt 0.75271 0.38304
vt 0.75263 0.38314
vt 0.74318 0.38314
vt 0.74326 0.38322
vt 0.75255 0.38322
vt 0.74310 0.38304
vt 0.74318 0.40285
vt 0.74310 0.40295
vt 0.74326 0.40276
vt 0.74326 0.38322
vt 0.75263 0.40285
vt 0.75255 0.40276
vt 0.74326 0.40276
vt 0.75255 0.38322
vt 0.75255 0.40276
vt 0.74055 0.40295
vt 0.74055 0.38304
vt 0.74047 0.38314
vt 0.73102 0.38314
vt 0.73110 0.38322
vt 0.74039 0.38322
vt 0.73094 0.38304
vt 0.73102 0.40285
vt 0.73094 0.40295
vt 0.73110 0.40276
vt 0.73110 0.38322
vt 0.74046 0.40285
vt 0.74039 0.40276
vt 0.73110 0.40276
vt 0.74039 0.38322
vt 0.74039 0.40276
vt 0.72839 0.40295
vt 0.72839 0.38304
vt 0.72830 0.38314
vt 0.71886 0.38314
vt 0.71894 0.38322
vt 0.72823 0.38322
vt 0.71877 0.38304
vt 0.71886 0.40285
vt 0.71877 0.40295
vt 0.71894 0.40276
vt 0.71894 0.38322
vt 0.72830 0.40285
vt 0.72823 0.40276
vt 0.71894 0.40276
vt 0.72823 0.38322
vt 0.72823 0.40276
vt 0.71622 0.40295
vt 0.71623 0.38303
vt 0.71614 0.38314
vt 0.70670 0.38314
vt 0.70678 0.38322
vt 0.71607 0.38322
vt 0.70661 0.38304
vt 0.70670 0.40285
vt 0.70661 0.40295
vt 0.70677 0.40277
vt 0.70678 0.38322
vt 0.71614 0.40284
vt 0.71606 0.40276
vt 0.70677 0.40277
vt 0.71607 0.38322
vt 0.71606 0.40276
vt 0.70406 0.40295
vt 0.70406 0.38304
vt 0.70398 0.38314
vt 0.69453 0.38314
vt 0.69461 0.38322
vt 0.70390 0.38322
vt 0.69445 0.38304
vt 0.69453 0.40285
vt 0.69445 0.40295
vt 0.69461 0.40276
vt 0.69461 0.38322
vt 0.70398 0.40285
vt 0.70390 0.40276
vt 0.69461 0.40276
vt 0.70390 0.38322
vt 0.70390 0.40276
vt 0.69190 0.40295
vt 0.69190 0.38304
vt 0.69182 0.38314
vt 0.68237 0.38314
vt 0.68245 0.38322
vt 0.69174 0.38322
vt 0.68229 0.38304
vt 0.68237 0.40285
vt 0.68229 0.40295
vt 0.68245 0.40277
vt 0.68245 0.38322
vt 0.69182 0.40285
vt 0.69174 0.40276
vt 0.68245 0.40277
vt 0.69174 0.38322
vt 0.69174 0.40276
vt 0.67974 0.40295
vt 0.67974 0.38304
vt 0.67965 0.38314
vt 0.67021 0.38314
vt 0.67029 0.38322
vt 0.67958 0.38322
vt 0.67012 0.38304
vt 0.67021 0.40285
vt 0.67012 0.40295
vt 0.67029 0.40276
vt 0.67029 0.38322
vt 0.67965 0.40285
vt 0.67958 0.40276
vt 0.67029 0.40276
vt 0.67958 0.38322
vt 0.67958 0.40276
vt 0.66758 0.40295
vt 0.66758 0.38304
vt 0.66749 0.38314
vt 0.65805 0.38314
vt 0.65812 0.38322
vt 0.66742 0.38322
vt 0.65796 0.38304
vt 0.65805 0.40285
vt 0.65796 0.40295
vt 0.65812 0.40276
vt 0.65812 0.38322
vt 0.66749 0.40285
vt 0.66742 0.40276
vt 0.65812 0.40276
vt 0.66742 0.38322
vt 0.66742 0.40276
vt 0.65542 0.40295
vt 0.65542 0.38304
vt 0.65533 0.38314
vt 0.64589 0.38314
vt 0.64596 0.38322
vt 0.65525 0.38322
vt 0.64580 0.38304
vt 0.64588 0.40285
vt 0.64580 0.40295
vt 0.64596 0.40277
vt 0.64596 0.38322
vt 0.65533 0.40285
vt 0.65525 0.40276
vt 0.64596 0.40277
vt 0.65525 0.38322
vt 0.65525 0.40276
vt 0.64325 0.40295
vt 0.64325 0.38304
vt 0.64317 0.38314
vt 0.63372 0.38314
vt 0.63380 0.38322
vt 0.64309 0.38322
vt 0.63364 0.38304
vt 0.63372 0.40285
vt 0.63364 0.40295
vt 0.63380 0.40277
vt 0.63380 0.38322
vt 0.64317 0.40285
vt 0.64309 0.40276
vt 0.63380 0.40277
vt 0.64309 0.38322
vt 0.64309 0.40276
vt 0.63510 0.38449
vt 0.63510 0.40150
vt 0.64179 0.40150
vt 0.64179 0.38449
vt 0.63510 0.40150
vt 0.64179 0.40150
vt 0.82969 0.38449
vt 0.82969 0.40150
vt 0.83639 0.40150
vt 0.83639 0.38449
vt 0.85402 0.38449
vt 0.85402 0.40150
vt 0.86071 0.40150
vt 0.86071 0.38449
vt 0.62294 0.40150
vt 0.62963 0.40150
vt 0.62963 0.38449
vt 0.62294 0.38449
vt 0.63510 0.40150
vt 0.64179 0.40150
vt 0.64179 0.38449
vt 0.63510 0.38449
vt 0.64726 0.40150
vt 0.65396 0.40150
vt 0.65396 0.38449
vt 0.64726 0.38449
vt 0.65942 0.40150
vt 0.66612 0.40150
vt 0.66612 0.38449
vt 0.65942 0.38449
vt 0.67158 0.40150
vt 0.67828 0.40150
vt 0.67828 0.38449
vt 0.67158 0.38449
vt 0.68375 0.40150
vt 0.69044 0.40150
vt 0.69044 0.38449
vt 0.68375 0.38449
vt 0.69591 0.40150
vt 0.70261 0.40150
vt 0.70261 0.38449
vt 0.69591 0.38449
vt 0.70807 0.40150
vt 0.71477 0.40150
vt 0.71477 0.38449
vt 0.70807 0.38449
vt 0.72023 0.40150
vt 0.72693 0.40150
vt 0.72693 0.38449
vt 0.72023 0.38449
vt 0.73239 0.40150
vt 0.73909 0.40150
vt 0.73909 0.38449
vt 0.73239 0.38449
vt 0.74456 0.40150
vt 0.75125 0.40150
vt 0.75125 0.38449
vt 0.74456 0.38449
vt 0.75672 0.40150
vt 0.76342 0.40150
vt 0.76342 0.38449
vt 0.75672 0.38449
vt 0.76888 0.40150
vt 0.77558 0.40150
vt 0.77558 0.38449
vt 0.76888 0.38449
vt 0.78104 0.40150
vt 0.78774 0.40150
vt 0.78774 0.38449
vt 0.78104 0.38449
vt 0.79321 0.40150
vt 0.79990 0.40150
vt 0.79990 0.38449
vt 0.79321 0.38449
vt 0.80537 0.40150
vt 0.81206 0.40150
vt 0.81206 0.38449
vt 0.80537 0.38449
vt 0.81753 0.40150
vt 0.82423 0.40150
vt 0.82423 0.38449
vt 0.81753 0.38449
vt 0.84185 0.40150
vt 0.84855 0.40150
vt 0.84855 0.38449
vt 0.84185 0.38449
vt 0.85256 0.38304
vt 0.85256 0.40295
vt 0.85264 0.40285
vt 0.85264 0.38314
vt 0.85272 0.40276
vt 0.85272 0.38322
vt 0.86217 0.38304
vt 0.86209 0.38314
vt 0.85272 0.38322
vt 0.86201 0.38322
vt 0.86217 0.40295
vt 0.86209 0.40285
vt 0.86201 0.38322
vt 0.86201 0.40277
vt 0.86201 0.40277
vt 0.85272 0.40276
vt 0.85001 0.40295
vt 0.85001 0.38304
vt 0.84992 0.38314
vt 0.84048 0.38314
vt 0.84056 0.38322
vt 0.84985 0.38322
vt 0.84039 0.38303
vt 0.84048 0.40284
vt 0.84040 0.40295
vt 0.84056 0.40276
vt 0.84056 0.38322
vt 0.84993 0.40285
vt 0.84985 0.40277
vt 0.84056 0.40276
vt 0.84985 0.38322
vt 0.84985 0.40277
vt 0.84185 0.38449
vt 0.84185 0.40150
vt 0.84855 0.40150
vt 0.84855 0.38449
vt 0.84185 0.40150
vt 0.84855 0.40150
vt 0.82969 0.38449
vt 0.83639 0.38449
vt 0.83639 0.38449
vt 0.83639 0.40150
vt 0.83639 0.40150
vt 0.82969 0.40150
vt 0.82969 0.40150
vt 0.82969 0.38449
vt 0.85402 0.38449
vt 0.86071 0.38449
vt 0.86071 0.38449
vt 0.86071 0.40150
vt 0.86071 0.40150
vt 0.85402 0.40150
vt 0.85402 0.40150
vt 0.85402 0.38449
vt 0.62294 0.40150
vt 0.62294 0.38449
vt 0.62294 0.38449
vt 0.62963 0.38449
vt 0.62963 0.38449
vt 0.62963 0.40150
vt 0.62963 0.40150
vt 0.62294 0.40150
vt 0.63510 0.38449
vt 0.64179 0.38449
vt 0.64726 0.40150
vt 0.64726 0.38449
vt 0.64726 0.38449
vt 0.65396 0.38449
vt 0.65396 0.38449
vt 0.65396 0.40150
vt 0.65396 0.40150
vt 0.64726 0.40150
vt 0.65942 0.40150
vt 0.65942 0.38449
vt 0.65942 0.38449
vt 0.66612 0.38449
vt 0.66612 0.38449
vt 0.66612 0.40150
vt 0.66612 0.40150
vt 0.65942 0.40150
vt 0.67158 0.40150
vt 0.67158 0.38449
vt 0.67158 0.38449
vt 0.67828 0.38449
vt 0.67828 0.38449
vt 0.67828 0.40150
vt 0.67828 0.40150
vt 0.67158 0.40150
vt 0.68375 0.40150
vt 0.68375 0.38449
vt 0.68375 0.38449
vt 0.69044 0.38449
vt 0.69044 0.38449
vt 0.69044 0.40150
vt 0.69044 0.40150
vt 0.68375 0.40150
vt 0.69591 0.40150
vt 0.69591 0.38449
vt 0.69591 0.38449
vt 0.70261 0.38449
vt 0.70261 0.38449
vt 0.70261 0.40150
vt 0.70261 0.40150
vt 0.69591 0.40150
vt 0.70807 0.40150
vt 0.70807 0.38449
vt 0.70807 0.38449
vt 0.71477 0.38449
vt 0.71477 0.38449
vt 0.71477 0.40150
vt 0.71477 0.40150
vt 0.70807 0.40150
vt 0.72023 0.40150
vt 0.72023 0.38449
vt 0.72023 0.38449
vt 0.72693 0.38449
vt 0.72693 0.38449
vt 0.72693 0.40150
vt 0.72693 0.40150
vt 0.72023 0.40150
vt 0.73239 0.40150
vt 0.73239 0.38449
vt 0.73239 0.38449
vt 0.73909 0.38449
vt 0.73909 0.38449
vt 0.73909 0.40150
vt 0.73909 0.40150
vt 0.73239 0.40150
vt 0.74456 0.40150
vt 0.74456 0.38449
vt 0.74456 0.38449
vt 0.75125 0.38449
vt 0.75125 0.38449
vt 0.75125 0.40150
vt 0.75125 0.40150
vt 0.74456 0.40150
vt 0.75672 0.40150
vt 0.75672 0.38449
vt 0.75672 0.38449
vt 0.76342 0.38449
vt 0.76342 0.38449
vt 0.76342 0.40150
vt 0.76342 0.40150
vt 0.75672 0.40150
vt 0.76888 0.40150
vt 0.76888 0.38449
vt 0.76888 0.38449
vt 0.77558 0.38449
vt 0.77558 0.38449
vt 0.77558 0.40150
vt 0.77558 0.40150
vt 0.76888 0.40150
vt 0.78104 0.40150
vt 0.78104 0.38449
vt 0.78104 0.38449
vt 0.78774 0.38449
vt 0.78774 0.38449
vt 0.78774 0.40150
vt 0.78774 0.40150
vt 0.78104 0.40150
vt 0.79321 0.40150
vt 0.79321 0.38449
vt 0.79321 0.38449
vt 0.79990 0.38449
vt 0.79990 0.38449
vt 0.79990 0.40150
vt 0.79990 0.40150
vt 0.79321 0.40150
vt 0.81753 0.38449
vt 0.82423 0.38449
vt 0.84185 0.38449
vt 0.84855 0.38449
vt 0.80537 0.40150
vt 0.80537 0.38449
vt 0.80537 0.38449
vt 0.81206 0.38449
vt 0.81206 0.38449
vt 0.81206 0.40150
vt 0.81206 0.40150
vt 0.80537 0.40150
vt 0.37308 0.15523
vt 0.38711 0.26614
vt 0.44756 0.26614
vt 0.46158 0.15523
vt 0.37302 0.15517
vt 0.46165 0.15517
vt 0.44761 0.26620
vt 0.38705 0.26620
vt 0.55260 0.26521
vt 0.49244 0.26521
vt 0.47849 0.15485
vt 0.56655 0.15485
vt 0.55265 0.26526
vt 0.56662 0.15479
vt 0.47843 0.15479
vt 0.49239 0.26526
vt 0.65891 0.26441
vt 0.59858 0.26441
vt 0.58459 0.15373
vt 0.67290 0.15373
vt 0.65896 0.26447
vt 0.67297 0.15367
vt 0.58452 0.15367
vt 0.59853 0.26447
vt 0.70414 0.26353
vt 0.76422 0.26353
vt 0.77816 0.15331
vt 0.69021 0.15331
vt 0.70409 0.26359
vt 0.69014 0.15325
vt 0.77822 0.15325
vt 0.76427 0.26359
vt 0.93482 0.22393
vt 0.94141 0.22255
vt 0.94159 0.22138
vt 0.93487 0.22277
vt 0.94830 0.21804
vt 0.94810 0.21929
vt 0.95501 0.21292
vt 0.95483 0.21424
vt 0.96172 0.20603
vt 0.96156 0.20744
vt 0.94141 0.28407
vt 0.93482 0.28269
vt 0.93487 0.28384
vt 0.94159 0.28524
vt 0.94810 0.28733
vt 0.94830 0.28857
vt 0.95483 0.29238
vt 0.95501 0.29370
vt 0.96156 0.29918
vt 0.96172 0.30059
vt 0.96798 0.19748
vt 0.96795 0.19856
vt 0.96843 0.19802
vt 0.96843 0.19686
vt 0.96843 0.30860
vt 0.96795 0.30806
vt 0.96843 0.30975
vt 0.96798 0.30913
vt 0.96124 0.12825
vt 0.95453 0.12686
vt 0.95471 0.12802
vt 0.96129 0.12941
vt 0.94802 0.12476
vt 0.94782 0.12352
vt 0.94128 0.11971
vt 0.94111 0.11840
vt 0.93455 0.11292
vt 0.93439 0.11151
vt 0.95471 0.18955
vt 0.96129 0.18817
vt 0.95453 0.19072
vt 0.96124 0.18932
vt 0.94782 0.19405
vt 0.94802 0.19281
vt 0.94111 0.19918
vt 0.94128 0.19786
vt 0.93439 0.20606
vt 0.93455 0.20465
vt 0.92816 0.10404
vt 0.92814 0.10296
vt 0.92768 0.10234
vt 0.92768 0.10350
vt 0.92816 0.21354
vt 0.92768 0.21408
vt 0.92814 0.21461
vt 0.92768 0.21523
vt 0.98335 0.18761
vt 0.98335 0.18876
vt 0.98362 0.18875
vt 0.98362 0.18759
vt 0.98335 0.12996
vt 0.98362 0.12998
vt 0.98335 0.12882
vt 0.98362 0.12882
vt 0.93832 0.09468
vt 0.94503 0.09607
vt 0.94485 0.09491
vt 0.93827 0.09352
vt 0.95154 0.09817
vt 0.95174 0.09941
vt 0.95828 0.10322
vt 0.95845 0.10453
vt 0.96500 0.11001
vt 0.96516 0.11142
vt 0.93827 0.03476
vt 0.94485 0.03338
vt 0.94503 0.03221
vt 0.93832 0.03361
vt 0.95174 0.02888
vt 0.95154 0.03012
vt 0.95845 0.02375
vt 0.95828 0.02507
vt 0.96516 0.01687
vt 0.96500 0.01828
vt 0.97139 0.11889
vt 0.97142 0.11997
vt 0.97188 0.12059
vt 0.97188 0.11943
vt 0.97139 0.00939
vt 0.97188 0.00885
vt 0.97142 0.00832
vt 0.97188 0.00770
vt 0.91621 0.03532
vt 0.91621 0.03417
vt 0.91594 0.03418
vt 0.91594 0.03534
vt 0.91621 0.09297
vt 0.91594 0.09295
vt 0.91621 0.09411
vt 0.91594 0.09411
vt 0.97211 0.38294
vt 0.96561 0.38433
vt 0.96554 0.38549
vt 0.97225 0.38410
vt 0.95883 0.38883
vt 0.95883 0.38759
vt 0.95211 0.39395
vt 0.95166 0.39263
vt 0.94310 0.40084
vt 0.94326 0.39943
vt 0.97211 0.32418
vt 0.96561 0.32280
vt 0.97225 0.32303
vt 0.96554 0.32163
vt 0.95883 0.31954
vt 0.95883 0.31830
vt 0.95166 0.31449
vt 0.95211 0.31317
vt 0.94326 0.30770
vt 0.94310 0.30628
vt 0.93517 0.40939
vt 0.93521 0.40831
vt 0.93460 0.40885
vt 0.93460 0.41001
vt 0.93366 0.40902
vt 0.93365 0.41001
vt 0.93460 0.29827
vt 0.93521 0.29881
vt 0.93366 0.29811
vt 0.93365 0.29712
vt 0.93460 0.29712
vt 0.93517 0.29774
vt 0.92676 0.41001
vt 0.92675 0.40890
vt 0.92621 0.40885
vt 0.92621 0.41001
vt 0.92621 0.29827
vt 0.92675 0.29822
vt 0.92621 0.29712
vt 0.92676 0.29712
vt 0.79983 0.29664
vt 0.80092 0.29514
vt 0.79977 0.29510
vt 0.79843 0.29664
vt 0.80084 0.29325
vt 0.80194 0.29326
vt 0.80154 0.29152
vt 0.80253 0.29165
vt 0.80164 0.29023
vt 0.80236 0.29023
vt 0.80261 0.29052
vt 0.89422 0.29664
vt 0.89312 0.29514
vt 0.89562 0.29664
vt 0.89428 0.29510
vt 0.89211 0.29326
vt 0.89320 0.29325
vt 0.89152 0.29165
vt 0.89251 0.29152
vt 0.89144 0.29052
vt 0.89135 0.29023
vt 0.89241 0.29023
vt 0.89243 0.29051
vt 0.80270 0.29023
vt 0.89477 0.22441
vt 0.89348 0.22286
vt 0.89233 0.22289
vt 0.89338 0.22441
vt 0.89137 0.22099
vt 0.89246 0.22098
vt 0.89082 0.21935
vt 0.89181 0.21922
vt 0.89068 0.21792
vt 0.89172 0.21791
vt 0.80306 0.21952
vt 0.80351 0.21819
vt 0.80247 0.21820
vt 0.80171 0.21925
vt 0.80217 0.22105
vt 0.80057 0.22086
vt 0.80085 0.22284
vt 0.79928 0.22267
vt 0.79953 0.22427
vt 0.79814 0.22427
vt 0.80090 0.24636
vt 0.80200 0.24486
vt 0.80085 0.24483
vt 0.79950 0.24636
vt 0.80192 0.24297
vt 0.80301 0.24299
vt 0.80261 0.24124
vt 0.80360 0.24137
vt 0.89420 0.24486
vt 0.89529 0.24636
vt 0.89669 0.24636
vt 0.89535 0.24483
vt 0.89318 0.24299
vt 0.89428 0.24297
vt 0.89259 0.24137
vt 0.89358 0.24124
vt 0.89251 0.24024
vt 0.89276 0.23995
vt 0.89348 0.23995
vt 0.80269 0.24023
vt 0.80368 0.24025
vt 0.80377 0.23995
vt 0.80271 0.23995
vt 0.89242 0.23995
vt 0.89587 0.27378
vt 0.89453 0.27225
vt 0.89338 0.27228
vt 0.89447 0.27378
vt 0.89236 0.27041
vt 0.89346 0.27039
vt 0.89177 0.26879
vt 0.89276 0.26866
vt 0.89160 0.26737
vt 0.89266 0.26737
vt 0.80295 0.26737
vt 0.80278 0.26879
vt 0.80189 0.26737
vt 0.80179 0.26866
vt 0.80219 0.27041
vt 0.80110 0.27039
vt 0.80118 0.27228
vt 0.80003 0.27225
vt 0.80008 0.27378
vt 0.79868 0.27378
vt 0.89172 0.21554
vt 0.88923 0.21294
vt 0.88817 0.21294
vt 0.89068 0.21554
vt 0.80351 0.21582
vt 0.80554 0.21308
vt 0.80449 0.21308
vt 0.80247 0.21582
vt 0.89266 0.26502
vt 0.89010 0.26246
vt 0.88903 0.26246
vt 0.89160 0.26502
vt 0.80553 0.26246
vt 0.80295 0.26502
vt 0.80446 0.26246
vt 0.80189 0.26502
vt 0.89092 0.23541
vt 0.88985 0.23541
vt 0.89225 0.23778
vt 0.89348 0.23798
vt 0.89276 0.23798
vt 0.80396 0.23777
vt 0.80377 0.23798
vt 0.80271 0.23798
vt 0.80291 0.23778
vt 0.89242 0.23798
vt 0.80528 0.23541
vt 0.80635 0.23541
vt 0.47391 0.14297
vt 0.47466 0.15060
vt 0.47351 0.15060
vt 0.47276 0.14297
vt 0.48841 0.27049
vt 0.48957 0.27049
vt 0.57113 0.14297
vt 0.57038 0.15060
vt 0.57228 0.14297
vt 0.57153 0.15060
vt 0.55547 0.27049
vt 0.55663 0.27049
vt 0.56925 0.15296
vt 0.55493 0.26814
vt 0.55455 0.26771
vt 0.56876 0.15336
vt 0.55428 0.26737
vt 0.56841 0.15361
vt 0.49050 0.26771
vt 0.49011 0.26814
vt 0.49077 0.26737
vt 0.55428 0.26737
vt 0.47580 0.15296
vt 0.47628 0.15336
vt 0.56841 0.15361
vt 0.47663 0.15361
vt 0.47663 0.15361
vt 0.49077 0.26737
vt 0.56662 0.15479
vt 0.55265 0.26526
vt 0.47843 0.15479
vt 0.56662 0.15479
vt 0.49239 0.26526
vt 0.47843 0.15479
vt 0.55265 0.26526
vt 0.49239 0.26526
vt 0.48969 0.27860
vt 0.49085 0.27860
vt 0.49081 0.27877
vt 0.48965 0.27877
vt 0.55423 0.27877
vt 0.55420 0.27860
vt 0.55539 0.27877
vt 0.55536 0.27860
vt 0.36732 0.14330
vt 0.36808 0.15096
vt 0.36923 0.15096
vt 0.36848 0.14330
vt 0.38422 0.27145
vt 0.38306 0.27145
vt 0.46619 0.14330
vt 0.46543 0.15096
vt 0.46659 0.15096
vt 0.46734 0.14330
vt 0.45161 0.27145
vt 0.45045 0.27145
vt 0.46429 0.15333
vt 0.37037 0.15333
vt 0.37086 0.15373
vt 0.46380 0.15373
vt 0.44990 0.26908
vt 0.44952 0.26865
vt 0.46345 0.15398
vt 0.44925 0.26831
vt 0.37121 0.15398
vt 0.46345 0.15398
vt 0.38515 0.26865
vt 0.38476 0.26908
vt 0.38542 0.26831
vt 0.37121 0.15398
vt 0.44925 0.26831
vt 0.38542 0.26831
vt 0.46165 0.15517
vt 0.37302 0.15517
vt 0.44761 0.26620
vt 0.46165 0.15517
vt 0.38705 0.26620
vt 0.44761 0.26620
vt 0.37302 0.15517
vt 0.38705 0.26620
vt 0.38550 0.27959
vt 0.38433 0.27959
vt 0.38430 0.27977
vt 0.38547 0.27977
vt 0.44917 0.27959
vt 0.44920 0.27977
vt 0.45033 0.27959
vt 0.45036 0.27977
vt 0.57999 0.14182
vt 0.58075 0.14947
vt 0.57959 0.14947
vt 0.57884 0.14182
vt 0.59454 0.26971
vt 0.59570 0.26971
vt 0.67674 0.14947
vt 0.67750 0.14182
vt 0.67865 0.14182
vt 0.67790 0.14947
vt 0.66179 0.26971
vt 0.66295 0.26971
vt 0.67561 0.15184
vt 0.66125 0.26735
vt 0.66086 0.26692
vt 0.67512 0.15224
vt 0.66059 0.26658
vt 0.67477 0.15249
vt 0.59663 0.26692
vt 0.59624 0.26735
vt 0.59690 0.26658
vt 0.66059 0.26658
vt 0.58188 0.15184
vt 0.58237 0.15224
vt 0.67477 0.15249
vt 0.58272 0.15249
vt 0.58272 0.15249
vt 0.59690 0.26658
vt 0.67297 0.15367
vt 0.65896 0.26447
vt 0.58452 0.15367
vt 0.67297 0.15367
vt 0.59853 0.26447
vt 0.58452 0.15367
vt 0.65896 0.26447
vt 0.59853 0.26447
vt 0.59581 0.27784
vt 0.59698 0.27784
vt 0.59694 0.27801
vt 0.59578 0.27801
vt 0.66055 0.27801
vt 0.66051 0.27784
vt 0.66171 0.27801
vt 0.66168 0.27784
vt 0.68448 0.14144
vt 0.68523 0.14907
vt 0.68638 0.14907
vt 0.68563 0.14144
vt 0.70127 0.26881
vt 0.70012 0.26881
vt 0.78198 0.14907
vt 0.78274 0.14144
vt 0.78313 0.14907
vt 0.78389 0.14144
vt 0.76825 0.26881
vt 0.76709 0.26881
vt 0.68751 0.15142
vt 0.70181 0.26646
vt 0.70220 0.26603
vt 0.68800 0.15182
vt 0.78085 0.15142
vt 0.78037 0.15182
vt 0.68835 0.15206
vt 0.78002 0.15206
vt 0.70247 0.26569
vt 0.68835 0.15206
vt 0.76617 0.26603
vt 0.76655 0.26646
vt 0.76590 0.26569
vt 0.70247 0.26569
vt 0.78002 0.15206
vt 0.76590 0.26569
vt 0.69014 0.15325
vt 0.70409 0.26359
vt 0.77822 0.15325
vt 0.69014 0.15325
vt 0.76427 0.26359
vt 0.77822 0.15325
vt 0.70409 0.26359
vt 0.76427 0.26359
vt 0.76698 0.27690
vt 0.76582 0.27690
vt 0.76585 0.27708
vt 0.70251 0.27708
vt 0.70254 0.27690
vt 0.70135 0.27708
vt 0.70139 0.27690
vt 0.76701 0.27708
vt 0.92264 0.10234
vt 0.92266 0.10333
vt 0.92360 0.10350
vt 0.92360 0.10234
vt 0.92360 0.21408
vt 0.92266 0.21424
vt 0.92360 0.21523
vt 0.92264 0.21523
vt 0.91575 0.10345
vt 0.91576 0.10234
vt 0.91521 0.10234
vt 0.91521 0.10350
vt 0.91575 0.21412
vt 0.91521 0.21408
vt 0.91576 0.21523
vt 0.91521 0.21523
vt 0.97320 0.19686
vt 0.97320 0.19802
vt 0.97414 0.19785
vt 0.97415 0.19686
vt 0.97414 0.30877
vt 0.97320 0.30860
vt 0.97415 0.30975
vt 0.97320 0.30975
vt 0.98104 0.19686
vt 0.98104 0.19797
vt 0.98159 0.19802
vt 0.98159 0.19686
vt 0.98159 0.30860
vt 0.98104 0.30865
vt 0.98159 0.30975
vt 0.98104 0.30975
vt 0.97691 0.12059
vt 0.97690 0.11960
vt 0.97596 0.11943
vt 0.97596 0.12059
vt 0.97596 0.00885
vt 0.97690 0.00869
vt 0.97596 0.00770
vt 0.97691 0.00770
vt 0.98380 0.11948
vt 0.98380 0.12059
vt 0.98435 0.12059
vt 0.98435 0.11943
vt 0.98380 0.00881
vt 0.98435 0.00885
vt 0.98380 0.00770
vt 0.98435 0.00770
vt 0.89872 0.27857
vt 0.89796 0.27845
vt 0.89802 0.27893
vt 0.89908 0.27893
vt 0.79654 0.27893
vt 0.79659 0.27845
vt 0.79548 0.27893
vt 0.79583 0.27857
vt 0.89447 0.27572
vt 0.89587 0.27572
vt 0.79868 0.27572
vt 0.80008 0.27572
vt 0.79569 0.22966
vt 0.79673 0.22966
vt 0.79668 0.22915
vt 0.79596 0.22928
vt 0.89679 0.22915
vt 0.89683 0.22963
vt 0.89754 0.22927
vt 0.89788 0.22963
vt 0.89338 0.22638
vt 0.89477 0.22639
vt 0.79814 0.22624
vt 0.79953 0.22625
vt 0.89954 0.25119
vt 0.89878 0.25107
vt 0.89884 0.25155
vt 0.89990 0.25155
vt 0.79736 0.25155
vt 0.79741 0.25107
vt 0.79630 0.25155
vt 0.79665 0.25119
vt 0.79950 0.24834
vt 0.80090 0.24834
vt 0.89529 0.24834
vt 0.89669 0.24834
vt 0.79522 0.30206
vt 0.79628 0.30206
vt 0.79634 0.30159
vt 0.79558 0.30171
vt 0.89771 0.30159
vt 0.89776 0.30206
vt 0.89847 0.30171
vt 0.89882 0.30206
vt 0.79843 0.29886
vt 0.79983 0.29886
vt 0.89422 0.29886
vt 0.89562 0.29886
vt 0.80164 0.28787
vt 0.80236 0.28787
vt 0.80287 0.28768
vt 0.80527 0.28531
vt 0.80420 0.28531
vt 0.89116 0.28767
vt 0.80270 0.28787
vt 0.89135 0.28787
vt 0.89221 0.28768
vt 0.89241 0.28787
vt 0.88877 0.28531
vt 0.88984 0.28531
vt 0.91042 0.17779
vt 0.91042 0.17670
vt 0.91029 0.17681
vt 0.91031 0.17790
vt 0.91029 0.12198
vt 0.91042 0.12208
vt 0.91031 0.12089
vt 0.91042 0.12100
vt 0.90735 0.18086
vt 0.90735 0.17975
vt 0.90721 0.17988
vt 0.90721 0.18099
vt 0.90721 0.11891
vt 0.90735 0.11904
vt 0.90721 0.11779
vt 0.90735 0.11793
vt 0.88245 0.20336
vt 0.88136 0.20335
vt 0.88126 0.20347
vt 0.88234 0.20347
vt 0.82663 0.20347
vt 0.82653 0.20335
vt 0.82555 0.20347
vt 0.82544 0.20336
vt 0.88430 0.20040
vt 0.88541 0.20040
vt 0.88555 0.20027
vt 0.88443 0.20027
vt 0.82359 0.20040
vt 0.82346 0.20027
vt 0.82248 0.20040
vt 0.82235 0.20027
vt 0.88234 0.09491
vt 0.88126 0.09491
vt 0.88136 0.09504
vt 0.88245 0.09503
vt 0.82653 0.09504
vt 0.82663 0.09491
vt 0.82544 0.09503
vt 0.82555 0.09491
vt 0.88541 0.09798
vt 0.88430 0.09798
vt 0.88443 0.09812
vt 0.88555 0.09812
vt 0.82346 0.09812
vt 0.82359 0.09798
vt 0.82235 0.09812
vt 0.82248 0.09798
vt 0.79866 0.17790
vt 0.79868 0.17681
vt 0.79855 0.17670
vt 0.79855 0.17779
vt 0.79855 0.12208
vt 0.79868 0.12198
vt 0.79855 0.12100
vt 0.79866 0.12089
vt 0.80162 0.17975
vt 0.80162 0.18086
vt 0.80176 0.18099
vt 0.80176 0.17988
vt 0.80162 0.11904
vt 0.80176 0.11891
vt 0.80162 0.11793
vt 0.80176 0.11779
vt 0.88560 0.19729
vt 0.88452 0.19730
vt 0.88443 0.19747
vt 0.88555 0.19747
vt 0.82346 0.19747
vt 0.82337 0.19730
vt 0.82235 0.19747
vt 0.82229 0.19729
vt 0.88609 0.19238
vt 0.88715 0.19240
vt 0.82074 0.19240
vt 0.82180 0.19238
vt 0.88610 0.18623
vt 0.88715 0.18624
vt 0.88715 0.18599
vt 0.88609 0.18599
vt 0.82179 0.18623
vt 0.82180 0.18599
vt 0.82074 0.18624
vt 0.82074 0.18599
vt 0.90322 0.18099
vt 0.90322 0.17988
vt 0.90305 0.17997
vt 0.90304 0.18105
vt 0.90305 0.11882
vt 0.90322 0.11891
vt 0.90304 0.11773
vt 0.90322 0.11779
vt 0.89815 0.18260
vt 0.89813 0.18154
vt 0.89813 0.11725
vt 0.89815 0.11619
vt 0.89199 0.18260
vt 0.89198 0.18155
vt 0.89174 0.18153
vt 0.89174 0.18260
vt 0.89174 0.11725
vt 0.89198 0.11723
vt 0.89174 0.11619
vt 0.89199 0.11619
vt 0.88555 0.10151
vt 0.88443 0.10151
vt 0.88452 0.10168
vt 0.88560 0.10169
vt 0.82337 0.10168
vt 0.82346 0.10151
vt 0.82229 0.10169
vt 0.82235 0.10151
vt 0.88715 0.10658
vt 0.88609 0.10660
vt 0.82180 0.10660
vt 0.82074 0.10658
vt 0.88715 0.11275
vt 0.88610 0.11275
vt 0.88609 0.11300
vt 0.88715 0.11300
vt 0.82180 0.11300
vt 0.82179 0.11275
vt 0.82074 0.11300
vt 0.82074 0.11275
vt 0.80533 0.18105
vt 0.80532 0.17997
vt 0.80515 0.17988
vt 0.80515 0.18099
vt 0.80515 0.11891
vt 0.80532 0.11882
vt 0.80515 0.11779
vt 0.80533 0.11773
vt 0.81024 0.18154
vt 0.81022 0.18260
vt 0.81022 0.11619
vt 0.81024 0.11725
vt 0.81639 0.18155
vt 0.81639 0.18260
vt 0.81663 0.18260
vt 0.81663 0.18153
vt 0.81639 0.11723
vt 0.81663 0.11725
vt 0.81639 0.11619
vt 0.81663 0.11619
vt 0.88609 0.18260
vt 0.88715 0.18260
vt 0.88688 0.18233
vt 0.88606 0.18248
vt 0.82180 0.18260
vt 0.82183 0.18248
vt 0.82074 0.18260
vt 0.82101 0.18233
vt 0.88704 0.18150
vt 0.88715 0.18153
vt 0.88704 0.11728
vt 0.88715 0.11725
vt 0.88688 0.11646
vt 0.88715 0.11619
vt 0.82074 0.18153
vt 0.82085 0.18150
vt 0.82074 0.11725
vt 0.82085 0.11728
vt 0.82074 0.11619
vt 0.82101 0.11646
vt 0.88606 0.11630
vt 0.88609 0.11619
vt 0.82183 0.11630
vt 0.82180 0.11619
vt 0.84779 0.08412
vt 0.84781 0.03131
vt 0.84769 0.03128
vt 0.84767 0.08415
vt 0.84794 0.08494
vt 0.84767 0.08521
vt 0.84769 0.03022
vt 0.84796 0.03049
vt 0.84877 0.08510
vt 0.84874 0.08521
vt 0.90157 0.08512
vt 0.90160 0.08523
vt 0.90239 0.08496
vt 0.90266 0.08523
vt 0.84876 0.03022
vt 0.84879 0.03034
vt 0.90162 0.03024
vt 0.90159 0.03036
vt 0.90269 0.03024
vt 0.90242 0.03051
vt 0.90255 0.08414
vt 0.90267 0.08417
vt 0.90257 0.03134
vt 0.90269 0.03131
vt 0.91249 0.22451
vt 0.91249 0.28211
vt 0.91276 0.28214
vt 0.91276 0.22448
vt 0.91249 0.22335
vt 0.91277 0.22334
vt 0.91277 0.28328
vt 0.91249 0.28327
vt 0.99233 0.38237
vt 0.99233 0.32476
vt 0.99208 0.32474
vt 0.99208 0.38239
vt 0.99233 0.38353
vt 0.99208 0.38353
vt 0.99208 0.32359
vt 0.99233 0.32360
f 3/3 2/2 1/1
f 4/4 3/3 1/1
f 5/5 3/3 4/4
f 6/6 5/5 4/4
f 3/3 7/7 2/2
f 7/7 8/8 2/2
f 9/9 7/7 3/3
f 5/5 9/9 3/3
f 7/7 10/10 8/8
f 10/10 11/11 8/8
f 12/12 10/10 7/7
f 9/9 12/12 7/7
f 10/10 13/13 11/11
f 13/13 14/14 11/11
f 15/15 13/13 10/10
f 12/12 15/15 10/10
f 13/13 16/16 14/14
f 16/16 17/17 14/14
f 18/18 16/16 13/13
f 15/15 18/18 13/13
f 16/16 19/19 17/17
f 19/19 20/20 17/17
f 21/21 19/19 16/16
f 18/18 21/21 16/16
f 19/19 22/22 20/20
f 22/22 23/23 20/20
f 24/24 22/22 19/19
f 21/21 24/24 19/19
f 22/22 25/25 23/23
f 25/25 26/26 23/23
f 27/27 25/25 22/22
f 24/24 27/27 22/22
f 14/14 17/17 28/28
f 14/14 28/28 29/29
f 11/11 14/14 29/29
f 11/11 29/29 30/30
f 8/8 11/11 30/30
f 8/8 30/30 31/31
f 2/2 8/8 31/31
f 2/2 31/31 32/32
f 1/1 2/2 32/32
f 32/32 31/31 33/33
f 31/31 34/34 33/33
f 31/31 30/30 34/34
f 33/33 34/34 35/35
f 34/34 36/36 35/35
f 35/35 36/36 37/37
f 36/36 38/38 37/37
f 37/37 38/38 39/39
f 38/38 40/40 39/39
f 39/39 40/40 41/41
f 40/40 42/42 41/41
f 34/34 43/43 36/36
f 43/43 44/44 36/36
f 36/36 44/44 38/38
f 44/44 45/45 38/38
f 38/38 45/45 40/40
f 45/45 46/46 40/40
f 40/40 46/46 42/42
f 46/46 47/47 42/42
f 43/43 48/48 44/44
f 48/48 49/49 44/44
f 44/44 49/49 45/45
f 49/49 50/50 45/45
f 45/45 50/50 46/46
f 50/50 51/51 46/46
f 46/46 51/51 47/47
f 51/51 52/52 47/47
f 48/48 53/53 49/49
f 53/53 54/54 49/49
f 49/49 54/54 50/50
f 54/54 55/55 50/50
f 50/50 55/55 51/51
f 55/55 56/56 51/51
f 51/51 56/56 52/52
f 56/56 57/57 52/52
f 53/53 58/58 54/54
f 58/58 59/59 54/54
f 54/54 59/59 55/55
f 59/59 60/60 55/55
f 55/55 60/60 56/56
f 60/60 61/61 56/56
f 56/56 61/61 57/57
f 61/61 62/62 57/57
f 58/58 63/63 59/59
f 63/63 64/64 59/59
f 59/59 64/64 60/60
f 64/64 65/65 60/60
f 60/60 65/65 61/61
f 65/65 66/66 61/61
f 61/61 66/66 62/62
f 66/66 67/67 62/62
f 63/63 68/68 64/64
f 68/68 69/69 64/64
f 64/64 69/69 65/65
f 69/69 70/70 65/65
f 65/65 70/70 66/66
f 70/70 71/71 66/66
f 66/66 71/71 67/67
f 71/71 72/72 67/67
f 68/68 73/73 69/69
f 73/73 74/74 69/69
f 69/69 74/74 70/70
f 74/74 75/75 70/70
f 70/70 75/75 71/71
f 75/75 76/76 71/71
f 71/71 76/76 72/72
f 76/76 77/77 72/72
f 62/62 67/67 78/78
f 62/62 78/78 79/79
f 57/57 62/62 79/79
f 57/57 79/79 80/80
f 52/52 57/57 80/80
f 52/52 80/80 81/81
f 47/47 52/52 81/81
f 47/47 81/81 82/82
f 42/42 47/47 82/82
f 42/42 82/82 83/83
f 41/41 42/42 83/83
f 83/83 82/82 84/84
f 82/82 85/85 84/84
f 82/82 81/81 85/85
f 84/84 85/85 86/86
f 85/85 87/87 86/86
f 86/86 87/87 88/88
f 87/87 89/89 88/88
f 85/85 90/90 87/87
f 81/81 90/90 85/85
f 81/81 80/80 90/90
f 90/90 91/91 87/87
f 87/87 91/91 89/89
f 91/91 92/92 89/89
f 90/90 93/93 91/91
f 93/93 94/94 91/91
f 91/91 94/94 92/92
f 94/94 95/95 92/92
f 93/93 96/96 94/94
f 96/96 97/97 94/94
f 94/94 97/97 95/95
f 97/97 98/98 95/95
f 96/96 99/99 97/97
f 99/99 100/100 97/97
f 97/97 100/100 98/98
f 100/100 101/101 98/98
f 99/99 102/102 100/100
f 102/102 103/103 100/100
f 100/100 103/103 101/101
f 103/103 104/104 101/101
f 102/102 105/105 103/103
f 105/105 106/106 103/103
f 103/103 106/106 104/104
f 106/106 107/107 104/104
f 105/105 108/108 106/106
f 108/108 109/109 106/106
f 106/106 109/109 107/107
f 109/109 110/110 107/107
f 78/78 99/99 96/96
f 79/79 78/78 96/96
f 111/111 102/102 99/99
f 78/78 111/111 99/99
f 67/67 111/111 78/78
f 67/67 72/72 111/111
f 72/72 112/112 111/111
f 112/112 105/105 102/102
f 111/111 112/112 102/102
f 72/72 77/77 112/112
f 77/77 113/113 112/112
f 113/113 108/108 105/105
f 112/112 113/113 105/105
f 79/79 96/96 93/93
f 80/80 79/79 93/93
f 80/80 93/93 90/90
f 30/30 43/43 34/34
f 30/30 29/29 43/43
f 29/29 48/48 43/43
f 29/29 28/28 48/48
f 28/28 53/53 48/48
f 28/28 114/114 53/53
f 17/17 114/114 28/28
f 114/114 58/58 53/53
f 17/17 20/20 114/114
f 20/20 115/115 114/114
f 114/114 115/115 58/58
f 115/115 63/63 58/58
f 20/20 23/23 115/115
f 23/23 116/116 115/115
f 115/115 116/116 63/63
f 116/116 68/68 63/63
f 23/23 26/26 116/116
f 26/26 117/117 116/116
f 116/116 117/117 68/68
f 117/117 73/73 68/68
f 120/120 119/119 118/118
f 121/121 120/120 118/118
f 122/122 120/120 121/121
f 123/123 122/122 121/121
f 124/124 122/122 123/123
f 125/125 124/124 123/123
f 126/126 124/124 125/125
f 127/127 126/126 125/125
f 120/120 128/128 119/119
f 128/128 129/129 119/119
f 126/126 130/130 124/124
f 130/130 131/131 124/124
f 124/124 131/131 122/122
f 131/131 132/132 122/122
f 132/132 128/128 120/120
f 122/122 132/132 120/120
f 128/128 133/133 129/129
f 133/133 134/134 129/129
f 130/130 135/135 131/131
f 135/135 136/136 131/131
f 131/131 136/136 132/132
f 136/136 137/137 132/132
f 137/137 133/133 128/128
f 132/132 137/137 128/128
f 133/133 138/138 134/134
f 138/138 139/139 134/134
f 135/135 140/140 136/136
f 140/140 141/141 136/136
f 136/136 141/141 137/137
f 141/141 142/142 137/137
f 142/142 138/138 133/133
f 137/137 142/142 133/133
f 138/138 143/143 139/139
f 143/143 144/144 139/139
f 140/140 145/145 141/141
f 145/145 146/146 141/141
f 141/141 146/146 142/142
f 146/146 147/147 142/142
f 147/147 143/143 138/138
f 142/142 147/147 138/138
f 143/143 148/148 144/144
f 148/148 149/149 144/144
f 145/145 150/150 146/146
f 150/150 151/151 146/146
f 146/146 151/151 147/147
f 151/151 152/152 147/147
f 152/152 148/148 143/143
f 147/147 152/152 143/143
f 148/148 153/153 149/149
f 153/153 154/154 149/149
f 150/150 155/155 151/151
f 155/155 156/156 151/151
f 151/151 156/156 152/152
f 156/156 157/157 152/152
f 157/157 153/153 148/148
f 152/152 157/157 148/148
f 153/153 158/158 154/154
f 158/158 159/159 154/154
f 155/155 160/160 156/156
f 160/160 161/161 156/156
f 156/156 161/161 157/157
f 161/161 162/162 157/157
f 162/162 158/158 153/153
f 157/157 162/162 153/153
f 149/149 154/154 163/163
f 149/149 163/163 164/164
f 144/144 149/149 164/164
f 144/144 164/164 165/165
f 139/139 144/144 165/165
f 139/139 165/165 166/166
f 134/134 139/139 166/166
f 134/134 166/166 167/167
f 129/129 134/134 167/167
f 129/129 167/167 168/168
f 119/119 129/129 168/168
f 119/119 168/168 169/169
f 118/118 119/119 169/169
f 169/169 168/168 170/170
f 168/168 171/171 170/170
f 168/168 167/167 171/171
f 167/167 172/172 171/171
f 167/167 166/166 172/172
f 166/166 173/173 172/172
f 166/166 165/165 173/173
f 165/165 174/174 173/173
f 165/165 164/164 174/174
f 164/164 175/175 174/174
f 164/164 163/163 175/175
f 163/163 176/176 175/175
f 163/163 177/177 176/176
f 154/154 177/177 163/163
f 177/177 178/178 176/176
f 154/154 159/159 177/177
f 159/159 179/179 177/177
f 177/177 179/179 178/178
f 179/179 180/180 178/178
f 183/183 182/182 181/181
f 184/184 183/183 181/181
f 181/181 182/182 127/127
f 182/182 126/126 127/127
f 183/183 185/185 182/182
f 185/185 186/186 182/182
f 182/182 186/186 126/126
f 186/186 130/130 126/126
f 185/185 187/187 186/186
f 187/187 188/188 186/186
f 186/186 188/188 130/130
f 188/188 135/135 130/130
f 187/187 189/189 188/188
f 189/189 190/190 188/188
f 188/188 190/190 135/135
f 190/190 140/140 135/135
f 189/189 191/191 190/190
f 191/191 192/192 190/190
f 190/190 192/192 140/140
f 192/192 145/145 140/140
f 191/191 193/193 192/192
f 193/193 194/194 192/192
f 192/192 194/194 145/145
f 194/194 150/150 145/145
f 193/193 195/195 194/194
f 195/195 196/196 194/194
f 194/194 196/196 150/150
f 196/196 155/155 150/150
f 195/195 197/197 196/196
f 197/197 198/198 196/196
f 196/196 198/198 155/155
f 198/198 160/160 155/155
f 201/201 200/200 199/199
f 202/202 201/201 199/199
f 203/203 201/201 202/202
f 204/204 203/203 202/202
f 205/205 203/203 204/204
f 206/206 205/205 204/204
f 207/207 205/205 206/206
f 208/208 207/207 206/206
f 209/209 207/207 208/208
f 210/210 209/209 208/208
f 211/211 209/209 210/210
f 212/212 211/211 210/210
f 213/213 211/211 212/212
f 214/214 213/213 212/212
f 215/215 213/213 214/214
f 216/216 215/215 214/214
f 217/217 215/215 216/216
f 218/218 217/217 216/216
f 219/219 217/217 218/218
f 220/220 219/219 218/218
f 221/221 219/219 220/220
f 222/222 221/221 220/220
f 223/223 221/221 222/222
f 224/224 223/223 222/222
f 225/225 223/223 224/224
f 226/226 225/225 224/224
f 227/227 225/225 226/226
f 228/228 227/227 226/226
f 229/229 227/227 228/228
f 230/230 229/229 228/228
f 231/231 229/229 230/230
f 232/232 231/231 230/230
f 233/233 231/231 232/232
f 234/234 233/233 232/232
f 235/235 233/233 234/234
f 236/236 235/235 234/234
f 237/237 235/235 236/236
f 238/238 237/237 236/236
f 200/200 237/237 238/238
f 199/199 200/200 238/238
f 238/238 239/239 199/199
f 239/239 240/240 199/199
f 241/241 239/239 238/238
f 236/236 241/241 238/238
f 242/242 241/241 236/236
f 234/234 242/242 236/236
f 243/243 242/242 234/234
f 232/232 243/243 234/234
f 244/244 243/243 232/232
f 230/230 244/244 232/232
f 245/245 244/244 230/230
f 228/228 245/245 230/230
f 246/246 245/245 228/228
f 226/226 246/246 228/228
f 247/247 246/246 226/226
f 224/224 247/247 226/226
f 248/248 247/247 224/224
f 222/222 248/248 224/224
f 249/249 248/248 222/222
f 220/220 249/249 222/222
f 250/250 249/249 220/220
f 218/218 250/250 220/220
f 251/251 250/250 218/218
f 216/216 251/251 218/218
f 252/252 251/251 216/216
f 214/214 252/252 216/216
f 253/253 252/252 214/214
f 212/212 253/253 214/214
f 254/254 253/253 212/212
f 210/210 254/254 212/212
f 255/255 254/254 210/210
f 208/208 255/255 210/210
f 256/256 255/255 208/208
f 206/206 256/256 208/208
f 257/257 256/256 206/206
f 204/204 257/257 206/206
f 258/258 257/257 204/204
f 202/202 258/258 204/204
f 240/240 258/258 202/202
f 199/199 240/240 202/202
f 261/261 260/260 259/259
f 261/261 262/262 260/260
f 261/261 263/263 262/262
f 261/261 264/264 263/263
f 261/261 265/265 264/264
f 261/261 266/266 265/265
f 261/261 267/267 266/266
f 261/261 268/268 267/267
f 261/261 269/269 268/268
f 261/261 270/270 269/269
f 261/261 259/259 271/271
f 272/272 261/261 271/271
f 272/272 273/273 261/261
f 273/273 274/274 261/261
f 274/274 275/275 261/261
f 275/275 276/276 261/261
f 276/276 277/277 261/261
f 277/277 278/278 261/261
f 278/278 279/279 261/261
f 261/261 279/279 270/270
f 282/282 281/281 280/280
f 282/282 283/283 281/281
f 282/282 280/280 284/284
f 285/285 282/282 284/284
f 286/286 282/282 285/285
f 285/285 284/284 287/287
f 285/285 287/287 288/288
f 285/285 288/288 289/289
f 285/285 289/289 290/290
f 285/285 290/290 291/291
f 293/293 292/292 283/283
f 294/294 293/293 283/283
f 286/286 295/295 292/292
f 286/286 296/296 295/295
f 286/286 297/297 296/296
f 286/286 298/298 297/297
f 286/286 299/299 298/298
f 301/301 300/300 291/291
f 301/301 302/302 300/300
f 302/302 303/303 300/300
f 300/300 303/303 304/304
f 305/305 300/300 304/304
f 305/305 306/306 300/300
f 306/306 305/305 299/299
f 305/305 307/307 299/299
f 305/305 304/304 307/307
f 310/310 309/309 308/308
f 311/311 310/310 308/308
f 312/312 310/310 311/311
f 313/313 312/312 311/311
f 314/314 312/312 313/313
f 315/315 314/314 313/313
f 316/316 314/314 315/315
f 317/317 316/316 315/315
f 318/318 316/316 317/317
f 319/319 318/318 317/317
f 320/320 318/318 319/319
f 321/321 320/320 319/319
f 322/322 320/320 321/321
f 323/323 322/322 321/321
f 308/308 309/309 324/324
f 324/324 326/326 325/325
f 326/326 327/327 325/325
f 325/325 327/327 328/328
f 327/327 329/329 328/328
f 328/328 329/329 330/330
f 329/329 331/331 330/330
f 330/330 331/331 332/332
f 331/331 333/333 332/332
f 332/332 333/333 334/334
f 333/333 335/335 334/334
f 334/334 335/335 336/336
f 335/335 337/337 336/336
f 336/336 337/337 338/338
f 337/337 339/339 338/338
f 338/338 339/339 340/340
f 339/339 341/341 340/340
f 340/340 341/341 342/342
f 341/341 343/343 342/342
f 342/342 343/343 344/344
f 343/343 345/345 344/344
f 344/344 345/345 346/346
f 345/345 347/347 346/346
f 346/346 347/347 348/348
f 347/347 349/349 348/348
f 309/309 326/326 324/324
f 352/352 351/351 350/350
f 353/353 352/352 350/350
f 354/354 352/352 353/353
f 355/355 354/354 353/353
f 356/356 354/354 355/355
f 357/357 356/356 355/355
f 358/358 356/356 357/357
f 359/359 358/358 357/357
f 360/360 358/358 359/359
f 361/361 360/360 359/359
f 362/362 360/360 361/361
f 363/363 362/362 361/361
f 364/364 362/362 363/363
f 365/365 364/364 363/363
f 350/350 351/351 366/366
f 364/364 367/367 362/362
f 367/367 368/368 362/362
f 362/362 368/368 360/360
f 367/367 369/369 368/368
f 369/369 370/370 368/368
f 369/369 371/371 370/370
f 371/371 372/372 370/370
f 371/371 373/373 372/372
f 373/373 374/374 372/372
f 373/373 375/375 374/374
f 375/375 376/376 374/374
f 374/374 376/376 377/377
f 376/376 378/378 377/377
f 377/377 378/378 379/379
f 378/378 380/380 379/379
f 379/379 380/380 381/381
f 380/380 382/382 381/381
f 381/381 382/382 383/383
f 382/382 384/384 383/383
f 383/383 384/384 385/385
f 384/384 386/386 385/385
f 385/385 386/386 387/387
f 386/386 388/388 387/387
f 387/387 388/388 389/389
f 388/388 390/390 389/389
f 389/389 390/390 391/391
f 390/390 392/392 391/391
f 391/391 392/392 393/393
f 392/392 394/394 393/393
f 393/393 394/394 395/395
f 394/394 396/396 395/395
f 395/395 396/396 397/397
f 396/396 398/398 397/397
f 397/397 398/398 399/399
f 398/398 400/400 399/399
f 399/399 400/400 401/401
f 400/400 402/402 401/401
f 401/401 402/402 403/403
f 402/402 404/404 403/403
f 403/403 404/404 405/405
f 404/404 406/406 405/405
f 405/405 406/406 407/407
f 406/406 408/408 407/407
f 407/407 408/408 409/409
f 408/408 410/410 409/409
f 409/409 410/410 411/411
f 410/410 412/412 411/411
f 411/411 412/412 413/413
f 412/412 414/414 413/413
f 412/412 415/415 414/414
f 415/415 416/416 414/414
f 417/417 415/415 412/412
f 410/410 417/417 412/412
f 418/418 417/417 410/410
f 408/408 418/418 410/410
f 419/419 418/418 408/408
f 406/406 419/419 408/408
f 420/420 419/419 406/406
f 404/404 420/420 406/406
f 421/421 420/420 404/404
f 402/402 421/421 404/404
f 422/422 421/421 402/402
f 400/400 422/422 402/402
f 423/423 422/422 400/400
f 398/398 423/423 400/400
f 424/424 423/423 398/398
f 396/396 424/424 398/398
f 425/425 424/424 396/396
f 394/394 425/425 396/396
f 426/426 425/425 394/394
f 392/392 426/426 394/394
f 427/427 426/426 392/392
f 390/390 427/427 392/392
f 428/428 427/427 390/390
f 388/388 428/428 390/390
f 429/429 428/428 388/388
f 386/386 429/429 388/388
f 430/430 429/429 386/386
f 384/384 430/430 386/386
f 431/431 430/430 384/384
f 382/382 431/431 384/384
f 432/432 431/431 382/382
f 380/380 432/432 382/382
f 433/433 432/432 380/380
f 378/378 433/433 380/380
f 434/434 433/433 378/378
f 376/376 434/434 378/378
f 435/435 434/434 376/376
f 375/375 435/435 376/376
f 430/430 436/436 429/429
f 436/436 437/437 429/429
f 436/436 438/438 437/437
f 438/438 439/439 437/437
f 437/437 439/439 440/440
f 439/439 441/441 440/440
f 442/442 438/438 436/436
f 443/443 442/442 436/436
f 444/444 442/442 443/443
f 445/445 444/444 443/443
f 446/446 444/444 445/445
f 447/447 446/446 445/445
f 448/448 446/446 447/447
f 449/449 448/448 447/447
f 450/450 448/448 449/449
f 451/451 450/450 449/449
f 440/440 441/441 452/452
f 441/441 453/453 452/452
f 452/452 453/453 454/454
f 453/453 455/455 454/454
f 454/454 455/455 456/456
f 455/455 457/457 456/456
f 456/456 457/457 458/458
f 457/457 459/459 458/458
f 458/458 459/459 460/460
f 459/459 461/461 460/460
f 460/460 461/461 462/462
f 461/461 463/463 462/462
f 462/462 463/463 464/464
f 463/463 465/465 464/464
f 464/464 465/465 466/466
f 465/465 467/467 466/466
f 466/466 467/467 468/468
f 467/467 469/469 468/468
f 468/468 469/469 470/470
f 469/469 471/471 470/470
f 470/470 471/471 472/472
f 471/471 473/473 472/472
f 472/472 473/473 474/474
f 473/473 475/475 474/474
f 474/474 475/475 476/476
f 475/475 477/477 476/476
f 474/474 476/476 416/416
f 415/415 474/474 416/416
f 472/472 474/474 415/415
f 417/417 472/472 415/415
f 470/470 472/472 417/417
f 418/418 470/470 417/417
f 468/468 470/470 418/418
f 419/419 468/468 418/418
f 466/466 468/468 419/419
f 420/420 466/466 419/419
f 464/464 466/466 420/420
f 421/421 464/464 420/420
f 462/462 464/464 421/421
f 422/422 462/462 421/421
f 460/460 462/462 422/422
f 423/423 460/460 422/422
f 458/458 460/460 423/423
f 424/424 458/458 423/423
f 456/456 458/458 424/424
f 425/425 456/456 424/424
f 454/454 456/456 425/425
f 426/426 454/454 425/425
f 452/452 454/454 426/426
f 427/427 452/452 426/426
f 440/440 452/452 427/427
f 428/428 440/440 427/427
f 437/437 440/440 428/428
f 429/429 437/437 428/428
f 480/480 479/479 478/478
f 481/481 480/480 478/478
f 482/482 480/480 481/481
f 483/483 482/482 481/481
f 484/484 482/482 483/483
f 485/485 484/484 483/483
f 486/486 484/484 485/485
f 487/487 486/486 485/485
f 488/488 486/486 487/487
f 489/489 488/488 487/487
f 490/490 488/488 489/489
f 491/491 490/490 489/489
f 492/492 490/490 491/491
f 493/493 492/492 491/491
f 494/494 492/492 493/493
f 495/495 494/494 493/493
f 496/496 494/494 495/495
f 497/497 496/496 495/495
f 498/498 496/496 497/497
f 499/499 498/498 497/497
f 500/500 498/498 499/499
f 501/501 500/500 499/499
f 502/502 500/500 501/501
f 366/366 502/502 501/501
f 351/351 502/502 366/366
f 351/351 503/503 502/502
f 504/504 503/503 351/351
f 504/504 505/505 503/503
f 506/506 505/505 504/504
f 506/506 507/507 505/505
f 508/508 507/507 506/506
f 508/508 381/381 507/507
f 379/379 381/381 508/508
f 509/509 379/379 508/508
f 377/377 379/379 509/509
f 510/510 377/377 509/509
f 374/374 377/377 510/510
f 372/372 374/374 510/510
f 381/381 383/383 507/507
f 507/507 383/383 511/511
f 507/507 511/511 505/505
f 383/383 385/385 511/511
f 511/511 385/385 512/512
f 385/385 387/387 512/512
f 512/512 387/387 513/513
f 387/387 389/389 513/513
f 513/513 389/389 514/514
f 389/389 391/391 514/514
f 514/514 391/391 515/515
f 391/391 393/393 515/515
f 515/515 393/393 516/516
f 393/393 395/395 516/516
f 516/516 395/395 517/517
f 395/395 397/397 517/517
f 517/517 397/397 518/518
f 397/397 399/399 518/518
f 518/518 399/399 519/519
f 399/399 401/401 519/519
f 519/519 401/401 520/520
f 401/401 403/403 520/520
f 520/520 403/403 521/521
f 403/403 405/405 521/521
f 521/521 405/405 522/522
f 405/405 407/407 522/522
f 522/522 407/407 523/523
f 407/407 409/409 523/523
f 523/523 409/409 524/524
f 409/409 411/411 524/524
f 524/524 411/411 525/525
f 411/411 413/413 525/525
f 518/518 519/519 526/526
f 527/527 518/518 526/526
f 517/517 518/518 527/527
f 528/528 517/517 527/527
f 516/516 517/517 528/528
f 529/529 516/516 528/528
f 515/515 516/516 529/529
f 530/530 515/515 529/529
f 514/514 515/515 530/530
f 531/531 514/514 530/530
f 513/513 514/514 531/531
f 532/532 513/513 531/531
f 512/512 513/513 532/532
f 533/533 512/512 532/532
f 511/511 512/512 533/533
f 505/505 511/511 533/533
f 505/505 533/533 503/503
f 533/533 532/532 534/534
f 503/503 533/533 534/534
f 532/532 531/531 535/535
f 534/534 532/532 535/535
f 531/531 530/530 536/536
f 535/535 531/531 536/536
f 530/530 529/529 537/537
f 536/536 530/530 537/537
f 537/537 529/529 538/538
f 529/529 528/528 538/538
f 538/538 528/528 539/539
f 528/528 527/527 539/539
f 539/539 527/527 540/540
f 527/527 526/526 540/540
f 540/540 526/526 541/541
f 526/526 542/542 541/541
f 526/526 519/519 542/542
f 519/519 520/520 542/542
f 542/542 520/520 543/543
f 520/520 521/521 543/543
f 543/543 521/521 544/544
f 521/521 522/522 544/544
f 544/544 522/522 545/545
f 522/522 523/523 545/545
f 545/545 523/523 546/546
f 523/523 524/524 546/546
f 546/546 524/524 547/547
f 524/524 525/525 547/547
f 542/542 543/543 548/548
f 541/541 542/542 548/548
f 543/543 544/544 549/549
f 548/548 543/543 549/549
f 544/544 545/545 550/550
f 549/549 544/544 550/550
f 545/545 546/546 551/551
f 550/550 545/545 551/551
f 546/546 547/547 552/552
f 551/551 546/546 552/552
f 548/548 549/549 484/484
f 486/486 548/548 484/484
f 541/541 548/548 486/486
f 488/488 541/541 486/486
f 540/540 541/541 488/488
f 490/490 540/540 488/488
f 539/539 540/540 490/490
f 492/492 539/539 490/490
f 538/538 539/539 492/492
f 494/494 538/538 492/492
f 537/537 538/538 494/494
f 496/496 537/537 494/494
f 536/536 537/537 496/496
f 498/498 536/536 496/496
f 535/535 536/536 498/498
f 500/500 535/535 498/498
f 534/534 535/535 500/500
f 502/502 534/534 500/500
f 503/503 534/534 502/502
f 555/555 554/554 553/553
f 556/556 555/555 553/553
f 557/557 555/555 556/556
f 558/558 557/557 556/556
f 559/559 557/557 558/558
f 560/560 559/559 558/558
f 561/561 559/559 560/560
f 562/562 561/561 560/560
f 563/563 561/561 562/562
f 564/564 563/563 562/562
f 565/565 563/563 564/564
f 566/566 565/565 564/564
f 567/567 565/565 566/566
f 568/568 567/567 566/566
f 553/553 554/554 569/569
f 558/558 556/556 570/570
f 571/571 558/558 570/570
f 560/560 558/558 571/571
f 571/571 570/570 572/572
f 573/573 571/571 572/572
f 573/573 572/572 574/574
f 575/575 573/573 574/574
f 575/575 574/574 576/576
f 577/577 575/575 576/576
f 577/577 576/576 578/578
f 579/579 577/577 578/578
f 579/579 578/578 439/439
f 438/438 579/579 439/439
f 580/580 579/579 438/438
f 442/442 580/580 438/438
f 581/581 580/580 442/442
f 444/444 581/581 442/442
f 582/582 581/581 444/444
f 446/446 582/582 444/444
f 583/583 582/582 446/446
f 448/448 583/583 446/446
f 584/584 583/583 448/448
f 450/450 584/584 448/448
f 439/439 578/578 441/441
f 578/578 585/585 441/441
f 441/441 585/585 453/453
f 585/585 586/586 453/453
f 453/453 586/586 455/455
f 586/586 587/587 455/455
f 455/455 587/587 457/457
f 587/587 588/588 457/457
f 457/457 588/588 459/459
f 588/588 589/589 459/459
f 459/459 589/589 461/461
f 589/589 590/590 461/461
f 461/461 590/590 463/463
f 590/590 591/591 463/463
f 463/463 591/591 465/465
f 591/591 592/592 465/465
f 465/465 592/592 467/467
f 592/592 593/593 467/467
f 467/467 593/593 469/469
f 593/593 594/594 469/469
f 469/469 594/594 471/471
f 594/594 595/595 471/471
f 471/471 595/595 473/473
f 595/595 596/596 473/473
f 473/473 596/596 475/475
f 596/596 597/597 475/475
f 475/475 597/597 477/477
f 597/597 598/598 477/477
f 597/597 599/599 598/598
f 599/599 600/600 598/598
f 601/601 599/599 597/597
f 596/596 601/601 597/597
f 602/602 601/601 596/596
f 595/595 602/602 596/596
f 603/603 602/602 595/595
f 594/594 603/603 595/595
f 604/604 603/603 594/594
f 593/593 604/604 594/594
f 605/605 604/604 593/593
f 592/592 605/605 593/593
f 606/606 605/605 592/592
f 591/591 606/606 592/592
f 607/607 606/606 591/591
f 590/590 607/607 591/591
f 608/608 607/607 590/590
f 589/589 608/608 590/590
f 609/609 608/608 589/589
f 588/588 609/609 589/589
f 610/610 609/609 588/588
f 587/587 610/610 588/588
f 611/611 610/610 587/587
f 586/586 611/611 587/587
f 612/612 611/611 586/586
f 585/585 612/612 586/586
f 576/576 612/612 585/585
f 578/578 576/576 585/585
f 607/607 613/613 606/606
f 614/614 613/613 607/607
f 608/608 614/614 607/607
f 615/615 614/614 608/608
f 609/609 615/615 608/608
f 616/616 615/615 609/609
f 610/610 616/616 609/609
f 617/617 616/616 610/610
f 611/611 617/617 610/610
f 618/618 617/617 611/611
f 612/612 618/618 611/611
f 574/574 618/618 612/612
f 576/576 574/574 612/612
f 614/614 619/619 613/613
f 619/619 620/620 613/613
f 613/613 620/620 621/621
f 613/613 621/621 606/606
f 606/606 621/621 605/605
f 621/621 622/622 605/605
f 605/605 622/622 604/604
f 622/622 623/623 604/604
f 604/604 623/623 603/603
f 623/623 624/624 603/603
f 603/603 624/624 602/602
f 624/624 625/625 602/602
f 602/602 625/625 601/601
f 625/625 626/626 601/601
f 601/601 626/626 599/599
f 626/626 627/627 599/599
f 599/599 627/627 600/600
f 627/627 628/628 600/600
f 627/627 629/629 628/628
f 629/629 630/630 628/628
f 631/631 629/629 627/627
f 626/626 631/631 627/627
f 632/632 631/631 626/626
f 625/625 632/632 626/626
f 633/633 632/632 625/625
f 624/624 633/633 625/625
f 634/634 633/633 624/624
f 623/623 634/634 624/624
f 635/635 634/634 623/623
f 622/622 635/635 623/623
f 636/636 635/635 622/622
f 621/621 636/636 622/622
f 620/620 636/636 621/621
f 629/629 637/637 630/630
f 637/637 638/638 630/630
f 639/639 637/637 629/629
f 631/631 639/639 629/629
f 640/640 639/639 631/631
f 632/632 640/640 631/631
f 641/641 640/640 632/632
f 633/633 641/641 632/632
f 642/642 641/641 633/633
f 634/634 642/642 633/633
f 643/643 642/642 634/634
f 635/635 643/643 634/634
f 644/644 643/643 635/635
f 636/636 644/644 635/635
f 645/645 644/644 636/636
f 620/620 645/645 636/636
f 646/646 645/645 620/620
f 619/619 646/646 620/620
f 647/647 646/646 619/619
f 648/648 647/647 619/619
f 648/648 619/619 614/614
f 615/615 648/648 614/614
f 649/649 648/648 615/615
f 616/616 649/649 615/615
f 650/650 649/649 616/616
f 617/617 650/650 616/616
f 651/651 650/650 617/617
f 618/618 651/651 617/617
f 572/572 651/651 618/618
f 574/574 572/572 618/618
f 652/652 647/647 648/648
f 649/649 652/652 648/648
f 653/653 652/652 649/649
f 650/650 653/653 649/649
f 654/654 653/653 650/650
f 651/651 654/654 650/650
f 570/570 654/654 651/651
f 572/572 570/570 651/651
f 652/652 655/655 647/647
f 569/569 655/655 652/652
f 653/653 569/569 652/652
f 569/569 656/656 655/655
f 656/656 657/657 655/655
f 655/655 657/657 658/658
f 657/657 659/659 658/658
f 658/658 659/659 660/660
f 659/659 661/661 660/660
f 660/660 661/661 662/662
f 661/661 663/663 662/662
f 662/662 663/663 664/664
f 663/663 665/665 664/664
f 664/664 665/665 666/666
f 665/665 667/667 666/666
f 666/666 667/667 668/668
f 667/667 669/669 668/668
f 668/668 669/669 670/670
f 669/669 671/671 670/670
f 670/670 671/671 672/672
f 671/671 673/673 672/672
f 672/672 673/673 674/674
f 673/673 675/675 674/674
f 674/674 675/675 676/676
f 675/675 677/677 676/676
f 676/676 677/677 678/678
f 677/677 679/679 678/678
f 676/676 678/678 638/638
f 637/637 676/676 638/638
f 674/674 676/676 637/637
f 639/639 674/674 637/637
f 672/672 674/674 639/639
f 640/640 672/672 639/639
f 670/670 672/672 640/640
f 641/641 670/670 640/640
f 668/668 670/670 641/641
f 642/642 668/668 641/641
f 666/666 668/668 642/642
f 643/643 666/666 642/642
f 664/664 666/666 643/643
f 644/644 664/664 643/643
f 662/662 664/664 644/644
f 645/645 662/662 644/644
f 660/660 662/662 645/645
f 646/646 660/660 645/645
f 658/658 660/660 646/646
f 647/647 658/658 646/646
f 655/655 658/658 647/647
f 554/554 656/656 569/569
f 553/553 569/569 653/653
f 654/654 553/553 653/653
f 556/556 553/553 654/654
f 570/570 556/556 654/654
f 682/682 681/681 680/680
f 683/683 682/682 680/680
f 684/684 682/682 683/683
f 685/685 684/684 683/683
f 686/686 684/684 685/685
f 687/687 686/686 685/685
f 688/688 686/686 687/687
f 689/689 688/688 687/687
f 690/690 688/688 689/689
f 691/691 690/690 689/689
f 692/692 690/690 691/691
f 693/693 692/692 691/691
f 694/694 692/692 693/693
f 695/695 694/694 693/693
f 696/696 694/694 695/695
f 697/697 696/696 695/695
f 698/698 696/696 697/697
f 699/699 698/698 697/697
f 700/700 698/698 699/699
f 701/701 700/700 699/699
f 702/702 700/700 701/701
f 703/703 702/702 701/701
f 704/704 702/702 703/703
f 705/705 704/704 703/703
f 706/706 704/704 705/705
f 707/707 706/706 705/705
f 708/708 706/706 707/707
f 709/709 708/708 707/707
f 710/710 708/708 709/709
f 711/711 710/710 709/709
f 712/712 710/710 711/711
f 713/713 712/712 711/711
f 716/716 715/715 714/714
f 717/717 716/716 714/714
f 718/718 716/716 717/717
f 719/719 718/718 717/717
f 720/720 718/718 719/719
f 721/721 720/720 719/719
f 681/681 720/720 721/721
f 680/680 681/681 721/721
f 724/724 723/723 722/722
f 725/725 724/724 722/722
f 726/726 724/724 725/725
f 727/727 726/726 725/725
f 728/728 726/726 727/727
f 729/729 728/728 727/727
f 730/730 728/728 729/729
f 731/731 730/730 729/729
f 732/732 730/730 731/731
f 733/733 732/732 731/731
f 734/734 732/732 733/733
f 735/735 734/734 733/733
f 736/736 734/734 735/735
f 737/737 736/736 735/735
f 738/738 736/736 737/737
f 739/739 738/738 737/737
f 740/740 738/738 739/739
f 741/741 740/740 739/739
f 742/742 740/740 741/741
f 743/743 742/742 741/741
f 744/744 742/742 743/743
f 745/745 744/744 743/743
f 746/746 744/744 745/745
f 747/747 746/746 745/745
f 748/748 746/746 747/747
f 749/749 748/748 747/747
f 750/750 748/748 749/749
f 751/751 750/750 749/749
f 752/752 750/750 751/751
f 753/753 752/752 751/751
f 754/754 752/752 753/753
f 755/755 754/754 753/753
f 743/743 741/741 756/756
f 756/756 741/741 757/757
f 756/756 757/757 758/758
f 758/758 757/757 759/759
f 758/758 759/759 760/760
f 760/760 759/759 761/761
f 759/759 762/762 761/761
f 761/761 762/762 763/763
f 762/762 764/764 763/763
f 763/763 764/764 765/765
f 764/764 766/766 765/765
f 765/765 766/766 767/767
f 766/766 768/768 767/767
f 767/767 768/768 769/769
f 768/768 770/770 769/769
f 769/769 770/770 771/771
f 770/770 772/772 771/771
f 773/773 758/758 760/760
f 774/774 758/758 773/773
f 775/775 774/774 773/773
f 776/776 774/774 775/775
f 777/777 776/776 775/775
f 778/778 776/776 777/777
f 779/779 778/778 777/777
f 780/780 778/778 779/779
f 781/781 780/780 779/779
f 782/782 780/780 781/781
f 783/783 782/782 781/781
f 784/784 782/782 783/783
f 785/785 784/784 783/783
f 786/786 784/784 785/785
f 787/787 786/786 785/785
f 788/788 786/786 787/787
f 789/789 788/788 787/787
f 776/776 790/790 774/774
f 791/791 790/790 776/776
f 778/778 791/791 776/776
f 792/792 791/791 778/778
f 780/780 792/792 778/778
f 793/793 792/792 780/780
f 782/782 793/793 780/780
f 794/794 793/793 782/782
f 784/784 794/794 782/782
f 795/795 794/794 784/784
f 786/786 795/795 784/784
f 796/796 795/795 786/786
f 788/788 796/796 786/786
f 791/791 745/745 790/790
f 745/745 743/743 790/790
f 790/790 743/743 756/756
f 790/790 756/756 774/774
f 774/774 756/756 758/758
f 747/747 745/745 791/791
f 792/792 747/747 791/791
f 749/749 747/747 792/792
f 793/793 749/749 792/792
f 751/751 749/749 793/793
f 794/794 751/751 793/793
f 753/753 751/751 794/794
f 795/795 753/753 794/794
f 755/755 753/753 795/795
f 796/796 755/755 795/795
f 799/799 798/798 797/797
f 800/800 799/799 797/797
f 801/801 799/799 800/800
f 802/802 801/801 800/800
f 803/803 801/801 802/802
f 804/804 803/803 802/802
f 723/723 803/803 804/804
f 722/722 723/723 804/804
f 800/800 797/797 805/805
f 806/806 800/800 805/805
f 802/802 800/800 806/806
f 806/806 805/805 807/807
f 808/808 806/806 807/807
f 808/808 807/807 809/809
f 810/810 808/808 809/809
f 811/811 808/808 810/810
f 812/812 811/811 810/810
f 813/813 811/811 812/812
f 814/814 813/813 812/812
f 815/815 813/813 814/814
f 816/816 815/815 814/814
f 772/772 815/815 816/816
f 771/771 772/772 816/816
f 817/817 806/806 808/808
f 811/811 817/817 808/808
f 818/818 817/817 811/811
f 813/813 818/818 811/811
f 819/819 818/818 813/813
f 815/815 819/819 813/813
f 820/820 819/819 815/815
f 772/772 820/820 815/815
f 821/821 820/820 772/772
f 770/770 821/821 772/772
f 822/822 821/821 770/770
f 768/768 822/822 770/770
f 823/823 822/822 768/768
f 766/766 823/823 768/768
f 824/824 823/823 766/766
f 764/764 824/824 766/766
f 825/825 824/824 764/764
f 762/762 825/825 764/764
f 826/826 825/825 762/762
f 759/759 826/826 762/762
f 757/757 826/826 759/759
f 821/821 727/727 820/820
f 727/727 725/725 820/820
f 729/729 727/727 821/821
f 822/822 729/729 821/821
f 731/731 729/729 822/822
f 823/823 731/731 822/822
f 733/733 731/731 823/823
f 824/824 733/733 823/823
f 735/735 733/733 824/824
f 825/825 735/735 824/824
f 737/737 735/735 825/825
f 826/826 737/737 825/825
f 739/739 737/737 826/826
f 757/757 739/739 826/826
f 741/741 739/739 757/757
f 725/725 722/722 819/819
f 819/819 722/722 818/818
f 722/722 804/804 818/818
f 818/818 804/804 817/817
f 804/804 802/802 817/817
f 817/817 802/802 806/806
f 820/820 725/725 819/819
f 829/829 828/828 827/827
f 830/830 829/829 827/827
f 831/831 829/829 830/830
f 832/832 831/831 830/830
f 833/833 831/831 832/832
f 834/834 833/833 832/832
f 835/835 833/833 834/834
f 836/836 835/835 834/834
f 837/837 835/835 836/836
f 838/838 837/837 836/836
f 839/839 837/837 838/838
f 840/840 839/839 838/838
f 841/841 839/839 840/840
f 842/842 841/841 840/840
f 843/843 841/841 842/842
f 844/844 843/843 842/842
f 845/845 843/843 844/844
f 846/846 845/845 844/844
f 847/847 845/845 846/846
f 848/848 847/847 846/846
f 849/849 847/847 848/848
f 850/850 849/849 848/848
f 851/851 849/849 850/850
f 852/852 851/851 850/850
f 853/853 851/851 852/852
f 854/854 853/853 852/852
f 855/855 853/853 854/854
f 856/856 855/855 854/854
f 857/857 855/855 856/856
f 858/858 857/857 856/856
f 859/859 857/857 858/858
f 860/860 859/859 858/858
f 863/863 862/862 861/861
f 864/864 863/863 861/861
f 865/865 863/863 864/864
f 866/866 865/865 864/864
f 867/867 865/865 866/866
f 868/868 867/867 866/866
f 828/828 867/867 868/868
f 827/827 828/828 868/868
f 871/871 870/870 869/869
f 872/872 871/871 869/869
f 873/873 871/871 872/872
f 874/874 873/873 872/872
f 875/875 873/873 874/874
f 876/876 875/875 874/874
f 877/877 875/875 876/876
f 878/878 877/877 876/876
f 879/879 877/877 878/878
f 880/880 879/879 878/878
f 881/881 879/879 880/880
f 882/882 881/881 880/880
f 883/883 881/881 882/882
f 884/884 883/883 882/882
f 885/885 883/883 884/884
f 886/886 885/885 884/884
f 887/887 885/885 886/886
f 888/888 887/887 886/886
f 889/889 887/887 888/888
f 890/890 889/889 888/888
f 891/891 889/889 890/890
f 892/892 891/891 890/890
f 893/893 891/891 892/892
f 894/894 893/893 892/892
f 895/895 893/893 894/894
f 896/896 895/895 894/894
f 897/897 895/895 896/896
f 898/898 897/897 896/896
f 899/899 897/897 898/898
f 900/900 899/899 898/898
f 901/901 899/899 900/900
f 902/902 901/901 900/900
f 905/905 904/904 903/903
f 906/906 905/905 903/903
f 907/907 905/905 906/906
f 908/908 907/907 906/906
f 909/909 907/907 908/908
f 910/910 909/909 908/908
f 870/870 909/909 910/910
f 869/869 870/870 910/910
f 913/913 912/912 911/911
f 914/914 913/913 911/911
f 915/915 913/913 914/914
f 916/916 915/915 914/914
f 917/917 915/915 916/916
f 918/918 917/917 916/916
f 919/919 917/917 918/918
f 920/920 919/919 918/918
f 921/921 919/919 920/920
f 922/922 921/921 920/920
f 923/923 921/921 922/922
f 924/924 923/923 922/922
f 925/925 923/923 924/924
f 926/926 925/925 924/924
f 927/927 925/925 926/926
f 928/928 927/927 926/926
f 929/929 927/927 928/928
f 930/930 929/929 928/928
f 931/931 929/929 930/930
f 932/932 931/931 930/930
f 933/933 931/931 932/932
f 934/934 933/933 932/932
f 935/935 933/933 934/934
f 936/936 935/935 934/934
f 937/937 935/935 936/936
f 938/938 937/937 936/936
f 939/939 937/937 938/938
f 940/940 939/939 938/938
f 941/941 939/939 940/940
f 942/942 941/941 940/940
f 943/943 941/941 942/942
f 944/944 943/943 942/942
f 947/947 946/946 945/945
f 948/948 947/947 945/945
f 949/949 947/947 948/948
f 950/950 949/949 948/948
f 951/951 949/949 950/950
f 952/952 951/951 950/950
f 912/912 951/951 952/952
f 911/911 912/912 952/952
f 443/443 436/436 430/430
f 431/431 443/443 430/430
f 445/445 443/443 431/431
f 432/432 445/445 431/431
f 447/447 445/445 432/432
f 433/433 447/447 432/432
f 449/449 447/447 433/433
f 434/434 449/449 433/433
f 451/451 449/449 434/434
f 435/435 451/451 434/434
f 372/372 510/510 953/953
f 370/370 372/372 953/953
f 953/953 510/510 954/954
f 510/510 509/509 954/954
f 954/954 509/509 955/955
f 509/509 508/508 955/955
f 955/955 508/508 506/506
f 370/370 953/953 956/956
f 368/368 370/370 956/956
f 953/953 954/954 957/957
f 956/956 953/953 957/957
f 954/954 955/955 958/958
f 957/957 954/954 958/958
f 955/955 506/506 959/959
f 958/958 955/955 959/959
f 959/959 506/506 504/504
f 368/368 956/956 360/360
f 956/956 957/957 358/358
f 360/360 956/956 358/358
f 957/957 958/958 356/356
f 358/358 957/957 356/356
f 958/958 959/959 354/354
f 356/356 958/958 354/354
f 959/959 504/504 352/352
f 354/354 959/959 352/352
f 352/352 504/504 351/351
f 549/549 550/550 482/482
f 484/484 549/549 482/482
f 482/482 550/550 480/480
f 550/550 551/551 480/480
f 480/480 551/551 479/479
f 551/551 552/552 479/479
f 960/960 577/577 579/579
f 580/580 960/960 579/579
f 961/961 960/960 580/580
f 581/581 961/961 580/580
f 962/962 961/961 581/581
f 582/582 962/962 581/581
f 963/963 962/962 582/582
f 583/583 963/963 582/582
f 964/964 963/963 583/583
f 584/584 964/964 583/583
f 960/960 965/965 577/577
f 965/965 575/575 577/577
f 966/966 965/965 960/960
f 961/961 966/966 960/960
f 967/967 966/966 961/961
f 962/962 967/967 961/961
f 968/968 967/967 962/962
f 963/963 968/968 962/962
f 969/969 968/968 963/963
f 964/964 969/969 963/963
f 965/965 970/970 575/575
f 970/970 573/573 575/575
f 971/971 970/970 965/965
f 966/966 971/971 965/965
f 972/972 971/971 966/966
f 967/967 972/972 966/966
f 973/973 972/972 967/967
f 968/968 973/973 967/967
f 974/974 973/973 968/968
f 969/969 974/974 968/968
f 970/970 975/975 573/573
f 975/975 571/571 573/573
f 976/976 975/975 970/970
f 971/971 976/976 970/970
f 977/977 976/976 971/971
f 972/972 977/977 971/971
f 978/978 977/977 972/972
f 973/973 978/978 972/972
f 979/979 978/978 973/973
f 974/974 979/979 973/973
f 975/975 560/560 571/571
f 562/562 560/560 975/975
f 976/976 562/562 975/975
f 564/564 562/562 976/976
f 977/977 564/564 976/976
f 566/566 564/564 977/977
f 978/978 566/566 977/977
f 568/568 566/566 978/978
f 979/979 568/568 978/978
f 981/981 980/980 237/237
f 200/200 981/981 237/237
f 237/237 980/980 235/235
f 980/980 982/982 235/235
f 235/235 982/982 233/233
f 982/982 983/983 233/233
f 233/233 983/983 231/231
f 983/983 984/984 231/231
f 231/231 984/984 229/229
f 984/984 985/985 229/229
f 229/229 985/985 227/227
f 985/985 986/986 227/227
f 227/227 986/986 225/225
f 986/986 987/987 225/225
f 225/225 987/987 223/223
f 987/987 988/988 223/223
f 223/223 988/988 221/221
f 988/988 989/989 221/221
f 221/221 989/989 219/219
f 989/989 990/990 219/219
f 219/219 990/990 217/217
f 990/990 991/991 217/217
f 217/217 991/991 215/215
f 991/991 992/992 215/215
f 215/215 992/992 213/213
f 992/992 993/993 213/213
f 213/213 993/993 211/211
f 993/993 994/994 211/211
f 211/211 994/994 209/209
f 994/994 995/995 209/209
f 209/209 995/995 207/207
f 995/995 996/996 207/207
f 207/207 996/996 205/205
f 996/996 997/997 205/205
f 205/205 997/997 203/203
f 997/997 998/998 203/203
f 203/203 998/998 201/201
f 998/998 999/999 201/201
f 201/201 999/999 200/200
f 999/999 981/981 200/200
f 993/993 1000/1000 994/994
f 1001/1001 1000/1000 993/993
f 1000/1000 1002/1002 994/994
f 994/994 1002/1002 995/995
f 1002/1002 1003/1003 995/995
f 995/995 1003/1003 996/996
f 1003/1003 1004/1004 996/996
f 996/996 1004/1004 997/997
f 1004/1004 1005/1005 997/997
f 997/997 1005/1005 998/998
f 1005/1005 1006/1006 998/998
f 998/998 1006/1006 999/999
f 1006/1006 1007/1007 999/999
f 999/999 1007/1007 981/981
f 1007/1007 1008/1008 981/981
f 981/981 1008/1008 980/980
f 1008/1008 1009/1009 980/980
f 980/980 1009/1009 982/982
f 1009/1009 1010/1010 982/982
f 982/982 1010/1010 983/983
f 1010/1010 1011/1011 983/983
f 983/983 1011/1011 984/984
f 1011/1011 1012/1012 984/984
f 984/984 1012/1012 985/985
f 1012/1012 1013/1013 985/985
f 985/985 1013/1013 986/986
f 1013/1013 1014/1014 986/986
f 986/986 1014/1014 987/987
f 1014/1014 1015/1015 987/987
f 987/987 1015/1015 988/988
f 1015/1015 1016/1016 988/988
f 988/988 1016/1016 989/989
f 1016/1016 1017/1017 989/989
f 989/989 1017/1017 990/990
f 1017/1017 1018/1018 990/990
f 990/990 1018/1018 991/991
f 1018/1018 1019/1019 991/991
f 991/991 1019/1019 992/992
f 1019/1019 1001/1001 992/992
f 992/992 1001/1001 993/993
f 1013/1013 1020/1020 1014/1014
f 1021/1021 1020/1020 1013/1013
f 1012/1012 1021/1021 1013/1013
f 1022/1022 1021/1021 1012/1012
f 1011/1011 1022/1022 1012/1012
f 1023/1023 1022/1022 1011/1011
f 1010/1010 1023/1023 1011/1011
f 1024/1024 1023/1023 1010/1010
f 1009/1009 1024/1024 1010/1010
f 1025/1025 1024/1024 1009/1009
f 1008/1008 1025/1025 1009/1009
f 1019/1019 1026/1026 1001/1001
f 1027/1027 1026/1026 1019/1019
f 1018/1018 1027/1027 1019/1019
f 1028/1028 1027/1027 1018/1018
f 1017/1017 1028/1028 1018/1018
f 1029/1029 1028/1028 1017/1017
f 1016/1016 1029/1029 1017/1017
f 1030/1030 1029/1029 1016/1016
f 1015/1015 1030/1030 1016/1016
f 1031/1031 1030/1030 1015/1015
f 1014/1014 1031/1031 1015/1015
f 1020/1020 1031/1031 1014/1014
f 1032/1032 1025/1025 1008/1008
f 1007/1007 1032/1032 1008/1008
f 1033/1033 1032/1032 1007/1007
f 1006/1006 1033/1033 1007/1007
f 1034/1034 1033/1033 1006/1006
f 1005/1005 1034/1034 1006/1006
f 1035/1035 1034/1034 1005/1005
f 1004/1004 1035/1035 1005/1005
f 1036/1036 1035/1035 1004/1004
f 1003/1003 1036/1036 1004/1004
f 1037/1037 1036/1036 1003/1003
f 1002/1002 1037/1037 1003/1003
f 1038/1038 1037/1037 1002/1002
f 1000/1000 1038/1038 1002/1002
f 1039/1039 1038/1038 1000/1000
f 1001/1001 1039/1039 1000/1000
f 1026/1026 1039/1039 1001/1001
f 1042/1042 1041/1041 1040/1040
f 1043/1043 1042/1042 1040/1040
f 1044/1044 1042/1042 1043/1043
f 1045/1045 1044/1044 1043/1043
f 1046/1046 1044/1044 1045/1045
f 1047/1047 1046/1046 1045/1045
f 1048/1048 1046/1046 1047/1047
f 1049/1049 1048/1048 1047/1047
f 1050/1050 1048/1048 1049/1049
f 1051/1051 1050/1050 1049/1049
f 1052/1052 1050/1050 1051/1051
f 1053/1053 1052/1052 1051/1051
f 1054/1054 1052/1052 1053/1053
f 1055/1055 1054/1054 1053/1053
f 1056/1056 1054/1054 1055/1055
f 1057/1057 1056/1056 1055/1055
f 1058/1058 1056/1056 1057/1057
f 1059/1059 1058/1058 1057/1057
f 1060/1060 1058/1058 1059/1059
f 1061/1061 1060/1060 1059/1059
f 1062/1062 1060/1060 1061/1061
f 1063/1063 1062/1062 1061/1061
f 1064/1064 1062/1062 1063/1063
f 1065/1065 1064/1064 1063/1063
f 1066/1066 1064/1064 1065/1065
f 1067/1067 1066/1066 1065/1065
f 1068/1068 1066/1066 1067/1067
f 1069/1069 1068/1068 1067/1067
f 1070/1070 1068/1068 1069/1069
f 1071/1071 1070/1070 1069/1069
f 1072/1072 1070/1070 1071/1071
f 1073/1073 1072/1072 1071/1071
f 1074/1074 1072/1072 1073/1073
f 1075/1075 1074/1074 1073/1073
f 1076/1076 1074/1074 1075/1075
f 1077/1077 1076/1076 1075/1075
f 1078/1078 1076/1076 1077/1077
f 1079/1079 1078/1078 1077/1077
f 1080/1080 1078/1078 1079/1079
f 1081/1081 1080/1080 1079/1079
f 1080/1080 1082/1082 1078/1078
f 1083/1083 1082/1082 1080/1080
f 1084/1084 1082/1082 1083/1083
f 1085/1085 1084/1084 1083/1083
f 1086/1086 1084/1084 1085/1085
f 1087/1087 1086/1086 1085/1085
f 1083/1083 1088/1088 1085/1085
f 1088/1088 1089/1089 1085/1085
f 1085/1085 1089/1089 1090/1090
f 1089/1089 1091/1091 1090/1090
f 1084/1084 1092/1092 1082/1082
f 1092/1092 1093/1093 1082/1082
f 1093/1093 1092/1092 1089/1089
f 1088/1088 1093/1093 1089/1089
f 1082/1082 1093/1093 1078/1078
f 1094/1094 1092/1092 1084/1084
f 1095/1095 1094/1094 1084/1084
f 1089/1089 1092/1092 1096/1096
f 1092/1092 1097/1097 1096/1096
f 1088/1088 1083/1083 1098/1098
f 1098/1098 1083/1083 1080/1080
f 1099/1099 1088/1088 1098/1098
f 1093/1093 1088/1088 1099/1099
f 1098/1098 1100/1100 1099/1099
f 1100/1100 1101/1101 1099/1099
f 1099/1099 1101/1101 1102/1102
f 1101/1101 1103/1103 1102/1102
f 1102/1102 1103/1103 1104/1104
f 1103/1103 1105/1105 1104/1104
f 1104/1104 1105/1105 1106/1106
f 1105/1105 1107/1107 1106/1106
f 1106/1106 1107/1107 1108/1108
f 1107/1107 1109/1109 1108/1108
f 1108/1108 1109/1109 1110/1110
f 1109/1109 1111/1111 1110/1110
f 1110/1110 1111/1111 1112/1112
f 1111/1111 1113/1113 1112/1112
f 1112/1112 1113/1113 1114/1114
f 1113/1113 1115/1115 1114/1114
f 1114/1114 1115/1115 1116/1116
f 1115/1115 1117/1117 1116/1116
f 1116/1116 1117/1117 1118/1118
f 1117/1117 1119/1119 1118/1118
f 1118/1118 1119/1119 1120/1120
f 1119/1119 1121/1121 1120/1120
f 1120/1120 1121/1121 1122/1122
f 1121/1121 1123/1123 1122/1122
f 1122/1122 1123/1123 1124/1124
f 1123/1123 1125/1125 1124/1124
f 1124/1124 1125/1125 1126/1126
f 1125/1125 1127/1127 1126/1126
f 1126/1126 1127/1127 1128/1128
f 1127/1127 1129/1129 1128/1128
f 1128/1128 1129/1129 1130/1130
f 1129/1129 1131/1131 1130/1130
f 1130/1130 1131/1131 1132/1132
f 1131/1131 1133/1133 1132/1132
f 1132/1132 1133/1133 1134/1134
f 1133/1133 1135/1135 1134/1134
f 1134/1134 1135/1135 1136/1136
f 1135/1135 1137/1137 1136/1136
f 1136/1136 1137/1137 1138/1138
f 1137/1137 1139/1139 1138/1138
f 1134/1134 1140/1140 1132/1132
f 1140/1140 1141/1141 1132/1132
f 1141/1141 1140/1140 1142/1142
f 1142/1142 1143/1143 1141/1141
f 1143/1143 1144/1144 1141/1141
f 1145/1145 1143/1143 1142/1142
f 1146/1146 1145/1145 1142/1142
f 1140/1140 1147/1147 1142/1142
f 1142/1142 1147/1147 1148/1148
f 1147/1147 1149/1149 1148/1148
f 1140/1140 1150/1150 1147/1147
f 1150/1150 1151/1151 1147/1147
f 1144/1144 1143/1143 1151/1151
f 1150/1150 1144/1144 1151/1151
f 1147/1147 1151/1151 1152/1152
f 1151/1151 1153/1153 1152/1152
f 1151/1151 1143/1143 1154/1154
f 1143/1143 1155/1155 1154/1154
f 1150/1150 1140/1140 1134/1134
f 1044/1044 1150/1150 1134/1134
f 1144/1144 1150/1150 1044/1044
f 1046/1046 1144/1144 1044/1044
f 1141/1141 1144/1144 1046/1046
f 1132/1132 1141/1141 1046/1046
f 1046/1046 1156/1156 1132/1132
f 1156/1156 1157/1157 1132/1132
f 1157/1157 1156/1156 1158/1158
f 1157/1157 1158/1158 1159/1159
f 1159/1159 1158/1158 1160/1160
f 1158/1158 1161/1161 1160/1160
f 1162/1162 1157/1157 1159/1159
f 1159/1159 1163/1163 1162/1162
f 1163/1163 1164/1164 1162/1162
f 1164/1164 1156/1156 1046/1046
f 1165/1165 1163/1163 1159/1159
f 1166/1166 1165/1165 1159/1159
f 1167/1167 1156/1156 1164/1164
f 1163/1163 1167/1167 1164/1164
f 1156/1156 1167/1167 1158/1158
f 1168/1168 1167/1167 1163/1163
f 1169/1169 1168/1168 1163/1163
f 1158/1158 1167/1167 1170/1170
f 1167/1167 1171/1171 1170/1170
f 1162/1162 1164/1164 1048/1048
f 1130/1130 1162/1162 1048/1048
f 1157/1157 1162/1162 1130/1130
f 1132/1132 1157/1157 1130/1130
f 1048/1048 1164/1164 1046/1046
f 1166/1166 1172/1172 1165/1165
f 1172/1172 1173/1173 1165/1165
f 1171/1171 1174/1174 1170/1170
f 1174/1174 1175/1175 1170/1170
f 1169/1169 1176/1176 1168/1168
f 1176/1176 1177/1177 1168/1168
f 1048/1048 1178/1178 1130/1130
f 1178/1178 1179/1179 1130/1130
f 1179/1179 1178/1178 1180/1180
f 1179/1179 1180/1180 1181/1181
f 1181/1181 1180/1180 1182/1182
f 1180/1180 1183/1183 1182/1182
f 1184/1184 1179/1179 1181/1181
f 1181/1181 1185/1185 1184/1184
f 1185/1185 1186/1186 1184/1184
f 1187/1187 1185/1185 1181/1181
f 1188/1188 1187/1187 1181/1181
f 1189/1189 1178/1178 1186/1186
f 1185/1185 1189/1189 1186/1186
f 1178/1178 1189/1189 1180/1180
f 1190/1190 1189/1189 1185/1185
f 1191/1191 1190/1190 1185/1185
f 1180/1180 1189/1189 1192/1192
f 1189/1189 1193/1193 1192/1192
f 1184/1184 1186/1186 1050/1050
f 1128/1128 1184/1184 1050/1050
f 1050/1050 1194/1194 1128/1128
f 1194/1194 1195/1195 1128/1128
f 1195/1195 1194/1194 1196/1196
f 1195/1195 1196/1196 1197/1197
f 1197/1197 1196/1196 1198/1198
f 1196/1196 1199/1199 1198/1198
f 1200/1200 1195/1195 1197/1197
f 1197/1197 1201/1201 1200/1200
f 1201/1201 1202/1202 1200/1200
f 1202/1202 1194/1194 1050/1050
f 1203/1203 1201/1201 1197/1197
f 1204/1204 1203/1203 1197/1197
f 1205/1205 1194/1194 1202/1202
f 1201/1201 1205/1205 1202/1202
f 1194/1194 1205/1205 1196/1196
f 1206/1206 1205/1205 1201/1201
f 1207/1207 1206/1206 1201/1201
f 1196/1196 1205/1205 1208/1208
f 1205/1205 1209/1209 1208/1208
f 1200/1200 1202/1202 1052/1052
f 1126/1126 1200/1200 1052/1052
f 1052/1052 1210/1210 1126/1126
f 1210/1210 1211/1211 1126/1126
f 1211/1211 1210/1210 1212/1212
f 1211/1211 1212/1212 1213/1213
f 1213/1213 1212/1212 1214/1214
f 1212/1212 1215/1215 1214/1214
f 1216/1216 1211/1211 1213/1213
f 1213/1213 1217/1217 1216/1216
f 1217/1217 1218/1218 1216/1216
f 1218/1218 1210/1210 1052/1052
f 1219/1219 1217/1217 1213/1213
f 1220/1220 1219/1219 1213/1213
f 1221/1221 1210/1210 1218/1218
f 1217/1217 1221/1221 1218/1218
f 1210/1210 1221/1221 1212/1212
f 1222/1222 1221/1221 1217/1217
f 1223/1223 1222/1222 1217/1217
f 1212/1212 1221/1221 1224/1224
f 1221/1221 1225/1225 1224/1224
f 1216/1216 1218/1218 1054/1054
f 1124/1124 1216/1216 1054/1054
f 1054/1054 1226/1226 1124/1124
f 1226/1226 1227/1227 1124/1124
f 1227/1227 1226/1226 1228/1228
f 1227/1227 1228/1228 1229/1229
f 1229/1229 1228/1228 1230/1230
f 1228/1228 1231/1231 1230/1230
f 1232/1232 1227/1227 1229/1229
f 1229/1229 1233/1233 1232/1232
f 1233/1233 1234/1234 1232/1232
f 1234/1234 1226/1226 1054/1054
f 1235/1235 1233/1233 1229/1229
f 1236/1236 1235/1235 1229/1229
f 1237/1237 1226/1226 1234/1234
f 1233/1233 1237/1237 1234/1234
f 1226/1226 1237/1237 1228/1228
f 1238/1238 1237/1237 1233/1233
f 1239/1239 1238/1238 1233/1233
f 1228/1228 1237/1237 1240/1240
f 1237/1237 1241/1241 1240/1240
f 1232/1232 1234/1234 1056/1056
f 1122/1122 1232/1232 1056/1056
f 1056/1056 1242/1242 1122/1122
f 1242/1242 1243/1243 1122/1122
f 1243/1243 1242/1242 1244/1244
f 1243/1243 1244/1244 1245/1245
f 1245/1245 1244/1244 1246/1246
f 1244/1244 1247/1247 1246/1246
f 1248/1248 1243/1243 1245/1245
f 1245/1245 1249/1249 1248/1248
f 1249/1249 1250/1250 1248/1248
f 1250/1250 1242/1242 1056/1056
f 1251/1251 1249/1249 1245/1245
f 1252/1252 1251/1251 1245/1245
f 1253/1253 1242/1242 1250/1250
f 1249/1249 1253/1253 1250/1250
f 1242/1242 1253/1253 1244/1244
f 1254/1254 1253/1253 1249/1249
f 1255/1255 1254/1254 1249/1249
f 1244/1244 1253/1253 1256/1256
f 1253/1253 1257/1257 1256/1256
f 1248/1248 1250/1250 1058/1058
f 1120/1120 1248/1248 1058/1058
f 1058/1058 1258/1258 1120/1120
f 1258/1258 1259/1259 1120/1120
f 1259/1259 1258/1258 1260/1260
f 1259/1259 1260/1260 1261/1261
f 1261/1261 1260/1260 1262/1262
f 1260/1260 1263/1263 1262/1262
f 1264/1264 1259/1259 1261/1261
f 1261/1261 1265/1265 1264/1264
f 1265/1265 1266/1266 1264/1264
f 1266/1266 1258/1258 1058/1058
f 1267/1267 1265/1265 1261/1261
f 1268/1268 1267/1267 1261/1261
f 1269/1269 1258/1258 1266/1266
f 1265/1265 1269/1269 1266/1266
f 1258/1258 1269/1269 1260/1260
f 1270/1270 1269/1269 1265/1265
f 1271/1271 1270/1270 1265/1265
f 1260/1260 1269/1269 1272/1272
f 1269/1269 1273/1273 1272/1272
f 1264/1264 1266/1266 1060/1060
f 1118/1118 1264/1264 1060/1060
f 1060/1060 1274/1274 1118/1118
f 1274/1274 1275/1275 1118/1118
f 1275/1275 1274/1274 1276/1276
f 1275/1275 1276/1276 1277/1277
f 1277/1277 1276/1276 1278/1278
f 1276/1276 1279/1279 1278/1278
f 1280/1280 1275/1275 1277/1277
f 1277/1277 1281/1281 1280/1280
f 1281/1281 1282/1282 1280/1280
f 1282/1282 1274/1274 1060/1060
f 1283/1283 1281/1281 1277/1277
f 1284/1284 1283/1283 1277/1277
f 1285/1285 1274/1274 1282/1282
f 1281/1281 1285/1285 1282/1282
f 1274/1274 1285/1285 1276/1276
f 1286/1286 1285/1285 1281/1281
f 1287/1287 1286/1286 1281/1281
f 1276/1276 1285/1285 1288/1288
f 1285/1285 1289/1289 1288/1288
f 1280/1280 1282/1282 1062/1062
f 1116/1116 1280/1280 1062/1062
f 1062/1062 1290/1290 1116/1116
f 1290/1290 1291/1291 1116/1116
f 1291/1291 1290/1290 1292/1292
f 1291/1291 1292/1292 1293/1293
f 1293/1293 1292/1292 1294/1294
f 1292/1292 1295/1295 1294/1294
f 1296/1296 1291/1291 1293/1293
f 1293/1293 1297/1297 1296/1296
f 1297/1297 1298/1298 1296/1296
f 1298/1298 1290/1290 1062/1062
f 1299/1299 1297/1297 1293/1293
f 1300/1300 1299/1299 1293/1293
f 1301/1301 1290/1290 1298/1298
f 1297/1297 1301/1301 1298/1298
f 1290/1290 1301/1301 1292/1292
f 1302/1302 1301/1301 1297/1297
f 1303/1303 1302/1302 1297/1297
f 1292/1292 1301/1301 1304/1304
f 1301/1301 1305/1305 1304/1304
f 1296/1296 1298/1298 1064/1064
f 1114/1114 1296/1296 1064/1064
f 1064/1064 1306/1306 1114/1114
f 1306/1306 1307/1307 1114/1114
f 1307/1307 1306/1306 1308/1308
f 1307/1307 1308/1308 1309/1309
f 1309/1309 1308/1308 1310/1310
f 1308/1308 1311/1311 1310/1310
f 1312/1312 1307/1307 1309/1309
f 1309/1309 1313/1313 1312/1312
f 1313/1313 1314/1314 1312/1312
f 1314/1314 1306/1306 1064/1064
f 1315/1315 1313/1313 1309/1309
f 1316/1316 1315/1315 1309/1309
f 1317/1317 1306/1306 1314/1314
f 1313/1313 1317/1317 1314/1314
f 1306/1306 1317/1317 1308/1308
f 1318/1318 1317/1317 1313/1313
f 1319/1319 1318/1318 1313/1313
f 1308/1308 1317/1317 1320/1320
f 1317/1317 1321/1321 1320/1320
f 1312/1312 1314/1314 1066/1066
f 1112/1112 1312/1312 1066/1066
f 1066/1066 1322/1322 1112/1112
f 1322/1322 1323/1323 1112/1112
f 1323/1323 1322/1322 1324/1324
f 1323/1323 1324/1324 1325/1325
f 1325/1325 1324/1324 1326/1326
f 1324/1324 1327/1327 1326/1326
f 1328/1328 1323/1323 1325/1325
f 1325/1325 1329/1329 1328/1328
f 1329/1329 1330/1330 1328/1328
f 1330/1330 1322/1322 1066/1066
f 1331/1331 1329/1329 1325/1325
f 1332/1332 1331/1331 1325/1325
f 1333/1333 1322/1322 1330/1330
f 1329/1329 1333/1333 1330/1330
f 1322/1322 1333/1333 1324/1324
f 1334/1334 1333/1333 1329/1329
f 1335/1335 1334/1334 1329/1329
f 1324/1324 1333/1333 1336/1336
f 1333/1333 1337/1337 1336/1336
f 1328/1328 1330/1330 1068/1068
f 1110/1110 1328/1328 1068/1068
f 1068/1068 1338/1338 1110/1110
f 1338/1338 1339/1339 1110/1110
f 1339/1339 1338/1338 1340/1340
f 1339/1339 1340/1340 1341/1341
f 1341/1341 1340/1340 1342/1342
f 1340/1340 1343/1343 1342/1342
f 1344/1344 1339/1339 1341/1341
f 1341/1341 1345/1345 1344/1344
f 1345/1345 1346/1346 1344/1344
f 1346/1346 1338/1338 1068/1068
f 1347/1347 1345/1345 1341/1341
f 1348/1348 1347/1347 1341/1341
f 1349/1349 1338/1338 1346/1346
f 1345/1345 1349/1349 1346/1346
f 1338/1338 1349/1349 1340/1340
f 1350/1350 1349/1349 1345/1345
f 1351/1351 1350/1350 1345/1345
f 1340/1340 1349/1349 1352/1352
f 1349/1349 1353/1353 1352/1352
f 1344/1344 1346/1346 1070/1070
f 1108/1108 1344/1344 1070/1070
f 1070/1070 1354/1354 1108/1108
f 1354/1354 1355/1355 1108/1108
f 1355/1355 1354/1354 1356/1356
f 1355/1355 1356/1356 1357/1357
f 1357/1357 1356/1356 1358/1358
f 1356/1356 1359/1359 1358/1358
f 1360/1360 1355/1355 1357/1357
f 1357/1357 1361/1361 1360/1360
f 1361/1361 1362/1362 1360/1360
f 1362/1362 1354/1354 1070/1070
f 1363/1363 1361/1361 1357/1357
f 1364/1364 1363/1363 1357/1357
f 1365/1365 1354/1354 1362/1362
f 1361/1361 1365/1365 1362/1362
f 1354/1354 1365/1365 1356/1356
f 1366/1366 1365/1365 1361/1361
f 1367/1367 1366/1366 1361/1361
f 1356/1356 1365/1365 1368/1368
f 1365/1365 1369/1369 1368/1368
f 1360/1360 1362/1362 1072/1072
f 1106/1106 1360/1360 1072/1072
f 1072/1072 1370/1370 1106/1106
f 1370/1370 1371/1371 1106/1106
f 1371/1371 1370/1370 1372/1372
f 1371/1371 1372/1372 1373/1373
f 1373/1373 1372/1372 1374/1374
f 1372/1372 1375/1375 1374/1374
f 1376/1376 1371/1371 1373/1373
f 1373/1373 1377/1377 1376/1376
f 1377/1377 1378/1378 1376/1376
f 1378/1378 1370/1370 1072/1072
f 1379/1379 1377/1377 1373/1373
f 1380/1380 1379/1379 1373/1373
f 1381/1381 1370/1370 1378/1378
f 1377/1377 1381/1381 1378/1378
f 1370/1370 1381/1381 1372/1372
f 1382/1382 1381/1381 1377/1377
f 1383/1383 1382/1382 1377/1377
f 1372/1372 1381/1381 1384/1384
f 1381/1381 1385/1385 1384/1384
f 1376/1376 1378/1378 1074/1074
f 1104/1104 1376/1376 1074/1074
f 1074/1074 1386/1386 1104/1104
f 1386/1386 1387/1387 1104/1104
f 1387/1387 1386/1386 1388/1388
f 1387/1387 1388/1388 1389/1389
f 1389/1389 1388/1388 1390/1390
f 1388/1388 1391/1391 1390/1390
f 1392/1392 1387/1387 1389/1389
f 1389/1389 1393/1393 1392/1392
f 1393/1393 1394/1394 1392/1392
f 1394/1394 1386/1386 1074/1074
f 1395/1395 1393/1393 1389/1389
f 1396/1396 1395/1395 1389/1389
f 1397/1397 1386/1386 1394/1394
f 1393/1393 1397/1397 1394/1394
f 1386/1386 1397/1397 1388/1388
f 1398/1398 1397/1397 1393/1393
f 1399/1399 1398/1398 1393/1393
f 1388/1388 1397/1397 1400/1400
f 1397/1397 1401/1401 1400/1400
f 1392/1392 1394/1394 1076/1076
f 1102/1102 1392/1392 1076/1076
f 1076/1076 1402/1402 1102/1102
f 1402/1402 1403/1403 1102/1102
f 1403/1403 1402/1402 1404/1404
f 1403/1403 1404/1404 1405/1405
f 1405/1405 1404/1404 1406/1406
f 1404/1404 1407/1407 1406/1406
f 1408/1408 1403/1403 1405/1405
f 1405/1405 1409/1409 1408/1408
f 1409/1409 1410/1410 1408/1408
f 1410/1410 1402/1402 1076/1076
f 1411/1411 1409/1409 1405/1405
f 1412/1412 1411/1411 1405/1405
f 1413/1413 1402/1402 1410/1410
f 1409/1409 1413/1413 1410/1410
f 1402/1402 1413/1413 1404/1404
f 1414/1414 1413/1413 1409/1409
f 1415/1415 1414/1414 1409/1409
f 1404/1404 1413/1413 1416/1416
f 1413/1413 1417/1417 1416/1416
f 1408/1408 1410/1410 1078/1078
f 1099/1099 1408/1408 1078/1078
f 1078/1078 1093/1093 1099/1099
f 1403/1403 1408/1408 1099/1099
f 1102/1102 1403/1403 1099/1099
f 1078/1078 1410/1410 1076/1076
f 1412/1412 1418/1418 1411/1411
f 1418/1418 1419/1419 1411/1411
f 1417/1417 1420/1420 1416/1416
f 1420/1420 1421/1421 1416/1416
f 1415/1415 1422/1422 1414/1414
f 1422/1422 1423/1423 1414/1414
f 1387/1387 1392/1392 1102/1102
f 1104/1104 1387/1387 1102/1102
f 1076/1076 1394/1394 1074/1074
f 1371/1371 1376/1376 1104/1104
f 1106/1106 1371/1371 1104/1104
f 1074/1074 1378/1378 1072/1072
f 1355/1355 1360/1360 1106/1106
f 1108/1108 1355/1355 1106/1106
f 1072/1072 1362/1362 1070/1070
f 1339/1339 1344/1344 1108/1108
f 1110/1110 1339/1339 1108/1108
f 1070/1070 1346/1346 1068/1068
f 1323/1323 1328/1328 1110/1110
f 1112/1112 1323/1323 1110/1110
f 1068/1068 1330/1330 1066/1066
f 1307/1307 1312/1312 1112/1112
f 1114/1114 1307/1307 1112/1112
f 1066/1066 1314/1314 1064/1064
f 1291/1291 1296/1296 1114/1114
f 1116/1116 1291/1291 1114/1114
f 1064/1064 1298/1298 1062/1062
f 1275/1275 1280/1280 1116/1116
f 1118/1118 1275/1275 1116/1116
f 1062/1062 1282/1282 1060/1060
f 1259/1259 1264/1264 1118/1118
f 1120/1120 1259/1259 1118/1118
f 1060/1060 1266/1266 1058/1058
f 1243/1243 1248/1248 1120/1120
f 1122/1122 1243/1243 1120/1120
f 1058/1058 1250/1250 1056/1056
f 1227/1227 1232/1232 1122/1122
f 1124/1124 1227/1227 1122/1122
f 1056/1056 1234/1234 1054/1054
f 1211/1211 1216/1216 1124/1124
f 1126/1126 1211/1211 1124/1124
f 1054/1054 1218/1218 1052/1052
f 1195/1195 1200/1200 1126/1126
f 1128/1128 1195/1195 1126/1126
f 1052/1052 1202/1202 1050/1050
f 1179/1179 1184/1184 1128/1128
f 1130/1130 1179/1179 1128/1128
f 1050/1050 1186/1186 1048/1048
f 1186/1186 1178/1178 1048/1048
f 1426/1426 1425/1425 1424/1424
f 1427/1427 1426/1426 1424/1424
f 1430/1430 1429/1429 1428/1428
f 1431/1431 1430/1430 1428/1428
f 1434/1434 1433/1433 1432/1432
f 1435/1435 1434/1434 1432/1432
f 1438/1438 1437/1437 1436/1436
f 1439/1439 1438/1438 1436/1436
f 1442/1442 1441/1441 1440/1440
f 1443/1443 1442/1442 1440/1440
f 1446/1446 1445/1445 1444/1444
f 1447/1447 1446/1446 1444/1444
f 1450/1450 1449/1449 1448/1448
f 1451/1451 1450/1450 1448/1448
f 1454/1454 1453/1453 1452/1452
f 1455/1455 1454/1454 1452/1452
f 1458/1458 1457/1457 1456/1456
f 1459/1459 1458/1458 1456/1456
f 1462/1462 1461/1461 1460/1460
f 1463/1463 1462/1462 1460/1460
f 1466/1466 1465/1465 1464/1464
f 1467/1467 1466/1466 1464/1464
f 1470/1470 1469/1469 1468/1468
f 1471/1471 1470/1470 1468/1468
f 1474/1474 1473/1473 1472/1472
f 1475/1475 1474/1474 1472/1472
f 1478/1478 1477/1477 1476/1476
f 1479/1479 1478/1478 1476/1476
f 1482/1482 1481/1481 1480/1480
f 1483/1483 1482/1482 1480/1480
f 1486/1486 1485/1485 1484/1484
f 1487/1487 1486/1486 1484/1484
f 1490/1490 1489/1489 1488/1488
f 1491/1491 1490/1490 1488/1488
f 1494/1494 1493/1493 1492/1492
f 1495/1495 1494/1494 1492/1492
f 1498/1498 1497/1497 1496/1496
f 1499/1499 1498/1498 1496/1496
f 1502/1502 1501/1501 1500/1500
f 1503/1503 1502/1502 1500/1500
f 1506/1506 1505/1505 1504/1504
f 1507/1507 1506/1506 1504/1504
f 1508/1508 1506/1506 1507/1507
f 1509/1509 1508/1508 1507/1507
f 1504/1504 1510/1510 1507/1507
f 1510/1510 1511/1511 1507/1507
f 1507/1507 1511/1511 1512/1512
f 1511/1511 1513/1513 1512/1512
f 1510/1510 1514/1514 1511/1511
f 1514/1514 1515/1515 1511/1511
f 1505/1505 1506/1506 1515/1515
f 1514/1514 1505/1505 1515/1515
f 1511/1511 1515/1515 1516/1516
f 1515/1515 1517/1517 1516/1516
f 1515/1515 1506/1506 1518/1518
f 1506/1506 1519/1519 1518/1518
f 1510/1510 1504/1504 1136/1136
f 1138/1138 1510/1510 1136/1136
f 1514/1514 1510/1510 1138/1138
f 1041/1041 1514/1514 1138/1138
f 1505/1505 1514/1514 1041/1041
f 1042/1042 1505/1505 1041/1041
f 1504/1504 1505/1505 1042/1042
f 1136/1136 1504/1504 1042/1042
f 1042/1042 1520/1520 1136/1136
f 1520/1520 1521/1521 1136/1136
f 1521/1521 1520/1520 1522/1522
f 1521/1521 1522/1522 1523/1523
f 1523/1523 1522/1522 1524/1524
f 1522/1522 1525/1525 1524/1524
f 1526/1526 1521/1521 1523/1523
f 1523/1523 1527/1527 1526/1526
f 1527/1527 1528/1528 1526/1526
f 1528/1528 1520/1520 1042/1042
f 1529/1529 1527/1527 1523/1523
f 1530/1530 1529/1529 1523/1523
f 1531/1531 1520/1520 1528/1528
f 1527/1527 1531/1531 1528/1528
f 1520/1520 1531/1531 1522/1522
f 1532/1532 1531/1531 1527/1527
f 1533/1533 1532/1532 1527/1527
f 1522/1522 1531/1531 1534/1534
f 1531/1531 1535/1535 1534/1534
f 1526/1526 1528/1528 1044/1044
f 1134/1134 1526/1526 1044/1044
f 1521/1521 1526/1526 1134/1134
f 1136/1136 1521/1521 1134/1134
f 1044/1044 1528/1528 1042/1042
f 1530/1530 1536/1536 1529/1529
f 1536/1536 1537/1537 1529/1529
f 1535/1535 1538/1538 1534/1534
f 1538/1538 1539/1539 1534/1534
f 1533/1533 1540/1540 1532/1532
f 1540/1540 1541/1541 1532/1532
f 1543/1543 1542/1542 1148/1148
f 1149/1149 1543/1543 1148/1148
f 1545/1545 1544/1544 1152/1152
f 1153/1153 1545/1545 1152/1152
f 1547/1547 1546/1546 1154/1154
f 1155/1155 1547/1547 1154/1154
f 1549/1549 1548/1548 1145/1145
f 1146/1146 1549/1549 1145/1145
f 1551/1551 1550/1550 1512/1512
f 1513/1513 1551/1551 1512/1512
f 1553/1553 1552/1552 1516/1516
f 1517/1517 1553/1553 1516/1516
f 1555/1555 1554/1554 1518/1518
f 1519/1519 1555/1555 1518/1518
f 1557/1557 1556/1556 1508/1508
f 1509/1509 1557/1557 1508/1508
f 1559/1559 1558/1558 1086/1086
f 1087/1087 1559/1559 1086/1086
f 1561/1561 1560/1560 1090/1090
f 1091/1091 1561/1561 1090/1090
f 1563/1563 1562/1562 1096/1096
f 1097/1097 1563/1563 1096/1096
f 1565/1565 1564/1564 1094/1094
f 1095/1095 1565/1565 1094/1094
f 1567/1567 1566/1566 1406/1406
f 1407/1407 1567/1567 1406/1406
f 1569/1569 1568/1568 1395/1395
f 1396/1396 1569/1569 1395/1395
f 1571/1571 1570/1570 1390/1390
f 1391/1391 1571/1571 1390/1390
f 1573/1573 1572/1572 1400/1400
f 1401/1401 1573/1573 1400/1400
f 1575/1575 1574/1574 1398/1398
f 1399/1399 1575/1575 1398/1398
f 1577/1577 1576/1576 1379/1379
f 1380/1380 1577/1577 1379/1379
f 1579/1579 1578/1578 1374/1374
f 1375/1375 1579/1579 1374/1374
f 1581/1581 1580/1580 1384/1384
f 1385/1385 1581/1581 1384/1384
f 1583/1583 1582/1582 1382/1382
f 1383/1383 1583/1583 1382/1382
f 1585/1585 1584/1584 1363/1363
f 1364/1364 1585/1585 1363/1363
f 1587/1587 1586/1586 1358/1358
f 1359/1359 1587/1587 1358/1358
f 1589/1589 1588/1588 1368/1368
f 1369/1369 1589/1589 1368/1368
f 1591/1591 1590/1590 1366/1366
f 1367/1367 1591/1591 1366/1366
f 1593/1593 1592/1592 1347/1347
f 1348/1348 1593/1593 1347/1347
f 1595/1595 1594/1594 1342/1342
f 1343/1343 1595/1595 1342/1342
f 1597/1597 1596/1596 1352/1352
f 1353/1353 1597/1597 1352/1352
f 1599/1599 1598/1598 1350/1350
f 1351/1351 1599/1599 1350/1350
f 1601/1601 1600/1600 1331/1331
f 1332/1332 1601/1601 1331/1331
f 1603/1603 1602/1602 1326/1326
f 1327/1327 1603/1603 1326/1326
f 1605/1605 1604/1604 1336/1336
f 1337/1337 1605/1605 1336/1336
f 1607/1607 1606/1606 1334/1334
f 1335/1335 1607/1607 1334/1334
f 1609/1609 1608/1608 1315/1315
f 1316/1316 1609/1609 1315/1315
f 1611/1611 1610/1610 1310/1310
f 1311/1311 1611/1611 1310/1310
f 1613/1613 1612/1612 1320/1320
f 1321/1321 1613/1613 1320/1320
f 1615/1615 1614/1614 1318/1318
f 1319/1319 1615/1615 1318/1318
f 1617/1617 1616/1616 1299/1299
f 1300/1300 1617/1617 1299/1299
f 1619/1619 1618/1618 1294/1294
f 1295/1295 1619/1619 1294/1294
f 1621/1621 1620/1620 1304/1304
f 1305/1305 1621/1621 1304/1304
f 1623/1623 1622/1622 1302/1302
f 1303/1303 1623/1623 1302/1302
f 1625/1625 1624/1624 1283/1283
f 1284/1284 1625/1625 1283/1283
f 1627/1627 1626/1626 1278/1278
f 1279/1279 1627/1627 1278/1278
f 1629/1629 1628/1628 1288/1288
f 1289/1289 1629/1629 1288/1288
f 1631/1631 1630/1630 1286/1286
f 1287/1287 1631/1631 1286/1286
f 1633/1633 1632/1632 1267/1267
f 1268/1268 1633/1633 1267/1267
f 1635/1635 1634/1634 1262/1262
f 1263/1263 1635/1635 1262/1262
f 1637/1637 1636/1636 1272/1272
f 1273/1273 1637/1637 1272/1272
f 1639/1639 1638/1638 1270/1270
f 1271/1271 1639/1639 1270/1270
f 1641/1641 1640/1640 1251/1251
f 1252/1252 1641/1641 1251/1251
f 1643/1643 1642/1642 1246/1246
f 1247/1247 1643/1643 1246/1246
f 1645/1645 1644/1644 1256/1256
f 1257/1257 1645/1645 1256/1256
f 1647/1647 1646/1646 1254/1254
f 1255/1255 1647/1647 1254/1254
f 1649/1649 1648/1648 1235/1235
f 1236/1236 1649/1649 1235/1235
f 1651/1651 1650/1650 1230/1230
f 1231/1231 1651/1651 1230/1230
f 1653/1653 1652/1652 1240/1240
f 1241/1241 1653/1653 1240/1240
f 1655/1655 1654/1654 1238/1238
f 1239/1239 1655/1655 1238/1238
f 1657/1657 1656/1656 1219/1219
f 1220/1220 1657/1657 1219/1219
f 1659/1659 1658/1658 1214/1214
f 1215/1215 1659/1659 1214/1214
f 1661/1661 1660/1660 1224/1224
f 1225/1225 1661/1661 1224/1224
f 1663/1663 1662/1662 1222/1222
f 1223/1223 1663/1663 1222/1222
f 1665/1665 1664/1664 1203/1203
f 1204/1204 1665/1665 1203/1203
f 1667/1667 1666/1666 1198/1198
f 1199/1199 1667/1667 1198/1198
f 1669/1669 1668/1668 1208/1208
f 1209/1209 1669/1669 1208/1208
f 1671/1671 1670/1670 1206/1206
f 1207/1207 1671/1671 1206/1206
f 1673/1673 1672/1672 1160/1160
f 1161/1161 1673/1673 1160/1160
f 1675/1675 1674/1674 1524/1524
f 1525/1525 1675/1675 1524/1524
f 1677/1677 1676/1676 1187/1187
f 1188/1188 1677/1677 1187/1187
f 1679/1679 1678/1678 1182/1182
f 1183/1183 1679/1679 1182/1182
f 1681/1681 1680/1680 1192/1192
f 1193/1193 1681/1681 1192/1192
f 1683/1683 1682/1682 1190/1190
f 1191/1191 1683/1683 1190/1190
f 1686/1686 1685/1685 1684/1684
f 1687/1687 1686/1686 1684/1684
f 1687/1687 1684/1684 1688/1688
f 1689/1689 1687/1687 1688/1688
f 1686/1686 1687/1687 1689/1689
f 1690/1690 1686/1686 1689/1689
f 1685/1685 1686/1686 1690/1690
f 1691/1691 1685/1685 1690/1690
f 1684/1684 1685/1685 1691/1691
f 1688/1688 1684/1684 1691/1691
f 1694/1694 1693/1693 1692/1692
f 1695/1695 1694/1694 1692/1692
f 1695/1695 1692/1692 1696/1696
f 1697/1697 1695/1695 1696/1696
f 1694/1694 1695/1695 1697/1697
f 1698/1698 1694/1694 1697/1697
f 1693/1693 1694/1694 1698/1698
f 1699/1699 1693/1693 1698/1698
f 1692/1692 1693/1693 1699/1699
f 1696/1696 1692/1692 1699/1699
f 1702/1702 1701/1701 1700/1700
f 1703/1703 1702/1702 1700/1700
f 1703/1703 1700/1700 1704/1704
f 1705/1705 1703/1703 1704/1704
f 1702/1702 1703/1703 1705/1705
f 1706/1706 1702/1702 1705/1705
f 1701/1701 1702/1702 1706/1706
f 1707/1707 1701/1701 1706/1706
f 1700/1700 1701/1701 1707/1707
f 1704/1704 1700/1700 1707/1707
f 1710/1710 1709/1709 1708/1708
f 1711/1711 1710/1710 1708/1708
f 1711/1711 1708/1708 1712/1712
f 1713/1713 1711/1711 1712/1712
f 1710/1710 1711/1711 1713/1713
f 1714/1714 1710/1710 1713/1713
f 1709/1709 1710/1710 1714/1714
f 1715/1715 1709/1709 1714/1714
f 1708/1708 1709/1709 1715/1715
f 1712/1712 1708/1708 1715/1715
f 1718/1718 1717/1717 1716/1716
f 1719/1719 1718/1718 1716/1716
f 1718/1718 1720/1720 1717/1717
f 1720/1720 1721/1721 1717/1717
f 1721/1721 1720/1720 1722/1722
f 1723/1723 1721/1721 1722/1722
f 1723/1723 1722/1722 1724/1724
f 1725/1725 1723/1723 1724/1724
f 1717/1717 1726/1726 1716/1716
f 1726/1726 1727/1727 1716/1716
f 1727/1727 1726/1726 1728/1728
f 1726/1726 1729/1729 1728/1728
f 1726/1726 1730/1730 1729/1729
f 1730/1730 1726/1726 1717/1717
f 1721/1721 1730/1730 1717/1717
f 1730/1730 1731/1731 1729/1729
f 1731/1731 1730/1730 1732/1732
f 1732/1732 1730/1730 1721/1721
f 1723/1723 1732/1732 1721/1721
f 1733/1733 1731/1731 1732/1732
f 1733/1733 1732/1732 1734/1734
f 1734/1734 1732/1732 1723/1723
f 1725/1725 1734/1734 1723/1723
f 1735/1735 1733/1733 1734/1734
f 1725/1725 1724/1724 1736/1736
f 1737/1737 1725/1725 1736/1736
f 1738/1738 1737/1737 1736/1736
f 1739/1739 1738/1738 1736/1736
f 1738/1738 1740/1740 1737/1737
f 1740/1740 1741/1741 1737/1737
f 1735/1735 1734/1734 1741/1741
f 1741/1741 1740/1740 1742/1742
f 1743/1743 1741/1741 1742/1742
f 1743/1743 1735/1735 1741/1741
f 1741/1741 1734/1734 1725/1725
f 1737/1737 1741/1741 1725/1725
f 1746/1746 1745/1745 1744/1744
f 1747/1747 1746/1746 1744/1744
f 1746/1746 1748/1748 1745/1745
f 1748/1748 1749/1749 1745/1745
f 1749/1749 1748/1748 1750/1750
f 1751/1751 1749/1749 1750/1750
f 1751/1751 1750/1750 1752/1752
f 1753/1753 1751/1751 1752/1752
f 1746/1746 1747/1747 1754/1754
f 1747/1747 1755/1755 1754/1754
f 1756/1756 1754/1754 1755/1755
f 1757/1757 1756/1756 1755/1755
f 1756/1756 1758/1758 1754/1754
f 1758/1758 1759/1759 1754/1754
f 1746/1746 1754/1754 1759/1759
f 1748/1748 1746/1746 1759/1759
f 1759/1759 1758/1758 1760/1760
f 1761/1761 1759/1759 1760/1760
f 1748/1748 1759/1759 1761/1761
f 1750/1750 1748/1748 1761/1761
f 1761/1761 1760/1760 1762/1762
f 1763/1763 1761/1761 1762/1762
f 1750/1750 1761/1761 1763/1763
f 1752/1752 1750/1750 1763/1763
f 1753/1753 1752/1752 1764/1764
f 1765/1765 1753/1753 1764/1764
f 1765/1765 1764/1764 1766/1766
f 1764/1764 1767/1767 1766/1766
f 1764/1764 1768/1768 1767/1767
f 1768/1768 1769/1769 1767/1767
f 1769/1769 1768/1768 1770/1770
f 1763/1763 1762/1762 1770/1770
f 1768/1768 1763/1763 1770/1770
f 1771/1771 1769/1769 1770/1770
f 1752/1752 1763/1763 1768/1768
f 1764/1764 1752/1752 1768/1768
f 1757/1757 1755/1755 1772/1772
f 1773/1773 1757/1757 1772/1772
f 1774/1774 1773/1773 1772/1772
f 1775/1775 1774/1774 1772/1772
f 1775/1775 1772/1772 1776/1776
f 1776/1776 1772/1772 1755/1755
f 1777/1777 1775/1775 1776/1776
f 1776/1776 1778/1778 1777/1777
f 1778/1778 1779/1779 1777/1777
f 1776/1776 1747/1747 1778/1778
f 1747/1747 1776/1776 1755/1755
f 1747/1747 1744/1744 1778/1778
f 1782/1782 1781/1781 1780/1780
f 1783/1783 1782/1782 1780/1780
f 1782/1782 1784/1784 1781/1781
f 1784/1784 1785/1785 1781/1781
f 1785/1785 1784/1784 1786/1786
f 1787/1787 1785/1785 1786/1786
f 1787/1787 1786/1786 1788/1788
f 1789/1789 1787/1787 1788/1788
f 1783/1783 1790/1790 1782/1782
f 1790/1790 1791/1791 1782/1782
f 1782/1782 1791/1791 1784/1784
f 1792/1792 1791/1791 1790/1790
f 1793/1793 1792/1792 1790/1790
f 1792/1792 1794/1794 1791/1791
f 1794/1794 1795/1795 1791/1791
f 1784/1784 1795/1795 1786/1786
f 1791/1791 1795/1795 1784/1784
f 1795/1795 1794/1794 1796/1796
f 1797/1797 1795/1795 1796/1796
f 1786/1786 1797/1797 1788/1788
f 1795/1795 1797/1797 1786/1786
f 1797/1797 1796/1796 1798/1798
f 1799/1799 1797/1797 1798/1798
f 1797/1797 1799/1799 1788/1788
f 1789/1789 1788/1788 1800/1800
f 1788/1788 1799/1799 1800/1800
f 1801/1801 1789/1789 1800/1800
f 1801/1801 1800/1800 1802/1802
f 1800/1800 1803/1803 1802/1802
f 1800/1800 1804/1804 1803/1803
f 1799/1799 1804/1804 1800/1800
f 1804/1804 1805/1805 1803/1803
f 1805/1805 1804/1804 1806/1806
f 1799/1799 1798/1798 1806/1806
f 1804/1804 1799/1799 1806/1806
f 1807/1807 1805/1805 1806/1806
f 1793/1793 1790/1790 1808/1808
f 1809/1809 1793/1793 1808/1808
f 1810/1810 1809/1809 1808/1808
f 1811/1811 1810/1810 1808/1808
f 1811/1811 1808/1808 1812/1812
f 1813/1813 1811/1811 1812/1812
f 1812/1812 1814/1814 1813/1813
f 1814/1814 1815/1815 1813/1813
f 1812/1812 1783/1783 1814/1814
f 1808/1808 1790/1790 1783/1783
f 1812/1812 1808/1808 1783/1783
f 1783/1783 1780/1780 1814/1814
f 1818/1818 1817/1817 1816/1816
f 1819/1819 1818/1818 1816/1816
f 1818/1818 1820/1820 1817/1817
f 1820/1820 1821/1821 1817/1817
f 1821/1821 1820/1820 1822/1822
f 1823/1823 1821/1821 1822/1822
f 1823/1823 1822/1822 1824/1824
f 1825/1825 1823/1823 1824/1824
f 1816/1816 1817/1817 1826/1826
f 1817/1817 1827/1827 1826/1826
f 1817/1817 1821/1821 1827/1827
f 1826/1826 1827/1827 1828/1828
f 1827/1827 1829/1829 1828/1828
f 1827/1827 1830/1830 1829/1829
f 1821/1821 1823/1823 1830/1830
f 1821/1821 1830/1830 1827/1827
f 1830/1830 1831/1831 1829/1829
f 1831/1831 1830/1830 1832/1832
f 1823/1823 1825/1825 1832/1832
f 1823/1823 1832/1832 1830/1830
f 1833/1833 1831/1831 1832/1832
f 1833/1833 1832/1832 1834/1834
f 1825/1825 1834/1834 1832/1832
f 1835/1835 1833/1833 1834/1834
f 1825/1825 1824/1824 1836/1836
f 1837/1837 1825/1825 1836/1836
f 1825/1825 1837/1837 1834/1834
f 1838/1838 1837/1837 1836/1836
f 1839/1839 1838/1838 1836/1836
f 1840/1840 1838/1838 1839/1839
f 1841/1841 1840/1840 1839/1839
f 1838/1838 1842/1842 1837/1837
f 1842/1842 1843/1843 1837/1837
f 1835/1835 1834/1834 1843/1843
f 1837/1837 1843/1843 1834/1834
f 1844/1844 1842/1842 1838/1838
f 1840/1840 1844/1844 1838/1838
f 1842/1842 1844/1844 1845/1845
f 1846/1846 1842/1842 1845/1845
f 1843/1843 1842/1842 1846/1846
f 1847/1847 1843/1843 1846/1846
f 1847/1847 1835/1835 1843/1843
f 1841/1841 1848/1848 1840/1840
f 1848/1848 1849/1849 1840/1840
f 1840/1840 1849/1849 1844/1844
f 1850/1850 1849/1849 1848/1848
f 1851/1851 1850/1850 1848/1848
f 1850/1850 1852/1852 1849/1849
f 1852/1852 1853/1853 1849/1849
f 1844/1844 1853/1853 1845/1845
f 1849/1849 1853/1853 1844/1844
f 1853/1853 1852/1852 1854/1854
f 1855/1855 1853/1853 1854/1854
f 1853/1853 1855/1855 1845/1845
f 1858/1858 1857/1857 1856/1856
f 1859/1859 1858/1858 1856/1856
f 1858/1858 1860/1860 1857/1857
f 1860/1860 1861/1861 1857/1857
f 1861/1861 1860/1860 1862/1862
f 1863/1863 1861/1861 1862/1862
f 1863/1863 1862/1862 1864/1864
f 1864/1864 1865/1865 1863/1863
f 1865/1865 1866/1866 1863/1863
f 1856/1856 1857/1857 1867/1867
f 1857/1857 1868/1868 1867/1867
f 1857/1857 1861/1861 1868/1868
f 1867/1867 1868/1868 1869/1869
f 1868/1868 1870/1870 1869/1869
f 1868/1868 1871/1871 1870/1870
f 1861/1861 1871/1871 1868/1868
f 1861/1861 1863/1863 1871/1871
f 1871/1871 1872/1872 1870/1870
f 1872/1872 1871/1871 1873/1873
f 1863/1863 1873/1873 1871/1871
f 1863/1863 1866/1866 1873/1873
f 1874/1874 1872/1872 1873/1873
f 1874/1874 1873/1873 1875/1875
f 1866/1866 1875/1875 1873/1873
f 1875/1875 1866/1866 1876/1876
f 1875/1875 1876/1876 1877/1877
f 1878/1878 1875/1875 1877/1877
f 1878/1878 1874/1874 1875/1875
f 1866/1866 1879/1879 1876/1876
f 1879/1879 1866/1866 1865/1865
f 1882/1882 1881/1881 1880/1880
f 1883/1883 1882/1882 1880/1880
f 1882/1882 1884/1884 1881/1881
f 1884/1884 1885/1885 1881/1881
f 1885/1885 1884/1884 1886/1886
f 1887/1887 1885/1885 1886/1886
f 1887/1887 1886/1886 1888/1888
f 1889/1889 1887/1887 1888/1888
f 1888/1888 1886/1886 1890/1890
f 1891/1891 1888/1888 1890/1890
f 1891/1891 1890/1890 1892/1892
f 1890/1890 1893/1893 1892/1892
f 1890/1890 1894/1894 1893/1893
f 1886/1886 1884/1884 1894/1894
f 1890/1890 1886/1886 1894/1894
f 1894/1894 1895/1895 1893/1893
f 1895/1895 1894/1894 1896/1896
f 1884/1884 1882/1882 1896/1896
f 1894/1894 1884/1884 1896/1896
f 1897/1897 1895/1895 1896/1896
f 1897/1897 1896/1896 1898/1898
f 1899/1899 1897/1897 1898/1898
f 1896/1896 1882/1882 1898/1898
f 1882/1882 1883/1883 1898/1898
f 1902/1902 1901/1901 1900/1900
f 1903/1903 1902/1902 1900/1900
f 1902/1902 1904/1904 1901/1901
f 1904/1904 1905/1905 1901/1901
f 1905/1905 1904/1904 1906/1906
f 1907/1907 1905/1905 1906/1906
f 1900/1900 1901/1901 1908/1908
f 1909/1909 1900/1900 1908/1908
f 1909/1909 1908/1908 1910/1910
f 1908/1908 1911/1911 1910/1910
f 1908/1908 1912/1912 1911/1911
f 1901/1901 1905/1905 1912/1912
f 1908/1908 1901/1901 1912/1912
f 1912/1912 1913/1913 1911/1911
f 1913/1913 1912/1912 1914/1914
f 1905/1905 1907/1907 1914/1914
f 1912/1912 1905/1905 1914/1914
f 1915/1915 1913/1913 1914/1914
f 1915/1915 1914/1914 1916/1916
f 1915/1915 1916/1916 1917/1917
f 1917/1917 1918/1918 1915/1915
f 1907/1907 1906/1906 1919/1919
f 1920/1920 1907/1907 1919/1919
f 1914/1914 1907/1907 1920/1920
f 1916/1916 1914/1914 1920/1920
f 1921/1921 1920/1920 1919/1919
f 1922/1922 1921/1921 1919/1919
f 1923/1923 1916/1916 1920/1920
f 1921/1921 1923/1923 1920/1920
f 1916/1916 1923/1923 1917/1917
f 1926/1926 1925/1925 1924/1924
f 1927/1927 1926/1926 1924/1924
f 1926/1926 1928/1928 1925/1925
f 1928/1928 1929/1929 1925/1925
f 1929/1929 1928/1928 1930/1930
f 1931/1931 1929/1929 1930/1930
f 1931/1931 1930/1930 1932/1932
f 1933/1933 1931/1931 1932/1932
f 1934/1934 1932/1932 1930/1930
f 1935/1935 1934/1934 1930/1930
f 1935/1935 1930/1930 1928/1928
f 1934/1934 1935/1935 1936/1936
f 1935/1935 1937/1937 1936/1936
f 1935/1935 1938/1938 1937/1937
f 1938/1938 1928/1928 1926/1926
f 1938/1938 1935/1935 1928/1928
f 1938/1938 1939/1939 1937/1937
f 1939/1939 1938/1938 1940/1940
f 1940/1940 1926/1926 1927/1927
f 1940/1940 1938/1938 1926/1926
f 1941/1941 1939/1939 1940/1940
f 1941/1941 1940/1940 1942/1942
f 1942/1942 1940/1940 1927/1927
f 1943/1943 1941/1941 1942/1942
f 1946/1946 1945/1945 1944/1944
f 1947/1947 1946/1946 1944/1944
f 1946/1946 1947/1947 1948/1948
f 1949/1949 1946/1946 1948/1948
f 1950/1950 1949/1949 1948/1948
f 1951/1951 1950/1950 1948/1948
f 1954/1954 1953/1953 1952/1952
f 1955/1955 1954/1954 1952/1952
f 1956/1956 1954/1954 1955/1955
f 1957/1957 1956/1956 1955/1955
f 1958/1958 1956/1956 1957/1957
f 1959/1959 1958/1958 1957/1957
f 1962/1962 1961/1961 1960/1960
f 1960/1960 1963/1963 1962/1962
f 1963/1963 1964/1964 1962/1962
f 1962/1962 1965/1965 1961/1961
f 1965/1965 1962/1962 1966/1966
f 1965/1965 1966/1966 1967/1967
f 1968/1968 1965/1965 1967/1967
f 1962/1962 1969/1969 1966/1966
f 1969/1969 1962/1962 1964/1964
f 1968/1968 1970/1970 1965/1965
f 1970/1970 1971/1971 1965/1965
f 1965/1965 1971/1971 1961/1961
f 1974/1974 1973/1973 1972/1972
f 1975/1975 1974/1974 1972/1972
f 1974/1974 1976/1976 1973/1973
f 1976/1976 1977/1977 1973/1973
f 1972/1972 1973/1973 1978/1978
f 1973/1973 1979/1979 1978/1978
f 1978/1978 1979/1979 1980/1980
f 1979/1979 1981/1981 1980/1980
f 1979/1979 1982/1982 1981/1981
f 1982/1982 1983/1983 1981/1981
f 1979/1979 1984/1984 1982/1982
f 1984/1984 1985/1985 1982/1982
f 1982/1982 1985/1985 1977/1977
f 1985/1985 1984/1984 1986/1986
f 1984/1984 1987/1987 1986/1986
f 1986/1986 1987/1987 1988/1988
f 1987/1987 1989/1989 1988/1988
f 1986/1986 1990/1990 1985/1985
f 1990/1990 1991/1991 1985/1985
f 1985/1985 1991/1991 1977/1977
f 1992/1992 1990/1990 1986/1986
f 1993/1993 1992/1992 1986/1986
f 1984/1984 1994/1994 1987/1987
f 1994/1994 1984/1984 1979/1979
f 1994/1994 1995/1995 1987/1987
f 1991/1991 1990/1990 1995/1995
f 1994/1994 1991/1991 1995/1995
f 1987/1987 1995/1995 1996/1996
f 1995/1995 1997/1997 1996/1996
f 1995/1995 1990/1990 1998/1998
f 1990/1990 1999/1999 1998/1998
f 1989/1989 2000/2000 1988/1988
f 2000/2000 2001/2001 1988/1988
f 1997/1997 2002/2002 1996/1996
f 2002/2002 2003/2003 1996/1996
f 1999/1999 2004/2004 1998/1998
f 2004/2004 2005/2005 1998/1998
f 1993/1993 2006/2006 1992/1992
f 2006/2006 2007/2007 1992/1992
f 1973/1973 1994/1994 1979/1979
f 1991/1991 1994/1994 1973/1973
f 1977/1977 1991/1991 1973/1973
f 1977/1977 1976/1976 2008/2008
f 2009/2009 1977/1977 2008/2008
f 2010/2010 2009/2009 2008/2008
f 2011/2011 2010/2010 2008/2008
f 2010/2010 2012/2012 2009/2009
f 2012/2012 2013/2013 2009/2009
f 2013/2013 2012/2012 2014/2014
f 2015/2015 2013/2013 2014/2014
f 2015/2015 1983/1983 2013/2013
f 1983/1983 1982/1982 2013/2013
f 2009/2009 2013/2013 1982/1982
f 1977/1977 2009/2009 1982/1982
f 2018/2018 2017/2017 2016/2016
f 2019/2019 2018/2018 2016/2016
f 2018/2018 2020/2020 2017/2017
f 2020/2020 2021/2021 2017/2017
f 2018/2018 2019/2019 2022/2022
f 2023/2023 2018/2018 2022/2022
f 2024/2024 2023/2023 2022/2022
f 2025/2025 2024/2024 2022/2022
f 2024/2024 2026/2026 2023/2023
f 2026/2026 2027/2027 2023/2023
f 2023/2023 2028/2028 2018/2018
f 2028/2028 2029/2029 2018/2018
f 2018/2018 2029/2029 2020/2020
f 2030/2030 2029/2029 2028/2028
f 2031/2031 2030/2030 2028/2028
f 2028/2028 2032/2032 2031/2031
f 2032/2032 2028/2028 2023/2023
f 2027/2027 2032/2032 2023/2023
f 2032/2032 2033/2033 2031/2031
f 2031/2031 2033/2033 2034/2034
f 2033/2033 2035/2035 2034/2034
f 2036/2036 2030/2030 2031/2031
f 2037/2037 2036/2036 2031/2031
f 2030/2030 2038/2038 2029/2029
f 2038/2038 2039/2039 2029/2029
f 2039/2039 2038/2038 2033/2033
f 2032/2032 2039/2039 2033/2033
f 2039/2039 2032/2032 2027/2027
f 2040/2040 2038/2038 2030/2030
f 2041/2041 2040/2040 2030/2030
f 2033/2033 2038/2038 2042/2042
f 2038/2038 2043/2043 2042/2042
f 2037/2037 2044/2044 2036/2036
f 2044/2044 2045/2045 2036/2036
f 2035/2035 2046/2046 2034/2034
f 2046/2046 2047/2047 2034/2034
f 2043/2043 2048/2048 2042/2042
f 2048/2048 2049/2049 2042/2042
f 2041/2041 2050/2050 2040/2040
f 2050/2050 2051/2051 2040/2040
f 2020/2020 2039/2039 2027/2027
f 2029/2029 2039/2039 2020/2020
f 2052/2052 2020/2020 2027/2027
f 2021/2021 2020/2020 2052/2052
f 2053/2053 2021/2021 2052/2052
f 2053/2053 2052/2052 2054/2054
f 2052/2052 2055/2055 2054/2054
f 2052/2052 2056/2056 2055/2055
f 2056/2056 2052/2052 2027/2027
f 2056/2056 2057/2057 2055/2055
f 2057/2057 2056/2056 2058/2058
f 2056/2056 2027/2027 2058/2058
f 2059/2059 2057/2057 2058/2058
f 2027/2027 2026/2026 2058/2058
f 2062/2062 2061/2061 2060/2060
f 2063/2063 2062/2062 2060/2060
f 2062/2062 2064/2064 2061/2061
f 2064/2064 2065/2065 2061/2061
f 2060/2060 2061/2061 2066/2066
f 2067/2067 2060/2060 2066/2066
f 2067/2067 2066/2066 2068/2068
f 2066/2066 2069/2069 2068/2068
f 2066/2066 2070/2070 2069/2069
f 2070/2070 2071/2071 2069/2069
f 2066/2066 2072/2072 2070/2070
f 2072/2072 2073/2073 2070/2070
f 2070/2070 2073/2073 2065/2065
f 2073/2073 2072/2072 2074/2074
f 2072/2072 2075/2075 2074/2074
f 2074/2074 2075/2075 2076/2076
f 2075/2075 2077/2077 2076/2076
f 2074/2074 2078/2078 2073/2073
f 2078/2078 2079/2079 2073/2073
f 2073/2073 2079/2079 2065/2065
f 2080/2080 2078/2078 2074/2074
f 2081/2081 2080/2080 2074/2074
f 2072/2072 2082/2082 2075/2075
f 2082/2082 2083/2083 2075/2075
f 2079/2079 2078/2078 2083/2083
f 2082/2082 2079/2079 2083/2083
f 2075/2075 2083/2083 2084/2084
f 2083/2083 2085/2085 2084/2084
f 2083/2083 2078/2078 2086/2086
f 2078/2078 2087/2087 2086/2086
f 2077/2077 2088/2088 2076/2076
f 2088/2088 2089/2089 2076/2076
f 2085/2085 2090/2090 2084/2084
f 2090/2090 2091/2091 2084/2084
f 2087/2087 2092/2092 2086/2086
f 2092/2092 2093/2093 2086/2086
f 2081/2081 2094/2094 2080/2080
f 2094/2094 2095/2095 2080/2080
f 2082/2082 2072/2072 2066/2066
f 2061/2061 2082/2082 2066/2066
f 2079/2079 2082/2082 2061/2061
f 2065/2065 2079/2079 2061/2061
f 2065/2065 2064/2064 2096/2096
f 2097/2097 2065/2065 2096/2096
f 2098/2098 2097/2097 2096/2096
f 2099/2099 2098/2098 2096/2096
f 2098/2098 2100/2100 2097/2097
f 2100/2100 2101/2101 2097/2097
f 2065/2065 2097/2097 2101/2101
f 2101/2101 2100/2100 2102/2102
f 2103/2103 2101/2101 2102/2102
f 2103/2103 2071/2071 2101/2101
f 2071/2071 2070/2070 2101/2101
f 2070/2070 2065/2065 2101/2101
f 2106/2106 2105/2105 2104/2104
f 2107/2107 2106/2106 2104/2104
f 2106/2106 2108/2108 2105/2105
f 2108/2108 2109/2109 2105/2105
f 2110/2110 2106/2106 2107/2107
f 2111/2111 2110/2110 2107/2107
f 2112/2112 2110/2110 2111/2111
f 2113/2113 2112/2112 2111/2111
f 2112/2112 2114/2114 2110/2110
f 2114/2114 2115/2115 2110/2110
f 2106/2106 2116/2116 2108/2108
f 2116/2116 2117/2117 2108/2108
f 2108/2108 2117/2117 2115/2115
f 2118/2118 2117/2117 2116/2116
f 2119/2119 2118/2118 2116/2116
f 2116/2116 2120/2120 2119/2119
f 2120/2120 2116/2116 2106/2106
f 2110/2110 2120/2120 2106/2106
f 2120/2120 2121/2121 2119/2119
f 2119/2119 2121/2121 2122/2122
f 2121/2121 2123/2123 2122/2122
f 2124/2124 2118/2118 2119/2119
f 2125/2125 2124/2124 2119/2119
f 2118/2118 2126/2126 2117/2117
f 2126/2126 2127/2127 2117/2117
f 2127/2127 2126/2126 2121/2121
f 2120/2120 2127/2127 2121/2121
f 2117/2117 2127/2127 2115/2115
f 2128/2128 2126/2126 2118/2118
f 2129/2129 2128/2128 2118/2118
f 2121/2121 2126/2126 2130/2130
f 2126/2126 2131/2131 2130/2130
f 2125/2125 2132/2132 2124/2124
f 2132/2132 2133/2133 2124/2124
f 2123/2123 2134/2134 2122/2122
f 2134/2134 2135/2135 2122/2122
f 2131/2131 2136/2136 2130/2130
f 2136/2136 2137/2137 2130/2130
f 2129/2129 2138/2138 2128/2128
f 2138/2138 2139/2139 2128/2128
f 2127/2127 2120/2120 2110/2110
f 2115/2115 2127/2127 2110/2110
f 2115/2115 2114/2114 2140/2140
f 2141/2141 2115/2115 2140/2140
f 2142/2142 2141/2141 2140/2140
f 2141/2141 2142/2142 2143/2143
f 2144/2144 2141/2141 2143/2143
f 2144/2144 2143/2143 2145/2145
f 2146/2146 2144/2144 2145/2145
f 2147/2147 2142/2142 2140/2140
f 2146/2146 2109/2109 2144/2144
f 2109/2109 2108/2108 2144/2144
f 2141/2141 2144/2144 2108/2108
f 2115/2115 2141/2141 2108/2108
f 2150/2150 2149/2149 2148/2148
f 2151/2151 2150/2150 2148/2148
f 2150/2150 2152/2152 2149/2149
f 2152/2152 2153/2153 2149/2149
f 2153/2153 2152/2152 2154/2154
f 2155/2155 2153/2153 2154/2154
f 2149/2149 2156/2156 2148/2148
f 2156/2156 2157/2157 2148/2148
f 2157/2157 2156/2156 2158/2158
f 2156/2156 2159/2159 2158/2158
f 2156/2156 2160/2160 2159/2159
f 2160/2160 2156/2156 2149/2149
f 2153/2153 2160/2160 2149/2149
f 2160/2160 2161/2161 2159/2159
f 2161/2161 2160/2160 2162/2162
f 2162/2162 2160/2160 2153/2153
f 2155/2155 2162/2162 2153/2153
f 2163/2163 2161/2161 2162/2162
f 2166/2166 2165/2165 2164/2164
f 2167/2167 2166/2166 2164/2164
f 2166/2166 2168/2168 2165/2165
f 2168/2168 2169/2169 2165/2165
f 2169/2169 2168/2168 2170/2170
f 2171/2171 2169/2169 2170/2170
f 2167/2167 2172/2172 2166/2166
f 2172/2172 2173/2173 2166/2166
f 2174/2174 2173/2173 2172/2172
f 2175/2175 2174/2174 2172/2172
f 2174/2174 2176/2176 2173/2173
f 2176/2176 2177/2177 2173/2173
f 2168/2168 2177/2177 2170/2170
f 2177/2177 2168/2168 2166/2166
f 2173/2173 2177/2177 2166/2166
f 2177/2177 2176/2176 2178/2178
f 2179/2179 2177/2177 2178/2178
f 2177/2177 2179/2179 2170/2170
f 2182/2182 2181/2181 2180/2180
f 2183/2183 2182/2182 2180/2180
f 2182/2182 2184/2184 2181/2181
f 2184/2184 2185/2185 2181/2181
f 2185/2185 2184/2184 2186/2186
f 2187/2187 2185/2185 2186/2186
f 2181/2181 2188/2188 2180/2180
f 2181/2181 2185/2185 2188/2188
f 2188/2188 2189/2189 2180/2180
f 2189/2189 2188/2188 2190/2190
f 2188/2188 2191/2191 2190/2190
f 2188/2188 2192/2192 2191/2191
f 2185/2185 2192/2192 2188/2188
f 2192/2192 2193/2193 2191/2191
f 2193/2193 2192/2192 2194/2194
f 2194/2194 2192/2192 2185/2185
f 2187/2187 2194/2194 2185/2185
f 2195/2195 2193/2193 2194/2194
f 2198/2198 2197/2197 2196/2196
f 2199/2199 2198/2198 2196/2196
f 2198/2198 2200/2200 2197/2197
f 2200/2200 2201/2201 2197/2197
f 2201/2201 2200/2200 2202/2202
f 2203/2203 2201/2201 2202/2202
f 2197/2197 2204/2204 2196/2196
f 2204/2204 2205/2205 2196/2196
f 2203/2203 2206/2206 2201/2201
f 2206/2206 2207/2207 2201/2201
f 2207/2207 2204/2204 2197/2197
f 2201/2201 2207/2207 2197/2197
f 2210/2210 2209/2209 2208/2208
f 2211/2211 2210/2210 2208/2208
f 2210/2210 2212/2212 2209/2209
f 2212/2212 2213/2213 2209/2209
f 2213/2213 2212/2212 2214/2214
f 2215/2215 2213/2213 2214/2214
f 2212/2212 2216/2216 2214/2214
f 2216/2216 2212/2212 2210/2210
f 2216/2216 2217/2217 2214/2214
f 2211/2211 2218/2218 2210/2210
f 2218/2218 2219/2219 2210/2210
f 2219/2219 2216/2216 2210/2210
f 2222/2222 2221/2221 2220/2220
f 2223/2223 2222/2222 2220/2220
f 2222/2222 2224/2224 2221/2221
f 2224/2224 2225/2225 2221/2221
f 2225/2225 2224/2224 2226/2226
f 2227/2227 2225/2225 2226/2226
f 2227/2227 2228/2228 2225/2225
f 2228/2228 2229/2229 2225/2225
f 2221/2221 2230/2230 2220/2220
f 2225/2225 2229/2229 2230/2230
f 2221/2221 2225/2225 2230/2230
f 2230/2230 2231/2231 2220/2220
f 2234/2234 2233/2233 2232/2232
f 2235/2235 2234/2234 2232/2232
f 2234/2234 2236/2236 2233/2233
f 2236/2236 2237/2237 2233/2233
f 2237/2237 2236/2236 2238/2238
f 2239/2239 2237/2237 2238/2238
f 2235/2235 2240/2240 2234/2234
f 2240/2240 2241/2241 2234/2234
f 2234/2234 2241/2241 2236/2236
f 2236/2236 2242/2242 2238/2238
f 2241/2241 2242/2242 2236/2236
f 2242/2242 2243/2243 2238/2238
f 2246/2246 2245/2245 2244/2244
f 2244/2244 2247/2247 2246/2246
f 2244/2244 2248/2248 2247/2247
f 2246/2246 2247/2247 2249/2249
f 2250/2250 2246/2246 2249/2249
f 2246/2246 2250/2250 2245/2245
f 2251/2251 2250/2250 2249/2249
f 2251/2251 2249/2249 2252/2252
f 2253/2253 2251/2251 2252/2252
f 2249/2249 2254/2254 2252/2252
f 2247/2247 2254/2254 2249/2249
f 2254/2254 2255/2255 2252/2252
f 2258/2258 2257/2257 2256/2256
f 2259/2259 2258/2258 2256/2256
f 2258/2258 2260/2260 2257/2257
f 2260/2260 2261/2261 2257/2257
f 2261/2261 2260/2260 2262/2262
f 2263/2263 2261/2261 2262/2262
f 2259/2259 2264/2264 2258/2258
f 2264/2264 2265/2265 2258/2258
f 2258/2258 2265/2265 2260/2260
f 2266/2266 2265/2265 2264/2264
f 2267/2267 2266/2266 2264/2264
f 2266/2266 2268/2268 2265/2265
f 2268/2268 2269/2269 2265/2265
f 2260/2260 2269/2269 2262/2262
f 2265/2265 2269/2269 2260/2260
f 2269/2269 2268/2268 2270/2270
f 2271/2271 2269/2269 2270/2270
f 2269/2269 2271/2271 2262/2262
f 2274/2274 2273/2273 2272/2272
f 2275/2275 2274/2274 2272/2272
f 2274/2274 2276/2276 2273/2273
f 2276/2276 2277/2277 2273/2273
f 2277/2277 2276/2276 2278/2278
f 2279/2279 2277/2277 2278/2278
f 2273/2273 2280/2280 2272/2272
f 2280/2280 2273/2273 2277/2277
f 2280/2280 2281/2281 2272/2272
f 2281/2281 2280/2280 2282/2282
f 2280/2280 2283/2283 2282/2282
f 2280/2280 2284/2284 2283/2283
f 2284/2284 2280/2280 2277/2277
f 2284/2284 2285/2285 2283/2283
f 2285/2285 2284/2284 2286/2286
f 2286/2286 2284/2284 2277/2277
f 2279/2279 2286/2286 2277/2277
f 2287/2287 2285/2285 2286/2286
f 2290/2290 2289/2289 2288/2288
f 2291/2291 2290/2290 2288/2288
f 2290/2290 2292/2292 2289/2289
f 2292/2292 2293/2293 2289/2289
f 2293/2293 2292/2292 2294/2294
f 2295/2295 2293/2293 2294/2294
f 2291/2291 2296/2296 2290/2290
f 2296/2296 2297/2297 2290/2290
f 2298/2298 2297/2297 2296/2296
f 2299/2299 2298/2298 2296/2296
f 2298/2298 2300/2300 2297/2297
f 2300/2300 2301/2301 2297/2297
f 2292/2292 2301/2301 2294/2294
f 2290/2290 2297/2297 2301/2301
f 2292/2292 2290/2290 2301/2301
f 2301/2301 2300/2300 2302/2302
f 2303/2303 2301/2301 2302/2302
f 2301/2301 2303/2303 2294/2294
f 2306/2306 2305/2305 2304/2304
f 2307/2307 2306/2306 2304/2304
f 2306/2306 2308/2308 2305/2305
f 2308/2308 2309/2309 2305/2305
f 2309/2309 2308/2308 2310/2310
f 2311/2311 2309/2309 2310/2310
f 2305/2305 2312/2312 2304/2304
f 2312/2312 2313/2313 2304/2304
f 2313/2313 2312/2312 2314/2314
f 2312/2312 2315/2315 2314/2314
f 2312/2312 2316/2316 2315/2315
f 2316/2316 2312/2312 2305/2305
f 2309/2309 2316/2316 2305/2305
f 2316/2316 2317/2317 2315/2315
f 2317/2317 2316/2316 2318/2318
f 2318/2318 2316/2316 2309/2309
f 2311/2311 2318/2318 2309/2309
f 2319/2319 2317/2317 2318/2318
f 2322/2322 2321/2321 2320/2320
f 2323/2323 2322/2322 2320/2320
f 2322/2322 2324/2324 2321/2321
f 2324/2324 2325/2325 2321/2321
f 2325/2325 2324/2324 2326/2326
f 2327/2327 2325/2325 2326/2326
f 2321/2321 2328/2328 2320/2320
f 2328/2328 2321/2321 2325/2325
f 2328/2328 2329/2329 2320/2320
f 2327/2327 2330/2330 2325/2325
f 2330/2330 2331/2331 2325/2325
f 2331/2331 2328/2328 2325/2325
f 2328/2328 2332/2332 2329/2329
f 2332/2332 2328/2328 2331/2331
f 2332/2332 2333/2333 2329/2329
f 2334/2334 2333/2333 2332/2332
f 2335/2335 2334/2334 2332/2332
f 2332/2332 2336/2336 2335/2335
f 2336/2336 2332/2332 2331/2331
f 2336/2336 2337/2337 2335/2335
f 2336/2336 2338/2338 2337/2337
f 2338/2338 2336/2336 2331/2331
f 2330/2330 2338/2338 2331/2331
f 2338/2338 2339/2339 2337/2337
f 2342/2342 2341/2341 2340/2340
f 2343/2343 2342/2342 2340/2340
f 2342/2342 2344/2344 2341/2341
f 2344/2344 2345/2345 2341/2341
f 2345/2345 2344/2344 2346/2346
f 2347/2347 2345/2345 2346/2346
f 2343/2343 2348/2348 2342/2342
f 2348/2348 2349/2349 2342/2342
f 2342/2342 2349/2349 2344/2344
f 2344/2344 2350/2350 2346/2346
f 2349/2349 2350/2350 2344/2344
f 2350/2350 2351/2351 2346/2346
f 2348/2348 2352/2352 2349/2349
f 2352/2352 2353/2353 2349/2349
f 2349/2349 2353/2353 2350/2350
f 2353/2353 2352/2352 2354/2354
f 2352/2352 2355/2355 2354/2354
f 2354/2354 2356/2356 2353/2353
f 2356/2356 2357/2357 2353/2353
f 2350/2350 2357/2357 2351/2351
f 2353/2353 2357/2357 2350/2350
f 2356/2356 2358/2358 2357/2357
f 2358/2358 2359/2359 2357/2357
f 2357/2357 2359/2359 2351/2351
f 2362/2362 2361/2361 2360/2360
f 2363/2363 2362/2362 2360/2360
f 2362/2362 2364/2364 2361/2361
f 2364/2364 2365/2365 2361/2361
f 2365/2365 2364/2364 2366/2366
f 2367/2367 2365/2365 2366/2366
f 2363/2363 2368/2368 2362/2362
f 2368/2368 2369/2369 2362/2362
f 2364/2364 2370/2370 2366/2366
f 2362/2362 2369/2369 2370/2370
f 2364/2364 2362/2362 2370/2370
f 2370/2370 2371/2371 2366/2366
f 2368/2368 2372/2372 2369/2369
f 2372/2372 2373/2373 2369/2369
f 2373/2373 2372/2372 2374/2374
f 2372/2372 2375/2375 2374/2374
f 2374/2374 2376/2376 2373/2373
f 2376/2376 2377/2377 2373/2373
f 2370/2370 2377/2377 2371/2371
f 2369/2369 2373/2373 2377/2377
f 2370/2370 2369/2369 2377/2377
f 2376/2376 2378/2378 2377/2377
f 2378/2378 2379/2379 2377/2377
f 2377/2377 2379/2379 2371/2371
f 2382/2382 2381/2381 2380/2380
f 2383/2383 2382/2382 2380/2380
f 2382/2382 2384/2384 2381/2381
f 2384/2384 2385/2385 2381/2381
f 2385/2385 2384/2384 2386/2386
f 2387/2387 2385/2385 2386/2386
f 2381/2381 2388/2388 2380/2380
f 2388/2388 2389/2389 2380/2380
f 2387/2387 2390/2390 2385/2385
f 2390/2390 2391/2391 2385/2385
f 2391/2391 2388/2388 2381/2381
f 2385/2385 2391/2391 2381/2381
f 2388/2388 2392/2392 2389/2389
f 2392/2392 2393/2393 2389/2389
f 2394/2394 2393/2393 2392/2392
f 2395/2395 2394/2394 2392/2392
f 2392/2392 2396/2396 2395/2395
f 2396/2396 2392/2392 2388/2388
f 2391/2391 2396/2396 2388/2388
f 2396/2396 2397/2397 2395/2395
f 2396/2396 2398/2398 2397/2397
f 2398/2398 2396/2396 2391/2391
f 2390/2390 2398/2398 2391/2391
f 2398/2398 2399/2399 2397/2397
f 2402/2402 2401/2401 2400/2400
f 2403/2403 2402/2402 2400/2400
f 2400/2400 2404/2404 2403/2403
f 2404/2404 2405/2405 2403/2403
f 2404/2404 2406/2406 2405/2405
f 2406/2406 2407/2407 2405/2405
f 2401/2401 2402/2402 2408/2408
f 2409/2409 2401/2401 2408/2408
f 2408/2408 2410/2410 2409/2409
f 2410/2410 2408/2408 2402/2402
f 2410/2410 2411/2411 2409/2409
f 2410/2410 2412/2412 2411/2411
f 2402/2402 2412/2412 2410/2410
f 2402/2402 2403/2403 2412/2412
f 2412/2412 2413/2413 2411/2411
f 2407/2407 2406/2406 2414/2414
f 2415/2415 2407/2407 2414/2414
f 2414/2414 2416/2416 2415/2415
f 2416/2416 2417/2417 2415/2415
f 2416/2416 2418/2418 2417/2417
f 2418/2418 2419/2419 2417/2417
f 2407/2407 2415/2415 2419/2419
f 2415/2415 2417/2417 2419/2419
f 2413/2413 2412/2412 2420/2420
f 2421/2421 2413/2413 2420/2420
f 2420/2420 2422/2422 2421/2421
f 2407/2407 2419/2419 2422/2422
f 2422/2422 2423/2423 2421/2421
f 2419/2419 2418/2418 2423/2423
f 2422/2422 2419/2419 2423/2423
f 2403/2403 2420/2420 2412/2412
f 2403/2403 2405/2405 2420/2420
f 2405/2405 2422/2422 2420/2420
f 2405/2405 2407/2407 2422/2422
f 2426/2426 2425/2425 2424/2424
f 2427/2427 2426/2426 2424/2424
f 2424/2424 2428/2428 2427/2427
f 2428/2428 2429/2429 2427/2427
f 2426/2426 2430/2430 2425/2425
f 2430/2430 2431/2431 2425/2425
f 2429/2429 2428/2428 2432/2432
f 2433/2433 2429/2429 2432/2432
f 2432/2432 2434/2434 2433/2433
f 2434/2434 2432/2432 2428/2428
f 2434/2434 2435/2435 2433/2433
f 2434/2434 2436/2436 2435/2435
f 2436/2436 2428/2428 2424/2424
f 2436/2436 2434/2434 2428/2428
f 2436/2436 2437/2437 2435/2435
f 2431/2431 2430/2430 2438/2438
f 2439/2439 2431/2431 2438/2438
f 2438/2438 2440/2440 2439/2439
f 2440/2440 2441/2441 2439/2439
f 2440/2440 2442/2442 2441/2441
f 2442/2442 2443/2443 2441/2441
f 2439/2439 2441/2441 2443/2443
f 2443/2443 2431/2431 2439/2439
f 2437/2437 2436/2436 2444/2444
f 2445/2445 2437/2437 2444/2444
f 2444/2444 2446/2446 2445/2445
f 2443/2443 2446/2446 2431/2431
f 2446/2446 2447/2447 2445/2445
f 2443/2443 2442/2442 2447/2447
f 2446/2446 2443/2443 2447/2447
f 2446/2446 2444/2444 2425/2425
f 2446/2446 2425/2425 2431/2431
f 2444/2444 2424/2424 2425/2425
f 2444/2444 2436/2436 2424/2424
f 2450/2450 2449/2449 2448/2448
f 2451/2451 2450/2450 2448/2448
f 2448/2448 2452/2452 2451/2451
f 2452/2452 2453/2453 2451/2451
f 2450/2450 2454/2454 2449/2449
f 2454/2454 2455/2455 2449/2449
f 2453/2453 1719/1719 2451/2451
f 1719/1719 1716/1716 2451/2451
f 2450/2450 1727/1727 2454/2454
f 1727/1727 2450/2450 2451/2451
f 1716/1716 1727/1727 2451/2451
f 1727/1727 1728/1728 2454/2454
f 2458/2458 2457/2457 2456/2456
f 2459/2459 2458/2458 2456/2456
f 2456/2456 2460/2460 2459/2459
f 2460/2460 2461/2461 2459/2459
f 2458/2458 2462/2462 2457/2457
f 2462/2462 2463/2463 2457/2457
f 2461/2461 1819/1819 2459/2459
f 1819/1819 1816/1816 2459/2459
f 2458/2458 1826/1826 2462/2462
f 2459/2459 1816/1816 1826/1826
f 2458/2458 2459/2459 1826/1826
f 1826/1826 1828/1828 2462/2462
g LanternPole_Chain
usemtl LanternPost_Mat
v 0.67000 2.49935 0.00000
v 0.66945 2.49839 0.00267
v 0.66627 2.50157 0.00267
v 0.66723 2.50212 0.00000
v 0.67378 2.49834 0.00000
v 0.67378 2.49723 0.00267
v 0.67757 2.49935 0.00000
v 0.67812 2.49839 0.00267
v 0.68034 2.50212 0.00000
v 0.68130 2.50157 0.00267
v 0.66396 2.50023 0.00378
v 0.66811 2.49608 0.00378
v 0.67378 2.49455 0.00378
v 0.67946 2.49608 0.00378
v 0.68361 2.50023 0.00378
v 0.66164 2.49889 0.00267
v 0.66677 2.49376 0.00267
v 0.67378 2.49188 0.00267
v 0.68080 2.49376 0.00267
v 0.68593 2.49889 0.00267
v 0.66068 2.49834 0.00000
v 0.66622 2.49280 -0.00000
v 0.67378 2.49077 -0.00000
v 0.68135 2.49280 -0.00000
v 0.68689 2.49834 0.00000
v 0.66164 2.49889 -0.00267
v 0.66677 2.49376 -0.00267
v 0.67378 2.49188 -0.00267
v 0.68080 2.49376 -0.00267
v 0.68593 2.49889 -0.00267
v 0.66396 2.50023 -0.00378
v 0.66811 2.49608 -0.00378
v 0.67378 2.49455 -0.00378
v 0.67946 2.49608 -0.00378
v 0.68361 2.50023 -0.00378
v 0.66627 2.50157 -0.00267
v 0.66945 2.49839 -0.00267
v 0.67378 2.49723 -0.00267
v 0.67812 2.49839 -0.00267
v 0.68130 2.50157 -0.00267
v 0.66723 2.50212 0.00000
v 0.67000 2.49935 0.00000
v 0.67378 2.49834 0.00000
v 0.67757 2.49935 0.00000
v 0.68034 2.50212 0.00000
v 0.68780 2.50586 -0.00267
v 0.68890 2.50586 -0.00000
v 0.68890 2.51624 0.00000
v 0.68780 2.51624 0.00267
v 0.68780 2.50586 0.00267
v 0.68513 2.51624 0.00378
v 0.68513 2.50586 0.00378
v 0.68245 2.51624 0.00268
v 0.68245 2.50586 0.00268
v 0.68134 2.51624 0.00000
v 0.68134 2.50586 -0.00000
v 0.68780 2.51624 -0.00267
v 0.68513 2.50586 -0.00378
v 0.68513 2.51624 -0.00378
v 0.68245 2.50586 -0.00268
v 0.68245 2.51624 -0.00268
v 0.68134 2.50586 -0.00000
v 0.68134 2.51624 0.00000
v 0.66623 2.51624 0.00000
v 0.66512 2.51624 -0.00268
v 0.66512 2.50586 -0.00268
v 0.66623 2.50586 -0.00000
v 0.66244 2.50586 -0.00378
v 0.66244 2.51624 -0.00378
v 0.65977 2.50586 -0.00267
v 0.65977 2.51624 -0.00267
v 0.65867 2.50586 -0.00000
v 0.65867 2.51624 0.00000
v 0.65977 2.50586 0.00267
v 0.65977 2.51624 0.00267
v 0.66244 2.50586 0.00378
v 0.66244 2.51624 0.00378
v 0.66512 2.50586 0.00268
v 0.66512 2.51624 0.00268
v 0.66623 2.50586 -0.00000
v 0.66623 2.51624 0.00000
v 0.67379 2.49464 0.00655
v 0.67646 2.49519 0.00751
v 0.67646 2.49837 0.00434
v 0.67378 2.49741 0.00378
v 0.67646 2.49953 0.00000
v 0.67378 2.49842 0.00000
v 0.67757 2.50068 0.00567
v 0.67757 2.49653 0.00983
v 0.67757 2.50220 0.00000
v 0.67646 2.50300 0.00701
v 0.67646 2.49787 0.01214
v 0.67646 2.50488 0.00000
v 0.67378 2.50396 0.00757
v 0.67379 2.49842 0.01310
v 0.67378 2.50599 0.00000
v 0.67111 2.50300 0.00701
v 0.67111 2.49787 0.01214
v 0.67111 2.50488 0.00000
v 0.67000 2.50068 0.00567
v 0.67000 2.49653 0.00983
v 0.67000 2.50220 0.00000
v 0.67111 2.49837 0.00434
v 0.67111 2.49519 0.00751
v 0.67111 2.49953 0.00000
v 0.67378 2.49741 0.00378
v 0.67379 2.49464 0.00655
v 0.67378 2.49842 0.00000
v 0.67379 2.49090 0.01512
v 0.67645 2.49090 0.01401
v 0.67645 2.48052 0.01401
v 0.67756 2.48052 0.01135
v 0.67756 2.49090 0.01135
v 0.67646 2.48052 0.00867
v 0.67646 2.49090 0.00867
v 0.67378 2.48052 0.00755
v 0.67379 2.49090 0.00755
v 0.67378 2.48052 0.01512
v 0.67112 2.49090 0.01401
v 0.67112 2.48052 0.01401
v 0.67001 2.49090 0.01135
v 0.67001 2.48052 0.01135
v 0.67111 2.49090 0.00867
v 0.67111 2.48052 0.00867
v 0.67379 2.49090 0.00755
v 0.67378 2.48052 0.00755
v 0.67379 2.47679 0.00655
v 0.67646 2.47623 0.00751
v 0.67379 2.47402 0.00378
v 0.67646 2.47306 0.00434
v 0.67379 2.47301 0.00000
v 0.67646 2.47190 0.00000
v 0.67379 2.47402 -0.00378
v 0.67646 2.47306 -0.00434
v 0.67379 2.47679 -0.00655
v 0.67646 2.47623 -0.00751
v 0.67757 2.47490 0.00983
v 0.67757 2.47074 0.00567
v 0.67757 2.46922 0.00000
v 0.67757 2.47074 -0.00567
v 0.67757 2.47490 -0.00983
v 0.67646 2.47356 0.01214
v 0.67646 2.46843 0.00701
v 0.67646 2.46655 0.00000
v 0.67646 2.46843 -0.00701
v 0.67646 2.47356 -0.01214
v 0.67379 2.47301 0.01310
v 0.67378 2.46747 0.00756
v 0.67378 2.46544 0.00000
v 0.67378 2.46747 -0.00756
v 0.67379 2.47301 -0.01310
v 0.67111 2.47356 0.01214
v 0.67111 2.46843 0.00701
v 0.67111 2.46655 0.00000
v 0.67111 2.46843 -0.00701
v 0.67111 2.47356 -0.01214
v 0.67000 2.47490 0.00983
v 0.67000 2.47074 0.00567
v 0.67000 2.46922 0.00000
v 0.67000 2.47074 -0.00567
v 0.67000 2.47490 -0.00983
v 0.67111 2.47623 0.00751
v 0.67111 2.47306 0.00434
v 0.67111 2.47190 0.00000
v 0.67111 2.47306 -0.00434
v 0.67111 2.47623 -0.00751
v 0.67379 2.47679 0.00655
v 0.67379 2.47402 0.00378
v 0.67379 2.47301 0.00000
v 0.67379 2.47402 -0.00378
v 0.67379 2.47679 -0.00655
v 0.67112 2.48052 -0.01401
v 0.67378 2.48052 -0.01512
v 0.67379 2.49090 -0.01512
v 0.67645 2.49090 -0.01401
v 0.67645 2.48052 -0.01401
v 0.67756 2.49090 -0.01135
v 0.67756 2.48052 -0.01135
v 0.67646 2.49090 -0.00867
v 0.67646 2.48052 -0.00867
v 0.67378 2.49090 -0.00755
v 0.67378 2.48052 -0.00755
v 0.67112 2.49090 -0.01401
v 0.67001 2.48052 -0.01135
v 0.67001 2.49090 -0.01135
v 0.67111 2.48052 -0.00867
v 0.67111 2.49090 -0.00867
v 0.67378 2.48052 -0.00755
v 0.67378 2.49090 -0.00755
v 0.67379 2.49464 -0.00655
v 0.67646 2.49519 -0.00751
v 0.67378 2.49741 -0.00378
v 0.67646 2.49837 -0.00434
v 0.67378 2.49842 0.00000
v 0.67646 2.49953 0.00000
v 0.67757 2.49653 -0.00983
v 0.67757 2.50068 -0.00567
v 0.67757 2.50220 0.00000
v 0.67646 2.49787 -0.01214
v 0.67646 2.50300 -0.00701
v 0.67646 2.50488 0.00000
v 0.67379 2.49842 -0.01310
v 0.67378 2.50396 -0.00756
v 0.67378 2.50599 0.00000
v 0.67111 2.49787 -0.01214
v 0.67111 2.50300 -0.00701
v 0.67111 2.50488 0.00000
v 0.67000 2.49653 -0.00983
v 0.67000 2.50068 -0.00567
v 0.67000 2.50220 0.00000
v 0.67111 2.49519 -0.00751
v 0.67111 2.49837 -0.00434
v 0.67111 2.49953 0.00000
v 0.67379 2.49464 -0.00655
v 0.67378 2.49741 -0.00378
v 0.67378 2.49842 0.00000
v 0.66723 2.46944 -0.00000
v 0.66627 2.47000 0.00267
v 0.66945 2.47317 0.00267
v 0.67000 2.47221 -0.00000
v 0.67378 2.47433 0.00267
v 0.67378 2.47323 -0.00000
v 0.66811 2.47549 0.00378
v 0.66396 2.47133 0.00378
v 0.67378 2.47701 0.00378
v 0.66677 2.47780 0.00267
v 0.66164 2.47267 0.00267
v 0.67378 2.47968 0.00267
v 0.66622 2.47876 -0.00000
v 0.66068 2.47323 0.00000
v 0.67378 2.48079 -0.00000
v 0.66677 2.47780 -0.00267
v 0.66164 2.47267 -0.00267
v 0.67378 2.47968 -0.00267
v 0.66811 2.47549 -0.00378
v 0.66396 2.47133 -0.00378
v 0.67378 2.47701 -0.00378
v 0.66945 2.47317 -0.00267
v 0.66627 2.47000 -0.00267
v 0.67378 2.47433 -0.00267
v 0.67000 2.47221 -0.00000
v 0.66723 2.46944 -0.00000
v 0.67378 2.47323 -0.00000
v 0.65867 2.46571 0.00000
v 0.65977 2.46571 0.00267
v 0.65977 2.45533 0.00267
v 0.66244 2.45533 0.00378
v 0.66244 2.46571 0.00378
v 0.66512 2.45533 0.00268
v 0.66512 2.46571 0.00268
v 0.66623 2.45533 -0.00000
v 0.66623 2.46571 0.00000
v 0.65867 2.45533 -0.00000
v 0.65977 2.46571 -0.00267
v 0.65977 2.45533 -0.00267
v 0.66244 2.46571 -0.00378
v 0.66244 2.45533 -0.00378
v 0.66512 2.46571 -0.00268
v 0.66512 2.45533 -0.00268
v 0.66623 2.46571 0.00000
v 0.66623 2.45533 -0.00000
v 0.66723 2.45159 0.00000
v 0.66627 2.45104 0.00267
v 0.67000 2.44882 0.00000
v 0.66945 2.44786 0.00267
v 0.67378 2.44781 0.00000
v 0.67378 2.44670 0.00267
v 0.67757 2.44882 0.00000
v 0.67812 2.44786 0.00267
v 0.68034 2.45159 0.00000
v 0.68130 2.45104 0.00267
v 0.66396 2.44970 0.00378
v 0.66811 2.44555 0.00378
v 0.67378 2.44403 0.00378
v 0.67946 2.44555 0.00378
v 0.68361 2.44970 0.00378
v 0.66164 2.44836 0.00267
v 0.66677 2.44323 0.00267
v 0.67378 2.44135 0.00267
v 0.68080 2.44323 0.00267
v 0.68593 2.44836 0.00267
v 0.66068 2.44781 0.00000
v 0.66622 2.44227 -0.00000
v 0.67378 2.44024 -0.00000
v 0.68135 2.44227 -0.00000
v 0.68689 2.44781 0.00000
v 0.66164 2.44836 -0.00267
v 0.66677 2.44323 -0.00267
v 0.67378 2.44135 -0.00267
v 0.68080 2.44323 -0.00267
v 0.68593 2.44836 -0.00267
v 0.66396 2.44970 -0.00378
v 0.66811 2.44555 -0.00378
v 0.67378 2.44403 -0.00378
v 0.67946 2.44555 -0.00378
v 0.68361 2.44970 -0.00378
v 0.66627 2.45104 -0.00267
v 0.66945 2.44786 -0.00267
v 0.67378 2.44670 -0.00267
v 0.67812 2.44786 -0.00267
v 0.68130 2.45104 -0.00267
v 0.66723 2.45159 0.00000
v 0.67000 2.44882 0.00000
v 0.67378 2.44781 0.00000
v 0.67757 2.44882 0.00000
v 0.68034 2.45159 0.00000
v 0.68780 2.45533 -0.00267
v 0.68890 2.45533 -0.00000
v 0.68890 2.46571 0.00000
v 0.68780 2.46571 0.00267
v 0.68780 2.45533 0.00267
v 0.68513 2.46571 0.00378
v 0.68513 2.45533 0.00378
v 0.68245 2.46571 0.00268
v 0.68245 2.45533 0.00268
v 0.68134 2.46571 0.00000
v 0.68134 2.45533 -0.00000
v 0.68780 2.46571 -0.00267
v 0.68513 2.45533 -0.00378
v 0.68513 2.46571 -0.00378
v 0.68245 2.45533 -0.00268
v 0.68245 2.46571 -0.00268
v 0.68134 2.45533 -0.00000
v 0.68134 2.46571 0.00000
v 0.68034 2.46944 -0.00000
v 0.68130 2.47000 0.00267
v 0.67757 2.47221 -0.00000
v 0.67812 2.47317 0.00267
v 0.67378 2.47323 -0.00000
v 0.67378 2.47433 0.00267
v 0.68361 2.47133 0.00378
v 0.67946 2.47549 0.00378
v 0.67378 2.47701 0.00378
v 0.68593 2.47267 0.00267
v 0.68080 2.47780 0.00267
v 0.67378 2.47968 0.00267
v 0.68689 2.47323 0.00000
v 0.68135 2.47876 -0.00000
v 0.67378 2.48079 -0.00000
v 0.68593 2.47267 -0.00267
v 0.68080 2.47780 -0.00267
v 0.67378 2.47968 -0.00267
v 0.68361 2.47133 -0.00378
v 0.67946 2.47549 -0.00378
v 0.67378 2.47701 -0.00378
v 0.68130 2.47000 -0.00267
v 0.67812 2.47317 -0.00267
v 0.67378 2.47433 -0.00267
v 0.68034 2.46944 -0.00000
v 0.67757 2.47221 -0.00000
v 0.67378 2.47323 -0.00000
v 0.67378 2.44404 -0.00655
v 0.67111 2.44459 -0.00751
v 0.67111 2.44776 -0.00434
v 0.67378 2.44680 -0.00378
v 0.67111 2.44893 -0.00000
v 0.67378 2.44782 -0.00000
v 0.67000 2.45008 -0.00567
v 0.67000 2.44593 -0.00983
v 0.67000 2.45160 -0.00000
v 0.67111 2.45240 -0.00701
v 0.67111 2.44726 -0.01214
v 0.67111 2.45428 -0.00000
v 0.67378 2.45336 -0.00756
v 0.67378 2.44782 -0.01310
v 0.67378 2.45538 -0.00000
v 0.67646 2.45240 -0.00701
v 0.67646 2.44726 -0.01214
v 0.67646 2.45428 -0.00000
v 0.67757 2.45008 -0.00567
v 0.67757 2.44593 -0.00983
v 0.67757 2.45160 -0.00000
v 0.67646 2.44776 -0.00434
v 0.67646 2.44459 -0.00751
v 0.67646 2.44893 -0.00000
v 0.67378 2.44680 -0.00378
v 0.67378 2.44404 -0.00655
v 0.67378 2.44782 -0.00000
v 0.67378 2.44030 -0.01512
v 0.67112 2.44030 -0.01401
v 0.67112 2.42992 -0.01401
v 0.67001 2.42992 -0.01135
v 0.67001 2.44030 -0.01135
v 0.67111 2.42992 -0.00867
v 0.67111 2.44030 -0.00867
v 0.67379 2.42992 -0.00755
v 0.67378 2.44030 -0.00755
v 0.67379 2.42992 -0.01512
v 0.67645 2.44030 -0.01401
v 0.67645 2.42992 -0.01401
v 0.67756 2.44030 -0.01135
v 0.67756 2.42992 -0.01135
v 0.67646 2.44030 -0.00867
v 0.67646 2.42992 -0.00867
v 0.67378 2.44030 -0.00755
v 0.67379 2.42992 -0.00755
v 0.67378 2.42618 -0.00655
v 0.67111 2.42563 -0.00751
v 0.67378 2.42341 -0.00378
v 0.67111 2.42246 -0.00434
v 0.67378 2.42240 -0.00000
v 0.67111 2.42129 -0.00000
v 0.67378 2.42341 0.00378
v 0.67111 2.42246 0.00434
v 0.67378 2.42618 0.00655
v 0.67111 2.42563 0.00751
v 0.67000 2.42429 -0.00983
v 0.67000 2.42014 -0.00567
v 0.67000 2.41862 -0.00000
v 0.67000 2.42014 0.00567
v 0.67000 2.42429 0.00983
v 0.67111 2.42295 -0.01214
v 0.67111 2.41782 -0.00701
v 0.67111 2.41594 -0.00000
v 0.67111 2.41782 0.00701
v 0.67111 2.42295 0.01214
v 0.67378 2.42240 -0.01310
v 0.67379 2.41686 -0.00756
v 0.67379 2.41484 -0.00000
v 0.67379 2.41686 0.00756
v 0.67378 2.42240 0.01310
v 0.67646 2.42295 -0.01214
v 0.67646 2.41782 -0.00701
v 0.67646 2.41594 -0.00000
v 0.67646 2.41782 0.00701
v 0.67646 2.42295 0.01214
v 0.67757 2.42429 -0.00983
v 0.67757 2.42014 -0.00567
v 0.67757 2.41862 -0.00000
v 0.67757 2.42014 0.00567
v 0.67757 2.42429 0.00983
v 0.67646 2.42563 -0.00751
v 0.67646 2.42246 -0.00434
v 0.67646 2.42129 -0.00000
v 0.67646 2.42246 0.00434
v 0.67646 2.42563 0.00751
v 0.67378 2.42618 -0.00655
v 0.67378 2.42341 -0.00378
v 0.67378 2.42240 -0.00000
v 0.67378 2.42341 0.00378
v 0.67378 2.42618 0.00655
v 0.67645 2.42992 0.01401
v 0.67379 2.42992 0.01512
v 0.67378 2.44030 0.01512
v 0.67112 2.44030 0.01401
v 0.67112 2.42992 0.01401
v 0.67001 2.44030 0.01135
v 0.67001 2.42992 0.01135
v 0.67111 2.44030 0.00867
v 0.67111 2.42992 0.00867
v 0.67378 2.44030 0.00755
v 0.67378 2.42992 0.00755
v 0.67645 2.44030 0.01401
v 0.67756 2.42992 0.01135
v 0.67756 2.44030 0.01135
v 0.67646 2.42992 0.00867
v 0.67646 2.44030 0.00867
v 0.67378 2.42992 0.00755
v 0.67378 2.44030 0.00755
v 0.67378 2.44404 0.00655
v 0.67111 2.44459 0.00751
v 0.67379 2.44680 0.00378
v 0.67111 2.44776 0.00434
v 0.67378 2.44782 -0.00000
v 0.67111 2.44893 -0.00000
v 0.67000 2.44593 0.00983
v 0.67000 2.45008 0.00567
v 0.67000 2.45160 -0.00000
v 0.67111 2.44726 0.01214
v 0.67111 2.45240 0.00701
v 0.67111 2.45428 -0.00000
v 0.67378 2.44782 0.01310
v 0.67378 2.45336 0.00756
v 0.67378 2.45538 -0.00000
v 0.67646 2.44726 0.01214
v 0.67646 2.45240 0.00701
v 0.67646 2.45428 -0.00000
v 0.67757 2.44593 0.00983
v 0.67757 2.45008 0.00567
v 0.67757 2.45160 -0.00000
v 0.67646 2.44459 0.00751
v 0.67646 2.44776 0.00434
v 0.67646 2.44893 -0.00000
v 0.67378 2.44404 0.00655
v 0.67379 2.44680 0.00378
v 0.67378 2.44782 -0.00000
v 0.66723 2.41826 -0.00000
v 0.66627 2.41882 0.00267
v 0.66945 2.42199 0.00267
v 0.67000 2.42103 -0.00000
v 0.67378 2.42316 0.00267
v 0.67378 2.42205 -0.00000
v 0.66811 2.42431 0.00378
v 0.66396 2.42016 0.00378
v 0.67378 2.42583 0.00378
v 0.66677 2.42663 0.00267
v 0.66164 2.42149 0.00267
v 0.67378 2.42850 0.00267
v 0.66622 2.42759 -0.00000
v 0.66068 2.42205 0.00000
v 0.67378 2.42961 -0.00000
v 0.66677 2.42663 -0.00267
v 0.66164 2.42149 -0.00267
v 0.67378 2.42850 -0.00267
v 0.66811 2.42431 -0.00378
v 0.66396 2.42016 -0.00378
v 0.67378 2.42583 -0.00378
v 0.66945 2.42199 -0.00267
v 0.66627 2.41882 -0.00267
v 0.67378 2.42315 -0.00267
v 0.67000 2.42103 -0.00000
v 0.66723 2.41826 -0.00000
v 0.67378 2.42205 -0.00000
v 0.65867 2.41453 0.00000
v 0.65977 2.41453 0.00267
v 0.65977 2.40415 0.00267
v 0.66244 2.40415 0.00378
v 0.66244 2.41453 0.00378
v 0.66512 2.40415 0.00268
v 0.66512 2.41453 0.00268
v 0.66623 2.40415 -0.00000
v 0.66623 2.41453 0.00000
v 0.65867 2.40415 -0.00000
v 0.65977 2.41453 -0.00267
v 0.65977 2.40415 -0.00267
v 0.66244 2.41453 -0.00378
v 0.66244 2.40415 -0.00378
v 0.66512 2.41453 -0.00268
v 0.66512 2.40415 -0.00268
v 0.66623 2.41453 0.00000
v 0.66623 2.40415 -0.00000
v 0.66723 2.40041 0.00000
v 0.66627 2.39986 0.00267
v 0.67000 2.39764 0.00000
v 0.66945 2.39668 0.00267
v 0.67378 2.39663 0.00000
v 0.67378 2.39552 0.00267
v 0.67757 2.39764 0.00000
v 0.67812 2.39668 0.00267
v 0.68034 2.40041 0.00000
v 0.68130 2.39986 0.00267
v 0.66396 2.39852 0.00378
v 0.66811 2.39437 0.00378
v 0.67378 2.39285 0.00378
v 0.67946 2.39437 0.00378
v 0.68361 2.39852 0.00378
v 0.66164 2.39718 0.00267
v 0.66677 2.39205 0.00267
v 0.67378 2.39017 0.00267
v 0.68080 2.39205 0.00267
v 0.68593 2.39718 0.00267
v 0.66068 2.39663 0.00000
v 0.66622 2.39109 -0.00000
v 0.67378 2.38906 -0.00000
v 0.68135 2.39109 -0.00000
v 0.68689 2.39663 0.00000
v 0.66164 2.39718 -0.00267
v 0.66677 2.39205 -0.00267
v 0.67378 2.39017 -0.00267
v 0.68080 2.39205 -0.00267
v 0.68593 2.39718 -0.00267
v 0.66396 2.39852 -0.00378
v 0.66811 2.39437 -0.00378
v 0.67378 2.39285 -0.00378
v 0.67946 2.39437 -0.00378
v 0.68361 2.39852 -0.00378
v 0.66627 2.39986 -0.00267
v 0.66945 2.39668 -0.00267
v 0.67378 2.39552 -0.00267
v 0.67812 2.39668 -0.00267
v 0.68130 2.39986 -0.00267
v 0.66723 2.40041 0.00000
v 0.67000 2.39764 0.00000
v 0.67378 2.39663 0.00000
v 0.67757 2.39764 0.00000
v 0.68034 2.40041 0.00000
v 0.68780 2.40415 -0.00267
v 0.68890 2.40415 -0.00000
v 0.68890 2.41453 0.00000
v 0.68780 2.41453 0.00267
v 0.68780 2.40415 0.00267
v 0.68513 2.41453 0.00378
v 0.68513 2.40415 0.00378
v 0.68245 2.41453 0.00268
v 0.68245 2.40415 0.00268
v 0.68134 2.41453 0.00000
v 0.68134 2.40415 -0.00000
v 0.68780 2.41453 -0.00267
v 0.68513 2.40415 -0.00378
v 0.68513 2.41453 -0.00378
v 0.68245 2.40415 -0.00268
v 0.68245 2.41453 -0.00268
v 0.68134 2.40415 -0.00000
v 0.68134 2.41453 0.00000
v 0.68034 2.41826 -0.00000
v 0.68130 2.41882 0.00267
v 0.67757 2.42103 -0.00000
v 0.67812 2.42199 0.00267
v 0.67378 2.42205 -0.00000
v 0.67378 2.42316 0.00267
v 0.68361 2.42016 0.00378
v 0.67946 2.42431 0.00378
v 0.67378 2.42583 0.00378
v 0.68593 2.42149 0.00267
v 0.68080 2.42663 0.00267
v 0.67378 2.42850 0.00267
v 0.68689 2.42205 0.00000
v 0.68135 2.42759 -0.00000
v 0.67378 2.42961 -0.00000
v 0.68593 2.42149 -0.00267
v 0.68080 2.42663 -0.00267
v 0.67378 2.42850 -0.00267
v 0.68361 2.42016 -0.00378
v 0.67946 2.42431 -0.00378
v 0.67378 2.42583 -0.00378
v 0.68130 2.41882 -0.00267
v 0.67812 2.42199 -0.00267
v 0.67378 2.42315 -0.00267
v 0.68034 2.41826 -0.00000
v 0.67757 2.42103 -0.00000
v 0.67378 2.42205 -0.00000
v 0.67378 2.39279 -0.00655
v 0.67111 2.39334 -0.00751
v 0.67111 2.39652 -0.00434
v 0.67378 2.39556 -0.00378
v 0.67111 2.39768 -0.00000
v 0.67378 2.39657 -0.00000
v 0.67000 2.39883 -0.00567
v 0.67000 2.39468 -0.00983
v 0.67000 2.40035 -0.00000
v 0.67111 2.40115 -0.00701
v 0.67111 2.39602 -0.01214
v 0.67111 2.40303 -0.00000
v 0.67378 2.40211 -0.00756
v 0.67378 2.39657 -0.01310
v 0.67378 2.40413 -0.00000
v 0.67646 2.40115 -0.00701
v 0.67646 2.39602 -0.01214
v 0.67646 2.40303 -0.00000
v 0.67757 2.39883 -0.00567
v 0.67757 2.39468 -0.00983
v 0.67757 2.40035 -0.00000
v 0.67646 2.39652 -0.00434
v 0.67646 2.39334 -0.00751
v 0.67646 2.39768 -0.00000
v 0.67378 2.39556 -0.00378
v 0.67378 2.39279 -0.00655
v 0.67378 2.39657 -0.00000
v 0.67378 2.38905 -0.01512
v 0.67112 2.38905 -0.01401
v 0.67112 2.37867 -0.01401
v 0.67001 2.37867 -0.01135
v 0.67001 2.38905 -0.01135
v 0.67111 2.37867 -0.00867
v 0.67111 2.38905 -0.00867
v 0.67379 2.37867 -0.00755
v 0.67378 2.38905 -0.00755
v 0.67379 2.37867 -0.01512
v 0.67645 2.38905 -0.01401
v 0.67645 2.37867 -0.01401
v 0.67756 2.38905 -0.01135
v 0.67756 2.37867 -0.01135
v 0.67646 2.38905 -0.00867
v 0.67646 2.37867 -0.00867
v 0.67378 2.38905 -0.00755
v 0.67379 2.37867 -0.00755
v 0.67378 2.37493 -0.00655
v 0.67111 2.37438 -0.00751
v 0.67378 2.37217 -0.00378
v 0.67111 2.37121 -0.00434
v 0.67378 2.37115 -0.00000
v 0.67111 2.37004 -0.00000
v 0.67378 2.37217 0.00378
v 0.67111 2.37121 0.00434
v 0.67378 2.37493 0.00655
v 0.67111 2.37438 0.00751
v 0.67000 2.37304 -0.00983
v 0.67000 2.36889 -0.00567
v 0.67000 2.36737 -0.00000
v 0.67000 2.36889 0.00567
v 0.67000 2.37304 0.00983
v 0.67111 2.37171 -0.01214
v 0.67111 2.36657 -0.00701
v 0.67111 2.36470 -0.00000
v 0.67111 2.36657 0.00701
v 0.67111 2.37171 0.01214
v 0.67378 2.37115 -0.01310
v 0.67379 2.36561 -0.00756
v 0.67379 2.36359 -0.00000
v 0.67379 2.36561 0.00756
v 0.67378 2.37115 0.01310
v 0.67646 2.37171 -0.01214
v 0.67646 2.36657 -0.00701
v 0.67646 2.36470 -0.00000
v 0.67646 2.36657 0.00701
v 0.67646 2.37171 0.01214
v 0.67757 2.37304 -0.00983
v 0.67757 2.36889 -0.00567
v 0.67757 2.36737 -0.00000
v 0.67757 2.36889 0.00567
v 0.67757 2.37304 0.00983
v 0.67646 2.37438 -0.00751
v 0.67646 2.37121 -0.00434
v 0.67646 2.37004 -0.00000
v 0.67646 2.37121 0.00434
v 0.67646 2.37438 0.00751
v 0.67378 2.37493 -0.00655
v 0.67378 2.37217 -0.00378
v 0.67378 2.37115 -0.00000
v 0.67378 2.37217 0.00378
v 0.67378 2.37493 0.00655
v 0.67645 2.37867 0.01401
v 0.67379 2.37867 0.01512
v 0.67378 2.38905 0.01512
v 0.67112 2.38905 0.01401
v 0.67112 2.37867 0.01401
v 0.67001 2.38905 0.01135
v 0.67001 2.37867 0.01135
v 0.67111 2.38905 0.00867
v 0.67111 2.37867 0.00867
v 0.67378 2.38905 0.00755
v 0.67378 2.37867 0.00755
v 0.67645 2.38905 0.01401
v 0.67756 2.37867 0.01135
v 0.67756 2.38905 0.01135
v 0.67646 2.37867 0.00867
v 0.67646 2.38905 0.00867
v 0.67378 2.37867 0.00755
v 0.67378 2.38905 0.00755
v 0.67378 2.39279 0.00655
v 0.67111 2.39334 0.00751
v 0.67379 2.39556 0.00378
v 0.67111 2.39652 0.00434
v 0.67378 2.39657 -0.00000
v 0.67111 2.39768 -0.00000
v 0.67000 2.39468 0.00983
v 0.67000 2.39883 0.00567
v 0.67000 2.40035 -0.00000
v 0.67111 2.39602 0.01214
v 0.67111 2.40115 0.00701
v 0.67111 2.40303 -0.00000
v 0.67378 2.39657 0.01310
v 0.67378 2.40211 0.00756
v 0.67378 2.40413 -0.00000
v 0.67646 2.39602 0.01214
v 0.67646 2.40115 0.00701
v 0.67646 2.40303 -0.00000
v 0.67757 2.39468 0.00983
v 0.67757 2.39883 0.00567
v 0.67757 2.40035 -0.00000
v 0.67646 2.39334 0.00751
v 0.67646 2.39652 0.00434
v 0.67646 2.39768 -0.00000
v 0.67378 2.39279 0.00655
v 0.67379 2.39556 0.00378
v 0.67378 2.39657 -0.00000
vt 0.41766 0.10461
vt 0.41794 0.10845
vt 0.42515 0.10816
vt 0.42470 0.10430
vt 0.41056 0.10487
vt 0.41070 0.10869
vt 0.40354 0.10510
vt 0.40350 0.10892
vt 0.39674 0.10520
vt 0.39638 0.10905
vt 0.42554 0.11192
vt 0.41809 0.11213
vt 0.41070 0.11235
vt 0.40334 0.11258
vt 0.39597 0.11270
vt 0.42583 0.11563
vt 0.41820 0.11578
vt 0.41072 0.11600
vt 0.40325 0.11622
vt 0.39567 0.11629
vt 0.42601 0.11941
vt 0.41833 0.11953
vt 0.41082 0.11975
vt 0.40331 0.11997
vt 0.39563 0.12009
vt 0.42596 0.12321
vt 0.41839 0.12328
vt 0.41092 0.12350
vt 0.40344 0.12372
vt 0.39580 0.12388
vt 0.42567 0.12680
vt 0.41829 0.12692
vt 0.41094 0.12715
vt 0.40355 0.12737
vt 0.39609 0.12758
vt 0.42526 0.13045
vt 0.41814 0.13058
vt 0.41094 0.13081
vt 0.40370 0.13105
vt 0.39649 0.13134
vt 0.42490 0.13430
vt 0.41809 0.13440
vt 0.41107 0.13463
vt 0.40398 0.13489
vt 0.39694 0.13520
vt 0.38794 0.12420
vt 0.38767 0.12022
vt 0.37570 0.12002
vt 0.37553 0.11609
vt 0.38796 0.11625
vt 0.37500 0.11223
vt 0.38867 0.11228
vt 0.37439 0.10843
vt 0.38958 0.10838
vt 0.37409 0.10458
vt 0.39020 0.10448
vt 0.37543 0.12393
vt 0.38866 0.12809
vt 0.37483 0.12784
vt 0.38956 0.13191
vt 0.37411 0.13170
vt 0.39014 0.13575
vt 0.37373 0.13559
vt 0.44754 0.13492
vt 0.44725 0.13107
vt 0.43205 0.13112
vt 0.43144 0.13503
vt 0.43297 0.12722
vt 0.44664 0.12727
vt 0.43368 0.12326
vt 0.44611 0.12342
vt 0.43396 0.11928
vt 0.44593 0.11948
vt 0.43370 0.11530
vt 0.44621 0.11557
vt 0.43297 0.11142
vt 0.44681 0.11167
vt 0.43207 0.10760
vt 0.44753 0.10780
vt 0.43150 0.10375
vt 0.44790 0.10391
vt 0.71222 0.10418
vt 0.71231 0.10807
vt 0.71926 0.10786
vt 0.71843 0.10400
vt 0.72557 0.10664
vt 0.72395 0.10285
vt 0.72007 0.11165
vt 0.71232 0.11172
vt 0.72787 0.11060
vt 0.72058 0.11537
vt 0.71226 0.11524
vt 0.72968 0.11492
vt 0.72074 0.11912
vt 0.71222 0.11895
vt 0.73021 0.11952
vt 0.72047 0.12286
vt 0.71220 0.12265
vt 0.72925 0.12399
vt 0.71975 0.12652
vt 0.71211 0.12630
vt 0.72719 0.12799
vt 0.71876 0.13025
vt 0.71195 0.13004
vt 0.72488 0.13164
vt 0.71790 0.13410
vt 0.71181 0.13390
vt 0.72329 0.13536
vt 0.70389 0.11895
vt 0.70416 0.11504
vt 0.69166 0.11477
vt 0.69093 0.11088
vt 0.70477 0.11113
vt 0.69003 0.10706
vt 0.70548 0.10727
vt 0.68945 0.10321
vt 0.70586 0.10338
vt 0.69192 0.11875
vt 0.70407 0.12288
vt 0.69163 0.12272
vt 0.70459 0.12673
vt 0.69093 0.12669
vt 0.70521 0.13054
vt 0.69001 0.13059
vt 0.70550 0.13439
vt 0.68939 0.13449
vt 0.68266 0.10376
vt 0.68311 0.10763
vt 0.67561 0.10408
vt 0.67590 0.10791
vt 0.66852 0.10433
vt 0.66866 0.10816
vt 0.66150 0.10457
vt 0.66145 0.10838
vt 0.65470 0.10466
vt 0.65433 0.10852
vt 0.68350 0.11139
vt 0.67605 0.11159
vt 0.66866 0.11182
vt 0.66130 0.11204
vt 0.65393 0.11217
vt 0.68379 0.11509
vt 0.67616 0.11524
vt 0.66867 0.11546
vt 0.66120 0.11569
vt 0.65363 0.11576
vt 0.68396 0.11887
vt 0.67629 0.11899
vt 0.66877 0.11922
vt 0.66126 0.11944
vt 0.65359 0.11956
vt 0.68392 0.12267
vt 0.67634 0.12275
vt 0.66888 0.12297
vt 0.66139 0.12319
vt 0.65376 0.12334
vt 0.68362 0.12626
vt 0.67625 0.12639
vt 0.66889 0.12661
vt 0.66150 0.12684
vt 0.65405 0.12704
vt 0.68322 0.12991
vt 0.67610 0.13005
vt 0.66889 0.13028
vt 0.66165 0.13052
vt 0.65444 0.13081
vt 0.68285 0.13377
vt 0.67605 0.13386
vt 0.66903 0.13410
vt 0.66194 0.13436
vt 0.65489 0.13467
vt 0.64589 0.12366
vt 0.64563 0.11968
vt 0.63366 0.11948
vt 0.63348 0.11555
vt 0.64592 0.11571
vt 0.63295 0.11170
vt 0.64662 0.11175
vt 0.63234 0.10789
vt 0.64754 0.10784
vt 0.63205 0.10405
vt 0.64816 0.10394
vt 0.63339 0.12340
vt 0.64662 0.12755
vt 0.63278 0.12730
vt 0.64752 0.13137
vt 0.63207 0.13116
vt 0.64810 0.13522
vt 0.63169 0.13506
vt 0.62574 0.10453
vt 0.62560 0.10840
vt 0.61964 0.10434
vt 0.61879 0.10819
vt 0.61426 0.10308
vt 0.61267 0.10679
vt 0.62544 0.11214
vt 0.61780 0.11191
vt 0.61036 0.11045
vt 0.62535 0.11579
vt 0.61708 0.11558
vt 0.60830 0.11445
vt 0.62533 0.11949
vt 0.61681 0.11932
vt 0.60734 0.11892
vt 0.62530 0.12319
vt 0.61697 0.12307
vt 0.60787 0.12352
vt 0.62523 0.12672
vt 0.61748 0.12678
vt 0.60968 0.12783
vt 0.62524 0.13036
vt 0.61829 0.13058
vt 0.61198 0.13179
vt 0.62533 0.13425
vt 0.61912 0.13444
vt 0.61360 0.13558
vt 0.78273 0.05947
vt 0.78282 0.06336
vt 0.78976 0.06315
vt 0.78894 0.05929
vt 0.79608 0.06193
vt 0.79446 0.05815
vt 0.79057 0.06695
vt 0.78282 0.06701
vt 0.79838 0.06589
vt 0.79108 0.07066
vt 0.78276 0.07054
vt 0.80019 0.07021
vt 0.79124 0.07441
vt 0.78273 0.07424
vt 0.80072 0.07481
vt 0.79097 0.07815
vt 0.78271 0.07794
vt 0.79975 0.07928
vt 0.79026 0.08182
vt 0.78262 0.08159
vt 0.79770 0.08328
vt 0.78926 0.08554
vt 0.78246 0.08533
vt 0.79538 0.08693
vt 0.78841 0.08939
vt 0.78231 0.08919
vt 0.79379 0.09065
vt 0.77440 0.07424
vt 0.77467 0.07033
vt 0.76216 0.07006
vt 0.76143 0.06617
vt 0.77527 0.06642
vt 0.76054 0.06235
vt 0.77599 0.06256
vt 0.75996 0.05850
vt 0.77636 0.05867
vt 0.76243 0.07404
vt 0.77457 0.07817
vt 0.76214 0.07801
vt 0.77510 0.08203
vt 0.76143 0.08198
vt 0.77571 0.08583
vt 0.76051 0.08588
vt 0.77600 0.08968
vt 0.75990 0.08978
vt 0.75316 0.05905
vt 0.75361 0.06292
vt 0.74612 0.05937
vt 0.74640 0.06320
vt 0.73902 0.05963
vt 0.73916 0.06345
vt 0.73200 0.05986
vt 0.73196 0.06368
vt 0.72520 0.05995
vt 0.72484 0.06381
vt 0.75400 0.06668
vt 0.74655 0.06689
vt 0.73916 0.06711
vt 0.73180 0.06733
vt 0.72443 0.06746
vt 0.75429 0.07038
vt 0.74666 0.07053
vt 0.73918 0.07075
vt 0.73171 0.07098
vt 0.72413 0.07105
vt 0.75447 0.07417
vt 0.74679 0.07428
vt 0.73928 0.07451
vt 0.73177 0.07473
vt 0.72409 0.07485
vt 0.75443 0.07796
vt 0.74685 0.07804
vt 0.73938 0.07826
vt 0.73190 0.07848
vt 0.72427 0.07863
vt 0.75413 0.08156
vt 0.74676 0.08168
vt 0.73940 0.08191
vt 0.73201 0.08213
vt 0.72456 0.08234
vt 0.75372 0.08520
vt 0.74660 0.08534
vt 0.73940 0.08557
vt 0.73216 0.08581
vt 0.72495 0.08610
vt 0.75336 0.08906
vt 0.74656 0.08915
vt 0.73954 0.08939
vt 0.73244 0.08965
vt 0.72540 0.08996
vt 0.71640 0.07896
vt 0.71613 0.07497
vt 0.70416 0.07477
vt 0.70399 0.07084
vt 0.71642 0.07100
vt 0.70346 0.06699
vt 0.71713 0.06704
vt 0.70285 0.06319
vt 0.71805 0.06314
vt 0.70256 0.05934
vt 0.71866 0.05923
vt 0.70389 0.07869
vt 0.71713 0.08284
vt 0.70329 0.08259
vt 0.71802 0.08666
vt 0.70257 0.08646
vt 0.71860 0.09051
vt 0.70220 0.09035
vt 0.69624 0.05983
vt 0.69610 0.06369
vt 0.69015 0.05963
vt 0.68930 0.06348
vt 0.68477 0.05837
vt 0.68317 0.06209
vt 0.69594 0.06743
vt 0.68830 0.06720
vt 0.68086 0.06574
vt 0.69585 0.07108
vt 0.68759 0.07087
vt 0.67881 0.06974
vt 0.69583 0.07478
vt 0.68732 0.07461
vt 0.67784 0.07421
vt 0.69580 0.07848
vt 0.68748 0.07836
vt 0.67837 0.07881
vt 0.69574 0.08201
vt 0.68799 0.08207
vt 0.68018 0.08313
vt 0.69574 0.08565
vt 0.68880 0.08587
vt 0.68248 0.08709
vt 0.69583 0.08955
vt 0.68962 0.08973
vt 0.68410 0.09087
vt 0.45619 0.32961
vt 0.45628 0.33350
vt 0.46323 0.33329
vt 0.46240 0.32943
vt 0.46954 0.33207
vt 0.46792 0.32828
vt 0.46403 0.33708
vt 0.45628 0.33714
vt 0.47184 0.33603
vt 0.46454 0.34080
vt 0.45622 0.34067
vt 0.47365 0.34035
vt 0.46470 0.34455
vt 0.45619 0.34438
vt 0.47418 0.34495
vt 0.46443 0.34829
vt 0.45617 0.34808
vt 0.47321 0.34942
vt 0.46372 0.35195
vt 0.45608 0.35173
vt 0.47116 0.35342
vt 0.46272 0.35567
vt 0.45592 0.35547
vt 0.46885 0.35707
vt 0.46187 0.35953
vt 0.45578 0.35933
vt 0.46725 0.36079
vt 0.44786 0.34438
vt 0.44813 0.34047
vt 0.43562 0.34020
vt 0.43490 0.33631
vt 0.44873 0.33656
vt 0.43400 0.33249
vt 0.44945 0.33270
vt 0.43342 0.32864
vt 0.44983 0.32881
vt 0.43589 0.34418
vt 0.44803 0.34831
vt 0.43560 0.34815
vt 0.44856 0.35216
vt 0.43489 0.35211
vt 0.44917 0.35597
vt 0.43397 0.35602
vt 0.44946 0.35981
vt 0.43336 0.35992
vt 0.42662 0.32919
vt 0.42707 0.33306
vt 0.41958 0.32951
vt 0.41986 0.33334
vt 0.41249 0.32976
vt 0.41262 0.33359
vt 0.40547 0.33000
vt 0.40542 0.33381
vt 0.39866 0.33009
vt 0.39830 0.33395
vt 0.42747 0.33682
vt 0.42001 0.33702
vt 0.41262 0.33725
vt 0.40527 0.33747
vt 0.39789 0.33760
vt 0.42775 0.34052
vt 0.42012 0.34067
vt 0.41264 0.34089
vt 0.40517 0.34112
vt 0.39760 0.34119
vt 0.42793 0.34430
vt 0.42025 0.34442
vt 0.41274 0.34465
vt 0.40523 0.34487
vt 0.39755 0.34499
vt 0.42789 0.34810
vt 0.42031 0.34817
vt 0.41284 0.34840
vt 0.40536 0.34862
vt 0.39773 0.34877
vt 0.42759 0.35169
vt 0.42022 0.35182
vt 0.41286 0.35204
vt 0.40547 0.35227
vt 0.39802 0.35247
vt 0.42718 0.35534
vt 0.42006 0.35548
vt 0.41286 0.35571
vt 0.40562 0.35595
vt 0.39841 0.35623
vt 0.42682 0.35920
vt 0.42002 0.35929
vt 0.41300 0.35953
vt 0.40590 0.35978
vt 0.39886 0.36010
vt 0.38986 0.34909
vt 0.38960 0.34511
vt 0.37763 0.34491
vt 0.37745 0.34098
vt 0.38988 0.34114
vt 0.37692 0.33713
vt 0.39059 0.33718
vt 0.37631 0.33332
vt 0.39151 0.33327
vt 0.37602 0.32948
vt 0.39212 0.32937
vt 0.37735 0.34882
vt 0.39059 0.35298
vt 0.37675 0.35273
vt 0.39149 0.35680
vt 0.37603 0.35659
vt 0.39207 0.36065
vt 0.37566 0.36049
vt 0.36971 0.32996
vt 0.36956 0.33383
vt 0.36361 0.32977
vt 0.36276 0.33362
vt 0.35823 0.32851
vt 0.35664 0.33222
vt 0.36940 0.33757
vt 0.36176 0.33734
vt 0.35432 0.33588
vt 0.36931 0.34121
vt 0.36105 0.34100
vt 0.35227 0.33988
vt 0.36929 0.34492
vt 0.36078 0.34475
vt 0.35130 0.34435
vt 0.36926 0.34862
vt 0.36094 0.34850
vt 0.35183 0.34895
vt 0.36920 0.35215
vt 0.36145 0.35221
vt 0.35364 0.35326
vt 0.36920 0.35579
vt 0.36226 0.35601
vt 0.35594 0.35722
vt 0.36929 0.35968
vt 0.36309 0.35987
vt 0.35756 0.36101
vt 0.57199 0.10407
vt 0.57208 0.10796
vt 0.57903 0.10775
vt 0.57820 0.10389
vt 0.58534 0.10653
vt 0.58372 0.10274
vt 0.57983 0.11154
vt 0.57208 0.11160
vt 0.58764 0.11049
vt 0.58034 0.11526
vt 0.57202 0.11513
vt 0.58945 0.11481
vt 0.58050 0.11901
vt 0.57199 0.11884
vt 0.58998 0.11941
vt 0.58023 0.12275
vt 0.57197 0.12254
vt 0.58901 0.12388
vt 0.57952 0.12641
vt 0.57188 0.12619
vt 0.58696 0.12788
vt 0.57852 0.13014
vt 0.57172 0.12993
vt 0.58464 0.13153
vt 0.57767 0.13399
vt 0.57157 0.13379
vt 0.58305 0.13525
vt 0.56366 0.11884
vt 0.56393 0.11493
vt 0.55142 0.11466
vt 0.55069 0.11077
vt 0.56453 0.11102
vt 0.54980 0.10695
vt 0.56525 0.10716
vt 0.54922 0.10310
vt 0.56563 0.10327
vt 0.55169 0.11864
vt 0.56383 0.12277
vt 0.55140 0.12261
vt 0.56436 0.12662
vt 0.55069 0.12658
vt 0.56497 0.13043
vt 0.54977 0.13048
vt 0.56526 0.13428
vt 0.54916 0.13438
vt 0.54242 0.10365
vt 0.54287 0.10752
vt 0.53538 0.10397
vt 0.53566 0.10780
vt 0.52829 0.10422
vt 0.52842 0.10805
vt 0.52127 0.10446
vt 0.52122 0.10827
vt 0.51446 0.10455
vt 0.51410 0.10841
vt 0.54326 0.11128
vt 0.53581 0.11148
vt 0.52842 0.11171
vt 0.52106 0.11193
vt 0.51369 0.11206
vt 0.54355 0.11498
vt 0.53592 0.11513
vt 0.52844 0.11535
vt 0.52097 0.11558
vt 0.51340 0.11565
vt 0.54373 0.11876
vt 0.53605 0.11888
vt 0.52854 0.11911
vt 0.52103 0.11933
vt 0.51335 0.11945
vt 0.54369 0.12256
vt 0.53611 0.12264
vt 0.52864 0.12286
vt 0.52116 0.12308
vt 0.51353 0.12323
vt 0.54339 0.12615
vt 0.53602 0.12628
vt 0.52866 0.12650
vt 0.52127 0.12673
vt 0.51382 0.12693
vt 0.54298 0.12980
vt 0.53586 0.12994
vt 0.52866 0.13017
vt 0.52142 0.13041
vt 0.51421 0.13070
vt 0.54262 0.13366
vt 0.53582 0.13375
vt 0.52880 0.13399
vt 0.52170 0.13425
vt 0.51466 0.13456
vt 0.50566 0.12355
vt 0.50539 0.11957
vt 0.49342 0.11937
vt 0.49325 0.11544
vt 0.50568 0.11560
vt 0.49272 0.11159
vt 0.50639 0.11164
vt 0.49211 0.10778
vt 0.50731 0.10773
vt 0.49182 0.10394
vt 0.50792 0.10383
vt 0.49315 0.12329
vt 0.50639 0.12744
vt 0.49255 0.12719
vt 0.50728 0.13126
vt 0.49183 0.13105
vt 0.50787 0.13511
vt 0.49146 0.13495
vt 0.48551 0.10442
vt 0.48536 0.10829
vt 0.47941 0.10423
vt 0.47856 0.10808
vt 0.47403 0.10297
vt 0.47244 0.10668
vt 0.48520 0.11203
vt 0.47756 0.11180
vt 0.47012 0.11034
vt 0.48511 0.11568
vt 0.47685 0.11547
vt 0.46807 0.11434
vt 0.48509 0.11938
vt 0.47658 0.11921
vt 0.46710 0.11881
vt 0.48506 0.12308
vt 0.47674 0.12296
vt 0.46763 0.12341
vt 0.48500 0.12661
vt 0.47725 0.12667
vt 0.46944 0.12772
vt 0.48500 0.13025
vt 0.47806 0.13047
vt 0.47174 0.13168
vt 0.48509 0.13414
vt 0.47889 0.13433
vt 0.47336 0.13547
vt 0.45614 0.29053
vt 0.45622 0.29442
vt 0.46317 0.29421
vt 0.46234 0.29035
vt 0.46948 0.29300
vt 0.46787 0.28921
vt 0.46398 0.29801
vt 0.45623 0.29807
vt 0.47178 0.29695
vt 0.46449 0.30172
vt 0.45617 0.30160
vt 0.47359 0.30127
vt 0.46465 0.30547
vt 0.45613 0.30530
vt 0.47413 0.30587
vt 0.46438 0.30921
vt 0.45612 0.30900
vt 0.47316 0.31034
vt 0.46366 0.31288
vt 0.45602 0.31265
vt 0.47110 0.31434
vt 0.46267 0.31660
vt 0.45586 0.31639
vt 0.46879 0.31799
vt 0.46182 0.32045
vt 0.45572 0.32025
vt 0.46720 0.32171
vt 0.44780 0.30530
vt 0.44807 0.30139
vt 0.43557 0.30112
vt 0.43484 0.29723
vt 0.44868 0.29748
vt 0.43394 0.29341
vt 0.44939 0.29362
vt 0.43336 0.28956
vt 0.44977 0.28973
vt 0.43583 0.30510
vt 0.44798 0.30923
vt 0.43554 0.30907
vt 0.44851 0.31309
vt 0.43484 0.31304
vt 0.44912 0.31689
vt 0.43392 0.31694
vt 0.44941 0.32074
vt 0.43330 0.32084
vt 0.42657 0.29011
vt 0.42702 0.29398
vt 0.41953 0.29043
vt 0.41981 0.29426
vt 0.41243 0.29069
vt 0.41257 0.29451
vt 0.40541 0.29092
vt 0.40537 0.29474
vt 0.39861 0.29101
vt 0.39824 0.29487
vt 0.42741 0.29774
vt 0.41996 0.29795
vt 0.41257 0.29817
vt 0.40521 0.29839
vt 0.39784 0.29852
vt 0.42770 0.30144
vt 0.42007 0.30159
vt 0.41258 0.30181
vt 0.40512 0.30204
vt 0.39754 0.30211
vt 0.42787 0.30523
vt 0.42020 0.30534
vt 0.41269 0.30557
vt 0.40517 0.30579
vt 0.39750 0.30591
vt 0.42783 0.30903
vt 0.42026 0.30910
vt 0.41279 0.30932
vt 0.40530 0.30954
vt 0.39767 0.30969
vt 0.42753 0.31262
vt 0.42016 0.31274
vt 0.41280 0.31297
vt 0.40541 0.31319
vt 0.39796 0.31340
vt 0.42713 0.31626
vt 0.42001 0.31640
vt 0.41280 0.31663
vt 0.40556 0.31687
vt 0.39836 0.31716
vt 0.42676 0.32012
vt 0.41996 0.32021
vt 0.41294 0.32045
vt 0.40585 0.32071
vt 0.39881 0.32102
vt 0.38981 0.31002
vt 0.38954 0.30604
vt 0.37757 0.30584
vt 0.37740 0.30191
vt 0.38983 0.30206
vt 0.37687 0.29805
vt 0.39053 0.29810
vt 0.37625 0.29425
vt 0.39145 0.29420
vt 0.37596 0.29040
vt 0.39207 0.29029
vt 0.37730 0.30975
vt 0.39053 0.31390
vt 0.37669 0.31365
vt 0.39143 0.31772
vt 0.37598 0.31752
vt 0.39201 0.32157
vt 0.37560 0.32141
vt 0.36965 0.29089
vt 0.36951 0.29475
vt 0.36355 0.29069
vt 0.36270 0.29454
vt 0.35817 0.28943
vt 0.35658 0.29315
vt 0.36935 0.29849
vt 0.36171 0.29826
vt 0.35427 0.29680
vt 0.36926 0.30214
vt 0.36099 0.30193
vt 0.35221 0.30080
vt 0.36924 0.30584
vt 0.36072 0.30567
vt 0.35125 0.30527
vt 0.36921 0.30954
vt 0.36089 0.30942
vt 0.35178 0.30987
vt 0.36914 0.31307
vt 0.36139 0.31313
vt 0.35359 0.31419
vt 0.36915 0.31671
vt 0.36220 0.31693
vt 0.35589 0.31815
vt 0.36924 0.32061
vt 0.36303 0.32079
vt 0.35751 0.32193
f 2466/2466 2465/2465 2464/2464
f 2467/2467 2466/2466 2464/2464
f 2464/2464 2465/2465 2468/2468
f 2465/2465 2469/2469 2468/2468
f 2468/2468 2469/2469 2470/2470
f 2469/2469 2471/2471 2470/2470
f 2470/2470 2471/2471 2472/2472
f 2471/2471 2473/2473 2472/2472
f 2466/2466 2474/2474 2465/2465
f 2474/2474 2475/2475 2465/2465
f 2465/2465 2475/2475 2469/2469
f 2475/2475 2476/2476 2469/2469
f 2469/2469 2476/2476 2471/2471
f 2476/2476 2477/2477 2471/2471
f 2471/2471 2477/2477 2473/2473
f 2477/2477 2478/2478 2473/2473
f 2474/2474 2479/2479 2475/2475
f 2479/2479 2480/2480 2475/2475
f 2475/2475 2480/2480 2476/2476
f 2480/2480 2481/2481 2476/2476
f 2476/2476 2481/2481 2477/2477
f 2481/2481 2482/2482 2477/2477
f 2477/2477 2482/2482 2478/2478
f 2482/2482 2483/2483 2478/2478
f 2479/2479 2484/2484 2480/2480
f 2484/2484 2485/2485 2480/2480
f 2480/2480 2485/2485 2481/2481
f 2485/2485 2486/2486 2481/2481
f 2481/2481 2486/2486 2482/2482
f 2486/2486 2487/2487 2482/2482
f 2482/2482 2487/2487 2483/2483
f 2487/2487 2488/2488 2483/2483
f 2484/2484 2489/2489 2485/2485
f 2489/2489 2490/2490 2485/2485
f 2485/2485 2490/2490 2486/2486
f 2490/2490 2491/2491 2486/2486
f 2486/2486 2491/2491 2487/2487
f 2491/2491 2492/2492 2487/2487
f 2487/2487 2492/2492 2488/2488
f 2492/2492 2493/2493 2488/2488
f 2489/2489 2494/2494 2490/2490
f 2494/2494 2495/2495 2490/2490
f 2490/2490 2495/2495 2491/2491
f 2495/2495 2496/2496 2491/2491
f 2491/2491 2496/2496 2492/2492
f 2496/2496 2497/2497 2492/2492
f 2492/2492 2497/2497 2493/2493
f 2497/2497 2498/2498 2493/2493
f 2494/2494 2499/2499 2495/2495
f 2499/2499 2500/2500 2495/2495
f 2495/2495 2500/2500 2496/2496
f 2500/2500 2501/2501 2496/2496
f 2496/2496 2501/2501 2497/2497
f 2501/2501 2502/2502 2497/2497
f 2497/2497 2502/2502 2498/2498
f 2502/2502 2503/2503 2498/2498
f 2499/2499 2504/2504 2500/2500
f 2504/2504 2505/2505 2500/2500
f 2500/2500 2505/2505 2501/2501
f 2505/2505 2506/2506 2501/2501
f 2501/2501 2506/2506 2502/2502
f 2506/2506 2507/2507 2502/2502
f 2502/2502 2507/2507 2503/2503
f 2507/2507 2508/2508 2503/2503
f 2493/2493 2498/2498 2509/2509
f 2493/2493 2509/2509 2510/2510
f 2510/2510 2509/2509 2511/2511
f 2510/2510 2511/2511 2512/2512
f 2513/2513 2510/2510 2512/2512
f 2513/2513 2512/2512 2514/2514
f 2515/2515 2513/2513 2514/2514
f 2515/2515 2514/2514 2516/2516
f 2517/2517 2515/2515 2516/2516
f 2517/2517 2516/2516 2518/2518
f 2519/2519 2517/2517 2518/2518
f 2509/2509 2520/2520 2511/2511
f 2509/2509 2521/2521 2520/2520
f 2521/2521 2522/2522 2520/2520
f 2521/2521 2523/2523 2522/2522
f 2523/2523 2524/2524 2522/2522
f 2524/2524 2523/2523 2525/2525
f 2526/2526 2524/2524 2525/2525
f 2473/2473 2517/2517 2519/2519
f 2472/2472 2473/2473 2519/2519
f 2478/2478 2515/2515 2517/2517
f 2473/2473 2478/2478 2517/2517
f 2478/2478 2483/2483 2515/2515
f 2483/2483 2513/2513 2515/2515
f 2483/2483 2488/2488 2513/2513
f 2488/2488 2510/2510 2513/2513
f 2488/2488 2493/2493 2510/2510
f 2503/2503 2523/2523 2521/2521
f 2498/2498 2503/2503 2521/2521
f 2498/2498 2521/2521 2509/2509
f 2508/2508 2525/2525 2523/2523
f 2503/2503 2508/2508 2523/2523
f 2529/2529 2528/2528 2527/2527
f 2530/2530 2529/2529 2527/2527
f 2528/2528 2529/2529 2531/2531
f 2532/2532 2528/2528 2531/2531
f 2532/2532 2531/2531 2533/2533
f 2534/2534 2532/2532 2533/2533
f 2534/2534 2533/2533 2535/2535
f 2536/2536 2534/2534 2535/2535
f 2536/2536 2535/2535 2537/2537
f 2538/2538 2536/2536 2537/2537
f 2538/2538 2537/2537 2539/2539
f 2540/2540 2538/2538 2539/2539
f 2540/2540 2539/2539 2541/2541
f 2542/2542 2540/2540 2541/2541
f 2542/2542 2541/2541 2543/2543
f 2544/2544 2542/2542 2543/2543
f 2543/2543 2541/2541 2467/2467
f 2541/2541 2466/2466 2467/2467
f 2541/2541 2539/2539 2466/2466
f 2539/2539 2474/2474 2466/2466
f 2539/2539 2537/2537 2474/2474
f 2537/2537 2479/2479 2474/2474
f 2537/2537 2535/2535 2479/2479
f 2535/2535 2484/2484 2479/2479
f 2535/2535 2533/2533 2484/2484
f 2533/2533 2489/2489 2484/2484
f 2533/2533 2531/2531 2489/2489
f 2531/2531 2494/2494 2489/2489
f 2531/2531 2529/2529 2494/2494
f 2529/2529 2499/2499 2494/2494
f 2529/2529 2530/2530 2499/2499
f 2530/2530 2504/2504 2499/2499
f 2547/2547 2546/2546 2545/2545
f 2548/2548 2547/2547 2545/2545
f 2549/2549 2547/2547 2548/2548
f 2550/2550 2549/2549 2548/2548
f 2547/2547 2551/2551 2546/2546
f 2551/2551 2552/2552 2546/2546
f 2553/2553 2551/2551 2547/2547
f 2549/2549 2553/2553 2547/2547
f 2551/2551 2554/2554 2552/2552
f 2554/2554 2555/2555 2552/2552
f 2556/2556 2554/2554 2551/2551
f 2553/2553 2556/2556 2551/2551
f 2554/2554 2557/2557 2555/2555
f 2557/2557 2558/2558 2555/2555
f 2559/2559 2557/2557 2554/2554
f 2556/2556 2559/2559 2554/2554
f 2557/2557 2560/2560 2558/2558
f 2560/2560 2561/2561 2558/2558
f 2562/2562 2560/2560 2557/2557
f 2559/2559 2562/2562 2557/2557
f 2560/2560 2563/2563 2561/2561
f 2563/2563 2564/2564 2561/2561
f 2565/2565 2563/2563 2560/2560
f 2562/2562 2565/2565 2560/2560
f 2563/2563 2566/2566 2564/2564
f 2566/2566 2567/2567 2564/2564
f 2568/2568 2566/2566 2563/2563
f 2565/2565 2568/2568 2563/2563
f 2566/2566 2569/2569 2567/2567
f 2569/2569 2570/2570 2567/2567
f 2571/2571 2569/2569 2566/2566
f 2568/2568 2571/2571 2566/2566
f 2558/2558 2561/2561 2572/2572
f 2558/2558 2572/2572 2573/2573
f 2573/2573 2572/2572 2574/2574
f 2573/2573 2574/2574 2575/2575
f 2576/2576 2573/2573 2575/2575
f 2576/2576 2575/2575 2577/2577
f 2578/2578 2576/2576 2577/2577
f 2578/2578 2577/2577 2579/2579
f 2580/2580 2578/2578 2579/2579
f 2572/2572 2581/2581 2574/2574
f 2572/2572 2582/2582 2581/2581
f 2582/2582 2583/2583 2581/2581
f 2582/2582 2584/2584 2583/2583
f 2584/2584 2585/2585 2583/2583
f 2584/2584 2586/2586 2585/2585
f 2586/2586 2587/2587 2585/2585
f 2587/2587 2586/2586 2588/2588
f 2589/2589 2587/2587 2588/2588
f 2546/2546 2578/2578 2580/2580
f 2545/2545 2546/2546 2580/2580
f 2579/2579 2577/2577 2590/2590
f 2577/2577 2591/2591 2590/2590
f 2590/2590 2591/2591 2592/2592
f 2591/2591 2593/2593 2592/2592
f 2592/2592 2593/2593 2594/2594
f 2593/2593 2595/2595 2594/2594
f 2594/2594 2595/2595 2596/2596
f 2595/2595 2597/2597 2596/2596
f 2596/2596 2597/2597 2598/2598
f 2597/2597 2599/2599 2598/2598
f 2591/2591 2600/2600 2593/2593
f 2600/2600 2601/2601 2593/2593
f 2593/2593 2601/2601 2595/2595
f 2601/2601 2602/2602 2595/2595
f 2595/2595 2602/2602 2597/2597
f 2602/2602 2603/2603 2597/2597
f 2597/2597 2603/2603 2599/2599
f 2603/2603 2604/2604 2599/2599
f 2600/2600 2605/2605 2601/2601
f 2605/2605 2606/2606 2601/2601
f 2601/2601 2606/2606 2602/2602
f 2606/2606 2607/2607 2602/2602
f 2602/2602 2607/2607 2603/2603
f 2607/2607 2608/2608 2603/2603
f 2603/2603 2608/2608 2604/2604
f 2608/2608 2609/2609 2604/2604
f 2605/2605 2610/2610 2606/2606
f 2610/2610 2611/2611 2606/2606
f 2606/2606 2611/2611 2607/2607
f 2611/2611 2612/2612 2607/2607
f 2607/2607 2612/2612 2608/2608
f 2612/2612 2613/2613 2608/2608
f 2608/2608 2613/2613 2609/2609
f 2613/2613 2614/2614 2609/2609
f 2610/2610 2615/2615 2611/2611
f 2615/2615 2616/2616 2611/2611
f 2611/2611 2616/2616 2612/2612
f 2616/2616 2617/2617 2612/2612
f 2612/2612 2617/2617 2613/2613
f 2617/2617 2618/2618 2613/2613
f 2613/2613 2618/2618 2614/2614
f 2618/2618 2619/2619 2614/2614
f 2615/2615 2620/2620 2616/2616
f 2620/2620 2621/2621 2616/2616
f 2616/2616 2621/2621 2617/2617
f 2621/2621 2622/2622 2617/2617
f 2617/2617 2622/2622 2618/2618
f 2622/2622 2623/2623 2618/2618
f 2618/2618 2623/2623 2619/2619
f 2623/2623 2624/2624 2619/2619
f 2620/2620 2625/2625 2621/2621
f 2625/2625 2626/2626 2621/2621
f 2621/2621 2626/2626 2622/2622
f 2626/2626 2627/2627 2622/2622
f 2622/2622 2627/2627 2623/2623
f 2627/2627 2628/2628 2623/2623
f 2623/2623 2628/2628 2624/2624
f 2628/2628 2629/2629 2624/2624
f 2625/2625 2630/2630 2626/2626
f 2630/2630 2631/2631 2626/2626
f 2626/2626 2631/2631 2627/2627
f 2631/2631 2632/2632 2627/2627
f 2627/2627 2632/2632 2628/2628
f 2632/2632 2633/2633 2628/2628
f 2628/2628 2633/2633 2629/2629
f 2633/2633 2634/2634 2629/2629
f 2619/2619 2624/2624 2635/2635
f 2619/2619 2635/2635 2636/2636
f 2636/2636 2635/2635 2637/2637
f 2636/2636 2637/2637 2638/2638
f 2639/2639 2636/2636 2638/2638
f 2639/2639 2638/2638 2640/2640
f 2641/2641 2639/2639 2640/2640
f 2641/2641 2640/2640 2642/2642
f 2643/2643 2641/2641 2642/2642
f 2643/2643 2642/2642 2644/2644
f 2645/2645 2643/2643 2644/2644
f 2635/2635 2646/2646 2637/2637
f 2635/2635 2647/2647 2646/2646
f 2647/2647 2648/2648 2646/2646
f 2647/2647 2649/2649 2648/2648
f 2649/2649 2650/2650 2648/2648
f 2650/2650 2649/2649 2651/2651
f 2652/2652 2650/2650 2651/2651
f 2599/2599 2643/2643 2645/2645
f 2598/2598 2599/2599 2645/2645
f 2644/2644 2642/2642 2653/2653
f 2642/2642 2654/2654 2653/2653
f 2653/2653 2654/2654 2655/2655
f 2654/2654 2656/2656 2655/2655
f 2655/2655 2656/2656 2657/2657
f 2656/2656 2658/2658 2657/2657
f 2654/2654 2659/2659 2656/2656
f 2659/2659 2660/2660 2656/2656
f 2656/2656 2660/2660 2658/2658
f 2660/2660 2661/2661 2658/2658
f 2659/2659 2662/2662 2660/2660
f 2662/2662 2663/2663 2660/2660
f 2660/2660 2663/2663 2661/2661
f 2663/2663 2664/2664 2661/2661
f 2662/2662 2665/2665 2663/2663
f 2665/2665 2666/2666 2663/2663
f 2663/2663 2666/2666 2664/2664
f 2666/2666 2667/2667 2664/2664
f 2665/2665 2668/2668 2666/2666
f 2668/2668 2669/2669 2666/2666
f 2666/2666 2669/2669 2667/2667
f 2669/2669 2670/2670 2667/2667
f 2668/2668 2671/2671 2669/2669
f 2671/2671 2672/2672 2669/2669
f 2669/2669 2672/2672 2670/2670
f 2672/2672 2673/2673 2670/2670
f 2671/2671 2674/2674 2672/2672
f 2674/2674 2675/2675 2672/2672
f 2672/2672 2675/2675 2673/2673
f 2675/2675 2676/2676 2673/2673
f 2674/2674 2677/2677 2675/2675
f 2677/2677 2678/2678 2675/2675
f 2675/2675 2678/2678 2676/2676
f 2678/2678 2679/2679 2676/2676
f 2646/2646 2668/2668 2665/2665
f 2637/2637 2646/2646 2665/2665
f 2648/2648 2671/2671 2668/2668
f 2646/2646 2648/2648 2668/2668
f 2650/2650 2674/2674 2671/2671
f 2648/2648 2650/2650 2671/2671
f 2652/2652 2677/2677 2674/2674
f 2650/2650 2652/2652 2674/2674
f 2637/2637 2665/2665 2662/2662
f 2638/2638 2637/2637 2662/2662
f 2638/2638 2662/2662 2659/2659
f 2640/2640 2638/2638 2659/2659
f 2640/2640 2659/2659 2654/2654
f 2642/2642 2640/2640 2654/2654
f 2552/2552 2576/2576 2578/2578
f 2546/2546 2552/2552 2578/2578
f 2552/2552 2555/2555 2576/2576
f 2555/2555 2573/2573 2576/2576
f 2555/2555 2558/2558 2573/2573
f 2575/2575 2600/2600 2591/2591
f 2577/2577 2575/2575 2591/2591
f 2575/2575 2574/2574 2600/2600
f 2574/2574 2605/2605 2600/2600
f 2574/2574 2581/2581 2605/2605
f 2581/2581 2610/2610 2605/2605
f 2581/2581 2583/2583 2610/2610
f 2583/2583 2615/2615 2610/2610
f 2583/2583 2585/2585 2615/2615
f 2585/2585 2620/2620 2615/2615
f 2585/2585 2587/2587 2620/2620
f 2587/2587 2625/2625 2620/2620
f 2587/2587 2589/2589 2625/2625
f 2589/2589 2630/2630 2625/2625
f 2604/2604 2641/2641 2643/2643
f 2599/2599 2604/2604 2643/2643
f 2604/2604 2609/2609 2641/2641
f 2609/2609 2639/2639 2641/2641
f 2609/2609 2614/2614 2639/2639
f 2614/2614 2636/2636 2639/2639
f 2614/2614 2619/2619 2636/2636
f 2561/2561 2582/2582 2572/2572
f 2561/2561 2564/2564 2582/2582
f 2564/2564 2584/2584 2582/2582
f 2564/2564 2567/2567 2584/2584
f 2567/2567 2586/2586 2584/2584
f 2567/2567 2570/2570 2586/2586
f 2570/2570 2588/2588 2586/2586
f 2624/2624 2647/2647 2635/2635
f 2624/2624 2629/2629 2647/2647
f 2629/2629 2649/2649 2647/2647
f 2629/2629 2634/2634 2649/2649
f 2634/2634 2651/2651 2649/2649
f 2682/2682 2681/2681 2680/2680
f 2683/2683 2682/2682 2680/2680
f 2684/2684 2682/2682 2683/2683
f 2685/2685 2684/2684 2683/2683
f 2682/2682 2686/2686 2681/2681
f 2686/2686 2687/2687 2681/2681
f 2688/2688 2686/2686 2682/2682
f 2684/2684 2688/2688 2682/2682
f 2686/2686 2689/2689 2687/2687
f 2689/2689 2690/2690 2687/2687
f 2691/2691 2689/2689 2686/2686
f 2688/2688 2691/2691 2686/2686
f 2689/2689 2692/2692 2690/2690
f 2692/2692 2693/2693 2690/2690
f 2694/2694 2692/2692 2689/2689
f 2691/2691 2694/2694 2689/2689
f 2692/2692 2695/2695 2693/2693
f 2695/2695 2696/2696 2693/2693
f 2697/2697 2695/2695 2692/2692
f 2694/2694 2697/2697 2692/2692
f 2695/2695 2698/2698 2696/2696
f 2698/2698 2699/2699 2696/2696
f 2700/2700 2698/2698 2695/2695
f 2697/2697 2700/2700 2695/2695
f 2698/2698 2701/2701 2699/2699
f 2701/2701 2702/2702 2699/2699
f 2703/2703 2701/2701 2698/2698
f 2700/2700 2703/2703 2698/2698
f 2701/2701 2704/2704 2702/2702
f 2704/2704 2705/2705 2702/2702
f 2706/2706 2704/2704 2701/2701
f 2703/2703 2706/2706 2701/2701
f 2693/2693 2696/2696 2707/2707
f 2693/2693 2707/2707 2708/2708
f 2708/2708 2707/2707 2709/2709
f 2708/2708 2709/2709 2710/2710
f 2711/2711 2708/2708 2710/2710
f 2711/2711 2710/2710 2712/2712
f 2713/2713 2711/2711 2712/2712
f 2713/2713 2712/2712 2714/2714
f 2715/2715 2713/2713 2714/2714
f 2707/2707 2716/2716 2709/2709
f 2707/2707 2717/2717 2716/2716
f 2717/2717 2718/2718 2716/2716
f 2717/2717 2719/2719 2718/2718
f 2719/2719 2720/2720 2718/2718
f 2719/2719 2721/2721 2720/2720
f 2721/2721 2722/2722 2720/2720
f 2722/2722 2721/2721 2723/2723
f 2724/2724 2722/2722 2723/2723
f 2681/2681 2713/2713 2715/2715
f 2680/2680 2681/2681 2715/2715
f 2714/2714 2712/2712 2725/2725
f 2712/2712 2726/2726 2725/2725
f 2725/2725 2726/2726 2727/2727
f 2726/2726 2728/2728 2727/2727
f 2727/2727 2728/2728 2729/2729
f 2728/2728 2730/2730 2729/2729
f 2729/2729 2730/2730 2731/2731
f 2730/2730 2732/2732 2731/2731
f 2731/2731 2732/2732 2733/2733
f 2732/2732 2734/2734 2733/2733
f 2726/2726 2735/2735 2728/2728
f 2735/2735 2736/2736 2728/2728
f 2728/2728 2736/2736 2730/2730
f 2736/2736 2737/2737 2730/2730
f 2730/2730 2737/2737 2732/2732
f 2737/2737 2738/2738 2732/2732
f 2732/2732 2738/2738 2734/2734
f 2738/2738 2739/2739 2734/2734
f 2735/2735 2740/2740 2736/2736
f 2740/2740 2741/2741 2736/2736
f 2736/2736 2741/2741 2737/2737
f 2741/2741 2742/2742 2737/2737
f 2737/2737 2742/2742 2738/2738
f 2742/2742 2743/2743 2738/2738
f 2738/2738 2743/2743 2739/2739
f 2743/2743 2744/2744 2739/2739
f 2740/2740 2745/2745 2741/2741
f 2745/2745 2746/2746 2741/2741
f 2741/2741 2746/2746 2742/2742
f 2746/2746 2747/2747 2742/2742
f 2742/2742 2747/2747 2743/2743
f 2747/2747 2748/2748 2743/2743
f 2743/2743 2748/2748 2744/2744
f 2748/2748 2749/2749 2744/2744
f 2745/2745 2750/2750 2746/2746
f 2750/2750 2751/2751 2746/2746
f 2746/2746 2751/2751 2747/2747
f 2751/2751 2752/2752 2747/2747
f 2747/2747 2752/2752 2748/2748
f 2752/2752 2753/2753 2748/2748
f 2748/2748 2753/2753 2749/2749
f 2753/2753 2754/2754 2749/2749
f 2750/2750 2755/2755 2751/2751
f 2755/2755 2756/2756 2751/2751
f 2751/2751 2756/2756 2752/2752
f 2756/2756 2757/2757 2752/2752
f 2752/2752 2757/2757 2753/2753
f 2757/2757 2758/2758 2753/2753
f 2753/2753 2758/2758 2754/2754
f 2758/2758 2759/2759 2754/2754
f 2755/2755 2760/2760 2756/2756
f 2760/2760 2761/2761 2756/2756
f 2756/2756 2761/2761 2757/2757
f 2761/2761 2762/2762 2757/2757
f 2757/2757 2762/2762 2758/2758
f 2762/2762 2763/2763 2758/2758
f 2758/2758 2763/2763 2759/2759
f 2763/2763 2764/2764 2759/2759
f 2760/2760 2765/2765 2761/2761
f 2765/2765 2766/2766 2761/2761
f 2761/2761 2766/2766 2762/2762
f 2766/2766 2767/2767 2762/2762
f 2762/2762 2767/2767 2763/2763
f 2767/2767 2768/2768 2763/2763
f 2763/2763 2768/2768 2764/2764
f 2768/2768 2769/2769 2764/2764
f 2754/2754 2759/2759 2770/2770
f 2754/2754 2770/2770 2771/2771
f 2771/2771 2770/2770 2772/2772
f 2771/2771 2772/2772 2773/2773
f 2774/2774 2771/2771 2773/2773
f 2774/2774 2773/2773 2775/2775
f 2776/2776 2774/2774 2775/2775
f 2776/2776 2775/2775 2777/2777
f 2778/2778 2776/2776 2777/2777
f 2778/2778 2777/2777 2779/2779
f 2780/2780 2778/2778 2779/2779
f 2770/2770 2781/2781 2772/2772
f 2770/2770 2782/2782 2781/2781
f 2782/2782 2783/2783 2781/2781
f 2782/2782 2784/2784 2783/2783
f 2784/2784 2785/2785 2783/2783
f 2785/2785 2784/2784 2786/2786
f 2787/2787 2785/2785 2786/2786
f 2734/2734 2778/2778 2780/2780
f 2733/2733 2734/2734 2780/2780
f 2779/2779 2777/2777 2788/2788
f 2777/2777 2789/2789 2788/2788
f 2788/2788 2789/2789 2790/2790
f 2789/2789 2791/2791 2790/2790
f 2790/2790 2791/2791 2792/2792
f 2791/2791 2793/2793 2792/2792
f 2789/2789 2794/2794 2791/2791
f 2794/2794 2795/2795 2791/2791
f 2791/2791 2795/2795 2793/2793
f 2795/2795 2796/2796 2793/2793
f 2794/2794 2797/2797 2795/2795
f 2797/2797 2798/2798 2795/2795
f 2795/2795 2798/2798 2796/2796
f 2798/2798 2799/2799 2796/2796
f 2797/2797 2800/2800 2798/2798
f 2800/2800 2801/2801 2798/2798
f 2798/2798 2801/2801 2799/2799
f 2801/2801 2802/2802 2799/2799
f 2800/2800 2803/2803 2801/2801
f 2803/2803 2804/2804 2801/2801
f 2801/2801 2804/2804 2802/2802
f 2804/2804 2805/2805 2802/2802
f 2803/2803 2806/2806 2804/2804
f 2806/2806 2807/2807 2804/2804
f 2804/2804 2807/2807 2805/2805
f 2807/2807 2808/2808 2805/2805
f 2806/2806 2809/2809 2807/2807
f 2809/2809 2810/2810 2807/2807
f 2807/2807 2810/2810 2808/2808
f 2810/2810 2811/2811 2808/2808
f 2809/2809 2812/2812 2810/2810
f 2812/2812 2813/2813 2810/2810
f 2810/2810 2813/2813 2811/2811
f 2813/2813 2814/2814 2811/2811
f 2781/2781 2803/2803 2800/2800
f 2772/2772 2781/2781 2800/2800
f 2783/2783 2806/2806 2803/2803
f 2781/2781 2783/2783 2803/2803
f 2785/2785 2809/2809 2806/2806
f 2783/2783 2785/2785 2806/2806
f 2787/2787 2812/2812 2809/2809
f 2785/2785 2787/2787 2809/2809
f 2772/2772 2800/2800 2797/2797
f 2773/2773 2772/2772 2797/2797
f 2773/2773 2797/2797 2794/2794
f 2775/2775 2773/2773 2794/2794
f 2775/2775 2794/2794 2789/2789
f 2777/2777 2775/2775 2789/2789
f 2687/2687 2711/2711 2713/2713
f 2681/2681 2687/2687 2713/2713
f 2687/2687 2690/2690 2711/2711
f 2690/2690 2708/2708 2711/2711
f 2690/2690 2693/2693 2708/2708
f 2710/2710 2735/2735 2726/2726
f 2712/2712 2710/2710 2726/2726
f 2710/2710 2709/2709 2735/2735
f 2709/2709 2740/2740 2735/2735
f 2709/2709 2716/2716 2740/2740
f 2716/2716 2745/2745 2740/2740
f 2716/2716 2718/2718 2745/2745
f 2718/2718 2750/2750 2745/2745
f 2718/2718 2720/2720 2750/2750
f 2720/2720 2755/2755 2750/2750
f 2720/2720 2722/2722 2755/2755
f 2722/2722 2760/2760 2755/2755
f 2722/2722 2724/2724 2760/2760
f 2724/2724 2765/2765 2760/2760
f 2739/2739 2776/2776 2778/2778
f 2734/2734 2739/2739 2778/2778
f 2739/2739 2744/2744 2776/2776
f 2744/2744 2774/2774 2776/2776
f 2744/2744 2749/2749 2774/2774
f 2749/2749 2771/2771 2774/2774
f 2749/2749 2754/2754 2771/2771
f 2696/2696 2717/2717 2707/2707
f 2696/2696 2699/2699 2717/2717
f 2699/2699 2719/2719 2717/2717
f 2699/2699 2702/2702 2719/2719
f 2702/2702 2721/2721 2719/2719
f 2702/2702 2705/2705 2721/2721
f 2705/2705 2723/2723 2721/2721
f 2759/2759 2782/2782 2770/2770
f 2759/2759 2764/2764 2782/2782
f 2764/2764 2784/2784 2782/2782
f 2764/2764 2769/2769 2784/2784
f 2769/2769 2786/2786 2784/2784
f 2817/2817 2816/2816 2815/2815
f 2818/2818 2817/2817 2815/2815
f 2819/2819 2817/2817 2818/2818
f 2820/2820 2819/2819 2818/2818
f 2817/2817 2821/2821 2816/2816
f 2821/2821 2822/2822 2816/2816
f 2823/2823 2821/2821 2817/2817
f 2819/2819 2823/2823 2817/2817
f 2821/2821 2824/2824 2822/2822
f 2824/2824 2825/2825 2822/2822
f 2826/2826 2824/2824 2821/2821
f 2823/2823 2826/2826 2821/2821
f 2824/2824 2827/2827 2825/2825
f 2827/2827 2828/2828 2825/2825
f 2829/2829 2827/2827 2824/2824
f 2826/2826 2829/2829 2824/2824
f 2827/2827 2830/2830 2828/2828
f 2830/2830 2831/2831 2828/2828
f 2832/2832 2830/2830 2827/2827
f 2829/2829 2832/2832 2827/2827
f 2830/2830 2833/2833 2831/2831
f 2833/2833 2834/2834 2831/2831
f 2835/2835 2833/2833 2830/2830
f 2832/2832 2835/2835 2830/2830
f 2833/2833 2836/2836 2834/2834
f 2836/2836 2837/2837 2834/2834
f 2838/2838 2836/2836 2833/2833
f 2835/2835 2838/2838 2833/2833
f 2836/2836 2839/2839 2837/2837
f 2839/2839 2840/2840 2837/2837
f 2841/2841 2839/2839 2836/2836
f 2838/2838 2841/2841 2836/2836
f 2828/2828 2831/2831 2842/2842
f 2828/2828 2842/2842 2843/2843
f 2843/2843 2842/2842 2844/2844
f 2843/2843 2844/2844 2845/2845
f 2846/2846 2843/2843 2845/2845
f 2846/2846 2845/2845 2847/2847
f 2848/2848 2846/2846 2847/2847
f 2848/2848 2847/2847 2849/2849
f 2850/2850 2848/2848 2849/2849
f 2842/2842 2851/2851 2844/2844
f 2842/2842 2852/2852 2851/2851
f 2852/2852 2853/2853 2851/2851
f 2852/2852 2854/2854 2853/2853
f 2854/2854 2855/2855 2853/2853
f 2854/2854 2856/2856 2855/2855
f 2856/2856 2857/2857 2855/2855
f 2857/2857 2856/2856 2858/2858
f 2859/2859 2857/2857 2858/2858
f 2816/2816 2848/2848 2850/2850
f 2815/2815 2816/2816 2850/2850
f 2849/2849 2847/2847 2860/2860
f 2847/2847 2861/2861 2860/2860
f 2860/2860 2861/2861 2862/2862
f 2861/2861 2863/2863 2862/2862
f 2862/2862 2863/2863 2864/2864
f 2863/2863 2865/2865 2864/2864
f 2864/2864 2865/2865 2866/2866
f 2865/2865 2867/2867 2866/2866
f 2866/2866 2867/2867 2868/2868
f 2867/2867 2869/2869 2868/2868
f 2861/2861 2870/2870 2863/2863
f 2870/2870 2871/2871 2863/2863
f 2863/2863 2871/2871 2865/2865
f 2871/2871 2872/2872 2865/2865
f 2865/2865 2872/2872 2867/2867
f 2872/2872 2873/2873 2867/2867
f 2867/2867 2873/2873 2869/2869
f 2873/2873 2874/2874 2869/2869
f 2870/2870 2875/2875 2871/2871
f 2875/2875 2876/2876 2871/2871
f 2871/2871 2876/2876 2872/2872
f 2876/2876 2877/2877 2872/2872
f 2872/2872 2877/2877 2873/2873
f 2877/2877 2878/2878 2873/2873
f 2873/2873 2878/2878 2874/2874
f 2878/2878 2879/2879 2874/2874
f 2875/2875 2880/2880 2876/2876
f 2880/2880 2881/2881 2876/2876
f 2876/2876 2881/2881 2877/2877
f 2881/2881 2882/2882 2877/2877
f 2877/2877 2882/2882 2878/2878
f 2882/2882 2883/2883 2878/2878
f 2878/2878 2883/2883 2879/2879
f 2883/2883 2884/2884 2879/2879
f 2880/2880 2885/2885 2881/2881
f 2885/2885 2886/2886 2881/2881
f 2881/2881 2886/2886 2882/2882
f 2886/2886 2887/2887 2882/2882
f 2882/2882 2887/2887 2883/2883
f 2887/2887 2888/2888 2883/2883
f 2883/2883 2888/2888 2884/2884
f 2888/2888 2889/2889 2884/2884
f 2885/2885 2890/2890 2886/2886
f 2890/2890 2891/2891 2886/2886
f 2886/2886 2891/2891 2887/2887
f 2891/2891 2892/2892 2887/2887
f 2887/2887 2892/2892 2888/2888
f 2892/2892 2893/2893 2888/2888
f 2888/2888 2893/2893 2889/2889
f 2893/2893 2894/2894 2889/2889
f 2890/2890 2895/2895 2891/2891
f 2895/2895 2896/2896 2891/2891
f 2891/2891 2896/2896 2892/2892
f 2896/2896 2897/2897 2892/2892
f 2892/2892 2897/2897 2893/2893
f 2897/2897 2898/2898 2893/2893
f 2893/2893 2898/2898 2894/2894
f 2898/2898 2899/2899 2894/2894
f 2895/2895 2900/2900 2896/2896
f 2900/2900 2901/2901 2896/2896
f 2896/2896 2901/2901 2897/2897
f 2901/2901 2902/2902 2897/2897
f 2897/2897 2902/2902 2898/2898
f 2902/2902 2903/2903 2898/2898
f 2898/2898 2903/2903 2899/2899
f 2903/2903 2904/2904 2899/2899
f 2889/2889 2894/2894 2905/2905
f 2889/2889 2905/2905 2906/2906
f 2906/2906 2905/2905 2907/2907
f 2906/2906 2907/2907 2908/2908
f 2909/2909 2906/2906 2908/2908
f 2909/2909 2908/2908 2910/2910
f 2911/2911 2909/2909 2910/2910
f 2911/2911 2910/2910 2912/2912
f 2913/2913 2911/2911 2912/2912
f 2913/2913 2912/2912 2914/2914
f 2915/2915 2913/2913 2914/2914
f 2905/2905 2916/2916 2907/2907
f 2905/2905 2917/2917 2916/2916
f 2917/2917 2918/2918 2916/2916
f 2917/2917 2919/2919 2918/2918
f 2919/2919 2920/2920 2918/2918
f 2920/2920 2919/2919 2921/2921
f 2922/2922 2920/2920 2921/2921
f 2869/2869 2913/2913 2915/2915
f 2868/2868 2869/2869 2915/2915
f 2914/2914 2912/2912 2923/2923
f 2912/2912 2924/2924 2923/2923
f 2923/2923 2924/2924 2925/2925
f 2924/2924 2926/2926 2925/2925
f 2925/2925 2926/2926 2927/2927
f 2926/2926 2928/2928 2927/2927
f 2924/2924 2929/2929 2926/2926
f 2929/2929 2930/2930 2926/2926
f 2926/2926 2930/2930 2928/2928
f 2930/2930 2931/2931 2928/2928
f 2929/2929 2932/2932 2930/2930
f 2932/2932 2933/2933 2930/2930
f 2930/2930 2933/2933 2931/2931
f 2933/2933 2934/2934 2931/2931
f 2932/2932 2935/2935 2933/2933
f 2935/2935 2936/2936 2933/2933
f 2933/2933 2936/2936 2934/2934
f 2936/2936 2937/2937 2934/2934
f 2935/2935 2938/2938 2936/2936
f 2938/2938 2939/2939 2936/2936
f 2936/2936 2939/2939 2937/2937
f 2939/2939 2940/2940 2937/2937
f 2938/2938 2941/2941 2939/2939
f 2941/2941 2942/2942 2939/2939
f 2939/2939 2942/2942 2940/2940
f 2942/2942 2943/2943 2940/2940
f 2941/2941 2944/2944 2942/2942
f 2944/2944 2945/2945 2942/2942
f 2942/2942 2945/2945 2943/2943
f 2945/2945 2946/2946 2943/2943
f 2944/2944 2947/2947 2945/2945
f 2947/2947 2948/2948 2945/2945
f 2945/2945 2948/2948 2946/2946
f 2948/2948 2949/2949 2946/2946
f 2916/2916 2938/2938 2935/2935
f 2907/2907 2916/2916 2935/2935
f 2918/2918 2941/2941 2938/2938
f 2916/2916 2918/2918 2938/2938
f 2920/2920 2944/2944 2941/2941
f 2918/2918 2920/2920 2941/2941
f 2922/2922 2947/2947 2944/2944
f 2920/2920 2922/2922 2944/2944
f 2907/2907 2935/2935 2932/2932
f 2908/2908 2907/2907 2932/2932
f 2908/2908 2932/2932 2929/2929
f 2910/2910 2908/2908 2929/2929
f 2910/2910 2929/2929 2924/2924
f 2912/2912 2910/2910 2924/2924
f 2822/2822 2846/2846 2848/2848
f 2816/2816 2822/2822 2848/2848
f 2822/2822 2825/2825 2846/2846
f 2825/2825 2843/2843 2846/2846
f 2825/2825 2828/2828 2843/2843
f 2845/2845 2870/2870 2861/2861
f 2847/2847 2845/2845 2861/2861
f 2845/2845 2844/2844 2870/2870
f 2844/2844 2875/2875 2870/2870
f 2844/2844 2851/2851 2875/2875
f 2851/2851 2880/2880 2875/2875
f 2851/2851 2853/2853 2880/2880
f 2853/2853 2885/2885 2880/2880
f 2853/2853 2855/2855 2885/2885
f 2855/2855 2890/2890 2885/2885
f 2855/2855 2857/2857 2890/2890
f 2857/2857 2895/2895 2890/2890
f 2857/2857 2859/2859 2895/2895
f 2859/2859 2900/2900 2895/2895
f 2874/2874 2911/2911 2913/2913
f 2869/2869 2874/2874 2913/2913
f 2874/2874 2879/2879 2911/2911
f 2879/2879 2909/2909 2911/2911
f 2879/2879 2884/2884 2909/2909
f 2884/2884 2906/2906 2909/2909
f 2884/2884 2889/2889 2906/2906
f 2831/2831 2852/2852 2842/2842
f 2831/2831 2834/2834 2852/2852
f 2834/2834 2854/2854 2852/2852
f 2834/2834 2837/2837 2854/2854
f 2837/2837 2856/2856 2854/2854
f 2837/2837 2840/2840 2856/2856
f 2840/2840 2858/2858 2856/2856
f 2894/2894 2917/2917 2905/2905
f 2894/2894 2899/2899 2917/2917
f 2899/2899 2919/2919 2917/2917
f 2899/2899 2904/2904 2919/2919
f 2904/2904 2921/2921 2919/2919
f 2952/2952 2951/2951 2950/2950
f 2953/2953 2952/2952 2950/2950
f 2954/2954 2952/2952 2953/2953
f 2955/2955 2954/2954 2953/2953
f 2952/2952 2956/2956 2951/2951
f 2956/2956 2957/2957 2951/2951
f 2958/2958 2956/2956 2952/2952
f 2954/2954 2958/2958 2952/2952
f 2956/2956 2959/2959 2957/2957
f 2959/2959 2960/2960 2957/2957
f 2961/2961 2959/2959 2956/2956
f 2958/2958 2961/2961 2956/2956
f 2959/2959 2962/2962 2960/2960
f 2962/2962 2963/2963 2960/2960
f 2964/2964 2962/2962 2959/2959
f 2961/2961 2964/2964 2959/2959
f 2962/2962 2965/2965 2963/2963
f 2965/2965 2966/2966 2963/2963
f 2967/2967 2965/2965 2962/2962
f 2964/2964 2967/2967 2962/2962
f 2965/2965 2968/2968 2966/2966
f 2968/2968 2969/2969 2966/2966
f 2970/2970 2968/2968 2965/2965
f 2967/2967 2970/2970 2965/2965
f 2968/2968 2971/2971 2969/2969
f 2971/2971 2972/2972 2969/2969
f 2973/2973 2971/2971 2968/2968
f 2970/2970 2973/2973 2968/2968
f 2971/2971 2974/2974 2972/2972
f 2974/2974 2975/2975 2972/2972
f 2976/2976 2974/2974 2971/2971
f 2973/2973 2976/2976 2971/2971
f 2963/2963 2966/2966 2977/2977
f 2963/2963 2977/2977 2978/2978
f 2978/2978 2977/2977 2979/2979
f 2978/2978 2979/2979 2980/2980
f 2981/2981 2978/2978 2980/2980
f 2981/2981 2980/2980 2982/2982
f 2983/2983 2981/2981 2982/2982
f 2983/2983 2982/2982 2984/2984
f 2985/2985 2983/2983 2984/2984
f 2977/2977 2986/2986 2979/2979
f 2977/2977 2987/2987 2986/2986
f 2987/2987 2988/2988 2986/2986
f 2987/2987 2989/2989 2988/2988
f 2989/2989 2990/2990 2988/2988
f 2989/2989 2991/2991 2990/2990
f 2991/2991 2992/2992 2990/2990
f 2992/2992 2991/2991 2993/2993
f 2994/2994 2992/2992 2993/2993
f 2951/2951 2983/2983 2985/2985
f 2950/2950 2951/2951 2985/2985
f 2984/2984 2982/2982 2995/2995
f 2982/2982 2996/2996 2995/2995
f 2995/2995 2996/2996 2997/2997
f 2996/2996 2998/2998 2997/2997
f 2997/2997 2998/2998 2999/2999
f 2998/2998 3000/3000 2999/2999
f 2999/2999 3000/3000 3001/3001
f 3000/3000 3002/3002 3001/3001
f 3001/3001 3002/3002 3003/3003
f 3002/3002 3004/3004 3003/3003
f 2996/2996 3005/3005 2998/2998
f 3005/3005 3006/3006 2998/2998
f 2998/2998 3006/3006 3000/3000
f 3006/3006 3007/3007 3000/3000
f 3000/3000 3007/3007 3002/3002
f 3007/3007 3008/3008 3002/3002
f 3002/3002 3008/3008 3004/3004
f 3008/3008 3009/3009 3004/3004
f 3005/3005 3010/3010 3006/3006
f 3010/3010 3011/3011 3006/3006
f 3006/3006 3011/3011 3007/3007
f 3011/3011 3012/3012 3007/3007
f 3007/3007 3012/3012 3008/3008
f 3012/3012 3013/3013 3008/3008
f 3008/3008 3013/3013 3009/3009
f 3013/3013 3014/3014 3009/3009
f 3010/3010 3015/3015 3011/3011
f 3015/3015 3016/3016 3011/3011
f 3011/3011 3016/3016 3012/3012
f 3016/3016 3017/3017 3012/3012
f 3012/3012 3017/3017 3013/3013
f 3017/3017 3018/3018 3013/3013
f 3013/3013 3018/3018 3014/3014
f 3018/3018 3019/3019 3014/3014
f 3015/3015 3020/3020 3016/3016
f 3020/3020 3021/3021 3016/3016
f 3016/3016 3021/3021 3017/3017
f 3021/3021 3022/3022 3017/3017
f 3017/3017 3022/3022 3018/3018
f 3022/3022 3023/3023 3018/3018
f 3018/3018 3023/3023 3019/3019
f 3023/3023 3024/3024 3019/3019
f 3020/3020 3025/3025 3021/3021
f 3025/3025 3026/3026 3021/3021
f 3021/3021 3026/3026 3022/3022
f 3026/3026 3027/3027 3022/3022
f 3022/3022 3027/3027 3023/3023
f 3027/3027 3028/3028 3023/3023
f 3023/3023 3028/3028 3024/3024
f 3028/3028 3029/3029 3024/3024
f 3025/3025 3030/3030 3026/3026
f 3030/3030 3031/3031 3026/3026
f 3026/3026 3031/3031 3027/3027
f 3031/3031 3032/3032 3027/3027
f 3027/3027 3032/3032 3028/3028
f 3032/3032 3033/3033 3028/3028
f 3028/3028 3033/3033 3029/3029
f 3033/3033 3034/3034 3029/3029
f 3030/3030 3035/3035 3031/3031
f 3035/3035 3036/3036 3031/3031
f 3031/3031 3036/3036 3032/3032
f 3036/3036 3037/3037 3032/3032
f 3032/3032 3037/3037 3033/3033
f 3037/3037 3038/3038 3033/3033
f 3033/3033 3038/3038 3034/3034
f 3038/3038 3039/3039 3034/3034
f 3024/3024 3029/3029 3040/3040
f 3024/3024 3040/3040 3041/3041
f 3041/3041 3040/3040 3042/3042
f 3041/3041 3042/3042 3043/3043
f 3044/3044 3041/3041 3043/3043
f 3044/3044 3043/3043 3045/3045
f 3046/3046 3044/3044 3045/3045
f 3046/3046 3045/3045 3047/3047
f 3048/3048 3046/3046 3047/3047
f 3048/3048 3047/3047 3049/3049
f 3050/3050 3048/3048 3049/3049
f 3040/3040 3051/3051 3042/3042
f 3040/3040 3052/3052 3051/3051
f 3052/3052 3053/3053 3051/3051
f 3052/3052 3054/3054 3053/3053
f 3054/3054 3055/3055 3053/3053
f 3055/3055 3054/3054 3056/3056
f 3057/3057 3055/3055 3056/3056
f 3004/3004 3048/3048 3050/3050
f 3003/3003 3004/3004 3050/3050
f 3049/3049 3047/3047 3058/3058
f 3047/3047 3059/3059 3058/3058
f 3058/3058 3059/3059 3060/3060
f 3059/3059 3061/3061 3060/3060
f 3060/3060 3061/3061 3062/3062
f 3061/3061 3063/3063 3062/3062
f 3059/3059 3064/3064 3061/3061
f 3064/3064 3065/3065 3061/3061
f 3061/3061 3065/3065 3063/3063
f 3065/3065 3066/3066 3063/3063
f 3064/3064 3067/3067 3065/3065
f 3067/3067 3068/3068 3065/3065
f 3065/3065 3068/3068 3066/3066
f 3068/3068 3069/3069 3066/3066
f 3067/3067 3070/3070 3068/3068
f 3070/3070 3071/3071 3068/3068
f 3068/3068 3071/3071 3069/3069
f 3071/3071 3072/3072 3069/3069
f 3070/3070 3073/3073 3071/3071
f 3073/3073 3074/3074 3071/3071
f 3071/3071 3074/3074 3072/3072
f 3074/3074 3075/3075 3072/3072
f 3073/3073 3076/3076 3074/3074
f 3076/3076 3077/3077 3074/3074
f 3074/3074 3077/3077 3075/3075
f 3077/3077 3078/3078 3075/3075
f 3076/3076 3079/3079 3077/3077
f 3079/3079 3080/3080 3077/3077
f 3077/3077 3080/3080 3078/3078
f 3080/3080 3081/3081 3078/3078
f 3079/3079 3082/3082 3080/3080
f 3082/3082 3083/3083 3080/3080
f 3080/3080 3083/3083 3081/3081
f 3083/3083 3084/3084 3081/3081
f 3051/3051 3073/3073 3070/3070
f 3042/3042 3051/3051 3070/3070
f 3053/3053 3076/3076 3073/3073
f 3051/3051 3053/3053 3073/3073
f 3055/3055 3079/3079 3076/3076
f 3053/3053 3055/3055 3076/3076
f 3057/3057 3082/3082 3079/3079
f 3055/3055 3057/3057 3079/3079
f 3042/3042 3070/3070 3067/3067
f 3043/3043 3042/3042 3067/3067
f 3043/3043 3067/3067 3064/3064
f 3045/3045 3043/3043 3064/3064
f 3045/3045 3064/3064 3059/3059
f 3047/3047 3045/3045 3059/3059
f 2957/2957 2981/2981 2983/2983
f 2951/2951 2957/2957 2983/2983
f 2957/2957 2960/2960 2981/2981
f 2960/2960 2978/2978 2981/2981
f 2960/2960 2963/2963 2978/2978
f 2980/2980 3005/3005 2996/2996
f 2982/2982 2980/2980 2996/2996
f 2980/2980 2979/2979 3005/3005
f 2979/2979 3010/3010 3005/3005
f 2979/2979 2986/2986 3010/3010
f 2986/2986 3015/3015 3010/3010
f 2986/2986 2988/2988 3015/3015
f 2988/2988 3020/3020 3015/3015
f 2988/2988 2990/2990 3020/3020
f 2990/2990 3025/3025 3020/3020
f 2990/2990 2992/2992 3025/3025
f 2992/2992 3030/3030 3025/3025
f 2992/2992 2994/2994 3030/3030
f 2994/2994 3035/3035 3030/3030
f 3009/3009 3046/3046 3048/3048
f 3004/3004 3009/3009 3048/3048
f 3009/3009 3014/3014 3046/3046
f 3014/3014 3044/3044 3046/3046
f 3014/3014 3019/3019 3044/3044
f 3019/3019 3041/3041 3044/3044
f 3019/3019 3024/3024 3041/3041
f 2966/2966 2987/2987 2977/2977
f 2966/2966 2969/2969 2987/2987
f 2969/2969 2989/2989 2987/2987
f 2969/2969 2972/2972 2989/2989
f 2972/2972 2991/2991 2989/2989
f 2972/2972 2975/2975 2991/2991
f 2975/2975 2993/2993 2991/2991
f 3029/3029 3052/3052 3040/3040
f 3029/3029 3034/3034 3052/3052
f 3034/3034 3054/3054 3052/3052
f 3034/3034 3039/3039 3054/3054
f 3039/3039 3056/3056 3054/3054
f 3087/3087 3086/3086 3085/3085
f 3088/3088 3087/3087 3085/3085
f 3089/3089 3087/3087 3088/3088
f 3090/3090 3089/3089 3088/3088
f 3087/3087 3091/3091 3086/3086
f 3091/3091 3092/3092 3086/3086
f 3093/3093 3091/3091 3087/3087
f 3089/3089 3093/3093 3087/3087
f 3091/3091 3094/3094 3092/3092
f 3094/3094 3095/3095 3092/3092
f 3096/3096 3094/3094 3091/3091
f 3093/3093 3096/3096 3091/3091
f 3094/3094 3097/3097 3095/3095
f 3097/3097 3098/3098 3095/3095
f 3099/3099 3097/3097 3094/3094
f 3096/3096 3099/3099 3094/3094
f 3097/3097 3100/3100 3098/3098
f 3100/3100 3101/3101 3098/3098
f 3102/3102 3100/3100 3097/3097
f 3099/3099 3102/3102 3097/3097
f 3100/3100 3103/3103 3101/3101
f 3103/3103 3104/3104 3101/3101
f 3105/3105 3103/3103 3100/3100
f 3102/3102 3105/3105 3100/3100
f 3103/3103 3106/3106 3104/3104
f 3106/3106 3107/3107 3104/3104
f 3108/3108 3106/3106 3103/3103
f 3105/3105 3108/3108 3103/3103
f 3106/3106 3109/3109 3107/3107
f 3109/3109 3110/3110 3107/3107
f 3111/3111 3109/3109 3106/3106
f 3108/3108 3111/3111 3106/3106
f 3098/3098 3101/3101 3112/3112
f 3098/3098 3112/3112 3113/3113
f 3113/3113 3112/3112 3114/3114
f 3113/3113 3114/3114 3115/3115
f 3116/3116 3113/3113 3115/3115
f 3116/3116 3115/3115 3117/3117
f 3118/3118 3116/3116 3117/3117
f 3118/3118 3117/3117 3119/3119
f 3120/3120 3118/3118 3119/3119
f 3112/3112 3121/3121 3114/3114
f 3112/3112 3122/3122 3121/3121
f 3122/3122 3123/3123 3121/3121
f 3122/3122 3124/3124 3123/3123
f 3124/3124 3125/3125 3123/3123
f 3124/3124 3126/3126 3125/3125
f 3126/3126 3127/3127 3125/3125
f 3127/3127 3126/3126 3128/3128
f 3129/3129 3127/3127 3128/3128
f 3086/3086 3118/3118 3120/3120
f 3085/3085 3086/3086 3120/3120
f 3119/3119 3117/3117 3130/3130
f 3117/3117 3131/3131 3130/3130
f 3130/3130 3131/3131 3132/3132
f 3131/3131 3133/3133 3132/3132
f 3132/3132 3133/3133 3134/3134
f 3133/3133 3135/3135 3134/3134
f 3134/3134 3135/3135 3136/3136
f 3135/3135 3137/3137 3136/3136
f 3136/3136 3137/3137 3138/3138
f 3137/3137 3139/3139 3138/3138
f 3131/3131 3140/3140 3133/3133
f 3140/3140 3141/3141 3133/3133
f 3133/3133 3141/3141 3135/3135
f 3141/3141 3142/3142 3135/3135
f 3135/3135 3142/3142 3137/3137
f 3142/3142 3143/3143 3137/3137
f 3137/3137 3143/3143 3139/3139
f 3143/3143 3144/3144 3139/3139
f 3140/3140 3145/3145 3141/3141
f 3145/3145 3146/3146 3141/3141
f 3141/3141 3146/3146 3142/3142
f 3146/3146 3147/3147 3142/3142
f 3142/3142 3147/3147 3143/3143
f 3147/3147 3148/3148 3143/3143
f 3143/3143 3148/3148 3144/3144
f 3148/3148 3149/3149 3144/3144
f 3145/3145 3150/3150 3146/3146
f 3150/3150 3151/3151 3146/3146
f 3146/3146 3151/3151 3147/3147
f 3151/3151 3152/3152 3147/3147
f 3147/3147 3152/3152 3148/3148
f 3152/3152 3153/3153 3148/3148
f 3148/3148 3153/3153 3149/3149
f 3153/3153 3154/3154 3149/3149
f 3150/3150 3155/3155 3151/3151
f 3155/3155 3156/3156 3151/3151
f 3151/3151 3156/3156 3152/3152
f 3156/3156 3157/3157 3152/3152
f 3152/3152 3157/3157 3153/3153
f 3157/3157 3158/3158 3153/3153
f 3153/3153 3158/3158 3154/3154
f 3158/3158 3159/3159 3154/3154
f 3155/3155 3160/3160 3156/3156
f 3160/3160 3161/3161 3156/3156
f 3156/3156 3161/3161 3157/3157
f 3161/3161 3162/3162 3157/3157
f 3157/3157 3162/3162 3158/3158
f 3162/3162 3163/3163 3158/3158
f 3158/3158 3163/3163 3159/3159
f 3163/3163 3164/3164 3159/3159
f 3160/3160 3165/3165 3161/3161
f 3165/3165 3166/3166 3161/3161
f 3161/3161 3166/3166 3162/3162
f 3166/3166 3167/3167 3162/3162
f 3162/3162 3167/3167 3163/3163
f 3167/3167 3168/3168 3163/3163
f 3163/3163 3168/3168 3164/3164
f 3168/3168 3169/3169 3164/3164
f 3165/3165 3170/3170 3166/3166
f 3170/3170 3171/3171 3166/3166
f 3166/3166 3171/3171 3167/3167
f 3171/3171 3172/3172 3167/3167
f 3167/3167 3172/3172 3168/3168
f 3172/3172 3173/3173 3168/3168
f 3168/3168 3173/3173 3169/3169
f 3173/3173 3174/3174 3169/3169
f 3159/3159 3164/3164 3175/3175
f 3159/3159 3175/3175 3176/3176
f 3176/3176 3175/3175 3177/3177
f 3176/3176 3177/3177 3178/3178
f 3179/3179 3176/3176 3178/3178
f 3179/3179 3178/3178 3180/3180
f 3181/3181 3179/3179 3180/3180
f 3181/3181 3180/3180 3182/3182
f 3183/3183 3181/3181 3182/3182
f 3183/3183 3182/3182 3184/3184
f 3185/3185 3183/3183 3184/3184
f 3175/3175 3186/3186 3177/3177
f 3175/3175 3187/3187 3186/3186
f 3187/3187 3188/3188 3186/3186
f 3187/3187 3189/3189 3188/3188
f 3189/3189 3190/3190 3188/3188
f 3190/3190 3189/3189 3191/3191
f 3192/3192 3190/3190 3191/3191
f 3139/3139 3183/3183 3185/3185
f 3138/3138 3139/3139 3185/3185
f 3184/3184 3182/3182 3193/3193
f 3182/3182 3194/3194 3193/3193
f 3193/3193 3194/3194 3195/3195
f 3194/3194 3196/3196 3195/3195
f 3195/3195 3196/3196 3197/3197
f 3196/3196 3198/3198 3197/3197
f 3194/3194 3199/3199 3196/3196
f 3199/3199 3200/3200 3196/3196
f 3196/3196 3200/3200 3198/3198
f 3200/3200 3201/3201 3198/3198
f 3199/3199 3202/3202 3200/3200
f 3202/3202 3203/3203 3200/3200
f 3200/3200 3203/3203 3201/3201
f 3203/3203 3204/3204 3201/3201
f 3202/3202 3205/3205 3203/3203
f 3205/3205 3206/3206 3203/3203
f 3203/3203 3206/3206 3204/3204
f 3206/3206 3207/3207 3204/3204
f 3205/3205 3208/3208 3206/3206
f 3208/3208 3209/3209 3206/3206
f 3206/3206 3209/3209 3207/3207
f 3209/3209 3210/3210 3207/3207
f 3208/3208 3211/3211 3209/3209
f 3211/3211 3212/3212 3209/3209
f 3209/3209 3212/3212 3210/3210
f 3212/3212 3213/3213 3210/3210
f 3211/3211 3214/3214 3212/3212
f 3214/3214 3215/3215 3212/3212
f 3212/3212 3215/3215 3213/3213
f 3215/3215 3216/3216 3213/3213
f 3214/3214 3217/3217 3215/3215
f 3217/3217 3218/3218 3215/3215
f 3215/3215 3218/3218 3216/3216
f 3218/3218 3219/3219 3216/3216
f 3186/3186 3208/3208 3205/3205
f 3177/3177 3186/3186 3205/3205
f 3188/3188 3211/3211 3208/3208
f 3186/3186 3188/3188 3208/3208
f 3190/3190 3214/3214 3211/3211
f 3188/3188 3190/3190 3211/3211
f 3192/3192 3217/3217 3214/3214
f 3190/3190 3192/3192 3214/3214
f 3177/3177 3205/3205 3202/3202
f 3178/3178 3177/3177 3202/3202
f 3178/3178 3202/3202 3199/3199
f 3180/3180 3178/3178 3199/3199
f 3180/3180 3199/3199 3194/3194
f 3182/3182 3180/3180 3194/3194
f 3092/3092 3116/3116 3118/3118
f 3086/3086 3092/3092 3118/3118
f 3092/3092 3095/3095 3116/3116
f 3095/3095 3113/3113 3116/3116
f 3095/3095 3098/3098 3113/3113
f 3115/3115 3140/3140 3131/3131
f 3117/3117 3115/3115 3131/3131
f 3115/3115 3114/3114 3140/3140
f 3114/3114 3145/3145 3140/3140
f 3114/3114 3121/3121 3145/3145
f 3121/3121 3150/3150 3145/3145
f 3121/3121 3123/3123 3150/3150
f 3123/3123 3155/3155 3150/3150
f 3123/3123 3125/3125 3155/3155
f 3125/3125 3160/3160 3155/3155
f 3125/3125 3127/3127 3160/3160
f 3127/3127 3165/3165 3160/3160
f 3127/3127 3129/3129 3165/3165
f 3129/3129 3170/3170 3165/3165
f 3144/3144 3181/3181 3183/3183
f 3139/3139 3144/3144 3183/3183
f 3144/3144 3149/3149 3181/3181
f 3149/3149 3179/3179 3181/3181
f 3149/3149 3154/3154 3179/3179
f 3154/3154 3176/3176 3179/3179
f 3154/3154 3159/3159 3176/3176
f 3101/3101 3122/3122 3112/3112
f 3101/3101 3104/3104 3122/3122
f 3104/3104 3124/3124 3122/3122
f 3104/3104 3107/3107 3124/3124
f 3107/3107 3126/3126 3124/3124
f 3107/3107 3110/3110 3126/3126
f 3110/3110 3128/3128 3126/3126
f 3164/3164 3187/3187 3175/3175
f 3164/3164 3169/3169 3187/3187
f 3169/3169 3189/3189 3187/3187
f 3169/3169 3174/3174 3189/3189
f 3174/3174 3191/3191 3189/3189
g LanternPole_Body
usemtl LanternPost_Mat
v -0.24357 0.06477 -0.20374
v -0.24357 0.06477 0.20374
v -0.24382 0.06850 0.20349
v -0.24382 0.06850 -0.20349
v -0.65080 0.06850 0.20349
v -0.65105 0.06477 0.20374
v -0.65105 0.06477 -0.20374
v -0.65080 0.06850 -0.20349
v -0.71825 0.00404 -0.27094
v -0.71825 0.00404 0.27094
v -0.71505 0.00000 0.26775
v -0.71505 0.00000 -0.26775
v -0.17956 0.00000 -0.26775
v -0.17956 0.00000 0.26775
v -0.17637 0.00404 0.27094
v -0.17637 0.00404 -0.27094
v -0.21126 0.05708 -0.23605
v -0.21126 0.05708 0.23605
v -0.23776 0.06261 0.20955
v -0.23776 0.06261 -0.20955
v -0.65686 0.06261 -0.20955
v -0.65686 0.06261 0.20955
v -0.68336 0.05708 0.23605
v -0.68336 0.05708 -0.23605
v -0.17637 0.00404 -0.27094
v -0.17637 0.00404 0.27094
v -0.21126 0.05708 0.23605
v -0.21126 0.05708 -0.23605
v -0.68336 0.05708 -0.23605
v -0.68336 0.05708 0.23605
v -0.71825 0.00404 0.27094
v -0.71825 0.00404 -0.27094
v -0.26594 0.49217 -0.18137
v -0.26594 0.49217 0.18137
v -0.23893 0.52709 0.20838
v -0.23893 0.52709 -0.20838
v -0.65569 0.52709 -0.20838
v -0.65569 0.52709 0.20838
v -0.62868 0.49217 0.18137
v -0.62868 0.49217 -0.18137
v -0.65437 0.53174 -0.20706
v -0.65437 0.53174 0.20706
v -0.65569 0.52709 0.20838
v -0.65569 0.52709 -0.20838
v -0.23893 0.52709 -0.20838
v -0.23893 0.52709 0.20838
v -0.24024 0.53174 0.20706
v -0.24024 0.53174 -0.20706
v -0.65686 0.06261 0.20955
v -0.23776 0.06261 0.20955
v -0.21126 0.05708 0.23605
v -0.68336 0.05708 0.23605
v -0.68336 0.05708 0.23605
v -0.21126 0.05708 0.23605
v -0.17637 0.00404 0.27094
v -0.71825 0.00404 0.27094
v -0.71825 0.00404 0.27094
v -0.17637 0.00404 0.27094
v -0.17956 0.00000 0.26775
v -0.71505 0.00000 0.26775
v -0.71505 0.00000 -0.26775
v -0.71505 0.00000 0.26775
v -0.17956 0.00000 0.26775
v -0.17956 0.00000 -0.26775
v -0.71505 0.00000 -0.26775
v -0.17956 0.00000 -0.26775
v -0.17637 0.00404 -0.27094
v -0.71825 0.00404 -0.27094
v -0.71825 0.00404 -0.27094
v -0.17637 0.00404 -0.27094
v -0.21126 0.05708 -0.23605
v -0.68336 0.05708 -0.23605
v -0.68336 0.05708 -0.23605
v -0.21126 0.05708 -0.23605
v -0.23776 0.06261 -0.20955
v -0.65686 0.06261 -0.20955
v -0.24357 0.06477 -0.20374
v -0.24382 0.06850 -0.20349
v -0.65080 0.06850 -0.20349
v -0.65105 0.06477 -0.20374
v -0.23893 0.52709 -0.20838
v -0.65569 0.52709 -0.20838
v -0.62868 0.49217 -0.18137
v -0.26594 0.49217 -0.18137
v -0.65569 0.52709 -0.20838
v -0.23893 0.52709 -0.20838
v -0.24024 0.53174 -0.20706
v -0.65437 0.53174 -0.20706
v -0.24024 0.53174 -0.20706
v -0.24024 0.53174 0.20706
v -0.65437 0.53174 0.20706
v -0.65437 0.53174 -0.20706
v -0.65437 0.53174 0.20706
v -0.24024 0.53174 0.20706
v -0.23893 0.52709 0.20838
v -0.65569 0.52709 0.20838
v -0.65569 0.52709 0.20838
v -0.23893 0.52709 0.20838
v -0.26594 0.49217 0.18137
v -0.62868 0.49217 0.18137
v -0.65080 0.06850 0.20349
v -0.24382 0.06850 0.20349
v -0.24357 0.06477 0.20374
v -0.65105 0.06477 0.20374
v -0.27150 0.48627 -0.17580
v -0.27175 0.48995 -0.17556
v -0.62287 0.48995 -0.17556
v -0.62311 0.48627 -0.17580
v -0.27150 0.48627 0.17580
v -0.27175 0.48995 0.17556
v -0.27175 0.48995 -0.17556
v -0.27150 0.48627 -0.17580
v -0.62287 0.48995 0.17556
v -0.27175 0.48995 0.17556
v -0.27150 0.48627 0.17580
v -0.62311 0.48627 0.17580
v -0.62287 0.48995 -0.17556
v -0.62287 0.48995 0.17556
v -0.62311 0.48627 0.17580
v -0.62311 0.48627 -0.17580
v -0.23801 0.07119 -0.20930
v -0.26569 0.48509 -0.18162
v -0.62892 0.48509 -0.18162
v -0.65661 0.07119 -0.20930
v -0.23801 0.07119 0.20930
v -0.26569 0.48509 0.18162
v -0.26569 0.48509 -0.18162
v -0.23801 0.07119 -0.20930
v -0.62892 0.48509 0.18162
v -0.26569 0.48509 0.18162
v -0.23801 0.07119 0.20930
v -0.65661 0.07119 0.20930
v -0.62892 0.48509 0.18162
v -0.65661 0.07119 0.20930
v -0.65661 0.07119 -0.20930
v -0.62892 0.48509 -0.18162
v -0.23801 0.07119 -0.20930
v -0.24382 0.06850 -0.20349
v -0.24382 0.06850 0.20349
v -0.23801 0.07119 0.20930
v -0.23776 0.06261 0.20955
v -0.24357 0.06477 0.20374
v -0.24357 0.06477 -0.20374
v -0.23776 0.06261 -0.20955
v -0.65661 0.07119 0.20930
v -0.65080 0.06850 0.20349
v -0.65080 0.06850 -0.20349
v -0.65661 0.07119 -0.20930
v -0.65686 0.06261 -0.20955
v -0.65105 0.06477 -0.20374
v -0.65105 0.06477 0.20374
v -0.65686 0.06261 0.20955
v -0.23776 0.06261 -0.20955
v -0.24357 0.06477 -0.20374
v -0.65105 0.06477 -0.20374
v -0.65686 0.06261 -0.20955
v -0.65661 0.07119 -0.20930
v -0.65080 0.06850 -0.20349
v -0.24382 0.06850 -0.20349
v -0.23801 0.07119 -0.20930
v -0.65686 0.06261 0.20955
v -0.65105 0.06477 0.20374
v -0.24357 0.06477 0.20374
v -0.23776 0.06261 0.20955
v -0.23801 0.07119 0.20930
v -0.24382 0.06850 0.20349
v -0.65080 0.06850 0.20349
v -0.65661 0.07119 0.20930
v -0.26569 0.48509 -0.18162
v -0.27150 0.48627 -0.17580
v -0.62311 0.48627 -0.17580
v -0.62892 0.48509 -0.18162
v -0.62868 0.49217 -0.18137
v -0.62287 0.48995 -0.17556
v -0.27175 0.48995 -0.17556
v -0.26594 0.49217 -0.18137
v -0.26569 0.48509 0.18162
v -0.27150 0.48627 0.17580
v -0.27150 0.48627 -0.17580
v -0.26569 0.48509 -0.18162
v -0.26594 0.49217 -0.18137
v -0.27175 0.48995 -0.17556
v -0.27175 0.48995 0.17556
v -0.26594 0.49217 0.18137
v -0.62892 0.48509 0.18162
v -0.62311 0.48627 0.17580
v -0.27150 0.48627 0.17580
v -0.26569 0.48509 0.18162
v -0.26594 0.49217 0.18137
v -0.27175 0.48995 0.17556
v -0.62287 0.48995 0.17556
v -0.62868 0.49217 0.18137
v -0.62892 0.48509 -0.18162
v -0.62311 0.48627 -0.17580
v -0.62311 0.48627 0.17580
v -0.62892 0.48509 0.18162
v -0.62868 0.49217 0.18137
v -0.62287 0.48995 0.17556
v -0.62287 0.48995 -0.17556
v -0.62868 0.49217 -0.18137
v -0.53398 1.90824 0.08667
v -0.52570 1.90824 0.08667
v -0.55982 0.52637 0.12439
v -0.57170 0.52637 0.12439
v -0.33372 0.52637 0.12439
v -0.36816 1.90824 0.08667
v -0.32291 0.52637 0.12439
v -0.36064 1.90824 0.08667
v -0.52570 2.82476 0.08667
v -0.53398 2.82476 0.08667
v -0.53398 2.82809 0.08667
v -0.52570 2.82809 0.08667
v -0.36816 2.82476 0.08667
v -0.36816 2.82809 0.08667
v -0.36064 2.82476 0.08667
v -0.36064 2.82809 0.08667
v -0.53983 3.00271 -0.09252
v -0.53100 3.00271 -0.09252
v -0.53100 3.00271 -0.08337
v -0.53983 3.00271 -0.08337
v -0.53100 3.00271 0.08403
v -0.53983 3.00271 0.08403
v -0.36282 3.00271 0.08403
v -0.36282 3.00271 -0.08337
v -0.36282 3.00271 -0.09252
v -0.35479 3.00271 0.08403
v -0.35479 3.00271 -0.08337
v -0.35479 3.00271 -0.09252
v -0.53983 3.00271 0.09252
v -0.53100 3.00271 0.09252
v -0.36282 3.00271 0.09252
v -0.35479 3.00271 0.09252
v -0.54385 2.99976 -0.09654
v -0.35077 2.99976 -0.09654
v -0.35915 2.99976 -0.09654
v -0.35748 2.99686 -0.09837
v -0.53629 2.99686 -0.09837
v -0.53463 2.99976 -0.09654
v -0.54568 2.99686 -0.09837
v -0.54385 2.99976 -0.08699
v -0.54568 2.99686 -0.08864
v -0.54568 2.99686 0.08934
v -0.54385 2.99976 0.08768
v -0.34894 2.99686 -0.09837
v -0.34894 2.99686 -0.08864
v -0.35077 2.99976 -0.08699
v -0.34894 2.99686 0.08934
v -0.35077 2.99976 0.08768
v -0.54568 2.99686 0.09837
v -0.54385 2.99976 0.09654
v -0.53629 2.99686 0.09837
v -0.53463 2.99976 0.09654
v -0.35748 2.99686 0.09837
v -0.35915 2.99976 0.09654
v -0.34894 2.99686 0.09837
v -0.35077 2.99976 0.09654
v -0.52570 1.90824 -0.08667
v -0.53398 1.90824 -0.08667
v -0.57170 0.52637 -0.12439
v -0.55982 0.52637 -0.12439
v -0.36816 1.90824 -0.08667
v -0.33372 0.52637 -0.12439
v -0.32291 0.52637 -0.12439
v -0.36064 1.90824 -0.08667
v -0.52570 2.82476 -0.08667
v -0.53398 2.82476 -0.08667
v -0.52570 2.82809 -0.08667
v -0.53398 2.82809 -0.08667
v -0.36816 2.82476 -0.08667
v -0.36816 2.82809 -0.08667
v -0.36064 2.82809 -0.08667
v -0.36064 2.82476 -0.08667
v -0.56585 0.52052 -0.10682
v -0.55453 0.52052 -0.10682
v -0.55453 0.52052 -0.11854
v -0.56585 0.52052 -0.11854
v -0.56585 0.52052 0.10766
v -0.55453 0.52052 0.10766
v -0.33906 0.52052 -0.11854
v -0.33906 0.52052 -0.10682
v -0.33906 0.52052 0.10766
v -0.32876 0.52052 -0.11854
v -0.32876 0.52052 -0.10682
v -0.32876 0.52052 0.10766
v -0.33906 0.52052 0.11854
v -0.32876 0.52052 0.11854
v -0.55453 0.52052 0.11854
v -0.56585 0.52052 0.11854
v -0.55803 0.52242 -0.12241
v -0.56972 0.52242 -0.12241
v -0.55982 0.52637 -0.12439
v -0.57170 0.52637 -0.12439
v -0.57170 0.52637 -0.11209
v -0.56972 0.52242 -0.11030
v -0.57170 0.52637 0.11297
v -0.56972 0.52242 0.11117
v -0.33553 0.52242 -0.12241
v -0.33372 0.52637 -0.12439
v -0.32291 0.52637 -0.12439
v -0.32490 0.52242 -0.12241
v -0.32490 0.52242 -0.11030
v -0.32291 0.52637 -0.11209
v -0.32291 0.52637 0.11297
v -0.32490 0.52242 0.11117
v -0.32291 0.52637 0.12439
v -0.32490 0.52242 0.12241
v -0.33372 0.52637 0.12439
v -0.33553 0.52242 0.12241
v -0.55982 0.52637 0.12439
v -0.55803 0.52242 0.12241
v -0.57170 0.52637 0.12439
v -0.56972 0.52242 0.12241
v -0.32291 0.52637 -0.11209
v -0.36064 1.90824 -0.07810
v -0.36064 1.90824 -0.08667
v -0.32291 0.52637 -0.12439
v -0.36064 1.90824 0.07871
v -0.32291 0.52637 0.11297
v -0.32291 0.52637 0.12439
v -0.36064 1.90824 0.08667
v -0.36064 2.82476 0.07871
v -0.36064 2.82476 0.08667
v -0.36064 2.82809 0.07871
v -0.36064 2.82809 -0.07810
v -0.36064 2.82476 -0.07810
v -0.36064 2.82809 -0.08667
v -0.36064 2.82476 -0.08667
v -0.36064 2.82809 0.08667
v -0.57170 0.52637 -0.12439
v -0.53398 1.90824 -0.08667
v -0.53398 1.90824 -0.07810
v -0.57170 0.52637 -0.11209
v -0.57170 0.52637 0.11297
v -0.53398 1.90824 0.07871
v -0.57170 0.52637 0.12439
v -0.53398 1.90824 0.08667
v -0.53398 2.82476 -0.07810
v -0.53398 2.82476 -0.08667
v -0.53398 2.82809 -0.07810
v -0.53398 2.82809 -0.08667
v -0.53398 2.82476 0.07871
v -0.53398 2.82809 0.07871
v -0.53398 2.82476 0.08667
v -0.53398 2.82809 0.08667
v -0.53019 2.83040 0.08288
v -0.52227 2.83040 0.08288
v -0.52570 2.82809 0.08667
v -0.53398 2.82809 0.08667
v -0.36816 2.82809 0.08667
v -0.37163 2.83040 0.08288
v -0.36064 2.82809 0.08667
v -0.36443 2.83040 0.08288
v -0.37885 2.83519 0.07497
v -0.37234 2.83519 0.07497
v -0.51512 2.83519 0.07497
v -0.52228 2.83519 0.07497
v -0.36064 2.82809 -0.07810
v -0.36443 2.83040 -0.07468
v -0.36443 2.83040 -0.08288
v -0.36064 2.82809 -0.08667
v -0.36064 2.82809 0.07871
v -0.36443 2.83040 0.07527
v -0.36064 2.82809 0.08667
v -0.36443 2.83040 0.08288
v -0.37234 2.83519 -0.07497
v -0.37234 2.83519 -0.06756
v -0.37234 2.83519 0.06809
v -0.37234 2.83519 0.07497
v -0.53398 2.82809 -0.08667
v -0.52570 2.82809 -0.08667
v -0.52227 2.83040 -0.08288
v -0.53019 2.83040 -0.08288
v -0.37163 2.83040 -0.08288
v -0.36816 2.82809 -0.08667
v -0.36443 2.83040 -0.08288
v -0.36064 2.82809 -0.08667
v -0.51512 2.83519 -0.07497
v -0.52228 2.83519 -0.07497
v -0.37885 2.83519 -0.07497
v -0.37234 2.83519 -0.07497
v -0.53398 2.82809 -0.08667
v -0.53019 2.83040 -0.08288
v -0.53019 2.83040 -0.07468
v -0.53398 2.82809 -0.07810
v -0.53398 2.82809 0.07871
v -0.53019 2.83040 0.07527
v -0.53398 2.82809 0.08667
v -0.53019 2.83040 0.08288
v -0.52228 2.83519 0.06809
v -0.52228 2.83519 0.07497
v -0.52228 2.83519 -0.06756
v -0.52228 2.83519 -0.07497
v -0.52165 2.83935 0.07434
v -0.51455 2.83935 0.07434
v -0.51512 2.83519 0.07497
v -0.52228 2.83519 0.07497
v -0.37885 2.83519 0.07497
v -0.37942 2.83935 0.07434
v -0.37234 2.83519 0.07497
v -0.37297 2.83935 0.07434
v -0.37942 2.84315 0.07434
v -0.37297 2.84315 0.07434
v -0.37885 2.84689 0.07497
v -0.37234 2.84689 0.07497
v -0.51512 2.84689 0.07497
v -0.51455 2.84315 0.07434
v -0.52228 2.84689 0.07497
v -0.52165 2.84315 0.07434
v -0.37234 2.83519 -0.06756
v -0.37297 2.83935 -0.06699
v -0.37297 2.83935 -0.07434
v -0.37234 2.83519 -0.07497
v -0.37234 2.83519 0.06809
v -0.37297 2.83935 0.06752
v -0.37234 2.83519 0.07497
v -0.37297 2.83935 0.07434
v -0.37297 2.84315 -0.07434
v -0.37297 2.84315 -0.06699
v -0.37234 2.84689 -0.07497
v -0.37234 2.84689 -0.06756
v -0.37297 2.84315 0.06752
v -0.37234 2.84689 0.06809
v -0.37297 2.84315 0.07434
v -0.37234 2.84689 0.07497
v -0.52228 2.83519 -0.07497
v -0.51512 2.83519 -0.07497
v -0.51455 2.83935 -0.07434
v -0.52165 2.83935 -0.07434
v -0.37942 2.83935 -0.07434
v -0.37885 2.83519 -0.07497
v -0.37297 2.83935 -0.07434
v -0.37234 2.83519 -0.07497
v -0.52165 2.84315 -0.07434
v -0.51455 2.84315 -0.07434
v -0.52228 2.84689 -0.07497
v -0.51512 2.84689 -0.07497
v -0.37942 2.84315 -0.07434
v -0.37885 2.84689 -0.07497
v -0.37297 2.84315 -0.07434
v -0.37234 2.84689 -0.07497
v -0.52228 2.83519 -0.07497
v -0.52165 2.83935 -0.07434
v -0.52165 2.83935 -0.06699
v -0.52228 2.83519 -0.06756
v -0.52165 2.83935 0.06752
v -0.52228 2.83519 0.06809
v -0.52228 2.83519 0.07497
v -0.52165 2.83935 0.07434
v -0.52165 2.84315 -0.06699
v -0.52165 2.84315 -0.07434
v -0.52228 2.84689 -0.06756
v -0.52228 2.84689 -0.07497
v -0.52165 2.84315 0.06752
v -0.52228 2.84689 0.06809
v -0.52165 2.84315 0.07434
v -0.52228 2.84689 0.07497
v -0.54568 2.85061 0.09837
v -0.53629 2.85061 0.09837
v -0.52809 2.84917 0.08931
v -0.53662 2.84917 0.08931
v -0.36575 2.84917 0.08931
v -0.35748 2.85061 0.09837
v -0.35800 2.84917 0.08931
v -0.34894 2.85061 0.09837
v -0.52228 2.84689 0.07497
v -0.51512 2.84689 0.07497
v -0.37885 2.84689 0.07497
v -0.37234 2.84689 0.07497
v -0.35800 2.84917 -0.08048
v -0.34894 2.85061 -0.08864
v -0.34894 2.85061 -0.09837
v -0.35800 2.84917 -0.08931
v -0.35800 2.84917 0.08111
v -0.34894 2.85061 0.08934
v -0.35800 2.84917 0.08931
v -0.34894 2.85061 0.09837
v -0.37234 2.84689 0.07497
v -0.37234 2.84689 0.06809
v -0.37234 2.84689 -0.06756
v -0.37234 2.84689 -0.07497
v -0.53662 2.84917 -0.08931
v -0.52809 2.84917 -0.08931
v -0.53629 2.85061 -0.09837
v -0.54568 2.85061 -0.09837
v -0.36575 2.84917 -0.08931
v -0.35748 2.85061 -0.09837
v -0.34894 2.85061 -0.09837
v -0.35800 2.84917 -0.08931
v -0.52228 2.84689 -0.07497
v -0.51512 2.84689 -0.07497
v -0.37885 2.84689 -0.07497
v -0.37234 2.84689 -0.07497
v -0.53662 2.84917 -0.08931
v -0.54568 2.85061 -0.09837
v -0.54568 2.85061 -0.08864
v -0.53662 2.84917 -0.08048
v -0.53662 2.84917 0.08111
v -0.54568 2.85061 0.08934
v -0.53662 2.84917 0.08931
v -0.54568 2.85061 0.09837
v -0.52228 2.84689 -0.07497
v -0.52228 2.84689 -0.06756
v -0.52228 2.84689 0.06809
v -0.52228 2.84689 0.07497
v -0.54568 2.99686 0.09837
v -0.53629 2.99686 0.09837
v -0.53629 2.85319 0.09837
v -0.54568 2.85319 0.09837
v -0.35748 2.85319 0.09837
v -0.35748 2.99686 0.09837
v -0.34894 2.85319 0.09837
v -0.34894 2.99686 0.09837
v -0.54568 2.85061 0.09837
v -0.53629 2.85061 0.09837
v -0.35748 2.85061 0.09837
v -0.34894 2.85061 0.09837
v -0.34894 2.85319 -0.08864
v -0.34894 2.99686 -0.08864
v -0.34894 2.99686 -0.09837
v -0.34894 2.85319 -0.09837
v -0.34894 2.85319 0.08934
v -0.34894 2.99686 0.08934
v -0.34894 2.85319 0.09837
v -0.34894 2.99686 0.09837
v -0.34894 2.85061 0.09837
v -0.34894 2.85061 0.08934
v -0.34894 2.85061 -0.08864
v -0.34894 2.85061 -0.09837
v -0.54568 2.85319 -0.09837
v -0.53629 2.85319 -0.09837
v -0.53629 2.99686 -0.09837
v -0.54568 2.99686 -0.09837
v -0.35748 2.85319 -0.09837
v -0.35748 2.99686 -0.09837
v -0.34894 2.99686 -0.09837
v -0.34894 2.85319 -0.09837
v -0.54568 2.85061 -0.09837
v -0.53629 2.85061 -0.09837
v -0.35748 2.85061 -0.09837
v -0.34894 2.85061 -0.09837
v -0.54568 2.85319 -0.09837
v -0.54568 2.99686 -0.09837
v -0.54568 2.99686 -0.08864
v -0.54568 2.85319 -0.08864
v -0.54568 2.85319 0.08934
v -0.54568 2.99686 0.08934
v -0.54568 2.85319 0.09837
v -0.54568 2.99686 0.09837
v -0.54568 2.85061 -0.09837
v -0.54568 2.85061 -0.08864
v -0.54568 2.85061 0.08934
v -0.54568 2.85061 0.09837
v -0.44721 2.15848 0.05666
v -0.37836 2.07749 0.05413
v -0.41108 2.01634 0.05352
v -0.47993 2.09733 0.05606
v -0.41001 2.21698 0.05715
v -0.34116 2.13600 0.05461
v -0.36853 2.27254 0.05752
v -0.29968 2.19156 0.05498
v -0.32301 2.32484 0.05776
v -0.25416 2.24386 0.05523
v -0.27370 2.37358 0.05789
v -0.20485 2.29260 0.05535
v -0.22087 2.41849 0.05789
v -0.15202 2.33751 0.05535
v -0.16483 2.45932 0.05776
v -0.09598 2.37833 0.05523
v -0.10589 2.49583 0.05752
v -0.03704 2.41485 0.05498
v -0.04438 2.52783 0.05715
v 0.02447 2.44685 0.05462
v 0.01935 2.55513 0.05666
v 0.08820 2.47414 0.05413
v 0.08497 2.57758 0.05606
v 0.15382 2.49660 0.05352
v 0.15236 2.59615 0.05606
v 0.22122 2.51516 0.05352
v 0.20318 2.60527 0.05605
v 0.27203 2.52428 0.05352
v 0.01771 2.55706 -0.04964
v 0.08656 2.47607 -0.05217
v 0.15218 2.49853 -0.05278
v 0.08333 2.57951 -0.05024
v -0.04602 2.52976 -0.04915
v 0.02283 2.44878 -0.05168
v -0.10753 2.49776 -0.04878
v -0.03868 2.41678 -0.05131
v -0.16647 2.46125 -0.04853
v -0.09762 2.38026 -0.05107
v -0.22251 2.42042 -0.04841
v -0.15366 2.33944 -0.05094
v -0.27534 2.37551 -0.04841
v -0.20649 2.29453 -0.05094
v -0.32465 2.32677 -0.04853
v -0.25580 2.24579 -0.05107
v -0.37017 2.27447 -0.04878
v -0.30132 2.19349 -0.05131
v -0.41165 2.21892 -0.04915
v -0.34280 2.13793 -0.05168
v -0.44885 2.16041 -0.04964
v -0.38000 2.07942 -0.05217
v -0.48157 2.09926 -0.05024
v -0.41272 2.01827 -0.05278
v 0.21958 2.51709 -0.05278
v 0.15072 2.59808 -0.05024
v 0.27039 2.52621 -0.05278
v 0.20154 2.60720 -0.05024
v -0.41108 2.01634 0.05352
v -0.41272 2.01827 -0.05278
v -0.48157 2.09926 -0.05024
v -0.47993 2.09733 0.05606
v -0.41272 2.01827 -0.05278
v -0.41108 2.01634 0.05352
v -0.37836 2.07749 0.05413
v -0.38000 2.07942 -0.05217
v -0.34116 2.13600 0.05461
v -0.34280 2.13793 -0.05168
v -0.29968 2.19156 0.05498
v -0.30132 2.19349 -0.05131
v -0.25416 2.24386 0.05523
v -0.25580 2.24579 -0.05107
v -0.20485 2.29260 0.05535
v -0.20649 2.29453 -0.05094
v -0.15202 2.33751 0.05535
v -0.15366 2.33944 -0.05094
v -0.09598 2.37833 0.05523
v -0.09762 2.38026 -0.05107
v -0.03704 2.41485 0.05498
v -0.03868 2.41678 -0.05131
v 0.02447 2.44685 0.05462
v 0.02283 2.44878 -0.05168
v 0.08820 2.47414 0.05413
v 0.08656 2.47607 -0.05217
v 0.15382 2.49660 0.05352
v 0.15218 2.49853 -0.05278
v 0.22122 2.51516 0.05352
v 0.21958 2.51709 -0.05278
v 0.27203 2.52428 0.05352
v 0.27039 2.52621 -0.05278
v 0.20154 2.60720 -0.05024
v 0.27039 2.52621 -0.05278
v 0.27203 2.52428 0.05352
v 0.20318 2.60527 0.05605
v 0.20154 2.60720 -0.05024
v 0.20318 2.60527 0.05605
v 0.15236 2.59615 0.05606
v 0.15072 2.59808 -0.05024
v 0.08497 2.57758 0.05606
v 0.08333 2.57951 -0.05024
v 0.08333 2.57951 -0.05024
v 0.08497 2.57758 0.05606
v 0.01935 2.55513 0.05666
v 0.01771 2.55706 -0.04964
v -0.04438 2.52783 0.05715
v -0.04602 2.52976 -0.04915
v -0.10589 2.49583 0.05752
v -0.10753 2.49776 -0.04878
v -0.16483 2.45932 0.05776
v -0.16647 2.46125 -0.04853
v -0.22087 2.41849 0.05789
v -0.22251 2.42042 -0.04841
v -0.27370 2.37358 0.05789
v -0.27534 2.37551 -0.04841
v -0.32301 2.32484 0.05776
v -0.32465 2.32677 -0.04853
v -0.36853 2.27254 0.05752
v -0.37017 2.27447 -0.04878
v -0.41001 2.21698 0.05715
v -0.41165 2.21892 -0.04915
v -0.44721 2.15848 0.05666
v -0.44885 2.16041 -0.04964
v -0.47993 2.09733 0.05606
v -0.48157 2.09926 -0.05024
v -0.89842 2.52244 0.06173
v -0.89842 2.52244 -0.06173
v -0.90327 2.52445 -0.06173
v -0.90327 2.52445 0.06173
v 0.89842 2.52244 0.06173
v -0.89842 2.52445 0.06658
v 0.89842 2.52445 0.06658
v 0.89842 2.52244 -0.06173
v 0.90327 2.52445 0.06173
v 0.90327 2.52445 -0.06173
v 0.89842 2.52445 -0.06658
v -0.89842 2.52445 -0.06658
v 0.89842 2.52930 -0.06859
v -0.89842 2.52930 -0.06859
v -0.89842 2.65276 -0.06859
v -0.90327 2.65276 -0.06658
v -0.90327 2.52930 -0.06658
v 0.89842 2.65276 -0.06859
v 0.89842 2.65761 -0.06658
v -0.89842 2.65761 -0.06658
v 0.89842 2.65962 -0.06173
v -0.89842 2.65962 -0.06173
v 0.90327 2.52930 -0.06658
v 0.90327 2.65276 -0.06658
v -0.89842 2.65962 0.06173
v -0.90327 2.65761 0.06173
v -0.90327 2.65761 -0.06173
v 0.89842 2.65962 0.06173
v 0.89842 2.65761 0.06658
v -0.89842 2.65761 0.06658
v 0.89842 2.65276 0.06859
v -0.89842 2.65276 0.06859
v 0.90327 2.65761 -0.06173
v 0.90327 2.65761 0.06173
v -0.89842 2.52930 0.06859
v -0.90327 2.52930 0.06658
v -0.90327 2.65276 0.06658
v -0.90624 2.52923 0.06180
v -0.90624 2.65283 0.06180
v 0.89842 2.52930 0.06859
v 0.89842 2.52445 0.06658
v -0.89842 2.52445 0.06658
v 0.90327 2.65276 0.06658
v 0.90327 2.52930 0.06658
v 0.90624 2.65283 0.06180
v 0.90624 2.52923 0.06180
v 0.90624 2.65283 -0.06180
v 0.90327 2.65761 0.06173
v 0.90327 2.65761 -0.06173
v 0.90624 2.52923 -0.06180
v 0.90327 2.52445 -0.06173
v 0.90327 2.52445 0.06173
v 0.90327 2.65276 -0.06658
v 0.90327 2.52930 -0.06658
v 0.90238 2.52534 0.06569
v 0.90238 2.65672 0.06569
v 0.90238 2.65672 -0.06569
v 0.90238 2.52534 -0.06569
v -0.90327 2.52445 0.06173
v -0.90327 2.52445 -0.06173
v -0.90624 2.52923 -0.06180
v -0.90624 2.65283 -0.06180
v -0.90327 2.65761 -0.06173
v -0.90327 2.65761 0.06173
v -0.90327 2.52930 -0.06658
v -0.90327 2.65276 -0.06658
v -0.90238 2.52534 0.06569
v -0.90238 2.65672 0.06569
v -0.90238 2.65672 -0.06569
v -0.90238 2.52534 -0.06569
v -0.90238 2.52534 0.06569
v 0.90238 2.52534 0.06569
v -0.90238 2.65672 -0.06569
v 0.90238 2.65672 -0.06569
v -0.90238 2.52534 -0.06569
v 0.90238 2.52534 -0.06569
v -0.54838 2.08406 0.10107
v -0.54838 2.33531 0.10107
v -0.34624 2.33531 0.10107
v -0.34624 2.08406 0.10107
v -0.54838 2.33531 0.10107
v -0.54838 2.33531 -0.10107
v -0.34624 2.33531 -0.10107
v -0.34624 2.33531 0.10107
v -0.54838 2.33531 -0.10107
v -0.54838 2.08406 -0.10107
v -0.34624 2.08406 -0.10107
v -0.34624 2.33531 -0.10107
v -0.54838 2.08406 -0.10107
v -0.54838 2.08406 0.10107
v -0.34624 2.08406 0.10107
v -0.34624 2.08406 -0.10107
v -0.34624 2.08406 0.10107
v -0.34624 2.33531 0.10107
v -0.34624 2.33531 -0.10107
v -0.34624 2.08406 -0.10107
v -0.54838 2.08406 -0.10107
v -0.54838 2.33531 -0.10107
v -0.54838 2.33531 0.10107
v -0.54838 2.08406 0.10107
v -0.54838 2.48992 0.10107
v -0.54838 2.69207 0.10107
v -0.34624 2.69207 0.10107
v -0.34624 2.48992 0.10107
v -0.54838 2.69207 0.10107
v -0.54838 2.69207 -0.10107
v -0.34624 2.69207 -0.10107
v -0.34624 2.69207 0.10107
v -0.54838 2.69207 -0.10107
v -0.54838 2.48992 -0.10107
v -0.34624 2.48992 -0.10107
v -0.34624 2.69207 -0.10107
v -0.54838 2.48992 -0.10107
v -0.54838 2.48992 0.10107
v -0.34624 2.48992 0.10107
v -0.34624 2.48992 -0.10107
v -0.34624 2.48992 0.10107
v -0.34624 2.69207 0.10107
v -0.34624 2.69207 -0.10107
v -0.34624 2.48992 -0.10107
v -0.54838 2.48992 -0.10107
v -0.54838 2.69207 -0.10107
v -0.54838 2.69207 0.10107
v -0.54838 2.48992 0.10107
v 0.59830 2.51808 0.07120
v 0.59851 2.52044 0.06883
v 0.59851 2.52216 0.07055
v 0.59830 2.51980 0.07292
v 0.60085 2.52392 0.06880
v 0.60085 2.52220 0.06708
v 0.60031 2.51576 0.07351
v 0.60031 2.51748 0.07523
v 0.74717 2.51576 0.07351
v 0.74717 2.51748 0.07523
v 0.74817 2.51837 0.07091
v 0.74817 2.52009 0.07263
v 0.74897 2.52044 0.06883
v 0.74897 2.52216 0.07055
v 0.74663 2.52220 0.06708
v 0.74663 2.52392 0.06880
v 0.59830 2.66219 0.07292
v 0.59851 2.65983 0.07055
v 0.59851 2.66155 0.06883
v 0.59830 2.66391 0.07120
v 0.60085 2.65979 0.06708
v 0.60085 2.65807 0.06880
v 0.60031 2.66451 0.07523
v 0.60031 2.66623 0.07351
v 0.74717 2.66451 0.07523
v 0.74717 2.66623 0.07351
v 0.74817 2.66190 0.07263
v 0.74817 2.66362 0.07091
v 0.74897 2.65983 0.07055
v 0.74897 2.66155 0.06883
v 0.74663 2.65807 0.06880
v 0.74663 2.65979 0.06708
v 0.59830 2.66391 -0.07120
v 0.59851 2.66155 -0.06883
v 0.59851 2.65983 -0.07055
v 0.59830 2.66219 -0.07292
v 0.60085 2.65807 -0.06880
v 0.60085 2.65979 -0.06708
v 0.60031 2.66623 -0.07351
v 0.60031 2.66451 -0.07523
v 0.74717 2.66623 -0.07351
v 0.74717 2.66451 -0.07523
v 0.74817 2.66362 -0.07091
v 0.74817 2.66190 -0.07263
v 0.74897 2.66155 -0.06883
v 0.74897 2.65983 -0.07055
v 0.74663 2.65979 -0.06708
v 0.74663 2.65807 -0.06880
v 0.59830 2.51980 -0.07292
v 0.59851 2.52216 -0.07055
v 0.59851 2.52044 -0.06883
v 0.59830 2.51808 -0.07120
v 0.60085 2.52220 -0.06708
v 0.60085 2.52392 -0.06880
v 0.60031 2.51748 -0.07523
v 0.60031 2.51576 -0.07351
v 0.74717 2.51748 -0.07523
v 0.74717 2.51576 -0.07351
v 0.74817 2.52009 -0.07263
v 0.74817 2.51837 -0.07091
v 0.74897 2.52216 -0.07055
v 0.74897 2.52044 -0.06883
v 0.74663 2.52392 -0.06880
v 0.74663 2.52220 -0.06708
v 0.60031 2.51748 0.07523
v 0.60031 2.66451 0.07523
v 0.74717 2.66451 0.07523
v 0.74717 2.51748 0.07523
v 0.74817 2.52009 0.07263
v 0.74817 2.66190 0.07263
v 0.74897 2.52216 0.07055
v 0.74897 2.65983 0.07055
v 0.74663 2.52392 0.06880
v 0.74663 2.65807 0.06880
v 0.59830 2.66219 0.07292
v 0.59830 2.51980 0.07292
v 0.59851 2.65983 0.07055
v 0.59851 2.52216 0.07055
v 0.60085 2.65807 0.06880
v 0.60085 2.52392 0.06880
v 0.60031 2.66623 0.07351
v 0.60031 2.66623 -0.07351
v 0.74717 2.66623 -0.07351
v 0.74717 2.66623 0.07351
v 0.74817 2.66362 0.07091
v 0.74817 2.66362 -0.07091
v 0.74897 2.66155 0.06883
v 0.74897 2.66155 -0.06883
v 0.74663 2.65979 0.06708
v 0.74663 2.65979 -0.06708
v 0.59830 2.66391 -0.07120
v 0.59830 2.66391 0.07120
v 0.59851 2.66155 -0.06883
v 0.59851 2.66155 0.06883
v 0.60085 2.65979 -0.06708
v 0.60085 2.65979 0.06708
v 0.60031 2.66451 -0.07523
v 0.60031 2.51748 -0.07523
v 0.74717 2.51748 -0.07523
v 0.74717 2.66451 -0.07523
v 0.74817 2.66190 -0.07263
v 0.74817 2.52009 -0.07263
v 0.74897 2.65983 -0.07055
v 0.74897 2.52216 -0.07055
v 0.74663 2.65807 -0.06880
v 0.74663 2.52392 -0.06880
v 0.59830 2.51980 -0.07292
v 0.59830 2.66219 -0.07292
v 0.59851 2.52216 -0.07055
v 0.59851 2.65983 -0.07055
v 0.60085 2.52392 -0.06880
v 0.60085 2.65807 -0.06880
v 0.60031 2.51576 -0.07351
v 0.60031 2.51576 0.07351
v 0.74717 2.51576 0.07351
v 0.74717 2.51576 -0.07351
v 0.74817 2.51837 -0.07091
v 0.74817 2.51837 0.07091
v 0.74897 2.52044 -0.06883
v 0.74897 2.52044 0.06883
v 0.74663 2.52220 -0.06708
v 0.74663 2.52220 0.06708
v 0.59830 2.51808 0.07120
v 0.59830 2.51808 -0.07120
v 0.59851 2.52044 0.06883
v 0.59851 2.52044 -0.06883
v 0.60085 2.52220 0.06708
v 0.60085 2.52220 -0.06708
vt 0.11986 0.43037
vt 0.02431 0.43037
vt 0.02437 0.43125
vt 0.11980 0.43125
vt 0.22252 0.42344
vt 0.22258 0.42257
vt 0.12714 0.42257
vt 0.12720 0.42344
vt 0.14188 0.39156
vt 0.26881 0.39156
vt 0.26806 0.39035
vt 0.14263 0.39035
vt 0.27799 0.39841
vt 0.13638 0.39841
vt 0.13554 0.39948
vt 0.27883 0.39948
vt 0.13489 0.37259
vt 0.02431 0.37259
vt 0.03052 0.37893
vt 0.12868 0.37893
vt 0.03052 0.39212
vt 0.12868 0.39212
vt 0.13489 0.38578
vt 0.02431 0.38578
vt 0.22215 0.32675
vt 0.09522 0.32675
vt 0.10339 0.34162
vt 0.21397 0.34162
vt 0.10339 0.31990
vt 0.21397 0.31990
vt 0.22215 0.30503
vt 0.09522 0.30503
vt 0.34697 0.13246
vt 0.26200 0.13246
vt 0.25568 0.14280
vt 0.35330 0.14280
vt 0.23340 0.37030
vt 0.33102 0.37030
vt 0.32469 0.35996
vt 0.23972 0.35996
vt 0.23559 0.41965
vt 0.33259 0.41965
vt 0.33290 0.41851
vt 0.23528 0.41851
vt 0.12383 0.41440
vt 0.02431 0.41440
vt 0.02462 0.41551
vt 0.12352 0.41551
vt 0.11985 0.44517
vt 0.01723 0.44517
vt 0.01074 0.45180
vt 0.12634 0.45180
vt 0.10343 0.29808
vt 0.21903 0.29808
vt 0.22758 0.28253
vt 0.09489 0.28253
vt 0.01081 0.40004
vt 0.13175 0.40004
vt 0.13103 0.39889
vt 0.01152 0.39889
vt 0.02485 0.02174
vt 0.02485 0.14717
vt 0.15028 0.14717
vt 0.15028 0.02174
vt 0.15049 0.40634
vt 0.02506 0.40634
vt 0.02431 0.40754
vt 0.15123 0.40754
vt 0.22337 0.25952
vt 0.09644 0.25952
vt 0.10461 0.27439
vt 0.21520 0.27439
vt 0.25246 0.37716
vt 0.14188 0.37716
vt 0.14808 0.38350
vt 0.24625 0.38350
vt 0.12697 0.43030
vt 0.12703 0.43118
vt 0.22236 0.43118
vt 0.22241 0.43030
vt 0.12885 0.36573
vt 0.22647 0.36573
vt 0.22015 0.35539
vt 0.13518 0.35539
vt 0.22836 0.41458
vt 0.13074 0.41458
vt 0.13105 0.41571
vt 0.22805 0.41571
vt 0.23444 0.25610
vt 0.23444 0.35310
vt 0.33145 0.35310
vt 0.33145 0.25610
vt 0.02461 0.42352
vt 0.11993 0.42352
vt 0.12023 0.42237
vt 0.02431 0.42237
vt 0.02431 0.35988
vt 0.12193 0.35988
vt 0.11560 0.34954
vt 0.03064 0.34954
vt 0.22951 0.42739
vt 0.32288 0.42739
vt 0.32294 0.42650
vt 0.22945 0.42650
vt 0.32988 0.42650
vt 0.32994 0.42737
vt 0.41219 0.42737
vt 0.41224 0.42650
vt 0.22928 0.43425
vt 0.22934 0.43511
vt 0.31168 0.43511
vt 0.31174 0.43425
vt 0.12685 0.43892
vt 0.20647 0.43892
vt 0.20653 0.43803
vt 0.12680 0.43803
vt 0.31880 0.43511
vt 0.40105 0.43511
vt 0.40110 0.43425
vt 0.31875 0.43425
vt 0.12990 0.15403
vt 0.13639 0.25120
vt 0.22147 0.25120
vt 0.22796 0.15403
vt 0.02485 0.15403
vt 0.03135 0.25120
vt 0.11641 0.25120
vt 0.12291 0.15403
vt 0.16364 0.11891
vt 0.24872 0.11891
vt 0.25521 0.02174
vt 0.15715 0.02174
vt 0.32462 0.24925
vt 0.33111 0.15208
vt 0.23305 0.15208
vt 0.23954 0.24925
vt 0.35887 0.06627
vt 0.35751 0.06477
vt 0.26218 0.06477
vt 0.26082 0.06627
vt 0.25979 0.08148
vt 0.26115 0.08293
vt 0.35659 0.08293
vt 0.35795 0.08148
vt 0.35955 0.05791
vt 0.35819 0.05641
vt 0.26286 0.05641
vt 0.26150 0.05791
vt 0.25928 0.08978
vt 0.26064 0.09124
vt 0.35608 0.09124
vt 0.35744 0.08978
vt 0.25825 0.10640
vt 0.25961 0.10785
vt 0.35505 0.10785
vt 0.35642 0.10640
vt 0.35836 0.07462
vt 0.35699 0.07312
vt 0.26167 0.07312
vt 0.26030 0.07462
vt 0.25876 0.09809
vt 0.26012 0.09954
vt 0.35557 0.09954
vt 0.35693 0.09809
vt 0.35973 0.04956
vt 0.35836 0.04806
vt 0.26304 0.04806
vt 0.26167 0.04956
vt 0.28584 0.40203
vt 0.28720 0.40341
vt 0.36956 0.40341
vt 0.37092 0.40203
vt 0.34201 0.12448
vt 0.34065 0.12302
vt 0.25841 0.12302
vt 0.25705 0.12448
vt 0.28584 0.39378
vt 0.28720 0.39517
vt 0.36956 0.39517
vt 0.37092 0.39378
vt 0.34441 0.37861
vt 0.34305 0.37716
vt 0.26081 0.37716
vt 0.25945 0.37861
vt 0.25019 0.41027
vt 0.25155 0.41166
vt 0.33391 0.41166
vt 0.33527 0.41027
vt 0.36070 0.38693
vt 0.35933 0.38547
vt 0.27709 0.38547
vt 0.27573 0.38693
vt 0.15816 0.40634
vt 0.15952 0.40773
vt 0.24188 0.40773
vt 0.24324 0.40634
vt 0.34253 0.11616
vt 0.34117 0.11471
vt 0.25892 0.11471
vt 0.25756 0.11616
vt 0.53048 0.71016
vt 0.53052 0.70771
vt 0.12004 0.71067
vt 0.11997 0.71420
vt 0.12121 0.64356
vt 0.53134 0.66095
vt 0.12126 0.64035
vt 0.53137 0.65871
vt 0.80255 0.71245
vt 0.80251 0.71491
vt 0.80350 0.71493
vt 0.80354 0.71247
vt 0.80337 0.66569
vt 0.80436 0.66571
vt 0.80341 0.66346
vt 0.80440 0.66348
vt 0.02379 0.84249
vt 0.02372 0.84510
vt 0.02651 0.84510
vt 0.02650 0.84241
vt 0.07760 0.84498
vt 0.07760 0.84229
vt 0.07769 0.89630
vt 0.02664 0.89639
vt 0.02385 0.89641
vt 0.07771 0.89875
vt 0.02663 0.89885
vt 0.02393 0.89876
vt 0.08011 0.84235
vt 0.08019 0.84497
vt 0.08028 0.89631
vt 0.08021 0.89867
vt 0.02272 0.84143
vt 0.02285 0.89983
vt 0.02258 0.89728
vt 0.02134 0.89813
vt 0.02120 0.84341
vt 0.02245 0.84425
vt 0.02166 0.84038
vt 0.02564 0.84114
vt 0.02480 0.83989
vt 0.07931 0.83977
vt 0.07846 0.84102
vt 0.02179 0.90088
vt 0.02494 0.90137
vt 0.02578 0.90012
vt 0.07942 0.90126
vt 0.07857 0.90002
vt 0.08223 0.84023
vt 0.08118 0.84128
vt 0.08271 0.84326
vt 0.08146 0.84411
vt 0.08280 0.89802
vt 0.08155 0.89717
vt 0.08234 0.90078
vt 0.08128 0.89973
vt 0.52999 0.75117
vt 0.53003 0.74871
vt 0.12037 0.73037
vt 0.12031 0.73390
vt 0.52918 0.79788
vt 0.11914 0.80093
vt 0.11908 0.80414
vt 0.52914 0.80011
vt 0.80173 0.75591
vt 0.80177 0.75346
vt 0.80272 0.75593
vt 0.80276 0.75347
vt 0.80091 0.80262
vt 0.80190 0.80264
vt 0.80186 0.80487
vt 0.80087 0.80485
vt 0.01985 0.92031
vt 0.02335 0.92032
vt 0.02334 0.91669
vt 0.01996 0.91681
vt 0.01989 0.98662
vt 0.02338 0.98661
vt 0.08995 0.91663
vt 0.08996 0.92026
vt 0.08999 0.98656
vt 0.09302 0.91672
vt 0.09314 0.92025
vt 0.09317 0.98657
vt 0.09000 0.98992
vt 0.09307 0.98982
vt 0.02338 0.98998
vt 0.01999 0.98988
vt 0.02251 0.91546
vt 0.01891 0.91576
vt 0.02163 0.91414
vt 0.01779 0.91464
vt 0.01729 0.91861
vt 0.01861 0.91949
vt 0.01733 0.98833
vt 0.01865 0.98744
vt 0.09078 0.91540
vt 0.09167 0.91408
vt 0.09519 0.91456
vt 0.09407 0.91568
vt 0.09437 0.91943
vt 0.09570 0.91855
vt 0.09573 0.98829
vt 0.09441 0.98740
vt 0.09523 0.99199
vt 0.09411 0.99087
vt 0.09173 0.99248
vt 0.09084 0.99116
vt 0.02168 0.99253
vt 0.02256 0.99121
vt 0.01782 0.99204
vt 0.01894 0.99092
vt 0.11679 0.82570
vt 0.52650 0.84293
vt 0.52654 0.84039
vt 0.11685 0.82205
vt 0.52569 0.88943
vt 0.11562 0.89243
vt 0.11556 0.89582
vt 0.52565 0.89179
vt 0.79744 0.89417
vt 0.79740 0.89653
vt 0.79843 0.89419
vt 0.79924 0.84769
vt 0.79826 0.84768
vt 0.79929 0.84515
vt 0.79830 0.84513
vt 0.79839 0.89655
vt 0.11198 0.99119
vt 0.52239 0.98715
vt 0.52243 0.98461
vt 0.11204 0.98753
vt 0.11321 0.92075
vt 0.52324 0.93807
vt 0.11327 0.91736
vt 0.52328 0.93571
vt 0.79440 0.98936
vt 0.79435 0.99190
vt 0.79539 0.98937
vt 0.79534 0.99192
vt 0.79521 0.94282
vt 0.79620 0.94284
vt 0.79525 0.94046
vt 0.79624 0.94048
vt 0.02737 0.55537
vt 0.03157 0.55537
vt 0.02975 0.55302
vt 0.02536 0.55302
vt 0.11323 0.55302
vt 0.11139 0.55537
vt 0.11721 0.55302
vt 0.11520 0.55537
vt 0.10756 0.56027
vt 0.11101 0.56027
vt 0.03536 0.56027
vt 0.03156 0.56027
vt 0.11233 0.47463
vt 0.11052 0.47698
vt 0.11485 0.47698
vt 0.11686 0.47463
vt 0.02941 0.47463
vt 0.03123 0.47698
vt 0.02520 0.47463
vt 0.02721 0.47698
vt 0.11067 0.48187
vt 0.10675 0.48187
vt 0.03503 0.48187
vt 0.03139 0.48187
vt 0.11735 0.51496
vt 0.11298 0.51496
vt 0.11117 0.51731
vt 0.11535 0.51731
vt 0.03167 0.51730
vt 0.02985 0.51496
vt 0.02788 0.51730
vt 0.02587 0.51496
vt 0.10740 0.52219
vt 0.11118 0.52219
vt 0.03548 0.52218
vt 0.03205 0.52218
vt 0.02476 0.58874
vt 0.02676 0.59108
vt 0.03108 0.59108
vt 0.02928 0.58874
vt 0.11191 0.58874
vt 0.11009 0.59108
vt 0.11610 0.58874
vt 0.11410 0.59108
vt 0.10631 0.59595
vt 0.10994 0.59595
vt 0.03484 0.59595
vt 0.03093 0.59595
vt 0.03156 0.56628
vt 0.03536 0.56628
vt 0.03536 0.56407
vt 0.03156 0.56407
vt 0.10756 0.56407
vt 0.10756 0.56627
vt 0.11101 0.56407
vt 0.11101 0.56627
vt 0.10756 0.56829
vt 0.11101 0.56829
vt 0.10756 0.57027
vt 0.11101 0.57027
vt 0.03536 0.57027
vt 0.03536 0.56829
vt 0.03156 0.57027
vt 0.03156 0.56829
vt 0.10675 0.48588
vt 0.10675 0.48808
vt 0.11067 0.48808
vt 0.11067 0.48588
vt 0.03503 0.48588
vt 0.03503 0.48808
vt 0.03139 0.48588
vt 0.03139 0.48808
vt 0.11067 0.49009
vt 0.10675 0.49009
vt 0.11067 0.49207
vt 0.10675 0.49207
vt 0.03503 0.49009
vt 0.03503 0.49207
vt 0.03139 0.49009
vt 0.03139 0.49207
vt 0.11118 0.52578
vt 0.10740 0.52578
vt 0.10740 0.52797
vt 0.11117 0.52797
vt 0.03548 0.52797
vt 0.03548 0.52577
vt 0.03205 0.52797
vt 0.03205 0.52577
vt 0.11117 0.52998
vt 0.10740 0.52998
vt 0.11117 0.53195
vt 0.10740 0.53195
vt 0.03548 0.52997
vt 0.03548 0.53195
vt 0.03205 0.52997
vt 0.03205 0.53195
vt 0.03093 0.60017
vt 0.03093 0.60237
vt 0.03484 0.60237
vt 0.03484 0.60017
vt 0.10631 0.60236
vt 0.10631 0.60017
vt 0.10994 0.60017
vt 0.10994 0.60236
vt 0.03484 0.60437
vt 0.03093 0.60437
vt 0.03484 0.60634
vt 0.03093 0.60634
vt 0.10631 0.60437
vt 0.10631 0.60634
vt 0.10994 0.60437
vt 0.10994 0.60634
vt 0.01916 0.58621
vt 0.02414 0.58621
vt 0.02848 0.58135
vt 0.02396 0.58135
vt 0.11450 0.58134
vt 0.11889 0.58620
vt 0.11861 0.58134
vt 0.12341 0.58620
vt 0.03156 0.57365
vt 0.03536 0.57365
vt 0.10756 0.57365
vt 0.11101 0.57365
vt 0.11359 0.50334
vt 0.11790 0.50819
vt 0.12305 0.50819
vt 0.11826 0.50334
vt 0.02814 0.50334
vt 0.02379 0.50819
vt 0.02381 0.50333
vt 0.01901 0.50819
vt 0.03139 0.49566
vt 0.03503 0.49566
vt 0.10675 0.49566
vt 0.11067 0.49566
vt 0.11874 0.54384
vt 0.11424 0.54384
vt 0.11856 0.54868
vt 0.12352 0.54868
vt 0.02857 0.54383
vt 0.02421 0.54867
vt 0.01970 0.54867
vt 0.02448 0.54383
vt 0.11117 0.53617
vt 0.10740 0.53617
vt 0.03548 0.53617
vt 0.03205 0.53617
vt 0.02295 0.61800
vt 0.01818 0.62284
vt 0.02330 0.62284
vt 0.02761 0.61800
vt 0.11275 0.61800
vt 0.11709 0.62283
vt 0.11707 0.61800
vt 0.12185 0.62283
vt 0.03051 0.61035
vt 0.03441 0.61035
vt 0.10589 0.61035
vt 0.10952 0.61035
vt 0.02090 0.67426
vt 0.02374 0.67426
vt 0.02381 0.63088
vt 0.02097 0.63087
vt 0.07780 0.63096
vt 0.07774 0.67434
vt 0.08038 0.63096
vt 0.08032 0.67435
vt 0.02097 0.63009
vt 0.02381 0.63010
vt 0.07780 0.63018
vt 0.08038 0.63018
vt 0.07668 0.73428
vt 0.07661 0.77826
vt 0.07959 0.77826
vt 0.07965 0.73428
vt 0.02219 0.73420
vt 0.02212 0.77818
vt 0.01942 0.73419
vt 0.01936 0.77817
vt 0.01943 0.73340
vt 0.02219 0.73341
vt 0.07668 0.73349
vt 0.07966 0.73349
vt 0.08020 0.68260
vt 0.07736 0.68260
vt 0.07730 0.72594
vt 0.08014 0.72595
vt 0.02341 0.68252
vt 0.02335 0.72586
vt 0.02077 0.72586
vt 0.02084 0.68251
vt 0.08020 0.68182
vt 0.07736 0.68182
vt 0.02342 0.68174
vt 0.02084 0.68173
vt 0.01959 0.78575
vt 0.01953 0.82963
vt 0.02250 0.82963
vt 0.02256 0.78576
vt 0.07692 0.78584
vt 0.07685 0.82971
vt 0.07968 0.78584
vt 0.07961 0.82972
vt 0.01959 0.78496
vt 0.02257 0.78497
vt 0.07692 0.78505
vt 0.07968 0.78505
vt 0.90621 0.69723
vt 0.86888 0.69456
vt 0.85834 0.71658
vt 0.89567 0.71925
vt 0.91507 0.67449
vt 0.87774 0.67182
vt 0.92220 0.65115
vt 0.88487 0.64848
vt 0.92756 0.62734
vt 0.89023 0.62467
vt 0.93112 0.60320
vt 0.89379 0.60053
vt 0.93286 0.57886
vt 0.89553 0.57619
vt 0.93277 0.55445
vt 0.89544 0.55178
vt 0.93086 0.53012
vt 0.89353 0.52745
vt 0.92713 0.50601
vt 0.88980 0.50334
vt 0.92160 0.48224
vt 0.88427 0.47957
vt 0.91430 0.45894
vt 0.87697 0.45627
vt 0.90553 0.43595
vt 0.86820 0.43328
vt 0.89754 0.41963
vt 0.86021 0.41696
vt 0.96540 0.65355
vt 0.92805 0.65595
vt 0.92058 0.67919
vt 0.95793 0.67679
vt 0.97110 0.62982
vt 0.93375 0.63222
vt 0.97501 0.60573
vt 0.93766 0.60813
vt 0.97710 0.58142
vt 0.93975 0.58381
vt 0.97736 0.55701
vt 0.94002 0.55941
vt 0.97580 0.53266
vt 0.93845 0.53506
vt 0.97242 0.50849
vt 0.93507 0.51089
vt 0.96723 0.48464
vt 0.92988 0.48704
vt 0.96027 0.46125
vt 0.92292 0.46365
vt 0.95158 0.43845
vt 0.91423 0.44085
vt 0.94120 0.41635
vt 0.90385 0.41875
vt 0.91165 0.70212
vt 0.94899 0.69972
vt 0.90354 0.71838
vt 0.94088 0.71598
vt 0.85106 0.51176
vt 0.83648 0.51236
vt 0.83708 0.52694
vt 0.85166 0.52634
vt 0.66099 0.09239
vt 0.66061 0.05772
vt 0.63799 0.05797
vt 0.63838 0.09264
vt 0.61539 0.05822
vt 0.61577 0.09289
vt 0.59278 0.05847
vt 0.59316 0.09313
vt 0.57018 0.05872
vt 0.57056 0.09338
vt 0.54757 0.05897
vt 0.54795 0.09363
vt 0.52497 0.05921
vt 0.52535 0.09388
vt 0.50236 0.05946
vt 0.50274 0.09413
vt 0.47976 0.05971
vt 0.48014 0.09438
vt 0.45715 0.05996
vt 0.45753 0.09463
vt 0.43455 0.06021
vt 0.43493 0.09488
vt 0.41193 0.06046
vt 0.41231 0.09513
vt 0.38914 0.06048
vt 0.38952 0.09515
vt 0.37231 0.06046
vt 0.37269 0.09513
vt 0.83353 0.52700
vt 0.83362 0.51241
vt 0.81903 0.51232
vt 0.81894 0.52691
vt 0.37497 0.01143
vt 0.37533 0.04609
vt 0.39216 0.04572
vt 0.39180 0.01105
vt 0.41495 0.04525
vt 0.41459 0.01058
vt 0.41459 0.01058
vt 0.41495 0.04525
vt 0.43756 0.04502
vt 0.43720 0.01035
vt 0.46016 0.04478
vt 0.45980 0.01011
vt 0.48277 0.04455
vt 0.48241 0.00988
vt 0.50538 0.04431
vt 0.50502 0.00964
vt 0.52798 0.04408
vt 0.52762 0.00941
vt 0.55059 0.04384
vt 0.55023 0.00917
vt 0.57319 0.04361
vt 0.57283 0.00894
vt 0.59580 0.04337
vt 0.59544 0.00870
vt 0.61841 0.04314
vt 0.61805 0.00847
vt 0.64101 0.04290
vt 0.64065 0.00823
vt 0.66362 0.04267
vt 0.66326 0.00800
vt 0.18286 0.62964
vt 0.18361 0.58821
vt 0.18186 0.58803
vt 0.18110 0.62964
vt 0.78638 0.62766
vt 0.18281 0.63140
vt 0.78644 0.62941
vt 0.78537 0.58635
vt 0.78813 0.62764
vt 0.78712 0.58616
vt 0.78532 0.58459
vt 0.18364 0.58645
vt 0.78535 0.58283
vt 0.18361 0.58469
vt 0.18351 0.54331
vt 0.18176 0.54319
vt 0.18185 0.58482
vt 0.78519 0.54145
vt 0.78515 0.53969
vt 0.18354 0.54155
vt 0.78517 0.53794
vt 0.18350 0.53979
vt 0.78710 0.58295
vt 0.78695 0.54131
vt 0.18354 0.49840
vt 0.18179 0.49825
vt 0.18174 0.53992
vt 0.78488 0.49657
vt 0.78482 0.49481
vt 0.18360 0.49665
vt 0.78480 0.49305
vt 0.18360 0.49489
vt 0.78692 0.53805
vt 0.78664 0.49641
vt 0.18203 0.45366
vt 0.18023 0.45381
vt 0.18194 0.49502
vt 0.17830 0.45393
vt 0.18014 0.49517
vt 0.78608 0.45164
vt 0.78622 0.44989
vt 0.18188 0.45190
vt 0.78648 0.49317
vt 0.78787 0.45179
vt 0.78829 0.49331
vt 0.78979 0.45191
vt 0.82897 0.49624
vt 0.78794 0.49516
vt 0.82888 0.49813
vt 0.83172 0.45442
vt 0.83188 0.45255
vt 0.78969 0.45003
vt 0.83083 0.49646
vt 0.83360 0.45446
vt 0.78795 0.45036
vt 0.78633 0.49472
vt 0.83037 0.49790
vt 0.83333 0.45297
vt 0.17840 0.45206
vt 0.13678 0.45436
vt 0.13693 0.45625
vt 0.13889 0.49811
vt 0.13897 0.49998
vt 0.18049 0.49703
vt 0.13505 0.45627
vt 0.13702 0.49831
vt 0.18015 0.45239
vt 0.18209 0.49657
vt 0.13747 0.49975
vt 0.13533 0.45478
vt 0.18137 0.63108
vt 0.78787 0.62908
vt 0.18213 0.54155
vt 0.78655 0.53969
vt 0.18225 0.58644
vt 0.78672 0.58457
vt 0.93672 0.75304
vt 0.93672 0.80811
vt 0.99179 0.80811
vt 0.99179 0.75304
vt 0.99217 0.87003
vt 0.99217 0.81495
vt 0.93710 0.81495
vt 0.93710 0.87003
vt 0.86522 0.81049
vt 0.86522 0.75542
vt 0.81015 0.75542
vt 0.81015 0.81049
vt 0.93710 0.87532
vt 0.93710 0.93039
vt 0.99217 0.93039
vt 0.99217 0.87532
vt 0.93710 0.93733
vt 0.93710 0.99241
vt 0.99217 0.99241
vt 0.99217 0.93733
vt 0.87151 0.75532
vt 0.87151 0.81040
vt 0.92659 0.81040
vt 0.92659 0.75532
vt 0.87041 0.81769
vt 0.87041 0.87277
vt 0.92548 0.87277
vt 0.92548 0.81769
vt 0.86559 0.87277
vt 0.86559 0.81769
vt 0.81051 0.81769
vt 0.81051 0.87277
vt 0.92548 0.99241
vt 0.92548 0.93733
vt 0.87041 0.93733
vt 0.87041 0.99241
vt 0.81051 0.87751
vt 0.81051 0.93259
vt 0.86559 0.93259
vt 0.86559 0.87751
vt 0.81051 0.93733
vt 0.81051 0.99241
vt 0.86559 0.99241
vt 0.86559 0.93733
vt 0.87041 0.87751
vt 0.87041 0.93259
vt 0.92548 0.93259
vt 0.92548 0.87751
vt 0.49332 0.43066
vt 0.49208 0.43067
vt 0.49208 0.43157
vt 0.49333 0.43157
vt 0.49082 0.43158
vt 0.49081 0.43067
vt 0.49475 0.43066
vt 0.49475 0.43156
vt 0.54926 0.43042
vt 0.54926 0.43132
vt 0.55067 0.43041
vt 0.55068 0.43131
vt 0.55180 0.43040
vt 0.55181 0.43131
vt 0.55307 0.43040
vt 0.55307 0.43130
vt 0.49362 0.42412
vt 0.49237 0.42412
vt 0.49238 0.42503
vt 0.49362 0.42502
vt 0.49111 0.42503
vt 0.49111 0.42413
vt 0.49504 0.42411
vt 0.49504 0.42502
vt 0.54955 0.42389
vt 0.54955 0.42480
vt 0.55097 0.42389
vt 0.55097 0.42479
vt 0.55210 0.42388
vt 0.55210 0.42479
vt 0.55336 0.42388
vt 0.55337 0.42478
vt 0.55022 0.43398
vt 0.55146 0.43398
vt 0.55146 0.43308
vt 0.55022 0.43308
vt 0.55273 0.43307
vt 0.55273 0.43398
vt 0.54880 0.43398
vt 0.54879 0.43308
vt 0.49429 0.43402
vt 0.49428 0.43312
vt 0.49287 0.43402
vt 0.49287 0.43312
vt 0.49174 0.43402
vt 0.49174 0.43312
vt 0.49047 0.43402
vt 0.49047 0.43312
vt 0.55095 0.42808
vt 0.55220 0.42808
vt 0.55219 0.42717
vt 0.55095 0.42718
vt 0.55346 0.42717
vt 0.55346 0.42807
vt 0.54953 0.42809
vt 0.54952 0.42719
vt 0.49502 0.42832
vt 0.49501 0.42741
vt 0.49360 0.42832
vt 0.49360 0.42742
vt 0.49247 0.42833
vt 0.49247 0.42742
vt 0.49121 0.42833
vt 0.49120 0.42743
vt 0.49091 0.41525
vt 0.54548 0.41480
vt 0.54503 0.36029
vt 0.49046 0.36074
vt 0.49142 0.35970
vt 0.54405 0.35926
vt 0.49218 0.35887
vt 0.54327 0.35844
vt 0.49282 0.35778
vt 0.54261 0.35736
vt 0.54463 0.41594
vt 0.49178 0.41638
vt 0.54376 0.41683
vt 0.49267 0.41725
vt 0.54312 0.41792
vt 0.49333 0.41834
vt 0.54920 0.34802
vt 0.60377 0.34802
vt 0.60377 0.29351
vt 0.54920 0.29351
vt 0.55016 0.29247
vt 0.60280 0.29247
vt 0.55093 0.29165
vt 0.60203 0.29165
vt 0.55159 0.29056
vt 0.60138 0.29056
vt 0.60291 0.34915
vt 0.55006 0.34915
vt 0.60203 0.35004
vt 0.55093 0.35004
vt 0.60138 0.35112
vt 0.55159 0.35112
vt 0.60373 0.35990
vt 0.54916 0.36036
vt 0.54961 0.41487
vt 0.60418 0.41441
vt 0.60322 0.41545
vt 0.55059 0.41589
vt 0.60246 0.41629
vt 0.55137 0.41671
vt 0.60182 0.41738
vt 0.55203 0.41779
vt 0.55001 0.35921
vt 0.60286 0.35877
vt 0.55088 0.35832
vt 0.60197 0.35790
vt 0.55152 0.35723
vt 0.60131 0.35682
vt 0.54504 0.29366
vt 0.49047 0.29366
vt 0.49047 0.34817
vt 0.54504 0.34817
vt 0.54407 0.34921
vt 0.49144 0.34921
vt 0.54330 0.35004
vt 0.49221 0.35004
vt 0.54265 0.35112
vt 0.49286 0.35112
vt 0.49133 0.29253
vt 0.54418 0.29253
vt 0.49221 0.29165
vt 0.54330 0.29165
vt 0.49286 0.29056
vt 0.54265 0.29056
f 3222/3222 3221/3221 3220/3220
f 3223/3223 3222/3222 3220/3220
f 3226/3226 3225/3225 3224/3224
f 3227/3227 3226/3226 3224/3224
f 3230/3230 3229/3229 3228/3228
f 3231/3231 3230/3230 3228/3228
f 3234/3234 3233/3233 3232/3232
f 3235/3235 3234/3234 3232/3232
f 3238/3238 3237/3237 3236/3236
f 3239/3239 3238/3238 3236/3236
f 3242/3242 3241/3241 3240/3240
f 3243/3243 3242/3242 3240/3240
f 3246/3246 3245/3245 3244/3244
f 3247/3247 3246/3246 3244/3244
f 3250/3250 3249/3249 3248/3248
f 3251/3251 3250/3250 3248/3248
f 3254/3254 3253/3253 3252/3252
f 3255/3255 3254/3254 3252/3252
f 3258/3258 3257/3257 3256/3256
f 3259/3259 3258/3258 3256/3256
f 3262/3262 3261/3261 3260/3260
f 3263/3263 3262/3262 3260/3260
f 3266/3266 3265/3265 3264/3264
f 3267/3267 3266/3266 3264/3264
f 3270/3270 3269/3269 3268/3268
f 3271/3271 3270/3270 3268/3268
f 3274/3274 3273/3273 3272/3272
f 3275/3275 3274/3274 3272/3272
f 3278/3278 3277/3277 3276/3276
f 3279/3279 3278/3278 3276/3276
f 3282/3282 3281/3281 3280/3280
f 3283/3283 3282/3282 3280/3280
f 3286/3286 3285/3285 3284/3284
f 3287/3287 3286/3286 3284/3284
f 3290/3290 3289/3289 3288/3288
f 3291/3291 3290/3290 3288/3288
f 3294/3294 3293/3293 3292/3292
f 3295/3295 3294/3294 3292/3292
f 3298/3298 3297/3297 3296/3296
f 3299/3299 3298/3298 3296/3296
f 3302/3302 3301/3301 3300/3300
f 3303/3303 3302/3302 3300/3300
f 3306/3306 3305/3305 3304/3304
f 3307/3307 3306/3306 3304/3304
f 3310/3310 3309/3309 3308/3308
f 3311/3311 3310/3310 3308/3308
f 3314/3314 3313/3313 3312/3312
f 3315/3315 3314/3314 3312/3312
f 3318/3318 3317/3317 3316/3316
f 3319/3319 3318/3318 3316/3316
f 3322/3322 3321/3321 3320/3320
f 3323/3323 3322/3322 3320/3320
f 3326/3326 3325/3325 3324/3324
f 3327/3327 3326/3326 3324/3324
f 3330/3330 3329/3329 3328/3328
f 3331/3331 3330/3330 3328/3328
f 3334/3334 3333/3333 3332/3332
f 3335/3335 3334/3334 3332/3332
f 3338/3338 3337/3337 3336/3336
f 3339/3339 3338/3338 3336/3336
f 3342/3342 3341/3341 3340/3340
f 3343/3343 3342/3342 3340/3340
f 3346/3346 3345/3345 3344/3344
f 3347/3347 3346/3346 3344/3344
f 3350/3350 3349/3349 3348/3348
f 3351/3351 3350/3350 3348/3348
f 3354/3354 3353/3353 3352/3352
f 3355/3355 3354/3354 3352/3352
f 3358/3358 3357/3357 3356/3356
f 3359/3359 3358/3358 3356/3356
f 3362/3362 3361/3361 3360/3360
f 3363/3363 3362/3362 3360/3360
f 3366/3366 3365/3365 3364/3364
f 3367/3367 3366/3366 3364/3364
f 3370/3370 3369/3369 3368/3368
f 3371/3371 3370/3370 3368/3368
f 3374/3374 3373/3373 3372/3372
f 3375/3375 3374/3374 3372/3372
f 3378/3378 3377/3377 3376/3376
f 3379/3379 3378/3378 3376/3376
f 3382/3382 3381/3381 3380/3380
f 3383/3383 3382/3382 3380/3380
f 3386/3386 3385/3385 3384/3384
f 3387/3387 3386/3386 3384/3384
f 3390/3390 3389/3389 3388/3388
f 3391/3391 3390/3390 3388/3388
f 3394/3394 3393/3393 3392/3392
f 3395/3395 3394/3394 3392/3392
f 3398/3398 3397/3397 3396/3396
f 3399/3399 3398/3398 3396/3396
f 3402/3402 3401/3401 3400/3400
f 3403/3403 3402/3402 3400/3400
f 3406/3406 3405/3405 3404/3404
f 3407/3407 3406/3406 3404/3404
f 3410/3410 3409/3409 3408/3408
f 3411/3411 3410/3410 3408/3408
f 3414/3414 3413/3413 3412/3412
f 3415/3415 3414/3414 3412/3412
f 3418/3418 3417/3417 3416/3416
f 3419/3419 3418/3418 3416/3416
f 3422/3422 3421/3421 3420/3420
f 3423/3423 3422/3422 3420/3420
f 3422/3422 3424/3424 3421/3421
f 3424/3424 3425/3425 3421/3421
f 3424/3424 3426/3426 3425/3425
f 3426/3426 3427/3427 3425/3425
f 3420/3420 3421/3421 3428/3428
f 3429/3429 3420/3420 3428/3428
f 3429/3429 3428/3428 3430/3430
f 3428/3428 3431/3431 3430/3430
f 3428/3428 3432/3432 3431/3431
f 3421/3421 3425/3425 3432/3432
f 3428/3428 3421/3421 3432/3432
f 3432/3432 3433/3433 3431/3431
f 3432/3432 3434/3434 3433/3433
f 3425/3425 3427/3427 3434/3434
f 3432/3432 3425/3425 3434/3434
f 3434/3434 3435/3435 3433/3433
f 3438/3438 3437/3437 3436/3436
f 3439/3439 3438/3438 3436/3436
f 3440/3440 3438/3438 3439/3439
f 3441/3441 3440/3440 3439/3439
f 3440/3440 3442/3442 3438/3438
f 3442/3442 3443/3443 3438/3438
f 3438/3438 3443/3443 3437/3437
f 3443/3443 3444/3444 3437/3437
f 3442/3442 3445/3445 3443/3443
f 3445/3445 3446/3446 3443/3443
f 3443/3443 3446/3446 3444/3444
f 3446/3446 3447/3447 3444/3444
f 3441/3441 3448/3448 3440/3440
f 3448/3448 3449/3449 3440/3440
f 3440/3440 3449/3449 3442/3442
f 3449/3449 3450/3450 3442/3442
f 3442/3442 3450/3450 3445/3445
f 3450/3450 3451/3451 3445/3445
f 3436/3436 3437/3437 3452/3452
f 3439/3439 3436/3436 3452/3452
f 3444/3444 3447/3447 3453/3453
f 3454/3454 3444/3444 3453/3453
f 3454/3454 3453/3453 3455/3455
f 3454/3454 3455/3455 3456/3456
f 3457/3457 3454/3454 3456/3456
f 3457/3457 3456/3456 3458/3458
f 3452/3452 3457/3457 3458/3458
f 3459/3459 3452/3452 3458/3458
f 3460/3460 3459/3459 3458/3458
f 3460/3460 3461/3461 3459/3459
f 3461/3461 3462/3462 3459/3459
f 3453/3453 3463/3463 3455/3455
f 3463/3463 3453/3453 3464/3464
f 3453/3453 3465/3465 3464/3464
f 3464/3464 3465/3465 3466/3466
f 3465/3465 3467/3467 3466/3466
f 3461/3461 3468/3468 3462/3462
f 3468/3468 3469/3469 3462/3462
f 3468/3468 3470/3470 3469/3469
f 3470/3470 3471/3471 3469/3469
f 3470/3470 3472/3472 3471/3471
f 3472/3472 3473/3473 3471/3471
f 3472/3472 3474/3474 3473/3473
f 3466/3466 3467/3467 3474/3474
f 3474/3474 3475/3475 3473/3473
f 3467/3467 3475/3475 3474/3474
f 3465/3465 3446/3446 3467/3467
f 3447/3447 3446/3446 3465/3465
f 3453/3453 3447/3447 3465/3465
f 3446/3446 3445/3445 3467/3467
f 3467/3467 3445/3445 3475/3475
f 3445/3445 3451/3451 3475/3475
f 3475/3475 3451/3451 3450/3450
f 3473/3473 3475/3475 3450/3450
f 3473/3473 3450/3450 3449/3449
f 3471/3471 3473/3473 3449/3449
f 3471/3471 3449/3449 3448/3448
f 3469/3469 3471/3471 3448/3448
f 3469/3469 3448/3448 3441/3441
f 3462/3462 3469/3469 3441/3441
f 3462/3462 3441/3441 3439/3439
f 3459/3459 3462/3462 3439/3439
f 3459/3459 3439/3439 3452/3452
f 3437/3437 3457/3457 3452/3452
f 3457/3457 3437/3437 3454/3454
f 3437/3437 3444/3444 3454/3454
f 3478/3478 3477/3477 3476/3476
f 3479/3479 3478/3478 3476/3476
f 3479/3479 3476/3476 3480/3480
f 3481/3481 3479/3479 3480/3480
f 3481/3481 3480/3480 3482/3482
f 3480/3480 3483/3483 3482/3482
f 3484/3484 3476/3476 3477/3477
f 3485/3485 3484/3484 3477/3477
f 3486/3486 3484/3484 3485/3485
f 3487/3487 3486/3486 3485/3485
f 3484/3484 3486/3486 3488/3488
f 3488/3488 3480/3480 3476/3476
f 3484/3484 3488/3488 3476/3476
f 3486/3486 3489/3489 3488/3488
f 3489/3489 3490/3490 3488/3488
f 3490/3490 3491/3491 3488/3488
f 3491/3491 3483/3483 3480/3480
f 3488/3488 3491/3491 3480/3480
f 3494/3494 3493/3493 3492/3492
f 3495/3495 3494/3494 3492/3492
f 3492/3492 3493/3493 3496/3496
f 3493/3493 3497/3497 3496/3496
f 3494/3494 3498/3498 3493/3493
f 3498/3498 3499/3499 3493/3493
f 3493/3493 3499/3499 3497/3497
f 3499/3499 3500/3500 3497/3497
f 3498/3498 3501/3501 3499/3499
f 3501/3501 3502/3502 3499/3499
f 3499/3499 3502/3502 3500/3500
f 3502/3502 3503/3503 3500/3500
f 3500/3500 3503/3503 3504/3504
f 3503/3503 3505/3505 3504/3504
f 3500/3500 3504/3504 3506/3506
f 3497/3497 3500/3500 3506/3506
f 3497/3497 3506/3506 3507/3507
f 3496/3496 3497/3497 3507/3507
f 3508/3508 3494/3494 3495/3495
f 3509/3509 3508/3508 3495/3495
f 3510/3510 3508/3508 3509/3509
f 3511/3511 3510/3510 3509/3509
f 3511/3511 3509/3509 3512/3512
f 3509/3509 3513/3513 3512/3512
f 3512/3512 3513/3513 3514/3514
f 3513/3513 3515/3515 3514/3514
f 3508/3508 3510/3510 3516/3516
f 3510/3510 3517/3517 3516/3516
f 3517/3517 3518/3518 3516/3516
f 3518/3518 3519/3519 3516/3516
f 3520/3520 3519/3519 3518/3518
f 3521/3521 3520/3520 3518/3518
f 3521/3521 3522/3522 3520/3520
f 3522/3522 3523/3523 3520/3520
f 3522/3522 3524/3524 3523/3523
f 3524/3524 3525/3525 3523/3523
f 3525/3525 3524/3524 3526/3526
f 3527/3527 3525/3525 3526/3526
f 3527/3527 3526/3526 3528/3528
f 3529/3529 3527/3527 3528/3528
f 3529/3529 3528/3528 3530/3530
f 3531/3531 3529/3529 3530/3530
f 3515/3515 3531/3531 3530/3530
f 3514/3514 3515/3515 3530/3530
f 3515/3515 3496/3496 3531/3531
f 3492/3492 3496/3496 3515/3515
f 3513/3513 3492/3492 3515/3515
f 3495/3495 3492/3492 3513/3513
f 3509/3509 3495/3495 3513/3513
f 3496/3496 3507/3507 3531/3531
f 3531/3531 3507/3507 3529/3529
f 3507/3507 3506/3506 3529/3529
f 3529/3529 3506/3506 3527/3527
f 3506/3506 3504/3504 3527/3527
f 3527/3527 3504/3504 3525/3525
f 3504/3504 3505/3505 3525/3525
f 3525/3525 3505/3505 3503/3503
f 3523/3523 3525/3525 3503/3503
f 3523/3523 3503/3503 3502/3502
f 3520/3520 3523/3523 3502/3502
f 3520/3520 3502/3502 3519/3519
f 3502/3502 3501/3501 3519/3519
f 3519/3519 3501/3501 3498/3498
f 3516/3516 3519/3519 3498/3498
f 3516/3516 3498/3498 3494/3494
f 3508/3508 3516/3516 3494/3494
f 3534/3534 3533/3533 3532/3532
f 3535/3535 3534/3534 3532/3532
f 3532/3532 3533/3533 3536/3536
f 3537/3537 3532/3532 3536/3536
f 3537/3537 3536/3536 3538/3538
f 3536/3536 3539/3539 3538/3538
f 3536/3536 3540/3540 3539/3539
f 3540/3540 3541/3541 3539/3539
f 3540/3540 3542/3542 3541/3541
f 3543/3543 3542/3542 3540/3540
f 3544/3544 3543/3543 3540/3540
f 3544/3544 3540/3540 3536/3536
f 3533/3533 3544/3544 3536/3536
f 3545/3545 3543/3543 3544/3544
f 3546/3546 3545/3545 3544/3544
f 3546/3546 3544/3544 3533/3533
f 3534/3534 3546/3546 3533/3533
f 3542/3542 3547/3547 3541/3541
f 3550/3550 3549/3549 3548/3548
f 3551/3551 3550/3550 3548/3548
f 3551/3551 3552/3552 3550/3550
f 3552/3552 3553/3553 3550/3550
f 3552/3552 3554/3554 3553/3553
f 3554/3554 3555/3555 3553/3553
f 3550/3550 3556/3556 3549/3549
f 3556/3556 3557/3557 3549/3549
f 3556/3556 3558/3558 3557/3557
f 3558/3558 3559/3559 3557/3557
f 3556/3556 3560/3560 3558/3558
f 3550/3550 3553/3553 3560/3560
f 3556/3556 3550/3550 3560/3560
f 3560/3560 3561/3561 3558/3558
f 3560/3560 3562/3562 3561/3561
f 3553/3553 3555/3555 3562/3562
f 3560/3560 3553/3553 3562/3562
f 3562/3562 3563/3563 3561/3561
f 3566/3566 3565/3565 3564/3564
f 3567/3567 3566/3566 3564/3564
f 3566/3566 3568/3568 3565/3565
f 3568/3568 3569/3569 3565/3565
f 3568/3568 3570/3570 3569/3569
f 3570/3570 3571/3571 3569/3569
f 3569/3569 3571/3571 3572/3572
f 3571/3571 3573/3573 3572/3572
f 3569/3569 3572/3572 3574/3574
f 3565/3565 3569/3569 3574/3574
f 3565/3565 3574/3574 3575/3575
f 3564/3564 3565/3565 3575/3575
f 3578/3578 3577/3577 3576/3576
f 3579/3579 3578/3578 3576/3576
f 3576/3576 3577/3577 3580/3580
f 3577/3577 3581/3581 3580/3580
f 3580/3580 3581/3581 3582/3582
f 3581/3581 3583/3583 3582/3582
f 3578/3578 3584/3584 3577/3577
f 3584/3584 3585/3585 3577/3577
f 3577/3577 3585/3585 3581/3581
f 3585/3585 3586/3586 3581/3581
f 3581/3581 3586/3586 3583/3583
f 3586/3586 3587/3587 3583/3583
f 3590/3590 3589/3589 3588/3588
f 3591/3591 3590/3590 3588/3588
f 3590/3590 3592/3592 3589/3589
f 3592/3592 3593/3593 3589/3589
f 3592/3592 3594/3594 3593/3593
f 3594/3594 3595/3595 3593/3593
f 3596/3596 3590/3590 3591/3591
f 3590/3590 3596/3596 3592/3592
f 3597/3597 3596/3596 3591/3591
f 3596/3596 3598/3598 3592/3592
f 3592/3592 3598/3598 3594/3594
f 3598/3598 3599/3599 3594/3594
f 3602/3602 3601/3601 3600/3600
f 3603/3603 3602/3602 3600/3600
f 3603/3603 3604/3604 3602/3602
f 3604/3604 3605/3605 3602/3602
f 3604/3604 3606/3606 3605/3605
f 3606/3606 3607/3607 3605/3605
f 3605/3605 3607/3607 3608/3608
f 3607/3607 3609/3609 3608/3608
f 3605/3605 3608/3608 3610/3610
f 3602/3602 3605/3605 3610/3610
f 3602/3602 3610/3610 3601/3601
f 3610/3610 3611/3611 3601/3601
f 3614/3614 3613/3613 3612/3612
f 3615/3615 3614/3614 3612/3612
f 3614/3614 3616/3616 3613/3613
f 3616/3616 3617/3617 3613/3613
f 3616/3616 3618/3618 3617/3617
f 3618/3618 3619/3619 3617/3617
f 3617/3617 3619/3619 3620/3620
f 3619/3619 3621/3621 3620/3620
f 3620/3620 3621/3621 3622/3622
f 3621/3621 3623/3623 3622/3622
f 3620/3620 3622/3622 3624/3624
f 3625/3625 3620/3620 3624/3624
f 3617/3617 3620/3620 3625/3625
f 3613/3613 3617/3617 3625/3625
f 3625/3625 3624/3624 3626/3626
f 3627/3627 3625/3625 3626/3626
f 3613/3613 3625/3625 3627/3627
f 3612/3612 3613/3613 3627/3627
f 3630/3630 3629/3629 3628/3628
f 3631/3631 3630/3630 3628/3628
f 3628/3628 3629/3629 3632/3632
f 3629/3629 3633/3633 3632/3632
f 3632/3632 3633/3633 3634/3634
f 3633/3633 3635/3635 3634/3634
f 3630/3630 3636/3636 3629/3629
f 3636/3636 3637/3637 3629/3629
f 3629/3629 3637/3637 3633/3633
f 3636/3636 3638/3638 3637/3637
f 3638/3638 3639/3639 3637/3637
f 3637/3637 3639/3639 3640/3640
f 3637/3637 3640/3640 3633/3633
f 3633/3633 3640/3640 3635/3635
f 3639/3639 3641/3641 3640/3640
f 3640/3640 3641/3641 3642/3642
f 3640/3640 3642/3642 3635/3635
f 3641/3641 3643/3643 3642/3642
f 3646/3646 3645/3645 3644/3644
f 3647/3647 3646/3646 3644/3644
f 3646/3646 3648/3648 3645/3645
f 3648/3648 3649/3649 3645/3645
f 3648/3648 3650/3650 3649/3649
f 3650/3650 3651/3651 3649/3649
f 3647/3647 3652/3652 3646/3646
f 3652/3652 3653/3653 3646/3646
f 3646/3646 3653/3653 3648/3648
f 3652/3652 3654/3654 3653/3653
f 3654/3654 3655/3655 3653/3653
f 3653/3653 3655/3655 3656/3656
f 3653/3653 3656/3656 3648/3648
f 3648/3648 3656/3656 3650/3650
f 3655/3655 3657/3657 3656/3656
f 3656/3656 3657/3657 3658/3658
f 3656/3656 3658/3658 3650/3650
f 3657/3657 3659/3659 3658/3658
f 3662/3662 3661/3661 3660/3660
f 3663/3663 3662/3662 3660/3660
f 3662/3662 3663/3663 3664/3664
f 3663/3663 3665/3665 3664/3664
f 3665/3665 3666/3666 3664/3664
f 3666/3666 3667/3667 3664/3664
f 3662/3662 3668/3668 3661/3661
f 3668/3668 3669/3669 3661/3661
f 3668/3668 3670/3670 3669/3669
f 3670/3670 3671/3671 3669/3669
f 3668/3668 3672/3672 3670/3670
f 3664/3664 3667/3667 3672/3672
f 3662/3662 3664/3664 3672/3672
f 3668/3668 3662/3662 3672/3672
f 3672/3672 3673/3673 3670/3670
f 3672/3672 3674/3674 3673/3673
f 3667/3667 3674/3674 3672/3672
f 3674/3674 3675/3675 3673/3673
f 3678/3678 3677/3677 3676/3676
f 3679/3679 3678/3678 3676/3676
f 3678/3678 3680/3680 3677/3677
f 3680/3680 3681/3681 3677/3677
f 3680/3680 3682/3682 3681/3681
f 3682/3682 3683/3683 3681/3681
f 3679/3679 3684/3684 3678/3678
f 3684/3684 3685/3685 3678/3678
f 3678/3678 3685/3685 3680/3680
f 3685/3685 3686/3686 3680/3680
f 3680/3680 3686/3686 3682/3682
f 3686/3686 3687/3687 3682/3682
f 3690/3690 3689/3689 3688/3688
f 3691/3691 3690/3690 3688/3688
f 3688/3688 3689/3689 3692/3692
f 3689/3689 3693/3693 3692/3692
f 3692/3692 3693/3693 3694/3694
f 3693/3693 3695/3695 3694/3694
f 3692/3692 3694/3694 3696/3696
f 3697/3697 3692/3692 3696/3696
f 3688/3688 3692/3692 3697/3697
f 3698/3698 3688/3688 3697/3697
f 3691/3691 3688/3688 3698/3698
f 3699/3699 3691/3691 3698/3698
f 3702/3702 3701/3701 3700/3700
f 3703/3703 3702/3702 3700/3700
f 3701/3701 3702/3702 3704/3704
f 3702/3702 3705/3705 3704/3704
f 3705/3705 3706/3706 3704/3704
f 3706/3706 3707/3707 3704/3704
f 3700/3700 3701/3701 3708/3708
f 3701/3701 3709/3709 3708/3708
f 3701/3701 3704/3704 3709/3709
f 3704/3704 3707/3707 3710/3710
f 3704/3704 3710/3710 3709/3709
f 3707/3707 3711/3711 3710/3710
f 3714/3714 3713/3713 3712/3712
f 3715/3715 3714/3714 3712/3712
f 3715/3715 3716/3716 3714/3714
f 3716/3716 3717/3717 3714/3714
f 3716/3716 3718/3718 3717/3717
f 3718/3718 3719/3719 3717/3717
f 3715/3715 3712/3712 3720/3720
f 3721/3721 3715/3715 3720/3720
f 3715/3715 3721/3721 3716/3716
f 3721/3721 3722/3722 3716/3716
f 3716/3716 3722/3722 3718/3718
f 3722/3722 3723/3723 3718/3718
f 3726/3726 3725/3725 3724/3724
f 3727/3727 3726/3726 3724/3724
f 3726/3726 3728/3728 3725/3725
f 3728/3728 3729/3729 3725/3725
f 3728/3728 3730/3730 3729/3729
f 3730/3730 3731/3731 3729/3729
f 3727/3727 3732/3732 3726/3726
f 3732/3732 3733/3733 3726/3726
f 3726/3726 3733/3733 3728/3728
f 3733/3733 3734/3734 3728/3728
f 3728/3728 3734/3734 3730/3730
f 3734/3734 3735/3735 3730/3730
f 3738/3738 3737/3737 3736/3736
f 3739/3739 3738/3738 3736/3736
f 3736/3736 3737/3737 3740/3740
f 3737/3737 3741/3741 3740/3740
f 3740/3740 3741/3741 3742/3742
f 3741/3741 3743/3743 3742/3742
f 3740/3740 3742/3742 3744/3744
f 3745/3745 3740/3740 3744/3744
f 3736/3736 3740/3740 3745/3745
f 3746/3746 3736/3736 3745/3745
f 3739/3739 3736/3736 3746/3746
f 3747/3747 3739/3739 3746/3746
f 3750/3750 3749/3749 3748/3748
f 3751/3751 3750/3750 3748/3748
f 3749/3749 3750/3750 3752/3752
f 3750/3750 3753/3753 3752/3752
f 3753/3753 3754/3754 3752/3752
f 3754/3754 3755/3755 3752/3752
f 3748/3748 3749/3749 3756/3756
f 3749/3749 3757/3757 3756/3756
f 3749/3749 3752/3752 3757/3757
f 3752/3752 3755/3755 3758/3758
f 3752/3752 3758/3758 3757/3757
f 3755/3755 3759/3759 3758/3758
f 3762/3762 3761/3761 3760/3760
f 3763/3763 3762/3762 3760/3760
f 3763/3763 3764/3764 3762/3762
f 3764/3764 3765/3765 3762/3762
f 3764/3764 3766/3766 3765/3765
f 3766/3766 3767/3767 3765/3765
f 3763/3763 3760/3760 3768/3768
f 3769/3769 3763/3763 3768/3768
f 3763/3763 3769/3769 3764/3764
f 3769/3769 3770/3770 3764/3764
f 3764/3764 3770/3770 3766/3766
f 3770/3770 3771/3771 3766/3766
f 3774/3774 3773/3773 3772/3772
f 3775/3775 3774/3774 3772/3772
f 3772/3772 3773/3773 3776/3776
f 3773/3773 3777/3777 3776/3776
f 3776/3776 3777/3777 3778/3778
f 3777/3777 3779/3779 3778/3778
f 3778/3778 3779/3779 3780/3780
f 3779/3779 3781/3781 3780/3780
f 3780/3780 3781/3781 3782/3782
f 3781/3781 3783/3783 3782/3782
f 3782/3782 3783/3783 3784/3784
f 3783/3783 3785/3785 3784/3784
f 3784/3784 3785/3785 3786/3786
f 3785/3785 3787/3787 3786/3786
f 3786/3786 3787/3787 3788/3788
f 3787/3787 3789/3789 3788/3788
f 3788/3788 3789/3789 3790/3790
f 3789/3789 3791/3791 3790/3790
f 3790/3790 3791/3791 3792/3792
f 3791/3791 3793/3793 3792/3792
f 3792/3792 3793/3793 3794/3794
f 3793/3793 3795/3795 3794/3794
f 3794/3794 3795/3795 3796/3796
f 3795/3795 3797/3797 3796/3796
f 3796/3796 3797/3797 3798/3798
f 3797/3797 3799/3799 3798/3798
f 3802/3802 3801/3801 3800/3800
f 3803/3803 3802/3802 3800/3800
f 3800/3800 3801/3801 3804/3804
f 3801/3801 3805/3805 3804/3804
f 3804/3804 3805/3805 3806/3806
f 3805/3805 3807/3807 3806/3806
f 3806/3806 3807/3807 3808/3808
f 3807/3807 3809/3809 3808/3808
f 3808/3808 3809/3809 3810/3810
f 3809/3809 3811/3811 3810/3810
f 3810/3810 3811/3811 3812/3812
f 3811/3811 3813/3813 3812/3812
f 3812/3812 3813/3813 3814/3814
f 3813/3813 3815/3815 3814/3814
f 3814/3814 3815/3815 3816/3816
f 3815/3815 3817/3817 3816/3816
f 3816/3816 3817/3817 3818/3818
f 3817/3817 3819/3819 3818/3818
f 3818/3818 3819/3819 3820/3820
f 3819/3819 3821/3821 3820/3820
f 3820/3820 3821/3821 3822/3822
f 3821/3821 3823/3823 3822/3822
f 3824/3824 3802/3802 3803/3803
f 3825/3825 3824/3824 3803/3803
f 3826/3826 3824/3824 3825/3825
f 3827/3827 3826/3826 3825/3825
f 3830/3830 3829/3829 3828/3828
f 3831/3831 3830/3830 3828/3828
f 3834/3834 3833/3833 3832/3832
f 3835/3835 3834/3834 3832/3832
f 3836/3836 3834/3834 3835/3835
f 3837/3837 3836/3836 3835/3835
f 3838/3838 3836/3836 3837/3837
f 3839/3839 3838/3838 3837/3837
f 3840/3840 3838/3838 3839/3839
f 3841/3841 3840/3840 3839/3839
f 3842/3842 3840/3840 3841/3841
f 3843/3843 3842/3842 3841/3841
f 3844/3844 3842/3842 3843/3843
f 3845/3845 3844/3844 3843/3843
f 3846/3846 3844/3844 3845/3845
f 3847/3847 3846/3846 3845/3845
f 3848/3848 3846/3846 3847/3847
f 3849/3849 3848/3848 3847/3847
f 3850/3850 3848/3848 3849/3849
f 3851/3851 3850/3850 3849/3849
f 3852/3852 3850/3850 3851/3851
f 3853/3853 3852/3852 3851/3851
f 3854/3854 3852/3852 3853/3853
f 3855/3855 3854/3854 3853/3853
f 3856/3856 3854/3854 3855/3855
f 3857/3857 3856/3856 3855/3855
f 3858/3858 3856/3856 3857/3857
f 3859/3859 3858/3858 3857/3857
f 3862/3862 3861/3861 3860/3860
f 3863/3863 3862/3862 3860/3860
f 3866/3866 3865/3865 3864/3864
f 3867/3867 3866/3866 3864/3864
f 3868/3868 3866/3866 3867/3867
f 3869/3869 3868/3868 3867/3867
f 3872/3872 3871/3871 3870/3870
f 3873/3873 3872/3872 3870/3870
f 3874/3874 3872/3872 3873/3873
f 3875/3875 3874/3874 3873/3873
f 3876/3876 3874/3874 3875/3875
f 3877/3877 3876/3876 3875/3875
f 3878/3878 3876/3876 3877/3877
f 3879/3879 3878/3878 3877/3877
f 3880/3880 3878/3878 3879/3879
f 3881/3881 3880/3880 3879/3879
f 3882/3882 3880/3880 3881/3881
f 3883/3883 3882/3882 3881/3881
f 3884/3884 3882/3882 3883/3883
f 3885/3885 3884/3884 3883/3883
f 3886/3886 3884/3884 3885/3885
f 3887/3887 3886/3886 3885/3885
f 3888/3888 3886/3886 3887/3887
f 3889/3889 3888/3888 3887/3887
f 3890/3890 3888/3888 3889/3889
f 3891/3891 3890/3890 3889/3889
f 3892/3892 3890/3890 3891/3891
f 3893/3893 3892/3892 3891/3891
f 3896/3896 3895/3895 3894/3894
f 3897/3897 3896/3896 3894/3894
f 3898/3898 3894/3894 3895/3895
f 3894/3894 3898/3898 3899/3899
f 3894/3894 3899/3899 3897/3897
f 3898/3898 3900/3900 3899/3899
f 3901/3901 3898/3898 3895/3895
f 3898/3898 3901/3901 3902/3902
f 3898/3898 3902/3902 3900/3900
f 3901/3901 3903/3903 3902/3902
f 3904/3904 3901/3901 3895/3895
f 3901/3901 3904/3904 3903/3903
f 3905/3905 3904/3904 3895/3895
f 3895/3895 3896/3896 3905/3905
f 3906/3906 3904/3904 3905/3905
f 3907/3907 3906/3906 3905/3905
f 3906/3906 3907/3907 3908/3908
f 3908/3908 3907/3907 3909/3909
f 3907/3907 3910/3910 3909/3909
f 3907/3907 3905/3905 3910/3910
f 3911/3911 3906/3906 3908/3908
f 3912/3912 3911/3911 3908/3908
f 3913/3913 3912/3912 3908/3908
f 3908/3908 3909/3909 3913/3913
f 3914/3914 3912/3912 3913/3913
f 3915/3915 3914/3914 3913/3913
f 3916/3916 3906/3906 3911/3911
f 3906/3906 3916/3916 3904/3904
f 3917/3917 3916/3916 3911/3911
f 3911/3911 3912/3912 3917/3917
f 3914/3914 3915/3915 3918/3918
f 3918/3918 3915/3915 3919/3919
f 3915/3915 3920/3920 3919/3919
f 3915/3915 3913/3913 3920/3920
f 3921/3921 3914/3914 3918/3918
f 3922/3922 3921/3921 3918/3918
f 3923/3923 3922/3922 3918/3918
f 3918/3918 3919/3919 3923/3923
f 3924/3924 3922/3922 3923/3923
f 3925/3925 3924/3924 3923/3923
f 3926/3926 3914/3914 3921/3921
f 3914/3914 3926/3926 3912/3912
f 3927/3927 3926/3926 3921/3921
f 3921/3921 3922/3922 3927/3927
f 3924/3924 3925/3925 3928/3928
f 3928/3928 3925/3925 3929/3929
f 3925/3925 3930/3930 3929/3929
f 3925/3925 3923/3923 3930/3930
f 3929/3929 3930/3930 3931/3931
f 3930/3930 3932/3932 3931/3931
f 3933/3933 3924/3924 3928/3928
f 3934/3934 3933/3933 3928/3928
f 3935/3935 3934/3934 3928/3928
f 3928/3928 3929/3929 3935/3935
f 3936/3936 3924/3924 3933/3933
f 3924/3924 3936/3936 3922/3922
f 3937/3937 3936/3936 3933/3933
f 3933/3933 3934/3934 3937/3937
f 3938/3938 3936/3936 3937/3937
f 3939/3939 3938/3938 3937/3937
f 3940/3940 3938/3938 3939/3939
f 3938/3938 3940/3940 3941/3941
f 3938/3938 3941/3941 3936/3936
f 3940/3940 3942/3942 3941/3941
f 3943/3943 3940/3940 3939/3939
f 3944/3944 3943/3943 3939/3939
f 3945/3945 3944/3944 3939/3939
f 3939/3939 3937/3937 3945/3945
f 3940/3940 3943/3943 3946/3946
f 3940/3940 3946/3946 3942/3942
f 3943/3943 3947/3947 3946/3946
f 3943/3943 3944/3944 3947/3947
f 3937/3937 3948/3948 3945/3945
f 3934/3934 3948/3948 3937/3937
f 3941/3941 3949/3949 3936/3936
f 3936/3936 3949/3949 3922/3922
f 3922/3922 3949/3949 3927/3927
f 3946/3946 3950/3950 3942/3942
f 3944/3944 3951/3951 3947/3947
f 3954/3954 3953/3953 3952/3952
f 3931/3931 3954/3954 3952/3952
f 3931/3931 3932/3932 3954/3954
f 3932/3932 3955/3955 3954/3954
f 3956/3956 3955/3955 3932/3932
f 3957/3957 3956/3956 3932/3932
f 3958/3958 3954/3954 3955/3955
f 3954/3954 3958/3958 3953/3953
f 3959/3959 3958/3958 3955/3955
f 3955/3955 3956/3956 3959/3959
f 3931/3931 3952/3952 3929/3929
f 3952/3952 3960/3960 3929/3929
f 3929/3929 3960/3960 3935/3935
f 3932/3932 3930/3930 3957/3957
f 3930/3930 3961/3961 3957/3957
f 3923/3923 3961/3961 3930/3930
f 3919/3919 3961/3961 3923/3923
f 3956/3956 3962/3962 3959/3959
f 3958/3958 3963/3963 3953/3953
f 3899/3899 3964/3964 3897/3897
f 3902/3902 3965/3965 3900/3900
f 3909/3909 3966/3966 3913/3913
f 3913/3913 3966/3966 3920/3920
f 3912/3912 3967/3967 3917/3917
f 3926/3926 3967/3967 3912/3912
f 3896/3896 3968/3968 3905/3905
f 3905/3905 3968/3968 3910/3910
f 3904/3904 3969/3969 3903/3903
f 3916/3916 3969/3969 3904/3904
f 3972/3972 3971/3971 3970/3970
f 3973/3973 3972/3972 3970/3970
f 3976/3976 3975/3975 3974/3974
f 3977/3977 3976/3976 3974/3974
f 3980/3980 3979/3979 3978/3978
f 3981/3981 3980/3980 3978/3978
f 3984/3984 3983/3983 3982/3982
f 3985/3985 3984/3984 3982/3982
f 3988/3988 3987/3987 3986/3986
f 3989/3989 3988/3988 3986/3986
f 3992/3992 3991/3991 3990/3990
f 3993/3993 3992/3992 3990/3990
f 3996/3996 3995/3995 3994/3994
f 3997/3997 3996/3996 3994/3994
f 4000/4000 3999/3999 3998/3998
f 4001/4001 4000/4000 3998/3998
f 4004/4004 4003/4003 4002/4002
f 4005/4005 4004/4004 4002/4002
f 4008/4008 4007/4007 4006/4006
f 4009/4009 4008/4008 4006/4006
f 4012/4012 4011/4011 4010/4010
f 4013/4013 4012/4012 4010/4010
f 4016/4016 4015/4015 4014/4014
f 4017/4017 4016/4016 4014/4014
f 4020/4020 4019/4019 4018/4018
f 4021/4021 4020/4020 4018/4018
f 4020/4020 4022/4022 4019/4019
f 4022/4022 4023/4023 4019/4019
f 4021/4021 4018/4018 4024/4024
f 4025/4025 4021/4021 4024/4024
f 4024/4024 4026/4026 4025/4025
f 4026/4026 4027/4027 4025/4025
f 4026/4026 4028/4028 4027/4027
f 4028/4028 4029/4029 4027/4027
f 4028/4028 4030/4030 4029/4029
f 4030/4030 4031/4031 4029/4029
f 4030/4030 4032/4032 4031/4031
f 4032/4032 4033/4033 4031/4031
f 4036/4036 4035/4035 4034/4034
f 4037/4037 4036/4036 4034/4034
f 4036/4036 4038/4038 4035/4035
f 4038/4038 4039/4039 4035/4035
f 4037/4037 4034/4034 4040/4040
f 4041/4041 4037/4037 4040/4040
f 4040/4040 4042/4042 4041/4041
f 4042/4042 4043/4043 4041/4041
f 4042/4042 4044/4044 4043/4043
f 4044/4044 4045/4045 4043/4043
f 4044/4044 4046/4046 4045/4045
f 4046/4046 4047/4047 4045/4045
f 4046/4046 4048/4048 4047/4047
f 4048/4048 4049/4049 4047/4047
f 4052/4052 4051/4051 4050/4050
f 4053/4053 4052/4052 4050/4050
f 4052/4052 4054/4054 4051/4051
f 4054/4054 4055/4055 4051/4051
f 4053/4053 4050/4050 4056/4056
f 4057/4057 4053/4053 4056/4056
f 4056/4056 4058/4058 4057/4057
f 4058/4058 4059/4059 4057/4057
f 4058/4058 4060/4060 4059/4059
f 4060/4060 4061/4061 4059/4059
f 4060/4060 4062/4062 4061/4061
f 4062/4062 4063/4063 4061/4061
f 4062/4062 4064/4064 4063/4063
f 4064/4064 4065/4065 4063/4063
f 4068/4068 4067/4067 4066/4066
f 4069/4069 4068/4068 4066/4066
f 4068/4068 4070/4070 4067/4067
f 4070/4070 4071/4071 4067/4067
f 4069/4069 4066/4066 4072/4072
f 4073/4073 4069/4069 4072/4072
f 4072/4072 4074/4074 4073/4073
f 4074/4074 4075/4075 4073/4073
f 4074/4074 4076/4076 4075/4075
f 4076/4076 4077/4077 4075/4075
f 4076/4076 4078/4078 4077/4077
f 4078/4078 4079/4079 4077/4077
f 4078/4078 4080/4080 4079/4079
f 4080/4080 4081/4081 4079/4079
f 4084/4084 4083/4083 4082/4082
f 4085/4085 4084/4084 4082/4082
f 4085/4085 4086/4086 4084/4084
f 4086/4086 4087/4087 4084/4084
f 4086/4086 4088/4088 4087/4087
f 4088/4088 4089/4089 4087/4087
f 4088/4088 4090/4090 4089/4089
f 4090/4090 4091/4091 4089/4089
f 4083/4083 4092/4092 4082/4082
f 4092/4092 4093/4093 4082/4082
f 4092/4092 4094/4094 4093/4093
f 4094/4094 4095/4095 4093/4093
f 4094/4094 4096/4096 4095/4095
f 4096/4096 4097/4097 4095/4095
f 4100/4100 4099/4099 4098/4098
f 4101/4101 4100/4100 4098/4098
f 4101/4101 4102/4102 4100/4100
f 4102/4102 4103/4103 4100/4100
f 4102/4102 4104/4104 4103/4103
f 4104/4104 4105/4105 4103/4103
f 4104/4104 4106/4106 4105/4105
f 4106/4106 4107/4107 4105/4105
f 4099/4099 4108/4108 4098/4098
f 4108/4108 4109/4109 4098/4098
f 4108/4108 4110/4110 4109/4109
f 4110/4110 4111/4111 4109/4109
f 4110/4110 4112/4112 4111/4111
f 4112/4112 4113/4113 4111/4111
f 4116/4116 4115/4115 4114/4114
f 4117/4117 4116/4116 4114/4114
f 4117/4117 4118/4118 4116/4116
f 4118/4118 4119/4119 4116/4116
f 4118/4118 4120/4120 4119/4119
f 4120/4120 4121/4121 4119/4119
f 4120/4120 4122/4122 4121/4121
f 4122/4122 4123/4123 4121/4121
f 4115/4115 4124/4124 4114/4114
f 4124/4124 4125/4125 4114/4114
f 4124/4124 4126/4126 4125/4125
f 4126/4126 4127/4127 4125/4125
f 4126/4126 4128/4128 4127/4127
f 4128/4128 4129/4129 4127/4127
f 4132/4132 4131/4131 4130/4130
f 4133/4133 4132/4132 4130/4130
f 4133/4133 4134/4134 4132/4132
f 4134/4134 4135/4135 4132/4132
f 4134/4134 4136/4136 4135/4135
f 4136/4136 4137/4137 4135/4135
f 4136/4136 4138/4138 4137/4137
f 4138/4138 4139/4139 4137/4137
f 4131/4131 4140/4140 4130/4130
f 4140/4140 4141/4141 4130/4130
f 4140/4140 4142/4142 4141/4141
f 4142/4142 4143/4143 4141/4141
f 4142/4142 4144/4144 4143/4143
f 4144/4144 4145/4145 4143/4143
