mtllib SunglassesKhronos.mtl
g LensesExterior
usemtl lens_exterior
v 0.01293 0.01506 0.00381
v 0.01495 0.01280 0.00371
v 0.01654 0.01148 0.00356
v 0.01505 0.01395 0.00377
v 0.01823 0.01015 0.00340
v 0.01100 0.01739 0.00388
v 0.01725 0.01282 0.00371
v 0.02012 0.00878 0.00322
v 0.01362 0.01647 0.00394
v 0.00923 0.01986 0.00390
v 0.01960 0.01167 0.00361
v 0.02232 0.00737 0.00299
v 0.01630 0.01554 0.00398
v 0.01232 0.01910 0.00405
v 0.00771 0.02252 0.00385
v 0.01909 0.01458 0.00396
v 0.01120 0.02189 0.00406
v 0.00652 0.02545 0.00369
v 0.01544 0.01833 0.00417
v 0.01032 0.02489 0.00394
v 0.00567 0.02858 0.00344
v 0.01470 0.02124 0.00424
v 0.00969 0.02803 0.00370
v 0.00513 0.03182 0.00308
v 0.01413 0.02431 0.00415
v 0.01863 0.01754 0.00422
v 0.00932 0.03127 0.00336
v 0.00492 0.03509 0.00263
v 0.01372 0.02749 0.00394
v 0.00919 0.03453 0.00292
v 0.00502 0.03833 0.00208
v 0.01349 0.03072 0.00360
v 0.00931 0.03775 0.00240
v 0.00545 0.04142 0.00147
v 0.01345 0.03397 0.00318
v 0.00969 0.04085 0.00181
v 0.00622 0.04427 0.00083
v 0.01359 0.03718 0.00269
v 0.01033 0.04376 0.00119
v 0.00735 0.04678 0.00022
v 0.01393 0.04030 0.00212
v 0.01123 0.04640 0.00054
v 0.00885 0.04886 -0.00033
v 0.01445 0.04327 0.00150
v 0.01240 0.04868 -0.00011
v 0.01062 0.05060 -0.00084
v 0.01514 0.04602 0.00082
v 0.01377 0.05070 -0.00076
v 0.01258 0.05212 -0.00132
v 0.01601 0.04851 0.00008
v 0.01528 0.05255 -0.00141
v 0.01463 0.05353 -0.00179
v 0.01685 0.05431 -0.00205
v 0.01701 0.05080 -0.00070
v 0.01809 0.05295 -0.00151
v 0.01922 0.05504 -0.00233
v 0.01972 0.04834 0.00019
v 0.02114 0.05332 -0.00165
v 0.02189 0.05571 -0.00262
v 0.02040 0.05088 -0.00070
v 0.02453 0.05361 -0.00184
v 0.02501 0.05627 -0.00293
v 0.02405 0.05093 -0.00079
v 0.02839 0.05382 -0.00212
v 0.02875 0.05668 -0.00328
v 0.02803 0.05095 -0.00099
v 0.02359 0.04818 0.00020
v 0.02767 0.04803 0.00007
v 0.03225 0.05092 -0.00128
v 0.03190 0.04787 -0.00017
v 0.02731 0.04505 0.00103
v 0.03259 0.05394 -0.00245
v 0.03293 0.05695 -0.00367
v 0.03701 0.05394 -0.00283
v 0.03740 0.05705 -0.00407
v 0.03662 0.05082 -0.00163
v 0.04153 0.05383 -0.00324
v 0.04201 0.05700 -0.00450
v 0.04106 0.05066 -0.00201
v 0.03623 0.04769 -0.00049
v 0.04060 0.04747 -0.00085
v 0.04549 0.05041 -0.00240
v 0.04495 0.04721 -0.00122
v 0.04015 0.04427 0.00021
v 0.04604 0.05359 -0.00365
v 0.04660 0.05677 -0.00494
v 0.05038 0.05323 -0.00405
v 0.05099 0.05637 -0.00535
v 0.04979 0.05008 -0.00279
v 0.05443 0.05274 -0.00442
v 0.05499 0.05579 -0.00569
v 0.05388 0.04968 -0.00319
v 0.04922 0.04691 -0.00162
v 0.05334 0.04658 -0.00205
v 0.05764 0.04920 -0.00360
v 0.05724 0.04622 -0.00252
v 0.05282 0.04343 -0.00102
v 0.05803 0.05213 -0.00474
v 0.05843 0.05503 -0.00592
v 0.06106 0.05140 -0.00499
v 0.06112 0.05409 -0.00600
v 0.06098 0.04866 -0.00400
v 0.06365 0.05057 -0.00518
v 0.06325 0.05301 -0.00596
v 0.06400 0.04807 -0.00440
v 0.06086 0.04585 -0.00306
v 0.06426 0.04546 -0.00365
v 0.06682 0.04745 -0.00481
v 0.06753 0.04507 -0.00426
v 0.06439 0.04267 -0.00292
v 0.07072 0.04467 -0.00489
v 0.06952 0.04682 -0.00521
v 0.07160 0.04222 -0.00449
v 0.06595 0.04968 -0.00533
v 0.06811 0.04877 -0.00547
v 0.06501 0.05184 -0.00585
v 0.06659 0.05062 -0.00570
v 0.01794 0.02372 0.00431
v 0.01824 0.02058 0.00435
v 0.02183 0.01989 0.00437
v 0.01774 0.02693 0.00411
v 0.02193 0.01671 0.00418
v 0.01765 0.03018 0.00380
v 0.02204 0.01358 0.00386
v 0.01768 0.03343 0.00339
v 0.02218 0.01047 0.00345
v 0.02491 0.00590 0.00271
v 0.02506 0.00921 0.00321
v 0.02788 0.00445 0.00240
v 0.02521 0.01252 0.00366
v 0.02823 0.00797 0.00291
v 0.03119 0.00313 0.00205
v 0.02535 0.01584 0.00403
v 0.02858 0.01148 0.00339
v 0.03167 0.00683 0.00258
v 0.03481 0.00202 0.00170
v 0.02891 0.01497 0.00378
v 0.03536 0.00587 0.00223
v 0.03871 0.00122 0.00134
v 0.03214 0.01051 0.00306
v 0.03927 0.00517 0.00188
v 0.04272 0.00079 0.00100
v 0.03590 0.00970 0.00272
v 0.03259 0.01416 0.00347
v 0.04328 0.00478 0.00155
v 0.04664 0.00077 0.00069
v 0.03983 0.00909 0.00239
v 0.03641 0.01347 0.00314
v 0.04722 0.00474 0.00122
v 0.05029 0.00124 0.00042
v 0.04383 0.00874 0.00205
v 0.04036 0.01295 0.00281
v 0.05096 0.00510 0.00089
v 0.05350 0.00226 0.00021
v 0.04780 0.00867 0.00170
v 0.04437 0.01263 0.00247
v 0.05437 0.00590 0.00058
v 0.05638 0.00368 0.00004
v 0.05163 0.00892 0.00132
v 0.04837 0.01253 0.00209
v 0.05752 0.00704 0.00026
v 0.05903 0.00537 -0.00010
v 0.05522 0.00952 0.00090
v 0.05228 0.01267 0.00166
v 0.06049 0.00840 -0.00004
v 0.06157 0.00719 -0.00022
v 0.06339 0.00987 -0.00035
v 0.05863 0.01038 0.00046
v 0.06191 0.01142 -0.00001
v 0.06514 0.01255 -0.00049
v 0.05603 0.01309 0.00115
v 0.05967 0.01370 0.00058
v 0.06324 0.01445 -0.00003
v 0.06676 0.01527 -0.00065
v 0.05680 0.01659 0.00126
v 0.06441 0.01748 -0.00011
v 0.06818 0.01802 -0.00085
v 0.06063 0.01699 0.00060
v 0.06540 0.02051 -0.00029
v 0.06934 0.02083 -0.00109
v 0.06146 0.02022 0.00049
v 0.06622 0.02356 -0.00055
v 0.07026 0.02371 -0.00139
v 0.06217 0.02343 0.00025
v 0.05749 0.02000 0.00121
v 0.05811 0.02335 0.00101
v 0.06279 0.02664 -0.00009
v 0.05868 0.02666 0.00069
v 0.05405 0.02334 0.00170
v 0.06688 0.02665 -0.00091
v 0.07098 0.02669 -0.00176
v 0.06742 0.02982 -0.00135
v 0.07153 0.02978 -0.00221
v 0.06331 0.02988 -0.00052
v 0.06785 0.03309 -0.00189
v 0.07194 0.03302 -0.00277
v 0.06376 0.03317 -0.00103
v 0.05919 0.02996 0.00028
v 0.05966 0.03328 -0.00021
v 0.06411 0.03645 -0.00160
v 0.06007 0.03658 -0.00079
v 0.05554 0.03343 0.00053
v 0.06813 0.03635 -0.00247
v 0.07214 0.03626 -0.00337
v 0.06820 0.03950 -0.00308
v 0.07205 0.03937 -0.00396
v 0.06433 0.03964 -0.00224
v 0.06802 0.04244 -0.00369
v 0.06067 0.04291 -0.00220
v 0.06041 0.03980 -0.00145
v 0.05683 0.04316 -0.00156
v 0.05642 0.03999 -0.00074
v 0.05599 0.03674 -0.00005
v 0.05233 0.04022 -0.00015
v 0.04868 0.04371 -0.00055
v 0.05186 0.03694 0.00058
v 0.04817 0.04047 0.00035
v 0.04444 0.04399 -0.00015
v 0.04396 0.04074 0.00077
v 0.04770 0.03718 0.00111
v 0.05140 0.03362 0.00117
v 0.04351 0.03746 0.00155
v 0.05507 0.03008 0.00101
v 0.04724 0.03386 0.00173
v 0.05093 0.03026 0.00165
v 0.05457 0.02673 0.00141
v 0.05045 0.02688 0.00203
v 0.04679 0.03050 0.00221
v 0.04996 0.02344 0.00229
v 0.04307 0.03414 0.00219
v 0.04634 0.02709 0.00257
v 0.04264 0.03078 0.00267
v 0.03930 0.03776 0.00192
v 0.03889 0.03446 0.00256
v 0.04222 0.02738 0.00301
v 0.03971 0.04103 0.00113
v 0.03584 0.04452 0.00055
v 0.03546 0.04133 0.00145
v 0.03155 0.04478 0.00083
v 0.03508 0.03809 0.00221
v 0.03120 0.04164 0.00169
v 0.03472 0.03482 0.00283
v 0.03086 0.03845 0.00242
v 0.02696 0.04198 0.00184
v 0.03850 0.03112 0.00304
v 0.03053 0.03521 0.00302
v 0.03437 0.03150 0.00331
v 0.03812 0.02773 0.00338
v 0.02663 0.03884 0.00253
v 0.03023 0.03193 0.00349
v 0.02633 0.03565 0.00309
v 0.02275 0.04236 0.00186
v 0.03404 0.02815 0.00365
v 0.02240 0.03928 0.00251
v 0.03773 0.02429 0.00355
v 0.02211 0.03612 0.00306
v 0.04179 0.02392 0.00320
v 0.02608 0.03240 0.00356
v 0.04587 0.02363 0.00278
v 0.02996 0.02862 0.00384
v 0.04945 0.01992 0.00239
v 0.03371 0.02474 0.00384
v 0.05349 0.01989 0.00185
v 0.05290 0.01634 0.00185
v 0.04892 0.01629 0.00234
v 0.04539 0.02008 0.00285
v 0.04489 0.01642 0.00275
v 0.04134 0.02037 0.00323
v 0.04087 0.01672 0.00310
v 0.03733 0.02077 0.00357
v 0.03689 0.01717 0.00343
v 0.03338 0.02128 0.00387
v 0.03301 0.01776 0.00375
v 0.02972 0.02526 0.00405
v 0.02947 0.02186 0.00412
v 0.02921 0.01843 0.00404
v 0.02588 0.02912 0.00393
v 0.02548 0.01916 0.00425
v 0.02560 0.02249 0.00429
v 0.02176 0.02312 0.00436
v 0.02174 0.02638 0.00420
v 0.02573 0.02581 0.00418
v 0.02178 0.02965 0.00391
v 0.02190 0.03290 0.00352
v 0.01786 0.03664 0.00292
v 0.01816 0.03977 0.00237
v 0.01858 0.04280 0.00174
v 0.01911 0.04566 0.00102
v 0.02315 0.04534 0.00110
v -0.00900 0.03127 0.00336
v -0.00482 0.03182 0.00308
v -0.00461 0.03509 0.00263
v -0.00888 0.03453 0.00292
v -0.00471 0.03833 0.00208
v -0.00938 0.02803 0.00370
v -0.00535 0.02858 0.00344
v -0.00900 0.03775 0.00240
v -0.00514 0.04142 0.00147
v -0.01001 0.02489 0.00394
v -0.00621 0.02545 0.00369
v -0.00938 0.04085 0.00181
v -0.00591 0.04427 0.00083
v -0.01089 0.02189 0.00406
v -0.00740 0.02252 0.00385
v -0.01002 0.04376 0.00119
v -0.00704 0.04678 0.00022
v -0.01201 0.01910 0.00405
v -0.00891 0.01986 0.00390
v -0.01092 0.04640 0.00054
v -0.00853 0.04886 -0.00033
v -0.01331 0.01647 0.00394
v -0.01068 0.01739 0.00388
v -0.01209 0.04868 -0.00011
v -0.01031 0.05060 -0.00084
v -0.01474 0.01395 0.00377
v -0.01262 0.01506 0.00381
v -0.01623 0.01148 0.00356
v -0.01464 0.01280 0.00371
v -0.01792 0.01015 0.00340
v -0.01694 0.01282 0.00371
v -0.01981 0.00878 0.00322
v -0.01599 0.01554 0.00398
v -0.01928 0.01167 0.00361
v -0.02200 0.00737 0.00299
v -0.01513 0.01833 0.00417
v -0.01878 0.01458 0.00396
v -0.02186 0.01047 0.00345
v -0.02460 0.00590 0.00271
v -0.01832 0.01754 0.00422
v -0.02475 0.00921 0.00321
v -0.02757 0.00445 0.00240
v -0.02173 0.01358 0.00386
v -0.02792 0.00797 0.00291
v -0.03088 0.00313 0.00205
v -0.02490 0.01252 0.00366
v -0.03136 0.00683 0.00258
v -0.03450 0.00202 0.00170
v -0.02827 0.01148 0.00339
v -0.02161 0.01671 0.00418
v -0.03505 0.00587 0.00223
v -0.03840 0.00122 0.00134
v -0.03183 0.01051 0.00306
v -0.03896 0.00517 0.00188
v -0.04240 0.00079 0.00100
v -0.03559 0.00970 0.00272
v -0.04296 0.00478 0.00155
v -0.04632 0.00077 0.00069
v -0.03951 0.00909 0.00239
v -0.04691 0.00474 0.00122
v -0.04998 0.00124 0.00042
v -0.04352 0.00874 0.00205
v -0.05065 0.00510 0.00089
v -0.05319 0.00226 0.00021
v -0.04749 0.00867 0.00170
v -0.05406 0.00590 0.00058
v -0.05606 0.00368 0.00004
v -0.05132 0.00892 0.00132
v -0.05720 0.00704 0.00026
v -0.05871 0.00537 -0.00010
v -0.05491 0.00952 0.00090
v -0.06018 0.00840 -0.00004
v -0.06125 0.00719 -0.00022
v -0.06307 0.00987 -0.00035
v -0.05831 0.01038 0.00046
v -0.06160 0.01142 -0.00001
v -0.06483 0.01255 -0.00049
v -0.05572 0.01309 0.00115
v -0.06292 0.01445 -0.00003
v -0.06645 0.01527 -0.00065
v -0.05936 0.01370 0.00058
v -0.06410 0.01748 -0.00011
v -0.06787 0.01802 -0.00085
v -0.06031 0.01699 0.00060
v -0.06509 0.02051 -0.00029
v -0.06902 0.02083 -0.00109
v -0.06114 0.02022 0.00049
v -0.05648 0.01659 0.00126
v -0.05718 0.02000 0.00121
v -0.06186 0.02343 0.00025
v -0.05780 0.02335 0.00101
v -0.05318 0.01989 0.00185
v -0.06591 0.02356 -0.00055
v -0.06995 0.02371 -0.00139
v -0.06657 0.02665 -0.00091
v -0.07067 0.02669 -0.00176
v -0.06247 0.02664 -0.00009
v -0.06711 0.02982 -0.00135
v -0.07122 0.02978 -0.00221
v -0.06300 0.02988 -0.00052
v -0.05837 0.02666 0.00069
v -0.05888 0.02996 0.00028
v -0.06345 0.03317 -0.00103
v -0.05935 0.03328 -0.00021
v -0.05476 0.03008 0.00101
v -0.06754 0.03309 -0.00189
v -0.07163 0.03302 -0.00277
v -0.06782 0.03635 -0.00247
v -0.07182 0.03626 -0.00337
v -0.06380 0.03645 -0.00160
v -0.06789 0.03950 -0.00308
v -0.07174 0.03937 -0.00396
v -0.06401 0.03964 -0.00224
v -0.05975 0.03658 -0.00079
v -0.06009 0.03980 -0.00145
v -0.06408 0.04267 -0.00292
v -0.06036 0.04291 -0.00220
v -0.05610 0.03999 -0.00074
v -0.06770 0.04244 -0.00369
v -0.07129 0.04222 -0.00449
v -0.06722 0.04507 -0.00426
v -0.07041 0.04467 -0.00489
v -0.06395 0.04546 -0.00365
v -0.06650 0.04745 -0.00481
v -0.06921 0.04682 -0.00521
v -0.06369 0.04807 -0.00440
v -0.06055 0.04585 -0.00306
v -0.06067 0.04866 -0.00400
v -0.06334 0.05057 -0.00518
v -0.06075 0.05140 -0.00499
v -0.05733 0.04920 -0.00360
v -0.06081 0.05409 -0.00600
v -0.06294 0.05301 -0.00596
v -0.05811 0.05503 -0.00592
v -0.06564 0.04968 -0.00533
v -0.06470 0.05184 -0.00585
v -0.06780 0.04877 -0.00547
v -0.06627 0.05062 -0.00570
v -0.01318 0.03072 0.00360
v -0.01313 0.03397 0.00318
v -0.01341 0.02749 0.00394
v -0.01328 0.03718 0.00269
v -0.01381 0.02431 0.00415
v -0.01362 0.04030 0.00212
v -0.01439 0.02124 0.00424
v -0.01793 0.02058 0.00435
v -0.01763 0.02372 0.00431
v -0.02152 0.01989 0.00437
v -0.01742 0.02693 0.00411
v -0.02145 0.02312 0.00436
v -0.02504 0.01584 0.00403
v -0.02517 0.01916 0.00425
v -0.02859 0.01497 0.00378
v -0.02529 0.02249 0.00429
v -0.03228 0.01416 0.00347
v -0.02889 0.01843 0.00404
v -0.03610 0.01347 0.00314
v -0.03270 0.01776 0.00375
v -0.04005 0.01295 0.00281
v -0.03658 0.01717 0.00343
v -0.02916 0.02186 0.00412
v -0.04406 0.01263 0.00247
v -0.04056 0.01672 0.00310
v -0.04805 0.01253 0.00209
v -0.04458 0.01642 0.00275
v -0.05197 0.01267 0.00166
v -0.04861 0.01629 0.00234
v -0.05259 0.01634 0.00185
v -0.04914 0.01992 0.00239
v -0.04508 0.02008 0.00285
v -0.04103 0.02037 0.00323
v -0.04556 0.02363 0.00278
v -0.03702 0.02077 0.00357
v -0.04148 0.02392 0.00320
v -0.03742 0.02429 0.00355
v -0.03306 0.02128 0.00387
v -0.03340 0.02474 0.00384
v -0.02940 0.02526 0.00405
v -0.02542 0.02581 0.00418
v -0.02965 0.02862 0.00384
v -0.02143 0.02638 0.00420
v -0.02557 0.02912 0.00393
v -0.01734 0.03018 0.00380
v -0.01737 0.03343 0.00339
v -0.02147 0.02965 0.00391
v -0.01755 0.03664 0.00292
v -0.02159 0.03290 0.00352
v -0.02576 0.03240 0.00356
v -0.02180 0.03612 0.00306
v -0.01785 0.03977 0.00237
v -0.01413 0.04327 0.00150
v -0.02209 0.03928 0.00251
v -0.01483 0.04602 0.00082
v -0.01827 0.04280 0.00174
v -0.02602 0.03565 0.00309
v -0.01570 0.04851 0.00008
v -0.02992 0.03193 0.00349
v -0.01346 0.05070 -0.00076
v -0.01227 0.05212 -0.00132
v -0.01496 0.05255 -0.00141
v -0.01432 0.05353 -0.00179
v -0.01654 0.05431 -0.00205
v -0.01669 0.05080 -0.00070
v -0.01778 0.05295 -0.00151
v -0.01891 0.05504 -0.00233
v -0.01941 0.04834 0.00019
v -0.02082 0.05332 -0.00165
v -0.02158 0.05571 -0.00262
v -0.02009 0.05088 -0.00070
v -0.02422 0.05361 -0.00184
v -0.02470 0.05627 -0.00293
v -0.02374 0.05093 -0.00079
v -0.02807 0.05382 -0.00212
v -0.02843 0.05668 -0.00328
v -0.02771 0.05095 -0.00099
v -0.02328 0.04818 0.00020
v -0.02736 0.04803 0.00007
v -0.03193 0.05092 -0.00128
v -0.03159 0.04787 -0.00017
v -0.02700 0.04505 0.00103
v -0.03227 0.05394 -0.00245
v -0.03262 0.05695 -0.00367
v -0.03670 0.05394 -0.00283
v -0.03709 0.05705 -0.00407
v -0.03631 0.05082 -0.00163
v -0.04122 0.05383 -0.00324
v -0.04170 0.05700 -0.00450
v -0.04075 0.05066 -0.00201
v -0.03592 0.04769 -0.00049
v -0.04029 0.04747 -0.00085
v -0.04517 0.05041 -0.00240
v -0.04464 0.04721 -0.00122
v -0.03984 0.04427 0.00021
v -0.04573 0.05359 -0.00365
v -0.04629 0.05677 -0.00494
v -0.05007 0.05323 -0.00405
v -0.05067 0.05637 -0.00535
v -0.04948 0.05008 -0.00279
v -0.05412 0.05274 -0.00442
v -0.05468 0.05579 -0.00569
v -0.05356 0.04968 -0.00319
v -0.04891 0.04691 -0.00162
v -0.05302 0.04658 -0.00205
v -0.05693 0.04622 -0.00252
v -0.05772 0.05213 -0.00474
v -0.05652 0.04316 -0.00156
v -0.05251 0.04343 -0.00102
v -0.04836 0.04371 -0.00055
v -0.05202 0.04022 -0.00015
v -0.04413 0.04399 -0.00015
v -0.04786 0.04047 0.00035
v -0.04365 0.04074 0.00077
v -0.05155 0.03694 0.00058
v -0.04739 0.03718 0.00111
v -0.03940 0.04103 0.00113
v -0.05567 0.03674 -0.00005
v -0.05523 0.03343 0.00053
v -0.05109 0.03362 0.00117
v -0.05062 0.03026 0.00165
v -0.04693 0.03386 0.00173
v -0.04319 0.03746 0.00155
v -0.05426 0.02673 0.00141
v -0.05373 0.02334 0.00170
v -0.05014 0.02688 0.00203
v -0.04965 0.02344 0.00229
v -0.04648 0.03050 0.00221
v -0.04602 0.02709 0.00257
v -0.04191 0.02738 0.00301
v -0.04233 0.03078 0.00267
v -0.03781 0.02773 0.00338
v -0.03819 0.03112 0.00304
v -0.04276 0.03414 0.00219
v -0.03858 0.03446 0.00256
v -0.03899 0.03776 0.00192
v -0.03440 0.03482 0.00283
v -0.03477 0.03809 0.00221
v -0.03515 0.04133 0.00145
v -0.03553 0.04452 0.00055
v -0.03124 0.04478 0.00083
v -0.03089 0.04164 0.00169
v -0.03055 0.03845 0.00242
v -0.02665 0.04198 0.00184
v -0.02284 0.04534 0.00110
v -0.02632 0.03884 0.00253
v -0.01879 0.04566 0.00102
v -0.02244 0.04236 0.00186
v -0.03022 0.03521 0.00302
v -0.03405 0.03150 0.00331
v -0.03373 0.02815 0.00365
f 1 2 3
f 3 4 1
f 4 3 5
f 6 1 4
f 5 7 4
f 7 5 8
f 4 9 6
f 9 4 7
f 10 6 9
f 8 11 7
f 11 8 12
f 7 13 9
f 13 7 11
f 9 14 10
f 14 9 13
f 15 10 14
f 11 16 13
f 14 17 15
f 18 15 17
f 13 19 14
f 17 14 19
f 19 13 16
f 17 20 18
f 21 18 20
f 19 22 17
f 20 17 22
f 20 23 21
f 24 21 23
f 22 25 20
f 23 20 25
f 22 19 26
f 16 26 19
f 23 27 24
f 28 24 27
f 27 23 29
f 25 29 23
f 27 30 28
f 31 28 30
f 29 32 27
f 30 27 32
f 30 33 31
f 34 31 33
f 32 35 30
f 33 30 35
f 33 36 34
f 37 34 36
f 35 38 33
f 36 33 38
f 36 39 37
f 40 37 39
f 38 41 36
f 39 36 41
f 39 42 40
f 43 40 42
f 41 44 39
f 42 39 44
f 42 45 43
f 46 43 45
f 44 47 42
f 45 42 47
f 45 48 46
f 49 46 48
f 47 50 45
f 48 45 50
f 48 51 49
f 52 49 51
f 51 53 52
f 51 48 54
f 50 54 48
f 53 51 55
f 54 55 51
f 55 56 53
f 54 50 57
f 56 55 58
f 58 59 56
f 55 54 60
f 60 58 55
f 57 60 54
f 59 58 61
f 61 62 59
f 58 60 63
f 63 61 58
f 62 61 64
f 64 65 62
f 61 63 66
f 66 64 61
f 67 63 60
f 60 57 67
f 68 66 63
f 63 67 68
f 64 66 69
f 66 68 70
f 70 69 66
f 71 68 67
f 69 72 64
f 65 64 72
f 72 73 65
f 73 72 74
f 74 75 73
f 72 69 76
f 76 74 72
f 75 74 77
f 77 78 75
f 74 76 79
f 79 77 74
f 80 76 69
f 69 70 80
f 81 79 76
f 76 80 81
f 77 79 82
f 79 81 83
f 83 82 79
f 84 81 80
f 82 85 77
f 78 77 85
f 85 86 78
f 86 85 87
f 87 88 86
f 85 82 89
f 89 87 85
f 88 87 90
f 90 91 88
f 87 89 92
f 92 90 87
f 93 89 82
f 82 83 93
f 94 92 89
f 89 93 94
f 90 92 95
f 92 94 96
f 96 95 92
f 97 94 93
f 95 98 90
f 91 90 98
f 98 99 91
f 99 98 100
f 100 101 99
f 98 95 102
f 102 100 98
f 101 100 103
f 103 104 101
f 100 102 105
f 105 103 100
f 106 102 95
f 95 96 106
f 107 105 102
f 102 106 107
f 103 105 108
f 105 107 109
f 109 108 105
f 110 107 106
f 108 109 111
f 111 112 108
f 113 111 109
f 114 108 112
f 108 114 103
f 104 103 114
f 112 115 114
f 114 116 104
f 116 114 115
f 115 117 116
f 118 119 120
f 119 118 25
f 25 22 119
f 29 25 118
f 26 119 22
f 118 121 29
f 32 29 121
f 119 26 122
f 122 120 119
f 121 123 32
f 35 32 123
f 124 122 26
f 26 16 124
f 123 125 35
f 38 35 125
f 126 124 16
f 16 11 126
f 12 126 11
f 126 12 127
f 127 128 126
f 124 126 128
f 128 127 129
f 128 130 124
f 122 124 130
f 129 131 128
f 130 128 131
f 131 129 132
f 130 133 122
f 120 122 133
f 131 134 130
f 133 130 134
f 132 135 131
f 134 131 135
f 135 132 136
f 134 137 133
f 136 138 135
f 138 136 139
f 135 140 134
f 140 135 138
f 137 134 140
f 139 141 138
f 141 139 142
f 138 143 140
f 143 138 141
f 140 144 137
f 144 140 143
f 142 145 141
f 145 142 146
f 141 147 143
f 147 141 145
f 143 148 144
f 148 143 147
f 146 149 145
f 149 146 150
f 145 151 147
f 151 145 149
f 147 152 148
f 152 147 151
f 150 153 149
f 153 150 154
f 149 155 151
f 155 149 153
f 151 156 152
f 156 151 155
f 154 157 153
f 157 154 158
f 153 159 155
f 159 153 157
f 155 160 156
f 160 155 159
f 158 161 157
f 161 158 162
f 157 163 159
f 163 157 161
f 159 164 160
f 164 159 163
f 162 165 161
f 165 162 166
f 166 167 165
f 161 168 163
f 168 161 165
f 169 165 167
f 165 169 168
f 167 170 169
f 171 163 168
f 163 171 164
f 172 168 169
f 168 172 171
f 173 169 170
f 169 173 172
f 170 174 173
f 175 171 172
f 176 173 174
f 174 177 176
f 178 172 173
f 173 176 178
f 172 178 175
f 179 176 177
f 177 180 179
f 181 178 176
f 176 179 181
f 182 179 180
f 180 183 182
f 184 181 179
f 179 182 184
f 178 181 185
f 185 175 178
f 181 184 186
f 186 185 181
f 187 184 182
f 188 186 184
f 184 187 188
f 185 186 189
f 182 190 187
f 190 182 183
f 183 191 190
f 192 190 191
f 191 193 192
f 194 187 190
f 190 192 194
f 195 192 193
f 193 196 195
f 197 194 192
f 192 195 197
f 187 194 198
f 198 188 187
f 194 197 199
f 199 198 194
f 200 197 195
f 201 199 197
f 197 200 201
f 198 199 202
f 195 203 200
f 203 195 196
f 196 204 203
f 205 203 204
f 204 206 205
f 207 200 203
f 203 205 207
f 208 205 206
f 206 113 208
f 109 208 113
f 208 109 107
f 107 110 208
f 205 208 110
f 110 207 205
f 207 110 209
f 106 209 110
f 209 106 96
f 209 210 207
f 200 207 210
f 96 211 209
f 210 209 211
f 211 96 94
f 210 201 200
f 94 97 211
f 211 212 210
f 201 210 212
f 212 211 97
f 212 213 201
f 199 201 213
f 213 202 199
f 97 214 212
f 213 212 214
f 214 97 215
f 93 215 97
f 215 93 83
f 214 216 213
f 202 213 216
f 215 217 214
f 216 214 217
f 83 218 215
f 217 215 218
f 218 83 81
f 81 84 218
f 218 219 217
f 219 218 84
f 217 220 216
f 220 217 219
f 221 216 220
f 216 221 202
f 219 222 220
f 223 202 221
f 202 223 198
f 188 198 223
f 220 224 221
f 224 220 222
f 221 225 223
f 225 221 224
f 223 226 188
f 226 223 225
f 186 188 226
f 226 189 186
f 225 227 226
f 189 226 227
f 227 225 228
f 224 228 225
f 227 229 189
f 228 224 230
f 222 230 224
f 228 231 227
f 229 227 231
f 230 232 228
f 231 228 232
f 230 222 233
f 232 230 234
f 233 234 230
f 232 235 231
f 236 233 222
f 222 219 236
f 84 236 219
f 236 84 237
f 80 237 84
f 237 80 70
f 233 236 238
f 237 238 236
f 70 239 237
f 238 237 239
f 239 70 68
f 68 71 239
f 238 240 233
f 234 233 240
f 239 241 238
f 240 238 241
f 241 239 71
f 240 242 234
f 241 243 240
f 242 240 243
f 71 244 241
f 243 241 244
f 245 234 242
f 234 245 232
f 235 232 245
f 243 246 242
f 242 247 245
f 247 242 246
f 245 248 235
f 248 245 247
f 246 243 249
f 244 249 243
f 246 250 247
f 249 251 246
f 250 246 251
f 249 244 252
f 253 247 250
f 247 253 248
f 252 254 249
f 251 249 254
f 255 248 253
f 254 256 251
f 248 255 257
f 257 235 248
f 258 251 256
f 251 258 250
f 235 257 259
f 259 231 235
f 231 259 229
f 260 250 258
f 250 260 253
f 261 229 259
f 262 253 260
f 253 262 255
f 229 261 263
f 263 189 229
f 189 263 185
f 175 185 263
f 263 264 175
f 264 263 261
f 171 175 264
f 264 164 171
f 164 264 265
f 261 265 264
f 265 160 164
f 265 261 266
f 259 266 261
f 266 259 257
f 160 265 267
f 266 267 265
f 267 156 160
f 257 268 266
f 267 266 268
f 268 257 255
f 156 267 269
f 268 269 267
f 269 152 156
f 255 270 268
f 269 268 270
f 270 255 262
f 152 269 271
f 270 271 269
f 271 148 152
f 262 272 270
f 271 270 272
f 148 271 273
f 272 273 271
f 273 144 148
f 272 262 274
f 260 274 262
f 273 272 275
f 274 275 272
f 144 273 276
f 275 276 273
f 276 137 144
f 274 260 277
f 258 277 260
f 137 276 278
f 278 133 137
f 133 278 120
f 279 278 276
f 276 275 279
f 280 120 278
f 278 279 280
f 120 280 118
f 121 118 280
f 280 281 121
f 281 280 279
f 123 121 281
f 279 282 281
f 282 279 275
f 275 274 282
f 277 282 274
f 281 283 123
f 283 281 282
f 282 277 283
f 125 123 283
f 284 283 277
f 283 284 125
f 277 258 284
f 256 284 258
f 285 125 284
f 284 256 285
f 125 285 38
f 41 38 285
f 286 285 256
f 285 286 41
f 256 254 286
f 44 41 286
f 287 286 254
f 286 287 44
f 254 252 287
f 47 44 287
f 287 288 47
f 288 287 252
f 50 47 288
f 288 57 50
f 252 289 288
f 57 288 289
f 289 252 244
f 289 67 57
f 244 71 289
f 67 289 71
f 290 291 292
f 292 293 290
f 293 292 294
f 291 290 295
f 295 296 291
f 294 297 293
f 297 294 298
f 296 295 299
f 299 300 296
f 298 301 297
f 301 298 302
f 300 299 303
f 303 304 300
f 302 305 301
f 305 302 306
f 304 303 307
f 307 308 304
f 306 309 305
f 309 306 310
f 308 307 311
f 311 312 308
f 310 313 309
f 313 310 314
f 312 311 315
f 315 316 312
f 317 318 316
f 316 315 317
f 319 317 315
f 315 320 319
f 320 315 311
f 321 319 320
f 311 322 320
f 322 311 307
f 320 323 321
f 323 320 322
f 324 321 323
f 307 325 322
f 325 307 303
f 322 326 323
f 326 322 325
f 323 327 324
f 327 323 326
f 328 324 327
f 325 329 326
f 327 330 328
f 331 328 330
f 326 332 327
f 330 327 332
f 332 326 329
f 330 333 331
f 334 331 333
f 332 335 330
f 333 330 335
f 333 336 334
f 337 334 336
f 335 338 333
f 336 333 338
f 335 332 339
f 329 339 332
f 336 340 337
f 341 337 340
f 340 336 342
f 338 342 336
f 340 343 341
f 344 341 343
f 342 345 340
f 343 340 345
f 343 346 344
f 347 344 346
f 345 348 343
f 346 343 348
f 346 349 347
f 350 347 349
f 348 351 346
f 349 346 351
f 349 352 350
f 353 350 352
f 351 354 349
f 352 349 354
f 352 355 353
f 356 353 355
f 354 357 352
f 355 352 357
f 355 358 356
f 359 356 358
f 357 360 355
f 358 355 360
f 358 361 359
f 362 359 361
f 361 363 362
f 361 358 364
f 360 364 358
f 363 361 365
f 364 365 361
f 365 366 363
f 364 360 367
f 366 365 368
f 368 369 366
f 365 364 370
f 370 368 365
f 367 370 364
f 369 368 371
f 371 372 369
f 368 370 373
f 373 371 368
f 372 371 374
f 374 375 372
f 371 373 376
f 376 374 371
f 377 373 370
f 370 367 377
f 378 376 373
f 373 377 378
f 374 376 379
f 376 378 380
f 380 379 376
f 381 378 377
f 379 382 374
f 375 374 382
f 382 383 375
f 383 382 384
f 384 385 383
f 382 379 386
f 386 384 382
f 385 384 387
f 387 388 385
f 384 386 389
f 389 387 384
f 390 386 379
f 379 380 390
f 391 389 386
f 386 390 391
f 387 389 392
f 389 391 393
f 393 392 389
f 394 391 390
f 392 395 387
f 388 387 395
f 395 396 388
f 396 395 397
f 397 398 396
f 395 392 399
f 399 397 395
f 398 397 400
f 400 401 398
f 397 399 402
f 402 400 397
f 403 399 392
f 392 393 403
f 404 402 399
f 399 403 404
f 400 402 405
f 402 404 406
f 406 405 402
f 407 404 403
f 405 408 400
f 401 400 408
f 408 409 401
f 409 408 410
f 410 411 409
f 408 405 412
f 412 410 408
f 411 410 413
f 413 414 411
f 410 412 415
f 415 413 410
f 416 412 405
f 405 406 416
f 417 415 412
f 412 416 417
f 413 415 418
f 415 417 419
f 419 418 415
f 420 417 416
f 418 419 421
f 421 422 418
f 423 421 419
f 424 418 422
f 418 424 413
f 414 413 424
f 422 425 424
f 424 426 414
f 426 424 425
f 425 427 426
f 428 290 293
f 293 429 428
f 429 293 297
f 290 428 430
f 430 295 290
f 297 431 429
f 431 297 301
f 295 430 432
f 432 299 295
f 301 433 431
f 433 301 305
f 299 432 434
f 434 303 299
f 303 434 325
f 329 325 434
f 434 435 329
f 435 434 432
f 339 329 435
f 432 436 435
f 436 432 430
f 435 437 339
f 437 435 436
f 430 438 436
f 438 430 428
f 436 439 437
f 439 436 438
f 440 339 437
f 339 440 335
f 338 335 440
f 437 441 440
f 441 437 439
f 440 442 338
f 442 440 441
f 342 338 442
f 439 443 441
f 442 444 342
f 345 342 444
f 441 445 442
f 444 442 445
f 445 441 443
f 444 446 345
f 348 345 446
f 445 447 444
f 446 444 447
f 446 448 348
f 351 348 448
f 447 449 446
f 448 446 449
f 447 445 450
f 443 450 445
f 448 451 351
f 354 351 451
f 451 448 452
f 449 452 448
f 451 453 354
f 357 354 453
f 452 454 451
f 453 451 454
f 453 455 357
f 360 357 455
f 455 367 360
f 455 453 456
f 454 456 453
f 367 455 457
f 456 457 455
f 457 377 367
f 377 457 381
f 457 456 458
f 458 381 457
f 456 454 459
f 459 458 456
f 460 459 454
f 454 452 460
f 458 459 461
f 462 460 452
f 452 449 462
f 459 460 463
f 463 461 459
f 460 462 464
f 464 463 460
f 465 462 449
f 449 447 465
f 450 465 447
f 462 465 466
f 466 464 462
f 465 450 467
f 467 466 465
f 468 467 450
f 450 443 468
f 466 467 469
f 470 468 443
f 443 439 470
f 438 470 439
f 467 468 471
f 470 438 472
f 428 472 438
f 472 428 429
f 471 469 467
f 429 473 472
f 473 429 431
f 474 472 473
f 472 474 470
f 468 470 474
f 474 471 468
f 431 475 473
f 473 476 474
f 471 474 476
f 476 473 475
f 475 431 433
f 476 477 471
f 469 471 477
f 475 478 476
f 477 476 478
f 433 479 475
f 478 475 479
f 479 433 480
f 305 480 433
f 480 305 309
f 479 481 478
f 309 482 480
f 480 483 479
f 483 480 482
f 481 479 483
f 482 309 313
f 484 478 481
f 478 484 477
f 313 485 482
f 486 477 484
f 477 486 469
f 485 313 487
f 314 487 313
f 487 314 488
f 488 489 487
f 489 488 490
f 490 491 489
f 492 487 489
f 487 492 485
f 493 489 491
f 489 493 492
f 491 494 493
f 495 485 492
f 496 493 494
f 494 497 496
f 498 492 493
f 493 496 498
f 492 498 495
f 499 496 497
f 497 500 499
f 501 498 496
f 496 499 501
f 502 499 500
f 500 503 502
f 504 501 499
f 499 502 504
f 498 501 505
f 505 495 498
f 501 504 506
f 506 505 501
f 507 504 502
f 508 506 504
f 504 507 508
f 505 506 509
f 502 510 507
f 510 502 503
f 503 511 510
f 512 510 511
f 511 513 512
f 514 507 510
f 510 512 514
f 515 512 513
f 513 516 515
f 517 514 512
f 512 515 517
f 507 514 518
f 518 508 507
f 514 517 519
f 519 518 514
f 520 517 515
f 521 519 517
f 517 520 521
f 518 519 522
f 515 523 520
f 523 515 516
f 516 524 523
f 525 523 524
f 524 526 525
f 527 520 523
f 523 525 527
f 528 525 526
f 526 529 528
f 530 527 525
f 525 528 530
f 520 527 531
f 531 521 520
f 527 530 532
f 532 531 527
f 420 530 528
f 533 532 530
f 530 420 533
f 528 534 420
f 534 528 529
f 529 423 534
f 419 534 423
f 534 419 417
f 417 420 534
f 416 533 420
f 533 416 406
f 406 535 533
f 535 406 404
f 532 533 535
f 404 407 535
f 535 536 532
f 536 535 407
f 531 532 536
f 536 537 531
f 521 531 537
f 407 538 536
f 537 536 538
f 537 539 521
f 519 521 539
f 539 522 519
f 539 537 540
f 538 540 537
f 522 539 541
f 540 541 539
f 540 538 542
f 541 540 543
f 542 543 540
f 541 544 522
f 545 542 538
f 538 407 545
f 403 545 407
f 545 403 393
f 393 546 545
f 542 545 546
f 546 393 391
f 391 394 546
f 546 547 542
f 547 546 394
f 543 542 547
f 394 548 547
f 547 549 543
f 549 547 548
f 550 543 549
f 543 550 541
f 544 541 550
f 548 394 551
f 390 551 394
f 551 390 380
f 380 552 551
f 552 380 378
f 378 381 552
f 551 553 548
f 553 551 552
f 554 552 381
f 552 554 553
f 381 458 554
f 461 554 458
f 555 548 553
f 548 555 549
f 556 553 554
f 554 461 556
f 553 556 555
f 557 556 461
f 461 463 557
f 558 555 556
f 556 557 558
f 559 557 463
f 463 464 559
f 560 558 557
f 557 559 560
f 555 558 561
f 561 549 555
f 549 561 550
f 562 561 558
f 558 560 562
f 563 550 561
f 561 562 563
f 550 563 544
f 564 562 560
f 565 563 562
f 562 564 565
f 566 544 563
f 563 565 566
f 544 566 567
f 567 522 544
f 522 567 518
f 508 518 567
f 567 568 508
f 568 567 566
f 506 508 568
f 568 509 506
f 566 569 568
f 509 568 569
f 569 566 565
f 565 570 569
f 570 565 564
f 569 571 509
f 571 569 570
f 572 509 571
f 509 572 505
f 495 505 572
f 570 573 571
f 572 574 495
f 485 495 574
f 574 482 485
f 482 574 483
f 574 572 575
f 575 483 574
f 571 575 572
f 483 575 481
f 575 571 573
f 573 481 575
f 481 573 484
f 576 484 573
f 573 570 576
f 484 576 486
f 564 576 570
f 576 564 577
f 577 486 576
f 560 577 564
f 577 560 559
f 486 577 578
f 559 578 577
f 578 469 486
f 578 559 464
f 469 578 466
f 464 466 578
g LensesInterior
usemtl lens_interior
v 0.01653 0.01149 0.00340
v 0.01492 0.01277 0.00356
v 0.01293 0.01507 0.00365
v 0.01506 0.01396 0.00361
v 0.01100 0.01740 0.00372
v 0.01823 0.01016 0.00324
v 0.01363 0.01648 0.00378
v 0.00923 0.01986 0.00374
v 0.01725 0.01284 0.00355
v 0.02012 0.00880 0.00306
v 0.01233 0.01911 0.00389
v 0.00772 0.02252 0.00368
v 0.01631 0.01555 0.00381
v 0.01960 0.01169 0.00345
v 0.02231 0.00739 0.00283
v 0.01545 0.01834 0.00400
v 0.02217 0.01049 0.00329
v 0.02491 0.00592 0.00255
v 0.01910 0.01459 0.00380
v 0.02506 0.00923 0.00305
v 0.02787 0.00448 0.00224
v 0.02204 0.01360 0.00370
v 0.02823 0.00799 0.00275
v 0.03118 0.00315 0.00189
v 0.02520 0.01254 0.00350
v 0.01864 0.01755 0.00406
v 0.03166 0.00685 0.00242
v 0.03480 0.00205 0.00154
v 0.02857 0.01150 0.00323
v 0.03535 0.00590 0.00207
v 0.03870 0.00124 0.00118
v 0.03214 0.01053 0.00290
v 0.03926 0.00520 0.00172
v 0.04270 0.00081 0.00084
v 0.03589 0.00972 0.00256
v 0.04326 0.00480 0.00139
v 0.04662 0.00080 0.00053
v 0.03982 0.00911 0.00223
v 0.04721 0.00476 0.00106
v 0.05027 0.00127 0.00026
v 0.04382 0.00876 0.00189
v 0.05095 0.00512 0.00073
v 0.05348 0.00228 0.00005
v 0.04778 0.00869 0.00154
v 0.05435 0.00592 0.00042
v 0.05635 0.00370 -0.00012
v 0.05161 0.00893 0.00116
v 0.05749 0.00705 0.00010
v 0.05901 0.00538 -0.00026
v 0.05520 0.00953 0.00074
v 0.06047 0.00841 -0.00020
v 0.06155 0.00720 -0.00038
v 0.06336 0.00988 -0.00051
v 0.05860 0.01040 0.00030
v 0.06189 0.01144 -0.00017
v 0.06511 0.01256 -0.00065
v 0.05601 0.01310 0.00099
v 0.06321 0.01446 -0.00019
v 0.06673 0.01528 -0.00081
v 0.05965 0.01371 0.00042
v 0.06438 0.01748 -0.00027
v 0.06815 0.01803 -0.00101
v 0.06060 0.01699 0.00044
v 0.06537 0.02050 -0.00045
v 0.06930 0.02083 -0.00125
v 0.06143 0.02022 0.00033
v 0.05677 0.01660 0.00110
v 0.05746 0.02000 0.00105
v 0.06214 0.02342 0.00009
v 0.05809 0.02334 0.00085
v 0.05347 0.01989 0.00169
v 0.06619 0.02355 -0.00071
v 0.07023 0.02370 -0.00155
v 0.06685 0.02664 -0.00107
v 0.07095 0.02667 -0.00192
v 0.06275 0.02662 -0.00024
v 0.06739 0.02980 -0.00151
v 0.07150 0.02976 -0.00237
v 0.06328 0.02986 -0.00068
v 0.05865 0.02664 0.00054
v 0.05917 0.02994 0.00012
v 0.06373 0.03315 -0.00118
v 0.05963 0.03326 -0.00037
v 0.05504 0.03007 0.00085
v 0.06782 0.03307 -0.00204
v 0.07191 0.03299 -0.00293
v 0.06809 0.03632 -0.00263
v 0.07210 0.03623 -0.00352
v 0.06408 0.03643 -0.00176
v 0.06816 0.03947 -0.00324
v 0.07201 0.03934 -0.00411
v 0.06429 0.03961 -0.00239
v 0.06004 0.03655 -0.00094
v 0.06038 0.03977 -0.00160
v 0.06435 0.04263 -0.00308
v 0.06064 0.04287 -0.00236
v 0.05639 0.03996 -0.00090
v 0.06798 0.04240 -0.00385
v 0.07156 0.04218 -0.00464
v 0.06749 0.04502 -0.00442
v 0.07069 0.04463 -0.00505
v 0.06423 0.04542 -0.00380
v 0.06678 0.04741 -0.00496
v 0.06949 0.04677 -0.00536
v 0.06397 0.04803 -0.00455
v 0.06083 0.04580 -0.00322
v 0.06095 0.04861 -0.00415
v 0.06362 0.05052 -0.00533
v 0.06103 0.05134 -0.00514
v 0.05761 0.04915 -0.00375
v 0.06109 0.05403 -0.00615
v 0.06323 0.05295 -0.00612
v 0.05840 0.05497 -0.00607
v 0.06592 0.04964 -0.00549
v 0.06499 0.05179 -0.00600
v 0.06808 0.04873 -0.00562
v 0.06659 0.05060 -0.00586
v 0.00493 0.03507 0.00247
v 0.00919 0.03450 0.00276
v 0.00932 0.03125 0.00320
v 0.00503 0.03830 0.00192
v 0.00514 0.03180 0.00292
v 0.00932 0.03772 0.00224
v 0.00546 0.04138 0.00131
v 0.00970 0.02802 0.00354
v 0.00568 0.02857 0.00328
v 0.00970 0.04082 0.00165
v 0.00623 0.04423 0.00068
v 0.01033 0.02488 0.00378
v 0.00653 0.02545 0.00353
v 0.01034 0.04372 0.00103
v 0.00736 0.04674 0.00007
v 0.01121 0.02189 0.00390
v 0.01471 0.02124 0.00407
v 0.01413 0.02430 0.00399
v 0.01825 0.02058 0.00419
v 0.01373 0.02747 0.00377
v 0.01794 0.02372 0.00414
v 0.02192 0.01672 0.00402
v 0.02183 0.01989 0.00420
v 0.02534 0.01585 0.00386
v 0.02176 0.02311 0.00420
v 0.02890 0.01498 0.00361
v 0.02548 0.01916 0.00409
v 0.03258 0.01418 0.00331
v 0.02920 0.01844 0.00387
v 0.03640 0.01349 0.00297
v 0.03300 0.01777 0.00359
v 0.02560 0.02248 0.00413
v 0.04035 0.01297 0.00265
v 0.03688 0.01718 0.00327
v 0.04436 0.01265 0.00231
v 0.04086 0.01673 0.00294
v 0.04835 0.01255 0.00193
v 0.04488 0.01644 0.00259
v 0.05226 0.01269 0.00150
v 0.04890 0.01630 0.00218
v 0.05288 0.01635 0.00169
v 0.04943 0.01992 0.00223
v 0.04538 0.02009 0.00269
v 0.04133 0.02037 0.00307
v 0.04585 0.02363 0.00262
v 0.03732 0.02078 0.00341
v 0.04178 0.02391 0.00304
v 0.03772 0.02429 0.00339
v 0.03336 0.02128 0.00371
v 0.03370 0.02474 0.00368
v 0.02946 0.02186 0.00396
v 0.02971 0.02525 0.00389
v 0.02573 0.02580 0.00402
v 0.02174 0.02637 0.00404
v 0.02588 0.02910 0.00376
v 0.01774 0.02692 0.00395
v 0.02178 0.02963 0.00375
v 0.01350 0.03070 0.00344
v 0.01345 0.03395 0.00302
v 0.01765 0.03016 0.00364
v 0.01360 0.03716 0.00253
v 0.01769 0.03340 0.00323
v 0.02190 0.03288 0.00336
v 0.01786 0.03661 0.00276
v 0.01393 0.04027 0.00196
v 0.02211 0.03610 0.00290
v 0.01817 0.03974 0.00221
v 0.01445 0.04323 0.00134
v 0.02607 0.03238 0.00339
v 0.02240 0.03925 0.00235
v 0.02996 0.02860 0.00367
v 0.02633 0.03562 0.00293
v 0.03022 0.03192 0.00332
v 0.03403 0.02814 0.00349
v 0.03052 0.03519 0.00285
v 0.03811 0.02772 0.00321
v 0.03436 0.03149 0.00315
v 0.04220 0.02737 0.00285
v 0.03849 0.03110 0.00288
v 0.03470 0.03479 0.00267
v 0.04632 0.02708 0.00241
v 0.04263 0.03076 0.00251
v 0.03888 0.03444 0.00240
v 0.04994 0.02343 0.00212
v 0.04677 0.03048 0.00205
v 0.05402 0.02334 0.00154
v 0.05043 0.02687 0.00187
v 0.05455 0.02672 0.00125
v 0.05091 0.03025 0.00149
v 0.05137 0.03360 0.00102
v 0.04722 0.03384 0.00157
v 0.04305 0.03412 0.00203
v 0.05551 0.03341 0.00037
v 0.05596 0.03671 -0.00021
v 0.05184 0.03691 0.00042
v 0.04768 0.03715 0.00095
v 0.05231 0.04018 -0.00030
v 0.04815 0.04043 0.00020
v 0.04349 0.03743 0.00140
v 0.04394 0.04071 0.00062
v 0.03928 0.03773 0.00176
v 0.03970 0.04099 0.00098
v 0.03507 0.03806 0.00205
v 0.03545 0.04129 0.00129
v 0.03085 0.03842 0.00226
v 0.03119 0.04160 0.00154
v 0.02663 0.03881 0.00237
v 0.02696 0.04194 0.00168
v 0.02275 0.04233 0.00171
v 0.01859 0.04276 0.00158
v 0.02315 0.04529 0.00094
v 0.01911 0.04562 0.00086
v 0.01515 0.04598 0.00066
v 0.02731 0.04500 0.00087
v 0.01972 0.04829 0.00004
v 0.03154 0.04473 0.00068
v 0.02359 0.04813 0.00005
v 0.02766 0.04798 -0.00008
v 0.03583 0.04448 0.00039
v 0.03189 0.04782 -0.00032
v 0.04013 0.04422 0.00005
v 0.03622 0.04764 -0.00064
v 0.04442 0.04395 -0.00031
v 0.04058 0.04742 -0.00100
v 0.04866 0.04367 -0.00071
v 0.04493 0.04716 -0.00137
v 0.05280 0.04339 -0.00117
v 0.04920 0.04686 -0.00177
v 0.05681 0.04312 -0.00172
v 0.05331 0.04653 -0.00220
v 0.05721 0.04617 -0.00268
v 0.05385 0.04962 -0.00335
v 0.04977 0.05003 -0.00295
v 0.04547 0.05036 -0.00255
v 0.05036 0.05317 -0.00420
v 0.04105 0.05061 -0.00216
v 0.04602 0.05354 -0.00380
v 0.04152 0.05378 -0.00339
v 0.03660 0.05077 -0.00178
v 0.03700 0.05389 -0.00298
v 0.04200 0.05694 -0.00465
v 0.04658 0.05671 -0.00509
v 0.03739 0.05700 -0.00422
v 0.03292 0.05689 -0.00382
v 0.05096 0.05631 -0.00550
v 0.03258 0.05388 -0.00260
v 0.02874 0.05662 -0.00344
v 0.05441 0.05268 -0.00457
v 0.05497 0.05573 -0.00584
v 0.05801 0.05207 -0.00489
v 0.01124 0.04635 0.00038
v 0.00885 0.04881 -0.00049
v 0.01241 0.04863 -0.00026
v 0.01063 0.05055 -0.00100
v 0.01601 0.04846 -0.00008
v 0.01378 0.05065 -0.00091
v 0.01259 0.05207 -0.00148
v 0.01528 0.05249 -0.00156
v 0.01464 0.05348 -0.00194
v 0.01685 0.05425 -0.00221
v 0.01701 0.05074 -0.00085
v 0.01809 0.05290 -0.00166
v 0.01922 0.05498 -0.00248
v 0.02040 0.05082 -0.00085
v 0.02113 0.05326 -0.00180
v 0.02189 0.05565 -0.00277
v 0.02405 0.05087 -0.00094
v 0.02452 0.05355 -0.00200
v 0.02501 0.05621 -0.00308
v 0.02802 0.05089 -0.00114
v 0.02838 0.05377 -0.00227
v 0.03223 0.05086 -0.00143
v -0.00462 0.03507 0.00247
v -0.00483 0.03180 0.00292
v -0.00901 0.03125 0.00320
v -0.00888 0.03450 0.00276
v -0.00472 0.03830 0.00192
v -0.00939 0.02802 0.00354
v -0.00536 0.02857 0.00328
v -0.00901 0.03772 0.00224
v -0.00515 0.04138 0.00131
v -0.01002 0.02488 0.00378
v -0.00622 0.02545 0.00353
v -0.00939 0.04082 0.00165
v -0.00592 0.04423 0.00068
v -0.01089 0.02189 0.00390
v -0.00740 0.02252 0.00368
v -0.01002 0.04372 0.00103
v -0.00704 0.04674 0.00007
v -0.01201 0.01911 0.00389
v -0.00892 0.01986 0.00374
v -0.01093 0.04635 0.00038
v -0.00854 0.04881 -0.00049
v -0.01332 0.01648 0.00378
v -0.01069 0.01740 0.00372
v -0.01209 0.04863 -0.00026
v -0.01031 0.05055 -0.00100
v -0.01474 0.01396 0.00361
v -0.01262 0.01507 0.00365
v -0.01461 0.01277 0.00356
v -0.01622 0.01149 0.00340
v -0.01792 0.01016 0.00324
v -0.01694 0.01284 0.00355
v -0.01981 0.00880 0.00306
v -0.01600 0.01555 0.00381
v -0.01929 0.01169 0.00345
v -0.02200 0.00739 0.00283
v -0.01514 0.01834 0.00400
v -0.01878 0.01459 0.00380
v -0.02186 0.01049 0.00329
v -0.02459 0.00592 0.00255
v -0.01440 0.02124 0.00407
v -0.01833 0.01755 0.00406
v -0.02173 0.01360 0.00370
v -0.01382 0.02430 0.00399
v -0.01793 0.02058 0.00419
v -0.01341 0.02747 0.00377
v -0.01763 0.02372 0.00414
v -0.02161 0.01672 0.00402
v -0.01318 0.03070 0.00344
v -0.01743 0.02692 0.00395
v -0.01314 0.03395 0.00302
v -0.01734 0.03016 0.00364
v -0.01329 0.03716 0.00253
v -0.01738 0.03340 0.00323
v -0.01362 0.04027 0.00196
v -0.01755 0.03661 0.00276
v -0.01414 0.04323 0.00134
v -0.01786 0.03974 0.00221
v -0.01483 0.04598 0.00066
v -0.01827 0.04276 0.00158
v -0.02180 0.03610 0.00290
v -0.01570 0.04846 -0.00008
v -0.02209 0.03925 0.00235
v -0.01879 0.04562 0.00086
v -0.02244 0.04233 0.00171
v -0.02601 0.03562 0.00293
v -0.02631 0.03881 0.00237
v -0.02284 0.04529 0.00094
v -0.02664 0.04194 0.00168
v -0.01941 0.04829 0.00004
v -0.02699 0.04500 0.00087
v -0.02327 0.04813 0.00005
v -0.01670 0.05074 -0.00085
v -0.02009 0.05082 -0.00085
v -0.01346 0.05065 -0.00091
v -0.01227 0.05207 -0.00148
v -0.01497 0.05249 -0.00156
v -0.01432 0.05348 -0.00194
v -0.01654 0.05425 -0.00221
v -0.01778 0.05290 -0.00166
v -0.01891 0.05498 -0.00248
v -0.02082 0.05326 -0.00180
v -0.02157 0.05565 -0.00277
v -0.02373 0.05087 -0.00094
v -0.02421 0.05355 -0.00200
v -0.02470 0.05621 -0.00308
v -0.02735 0.04798 -0.00008
v -0.02771 0.05089 -0.00114
v -0.02806 0.05377 -0.00227
v -0.02843 0.05662 -0.00344
v -0.03158 0.04782 -0.00032
v -0.03226 0.05388 -0.00260
v -0.03260 0.05689 -0.00382
v -0.03192 0.05086 -0.00143
v -0.03668 0.05389 -0.00298
v -0.03708 0.05700 -0.00422
v -0.03629 0.05077 -0.00178
v -0.04121 0.05378 -0.00339
v -0.04168 0.05694 -0.00465
v -0.04073 0.05061 -0.00216
v -0.03590 0.04764 -0.00064
v -0.04027 0.04742 -0.00100
v -0.04516 0.05036 -0.00255
v -0.04462 0.04716 -0.00137
v -0.03982 0.04422 0.00005
v -0.04571 0.05354 -0.00380
v -0.04627 0.05671 -0.00509
v -0.05005 0.05317 -0.00420
v -0.05065 0.05631 -0.00550
v -0.04946 0.05003 -0.00295
v -0.05409 0.05268 -0.00457
v -0.05465 0.05573 -0.00584
v -0.05354 0.04962 -0.00335
v -0.04889 0.04686 -0.00177
v -0.05300 0.04653 -0.00220
v -0.05730 0.04915 -0.00375
v -0.05690 0.04617 -0.00268
v -0.05249 0.04339 -0.00117
v -0.05770 0.05207 -0.00489
v -0.05809 0.05497 -0.00607
v -0.06072 0.05134 -0.00514
v -0.06078 0.05403 -0.00615
v -0.06064 0.04861 -0.00415
v -0.06331 0.05052 -0.00533
v -0.06291 0.05295 -0.00612
v -0.06366 0.04803 -0.00455
v -0.06052 0.04580 -0.00322
v -0.06392 0.04542 -0.00380
v -0.06647 0.04741 -0.00496
v -0.06718 0.04502 -0.00442
v -0.06404 0.04263 -0.00308
v -0.07038 0.04463 -0.00505
v -0.06918 0.04677 -0.00536
v -0.07125 0.04218 -0.00464
v -0.06561 0.04964 -0.00549
v -0.06777 0.04873 -0.00562
v -0.06468 0.05179 -0.00600
v -0.06628 0.05060 -0.00586
v -0.02147 0.02963 0.00375
v -0.02159 0.03288 0.00336
v -0.02143 0.02637 0.00404
v -0.02576 0.03238 0.00339
v -0.02557 0.02910 0.00376
v -0.02541 0.02580 0.00402
v -0.02964 0.02860 0.00367
v -0.02991 0.03192 0.00332
v -0.03021 0.03519 0.00285
v -0.02940 0.02525 0.00389
v -0.03054 0.03842 0.00226
v -0.03088 0.04160 0.00154
v -0.03439 0.03479 0.00267
v -0.03123 0.04473 0.00068
v -0.03476 0.03806 0.00205
v -0.03552 0.04448 0.00039
v -0.03513 0.04129 0.00129
v -0.03939 0.04099 0.00098
v -0.03897 0.03773 0.00176
v -0.03857 0.03444 0.00240
v -0.04318 0.03743 0.00140
v -0.04274 0.03412 0.00203
v -0.03818 0.03110 0.00288
v -0.04363 0.04071 0.00062
v -0.04232 0.03076 0.00251
v -0.04411 0.04395 -0.00031
v -0.04834 0.04367 -0.00071
v -0.04784 0.04043 0.00020
v -0.04736 0.03715 0.00095
v -0.05200 0.04018 -0.00030
v -0.05153 0.03691 0.00042
v -0.04691 0.03384 0.00157
v -0.05106 0.03360 0.00102
v -0.04646 0.03048 0.00205
v -0.05060 0.03025 0.00149
v -0.05520 0.03341 0.00037
v -0.05473 0.03007 0.00085
v -0.05012 0.02687 0.00187
v -0.05565 0.03671 -0.00021
v -0.05423 0.02672 0.00125
v -0.05608 0.03996 -0.00090
v -0.05834 0.02664 0.00054
v -0.05649 0.04312 -0.00172
v -0.06033 0.04287 -0.00236
v -0.06006 0.03977 -0.00160
v -0.05972 0.03655 -0.00094
v -0.06398 0.03961 -0.00239
v -0.06376 0.03643 -0.00176
v -0.05932 0.03326 -0.00037
v -0.06342 0.03315 -0.00118
v -0.05885 0.02994 0.00012
v -0.06297 0.02986 -0.00068
v -0.06244 0.02662 -0.00024
v -0.06708 0.02980 -0.00151
v -0.06654 0.02664 -0.00107
v -0.06183 0.02342 0.00009
v -0.07064 0.02667 -0.00192
v -0.07119 0.02976 -0.00237
v -0.06992 0.02370 -0.00155
v -0.06751 0.03307 -0.00204
v -0.07159 0.03299 -0.00293
v -0.06778 0.03632 -0.00263
v -0.07179 0.03623 -0.00352
v -0.06785 0.03947 -0.00324
v -0.07170 0.03934 -0.00411
v -0.06767 0.04240 -0.00385
v -0.02152 0.01989 0.00420
v -0.02145 0.02311 0.00420
v -0.02503 0.01585 0.00386
v -0.02529 0.02248 0.00413
v -0.02516 0.01916 0.00409
v -0.02915 0.02186 0.00396
v -0.02888 0.01844 0.00387
v -0.02858 0.01498 0.00361
v -0.03305 0.02128 0.00371
v -0.03268 0.01777 0.00359
v -0.03227 0.01418 0.00331
v -0.03339 0.02474 0.00368
v -0.03657 0.01718 0.00327
v -0.03372 0.02814 0.00349
v -0.03701 0.02078 0.00341
v -0.03741 0.02429 0.00339
v -0.03404 0.03149 0.00315
v -0.03779 0.02772 0.00321
v -0.04189 0.02737 0.00285
v -0.04146 0.02391 0.00304
v -0.04600 0.02708 0.00241
v -0.04554 0.02363 0.00262
v -0.04963 0.02343 0.00212
v -0.05371 0.02334 0.00154
v -0.04912 0.01992 0.00223
v -0.05777 0.02334 0.00085
v -0.05315 0.01989 0.00169
v -0.05715 0.02000 0.00105
v -0.06111 0.02022 0.00033
v -0.05646 0.01660 0.00110
v -0.06029 0.01699 0.00044
v -0.06506 0.02050 -0.00045
v -0.05257 0.01635 0.00169
v -0.06587 0.02355 -0.00071
v -0.06899 0.02083 -0.00125
v -0.06784 0.01803 -0.00101
v -0.06407 0.01748 -0.00027
v -0.06642 0.01528 -0.00081
v -0.06289 0.01446 -0.00019
v -0.06480 0.01256 -0.00065
v -0.05933 0.01371 0.00042
v -0.06157 0.01144 -0.00017
v -0.06305 0.00988 -0.00051
v -0.05570 0.01310 0.00099
v -0.05829 0.01040 0.00030
v -0.06016 0.00841 -0.00020
v -0.06124 0.00720 -0.00038
v -0.05869 0.00538 -0.00026
v -0.05718 0.00705 0.00010
v -0.05604 0.00370 -0.00012
v -0.05488 0.00953 0.00074
v -0.05404 0.00592 0.00042
v -0.05317 0.00228 0.00005
v -0.05194 0.01269 0.00150
v -0.05130 0.00893 0.00116
v -0.05063 0.00512 0.00073
v -0.04996 0.00127 0.00026
v -0.04859 0.01630 0.00218
v -0.04689 0.00476 0.00106
v -0.04631 0.00080 0.00053
v -0.04506 0.02009 0.00269
v -0.04295 0.00480 0.00139
v -0.04239 0.00081 0.00084
v -0.04102 0.02037 0.00307
v -0.04457 0.01644 0.00259
v -0.04055 0.01673 0.00294
v -0.04804 0.01255 0.00193
v -0.04404 0.01265 0.00231
v -0.04747 0.00869 0.00154
v -0.04350 0.00876 0.00189
v -0.04004 0.01297 0.00265
v -0.03950 0.00911 0.00223
v -0.03609 0.01349 0.00297
v -0.03895 0.00520 0.00172
v -0.03839 0.00124 0.00118
v -0.03558 0.00972 0.00256
v -0.03504 0.00590 0.00207
v -0.03449 0.00205 0.00154
v -0.03182 0.01053 0.00290
v -0.03135 0.00685 0.00242
v -0.03087 0.00315 0.00189
v -0.02826 0.01150 0.00323
v -0.02791 0.00799 0.00275
v -0.02756 0.00448 0.00224
v -0.02489 0.01254 0.00350
v -0.02474 0.00923 0.00305
f 579 580 581
f 581 582 579
f 582 581 583
f 584 579 582
f 583 585 582
f 585 583 586
f 582 587 584
f 587 582 585
f 588 584 587
f 586 589 585
f 589 586 590
f 585 591 587
f 591 585 589
f 587 592 588
f 592 587 591
f 593 588 592
f 589 594 591
f 592 595 593
f 596 593 595
f 591 597 592
f 595 592 597
f 597 591 594
f 595 598 596
f 599 596 598
f 597 600 595
f 598 595 600
f 598 601 599
f 602 599 601
f 600 603 598
f 601 598 603
f 600 597 604
f 594 604 597
f 601 605 602
f 606 602 605
f 605 601 607
f 603 607 601
f 605 608 606
f 609 606 608
f 607 610 605
f 608 605 610
f 608 611 609
f 612 609 611
f 610 613 608
f 611 608 613
f 611 614 612
f 615 612 614
f 613 616 611
f 614 611 616
f 614 617 615
f 618 615 617
f 616 619 614
f 617 614 619
f 617 620 618
f 621 618 620
f 619 622 617
f 620 617 622
f 620 623 621
f 624 621 623
f 622 625 620
f 623 620 625
f 623 626 624
f 627 624 626
f 625 628 623
f 626 623 628
f 626 629 627
f 630 627 629
f 629 631 630
f 629 626 632
f 628 632 626
f 631 629 633
f 632 633 629
f 633 634 631
f 632 628 635
f 634 633 636
f 636 637 634
f 633 632 638
f 638 636 633
f 635 638 632
f 637 636 639
f 639 640 637
f 636 638 641
f 641 639 636
f 640 639 642
f 642 643 640
f 639 641 644
f 644 642 639
f 645 641 638
f 638 635 645
f 646 644 641
f 641 645 646
f 642 644 647
f 644 646 648
f 648 647 644
f 649 646 645
f 647 650 642
f 643 642 650
f 650 651 643
f 651 650 652
f 652 653 651
f 650 647 654
f 654 652 650
f 653 652 655
f 655 656 653
f 652 654 657
f 657 655 652
f 658 654 647
f 647 648 658
f 659 657 654
f 654 658 659
f 655 657 660
f 657 659 661
f 661 660 657
f 662 659 658
f 660 663 655
f 656 655 663
f 663 664 656
f 664 663 665
f 665 666 664
f 663 660 667
f 667 665 663
f 666 665 668
f 668 669 666
f 665 667 670
f 670 668 665
f 671 667 660
f 660 661 671
f 672 670 667
f 667 671 672
f 668 670 673
f 670 672 674
f 674 673 670
f 675 672 671
f 673 676 668
f 669 668 676
f 676 677 669
f 677 676 678
f 678 679 677
f 676 673 680
f 680 678 676
f 679 678 681
f 681 682 679
f 678 680 683
f 683 681 678
f 684 680 673
f 673 674 684
f 685 683 680
f 680 684 685
f 681 683 686
f 683 685 687
f 687 686 683
f 688 685 684
f 686 687 689
f 689 690 686
f 691 689 687
f 692 686 690
f 686 692 681
f 682 681 692
f 690 693 692
f 692 694 682
f 694 692 693
f 693 695 694
f 696 697 698
f 697 696 699
f 698 700 696
f 699 701 697
f 701 699 702
f 700 698 703
f 703 704 700
f 702 705 701
f 705 702 706
f 704 703 707
f 707 708 704
f 706 709 705
f 709 706 710
f 708 707 711
f 711 590 708
f 590 711 589
f 594 589 711
f 711 712 594
f 712 711 707
f 604 594 712
f 707 713 712
f 713 707 703
f 712 714 604
f 714 712 713
f 703 715 713
f 715 703 698
f 713 716 714
f 716 713 715
f 717 604 714
f 604 717 600
f 603 600 717
f 714 718 717
f 718 714 716
f 717 719 603
f 719 717 718
f 607 603 719
f 716 720 718
f 719 721 607
f 610 607 721
f 718 722 719
f 721 719 722
f 722 718 720
f 721 723 610
f 613 610 723
f 722 724 721
f 723 721 724
f 723 725 613
f 616 613 725
f 724 726 723
f 725 723 726
f 724 722 727
f 720 727 722
f 725 728 616
f 619 616 728
f 728 725 729
f 726 729 725
f 728 730 619
f 622 619 730
f 729 731 728
f 730 728 731
f 730 732 622
f 625 622 732
f 731 733 730
f 732 730 733
f 732 734 625
f 628 625 734
f 734 635 628
f 734 732 735
f 733 735 732
f 635 734 736
f 735 736 734
f 736 645 635
f 645 736 649
f 736 735 737
f 737 649 736
f 735 733 738
f 738 737 735
f 739 738 733
f 733 731 739
f 737 738 740
f 741 739 731
f 731 729 741
f 738 739 742
f 742 740 738
f 739 741 743
f 743 742 739
f 744 741 729
f 729 726 744
f 745 743 741
f 741 744 745
f 746 744 726
f 726 724 746
f 727 746 724
f 744 746 747
f 747 745 744
f 746 727 748
f 748 747 746
f 749 748 727
f 727 720 749
f 747 748 750
f 751 749 720
f 720 716 751
f 715 751 716
f 748 749 752
f 751 715 753
f 698 753 715
f 753 698 697
f 752 750 748
f 697 754 753
f 754 697 701
f 755 753 754
f 753 755 751
f 749 751 755
f 755 752 749
f 701 756 754
f 756 701 705
f 754 757 755
f 752 755 757
f 757 754 756
f 757 758 752
f 750 752 758
f 756 759 757
f 758 757 759
f 759 756 760
f 705 760 756
f 760 705 709
f 759 761 758
f 760 762 759
f 761 759 762
f 709 763 760
f 762 760 763
f 764 758 761
f 758 764 750
f 762 765 761
f 766 750 764
f 750 766 747
f 745 747 766
f 761 767 764
f 767 761 765
f 764 768 766
f 768 764 767
f 766 769 745
f 769 766 768
f 743 745 769
f 767 770 768
f 769 771 743
f 742 743 771
f 768 772 769
f 771 769 772
f 772 768 770
f 771 773 742
f 740 742 773
f 772 774 771
f 773 771 774
f 770 775 772
f 774 772 775
f 773 776 740
f 774 777 773
f 776 773 777
f 775 778 774
f 777 774 778
f 779 740 776
f 740 779 737
f 649 737 779
f 777 780 776
f 779 781 649
f 646 649 781
f 781 648 646
f 776 782 779
f 781 779 782
f 782 776 780
f 648 781 783
f 782 783 781
f 783 658 648
f 658 783 662
f 783 782 784
f 784 662 783
f 780 784 782
f 662 784 785
f 784 780 786
f 786 785 784
f 787 786 780
f 780 777 787
f 778 787 777
f 785 788 662
f 659 662 788
f 788 661 659
f 661 788 789
f 789 671 661
f 671 789 675
f 788 785 790
f 790 789 788
f 791 790 785
f 785 786 791
f 789 790 792
f 792 675 789
f 790 791 793
f 793 792 790
f 794 791 786
f 786 787 794
f 795 793 791
f 791 794 795
f 796 794 787
f 787 778 796
f 797 795 794
f 794 796 797
f 798 796 778
f 778 775 798
f 799 797 796
f 796 798 799
f 800 798 775
f 775 770 800
f 801 799 798
f 798 800 801
f 802 800 770
f 770 767 802
f 765 802 767
f 800 802 803
f 803 801 800
f 802 765 804
f 804 803 802
f 805 804 765
f 765 762 805
f 763 805 762
f 803 804 806
f 804 805 807
f 807 806 804
f 805 763 808
f 808 807 805
f 806 809 803
f 801 803 809
f 806 807 810
f 809 811 801
f 799 801 811
f 809 806 812
f 810 812 806
f 811 809 813
f 812 813 809
f 811 814 799
f 797 799 814
f 813 815 811
f 814 811 815
f 814 816 797
f 795 797 816
f 815 817 814
f 816 814 817
f 816 818 795
f 793 795 818
f 817 819 816
f 818 816 819
f 818 820 793
f 792 793 820
f 819 821 818
f 820 818 821
f 820 822 792
f 675 792 822
f 821 823 820
f 822 820 823
f 822 824 675
f 672 675 824
f 824 674 672
f 824 822 825
f 823 825 822
f 674 824 826
f 825 826 824
f 826 684 674
f 684 826 688
f 826 825 827
f 827 688 826
f 825 823 828
f 828 827 825
f 829 828 823
f 823 821 829
f 827 828 830
f 831 829 821
f 821 819 831
f 828 829 832
f 832 830 828
f 829 831 833
f 833 832 829
f 834 831 819
f 819 817 834
f 835 833 831
f 831 834 835
f 832 833 836
f 836 837 832
f 838 836 833
f 833 835 838
f 830 832 837
f 839 838 835
f 837 840 830
f 835 841 839
f 841 835 834
f 842 839 841
f 843 830 840
f 830 843 827
f 840 844 843
f 688 827 843
f 845 843 844
f 843 845 688
f 844 691 845
f 685 688 845
f 687 845 691
f 845 687 685
f 710 846 709
f 763 709 846
f 846 710 847
f 846 808 763
f 847 848 846
f 808 846 848
f 848 847 849
f 848 850 808
f 807 808 850
f 849 851 848
f 850 848 851
f 851 849 852
f 850 810 807
f 852 853 851
f 853 852 854
f 854 855 853
f 851 856 850
f 856 851 853
f 810 850 856
f 857 853 855
f 853 857 856
f 855 858 857
f 856 859 810
f 859 856 857
f 812 810 859
f 860 857 858
f 857 860 859
f 858 861 860
f 859 862 812
f 862 859 860
f 813 812 862
f 863 860 861
f 860 863 862
f 861 864 863
f 862 865 813
f 865 862 863
f 815 813 865
f 866 863 864
f 863 866 865
f 864 842 866
f 841 866 842
f 865 867 815
f 867 865 866
f 866 841 867
f 817 815 867
f 834 867 841
f 867 834 817
f 868 869 870
f 870 871 868
f 872 868 871
f 873 870 869
f 869 874 873
f 871 875 872
f 876 872 875
f 877 873 874
f 874 878 877
f 875 879 876
f 880 876 879
f 881 877 878
f 878 882 881
f 879 883 880
f 884 880 883
f 885 881 882
f 882 886 885
f 883 887 884
f 888 884 887
f 889 885 886
f 886 890 889
f 887 891 888
f 892 888 891
f 893 889 890
f 890 894 893
f 894 895 896
f 896 893 894
f 893 896 897
f 897 898 893
f 889 893 898
f 898 897 899
f 898 900 889
f 885 889 900
f 899 901 898
f 900 898 901
f 901 899 902
f 900 903 885
f 881 885 903
f 901 904 900
f 903 900 904
f 902 905 901
f 904 901 905
f 905 902 906
f 903 907 881
f 877 881 907
f 904 908 903
f 907 903 908
f 905 909 904
f 908 904 909
f 907 910 877
f 873 877 910
f 908 911 907
f 910 907 911
f 910 912 873
f 870 873 912
f 911 913 910
f 912 910 913
f 911 908 914
f 909 914 908
f 912 915 870
f 871 870 915
f 915 912 916
f 913 916 912
f 915 917 871
f 875 871 917
f 916 918 915
f 917 915 918
f 917 919 875
f 879 875 919
f 918 920 917
f 919 917 920
f 919 921 879
f 883 879 921
f 920 922 919
f 921 919 922
f 921 923 883
f 887 883 923
f 922 924 921
f 923 921 924
f 923 925 887
f 891 887 925
f 924 926 923
f 925 923 926
f 924 922 927
f 925 928 891
f 926 924 929
f 927 929 924
f 926 930 925
f 928 925 930
f 929 931 926
f 930 926 931
f 929 927 932
f 931 929 933
f 932 933 929
f 931 934 930
f 933 935 931
f 934 931 935
f 936 930 934
f 930 936 928
f 935 937 934
f 934 938 936
f 938 934 937
f 939 928 936
f 940 936 938
f 936 940 939
f 928 939 941
f 941 891 928
f 891 941 892
f 942 892 941
f 941 943 942
f 943 941 939
f 944 942 943
f 943 945 944
f 939 946 943
f 945 943 946
f 946 939 940
f 946 947 945
f 947 946 948
f 940 948 946
f 948 949 947
f 948 940 950
f 938 950 940
f 949 948 951
f 950 951 948
f 951 952 949
f 950 938 953
f 937 953 938
f 951 950 954
f 953 954 950
f 952 951 955
f 954 955 951
f 955 956 952
f 954 953 957
f 956 955 958
f 958 959 956
f 955 954 960
f 960 958 955
f 957 960 954
f 959 958 961
f 961 962 959
f 958 960 963
f 963 961 958
f 962 961 964
f 964 965 962
f 961 963 966
f 966 964 961
f 967 963 960
f 960 957 967
f 968 966 963
f 963 967 968
f 964 966 969
f 966 968 970
f 970 969 966
f 971 968 967
f 969 972 964
f 965 964 972
f 972 973 965
f 973 972 974
f 974 975 973
f 972 969 976
f 976 974 972
f 975 974 977
f 977 978 975
f 974 976 979
f 979 977 974
f 980 976 969
f 969 970 980
f 981 979 976
f 976 980 981
f 977 979 982
f 979 981 983
f 983 982 979
f 984 981 980
f 982 985 977
f 978 977 985
f 985 986 978
f 986 985 987
f 987 988 986
f 985 982 989
f 989 987 985
f 988 987 990
f 990 991 988
f 987 989 992
f 992 990 987
f 993 989 982
f 982 983 993
f 994 992 989
f 989 993 994
f 990 992 995
f 992 994 996
f 996 995 992
f 997 994 993
f 995 996 998
f 998 999 995
f 1000 998 996
f 1001 995 999
f 995 1001 990
f 991 990 1001
f 999 1002 1001
f 1001 1003 991
f 1003 1001 1002
f 1002 1004 1003
f 920 918 1005
f 1005 1006 920
f 922 920 1006
f 1006 927 922
f 1007 1005 918
f 918 916 1007
f 927 1006 1008
f 1008 932 927
f 1006 1005 1009
f 1009 1008 1006
f 1010 1009 1005
f 1005 1007 1010
f 1008 1009 1011
f 932 1008 1012
f 1011 1012 1008
f 1012 1013 932
f 933 932 1013
f 1014 1011 1009
f 1009 1010 1014
f 1013 1015 933
f 935 933 1015
f 1015 1016 935
f 937 935 1016
f 1015 1013 1017
f 1016 1018 937
f 953 937 1018
f 1018 957 953
f 1016 1015 1019
f 957 1018 1020
f 1020 967 957
f 1018 1016 1021
f 1021 1020 1018
f 1019 1021 1016
f 967 1020 971
f 1020 1021 1022
f 1022 971 1020
f 1021 1019 1023
f 1023 1022 1021
f 1017 1019 1015
f 1024 1023 1019
f 1019 1017 1024
f 1022 1023 1025
f 1023 1024 1026
f 1026 1025 1023
f 1027 1024 1017
f 1025 1028 1022
f 971 1022 1028
f 1024 1027 1029
f 1029 1026 1024
f 1028 1030 971
f 968 971 1030
f 1030 970 968
f 970 1030 1031
f 1031 980 970
f 980 1031 984
f 1030 1028 1032
f 1032 1031 1030
f 1033 1032 1028
f 1028 1025 1033
f 1031 1032 1034
f 1034 984 1031
f 1032 1033 1035
f 1035 1034 1032
f 1036 1033 1025
f 1025 1026 1036
f 1037 1035 1033
f 1033 1036 1037
f 1038 1036 1026
f 1026 1029 1038
f 1039 1037 1036
f 1036 1038 1039
f 1035 1037 1040
f 1037 1039 1041
f 1041 1040 1037
f 1042 1039 1038
f 1040 1043 1035
f 1034 1035 1043
f 1039 1042 1044
f 1044 1041 1039
f 1043 1045 1034
f 984 1034 1045
f 1041 1044 1046
f 1045 1047 984
f 981 984 1047
f 1047 983 981
f 983 1047 1048
f 1048 993 983
f 993 1048 997
f 1047 1045 1049
f 1049 1048 1047
f 1050 1049 1045
f 1045 1043 1050
f 1048 1049 1051
f 1051 997 1048
f 1049 1050 1052
f 1052 1051 1049
f 1053 1050 1043
f 1043 1040 1053
f 1054 1052 1050
f 1050 1053 1054
f 1055 1053 1040
f 1040 1041 1055
f 1046 1055 1041
f 1053 1055 1056
f 1056 1054 1053
f 1055 1046 1057
f 1057 1056 1055
f 1054 1056 1058
f 1056 1057 1059
f 1059 1058 1056
f 1060 1057 1046
f 1058 1059 1061
f 1061 1062 1058
f 1063 1061 1059
f 1064 1058 1062
f 1058 1064 1054
f 1062 1065 1064
f 1052 1054 1064
f 1066 1064 1065
f 1064 1066 1052
f 1065 1067 1066
f 1051 1052 1066
f 1068 1066 1067
f 1066 1068 1051
f 1067 1069 1068
f 997 1051 1068
f 1070 1068 1069
f 1068 1070 997
f 1069 1000 1070
f 994 997 1070
f 996 1070 1000
f 1070 996 994
f 1071 1072 913
f 913 911 1071
f 916 913 1072
f 914 1071 911
f 1072 1007 916
f 1071 914 1073
f 1007 1072 1074
f 1074 1010 1007
f 1072 1071 1075
f 1075 1074 1072
f 1073 1075 1071
f 1010 1074 1076
f 1076 1014 1010
f 1074 1075 1077
f 1077 1076 1074
f 1075 1073 1078
f 1078 1077 1075
f 1014 1076 1079
f 1076 1077 1080
f 1080 1079 1076
f 1077 1078 1081
f 1081 1080 1077
f 1079 1082 1014
f 1011 1014 1082
f 1079 1080 1083
f 1082 1084 1011
f 1012 1011 1084
f 1082 1079 1085
f 1083 1085 1079
f 1084 1082 1086
f 1085 1086 1082
f 1084 1087 1012
f 1013 1012 1087
f 1087 1017 1013
f 1017 1087 1027
f 1087 1084 1088
f 1088 1027 1087
f 1086 1088 1084
f 1027 1088 1089
f 1089 1029 1027
f 1088 1086 1090
f 1090 1089 1088
f 1029 1089 1091
f 1091 1038 1029
f 1038 1091 1042
f 1092 1091 1089
f 1089 1090 1092
f 1093 1042 1091
f 1091 1092 1093
f 1042 1093 1094
f 1094 1044 1042
f 1095 1093 1092
f 1044 1094 1096
f 1096 1046 1044
f 1046 1096 1060
f 1097 1094 1093
f 1093 1095 1097
f 1098 1096 1094
f 1094 1097 1098
f 1099 1060 1096
f 1096 1098 1099
f 1100 1098 1097
f 1101 1099 1098
f 1098 1100 1101
f 1060 1099 1102
f 1097 1103 1100
f 1103 1097 1095
f 1102 1104 1060
f 1057 1060 1104
f 1104 1059 1057
f 1059 1104 1063
f 1105 1063 1104
f 1104 1102 1105
f 1106 1105 1102
f 1102 1107 1106
f 1107 1102 1099
f 1108 1106 1107
f 1099 1101 1107
f 1107 1109 1108
f 1109 1107 1101
f 1110 1108 1109
f 1101 1111 1109
f 1111 1101 1100
f 1109 1112 1110
f 1112 1109 1111
f 1113 1110 1112
f 1100 1114 1111
f 1114 1100 1103
f 1111 1115 1112
f 1115 1111 1114
f 1112 1116 1113
f 1116 1112 1115
f 1117 1113 1116
f 1116 1118 1117
f 1118 1116 1119
f 1115 1119 1116
f 1119 1120 1118
f 1119 1115 1121
f 1114 1121 1115
f 1120 1119 1122
f 1121 1122 1119
f 1122 1123 1120
f 1121 1114 1124
f 1103 1124 1114
f 1122 1121 1125
f 1124 1125 1121
f 1123 1122 1126
f 1125 1126 1122
f 1126 1127 1123
f 1124 1103 1128
f 1095 1128 1103
f 1127 1126 1129
f 1129 1130 1127
f 1128 1095 1131
f 1092 1131 1095
f 1131 1092 1090
f 1130 1129 1132
f 1132 1133 1130
f 1090 1134 1131
f 1134 1090 1086
f 1086 1085 1134
f 1135 1131 1134
f 1131 1135 1128
f 1136 1134 1085
f 1134 1136 1135
f 1085 1083 1136
f 1137 1128 1135
f 1128 1137 1124
f 1125 1124 1137
f 1138 1135 1136
f 1135 1138 1137
f 1137 1139 1125
f 1139 1137 1138
f 1126 1125 1139
f 1139 1129 1126
f 1129 1139 1140
f 1138 1140 1139
f 1140 1132 1129
f 1140 1138 1141
f 1136 1141 1138
f 1141 1136 1083
f 1132 1140 1142
f 1141 1142 1140
f 1083 1143 1141
f 1142 1141 1143
f 1143 1083 1080
f 1080 1081 1143
f 1142 1144 1132
f 1133 1132 1144
f 1144 1145 1133
f 1143 1146 1142
f 1144 1142 1146
f 1146 1143 1081
f 1145 1144 1147
f 1146 1147 1144
f 1147 1148 1145
f 1081 1149 1146
f 1147 1146 1149
f 1149 1081 1078
f 1148 1147 1150
f 1149 1150 1147
f 1150 1151 1148
f 1078 1152 1149
f 1150 1149 1152
f 1152 1078 1073
f 1151 1150 1153
f 1152 1153 1150
f 1153 1154 1151
f 1073 1155 1152
f 1153 1152 1155
f 1155 1073 914
f 914 909 1155
f 1154 1153 1156
f 1155 1156 1153
f 1156 1155 909
f 1156 906 1154
f 909 905 1156
f 906 1156 905
g Frames
usemtl temples
v -0.07165 0.03307 -0.01343
v -0.06875 0.03321 -0.01188
v -0.07175 0.03345 -0.00927
v -0.06842 0.03342 -0.01171
v -0.07174 0.03368 -0.00880
v -0.07174 0.03567 -0.00898
v -0.06842 0.03541 -0.01189
v -0.06874 0.03555 -0.01210
v -0.07175 0.03579 -0.00949
v -0.07163 0.03541 -0.01365
v -0.03877 0.05756 -0.00427
v -0.03667 0.05750 -0.00405
v -0.03662 0.05741 -0.00462
v -0.03872 0.05747 -0.00483
v -0.03455 0.05735 -0.00442
v -0.04089 0.05760 -0.00450
v -0.03661 0.05700 -0.00484
v -0.03870 0.05705 -0.00505
v -0.04084 0.05751 -0.00506
v -0.04081 0.05709 -0.00528
v -0.03872 0.05664 -0.00481
v -0.04082 0.05666 -0.00502
v -0.04292 0.05708 -0.00550
v -0.04291 0.05663 -0.00524
v -0.03875 0.05663 -0.00446
v -0.04085 0.05665 -0.00468
v -0.03664 0.05660 -0.00460
v -0.03877 0.05674 -0.00429
v -0.04087 0.05676 -0.00451
v -0.03669 0.05670 -0.00408
v -0.04294 0.05662 -0.00489
v -0.04297 0.05674 -0.00473
v -0.03667 0.05659 -0.00426
v -0.03463 0.05653 -0.00406
v -0.03464 0.05664 -0.00388
v -0.03460 0.05654 -0.00440
v -0.03260 0.05646 -0.00386
v -0.03260 0.05656 -0.00369
v -0.03455 0.05695 -0.00464
v -0.03257 0.05647 -0.00421
v -0.03058 0.05633 -0.00367
v -0.03058 0.05644 -0.00350
v -0.03251 0.05688 -0.00445
v -0.02859 0.05619 -0.00349
v -0.02859 0.05630 -0.00332
v -0.03055 0.05635 -0.00402
v -0.02856 0.05620 -0.00384
v -0.02666 0.05603 -0.00332
v -0.02666 0.05614 -0.00315
v -0.03048 0.05677 -0.00427
v -0.02478 0.05583 -0.00316
v -0.02477 0.05594 -0.00298
v -0.02663 0.05604 -0.00367
v -0.02848 0.05663 -0.00409
v -0.02292 0.05554 -0.00298
v -0.02290 0.05565 -0.00280
v -0.02474 0.05584 -0.00350
v -0.02654 0.05647 -0.00392
v -0.02110 0.05521 -0.00279
v -0.02108 0.05531 -0.00262
v -0.02288 0.05555 -0.00332
v -0.01935 0.05483 -0.00261
v -0.01933 0.05492 -0.00243
v -0.02106 0.05521 -0.00314
v -0.01768 0.05436 -0.00240
v -0.01766 0.05445 -0.00222
v -0.01931 0.05483 -0.00295
v -0.01607 0.05376 -0.00217
v -0.01604 0.05385 -0.00199
v -0.01763 0.05436 -0.00275
v -0.01451 0.05305 -0.00191
v -0.01448 0.05314 -0.00173
v -0.01602 0.05376 -0.00252
v -0.01446 0.05305 -0.00226
v -0.01301 0.05225 -0.00164
v -0.01297 0.05234 -0.00145
v -0.01296 0.05225 -0.00198
v -0.01162 0.05135 -0.00133
v -0.01158 0.05143 -0.00115
v -0.01033 0.05036 -0.00082
v -0.01157 0.05134 -0.00168
v -0.01037 0.05028 -0.00100
v -0.00916 0.04911 -0.00046
v -0.01031 0.05027 -0.00135
v -0.00922 0.04903 -0.00064
v -0.00806 0.04766 -0.00005
v -0.00915 0.04902 -0.00098
v -0.00813 0.04759 -0.00024
v -0.00806 0.04758 -0.00058
v -0.00718 0.04600 0.00018
v -0.00710 0.04606 0.00037
v -0.00711 0.04598 -0.00015
v -0.00767 0.04781 -0.00076
v -0.00645 0.04428 0.00060
v -0.00635 0.04432 0.00079
v -0.00638 0.04425 0.00027
v -0.00587 0.04248 0.00101
v -0.00577 0.04251 0.00120
v -0.00580 0.04244 0.00068
v -0.00668 0.04614 -0.00032
v -0.00590 0.04434 0.00012
v -0.00535 0.04061 0.00107
v -0.00532 0.04248 0.00054
v -0.00553 0.04449 0.00042
v -0.00540 0.04065 0.00140
v -0.00529 0.04067 0.00160
v -0.00509 0.03881 0.00176
v -0.00497 0.03882 0.00195
v -0.00505 0.03877 0.00143
v -0.00496 0.03691 0.00209
v -0.00484 0.03693 0.00228
v -0.00493 0.03687 0.00175
v -0.00487 0.04062 0.00094
v -0.00458 0.03876 0.00129
v -0.00493 0.03485 0.00206
v -0.00447 0.04069 0.00125
v -0.00496 0.03489 0.00240
v -0.00483 0.03491 0.00259
v -0.00492 0.03271 0.00290
v -0.00504 0.03270 0.00270
v -0.00516 0.03045 0.00317
v -0.00501 0.03266 0.00237
v -0.00527 0.03044 0.00298
v -0.00563 0.02821 0.00338
v -0.00523 0.03039 0.00264
v -0.00574 0.02820 0.00319
v -0.00633 0.02595 0.00354
v -0.00642 0.02595 0.00335
v -0.00721 0.02366 0.00366
v -0.00568 0.02815 0.00285
v -0.00730 0.02366 0.00347
v -0.00831 0.02140 0.00373
v -0.00635 0.02590 0.00301
v -0.00840 0.02141 0.00353
v -0.00964 0.01925 0.00373
v -0.00722 0.02361 0.00313
v -0.00973 0.01927 0.00353
v -0.01117 0.01717 0.00367
v -0.00832 0.02136 0.00320
v -0.01125 0.01720 0.00348
v -0.01283 0.01512 0.00359
v -0.00965 0.01922 0.00320
v -0.01291 0.01516 0.00339
v -0.01465 0.01317 0.00346
v -0.01118 0.01714 0.00314
v -0.01472 0.01322 0.00327
v -0.01663 0.01139 0.00330
v -0.01284 0.01510 0.00306
v -0.01670 0.01145 0.00310
v -0.01875 0.00974 0.00310
v -0.01465 0.01316 0.00294
v -0.01881 0.00980 0.00291
v -0.02094 0.00818 0.00289
v -0.01663 0.01138 0.00277
v -0.02099 0.00824 0.00270
v -0.02323 0.00676 0.00267
v -0.01874 0.00973 0.00257
v -0.02327 0.00683 0.00248
v -0.02563 0.00553 0.00243
v -0.02093 0.00818 0.00236
v -0.02565 0.00560 0.00224
v -0.02806 0.00446 0.00218
v -0.02321 0.00676 0.00214
v -0.02063 0.00778 0.00223
v -0.02808 0.00453 0.00199
v -0.02295 0.00635 0.00200
v -0.02560 0.00553 0.00190
v -0.02538 0.00510 0.00176
v -0.02803 0.00446 0.00166
v -0.02784 0.00402 0.00151
v -0.03048 0.00357 0.00176
v -0.03047 0.00350 0.00195
v -0.03043 0.00350 0.00142
v -0.03289 0.00277 0.00152
v -0.03289 0.00269 0.00171
v -0.03534 0.00215 0.00130
v -0.03535 0.00208 0.00149
v -0.03285 0.00270 0.00119
v -0.03776 0.00169 0.00108
v -0.03778 0.00161 0.00127
v -0.03530 0.00208 0.00096
v -0.03028 0.00306 0.00127
v -0.04005 0.00133 0.00088
v -0.04008 0.00125 0.00107
v -0.03772 0.00161 0.00074
v -0.04228 0.00113 0.00070
v -0.04231 0.00105 0.00088
v -0.04002 0.00126 0.00054
v -0.04450 0.00111 0.00052
v -0.04453 0.00103 0.00071
v -0.04225 0.00105 0.00036
v -0.04664 0.00123 0.00036
v -0.04668 0.00115 0.00055
v -0.04447 0.00103 0.00019
v -0.04863 0.00143 0.00022
v -0.04867 0.00136 0.00041
v -0.04661 0.00115 0.00003
v -0.04861 0.00136 -0.00012
v -0.05050 0.00177 0.00009
v -0.05054 0.00169 0.00028
v -0.05235 0.00222 0.00016
v -0.05048 0.00170 -0.00025
v -0.05230 0.00229 -0.00003
v -0.05408 0.00288 0.00005
v -0.05229 0.00222 -0.00037
v -0.05403 0.00295 -0.00014
v -0.05570 0.00362 -0.00005
v -0.05402 0.00287 -0.00048
v -0.05564 0.00369 -0.00024
v -0.05720 0.00447 -0.00014
v -0.05564 0.00361 -0.00057
v -0.05714 0.00453 -0.00033
v -0.05860 0.00548 -0.00023
v -0.05713 0.00446 -0.00067
v -0.05853 0.00553 -0.00042
v -0.05993 0.00662 -0.00031
v -0.05853 0.00547 -0.00076
v -0.05986 0.00667 -0.00050
v -0.06123 0.00785 -0.00040
v -0.05987 0.00661 -0.00084
v -0.06115 0.00790 -0.00059
v -0.06244 0.00919 -0.00049
v -0.06116 0.00784 -0.00093
v -0.06236 0.00923 -0.00068
v -0.06353 0.01063 -0.00059
v -0.06237 0.00917 -0.00102
v -0.06345 0.01067 -0.00078
v -0.06457 0.01219 -0.00070
v -0.06347 0.01062 -0.00112
v -0.06449 0.01223 -0.00089
v -0.06560 0.01386 -0.00082
v -0.06451 0.01217 -0.00123
v -0.06553 0.01389 -0.00102
v -0.06658 0.01561 -0.00096
v -0.06554 0.01384 -0.00136
v -0.06649 0.01563 -0.00115
v -0.06744 0.01743 -0.00112
v -0.06651 0.01558 -0.00149
v -0.06736 0.01745 -0.00131
v -0.06824 0.01932 -0.00129
v -0.06737 0.01740 -0.00165
v -0.06815 0.01934 -0.00148
v -0.06902 0.02130 -0.00149
v -0.06817 0.01929 -0.00183
v -0.06771 0.01720 -0.00183
v -0.06852 0.01911 -0.00200
v -0.06895 0.02126 -0.00202
v -0.06893 0.02131 -0.00168
v -0.06963 0.02333 -0.00190
v -0.06973 0.02333 -0.00171
v -0.06965 0.02329 -0.00224
v -0.07021 0.02540 -0.00215
v -0.07031 0.02541 -0.00195
v -0.06930 0.02111 -0.00220
v -0.07070 0.02748 -0.00241
v -0.07080 0.02750 -0.00223
v -0.07023 0.02535 -0.00249
v -0.07112 0.02958 -0.00270
v -0.07123 0.02961 -0.00252
v -0.07072 0.02744 -0.00276
v -0.07143 0.03169 -0.00301
v -0.07154 0.03172 -0.00284
v -0.07114 0.02954 -0.00304
v -0.07158 0.03379 -0.00333
v -0.07168 0.03384 -0.00317
v -0.07145 0.03165 -0.00334
v -0.07159 0.03587 -0.00367
v -0.07170 0.03592 -0.00351
v -0.07160 0.03375 -0.00367
v -0.07152 0.03787 -0.00400
v -0.07163 0.03794 -0.00385
v -0.07161 0.03583 -0.00400
v -0.07129 0.03982 -0.00433
v -0.07141 0.03989 -0.00417
v -0.07154 0.03784 -0.00434
v -0.07087 0.04170 -0.00465
v -0.07098 0.04179 -0.00449
v -0.07131 0.03979 -0.00467
v -0.07028 0.04352 -0.00496
v -0.07040 0.04361 -0.00481
v -0.07089 0.04169 -0.00499
v -0.06960 0.04523 -0.00526
v -0.06970 0.04532 -0.00510
v -0.07030 0.04350 -0.00531
v -0.06877 0.04681 -0.00552
v -0.06887 0.04691 -0.00536
v -0.06961 0.04522 -0.00561
v -0.06774 0.04827 -0.00575
v -0.06783 0.04836 -0.00559
v -0.06878 0.04680 -0.00587
v -0.06655 0.04962 -0.00595
v -0.06663 0.04971 -0.00578
v -0.06774 0.04826 -0.00610
v -0.06525 0.05086 -0.00610
v -0.06533 0.05095 -0.00594
v -0.06655 0.04961 -0.00629
v -0.06385 0.05196 -0.00621
v -0.06392 0.05205 -0.00604
v -0.06237 0.05297 -0.00609
v -0.06525 0.05086 -0.00645
v -0.06230 0.05288 -0.00626
v -0.06070 0.05377 -0.00610
v -0.06384 0.05195 -0.00656
v -0.06064 0.05368 -0.00627
v -0.05894 0.05450 -0.00607
v -0.06230 0.05288 -0.00661
v -0.05888 0.05440 -0.00624
v -0.05711 0.05511 -0.00600
v -0.06063 0.05368 -0.00662
v -0.05705 0.05500 -0.00616
v -0.05522 0.05556 -0.00588
v -0.05887 0.05440 -0.00658
v -0.05517 0.05545 -0.00605
v -0.05327 0.05591 -0.00573
v -0.05704 0.05501 -0.00651
v -0.05322 0.05580 -0.00589
v -0.05125 0.05622 -0.00556
v -0.05515 0.05546 -0.00640
v -0.05121 0.05610 -0.00572
v -0.04920 0.05645 -0.00537
v -0.05320 0.05581 -0.00624
v -0.04917 0.05633 -0.00553
v -0.04714 0.05660 -0.00516
v -0.05119 0.05611 -0.00607
v -0.04711 0.05648 -0.00532
v -0.04506 0.05668 -0.00495
v -0.04914 0.05634 -0.00588
v -0.04503 0.05656 -0.00511
v -0.04708 0.05649 -0.00567
v -0.04500 0.05657 -0.00546
v -0.04502 0.05703 -0.00573
v -0.04712 0.05694 -0.00595
v -0.04296 0.05751 -0.00530
v -0.04508 0.05747 -0.00553
v -0.04920 0.05679 -0.00616
v -0.04719 0.05740 -0.00575
v -0.05126 0.05655 -0.00635
v -0.04929 0.05724 -0.00597
v -0.05329 0.05624 -0.00652
v -0.05137 0.05699 -0.00615
v -0.05527 0.05587 -0.00667
v -0.05342 0.05666 -0.00632
v -0.05718 0.05539 -0.00678
v -0.05541 0.05628 -0.00647
v -0.05347 0.05676 -0.00576
v -0.05904 0.05477 -0.00685
v -0.05734 0.05579 -0.00658
v -0.06082 0.05403 -0.00688
v -0.05922 0.05515 -0.00665
v -0.05740 0.05588 -0.00602
v -0.06251 0.05322 -0.00687
v -0.06102 0.05440 -0.00668
v -0.05928 0.05524 -0.00609
v -0.06273 0.05357 -0.00667
v -0.06108 0.05449 -0.00612
v -0.06407 0.05228 -0.00682
v -0.06279 0.05366 -0.00611
v -0.06551 0.05118 -0.00672
v -0.06432 0.05262 -0.00662
v -0.06684 0.04993 -0.00656
v -0.06578 0.05151 -0.00652
v -0.06438 0.05272 -0.00606
v -0.06807 0.04857 -0.00637
v -0.06713 0.05025 -0.00637
v -0.06584 0.05160 -0.00596
v -0.06914 0.04710 -0.00615
v -0.06839 0.04889 -0.00618
v -0.06720 0.05035 -0.00581
v -0.07001 0.04550 -0.00588
v -0.06949 0.04741 -0.00595
v -0.06846 0.04898 -0.00562
v -0.07072 0.04377 -0.00558
v -0.07039 0.04579 -0.00569
v -0.06956 0.04750 -0.00539
v -0.07133 0.04191 -0.00526
v -0.07113 0.04404 -0.00538
v -0.07046 0.04588 -0.00513
v -0.07176 0.03997 -0.00492
v -0.07174 0.04215 -0.00505
v -0.07120 0.04412 -0.00482
v -0.07198 0.03797 -0.00457
v -0.07218 0.04017 -0.00470
v -0.07182 0.04223 -0.00449
v -0.07205 0.03591 -0.00422
v -0.07240 0.03812 -0.00434
v -0.07226 0.04024 -0.00414
v -0.07202 0.03380 -0.00388
v -0.07246 0.03602 -0.00399
v -0.07248 0.03819 -0.00378
v -0.07186 0.03166 -0.00355
v -0.07242 0.03388 -0.00364
v -0.07254 0.03609 -0.00342
v -0.07154 0.02951 -0.00324
v -0.07225 0.03170 -0.00330
v -0.07250 0.03394 -0.00307
v -0.07110 0.02738 -0.00295
v -0.07192 0.02953 -0.00298
v -0.07233 0.03176 -0.00273
v -0.07060 0.02526 -0.00268
v -0.07148 0.02737 -0.00269
v -0.07200 0.02959 -0.00242
v -0.07001 0.02317 -0.00243
v -0.07097 0.02522 -0.00241
v -0.07038 0.02310 -0.00216
v -0.06966 0.02102 -0.00193
v -0.07156 0.02742 -0.00212
v -0.06887 0.01900 -0.00173
v -0.07105 0.02527 -0.00184
v -0.06804 0.01706 -0.00155
v -0.07045 0.02315 -0.00159
v -0.06683 0.01536 -0.00167
v -0.06584 0.01359 -0.00153
v -0.06715 0.01520 -0.00139
v -0.06480 0.01191 -0.00141
v -0.06616 0.01341 -0.00125
v -0.06375 0.01033 -0.00130
v -0.06510 0.01171 -0.00113
v -0.06264 0.00886 -0.00120
v -0.06404 0.01011 -0.00102
v -0.06143 0.00751 -0.00110
v -0.06293 0.00863 -0.00092
v -0.06012 0.00626 -0.00101
v -0.06170 0.00726 -0.00082
v -0.05876 0.00510 -0.00093
v -0.06038 0.00598 -0.00073
v -0.05733 0.00407 -0.00084
v -0.05900 0.00480 -0.00064
v -0.05579 0.00320 -0.00074
v -0.05754 0.00376 -0.00055
v -0.05415 0.00244 -0.00064
v -0.05597 0.00287 -0.00046
v -0.05240 0.00178 -0.00053
v -0.05430 0.00210 -0.00036
v -0.05603 0.00289 0.00011
v -0.05435 0.00212 0.00021
v -0.05253 0.00142 -0.00025
v -0.05759 0.00378 0.00002
v -0.05057 0.00125 -0.00042
v -0.05906 0.00483 -0.00008
v -0.04868 0.00089 -0.00029
v -0.06045 0.00601 -0.00016
v -0.04667 0.00068 -0.00014
v -0.06177 0.00728 -0.00025
v -0.04451 0.00056 0.00002
v -0.06299 0.00866 -0.00035
v -0.04227 0.00059 0.00019
v -0.06411 0.01014 -0.00045
v -0.04000 0.00080 0.00038
v -0.06517 0.01174 -0.00056
v -0.03767 0.00115 0.00058
v -0.06622 0.01344 -0.00068
v -0.03523 0.00163 0.00080
v -0.06722 0.01523 -0.00082
v -0.03274 0.00225 0.00103
v -0.06812 0.01710 -0.00098
v -0.03268 0.00189 0.00133
v -0.06894 0.01904 -0.00116
v -0.03520 0.00126 0.00110
v -0.06973 0.02106 -0.00136
v -0.03767 0.00079 0.00088
v -0.07018 0.02327 -0.00118
v -0.04002 0.00042 0.00067
v -0.07077 0.02538 -0.00143
v -0.04231 0.00021 0.00048
v -0.07127 0.02750 -0.00170
v -0.04457 0.00018 0.00031
v -0.07170 0.02964 -0.00199
v -0.04675 0.00030 0.00014
v -0.07202 0.03179 -0.00231
v -0.04878 0.00052 -0.00000
v -0.07218 0.03394 -0.00264
v -0.05068 0.00088 -0.00013
v -0.07221 0.03606 -0.00299
v -0.05074 0.00090 0.00044
v -0.07214 0.03813 -0.00334
v -0.05258 0.00144 0.00032
v -0.07192 0.04014 -0.00368
v -0.05427 0.00250 0.00061
v -0.07148 0.04208 -0.00402
v -0.05592 0.00325 0.00051
v -0.07088 0.04394 -0.00435
v -0.05745 0.00413 0.00041
v -0.07016 0.04568 -0.00465
v -0.05889 0.00515 0.00032
v -0.06928 0.04729 -0.00492
v -0.06026 0.00632 0.00024
v -0.06821 0.04876 -0.00514
v -0.06157 0.00757 0.00015
v -0.06698 0.05012 -0.00533
v -0.06278 0.00893 0.00005
v -0.06565 0.05137 -0.00549
v -0.06390 0.01040 -0.00004
v -0.06421 0.05248 -0.00559
v -0.06495 0.01198 -0.00015
v -0.06264 0.05342 -0.00564
v -0.06599 0.01367 -0.00028
v -0.06095 0.05423 -0.00565
v -0.06698 0.01544 -0.00042
v -0.05917 0.05497 -0.00562
v -0.06786 0.01729 -0.00058
v -0.05731 0.05559 -0.00555
v -0.06868 0.01921 -0.00075
v -0.05540 0.05607 -0.00544
v -0.06946 0.02121 -0.00095
v -0.05547 0.05637 -0.00591
v -0.05342 0.05644 -0.00529
v -0.05525 0.05561 -0.00535
v -0.05139 0.05675 -0.00512
v -0.05714 0.05515 -0.00546
v -0.05330 0.05596 -0.00520
v -0.05897 0.05455 -0.00553
v -0.05709 0.05503 -0.00576
v -0.06074 0.05383 -0.00556
v -0.05891 0.05443 -0.00583
v -0.06067 0.05371 -0.00586
v -0.06241 0.05302 -0.00556
v -0.06234 0.05291 -0.00585
v -0.05894 0.05450 -0.00607
v -0.05711 0.05511 -0.00600
v -0.06070 0.05377 -0.00610
v -0.06237 0.05297 -0.00609
v -0.05522 0.05556 -0.00588
v -0.06388 0.05199 -0.00580
v -0.06392 0.05205 -0.00604
v -0.06533 0.05095 -0.00594
v -0.06395 0.05210 -0.00551
v -0.06529 0.05089 -0.00569
v -0.06663 0.04971 -0.00578
v -0.06537 0.05100 -0.00540
v -0.06658 0.04965 -0.00554
v -0.06783 0.04836 -0.00559
v -0.06666 0.04975 -0.00525
v -0.06777 0.04830 -0.00535
v -0.06887 0.04691 -0.00536
v -0.06786 0.04840 -0.00505
v -0.06880 0.04684 -0.00512
v -0.06970 0.04532 -0.00510
v -0.06889 0.04694 -0.00483
v -0.06963 0.04526 -0.00486
v -0.07040 0.04361 -0.00481
v -0.06973 0.04535 -0.00456
v -0.07031 0.04355 -0.00457
v -0.07098 0.04179 -0.00449
v -0.07042 0.04364 -0.00427
v -0.07090 0.04174 -0.00426
v -0.07141 0.03989 -0.00417
v -0.07100 0.04181 -0.00396
v -0.07132 0.03986 -0.00394
v -0.07163 0.03794 -0.00385
v -0.07143 0.03992 -0.00363
v -0.07155 0.03792 -0.00362
v -0.07170 0.03592 -0.00351
v -0.07166 0.03797 -0.00330
v -0.07162 0.03591 -0.00329
v -0.07168 0.03384 -0.00317
v -0.07174 0.03595 -0.00297
v -0.07161 0.03383 -0.00295
v -0.07154 0.03172 -0.00284
v -0.07172 0.03387 -0.00263
v -0.07146 0.03173 -0.00261
v -0.07123 0.02961 -0.00252
v -0.07157 0.03176 -0.00230
v -0.07116 0.02962 -0.00229
v -0.07080 0.02750 -0.00223
v -0.07127 0.02965 -0.00198
v -0.07073 0.02753 -0.00200
v -0.07031 0.02541 -0.00195
v -0.07084 0.02754 -0.00169
v -0.07025 0.02544 -0.00172
v -0.06973 0.02333 -0.00171
v -0.07035 0.02545 -0.00142
v -0.06967 0.02338 -0.00148
v -0.06902 0.02130 -0.00149
v -0.06977 0.02338 -0.00117
v -0.06907 0.02135 -0.00095
v -0.06897 0.02135 -0.00126
v -0.06829 0.01938 -0.00076
v -0.06819 0.01938 -0.00106
v -0.06824 0.01932 -0.00129
v -0.06749 0.01748 -0.00058
v -0.06739 0.01749 -0.00089
v -0.06744 0.01743 -0.00112
v -0.06663 0.01567 -0.00042
v -0.06653 0.01568 -0.00073
v -0.06658 0.01561 -0.00096
v -0.06565 0.01392 -0.00028
v -0.06556 0.01394 -0.00060
v -0.06560 0.01386 -0.00082
v -0.06462 0.01225 -0.00016
v -0.06453 0.01227 -0.00048
v -0.06457 0.01219 -0.00070
v -0.06358 0.01069 -0.00006
v -0.06349 0.01072 -0.00037
v -0.06353 0.01063 -0.00059
v -0.06248 0.00925 0.00004
v -0.06240 0.00928 -0.00027
v -0.06244 0.00919 -0.00049
v -0.06127 0.00791 0.00013
v -0.06119 0.00795 -0.00018
v -0.06123 0.00785 -0.00040
v -0.05998 0.00668 0.00022
v -0.05990 0.00672 -0.00009
v -0.05993 0.00662 -0.00031
v -0.05864 0.00554 0.00031
v -0.05857 0.00558 -0.00001
v -0.05860 0.00548 -0.00023
v -0.05724 0.00453 0.00040
v -0.05717 0.00458 0.00008
v -0.05720 0.00447 -0.00014
v -0.05574 0.00368 0.00049
v -0.05568 0.00373 0.00017
v -0.05570 0.00362 -0.00005
v -0.05412 0.00294 0.00059
v -0.05407 0.00300 0.00027
v -0.05408 0.00288 0.00005
v -0.05239 0.00228 0.00069
v -0.05234 0.00234 0.00038
v -0.05235 0.00222 0.00016
v -0.05251 0.00182 0.00071
v -0.05058 0.00176 0.00081
v -0.05054 0.00182 0.00050
v -0.05054 0.00169 0.00028
v -0.04867 0.00136 0.00041
v -0.05069 0.00129 0.00083
v -0.04866 0.00148 0.00063
v -0.04668 0.00115 0.00055
v -0.04883 0.00054 0.00057
v -0.04879 0.00094 0.00096
v -0.04681 0.00032 0.00071
v -0.04870 0.00142 0.00094
v -0.04678 0.00073 0.00110
v -0.04671 0.00121 0.00108
v -0.04462 0.00020 0.00087
v -0.04462 0.00061 0.00127
v -0.04236 0.00023 0.00105
v -0.04238 0.00063 0.00144
v -0.04007 0.00044 0.00124
v -0.04457 0.00110 0.00124
v -0.03772 0.00081 0.00144
v -0.04011 0.00084 0.00163
v -0.03524 0.00128 0.00167
v -0.03778 0.00120 0.00183
v -0.04235 0.00111 0.00142
v -0.04011 0.00132 0.00160
v -0.03533 0.00167 0.00205
v -0.03781 0.00168 0.00180
v -0.04009 0.00138 0.00129
v -0.03272 0.00191 0.00190
v -0.04232 0.00117 0.00110
v -0.03019 0.00270 0.00157
v -0.04453 0.00115 0.00093
v -0.02772 0.00367 0.00181
v -0.04668 0.00128 0.00077
v -0.04453 0.00103 0.00071
v -0.04231 0.00105 0.00088
v -0.04008 0.00125 0.00107
v -0.03778 0.00161 0.00127
v -0.03780 0.00173 0.00149
v -0.03535 0.00208 0.00149
v -0.03538 0.00220 0.00170
v -0.03289 0.00269 0.00171
v -0.03539 0.00214 0.00202
v -0.03293 0.00282 0.00193
v -0.03047 0.00350 0.00195
v -0.03284 0.00229 0.00228
v -0.03294 0.00276 0.00225
v -0.03052 0.00362 0.00216
v -0.02806 0.00446 0.00218
v -0.03024 0.00272 0.00214
v -0.03038 0.00310 0.00252
v -0.02776 0.00369 0.00238
v -0.03052 0.00356 0.00248
v -0.02794 0.00407 0.00276
v -0.02523 0.00476 0.00206
v -0.02527 0.00478 0.00263
v -0.02277 0.00602 0.00231
v -0.02547 0.00515 0.00301
v -0.02281 0.00604 0.00288
v -0.02042 0.00747 0.00254
v -0.01841 0.00936 0.00244
v -0.02046 0.00749 0.00311
v -0.01626 0.01103 0.00264
v -0.01816 0.00906 0.00276
v -0.01425 0.01284 0.00281
v -0.01599 0.01076 0.00297
v -0.01820 0.00909 0.00333
v -0.01241 0.01481 0.00294
v -0.01396 0.01259 0.00314
v -0.01603 0.01078 0.00354
v -0.01073 0.01689 0.00303
v -0.01209 0.01459 0.00327
v -0.01399 0.01262 0.00371
v -0.00918 0.01900 0.00308
v -0.01039 0.01669 0.00336
v -0.01213 0.01462 0.00384
v -0.00783 0.02118 0.00308
v -0.00883 0.01884 0.00341
v -0.01042 0.01673 0.00393
v -0.00672 0.02347 0.00302
v -0.00746 0.02106 0.00342
v -0.00886 0.01888 0.00399
v -0.00585 0.02580 0.00290
v -0.00634 0.02339 0.00335
v -0.00749 0.02110 0.00399
v -0.00520 0.02808 0.00273
v -0.00547 0.02574 0.00323
v -0.00637 0.02343 0.00392
v -0.00476 0.03034 0.00251
v -0.00481 0.02805 0.00306
v -0.00549 0.02579 0.00380
v -0.00456 0.03262 0.00223
v -0.00439 0.03034 0.00284
v -0.00448 0.03482 0.00193
v -0.00418 0.03263 0.00255
v -0.00447 0.03685 0.00162
v -0.00411 0.03485 0.00224
v -0.00410 0.03690 0.00193
v -0.00420 0.03881 0.00161
v -0.00412 0.03696 0.00250
v -0.00422 0.03888 0.00218
v -0.00450 0.04076 0.00182
v -0.00413 0.03491 0.00281
v -0.00453 0.03700 0.00286
v -0.00421 0.03270 0.00312
v -0.00454 0.03496 0.00317
v -0.00461 0.03275 0.00348
v -0.00441 0.03039 0.00341
v -0.00482 0.03047 0.00376
v -0.00484 0.02810 0.00363
v -0.00525 0.02819 0.00398
v -0.00591 0.02591 0.00415
v -0.00679 0.02357 0.00427
v -0.00574 0.02825 0.00391
v -0.00790 0.02128 0.00434
v -0.00641 0.02600 0.00407
v -0.00729 0.02371 0.00419
v -0.00925 0.01908 0.00434
v -0.00838 0.02145 0.00426
v -0.01080 0.01697 0.00428
v -0.00972 0.01930 0.00425
v -0.00734 0.02370 0.00387
v -0.01249 0.01488 0.00419
v -0.01125 0.01723 0.00420
v -0.01433 0.01291 0.00406
v -0.01291 0.01518 0.00411
v -0.01634 0.01110 0.00389
v -0.01472 0.01324 0.00399
v -0.01849 0.00942 0.00369
v -0.01671 0.01146 0.00383
v -0.02072 0.00784 0.00348
v -0.01882 0.00981 0.00363
v -0.02304 0.00640 0.00325
v -0.02101 0.00825 0.00342
v -0.02330 0.00683 0.00320
v -0.01884 0.00985 0.00331
v -0.02103 0.00829 0.00310
v -0.02568 0.00560 0.00296
v -0.02094 0.00818 0.00289
v -0.02331 0.00688 0.00288
v -0.01875 0.00974 0.00310
v -0.02323 0.00676 0.00267
v -0.02563 0.00553 0.00243
v -0.01673 0.01149 0.00350
v -0.01663 0.01139 0.00330
v -0.01476 0.01327 0.00367
v -0.01465 0.01317 0.00346
v -0.01295 0.01520 0.00379
v -0.01283 0.01512 0.00359
v -0.01129 0.01725 0.00388
v -0.01117 0.01717 0.00367
v -0.00977 0.01932 0.00393
v -0.00964 0.01925 0.00373
v -0.00844 0.02146 0.00393
v -0.00831 0.02140 0.00373
v -0.00721 0.02366 0.00366
v -0.00646 0.02599 0.00375
v -0.00633 0.02595 0.00354
v -0.00578 0.02824 0.00359
v -0.00563 0.02821 0.00338
v -0.00531 0.03047 0.00337
v -0.00516 0.03045 0.00317
v -0.00529 0.03050 0.00369
v -0.00508 0.03273 0.00309
v -0.00492 0.03271 0.00290
v -0.00507 0.03276 0.00341
v -0.00499 0.03493 0.00279
v -0.00483 0.03491 0.00259
v -0.00500 0.03496 0.00310
v -0.00499 0.03695 0.00248
v -0.00484 0.03693 0.00228
v -0.00500 0.03698 0.00279
v -0.00512 0.03884 0.00215
v -0.00497 0.03882 0.00195
v -0.00529 0.04067 0.00160
v -0.00512 0.03888 0.00247
v -0.00544 0.04068 0.00180
v -0.00577 0.04251 0.00120
v -0.00542 0.04073 0.00211
v -0.00464 0.03891 0.00254
v -0.00493 0.04078 0.00218
v -0.00495 0.04266 0.00142
v -0.00538 0.04265 0.00179
v -0.00493 0.04258 0.00085
v -0.00556 0.04457 0.00098
v -0.00636 0.04643 0.00053
v -0.00597 0.04451 0.00136
v -0.00587 0.04256 0.00173
v -0.00591 0.04251 0.00141
v -0.00635 0.04432 0.00079
v -0.00644 0.04437 0.00132
v -0.00648 0.04431 0.00100
v -0.00710 0.04606 0.00037
v -0.00674 0.04632 0.00092
v -0.00718 0.04611 0.00090
v -0.00722 0.04603 0.00059
v -0.00806 0.04766 -0.00005
v -0.00813 0.04772 0.00048
v -0.00816 0.04763 0.00017
v -0.00926 0.04906 -0.00023
v -0.00916 0.04911 -0.00046
v -0.00923 0.04916 0.00007
v -0.01041 0.05031 -0.00059
v -0.01033 0.05036 -0.00082
v -0.01039 0.05041 -0.00029
v -0.00774 0.04799 0.00048
v -0.00888 0.04948 0.00006
v -0.00740 0.04816 0.00007
v -0.00858 0.04968 -0.00036
v -0.00634 0.04635 -0.00004
v -0.00737 0.04807 -0.00050
v -0.00881 0.04929 -0.00118
v -0.00855 0.04959 -0.00093
v -0.01001 0.05057 -0.00156
v -0.00981 0.05099 -0.00075
v -0.00978 0.05090 -0.00131
v -0.01130 0.05165 -0.00189
v -0.01271 0.05257 -0.00219
v -0.01110 0.05199 -0.00164
v -0.01424 0.05338 -0.00247
v -0.01254 0.05291 -0.00195
v -0.01113 0.05208 -0.00108
v -0.01257 0.05301 -0.00139
v -0.01008 0.05077 -0.00032
v -0.01137 0.05185 -0.00065
v -0.01164 0.05149 -0.00062
v -0.01279 0.05277 -0.00095
v -0.01166 0.05138 -0.00092
v -0.01158 0.05143 -0.00115
v -0.01297 0.05234 -0.00145
v -0.01303 0.05240 -0.00092
v -0.01305 0.05229 -0.00122
v -0.01448 0.05314 -0.00173
v -0.01454 0.05308 -0.00150
v -0.01604 0.05385 -0.00199
v -0.01453 0.05320 -0.00120
v -0.01432 0.05358 -0.00123
v -0.01610 0.05380 -0.00176
v -0.01766 0.05445 -0.00222
v -0.01610 0.05391 -0.00145
v -0.01771 0.05439 -0.00199
v -0.01933 0.05492 -0.00243
v -0.01771 0.05451 -0.00169
v -0.01939 0.05486 -0.00219
v -0.02108 0.05531 -0.00262
v -0.02113 0.05524 -0.00238
v -0.02290 0.05565 -0.00280
v -0.01939 0.05498 -0.00189
v -0.02295 0.05558 -0.00257
v -0.02477 0.05594 -0.00298
v -0.02114 0.05536 -0.00209
v -0.02481 0.05586 -0.00275
v -0.02666 0.05614 -0.00315
v -0.02296 0.05570 -0.00227
v -0.02670 0.05606 -0.00292
v -0.02859 0.05630 -0.00332
v -0.02483 0.05598 -0.00245
v -0.02863 0.05622 -0.00309
v -0.03058 0.05644 -0.00350
v -0.02671 0.05619 -0.00262
v -0.03061 0.05637 -0.00327
v -0.03260 0.05656 -0.00369
v -0.02865 0.05635 -0.00279
v -0.03263 0.05649 -0.00345
v -0.03464 0.05664 -0.00388
v -0.03063 0.05649 -0.00297
v -0.03466 0.05657 -0.00364
v -0.03669 0.05670 -0.00408
v -0.03266 0.05661 -0.00315
v -0.03058 0.05696 -0.00303
v -0.03671 0.05662 -0.00384
v -0.03261 0.05708 -0.00321
v -0.03879 0.05667 -0.00405
v -0.03877 0.05674 -0.00429
v -0.03674 0.05675 -0.00354
v -0.04088 0.05668 -0.00427
v -0.04087 0.05676 -0.00451
v -0.03881 0.05679 -0.00375
v -0.03469 0.05669 -0.00334
v -0.03672 0.05720 -0.00360
v -0.03466 0.05715 -0.00340
v -0.03460 0.05745 -0.00385
v -0.03881 0.05725 -0.00382
v -0.04091 0.05681 -0.00397
v -0.04092 0.05729 -0.00404
v -0.04302 0.05761 -0.00474
v -0.04301 0.05678 -0.00419
v -0.04513 0.05757 -0.00497
v -0.04303 0.05727 -0.00427
v -0.04724 0.05749 -0.00520
v -0.04514 0.05723 -0.00450
v -0.04510 0.05672 -0.00441
v -0.04934 0.05734 -0.00541
v -0.04724 0.05715 -0.00472
v -0.05143 0.05708 -0.00560
v -0.04932 0.05700 -0.00493
v -0.05129 0.05626 -0.00503
v -0.04924 0.05649 -0.00484
v -0.04717 0.05663 -0.00463
v -0.05124 0.05613 -0.00532
v -0.04714 0.05651 -0.00492
v -0.04506 0.05659 -0.00471
v -0.04920 0.05636 -0.00513
v -0.04920 0.05645 -0.00537
v -0.04714 0.05660 -0.00516
v -0.05125 0.05622 -0.00556
v -0.04506 0.05668 -0.00495
v -0.04297 0.05674 -0.00473
v -0.05326 0.05583 -0.00549
v -0.05327 0.05591 -0.00573
v -0.05520 0.05549 -0.00564
v -0.02269 0.05637 -0.00334
v -0.02273 0.05646 -0.00278
v -0.02088 0.05610 -0.00259
v -0.02462 0.05677 -0.00297
v -0.02101 0.05580 -0.00214
v -0.02285 0.05616 -0.00233
v -0.02473 0.05645 -0.00251
v -0.01924 0.05541 -0.00194
v -0.02663 0.05667 -0.00269
v -0.02653 0.05699 -0.00314
v -0.02858 0.05683 -0.00286
v -0.02849 0.05715 -0.00331
v -0.03050 0.05728 -0.00349
v -0.03255 0.05738 -0.00367
v -0.03046 0.05719 -0.00405
v -0.03250 0.05729 -0.00423
v -0.02845 0.05705 -0.00387
v -0.02649 0.05689 -0.00370
v -0.02458 0.05667 -0.00353
v -0.02463 0.05625 -0.00375
v -0.02276 0.05596 -0.00357
v -0.02084 0.05600 -0.00315
v -0.02092 0.05561 -0.00338
v -0.01906 0.05559 -0.00295
v -0.01916 0.05521 -0.00318
v -0.01910 0.05568 -0.00239
v -0.01734 0.05509 -0.00274
v -0.01746 0.05472 -0.00297
v -0.01754 0.05492 -0.00173
v -0.01738 0.05518 -0.00218
v -0.01590 0.05430 -0.00150
v -0.01569 0.05446 -0.00249
v -0.01572 0.05455 -0.00193
v -0.01412 0.05382 -0.00167
v -0.01408 0.05373 -0.00223
v -0.01582 0.05410 -0.00273
v -0.04298 0.05665 -0.00449
v -0.02811 0.00452 0.00272
v -0.02812 0.00458 0.00240
v -0.02569 0.00565 0.00264
v -0.02683 0.05611 -0.00439
v -0.02754 0.05611 -0.00401
v -0.02750 0.05618 -0.00435
v -0.02685 0.05627 -0.00402
v -0.02789 0.05621 -0.00417
v -0.02755 0.05624 -0.00372
v -0.02801 0.05616 -0.00384
v -0.02759 0.05660 -0.00361
v -0.02795 0.05626 -0.00359
v -0.02806 0.05632 -0.00407
v -0.02825 0.05628 -0.00382
v -0.02811 0.05635 -0.00364
v -0.02825 0.05653 -0.00412
v -0.02810 0.05658 -0.00347
v -0.02832 0.05657 -0.00354
v -0.02858 0.05655 -0.00381
v -0.02793 0.05689 -0.00364
v -0.02810 0.05678 -0.00368
v -0.02822 0.05682 -0.00387
v -0.02798 0.05695 -0.00391
v -0.02753 0.05695 -0.00377
v -0.02752 0.05703 -0.00408
v -0.02787 0.05685 -0.00422
v -0.02686 0.05666 -0.00392
v -0.02804 0.05675 -0.00411
v -0.02801 0.05652 -0.00424
v -0.02751 0.05653 -0.00445
v -0.02748 0.05690 -0.00440
v -0.02679 0.05698 -0.00483
v -0.02679 0.05658 -0.00493
v -0.02681 0.05714 -0.00446
v -0.02597 0.05705 -0.00533
v -0.02680 0.05621 -0.00478
v -0.02597 0.05665 -0.00547
v -0.02601 0.05618 -0.00481
v -0.02598 0.05628 -0.00528
v -0.02515 0.05673 -0.00597
v -0.02603 0.05634 -0.00434
v -0.02516 0.05635 -0.00576
v -0.02519 0.05625 -0.00519
v -0.02604 0.05674 -0.00421
v -0.02521 0.05641 -0.00464
v -0.02422 0.05638 -0.00607
v -0.02684 0.05704 -0.00407
v -0.02602 0.05711 -0.00439
v -0.02600 0.05721 -0.00487
v -0.02522 0.05681 -0.00447
v -0.02521 0.05719 -0.00469
v -0.02518 0.05728 -0.00525
v -0.02516 0.05712 -0.00581
v -0.02427 0.05723 -0.00487
v -0.02424 0.05733 -0.00550
v -0.02422 0.05716 -0.00613
v -0.02428 0.05685 -0.00463
v -0.02308 0.05721 -0.00485
v -0.02427 0.05644 -0.00481
v -0.02309 0.05680 -0.00461
v -0.02308 0.05637 -0.00480
v -0.02425 0.05628 -0.00544
v -0.02305 0.05620 -0.00544
v -0.02303 0.05631 -0.00610
v -0.02052 0.05595 -0.00502
v -0.02049 0.05608 -0.00568
v -0.02302 0.05671 -0.00635
v -0.02048 0.05656 -0.00593
v -0.01551 0.05564 -0.00464
v -0.02421 0.05676 -0.00631
v -0.02303 0.05715 -0.00616
v -0.02049 0.05705 -0.00575
v -0.02305 0.05732 -0.00552
v -0.02051 0.05725 -0.00511
v -0.02054 0.05712 -0.00444
v -0.02055 0.05665 -0.00419
v -0.01556 0.05694 -0.00343
v -0.01554 0.05712 -0.00410
v -0.02054 0.05615 -0.00437
v -0.01557 0.05634 -0.00316
v -0.01553 0.05547 -0.00397
v -0.01556 0.05571 -0.00333
v -0.01022 0.05677 -0.00241
v -0.01022 0.05601 -0.00213
v -0.01019 0.05494 -0.00292
v -0.01021 0.05523 -0.00229
v -0.00658 0.05489 -0.00183
v -0.01016 0.05516 -0.00359
v -0.00655 0.05455 -0.00246
v -0.00653 0.05482 -0.00314
v -0.00398 0.05431 -0.00232
v -0.00396 0.05461 -0.00300
v -0.00652 0.05571 -0.00342
v -0.00396 0.05559 -0.00328
v -0.00180 0.05453 -0.00289
v -0.00180 0.05555 -0.00317
v -0.00397 0.05660 -0.00313
v -0.00180 0.05660 -0.00302
v 0.00000 0.05452 -0.00285
v 0.00000 0.05555 -0.00313
v -0.00182 0.05698 -0.00239
v 0.00000 0.05660 -0.00298
v 0.00180 0.05555 -0.00317
v 0.00180 0.05660 -0.00302
v 0.00000 0.05698 -0.00235
v 0.00182 0.05698 -0.00239
v 0.00396 0.05559 -0.00328
v 0.00397 0.05660 -0.00313
v 0.00183 0.05668 -0.00172
v 0.00399 0.05697 -0.00250
v 0.00652 0.05571 -0.00342
v 0.00654 0.05662 -0.00327
v 0.00401 0.05668 -0.00183
v 0.00656 0.05696 -0.00264
v 0.01016 0.05592 -0.00387
v 0.01017 0.05670 -0.00371
v 0.01019 0.05699 -0.00308
v 0.01551 0.05688 -0.00474
v 0.00659 0.05670 -0.00196
v 0.01554 0.05712 -0.00410
v 0.00401 0.05569 -0.00154
v 0.01022 0.05677 -0.00241
v 0.00659 0.05580 -0.00168
v 0.00183 0.05566 -0.00143
v 0.00400 0.05468 -0.00169
v 0.00000 0.05668 -0.00167
v 0.00182 0.05461 -0.00158
v 0.00000 0.05566 -0.00139
v -0.00183 0.05668 -0.00172
v -0.00183 0.05566 -0.00143
v -0.00399 0.05697 -0.00250
v -0.00401 0.05668 -0.00183
v -0.00654 0.05662 -0.00327
v -0.00656 0.05696 -0.00264
v -0.01016 0.05592 -0.00387
v -0.01017 0.05670 -0.00371
v -0.01550 0.05625 -0.00491
v -0.01551 0.05688 -0.00474
v -0.01019 0.05699 -0.00308
v -0.00659 0.05670 -0.00196
v -0.00659 0.05580 -0.00168
v -0.00401 0.05569 -0.00154
v -0.00400 0.05468 -0.00169
v -0.00182 0.05461 -0.00158
v -0.00181 0.05422 -0.00221
v 0.00000 0.05461 -0.00154
v 0.00000 0.05422 -0.00217
v 0.00181 0.05422 -0.00221
v 0.00180 0.05453 -0.00289
v 0.00398 0.05431 -0.00232
v 0.00396 0.05461 -0.00300
v 0.00658 0.05489 -0.00183
v 0.00655 0.05455 -0.00246
v 0.00653 0.05482 -0.00314
v 0.01021 0.05523 -0.00229
v 0.01016 0.05516 -0.00359
v 0.01019 0.05494 -0.00292
v 0.01022 0.05601 -0.00213
v 0.01556 0.05571 -0.00333
v 0.01557 0.05634 -0.00316
v 0.01553 0.05547 -0.00397
v 0.02054 0.05615 -0.00437
v 0.01556 0.05694 -0.00343
v 0.02055 0.05665 -0.00419
v 0.02051 0.05725 -0.00511
v 0.02054 0.05712 -0.00444
v 0.02308 0.05721 -0.00485
v 0.02049 0.05705 -0.00575
v 0.02305 0.05732 -0.00552
v 0.02303 0.05715 -0.00616
v 0.01550 0.05625 -0.00491
v 0.01551 0.05564 -0.00464
v 0.02048 0.05656 -0.00593
v 0.02052 0.05595 -0.00502
v 0.02049 0.05608 -0.00568
v 0.02302 0.05671 -0.00635
v 0.02303 0.05631 -0.00610
v 0.02305 0.05620 -0.00544
v 0.02308 0.05637 -0.00480
v 0.02425 0.05628 -0.00544
v 0.02309 0.05680 -0.00461
v 0.02427 0.05644 -0.00481
v 0.02428 0.05685 -0.00463
v 0.02427 0.05723 -0.00487
v 0.02424 0.05733 -0.00550
v 0.02521 0.05719 -0.00469
v 0.02422 0.05716 -0.00613
v 0.02518 0.05728 -0.00525
v 0.02516 0.05712 -0.00581
v 0.02421 0.05676 -0.00631
v 0.02515 0.05673 -0.00597
v 0.02422 0.05638 -0.00607
v 0.02516 0.05635 -0.00576
v 0.02519 0.05625 -0.00519
v 0.02521 0.05641 -0.00464
v 0.02601 0.05618 -0.00481
v 0.02522 0.05681 -0.00447
v 0.02603 0.05634 -0.00434
v 0.02604 0.05674 -0.00421
v 0.02602 0.05711 -0.00439
v 0.02600 0.05721 -0.00487
v 0.02684 0.05704 -0.00407
v 0.02597 0.05705 -0.00533
v 0.02681 0.05714 -0.00446
v 0.02686 0.05666 -0.00392
v 0.02753 0.05695 -0.00377
v 0.02679 0.05698 -0.00483
v 0.02752 0.05703 -0.00408
v 0.02759 0.05660 -0.00361
v 0.02679 0.05658 -0.00493
v 0.02685 0.05627 -0.00402
v 0.02597 0.05665 -0.00547
v 0.02683 0.05611 -0.00439
v 0.02598 0.05628 -0.00528
v 0.02680 0.05621 -0.00478
v 0.02750 0.05618 -0.00435
v 0.02754 0.05611 -0.00401
v 0.02751 0.05653 -0.00445
v 0.02755 0.05624 -0.00372
v 0.02748 0.05690 -0.00440
v 0.02787 0.05685 -0.00422
v 0.02798 0.05695 -0.00391
v 0.02793 0.05689 -0.00364
v 0.02801 0.05652 -0.00424
v 0.02810 0.05658 -0.00347
v 0.02789 0.05621 -0.00417
v 0.02795 0.05626 -0.00359
v 0.02801 0.05616 -0.00384
v 0.02811 0.05635 -0.00364
v 0.02806 0.05632 -0.00407
v 0.02825 0.05628 -0.00382
v 0.02832 0.05657 -0.00354
v 0.02858 0.05655 -0.00381
v 0.02810 0.05678 -0.00368
v 0.02825 0.05653 -0.00412
v 0.02822 0.05682 -0.00387
v 0.02804 0.05675 -0.00411
v -0.00580 0.02589 -0.00216
v -0.00613 0.02485 -0.00208
v -0.00645 0.02484 -0.00285
v -0.00549 0.02602 -0.00121
v -0.00642 0.02382 -0.00185
v -0.00582 0.02492 -0.00104
v -0.00614 0.02381 -0.00087
v -0.00550 0.02498 -0.00000
v -0.00583 0.02394 0.00008
v -0.00647 0.02300 -0.00073
v -0.00618 0.02318 0.00009
v -0.00566 0.02412 0.00080
v -0.00599 0.02355 0.00059
v -0.00652 0.02301 0.00015
v -0.00618 0.02348 0.00077
v -0.00680 0.02282 -0.00063
v -0.00701 0.02291 -0.00146
v -0.00695 0.02304 -0.00061
v -0.00670 0.02308 -0.00159
v -0.00715 0.02318 -0.00122
v -0.00669 0.02391 -0.00257
v -0.00709 0.02331 -0.00220
v -0.00683 0.02338 -0.00215
v -0.00700 0.02402 -0.00275
v -0.00724 0.02358 -0.00199
v -0.00713 0.02434 -0.00254
v -0.00703 0.02416 -0.00149
v -0.00692 0.02498 -0.00283
v -0.00693 0.02374 -0.00065
v -0.00688 0.02507 -0.00206
v -0.00691 0.02478 -0.00108
v -0.00678 0.02325 -0.00001
v -0.00644 0.02374 0.00063
v -0.00656 0.02426 0.00006
v -0.00582 0.02425 0.00109
v -0.00607 0.02456 0.00094
v -0.00534 0.02506 0.00080
v -0.00551 0.02516 0.00112
v -0.00522 0.02601 -0.00023
v -0.00511 0.02598 0.00052
v -0.00533 0.02688 -0.00131
v -0.00510 0.02681 -0.00045
v -0.00529 0.02604 0.00083
v -0.00510 0.02655 0.00014
v -0.00521 0.02676 0.00028
v -0.00575 0.02521 0.00100
v -0.00567 0.02590 0.00074
v -0.00615 0.02522 0.00035
v -0.00557 0.02666 0.00019
v -0.00677 0.02485 -0.00031
v -0.00601 0.02613 -0.00022
v -0.00692 0.02461 -0.00067
v -0.00655 0.02538 -0.00018
v -0.00711 0.02556 -0.00089
v -0.00639 0.02588 -0.00039
v -0.00675 0.02529 -0.00129
v -0.00683 0.02587 -0.00090
v -0.00652 0.02582 -0.00116
v -0.00647 0.02603 -0.00177
v -0.00726 0.02688 -0.00093
v -0.00674 0.02569 -0.00274
v -0.00727 0.02550 -0.00059
v -0.00726 0.02565 -0.00022
v -0.00756 0.02688 -0.00064
v -0.00705 0.02597 -0.00000
v -0.00767 0.02702 -0.00017
v -0.00698 0.02914 -0.00121
v -0.00737 0.02921 -0.00108
v -0.00747 0.02724 0.00022
v -0.00669 0.02921 -0.00091
v -0.00678 0.02628 -0.00001
v -0.00689 0.02709 -0.00080
v -0.00660 0.02621 -0.00069
v -0.00664 0.02932 -0.00043
v -0.00666 0.02734 -0.00042
v -0.00638 0.02606 -0.00080
v -0.00661 0.02635 -0.00032
v -0.00610 0.02655 -0.00107
v -0.00680 0.02745 0.00005
v -0.00712 0.02743 0.00035
v -0.00695 0.02940 -0.00001
v -0.00736 0.02944 0.00013
v -0.00762 0.02941 -0.00018
v -0.00720 0.03171 -0.00009
v -0.00765 0.02933 -0.00068
v -0.00733 0.03191 -0.00050
v -0.00674 0.03161 -0.00008
v -0.00716 0.03206 -0.00100
v -0.00627 0.03161 -0.00035
v -0.00670 0.03202 -0.00126
v -0.00611 0.03172 -0.00083
v -0.00625 0.03188 -0.00122
v -0.00528 0.03365 0.00014
v -0.00500 0.03414 -0.00017
v -0.00508 0.03464 -0.00045
v -0.00557 0.03482 -0.00051
v -0.00397 0.03612 0.00064
v -0.00613 0.03466 -0.00038
v -0.00402 0.03691 0.00053
v -0.00453 0.03714 0.00051
v -0.00641 0.03415 -0.00004
v -0.00512 0.03683 0.00058
v -0.00634 0.03364 0.00026
v -0.00541 0.03601 0.00076
v -0.00584 0.03347 0.00031
v -0.00535 0.03522 0.00091
v -0.00486 0.03499 0.00090
v -0.00429 0.03530 0.00079
v -0.00389 0.03641 0.00133
v -0.00437 0.03616 0.00147
v -0.00361 0.03728 0.00118
v -0.00376 0.03720 0.00172
v -0.00365 0.03817 0.00110
v -0.00354 0.03800 0.00151
v -0.00413 0.03849 0.00116
v -0.00359 0.03889 0.00144
v -0.00466 0.03822 0.00129
v -0.00405 0.03927 0.00159
v -0.00489 0.03736 0.00145
v -0.00452 0.03911 0.00183
v -0.00480 0.03649 0.00154
v -0.00466 0.03833 0.00203
v -0.00446 0.03978 0.00228
v -0.00415 0.03706 0.00196
v -0.00452 0.03747 0.00210
v -0.00357 0.03788 0.00193
v -0.00396 0.03778 0.00227
v -0.00455 0.03905 0.00250
v -0.00435 0.03822 0.00253
v -0.00297 0.03841 0.00207
v -0.00334 0.03831 0.00248
v -0.00393 0.03953 0.00284
v -0.00372 0.03873 0.00282
v -0.00386 0.04024 0.00262
v -0.00217 0.03980 0.00302
v -0.00397 0.03991 0.00194
v -0.00213 0.04051 0.00280
v -0.00341 0.04037 0.00221
v -0.00348 0.03950 0.00168
v -0.00338 0.03864 0.00171
v -0.00281 0.03915 0.00185
v -0.00294 0.03998 0.00187
v -0.00187 0.04066 0.00240
v -0.00159 0.04029 0.00205
v -0.00151 0.03949 0.00202
v 0.00000 0.04040 0.00213
v -0.00160 0.03876 0.00223
v 0.00000 0.03960 0.00210
v 0.00000 0.03887 0.00231
v -0.00181 0.03863 0.00263
v 0.00000 0.03873 0.00269
v -0.00204 0.03901 0.00298
v 0.00000 0.03909 0.00302
v 0.00000 0.03988 0.00306
v 0.00000 0.04059 0.00285
v 0.00204 0.03901 0.00298
v 0.00000 0.04075 0.00246
v 0.00217 0.03980 0.00302
v 0.00213 0.04051 0.00280
v 0.00187 0.04066 0.00240
v 0.00159 0.04029 0.00205
v 0.00341 0.04037 0.00221
v 0.00151 0.03949 0.00202
v 0.00294 0.03998 0.00187
v 0.00281 0.03915 0.00185
v 0.00348 0.03950 0.00168
v 0.00160 0.03876 0.00223
v 0.00297 0.03841 0.00207
v 0.00181 0.03863 0.00263
v 0.00334 0.03831 0.00248
v 0.00372 0.03873 0.00282
v 0.00396 0.03778 0.00227
v 0.00393 0.03953 0.00284
v 0.00435 0.03822 0.00253
v 0.00386 0.04024 0.00262
v 0.00455 0.03905 0.00250
v 0.00397 0.03991 0.00194
v 0.00446 0.03978 0.00228
v 0.00452 0.03747 0.00210
v 0.00466 0.03833 0.00203
v 0.00405 0.03927 0.00159
v 0.00452 0.03911 0.00183
v 0.00480 0.03649 0.00154
v 0.00489 0.03736 0.00145
v 0.00466 0.03822 0.00129
v 0.00415 0.03706 0.00196
v 0.00535 0.03522 0.00091
v 0.00357 0.03788 0.00193
v 0.00437 0.03616 0.00147
v 0.00376 0.03720 0.00172
v 0.00338 0.03864 0.00171
v 0.00354 0.03800 0.00151
v 0.00359 0.03889 0.00144
v 0.00361 0.03728 0.00118
v 0.00413 0.03849 0.00116
v 0.00365 0.03817 0.00110
v 0.00512 0.03683 0.00058
v 0.00453 0.03714 0.00051
v 0.00402 0.03691 0.00053
v 0.00541 0.03601 0.00076
v 0.00613 0.03466 -0.00038
v 0.00641 0.03415 -0.00004
v 0.00634 0.03364 0.00026
v 0.00557 0.03482 -0.00051
v 0.00733 0.03191 -0.00050
v 0.00716 0.03206 -0.00100
v 0.00508 0.03464 -0.00045
v 0.00670 0.03202 -0.00126
v 0.00765 0.02933 -0.00068
v 0.00397 0.03612 0.00064
v 0.00625 0.03188 -0.00122
v 0.00389 0.03641 0.00133
v 0.00500 0.03414 -0.00017
v 0.00429 0.03530 0.00079
v 0.00486 0.03499 0.00090
v 0.00528 0.03365 0.00014
v 0.00584 0.03347 0.00031
v 0.00611 0.03172 -0.00083
v 0.00627 0.03161 -0.00035
v 0.00674 0.03161 -0.00008
v 0.00698 0.02914 -0.00121
v 0.00669 0.02921 -0.00091
v 0.00664 0.02932 -0.00043
v 0.00737 0.02921 -0.00108
v 0.00726 0.02688 -0.00093
v 0.00756 0.02688 -0.00064
v 0.00767 0.02702 -0.00017
v 0.00689 0.02709 -0.00080
v 0.00762 0.02941 -0.00018
v 0.00666 0.02734 -0.00042
v 0.00720 0.03171 -0.00009
v 0.00695 0.02940 -0.00001
v 0.00736 0.02944 0.00013
v 0.00680 0.02745 0.00005
v 0.00747 0.02724 0.00022
v 0.00712 0.02743 0.00035
v 0.00678 0.02628 -0.00001
v 0.00705 0.02597 -0.00000
v 0.00661 0.02635 -0.00032
v 0.00639 0.02588 -0.00039
v 0.00726 0.02565 -0.00022
v 0.00655 0.02538 -0.00018
v 0.00727 0.02550 -0.00059
v 0.00677 0.02485 -0.00031
v 0.00711 0.02556 -0.00089
v 0.00692 0.02461 -0.00067
v 0.00615 0.02522 0.00035
v 0.00683 0.02587 -0.00090
v 0.00675 0.02529 -0.00129
v 0.00660 0.02621 -0.00069
v 0.00652 0.02582 -0.00116
v 0.00638 0.02606 -0.00080
v 0.00610 0.02655 -0.00107
v 0.00688 0.02507 -0.00206
v 0.00601 0.02613 -0.00022
v 0.00647 0.02603 -0.00177
v 0.00566 0.02706 -0.00058
v 0.00602 0.02699 -0.00179
v 0.00573 0.02716 -0.00122
v 0.00557 0.02666 0.00019
v 0.00637 0.02650 -0.00242
v 0.00567 0.02590 0.00074
v 0.00674 0.02569 -0.00274
v 0.00575 0.02521 0.00100
v 0.00647 0.02581 -0.00302
v 0.00607 0.02456 0.00094
v 0.00612 0.02658 -0.00269
v 0.00656 0.02426 0.00006
v 0.00578 0.02706 -0.00208
v 0.00594 0.02639 -0.00260
v 0.00549 0.02725 -0.00129
v 0.00562 0.02671 -0.00213
v 0.00614 0.02577 -0.00284
v 0.00529 0.02715 -0.00047
v 0.00533 0.02688 -0.00131
v 0.00521 0.02676 0.00028
v 0.00510 0.02681 -0.00045
v 0.00529 0.02604 0.00083
v 0.00510 0.02655 0.00014
v 0.00511 0.02598 0.00052
v 0.00551 0.02516 0.00112
v 0.00522 0.02601 -0.00023
v 0.00534 0.02506 0.00080
v 0.00582 0.02425 0.00109
v 0.00644 0.02374 0.00063
v 0.00566 0.02412 0.00080
v 0.00618 0.02348 0.00077
v 0.00678 0.02325 -0.00001
v 0.00550 0.02498 -0.00000
v 0.00599 0.02355 0.00059
v 0.00549 0.02602 -0.00121
v 0.00583 0.02394 0.00008
v 0.00582 0.02492 -0.00104
v 0.00580 0.02589 -0.00216
v 0.00613 0.02485 -0.00208
v 0.00645 0.02484 -0.00285
v 0.00614 0.02381 -0.00087
v 0.00642 0.02382 -0.00185
v 0.00678 0.02491 -0.00305
v 0.00669 0.02391 -0.00257
v 0.00692 0.02498 -0.00283
v 0.00700 0.02402 -0.00275
v 0.00670 0.02308 -0.00159
v 0.00683 0.02338 -0.00215
v 0.00713 0.02434 -0.00254
v 0.00709 0.02331 -0.00220
v 0.00703 0.02416 -0.00149
v 0.00724 0.02358 -0.00199
v 0.00701 0.02291 -0.00146
v 0.00691 0.02478 -0.00108
v 0.00693 0.02374 -0.00065
v 0.00715 0.02318 -0.00122
v 0.00695 0.02304 -0.00061
v 0.00652 0.02301 0.00015
v 0.00680 0.02282 -0.00063
v 0.00618 0.02318 0.00009
v 0.00647 0.02300 -0.00073
v -0.00614 0.02577 -0.00284
v -0.00562 0.02671 -0.00213
v -0.00647 0.02581 -0.00302
v -0.00594 0.02639 -0.00260
v -0.00678 0.02491 -0.00305
v -0.00637 0.02650 -0.00242
v -0.00612 0.02658 -0.00269
v -0.00602 0.02699 -0.00179
v -0.00578 0.02706 -0.00208
v -0.00573 0.02716 -0.00122
v -0.00549 0.02725 -0.00129
v -0.00566 0.02706 -0.00058
v -0.00529 0.02715 -0.00047
v 0.03877 0.05756 -0.00427
v 0.03872 0.05747 -0.00483
v 0.03662 0.05741 -0.00462
v 0.04089 0.05760 -0.00450
v 0.03870 0.05705 -0.00505
v 0.03881 0.05725 -0.00382
v 0.03667 0.05750 -0.00405
v 0.04084 0.05751 -0.00506
v 0.03672 0.05720 -0.00360
v 0.04081 0.05709 -0.00528
v 0.04292 0.05708 -0.00550
v 0.04082 0.05666 -0.00502
v 0.04291 0.05663 -0.00524
v 0.04296 0.05751 -0.00530
v 0.03872 0.05664 -0.00481
v 0.04302 0.05761 -0.00474
v 0.03661 0.05700 -0.00484
v 0.04092 0.05729 -0.00404
v 0.03455 0.05735 -0.00442
v 0.04091 0.05681 -0.00397
v 0.03460 0.05745 -0.00385
v 0.03881 0.05679 -0.00375
v 0.03466 0.05715 -0.00340
v 0.03250 0.05729 -0.00423
v 0.03469 0.05669 -0.00334
v 0.03455 0.05695 -0.00464
v 0.03674 0.05675 -0.00354
v 0.03460 0.05654 -0.00440
v 0.03879 0.05667 -0.00405
v 0.03664 0.05660 -0.00460
v 0.04088 0.05668 -0.00427
v 0.03875 0.05663 -0.00446
v 0.03877 0.05674 -0.00429
v 0.04087 0.05676 -0.00451
v 0.03669 0.05670 -0.00408
v 0.04298 0.05665 -0.00449
v 0.04297 0.05674 -0.00473
v 0.03671 0.05662 -0.00384
v 0.03466 0.05657 -0.00364
v 0.03464 0.05664 -0.00388
v 0.03263 0.05649 -0.00345
v 0.03260 0.05656 -0.00369
v 0.03266 0.05661 -0.00315
v 0.03061 0.05637 -0.00327
v 0.03058 0.05644 -0.00350
v 0.03063 0.05649 -0.00297
v 0.03261 0.05708 -0.00321
v 0.02863 0.05622 -0.00309
v 0.02859 0.05630 -0.00332
v 0.03255 0.05738 -0.00367
v 0.02670 0.05606 -0.00292
v 0.02666 0.05614 -0.00315
v 0.03058 0.05696 -0.00303
v 0.02481 0.05586 -0.00275
v 0.02477 0.05594 -0.00298
v 0.02865 0.05635 -0.00279
v 0.02295 0.05558 -0.00257
v 0.02290 0.05565 -0.00280
v 0.02483 0.05598 -0.00245
v 0.02113 0.05524 -0.00238
v 0.02108 0.05531 -0.00262
v 0.02296 0.05570 -0.00227
v 0.02114 0.05536 -0.00209
v 0.01939 0.05486 -0.00219
v 0.01933 0.05492 -0.00243
v 0.01771 0.05439 -0.00199
v 0.01766 0.05445 -0.00222
v 0.01939 0.05498 -0.00189
v 0.01610 0.05380 -0.00176
v 0.01604 0.05385 -0.00199
v 0.01771 0.05451 -0.00169
v 0.01454 0.05308 -0.00150
v 0.01448 0.05314 -0.00173
v 0.01610 0.05391 -0.00145
v 0.01305 0.05229 -0.00122
v 0.01297 0.05234 -0.00145
v 0.01453 0.05320 -0.00120
v 0.01166 0.05138 -0.00092
v 0.01158 0.05143 -0.00115
v 0.01033 0.05036 -0.00082
v 0.01303 0.05240 -0.00092
v 0.01041 0.05031 -0.00059
v 0.00916 0.04911 -0.00046
v 0.01164 0.05149 -0.00062
v 0.00926 0.04906 -0.00023
v 0.00806 0.04766 -0.00005
v 0.01039 0.05041 -0.00029
v 0.00816 0.04763 0.00017
v 0.00923 0.04916 0.00007
v 0.00722 0.04603 0.00059
v 0.00710 0.04606 0.00037
v 0.00813 0.04772 0.00048
v 0.00648 0.04431 0.00100
v 0.00635 0.04432 0.00079
v 0.00718 0.04611 0.00090
v 0.00591 0.04251 0.00141
v 0.00577 0.04251 0.00120
v 0.00644 0.04437 0.00132
v 0.00674 0.04632 0.00092
v 0.00544 0.04068 0.00180
v 0.00529 0.04067 0.00160
v 0.00587 0.04256 0.00173
v 0.00512 0.03884 0.00215
v 0.00497 0.03882 0.00195
v 0.00484 0.03693 0.00228
v 0.00542 0.04073 0.00211
v 0.00499 0.03695 0.00248
v 0.00483 0.03491 0.00259
v 0.00512 0.03888 0.00247
v 0.00499 0.03493 0.00279
v 0.00492 0.03271 0.00290
v 0.00500 0.03698 0.00279
v 0.00508 0.03273 0.00309
v 0.00516 0.03045 0.00317
v 0.00500 0.03496 0.00310
v 0.00531 0.03047 0.00337
v 0.00563 0.02821 0.00338
v 0.00507 0.03276 0.00341
v 0.00578 0.02824 0.00359
v 0.00633 0.02595 0.00354
v 0.00529 0.03050 0.00369
v 0.00646 0.02599 0.00375
v 0.00721 0.02366 0.00366
v 0.00574 0.02825 0.00391
v 0.00641 0.02600 0.00407
v 0.00734 0.02370 0.00387
v 0.00831 0.02140 0.00373
v 0.00591 0.02591 0.00415
v 0.00844 0.02146 0.00393
v 0.00964 0.01925 0.00373
v 0.00729 0.02371 0.00419
v 0.00977 0.01932 0.00393
v 0.01117 0.01717 0.00367
v 0.00838 0.02145 0.00426
v 0.00972 0.01930 0.00425
v 0.01129 0.01725 0.00388
v 0.01283 0.01512 0.00359
v 0.01125 0.01723 0.00420
v 0.01295 0.01520 0.00379
v 0.01465 0.01317 0.00346
v 0.01291 0.01518 0.00411
v 0.01476 0.01327 0.00367
v 0.01663 0.01139 0.00330
v 0.01472 0.01324 0.00399
v 0.01673 0.01149 0.00350
v 0.01875 0.00974 0.00310
v 0.01671 0.01146 0.00383
v 0.01884 0.00985 0.00331
v 0.02094 0.00818 0.00289
v 0.01882 0.00981 0.00363
v 0.01634 0.01110 0.00389
v 0.02103 0.00829 0.00310
v 0.01849 0.00942 0.00369
v 0.02101 0.00825 0.00342
v 0.02072 0.00784 0.00348
v 0.02330 0.00683 0.00320
v 0.02304 0.00640 0.00325
v 0.01820 0.00909 0.00333
v 0.02046 0.00749 0.00311
v 0.01603 0.01078 0.00354
v 0.01816 0.00906 0.00276
v 0.01599 0.01076 0.00297
v 0.01399 0.01262 0.00371
v 0.01396 0.01259 0.00314
v 0.01433 0.01291 0.00406
v 0.01249 0.01488 0.00419
v 0.01213 0.01462 0.00384
v 0.01080 0.01697 0.00428
v 0.01042 0.01673 0.00393
v 0.01209 0.01459 0.00327
v 0.01039 0.01669 0.00336
v 0.00886 0.01888 0.00399
v 0.00883 0.01884 0.00341
v 0.01073 0.01689 0.00303
v 0.00925 0.01908 0.00434
v 0.00790 0.02128 0.00434
v 0.00749 0.02110 0.00399
v 0.00679 0.02357 0.00427
v 0.00637 0.02343 0.00392
v 0.00549 0.02579 0.00380
v 0.00634 0.02339 0.00335
v 0.00547 0.02574 0.00323
v 0.00484 0.02810 0.00363
v 0.00746 0.02106 0.00342
v 0.00525 0.02819 0.00398
v 0.00482 0.03047 0.00376
v 0.00441 0.03039 0.00341
v 0.00461 0.03275 0.00348
v 0.00421 0.03270 0.00312
v 0.00481 0.02805 0.00306
v 0.00439 0.03034 0.00284
v 0.00520 0.02808 0.00273
v 0.00476 0.03034 0.00251
v 0.00418 0.03263 0.00255
v 0.00456 0.03262 0.00223
v 0.00413 0.03491 0.00281
v 0.00448 0.03482 0.00193
v 0.00454 0.03496 0.00317
v 0.00411 0.03485 0.00224
v 0.00412 0.03696 0.00250
v 0.00453 0.03700 0.00286
v 0.00464 0.03891 0.00254
v 0.00422 0.03888 0.00218
v 0.00410 0.03690 0.00193
v 0.00493 0.04078 0.00218
v 0.00450 0.04076 0.00182
v 0.00420 0.03881 0.00161
v 0.00538 0.04265 0.00179
v 0.00495 0.04266 0.00142
v 0.00447 0.04069 0.00125
v 0.00597 0.04451 0.00136
v 0.00556 0.04457 0.00098
v 0.00493 0.04258 0.00085
v 0.00636 0.04643 0.00053
v 0.00553 0.04449 0.00042
v 0.00532 0.04248 0.00054
v 0.00590 0.04434 0.00012
v 0.00634 0.04635 -0.00004
v 0.00487 0.04062 0.00094
v 0.00740 0.04816 0.00007
v 0.00458 0.03876 0.00129
v 0.00774 0.04799 0.00048
v 0.00447 0.03685 0.00162
v 0.00888 0.04948 0.00006
v 0.00493 0.03687 0.00175
v 0.01008 0.05077 -0.00032
v 0.00505 0.03877 0.00143
v 0.01137 0.05185 -0.00065
v 0.00535 0.04061 0.00107
v 0.01279 0.05277 -0.00095
v 0.00580 0.04244 0.00068
v 0.01432 0.05358 -0.00123
v 0.00638 0.04425 0.00027
v 0.01590 0.05430 -0.00150
v 0.00668 0.04614 -0.00032
v 0.01754 0.05492 -0.00173
v 0.00767 0.04781 -0.00076
v 0.01924 0.05541 -0.00194
v 0.00711 0.04598 -0.00015
v 0.02101 0.05580 -0.00214
v 0.02285 0.05616 -0.00233
v 0.02088 0.05610 -0.00259
v 0.02473 0.05645 -0.00251
v 0.02273 0.05646 -0.00278
v 0.02462 0.05677 -0.00297
v 0.02269 0.05637 -0.00334
v 0.02653 0.05699 -0.00314
v 0.02458 0.05667 -0.00353
v 0.02663 0.05667 -0.00269
v 0.02649 0.05689 -0.00370
v 0.02671 0.05619 -0.00262
v 0.02849 0.05715 -0.00331
v 0.02858 0.05683 -0.00286
v 0.03050 0.05728 -0.00349
v 0.03046 0.05719 -0.00405
v 0.02845 0.05705 -0.00387
v 0.03251 0.05688 -0.00445
v 0.03048 0.05677 -0.00427
v 0.02848 0.05663 -0.00409
v 0.03257 0.05647 -0.00421
v 0.03055 0.05635 -0.00402
v 0.02856 0.05620 -0.00384
v 0.03058 0.05633 -0.00367
v 0.03260 0.05646 -0.00386
v 0.03260 0.05656 -0.00369
v 0.03058 0.05644 -0.00350
v 0.03464 0.05664 -0.00388
v 0.02859 0.05619 -0.00349
v 0.02859 0.05630 -0.00332
v 0.02666 0.05603 -0.00332
v 0.02666 0.05614 -0.00315
v 0.02663 0.05604 -0.00367
v 0.02478 0.05583 -0.00316
v 0.02477 0.05594 -0.00298
v 0.02654 0.05647 -0.00392
v 0.02474 0.05584 -0.00350
v 0.02463 0.05625 -0.00375
v 0.02292 0.05554 -0.00298
v 0.02290 0.05565 -0.00280
v 0.02288 0.05555 -0.00332
v 0.02276 0.05596 -0.00357
v 0.02110 0.05521 -0.00279
v 0.02108 0.05531 -0.00262
v 0.02106 0.05521 -0.00314
v 0.01935 0.05483 -0.00261
v 0.01933 0.05492 -0.00243
v 0.02092 0.05561 -0.00338
v 0.01768 0.05436 -0.00240
v 0.01766 0.05445 -0.00222
v 0.01931 0.05483 -0.00295
v 0.01607 0.05376 -0.00217
v 0.01604 0.05385 -0.00199
v 0.01763 0.05436 -0.00275
v 0.01451 0.05305 -0.00191
v 0.01448 0.05314 -0.00173
v 0.01602 0.05376 -0.00252
v 0.01446 0.05305 -0.00226
v 0.01301 0.05225 -0.00164
v 0.01297 0.05234 -0.00145
v 0.01296 0.05225 -0.00198
v 0.01582 0.05410 -0.00273
v 0.01162 0.05135 -0.00133
v 0.01158 0.05143 -0.00115
v 0.01033 0.05036 -0.00082
v 0.01746 0.05472 -0.00297
v 0.01037 0.05028 -0.00100
v 0.00916 0.04911 -0.00046
v 0.01916 0.05521 -0.00318
v 0.00922 0.04903 -0.00064
v 0.00806 0.04766 -0.00005
v 0.01906 0.05559 -0.00295
v 0.00813 0.04759 -0.00024
v 0.02084 0.05600 -0.00315
v 0.01910 0.05568 -0.00239
v 0.01734 0.05509 -0.00274
v 0.01738 0.05518 -0.00218
v 0.01569 0.05446 -0.00249
v 0.01572 0.05455 -0.00193
v 0.01408 0.05373 -0.00223
v 0.01412 0.05382 -0.00167
v 0.01424 0.05338 -0.00247
v 0.01254 0.05291 -0.00195
v 0.01257 0.05301 -0.00139
v 0.01271 0.05257 -0.00219
v 0.01110 0.05199 -0.00164
v 0.01113 0.05208 -0.00108
v 0.01130 0.05165 -0.00189
v 0.00981 0.05099 -0.00075
v 0.00978 0.05090 -0.00131
v 0.00858 0.04968 -0.00036
v 0.00855 0.04959 -0.00093
v 0.00737 0.04807 -0.00050
v 0.01001 0.05057 -0.00156
v 0.00881 0.04929 -0.00118
v 0.01157 0.05134 -0.00168
v 0.01031 0.05027 -0.00135
v 0.00915 0.04902 -0.00098
v 0.00806 0.04758 -0.00058
v 0.00718 0.04600 0.00018
v 0.00710 0.04606 0.00037
v 0.00645 0.04428 0.00060
v 0.00635 0.04432 0.00079
v 0.00587 0.04248 0.00101
v 0.00577 0.04251 0.00120
v 0.00540 0.04065 0.00140
v 0.00529 0.04067 0.00160
v 0.00509 0.03881 0.00176
v 0.00497 0.03882 0.00195
v 0.00496 0.03691 0.00209
v 0.00484 0.03693 0.00228
v 0.00493 0.03485 0.00206
v 0.00496 0.03489 0.00240
v 0.00483 0.03491 0.00259
v 0.00492 0.03271 0.00290
v 0.00501 0.03266 0.00237
v 0.00504 0.03270 0.00270
v 0.00516 0.03045 0.00317
v 0.00523 0.03039 0.00264
v 0.00527 0.03044 0.00298
v 0.00563 0.02821 0.00338
v 0.00574 0.02820 0.00319
v 0.00633 0.02595 0.00354
v 0.00568 0.02815 0.00285
v 0.00585 0.02580 0.00290
v 0.00635 0.02590 0.00301
v 0.00672 0.02347 0.00302
v 0.00642 0.02595 0.00335
v 0.00721 0.02366 0.00366
v 0.00730 0.02366 0.00347
v 0.00831 0.02140 0.00373
v 0.00722 0.02361 0.00313
v 0.00840 0.02141 0.00353
v 0.00964 0.01925 0.00373
v 0.00783 0.02118 0.00308
v 0.00832 0.02136 0.00320
v 0.00918 0.01900 0.00308
v 0.00973 0.01927 0.00353
v 0.01117 0.01717 0.00367
v 0.00965 0.01922 0.00320
v 0.01125 0.01720 0.00348
v 0.01283 0.01512 0.00359
v 0.01118 0.01714 0.00314
v 0.01291 0.01516 0.00339
v 0.01465 0.01317 0.00346
v 0.01241 0.01481 0.00294
v 0.01284 0.01510 0.00306
v 0.01425 0.01284 0.00281
v 0.01472 0.01322 0.00327
v 0.01663 0.01139 0.00330
v 0.01465 0.01316 0.00294
v 0.01626 0.01103 0.00264
v 0.01670 0.01145 0.00310
v 0.01875 0.00974 0.00310
v 0.01663 0.01138 0.00277
v 0.01881 0.00980 0.00291
v 0.02094 0.00818 0.00289
v 0.01841 0.00936 0.00244
v 0.01874 0.00973 0.00257
v 0.02099 0.00824 0.00270
v 0.02323 0.00676 0.00267
v 0.02063 0.00778 0.00223
v 0.02327 0.00683 0.00248
v 0.02563 0.00553 0.00243
v 0.02093 0.00818 0.00236
v 0.02565 0.00560 0.00224
v 0.02806 0.00446 0.00218
v 0.02321 0.00676 0.00214
v 0.02295 0.00635 0.00200
v 0.02808 0.00453 0.00199
v 0.02560 0.00553 0.00190
v 0.03048 0.00357 0.00176
v 0.03047 0.00350 0.00195
v 0.02803 0.00446 0.00166
v 0.02538 0.00510 0.00176
v 0.02784 0.00402 0.00151
v 0.03043 0.00350 0.00142
v 0.03289 0.00277 0.00152
v 0.03289 0.00269 0.00171
v 0.03534 0.00215 0.00130
v 0.03535 0.00208 0.00149
v 0.03285 0.00270 0.00119
v 0.03776 0.00169 0.00108
v 0.03778 0.00161 0.00127
v 0.03530 0.00208 0.00096
v 0.03028 0.00306 0.00127
v 0.03274 0.00225 0.00103
v 0.03772 0.00161 0.00074
v 0.03523 0.00163 0.00080
v 0.03268 0.00189 0.00133
v 0.03520 0.00126 0.00110
v 0.03019 0.00270 0.00157
v 0.03524 0.00128 0.00167
v 0.02772 0.00367 0.00181
v 0.03272 0.00191 0.00190
v 0.03024 0.00272 0.00214
v 0.02523 0.00476 0.00206
v 0.02776 0.00369 0.00238
v 0.02277 0.00602 0.00231
v 0.02527 0.00478 0.00263
v 0.02042 0.00747 0.00254
v 0.02281 0.00604 0.00288
v 0.02547 0.00515 0.00301
v 0.02794 0.00407 0.00276
v 0.02568 0.00560 0.00296
v 0.03038 0.00310 0.00252
v 0.02811 0.00452 0.00272
v 0.03052 0.00356 0.00248
v 0.03284 0.00229 0.00228
v 0.03294 0.00276 0.00225
v 0.03533 0.00167 0.00205
v 0.03539 0.00214 0.00202
v 0.03052 0.00362 0.00216
v 0.03293 0.00282 0.00193
v 0.02812 0.00458 0.00240
v 0.03047 0.00350 0.00195
v 0.02806 0.00446 0.00218
v 0.03289 0.00269 0.00171
v 0.02563 0.00553 0.00243
v 0.03538 0.00220 0.00170
v 0.03535 0.00208 0.00149
v 0.03780 0.00173 0.00149
v 0.03778 0.00161 0.00127
v 0.03781 0.00168 0.00180
v 0.04009 0.00138 0.00129
v 0.04008 0.00125 0.00107
v 0.03778 0.00120 0.00183
v 0.04011 0.00132 0.00160
v 0.04232 0.00117 0.00110
v 0.04231 0.00105 0.00088
v 0.04235 0.00111 0.00142
v 0.04011 0.00084 0.00163
v 0.04453 0.00115 0.00093
v 0.04453 0.00103 0.00071
v 0.04457 0.00110 0.00124
v 0.04668 0.00128 0.00077
v 0.04668 0.00115 0.00055
v 0.04671 0.00121 0.00108
v 0.04866 0.00148 0.00063
v 0.04867 0.00136 0.00041
v 0.05054 0.00182 0.00050
v 0.05054 0.00169 0.00028
v 0.05235 0.00222 0.00016
v 0.04870 0.00142 0.00094
v 0.05234 0.00234 0.00038
v 0.05408 0.00288 0.00005
v 0.05058 0.00176 0.00081
v 0.05407 0.00300 0.00027
v 0.05570 0.00362 -0.00005
v 0.05239 0.00228 0.00069
v 0.05568 0.00373 0.00017
v 0.05720 0.00447 -0.00014
v 0.05412 0.00294 0.00059
v 0.05717 0.00458 0.00008
v 0.05860 0.00548 -0.00023
v 0.05574 0.00368 0.00049
v 0.05857 0.00558 -0.00001
v 0.05993 0.00662 -0.00031
v 0.05724 0.00453 0.00040
v 0.05990 0.00672 -0.00009
v 0.06123 0.00785 -0.00040
v 0.05864 0.00554 0.00031
v 0.06119 0.00795 -0.00018
v 0.06244 0.00919 -0.00049
v 0.05998 0.00668 0.00022
v 0.06240 0.00928 -0.00027
v 0.06353 0.01063 -0.00059
v 0.06127 0.00791 0.00013
v 0.06349 0.01072 -0.00037
v 0.06457 0.01219 -0.00070
v 0.06248 0.00925 0.00004
v 0.06453 0.01227 -0.00048
v 0.06560 0.01386 -0.00082
v 0.06358 0.01069 -0.00006
v 0.06556 0.01394 -0.00060
v 0.06658 0.01561 -0.00096
v 0.06462 0.01225 -0.00016
v 0.06653 0.01568 -0.00073
v 0.06744 0.01743 -0.00112
v 0.06565 0.01392 -0.00028
v 0.06739 0.01749 -0.00089
v 0.06824 0.01932 -0.00129
v 0.06663 0.01567 -0.00042
v 0.06819 0.01938 -0.00106
v 0.06902 0.02130 -0.00149
v 0.06749 0.01748 -0.00058
v 0.06698 0.01544 -0.00042
v 0.06897 0.02135 -0.00126
v 0.06786 0.01729 -0.00058
v 0.06829 0.01938 -0.00076
v 0.06868 0.01921 -0.00075
v 0.06907 0.02135 -0.00095
v 0.06946 0.02121 -0.00095
v 0.06967 0.02338 -0.00148
v 0.06973 0.02333 -0.00171
v 0.06977 0.02338 -0.00117
v 0.07025 0.02544 -0.00172
v 0.07031 0.02541 -0.00195
v 0.07035 0.02545 -0.00142
v 0.07073 0.02753 -0.00200
v 0.07080 0.02750 -0.00223
v 0.07084 0.02754 -0.00169
v 0.07018 0.02327 -0.00118
v 0.07077 0.02538 -0.00143
v 0.07127 0.02965 -0.00198
v 0.06973 0.02106 -0.00136
v 0.07127 0.02750 -0.00170
v 0.07045 0.02315 -0.00159
v 0.07105 0.02527 -0.00184
v 0.07156 0.02742 -0.00212
v 0.07097 0.02522 -0.00241
v 0.07038 0.02310 -0.00216
v 0.07170 0.02964 -0.00199
v 0.07148 0.02737 -0.00269
v 0.07200 0.02959 -0.00242
v 0.07157 0.03176 -0.00230
v 0.07202 0.03179 -0.00231
v 0.07116 0.02962 -0.00229
v 0.07123 0.02961 -0.00252
v 0.07146 0.03173 -0.00261
v 0.07154 0.03172 -0.00284
v 0.07172 0.03387 -0.00263
v 0.07161 0.03383 -0.00295
v 0.07168 0.03384 -0.00317
v 0.07162 0.03591 -0.00329
v 0.07170 0.03592 -0.00351
v 0.07174 0.03595 -0.00297
v 0.07218 0.03394 -0.00264
v 0.07155 0.03792 -0.00362
v 0.07163 0.03794 -0.00385
v 0.07166 0.03797 -0.00330
v 0.07132 0.03986 -0.00394
v 0.07141 0.03989 -0.00417
v 0.07143 0.03992 -0.00363
v 0.07221 0.03606 -0.00299
v 0.07214 0.03813 -0.00334
v 0.07100 0.04181 -0.00396
v 0.07250 0.03394 -0.00307
v 0.07192 0.04014 -0.00368
v 0.07254 0.03609 -0.00342
v 0.07248 0.03819 -0.00378
v 0.07148 0.04208 -0.00402
v 0.07226 0.04024 -0.00414
v 0.07246 0.03602 -0.00399
v 0.07240 0.03812 -0.00434
v 0.07242 0.03388 -0.00364
v 0.07205 0.03591 -0.00422
v 0.07202 0.03380 -0.00388
v 0.07225 0.03170 -0.00330
v 0.07186 0.03166 -0.00355
v 0.07233 0.03176 -0.00273
v 0.07192 0.02953 -0.00298
v 0.07154 0.02951 -0.00324
v 0.07110 0.02738 -0.00295
v 0.07060 0.02526 -0.00268
v 0.07114 0.02954 -0.00304
v 0.07001 0.02317 -0.00243
v 0.07072 0.02744 -0.00276
v 0.07023 0.02535 -0.00249
v 0.06930 0.02111 -0.00220
v 0.06965 0.02329 -0.00224
v 0.07021 0.02540 -0.00215
v 0.06966 0.02102 -0.00193
v 0.06895 0.02126 -0.00202
v 0.06894 0.01904 -0.00116
v 0.06852 0.01911 -0.00200
v 0.06887 0.01900 -0.00173
v 0.06812 0.01710 -0.00098
v 0.06722 0.01523 -0.00082
v 0.06804 0.01706 -0.00155
v 0.06771 0.01720 -0.00183
v 0.06715 0.01520 -0.00139
v 0.06683 0.01536 -0.00167
v 0.06737 0.01740 -0.00165
v 0.06622 0.01344 -0.00068
v 0.06817 0.01929 -0.00183
v 0.06599 0.01367 -0.00028
v 0.06495 0.01198 -0.00015
v 0.06517 0.01174 -0.00056
v 0.06390 0.01040 -0.00004
v 0.06411 0.01014 -0.00045
v 0.06616 0.01341 -0.00125
v 0.06510 0.01171 -0.00113
v 0.06584 0.01359 -0.00153
v 0.06480 0.01191 -0.00141
v 0.06404 0.01011 -0.00102
v 0.06375 0.01033 -0.00130
v 0.06451 0.01217 -0.00123
v 0.06299 0.00866 -0.00035
v 0.06554 0.01384 -0.00136
v 0.06278 0.00893 0.00005
v 0.06651 0.01558 -0.00149
v 0.06157 0.00757 0.00015
v 0.06177 0.00728 -0.00025
v 0.06026 0.00632 0.00024
v 0.06045 0.00601 -0.00016
v 0.06293 0.00863 -0.00092
v 0.06170 0.00726 -0.00082
v 0.06264 0.00886 -0.00120
v 0.06143 0.00751 -0.00110
v 0.06038 0.00598 -0.00073
v 0.06012 0.00626 -0.00101
v 0.06116 0.00784 -0.00093
v 0.05906 0.00483 -0.00008
v 0.06237 0.00917 -0.00102
v 0.05889 0.00515 0.00032
v 0.06347 0.01062 -0.00112
v 0.05745 0.00413 0.00041
v 0.05759 0.00378 0.00002
v 0.05592 0.00325 0.00051
v 0.05603 0.00289 0.00011
v 0.05900 0.00480 -0.00064
v 0.05754 0.00376 -0.00055
v 0.05876 0.00510 -0.00093
v 0.05733 0.00407 -0.00084
v 0.05597 0.00287 -0.00046
v 0.05579 0.00320 -0.00074
v 0.05713 0.00446 -0.00067
v 0.05435 0.00212 0.00021
v 0.05853 0.00547 -0.00076
v 0.05427 0.00250 0.00061
v 0.05987 0.00661 -0.00084
v 0.05251 0.00182 0.00071
v 0.05258 0.00144 0.00032
v 0.05069 0.00129 0.00083
v 0.05430 0.00210 -0.00036
v 0.05074 0.00090 0.00044
v 0.05253 0.00142 -0.00025
v 0.05415 0.00244 -0.00064
v 0.05240 0.00178 -0.00053
v 0.05068 0.00088 -0.00013
v 0.05057 0.00125 -0.00042
v 0.05229 0.00222 -0.00037
v 0.04883 0.00054 0.00057
v 0.05402 0.00287 -0.00048
v 0.04879 0.00094 0.00096
v 0.05564 0.00361 -0.00057
v 0.04678 0.00073 0.00110
v 0.04681 0.00032 0.00071
v 0.04462 0.00061 0.00127
v 0.04462 0.00020 0.00087
v 0.04878 0.00052 -0.00000
v 0.04675 0.00030 0.00014
v 0.04868 0.00089 -0.00029
v 0.04667 0.00068 -0.00014
v 0.05048 0.00170 -0.00025
v 0.04861 0.00136 -0.00012
v 0.05050 0.00177 0.00009
v 0.04863 0.00143 0.00022
v 0.04661 0.00115 0.00003
v 0.04867 0.00136 0.00041
v 0.05054 0.00169 0.00028
v 0.04668 0.00115 0.00055
v 0.05235 0.00222 0.00016
v 0.04664 0.00123 0.00036
v 0.04453 0.00103 0.00071
v 0.04450 0.00111 0.00052
v 0.04231 0.00105 0.00088
v 0.04447 0.00103 0.00019
v 0.04228 0.00113 0.00070
v 0.04008 0.00125 0.00107
v 0.04225 0.00105 0.00036
v 0.04451 0.00056 0.00002
v 0.04227 0.00059 0.00019
v 0.04457 0.00018 0.00031
v 0.04000 0.00080 0.00038
v 0.04236 0.00023 0.00105
v 0.04231 0.00021 0.00048
v 0.04238 0.00063 0.00144
v 0.04007 0.00044 0.00124
v 0.03772 0.00081 0.00144
v 0.04002 0.00042 0.00067
v 0.03767 0.00079 0.00088
v 0.03767 0.00115 0.00058
v 0.04002 0.00126 0.00054
v 0.04005 0.00133 0.00088
v 0.03667 0.05659 -0.00426
v 0.03463 0.05653 -0.00406
v 0.03669 0.05670 -0.00408
v 0.03877 0.05674 -0.00429
v 0.04085 0.05665 -0.00468
v 0.04087 0.05676 -0.00451
v 0.04294 0.05662 -0.00489
v 0.04297 0.05674 -0.00473
v 0.04500 0.05657 -0.00546
v 0.04503 0.05656 -0.00511
v 0.04506 0.05668 -0.00495
v 0.04711 0.05648 -0.00532
v 0.04714 0.05660 -0.00516
v 0.04502 0.05703 -0.00573
v 0.04708 0.05649 -0.00567
v 0.04917 0.05633 -0.00553
v 0.04920 0.05645 -0.00537
v 0.04712 0.05694 -0.00595
v 0.05121 0.05610 -0.00572
v 0.05125 0.05622 -0.00556
v 0.04914 0.05634 -0.00588
v 0.05119 0.05611 -0.00607
v 0.05322 0.05580 -0.00589
v 0.05327 0.05591 -0.00573
v 0.05320 0.05581 -0.00624
v 0.05517 0.05545 -0.00605
v 0.05522 0.05556 -0.00588
v 0.05126 0.05655 -0.00635
v 0.05705 0.05500 -0.00616
v 0.05711 0.05511 -0.00600
v 0.05515 0.05546 -0.00640
v 0.05888 0.05440 -0.00624
v 0.05894 0.05450 -0.00607
v 0.05704 0.05501 -0.00651
v 0.05887 0.05440 -0.00658
v 0.06064 0.05368 -0.00627
v 0.06070 0.05377 -0.00610
v 0.06063 0.05368 -0.00662
v 0.06230 0.05288 -0.00626
v 0.06237 0.05297 -0.00609
v 0.06230 0.05288 -0.00661
v 0.06385 0.05196 -0.00621
v 0.06392 0.05205 -0.00604
v 0.06533 0.05095 -0.00594
v 0.06384 0.05195 -0.00656
v 0.06525 0.05086 -0.00610
v 0.06663 0.04971 -0.00578
v 0.06525 0.05086 -0.00645
v 0.06655 0.04962 -0.00595
v 0.06783 0.04836 -0.00559
v 0.06655 0.04961 -0.00629
v 0.06774 0.04827 -0.00575
v 0.06887 0.04691 -0.00536
v 0.06774 0.04826 -0.00610
v 0.06877 0.04681 -0.00552
v 0.06970 0.04532 -0.00510
v 0.06878 0.04680 -0.00587
v 0.06960 0.04523 -0.00526
v 0.07040 0.04361 -0.00481
v 0.06961 0.04522 -0.00561
v 0.07028 0.04352 -0.00496
v 0.07098 0.04179 -0.00449
v 0.07030 0.04350 -0.00531
v 0.07087 0.04170 -0.00465
v 0.07141 0.03989 -0.00417
v 0.07089 0.04169 -0.00499
v 0.07129 0.03982 -0.00433
v 0.07163 0.03794 -0.00385
v 0.07131 0.03979 -0.00467
v 0.07152 0.03787 -0.00400
v 0.07170 0.03592 -0.00351
v 0.07154 0.03784 -0.00434
v 0.07159 0.03587 -0.00367
v 0.07168 0.03384 -0.00317
v 0.07161 0.03583 -0.00400
v 0.07158 0.03379 -0.00333
v 0.07154 0.03172 -0.00284
v 0.07160 0.03375 -0.00367
v 0.07198 0.03797 -0.00457
v 0.07145 0.03165 -0.00334
v 0.07143 0.03169 -0.00301
v 0.07123 0.02961 -0.00252
v 0.07112 0.02958 -0.00270
v 0.07080 0.02750 -0.00223
v 0.07070 0.02748 -0.00241
v 0.07031 0.02541 -0.00195
v 0.06973 0.02333 -0.00171
v 0.06963 0.02333 -0.00190
v 0.06902 0.02130 -0.00149
v 0.06893 0.02131 -0.00168
v 0.06815 0.01934 -0.00148
v 0.06824 0.01932 -0.00129
v 0.06736 0.01745 -0.00131
v 0.06744 0.01743 -0.00112
v 0.06649 0.01563 -0.00115
v 0.06658 0.01561 -0.00096
v 0.06553 0.01389 -0.00102
v 0.06560 0.01386 -0.00082
v 0.06449 0.01223 -0.00089
v 0.06457 0.01219 -0.00070
v 0.06345 0.01067 -0.00078
v 0.06353 0.01063 -0.00059
v 0.06236 0.00923 -0.00068
v 0.06244 0.00919 -0.00049
v 0.06115 0.00790 -0.00059
v 0.06123 0.00785 -0.00040
v 0.05986 0.00667 -0.00050
v 0.05993 0.00662 -0.00031
v 0.05853 0.00553 -0.00042
v 0.05860 0.00548 -0.00023
v 0.05714 0.00453 -0.00033
v 0.05720 0.00447 -0.00014
v 0.05564 0.00369 -0.00024
v 0.05570 0.00362 -0.00005
v 0.05403 0.00295 -0.00014
v 0.05408 0.00288 0.00005
v 0.05230 0.00229 -0.00003
v 0.04506 0.05659 -0.00471
v 0.04506 0.05668 -0.00495
v 0.04714 0.05651 -0.00492
v 0.04714 0.05660 -0.00516
v 0.04510 0.05672 -0.00441
v 0.04920 0.05636 -0.00513
v 0.04920 0.05645 -0.00537
v 0.04717 0.05663 -0.00463
v 0.04924 0.05649 -0.00484
v 0.05124 0.05613 -0.00532
v 0.05125 0.05622 -0.00556
v 0.04724 0.05715 -0.00472
v 0.05326 0.05583 -0.00549
v 0.05327 0.05591 -0.00573
v 0.05129 0.05626 -0.00503
v 0.05520 0.05549 -0.00564
v 0.05522 0.05556 -0.00588
v 0.05330 0.05596 -0.00520
v 0.05709 0.05503 -0.00576
v 0.05711 0.05511 -0.00600
v 0.05525 0.05561 -0.00535
v 0.05891 0.05443 -0.00583
v 0.05894 0.05450 -0.00607
v 0.05714 0.05515 -0.00546
v 0.06067 0.05371 -0.00586
v 0.06070 0.05377 -0.00610
v 0.05897 0.05455 -0.00553
v 0.06234 0.05291 -0.00585
v 0.06237 0.05297 -0.00609
v 0.06074 0.05383 -0.00556
v 0.06388 0.05199 -0.00580
v 0.06392 0.05205 -0.00604
v 0.06533 0.05095 -0.00594
v 0.06241 0.05302 -0.00556
v 0.06529 0.05089 -0.00569
v 0.06663 0.04971 -0.00578
v 0.06395 0.05210 -0.00551
v 0.06658 0.04965 -0.00554
v 0.06783 0.04836 -0.00559
v 0.06537 0.05100 -0.00540
v 0.06777 0.04830 -0.00535
v 0.06887 0.04691 -0.00536
v 0.06666 0.04975 -0.00525
v 0.06880 0.04684 -0.00512
v 0.06970 0.04532 -0.00510
v 0.06786 0.04840 -0.00505
v 0.06963 0.04526 -0.00486
v 0.07040 0.04361 -0.00481
v 0.06889 0.04694 -0.00483
v 0.07031 0.04355 -0.00457
v 0.07098 0.04179 -0.00449
v 0.06973 0.04535 -0.00456
v 0.07090 0.04174 -0.00426
v 0.07042 0.04364 -0.00427
v 0.07088 0.04394 -0.00435
v 0.07016 0.04568 -0.00465
v 0.07182 0.04223 -0.00449
v 0.07120 0.04412 -0.00482
v 0.06928 0.04729 -0.00492
v 0.07218 0.04017 -0.00470
v 0.07174 0.04215 -0.00505
v 0.07176 0.03997 -0.00492
v 0.07133 0.04191 -0.00526
v 0.07113 0.04404 -0.00538
v 0.07072 0.04377 -0.00558
v 0.07046 0.04588 -0.00513
v 0.07039 0.04579 -0.00569
v 0.06956 0.04750 -0.00539
v 0.07001 0.04550 -0.00588
v 0.06949 0.04741 -0.00595
v 0.06914 0.04710 -0.00615
v 0.06846 0.04898 -0.00562
v 0.06807 0.04857 -0.00637
v 0.06839 0.04889 -0.00618
v 0.06684 0.04993 -0.00656
v 0.06713 0.05025 -0.00637
v 0.06551 0.05118 -0.00672
v 0.06578 0.05151 -0.00652
v 0.06720 0.05035 -0.00581
v 0.06584 0.05160 -0.00596
v 0.06432 0.05262 -0.00662
v 0.06438 0.05272 -0.00606
v 0.06565 0.05137 -0.00549
v 0.06407 0.05228 -0.00682
v 0.06421 0.05248 -0.00559
v 0.06251 0.05322 -0.00687
v 0.06273 0.05357 -0.00667
v 0.06082 0.05403 -0.00688
v 0.06102 0.05440 -0.00668
v 0.06279 0.05366 -0.00611
v 0.06108 0.05449 -0.00612
v 0.06264 0.05342 -0.00564
v 0.06095 0.05423 -0.00565
v 0.06698 0.05012 -0.00533
v 0.06821 0.04876 -0.00514
v 0.04301 0.05678 -0.00419
v 0.04303 0.05727 -0.00427
v 0.04514 0.05723 -0.00450
v 0.04513 0.05757 -0.00497
v 0.04508 0.05747 -0.00553
v 0.04724 0.05749 -0.00520
v 0.04719 0.05740 -0.00575
v 0.04934 0.05734 -0.00541
v 0.04920 0.05679 -0.00616
v 0.04929 0.05724 -0.00597
v 0.05137 0.05699 -0.00615
v 0.05143 0.05708 -0.00560
v 0.04932 0.05700 -0.00493
v 0.05139 0.05675 -0.00512
v 0.05347 0.05676 -0.00576
v 0.05342 0.05644 -0.00529
v 0.05540 0.05607 -0.00544
v 0.05547 0.05637 -0.00591
v 0.05342 0.05666 -0.00632
v 0.05731 0.05559 -0.00555
v 0.05541 0.05628 -0.00647
v 0.05740 0.05588 -0.00602
v 0.05928 0.05524 -0.00609
v 0.05734 0.05579 -0.00658
v 0.05917 0.05497 -0.00562
v 0.05922 0.05515 -0.00665
v 0.05904 0.05477 -0.00685
v 0.05718 0.05539 -0.00678
v 0.05527 0.05587 -0.00667
v 0.05329 0.05624 -0.00652
v 0.02569 0.00565 0.00264
v 0.02331 0.00688 0.00288
v 0.02323 0.00676 0.00267
v -0.07226 0.03967 -0.00353
v -0.07198 0.03876 -0.01419
v -0.07446 0.03876 -0.01419
v -0.07472 0.03983 -0.00209
v -0.07446 0.03854 -0.01436
v -0.07492 0.03963 -0.00207
v -0.07465 0.03856 -0.01417
v -0.07446 0.03251 -0.01383
v -0.07465 0.03253 -0.01364
v -0.07473 0.03965 -0.00187
v -0.07492 0.03359 -0.00107
v -0.07446 0.03233 -0.01362
v -0.07159 0.03982 -0.00209
v -0.07198 0.03251 -0.01383
v -0.07198 0.03854 -0.01436
v -0.07198 0.03233 -0.01362
v -0.07178 0.03856 -0.01417
v -0.07178 0.03253 -0.01364
v -0.07205 0.03943 -0.00385
v -0.07205 0.03340 -0.00285
v -0.07226 0.03324 -0.00249
v -0.07189 0.03341 -0.00269
v -0.07189 0.03945 -0.00369
v -0.07471 0.03340 -0.00106
v -0.07159 0.03964 -0.00352
v -0.07473 0.03361 -0.00088
v -0.07159 0.03361 -0.00088
v -0.07159 0.03965 -0.00187
v -0.07140 0.03963 -0.00207
v -0.07159 0.03340 -0.00105
v -0.07140 0.03359 -0.00107
v -0.07140 0.03945 -0.00350
v -0.07140 0.03341 -0.00251
v -0.07164 0.03945 -0.00371
v -0.07164 0.03341 -0.00271
v -0.07159 0.03322 -0.00249
v -0.06936 0.03324 -0.01148
v -0.06842 0.03323 -0.01167
v -0.06842 0.03556 -0.01187
v -0.06936 0.03558 -0.01169
v -0.06850 0.03575 -0.01208
v -0.06778 0.03571 -0.01256
v -0.06936 0.03576 -0.01191
v -0.06763 0.03552 -0.01240
v -0.06729 0.03564 -0.01328
v -0.07029 0.03556 -0.01187
v -0.07021 0.03575 -0.01208
v -0.06711 0.03545 -0.01319
v -0.06712 0.03557 -0.01413
v -0.06763 0.03318 -0.01219
v -0.06692 0.03537 -0.01412
v -0.06729 0.03549 -0.01498
v -0.06711 0.03311 -0.01298
v -0.06711 0.03529 -0.01504
v -0.06778 0.03543 -0.01571
v -0.06692 0.03303 -0.01391
v -0.06763 0.03522 -0.01583
v -0.06850 0.03539 -0.01619
v -0.06711 0.03295 -0.01484
v -0.06842 0.03517 -0.01636
v -0.06936 0.03537 -0.01636
v -0.06763 0.03288 -0.01563
v -0.06936 0.03516 -0.01654
v -0.07021 0.03539 -0.01619
v -0.06842 0.03283 -0.01615
v -0.07029 0.03517 -0.01636
v -0.07093 0.03543 -0.01571
v -0.06936 0.03282 -0.01634
v -0.07108 0.03522 -0.01583
v -0.07142 0.03549 -0.01498
v -0.07029 0.03283 -0.01615
v -0.07161 0.03529 -0.01504
v -0.07159 0.03557 -0.01413
v -0.07108 0.03288 -0.01563
v -0.07179 0.03537 -0.01412
v -0.07142 0.03564 -0.01328
v -0.07161 0.03295 -0.01484
v -0.07161 0.03545 -0.01319
v -0.07093 0.03571 -0.01256
v -0.07179 0.03303 -0.01391
v -0.07108 0.03552 -0.01240
v -0.07161 0.03311 -0.01298
v -0.07108 0.03318 -0.01219
v -0.07029 0.03323 -0.01167
v -0.07142 0.03290 -0.01304
v -0.07093 0.03297 -0.01232
v -0.07021 0.03301 -0.01184
v -0.07159 0.03283 -0.01389
v -0.07061 0.03288 -0.01338
v -0.07142 0.03276 -0.01474
v -0.07071 0.03283 -0.01389
v -0.07061 0.03278 -0.01441
v -0.07093 0.03269 -0.01547
v -0.07031 0.03275 -0.01485
v -0.07021 0.03265 -0.01595
v -0.06987 0.03272 -0.01514
v -0.06936 0.03264 -0.01612
v -0.06936 0.03271 -0.01524
v -0.06850 0.03265 -0.01595
v -0.06884 0.03272 -0.01514
v -0.06778 0.03269 -0.01547
v -0.06840 0.03275 -0.01485
v -0.06729 0.03276 -0.01474
v -0.06811 0.03278 -0.01441
v -0.06712 0.03283 -0.01389
v -0.06800 0.03283 -0.01389
v -0.06729 0.03290 -0.01304
v -0.06811 0.03288 -0.01338
v -0.06778 0.03297 -0.01232
v -0.06840 0.03291 -0.01294
v -0.06850 0.03301 -0.01184
v -0.06884 0.03294 -0.01265
v -0.06936 0.03302 -0.01167
v -0.06936 0.03295 -0.01254
v -0.06987 0.03294 -0.01265
v -0.07031 0.03291 -0.01294
v -0.06980 0.03312 -0.01285
v -0.07017 0.03310 -0.01310
v -0.07042 0.03307 -0.01347
v -0.06936 0.03313 -0.01277
v -0.07017 0.03346 -0.01314
v -0.06979 0.03349 -0.01289
v -0.07041 0.03343 -0.01351
v -0.06936 0.03349 -0.01280
v -0.07050 0.03339 -0.01394
v -0.06892 0.03312 -0.01285
v -0.06892 0.03349 -0.01289
v -0.06854 0.03310 -0.01310
v -0.06855 0.03346 -0.01314
v -0.06829 0.03307 -0.01347
v -0.06830 0.03343 -0.01351
v -0.06821 0.03303 -0.01391
v -0.06821 0.03339 -0.01394
v -0.06829 0.03299 -0.01435
v -0.06830 0.03336 -0.01438
v -0.06854 0.03296 -0.01472
v -0.06855 0.03332 -0.01475
v -0.06892 0.03294 -0.01497
v -0.06892 0.03330 -0.01500
v -0.06936 0.03293 -0.01506
v -0.06936 0.03329 -0.01508
v -0.06980 0.03294 -0.01497
v -0.06979 0.03330 -0.01500
v -0.07017 0.03296 -0.01472
v -0.07017 0.03332 -0.01475
v -0.07042 0.03299 -0.01435
v -0.07041 0.03336 -0.01438
v -0.07051 0.03303 -0.01391
v -0.06892 0.03349 -0.01289
v -0.06936 0.03349 -0.01280
v -0.06936 0.03324 -0.01310
v -0.06904 0.03323 -0.01316
v -0.06967 0.03323 -0.01316
v -0.06855 0.03346 -0.01314
v -0.06979 0.03349 -0.01289
v -0.06877 0.03322 -0.01334
v -0.06994 0.03322 -0.01334
v -0.07017 0.03346 -0.01314
v -0.06830 0.03343 -0.01351
v -0.06859 0.03319 -0.01361
v -0.06821 0.03339 -0.01394
v -0.06853 0.03317 -0.01392
v -0.06830 0.03336 -0.01438
v -0.06821 0.03339 -0.01394
v -0.06853 0.03317 -0.01392
v -0.06859 0.03338 -0.01426
v -0.07012 0.03344 -0.01363
v -0.06994 0.03322 -0.01334
v -0.07017 0.03346 -0.01314
v -0.07041 0.03343 -0.01351
v -0.06855 0.03332 -0.01475
v -0.06830 0.03336 -0.01438
v -0.06859 0.03338 -0.01426
v -0.06877 0.03311 -0.01451
v -0.07018 0.03317 -0.01392
v -0.07012 0.03344 -0.01363
v -0.07041 0.03343 -0.01351
v -0.07050 0.03339 -0.01394
v -0.06892 0.03330 -0.01500
v -0.06855 0.03332 -0.01475
v -0.06877 0.03311 -0.01451
v -0.06904 0.03310 -0.01469
v -0.06936 0.03329 -0.01508
v -0.06936 0.03309 -0.01475
v -0.06979 0.03330 -0.01500
v -0.06967 0.03310 -0.01469
v -0.07017 0.03332 -0.01475
v -0.06994 0.03311 -0.01451
v -0.07041 0.03336 -0.01438
v -0.07012 0.03314 -0.01424
v -0.07050 0.03339 -0.01394
v -0.07018 0.03317 -0.01392
v -0.06967 0.03323 -0.01316
v -0.06994 0.03322 -0.01334
v -0.06853 0.03317 -0.01392
v -0.06936 0.03324 -0.01310
v -0.06904 0.03323 -0.01316
v -0.06877 0.03322 -0.01334
v -0.06859 0.03319 -0.01361
v -0.07018 0.03317 -0.01392
v -0.07012 0.03314 -0.01424
v -0.06994 0.03311 -0.01451
v -0.06877 0.03311 -0.01451
v -0.06936 0.03309 -0.01475
v -0.06967 0.03310 -0.01469
v -0.06904 0.03310 -0.01469
v -0.07175 0.03345 -0.00927
v -0.07191 0.03331 -0.00913
v -0.07180 0.03286 -0.01351
v -0.07165 0.03307 -0.01343
v -0.07191 0.03358 -0.00860
v -0.07174 0.03368 -0.00880
v -0.07191 0.03583 -0.00878
v -0.07174 0.03567 -0.00898
v -0.07191 0.03597 -0.00935
v -0.07175 0.03579 -0.00949
v -0.07178 0.03552 -0.01373
v -0.07163 0.03541 -0.01365
v 0.06936 0.03324 -0.01148
v 0.06936 0.03558 -0.01169
v 0.06842 0.03556 -0.01187
v 0.06850 0.03575 -0.01208
v 0.06936 0.03576 -0.01191
v 0.06778 0.03571 -0.01256
v 0.07029 0.03556 -0.01187
v 0.07021 0.03575 -0.01208
v 0.06763 0.03552 -0.01240
v 0.06729 0.03564 -0.01328
v 0.07108 0.03552 -0.01240
v 0.07093 0.03571 -0.01256
v 0.06711 0.03545 -0.01319
v 0.06712 0.03557 -0.01413
v 0.07161 0.03545 -0.01319
v 0.07142 0.03564 -0.01328
v 0.06692 0.03537 -0.01412
v 0.06729 0.03549 -0.01498
v 0.07179 0.03537 -0.01412
v 0.07159 0.03557 -0.01413
v 0.06711 0.03529 -0.01504
v 0.06778 0.03543 -0.01571
v 0.07161 0.03529 -0.01504
v 0.07142 0.03549 -0.01498
v 0.06763 0.03522 -0.01583
v 0.06850 0.03539 -0.01619
v 0.07108 0.03522 -0.01583
v 0.07093 0.03543 -0.01571
v 0.06842 0.03517 -0.01636
v 0.06936 0.03537 -0.01636
v 0.07029 0.03517 -0.01636
v 0.07021 0.03539 -0.01619
v 0.06936 0.03516 -0.01654
v 0.07029 0.03283 -0.01615
v 0.06936 0.03282 -0.01634
v 0.06842 0.03283 -0.01615
v 0.06763 0.03288 -0.01563
v 0.06850 0.03265 -0.01595
v 0.06711 0.03295 -0.01484
v 0.06778 0.03269 -0.01547
v 0.06729 0.03276 -0.01474
v 0.06692 0.03303 -0.01391
v 0.06712 0.03283 -0.01389
v 0.06711 0.03311 -0.01298
v 0.06729 0.03290 -0.01304
v 0.06763 0.03318 -0.01219
v 0.06778 0.03297 -0.01232
v 0.06842 0.03323 -0.01167
v 0.06850 0.03301 -0.01184
v 0.06936 0.03302 -0.01167
v 0.06884 0.03294 -0.01265
v 0.06936 0.03295 -0.01254
v 0.07021 0.03301 -0.01184
v 0.06840 0.03291 -0.01294
v 0.07029 0.03323 -0.01167
v 0.06811 0.03288 -0.01338
v 0.07108 0.03318 -0.01219
v 0.06800 0.03283 -0.01389
v 0.07161 0.03311 -0.01298
v 0.06811 0.03278 -0.01441
v 0.07179 0.03303 -0.01391
v 0.06840 0.03275 -0.01485
v 0.07161 0.03295 -0.01484
v 0.06884 0.03272 -0.01514
v 0.07108 0.03288 -0.01563
v 0.06936 0.03264 -0.01612
v 0.07021 0.03265 -0.01595
v 0.07093 0.03269 -0.01547
v 0.06936 0.03271 -0.01524
v 0.06987 0.03272 -0.01514
v 0.07142 0.03276 -0.01474
v 0.07031 0.03275 -0.01485
v 0.07159 0.03283 -0.01389
v 0.07061 0.03278 -0.01441
v 0.07142 0.03290 -0.01304
v 0.07071 0.03283 -0.01389
v 0.07093 0.03297 -0.01232
v 0.07061 0.03288 -0.01338
v 0.07031 0.03291 -0.01294
v 0.06987 0.03294 -0.01265
v 0.07042 0.03307 -0.01347
v 0.07017 0.03310 -0.01310
v 0.06980 0.03312 -0.01285
v 0.06936 0.03313 -0.01277
v 0.07017 0.03346 -0.01314
v 0.07041 0.03343 -0.01351
v 0.06979 0.03349 -0.01289
v 0.06936 0.03349 -0.01280
v 0.07050 0.03339 -0.01394
v 0.06892 0.03312 -0.01285
v 0.06892 0.03349 -0.01289
v 0.06854 0.03310 -0.01310
v 0.06855 0.03346 -0.01314
v 0.06829 0.03307 -0.01347
v 0.06830 0.03343 -0.01351
v 0.06821 0.03303 -0.01391
v 0.06821 0.03339 -0.01394
v 0.06829 0.03299 -0.01435
v 0.06830 0.03336 -0.01438
v 0.06854 0.03296 -0.01472
v 0.06855 0.03332 -0.01475
v 0.06892 0.03294 -0.01497
v 0.06892 0.03330 -0.01500
v 0.06936 0.03293 -0.01506
v 0.06936 0.03329 -0.01508
v 0.06980 0.03294 -0.01497
v 0.06979 0.03330 -0.01500
v 0.07017 0.03296 -0.01472
v 0.07017 0.03332 -0.01475
v 0.07042 0.03299 -0.01435
v 0.07041 0.03336 -0.01438
v 0.07051 0.03303 -0.01391
v 0.06892 0.03349 -0.01289
v 0.06904 0.03323 -0.01316
v 0.06936 0.03324 -0.01310
v 0.06855 0.03346 -0.01314
v 0.06936 0.03349 -0.01280
v 0.06877 0.03322 -0.01334
v 0.06967 0.03323 -0.01316
v 0.06830 0.03343 -0.01351
v 0.06979 0.03349 -0.01289
v 0.06859 0.03319 -0.01361
v 0.06994 0.03322 -0.01334
v 0.07017 0.03346 -0.01314
v 0.06821 0.03339 -0.01394
v 0.06853 0.03317 -0.01392
v 0.06830 0.03336 -0.01438
v 0.06859 0.03338 -0.01426
v 0.06853 0.03317 -0.01392
v 0.06821 0.03339 -0.01394
v 0.07012 0.03344 -0.01363
v 0.06994 0.03322 -0.01334
v 0.07017 0.03346 -0.01314
v 0.07041 0.03343 -0.01351
v 0.06855 0.03332 -0.01475
v 0.06877 0.03311 -0.01451
v 0.06859 0.03338 -0.01426
v 0.06830 0.03336 -0.01438
v 0.07018 0.03317 -0.01392
v 0.07012 0.03344 -0.01363
v 0.07041 0.03343 -0.01351
v 0.07050 0.03339 -0.01394
v 0.06892 0.03330 -0.01500
v 0.06904 0.03310 -0.01469
v 0.06877 0.03311 -0.01451
v 0.06855 0.03332 -0.01475
v 0.06936 0.03329 -0.01508
v 0.06936 0.03309 -0.01475
v 0.06979 0.03330 -0.01500
v 0.06967 0.03310 -0.01469
v 0.07017 0.03332 -0.01475
v 0.06994 0.03311 -0.01451
v 0.07041 0.03336 -0.01438
v 0.07012 0.03314 -0.01424
v 0.07050 0.03339 -0.01394
v 0.07018 0.03317 -0.01392
v 0.06877 0.03322 -0.01334
v 0.06859 0.03319 -0.01361
v 0.06853 0.03317 -0.01392
v 0.06904 0.03323 -0.01316
v 0.06967 0.03323 -0.01316
v 0.06936 0.03324 -0.01310
v 0.06994 0.03322 -0.01334
v 0.06877 0.03311 -0.01451
v 0.06904 0.03310 -0.01469
v 0.06936 0.03309 -0.01475
v 0.06994 0.03311 -0.01451
v 0.06967 0.03310 -0.01469
v 0.07018 0.03317 -0.01392
v 0.07012 0.03314 -0.01424
v 0.07226 0.03967 -0.00353
v 0.07472 0.03983 -0.00209
v 0.07446 0.03876 -0.01419
v 0.07492 0.03963 -0.00207
v 0.07159 0.03982 -0.00209
v 0.07473 0.03965 -0.00187
v 0.07465 0.03856 -0.01417
v 0.07159 0.03965 -0.00187
v 0.07465 0.03253 -0.01364
v 0.07140 0.03963 -0.00207
v 0.07492 0.03359 -0.00107
v 0.07159 0.03361 -0.00088
v 0.07473 0.03361 -0.00088
v 0.07471 0.03340 -0.00106
v 0.07140 0.03359 -0.00107
v 0.07159 0.03340 -0.00105
v 0.07140 0.03341 -0.00251
v 0.07446 0.03233 -0.01362
v 0.07226 0.03324 -0.00249
v 0.07159 0.03322 -0.00249
v 0.07446 0.03251 -0.01383
v 0.07198 0.03233 -0.01362
v 0.07446 0.03854 -0.01436
v 0.07198 0.03251 -0.01383
v 0.07198 0.03876 -0.01419
v 0.07198 0.03854 -0.01436
v 0.07178 0.03253 -0.01364
v 0.07178 0.03856 -0.01417
v 0.07205 0.03943 -0.00385
v 0.07205 0.03340 -0.00285
v 0.07189 0.03341 -0.00269
v 0.07189 0.03945 -0.00369
v 0.07164 0.03341 -0.00271
v 0.07164 0.03945 -0.00371
v 0.07140 0.03945 -0.00350
v 0.07159 0.03964 -0.00352
v 0.07191 0.03328 -0.00900
v 0.07178 0.03345 -0.00924
v 0.07167 0.03307 -0.01344
v 0.07180 0.03281 -0.01347
v 0.07177 0.03368 -0.00877
v 0.07191 0.03355 -0.00853
v 0.07177 0.03567 -0.00896
v 0.07191 0.03587 -0.00874
v 0.07191 0.03601 -0.00926
v 0.07178 0.03579 -0.00946
v 0.07178 0.03555 -0.01373
v 0.07166 0.03541 -0.01366
v 0.07177 0.03368 -0.00877
v 0.07177 0.03567 -0.00896
v 0.06842 0.03541 -0.01189
v 0.07178 0.03579 -0.00946
v 0.06874 0.03555 -0.01210
v 0.07166 0.03541 -0.01366
v 0.06842 0.03342 -0.01171
v 0.07178 0.03345 -0.00924
v 0.06875 0.03321 -0.01188
v 0.07167 0.03307 -0.01344
v 0.00398 0.03713 0.00157
v 0.00381 0.03783 0.00225
v 0.00425 0.03783 0.00200
v 0.00445 0.03713 0.00181
v 0.00426 0.03840 0.00216
v 0.00439 0.03683 0.00142
v 0.00471 0.03823 0.00232
v 0.00447 0.03761 0.00239
v 0.00454 0.03692 0.00193
v 0.00425 0.03687 0.00219
v 0.00455 0.03823 0.00279
v 0.00403 0.03761 0.00264
v 0.00449 0.03610 0.00185
v 0.00378 0.03687 0.00195
v 0.00410 0.03840 0.00264
v 0.00434 0.03601 0.00135
v 0.00494 0.03669 0.00139
v 0.00498 0.03668 0.00189
v 0.00447 0.03690 0.00142
v 0.00450 0.03690 0.00192
v 0.00451 0.03752 0.00143
v 0.00499 0.03752 0.00127
v 0.00516 0.03760 0.00174
v 0.00468 0.03760 0.00190
v 0.00485 0.03850 0.00113
v 0.00482 0.03849 0.00165
v 0.00436 0.03829 0.00163
v 0.00439 0.03829 0.00112
v 0.00421 0.03881 0.00183
v 0.00395 0.03881 0.00140
v 0.00434 0.03904 0.00118
v 0.00459 0.03904 0.00161
v 0.00397 0.03944 0.00134
v 0.00446 0.03944 0.00147
v 0.00435 0.03920 0.00191
v 0.00386 0.03920 0.00177
v 0.00448 0.03949 0.00196
v 0.00401 0.03952 0.00218
v 0.00387 0.04001 0.00196
v 0.00434 0.03999 0.00174
v 0.00436 0.04001 0.00255
v 0.00476 0.04002 0.00224
v 0.00451 0.03951 0.00196
v 0.00412 0.03950 0.00227
v 0.00487 0.03892 0.00231
v 0.00439 0.03892 0.00215
v 0.00424 0.03899 0.00262
v 0.00472 0.03899 0.00278
v -0.00425 0.03783 0.00200
v -0.00381 0.03783 0.00225
v -0.00398 0.03713 0.00157
v -0.00445 0.03713 0.00181
v -0.00378 0.03687 0.00195
v -0.00447 0.03761 0.00239
v -0.00434 0.03601 0.00135
v -0.00439 0.03683 0.00142
v -0.00425 0.03687 0.00219
v -0.00454 0.03692 0.00193
v -0.00494 0.03669 0.00139
v -0.00447 0.03690 0.00142
v -0.00449 0.03610 0.00185
v -0.00450 0.03690 0.00192
v -0.00451 0.03752 0.00143
v -0.00468 0.03760 0.00190
v -0.00403 0.03761 0.00264
v -0.00498 0.03668 0.00189
v -0.00499 0.03752 0.00127
v -0.00516 0.03760 0.00174
v -0.00439 0.03829 0.00112
v -0.00436 0.03829 0.00163
v -0.00482 0.03849 0.00165
v -0.00485 0.03850 0.00113
v -0.00421 0.03881 0.00183
v -0.00459 0.03904 0.00161
v -0.00434 0.03904 0.00118
v -0.00395 0.03881 0.00140
v -0.00446 0.03944 0.00147
v -0.00397 0.03944 0.00134
v -0.00386 0.03920 0.00177
v -0.00435 0.03920 0.00191
v -0.00387 0.04001 0.00196
v -0.00401 0.03952 0.00218
v -0.00448 0.03949 0.00196
v -0.00434 0.03999 0.00174
v -0.00412 0.03950 0.00227
v -0.00451 0.03951 0.00196
v -0.00476 0.04002 0.00224
v -0.00436 0.04001 0.00255
v -0.00487 0.03892 0.00231
v -0.00472 0.03899 0.00278
v -0.00424 0.03899 0.00262
v -0.00439 0.03892 0.00215
v -0.00410 0.03840 0.00264
v -0.00426 0.03840 0.00216
v -0.00471 0.03823 0.00232
v -0.00455 0.03823 0.00279
f 1157 1158 1159
f 1159 1158 1160
f 1160 1161 1159
f 1162 1161 1160
f 1160 1163 1162
f 1162 1163 1164
f 1164 1165 1162
f 1165 1164 1166
f 1167 1168 1169
f 1169 1170 1167
f 1171 1169 1168
f 1172 1167 1170
f 1173 1169 1171
f 1174 1170 1169
f 1169 1173 1174
f 1170 1175 1172
f 1170 1174 1176
f 1176 1175 1170
f 1177 1174 1173
f 1178 1176 1174
f 1174 1177 1178
f 1175 1176 1179
f 1176 1178 1180
f 1180 1179 1176
f 1178 1177 1181
f 1180 1178 1182
f 1181 1182 1178
f 1181 1177 1183
f 1173 1183 1177
f 1182 1181 1184
f 1184 1185 1182
f 1186 1184 1181
f 1187 1182 1185
f 1182 1187 1180
f 1185 1188 1187
f 1181 1189 1186
f 1183 1189 1181
f 1186 1189 1190
f 1190 1189 1183
f 1190 1191 1186
f 1183 1192 1190
f 1192 1183 1173
f 1191 1190 1193
f 1193 1190 1192
f 1193 1194 1191
f 1173 1195 1192
f 1171 1195 1173
f 1192 1196 1193
f 1196 1192 1195
f 1194 1193 1197
f 1197 1193 1196
f 1197 1198 1194
f 1195 1199 1196
f 1198 1197 1200
f 1200 1201 1198
f 1196 1202 1197
f 1202 1196 1199
f 1203 1200 1197
f 1197 1202 1203
f 1201 1200 1204
f 1204 1200 1203
f 1204 1205 1201
f 1203 1202 1206
f 1199 1206 1202
f 1205 1204 1207
f 1207 1208 1205
f 1203 1209 1204
f 1207 1204 1209
f 1206 1210 1203
f 1209 1203 1210
f 1208 1207 1211
f 1211 1212 1208
f 1209 1213 1207
f 1211 1207 1213
f 1210 1214 1209
f 1213 1209 1214
f 1212 1211 1215
f 1215 1216 1212
f 1213 1217 1211
f 1216 1215 1218
f 1218 1219 1216
f 1220 1215 1211
f 1218 1215 1220
f 1211 1217 1220
f 1219 1218 1221
f 1221 1222 1219
f 1220 1223 1218
f 1221 1218 1223
f 1222 1221 1224
f 1224 1225 1222
f 1223 1226 1221
f 1225 1224 1227
f 1227 1228 1225
f 1229 1224 1221
f 1221 1226 1229
f 1230 1227 1224
f 1224 1229 1230
f 1228 1227 1231
f 1231 1232 1228
f 1227 1230 1233
f 1233 1231 1227
f 1232 1231 1234
f 1234 1235 1232
f 1236 1235 1234
f 1231 1233 1237
f 1237 1234 1231
f 1234 1238 1236
f 1239 1236 1238
f 1234 1237 1240
f 1240 1238 1234
f 1238 1241 1239
f 1242 1239 1241
f 1238 1240 1243
f 1243 1241 1238
f 1241 1244 1242
f 1241 1243 1245
f 1245 1244 1241
f 1242 1244 1246
f 1246 1247 1242
f 1244 1245 1248
f 1248 1246 1244
f 1249 1245 1243
f 1248 1245 1249
f 1247 1246 1250
f 1250 1251 1247
f 1246 1248 1252
f 1252 1250 1246
f 1251 1250 1253
f 1253 1254 1251
f 1250 1252 1255
f 1255 1253 1250
f 1252 1248 1256
f 1249 1256 1248
f 1255 1252 1257
f 1256 1257 1252
f 1253 1255 1258
f 1257 1259 1255
f 1258 1255 1259
f 1260 1257 1256
f 1258 1261 1253
f 1254 1253 1261
f 1261 1262 1254
f 1262 1261 1263
f 1263 1264 1262
f 1261 1258 1265
f 1265 1263 1261
f 1264 1263 1266
f 1266 1267 1264
f 1263 1265 1268
f 1268 1266 1263
f 1265 1258 1269
f 1259 1269 1258
f 1268 1265 1270
f 1269 1270 1265
f 1266 1268 1271
f 1272 1269 1259
f 1271 1273 1266
f 1267 1266 1273
f 1273 1274 1267
f 1275 1274 1273
f 1273 1276 1275
f 1277 1275 1276
f 1273 1271 1278
f 1278 1276 1273
f 1276 1279 1277
f 1280 1277 1279
f 1281 1279 1276
f 1276 1278 1281
f 1279 1282 1280
f 1282 1279 1281
f 1283 1280 1282
f 1282 1284 1283
f 1285 1283 1284
f 1281 1286 1282
f 1284 1287 1285
f 1288 1285 1287
f 1289 1284 1282
f 1287 1284 1289
f 1282 1286 1289
f 1287 1290 1288
f 1291 1288 1290
f 1289 1292 1287
f 1290 1287 1292
f 1290 1293 1291
f 1294 1291 1293
f 1292 1295 1290
f 1293 1290 1295
f 1293 1296 1294
f 1297 1294 1296
f 1295 1298 1293
f 1296 1293 1298
f 1296 1299 1297
f 1300 1297 1299
f 1298 1301 1296
f 1299 1296 1301
f 1299 1302 1300
f 1303 1300 1302
f 1301 1304 1299
f 1302 1299 1304
f 1302 1305 1303
f 1306 1303 1305
f 1304 1307 1302
f 1305 1302 1307
f 1305 1308 1306
f 1309 1306 1308
f 1307 1310 1305
f 1308 1305 1310
f 1308 1311 1309
f 1312 1309 1311
f 1310 1313 1308
f 1311 1308 1313
f 1311 1314 1312
f 1315 1312 1314
f 1313 1316 1311
f 1314 1311 1316
f 1314 1317 1315
f 1318 1315 1317
f 1316 1319 1314
f 1317 1314 1319
f 1320 1316 1313
f 1317 1321 1318
f 1316 1320 1322
f 1322 1319 1316
f 1319 1323 1317
f 1321 1317 1323
f 1319 1322 1324
f 1324 1323 1319
f 1323 1325 1321
f 1323 1324 1326
f 1326 1325 1323
f 1327 1321 1325
f 1318 1321 1327
f 1327 1328 1318
f 1325 1329 1327
f 1329 1325 1326
f 1328 1327 1330
f 1330 1327 1329
f 1330 1331 1328
f 1331 1330 1332
f 1332 1333 1331
f 1329 1334 1330
f 1332 1330 1334
f 1333 1332 1335
f 1335 1336 1333
f 1334 1337 1332
f 1335 1332 1337
f 1334 1329 1338
f 1326 1338 1329
f 1336 1335 1339
f 1339 1340 1336
f 1339 1335 1341
f 1337 1341 1335
f 1340 1339 1342
f 1342 1343 1340
f 1341 1344 1339
f 1342 1339 1344
f 1343 1342 1345
f 1345 1346 1343
f 1344 1347 1342
f 1345 1342 1347
f 1346 1345 1348
f 1348 1349 1346
f 1347 1350 1345
f 1349 1348 1351
f 1351 1352 1349
f 1353 1348 1345
f 1345 1350 1353
f 1354 1351 1348
f 1348 1353 1354
f 1352 1351 1355
f 1355 1356 1352
f 1357 1356 1355
f 1351 1354 1358
f 1358 1355 1351
f 1355 1359 1357
f 1360 1357 1359
f 1355 1358 1361
f 1361 1359 1355
f 1359 1362 1360
f 1363 1360 1362
f 1359 1361 1364
f 1364 1362 1359
f 1362 1365 1363
f 1366 1363 1365
f 1362 1364 1367
f 1367 1365 1362
f 1365 1368 1366
f 1369 1366 1368
f 1365 1367 1370
f 1370 1368 1365
f 1368 1371 1369
f 1372 1369 1371
f 1368 1370 1373
f 1373 1371 1368
f 1371 1374 1372
f 1375 1372 1374
f 1371 1373 1376
f 1376 1374 1371
f 1374 1377 1375
f 1378 1375 1377
f 1374 1376 1379
f 1379 1377 1374
f 1377 1380 1378
f 1381 1378 1380
f 1377 1379 1382
f 1382 1380 1377
f 1380 1383 1381
f 1384 1381 1383
f 1380 1382 1385
f 1385 1383 1380
f 1383 1386 1384
f 1387 1384 1386
f 1383 1385 1388
f 1388 1386 1383
f 1386 1389 1387
f 1390 1387 1389
f 1386 1388 1391
f 1391 1389 1386
f 1389 1392 1390
f 1393 1390 1392
f 1389 1391 1394
f 1394 1392 1389
f 1392 1395 1393
f 1396 1393 1395
f 1392 1394 1397
f 1397 1395 1392
f 1395 1398 1396
f 1399 1396 1398
f 1395 1397 1400
f 1400 1398 1395
f 1401 1397 1394
f 1402 1400 1397
f 1397 1401 1402
f 1398 1400 1403
f 1403 1400 1402
f 1403 1404 1398
f 1398 1404 1399
f 1399 1404 1405
f 1405 1406 1399
f 1404 1403 1407
f 1407 1405 1404
f 1406 1405 1408
f 1408 1405 1407
f 1408 1409 1406
f 1407 1403 1410
f 1402 1410 1403
f 1409 1408 1411
f 1411 1412 1409
f 1407 1413 1408
f 1412 1411 1414
f 1414 1415 1412
f 1416 1411 1408
f 1414 1411 1416
f 1408 1413 1416
f 1415 1414 1417
f 1417 1418 1415
f 1416 1419 1414
f 1417 1414 1419
f 1418 1417 1420
f 1420 1421 1418
f 1419 1422 1417
f 1420 1417 1422
f 1421 1420 1423
f 1423 1424 1421
f 1422 1425 1420
f 1423 1420 1425
f 1424 1423 1426
f 1426 1427 1424
f 1425 1428 1423
f 1426 1423 1428
f 1427 1426 1429
f 1429 1430 1427
f 1428 1431 1426
f 1429 1426 1431
f 1430 1429 1432
f 1432 1433 1430
f 1431 1434 1429
f 1432 1429 1434
f 1433 1432 1435
f 1435 1436 1433
f 1434 1437 1432
f 1435 1432 1437
f 1436 1435 1438
f 1438 1439 1436
f 1437 1440 1435
f 1438 1435 1440
f 1439 1438 1441
f 1441 1442 1439
f 1440 1443 1438
f 1441 1438 1443
f 1442 1441 1444
f 1444 1445 1442
f 1443 1446 1441
f 1444 1441 1446
f 1445 1444 1447
f 1447 1448 1445
f 1446 1449 1444
f 1447 1444 1449
f 1448 1447 1450
f 1450 1451 1448
f 1449 1452 1447
f 1450 1447 1452
f 1451 1450 1453
f 1453 1454 1451
f 1455 1454 1453
f 1452 1456 1450
f 1453 1450 1456
f 1453 1457 1455
f 1458 1455 1457
f 1456 1459 1453
f 1457 1453 1459
f 1457 1460 1458
f 1461 1458 1460
f 1459 1462 1457
f 1460 1457 1462
f 1460 1463 1461
f 1464 1461 1463
f 1462 1465 1460
f 1463 1460 1465
f 1463 1466 1464
f 1467 1464 1466
f 1465 1468 1463
f 1466 1463 1468
f 1466 1469 1467
f 1470 1467 1469
f 1468 1471 1466
f 1469 1466 1471
f 1469 1472 1470
f 1473 1470 1472
f 1471 1474 1469
f 1472 1475 1473
f 1476 1473 1475
f 1477 1472 1469
f 1475 1472 1477
f 1469 1474 1477
f 1475 1478 1476
f 1479 1476 1478
f 1477 1480 1475
f 1478 1475 1480
f 1478 1481 1479
f 1482 1479 1481
f 1480 1483 1478
f 1481 1484 1482
f 1188 1482 1484
f 1484 1187 1188
f 1485 1481 1478
f 1187 1484 1486
f 1486 1484 1481
f 1481 1485 1486
f 1486 1180 1187
f 1478 1483 1485
f 1179 1180 1486
f 1487 1486 1485
f 1486 1487 1179
f 1488 1485 1483
f 1485 1488 1487
f 1489 1179 1487
f 1179 1489 1175
f 1490 1487 1488
f 1487 1490 1489
f 1483 1491 1488
f 1491 1483 1480
f 1488 1492 1490
f 1492 1488 1491
f 1480 1493 1491
f 1493 1480 1477
f 1491 1494 1492
f 1494 1491 1493
f 1477 1495 1493
f 1495 1477 1474
f 1493 1496 1494
f 1496 1493 1495
f 1474 1497 1495
f 1497 1474 1471
f 1495 1498 1496
f 1498 1495 1497
f 1471 1499 1497
f 1499 1471 1468
f 1497 1500 1498
f 1500 1497 1499
f 1496 1498 1501
f 1501 1498 1500
f 1468 1502 1499
f 1502 1468 1465
f 1499 1503 1500
f 1503 1499 1502
f 1465 1504 1502
f 1504 1465 1462
f 1502 1505 1503
f 1505 1502 1504
f 1500 1503 1506
f 1506 1503 1505
f 1462 1507 1504
f 1507 1462 1459
f 1504 1508 1505
f 1508 1504 1507
f 1509 1505 1508
f 1505 1509 1506
f 1507 1510 1508
f 1508 1511 1509
f 1511 1508 1510
f 1510 1507 1512
f 1459 1512 1507
f 1510 1513 1511
f 1514 1512 1459
f 1459 1456 1514
f 1512 1515 1510
f 1515 1512 1514
f 1513 1510 1515
f 1516 1514 1456
f 1456 1452 1516
f 1514 1517 1515
f 1517 1514 1516
f 1515 1518 1513
f 1518 1515 1517
f 1519 1516 1452
f 1452 1449 1519
f 1516 1520 1517
f 1520 1516 1519
f 1517 1521 1518
f 1521 1517 1520
f 1522 1519 1449
f 1449 1446 1522
f 1519 1523 1520
f 1523 1519 1522
f 1520 1524 1521
f 1524 1520 1523
f 1525 1522 1446
f 1446 1443 1525
f 1522 1526 1523
f 1526 1522 1525
f 1523 1527 1524
f 1527 1523 1526
f 1528 1525 1443
f 1443 1440 1528
f 1525 1529 1526
f 1529 1525 1528
f 1526 1530 1527
f 1530 1526 1529
f 1531 1528 1440
f 1440 1437 1531
f 1528 1532 1529
f 1532 1528 1531
f 1529 1533 1530
f 1533 1529 1532
f 1534 1531 1437
f 1437 1434 1534
f 1531 1535 1532
f 1535 1531 1534
f 1532 1536 1533
f 1536 1532 1535
f 1537 1534 1434
f 1434 1431 1537
f 1534 1538 1535
f 1538 1534 1537
f 1535 1539 1536
f 1539 1535 1538
f 1540 1537 1431
f 1431 1428 1540
f 1537 1541 1538
f 1541 1537 1540
f 1538 1542 1539
f 1542 1538 1541
f 1543 1540 1428
f 1428 1425 1543
f 1540 1544 1541
f 1544 1540 1543
f 1541 1545 1542
f 1545 1541 1544
f 1546 1543 1425
f 1425 1422 1546
f 1543 1547 1544
f 1547 1543 1546
f 1544 1548 1545
f 1548 1544 1547
f 1549 1546 1422
f 1422 1419 1549
f 1546 1550 1547
f 1550 1546 1549
f 1547 1551 1548
f 1551 1547 1550
f 1552 1549 1419
f 1419 1416 1552
f 1549 1553 1550
f 1553 1549 1552
f 1550 1554 1551
f 1554 1550 1553
f 1555 1552 1416
f 1416 1413 1555
f 1552 1556 1553
f 1556 1552 1555
f 1553 1557 1554
f 1557 1553 1556
f 1558 1555 1413
f 1413 1407 1558
f 1410 1558 1407
f 1555 1559 1556
f 1559 1555 1558
f 1560 1558 1410
f 1558 1560 1559
f 1410 1561 1560
f 1561 1410 1402
f 1562 1556 1559
f 1556 1562 1557
f 1402 1563 1561
f 1563 1402 1401
f 1559 1564 1562
f 1401 1565 1563
f 1566 1564 1559
f 1559 1560 1566
f 1565 1401 1567
f 1394 1567 1401
f 1567 1394 1391
f 1391 1568 1567
f 1568 1391 1388
f 1567 1569 1565
f 1569 1567 1568
f 1388 1570 1568
f 1570 1388 1385
f 1568 1571 1569
f 1571 1568 1570
f 1385 1572 1570
f 1572 1385 1382
f 1570 1573 1571
f 1573 1570 1572
f 1382 1574 1572
f 1574 1382 1379
f 1572 1575 1573
f 1575 1572 1574
f 1379 1576 1574
f 1576 1379 1376
f 1574 1577 1575
f 1577 1574 1576
f 1376 1578 1576
f 1578 1376 1373
f 1576 1579 1577
f 1579 1576 1578
f 1373 1580 1578
f 1580 1373 1370
f 1578 1581 1579
f 1581 1578 1580
f 1370 1582 1580
f 1582 1370 1367
f 1580 1583 1581
f 1583 1580 1582
f 1367 1584 1582
f 1584 1367 1364
f 1582 1585 1583
f 1585 1582 1584
f 1364 1586 1584
f 1586 1364 1361
f 1584 1587 1585
f 1587 1584 1586
f 1361 1588 1586
f 1588 1361 1358
f 1586 1589 1587
f 1589 1586 1588
f 1585 1587 1590
f 1587 1589 1591
f 1591 1590 1587
f 1588 1592 1589
f 1590 1593 1585
f 1583 1585 1593
f 1592 1588 1594
f 1358 1594 1588
f 1593 1595 1583
f 1581 1583 1595
f 1596 1594 1358
f 1358 1354 1596
f 1595 1597 1581
f 1579 1581 1597
f 1598 1596 1354
f 1354 1353 1598
f 1597 1599 1579
f 1577 1579 1599
f 1600 1598 1353
f 1353 1350 1600
f 1599 1601 1577
f 1575 1577 1601
f 1602 1600 1350
f 1350 1347 1602
f 1601 1603 1575
f 1573 1575 1603
f 1604 1602 1347
f 1347 1344 1604
f 1603 1605 1573
f 1571 1573 1605
f 1606 1604 1344
f 1344 1341 1606
f 1605 1607 1571
f 1569 1571 1607
f 1608 1606 1341
f 1341 1337 1608
f 1607 1609 1569
f 1565 1569 1609
f 1610 1608 1337
f 1337 1334 1610
f 1338 1610 1334
f 1609 1611 1565
f 1563 1565 1611
f 1612 1610 1338
f 1611 1613 1563
f 1561 1563 1613
f 1610 1612 1614
f 1614 1608 1610
f 1613 1615 1561
f 1560 1561 1615
f 1615 1566 1560
f 1608 1614 1616
f 1616 1606 1608
f 1617 1566 1615
f 1606 1616 1618
f 1618 1604 1606
f 1566 1617 1619
f 1619 1564 1566
f 1604 1618 1620
f 1620 1602 1604
f 1564 1619 1621
f 1621 1562 1564
f 1602 1620 1622
f 1622 1600 1602
f 1562 1621 1623
f 1623 1557 1562
f 1600 1622 1624
f 1624 1598 1600
f 1557 1623 1625
f 1625 1554 1557
f 1598 1624 1626
f 1626 1596 1598
f 1554 1625 1627
f 1627 1551 1554
f 1596 1626 1628
f 1628 1594 1596
f 1594 1628 1592
f 1551 1627 1629
f 1629 1548 1551
f 1592 1628 1630
f 1548 1629 1631
f 1631 1545 1548
f 1630 1632 1592
f 1589 1592 1632
f 1632 1591 1589
f 1545 1631 1633
f 1633 1542 1545
f 1634 1591 1632
f 1542 1633 1635
f 1635 1539 1542
f 1591 1634 1636
f 1636 1590 1591
f 1539 1635 1637
f 1637 1536 1539
f 1590 1636 1638
f 1638 1593 1590
f 1536 1637 1639
f 1639 1533 1536
f 1593 1638 1640
f 1640 1595 1593
f 1533 1639 1641
f 1641 1530 1533
f 1595 1640 1642
f 1642 1597 1595
f 1530 1641 1643
f 1643 1527 1530
f 1597 1642 1644
f 1644 1599 1597
f 1527 1643 1645
f 1645 1524 1527
f 1599 1644 1646
f 1646 1601 1599
f 1524 1645 1647
f 1647 1521 1524
f 1601 1646 1648
f 1648 1603 1601
f 1521 1647 1649
f 1649 1518 1521
f 1603 1648 1650
f 1650 1605 1603
f 1518 1649 1651
f 1651 1513 1518
f 1605 1650 1652
f 1652 1607 1605
f 1513 1651 1653
f 1653 1511 1513
f 1607 1652 1654
f 1654 1609 1607
f 1511 1653 1655
f 1655 1509 1511
f 1609 1654 1656
f 1656 1611 1609
f 1509 1655 1657
f 1657 1506 1509
f 1611 1656 1658
f 1658 1613 1611
f 1506 1657 1659
f 1613 1658 1660
f 1660 1615 1613
f 1615 1660 1617
f 1659 1661 1506
f 1506 1661 1500
f 1500 1661 1501
f 1661 1659 1662
f 1662 1501 1661
f 1662 1659 1663
f 1501 1662 1664
f 1665 1663 1659
f 1659 1657 1665
f 1663 1666 1662
f 1664 1662 1666
f 1667 1665 1657
f 1657 1655 1667
f 1663 1665 1668
f 1669 1667 1655
f 1655 1653 1669
f 1665 1667 1670
f 1670 1668 1665
f 1667 1669 1671
f 1671 1670 1667
f 1672 1669 1653
f 1653 1651 1672
f 1673 1671 1669
f 1669 1672 1673
f 1674 1670 1671
f 1670 1674 1675
f 1671 1676 1674
f 1676 1671 1673
f 1675 1668 1670
f 1673 1677 1676
f 1668 1675 1678
f 1677 1673 1679
f 1679 1680 1677
f 1679 1673 1672
f 1681 1680 1679
f 1672 1682 1679
f 1682 1672 1651
f 1651 1649 1682
f 1682 1649 1647
f 1679 1683 1681
f 1683 1679 1682
f 1684 1681 1683
f 1647 1685 1682
f 1682 1685 1683
f 1685 1647 1645
f 1683 1686 1684
f 1686 1683 1685
f 1687 1684 1686
f 1645 1688 1685
f 1685 1688 1686
f 1688 1645 1643
f 1686 1689 1687
f 1689 1686 1688
f 1690 1687 1689
f 1643 1691 1688
f 1688 1691 1689
f 1691 1643 1641
f 1689 1692 1690
f 1692 1689 1691
f 1693 1690 1692
f 1641 1694 1691
f 1691 1694 1692
f 1694 1641 1639
f 1692 1695 1693
f 1695 1692 1694
f 1696 1693 1695
f 1639 1697 1694
f 1694 1697 1695
f 1697 1639 1637
f 1695 1698 1696
f 1698 1695 1697
f 1699 1696 1698
f 1637 1700 1697
f 1697 1700 1698
f 1700 1637 1635
f 1698 1701 1699
f 1701 1698 1700
f 1702 1699 1701
f 1635 1703 1700
f 1700 1703 1701
f 1703 1635 1633
f 1701 1704 1702
f 1704 1701 1703
f 1705 1702 1704
f 1633 1706 1703
f 1703 1706 1704
f 1706 1633 1631
f 1704 1707 1705
f 1707 1704 1706
f 1708 1705 1707
f 1631 1709 1706
f 1706 1709 1707
f 1709 1631 1629
f 1707 1710 1708
f 1710 1707 1709
f 1711 1708 1710
f 1629 1712 1709
f 1709 1712 1710
f 1712 1629 1627
f 1710 1713 1711
f 1713 1710 1712
f 1714 1711 1713
f 1627 1715 1712
f 1712 1715 1713
f 1715 1627 1625
f 1713 1716 1714
f 1716 1713 1715
f 1717 1714 1716
f 1625 1718 1715
f 1715 1718 1716
f 1718 1625 1623
f 1716 1719 1717
f 1719 1716 1718
f 1720 1717 1719
f 1623 1721 1718
f 1718 1721 1719
f 1721 1623 1621
f 1719 1722 1720
f 1722 1719 1721
f 1723 1720 1722
f 1621 1724 1721
f 1721 1724 1722
f 1724 1621 1619
f 1722 1725 1723
f 1725 1722 1724
f 1726 1723 1725
f 1619 1727 1724
f 1724 1727 1725
f 1727 1619 1617
f 1725 1728 1726
f 1728 1725 1727
f 1729 1726 1728
f 1617 1730 1727
f 1727 1730 1728
f 1730 1617 1660
f 1728 1730 1731
f 1660 1731 1730
f 1728 1732 1729
f 1731 1732 1728
f 1733 1731 1660
f 1732 1731 1733
f 1660 1658 1733
f 1729 1732 1734
f 1733 1734 1732
f 1734 1735 1729
f 1736 1733 1658
f 1734 1733 1736
f 1658 1656 1736
f 1735 1734 1737
f 1736 1737 1734
f 1737 1738 1735
f 1739 1736 1656
f 1737 1736 1739
f 1656 1654 1739
f 1738 1737 1740
f 1739 1740 1737
f 1740 1741 1738
f 1742 1739 1654
f 1740 1739 1742
f 1654 1652 1742
f 1741 1740 1743
f 1742 1743 1740
f 1743 1744 1741
f 1745 1742 1652
f 1743 1742 1745
f 1652 1650 1745
f 1744 1743 1746
f 1745 1746 1743
f 1746 1747 1744
f 1748 1745 1650
f 1746 1745 1748
f 1650 1648 1748
f 1747 1746 1749
f 1748 1749 1746
f 1749 1750 1747
f 1751 1748 1648
f 1749 1748 1751
f 1648 1646 1751
f 1750 1749 1752
f 1751 1752 1749
f 1752 1753 1750
f 1754 1751 1646
f 1752 1751 1754
f 1646 1644 1754
f 1753 1752 1755
f 1754 1755 1752
f 1755 1756 1753
f 1757 1754 1644
f 1755 1754 1757
f 1644 1642 1757
f 1756 1755 1758
f 1757 1758 1755
f 1758 1759 1756
f 1760 1757 1642
f 1758 1757 1760
f 1642 1640 1760
f 1759 1758 1761
f 1760 1761 1758
f 1761 1762 1759
f 1763 1760 1640
f 1761 1760 1763
f 1640 1638 1763
f 1762 1761 1764
f 1763 1764 1761
f 1764 1765 1762
f 1766 1763 1638
f 1764 1763 1766
f 1638 1636 1766
f 1765 1764 1767
f 1766 1767 1764
f 1767 1768 1765
f 1769 1766 1636
f 1767 1766 1769
f 1636 1634 1769
f 1768 1767 1770
f 1769 1770 1767
f 1770 1771 1768
f 1772 1769 1634
f 1770 1769 1772
f 1771 1770 1773
f 1772 1773 1770
f 1773 1774 1771
f 1634 1775 1772
f 1632 1775 1634
f 1775 1632 1630
f 1773 1772 1776
f 1776 1772 1775
f 1774 1773 1777
f 1776 1777 1773
f 1777 1778 1774
f 1779 1778 1777
f 1775 1780 1776
f 1630 1780 1775
f 1777 1781 1779
f 1782 1779 1781
f 1780 1630 1783
f 1783 1630 1628
f 1628 1626 1783
f 1783 1784 1780
f 1776 1780 1784
f 1785 1783 1626
f 1784 1783 1785
f 1626 1624 1785
f 1784 1786 1776
f 1777 1776 1786
f 1786 1781 1777
f 1785 1787 1784
f 1786 1784 1787
f 1781 1786 1788
f 1787 1788 1786
f 1787 1785 1789
f 1789 1785 1624
f 1624 1622 1789
f 1789 1790 1787
f 1788 1787 1790
f 1791 1789 1622
f 1790 1789 1791
f 1622 1620 1791
f 1791 1792 1790
f 1793 1791 1620
f 1792 1791 1793
f 1620 1618 1793
f 1793 1618 1616
f 1794 1790 1792
f 1790 1794 1788
f 1616 1795 1793
f 1795 1616 1614
f 1793 1796 1792
f 1796 1793 1795
f 1614 1797 1795
f 1797 1614 1612
f 1795 1798 1796
f 1798 1795 1797
f 1799 1792 1796
f 1792 1799 1794
f 1800 1796 1798
f 1796 1800 1799
f 1797 1801 1798
f 1798 1802 1800
f 1802 1798 1801
f 1799 1800 1803
f 1803 1800 1802
f 1801 1797 1804
f 1612 1804 1797
f 1803 1805 1799
f 1794 1799 1805
f 1804 1612 1806
f 1338 1806 1612
f 1806 1338 1326
f 1805 1807 1794
f 1788 1794 1807
f 1326 1808 1806
f 1808 1326 1324
f 1807 1809 1788
f 1788 1809 1781
f 1781 1809 1782
f 1810 1782 1809
f 1809 1807 1810
f 1811 1810 1807
f 1807 1805 1811
f 1812 1811 1805
f 1805 1803 1812
f 1813 1812 1803
f 1803 1814 1813
f 1815 1813 1814
f 1802 1814 1803
f 1814 1816 1815
f 1816 1814 1802
f 1817 1815 1816
f 1802 1818 1816
f 1801 1818 1802
f 1816 1819 1817
f 1819 1816 1818
f 1820 1817 1819
f 1818 1801 1821
f 1804 1821 1801
f 1818 1822 1819
f 1821 1822 1818
f 1819 1823 1820
f 1823 1819 1822
f 1824 1820 1823
f 1821 1804 1825
f 1806 1825 1804
f 1825 1806 1808
f 1825 1826 1821
f 1822 1821 1826
f 1808 1827 1825
f 1826 1825 1827
f 1826 1828 1822
f 1822 1828 1823
f 1827 1829 1826
f 1828 1826 1829
f 1827 1808 1830
f 1324 1830 1808
f 1830 1324 1322
f 1830 1831 1827
f 1829 1827 1831
f 1322 1832 1830
f 1831 1830 1832
f 1832 1322 1320
f 1831 1833 1829
f 1832 1834 1831
f 1833 1831 1834
f 1320 1835 1832
f 1834 1832 1835
f 1835 1320 1836
f 1313 1836 1320
f 1836 1313 1310
f 1835 1837 1834
f 1310 1838 1836
f 1838 1310 1307
f 1836 1839 1835
f 1839 1836 1838
f 1837 1835 1839
f 1307 1840 1838
f 1840 1307 1304
f 1838 1841 1839
f 1841 1838 1840
f 1839 1842 1837
f 1842 1839 1841
f 1304 1843 1840
f 1843 1304 1301
f 1840 1844 1841
f 1844 1840 1843
f 1841 1845 1842
f 1845 1841 1844
f 1301 1846 1843
f 1846 1301 1298
f 1843 1847 1844
f 1847 1843 1846
f 1844 1848 1845
f 1848 1844 1847
f 1298 1849 1846
f 1849 1298 1295
f 1846 1850 1847
f 1850 1846 1849
f 1847 1851 1848
f 1851 1847 1850
f 1295 1852 1849
f 1852 1295 1292
f 1849 1853 1850
f 1853 1849 1852
f 1850 1854 1851
f 1854 1850 1853
f 1292 1855 1852
f 1855 1292 1289
f 1852 1856 1853
f 1856 1852 1855
f 1853 1857 1854
f 1857 1853 1856
f 1289 1858 1855
f 1858 1289 1286
f 1855 1859 1856
f 1859 1855 1858
f 1856 1860 1857
f 1860 1856 1859
f 1286 1861 1858
f 1861 1286 1281
f 1858 1862 1859
f 1862 1858 1861
f 1859 1863 1860
f 1863 1859 1862
f 1281 1864 1861
f 1864 1281 1278
f 1861 1865 1862
f 1865 1861 1864
f 1862 1866 1863
f 1866 1862 1865
f 1278 1867 1864
f 1864 1868 1865
f 1868 1864 1867
f 1869 1867 1278
f 1278 1271 1869
f 1869 1271 1268
f 1867 1870 1868
f 1870 1867 1869
f 1268 1871 1869
f 1270 1871 1268
f 1869 1872 1870
f 1872 1869 1871
f 1873 1871 1270
f 1871 1873 1872
f 1270 1874 1873
f 1874 1270 1269
f 1269 1272 1874
f 1872 1873 1875
f 1873 1874 1876
f 1876 1875 1873
f 1874 1272 1877
f 1877 1876 1874
f 1875 1878 1872
f 1870 1872 1878
f 1879 1875 1876
f 1878 1880 1870
f 1868 1870 1880
f 1881 1878 1875
f 1875 1879 1881
f 1882 1880 1878
f 1878 1881 1882
f 1880 1883 1868
f 1865 1868 1883
f 1880 1882 1884
f 1884 1883 1880
f 1883 1885 1865
f 1865 1885 1866
f 1883 1884 1886
f 1886 1885 1883
f 1887 1866 1885
f 1885 1886 1887
f 1866 1887 1888
f 1888 1863 1866
f 1887 1886 1889
f 1863 1888 1890
f 1890 1860 1863
f 1888 1887 1891
f 1889 1891 1887
f 1890 1888 1892
f 1891 1892 1888
f 1860 1890 1893
f 1893 1857 1860
f 1892 1894 1890
f 1893 1890 1894
f 1857 1893 1895
f 1895 1854 1857
f 1894 1896 1893
f 1895 1893 1896
f 1894 1892 1897
f 1897 1892 1891
f 1854 1895 1898
f 1898 1851 1854
f 1898 1895 1899
f 1896 1899 1895
f 1851 1898 1900
f 1900 1848 1851
f 1899 1901 1898
f 1900 1898 1901
f 1848 1900 1902
f 1902 1845 1848
f 1901 1903 1900
f 1902 1900 1903
f 1845 1902 1904
f 1904 1842 1845
f 1903 1905 1902
f 1904 1902 1905
f 1842 1904 1906
f 1906 1837 1842
f 1905 1907 1904
f 1906 1904 1907
f 1837 1906 1908
f 1908 1834 1837
f 1834 1908 1833
f 1908 1906 1909
f 1907 1909 1906
f 1833 1908 1910
f 1909 1910 1908
f 1909 1907 1911
f 1910 1909 1912
f 1911 1912 1909
f 1910 1913 1833
f 1914 1912 1911
f 1912 1915 1910
f 1915 1912 1914
f 1913 1910 1915
f 1911 1916 1914
f 1914 1917 1915
f 1915 1917 1918
f 1916 1911 1919
f 1919 1911 1907
f 1919 1920 1916
f 1907 1905 1919
f 1920 1919 1921
f 1921 1919 1905
f 1921 1922 1920
f 1905 1903 1921
f 1922 1921 1923
f 1923 1921 1903
f 1923 1924 1922
f 1903 1901 1923
f 1924 1923 1925
f 1925 1923 1901
f 1925 1926 1924
f 1901 1899 1925
f 1926 1925 1927
f 1927 1925 1899
f 1927 1928 1926
f 1899 1896 1927
f 1928 1927 1929
f 1929 1927 1896
f 1896 1894 1929
f 1929 1930 1928
f 1897 1929 1894
f 1930 1929 1897
f 1897 1931 1930
f 1931 1897 1932
f 1932 1933 1931
f 1891 1932 1897
f 1933 1932 1934
f 1934 1932 1891
f 1934 1935 1933
f 1891 1889 1934
f 1935 1934 1936
f 1936 1934 1889
f 1936 1937 1935
f 1889 1938 1936
f 1938 1889 1886
f 1886 1884 1938
f 1937 1936 1939
f 1939 1940 1937
f 1936 1938 1941
f 1941 1938 1884
f 1941 1939 1936
f 1884 1882 1941
f 1940 1939 1942
f 1942 1943 1940
f 1939 1941 1944
f 1944 1941 1882
f 1944 1942 1939
f 1882 1881 1944
f 1943 1942 1945
f 1945 1946 1943
f 1942 1944 1947
f 1947 1944 1881
f 1947 1945 1942
f 1881 1879 1947
f 1946 1945 1948
f 1948 1949 1946
f 1950 1949 1948
f 1945 1947 1951
f 1951 1948 1945
f 1948 1952 1950
f 1953 1950 1952
f 1948 1951 1954
f 1954 1952 1948
f 1955 1951 1947
f 1947 1879 1955
f 1876 1955 1879
f 1955 1876 1877
f 1951 1955 1956
f 1877 1956 1955
f 1956 1954 1951
f 1956 1877 1957
f 1957 1877 1272
f 1954 1956 1958
f 1957 1958 1956
f 1272 1959 1957
f 1259 1959 1272
f 1959 1259 1257
f 1257 1260 1959
f 1960 1957 1959
f 1959 1260 1960
f 1958 1957 1960
f 1961 1960 1260
f 1960 1962 1958
f 1962 1960 1961
f 1963 1958 1962
f 1958 1963 1954
f 1952 1954 1963
f 1963 1964 1952
f 1952 1964 1953
f 1965 1953 1964
f 1962 1966 1963
f 1964 1963 1966
f 1964 1967 1965
f 1966 1967 1964
f 1968 1965 1967
f 1966 1962 1969
f 1961 1969 1962
f 1967 1966 1970
f 1969 1970 1966
f 1967 1971 1968
f 1970 1971 1967
f 1972 1968 1971
f 1971 1970 1973
f 1973 1970 1969
f 1971 1974 1972
f 1973 1974 1971
f 1972 1974 1975
f 1975 1976 1972
f 1974 1973 1977
f 1977 1975 1974
f 1976 1975 1978
f 1978 1979 1976
f 1975 1977 1980
f 1980 1978 1975
f 1977 1973 1981
f 1969 1981 1973
f 1980 1977 1982
f 1981 1982 1977
f 1983 1981 1969
f 1969 1961 1983
f 1984 1982 1981
f 1981 1983 1984
f 1983 1961 1985
f 1260 1985 1961
f 1256 1985 1260
f 1985 1256 1249
f 1985 1986 1983
f 1249 1986 1985
f 1984 1983 1986
f 1986 1249 1987
f 1243 1987 1249
f 1987 1243 1240
f 1986 1988 1984
f 1987 1988 1986
f 1240 1989 1987
f 1988 1987 1989
f 1989 1240 1237
f 1990 1984 1988
f 1982 1984 1990
f 1989 1991 1988
f 1988 1991 1990
f 1237 1992 1989
f 1991 1989 1992
f 1993 1992 1237
f 1237 1233 1993
f 1992 1994 1991
f 1994 1992 1993
f 1995 1993 1233
f 1233 1230 1995
f 1993 1996 1994
f 1996 1993 1995
f 1991 1994 1997
f 1997 1990 1991
f 1994 1996 1998
f 1998 1997 1994
f 1999 1990 1997
f 1990 1999 1982
f 1982 1999 1980
f 1997 2000 1999
f 2000 1997 1998
f 2001 1980 1999
f 1999 2000 2001
f 1978 1980 2001
f 1998 2002 2000
f 2001 2000 2002
f 2001 2003 1978
f 1979 1978 2003
f 2003 2004 1979
f 2005 2004 2003
f 2003 2001 2006
f 2003 2007 2005
f 2006 2007 2003
f 2008 2005 2007
f 2002 2006 2001
f 2007 2009 2008
f 2010 2008 2009
f 2007 2006 2011
f 2011 2009 2007
f 2006 2002 2012
f 2012 2011 2006
f 2009 2013 2010
f 2014 2010 2013
f 2009 2011 2015
f 2015 2013 2009
f 2013 2016 2014
f 2017 2014 2016
f 2013 2015 2018
f 2018 2016 2013
f 2016 2019 2017
f 2019 2016 2018
f 2020 2017 2019
f 2019 2021 2020
f 2022 2020 2021
f 2018 2023 2019
f 2021 2024 2022
f 2025 2022 2024
f 2026 2021 2019
f 2024 2021 2026
f 2019 2023 2026
f 2024 2027 2025
f 2028 2025 2027
f 2026 2029 2024
f 2027 2024 2029
f 2027 2030 2028
f 2031 2028 2030
f 2029 2032 2027
f 2030 2027 2032
f 2030 2033 2031
f 2034 2031 2033
f 2032 2035 2030
f 2033 2036 2034
f 2037 2034 2036
f 2038 2033 2030
f 2036 2033 2038
f 2030 2035 2038
f 2036 2039 2037
f 2040 2037 2039
f 2038 2041 2036
f 2039 2036 2041
f 2039 2042 2040
f 2043 2040 2042
f 2041 2044 2039
f 2042 2039 2044
f 2045 2041 2038
f 2042 2046 2043
f 2041 2045 2047
f 2047 2044 2041
f 2043 2046 2048
f 2048 2049 2043
f 2048 2046 2050
f 2050 2046 2042
f 2049 2048 2051
f 2051 2052 2049
f 2050 2053 2048
f 2051 2048 2053
f 2042 2054 2050
f 2044 2054 2042
f 2055 2050 2054
f 2053 2050 2055
f 2056 2054 2044
f 2054 2056 2055
f 2044 2047 2056
f 1168 2055 2056
f 2057 2056 2047
f 2056 2057 1168
f 2055 1168 1167
f 1168 2057 1171
f 1167 2058 2055
f 2055 2058 2053
f 2058 1167 1172
f 2059 2053 2058
f 2053 2059 2051
f 1172 2060 2058
f 2058 2060 2059
f 2060 1172 2061
f 2061 1172 1175
f 1175 1489 2061
f 2062 2059 2060
f 2063 2061 1489
f 1489 1490 2063
f 2061 2064 2060
f 2064 2061 2063
f 2060 2064 2062
f 2065 2063 1490
f 1490 1492 2065
f 2063 2066 2064
f 2066 2063 2065
f 2067 2062 2064
f 2064 2066 2067
f 2068 2065 1492
f 1492 1494 2068
f 2065 2069 2066
f 2069 2065 2068
f 2070 2068 1494
f 1494 1496 2070
f 1501 2070 1496
f 1664 2070 1501
f 2071 2068 2070
f 2070 1664 2071
f 2068 2071 2069
f 2071 1664 2072
f 1666 2072 1664
f 2069 2071 2073
f 2072 2073 2071
f 2073 2074 2069
f 2066 2069 2074
f 2074 2067 2066
f 2073 2072 2075
f 2075 2072 1666
f 2076 2074 2073
f 2077 2067 2074
f 2074 2076 2077
f 2075 2078 2073
f 2073 2078 2076
f 2079 2078 2075
f 2078 2079 2080
f 2080 2076 2078
f 2075 2081 2079
f 2076 2080 2082
f 2082 2077 2076
f 2077 2082 2083
f 2081 2075 2084
f 2084 2085 2081
f 1666 2084 2075
f 2085 2084 2086
f 2086 2084 1666
f 2086 1678 2085
f 1666 1663 2086
f 1678 2086 1668
f 1668 2086 1663
f 2087 2088 2089
f 2090 2088 2087
f 2091 2089 2088
f 2092 2088 2090
f 2088 2092 2091
f 2026 2091 2092
f 2092 2029 2026
f 2091 2026 2023
f 2029 2092 2093
f 2090 2093 2092
f 2093 2032 2029
f 2023 2094 2091
f 2094 2023 2018
f 2089 2091 2094
f 2032 2093 2095
f 2095 2035 2032
f 2096 2095 2093
f 2093 2090 2096
f 2035 2095 2097
f 2097 2038 2035
f 2038 2097 2045
f 2098 2097 2095
f 2095 2096 2098
f 2099 2045 2097
f 2097 2098 2099
f 2045 2099 2100
f 2100 2047 2045
f 2047 2100 2057
f 2100 2099 2101
f 2101 2099 2098
f 2057 2100 2102
f 2101 2102 2100
f 2102 1171 2057
f 1195 1171 2102
f 2102 1199 1195
f 1199 2102 2101
f 2101 1206 1199
f 1206 2101 2103
f 2103 1210 1206
f 2098 2103 2101
f 1210 2103 2104
f 2104 2103 2098
f 2104 1214 1210
f 2098 2096 2104
f 2105 2104 2096
f 1214 2104 2105
f 2096 2090 2105
f 2087 2105 2090
f 2105 2106 1214
f 2106 2105 2087
f 1214 2106 1213
f 1217 1213 2106
f 2106 2107 1217
f 2087 2107 2106
f 1220 1217 2107
f 2107 2087 2108
f 2089 2108 2087
f 2107 2109 1220
f 2108 2109 2107
f 1223 1220 2109
f 2110 2108 2089
f 2109 2108 2110
f 2109 2111 1223
f 2110 2111 2109
f 1226 1223 2111
f 2089 2112 2110
f 2094 2112 2089
f 2111 2110 2113
f 2113 2110 2112
f 2111 2114 1226
f 2113 2114 2111
f 1229 1226 2114
f 2112 2094 2115
f 2018 2115 2094
f 2115 2018 2015
f 2115 2116 2112
f 2112 2116 2113
f 2015 2117 2115
f 2116 2115 2117
f 2117 2015 2011
f 2011 2012 2117
f 2118 2113 2116
f 2114 2113 2118
f 2117 2119 2116
f 2119 2117 2012
f 2116 2119 2118
f 2012 2120 2119
f 2120 2012 2002
f 2002 1998 2120
f 2120 1998 1996
f 2119 2120 2121
f 1996 2121 2120
f 2121 2118 2119
f 1995 2121 1996
f 2122 2118 2121
f 2121 1995 2122
f 2118 2122 2114
f 2122 1995 1230
f 2114 2122 1229
f 1230 1229 2122
f 2123 2062 2067
f 2067 2077 2123
f 2059 2062 2123
f 2083 2123 2077
f 2123 2051 2059
f 2123 2083 2052
f 2052 2051 2123
f 1828 2124 2125
f 1829 2124 1828
f 2125 1823 1828
f 2124 1829 1833
f 1823 2125 1824
f 1833 1913 2124
f 1918 1824 2125
f 2124 1913 2126
f 2126 2125 2124
f 2125 2126 1918
f 1915 2126 1913
f 1918 2126 1915
f 2127 2128 2129
f 2128 2127 2130
f 2131 2129 2128
f 2130 2132 2128
f 2128 2133 2131
f 2133 2128 2132
f 2134 2132 2130
f 2132 2135 2133
f 2135 2132 2134
f 2136 2131 2133
f 2137 2133 2135
f 2133 2137 2136
f 2135 2138 2137
f 2131 2136 2139
f 2138 2135 2140
f 2134 2140 2135
f 2137 2138 2141
f 2140 2141 2138
f 2136 2137 2142
f 2141 2142 2137
f 2142 2139 2136
f 2141 2140 2143
f 2142 2141 2144
f 2143 2144 2141
f 2144 2145 2142
f 2139 2142 2145
f 2144 2143 2146
f 2146 2145 2144
f 2147 2143 2140
f 2140 2134 2147
f 2148 2146 2143
f 2143 2147 2148
f 2145 2146 2149
f 2147 2134 2150
f 2130 2150 2134
f 2149 2151 2145
f 2145 2151 2139
f 2152 2139 2151
f 2151 2149 2152
f 2139 2152 2131
f 2129 2131 2152
f 2153 2152 2149
f 2152 2153 2129
f 2149 2154 2153
f 2154 2149 2146
f 2146 2148 2154
f 2153 2154 2155
f 2155 2154 2148
f 2129 2153 2156
f 2155 2156 2153
f 2148 2157 2155
f 2157 2148 2147
f 2156 2155 2158
f 2158 2155 2157
f 2156 2159 2129
f 2129 2159 2127
f 2158 2160 2156
f 2159 2156 2160
f 2161 2127 2159
f 2160 2162 2159
f 2159 2162 2161
f 2162 2160 2163
f 2127 2161 2164
f 2164 2130 2127
f 2150 2130 2164
f 2161 2162 2165
f 2163 2165 2162
f 2164 2161 2166
f 2165 2166 2161
f 2164 2167 2150
f 2166 2168 2164
f 2167 2164 2168
f 2166 2165 2169
f 2170 2150 2167
f 2150 2170 2147
f 2147 2170 2157
f 2167 2171 2170
f 2172 2157 2170
f 2170 2171 2172
f 2157 2172 2158
f 2171 2167 2173
f 2168 2173 2167
f 2172 2171 2174
f 2173 2174 2171
f 2158 2172 2175
f 2174 2175 2172
f 2175 2176 2158
f 2160 2158 2176
f 2176 2163 2160
f 2175 2174 2177
f 2176 2175 2178
f 2177 2178 2175
f 2163 2176 2179
f 2178 2179 2176
f 2180 2177 2174
f 2174 2173 2180
f 2178 2177 2181
f 2182 2180 2173
f 2173 2168 2182
f 2177 2180 2183
f 2183 2181 2177
f 2180 2182 2184
f 2184 2183 2180
f 2185 2182 2168
f 2168 2166 2185
f 2169 2185 2166
f 2182 2185 2186
f 2186 2184 2182
f 2185 2169 2187
f 2187 2186 2185
f 2184 2186 2188
f 2186 2187 2189
f 2189 2188 2186
f 2190 2187 2169
f 2191 2189 2187
f 2187 2190 2191
f 2188 2189 2192
f 2192 2189 2191
f 2169 2193 2190
f 2193 2169 2165
f 2165 2163 2193
f 2179 2193 2163
f 2194 2190 2193
f 2193 2179 2194
f 2190 2194 2195
f 2195 2191 2190
f 2196 2194 2179
f 2179 2178 2196
f 2181 2196 2178
f 2194 2196 2197
f 2197 2195 2194
f 2196 2181 2198
f 2198 2197 2196
f 2199 2198 2181
f 2181 2183 2199
f 2197 2198 2200
f 2200 2198 2199
f 2195 2197 2201
f 2200 2201 2197
f 2202 2199 2183
f 2183 2184 2202
f 2188 2202 2184
f 2199 2203 2200
f 2203 2199 2202
f 2202 2188 2204
f 2192 2204 2188
f 2202 2205 2203
f 2204 2205 2202
f 2206 2200 2203
f 2201 2200 2206
f 2207 2203 2205
f 2203 2207 2206
f 2205 2204 2208
f 2205 2209 2207
f 2208 2209 2205
f 2207 2209 2210
f 2211 2208 2204
f 2204 2192 2211
f 2209 2208 2212
f 2212 2210 2209
f 2213 2212 2208
f 2208 2211 2213
f 2210 2212 2214
f 2212 2213 2215
f 2215 2214 2212
f 2216 2213 2211
f 2217 2215 2213
f 2213 2216 2217
f 2214 2215 2218
f 2215 2217 2219
f 2219 2218 2215
f 2220 2217 2216
f 2221 2219 2217
f 2217 2220 2221
f 2222 2218 2219
f 2223 2219 2221
f 2219 2223 2222
f 2224 2221 2220
f 2221 2225 2223
f 2225 2221 2224
f 2222 2223 2226
f 2223 2225 2227
f 2227 2226 2223
f 2224 2228 2225
f 2229 2227 2225
f 2225 2228 2229
f 2230 2226 2227
f 2231 2227 2229
f 2227 2231 2230
f 2232 2229 2228
f 2229 2233 2231
f 2233 2229 2232
f 2234 2230 2231
f 2235 2231 2233
f 2231 2235 2234
f 2232 2236 2233
f 2233 2237 2235
f 2237 2233 2236
f 2238 2234 2235
f 2239 2235 2237
f 2235 2239 2238
f 2237 2240 2239
f 2238 2239 2241
f 2241 2239 2240
f 2240 2237 2242
f 2236 2242 2237
f 2240 2243 2241
f 2242 2236 2244
f 2242 2245 2240
f 2243 2240 2245
f 2244 2246 2242
f 2245 2242 2246
f 2247 2244 2236
f 2236 2232 2247
f 2246 2244 2248
f 2247 2232 2249
f 2228 2249 2232
f 2244 2247 2250
f 2250 2248 2244
f 2249 2251 2247
f 2250 2247 2251
f 2252 2249 2228
f 2228 2224 2252
f 2253 2251 2249
f 2249 2252 2253
f 2252 2224 2254
f 2220 2254 2224
f 2253 2252 2255
f 2254 2255 2252
f 2254 2220 2256
f 2216 2256 2220
f 2255 2254 2257
f 2256 2257 2254
f 2256 2216 2258
f 2211 2258 2216
f 2257 2256 2259
f 2258 2259 2256
f 2260 2258 2211
f 2211 2192 2260
f 2191 2260 2192
f 2260 2191 2195
f 2258 2260 2261
f 2195 2261 2260
f 2261 2259 2258
f 2201 2261 2195
f 2262 2259 2261
f 2261 2201 2262
f 2259 2262 2257
f 2206 2262 2201
f 2263 2257 2262
f 2262 2206 2263
f 2257 2263 2255
f 2264 2263 2206
f 2206 2207 2264
f 2210 2264 2207
f 2265 2255 2263
f 2263 2264 2265
f 2255 2265 2253
f 2264 2210 2266
f 2266 2265 2264
f 2214 2266 2210
f 2267 2253 2265
f 2265 2266 2267
f 2251 2253 2267
f 2266 2214 2268
f 2268 2267 2266
f 2218 2268 2214
f 2267 2269 2251
f 2269 2267 2268
f 2251 2269 2250
f 2270 2268 2218
f 2268 2270 2269
f 2218 2222 2270
f 2271 2250 2269
f 2269 2270 2271
f 2248 2250 2271
f 2270 2222 2272
f 2272 2271 2270
f 2226 2272 2222
f 2271 2273 2248
f 2273 2271 2272
f 2274 2272 2226
f 2272 2274 2273
f 2226 2230 2274
f 2275 2248 2273
f 2248 2275 2246
f 2276 2273 2274
f 2273 2276 2275
f 2277 2274 2230
f 2274 2277 2276
f 2230 2234 2277
f 2278 2275 2276
f 2279 2277 2234
f 2234 2238 2279
f 2280 2276 2277
f 2276 2280 2278
f 2277 2279 2280
f 2275 2278 2281
f 2281 2246 2275
f 2246 2281 2245
f 2282 2278 2280
f 2281 2278 2282
f 2245 2281 2283
f 2282 2283 2281
f 2280 2284 2282
f 2284 2280 2279
f 2283 2282 2285
f 2285 2282 2284
f 2283 2286 2245
f 2245 2286 2243
f 2285 2287 2283
f 2286 2283 2287
f 2288 2243 2286
f 2287 2289 2286
f 2286 2289 2288
f 2290 2289 2287
f 2243 2288 2291
f 2291 2241 2243
f 2292 2288 2289
f 2289 2290 2292
f 2293 2291 2288
f 2288 2292 2293
f 2294 2241 2291
f 2241 2294 2238
f 2279 2238 2294
f 2294 2295 2279
f 2279 2295 2284
f 2291 2296 2294
f 2295 2294 2296
f 2297 2284 2295
f 2284 2297 2285
f 2296 2298 2295
f 2295 2298 2297
f 2299 2296 2291
f 2291 2293 2299
f 2300 2298 2296
f 2296 2299 2300
f 2301 2297 2298
f 2298 2300 2301
f 2297 2301 2302
f 2302 2285 2297
f 2303 2301 2300
f 2285 2302 2304
f 2304 2287 2285
f 2287 2304 2290
f 2305 2302 2301
f 2301 2303 2305
f 2306 2304 2302
f 2302 2305 2306
f 2307 2290 2304
f 2304 2306 2307
f 2290 2307 2308
f 2308 2292 2290
f 2309 2307 2306
f 2292 2308 2310
f 2310 2293 2292
f 2311 2308 2307
f 2307 2309 2311
f 2312 2310 2308
f 2308 2311 2312
f 2293 2310 2313
f 2313 2299 2293
f 2310 2312 2314
f 2314 2313 2310
f 2299 2313 2315
f 2315 2300 2299
f 2300 2315 2303
f 2316 2315 2313
f 2313 2314 2316
f 2317 2303 2315
f 2315 2316 2317
f 2303 2317 2318
f 2318 2305 2303
f 2319 2317 2316
f 2305 2318 2320
f 2320 2306 2305
f 2306 2320 2309
f 2321 2318 2317
f 2317 2319 2321
f 2322 2320 2318
f 2318 2321 2322
f 2323 2309 2320
f 2320 2322 2323
f 2309 2323 2324
f 2324 2311 2309
f 2325 2323 2322
f 2324 2323 2325
f 2311 2324 2326
f 2326 2312 2311
f 2325 2327 2324
f 2326 2324 2327
f 2322 2328 2325
f 2328 2322 2321
f 2327 2325 2329
f 2329 2325 2328
f 2327 2330 2326
f 2329 2331 2327
f 2330 2327 2331
f 2328 2332 2329
f 2326 2330 2333
f 2332 2328 2334
f 2321 2334 2328
f 2333 2335 2326
f 2312 2326 2335
f 2335 2314 2312
f 2336 2334 2321
f 2314 2335 2337
f 2337 2316 2314
f 2321 2319 2336
f 2316 2337 2319
f 2338 2337 2335
f 2319 2337 2338
f 2338 2336 2319
f 2335 2333 2338
f 2336 2338 2339
f 2339 2338 2333
f 2339 2340 2336
f 2334 2336 2340
f 2333 2341 2339
f 2341 2333 2330
f 2340 2342 2334
f 2334 2342 2332
f 2330 2343 2341
f 2331 2343 2330
f 2341 2343 2344
f 2343 2331 2345
f 2345 2344 2343
f 2346 2345 2331
f 2331 2329 2346
f 2344 2347 2341
f 2339 2341 2347
f 2348 2346 2329
f 2329 2332 2348
f 2347 2349 2339
f 2340 2339 2349
f 2350 2348 2332
f 2332 2342 2350
f 2342 2340 2351
f 2351 2350 2342
f 2349 2351 2340
f 2348 2350 2352
f 2351 2349 2353
f 2350 2351 2354
f 2354 2352 2350
f 2353 2354 2351
f 2352 2355 2348
f 2355 2352 2354
f 2346 2348 2355
f 2356 2354 2353
f 2354 2356 2355
f 2355 2357 2346
f 2357 2355 2356
f 2345 2346 2357
f 2353 2358 2356
f 2358 2353 2349
f 2349 2347 2358
f 2356 2359 2357
f 2357 2359 2345
f 2359 2356 2358
f 2344 2345 2359
f 2360 2358 2347
f 2347 2344 2360
f 2358 2360 2359
f 2359 2360 2344
f 2361 2362 2363
f 2362 2361 2364
f 2363 2362 2365
f 2364 2366 2362
f 2367 2365 2362
f 2362 2366 2367
f 2368 2366 2364
f 2369 2367 2366
f 2366 2368 2369
f 2365 2367 2370
f 2367 2369 2371
f 2371 2370 2367
f 2372 2369 2368
f 2373 2371 2369
f 2369 2372 2373
f 2374 2371 2373
f 2375 2373 2372
f 2373 2375 2374
f 2376 2370 2371
f 2371 2374 2376
f 2370 2376 2377
f 2378 2376 2374
f 2377 2379 2370
f 2370 2379 2365
f 2380 2377 2376
f 2376 2378 2380
f 2381 2365 2379
f 2365 2381 2363
f 2379 2377 2382
f 2379 2383 2381
f 2382 2383 2379
f 2384 2381 2383
f 2383 2382 2384
f 2385 2382 2377
f 2377 2380 2385
f 2382 2385 2386
f 2386 2384 2382
f 2387 2385 2380
f 2386 2385 2387
f 2384 2386 2388
f 2380 2389 2387
f 2389 2380 2378
f 2387 2390 2386
f 2388 2386 2390
f 2391 2387 2389
f 2390 2387 2391
f 2378 2392 2389
f 2374 2392 2378
f 2392 2374 2375
f 2375 2393 2392
f 2394 2389 2392
f 2392 2393 2394
f 2393 2375 2395
f 2372 2395 2375
f 2394 2393 2396
f 2395 2396 2393
f 2395 2372 2397
f 2368 2397 2372
f 2396 2395 2398
f 2397 2398 2395
f 2397 2368 2399
f 2364 2399 2368
f 2398 2397 2400
f 2399 2400 2397
f 2399 2364 2401
f 2401 2364 2361
f 2400 2399 2402
f 2401 2402 2399
f 2400 2403 2398
f 2402 2404 2400
f 2403 2400 2404
f 2405 2404 2402
f 2404 2405 2403
f 2406 2398 2403
f 2398 2406 2396
f 2403 2407 2406
f 2407 2403 2405
f 2408 2396 2406
f 2406 2407 2408
f 2396 2408 2394
f 2405 2409 2407
f 2410 2394 2408
f 2389 2394 2410
f 2411 2408 2407
f 2407 2409 2411
f 2410 2412 2389
f 2389 2412 2391
f 2408 2413 2410
f 2414 2391 2412
f 2415 2413 2408
f 2408 2411 2415
f 2416 2391 2414
f 2391 2416 2390
f 2414 2417 2416
f 2390 2416 2418
f 2418 2416 2417
f 2418 2419 2390
f 2417 2414 2420
f 2421 2390 2419
f 2390 2421 2388
f 2420 2414 2422
f 2412 2422 2414
f 2422 2412 2410
f 2410 2423 2422
f 2423 2410 2413
f 2424 2422 2423
f 2422 2424 2420
f 2413 2425 2423
f 2425 2413 2415
f 2423 2426 2424
f 2426 2423 2425
f 2427 2420 2424
f 2428 2424 2426
f 2424 2428 2427
f 2425 2429 2426
f 2420 2427 2430
f 2429 2425 2431
f 2415 2431 2425
f 2430 2432 2420
f 2420 2432 2417
f 2433 2417 2432
f 2417 2433 2418
f 2432 2430 2434
f 2432 2435 2433
f 2434 2435 2432
f 2436 2418 2433
f 2437 2433 2435
f 2433 2437 2436
f 2418 2436 2438
f 2438 2419 2418
f 2415 2436 2437
f 2438 2436 2415
f 2437 2431 2415
f 2415 2411 2438
f 2431 2437 2439
f 2435 2439 2437
f 2439 2440 2431
f 2431 2440 2429
f 2441 2439 2435
f 2435 2434 2441
f 2442 2440 2439
f 2429 2440 2442
f 2439 2441 2442
f 2442 2443 2429
f 2426 2429 2443
f 2444 2442 2441
f 2443 2442 2444
f 2443 2445 2426
f 2426 2445 2428
f 2444 2446 2443
f 2445 2443 2446
f 2441 2447 2444
f 2447 2441 2434
f 2446 2448 2445
f 2434 2449 2447
f 2449 2434 2430
f 2445 2448 2450
f 2450 2428 2445
f 2430 2451 2449
f 2451 2430 2427
f 2452 2427 2428
f 2427 2452 2451
f 2428 2450 2452
f 2453 2449 2451
f 2454 2451 2452
f 2451 2454 2453
f 2455 2452 2450
f 2452 2455 2454
f 2450 2456 2455
f 2456 2450 2448
f 2457 2454 2455
f 2448 2458 2456
f 2458 2448 2446
f 2459 2455 2456
f 2455 2459 2457
f 2460 2456 2458
f 2456 2460 2459
f 2446 2461 2458
f 2461 2446 2444
f 2458 2462 2460
f 2462 2458 2461
f 2444 2463 2461
f 2463 2444 2447
f 2461 2464 2462
f 2464 2461 2463
f 2447 2465 2463
f 2465 2447 2449
f 2449 2453 2465
f 2466 2463 2465
f 2463 2466 2464
f 2467 2465 2453
f 2465 2467 2466
f 2453 2468 2467
f 2468 2453 2454
f 2454 2457 2468
f 2467 2468 2469
f 2469 2468 2457
f 2466 2467 2470
f 2469 2470 2467
f 2457 2471 2469
f 2471 2457 2459
f 2470 2469 2472
f 2472 2469 2471
f 2459 2473 2471
f 2473 2459 2460
f 2471 2474 2472
f 2474 2471 2473
f 2460 2475 2473
f 2475 2460 2462
f 2473 2476 2474
f 2476 2473 2475
f 2462 2477 2475
f 2477 2462 2464
f 2475 2478 2476
f 2478 2475 2477
f 2464 2479 2477
f 2479 2464 2466
f 2477 2480 2478
f 2480 2477 2479
f 2466 2481 2479
f 2470 2481 2466
f 2479 2482 2480
f 2482 2479 2481
f 2478 2480 2483
f 2483 2480 2482
f 2481 2470 2484
f 2472 2484 2470
f 2481 2485 2482
f 2484 2485 2481
f 2484 2472 2486
f 2486 2472 2474
f 2485 2484 2487
f 2486 2487 2484
f 2488 2482 2485
f 2482 2488 2483
f 2487 2489 2485
f 2485 2489 2488
f 2487 2486 2490
f 2489 2487 2491
f 2490 2491 2487
f 2492 2488 2489
f 2491 2493 2489
f 2489 2493 2492
f 2488 2492 2494
f 2494 2483 2488
f 2495 2492 2493
f 2496 2483 2494
f 2483 2496 2478
f 2476 2478 2496
f 2497 2494 2492
f 2492 2495 2497
f 2494 2498 2496
f 2498 2494 2497
f 2496 2499 2476
f 2499 2496 2498
f 2476 2499 2500
f 2500 2474 2476
f 2474 2500 2486
f 2490 2486 2500
f 2501 2500 2499
f 2500 2501 2490
f 2499 2502 2501
f 2498 2502 2499
f 2502 2498 2503
f 2497 2503 2498
f 2501 2502 2504
f 2503 2504 2502
f 2504 2505 2501
f 2490 2501 2505
f 2506 2504 2503
f 2505 2507 2490
f 2508 2505 2504
f 2504 2506 2508
f 2509 2507 2505
f 2505 2508 2509
f 2490 2507 2510
f 2510 2491 2490
f 2507 2509 2511
f 2511 2510 2507
f 2491 2510 2512
f 2512 2493 2491
f 2493 2512 2495
f 2513 2512 2510
f 2510 2511 2513
f 2514 2495 2512
f 2512 2513 2514
f 2495 2514 2515
f 2515 2497 2495
f 2514 2513 2516
f 2497 2515 2517
f 2517 2503 2497
f 2503 2517 2506
f 2515 2514 2518
f 2516 2518 2514
f 2517 2515 2519
f 2518 2519 2515
f 2506 2517 2520
f 2519 2520 2517
f 2520 2521 2506
f 2508 2506 2521
f 2522 2520 2519
f 2521 2523 2508
f 2509 2508 2523
f 2524 2521 2520
f 2520 2522 2524
f 2521 2524 2525
f 2525 2523 2521
f 2526 2524 2522
f 2525 2524 2526
f 2523 2527 2509
f 2511 2509 2527
f 2523 2525 2528
f 2528 2527 2523
f 2527 2529 2511
f 2529 2527 2528
f 2513 2511 2529
f 2529 2516 2513
f 2516 2529 2530
f 2528 2530 2529
f 2530 2531 2516
f 2518 2516 2531
f 2532 2530 2528
f 2531 2533 2518
f 2519 2518 2533
f 2534 2531 2530
f 2533 2531 2534
f 2530 2532 2534
f 2533 2535 2519
f 2519 2535 2522
f 2534 2536 2533
f 2535 2533 2536
f 2537 2522 2535
f 2522 2537 2526
f 2536 2538 2535
f 2535 2538 2537
f 2536 2534 2539
f 2539 2534 2532
f 2538 2536 2540
f 2539 2540 2536
f 2541 2537 2538
f 2540 2542 2538
f 2538 2542 2541
f 2540 2539 2543
f 2542 2540 2544
f 2543 2544 2540
f 2541 2542 2545
f 2544 2545 2542
f 2543 2539 2546
f 2532 2546 2539
f 2544 2543 2547
f 2546 2532 2548
f 2528 2548 2532
f 2546 2549 2543
f 2547 2543 2549
f 2548 2550 2546
f 2549 2546 2550
f 2551 2548 2528
f 2528 2525 2551
f 2526 2551 2525
f 2548 2551 2552
f 2552 2550 2548
f 2551 2526 2553
f 2553 2552 2551
f 2553 2526 2537
f 2537 2541 2553
f 2550 2552 2554
f 2553 2541 2555
f 2545 2555 2541
f 2552 2553 2556
f 2555 2556 2553
f 2556 2554 2552
f 2555 2545 2557
f 2556 2555 2558
f 2557 2558 2555
f 2554 2556 2559
f 2558 2559 2556
f 2560 2557 2545
f 2545 2544 2560
f 2547 2560 2544
f 2558 2557 2561
f 2557 2560 2562
f 2562 2561 2557
f 2560 2547 2563
f 2563 2562 2560
f 2561 2564 2558
f 2559 2558 2564
f 2561 2562 2565
f 2564 2561 2566
f 2565 2566 2561
f 2564 2567 2559
f 2566 2568 2564
f 2567 2564 2568
f 2569 2566 2565
f 2568 2566 2569
f 2570 2559 2567
f 2559 2570 2554
f 2568 2571 2567
f 2572 2554 2570
f 2554 2572 2550
f 2550 2572 2549
f 2567 2573 2570
f 2573 2567 2571
f 2570 2574 2572
f 2574 2570 2573
f 2575 2549 2572
f 2572 2574 2575
f 2549 2575 2547
f 2573 2576 2574
f 2575 2574 2576
f 2547 2575 2577
f 2576 2577 2575
f 2577 2563 2547
f 2576 2573 2578
f 2571 2578 2573
f 2577 2576 2579
f 2578 2579 2576
f 2563 2577 2580
f 2579 2580 2577
f 2578 2571 2581
f 2579 2578 2582
f 2581 2582 2578
f 2580 2579 2583
f 2582 2583 2579
f 2584 2581 2571
f 2571 2568 2584
f 2569 2584 2568
f 2582 2581 2585
f 2581 2584 2586
f 2586 2585 2581
f 2584 2569 2587
f 2587 2586 2584
f 2585 2588 2582
f 2583 2582 2588
f 2587 2569 2589
f 2565 2589 2569
f 2588 2590 2583
f 2589 2565 2591
f 2591 2565 2562
f 2562 2563 2591
f 2580 2591 2563
f 2591 2580 2592
f 2583 2592 2580
f 2592 2583 2590
f 2592 2593 2591
f 2591 2593 2589
f 2590 2594 2592
f 2593 2592 2594
f 2595 2589 2593
f 2589 2595 2587
f 2594 2596 2593
f 2593 2596 2595
f 2597 2596 2594
f 2595 2596 2597
f 2587 2595 2598
f 2597 2598 2595
f 2594 2599 2597
f 2599 2594 2590
f 2598 2597 2600
f 2600 2597 2599
f 2598 2601 2587
f 2586 2587 2601
f 2600 2602 2598
f 2601 2598 2602
f 2601 2603 2586
f 2585 2586 2603
f 2602 2604 2601
f 2603 2601 2604
f 2603 2605 2585
f 2604 2606 2603
f 2605 2603 2606
f 2604 2602 2607
f 2607 2602 2600
f 2585 2605 2608
f 2608 2588 2585
f 2609 2608 2605
f 2588 2608 2610
f 2610 2590 2588
f 2590 2610 2599
f 2611 2610 2608
f 2608 2609 2611
f 2612 2599 2610
f 2610 2611 2612
f 2599 2612 2600
f 2613 2612 2611
f 2600 2612 2613
f 2611 2609 2614
f 2613 2615 2600
f 2600 2615 2607
f 2611 2616 2613
f 2614 2616 2611
f 2615 2613 2617
f 2618 2613 2616
f 2619 2617 2613
f 2613 2618 2619
f 2617 2620 2615
f 2616 2621 2618
f 2615 2620 2622
f 2622 2607 2615
f 2623 2621 2616
f 2616 2614 2623
f 2607 2622 2624
f 2621 2623 2625
f 2624 2626 2607
f 2625 2627 2621
f 2618 2621 2627
f 2628 2607 2626
f 2607 2628 2604
f 2627 2629 2618
f 2619 2618 2629
f 2629 2627 2630
f 2629 2631 2619
f 2617 2619 2631
f 2630 2632 2629
f 2631 2629 2632
f 2633 2630 2627
f 2632 2630 2633
f 2627 2625 2633
f 2631 2634 2617
f 2620 2617 2634
f 2632 2635 2631
f 2634 2631 2635
f 2634 2636 2620
f 2622 2620 2636
f 2635 2637 2634
f 2636 2634 2637
f 2636 2638 2622
f 2624 2622 2638
f 2637 2639 2636
f 2638 2636 2639
f 2640 2639 2637
f 2639 2640 2638
f 2638 2641 2624
f 2641 2638 2640
f 2626 2624 2641
f 2637 2642 2640
f 2642 2637 2635
f 2640 2643 2641
f 2643 2640 2642
f 2641 2644 2626
f 2644 2641 2643
f 2645 2626 2644
f 2626 2645 2628
f 2643 2646 2644
f 2644 2647 2645
f 2647 2644 2646
f 2628 2645 2648
f 2648 2645 2647
f 2646 2643 2649
f 2642 2649 2643
f 2646 2650 2647
f 2649 2642 2651
f 2635 2651 2642
f 2649 2652 2646
f 2650 2646 2652
f 2651 2653 2649
f 2652 2649 2653
f 2654 2651 2635
f 2635 2632 2654
f 2633 2654 2632
f 2655 2653 2651
f 2651 2654 2655
f 2654 2633 2656
f 2656 2655 2654
f 2656 2633 2625
f 2657 2653 2655
f 2653 2657 2652
f 2658 2655 2656
f 2655 2658 2657
f 2625 2659 2656
f 2659 2625 2623
f 2656 2660 2658
f 2660 2656 2659
f 2623 2661 2659
f 2661 2623 2614
f 2659 2662 2660
f 2662 2659 2661
f 2663 2658 2660
f 2664 2660 2662
f 2660 2664 2663
f 2661 2665 2662
f 2614 2665 2661
f 2662 2666 2664
f 2666 2662 2665
f 2663 2664 2666
f 2665 2614 2667
f 2665 2668 2666
f 2667 2668 2665
f 2666 2669 2663
f 2669 2666 2668
f 2670 2667 2614
f 2614 2609 2670
f 2605 2670 2609
f 2606 2670 2605
f 2670 2606 2671
f 2671 2667 2670
f 2671 2606 2604
f 2604 2628 2671
f 2648 2671 2628
f 2667 2671 2672
f 2672 2668 2667
f 2668 2672 2669
f 2671 2648 2673
f 2673 2672 2671
f 2673 2648 2674
f 2647 2674 2648
f 2674 2647 2650
f 2672 2673 2675
f 2674 2675 2673
f 2675 2669 2672
f 2650 2676 2674
f 2675 2674 2676
f 2652 2676 2650
f 2676 2652 2657
f 2669 2675 2677
f 2676 2677 2675
f 2657 2677 2676
f 2677 2663 2669
f 2677 2657 2658
f 2658 2663 2677
f 2363 2678 2361
f 2679 2361 2678
f 2361 2679 2401
f 2680 2678 2363
f 2678 2681 2679
f 2363 2682 2680
f 2682 2363 2381
f 2381 2384 2682
f 2388 2682 2384
f 2682 2388 2421
f 2421 2680 2682
f 2680 2421 2683
f 2419 2683 2421
f 2683 2684 2680
f 2678 2680 2684
f 2684 2681 2678
f 2685 2683 2419
f 2684 2683 2685
f 2419 2438 2685
f 2681 2684 2686
f 2685 2686 2684
f 2686 2679 2681
f 2687 2685 2438
f 2686 2685 2687
f 2679 2686 2688
f 2687 2688 2686
f 2688 2401 2679
f 2438 2689 2687
f 2688 2687 2689
f 2689 2438 2411
f 2411 2409 2689
f 2401 2688 2690
f 2689 2690 2688
f 2690 2689 2409
f 2690 2402 2401
f 2409 2405 2690
f 2402 2690 2405
f 2691 2692 2693
f 2692 2691 2694
f 2693 2692 2695
f 2694 2691 2696
f 2693 2697 2691
f 2694 2698 2692
f 2691 2697 2699
f 2699 2696 2691
f 2692 2698 2700
f 2700 2695 2692
f 2701 2700 2698
f 2695 2700 2702
f 2700 2701 2703
f 2703 2702 2700
f 2698 2704 2701
f 2702 2705 2695
f 2706 2704 2698
f 2698 2694 2706
f 2707 2695 2705
f 2695 2707 2693
f 2706 2694 2708
f 2696 2708 2694
f 2709 2693 2707
f 2697 2693 2709
f 2710 2708 2696
f 2709 2711 2697
f 2696 2712 2710
f 2712 2696 2699
f 2697 2711 2713
f 2713 2699 2697
f 2711 2709 2714
f 2699 2713 2715
f 2714 2709 2716
f 2707 2716 2709
f 2715 2717 2699
f 2699 2717 2712
f 2718 2716 2707
f 2719 2712 2717
f 2707 2720 2718
f 2705 2720 2707
f 2712 2719 2721
f 2721 2710 2712
f 2720 2705 2722
f 2722 2705 2702
f 2721 2719 2723
f 2723 2724 2721
f 2725 2723 2719
f 2726 2721 2724
f 2710 2721 2726
f 2724 2727 2726
f 2719 2728 2725
f 2717 2728 2719
f 2725 2728 2729
f 2729 2728 2717
f 2729 2730 2725
f 2717 2715 2729
f 2730 2729 2731
f 2731 2732 2730
f 2729 2715 2733
f 2733 2731 2729
f 2733 2715 2713
f 2732 2731 2734
f 2734 2735 2732
f 2731 2733 2736
f 2736 2734 2731
f 2713 2737 2733
f 2736 2733 2737
f 2737 2713 2711
f 2735 2734 2738
f 2738 2739 2735
f 2711 2740 2737
f 2714 2740 2711
f 2739 2738 2741
f 2741 2742 2739
f 2743 2737 2740
f 2737 2743 2736
f 2742 2741 2744
f 2744 2745 2742
f 2746 2736 2743
f 2734 2736 2746
f 2746 2738 2734
f 2741 2738 2746
f 2745 2744 2747
f 2747 2748 2745
f 2749 2744 2741
f 2748 2747 2750
f 2750 2751 2748
f 2752 2747 2744
f 2744 2749 2752
f 2753 2750 2747
f 2747 2752 2753
f 2751 2750 2754
f 2754 2750 2753
f 2754 2755 2751
f 2755 2754 2756
f 2756 2757 2755
f 2753 2758 2754
f 2757 2756 2759
f 2759 2760 2757
f 2761 2756 2754
f 2759 2756 2761
f 2754 2758 2761
f 2760 2759 2762
f 2762 2763 2760
f 2761 2764 2759
f 2762 2759 2764
f 2763 2762 2765
f 2765 2766 2763
f 2764 2767 2762
f 2765 2762 2767
f 2766 2765 2768
f 2768 2769 2766
f 2770 2769 2768
f 2767 2771 2765
f 2768 2765 2771
f 2768 2772 2770
f 2773 2770 2772
f 2771 2774 2768
f 2772 2768 2774
f 2772 2775 2773
f 2776 2773 2775
f 2774 2777 2772
f 2775 2772 2777
f 2775 2778 2776
f 2777 2779 2775
f 2778 2775 2779
f 2776 2778 2780
f 2780 2781 2776
f 2779 2782 2778
f 2780 2778 2782
f 2781 2780 2783
f 2783 2784 2781
f 2782 2785 2780
f 2783 2780 2785
f 2784 2783 2786
f 2786 2787 2784
f 2785 2788 2783
f 2786 2783 2788
f 2789 2785 2782
f 2788 2785 2789
f 2787 2786 2790
f 2790 2791 2787
f 2788 2792 2786
f 2790 2786 2792
f 2791 2790 2793
f 2793 2794 2791
f 2795 2794 2793
f 2792 2796 2790
f 2793 2790 2796
f 2793 2797 2795
f 2798 2795 2797
f 2796 2799 2793
f 2797 2793 2799
f 2797 2800 2798
f 2801 2798 2800
f 2799 2802 2797
f 2800 2797 2802
f 2800 2803 2801
f 2804 2801 2803
f 2802 2805 2800
f 2803 2800 2805
f 2803 2806 2804
f 2807 2804 2806
f 2805 2808 2803
f 2806 2803 2808
f 2806 2809 2807
f 2810 2807 2809
f 2808 2811 2806
f 2809 2812 2810
f 2813 2810 2812
f 2814 2809 2806
f 2806 2811 2814
f 2815 2812 2809
f 2809 2814 2815
f 2812 2816 2813
f 2816 2812 2815
f 2817 2813 2816
f 2818 2815 2814
f 2816 2819 2817
f 2820 2817 2819
f 2815 2821 2816
f 2819 2822 2820
f 2823 2820 2822
f 2824 2819 2816
f 2816 2821 2824
f 2825 2822 2819
f 2819 2824 2825
f 2822 2826 2823
f 2827 2823 2826
f 2822 2825 2828
f 2828 2826 2822
f 2826 2829 2827
f 2830 2827 2829
f 2826 2828 2831
f 2831 2829 2826
f 2829 2832 2830
f 2833 2830 2832
f 2829 2831 2834
f 2834 2832 2829
f 2832 2835 2833
f 2836 2833 2835
f 2832 2834 2837
f 2837 2835 2832
f 2835 2838 2836
f 2839 2836 2838
f 2835 2837 2840
f 2840 2838 2835
f 2841 2837 2834
f 2838 2842 2839
f 2837 2841 2843
f 2843 2840 2837
f 2838 2840 2844
f 2844 2842 2838
f 2840 2843 2845
f 2845 2844 2840
f 2842 2844 2846
f 2844 2845 2847
f 2847 2846 2844
f 2845 2843 2848
f 2847 2845 2849
f 2848 2849 2845
f 2850 2848 2843
f 2843 2841 2850
f 2849 2848 2851
f 2848 2850 2852
f 2852 2851 2848
f 2853 2850 2841
f 2854 2852 2850
f 2850 2853 2854
f 2841 2855 2853
f 2834 2855 2841
f 2855 2834 2831
f 2831 2856 2855
f 2856 2831 2828
f 2857 2853 2855
f 2855 2856 2857
f 2828 2858 2856
f 2858 2828 2825
f 2859 2857 2856
f 2856 2858 2859
f 2853 2857 2860
f 2860 2854 2853
f 2857 2859 2861
f 2861 2860 2857
f 2862 2859 2858
f 2863 2861 2859
f 2859 2862 2863
f 2860 2861 2864
f 2858 2865 2862
f 2825 2865 2858
f 2865 2825 2824
f 2824 2866 2865
f 2866 2824 2821
f 2867 2862 2865
f 2865 2866 2867
f 2821 2868 2866
f 2868 2821 2815
f 2815 2818 2868
f 2866 2868 2869
f 2869 2867 2866
f 2868 2818 2870
f 2870 2869 2868
f 2867 2869 2871
f 2869 2870 2872
f 2872 2871 2869
f 2873 2870 2818
f 2871 2874 2867
f 2862 2867 2874
f 2874 2863 2862
f 2818 2875 2873
f 2814 2875 2818
f 2875 2814 2811
f 2811 2876 2875
f 2876 2811 2808
f 2877 2873 2875
f 2875 2876 2877
f 2808 2878 2876
f 2878 2808 2805
f 2879 2877 2876
f 2876 2878 2879
f 2880 2873 2877
f 2870 2873 2880
f 2880 2872 2870
f 2881 2877 2879
f 2877 2881 2880
f 2872 2880 2882
f 2880 2881 2883
f 2883 2882 2880
f 2879 2884 2881
f 2885 2883 2881
f 2881 2884 2885
f 2884 2879 2886
f 2886 2879 2878
f 2887 2885 2884
f 2878 2888 2886
f 2805 2888 2878
f 2888 2805 2802
f 2886 2889 2884
f 2884 2889 2887
f 2890 2886 2888
f 2889 2886 2890
f 2802 2891 2888
f 2888 2891 2890
f 2892 2891 2802
f 2802 2799 2892
f 2893 2890 2891
f 2891 2892 2893
f 2890 2894 2889
f 2894 2890 2893
f 2895 2892 2799
f 2799 2796 2895
f 2896 2893 2892
f 2892 2895 2896
f 2893 2897 2894
f 2897 2893 2896
f 2898 2895 2796
f 2796 2792 2898
f 2899 2896 2895
f 2895 2898 2899
f 2896 2900 2897
f 2900 2896 2899
f 2901 2898 2792
f 2792 2788 2901
f 2789 2901 2788
f 2902 2899 2898
f 2898 2901 2902
f 2899 2903 2900
f 2903 2899 2902
f 2904 2902 2901
f 2901 2789 2904
f 2902 2905 2903
f 2905 2902 2904
f 2900 2903 2906
f 2903 2905 2907
f 2907 2906 2903
f 2904 2908 2905
f 2906 2909 2900
f 2897 2900 2909
f 2908 2904 2910
f 2910 2904 2789
f 2909 2911 2897
f 2894 2897 2911
f 2789 2912 2910
f 2782 2912 2789
f 2912 2782 2779
f 2911 2913 2894
f 2889 2894 2913
f 2913 2887 2889
f 2779 2914 2912
f 2914 2779 2777
f 2887 2913 2915
f 2915 2913 2911
f 2777 2916 2914
f 2916 2777 2774
f 2911 2917 2915
f 2917 2911 2909
f 2774 2918 2916
f 2909 2919 2917
f 2919 2909 2906
f 2920 2918 2774
f 2774 2771 2920
f 2906 2921 2919
f 2921 2906 2907
f 2922 2920 2771
f 2771 2767 2922
f 2907 2923 2921
f 2924 2922 2767
f 2767 2764 2924
f 2923 2907 2925
f 2925 2907 2905
f 2905 2908 2925
f 2926 2924 2764
f 2764 2761 2926
f 2927 2925 2908
f 2928 2926 2761
f 2761 2758 2928
f 2929 2925 2927
f 2925 2929 2923
f 2930 2928 2758
f 2758 2753 2930
f 2931 2930 2753
f 2753 2752 2931
f 2928 2930 2932
f 2933 2931 2752
f 2752 2749 2933
f 2930 2931 2934
f 2934 2932 2930
f 2935 2934 2931
f 2931 2933 2935
f 2932 2934 2936
f 2936 2934 2935
f 2937 2935 2933
f 2935 2938 2936
f 2938 2935 2937
f 2933 2939 2937
f 2939 2933 2749
f 2937 2940 2938
f 2749 2941 2939
f 2741 2941 2749
f 2746 2941 2741
f 2942 2937 2939
f 2940 2937 2942
f 2943 2939 2941
f 2941 2746 2943
f 2939 2943 2942
f 2743 2943 2746
f 2943 2743 2944
f 2944 2942 2943
f 2740 2944 2743
f 2945 2944 2740
f 2942 2944 2945
f 2740 2714 2945
f 2945 2946 2942
f 2942 2946 2940
f 2945 2714 2947
f 2716 2947 2714
f 2946 2945 2948
f 2947 2948 2945
f 2940 2946 2949
f 2948 2949 2946
f 2950 2947 2716
f 2716 2718 2950
f 2951 2948 2947
f 2947 2950 2951
f 2948 2951 2952
f 2952 2949 2948
f 2953 2951 2950
f 2952 2951 2953
f 2950 2954 2953
f 2954 2950 2718
f 2953 2954 2955
f 2955 2956 2953
f 2957 2955 2954
f 2958 2953 2956
f 2956 2959 2958
f 2953 2958 2952
f 2960 2958 2959
f 2952 2958 2960
f 2959 2961 2960
f 2960 2962 2952
f 2949 2952 2962
f 2963 2960 2961
f 2962 2960 2963
f 2961 2964 2963
f 2962 2965 2949
f 2949 2965 2940
f 2938 2940 2965
f 2963 2966 2962
f 2965 2962 2966
f 2965 2967 2938
f 2966 2967 2965
f 2936 2938 2967
f 2966 2963 2968
f 2968 2963 2964
f 2964 2969 2968
f 2967 2966 2970
f 2968 2970 2966
f 2967 2971 2936
f 2970 2971 2967
f 2972 2968 2969
f 2969 2973 2972
f 2974 2970 2968
f 2968 2972 2974
f 2971 2970 2974
f 2975 2972 2973
f 2974 2972 2975
f 2973 2976 2975
f 2974 2977 2971
f 2978 2975 2976
f 2976 2979 2978
f 2975 2980 2974
f 2980 2975 2978
f 2977 2974 2980
f 2981 2978 2979
f 2979 2982 2981
f 2978 2983 2980
f 2984 2981 2982
f 2982 2985 2984
f 2978 2981 2986
f 2986 2983 2978
f 2981 2984 2987
f 2987 2986 2981
f 2988 2984 2985
f 2985 2989 2988
f 2990 2987 2984
f 2984 2988 2990
f 2991 2986 2987
f 2992 2988 2989
f 2989 2993 2992
f 2992 2993 2994
f 2986 2991 2995
f 2995 2983 2986
f 2994 2996 2992
f 2996 2994 2997
f 2983 2995 2998
f 2998 2980 2983
f 2980 2998 2977
f 2997 2999 2996
f 2999 2997 3000
f 2977 2998 3001
f 3000 3002 2999
f 3001 3003 2977
f 2971 2977 3003
f 3003 2936 2971
f 2936 3003 2932
f 2932 3003 3001
f 3001 3004 2932
f 2932 3004 2928
f 2926 2928 3004
f 3004 3001 3005
f 3005 3001 2998
f 2998 2995 3005
f 3004 3006 2926
f 3005 3006 3004
f 2924 2926 3006
f 3007 3005 2995
f 3006 3005 3007
f 2995 2991 3007
f 3006 3008 2924
f 3007 3008 3006
f 2922 2924 3008
f 3009 3007 2991
f 3008 3007 3009
f 3008 3010 2922
f 3009 3010 3008
f 2920 2922 3010
f 2991 3011 3009
f 2987 3011 2991
f 3011 2987 2990
f 3010 3009 3012
f 3012 3009 3011
f 3010 3013 2920
f 3012 3013 3010
f 2918 2920 3013
f 3011 3014 3012
f 2990 3014 3011
f 3013 3012 3015
f 3015 3012 3014
f 3013 3016 2918
f 3015 3016 3013
f 2916 2918 3016
f 3014 3017 3015
f 3016 3018 2916
f 2914 2916 3018
f 3016 3015 3019
f 3019 3018 3016
f 3019 3015 3017
f 3018 3020 2914
f 2912 2914 3020
f 3020 2910 2912
f 3018 3019 3021
f 3021 3020 3018
f 3022 2910 3020
f 3020 3021 3022
f 2910 3022 2908
f 2908 3022 2927
f 3021 3019 3023
f 3017 3023 3019
f 3022 3021 3024
f 3023 3024 3021
f 3024 2927 3022
f 3023 3017 3025
f 3025 3017 3014
f 3014 2990 3025
f 3025 2990 2988
f 2988 2992 3025
f 3025 3026 3023
f 3026 3025 2992
f 3024 3023 3026
f 2992 2996 3026
f 3026 3027 3024
f 3027 3026 2996
f 2927 3024 3027
f 2996 2999 3027
f 3027 3028 2927
f 3028 3027 2999
f 2927 3028 2929
f 2999 3002 3028
f 2929 3028 3002
f 3002 3029 2929
f 3029 3002 3000
f 2923 2929 3029
f 3000 3030 3029
f 3029 3031 2923
f 3031 3029 3030
f 2921 2923 3031
f 3030 3032 3031
f 3031 3033 2921
f 3033 3031 3032
f 2919 2921 3033
f 3032 3034 3033
f 3033 3035 2919
f 3035 3033 3034
f 2917 2919 3035
f 3034 3036 3035
f 3035 3037 2917
f 3037 3035 3036
f 2915 2917 3037
f 3036 3038 3037
f 3039 3037 3038
f 3037 3039 2915
f 3038 3040 3039
f 3041 2915 3039
f 2915 3041 2887
f 3042 3039 3040
f 3039 3042 3041
f 3040 3043 3042
f 3042 3043 3044
f 2887 3041 3045
f 3045 3041 3042
f 3045 2885 2887
f 2883 2885 3045
f 3044 3046 3042
f 3042 3046 3045
f 3046 3044 3047
f 3045 3048 2883
f 3048 3045 3046
f 2882 2883 3048
f 3047 3049 3046
f 3046 3049 3048
f 3049 3047 3050
f 3050 3051 3049
f 3048 3049 3051
f 3051 3050 3052
f 3048 3053 2882
f 3051 3053 3048
f 3054 2882 3053
f 2882 3054 2872
f 2871 2872 3054
f 3055 3053 3051
f 3053 3055 3054
f 3054 3056 2871
f 3056 3054 3055
f 2874 2871 3056
f 3051 3057 3055
f 3052 3057 3051
f 3057 3052 3058
f 3058 3059 3057
f 3055 3057 3059
f 3059 3058 3060
f 3059 3061 3055
f 3055 3061 3056
f 3060 3062 3059
f 3061 3059 3062
f 3062 3060 3063
f 3064 3056 3061
f 3056 3064 2874
f 2863 2874 3064
f 3062 3065 3061
f 3061 3065 3064
f 3064 3066 2863
f 3066 3064 3065
f 2861 2863 3066
f 3066 2864 2861
f 3065 3062 3067
f 3063 3067 3062
f 3067 3063 3068
f 3065 3069 3066
f 3067 3069 3065
f 2864 3066 3069
f 3068 3070 3067
f 3069 3067 3070
f 3070 3068 3071
f 3069 3072 2864
f 3070 3072 3069
f 3071 3073 3070
f 3072 3070 3073
f 3073 3071 3074
f 3075 2864 3072
f 2864 3075 2860
f 2854 2860 3075
f 3073 3076 3072
f 3072 3076 3075
f 3075 3077 2854
f 3077 3075 3076
f 2852 2854 3077
f 3076 3073 3078
f 3074 3078 3073
f 3078 3074 3079
f 3076 3080 3077
f 3078 3080 3076
f 3077 3081 2852
f 3081 3077 3080
f 2851 2852 3081
f 3080 3078 3082
f 3079 3082 3078
f 3082 3079 3083
f 3080 3084 3081
f 3082 3084 3080
f 3083 3085 3082
f 3084 3082 3085
f 3085 3083 3086
f 3087 3081 3084
f 3081 3087 2851
f 3085 3088 3084
f 3084 3088 3087
f 3086 3089 3085
f 3088 3085 3089
f 3089 3086 3090
f 3091 3087 3088
f 3090 3092 3089
f 3092 3090 3093
f 3089 3094 3088
f 3094 3089 3092
f 3088 3094 3091
f 3093 3095 3092
f 3095 3093 3096
f 3092 3097 3094
f 3097 3092 3095
f 3098 3091 3094
f 3094 3097 3098
f 3096 3099 3095
f 3095 3100 3097
f 3100 3095 3099
f 3101 3099 3096
f 3096 3102 3101
f 3099 3103 3100
f 3103 3099 3101
f 3097 3100 3104
f 3104 3098 3097
f 3100 3103 3105
f 3105 3104 3100
f 3101 3106 3103
f 3105 3103 3106
f 3106 3101 3107
f 3107 3101 3102
f 3102 3108 3107
f 3109 3107 3108
f 3108 3110 3109
f 3107 3111 3106
f 3111 3107 3109
f 3112 3109 3110
f 3110 3113 3112
f 3109 3114 3111
f 3114 3109 3112
f 3115 3106 3111
f 3106 3115 3105
f 3116 3111 3114
f 3111 3116 3115
f 3112 3117 3114
f 3114 3118 3116
f 3118 3114 3117
f 3115 3116 3119
f 3116 3118 3120
f 3120 3119 3116
f 3119 3121 3115
f 3105 3115 3121
f 3119 3120 3122
f 3121 3123 3105
f 3104 3105 3123
f 3121 3119 3124
f 3122 3124 3119
f 3123 3121 3125
f 3124 3125 3121
f 3123 3126 3104
f 3098 3104 3126
f 3125 3127 3123
f 3126 3123 3127
f 3126 3128 3098
f 3091 3098 3128
f 3127 3129 3126
f 3128 3126 3129
f 3128 3130 3091
f 3087 3091 3130
f 3130 2851 3087
f 2851 3130 2849
f 3130 3128 3131
f 3131 2849 3130
f 3129 3131 3128
f 2849 3131 2847
f 3132 2847 3131
f 3131 3129 3132
f 2846 2847 3132
f 3133 3132 3129
f 3129 3127 3133
f 3132 3134 2846
f 3135 3133 3127
f 3127 3125 3135
f 3132 3133 3136
f 3136 3134 3132
f 3133 3135 3137
f 3137 3136 3133
f 3138 3135 3125
f 3125 3124 3138
f 3139 3137 3135
f 3135 3138 3139
f 3140 3138 3124
f 3124 3122 3140
f 3141 3139 3138
f 3138 3140 3141
f 3142 3137 3139
f 3143 3139 3141
f 3139 3143 3142
f 3137 3142 3144
f 3144 3136 3137
f 3145 3142 3143
f 3142 3145 3146
f 3146 3144 3142
f 3143 3147 3145
f 3144 3146 3148
f 3147 3143 3149
f 3149 3150 3147
f 3141 3149 3143
f 3150 3149 3151
f 3151 3152 3150
f 3149 3141 3153
f 3153 3151 3149
f 3153 3141 3140
f 3152 3151 3154
f 3154 3151 3153
f 3154 3155 3152
f 3140 3156 3153
f 3156 3140 3122
f 3153 3157 3154
f 3157 3153 3156
f 3155 3154 3158
f 3158 3159 3155
f 3154 3157 3160
f 3160 3158 3154
f 3156 3161 3157
f 3160 3157 3161
f 3159 3158 3162
f 3162 3163 3159
f 3158 3160 3164
f 3164 3162 3158
f 3163 3162 3165
f 3165 3166 3163
f 3162 3164 3167
f 3167 3165 3162
f 3166 3165 3168
f 3168 3165 3167
f 3168 3169 3166
f 3169 3168 3170
f 3170 3171 3169
f 3172 3171 3170
f 3167 3173 3168
f 3170 3168 3173
f 3170 3174 3172
f 3175 3172 3174
f 3173 3176 3170
f 3174 3170 3176
f 3174 3177 3175
f 3178 3175 3177
f 3176 3179 3174
f 3177 3174 3179
f 3177 3180 3178
f 3181 3178 3180
f 3179 3182 3177
f 3180 3177 3182
f 3180 3183 3181
f 3184 3181 3183
f 3182 3185 3180
f 3183 3180 3185
f 3183 3186 3184
f 3187 3184 3186
f 3185 3188 3183
f 3186 3183 3188
f 3186 3189 3187
f 3190 3187 3189
f 3188 3191 3186
f 3189 3186 3191
f 3189 3192 3190
f 3193 3190 3192
f 3191 3194 3189
f 3192 3189 3194
f 3192 3195 3193
f 3196 3193 3195
f 3194 3197 3192
f 3195 3192 3197
f 3195 3198 3196
f 3199 3196 3198
f 3197 3200 3195
f 3198 3195 3200
f 3198 3201 3199
f 3202 3199 3201
f 3200 3203 3198
f 3201 3198 3203
f 3201 3204 3202
f 3205 3202 3204
f 3203 3206 3201
f 3204 3201 3206
f 3204 3207 3205
f 3208 3205 3207
f 3206 3209 3204
f 3207 3204 3209
f 3207 3210 3208
f 3211 3208 3210
f 3209 3212 3207
f 3210 3207 3212
f 3210 3213 3211
f 3214 3211 3213
f 3212 3215 3210
f 3213 3210 3215
f 3216 3212 3209
f 3213 3217 3214
f 3212 3216 3218
f 3218 3215 3212
f 3215 3219 3213
f 3217 3213 3219
f 3215 3218 3220
f 3220 3219 3215
f 3219 3221 3217
f 3219 3220 3222
f 3222 3221 3219
f 3223 3217 3221
f 3214 3217 3223
f 3223 3224 3214
f 3225 3221 3222
f 3221 3225 3223
f 3224 3223 3226
f 3226 3227 3224
f 3223 3225 3228
f 3228 3226 3223
f 3227 3226 3229
f 3229 3230 3227
f 3226 3228 3231
f 3231 3229 3226
f 3228 3225 3232
f 3222 3232 3225
f 3231 3228 3233
f 3232 3233 3228
f 3229 3231 3234
f 3232 3222 3235
f 3233 3236 3231
f 3234 3231 3236
f 3233 3232 3237
f 3235 3237 3232
f 3236 3233 3238
f 3237 3238 3233
f 3238 3239 3236
f 3240 3238 3237
f 3239 3238 3240
f 3241 3237 3235
f 3237 3241 3240
f 3242 3236 3239
f 3236 3242 3234
f 3240 3243 3239
f 3239 3244 3242
f 3244 3239 3243
f 3245 3234 3242
f 3246 3242 3244
f 3242 3246 3245
f 3247 3234 3245
f 3234 3247 3229
f 3230 3229 3247
f 3247 3248 3230
f 3248 3247 3249
f 3245 3249 3247
f 3249 3250 3248
f 3249 3245 3251
f 3250 3249 3252
f 3251 3252 3249
f 3252 3253 3250
f 3251 3245 3246
f 3253 3252 3254
f 3254 3255 3253
f 3252 3251 3256
f 3256 3254 3252
f 3246 3257 3251
f 3256 3251 3257
f 3255 3254 3258
f 3258 3259 3255
f 3254 3256 3260
f 3260 3258 3254
f 3259 3258 3261
f 3261 3262 3259
f 3258 3260 3263
f 3263 3261 3258
f 3260 3256 3264
f 3257 3264 3256
f 3263 3260 3265
f 3264 3265 3260
f 3261 3263 3266
f 3264 3257 3267
f 3265 3268 3263
f 3266 3263 3268
f 3265 3264 3269
f 3267 3269 3264
f 3268 3265 3270
f 3269 3270 3265
f 3268 3271 3266
f 3270 3272 3268
f 3271 3268 3272
f 3270 3269 3273
f 3272 3270 3274
f 3273 3274 3270
f 3275 3273 3269
f 3269 3267 3275
f 3274 3273 3276
f 3273 3275 3277
f 3277 3276 3273
f 3278 3275 3267
f 3279 3277 3275
f 3275 3278 3279
f 3267 3280 3278
f 3280 3267 3257
f 3257 3246 3280
f 3244 3280 3246
f 3280 3244 3281
f 3281 3278 3280
f 3243 3281 3244
f 3278 3281 3282
f 3282 3279 3278
f 3281 3243 3283
f 3283 3282 3281
f 3284 3283 3243
f 3243 3240 3284
f 3285 3282 3283
f 3286 3284 3240
f 3240 3241 3286
f 3287 3283 3284
f 3283 3287 3285
f 3288 3284 3286
f 3284 3288 3287
f 3289 3286 3241
f 3286 3290 3288
f 3290 3286 3289
f 3287 3288 3291
f 3291 3288 3290
f 3241 3292 3289
f 3235 3292 3241
f 3289 3293 3290
f 3292 3235 3294
f 3294 3235 3222
f 3222 3220 3294
f 3295 3289 3292
f 3293 3289 3295
f 3294 3296 3292
f 3292 3296 3295
f 3297 3294 3220
f 3296 3294 3297
f 3220 3218 3297
f 3298 3297 3218
f 3218 3216 3298
f 3297 3299 3296
f 3299 3297 3298
f 3296 3299 3300
f 3300 3295 3296
f 3298 3301 3299
f 3302 3300 3299
f 3299 3301 3302
f 3295 3300 3303
f 3301 3298 3304
f 3304 3298 3216
f 3303 3305 3295
f 3295 3305 3293
f 3216 3306 3304
f 3209 3306 3216
f 3306 3209 3206
f 3206 3307 3306
f 3307 3206 3203
f 3308 3304 3306
f 3306 3307 3308
f 3203 3309 3307
f 3309 3203 3200
f 3310 3308 3307
f 3307 3309 3310
f 3311 3304 3308
f 3304 3311 3301
f 3312 3308 3310
f 3308 3312 3311
f 3301 3311 3313
f 3313 3302 3301
f 3311 3312 3314
f 3314 3313 3311
f 3310 3315 3312
f 3316 3314 3312
f 3312 3315 3316
f 3313 3314 3317
f 3315 3310 3318
f 3318 3310 3309
f 3317 3319 3313
f 3302 3313 3319
f 3309 3320 3318
f 3200 3320 3309
f 3320 3200 3197
f 3319 3321 3302
f 3300 3302 3321
f 3321 3303 3300
f 3197 3322 3320
f 3322 3197 3194
f 3320 3322 3323
f 3323 3318 3320
f 3194 3324 3322
f 3324 3194 3191
f 3325 3323 3322
f 3322 3324 3325
f 3326 3318 3323
f 3318 3326 3315
f 3327 3323 3325
f 3323 3327 3326
f 3315 3326 3328
f 3328 3316 3315
f 3326 3327 3329
f 3329 3328 3326
f 3325 3330 3327
f 3331 3329 3327
f 3327 3330 3331
f 3328 3329 3332
f 3330 3325 3333
f 3333 3325 3324
f 3332 3334 3328
f 3316 3328 3334
f 3324 3335 3333
f 3191 3335 3324
f 3335 3191 3188
f 3334 3336 3316
f 3314 3316 3336
f 3336 3317 3314
f 3188 3337 3335
f 3337 3188 3185
f 3335 3337 3338
f 3338 3333 3335
f 3185 3339 3337
f 3339 3185 3182
f 3340 3338 3337
f 3337 3339 3340
f 3341 3333 3338
f 3333 3341 3330
f 3342 3338 3340
f 3338 3342 3341
f 3330 3341 3343
f 3343 3331 3330
f 3341 3342 3344
f 3344 3343 3341
f 3340 3345 3342
f 3346 3344 3342
f 3342 3345 3346
f 3343 3344 3347
f 3345 3340 3348
f 3348 3340 3339
f 3347 3349 3343
f 3331 3343 3349
f 3339 3350 3348
f 3182 3350 3339
f 3350 3182 3179
f 3349 3351 3331
f 3329 3331 3351
f 3351 3332 3329
f 3179 3352 3350
f 3352 3179 3176
f 3350 3352 3353
f 3353 3348 3350
f 3176 3354 3352
f 3355 3348 3353
f 3348 3355 3345
f 3356 3353 3352
f 3352 3354 3356
f 3353 3357 3355
f 3357 3353 3356
f 3345 3355 3358
f 3358 3346 3345
f 3355 3357 3359
f 3359 3358 3355
f 3356 3360 3357
f 3361 3359 3357
f 3357 3360 3361
f 3358 3359 3362
f 3360 3356 3363
f 3363 3356 3354
f 3362 3364 3358
f 3346 3358 3364
f 3354 3365 3363
f 3365 3354 3176
f 3176 3173 3365
f 3364 3366 3346
f 3344 3346 3366
f 3366 3347 3344
f 3367 3365 3173
f 3173 3167 3367
f 3365 3367 3368
f 3368 3363 3365
f 3369 3367 3167
f 3167 3164 3369
f 3370 3368 3367
f 3367 3369 3370
f 3371 3363 3368
f 3363 3371 3360
f 3372 3368 3370
f 3368 3372 3371
f 3360 3371 3373
f 3373 3361 3360
f 3371 3372 3374
f 3374 3373 3371
f 3375 3361 3373
f 3359 3361 3375
f 3375 3362 3359
f 3376 3373 3374
f 3373 3376 3375
f 3362 3375 3377
f 3375 3376 3378
f 3378 3377 3375
f 3374 3379 3376
f 3377 3378 3380
f 3380 3381 3377
f 3382 3380 3378
f 3377 3381 3383
f 3378 3384 3382
f 3384 3378 3376
f 3385 3382 3384
f 3376 3379 3384
f 3384 3386 3385
f 3386 3384 3379
f 3387 3385 3386
f 3379 3388 3386
f 3386 3389 3387
f 3390 3387 3389
f 3386 3388 3391
f 3391 3389 3386
f 3392 3388 3379
f 3379 3374 3392
f 3392 3374 3372
f 3388 3392 3393
f 3393 3391 3388
f 3372 3394 3392
f 3393 3392 3394
f 3370 3394 3372
f 3391 3393 3395
f 3394 3370 3396
f 3396 3370 3369
f 3394 3397 3393
f 3396 3397 3394
f 3395 3393 3397
f 3369 3398 3396
f 3398 3369 3164
f 3164 3160 3398
f 3161 3398 3160
f 3399 3396 3398
f 3398 3161 3399
f 3397 3396 3399
f 3400 3399 3161
f 3161 3156 3400
f 3122 3400 3156
f 3400 3122 3120
f 3399 3401 3397
f 3120 3402 3400
f 3399 3400 3402
f 3402 3401 3399
f 3402 3120 3118
f 3397 3401 3395
f 3118 3403 3402
f 3401 3402 3403
f 3403 3395 3401
f 3117 3403 3118
f 3404 3395 3403
f 3403 3117 3404
f 3395 3404 3391
f 3389 3391 3404
f 3405 3404 3117
f 3404 3405 3389
f 3117 3112 3405
f 3389 3405 3390
f 3405 3112 3113
f 3113 3390 3405
f 2722 3406 2720
f 2720 3406 3407
f 3407 2718 2720
f 2718 3407 2954
f 2954 3407 2957
f 3408 2957 3407
f 3407 3406 3408
f 3408 3406 2722
f 2722 3409 3408
f 3409 2722 3410
f 2702 3410 2722
f 3410 3411 3409
f 3410 2702 2703
f 3411 3410 3412
f 2703 3412 3410
f 3412 3413 3411
f 3412 2703 3414
f 3413 3412 3415
f 3414 3415 3412
f 3415 3416 3413
f 3414 2703 2701
f 3416 3415 3417
f 3417 3415 3414
f 3417 3418 3416
f 2701 3419 3414
f 3419 2701 2704
f 3414 3420 3417
f 3420 3414 3419
f 3418 3417 3421
f 3421 3417 3420
f 3421 3422 3418
f 3419 3423 3420
f 3422 3421 3424
f 3424 3425 3422
f 3420 3426 3421
f 3426 3420 3423
f 3427 3424 3421
f 3421 3426 3427
f 3425 3424 3428
f 3428 3429 3425
f 3430 3428 3424
f 3424 3427 3430
f 3429 3428 3431
f 3431 3428 3430
f 3431 3432 3429
f 3430 3427 3433
f 3432 3431 3434
f 3434 3435 3432
f 3430 3436 3431
f 3435 3434 3437
f 3437 3438 3435
f 3439 3434 3431
f 3431 3436 3439
f 3440 3437 3434
f 3434 3439 3440
f 3438 3437 3441
f 3441 3442 3438
f 3437 3440 3443
f 3443 3441 3437
f 3442 3441 3444
f 3444 3445 3442
f 3441 3443 3446
f 3446 3444 3441
f 3445 3444 3447
f 3447 3448 3445
f 3449 3448 3447
f 3444 3446 3450
f 3450 3447 3444
f 3447 3451 3449
f 3452 3449 3451
f 3447 3450 3453
f 3453 3451 3447
f 3451 3454 3452
f 3455 3452 3454
f 3451 3453 3456
f 3456 3454 3451
f 3454 3457 3455
f 3458 3455 3457
f 3454 3456 3459
f 3459 3457 3454
f 3457 3460 3458
f 3461 3458 3460
f 3457 3459 3462
f 3462 3460 3457
f 3460 3463 3461
f 3464 3461 3463
f 3460 3462 3465
f 3465 3463 3460
f 3463 3466 3464
f 3467 3464 3466
f 3463 3465 3468
f 3468 3466 3463
f 3466 3469 3467
f 3470 3467 3469
f 3466 3468 3471
f 3471 3469 3466
f 3469 3472 3470
f 3473 3470 3472
f 3469 3471 3474
f 3474 3472 3469
f 3472 3475 3473
f 3476 3473 3475
f 3472 3474 3477
f 3477 3475 3472
f 3475 3478 3476
f 3479 3476 3478
f 3475 3477 3480
f 3480 3478 3475
f 3478 3481 3479
f 3482 3479 3481
f 3478 3480 3483
f 3483 3481 3478
f 3276 3480 3477
f 3277 3483 3480
f 3480 3276 3277
f 3483 3277 3279
f 3477 3484 3276
f 3484 3477 3474
f 3276 3484 3274
f 3279 3485 3483
f 3485 3279 3282
f 3481 3483 3485
f 3282 3285 3485
f 3485 3486 3481
f 3486 3485 3285
f 3481 3486 3482
f 3487 3482 3486
f 3285 3488 3486
f 3486 3488 3487
f 3488 3285 3287
f 3489 3487 3488
f 3287 3490 3488
f 3488 3490 3489
f 3491 3489 3490
f 3291 3490 3287
f 3490 3291 3491
f 3492 3491 3291
f 3291 3493 3492
f 3290 3493 3291
f 3494 3492 3493
f 3495 3493 3290
f 3493 3495 3494
f 3290 3293 3495
f 3494 3495 3496
f 3496 3495 3293
f 3496 3497 3494
f 3293 3305 3496
f 3497 3496 3498
f 3498 3496 3305
f 3498 3499 3497
f 3305 3303 3498
f 3499 3498 3500
f 3500 3498 3303
f 3500 3501 3499
f 3303 3321 3500
f 3501 3500 3502
f 3502 3500 3321
f 3502 3503 3501
f 3321 3319 3502
f 3503 3502 3504
f 3504 3502 3319
f 3504 3505 3503
f 3319 3317 3504
f 3505 3504 3506
f 3506 3504 3317
f 3506 3507 3505
f 3317 3336 3506
f 3507 3506 3508
f 3508 3506 3336
f 3508 3509 3507
f 3336 3334 3508
f 3509 3508 3510
f 3510 3508 3334
f 3510 3511 3509
f 3334 3332 3510
f 3511 3510 3512
f 3512 3510 3332
f 3512 3513 3511
f 3332 3351 3512
f 3513 3512 3514
f 3514 3512 3351
f 3514 3515 3513
f 3351 3349 3514
f 3515 3514 3516
f 3516 3514 3349
f 3516 3517 3515
f 3349 3347 3516
f 3517 3516 3518
f 3518 3516 3347
f 3518 3519 3517
f 3347 3366 3518
f 3519 3518 3520
f 3520 3518 3366
f 3520 3521 3519
f 3366 3364 3520
f 3521 3520 3522
f 3522 3520 3364
f 3522 3383 3521
f 3364 3362 3522
f 3383 3522 3377
f 3377 3522 3362
f 3523 2726 2727
f 2727 3524 3523
f 3525 3523 3524
f 3524 3526 3525
f 2726 3523 3527
f 3528 3525 3526
f 3526 3529 3528
f 3523 3525 3530
f 3530 3527 3523
f 3525 3528 3531
f 3531 3530 3525
f 3532 3528 3529
f 3531 3528 3532
f 3529 3533 3532
f 3534 3530 3531
f 3535 3532 3533
f 3533 3536 3535
f 3532 3537 3531
f 3538 3535 3536
f 3536 3539 3538
f 3532 3535 3540
f 3540 3535 3538
f 3540 3537 3532
f 3541 3538 3539
f 3539 3542 3541
f 3538 3543 3540
f 3543 3538 3541
f 3544 3541 3542
f 3542 3545 3544
f 3541 3546 3543
f 3546 3541 3544
f 3547 3544 3545
f 3545 3548 3547
f 3544 3549 3546
f 3549 3544 3547
f 3550 3547 3548
f 3548 3551 3550
f 3547 3552 3549
f 3552 3547 3550
f 3553 3550 3551
f 3551 3554 3553
f 3553 3554 3555
f 3550 3556 3552
f 3556 3550 3553
f 3555 3557 3553
f 3557 3555 3558
f 3553 3559 3556
f 3559 3553 3557
f 3558 3560 3557
f 3560 3558 3561
f 3557 3562 3559
f 3562 3557 3560
f 3561 3563 3560
f 3563 3561 3564
f 3560 3565 3562
f 3565 3560 3563
f 3564 3566 3563
f 3566 3564 3567
f 3563 3568 3565
f 3568 3563 3566
f 3567 3569 3566
f 3569 3567 3570
f 3566 3571 3568
f 3571 3566 3569
f 3570 3572 3569
f 3572 3570 3573
f 3569 3574 3571
f 3574 3569 3572
f 3573 3575 3572
f 3575 3573 3262
f 3262 3261 3575
f 3266 3575 3261
f 3576 3572 3575
f 3575 3266 3576
f 3572 3576 3574
f 3576 3266 3271
f 3574 3576 3577
f 3271 3577 3576
f 3577 3578 3574
f 3571 3574 3578
f 3577 3271 3579
f 3272 3579 3271
f 3578 3577 3580
f 3579 3580 3577
f 3578 3581 3571
f 3568 3571 3581
f 3579 3272 3582
f 3274 3582 3272
f 3582 3274 3484
f 3582 3583 3579
f 3580 3579 3583
f 3484 3584 3582
f 3583 3582 3584
f 3474 3584 3484
f 3584 3474 3471
f 3471 3585 3584
f 3584 3585 3583
f 3585 3471 3468
f 3586 3583 3585
f 3583 3586 3580
f 3468 3587 3585
f 3585 3587 3586
f 3587 3468 3465
f 3588 3580 3586
f 3580 3588 3578
f 3581 3578 3588
f 3589 3586 3587
f 3586 3589 3588
f 3588 3590 3581
f 3590 3588 3589
f 3587 3591 3589
f 3465 3591 3587
f 3591 3465 3462
f 3592 3589 3591
f 3589 3592 3590
f 3462 3593 3591
f 3591 3593 3592
f 3593 3462 3459
f 3594 3590 3592
f 3459 3595 3593
f 3595 3459 3456
f 3596 3592 3593
f 3593 3595 3596
f 3592 3596 3594
f 3456 3597 3595
f 3597 3456 3453
f 3598 3596 3595
f 3595 3597 3598
f 3453 3599 3597
f 3599 3453 3450
f 3600 3598 3597
f 3597 3599 3600
f 3596 3598 3601
f 3601 3594 3596
f 3598 3600 3602
f 3602 3601 3598
f 3603 3600 3599
f 3604 3602 3600
f 3600 3603 3604
f 3601 3602 3605
f 3599 3606 3603
f 3450 3606 3599
f 3607 3605 3602
f 3602 3604 3607
f 3608 3606 3450
f 3450 3446 3608
f 3606 3608 3609
f 3609 3603 3606
f 3610 3608 3446
f 3446 3443 3610
f 3611 3609 3608
f 3608 3610 3611
f 3603 3609 3612
f 3612 3604 3603
f 3609 3611 3613
f 3613 3612 3609
f 3604 3612 3614
f 3614 3607 3604
f 3612 3613 3615
f 3615 3614 3612
f 3559 3607 3614
f 3605 3607 3559
f 3614 3556 3559
f 3556 3614 3615
f 3559 3562 3605
f 3615 3552 3556
f 3616 3605 3562
f 3605 3616 3601
f 3562 3565 3616
f 3594 3601 3616
f 3617 3616 3565
f 3616 3617 3594
f 3565 3568 3617
f 3590 3594 3617
f 3581 3617 3568
f 3617 3581 3590
f 2726 3618 2710
f 2708 2710 3618
f 3527 3618 2726
f 3618 3619 2708
f 3619 3618 3527
f 2708 3619 2706
f 3527 3620 3619
f 3620 3527 3530
f 3621 2706 3619
f 3619 3620 3621
f 2704 2706 3621
f 3530 3534 3620
f 3621 3622 2704
f 2704 3622 3419
f 3423 3419 3622
f 3623 3621 3620
f 3622 3621 3623
f 3620 3534 3623
f 3622 3624 3423
f 3623 3624 3622
f 3625 3623 3534
f 3624 3623 3625
f 3626 3423 3624
f 3423 3626 3426
f 3427 3426 3626
f 3626 3433 3427
f 3624 3627 3626
f 3433 3626 3627
f 3625 3627 3624
f 3627 3628 3433
f 3627 3625 3629
f 3629 3628 3627
f 3629 3625 3630
f 3534 3630 3625
f 3531 3630 3534
f 3630 3531 3537
f 3537 3631 3630
f 3630 3631 3629
f 3631 3537 3540
f 3632 3629 3631
f 3540 3633 3631
f 3631 3633 3632
f 3633 3540 3543
f 3628 3629 3632
f 3543 3634 3633
f 3634 3543 3546
f 3635 3632 3633
f 3633 3634 3635
f 3632 3636 3628
f 3546 3637 3634
f 3637 3546 3549
f 3638 3636 3632
f 3632 3635 3638
f 3639 3635 3634
f 3634 3637 3639
f 3638 3635 3639
f 3640 3639 3637
f 3639 3641 3638
f 3637 3642 3640
f 3549 3642 3637
f 3642 3549 3552
f 3552 3615 3642
f 3642 3615 3613
f 3613 3640 3642
f 3640 3613 3611
f 3611 3643 3640
f 3639 3640 3643
f 3643 3611 3610
f 3643 3641 3639
f 3610 3644 3643
f 3641 3643 3644
f 3644 3610 3443
f 3443 3440 3644
f 3644 3645 3641
f 3645 3644 3440
f 3638 3641 3645
f 3440 3439 3645
f 3645 3646 3638
f 3646 3645 3439
f 3636 3638 3646
f 3439 3436 3646
f 3646 3647 3636
f 3647 3646 3436
f 3628 3636 3647
f 3436 3430 3647
f 3647 3433 3628
f 3433 3647 3430
f 3148 3648 3144
f 3136 3144 3648
f 3648 3134 3136
f 3649 3648 3148
f 3134 3648 3649
f 3148 3650 3649
f 3649 2846 3134
f 3649 3650 2839
f 2846 3649 2842
f 2839 2842 3649
f 3651 3652 3653
f 3653 3654 3651
f 3655 3653 3652
f 3656 3654 3653
f 3657 3653 3655
f 3653 3657 3656
f 3657 3655 3658
f 3656 3657 3659
f 3658 3659 3657
f 3660 3654 3656
f 3659 3661 3656
f 3660 3656 3661
f 3658 3662 3659
f 3663 3654 3660
f 3651 3654 3663
f 3662 3658 3664
f 3664 3658 3655
f 3655 3665 3664
f 3652 3665 3655
f 3664 3666 3662
f 3665 3652 3667
f 3668 3664 3665
f 3665 3667 3668
f 3668 3666 3664
f 3669 3667 3652
f 3668 3667 3669
f 3652 3651 3669
f 3666 3668 3670
f 3669 3670 3668
f 3670 3671 3666
f 3662 3666 3671
f 3672 3670 3669
f 3671 3670 3672
f 3669 3673 3672
f 3673 3669 3651
f 3671 3674 3662
f 3659 3662 3674
f 3674 3661 3659
f 3673 3651 3675
f 3663 3675 3651
f 3661 3674 3676
f 3661 3676 3660
f 3677 3676 3674
f 3660 3676 3677
f 3660 3678 3663
f 3677 3678 3660
f 3663 3678 3679
f 3679 3678 3677
f 3675 3663 3679
f 3674 3680 3677
f 3680 3674 3671
f 3677 3681 3679
f 3680 3681 3677
f 3679 3682 3675
f 3679 3681 3683
f 3683 3682 3679
f 3683 3681 3680
f 3684 3675 3682
f 3684 3682 3683
f 3675 3684 3673
f 3672 3673 3684
f 3683 3685 3684
f 3684 3685 3672
f 3686 3685 3683
f 3672 3685 3686
f 3680 3686 3683
f 3686 3671 3672
f 3671 3686 3680
f 3687 3688 3689
f 3689 3690 3687
f 3690 3689 3691
f 3692 3691 3689
f 3691 3693 3690
f 3689 3694 3692
f 3694 3689 3688
f 3695 3692 3694
f 3696 3690 3693
f 3693 3697 3696
f 3694 3698 3695
f 3699 3695 3698
f 3698 3694 3700
f 3688 3700 3694
f 3698 3701 3699
f 3702 3699 3701
f 3700 3703 3698
f 3701 3698 3703
f 3701 3704 3702
f 3705 3702 3704
f 3703 3706 3701
f 3704 3701 3706
f 3704 3707 3705
f 3708 3705 3707
f 3706 3709 3704
f 3707 3704 3709
f 3707 3710 3708
f 3711 3708 3710
f 3709 3712 3707
f 3710 3707 3712
f 3710 3713 3711
f 3714 3711 3713
f 3712 3715 3710
f 3713 3710 3715
f 3713 3716 3714
f 3717 3714 3716
f 3715 3718 3713
f 3716 3713 3718
f 3716 3719 3717
f 3720 3717 3719
f 3718 3721 3716
f 3719 3716 3721
f 3719 3722 3720
f 3723 3720 3722
f 3721 3724 3719
f 3722 3719 3724
f 3722 3725 3723
f 3726 3723 3725
f 3724 3727 3722
f 3725 3722 3727
f 3725 3728 3726
f 3729 3726 3728
f 3727 3730 3725
f 3728 3725 3730
f 3728 3731 3729
f 3697 3729 3731
f 3731 3696 3697
f 3731 3728 3732
f 3730 3732 3728
f 3696 3731 3733
f 3732 3733 3731
f 3733 3734 3696
f 3690 3696 3734
f 3734 3687 3690
f 3733 3732 3735
f 3734 3733 3736
f 3735 3736 3733
f 3687 3734 3737
f 3736 3737 3734
f 3738 3735 3732
f 3732 3730 3738
f 3736 3735 3739
f 3740 3738 3730
f 3730 3727 3740
f 3735 3738 3741
f 3741 3739 3735
f 3738 3740 3742
f 3742 3741 3738
f 3743 3740 3727
f 3727 3724 3743
f 3744 3742 3740
f 3740 3743 3744
f 3745 3743 3724
f 3724 3721 3745
f 3746 3744 3743
f 3743 3745 3746
f 3747 3745 3721
f 3721 3718 3747
f 3748 3746 3745
f 3745 3747 3748
f 3749 3747 3718
f 3718 3715 3749
f 3750 3748 3747
f 3747 3749 3750
f 3751 3749 3715
f 3715 3712 3751
f 3752 3750 3749
f 3749 3751 3752
f 3753 3751 3712
f 3712 3709 3753
f 3754 3752 3751
f 3751 3753 3754
f 3755 3753 3709
f 3709 3706 3755
f 3756 3754 3753
f 3753 3755 3756
f 3757 3755 3706
f 3706 3703 3757
f 3758 3756 3755
f 3755 3757 3758
f 3759 3757 3703
f 3703 3700 3759
f 3760 3758 3757
f 3757 3759 3760
f 3761 3759 3700
f 3700 3688 3761
f 3762 3760 3759
f 3759 3761 3762
f 3763 3761 3688
f 3688 3687 3763
f 3737 3763 3687
f 3761 3763 3764
f 3764 3762 3761
f 3763 3737 3765
f 3765 3764 3763
f 3766 3765 3737
f 3737 3736 3766
f 3739 3766 3736
f 3764 3765 3767
f 3765 3766 3768
f 3768 3767 3765
f 3766 3739 3769
f 3769 3768 3766
f 3767 3770 3764
f 3762 3764 3770
f 3767 3768 3771
f 3771 3772 3767
f 3770 3767 3772
f 3773 3771 3768
f 3772 3774 3770
f 3768 3769 3773
f 3775 3773 3769
f 3776 3770 3774
f 3770 3776 3762
f 3774 3777 3776
f 3760 3762 3776
f 3778 3776 3777
f 3776 3778 3760
f 3777 3779 3778
f 3758 3760 3778
f 3780 3778 3779
f 3778 3780 3758
f 3779 3781 3780
f 3756 3758 3780
f 3782 3780 3781
f 3780 3782 3756
f 3781 3783 3782
f 3754 3756 3782
f 3784 3782 3783
f 3782 3784 3754
f 3783 3785 3784
f 3752 3754 3784
f 3786 3784 3785
f 3784 3786 3752
f 3785 3787 3786
f 3750 3752 3786
f 3788 3786 3787
f 3786 3788 3750
f 3787 3789 3788
f 3748 3750 3788
f 3790 3788 3789
f 3788 3790 3748
f 3789 3791 3790
f 3746 3748 3790
f 3792 3790 3791
f 3790 3792 3746
f 3791 3793 3792
f 3744 3746 3792
f 3794 3792 3793
f 3792 3794 3744
f 3793 3795 3794
f 3742 3744 3794
f 3796 3794 3795
f 3794 3796 3742
f 3795 3797 3796
f 3741 3742 3796
f 3798 3796 3797
f 3796 3798 3741
f 3797 3775 3798
f 3739 3741 3798
f 3769 3798 3775
f 3798 3769 3739
f 3799 3800 3801
f 3801 3802 3799
f 3803 3801 3800
f 3804 3799 3802
f 3800 3805 3803
f 3802 3806 3804
f 3807 3803 3805
f 3805 3808 3807
f 3809 3804 3806
f 3806 3810 3809
f 3811 3809 3810
f 3810 3812 3811
f 3813 3814 3815
f 3815 3816 3813
f 3817 3816 3815
f 3815 3818 3817
f 3817 3818 3819
f 3819 3820 3817
f 3821 3822 3823
f 3823 3824 3821
f 3825 3824 3823
f 3823 3826 3825
f 3825 3826 3827
f 3827 3828 3825
f 3829 3830 3831
f 3831 3832 3829
f 3833 3829 3832
f 3832 3834 3833
f 3835 3833 3834
f 3834 3836 3835
f 3837 3835 3836
f 3836 3838 3837
f 3839 3837 3838
f 3838 3840 3839
f 3841 3839 3840
f 3840 3842 3841
f 3843 3844 3845
f 3846 3843 3847
f 3843 3845 3847
f 3845 3848 3847
f 3845 3849 3848
f 3850 3851 3852
f 3850 3852 3853
f 3852 3854 3853
f 3852 3855 3854
f 3854 3856 3853
f 3857 3858 3859
f 3859 3860 3857
f 3861 3858 3857
f 3857 3862 3861
f 3863 3861 3862
f 3862 3864 3863
f 3865 3863 3864
f 3864 3866 3865
f 3867 3865 3866
f 3866 3868 3867
f 3869 3870 3871
f 3872 3871 3870
f 3870 3873 3872
f 3871 3872 3874
f 3873 3870 3875
f 3875 3876 3873
f 3874 3877 3871
f 3877 3874 3878
f 3876 3875 3879
f 3879 3880 3876
f 3878 3881 3877
f 3881 3878 3882
f 3880 3879 3883
f 3883 3884 3880
f 3882 3885 3881
f 3885 3882 3886
f 3884 3883 3887
f 3887 3888 3884
f 3886 3889 3885
f 3889 3886 3890
f 3888 3887 3891
f 3891 3892 3888
f 3890 3893 3889
f 3893 3890 3894
f 3892 3891 3895
f 3895 3896 3892
f 3894 3897 3893
f 3897 3894 3898
f 3896 3895 3899
f 3899 3900 3896
f 3901 3898 3900
f 3900 3899 3901
f 3898 3901 3897
f 3902 3899 3895
f 3903 3901 3899
f 3899 3902 3903
f 3904 3897 3901
f 3901 3903 3904
f 3897 3904 3905
f 3905 3893 3897
f 3906 3904 3903
f 3893 3905 3907
f 3907 3889 3893
f 3908 3905 3904
f 3904 3906 3908
f 3909 3907 3905
f 3905 3908 3909
f 3889 3907 3910
f 3910 3885 3889
f 3907 3909 3911
f 3911 3910 3907
f 3885 3910 3912
f 3912 3881 3885
f 3910 3911 3913
f 3913 3912 3910
f 3881 3912 3914
f 3914 3877 3881
f 3912 3913 3915
f 3915 3914 3912
f 3877 3914 3916
f 3916 3871 3877
f 3871 3916 3869
f 3917 3916 3914
f 3914 3915 3917
f 3918 3869 3916
f 3916 3917 3918
f 3919 3917 3915
f 3920 3918 3917
f 3917 3919 3920
f 3869 3918 3921
f 3915 3922 3919
f 3922 3915 3913
f 3921 3923 3869
f 3870 3869 3923
f 3923 3875 3870
f 3913 3924 3922
f 3924 3913 3911
f 3875 3923 3925
f 3925 3879 3875
f 3911 3926 3924
f 3926 3911 3909
f 3879 3925 3927
f 3927 3883 3879
f 3909 3928 3926
f 3928 3909 3908
f 3883 3927 3929
f 3929 3887 3883
f 3908 3930 3928
f 3930 3908 3906
f 3887 3929 3931
f 3931 3891 3887
f 3906 3932 3930
f 3891 3931 3933
f 3933 3895 3891
f 3895 3933 3902
f 3932 3906 3934
f 3903 3934 3906
f 3934 3903 3902
f 3935 3902 3933
f 3902 3935 3934
f 3933 3936 3935
f 3936 3933 3931
f 3937 3934 3935
f 3934 3937 3932
f 3938 3935 3936
f 3935 3938 3937
f 3931 3939 3936
f 3939 3931 3929
f 3936 3940 3938
f 3940 3936 3939
f 3929 3941 3939
f 3941 3929 3927
f 3939 3942 3940
f 3942 3939 3941
f 3927 3943 3941
f 3943 3927 3925
f 3941 3944 3942
f 3944 3941 3943
f 3925 3945 3943
f 3945 3925 3923
f 3923 3921 3945
f 3946 3943 3945
f 3943 3946 3944
f 3947 3945 3921
f 3945 3947 3946
f 3921 3948 3947
f 3948 3921 3918
f 3918 3920 3948
f 3949 3946 3947
f 3950 3947 3948
f 3947 3950 3949
f 3951 3948 3920
f 3948 3951 3950
f 3920 3952 3951
f 3952 3920 3919
f 3953 3950 3951
f 3950 3953 3954
f 3951 3955 3953
f 3955 3951 3952
f 3954 3949 3950
f 3952 3956 3955
f 3949 3954 3957
f 3956 3952 3958
f 3919 3958 3952
f 3958 3959 3956
f 3958 3919 3922
f 3959 3958 3960
f 3922 3960 3958
f 3960 3961 3959
f 3960 3922 3924
f 3961 3960 3962
f 3924 3962 3960
f 3962 3963 3961
f 3962 3924 3926
f 3963 3962 3964
f 3926 3964 3962
f 3964 3965 3963
f 3964 3926 3928
f 3965 3964 3966
f 3928 3966 3964
f 3966 3967 3965
f 3966 3928 3930
f 3967 3966 3968
f 3930 3968 3966
f 3968 3969 3967
f 3968 3930 3932
f 3969 3968 3970
f 3932 3970 3968
f 3970 3971 3969
f 3970 3932 3937
f 3971 3970 3972
f 3937 3972 3970
f 3972 3973 3971
f 3972 3937 3938
f 3973 3972 3974
f 3938 3974 3972
f 3974 3975 3973
f 3974 3938 3940
f 3975 3974 3976
f 3940 3976 3974
f 3976 3977 3975
f 3976 3940 3942
f 3977 3976 3978
f 3942 3978 3976
f 3978 3979 3977
f 3978 3942 3944
f 3979 3978 3980
f 3944 3980 3978
f 3980 3957 3979
f 3980 3944 3946
f 3957 3980 3949
f 3946 3949 3980
f 3981 3982 3983
f 3982 3981 3984
f 3983 3985 3981
f 3984 3986 3982
f 3985 3983 3987
f 3986 3984 3988
f 3987 3989 3985
f 3988 3990 3986
f 3989 3987 3991
f 3991 3992 3989
f 3990 3988 3993
f 3993 3994 3990
f 3995 3996 3997
f 3997 3998 3995
f 3997 3996 3999
f 3999 4000 3997
f 4001 4000 3999
f 3999 4002 4001
f 4003 4004 4005
f 4005 4006 4003
f 4005 4004 4007
f 4007 4008 4005
f 4009 4008 4007
f 4007 4010 4009
f 4011 4012 4013
f 4013 4014 4011
f 4012 4011 4015
f 4015 4016 4012
f 4016 4015 4017
f 4017 4018 4016
f 4018 4017 4019
f 4019 4020 4018
f 4020 4019 4021
f 4021 4022 4020
f 4022 4021 4023
f 4023 4024 4022
f 4025 4026 4027
f 4028 4025 4027
f 4028 4027 4029
f 4030 4028 4029
f 4027 4031 4029
f 4032 4033 4034
f 4032 4034 4035
f 4034 4036 4035
f 4037 4032 4035
f 4037 4035 4038
f 4039 4040 4041
f 4041 4040 4042
f 4043 4040 4039
f 4044 4042 4040
f 4044 4040 4043
f 4042 4045 4041
f 4043 4046 4044
f 4047 4045 4042
f 4043 4048 4046
f 4042 4049 4047
f 4049 4042 4044
f 4044 4046 4050
f 4050 4046 4048
f 4044 4051 4049
f 4050 4051 4044
f 4049 4051 4052
f 4052 4051 4050
f 4047 4049 4052
f 4048 4053 4050
f 4054 4050 4053
f 4050 4054 4052
f 4055 4053 4048
f 4054 4053 4055
f 4052 4056 4047
f 4057 4052 4054
f 4056 4052 4057
f 4055 4058 4054
f 4054 4058 4057
f 4059 4047 4056
f 4045 4047 4059
f 4057 4060 4056
f 4059 4061 4045
f 4045 4061 4041
f 4062 4059 4056
f 4061 4059 4062
f 4056 4060 4062
f 4063 4041 4061
f 4041 4063 4039
f 4062 4064 4061
f 4061 4064 4063
f 4065 4062 4060
f 4064 4062 4065
f 4064 4066 4063
f 4065 4066 4064
f 4063 4066 4067
f 4067 4066 4065
f 4067 4039 4063
f 4068 4065 4060
f 4065 4068 4067
f 4060 4057 4068
f 4057 4069 4068
f 4067 4068 4069
f 4069 4057 4058
f 4070 4039 4067
f 4069 4070 4067
f 4058 4071 4069
f 4058 4055 4071
f 4069 4071 4072
f 4072 4071 4055
f 4072 4070 4069
f 4055 4073 4072
f 4048 4073 4055
f 4070 4072 4074
f 4072 4073 4074
f 4074 4073 4048
f 4074 4039 4070
f 4048 4043 4074
f 4039 4074 4043
f 4075 4076 4077
f 4077 4078 4075
f 4079 4076 4075
f 4075 4080 4079
f 4081 4079 4080
f 4080 4082 4081
f 4081 4082 4083
f 4083 4084 4081
f 4084 4083 4085
f 4085 4086 4084
f 4087 4088 4089
f 4089 4088 4090
f 4090 4091 4089
f 4092 4091 4090
f 4089 4093 4087
f 4094 4087 4093
f 4093 4095 4094
f 4094 4095 4096
f 4097 4098 4099
f 4099 4100 4097
f 4101 4099 4098
f 4102 4097 4100
f 4099 4101 4103
f 4100 4099 4104
f 4103 4104 4099
f 4100 4105 4102
f 4104 4106 4100
f 4105 4100 4106
f 4104 4103 4107
f 4106 4104 4108
f 4107 4108 4104
f 4106 4109 4105
f 4108 4110 4106
f 4109 4106 4110
f 4110 4108 4098
f 4098 4097 4110
f 4111 4098 4108
f 4112 4110 4097
f 4110 4112 4109
f 4097 4102 4112
f 4098 4111 4101
f 4113 4112 4102
f 4108 4107 4111
f 4112 4113 4114
f 4114 4109 4112
f 4102 4115 4113
f 4115 4102 4105
f 4116 4105 4109
f 4105 4116 4115
f 4109 4114 4116
f 4117 4113 4115
f 4118 4114 4113
f 4113 4117 4118
f 4119 4116 4114
f 4114 4118 4119
f 4120 4115 4116
f 4116 4119 4120
f 4115 4120 4117
f 4121 4119 4118
f 4122 4120 4119
f 4119 4121 4122
f 4123 4117 4120
f 4120 4122 4123
f 4124 4118 4117
f 4117 4123 4124
f 4118 4124 4121
f 4125 4123 4122
f 4126 4124 4123
f 4123 4125 4126
f 4127 4121 4124
f 4124 4126 4127
f 4128 4122 4121
f 4121 4127 4128
f 4122 4128 4125
f 4129 4127 4126
f 4130 4128 4127
f 4127 4129 4130
f 4131 4125 4128
f 4128 4130 4131
f 4132 4126 4125
f 4125 4131 4132
f 4126 4132 4129
f 4133 4131 4130
f 4134 4132 4131
f 4131 4133 4134
f 4135 4129 4132
f 4132 4134 4135
f 4136 4130 4129
f 4129 4135 4136
f 4130 4136 4133
f 4137 4135 4134
f 4138 4136 4135
f 4135 4137 4138
f 4139 4133 4136
f 4136 4138 4139
f 4140 4134 4133
f 4133 4139 4140
f 4134 4140 4137
f 4141 4139 4138
f 4142 4140 4139
f 4139 4141 4142
f 4143 4137 4140
f 4140 4142 4143
f 4144 4138 4137
f 4137 4143 4144
f 4138 4144 4141
f 4101 4143 4142
f 4143 4101 4111
f 4111 4144 4143
f 4142 4103 4101
f 4103 4142 4141
f 4144 4111 4107
f 4141 4107 4103
f 4107 4141 4144
f 4145 4146 4147
f 4147 4148 4145
f 4149 4147 4146
f 4150 4145 4148
f 4147 4149 4151
f 4148 4147 4152
f 4151 4152 4147
f 4148 4153 4150
f 4152 4154 4148
f 4153 4148 4154
f 4152 4151 4155
f 4154 4152 4156
f 4155 4156 4152
f 4154 4157 4153
f 4156 4158 4154
f 4157 4154 4158
f 4156 4155 4159
f 4149 4153 4157
f 4158 4156 4160
f 4159 4160 4156
f 4157 4151 4149
f 4153 4149 4161
f 4151 4157 4162
f 4161 4150 4153
f 4162 4155 4151
f 4146 4161 4149
f 4155 4162 4163
f 4163 4159 4155
f 4158 4162 4157
f 4162 4158 4164
f 4164 4163 4162
f 4160 4164 4158
f 4159 4163 4165
f 4160 4159 4166
f 4165 4166 4159
f 4164 4160 4167
f 4166 4167 4160
f 4163 4164 4168
f 4167 4168 4164
f 4168 4165 4163
f 4167 4166 4169
f 4168 4167 4170
f 4169 4170 4167
f 4165 4168 4171
f 4170 4171 4168
f 4166 4165 4172
f 4171 4172 4165
f 4172 4169 4166
f 4171 4170 4173
f 4172 4171 4174
f 4173 4174 4171
f 4169 4172 4175
f 4174 4175 4172
f 4170 4169 4176
f 4175 4176 4169
f 4176 4173 4170
f 4175 4174 4177
f 4176 4175 4178
f 4177 4178 4175
f 4173 4176 4179
f 4178 4179 4176
f 4174 4173 4180
f 4179 4180 4173
f 4180 4177 4174
f 4179 4178 4181
f 4180 4179 4182
f 4181 4182 4179
f 4177 4180 4183
f 4182 4183 4180
f 4178 4177 4184
f 4183 4184 4177
f 4184 4181 4178
f 4183 4182 4185
f 4184 4183 4186
f 4185 4186 4183
f 4181 4184 4187
f 4186 4187 4184
f 4182 4181 4188
f 4187 4188 4181
f 4188 4185 4182
f 4187 4186 4189
f 4188 4187 4190
f 4189 4190 4187
f 4185 4188 4191
f 4190 4191 4188
f 4186 4185 4192
f 4191 4192 4185
f 4192 4189 4186
f 4191 4190 4145
f 4145 4150 4191
f 4192 4191 4150
f 4146 4145 4190
f 4190 4189 4146
f 4150 4161 4192
f 4161 4146 4189
f 4189 4192 4161
g Nosepads
usemtl nose_pads
v 0.00653 0.02288 -0.00276
v 0.00683 0.02166 -0.00235
v 0.00680 0.02122 -0.00164
v 0.00674 0.02265 -0.00332
v 0.00708 0.02106 -0.00258
v 0.00635 0.02284 -0.00192
v 0.00694 0.02237 -0.00365
v 0.00714 0.02015 -0.00160
v 0.00621 0.02461 -0.00376
v 0.00732 0.02056 -0.00280
v 0.00663 0.02105 -0.00069
v 0.00739 0.01953 -0.00166
v 0.00696 0.01992 -0.00053
v 0.00613 0.02279 -0.00094
v 0.00632 0.02137 0.00018
v 0.00718 0.01926 -0.00042
v 0.00660 0.02033 0.00045
v 0.00584 0.02300 -0.00001
v 0.00601 0.02193 0.00075
v 0.00609 0.02137 0.00115
v 0.00559 0.02318 0.00081
v 0.00555 0.02482 -0.00124
v 0.00528 0.02491 -0.00022
v 0.00581 0.02473 -0.00225
v 0.00496 0.02685 -0.00153
v 0.00605 0.02466 -0.00314
v 0.00525 0.02664 -0.00247
v 0.00550 0.02646 -0.00328
v 0.00560 0.02659 -0.00388
v 0.00508 0.02771 -0.00322
v 0.00500 0.02827 -0.00363
v 0.00477 0.02827 -0.00266
v 0.00449 0.02931 -0.00292
v 0.00496 0.02874 -0.00398
v 0.00438 0.02993 -0.00316
v 0.00413 0.02972 -0.00195
v 0.00565 0.02683 -0.00430
v 0.00396 0.03040 -0.00204
v 0.00635 0.02458 -0.00417
v 0.00576 0.02697 -0.00454
v 0.00650 0.02459 -0.00441
v 0.00713 0.02224 -0.00385
v 0.00502 0.02900 -0.00418
v 0.00753 0.02032 -0.00292
v 0.00440 0.03027 -0.00328
v 0.00759 0.01922 -0.00169
v 0.00394 0.03078 -0.00206
v 0.00736 0.01894 -0.00035
v 0.00372 0.03049 -0.00072
v 0.00676 0.01973 0.00070
v 0.00376 0.03013 -0.00080
v 0.00618 0.02092 0.00152
v 0.00395 0.02949 -0.00088
v 0.00691 0.01944 0.00088
v 0.00549 0.02305 0.00141
v 0.00628 0.02071 0.00177
v 0.00504 0.02498 0.00066
v 0.00549 0.02283 0.00184
v 0.00488 0.02503 0.00129
v 0.00474 0.02680 -0.00056
v 0.00456 0.02676 0.00029
v 0.00446 0.02859 -0.00178
v 0.00429 0.02842 -0.00084
v 0.00401 0.02858 0.00011
v 0.00426 0.02797 -0.00013
v 0.00435 0.02699 0.00084
v 0.00382 0.02910 0.00034
v 0.00420 0.02729 0.00119
v 0.00479 0.02508 0.00171
v 0.00378 0.02940 0.00052
v 0.00554 0.02274 0.00213
v 0.00480 0.02513 0.00200
v 0.00645 0.02067 0.00195
v 0.00418 0.02748 0.00144
v 0.00569 0.02275 0.00233
v 0.00492 0.02520 0.00220
v 0.00428 0.02761 0.00163
v 0.00388 0.02957 0.00066
v 0.00517 0.02530 0.00238
v 0.00382 0.03069 -0.00063
v 0.00452 0.02775 0.00179
v 0.00411 0.02974 0.00080
v 0.00406 0.03099 -0.00203
v 0.00406 0.03088 -0.00052
v 0.00453 0.03047 -0.00332
v 0.00430 0.03117 -0.00196
v 0.00518 0.02916 -0.00426
v 0.00479 0.03065 -0.00328
v 0.00594 0.02708 -0.00464
v 0.00545 0.02932 -0.00426
v 0.00670 0.02463 -0.00451
v 0.00622 0.02720 -0.00465
v 0.00734 0.02222 -0.00394
v 0.00699 0.02472 -0.00452
v 0.00775 0.02025 -0.00297
v 0.00765 0.02227 -0.00393
v 0.00780 0.01913 -0.00168
v 0.00806 0.02028 -0.00295
v 0.00757 0.01884 -0.00028
v 0.00811 0.01914 -0.00162
v 0.00709 0.01936 0.00101
v 0.00786 0.01885 -0.00018
v 0.00738 0.01937 0.00114
v 0.00672 0.02070 0.00211
v 0.00819 0.01893 -0.00008
v 0.00594 0.02282 0.00250
v 0.00770 0.01946 0.00126
v 0.00704 0.02080 0.00224
v 0.00626 0.02292 0.00263
v 0.00548 0.02542 0.00251
v 0.00736 0.02093 0.00231
v 0.00483 0.02787 0.00192
v 0.00658 0.02304 0.00270
v 0.00581 0.02553 0.00258
v 0.00442 0.02988 0.00092
v 0.00516 0.02797 0.00199
v 0.00437 0.03102 -0.00042
v 0.00475 0.02997 0.00100
v 0.00461 0.03132 -0.00187
v 0.00470 0.03111 -0.00032
v 0.00510 0.03079 -0.00320
v 0.00495 0.03140 -0.00176
v 0.00577 0.02945 -0.00418
v 0.00543 0.03087 -0.00308
v 0.00655 0.02733 -0.00458
v 0.00609 0.02954 -0.00406
v 0.00732 0.02483 -0.00445
v 0.00687 0.02743 -0.00445
v 0.00798 0.02237 -0.00386
v 0.00764 0.02495 -0.00432
v 0.00839 0.02036 -0.00287
v 0.00829 0.02250 -0.00373
v 0.00844 0.01922 -0.00153
v 0.00870 0.02050 -0.00275
v 0.00875 0.01937 -0.00142
v 0.00850 0.01907 0.00002
v 0.00893 0.02067 -0.00261
v 0.00802 0.01960 0.00134
v 0.00898 0.01955 -0.00131
v 0.00875 0.01926 0.00009
v 0.00827 0.01978 0.00137
v 0.00763 0.02109 0.00232
v 0.00886 0.01947 0.00012
v 0.00686 0.02317 0.00269
v 0.00841 0.01997 0.00134
v 0.00778 0.02125 0.00224
v 0.00610 0.02561 0.00257
v 0.00705 0.02327 0.00259
v 0.00546 0.02802 0.00199
v 0.00631 0.02566 0.00246
v 0.00506 0.02999 0.00103
v 0.00568 0.02801 0.00191
v 0.00500 0.03111 -0.00027
v 0.00528 0.02993 0.00098
v 0.00524 0.03140 -0.00167
v 0.00522 0.03102 -0.00026
v 0.00571 0.03089 -0.00295
v 0.00544 0.03131 -0.00160
v 0.00636 0.02958 -0.00389
v 0.00590 0.03080 -0.00282
v 0.00712 0.02750 -0.00427
v 0.00652 0.02953 -0.00372
v 0.00788 0.02505 -0.00415
v 0.00726 0.02750 -0.00407
v 0.00852 0.02264 -0.00357
v 0.00800 0.02512 -0.00394
v 0.00863 0.02277 -0.00339
v 0.00903 0.02085 -0.00246
v 0.00801 0.02517 -0.00365
v 0.00909 0.01976 -0.00122
v 0.00860 0.02295 -0.00314
v 0.00899 0.02114 -0.00228
v 0.00905 0.02011 -0.00114
v 0.00884 0.01984 0.00009
v 0.00880 0.02166 -0.00205
v 0.00842 0.02031 0.00122
v 0.00885 0.02076 -0.00106
v 0.00868 0.02053 0.00000
v 0.00784 0.02151 0.00204
v 0.00831 0.02093 0.00098
v 0.00715 0.02342 0.00235
v 0.00781 0.02198 0.00168
v 0.00646 0.02567 0.00222
v 0.00720 0.02366 0.00194
v 0.00586 0.02788 0.00171
v 0.00659 0.02564 0.00182
v 0.00772 0.02253 0.00128
v 0.00548 0.02969 0.00085
v 0.00730 0.02379 0.00134
v 0.00542 0.03072 -0.00029
v 0.00804 0.02198 0.00071
v 0.00563 0.03099 -0.00152
v 0.00835 0.02166 -0.00016
v 0.00604 0.03052 -0.00265
v 0.00852 0.02183 -0.00111
v 0.00663 0.02932 -0.00347
v 0.00854 0.02227 -0.00181
v 0.00732 0.02742 -0.00378
v 0.00671 0.02887 -0.00309
v 0.00732 0.02719 -0.00335
v 0.00793 0.02521 -0.00323
v 0.00680 0.02832 -0.00269
v 0.00845 0.02326 -0.00278
v 0.00722 0.02706 -0.00275
v 0.00776 0.02527 -0.00261
v 0.00825 0.02349 -0.00223
v 0.00648 0.02887 -0.00213
v 0.00806 0.02344 -0.00139
v 0.00621 0.02992 -0.00239
v 0.00785 0.02339 -0.00041
v 0.00585 0.03033 -0.00142
v 0.00756 0.02360 0.00052
v 0.00676 0.02559 0.00119
v 0.00699 0.02551 0.00031
v 0.00607 0.02759 0.00137
v 0.00627 0.02737 0.00082
v 0.00573 0.02919 0.00064
v 0.00646 0.02741 -0.00003
v 0.00567 0.03009 -0.00035
v 0.00598 0.02858 0.00040
v 0.00600 0.02903 -0.00030
v 0.00617 0.02919 -0.00125
v 0.00667 0.02746 -0.00100
v 0.00696 0.02725 -0.00194
v 0.00753 0.02534 -0.00172
v 0.00726 0.02543 -0.00071
v -0.00494 0.02664 -0.00247
v -0.00519 0.02646 -0.00328
v -0.00477 0.02771 -0.00322
v -0.00446 0.02827 -0.00266
v -0.00469 0.02827 -0.00363
v -0.00418 0.02931 -0.00292
v -0.00465 0.02685 -0.00153
v -0.00407 0.02993 -0.00316
v -0.00523 0.02482 -0.00124
v -0.00382 0.02972 -0.00195
v -0.00550 0.02473 -0.00225
v -0.00415 0.02859 -0.00178
v -0.00496 0.02491 -0.00022
v -0.00443 0.02680 -0.00056
v -0.00364 0.02949 -0.00088
v -0.00397 0.02842 -0.00084
v -0.00473 0.02498 0.00066
v -0.00424 0.02676 0.00029
v -0.00395 0.02797 -0.00013
v -0.00370 0.02858 0.00011
v -0.00404 0.02699 0.00084
v -0.00457 0.02503 0.00129
v -0.00351 0.02910 0.00034
v -0.00389 0.02729 0.00119
v -0.00448 0.02508 0.00171
v -0.00345 0.03013 -0.00080
v -0.00387 0.02748 0.00144
v -0.00365 0.03040 -0.00204
v -0.00347 0.02940 0.00052
v -0.00341 0.03049 -0.00072
v -0.00363 0.03078 -0.00206
v -0.00356 0.02957 0.00066
v -0.00351 0.03069 -0.00063
v -0.00408 0.03027 -0.00328
v -0.00397 0.02761 0.00163
v -0.00465 0.02874 -0.00398
v -0.00461 0.02520 0.00220
v -0.00529 0.02659 -0.00388
v -0.00449 0.02513 0.00200
v -0.00574 0.02466 -0.00314
v -0.00523 0.02274 0.00213
v -0.00603 0.02284 -0.00192
v -0.00518 0.02283 0.00184
v -0.00537 0.02275 0.00233
v -0.00518 0.02305 0.00141
v -0.00597 0.02071 0.00177
v -0.00528 0.02318 0.00081
v -0.00587 0.02092 0.00152
v -0.00578 0.02137 0.00115
v -0.00553 0.02300 -0.00001
v -0.00570 0.02193 0.00075
v -0.00582 0.02279 -0.00094
v -0.00601 0.02137 0.00018
v -0.00628 0.02033 0.00045
v -0.00632 0.02105 -0.00069
v -0.00665 0.01992 -0.00053
v -0.00645 0.01973 0.00070
v -0.00687 0.01926 -0.00042
v -0.00660 0.01944 0.00088
v -0.00705 0.01894 -0.00035
v -0.00707 0.01953 -0.00166
v -0.00727 0.01922 -0.00169
v -0.00725 0.01884 -0.00028
v -0.00683 0.02015 -0.00160
v -0.00749 0.01913 -0.00168
v -0.00649 0.02122 -0.00164
v -0.00744 0.02025 -0.00297
v -0.00622 0.02288 -0.00276
v -0.00721 0.02032 -0.00292
v -0.00590 0.02461 -0.00376
v -0.00701 0.02056 -0.00280
v -0.00534 0.02683 -0.00430
v -0.00677 0.02106 -0.00258
v -0.00471 0.02900 -0.00418
v -0.00651 0.02166 -0.00235
v -0.00643 0.02265 -0.00332
v -0.00663 0.02237 -0.00365
v -0.00604 0.02458 -0.00417
v -0.00681 0.02224 -0.00385
v -0.00619 0.02459 -0.00441
v -0.00545 0.02697 -0.00454
v -0.00639 0.02463 -0.00451
v -0.00563 0.02708 -0.00464
v -0.00487 0.02916 -0.00426
v -0.00422 0.03047 -0.00332
v -0.00513 0.02932 -0.00426
v -0.00375 0.03099 -0.00203
v -0.00447 0.03065 -0.00328
v -0.00399 0.03117 -0.00196
v -0.00374 0.03088 -0.00052
v -0.00379 0.02974 0.00080
v -0.00405 0.03102 -0.00042
v -0.00421 0.02775 0.00179
v -0.00410 0.02988 0.00092
v -0.00452 0.02787 0.00192
v -0.00486 0.02530 0.00238
v -0.00517 0.02542 0.00251
v -0.00563 0.02282 0.00250
v -0.00595 0.02292 0.00263
v -0.00550 0.02553 0.00258
v -0.00627 0.02304 0.00270
v -0.00673 0.02080 0.00224
v -0.00485 0.02797 0.00199
v -0.00640 0.02070 0.00211
v -0.00444 0.02997 0.00100
v -0.00613 0.02067 0.00195
v -0.00678 0.01936 0.00101
v -0.00706 0.01937 0.00114
v -0.00755 0.01885 -0.00018
v -0.00739 0.01946 0.00126
v -0.00788 0.01893 -0.00008
v -0.00779 0.01914 -0.00162
v -0.00813 0.01922 -0.00153
v -0.00774 0.02028 -0.00295
v -0.00808 0.02036 -0.00287
v -0.00844 0.01937 -0.00142
v -0.00839 0.02050 -0.00275
v -0.00767 0.02237 -0.00386
v -0.00819 0.01907 0.00002
v -0.00733 0.02227 -0.00393
v -0.00771 0.01960 0.00134
v -0.00703 0.02222 -0.00394
v -0.00668 0.02472 -0.00452
v -0.00701 0.02483 -0.00445
v -0.00591 0.02720 -0.00465
v -0.00624 0.02733 -0.00458
v -0.00545 0.02945 -0.00418
v -0.00479 0.03079 -0.00320
v -0.00578 0.02954 -0.00406
v -0.00430 0.03132 -0.00187
v -0.00512 0.03087 -0.00308
v -0.00463 0.03140 -0.00176
v -0.00439 0.03111 -0.00032
v -0.00493 0.03140 -0.00167
v -0.00469 0.03111 -0.00027
v -0.00474 0.02999 0.00103
v -0.00515 0.02802 0.00199
v -0.00497 0.02993 0.00098
v -0.00579 0.02561 0.00257
v -0.00537 0.02801 0.00191
v -0.00599 0.02566 0.00246
v -0.00655 0.02317 0.00269
v -0.00673 0.02327 0.00259
v -0.00614 0.02567 0.00222
v -0.00684 0.02342 0.00235
v -0.00747 0.02125 0.00224
v -0.00555 0.02788 0.00171
v -0.00731 0.02109 0.00232
v -0.00517 0.02969 0.00085
v -0.00705 0.02093 0.00231
v -0.00796 0.01978 0.00137
v -0.00810 0.01997 0.00134
v -0.00843 0.01926 0.00009
v -0.00855 0.01947 0.00012
v -0.00867 0.01955 -0.00131
v -0.00877 0.01976 -0.00122
v -0.00862 0.02067 -0.00261
v -0.00872 0.02085 -0.00246
v -0.00874 0.02011 -0.00114
v -0.00867 0.02114 -0.00228
v -0.00832 0.02277 -0.00339
v -0.00853 0.01984 0.00009
v -0.00821 0.02264 -0.00357
v -0.00811 0.02031 0.00122
v -0.00798 0.02250 -0.00373
v -0.00753 0.02151 0.00204
v -0.00733 0.02495 -0.00432
v -0.00757 0.02505 -0.00415
v -0.00655 0.02743 -0.00445
v -0.00681 0.02750 -0.00427
v -0.00605 0.02958 -0.00389
v -0.00540 0.03089 -0.00295
v -0.00621 0.02953 -0.00372
v -0.00559 0.03080 -0.00282
v -0.00513 0.03131 -0.00160
v -0.00491 0.03102 -0.00026
v -0.00511 0.03072 -0.00029
v -0.00531 0.03099 -0.00152
v -0.00541 0.02919 0.00064
v -0.00573 0.03052 -0.00265
v -0.00536 0.03009 -0.00035
v -0.00553 0.03033 -0.00142
v -0.00631 0.02932 -0.00347
v -0.00590 0.02992 -0.00239
v -0.00569 0.02903 -0.00030
v -0.00586 0.02919 -0.00125
v -0.00567 0.02858 0.00040
v -0.00615 0.02741 -0.00003
v -0.00596 0.02737 0.00082
v -0.00576 0.02759 0.00137
v -0.00636 0.02746 -0.00100
v -0.00628 0.02564 0.00182
v -0.00645 0.02559 0.00119
v -0.00689 0.02366 0.00194
v -0.00699 0.02379 0.00134
v -0.00668 0.02551 0.00031
v -0.00724 0.02360 0.00052
v -0.00741 0.02253 0.00128
v -0.00695 0.02543 -0.00071
v -0.00749 0.02198 0.00168
v -0.00772 0.02198 0.00071
v -0.00800 0.02093 0.00098
v -0.00836 0.02053 0.00000
v -0.00804 0.02166 -0.00016
v -0.00854 0.02076 -0.00106
v -0.00821 0.02183 -0.00111
v -0.00754 0.02339 -0.00041
v -0.00775 0.02344 -0.00139
v -0.00823 0.02227 -0.00181
v -0.00848 0.02166 -0.00205
v -0.00794 0.02349 -0.00223
v -0.00814 0.02326 -0.00278
v -0.00722 0.02534 -0.00172
v -0.00745 0.02527 -0.00261
v -0.00665 0.02725 -0.00194
v -0.00762 0.02521 -0.00323
v -0.00617 0.02887 -0.00213
v -0.00690 0.02706 -0.00275
v -0.00640 0.02887 -0.00309
v -0.00648 0.02832 -0.00269
v -0.00701 0.02719 -0.00335
v -0.00700 0.02742 -0.00378
v -0.00770 0.02517 -0.00365
v -0.00695 0.02750 -0.00407
v -0.00769 0.02512 -0.00394
v -0.00829 0.02295 -0.00314
f 4193 4194 4195
f 4194 4193 4196
f 4195 4194 4197
f 4196 4197 4194
f 4195 4198 4193
f 4197 4196 4199
f 4197 4200 4195
f 4201 4196 4193
f 4200 4197 4202
f 4199 4202 4197
f 4203 4195 4200
f 4198 4195 4203
f 4202 4204 4200
f 4200 4205 4203
f 4205 4200 4204
f 4203 4206 4198
f 4207 4203 4205
f 4206 4203 4207
f 4204 4208 4205
f 4205 4209 4207
f 4209 4205 4208
f 4207 4210 4206
f 4211 4207 4209
f 4210 4207 4211
f 4209 4212 4211
f 4211 4213 4210
f 4213 4211 4212
f 4214 4206 4210
f 4215 4210 4213
f 4210 4215 4214
f 4206 4214 4216
f 4216 4198 4206
f 4217 4214 4215
f 4198 4216 4218
f 4218 4193 4198
f 4193 4218 4201
f 4219 4216 4214
f 4214 4217 4219
f 4220 4218 4216
f 4216 4219 4220
f 4221 4201 4218
f 4218 4220 4221
f 4222 4220 4219
f 4223 4221 4220
f 4220 4222 4223
f 4219 4224 4222
f 4224 4219 4217
f 4225 4223 4222
f 4222 4224 4225
f 4221 4223 4226
f 4223 4225 4227
f 4227 4226 4223
f 4228 4225 4224
f 4226 4229 4221
f 4201 4221 4229
f 4225 4228 4230
f 4230 4227 4225
f 4229 4231 4201
f 4196 4201 4231
f 4231 4199 4196
f 4231 4229 4232
f 4199 4231 4233
f 4232 4233 4231
f 4233 4234 4199
f 4202 4199 4234
f 4235 4232 4229
f 4229 4226 4235
f 4234 4236 4202
f 4204 4202 4236
f 4237 4235 4226
f 4226 4227 4237
f 4236 4238 4204
f 4208 4204 4238
f 4239 4237 4227
f 4227 4230 4239
f 4238 4240 4208
f 4241 4239 4230
f 4242 4208 4240
f 4208 4242 4209
f 4212 4209 4242
f 4230 4243 4241
f 4243 4230 4228
f 4242 4244 4212
f 4228 4245 4243
f 4244 4242 4246
f 4240 4246 4242
f 4247 4212 4244
f 4212 4247 4213
f 4246 4248 4244
f 4249 4213 4247
f 4213 4249 4215
f 4244 4250 4247
f 4250 4244 4248
f 4247 4251 4249
f 4251 4247 4250
f 4252 4215 4249
f 4215 4252 4217
f 4253 4249 4251
f 4249 4253 4252
f 4254 4217 4252
f 4217 4254 4224
f 4224 4254 4228
f 4245 4228 4254
f 4252 4255 4254
f 4254 4255 4245
f 4255 4252 4253
f 4256 4245 4255
f 4253 4257 4255
f 4255 4257 4256
f 4257 4253 4258
f 4258 4256 4257
f 4251 4258 4253
f 4245 4256 4259
f 4259 4243 4245
f 4256 4258 4260
f 4260 4259 4256
f 4258 4251 4261
f 4261 4260 4258
f 4250 4261 4251
f 4243 4259 4262
f 4262 4241 4243
f 4261 4250 4263
f 4248 4263 4250
f 4263 4264 4261
f 4260 4261 4264
f 4263 4248 4265
f 4264 4266 4260
f 4259 4260 4266
f 4266 4262 4259
f 4264 4263 4267
f 4265 4267 4263
f 4266 4264 4268
f 4267 4268 4264
f 4262 4266 4269
f 4268 4269 4266
f 4269 4270 4262
f 4241 4262 4270
f 4269 4268 4271
f 4270 4272 4241
f 4239 4241 4272
f 4270 4269 4273
f 4271 4273 4269
f 4272 4270 4274
f 4273 4274 4270
f 4272 4275 4239
f 4237 4239 4275
f 4274 4276 4272
f 4275 4272 4276
f 4275 4277 4237
f 4235 4237 4277
f 4276 4278 4275
f 4277 4275 4278
f 4277 4279 4235
f 4232 4235 4279
f 4278 4280 4277
f 4279 4277 4280
f 4279 4281 4232
f 4233 4232 4281
f 4280 4282 4279
f 4281 4279 4282
f 4281 4283 4233
f 4234 4233 4283
f 4282 4284 4281
f 4283 4281 4284
f 4283 4285 4234
f 4236 4234 4285
f 4284 4286 4283
f 4285 4283 4286
f 4285 4287 4236
f 4238 4236 4287
f 4286 4288 4285
f 4287 4285 4288
f 4287 4289 4238
f 4240 4238 4289
f 4288 4290 4287
f 4289 4287 4290
f 4289 4291 4240
f 4246 4240 4291
f 4290 4292 4289
f 4291 4289 4292
f 4291 4293 4246
f 4248 4246 4293
f 4293 4265 4248
f 4293 4291 4294
f 4292 4294 4291
f 4265 4293 4295
f 4294 4295 4293
f 4295 4296 4265
f 4267 4265 4296
f 4295 4294 4297
f 4296 4298 4267
f 4268 4267 4298
f 4298 4271 4268
f 4296 4295 4299
f 4297 4299 4295
f 4298 4296 4300
f 4299 4300 4296
f 4271 4298 4301
f 4300 4301 4298
f 4301 4302 4271
f 4273 4271 4302
f 4301 4300 4303
f 4302 4304 4273
f 4274 4273 4304
f 4302 4301 4305
f 4303 4305 4301
f 4304 4302 4306
f 4305 4306 4302
f 4304 4307 4274
f 4276 4274 4307
f 4306 4308 4304
f 4307 4304 4308
f 4307 4309 4276
f 4278 4276 4309
f 4308 4310 4307
f 4309 4307 4310
f 4309 4311 4278
f 4280 4278 4311
f 4310 4312 4309
f 4311 4309 4312
f 4311 4313 4280
f 4282 4280 4313
f 4312 4314 4311
f 4313 4311 4314
f 4313 4315 4282
f 4284 4282 4315
f 4314 4316 4313
f 4315 4313 4316
f 4315 4317 4284
f 4286 4284 4317
f 4316 4318 4315
f 4317 4315 4318
f 4317 4319 4286
f 4288 4286 4319
f 4318 4320 4317
f 4319 4317 4320
f 4319 4321 4288
f 4290 4288 4321
f 4320 4322 4319
f 4321 4319 4322
f 4321 4323 4290
f 4292 4290 4323
f 4322 4324 4321
f 4323 4321 4324
f 4323 4325 4292
f 4294 4292 4325
f 4325 4297 4294
f 4325 4323 4326
f 4324 4326 4323
f 4297 4325 4327
f 4326 4327 4325
f 4327 4328 4297
f 4299 4297 4328
f 4327 4326 4329
f 4328 4330 4299
f 4300 4299 4330
f 4330 4303 4300
f 4328 4327 4331
f 4329 4331 4327
f 4330 4328 4332
f 4331 4332 4328
f 4303 4330 4333
f 4332 4333 4330
f 4333 4334 4303
f 4305 4303 4334
f 4333 4332 4335
f 4334 4336 4305
f 4306 4305 4336
f 4334 4333 4337
f 4335 4337 4333
f 4336 4334 4338
f 4337 4338 4334
f 4336 4339 4306
f 4308 4306 4339
f 4338 4340 4336
f 4339 4336 4340
f 4339 4341 4308
f 4310 4308 4341
f 4340 4342 4339
f 4341 4339 4342
f 4341 4343 4310
f 4312 4310 4343
f 4342 4344 4341
f 4343 4341 4344
f 4343 4345 4312
f 4314 4312 4345
f 4344 4346 4343
f 4345 4343 4346
f 4345 4347 4314
f 4316 4314 4347
f 4346 4348 4345
f 4347 4345 4348
f 4347 4349 4316
f 4318 4316 4349
f 4348 4350 4347
f 4349 4347 4350
f 4349 4351 4318
f 4320 4318 4351
f 4350 4352 4349
f 4351 4349 4352
f 4351 4353 4320
f 4322 4320 4353
f 4352 4354 4351
f 4353 4351 4354
f 4353 4355 4322
f 4324 4322 4355
f 4354 4356 4353
f 4355 4353 4356
f 4355 4357 4324
f 4326 4324 4357
f 4357 4329 4326
f 4357 4355 4358
f 4356 4358 4355
f 4329 4357 4359
f 4358 4359 4357
f 4359 4360 4329
f 4331 4329 4360
f 4359 4358 4361
f 4360 4362 4331
f 4332 4331 4362
f 4362 4335 4332
f 4360 4359 4363
f 4361 4363 4359
f 4362 4360 4364
f 4363 4364 4360
f 4335 4362 4365
f 4364 4365 4362
f 4365 4366 4335
f 4337 4335 4366
f 4365 4364 4367
f 4366 4368 4337
f 4338 4337 4368
f 4366 4365 4369
f 4367 4369 4365
f 4368 4366 4370
f 4369 4370 4366
f 4368 4371 4338
f 4340 4338 4371
f 4370 4372 4368
f 4371 4368 4372
f 4371 4373 4340
f 4342 4340 4373
f 4372 4374 4371
f 4373 4371 4374
f 4373 4375 4342
f 4344 4342 4375
f 4374 4376 4373
f 4375 4373 4376
f 4375 4377 4344
f 4346 4344 4377
f 4376 4378 4375
f 4377 4375 4378
f 4376 4374 4379
f 4377 4380 4346
f 4348 4346 4380
f 4379 4381 4376
f 4378 4376 4381
f 4380 4382 4348
f 4350 4348 4382
f 4381 4379 4383
f 4383 4379 4374
f 4374 4372 4383
f 4382 4384 4350
f 4352 4350 4384
f 4385 4383 4372
f 4372 4370 4385
f 4384 4386 4352
f 4354 4352 4386
f 4387 4385 4370
f 4370 4369 4387
f 4386 4388 4354
f 4356 4354 4388
f 4389 4387 4369
f 4369 4367 4389
f 4388 4390 4356
f 4358 4356 4390
f 4390 4361 4358
f 4390 4388 4391
f 4361 4390 4392
f 4391 4392 4390
f 4392 4393 4361
f 4363 4361 4393
f 4392 4391 4394
f 4393 4395 4363
f 4364 4363 4395
f 4395 4367 4364
f 4393 4392 4396
f 4394 4396 4392
f 4395 4393 4397
f 4396 4397 4393
f 4367 4395 4398
f 4397 4398 4395
f 4398 4389 4367
f 4396 4394 4399
f 4399 4394 4391
f 4389 4398 4400
f 4400 4387 4389
f 4391 4401 4399
f 4401 4391 4388
f 4388 4386 4401
f 4387 4400 4402
f 4402 4385 4387
f 4403 4401 4386
f 4386 4384 4403
f 4385 4402 4404
f 4404 4383 4385
f 4383 4404 4381
f 4405 4381 4404
f 4381 4405 4378
f 4406 4404 4402
f 4404 4406 4405
f 4407 4378 4405
f 4378 4407 4377
f 4380 4377 4407
f 4405 4408 4407
f 4408 4405 4406
f 4407 4409 4380
f 4409 4407 4408
f 4382 4380 4409
f 4406 4410 4408
f 4409 4411 4382
f 4384 4382 4411
f 4408 4412 4409
f 4411 4409 4412
f 4412 4408 4410
f 4411 4403 4384
f 4412 4413 4411
f 4403 4411 4413
f 4410 4413 4412
f 4413 4414 4403
f 4401 4403 4414
f 4414 4399 4401
f 4413 4410 4415
f 4415 4414 4413
f 4416 4399 4414
f 4414 4415 4416
f 4399 4416 4396
f 4397 4396 4416
f 4416 4417 4397
f 4417 4416 4415
f 4398 4397 4417
f 4417 4400 4398
f 4415 4418 4417
f 4400 4417 4418
f 4418 4415 4410
f 4418 4402 4400
f 4410 4406 4418
f 4402 4418 4406
f 4419 4420 4421
f 4421 4422 4419
f 4423 4421 4420
f 4424 4422 4421
f 4421 4423 4424
f 4425 4419 4422
f 4426 4424 4423
f 4419 4425 4427
f 4422 4424 4428
f 4427 4429 4419
f 4420 4419 4429
f 4422 4430 4425
f 4428 4430 4422
f 4431 4427 4425
f 4432 4425 4430
f 4425 4432 4431
f 4430 4428 4433
f 4430 4434 4432
f 4433 4434 4430
f 4435 4431 4432
f 4436 4432 4434
f 4432 4436 4435
f 4434 4437 4436
f 4438 4437 4434
f 4434 4433 4438
f 4439 4436 4437
f 4437 4438 4439
f 4440 4435 4436
f 4436 4439 4440
f 4441 4438 4433
f 4442 4439 4438
f 4438 4441 4442
f 4443 4440 4439
f 4439 4442 4443
f 4433 4444 4441
f 4444 4433 4428
f 4445 4442 4441
f 4428 4446 4444
f 4446 4428 4424
f 4424 4426 4446
f 4447 4441 4444
f 4441 4447 4445
f 4448 4444 4446
f 4444 4448 4447
f 4449 4446 4426
f 4446 4449 4448
f 4450 4447 4448
f 4451 4448 4449
f 4448 4451 4450
f 4426 4452 4449
f 4447 4450 4453
f 4453 4445 4447
f 4452 4426 4454
f 4423 4454 4426
f 4445 4453 4455
f 4454 4423 4456
f 4420 4456 4423
f 4455 4457 4445
f 4442 4445 4457
f 4457 4443 4442
f 4456 4420 4458
f 4429 4458 4420
f 4443 4457 4459
f 4458 4429 4460
f 4459 4461 4443
f 4440 4443 4461
f 4462 4459 4457
f 4457 4455 4462
f 4461 4463 4440
f 4435 4440 4463
f 4461 4459 4464
f 4463 4465 4435
f 4431 4435 4465
f 4463 4461 4466
f 4464 4466 4461
f 4465 4463 4467
f 4466 4467 4463
f 4465 4468 4431
f 4427 4431 4468
f 4467 4469 4465
f 4468 4465 4469
f 4468 4470 4427
f 4429 4427 4470
f 4470 4460 4429
f 4469 4471 4468
f 4470 4468 4471
f 4472 4471 4469
f 4469 4467 4472
f 4471 4473 4470
f 4460 4470 4473
f 4471 4472 4474
f 4474 4473 4471
f 4475 4472 4467
f 4467 4466 4475
f 4476 4474 4472
f 4472 4475 4476
f 4477 4475 4466
f 4466 4464 4477
f 4478 4476 4475
f 4475 4477 4478
f 4474 4476 4479
f 4476 4478 4480
f 4480 4479 4476
f 4481 4478 4477
f 4479 4482 4474
f 4473 4474 4482
f 4478 4481 4483
f 4483 4480 4478
f 4482 4484 4473
f 4473 4484 4460
f 4480 4483 4485
f 4486 4460 4484
f 4460 4486 4458
f 4485 4487 4480
f 4479 4480 4487
f 4488 4458 4486
f 4458 4488 4456
f 4487 4489 4479
f 4482 4479 4489
f 4490 4456 4488
f 4456 4490 4454
f 4489 4491 4482
f 4484 4482 4491
f 4492 4454 4490
f 4454 4492 4452
f 4491 4493 4484
f 4484 4493 4486
f 4494 4486 4493
f 4493 4491 4494
f 4486 4494 4488
f 4495 4494 4491
f 4491 4489 4495
f 4496 4488 4494
f 4494 4495 4496
f 4488 4496 4490
f 4497 4495 4489
f 4489 4487 4497
f 4498 4496 4495
f 4495 4497 4498
f 4499 4490 4496
f 4496 4498 4499
f 4490 4499 4492
f 4500 4498 4497
f 4501 4499 4498
f 4498 4500 4501
f 4502 4492 4499
f 4499 4501 4502
f 4492 4502 4503
f 4503 4452 4492
f 4504 4502 4501
f 4452 4503 4505
f 4505 4449 4452
f 4449 4505 4451
f 4506 4503 4502
f 4502 4504 4506
f 4507 4505 4503
f 4503 4506 4507
f 4508 4451 4505
f 4505 4507 4508
f 4451 4508 4509
f 4509 4450 4451
f 4510 4508 4507
f 4450 4509 4511
f 4511 4453 4450
f 4512 4509 4508
f 4508 4510 4512
f 4513 4511 4509
f 4509 4512 4513
f 4453 4511 4514
f 4514 4455 4453
f 4511 4513 4515
f 4515 4514 4511
f 4455 4514 4516
f 4516 4462 4455
f 4514 4515 4517
f 4517 4516 4514
f 4518 4515 4513
f 4519 4517 4515
f 4515 4518 4519
f 4516 4517 4520
f 4513 4521 4518
f 4521 4513 4512
f 4520 4522 4516
f 4462 4516 4522
f 4512 4523 4521
f 4523 4512 4510
f 4522 4524 4462
f 4459 4462 4524
f 4524 4464 4459
f 4464 4524 4525
f 4525 4477 4464
f 4477 4525 4481
f 4524 4522 4526
f 4526 4525 4524
f 4527 4481 4525
f 4525 4526 4527
f 4528 4526 4522
f 4522 4520 4528
f 4529 4527 4526
f 4526 4528 4529
f 4481 4527 4530
f 4530 4483 4481
f 4527 4529 4531
f 4531 4530 4527
f 4483 4530 4532
f 4532 4485 4483
f 4530 4531 4533
f 4533 4532 4530
f 4534 4531 4529
f 4535 4533 4531
f 4531 4534 4535
f 4532 4533 4536
f 4529 4537 4534
f 4537 4529 4528
f 4536 4538 4532
f 4485 4532 4538
f 4528 4539 4537
f 4539 4528 4520
f 4538 4540 4485
f 4487 4485 4540
f 4540 4497 4487
f 4497 4540 4500
f 4540 4538 4541
f 4541 4500 4540
f 4542 4541 4538
f 4538 4536 4542
f 4500 4541 4543
f 4543 4501 4500
f 4501 4543 4504
f 4544 4543 4541
f 4541 4542 4544
f 4545 4504 4543
f 4543 4544 4545
f 4504 4545 4546
f 4546 4506 4504
f 4547 4545 4544
f 4506 4546 4548
f 4548 4507 4506
f 4507 4548 4510
f 4549 4546 4545
f 4545 4547 4549
f 4550 4548 4546
f 4546 4549 4550
f 4551 4510 4548
f 4548 4550 4551
f 4510 4551 4523
f 4552 4550 4549
f 4553 4551 4550
f 4550 4552 4553
f 4554 4523 4551
f 4551 4553 4554
f 4523 4554 4555
f 4555 4521 4523
f 4556 4554 4553
f 4521 4555 4557
f 4557 4518 4521
f 4558 4555 4554
f 4554 4556 4558
f 4559 4557 4555
f 4555 4558 4559
f 4518 4557 4560
f 4560 4519 4518
f 4557 4559 4561
f 4561 4560 4557
f 4562 4559 4558
f 4563 4561 4559
f 4559 4562 4563
f 4560 4561 4564
f 4558 4565 4562
f 4565 4558 4556
f 4564 4566 4560
f 4519 4560 4566
f 4556 4567 4565
f 4566 4568 4519
f 4517 4519 4568
f 4568 4520 4517
f 4520 4568 4539
f 4568 4566 4569
f 4569 4539 4568
f 4570 4569 4566
f 4566 4564 4570
f 4539 4569 4571
f 4571 4537 4539
f 4569 4570 4572
f 4572 4571 4569
f 4537 4571 4573
f 4573 4534 4537
f 4571 4572 4574
f 4574 4573 4571
f 4534 4573 4575
f 4575 4535 4534
f 4573 4574 4576
f 4576 4575 4573
f 4577 4574 4572
f 4578 4576 4574
f 4574 4577 4578
f 4575 4576 4579
f 4572 4580 4577
f 4580 4572 4570
f 4579 4581 4575
f 4535 4575 4581
f 4570 4582 4580
f 4582 4570 4564
f 4581 4583 4535
f 4533 4535 4583
f 4583 4536 4533
f 4564 4584 4582
f 4584 4564 4561
f 4561 4563 4584
f 4536 4583 4585
f 4585 4542 4536
f 4586 4585 4583
f 4583 4581 4586
f 4542 4585 4587
f 4587 4544 4542
f 4544 4587 4547
f 4588 4587 4585
f 4585 4586 4588
f 4589 4547 4587
f 4587 4588 4589
f 4547 4589 4590
f 4590 4549 4547
f 4549 4590 4552
f 4591 4589 4588
f 4592 4590 4589
f 4589 4591 4592
f 4593 4552 4590
f 4590 4592 4593
f 4552 4593 4594
f 4594 4553 4552
f 4553 4594 4556
f 4567 4556 4594
f 4595 4594 4593
f 4594 4595 4567
f 4593 4596 4595
f 4596 4593 4592
f 4597 4567 4595
f 4592 4598 4596
f 4598 4592 4591
f 4599 4595 4596
f 4595 4599 4597
f 4600 4596 4598
f 4596 4600 4599
f 4591 4601 4598
f 4598 4602 4600
f 4602 4598 4601
f 4603 4599 4600
f 4604 4600 4602
f 4600 4604 4603
f 4599 4603 4605
f 4605 4597 4599
f 4605 4603 4606
f 4597 4605 4607
f 4606 4607 4605
f 4607 4608 4597
f 4567 4597 4608
f 4608 4565 4567
f 4609 4606 4603
f 4603 4604 4609
f 4565 4608 4610
f 4610 4562 4565
f 4611 4610 4608
f 4608 4607 4611
f 4562 4610 4612
f 4612 4563 4562
f 4610 4611 4613
f 4613 4612 4610
f 4614 4611 4607
f 4607 4606 4614
f 4615 4613 4611
f 4611 4614 4615
f 4612 4613 4616
f 4617 4614 4606
f 4606 4609 4617
f 4616 4618 4612
f 4563 4612 4618
f 4618 4584 4563
f 4618 4616 4619
f 4619 4616 4613
f 4584 4618 4620
f 4619 4620 4618
f 4620 4582 4584
f 4613 4615 4619
f 4582 4620 4621
f 4621 4580 4582
f 4620 4619 4622
f 4622 4621 4620
f 4622 4619 4615
f 4580 4621 4623
f 4623 4577 4580
f 4621 4622 4624
f 4624 4623 4621
f 4615 4625 4622
f 4624 4622 4625
f 4625 4615 4614
f 4614 4617 4625
f 4625 4626 4624
f 4626 4625 4617
f 4623 4624 4627
f 4627 4624 4626
f 4627 4628 4623
f 4577 4623 4628
f 4628 4578 4577
f 4626 4629 4627
f 4628 4627 4629
f 4578 4628 4630
f 4629 4630 4628
f 4629 4626 4631
f 4617 4631 4626
f 4631 4617 4609
f 4631 4632 4629
f 4630 4629 4632
f 4609 4633 4631
f 4632 4631 4633
f 4633 4609 4604
f 4632 4634 4630
f 4604 4635 4633
f 4602 4635 4604
f 4633 4636 4632
f 4636 4633 4635
f 4634 4632 4636
f 4635 4602 4637
f 4601 4637 4602
f 4635 4638 4636
f 4637 4638 4635
f 4639 4636 4638
f 4638 4637 4639
f 4636 4639 4634
f 4637 4601 4640
f 4640 4639 4637
f 4641 4634 4639
f 4639 4640 4641
f 4642 4640 4601
f 4601 4591 4642
f 4588 4642 4591
f 4642 4588 4586
f 4640 4642 4643
f 4586 4643 4642
f 4643 4586 4581
f 4643 4641 4640
f 4581 4579 4643
f 4641 4643 4579
f 4579 4644 4641
f 4644 4579 4576
f 4634 4641 4644
f 4576 4578 4644
f 4644 4630 4634
f 4630 4644 4578
g TempleLeft
usemtl temples
v 0.06822 0.03774 -0.01432
v 0.06854 0.03797 -0.01434
v 0.06860 0.03794 -0.01466
v 0.06831 0.03770 -0.01476
v 0.06878 0.03792 -0.01493
v 0.06856 0.03767 -0.01513
v 0.06905 0.03790 -0.01511
v 0.06893 0.03765 -0.01538
v 0.06937 0.03790 -0.01517
v 0.06937 0.03764 -0.01546
v 0.06969 0.03790 -0.01511
v 0.06981 0.03765 -0.01538
v 0.06995 0.03792 -0.01493
v 0.07018 0.03767 -0.01513
v 0.06937 0.03789 -0.01678
v 0.06937 0.03555 -0.01658
v 0.06844 0.03557 -0.01639
v 0.06851 0.03539 -0.01619
v 0.06937 0.03537 -0.01636
v 0.06779 0.03543 -0.01571
v 0.07030 0.03557 -0.01639
v 0.07022 0.03539 -0.01619
v 0.06765 0.03562 -0.01587
v 0.06731 0.03549 -0.01498
v 0.07109 0.03562 -0.01587
v 0.07095 0.03543 -0.01571
v 0.06712 0.03569 -0.01508
v 0.06714 0.03557 -0.01413
v 0.07162 0.03569 -0.01508
v 0.07143 0.03549 -0.01498
v 0.06693 0.03577 -0.01415
v 0.06731 0.03564 -0.01328
v 0.07181 0.03577 -0.01415
v 0.07160 0.03557 -0.01413
v 0.06712 0.03585 -0.01322
v 0.06779 0.03571 -0.01256
v 0.07162 0.03585 -0.01322
v 0.07143 0.03564 -0.01328
v 0.06765 0.03592 -0.01243
v 0.06851 0.03575 -0.01208
v 0.07109 0.03592 -0.01243
v 0.07095 0.03571 -0.01256
v 0.06844 0.03596 -0.01191
v 0.06937 0.03576 -0.01191
v 0.07030 0.03596 -0.01191
v 0.07022 0.03575 -0.01208
v 0.06937 0.03598 -0.01172
v 0.07030 0.03830 -0.01211
v 0.06937 0.03832 -0.01193
v 0.06844 0.03830 -0.01211
v 0.06765 0.03826 -0.01264
v 0.06851 0.03849 -0.01232
v 0.06712 0.03819 -0.01343
v 0.06779 0.03844 -0.01280
v 0.06731 0.03838 -0.01352
v 0.06693 0.03811 -0.01436
v 0.06714 0.03831 -0.01437
v 0.06712 0.03802 -0.01528
v 0.06731 0.03823 -0.01522
v 0.06765 0.03796 -0.01607
v 0.06779 0.03817 -0.01595
v 0.06844 0.03791 -0.01660
v 0.06851 0.03813 -0.01643
v 0.06937 0.03811 -0.01660
v 0.06885 0.03820 -0.01562
v 0.06937 0.03819 -0.01572
v 0.07022 0.03813 -0.01643
v 0.06841 0.03822 -0.01533
v 0.07030 0.03791 -0.01660
v 0.06812 0.03826 -0.01489
v 0.07109 0.03796 -0.01607
v 0.06801 0.03831 -0.01437
v 0.07162 0.03802 -0.01528
v 0.06812 0.03835 -0.01386
v 0.07181 0.03811 -0.01436
v 0.06841 0.03839 -0.01342
v 0.07162 0.03819 -0.01343
v 0.06885 0.03841 -0.01313
v 0.07109 0.03826 -0.01264
v 0.06937 0.03850 -0.01215
v 0.07022 0.03849 -0.01232
v 0.07095 0.03844 -0.01280
v 0.06937 0.03842 -0.01302
v 0.06989 0.03841 -0.01313
v 0.07143 0.03838 -0.01352
v 0.07033 0.03839 -0.01342
v 0.07160 0.03831 -0.01437
v 0.07062 0.03835 -0.01386
v 0.07143 0.03823 -0.01522
v 0.07072 0.03831 -0.01437
v 0.07095 0.03817 -0.01595
v 0.07062 0.03826 -0.01489
v 0.07033 0.03822 -0.01533
v 0.06989 0.03820 -0.01562
v 0.07043 0.03807 -0.01479
v 0.07018 0.03804 -0.01517
v 0.06981 0.03801 -0.01541
v 0.06937 0.03801 -0.01550
v 0.07018 0.03767 -0.01513
v 0.07043 0.03770 -0.01476
v 0.06981 0.03765 -0.01538
v 0.06937 0.03764 -0.01546
v 0.07051 0.03774 -0.01432
v 0.06893 0.03801 -0.01541
v 0.06893 0.03765 -0.01538
v 0.06856 0.03804 -0.01517
v 0.06856 0.03767 -0.01513
v 0.06831 0.03807 -0.01479
v 0.06831 0.03770 -0.01476
v 0.06822 0.03811 -0.01436
v 0.06822 0.03774 -0.01432
v 0.06831 0.03814 -0.01392
v 0.06831 0.03778 -0.01389
v 0.06856 0.03818 -0.01355
v 0.06856 0.03781 -0.01352
v 0.06893 0.03820 -0.01330
v 0.06893 0.03783 -0.01327
v 0.06937 0.03821 -0.01321
v 0.06937 0.03784 -0.01318
v 0.06981 0.03820 -0.01330
v 0.06981 0.03783 -0.01327
v 0.07018 0.03818 -0.01355
v 0.07018 0.03781 -0.01352
v 0.07043 0.03814 -0.01392
v 0.07043 0.03778 -0.01389
v 0.07052 0.03811 -0.01436
v 0.06831 0.03778 -0.01389
v 0.06860 0.03775 -0.01401
v 0.06854 0.03797 -0.01434
v 0.06822 0.03774 -0.01432
v 0.07013 0.03770 -0.01464
v 0.06995 0.03792 -0.01493
v 0.07018 0.03767 -0.01513
v 0.07043 0.03770 -0.01476
v 0.06856 0.03781 -0.01352
v 0.06878 0.03802 -0.01376
v 0.06860 0.03775 -0.01401
v 0.06831 0.03778 -0.01389
v 0.07020 0.03797 -0.01434
v 0.07013 0.03770 -0.01464
v 0.07043 0.03770 -0.01476
v 0.07051 0.03774 -0.01432
v 0.06893 0.03783 -0.01327
v 0.06905 0.03804 -0.01358
v 0.06878 0.03802 -0.01376
v 0.06856 0.03781 -0.01352
v 0.06937 0.03784 -0.01318
v 0.06937 0.03804 -0.01352
v 0.06981 0.03783 -0.01327
v 0.06969 0.03804 -0.01358
v 0.07018 0.03781 -0.01352
v 0.06995 0.03802 -0.01376
v 0.07043 0.03778 -0.01389
v 0.07013 0.03800 -0.01403
v 0.07051 0.03774 -0.01432
v 0.07020 0.03797 -0.01434
v 0.06878 0.03792 -0.01493
v 0.06860 0.03794 -0.01466
v 0.06854 0.03797 -0.01434
v 0.06905 0.03790 -0.01511
v 0.06969 0.03790 -0.01511
v 0.06937 0.03790 -0.01517
v 0.06995 0.03792 -0.01493
v 0.06878 0.03802 -0.01376
v 0.06905 0.03804 -0.01358
v 0.06937 0.03804 -0.01352
v 0.06995 0.03802 -0.01376
v 0.06969 0.03804 -0.01358
v 0.07020 0.03797 -0.01434
v 0.07013 0.03800 -0.01403
v 0.07182 0.03560 -0.01458
v 0.07170 0.03571 -0.01465
v 0.07177 0.03539 -0.01872
v 0.07189 0.03522 -0.01882
v 0.07175 0.03551 -0.01922
v 0.07189 0.03536 -0.01943
v 0.07189 0.03761 -0.01963
v 0.07175 0.03750 -0.01942
v 0.07189 0.03782 -0.01906
v 0.07177 0.03769 -0.01895
v 0.07166 0.03807 -0.01486
v 0.07178 0.03826 -0.01479
v 0.06844 0.03777 -0.01660
v 0.07175 0.03750 -0.01942
v 0.07175 0.03551 -0.01922
v 0.07177 0.03769 -0.01895
v 0.06884 0.03795 -0.01643
v 0.07166 0.03807 -0.01486
v 0.06843 0.03575 -0.01640
v 0.07177 0.03539 -0.01872
v 0.06882 0.03561 -0.01619
v 0.07170 0.03571 -0.01465
v 0.07444 0.03230 -0.01414
v 0.07196 0.03230 -0.01414
v 0.07237 0.03102 -0.03928
v 0.07408 0.03101 -0.03927
v 0.07427 0.03120 -0.03929
v 0.07178 0.03249 -0.01414
v 0.07217 0.03122 -0.03929
v 0.07221 0.03585 -0.03966
v 0.07444 0.03251 -0.01393
v 0.07196 0.03251 -0.01393
v 0.07182 0.03854 -0.01466
v 0.07201 0.03873 -0.01466
v 0.07241 0.03605 -0.03968
v 0.07201 0.03856 -0.01445
v 0.07449 0.03873 -0.01466
v 0.07411 0.03603 -0.03967
v 0.07449 0.03856 -0.01445
v 0.07469 0.03854 -0.01466
v 0.07431 0.03584 -0.03966
v 0.07464 0.03249 -0.01414
f 4645 4646 4647
f 4647 4648 4645
f 4648 4647 4649
f 4649 4650 4648
f 4650 4649 4651
f 4651 4652 4650
f 4652 4651 4653
f 4653 4654 4652
f 4654 4653 4655
f 4655 4656 4654
f 4656 4655 4657
f 4657 4658 4656
f 4659 4660 4661
f 4662 4661 4660
f 4660 4663 4662
f 4661 4662 4664
f 4663 4660 4665
f 4665 4666 4663
f 4664 4667 4661
f 4667 4664 4668
f 4666 4665 4669
f 4669 4670 4666
f 4668 4671 4667
f 4671 4668 4672
f 4670 4669 4673
f 4673 4674 4670
f 4672 4675 4671
f 4675 4672 4676
f 4674 4673 4677
f 4677 4678 4674
f 4676 4679 4675
f 4679 4676 4680
f 4678 4677 4681
f 4681 4682 4678
f 4680 4683 4679
f 4683 4680 4684
f 4682 4681 4685
f 4685 4686 4682
f 4684 4687 4683
f 4687 4684 4688
f 4686 4685 4689
f 4689 4690 4686
f 4691 4688 4690
f 4690 4689 4691
f 4688 4691 4687
f 4692 4689 4685
f 4693 4691 4689
f 4689 4692 4693
f 4694 4687 4691
f 4691 4693 4694
f 4687 4694 4695
f 4695 4683 4687
f 4696 4694 4693
f 4683 4695 4697
f 4697 4679 4683
f 4698 4695 4694
f 4694 4696 4698
f 4699 4697 4695
f 4695 4698 4699
f 4679 4697 4700
f 4700 4675 4679
f 4697 4699 4701
f 4701 4700 4697
f 4675 4700 4702
f 4702 4671 4675
f 4700 4701 4703
f 4703 4702 4700
f 4671 4702 4704
f 4704 4667 4671
f 4702 4703 4705
f 4705 4704 4702
f 4667 4704 4706
f 4706 4661 4667
f 4661 4706 4659
f 4707 4706 4704
f 4704 4705 4707
f 4708 4659 4706
f 4706 4707 4708
f 4709 4707 4705
f 4710 4708 4707
f 4707 4709 4710
f 4659 4708 4711
f 4705 4712 4709
f 4712 4705 4703
f 4711 4713 4659
f 4660 4659 4713
f 4713 4665 4660
f 4703 4714 4712
f 4714 4703 4701
f 4665 4713 4715
f 4715 4669 4665
f 4701 4716 4714
f 4716 4701 4699
f 4669 4715 4717
f 4717 4673 4669
f 4699 4718 4716
f 4718 4699 4698
f 4673 4717 4719
f 4719 4677 4673
f 4698 4720 4718
f 4720 4698 4696
f 4677 4719 4721
f 4721 4681 4677
f 4696 4722 4720
f 4681 4721 4723
f 4723 4685 4681
f 4685 4723 4692
f 4722 4696 4724
f 4693 4724 4696
f 4724 4693 4692
f 4725 4692 4723
f 4692 4725 4724
f 4723 4726 4725
f 4726 4723 4721
f 4727 4724 4725
f 4724 4727 4722
f 4728 4725 4726
f 4725 4728 4727
f 4721 4729 4726
f 4729 4721 4719
f 4726 4730 4728
f 4730 4726 4729
f 4719 4731 4729
f 4731 4719 4717
f 4729 4732 4730
f 4732 4729 4731
f 4717 4733 4731
f 4733 4717 4715
f 4731 4734 4732
f 4734 4731 4733
f 4715 4735 4733
f 4735 4715 4713
f 4713 4711 4735
f 4736 4733 4735
f 4733 4736 4734
f 4737 4735 4711
f 4735 4737 4736
f 4711 4738 4737
f 4738 4711 4708
f 4708 4710 4738
f 4739 4736 4737
f 4740 4737 4738
f 4737 4740 4739
f 4741 4738 4710
f 4738 4741 4740
f 4710 4742 4741
f 4742 4710 4709
f 4743 4740 4741
f 4740 4743 4744
f 4741 4745 4743
f 4745 4741 4742
f 4744 4739 4740
f 4742 4746 4745
f 4739 4744 4747
f 4746 4742 4748
f 4709 4748 4742
f 4748 4749 4746
f 4748 4709 4712
f 4749 4748 4750
f 4712 4750 4748
f 4750 4751 4749
f 4750 4712 4714
f 4751 4750 4752
f 4714 4752 4750
f 4752 4753 4751
f 4752 4714 4716
f 4753 4752 4754
f 4716 4754 4752
f 4754 4755 4753
f 4754 4716 4718
f 4755 4754 4756
f 4718 4756 4754
f 4756 4757 4755
f 4756 4718 4720
f 4757 4756 4758
f 4720 4758 4756
f 4758 4759 4757
f 4758 4720 4722
f 4759 4758 4760
f 4722 4760 4758
f 4760 4761 4759
f 4760 4722 4727
f 4761 4760 4762
f 4727 4762 4760
f 4762 4763 4761
f 4762 4727 4728
f 4763 4762 4764
f 4728 4764 4762
f 4764 4765 4763
f 4764 4728 4730
f 4765 4764 4766
f 4730 4766 4764
f 4766 4767 4765
f 4766 4730 4732
f 4767 4766 4768
f 4732 4768 4766
f 4768 4769 4767
f 4768 4732 4734
f 4769 4768 4770
f 4734 4770 4768
f 4770 4747 4769
f 4770 4734 4736
f 4747 4770 4739
f 4736 4739 4770
f 4771 4772 4773
f 4773 4774 4771
f 4773 4772 4775
f 4775 4776 4773
f 4777 4776 4775
f 4775 4778 4777
f 4779 4780 4781
f 4781 4782 4779
f 4781 4780 4783
f 4783 4784 4781
f 4785 4784 4783
f 4783 4786 4785
f 4787 4788 4789
f 4789 4790 4787
f 4788 4787 4791
f 4791 4792 4788
f 4792 4791 4793
f 4793 4794 4792
f 4794 4793 4795
f 4795 4796 4794
f 4796 4795 4797
f 4797 4798 4796
f 4798 4797 4799
f 4799 4800 4798
f 4801 4802 4803
f 4804 4801 4803
f 4804 4803 4805
f 4806 4804 4805
f 4803 4807 4805
f 4808 4809 4810
f 4808 4810 4811
f 4810 4812 4811
f 4813 4808 4811
f 4813 4811 4814
f 4815 4816 4817
f 4817 4818 4815
f 4818 4817 4819
f 4819 4820 4818
f 4821 4820 4819
f 4819 4822 4821
f 4823 4821 4822
f 4822 4824 4823
f 4823 4824 4825
f 4825 4826 4823
f 4827 4828 4829
f 4830 4828 4827
f 4827 4831 4830
f 4830 4831 4832
f 4829 4833 4827
f 4833 4829 4834
f 4834 4835 4833
f 4836 4835 4834
f 4837 4838 4839
f 4839 4840 4837
f 4837 4840 4841
f 4839 4838 4842
f 4842 4843 4839
f 4844 4843 4842
f 4838 4837 4845
f 4838 4846 4842
f 4845 4846 4838
f 4842 4847 4844
f 4847 4842 4846
f 4844 4847 4848
f 4848 4849 4844
f 4846 4850 4847
f 4848 4847 4850
f 4850 4846 4845
f 4849 4848 4851
f 4851 4848 4850
f 4851 4852 4849
f 4845 4853 4850
f 4850 4853 4851
f 4852 4851 4854
f 4853 4854 4851
f 4854 4855 4852
f 4841 4855 4854
f 4853 4845 4856
f 4856 4854 4853
f 4854 4856 4841
f 4856 4845 4837
f 4841 4856 4837
g EarhookLeft
usemtl earhooks
v 0.07150 0.03084 -0.05084
v 0.07151 0.03404 -0.05117
v 0.07161 0.03351 -0.05634
v 0.07161 0.03038 -0.05601
v 0.07173 0.03288 -0.06239
v 0.07172 0.02986 -0.06205
v 0.07178 0.03219 -0.06902
v 0.07176 0.02928 -0.06867
v 0.07169 0.03146 -0.07596
v 0.07166 0.02867 -0.07561
v 0.07143 0.03072 -0.08295
v 0.07139 0.02806 -0.08260
v 0.07102 0.03000 -0.08971
v 0.07096 0.02747 -0.08935
v 0.07049 0.02933 -0.09597
v 0.07042 0.02691 -0.09560
v 0.06993 0.02874 -0.10145
v 0.06986 0.02642 -0.10108
v 0.06233 0.00117 -0.15510
v 0.06225 0.00102 -0.15502
v 0.06225 0.00141 -0.15521
v 0.06236 0.00147 -0.15525
v 0.06229 0.00103 -0.15503
v 0.06238 0.00142 -0.15524
v 0.06213 0.00131 -0.15513
v 0.06240 0.00136 -0.15515
v 0.06214 0.00183 -0.15538
v 0.06215 0.00074 -0.15487
v 0.06227 0.00189 -0.15544
v 0.06230 0.00091 -0.15492
v 0.06239 0.00192 -0.15547
v 0.06243 0.00190 -0.15547
v 0.06239 0.00412 -0.15648
v 0.06246 0.00188 -0.15541
v 0.06251 0.00192 -0.15527
v 0.06244 0.00427 -0.15650
v 0.06244 0.00136 -0.15499
v 0.06247 0.00444 -0.15642
v 0.06242 0.00416 -0.15651
v 0.06239 0.00479 -0.15673
v 0.06237 0.00464 -0.15671
v 0.06245 0.00500 -0.15666
v 0.06247 0.00528 -0.15647
v 0.06225 0.00548 -0.15685
v 0.06254 0.00469 -0.15622
v 0.06226 0.00578 -0.15667
v 0.06256 0.00206 -0.15501
v 0.06249 0.00566 -0.15611
v 0.06259 0.00505 -0.15585
v 0.06249 0.00147 -0.15472
v 0.06229 0.00617 -0.15631
v 0.06260 0.00234 -0.15460
v 0.06252 0.00616 -0.15554
v 0.06263 0.00555 -0.15528
v 0.06233 0.00669 -0.15575
v 0.06257 0.00684 -0.15474
v 0.06238 0.00737 -0.15495
v 0.06211 0.00709 -0.15589
v 0.06218 0.00778 -0.15510
v 0.06205 0.00657 -0.15645
v 0.06197 0.00807 -0.15519
v 0.06201 0.00617 -0.15680
v 0.06189 0.00738 -0.15598
v 0.06181 0.00686 -0.15653
v 0.06199 0.00585 -0.15698
v 0.06175 0.00644 -0.15688
v 0.06152 0.00761 -0.15599
v 0.06143 0.00707 -0.15654
v 0.06163 0.00830 -0.15520
v 0.06134 0.00736 -0.15579
v 0.06143 0.00805 -0.15500
v 0.06175 0.00919 -0.15413
v 0.06154 0.00895 -0.15393
v 0.06208 0.00896 -0.15412
v 0.06171 0.01010 -0.15256
v 0.06228 0.00867 -0.15403
v 0.06193 0.01033 -0.15277
v 0.06225 0.01010 -0.15276
v 0.06247 0.00826 -0.15388
v 0.06244 0.00980 -0.15266
v 0.06218 0.01167 -0.15114
v 0.06265 0.00772 -0.15366
v 0.06250 0.01142 -0.15113
v 0.06262 0.00938 -0.15251
v 0.06268 0.01112 -0.15103
v 0.06252 0.01314 -0.14929
v 0.06284 0.01290 -0.14928
v 0.06286 0.01071 -0.15087
v 0.06302 0.01259 -0.14918
v 0.06279 0.00885 -0.15228
v 0.06318 0.01217 -0.14902
v 0.06302 0.01017 -0.15064
v 0.06277 0.00710 -0.15339
v 0.06292 0.00823 -0.15201
v 0.06269 0.00622 -0.15447
v 0.06277 0.00432 -0.15207
v 0.06265 0.00280 -0.15400
v 0.06270 0.00345 -0.15317
v 0.06254 0.00173 -0.15430
v 0.06259 0.00218 -0.15369
v 0.06266 0.00283 -0.15286
v 0.06238 0.00096 -0.15446
v 0.06244 0.00121 -0.15403
v 0.06251 0.00165 -0.15342
v 0.06232 0.00087 -0.15474
v 0.06208 0.00056 -0.15473
v 0.06210 0.00049 -0.15453
v 0.06217 0.00056 -0.15423
v 0.06185 0.00031 -0.15457
v 0.06226 0.00080 -0.15380
v 0.06184 0.00022 -0.15436
v 0.06192 0.00028 -0.15405
v 0.06235 0.00124 -0.15319
v 0.06205 0.00051 -0.15362
v 0.06144 -0.00001 -0.15416
v 0.06153 0.00004 -0.15385
v 0.06145 0.00010 -0.15439
v 0.06122 0.00019 -0.15418
v 0.06122 0.00028 -0.15440
v 0.06160 0.00035 -0.15458
v 0.06134 0.00051 -0.15458
v 0.06193 0.00053 -0.15474
v 0.06213 0.00087 -0.15492
v 0.06185 0.00072 -0.15479
v 0.06185 0.00119 -0.15501
v 0.06158 0.00084 -0.15477
v 0.06157 0.00128 -0.15498
v 0.06184 0.00174 -0.15527
v 0.06155 0.00180 -0.15522
v 0.06145 0.00137 -0.15499
v 0.06143 0.00185 -0.15520
v 0.06155 0.00415 -0.15630
v 0.06147 0.00099 -0.15480
v 0.06184 0.00423 -0.15642
v 0.06132 0.00070 -0.15465
v 0.06214 0.00418 -0.15646
v 0.06120 0.00052 -0.15449
v 0.06227 0.00414 -0.15647
v 0.06213 0.00470 -0.15669
v 0.06225 0.00462 -0.15668
v 0.06236 0.00457 -0.15668
v 0.06184 0.00479 -0.15667
v 0.06213 0.00515 -0.15689
v 0.06157 0.00468 -0.15654
v 0.06185 0.00527 -0.15688
v 0.06158 0.00513 -0.15674
v 0.06145 0.00458 -0.15646
v 0.06146 0.00498 -0.15664
v 0.06136 0.00548 -0.15687
v 0.06143 0.00410 -0.15624
v 0.06136 0.00453 -0.15641
v 0.06132 0.00407 -0.15619
v 0.06132 0.00187 -0.15518
v 0.06118 0.00411 -0.15617
v 0.06139 0.00484 -0.15655
v 0.06123 0.00459 -0.15640
v 0.06128 0.00499 -0.15660
v 0.06133 0.00528 -0.15675
v 0.06113 0.00473 -0.15638
v 0.06121 0.00518 -0.15661
v 0.06120 0.00553 -0.15679
v 0.06110 0.00420 -0.15613
v 0.06118 0.00494 -0.15630
v 0.06107 0.00437 -0.15602
v 0.06121 0.00542 -0.15654
v 0.06109 0.00186 -0.15486
v 0.06119 0.00522 -0.15609
v 0.06110 0.00463 -0.15579
v 0.06111 0.00199 -0.15458
v 0.06110 0.00182 -0.15503
v 0.06119 0.00141 -0.15433
v 0.06117 0.00185 -0.15513
v 0.06118 0.00130 -0.15462
v 0.06114 0.00130 -0.15480
v 0.06122 0.00137 -0.15492
v 0.06136 0.00142 -0.15498
v 0.06139 0.00112 -0.15485
v 0.06129 0.00098 -0.15476
v 0.06121 0.00086 -0.15462
v 0.06118 0.00045 -0.15427
v 0.06122 0.00082 -0.15442
v 0.06132 0.00025 -0.15387
v 0.06129 0.00052 -0.15397
v 0.06127 0.00091 -0.15412
v 0.06168 0.00027 -0.15341
v 0.06146 0.00048 -0.15343
v 0.06140 0.00077 -0.15353
v 0.06217 0.00094 -0.15300
v 0.06183 0.00069 -0.15280
v 0.06158 0.00091 -0.15281
v 0.06245 0.00188 -0.15235
v 0.06230 0.00158 -0.15216
v 0.06197 0.00133 -0.15195
v 0.06257 0.00229 -0.15258
v 0.06256 0.00275 -0.15123
v 0.06276 0.00370 -0.15175
v 0.06267 0.00317 -0.15147
v 0.06293 0.00544 -0.15066
v 0.06291 0.00482 -0.15034
v 0.06315 0.00955 -0.15036
v 0.06322 0.00676 -0.14899
v 0.06284 0.00429 -0.15005
v 0.06334 0.01164 -0.14878
v 0.06347 0.01101 -0.14850
v 0.06354 0.01375 -0.14697
v 0.06369 0.01322 -0.14674
v 0.06357 0.00823 -0.14711
v 0.06338 0.01417 -0.14714
v 0.06381 0.01259 -0.14645
v 0.06321 0.01448 -0.14724
v 0.06288 0.01473 -0.14725
v 0.06366 0.01611 -0.14506
v 0.06334 0.01637 -0.14507
v 0.06262 0.01451 -0.14703
v 0.06383 0.01580 -0.14496
v 0.06307 0.01616 -0.14485
v 0.06399 0.01538 -0.14479
v 0.06348 0.01780 -0.14256
v 0.06414 0.01485 -0.14455
v 0.06376 0.01801 -0.14278
v 0.06426 0.01423 -0.14426
v 0.06409 0.01774 -0.14276
v 0.06393 0.00982 -0.14504
v 0.06426 0.01744 -0.14266
v 0.06442 0.01702 -0.14249
v 0.06460 0.01931 -0.14039
v 0.06456 0.01649 -0.14225
v 0.06477 0.01901 -0.14029
v 0.06492 0.01859 -0.14013
v 0.06467 0.01587 -0.14196
v 0.06506 0.01806 -0.13989
v 0.06531 0.02045 -0.13790
v 0.06438 0.01147 -0.14284
v 0.06547 0.02004 -0.13774
v 0.06387 0.00920 -0.14470
v 0.06560 0.01951 -0.13751
v 0.06350 0.00761 -0.14677
v 0.06517 0.01745 -0.13961
v 0.06313 0.00614 -0.14866
v 0.06308 0.00561 -0.14837
v 0.06340 0.00708 -0.14647
v 0.06273 0.00387 -0.14981
v 0.06298 0.00519 -0.14813
v 0.06243 0.00245 -0.15105
v 0.06260 0.00358 -0.14962
v 0.06213 0.00221 -0.15084
v 0.06171 0.00156 -0.15197
v 0.06231 0.00334 -0.14941
v 0.06149 0.00120 -0.15291
v 0.06185 0.00244 -0.15085
v 0.06160 0.00185 -0.15206
v 0.06132 0.00116 -0.15369
v 0.06139 0.00161 -0.15307
v 0.06121 0.00168 -0.15390
v 0.06150 0.00226 -0.15222
v 0.06113 0.00228 -0.15416
v 0.06128 0.00213 -0.15328
v 0.06113 0.00499 -0.15541
v 0.06119 0.00274 -0.15355
v 0.06140 0.00279 -0.15244
v 0.06121 0.00560 -0.15571
v 0.06120 0.00550 -0.15483
v 0.06132 0.00341 -0.15271
v 0.06121 0.00573 -0.15634
v 0.06128 0.00611 -0.15514
v 0.06118 0.00581 -0.15673
v 0.06127 0.00612 -0.15597
v 0.06122 0.00613 -0.15655
v 0.06124 0.00578 -0.15693
v 0.06119 0.00608 -0.15689
v 0.06159 0.00566 -0.15703
v 0.06142 0.00599 -0.15710
v 0.06190 0.00550 -0.15702
v 0.06225 0.00501 -0.15685
v 0.06177 0.00581 -0.15709
v 0.06233 0.00488 -0.15681
v 0.06212 0.00531 -0.15697
v 0.06229 0.00503 -0.15687
v 0.06203 0.00557 -0.15702
v 0.06226 0.00523 -0.15691
v 0.06172 0.00611 -0.15705
v 0.06135 0.00631 -0.15706
v 0.06137 0.00666 -0.15689
v 0.06121 0.00642 -0.15670
v 0.06127 0.00683 -0.15635
v 0.06127 0.00653 -0.15619
v 0.06131 0.00706 -0.15562
v 0.06131 0.00664 -0.15540
v 0.06139 0.00775 -0.15482
v 0.06138 0.00734 -0.15460
v 0.06137 0.00680 -0.15433
v 0.06149 0.00865 -0.15375
v 0.06146 0.00824 -0.15352
v 0.06164 0.00980 -0.15237
v 0.06161 0.00938 -0.15214
v 0.06146 0.00770 -0.15324
v 0.06161 0.00885 -0.15186
v 0.06182 0.01019 -0.15021
v 0.06161 0.00823 -0.15154
v 0.06183 0.01072 -0.15050
v 0.06213 0.01169 -0.14835
v 0.06145 0.00708 -0.15293
v 0.06159 0.00544 -0.15019
v 0.06187 0.01114 -0.15074
v 0.06214 0.01222 -0.14864
v 0.06245 0.01329 -0.14630
v 0.06194 0.01143 -0.15093
v 0.06219 0.01263 -0.14888
v 0.06227 0.01292 -0.14907
v 0.06248 0.01382 -0.14659
v 0.06287 0.01495 -0.14411
v 0.06254 0.01423 -0.14684
v 0.06290 0.01547 -0.14441
v 0.06326 0.01661 -0.14182
v 0.06297 0.01587 -0.14466
v 0.06330 0.01713 -0.14211
v 0.06373 0.01820 -0.13947
v 0.06338 0.01752 -0.14236
v 0.06378 0.01871 -0.13976
v 0.06424 0.01966 -0.13710
v 0.06386 0.01910 -0.14000
v 0.06430 0.02016 -0.13739
v 0.06473 0.02094 -0.13476
v 0.06397 0.01938 -0.14020
v 0.06439 0.02055 -0.13762
v 0.06426 0.01957 -0.14041
v 0.06451 0.02082 -0.13781
v 0.06481 0.02101 -0.13802
v 0.06515 0.02075 -0.13800
v 0.06502 0.02207 -0.13543
v 0.06533 0.02226 -0.13562
v 0.06568 0.02200 -0.13560
v 0.06489 0.02180 -0.13525
v 0.06551 0.02314 -0.13308
v 0.06479 0.02143 -0.13503
v 0.06538 0.02288 -0.13291
v 0.06527 0.02252 -0.13270
v 0.06519 0.02204 -0.13245
v 0.06515 0.02147 -0.13217
v 0.06469 0.02036 -0.13445
v 0.06562 0.02299 -0.13021
v 0.06526 0.01891 -0.13099
v 0.06481 0.01774 -0.13318
v 0.06557 0.02244 -0.12995
v 0.06566 0.01994 -0.12887
v 0.06535 0.01833 -0.13074
v 0.06490 0.01715 -0.13291
v 0.06575 0.01938 -0.12864
v 0.06606 0.02084 -0.12684
v 0.06615 0.02029 -0.12664
v 0.06587 0.01889 -0.12845
v 0.06598 0.02327 -0.12782
v 0.06626 0.01982 -0.12647
v 0.06604 0.02381 -0.12805
v 0.06662 0.02065 -0.12460
v 0.06570 0.02346 -0.13044
v 0.06582 0.02382 -0.13063
v 0.06613 0.02427 -0.12826
v 0.06596 0.02407 -0.13078
v 0.06625 0.02462 -0.12843
v 0.06642 0.02453 -0.12600
v 0.06583 0.02333 -0.13326
v 0.06629 0.02425 -0.13095
v 0.06618 0.02308 -0.13324
v 0.06584 0.02170 -0.13551
v 0.06599 0.02130 -0.13536
v 0.06635 0.02279 -0.13315
v 0.06664 0.02401 -0.13093
v 0.06649 0.02239 -0.13301
v 0.06612 0.02079 -0.13514
v 0.06570 0.01891 -0.13723
v 0.06681 0.02373 -0.13085
v 0.06662 0.02189 -0.13280
v 0.06622 0.02020 -0.13487
v 0.06696 0.02335 -0.13071
v 0.06583 0.01625 -0.13589
v 0.06672 0.02132 -0.13256
v 0.06529 0.01474 -0.13822
v 0.06708 0.02286 -0.13053
v 0.06634 0.01758 -0.13360
v 0.06718 0.02229 -0.13030
v 0.06682 0.01876 -0.13137
v 0.06578 0.01566 -0.13557
v 0.06629 0.01700 -0.13330
v 0.06524 0.01415 -0.13789
v 0.06569 0.01516 -0.13528
v 0.06516 0.01364 -0.13759
v 0.06475 0.01253 -0.14021
v 0.06466 0.01201 -0.13991
v 0.06480 0.01313 -0.14055
v 0.06433 0.01086 -0.14250
v 0.06424 0.01034 -0.14220
v 0.06378 0.00868 -0.14440
v 0.06413 0.00993 -0.14195
v 0.06330 0.00667 -0.14622
v 0.06366 0.00827 -0.14414
v 0.06285 0.00490 -0.14793
v 0.06318 0.00638 -0.14603
v 0.06256 0.00467 -0.14771
v 0.06353 0.00798 -0.14395
v 0.06290 0.00616 -0.14581
v 0.06203 0.00358 -0.14942
v 0.06227 0.00491 -0.14773
v 0.06173 0.00273 -0.15095
v 0.06190 0.00387 -0.14952
v 0.06162 0.00315 -0.15111
v 0.06215 0.00521 -0.14783
v 0.06153 0.00368 -0.15133
v 0.06179 0.00429 -0.14968
v 0.06260 0.00640 -0.14582
v 0.06203 0.00563 -0.14800
v 0.06324 0.00777 -0.14372
v 0.06247 0.00670 -0.14592
v 0.06294 0.00802 -0.14374
v 0.06399 0.00965 -0.14175
v 0.06368 0.00944 -0.14152
v 0.06455 0.01162 -0.13966
v 0.06442 0.01134 -0.13946
v 0.06505 0.01325 -0.13735
v 0.06411 0.01114 -0.13924
v 0.06491 0.01298 -0.13715
v 0.06558 0.01477 -0.13504
v 0.06339 0.00970 -0.14154
v 0.06460 0.01278 -0.13693
v 0.06280 0.00832 -0.14384
v 0.06380 0.01140 -0.13926
v 0.06326 0.01000 -0.14165
v 0.06234 0.00712 -0.14609
v 0.06270 0.00874 -0.14402
v 0.06367 0.01170 -0.13936
v 0.06315 0.01042 -0.14182
v 0.06226 0.00766 -0.14633
v 0.06262 0.00928 -0.14426
v 0.06192 0.00616 -0.14823
v 0.06222 0.00828 -0.14662
v 0.06187 0.00678 -0.14852
v 0.06256 0.00990 -0.14455
v 0.06305 0.01096 -0.14206
v 0.06298 0.01158 -0.14236
v 0.06345 0.01265 -0.13978
v 0.06337 0.01327 -0.14007
v 0.06355 0.01212 -0.13954
v 0.06402 0.01376 -0.13723
v 0.06391 0.01429 -0.13746
v 0.06414 0.01334 -0.13706
v 0.06452 0.01529 -0.13493
v 0.06442 0.01581 -0.13516
v 0.06465 0.01487 -0.13477
v 0.06429 0.01304 -0.13695
v 0.06480 0.01458 -0.13467
v 0.06513 0.01431 -0.13465
v 0.06544 0.01451 -0.13486
v 0.06562 0.01569 -0.13243
v 0.06595 0.01587 -0.13262
v 0.06609 0.01614 -0.13280
v 0.06529 0.01594 -0.13244
v 0.06642 0.01709 -0.13046
v 0.06514 0.01624 -0.13254
v 0.06609 0.01690 -0.13028
v 0.06575 0.01715 -0.13030
v 0.06501 0.01664 -0.13270
v 0.06560 0.01744 -0.13039
v 0.06546 0.01783 -0.13053
v 0.06601 0.01851 -0.12832
v 0.06617 0.01823 -0.12824
v 0.06641 0.01945 -0.12635
v 0.06657 0.01918 -0.12627
v 0.06652 0.01798 -0.12822
v 0.06692 0.01894 -0.12626
v 0.06685 0.01817 -0.12839
v 0.06727 0.01912 -0.12641
v 0.06729 0.01980 -0.12440
v 0.06764 0.01998 -0.12453
v 0.06742 0.01937 -0.12654
v 0.06692 0.02003 -0.12442
v 0.06779 0.02022 -0.12465
v 0.06676 0.02029 -0.12449
v 0.06724 0.02078 -0.12269
v 0.06707 0.02103 -0.12275
v 0.06761 0.02056 -0.12267
v 0.06752 0.02143 -0.12108
v 0.06797 0.02074 -0.12278
v 0.06790 0.02122 -0.12107
v 0.06827 0.02140 -0.12116
v 0.06813 0.02098 -0.12289
v 0.06844 0.02163 -0.12125
v 0.06855 0.02196 -0.11969
v 0.06872 0.02219 -0.11977
v 0.06858 0.02196 -0.12137
v 0.06817 0.02179 -0.11961
v 0.06887 0.02251 -0.11986
v 0.06779 0.02198 -0.11962
v 0.06909 0.02299 -0.11852
v 0.06735 0.02167 -0.12113
v 0.06894 0.02267 -0.11844
v 0.06693 0.02138 -0.12284
v 0.06876 0.02244 -0.11837
v 0.06650 0.02111 -0.12474
v 0.06837 0.02226 -0.11830
v 0.06641 0.02164 -0.12493
v 0.06681 0.02183 -0.12297
v 0.06635 0.02400 -0.12579
v 0.06673 0.02234 -0.12313
v 0.06669 0.02464 -0.12389
v 0.06709 0.02245 -0.12133
v 0.06701 0.02295 -0.12147
v 0.06676 0.02515 -0.12407
v 0.06721 0.02201 -0.12122
v 0.06700 0.02520 -0.12213
v 0.06762 0.02222 -0.11967
v 0.06747 0.02255 -0.11974
v 0.06799 0.02246 -0.11831
v 0.06782 0.02269 -0.11835
v 0.06736 0.02298 -0.11984
v 0.06767 0.02302 -0.11842
v 0.06820 0.02286 -0.11701
v 0.06728 0.02347 -0.11996
v 0.06802 0.02309 -0.11704
v 0.06756 0.02343 -0.11851
v 0.06788 0.02341 -0.11710
v 0.06748 0.02392 -0.11861
v 0.06777 0.02382 -0.11718
v 0.06826 0.02344 -0.11559
v 0.06729 0.02567 -0.12053
v 0.06811 0.02376 -0.11564
v 0.06708 0.02569 -0.12229
v 0.06800 0.02417 -0.11572
v 0.06686 0.02559 -0.12423
v 0.06769 0.02430 -0.11728
v 0.06651 0.02497 -0.12618
v 0.06664 0.02531 -0.12633
v 0.06640 0.02486 -0.12856
v 0.06700 0.02592 -0.12436
v 0.06674 0.02504 -0.12871
v 0.06680 0.02555 -0.12645
v 0.06710 0.02481 -0.12869
v 0.06715 0.02573 -0.12658
v 0.06727 0.02454 -0.12862
v 0.06752 0.02551 -0.12656
v 0.06716 0.02616 -0.12446
v 0.06742 0.02417 -0.12850
v 0.06769 0.02525 -0.12650
v 0.06754 0.02369 -0.12833
v 0.06783 0.02489 -0.12639
v 0.06790 0.02612 -0.12456
v 0.06763 0.02314 -0.12813
v 0.06807 0.02587 -0.12450
v 0.06795 0.02443 -0.12624
v 0.06821 0.02552 -0.12441
v 0.06825 0.02665 -0.12271
v 0.06842 0.02641 -0.12265
v 0.06833 0.02507 -0.12428
v 0.06856 0.02607 -0.12257
v 0.06804 0.02389 -0.12606
v 0.06868 0.02563 -0.12246
v 0.06841 0.02455 -0.12412
v 0.06770 0.02071 -0.12715
v 0.06809 0.02153 -0.12519
v 0.06727 0.01980 -0.12922
v 0.06677 0.01819 -0.13109
v 0.06721 0.01925 -0.12896
v 0.06620 0.01651 -0.13302
v 0.06668 0.01771 -0.13084
v 0.06656 0.01734 -0.13063
v 0.06712 0.01878 -0.12873
v 0.06700 0.01842 -0.12853
v 0.06764 0.02018 -0.12692
v 0.06754 0.01972 -0.12671
v 0.06793 0.02056 -0.12480
v 0.06802 0.02101 -0.12499
v 0.06827 0.02131 -0.12302
v 0.06837 0.02175 -0.12318
v 0.06844 0.02225 -0.12336
v 0.06869 0.02238 -0.12150
v 0.06876 0.02288 -0.12166
v 0.06876 0.02513 -0.12232
v 0.06907 0.02342 -0.12012
v 0.06898 0.02293 -0.11998
v 0.06921 0.02340 -0.11863
v 0.06930 0.02388 -0.11875
v 0.06944 0.02379 -0.11729
v 0.06954 0.02427 -0.11739
v 0.06933 0.02604 -0.11925
v 0.06932 0.02339 -0.11719
v 0.06908 0.02562 -0.12069
v 0.06916 0.02307 -0.11711
v 0.06900 0.02611 -0.12081
v 0.06898 0.02285 -0.11705
v 0.06889 0.02654 -0.12091
v 0.06859 0.02267 -0.11699
v 0.06875 0.02687 -0.12099
v 0.06883 0.02303 -0.11554
v 0.06858 0.02711 -0.12103
v 0.06843 0.02322 -0.11555
v 0.06913 0.02336 -0.11379
v 0.06873 0.02354 -0.11381
v 0.06855 0.02377 -0.11384
v 0.06949 0.02367 -0.11160
v 0.06840 0.02409 -0.11389
v 0.06907 0.02386 -0.11161
v 0.06889 0.02409 -0.11165
v 0.06829 0.02450 -0.11396
v 0.06874 0.02441 -0.11170
v 0.06947 0.02417 -0.10882
v 0.06793 0.02465 -0.11581
v 0.06928 0.02440 -0.10885
v 0.06773 0.02644 -0.11774
v 0.06912 0.02473 -0.10890
v 0.06751 0.02608 -0.11912
v 0.06737 0.02616 -0.12067
v 0.06760 0.02656 -0.11924
v 0.06719 0.02612 -0.12242
v 0.06749 0.02658 -0.12079
v 0.06733 0.02645 -0.12254
v 0.06772 0.02697 -0.11935
v 0.06764 0.02690 -0.12089
v 0.06750 0.02668 -0.12263
v 0.06753 0.02634 -0.12458
v 0.06787 0.02686 -0.12272
v 0.06781 0.02713 -0.12096
v 0.06820 0.02730 -0.12105
v 0.06788 0.02729 -0.11943
v 0.06805 0.02752 -0.11950
v 0.06845 0.02769 -0.11957
v 0.06883 0.02750 -0.11955
v 0.06830 0.02786 -0.11808
v 0.06900 0.02727 -0.11951
v 0.06870 0.02804 -0.11814
v 0.06910 0.02785 -0.11812
v 0.06915 0.02694 -0.11945
v 0.06927 0.02762 -0.11809
v 0.06926 0.02652 -0.11936
v 0.06941 0.02730 -0.11803
v 0.06952 0.02689 -0.11795
v 0.06959 0.02641 -0.11785
v 0.06971 0.02764 -0.11649
v 0.06981 0.02723 -0.11642
v 0.06988 0.02675 -0.11633
v 0.06956 0.02796 -0.11655
v 0.07003 0.02798 -0.11469
v 0.06939 0.02819 -0.11658
v 0.06989 0.02830 -0.11474
v 0.06971 0.02853 -0.11477
v 0.06899 0.02837 -0.11660
v 0.06931 0.02871 -0.11479
v 0.06858 0.02819 -0.11654
v 0.06889 0.02853 -0.11474
v 0.06966 0.02907 -0.11255
v 0.06923 0.02889 -0.11251
v 0.06870 0.02831 -0.11468
v 0.07008 0.02889 -0.11254
v 0.06903 0.02867 -0.11246
v 0.07026 0.02866 -0.11251
v 0.06943 0.02906 -0.10965
v 0.07041 0.02834 -0.11246
v 0.06963 0.02929 -0.10970
v 0.07014 0.02757 -0.11462
v 0.07007 0.02947 -0.10974
v 0.07021 0.02709 -0.11453
v 0.07050 0.02929 -0.10973
v 0.07052 0.02793 -0.11239
v 0.07069 0.02905 -0.10969
v 0.07085 0.02873 -0.10964
v 0.07101 0.02974 -0.10618
v 0.07120 0.02950 -0.10614
v 0.07096 0.02831 -0.10958
v 0.07056 0.02993 -0.10619
v 0.07137 0.02916 -0.10609
v 0.07009 0.02974 -0.10615
v 0.06988 0.02950 -0.10610
v 0.07063 0.03029 -0.10171
v 0.07040 0.03004 -0.10167
v 0.06969 0.02917 -0.10604
v 0.07112 0.03048 -0.10175
v 0.07021 0.02970 -0.10161
v 0.07160 0.03028 -0.10173
v 0.07078 0.03033 -0.09612
v 0.07181 0.03004 -0.10170
v 0.07099 0.03069 -0.09618
v 0.07198 0.02969 -0.10165
v 0.07123 0.03095 -0.09622
v 0.07149 0.02873 -0.10603
v 0.07176 0.03115 -0.09626
v 0.07227 0.03095 -0.09624
v 0.07181 0.03170 -0.08996
v 0.07250 0.03069 -0.09621
v 0.07238 0.03191 -0.09000
v 0.07294 0.03169 -0.08997
v 0.07269 0.03033 -0.09616
v 0.07318 0.03142 -0.08994
v 0.07289 0.03272 -0.08323
v 0.07212 0.02924 -0.10158
v 0.07349 0.03250 -0.08320
v 0.07339 0.03105 -0.08989
v 0.07376 0.03221 -0.08317
v 0.07283 0.02986 -0.09609
v 0.07399 0.03182 -0.08311
v 0.07355 0.03056 -0.08982
v 0.07220 0.02873 -0.10151
v 0.07293 0.02932 -0.09601
v 0.07157 0.02823 -0.10595
v 0.07214 0.02641 -0.10114
v 0.07104 0.02782 -0.10950
v 0.07151 0.02599 -0.10558
v 0.07059 0.02744 -0.11231
v 0.07097 0.02563 -0.10912
v 0.07052 0.02529 -0.11193
v 0.07014 0.02496 -0.11414
v 0.06981 0.02462 -0.11591
v 0.06971 0.02415 -0.11581
v 0.07004 0.02448 -0.11404
v 0.06958 0.02374 -0.11572
v 0.07042 0.02481 -0.11184
v 0.06991 0.02408 -0.11396
v 0.06942 0.02343 -0.11565
v 0.07028 0.02440 -0.11176
v 0.06924 0.02321 -0.11560
v 0.06974 0.02376 -0.11390
v 0.06955 0.02354 -0.11384
v 0.07011 0.02408 -0.11170
v 0.06991 0.02385 -0.11165
v 0.07072 0.02472 -0.10896
v 0.07054 0.02440 -0.10890
v 0.07034 0.02417 -0.10885
v 0.07087 0.02514 -0.10904
v 0.07139 0.02549 -0.10550
v 0.07124 0.02506 -0.10542
v 0.07202 0.02589 -0.10106
v 0.07106 0.02472 -0.10536
v 0.07186 0.02544 -0.10098
v 0.07286 0.02690 -0.09565
v 0.07274 0.02636 -0.09557
v 0.07365 0.02999 -0.08974
v 0.07360 0.02746 -0.08939
v 0.07416 0.03131 -0.08305
v 0.07428 0.03071 -0.08297
v 0.07346 0.02690 -0.08931
v 0.07443 0.03261 -0.07611
v 0.07423 0.02806 -0.08262
v 0.07462 0.03207 -0.07604
v 0.07475 0.03145 -0.07596
v 0.07409 0.02746 -0.08254
v 0.07472 0.02867 -0.07562
v 0.07490 0.03283 -0.06908
v 0.07505 0.03218 -0.06900
v 0.07470 0.03339 -0.06915
v 0.07503 0.03355 -0.06244
v 0.07519 0.03287 -0.06237
v 0.07482 0.03413 -0.06251
v 0.07503 0.02927 -0.06866
v 0.07518 0.02985 -0.06203
v 0.07487 0.02862 -0.06858
v 0.07502 0.02918 -0.06195
v 0.07457 0.02805 -0.07554
v 0.07466 0.02807 -0.06852
v 0.07480 0.02860 -0.06189
v 0.07437 0.02751 -0.07547
v 0.07391 0.02696 -0.08247
v 0.07329 0.02641 -0.08923
v 0.07367 0.02656 -0.08241
v 0.07257 0.02590 -0.09550
v 0.07306 0.02604 -0.08918
v 0.07236 0.02554 -0.09544
v 0.07166 0.02510 -0.10092
v 0.07212 0.02529 -0.09540
v 0.07085 0.02449 -0.10531
v 0.07144 0.02485 -0.10088
v 0.06990 0.02398 -0.10881
v 0.07038 0.02430 -0.10527
v 0.06993 0.02449 -0.10529
v 0.07095 0.02466 -0.10084
v 0.06973 0.02473 -0.10532
v 0.07047 0.02486 -0.10085
v 0.07160 0.02508 -0.09535
v 0.07281 0.02577 -0.08914
v 0.07108 0.02529 -0.09538
v 0.07224 0.02555 -0.08910
v 0.07339 0.02628 -0.08237
v 0.07026 0.02511 -0.10089
v 0.07168 0.02577 -0.08912
v 0.06957 0.02506 -0.10537
v 0.07085 0.02555 -0.09541
v 0.07008 0.02545 -0.10094
v 0.06901 0.02515 -0.10897
v 0.06945 0.02549 -0.10543
v 0.07066 0.02591 -0.09546
v 0.06862 0.02482 -0.11176
v 0.06822 0.02498 -0.11405
v 0.06855 0.02531 -0.11185
v 0.06799 0.02677 -0.11623
v 0.06828 0.02711 -0.11444
v 0.06893 0.02564 -0.10905
v 0.06862 0.02746 -0.11223
v 0.06809 0.02725 -0.11633
v 0.06839 0.02758 -0.11454
v 0.06899 0.02783 -0.10942
v 0.06783 0.02691 -0.11784
v 0.06796 0.02732 -0.11794
v 0.06822 0.02765 -0.11641
v 0.06812 0.02764 -0.11802
v 0.06839 0.02797 -0.11649
v 0.06853 0.02799 -0.11462
v 0.06886 0.02835 -0.11239
v 0.06872 0.02794 -0.11232
v 0.06925 0.02873 -0.10959
v 0.06910 0.02832 -0.10951
v 0.06943 0.02824 -0.10588
v 0.06954 0.02874 -0.10597
v 0.07005 0.02925 -0.10153
v 0.06993 0.02874 -0.10145
v 0.07061 0.02987 -0.09605
v 0.07049 0.02933 -0.09597
v 0.07102 0.03000 -0.08971
v 0.07115 0.03057 -0.08979
v 0.07143 0.03072 -0.08295
v 0.07133 0.03105 -0.08986
v 0.07157 0.03131 -0.08303
v 0.07169 0.03146 -0.07596
v 0.07155 0.03143 -0.08992
v 0.07176 0.03182 -0.08310
v 0.07200 0.03222 -0.08316
v 0.07184 0.03208 -0.07604
v 0.07178 0.03219 -0.06902
v 0.07204 0.03261 -0.07611
v 0.07194 0.03284 -0.06909
v 0.07173 0.03288 -0.06239
v 0.07229 0.03303 -0.07616
v 0.07189 0.03356 -0.06246
v 0.07161 0.03351 -0.05634
v 0.07215 0.03339 -0.06916
v 0.07178 0.03421 -0.05642
v 0.07151 0.03404 -0.05117
v 0.07212 0.03413 -0.06252
v 0.07242 0.03383 -0.06921
v 0.07168 0.03476 -0.05124
v 0.07201 0.03480 -0.05648
v 0.07240 0.03458 -0.06257
v 0.07144 0.03445 -0.04713
v 0.07150 0.03084 -0.05084
v 0.07192 0.03537 -0.05130
v 0.07162 0.03518 -0.04720
v 0.07231 0.03527 -0.05653
v 0.07273 0.03490 -0.06261
v 0.07223 0.03585 -0.05135
v 0.07273 0.03413 -0.06924
v 0.07265 0.03560 -0.05656
v 0.07259 0.03332 -0.07620
v 0.07343 0.03438 -0.06927
v 0.07228 0.03250 -0.08320
v 0.07325 0.03356 -0.07623
v 0.07390 0.03332 -0.07620
v 0.07418 0.03302 -0.07616
v 0.07413 0.03413 -0.06924
v 0.07444 0.03382 -0.06920
v 0.07347 0.03516 -0.06263
v 0.07421 0.03490 -0.06260
v 0.07454 0.03458 -0.06256
v 0.07343 0.03587 -0.05659
v 0.07420 0.03560 -0.05655
v 0.07454 0.03527 -0.05652
v 0.07484 0.03480 -0.05646
v 0.07259 0.03619 -0.05138
v 0.07454 0.03584 -0.05134
v 0.07485 0.03537 -0.05129
v 0.07419 0.03619 -0.05137
v 0.07454 0.03629 -0.04729
v 0.07485 0.03580 -0.04724
v 0.07417 0.03663 -0.04733
v 0.07339 0.03646 -0.05141
v 0.07336 0.03691 -0.04736
v 0.07254 0.03664 -0.04734
v 0.07217 0.03629 -0.04731
v 0.07251 0.03695 -0.04429
v 0.07186 0.03581 -0.04726
v 0.07214 0.03660 -0.04426
v 0.07183 0.03611 -0.04421
v 0.07158 0.03549 -0.04415
v 0.07141 0.03475 -0.04408
v 0.07158 0.03568 -0.04196
v 0.07183 0.03630 -0.04202
v 0.07214 0.03678 -0.04207
v 0.07141 0.03495 -0.04189
v 0.07162 0.03576 -0.04049
v 0.07145 0.03505 -0.04042
v 0.07140 0.03170 -0.04158
v 0.07186 0.03637 -0.04054
v 0.07144 0.03188 -0.04012
v 0.07216 0.03684 -0.04058
v 0.07153 0.03203 -0.03923
v 0.07250 0.03713 -0.04210
v 0.07153 0.03507 -0.03951
v 0.07333 0.03723 -0.04431
v 0.07169 0.03575 -0.03958
v 0.07415 0.03695 -0.04428
v 0.07192 0.03633 -0.03963
v 0.07452 0.03660 -0.04425
v 0.07483 0.03611 -0.04420
v 0.07413 0.03713 -0.04209
v 0.07449 0.03678 -0.04205
v 0.07480 0.03629 -0.04201
v 0.07508 0.03548 -0.04414
v 0.07332 0.03740 -0.04212
v 0.07504 0.03567 -0.04194
v 0.07525 0.03475 -0.04406
v 0.07251 0.03718 -0.04061
v 0.07521 0.03494 -0.04187
v 0.07524 0.03147 -0.04374
v 0.07221 0.03678 -0.03967
v 0.07521 0.03169 -0.04156
v 0.07507 0.03074 -0.04367
v 0.07200 0.03621 -0.03915
v 0.07503 0.03097 -0.04150
v 0.07482 0.03011 -0.04362
v 0.07180 0.03567 -0.03910
v 0.07165 0.03503 -0.03904
v 0.07194 0.03555 -0.03891
v 0.07165 0.03216 -0.03877
v 0.07182 0.03498 -0.03885
v 0.07181 0.03225 -0.03860
v 0.07203 0.03494 -0.03882
v 0.07193 0.03167 -0.03855
v 0.07211 0.03548 -0.03888
v 0.07179 0.03152 -0.03871
v 0.07210 0.03602 -0.03896
v 0.07168 0.03135 -0.03917
v 0.07227 0.03662 -0.03919
v 0.07161 0.03117 -0.04005
v 0.07254 0.03710 -0.03970
v 0.07157 0.03097 -0.04151
v 0.07331 0.03745 -0.04063
v 0.07410 0.03718 -0.04060
v 0.07330 0.03736 -0.03972
v 0.07445 0.03684 -0.04057
v 0.07405 0.03710 -0.03969
v 0.07258 0.03691 -0.03921
v 0.07475 0.03636 -0.04053
v 0.07234 0.03637 -0.03899
v 0.07498 0.03576 -0.04047
v 0.07219 0.03585 -0.03892
v 0.07515 0.03505 -0.04040
v 0.07235 0.03554 -0.03887
v 0.07514 0.03187 -0.04010
v 0.07237 0.03601 -0.03893
v 0.07498 0.03116 -0.04003
v 0.07262 0.03660 -0.03900
v 0.07479 0.03034 -0.04144
v 0.07329 0.03715 -0.03922
v 0.07329 0.03681 -0.03901
v 0.07400 0.03691 -0.03920
v 0.07439 0.03678 -0.03966
v 0.07468 0.03633 -0.03962
v 0.07432 0.03662 -0.03918
v 0.07490 0.03574 -0.03956
v 0.07458 0.03620 -0.03914
v 0.07396 0.03660 -0.03900
v 0.07506 0.03506 -0.03949
v 0.07478 0.03566 -0.03908
v 0.07505 0.03203 -0.03921
v 0.07493 0.03503 -0.03902
v 0.07448 0.03602 -0.03895
v 0.07489 0.03135 -0.03915
v 0.07464 0.03555 -0.03890
v 0.07492 0.03215 -0.03875
v 0.07476 0.03497 -0.03884
v 0.07439 0.03584 -0.03891
v 0.07446 0.03548 -0.03887
v 0.07421 0.03601 -0.03892
v 0.07425 0.03637 -0.03898
v 0.07394 0.03618 -0.03893
v 0.07423 0.03554 -0.03886
v 0.07454 0.03494 -0.03881
v 0.07329 0.03635 -0.03894
v 0.07395 0.03565 -0.03886
v 0.07428 0.03497 -0.03879
v 0.07264 0.03619 -0.03894
v 0.07329 0.03577 -0.03886
v 0.07263 0.03565 -0.03886
v 0.07397 0.03502 -0.03878
v 0.07329 0.03510 -0.03878
v 0.07260 0.03503 -0.03879
v 0.07230 0.03497 -0.03880
v 0.07328 0.03213 -0.03851
v 0.07260 0.03221 -0.03853
v 0.07229 0.03227 -0.03855
v 0.07203 0.03229 -0.03858
v 0.07262 0.03158 -0.03849
v 0.07211 0.03175 -0.03853
v 0.07234 0.03169 -0.03851
v 0.07219 0.03138 -0.03851
v 0.07237 0.03121 -0.03848
v 0.07209 0.03120 -0.03851
v 0.07263 0.03104 -0.03846
v 0.07233 0.03086 -0.03847
v 0.07199 0.03098 -0.03866
v 0.07261 0.03062 -0.03844
v 0.07191 0.03077 -0.03911
v 0.07226 0.03057 -0.03862
v 0.07184 0.03056 -0.03999
v 0.07219 0.03032 -0.03907
v 0.07257 0.03028 -0.03859
v 0.07215 0.03009 -0.03995
v 0.07253 0.03000 -0.03903
v 0.07328 0.03041 -0.03841
v 0.07328 0.03004 -0.03856
v 0.07328 0.03088 -0.03843
v 0.07328 0.03146 -0.03846
v 0.07393 0.03104 -0.03845
v 0.07394 0.03158 -0.03848
v 0.07395 0.03062 -0.03844
v 0.07420 0.03121 -0.03847
v 0.07397 0.03221 -0.03852
v 0.07422 0.03169 -0.03850
v 0.07427 0.03226 -0.03854
v 0.07438 0.03138 -0.03850
v 0.07454 0.03229 -0.03856
v 0.07446 0.03174 -0.03852
v 0.07447 0.03120 -0.03850
v 0.07475 0.03225 -0.03858
v 0.07464 0.03167 -0.03854
v 0.07478 0.03152 -0.03870
v 0.07457 0.03098 -0.03865
v 0.07466 0.03077 -0.03909
v 0.07474 0.03056 -0.03998
v 0.07438 0.03032 -0.03905
v 0.07444 0.03008 -0.03993
v 0.07448 0.02986 -0.04139
v 0.07451 0.02962 -0.04357
v 0.07411 0.02951 -0.04136
v 0.07452 0.02935 -0.04660
v 0.07484 0.02984 -0.04665
v 0.07414 0.02928 -0.04354
v 0.07416 0.02901 -0.04657
v 0.07453 0.02902 -0.05064
v 0.07484 0.02950 -0.05068
v 0.07417 0.02868 -0.05060
v 0.07453 0.02862 -0.05581
v 0.07483 0.02908 -0.05585
v 0.07418 0.02828 -0.05577
v 0.07451 0.02815 -0.06184
v 0.07418 0.02783 -0.06181
v 0.07439 0.02764 -0.06847
v 0.07408 0.02733 -0.06843
v 0.07412 0.02710 -0.07542
v 0.07382 0.02681 -0.07538
v 0.07278 0.02605 -0.08234
v 0.07317 0.02657 -0.07535
v 0.07218 0.02628 -0.08237
v 0.07338 0.02708 -0.06841
v 0.07252 0.02681 -0.07538
v 0.07144 0.02604 -0.08916
v 0.07191 0.02657 -0.08240
v 0.07123 0.02642 -0.08921
v 0.07223 0.02710 -0.07542
v 0.07168 0.02696 -0.08245
v 0.07052 0.02637 -0.09553
v 0.07107 0.02690 -0.08927
v 0.06995 0.02590 -0.10100
v 0.07042 0.02691 -0.09560
v 0.06986 0.02642 -0.10108
v 0.07096 0.02747 -0.08935
v 0.06936 0.02600 -0.10551
v 0.07341 0.02802 -0.05575
v 0.07337 0.02841 -0.05058
v 0.07344 0.02757 -0.06178
v 0.07334 0.02873 -0.04655
v 0.07268 0.02733 -0.06844
v 0.07271 0.02783 -0.06181
v 0.07238 0.02764 -0.06848
v 0.07264 0.02829 -0.05578
v 0.07238 0.02815 -0.06185
v 0.07198 0.02752 -0.07547
v 0.07211 0.02807 -0.06853
v 0.07151 0.02747 -0.08252
v 0.07139 0.02806 -0.08260
v 0.07179 0.02805 -0.07554
v 0.07166 0.02867 -0.07561
v 0.07191 0.02863 -0.06859
v 0.07176 0.02928 -0.06867
v 0.07210 0.02860 -0.06190
v 0.07188 0.02918 -0.06197
v 0.07172 0.02986 -0.06205
v 0.07229 0.02862 -0.05582
v 0.07200 0.02909 -0.05587
v 0.07177 0.02968 -0.05594
v 0.07161 0.03038 -0.05601
v 0.07257 0.02869 -0.05061
v 0.07167 0.03012 -0.05076
v 0.07191 0.02951 -0.05070
v 0.07161 0.03047 -0.04673
v 0.07222 0.02903 -0.05065
v 0.07185 0.02984 -0.04667
v 0.07252 0.02901 -0.04658
v 0.07216 0.02936 -0.04662
v 0.07332 0.02900 -0.04351
v 0.07250 0.02928 -0.04355
v 0.07213 0.02963 -0.04358
v 0.07330 0.02924 -0.04134
v 0.07182 0.03012 -0.04363
v 0.07249 0.02952 -0.04137
v 0.07213 0.02986 -0.04141
v 0.07157 0.03074 -0.04369
v 0.07329 0.02948 -0.03988
v 0.07182 0.03035 -0.04145
v 0.07250 0.02975 -0.03991
v 0.07328 0.02974 -0.03900
v 0.07399 0.03028 -0.03858
v 0.07404 0.02999 -0.03902
v 0.07424 0.03085 -0.03846
v 0.07431 0.03057 -0.03861
v 0.07408 0.02975 -0.03990
v 0.07485 0.03537 -0.05129
v 0.07509 0.03475 -0.05122
v 0.07507 0.03420 -0.05640
v 0.07485 0.03580 -0.04724
v 0.07484 0.03480 -0.05646
v 0.07503 0.03355 -0.06244
v 0.07482 0.03413 -0.06251
v 0.07519 0.03287 -0.06237
v 0.07523 0.03350 -0.05632
v 0.07518 0.02985 -0.06203
v 0.07523 0.03038 -0.05599
v 0.07502 0.02918 -0.06195
v 0.07525 0.03404 -0.05115
v 0.07506 0.02968 -0.05592
v 0.07480 0.02860 -0.06189
v 0.07483 0.02908 -0.05585
v 0.07525 0.03083 -0.05082
v 0.07508 0.03012 -0.05075
v 0.07484 0.02950 -0.05068
v 0.07526 0.03119 -0.04678
v 0.07508 0.03046 -0.04671
v 0.07484 0.02984 -0.04665
v 0.07507 0.03074 -0.04367
v 0.07482 0.03011 -0.04362
v 0.07524 0.03147 -0.04374
v 0.07525 0.03475 -0.04406
v 0.07526 0.03445 -0.04711
v 0.07508 0.03548 -0.04414
v 0.07509 0.03518 -0.04718
v 0.07483 0.03611 -0.04420
v 0.06424 0.01966 -0.13710
v 0.06421 0.01907 -0.13678
v 0.06469 0.02036 -0.13445
v 0.06473 0.02094 -0.13476
v 0.06481 0.01774 -0.13318
v 0.06373 0.01820 -0.13947
v 0.06434 0.01641 -0.13544
v 0.06490 0.01715 -0.13291
v 0.06442 0.01581 -0.13516
v 0.06371 0.01760 -0.13914
v 0.06326 0.01661 -0.14182
v 0.06383 0.01490 -0.13775
v 0.06391 0.01429 -0.13746
v 0.06324 0.01600 -0.14148
v 0.06287 0.01495 -0.14411
v 0.06337 0.01327 -0.14007
v 0.06345 0.01265 -0.13978
v 0.06286 0.01434 -0.14377
v 0.06245 0.01329 -0.14630
v 0.06298 0.01158 -0.14236
v 0.06245 0.01268 -0.14596
v 0.06213 0.01169 -0.14835
v 0.06256 0.00990 -0.14455
v 0.06213 0.01107 -0.14802
v 0.06182 0.01019 -0.15021
v 0.06222 0.00828 -0.14662
v 0.06183 0.00957 -0.14989
v 0.06161 0.00885 -0.15186
v 0.06187 0.00678 -0.14852
v 0.06161 0.00823 -0.15154
v 0.06159 0.00544 -0.15019
v 0.06170 0.00482 -0.14991
v 0.06144 0.00430 -0.15161
v 0.06133 0.00618 -0.15402
v 0.07143 0.03119 -0.04680
v 0.07140 0.03148 -0.04377
vt 0.91185 0.07237
vt 0.91162 0.25136
vt 0.86985 0.24880
vt 0.87018 0.07424
vt 0.82111 0.24558
vt 0.82155 0.07658
vt 0.76758 0.24177
vt 0.76815 0.07915
vt 0.71147 0.23748
vt 0.71218 0.08172
vt 0.65499 0.23284
vt 0.65583 0.08408
vt 0.60034 0.22799
vt 0.60130 0.08603
vt 0.54973 0.22310
vt 0.55081 0.08741
vt 0.50536 0.21823
vt 0.50654 0.08794
vt 0.00000 1.00000
vt 0.00000 1.00000
vt 0.00000 1.00000
vt 0.00000 1.00000
vt 0.00000 1.00000
vt 0.00000 1.00000
vt 0.00000 1.00000
vt 0.00000 1.00000
vt 0.00000 1.00000
vt 0.00000 1.00000
vt 0.00000 1.00000
vt 0.00000 1.00000
vt 0.00000 1.00000
vt 0.00000 1.00000
vt 0.00000 1.00000
vt 0.00000 1.00000
vt 0.00000 1.00000
vt 0.00000 1.00000
vt 0.00000 1.00000
vt 0.00000 1.00000
vt 0.00000 1.00000
vt 0.00000 1.00000
vt 0.00000 1.00000
vt 0.00000 1.00000
vt 0.00000 1.00000
vt 0.00000 1.00000
vt 0.00000 1.00000
vt 0.00000 1.00000
vt 0.00000 1.00000
vt 0.00000 1.00000
vt 0.00000 1.00000
vt 0.00000 1.00000
vt 0.00000 1.00000
vt 0.00000 1.00000
vt 0.00000 1.00000
vt 0.00000 1.00000
vt 0.00000 1.00000
vt 0.00000 1.00000
vt 0.00000 1.00000
vt 0.00000 1.00000
vt 0.00000 1.00000
vt 0.00000 1.00000
vt 0.00000 1.00000
vt 0.00000 1.00000
vt 0.00000 1.00000
vt 0.00000 1.00000
vt 0.00000 1.00000
vt 0.00000 1.00000
vt 0.00000 1.00000
vt 0.00000 1.00000
vt 0.00000 1.00000
vt 0.00000 1.00000
vt 0.00000 1.00000
vt 0.00000 1.00000
vt 0.00000 1.00000
vt 0.00000 1.00000
vt 0.00000 1.00000
vt 0.00000 1.00000
vt 0.00000 1.00000
vt 0.00000 1.00000
vt 0.00000 1.00000
vt 0.00000 1.00000
vt 0.00000 1.00000
vt 0.00000 1.00000
vt 0.00000 1.00000
vt 0.00000 1.00000
vt 0.00000 1.00000
vt 0.00000 1.00000
vt 0.00000 1.00000
vt 0.00000 1.00000
vt 0.00000 1.00000
vt 0.00000 1.00000
vt 0.00000 1.00000
vt 0.00000 1.00000
vt 0.00000 1.00000
vt 0.00000 1.00000
vt 0.00000 1.00000
vt 0.00000 1.00000
vt 0.00000 1.00000
vt 0.00000 1.00000
vt 0.00000 1.00000
vt 0.00000 1.00000
vt 0.00000 1.00000
vt 0.00000 1.00000
vt 0.00000 1.00000
vt 0.00000 1.00000
vt 0.00000 1.00000
vt 0.00000 1.00000
vt 0.00000 1.00000
vt 0.00000 1.00000
vt 0.00000 1.00000
vt 0.00000 1.00000
vt 0.00000 1.00000
vt 0.00000 1.00000
vt 0.00000 1.00000
vt 0.00000 1.00000
vt 0.00000 1.00000
vt 0.00000 1.00000
vt 0.00000 1.00000
vt 0.00000 1.00000
vt 0.00000 1.00000
vt 0.00000 1.00000
vt 0.00000 1.00000
vt 0.00000 1.00000
vt 0.00000 1.00000
vt 0.00000 1.00000
vt 0.00000 1.00000
vt 0.00000 1.00000
vt 0.00000 1.00000
vt 0.00000 1.00000
vt 0.00000 1.00000
vt 0.00000 1.00000
vt 0.00000 1.00000
vt 0.00000 1.00000
vt 0.00000 1.00000
vt 0.00000 1.00000
vt 0.00000 1.00000
vt 0.00000 1.00000
vt 0.00000 1.00000
vt 0.00000 1.00000
vt 0.00000 1.00000
vt 0.00000 1.00000
vt 0.00000 1.00000
vt 0.00000 1.00000
vt 0.00000 1.00000
vt 0.00000 1.00000
vt 0.00000 1.00000
vt 0.00000 1.00000
vt 0.00000 1.00000
vt 0.00000 1.00000
vt 0.00000 1.00000
vt 0.00000 1.00000
vt 0.00000 1.00000
vt 0.00000 1.00000
vt 0.00000 1.00000
vt 0.00000 1.00000
vt 0.00000 1.00000
vt 0.00000 1.00000
vt 0.00000 1.00000
vt 0.00000 1.00000
vt 0.00000 1.00000
vt 0.00000 1.00000
vt 0.00000 1.00000
vt 0.00000 1.00000
vt 0.00000 1.00000
vt 0.00000 1.00000
vt 0.00000 1.00000
vt 0.00000 1.00000
vt 0.00000 1.00000
vt 0.00000 1.00000
vt 0.00000 1.00000
vt 0.00000 1.00000
vt 0.00000 1.00000
vt 0.00000 1.00000
vt 0.00000 1.00000
vt 0.00000 1.00000
vt 0.00000 1.00000
vt 0.00000 1.00000
vt 0.00000 1.00000
vt 0.00000 1.00000
vt 0.00000 1.00000
vt 0.00000 1.00000
vt 0.00000 1.00000
vt 0.00000 1.00000
vt 0.00000 1.00000
vt 0.00000 1.00000
vt 0.00000 1.00000
vt 0.00000 1.00000
vt 0.00000 1.00000
vt 0.00000 1.00000
vt 0.00000 1.00000
vt 0.00000 1.00000
vt 0.00000 1.00000
vt 0.00000 1.00000
vt 0.00000 1.00000
vt 0.00000 1.00000
vt 0.00000 1.00000
vt 0.00000 1.00000
vt 0.00000 1.00000
vt 0.00000 1.00000
vt 0.00000 1.00000
vt 0.00000 1.00000
vt 0.00000 1.00000
vt 0.00000 1.00000
vt 0.00000 1.00000
vt 0.00000 1.00000
vt 0.00000 1.00000
vt 0.00000 1.00000
vt 0.00000 1.00000
vt 0.00000 1.00000
vt 0.00000 1.00000
vt 0.00000 1.00000
vt 0.00000 1.00000
vt 0.00000 1.00000
vt 0.00000 1.00000
vt 0.00000 1.00000
vt 0.00000 1.00000
vt 0.00000 1.00000
vt 0.00000 1.00000
vt 0.00000 1.00000
vt 0.00000 1.00000
vt 0.00000 1.00000
vt 0.00000 1.00000
vt 0.00000 1.00000
vt 0.00000 1.00000
vt 0.00000 1.00000
vt 0.00000 1.00000
vt 0.00000 1.00000
vt 0.00000 1.00000
vt 0.00000 1.00000
vt 0.00000 1.00000
vt 0.00000 1.00000
vt 0.00000 1.00000
vt 0.00000 1.00000
vt 0.00000 1.00000
vt 0.00000 1.00000
vt 0.00000 1.00000
vt 0.00000 1.00000
vt 0.00000 1.00000
vt 0.00000 1.00000
vt 0.00000 1.00000
vt 0.00000 1.00000
vt 0.00000 1.00000
vt 0.00000 1.00000
vt 0.00000 1.00000
vt 0.00000 1.00000
vt 0.00000 1.00000
vt 0.00000 1.00000
vt 0.00000 1.00000
vt 0.00000 1.00000
vt 0.00000 1.00000
vt 0.00000 1.00000
vt 0.00000 1.00000
vt 0.00000 1.00000
vt 0.00000 1.00000
vt 0.00000 1.00000
vt 0.00000 1.00000
vt 0.00000 1.00000
vt 0.00000 1.00000
vt 0.00000 1.00000
vt 0.00000 1.00000
vt 0.00000 1.00000
vt 0.00000 1.00000
vt 0.00000 1.00000
vt 0.00000 1.00000
vt 0.00000 1.00000
vt 0.00000 1.00000
vt 0.00000 1.00000
vt 0.00000 1.00000
vt 0.00000 1.00000
vt 0.00000 1.00000
vt 0.00000 1.00000
vt 0.00000 1.00000
vt 0.00000 1.00000
vt 0.00000 1.00000
vt 0.00000 1.00000
vt 0.00000 1.00000
vt 0.00000 1.00000
vt 0.00000 1.00000
vt 0.00000 1.00000
vt 0.00000 1.00000
vt 0.00000 1.00000
vt 0.00000 1.00000
vt 0.00000 1.00000
vt 0.00000 1.00000
vt 0.00000 1.00000
vt 0.00000 1.00000
vt 0.00000 1.00000
vt 0.00000 1.00000
vt 0.00000 1.00000
vt 0.00000 1.00000
vt 0.00000 1.00000
vt 0.00000 1.00000
vt 0.00000 1.00000
vt 0.00000 1.00000
vt 0.00000 1.00000
vt 0.00000 1.00000
vt 0.00000 1.00000
vt 0.00000 1.00000
vt 0.00000 1.00000
vt 0.00000 1.00000
vt 0.00000 1.00000
vt 0.00000 1.00000
vt 0.00000 1.00000
vt 0.00000 1.00000
vt 0.00000 1.00000
vt 0.00000 1.00000
vt 0.00000 1.00000
vt 0.00000 1.00000
vt 0.00000 1.00000
vt 0.00000 1.00000
vt 0.00000 1.00000
vt 0.00000 1.00000
vt 0.00000 1.00000
vt 0.00000 1.00000
vt 0.00000 1.00000
vt 0.00000 1.00000
vt 0.00000 1.00000
vt 0.00000 1.00000
vt 0.00000 1.00000
vt 0.00000 1.00000
vt 0.00000 1.00000
vt 0.00000 1.00000
vt 0.00000 1.00000
vt 0.00000 1.00000
vt 0.00000 1.00000
vt 0.00000 1.00000
vt 0.00000 1.00000
vt 0.00000 1.00000
vt 0.00000 1.00000
vt 0.00000 1.00000
vt 0.00000 1.00000
vt 0.00000 1.00000
vt 0.00000 1.00000
vt 0.00000 1.00000
vt 0.00000 1.00000
vt 0.00000 1.00000
vt 0.00000 1.00000
vt 0.00000 1.00000
vt 0.00000 1.00000
vt 0.00000 1.00000
vt 0.00000 1.00000
vt 0.00000 1.00000
vt 0.00000 1.00000
vt 0.00000 1.00000
vt 0.00000 1.00000
vt 0.00000 1.00000
vt 0.00000 1.00000
vt 0.00000 1.00000
vt 0.00000 1.00000
vt 0.00000 1.00000
vt 0.00000 1.00000
vt 0.00000 1.00000
vt 0.00000 1.00000
vt 0.00000 1.00000
vt 0.00000 1.00000
vt 0.00000 1.00000
vt 0.00000 1.00000
vt 0.00000 1.00000
vt 0.00000 1.00000
vt 0.00000 1.00000
vt 0.00000 1.00000
vt 0.00000 1.00000
vt 0.00000 1.00000
vt 0.00000 1.00000
vt 0.00000 1.00000
vt 0.00000 1.00000
vt 0.00000 1.00000
vt 0.00000 1.00000
vt 0.00000 1.00000
vt 0.00000 1.00000
vt 0.00000 1.00000
vt 0.00000 1.00000
vt 0.00000 1.00000
vt 0.00000 1.00000
vt 0.00000 1.00000
vt 0.00000 1.00000
vt 0.00000 1.00000
vt 0.00000 1.00000
vt 0.00000 1.00000
vt 0.00000 1.00000
vt 0.00000 1.00000
vt 0.00000 1.00000
vt 0.00000 1.00000
vt 0.00000 1.00000
vt 0.00000 1.00000
vt 0.00000 1.00000
vt 0.00000 1.00000
vt 0.00000 1.00000
vt 0.00000 1.00000
vt 0.00000 1.00000
vt 0.00000 1.00000
vt 0.00000 1.00000
vt 0.00000 1.00000
vt 0.00000 1.00000
vt 0.00000 1.00000
vt 0.00000 1.00000
vt 0.00000 1.00000
vt 0.00000 1.00000
vt 0.00000 1.00000
vt 0.00000 1.00000
vt 0.00000 1.00000
vt 0.00000 1.00000
vt 0.00000 1.00000
vt 0.00000 1.00000
vt 0.00000 1.00000
vt 0.00000 1.00000
vt 0.00000 1.00000
vt 0.00000 1.00000
vt 0.00000 1.00000
vt 0.00000 1.00000
vt 0.00000 1.00000
vt 0.00000 1.00000
vt 0.00000 1.00000
vt 0.00000 1.00000
vt 0.00000 1.00000
vt 0.00000 1.00000
vt 0.00000 1.00000
vt 0.00000 1.00000
vt 0.00000 1.00000
vt 0.00000 1.00000
vt 0.00000 1.00000
vt 0.00000 1.00000
vt 0.00000 1.00000
vt 0.00000 1.00000
vt 0.00000 1.00000
vt 0.00000 1.00000
vt 0.00000 1.00000
vt 0.00000 1.00000
vt 0.00000 1.00000
vt 0.00000 1.00000
vt 0.00000 1.00000
vt 0.00000 1.00000
vt 0.00000 1.00000
vt 0.00000 1.00000
vt 0.00000 1.00000
vt 0.00000 1.00000
vt 0.00000 1.00000
vt 0.00000 1.00000
vt 0.00000 1.00000
vt 0.00000 1.00000
vt 0.00000 1.00000
vt 0.00000 1.00000
vt 0.00000 1.00000
vt 0.00000 1.00000
vt 0.00000 1.00000
vt 0.00000 1.00000
vt 0.00000 1.00000
vt 0.00000 1.00000
vt 0.00000 1.00000
vt 0.00000 1.00000
vt 0.00000 1.00000
vt 0.00000 1.00000
vt 0.00000 1.00000
vt 0.00000 1.00000
vt 0.00000 1.00000
vt 0.00000 1.00000
vt 0.00000 1.00000
vt 0.00000 1.00000
vt 0.00000 1.00000
vt 0.00000 1.00000
vt 0.00000 1.00000
vt 0.00000 1.00000
vt 0.00000 1.00000
vt 0.00000 1.00000
vt 0.00000 1.00000
vt 0.00000 1.00000
vt 0.00000 1.00000
vt 0.00000 1.00000
vt 0.00000 1.00000
vt 0.00000 1.00000
vt 0.00000 1.00000
vt 0.00000 1.00000
vt 0.00000 1.00000
vt 0.00000 1.00000
vt 0.00000 1.00000
vt 0.00000 1.00000
vt 0.00000 1.00000
vt 0.00000 1.00000
vt 0.00000 1.00000
vt 0.00000 1.00000
vt 0.00000 1.00000
vt 0.00000 1.00000
vt 0.00000 1.00000
vt 0.00000 1.00000
vt 0.00000 1.00000
vt 0.00000 1.00000
vt 0.00000 1.00000
vt 0.00000 1.00000
vt 0.00000 1.00000
vt 0.00000 1.00000
vt 0.00000 1.00000
vt 0.00000 1.00000
vt 0.00000 1.00000
vt 0.00000 1.00000
vt 0.00000 1.00000
vt 0.00000 1.00000
vt 0.00000 1.00000
vt 0.00000 1.00000
vt 0.00000 1.00000
vt 0.00000 1.00000
vt 0.00000 1.00000
vt 0.00000 1.00000
vt 0.00000 1.00000
vt 0.00000 1.00000
vt 0.00000 1.00000
vt 0.00000 1.00000
vt 0.00000 1.00000
vt 0.00000 1.00000
vt 0.00000 1.00000
vt 0.00000 1.00000
vt 0.00000 1.00000
vt 0.00000 1.00000
vt 0.00000 1.00000
vt 0.00000 1.00000
vt 0.00000 1.00000
vt 0.00000 1.00000
vt 0.00000 1.00000
vt 0.00000 1.00000
vt 0.00000 1.00000
vt 0.00000 1.00000
vt 0.00000 1.00000
vt 0.00000 1.00000
vt 0.00000 1.00000
vt 0.00000 1.00000
vt 0.00000 1.00000
vt 0.00000 1.00000
vt 0.00000 1.00000
vt 0.00000 1.00000
vt 0.00000 1.00000
vt 0.00000 1.00000
vt 0.00000 1.00000
vt 0.00000 1.00000
vt 0.00000 1.00000
vt 0.00000 1.00000
vt 0.00000 1.00000
vt 0.00000 1.00000
vt 0.00000 1.00000
vt 0.00000 1.00000
vt 0.00000 1.00000
vt 0.00000 1.00000
vt 0.00000 1.00000
vt 0.00000 1.00000
vt 0.00000 1.00000
vt 0.00000 1.00000
vt 0.00000 1.00000
vt 0.00000 1.00000
vt 0.00000 1.00000
vt 0.00000 1.00000
vt 0.00000 1.00000
vt 0.00000 1.00000
vt 0.00000 1.00000
vt 0.00000 1.00000
vt 0.00000 1.00000
vt 0.00000 1.00000
vt 0.00000 1.00000
vt 0.00000 1.00000
vt 0.00000 1.00000
vt 0.00000 1.00000
vt 0.00000 1.00000
vt 0.00000 1.00000
vt 0.00000 1.00000
vt 0.00000 1.00000
vt 0.00000 1.00000
vt 0.00000 1.00000
vt 0.00000 1.00000
vt 0.00000 1.00000
vt 0.00000 1.00000
vt 0.00000 1.00000
vt 0.00000 1.00000
vt 0.00000 1.00000
vt 0.00000 1.00000
vt 0.00000 1.00000
vt 0.00000 1.00000
vt 0.00000 1.00000
vt 0.00000 1.00000
vt 0.00000 1.00000
vt 0.00000 1.00000
vt 0.00000 1.00000
vt 0.00000 1.00000
vt 0.00000 1.00000
vt 0.00000 1.00000
vt 0.00000 1.00000
vt 0.00000 1.00000
vt 0.00000 1.00000
vt 0.00000 1.00000
vt 0.00000 1.00000
vt 0.00000 1.00000
vt 0.00000 1.00000
vt 0.00000 1.00000
vt 0.00000 1.00000
vt 0.00000 1.00000
vt 0.00000 1.00000
vt 0.00000 1.00000
vt 0.00000 1.00000
vt 0.00000 1.00000
vt 0.00000 1.00000
vt 0.00000 1.00000
vt 0.00000 1.00000
vt 0.00000 1.00000
vt 0.00000 1.00000
vt 0.00000 1.00000
vt 0.00000 1.00000
vt 0.00000 1.00000
vt 0.00000 1.00000
vt 0.00000 1.00000
vt 0.00000 1.00000
vt 0.00000 1.00000
vt 0.00000 1.00000
vt 0.00000 1.00000
vt 0.00000 1.00000
vt 0.00000 1.00000
vt 0.00000 1.00000
vt 0.00000 1.00000
vt 0.00000 1.00000
vt 0.00000 1.00000
vt 0.00000 1.00000
vt 0.00000 1.00000
vt 0.00000 1.00000
vt 0.00000 1.00000
vt 0.00000 1.00000
vt 0.00000 1.00000
vt 0.00000 1.00000
vt 0.00000 1.00000
vt 0.00000 1.00000
vt 0.00000 1.00000
vt 0.00000 1.00000
vt 0.00000 1.00000
vt 0.00000 1.00000
vt 0.00000 1.00000
vt 0.00000 1.00000
vt 0.00000 1.00000
vt 0.00000 1.00000
vt 0.00000 1.00000
vt 0.00000 1.00000
vt 0.00000 1.00000
vt 0.00000 1.00000
vt 0.00000 1.00000
vt 0.00000 1.00000
vt 0.00000 1.00000
vt 0.00000 1.00000
vt 0.00000 1.00000
vt 0.00000 1.00000
vt 0.00000 1.00000
vt 0.00000 1.00000
vt 0.00000 1.00000
vt 0.00000 1.00000
vt 0.00000 1.00000
vt 0.00000 1.00000
vt 0.00000 1.00000
vt 0.00000 1.00000
vt 0.00000 1.00000
vt 0.00000 1.00000
vt 0.00000 1.00000
vt 0.00000 1.00000
vt 0.00000 1.00000
vt 0.00000 1.00000
vt 0.00000 1.00000
vt 0.00000 1.00000
vt 0.00000 1.00000
vt 0.00000 1.00000
vt 0.00000 1.00000
vt 0.00000 1.00000
vt 0.00000 1.00000
vt 0.00000 1.00000
vt 0.00000 1.00000
vt 0.00000 1.00000
vt 0.00000 1.00000
vt 0.00000 1.00000
vt 0.00000 1.00000
vt 0.00000 1.00000
vt 0.00000 1.00000
vt 0.00000 1.00000
vt 0.00000 1.00000
vt 0.00000 1.00000
vt 0.00000 1.00000
vt 0.00000 1.00000
vt 0.00000 1.00000
vt 0.00000 1.00000
vt 0.00000 1.00000
vt 0.00000 1.00000
vt 0.00000 1.00000
vt 0.00000 1.00000
vt 0.00000 1.00000
vt 0.00000 1.00000
vt 0.00000 1.00000
vt 0.00000 1.00000
vt 0.00000 1.00000
vt 0.00000 1.00000
vt 0.00000 1.00000
vt 0.00000 1.00000
vt 0.00000 1.00000
vt 0.00000 1.00000
vt 0.00000 1.00000
vt 0.00000 1.00000
vt 0.00000 1.00000
vt 0.00000 1.00000
vt 0.00000 1.00000
vt 0.00000 1.00000
vt 0.00000 1.00000
vt 0.00000 1.00000
vt 0.00000 1.00000
vt 0.00000 1.00000
vt 0.00000 1.00000
vt 0.00000 1.00000
vt 0.00000 1.00000
vt 0.00000 1.00000
vt 0.00000 1.00000
vt 0.00000 1.00000
vt 0.00000 1.00000
vt 0.00000 1.00000
vt 0.00000 1.00000
vt 0.00000 1.00000
vt 0.00000 1.00000
vt 0.00000 1.00000
vt 0.00000 1.00000
vt 0.00000 1.00000
vt 0.00000 1.00000
vt 0.00000 1.00000
vt 0.00000 1.00000
vt 0.00000 1.00000
vt 0.00000 1.00000
vt 0.00000 1.00000
vt 0.00000 1.00000
vt 0.00000 1.00000
vt 0.00000 1.00000
vt 0.00000 1.00000
vt 0.00000 1.00000
vt 0.00000 1.00000
vt 0.00000 1.00000
vt 0.00000 1.00000
vt 0.00000 1.00000
vt 0.00000 1.00000
vt 0.00000 1.00000
vt 0.00000 1.00000
vt 0.00000 1.00000
vt 0.00000 1.00000
vt 0.00000 1.00000
vt 0.00000 1.00000
vt 0.00000 1.00000
vt 0.00000 1.00000
vt 0.00000 1.00000
vt 0.00000 1.00000
vt 0.00000 1.00000
vt 0.00000 1.00000
vt 0.00000 1.00000
vt 0.00000 1.00000
vt 0.00000 1.00000
vt 0.00000 1.00000
vt 0.00000 1.00000
vt 0.00000 1.00000
vt 0.00000 1.00000
vt 0.00000 1.00000
vt 0.00000 1.00000
vt 0.00000 1.00000
vt 0.00000 1.00000
vt 0.00000 1.00000
vt 0.00000 1.00000
vt 0.00000 1.00000
vt 0.00000 1.00000
vt 0.00000 1.00000
vt 0.00000 1.00000
vt 0.00000 1.00000
vt 0.00000 1.00000
vt 0.00000 1.00000
vt 0.00000 1.00000
vt 0.00000 1.00000
vt 0.00000 1.00000
vt 0.00000 1.00000
vt 0.00000 1.00000
vt 0.00000 1.00000
vt 0.00000 1.00000
vt 0.00000 1.00000
vt 0.00000 1.00000
vt 0.00000 1.00000
vt 0.00000 1.00000
vt 0.00000 1.00000
vt 0.00000 1.00000
vt 0.00000 1.00000
vt 0.00000 1.00000
vt 0.00000 1.00000
vt 0.00000 1.00000
vt 0.00000 1.00000
vt 0.00000 1.00000
vt 0.00000 1.00000
vt 0.00000 1.00000
vt 0.00000 1.00000
vt 0.00000 1.00000
vt 0.00000 1.00000
vt 0.00000 1.00000
vt 0.00000 1.00000
vt 0.00000 1.00000
vt 0.00000 1.00000
vt 0.00000 1.00000
vt 0.00000 1.00000
vt 0.00000 1.00000
vt 0.00000 1.00000
vt 0.00000 1.00000
vt 0.00000 1.00000
vt 0.00000 1.00000
vt 0.00000 1.00000
vt 0.00000 1.00000
vt 0.00000 1.00000
vt 0.00000 1.00000
vt 0.00000 1.00000
vt 0.00000 1.00000
vt 0.00000 1.00000
vt 0.00000 1.00000
vt 0.00000 1.00000
vt 0.00000 1.00000
vt 0.00000 1.00000
vt 0.00000 1.00000
vt 0.00000 1.00000
vt 0.00000 1.00000
vt 0.00000 1.00000
vt 0.00000 1.00000
vt 0.00000 1.00000
vt 0.00000 1.00000
vt 0.00000 1.00000
vt 0.00000 1.00000
vt 0.00000 1.00000
vt 0.00000 1.00000
vt 0.00000 1.00000
vt 0.00000 1.00000
vt 0.00000 1.00000
vt 0.00000 1.00000
vt 0.00000 1.00000
vt 0.00000 1.00000
vt 0.00000 1.00000
vt 0.00000 1.00000
vt 0.00000 1.00000
vt 0.00000 1.00000
vt 0.00000 1.00000
vt 0.00000 1.00000
vt 0.00000 1.00000
vt 0.00000 1.00000
vt 0.00000 1.00000
vt 0.00000 1.00000
vt 0.00000 1.00000
vt 0.00000 1.00000
vt 0.00000 1.00000
vt 0.00000 1.00000
vt 0.00000 1.00000
vt 0.00000 1.00000
vt 0.00000 1.00000
vt 0.00000 1.00000
vt 0.00000 1.00000
vt 0.00000 1.00000
vt 0.00000 1.00000
vt 0.00000 1.00000
vt 0.00000 1.00000
vt 0.00000 1.00000
vt 0.00000 1.00000
vt 0.00000 1.00000
vt 0.00000 1.00000
vt 0.00000 1.00000
vt 0.00000 1.00000
vt 0.00000 1.00000
vt 0.00000 1.00000
vt 0.00000 1.00000
vt 0.00000 1.00000
vt 0.00000 1.00000
vt 0.00000 1.00000
vt 0.00000 1.00000
vt 0.00000 1.00000
vt 0.00000 1.00000
vt 0.00000 1.00000
vt 0.00000 1.00000
vt 0.00000 1.00000
vt 0.00000 1.00000
vt 0.00000 1.00000
vt 0.00000 1.00000
vt 0.00000 1.00000
vt 0.00000 1.00000
vt 0.00000 1.00000
vt 0.00000 1.00000
vt 0.00000 1.00000
vt 0.00000 1.00000
vt 0.00000 1.00000
vt 0.00000 1.00000
vt 0.00000 1.00000
vt 0.00000 1.00000
vt 0.00000 1.00000
vt 0.00000 1.00000
vt 0.00000 1.00000
vt 0.00000 1.00000
vt 0.00000 1.00000
vt 0.00000 1.00000
vt 0.00000 1.00000
vt 0.00000 1.00000
vt 0.00000 1.00000
vt 0.00000 1.00000
vt 0.00000 1.00000
vt 0.00000 1.00000
vt 0.00000 1.00000
vt 0.00000 1.00000
vt 0.00000 1.00000
vt 0.00000 1.00000
vt 0.00000 1.00000
vt 0.00000 1.00000
vt 0.00000 1.00000
vt 0.00000 1.00000
vt 0.00000 1.00000
vt 0.00000 1.00000
vt 0.00000 1.00000
vt 0.00000 1.00000
vt 0.00000 1.00000
vt 0.00000 1.00000
vt 0.00000 1.00000
vt 0.00000 1.00000
vt 0.00000 1.00000
vt 0.00000 1.00000
vt 0.00000 1.00000
vt 0.00000 1.00000
vt 0.00000 1.00000
vt 0.00000 1.00000
vt 0.00000 1.00000
vt 0.00000 1.00000
vt 0.00000 1.00000
vt 0.00000 1.00000
vt 0.00000 1.00000
vt 0.00000 1.00000
vt 0.00000 1.00000
vt 0.00000 1.00000
vt 0.00000 1.00000
vt 0.00000 1.00000
vt 0.00000 1.00000
vt 0.00000 1.00000
vt 0.00000 1.00000
vt 0.00000 1.00000
vt 0.00000 1.00000
vt 0.00000 1.00000
vt 0.00000 1.00000
vt 0.00000 1.00000
vt 0.00000 1.00000
vt 0.00000 1.00000
vt 0.00000 1.00000
vt 0.00000 1.00000
vt 0.00000 1.00000
vt 0.00000 1.00000
vt 0.00000 1.00000
vt 0.00000 1.00000
vt 0.00000 1.00000
vt 0.00000 1.00000
vt 0.00000 1.00000
vt 0.00000 1.00000
vt 0.00000 1.00000
vt 0.00000 1.00000
vt 0.00000 1.00000
vt 0.00000 1.00000
vt 0.00000 1.00000
vt 0.00000 1.00000
vt 0.00000 1.00000
vt 0.00000 1.00000
vt 0.00000 1.00000
vt 0.00000 1.00000
vt 0.00000 1.00000
vt 0.00000 1.00000
vt 0.00000 1.00000
vt 0.00000 1.00000
vt 0.00000 1.00000
vt 0.00000 1.00000
vt 0.00000 1.00000
vt 0.00000 1.00000
vt 0.00000 1.00000
vt 0.00000 1.00000
vt 0.00000 1.00000
vt 0.00000 1.00000
vt 0.00000 1.00000
vt 0.00000 1.00000
vt 0.00000 1.00000
vt 0.00000 1.00000
vt 0.00000 1.00000
vt 0.00000 1.00000
vt 0.00000 1.00000
vt 0.00000 1.00000
vt 0.00000 1.00000
vt 0.00000 1.00000
vt 0.00000 1.00000
vt 0.00000 1.00000
vt 0.00000 1.00000
vt 0.00000 1.00000
vt 0.00000 1.00000
vt 0.00000 1.00000
vt 0.00000 1.00000
vt 0.00000 1.00000
vt 0.00000 1.00000
vt 0.00000 1.00000
vt 0.00000 1.00000
vt 0.00000 1.00000
vt 0.00000 1.00000
vt 0.00000 1.00000
vt 0.00000 1.00000
vt 0.00000 1.00000
vt 0.00000 1.00000
vt 0.00000 1.00000
vt 0.00000 1.00000
vt 0.00000 1.00000
vt 0.00000 1.00000
vt 0.00000 1.00000
vt 0.00000 1.00000
vt 0.00000 1.00000
vt 0.00000 1.00000
vt 0.00000 1.00000
vt 0.00000 1.00000
vt 0.00000 1.00000
vt 0.00000 1.00000
vt 0.00000 1.00000
vt 0.00000 1.00000
vt 0.00000 1.00000
vt 0.00000 1.00000
vt 0.00000 1.00000
vt 0.00000 1.00000
vt 0.00000 1.00000
vt 0.00000 1.00000
vt 0.00000 1.00000
vt 0.00000 1.00000
vt 0.00000 1.00000
vt 0.00000 1.00000
vt 0.00000 1.00000
vt 0.00000 1.00000
vt 0.00000 1.00000
vt 0.00000 1.00000
vt 0.00000 1.00000
vt 0.00000 1.00000
vt 0.00000 1.00000
vt 0.00000 1.00000
vt 0.00000 1.00000
vt 0.00000 1.00000
vt 0.00000 1.00000
vt 0.00000 1.00000
vt 0.00000 1.00000
vt 0.00000 1.00000
vt 0.00000 1.00000
vt 0.00000 1.00000
vt 0.00000 1.00000
vt 0.00000 1.00000
vt 0.00000 1.00000
vt 0.00000 1.00000
vt 0.00000 1.00000
vt 0.00000 1.00000
vt 0.00000 1.00000
vt 0.00000 1.00000
vt 0.00000 1.00000
vt 0.00000 1.00000
vt 0.00000 1.00000
vt 0.00000 1.00000
vt 0.00000 1.00000
vt 0.00000 1.00000
vt 0.00000 1.00000
vt 0.00000 1.00000
vt 0.00000 1.00000
vt 0.00000 1.00000
vt 0.00000 1.00000
vt 0.00000 1.00000
vt 0.00000 1.00000
vt 0.00000 1.00000
vt 0.00000 1.00000
vt 0.00000 1.00000
vt 0.00000 1.00000
vt 0.00000 1.00000
vt 0.00000 1.00000
vt 0.00000 1.00000
vt 0.00000 1.00000
vt 0.00000 1.00000
vt 0.00000 1.00000
vt 0.00000 1.00000
vt 0.00000 1.00000
vt 0.00000 1.00000
vt 0.00000 1.00000
vt 0.00000 1.00000
vt 0.00000 1.00000
vt 0.00000 1.00000
vt 0.00000 1.00000
vt 0.00000 1.00000
vt 0.00000 1.00000
vt 0.00000 1.00000
vt 0.00000 1.00000
vt 0.00000 1.00000
vt 0.00000 1.00000
vt 0.00000 1.00000
vt 0.00000 1.00000
vt 0.00000 1.00000
vt 0.00000 1.00000
vt 0.00000 1.00000
vt 0.00000 1.00000
vt 0.00000 1.00000
vt 0.00000 1.00000
vt 0.00000 1.00000
vt 0.00000 1.00000
vt 0.00000 1.00000
vt 0.00000 1.00000
vt 0.00000 1.00000
vt 0.00000 1.00000
vt 0.00000 1.00000
vt 0.00000 1.00000
vt 0.00000 1.00000
vt 0.00000 1.00000
vt 0.00000 1.00000
vt 0.00000 1.00000
vt 0.00000 1.00000
vt 0.00000 1.00000
vt 0.00000 1.00000
vt 0.00000 1.00000
vt 0.00000 1.00000
vt 0.00000 1.00000
vt 0.00000 1.00000
vt 0.00000 1.00000
vt 0.00000 1.00000
vt 0.00000 1.00000
vt 0.00000 1.00000
vt 0.00000 1.00000
vt 0.18949 0.93164
vt 0.18945 0.84020
vt 0.28534 0.83445
vt 0.11464 0.93672
vt 0.28542 0.92361
vt 0.39725 0.82690
vt 0.39739 0.91321
vt 0.39708 0.72657
vt 0.28523 0.73080
vt 0.39635 0.28010
vt 0.28477 0.26961
vt 0.39618 0.18094
vt 0.18940 0.73393
vt 0.28467 0.16719
vt 0.39604 0.09626
vt 0.28458 0.07973
vt 0.18918 0.26106
vt 0.18912 0.15605
vt 0.18908 0.06639
vt 0.11459 0.25514
vt 0.11458 0.14841
vt 0.11457 0.05728
vt 0.05843 0.14510
vt 0.05845 0.05348
vt 0.05840 0.25240
vt 0.05831 0.73562
vt 0.11462 0.73576
vt 0.05828 0.84422
vt 0.11463 0.84378
vt 0.05826 0.93766
vt 0.86795 0.91414
vt 0.86657 0.81044
vt 0.91862 0.76829
vt 0.92016 0.86906
vt 0.91086 0.31729
vt 0.81350 0.93876
vt 0.85937 0.34700
vt 0.90893 0.21656
vt 0.85755 0.24362
vt 0.81219 0.83287
vt 0.75813 0.94577
vt 0.80528 0.36043
vt 0.80350 0.25520
vt 0.75684 0.83836
vt 0.70313 0.93829
vt 0.74997 0.35991
vt 0.74818 0.25351
vt 0.70182 0.82991
vt 0.64968 0.92161
vt 0.69478 0.34802
vt 0.64830 0.81272
vt 0.59910 0.89699
vt 0.64097 0.32951
vt 0.59763 0.78801
vt 0.55255 0.86893
vt 0.58989 0.30520
vt 0.55097 0.76015
vt 0.51129 0.83945
vt 0.54275 0.27910
vt 0.50960 0.73109
vt 0.50087 0.25273
vt 0.00000 1.00000
vt 0.00000 1.00000
vt 0.00000 1.00000
vt 0.00000 1.00000
vt 0.00000 1.00000
f 4857/1 4858/2 4859/3
f 4859/3 4860/4 4857/1
f 4860/4 4859/3 4861/5
f 4861/5 4862/6 4860/4
f 4862/6 4861/5 4863/7
f 4863/7 4864/8 4862/6
f 4864/8 4863/7 4865/9
f 4865/9 4866/10 4864/8
f 4866/10 4865/9 4867/11
f 4867/11 4868/12 4866/10
f 4868/12 4867/11 4869/13
f 4869/13 4870/14 4868/12
f 4870/14 4869/13 4871/15
f 4871/15 4872/16 4870/14
f 4872/16 4871/15 4873/17
f 4873/17 4874/18 4872/16
f 4875/19 4876/20 4877/21
f 4877/21 4878/22 4875/19
f 4876/20 4875/19 4879/23
f 4875/19 4878/22 4880/24
f 4880/24 4879/23 4875/19
f 4881/25 4877/21 4876/20
f 4879/23 4880/24 4882/26
f 4877/21 4881/25 4883/27
f 4879/23 4884/28 4876/20
f 4883/27 4885/29 4877/21
f 4878/22 4877/21 4885/29
f 4884/28 4879/23 4886/30
f 4882/26 4886/30 4879/23
f 4885/29 4887/31 4878/22
f 4878/22 4887/31 4888/32
f 4888/32 4880/24 4878/22
f 4889/33 4887/31 4885/29
f 4888/32 4887/31 4889/33
f 4890/34 4882/26 4880/24
f 4880/24 4888/32 4890/34
f 4882/26 4890/34 4891/35
f 4892/36 4890/34 4888/32
f 4891/35 4893/37 4882/26
f 4886/30 4882/26 4893/37
f 4894/38 4891/35 4890/34
f 4890/34 4892/36 4894/38
f 4888/32 4895/39 4892/36
f 4889/33 4895/39 4888/32
f 4896/40 4892/36 4895/39
f 4897/41 4895/39 4889/33
f 4895/39 4897/41 4896/40
f 4898/42 4894/38 4892/36
f 4892/36 4896/40 4898/42
f 4894/38 4898/42 4899/43
f 4900/44 4898/42 4896/40
f 4899/43 4901/45 4894/38
f 4891/35 4894/38 4901/45
f 4902/46 4899/43 4898/42
f 4898/42 4900/44 4902/46
f 4901/45 4903/47 4891/35
f 4893/37 4891/35 4903/47
f 4901/45 4899/43 4904/48
f 4903/47 4901/45 4905/49
f 4904/48 4905/49 4901/45
f 4903/47 4906/50 4893/37
f 4907/51 4904/48 4899/43
f 4899/43 4902/46 4907/51
f 4905/49 4908/52 4903/47
f 4906/50 4903/47 4908/52
f 4905/49 4904/48 4909/53
f 4908/52 4905/49 4910/54
f 4909/53 4910/54 4905/49
f 4911/55 4909/53 4904/48
f 4904/48 4907/51 4911/55
f 4910/54 4909/53 4912/56
f 4909/53 4911/55 4913/57
f 4913/57 4912/56 4909/53
f 4914/58 4911/55 4907/51
f 4915/59 4913/57 4911/55
f 4911/55 4914/58 4915/59
f 4907/51 4916/60 4914/58
f 4916/60 4907/51 4902/46
f 4917/61 4915/59 4914/58
f 4902/46 4918/62 4916/60
f 4918/62 4902/46 4900/44
f 4919/63 4914/58 4916/60
f 4914/58 4919/63 4917/61
f 4920/64 4916/60 4918/62
f 4916/60 4920/64 4919/63
f 4900/44 4921/65 4918/62
f 4918/62 4922/66 4920/64
f 4922/66 4918/62 4921/65
f 4923/67 4919/63 4920/64
f 4924/68 4920/64 4922/66
f 4920/64 4924/68 4923/67
f 4919/63 4923/67 4925/69
f 4925/69 4917/61 4919/63
f 4926/70 4923/67 4924/68
f 4927/71 4925/69 4923/67
f 4923/67 4926/70 4927/71
f 4917/61 4925/69 4928/72
f 4925/69 4927/71 4929/73
f 4929/73 4928/72 4925/69
f 4928/72 4930/74 4917/61
f 4915/59 4917/61 4930/74
f 4928/72 4929/73 4931/75
f 4930/74 4932/76 4915/59
f 4913/57 4915/59 4932/76
f 4930/74 4928/72 4933/77
f 4931/75 4933/77 4928/72
f 4932/76 4930/74 4934/78
f 4933/77 4934/78 4930/74
f 4932/76 4935/79 4913/57
f 4912/56 4913/57 4935/79
f 4934/78 4936/80 4932/76
f 4935/79 4932/76 4936/80
f 4934/78 4933/77 4937/81
f 4935/79 4938/82 4912/56
f 4936/80 4934/78 4939/83
f 4937/81 4939/83 4934/78
f 4936/80 4940/84 4935/79
f 4938/82 4935/79 4940/84
f 4939/83 4941/85 4936/80
f 4940/84 4936/80 4941/85
f 4939/83 4937/81 4942/86
f 4941/85 4939/83 4943/87
f 4942/86 4943/87 4939/83
f 4941/85 4944/88 4940/84
f 4943/87 4945/89 4941/85
f 4944/88 4941/85 4945/89
f 4946/90 4940/84 4944/88
f 4940/84 4946/90 4938/82
f 4945/89 4947/91 4944/88
f 4944/88 4948/92 4946/90
f 4948/92 4944/88 4947/91
f 4949/93 4938/82 4946/90
f 4950/94 4946/90 4948/92
f 4946/90 4950/94 4949/93
f 4938/82 4949/93 4951/95
f 4951/95 4912/56 4938/82
f 4912/56 4951/95 4910/54
f 4952/96 4949/93 4950/94
f 4951/95 4949/93 4952/96
f 4953/97 4910/54 4951/95
f 4910/54 4953/97 4908/52
f 4952/96 4954/98 4951/95
f 4951/95 4954/98 4953/97
f 4955/99 4908/52 4953/97
f 4908/52 4955/99 4906/50
f 4956/100 4953/97 4954/98
f 4953/97 4956/100 4955/99
f 4957/101 4954/98 4952/96
f 4954/98 4957/101 4956/100
f 4958/102 4906/50 4955/99
f 4959/103 4955/99 4956/100
f 4955/99 4959/103 4958/102
f 4960/104 4956/100 4957/101
f 4956/100 4960/104 4959/103
f 4906/50 4958/102 4961/105
f 4961/105 4893/37 4906/50
f 4893/37 4961/105 4886/30
f 4962/106 4886/30 4961/105
f 4886/30 4962/106 4884/28
f 4963/107 4961/105 4958/102
f 4961/105 4963/107 4962/106
f 4958/102 4964/108 4963/107
f 4964/108 4958/102 4959/103
f 4965/109 4962/106 4963/107
f 4959/103 4966/110 4964/108
f 4966/110 4959/103 4960/104
f 4967/111 4963/107 4964/108
f 4963/107 4967/111 4965/109
f 4968/112 4964/108 4966/110
f 4964/108 4968/112 4967/111
f 4960/104 4969/113 4966/110
f 4966/110 4970/114 4968/112
f 4970/114 4966/110 4969/113
f 4971/115 4967/111 4968/112
f 4972/116 4968/112 4970/114
f 4968/112 4972/116 4971/115
f 4967/111 4971/115 4973/117
f 4973/117 4965/109 4967/111
f 4974/118 4971/115 4972/116
f 4975/119 4973/117 4971/115
f 4971/115 4974/118 4975/119
f 4965/109 4973/117 4976/120
f 4973/117 4975/119 4977/121
f 4977/121 4976/120 4973/117
f 4976/120 4978/122 4965/109
f 4962/106 4965/109 4978/122
f 4978/122 4884/28 4962/106
f 4884/28 4978/122 4979/123
f 4979/123 4876/20 4884/28
f 4876/20 4979/123 4881/25
f 4978/122 4976/120 4980/124
f 4980/124 4979/123 4978/122
f 4981/125 4881/25 4979/123
f 4979/123 4980/124 4981/125
f 4982/126 4980/124 4976/120
f 4976/120 4977/121 4982/126
f 4983/127 4981/125 4980/124
f 4980/124 4982/126 4983/127
f 4881/25 4981/125 4984/128
f 4984/128 4883/27 4881/25
f 4981/125 4983/127 4985/129
f 4985/129 4984/128 4981/125
f 4986/130 4983/127 4982/126
f 4987/131 4985/129 4983/127
f 4983/127 4986/130 4987/131
f 4984/128 4985/129 4988/132
f 4982/126 4989/133 4986/130
f 4989/133 4982/126 4977/121
f 4988/132 4990/134 4984/128
f 4883/27 4984/128 4990/134
f 4977/121 4991/135 4989/133
f 4991/135 4977/121 4975/119
f 4990/134 4992/136 4883/27
f 4885/29 4883/27 4992/136
f 4975/119 4993/137 4991/135
f 4993/137 4975/119 4974/118
f 4992/136 4994/138 4885/29
f 4885/29 4994/138 4889/33
f 4994/138 4992/136 4995/139
f 4889/33 4994/138 4996/140
f 4995/139 4996/140 4994/138
f 4996/140 4997/141 4889/33
f 4889/33 4997/141 4897/41
f 4998/142 4995/139 4992/136
f 4992/136 4990/134 4998/142
f 4996/140 4995/139 4999/143
f 5000/144 4998/142 4990/134
f 4990/134 4988/132 5000/144
f 4995/139 4998/142 5001/145
f 5001/145 4999/143 4995/139
f 4998/142 5000/144 5002/146
f 5002/146 5001/145 4998/142
f 5003/147 5000/144 4988/132
f 5004/148 5002/146 5000/144
f 5000/144 5003/147 5004/148
f 5001/145 5002/146 5005/149
f 4988/132 5006/150 5003/147
f 5006/150 4988/132 4985/129
f 4985/129 4987/131 5006/150
f 5007/151 5003/147 5006/150
f 5008/152 5006/150 4987/131
f 5006/150 5008/152 5007/151
f 4987/131 5009/153 5008/152
f 5009/153 4987/131 4986/130
f 5007/151 5008/152 5010/154
f 5010/154 5008/152 5009/153
f 5003/147 5007/151 5011/155
f 5011/155 5004/148 5003/147
f 5011/155 5007/151 5012/156
f 5010/154 5012/156 5007/151
f 5004/148 5011/155 5013/157
f 5012/156 5013/157 5011/155
f 5013/157 5014/158 5004/148
f 5002/146 5004/148 5014/158
f 5014/158 5005/149 5002/146
f 5013/157 5012/156 5015/159
f 5014/158 5013/157 5016/160
f 5015/159 5016/160 5013/157
f 5005/149 5014/158 5017/161
f 5016/160 5017/161 5014/158
f 5018/162 5015/159 5012/156
f 5012/156 5010/154 5018/162
f 5016/160 5015/159 5019/163
f 5015/159 5018/162 5020/164
f 5020/164 5019/163 5015/159
f 5017/161 5016/160 5021/165
f 5019/163 5021/165 5016/160
f 5022/166 5020/164 5018/162
f 5021/165 5019/163 5023/167
f 5019/163 5020/164 5024/168
f 5024/168 5023/167 5019/163
f 5020/164 5022/166 5025/169
f 5025/169 5024/168 5020/164
f 5018/162 5026/170 5022/166
f 5026/170 5018/162 5010/154
f 5027/171 5025/169 5022/166
f 5010/154 5028/172 5026/170
f 5009/153 5028/172 5010/154
f 5029/173 5022/166 5026/170
f 5022/166 5029/173 5027/171
f 5030/174 5026/170 5028/172
f 5026/170 5030/174 5029/173
f 5031/175 5028/172 5009/153
f 5028/172 5031/175 5030/174
f 5009/153 5032/176 5031/175
f 4986/130 5032/176 5009/153
f 5032/176 4986/130 4989/133
f 4989/133 5033/177 5032/176
f 5033/177 4989/133 4991/135
f 5032/176 5033/177 5034/178
f 4991/135 5034/178 5033/177
f 5034/178 5031/175 5032/176
f 5034/178 4991/135 4993/137
f 5031/175 5034/178 5035/179
f 4993/137 5035/179 5034/178
f 5035/179 5030/174 5031/175
f 5035/179 4993/137 5036/180
f 4974/118 5036/180 4993/137
f 5030/174 5035/179 5037/181
f 5036/180 5037/181 5035/179
f 5037/181 5029/173 5030/174
f 5036/180 4974/118 5038/182
f 4972/116 5038/182 4974/118
f 5037/181 5036/180 5039/183
f 5038/182 5039/183 5036/180
f 5029/173 5037/181 5040/184
f 5039/183 5040/184 5037/181
f 5040/184 5027/171 5029/173
f 5038/182 4972/116 5041/185
f 4970/114 5041/185 4972/116
f 5039/183 5038/182 5042/186
f 5041/185 5042/186 5038/182
f 5040/184 5039/183 5043/187
f 5042/186 5043/187 5039/183
f 5041/185 4970/114 5044/188
f 4969/113 5044/188 4970/114
f 5042/186 5041/185 5045/189
f 5044/188 5045/189 5041/185
f 5043/187 5042/186 5046/190
f 5045/189 5046/190 5042/186
f 5044/188 4969/113 5047/191
f 5045/189 5044/188 5048/192
f 5047/191 5048/192 5044/188
f 5046/190 5045/189 5049/193
f 5048/192 5049/193 5045/189
f 5050/194 5047/191 4969/113
f 4969/113 4960/104 5050/194
f 4957/101 5050/194 4960/104
f 5048/192 5047/191 5051/195
f 5050/194 4957/101 5052/196
f 4952/96 5052/196 4957/101
f 5047/191 5050/194 5053/197
f 5052/196 5053/197 5050/194
f 5053/197 5051/195 5047/191
f 5052/196 4952/96 5054/198
f 4950/94 5054/198 4952/96
f 5053/197 5052/196 5055/199
f 5054/198 5055/199 5052/196
f 5054/198 4950/94 5056/200
f 4948/92 5056/200 4950/94
f 5055/199 5054/198 5057/201
f 5056/200 5057/201 5054/198
f 5055/199 5058/202 5053/197
f 5051/195 5053/197 5058/202
f 5056/200 4948/92 5059/203
f 4947/91 5059/203 4948/92
f 5059/203 5060/204 5056/200
f 5057/201 5056/200 5060/204
f 5059/203 4947/91 5061/205
f 5060/204 5059/203 5062/206
f 5061/205 5062/206 5059/203
f 5060/204 5063/207 5057/201
f 5064/208 5061/205 4947/91
f 4947/91 4945/89 5064/208
f 5062/206 5065/209 5060/204
f 5063/207 5060/204 5065/209
f 5066/210 5064/208 4945/89
f 4945/89 4943/87 5066/210
f 5067/211 5066/210 4943/87
f 4943/87 4942/86 5067/211
f 5064/208 5066/210 5068/212
f 5066/210 5067/211 5069/213
f 5069/213 5068/212 5066/210
f 5070/214 5067/211 4942/86
f 5068/212 5071/215 5064/208
f 5061/205 5064/208 5071/215
f 5067/211 5070/214 5072/216
f 5072/216 5069/213 5067/211
f 5071/215 5073/217 5061/205
f 5062/206 5061/205 5073/217
f 5069/213 5072/216 5074/218
f 5073/217 5075/219 5062/206
f 5065/209 5062/206 5075/219
f 5074/218 5076/220 5069/213
f 5068/212 5069/213 5076/220
f 5075/219 5077/221 5065/209
f 5076/220 5078/222 5068/212
f 5071/215 5068/212 5078/222
f 5079/223 5065/209 5077/221
f 5065/209 5079/223 5063/207
f 5078/222 5080/224 5071/215
f 5073/217 5071/215 5080/224
f 5080/224 5081/225 5073/217
f 5075/219 5073/217 5081/225
f 5080/224 5078/222 5082/226
f 5081/225 5083/227 5075/219
f 5077/221 5075/219 5083/227
f 5081/225 5080/224 5084/228
f 5082/226 5084/228 5080/224
f 5083/227 5081/225 5085/229
f 5084/228 5085/229 5081/225
f 5083/227 5086/230 5077/221
f 5085/229 5087/231 5083/227
f 5086/230 5083/227 5087/231
f 5085/229 5084/228 5088/232
f 5089/233 5077/221 5086/230
f 5077/221 5089/233 5079/223
f 5088/232 5090/234 5085/229
f 5087/231 5085/229 5090/234
f 5091/235 5079/223 5089/233
f 5090/234 5092/236 5087/231
f 5079/223 5091/235 5093/237
f 5093/237 5063/207 5079/223
f 5094/238 5087/231 5092/236
f 5087/231 5094/238 5086/230
f 5063/207 5093/237 5095/239
f 5095/239 5057/201 5063/207
f 5057/201 5095/239 5055/199
f 5058/202 5055/199 5095/239
f 5096/240 5095/239 5093/237
f 5095/239 5096/240 5058/202
f 5093/237 5097/241 5096/240
f 5097/241 5093/237 5091/235
f 5098/242 5058/202 5096/240
f 5058/202 5098/242 5051/195
f 5099/243 5096/240 5097/241
f 5096/240 5099/243 5098/242
f 5100/244 5051/195 5098/242
f 5051/195 5100/244 5048/192
f 5049/193 5048/192 5100/244
f 5098/242 5101/245 5100/244
f 5101/245 5098/242 5099/243
f 5100/244 5102/246 5049/193
f 5102/246 5100/244 5101/245
f 5103/247 5049/193 5102/246
f 5049/193 5103/247 5046/190
f 5101/245 5104/248 5102/246
f 5105/249 5046/190 5103/247
f 5046/190 5105/249 5043/187
f 5102/246 5106/250 5103/247
f 5106/250 5102/246 5104/248
f 5103/247 5107/251 5105/249
f 5107/251 5103/247 5106/250
f 5108/252 5043/187 5105/249
f 5043/187 5108/252 5040/184
f 5027/171 5040/184 5108/252
f 5105/249 5109/253 5108/252
f 5109/253 5105/249 5107/251
f 5108/252 5110/254 5027/171
f 5110/254 5108/252 5109/253
f 5025/169 5027/171 5110/254
f 5107/251 5111/255 5109/253
f 5110/254 5112/256 5025/169
f 5024/168 5025/169 5112/256
f 5109/253 5113/257 5110/254
f 5112/256 5110/254 5113/257
f 5113/257 5109/253 5111/255
f 5112/256 5114/258 5024/168
f 5023/167 5024/168 5114/258
f 5113/257 5115/259 5112/256
f 5114/258 5112/256 5115/259
f 5111/255 5116/260 5113/257
f 5115/259 5113/257 5116/260
f 5114/258 5117/261 5023/167
f 5115/259 5118/262 5114/258
f 5117/261 5114/258 5118/262
f 5116/260 5119/263 5115/259
f 5118/262 5115/259 5119/263
f 5120/264 5023/167 5117/261
f 5023/167 5120/264 5021/165
f 5118/262 5121/265 5117/261
f 5122/266 5021/165 5120/264
f 5021/165 5122/266 5017/161
f 5117/261 5123/267 5120/264
f 5123/267 5117/261 5121/265
f 5120/264 5124/268 5122/266
f 5124/268 5120/264 5123/267
f 5125/269 5017/161 5122/266
f 5017/161 5125/269 5005/149
f 5126/270 5122/266 5124/268
f 5122/266 5126/270 5125/269
f 5127/271 5005/149 5125/269
f 5005/149 5127/271 5001/145
f 4999/143 5001/145 5127/271
f 5125/269 5128/272 5127/271
f 5128/272 5125/269 5126/270
f 5127/271 5129/273 4999/143
f 5129/273 5127/271 5128/272
f 5130/274 4999/143 5129/273
f 4999/143 5130/274 4996/140
f 4997/141 4996/140 5130/274
f 5128/272 5131/275 5129/273
f 5130/274 5132/276 4997/141
f 5129/273 5133/277 5130/274
f 5132/276 5130/274 5133/277
f 5133/277 5129/273 5131/275
f 4997/141 5132/276 5134/278
f 5133/277 5134/278 5132/276
f 5134/278 4897/41 4997/141
f 5134/278 5133/277 5135/279
f 5131/275 5135/279 5133/277
f 4897/41 5134/278 5136/280
f 5135/279 5136/280 5134/278
f 5136/280 4896/40 4897/41
f 4896/40 5136/280 4900/44
f 4921/65 4900/44 5136/280
f 5136/280 5135/279 4921/65
f 5137/281 4921/65 5135/279
f 5135/279 5131/275 5137/281
f 4921/65 5137/281 4922/66
f 5138/282 5137/281 5131/275
f 5131/275 5128/272 5138/282
f 5126/270 5138/282 5128/272
f 5139/283 4922/66 5137/281
f 5137/281 5138/282 5139/283
f 4922/66 5139/283 4924/68
f 5138/282 5126/270 5140/284
f 5140/284 5139/283 5138/282
f 5124/268 5140/284 5126/270
f 5141/285 4924/68 5139/283
f 5139/283 5140/284 5141/285
f 4924/68 5141/285 4926/70
f 5140/284 5124/268 5142/286
f 5142/286 5141/285 5140/284
f 5123/267 5142/286 5124/268
f 5143/287 4926/70 5141/285
f 5141/285 5142/286 5143/287
f 5142/286 5123/267 5144/288
f 5144/288 5143/287 5142/286
f 5121/265 5144/288 5123/267
f 4926/70 5143/287 5145/289
f 5145/289 4927/71 4926/70
f 5143/287 5144/288 5146/290
f 5146/290 5145/289 5143/287
f 5144/288 5121/265 5147/291
f 5147/291 5146/290 5144/288
f 4927/71 5145/289 5148/292
f 5148/292 4929/73 4927/71
f 5145/289 5146/290 5149/293
f 5149/293 5148/292 5145/289
f 4929/73 5148/292 5150/294
f 5150/294 4931/75 4929/73
f 5148/292 5149/293 5151/295
f 5151/295 5150/294 5148/292
f 5152/296 5149/293 5146/290
f 5146/290 5147/291 5152/296
f 5153/297 5151/295 5149/293
f 5149/293 5152/296 5153/297
f 5151/295 5153/297 5154/298
f 5155/299 5153/297 5152/296
f 5154/298 5156/300 5151/295
f 5156/300 5154/298 5157/301
f 5150/294 5151/295 5156/300
f 5152/296 5158/302 5155/299
f 5158/302 5152/296 5147/291
f 5159/303 5155/299 5158/302
f 5156/300 5160/304 5150/294
f 4931/75 5150/294 5160/304
f 5160/304 5156/300 5161/305
f 5157/301 5161/305 5156/300
f 5161/305 5157/301 5162/306
f 5160/304 5163/307 4931/75
f 4933/77 4931/75 5163/307
f 5163/307 4937/81 4933/77
f 5161/305 5164/308 5160/304
f 5163/307 5160/304 5164/308
f 4937/81 5163/307 5165/309
f 5164/308 5165/309 5163/307
f 5165/309 4942/86 4937/81
f 4942/86 5165/309 5070/214
f 5164/308 5161/305 5166/310
f 5162/306 5166/310 5161/305
f 5166/310 5162/306 5167/311
f 5165/309 5164/308 5168/312
f 5166/310 5168/312 5164/308
f 5168/312 5070/214 5165/309
f 5167/311 5169/313 5166/310
f 5168/312 5166/310 5169/313
f 5169/313 5167/311 5170/314
f 5070/214 5168/312 5171/315
f 5169/313 5171/315 5168/312
f 5171/315 5072/216 5070/214
f 5170/314 5172/316 5169/313
f 5171/315 5169/313 5172/316
f 5172/316 5170/314 5173/317
f 5072/216 5171/315 5174/318
f 5172/316 5174/318 5171/315
f 5174/318 5074/218 5072/216
f 5173/317 5175/319 5172/316
f 5174/318 5172/316 5175/319
f 5175/319 5173/317 5176/320
f 5074/218 5174/318 5177/321
f 5175/319 5177/321 5174/318
f 5176/320 5178/322 5175/319
f 5177/321 5175/319 5178/322
f 5178/322 5176/320 5179/323
f 5177/321 5180/324 5074/218
f 5076/220 5074/218 5180/324
f 5178/322 5181/325 5177/321
f 5180/324 5177/321 5181/325
f 5180/324 5182/326 5076/220
f 5078/222 5076/220 5182/326
f 5182/326 5082/226 5078/222
f 5182/326 5180/324 5183/327
f 5181/325 5183/327 5180/324
f 5082/226 5182/326 5184/328
f 5183/327 5184/328 5182/326
f 5184/328 5185/329 5082/226
f 5084/228 5082/226 5185/329
f 5185/329 5088/232 5084/228
f 5184/328 5183/327 5186/330
f 5185/329 5184/328 5187/331
f 5186/330 5187/331 5184/328
f 5088/232 5185/329 5188/332
f 5187/331 5188/332 5185/329
f 5189/333 5186/330 5183/327
f 5183/327 5181/325 5189/333
f 5187/331 5186/330 5190/334
f 5191/335 5189/333 5181/325
f 5181/325 5178/322 5191/335
f 5179/323 5191/335 5178/322
f 5186/330 5189/333 5192/336
f 5192/336 5190/334 5186/330
f 5189/333 5191/335 5193/337
f 5193/337 5192/336 5189/333
f 5191/335 5179/323 5194/338
f 5194/338 5193/337 5191/335
f 5195/339 5194/338 5179/323
f 5179/323 5196/340 5195/339
f 5193/337 5194/338 5197/341
f 5198/342 5195/339 5196/340
f 5196/340 5199/343 5198/342
f 5194/338 5195/339 5200/344
f 5200/344 5197/341 5194/338
f 5195/339 5198/342 5201/345
f 5201/345 5200/344 5195/339
f 5202/346 5198/342 5199/343
f 5199/343 5203/347 5202/346
f 5204/348 5201/345 5198/342
f 5198/342 5202/346 5204/348
f 5200/344 5201/345 5205/349
f 5201/345 5204/348 5206/350
f 5206/350 5205/349 5201/345
f 5207/351 5204/348 5202/346
f 5205/349 5208/352 5200/344
f 5197/341 5200/344 5208/352
f 5204/348 5207/351 5209/353
f 5209/353 5206/350 5204/348
f 5208/352 5210/354 5197/341
f 5206/350 5209/353 5211/355
f 5212/356 5197/341 5210/354
f 5197/341 5212/356 5193/337
f 5192/336 5193/337 5212/356
f 5212/356 5213/357 5192/336
f 5190/334 5192/336 5213/357
f 5210/354 5214/358 5212/356
f 5213/357 5212/356 5214/358
f 5213/357 5215/359 5190/334
f 5214/358 5216/360 5213/357
f 5215/359 5213/357 5216/360
f 5214/358 5210/354 5217/361
f 5218/362 5190/334 5215/359
f 5190/334 5218/362 5187/331
f 5188/332 5187/331 5218/362
f 5215/359 5219/363 5218/362
f 5218/362 5220/364 5188/332
f 5220/364 5218/362 5219/363
f 5221/365 5188/332 5220/364
f 5188/332 5221/365 5088/232
f 5090/234 5088/232 5221/365
f 5221/365 5222/366 5090/234
f 5092/236 5090/234 5222/366
f 5220/364 5223/367 5221/365
f 5222/366 5221/365 5223/367
f 5223/367 5220/364 5224/368
f 5219/363 5224/368 5220/364
f 5223/367 5225/369 5222/366
f 5222/366 5226/370 5092/236
f 5226/370 5222/366 5225/369
f 5227/371 5092/236 5226/370
f 5092/236 5227/371 5094/238
f 5225/369 5223/367 5228/372
f 5224/368 5228/372 5223/367
f 5225/369 5229/373 5226/370
f 5226/370 5230/374 5227/371
f 5230/374 5226/370 5229/373
f 5228/372 5231/375 5225/369
f 5229/373 5225/369 5231/375
f 5232/376 5227/371 5230/374
f 5094/238 5227/371 5232/376
f 5229/373 5233/377 5230/374
f 5232/376 5234/378 5094/238
f 5233/377 5229/373 5235/379
f 5231/375 5235/379 5229/373
f 5236/380 5230/374 5233/377
f 5230/374 5236/380 5232/376
f 5235/379 5237/381 5233/377
f 5233/377 5238/382 5236/380
f 5238/382 5233/377 5237/381
f 5239/383 5232/376 5236/380
f 5240/384 5236/380 5238/382
f 5236/380 5240/384 5239/383
f 5232/376 5239/383 5241/385
f 5241/385 5234/378 5232/376
f 5242/386 5239/383 5240/384
f 5243/387 5241/385 5239/383
f 5239/383 5242/386 5243/387
f 5234/378 5241/385 5244/388
f 5241/385 5243/387 5245/389
f 5245/389 5244/388 5241/385
f 5244/388 5246/390 5234/378
f 5094/238 5234/378 5246/390
f 5246/390 5086/230 5094/238
f 5086/230 5246/390 5089/233
f 5247/391 5089/233 5246/390
f 5246/390 5244/388 5247/391
f 5089/233 5247/391 5091/235
f 5248/392 5247/391 5244/388
f 5244/388 5245/389 5248/392
f 5249/393 5091/235 5247/391
f 5247/391 5248/392 5249/393
f 5091/235 5249/393 5097/241
f 5250/394 5248/392 5245/389
f 5251/395 5097/241 5249/393
f 5097/241 5251/395 5099/243
f 5252/396 5249/393 5248/392
f 5249/393 5252/396 5251/395
f 5248/392 5250/394 5252/396
f 5253/397 5099/243 5251/395
f 5099/243 5253/397 5101/245
f 5104/248 5101/245 5253/397
f 5254/398 5251/395 5252/396
f 5251/395 5254/398 5253/397
f 5253/397 5255/399 5104/248
f 5255/399 5253/397 5254/398
f 5252/396 5256/400 5254/398
f 5256/400 5252/396 5250/394
f 5254/398 5257/401 5255/399
f 5257/401 5254/398 5256/400
f 5258/402 5104/248 5255/399
f 5104/248 5258/402 5106/250
f 5259/403 5255/399 5257/401
f 5255/399 5259/403 5258/402
f 5260/404 5106/250 5258/402
f 5106/250 5260/404 5107/251
f 5111/255 5107/251 5260/404
f 5258/402 5261/405 5260/404
f 5261/405 5258/402 5259/403
f 5260/404 5262/406 5111/255
f 5262/406 5260/404 5261/405
f 5116/260 5111/255 5262/406
f 5259/403 5263/407 5261/405
f 5262/406 5264/408 5116/260
f 5261/405 5265/409 5262/406
f 5264/408 5262/406 5265/409
f 5265/409 5261/405 5263/407
f 5119/263 5116/260 5264/408
f 5263/407 5259/403 5266/410
f 5257/401 5266/410 5259/403
f 5263/407 5267/411 5265/409
f 5266/410 5257/401 5268/412
f 5256/400 5268/412 5257/401
f 5266/410 5269/413 5263/407
f 5267/411 5263/407 5269/413
f 5268/412 5270/414 5266/410
f 5269/413 5266/410 5270/414
f 5268/412 5256/400 5271/415
f 5250/394 5271/415 5256/400
f 5270/414 5268/412 5272/416
f 5271/415 5272/416 5268/412
f 5271/415 5250/394 5273/417
f 5245/389 5273/417 5250/394
f 5273/417 5245/389 5243/387
f 5273/417 5274/418 5271/415
f 5272/416 5271/415 5274/418
f 5243/387 5275/419 5273/417
f 5274/418 5273/417 5275/419
f 5275/419 5243/387 5242/386
f 5274/418 5276/420 5272/416
f 5275/419 5277/421 5274/418
f 5276/420 5274/418 5277/421
f 5242/386 5278/422 5275/419
f 5277/421 5275/419 5278/422
f 5279/423 5272/416 5276/420
f 5272/416 5279/423 5270/414
f 5277/421 5280/424 5276/420
f 5281/425 5270/414 5279/423
f 5270/414 5281/425 5269/413
f 5276/420 5282/426 5279/423
f 5282/426 5276/420 5280/424
f 5279/423 5283/427 5281/425
f 5283/427 5279/423 5282/426
f 5284/428 5269/413 5281/425
f 5269/413 5284/428 5267/411
f 5285/429 5281/425 5283/427
f 5281/425 5285/429 5284/428
f 5282/426 5286/430 5283/427
f 5283/427 5287/431 5285/429
f 5287/431 5283/427 5286/430
f 5288/432 5284/428 5285/429
f 5289/433 5285/429 5287/431
f 5285/429 5289/433 5288/432
f 5284/428 5288/432 5290/434
f 5290/434 5267/411 5284/428
f 5291/435 5288/432 5289/433
f 5288/432 5291/435 5292/436
f 5292/436 5290/434 5288/432
f 5289/433 5293/437 5291/435
f 5290/434 5292/436 5159/303
f 5293/437 5289/433 5294/438
f 5294/438 5295/439 5293/437
f 5287/431 5294/438 5289/433
f 5296/440 5297/441 5295/439
f 5295/439 5294/438 5296/440
f 5294/438 5287/431 5298/442
f 5298/442 5296/440 5294/438
f 5286/430 5298/442 5287/431
f 5296/440 5298/442 5299/443
f 5299/443 5300/444 5296/440
f 5298/442 5286/430 5301/445
f 5301/445 5299/443 5298/442
f 5300/444 5299/443 5302/446
f 5302/446 5303/447 5300/444
f 5299/443 5301/445 5304/448
f 5304/448 5302/446 5299/443
f 5305/449 5301/445 5286/430
f 5286/430 5282/426 5305/449
f 5280/424 5305/449 5282/426
f 5301/445 5305/449 5306/450
f 5306/450 5304/448 5301/445
f 5305/449 5280/424 5307/451
f 5307/451 5306/450 5305/449
f 5308/452 5307/451 5280/424
f 5280/424 5277/421 5308/452
f 5278/422 5308/452 5277/421
f 5306/450 5307/451 5309/453
f 5307/451 5308/452 5310/454
f 5310/454 5309/453 5307/451
f 5308/452 5278/422 5311/455
f 5311/455 5310/454 5308/452
f 5309/453 5312/456 5306/450
f 5304/448 5306/450 5312/456
f 5309/453 5310/454 5313/457
f 5312/456 5314/458 5304/448
f 5302/446 5304/448 5314/458
f 5312/456 5309/453 5315/459
f 5313/457 5315/459 5309/453
f 5314/458 5312/456 5316/460
f 5315/459 5316/460 5312/456
f 5314/458 5317/461 5302/446
f 5303/447 5302/446 5317/461
f 5317/461 5203/347 5303/447
f 5317/461 5314/458 5318/462
f 5316/460 5318/462 5314/458
f 5203/347 5317/461 5319/463
f 5318/462 5319/463 5317/461
f 5319/463 5202/346 5203/347
f 5202/346 5319/463 5207/351
f 5319/463 5318/462 5320/464
f 5320/464 5207/351 5319/463
f 5318/462 5316/460 5321/465
f 5321/465 5320/464 5318/462
f 5207/351 5320/464 5322/466
f 5322/466 5209/353 5207/351
f 5320/464 5321/465 5323/467
f 5323/467 5322/466 5320/464
f 5324/468 5321/465 5316/460
f 5316/460 5315/459 5324/468
f 5325/469 5323/467 5321/465
f 5321/465 5324/468 5325/469
f 5326/470 5324/468 5315/459
f 5315/459 5313/457 5326/470
f 5327/471 5325/469 5324/468
f 5324/468 5326/470 5327/471
f 5323/467 5325/469 5328/472
f 5325/469 5327/471 5329/473
f 5329/473 5328/472 5325/469
f 5330/474 5327/471 5326/470
f 5328/472 5331/475 5323/467
f 5322/466 5323/467 5331/475
f 5327/471 5330/474 5332/476
f 5332/476 5329/473 5327/471
f 5331/475 5333/477 5322/466
f 5209/353 5322/466 5333/477
f 5333/477 5211/355 5209/353
f 5333/477 5331/475 5334/478
f 5211/355 5333/477 5335/479
f 5334/478 5335/479 5333/477
f 5336/480 5334/478 5331/475
f 5331/475 5328/472 5336/480
f 5335/479 5334/478 5337/481
f 5338/482 5336/480 5328/472
f 5328/472 5329/473 5338/482
f 5334/478 5336/480 5339/483
f 5339/483 5337/481 5334/478
f 5336/480 5338/482 5340/484
f 5340/484 5339/483 5336/480
f 5341/485 5338/482 5329/473
f 5329/473 5332/476 5341/485
f 5342/486 5340/484 5338/482
f 5338/482 5341/485 5342/486
f 5339/483 5340/484 5343/487
f 5340/484 5342/486 5344/488
f 5344/488 5343/487 5340/484
f 5345/489 5342/486 5341/485
f 5343/487 5346/490 5339/483
f 5337/481 5339/483 5346/490
f 5342/486 5345/489 5347/491
f 5347/491 5344/488 5342/486
f 5346/490 5348/492 5337/481
f 5344/488 5347/491 5349/493
f 5350/494 5337/481 5348/492
f 5337/481 5350/494 5335/479
f 5349/493 5351/495 5344/488
f 5343/487 5344/488 5351/495
f 5352/496 5335/479 5350/494
f 5335/479 5352/496 5211/355
f 5351/495 5353/497 5343/487
f 5346/490 5343/487 5353/497
f 5354/498 5211/355 5352/496
f 5211/355 5354/498 5206/350
f 5205/349 5206/350 5354/498
f 5353/497 5355/499 5346/490
f 5348/492 5346/490 5355/499
f 5354/498 5356/500 5205/349
f 5208/352 5205/349 5356/500
f 5356/500 5354/498 5357/501
f 5352/496 5357/501 5354/498
f 5356/500 5358/502 5208/352
f 5210/354 5208/352 5358/502
f 5358/502 5217/361 5210/354
f 5358/502 5356/500 5359/503
f 5357/501 5359/503 5356/500
f 5217/361 5358/502 5360/504
f 5359/503 5360/504 5358/502
f 5359/503 5357/501 5361/505
f 5360/504 5359/503 5362/506
f 5361/505 5362/506 5359/503
f 5360/504 5363/507 5217/361
f 5364/508 5361/505 5357/501
f 5357/501 5352/496 5364/508
f 5350/494 5364/508 5352/496
f 5363/507 5360/504 5365/509
f 5362/506 5365/509 5360/504
f 5364/508 5350/494 5366/510
f 5348/492 5366/510 5350/494
f 5366/510 5367/511 5364/508
f 5361/505 5364/508 5367/511
f 5366/510 5348/492 5368/512
f 5355/499 5368/512 5348/492
f 5367/511 5366/510 5369/513
f 5368/512 5369/513 5366/510
f 5367/511 5370/514 5361/505
f 5362/506 5361/505 5370/514
f 5369/513 5371/515 5367/511
f 5370/514 5367/511 5371/515
f 5369/513 5368/512 5372/516
f 5370/514 5373/517 5362/506
f 5371/515 5369/513 5374/518
f 5372/516 5374/518 5369/513
f 5371/515 5375/519 5370/514
f 5373/517 5370/514 5375/519
f 5374/518 5376/520 5371/515
f 5375/519 5371/515 5376/520
f 5375/519 5377/521 5373/517
f 5376/520 5378/522 5375/519
f 5377/521 5375/519 5378/522
f 5376/520 5374/518 5379/523
f 5380/524 5373/517 5377/521
f 5362/506 5373/517 5380/524
f 5380/524 5365/509 5362/506
f 5379/523 5381/525 5376/520
f 5378/522 5376/520 5381/525
f 5382/526 5365/509 5380/524
f 5365/509 5382/526 5363/507
f 5381/525 5383/527 5378/522
f 5384/528 5363/507 5382/526
f 5385/529 5378/522 5383/527
f 5378/522 5385/529 5377/521
f 5363/507 5384/528 5386/530
f 5386/530 5217/361 5363/507
f 5217/361 5386/530 5214/358
f 5216/360 5214/358 5386/530
f 5386/530 5387/531 5216/360
f 5387/531 5386/530 5384/528
f 5388/532 5216/360 5387/531
f 5216/360 5388/532 5215/359
f 5219/363 5215/359 5388/532
f 5384/528 5389/533 5387/531
f 5388/532 5390/534 5219/363
f 5224/368 5219/363 5390/534
f 5387/531 5391/535 5388/532
f 5390/534 5388/532 5391/535
f 5391/535 5387/531 5389/533
f 5390/534 5392/536 5224/368
f 5228/372 5224/368 5392/536
f 5391/535 5393/537 5390/534
f 5392/536 5390/534 5393/537
f 5392/536 5394/538 5228/372
f 5231/375 5228/372 5394/538
f 5393/537 5395/539 5392/536
f 5394/538 5392/536 5395/539
f 5393/537 5391/535 5396/540
f 5389/533 5396/540 5391/535
f 5394/538 5397/541 5231/375
f 5235/379 5231/375 5397/541
f 5397/541 5394/538 5398/542
f 5395/539 5398/542 5394/538
f 5397/541 5399/543 5235/379
f 5237/381 5235/379 5399/543
f 5398/542 5400/544 5397/541
f 5399/543 5397/541 5400/544
f 5398/542 5395/539 5401/545
f 5399/543 5402/546 5237/381
f 5400/544 5398/542 5403/547
f 5401/545 5403/547 5398/542
f 5400/544 5404/548 5399/543
f 5402/546 5399/543 5404/548
f 5403/547 5405/549 5400/544
f 5404/548 5400/544 5405/549
f 5403/547 5401/545 5406/550
f 5405/549 5403/547 5407/551
f 5406/550 5407/551 5403/547
f 5405/549 5408/552 5404/548
f 5407/551 5409/553 5405/549
f 5408/552 5405/549 5409/553
f 5410/554 5404/548 5408/552
f 5404/548 5410/554 5402/546
f 5409/553 5411/555 5408/552
f 5408/552 5412/556 5410/554
f 5412/556 5408/552 5411/555
f 5413/557 5402/546 5410/554
f 5414/558 5410/554 5412/556
f 5410/554 5414/558 5413/557
f 5402/546 5413/557 5415/559
f 5415/559 5237/381 5402/546
f 5237/381 5415/559 5238/382
f 5416/560 5238/382 5415/559
f 5238/382 5416/560 5240/384
f 5417/561 5415/559 5413/557
f 5415/559 5417/561 5416/560
f 5418/562 5240/384 5416/560
f 5240/384 5418/562 5242/386
f 5278/422 5242/386 5418/562
f 5418/562 5311/455 5278/422
f 5416/560 5419/563 5418/562
f 5311/455 5418/562 5419/563
f 5419/563 5416/560 5417/561
f 5419/563 5420/564 5311/455
f 5310/454 5311/455 5420/564
f 5420/564 5313/457 5310/454
f 5417/561 5421/565 5419/563
f 5420/564 5419/563 5421/565
f 5313/457 5420/564 5422/566
f 5421/565 5422/566 5420/564
f 5422/566 5326/470 5313/457
f 5326/470 5422/566 5330/474
f 5421/565 5417/561 5423/567
f 5413/557 5423/567 5417/561
f 5422/566 5421/565 5424/568
f 5424/568 5330/474 5422/566
f 5423/567 5424/568 5421/565
f 5423/567 5413/557 5414/558
f 5330/474 5424/568 5425/569
f 5425/569 5332/476 5330/474
f 5424/568 5423/567 5426/570
f 5426/570 5425/569 5424/568
f 5414/558 5426/570 5423/567
f 5332/476 5425/569 5427/571
f 5427/571 5341/485 5332/476
f 5341/485 5427/571 5345/489
f 5425/569 5426/570 5428/572
f 5428/572 5427/571 5425/569
f 5426/570 5414/558 5429/573
f 5429/573 5428/572 5426/570
f 5412/556 5429/573 5414/558
f 5427/571 5428/572 5430/574
f 5430/574 5345/489 5427/571
f 5428/572 5429/573 5431/575
f 5431/575 5430/574 5428/572
f 5429/573 5412/556 5432/576
f 5432/576 5431/575 5429/573
f 5411/555 5432/576 5412/556
f 5430/574 5431/575 5433/577
f 5433/577 5431/575 5432/576
f 5433/577 5434/578 5430/574
f 5345/489 5430/574 5434/578
f 5434/578 5347/491 5345/489
f 5347/491 5434/578 5435/579
f 5435/579 5349/493 5347/491
f 5434/578 5433/577 5436/580
f 5436/580 5435/579 5434/578
f 5349/493 5435/579 5437/581
f 5435/579 5436/580 5438/582
f 5438/582 5437/581 5435/579
f 5439/583 5436/580 5433/577
f 5437/581 5440/584 5349/493
f 5351/495 5349/493 5440/584
f 5433/577 5441/585 5439/583
f 5432/576 5441/585 5433/577
f 5440/584 5442/586 5351/495
f 5353/497 5351/495 5442/586
f 5443/587 5441/585 5432/576
f 5432/576 5411/555 5443/587
f 5442/586 5444/588 5353/497
f 5355/499 5353/497 5444/588
f 5445/589 5443/587 5411/555
f 5411/555 5409/553 5445/589
f 5444/588 5446/590 5355/499
f 5368/512 5355/499 5446/590
f 5446/590 5372/516 5368/512
f 5447/591 5445/589 5409/553
f 5409/553 5407/551 5447/591
f 5372/516 5446/590 5448/592
f 5449/593 5447/591 5407/551
f 5407/551 5406/550 5449/593
f 5448/592 5450/594 5372/516
f 5374/518 5372/516 5450/594
f 5450/594 5379/523 5374/518
f 5450/594 5448/592 5451/595
f 5379/523 5450/594 5452/596
f 5451/595 5452/596 5450/594
f 5452/596 5453/597 5379/523
f 5381/525 5379/523 5453/597
f 5452/596 5451/595 5454/598
f 5453/597 5455/599 5381/525
f 5383/527 5381/525 5455/599
f 5453/597 5452/596 5456/600
f 5454/598 5456/600 5452/596
f 5455/599 5453/597 5457/601
f 5456/600 5457/601 5453/597
f 5455/599 5458/602 5383/527
f 5457/601 5459/603 5455/599
f 5458/602 5455/599 5459/603
f 5457/601 5456/600 5460/604
f 5461/605 5383/527 5458/602
f 5383/527 5461/605 5385/529
f 5460/604 5462/606 5457/601
f 5459/603 5457/601 5462/606
f 5463/607 5385/529 5461/605
f 5462/606 5464/608 5459/603
f 5385/529 5463/607 5465/609
f 5465/609 5377/521 5385/529
f 5377/521 5465/609 5380/524
f 5466/610 5380/524 5465/609
f 5380/524 5466/610 5382/526
f 5467/611 5465/609 5463/607
f 5465/609 5467/611 5466/610
f 5468/612 5382/526 5466/610
f 5382/526 5468/612 5384/528
f 5389/533 5384/528 5468/612
f 5466/610 5469/613 5468/612
f 5469/613 5466/610 5467/611
f 5468/612 5470/614 5389/533
f 5470/614 5468/612 5469/613
f 5396/540 5389/533 5470/614
f 5467/611 5471/615 5469/613
f 5469/613 5472/616 5470/614
f 5472/616 5469/613 5471/615
f 5470/614 5473/617 5396/540
f 5473/617 5470/614 5472/616
f 5474/618 5396/540 5473/617
f 5396/540 5474/618 5393/537
f 5395/539 5393/537 5474/618
f 5474/618 5401/545 5395/539
f 5401/545 5474/618 5475/619
f 5473/617 5475/619 5474/618
f 5475/619 5406/550 5401/545
f 5475/619 5473/617 5476/620
f 5472/616 5476/620 5473/617
f 5406/550 5475/619 5477/621
f 5476/620 5477/621 5475/619
f 5477/621 5449/593 5406/550
f 5476/620 5472/616 5478/622
f 5471/615 5478/622 5472/616
f 5477/621 5476/620 5479/623
f 5478/622 5479/623 5476/620
f 5449/593 5477/621 5480/624
f 5479/623 5480/624 5477/621
f 5480/624 5481/625 5449/593
f 5447/591 5449/593 5481/625
f 5480/624 5479/623 5482/626
f 5481/625 5483/627 5447/591
f 5445/589 5447/591 5483/627
f 5481/625 5480/624 5484/628
f 5482/626 5484/628 5480/624
f 5483/627 5481/625 5485/629
f 5484/628 5485/629 5481/625
f 5483/627 5486/630 5445/589
f 5443/587 5445/589 5486/630
f 5485/629 5487/631 5483/627
f 5486/630 5483/627 5487/631
f 5486/630 5488/632 5443/587
f 5441/585 5443/587 5488/632
f 5488/632 5439/583 5441/585
f 5488/632 5486/630 5489/633
f 5487/631 5489/633 5486/630
f 5439/583 5488/632 5490/634
f 5489/633 5490/634 5488/632
f 5490/634 5491/635 5439/583
f 5436/580 5439/583 5491/635
f 5491/635 5438/582 5436/580
f 5490/634 5489/633 5492/636
f 5491/635 5490/634 5493/637
f 5492/636 5493/637 5490/634
f 5438/582 5491/635 5494/638
f 5493/637 5494/638 5491/635
f 5495/639 5492/636 5489/633
f 5489/633 5487/631 5495/639
f 5493/637 5492/636 5496/640
f 5497/641 5495/639 5487/631
f 5487/631 5485/629 5497/641
f 5492/636 5495/639 5498/642
f 5498/642 5496/640 5492/636
f 5495/639 5497/641 5499/643
f 5499/643 5498/642 5495/639
f 5500/644 5497/641 5485/629
f 5485/629 5484/628 5500/644
f 5501/645 5499/643 5497/641
f 5497/641 5500/644 5501/645
f 5502/646 5500/644 5484/628
f 5484/628 5482/626 5502/646
f 5503/647 5501/645 5500/644
f 5500/644 5502/646 5503/647
f 5499/643 5501/645 5504/648
f 5501/645 5503/647 5505/649
f 5505/649 5504/648 5501/645
f 5506/650 5503/647 5502/646
f 5504/648 5507/651 5499/643
f 5498/642 5499/643 5507/651
f 5503/647 5506/650 5508/652
f 5508/652 5505/649 5503/647
f 5507/651 5509/653 5498/642
f 5496/640 5498/642 5509/653
f 5505/649 5508/652 5510/654
f 5509/653 5511/655 5496/640
f 5510/654 5512/656 5505/649
f 5504/648 5505/649 5512/656
f 5513/657 5496/640 5511/655
f 5496/640 5513/657 5493/637
f 5494/638 5493/637 5513/657
f 5512/656 5514/658 5504/648
f 5507/651 5504/648 5514/658
f 5513/657 5515/659 5494/638
f 5514/658 5516/660 5507/651
f 5509/653 5507/651 5516/660
f 5515/659 5513/657 5517/661
f 5511/655 5517/661 5513/657
f 5511/655 5509/653 5518/662
f 5516/660 5518/662 5509/653
f 5517/661 5511/655 5519/663
f 5518/662 5519/663 5511/655
f 5518/662 5516/660 5520/664
f 5519/663 5518/662 5521/665
f 5520/664 5521/665 5518/662
f 5519/663 5522/666 5517/661
f 5523/667 5520/664 5516/660
f 5516/660 5514/658 5523/667
f 5521/665 5524/668 5519/663
f 5522/666 5519/663 5524/668
f 5525/669 5523/667 5514/658
f 5514/658 5512/656 5525/669
f 5526/670 5525/669 5512/656
f 5512/656 5510/654 5526/670
f 5523/667 5525/669 5527/671
f 5525/669 5526/670 5528/672
f 5528/672 5527/671 5525/669
f 5529/673 5526/670 5510/654
f 5527/671 5530/674 5523/667
f 5520/664 5523/667 5530/674
f 5526/670 5529/673 5531/675
f 5531/675 5528/672 5526/670
f 5530/674 5532/676 5520/664
f 5521/665 5520/664 5532/676
f 5528/672 5531/675 5533/677
f 5532/676 5534/678 5521/665
f 5524/668 5521/665 5534/678
f 5533/677 5535/679 5528/672
f 5527/671 5528/672 5535/679
f 5534/678 5536/680 5524/668
f 5535/679 5537/681 5527/671
f 5530/674 5527/671 5537/681
f 5538/682 5524/668 5536/680
f 5524/668 5538/682 5522/666
f 5537/681 5539/683 5530/674
f 5532/676 5530/674 5539/683
f 5539/683 5540/684 5532/676
f 5534/678 5532/676 5540/684
f 5539/683 5537/681 5541/685
f 5540/684 5542/686 5534/678
f 5536/680 5534/678 5542/686
f 5540/684 5539/683 5543/687
f 5541/685 5543/687 5539/683
f 5542/686 5540/684 5544/688
f 5543/687 5544/688 5540/684
f 5542/686 5545/689 5536/680
f 5544/688 5546/690 5542/686
f 5545/689 5542/686 5546/690
f 5544/688 5543/687 5547/691
f 5548/692 5536/680 5545/689
f 5536/680 5548/692 5538/682
f 5547/691 5549/693 5544/688
f 5546/690 5544/688 5549/693
f 5546/690 5550/694 5545/689
f 5549/693 5551/695 5546/690
f 5550/694 5546/690 5551/695
f 5552/696 5545/689 5550/694
f 5545/689 5552/696 5548/692
f 5551/695 5553/697 5550/694
f 5550/694 5554/698 5552/696
f 5554/698 5550/694 5553/697
f 5555/699 5548/692 5552/696
f 5556/700 5552/696 5554/698
f 5552/696 5556/700 5555/699
f 5548/692 5555/699 5557/701
f 5557/701 5538/682 5548/692
f 5558/702 5555/699 5556/700
f 5557/701 5555/699 5558/702
f 5538/682 5557/701 5559/703
f 5559/703 5522/666 5538/682
f 5558/702 5560/704 5557/701
f 5522/666 5559/703 5561/705
f 5561/705 5517/661 5522/666
f 5517/661 5561/705 5515/659
f 5562/706 5559/703 5557/701
f 5557/701 5560/704 5562/706
f 5563/707 5561/705 5559/703
f 5559/703 5562/706 5563/707
f 5564/708 5515/659 5561/705
f 5561/705 5563/707 5564/708
f 5515/659 5564/708 5565/709
f 5565/709 5494/638 5515/659
f 5494/638 5565/709 5438/582
f 5437/581 5438/582 5565/709
f 5565/709 5566/710 5437/581
f 5566/710 5565/709 5564/708
f 5440/584 5437/581 5566/710
f 5564/708 5567/711 5566/710
f 5567/711 5564/708 5563/707
f 5566/710 5568/712 5440/584
f 5568/712 5566/710 5567/711
f 5442/586 5440/584 5568/712
f 5563/707 5569/713 5567/711
f 5569/713 5563/707 5562/706
f 5567/711 5570/714 5568/712
f 5570/714 5567/711 5569/713
f 5568/712 5571/715 5442/586
f 5571/715 5568/712 5570/714
f 5444/588 5442/586 5571/715
f 5569/713 5572/716 5570/714
f 5571/715 5573/717 5444/588
f 5446/590 5444/588 5573/717
f 5573/717 5448/592 5446/590
f 5570/714 5574/718 5571/715
f 5573/717 5571/715 5574/718
f 5574/718 5570/714 5572/716
f 5448/592 5573/717 5575/719
f 5574/718 5575/719 5573/717
f 5575/719 5451/595 5448/592
f 5575/719 5574/718 5576/720
f 5572/716 5576/720 5574/718
f 5451/595 5575/719 5577/721
f 5576/720 5577/721 5575/719
f 5577/721 5454/598 5451/595
f 5576/720 5572/716 5578/722
f 5577/721 5576/720 5579/723
f 5578/722 5579/723 5576/720
f 5454/598 5577/721 5580/724
f 5579/723 5580/724 5577/721
f 5581/725 5578/722 5572/716
f 5572/716 5569/713 5581/725
f 5562/706 5581/725 5569/713
f 5581/725 5562/706 5560/704
f 5560/704 5582/726 5581/725
f 5578/722 5581/725 5582/726
f 5582/726 5560/704 5558/702
f 5582/726 5583/727 5578/722
f 5579/723 5578/722 5583/727
f 5558/702 5584/728 5582/726
f 5583/727 5582/726 5584/728
f 5583/727 5585/729 5579/723
f 5580/724 5579/723 5585/729
f 5584/728 5586/730 5583/727
f 5585/729 5583/727 5586/730
f 5584/728 5558/702 5587/731
f 5556/700 5587/731 5558/702
f 5586/730 5584/728 5588/732
f 5587/731 5588/732 5584/728
f 5587/731 5556/700 5589/733
f 5554/698 5589/733 5556/700
f 5588/732 5587/731 5590/734
f 5589/733 5590/734 5587/731
f 5589/733 5554/698 5591/735
f 5553/697 5591/735 5554/698
f 5590/734 5589/733 5592/736
f 5591/735 5592/736 5589/733
f 5590/734 5593/737 5588/732
f 5591/735 5553/697 5594/738
f 5592/736 5595/739 5590/734
f 5593/737 5590/734 5595/739
f 5592/736 5591/735 5596/740
f 5594/738 5596/740 5591/735
f 5595/739 5592/736 5597/741
f 5596/740 5597/741 5592/736
f 5595/739 5598/742 5593/737
f 5597/741 5599/743 5595/739
f 5598/742 5595/739 5599/743
f 5597/741 5596/740 5600/744
f 5599/743 5597/741 5601/745
f 5600/744 5601/745 5597/741
f 5602/746 5600/744 5596/740
f 5596/740 5594/738 5602/746
f 5601/745 5600/744 5603/747
f 5603/747 5604/748 5601/745
f 5605/749 5603/747 5600/744
f 5600/744 5602/746 5605/749
f 5606/750 5601/745 5604/748
f 5604/748 5607/751 5606/750
f 5601/745 5606/750 5599/743
f 5608/752 5606/750 5607/751
f 5607/751 5609/753 5608/752
f 5610/754 5599/743 5606/750
f 5606/750 5608/752 5610/754
f 5599/743 5610/754 5598/742
f 5611/755 5608/752 5609/753
f 5609/753 5612/756 5611/755
f 5613/757 5610/754 5608/752
f 5608/752 5611/755 5613/757
f 5614/758 5598/742 5610/754
f 5610/754 5613/757 5614/758
f 5598/742 5614/758 5615/759
f 5615/759 5593/737 5598/742
f 5616/760 5614/758 5613/757
f 5593/737 5615/759 5617/761
f 5617/761 5588/732 5593/737
f 5588/732 5617/761 5586/730
f 5618/762 5615/759 5614/758
f 5614/758 5616/760 5618/762
f 5619/763 5617/761 5615/759
f 5615/759 5618/762 5619/763
f 5620/764 5586/730 5617/761
f 5617/761 5619/763 5620/764
f 5586/730 5620/764 5585/729
f 5621/765 5619/763 5618/762
f 5622/766 5585/729 5620/764
f 5585/729 5622/766 5580/724
f 5623/767 5620/764 5619/763
f 5620/764 5623/767 5622/766
f 5619/763 5621/765 5623/767
f 5624/768 5580/724 5622/766
f 5580/724 5624/768 5454/598
f 5456/600 5454/598 5624/768
f 5624/768 5460/604 5456/600
f 5622/766 5625/769 5624/768
f 5460/604 5624/768 5625/769
f 5625/769 5622/766 5623/767
f 5625/769 5626/770 5460/604
f 5462/606 5460/604 5626/770
f 5623/767 5627/771 5625/769
f 5626/770 5625/769 5627/771
f 5627/771 5623/767 5621/765
f 5626/770 5628/772 5462/606
f 5464/608 5462/606 5628/772
f 5627/771 5629/773 5626/770
f 5628/772 5626/770 5629/773
f 5621/765 5630/774 5627/771
f 5629/773 5627/771 5630/774
f 5630/774 5621/765 5631/775
f 5618/762 5631/775 5621/765
f 5631/775 5618/762 5616/760
f 5630/774 5632/776 5629/773
f 5631/775 5633/777 5630/774
f 5632/776 5630/774 5633/777
f 5616/760 5634/778 5631/775
f 5633/777 5631/775 5634/778
f 5635/779 5629/773 5632/776
f 5629/773 5635/779 5628/772
f 5633/777 5636/780 5632/776
f 5637/781 5628/772 5635/779
f 5628/772 5637/781 5464/608
f 5632/776 5638/782 5635/779
f 5638/782 5632/776 5636/780
f 5635/779 5639/783 5637/781
f 5639/783 5635/779 5638/782
f 5640/784 5464/608 5637/781
f 5641/785 5637/781 5639/783
f 5637/781 5641/785 5640/784
f 5638/782 5642/786 5639/783
f 5464/608 5640/784 5643/787
f 5643/787 5459/603 5464/608
f 5459/603 5643/787 5458/602
f 5644/788 5458/602 5643/787
f 5458/602 5644/788 5461/605
f 5645/789 5643/787 5640/784
f 5643/787 5645/789 5644/788
f 5646/790 5461/605 5644/788
f 5461/605 5646/790 5463/607
f 5647/791 5644/788 5645/789
f 5644/788 5647/791 5646/790
f 5640/784 5648/792 5645/789
f 5648/792 5640/784 5641/785
f 5645/789 5649/793 5647/791
f 5649/793 5645/789 5648/792
f 5650/794 5646/790 5647/791
f 5651/795 5647/791 5649/793
f 5647/791 5651/795 5650/794
f 5648/792 5652/796 5649/793
f 5646/790 5650/794 5653/797
f 5653/797 5463/607 5646/790
f 5463/607 5653/797 5467/611
f 5471/615 5467/611 5653/797
f 5653/797 5654/798 5471/615
f 5654/798 5653/797 5650/794
f 5478/622 5471/615 5654/798
f 5650/794 5655/799 5654/798
f 5654/798 5656/800 5478/622
f 5656/800 5654/798 5655/799
f 5479/623 5478/622 5656/800
f 5655/799 5650/794 5651/795
f 5656/800 5482/626 5479/623
f 5482/626 5656/800 5657/801
f 5655/799 5657/801 5656/800
f 5657/801 5502/646 5482/626
f 5502/646 5657/801 5506/650
f 5657/801 5655/799 5658/802
f 5658/802 5506/650 5657/801
f 5651/795 5658/802 5655/799
f 5506/650 5658/802 5659/803
f 5659/803 5508/652 5506/650
f 5658/802 5651/795 5660/804
f 5660/804 5659/803 5658/802
f 5649/793 5660/804 5651/795
f 5660/804 5649/793 5652/796
f 5508/652 5659/803 5661/805
f 5661/805 5510/654 5508/652
f 5659/803 5660/804 5662/806
f 5662/806 5661/805 5659/803
f 5652/796 5662/806 5660/804
f 5510/654 5661/805 5529/673
f 5662/806 5652/796 5663/807
f 5661/805 5662/806 5664/808
f 5664/808 5529/673 5661/805
f 5663/807 5664/808 5662/806
f 5529/673 5664/808 5665/809
f 5665/809 5531/675 5529/673
f 5664/808 5663/807 5666/810
f 5666/810 5665/809 5664/808
f 5531/675 5665/809 5667/811
f 5665/809 5666/810 5668/812
f 5668/812 5667/811 5665/809
f 5667/811 5533/677 5531/675
f 5667/811 5668/812 5669/813
f 5669/813 5670/814 5667/811
f 5533/677 5667/811 5670/814
f 5670/814 5669/813 5671/815
f 5670/814 5672/816 5533/677
f 5535/679 5533/677 5672/816
f 5671/815 5673/817 5670/814
f 5672/816 5670/814 5673/817
f 5673/817 5671/815 5674/818
f 5672/816 5675/819 5535/679
f 5537/681 5535/679 5675/819
f 5675/819 5541/685 5537/681
f 5673/817 5676/820 5672/816
f 5675/819 5672/816 5676/820
f 5541/685 5675/819 5677/821
f 5676/820 5677/821 5675/819
f 5676/820 5673/817 5678/822
f 5674/818 5678/822 5673/817
f 5678/822 5674/818 5679/823
f 5678/822 5680/824 5676/820
f 5677/821 5676/820 5680/824
f 5679/823 5681/825 5678/822
f 5680/824 5678/822 5681/825
f 5681/825 5679/823 5682/826
f 5680/824 5683/827 5677/821
f 5682/826 5684/828 5681/825
f 5684/828 5682/826 5685/829
f 5681/825 5686/830 5680/824
f 5686/830 5681/825 5684/828
f 5683/827 5680/824 5686/830
f 5685/829 5687/831 5684/828
f 5687/831 5685/829 5688/832
f 5684/828 5689/833 5686/830
f 5689/833 5684/828 5687/831
f 5686/830 5690/834 5683/827
f 5690/834 5686/830 5689/833
f 5688/832 5691/835 5687/831
f 5687/831 5692/836 5689/833
f 5692/836 5687/831 5691/835
f 5689/833 5693/837 5690/834
f 5693/837 5689/833 5692/836
f 5691/835 5688/832 5694/838
f 5694/838 5688/832 5695/839
f 5691/835 5696/840 5692/836
f 5694/838 5697/841 5691/835
f 5696/840 5691/835 5697/841
f 5692/836 5698/842 5693/837
f 5698/842 5692/836 5696/840
f 5699/843 5693/837 5698/842
f 5696/840 5700/844 5698/842
f 5693/837 5699/843 5701/845
f 5701/845 5690/834 5693/837
f 5698/842 5702/846 5699/843
f 5702/846 5698/842 5700/844
f 5690/834 5701/845 5703/847
f 5703/847 5683/827 5690/834
f 5704/848 5701/845 5699/843
f 5683/827 5703/847 5705/849
f 5705/849 5677/821 5683/827
f 5677/821 5705/849 5541/685
f 5543/687 5541/685 5705/849
f 5705/849 5547/691 5543/687
f 5547/691 5705/849 5703/847
f 5703/847 5706/850 5547/691
f 5706/850 5703/847 5701/845
f 5549/693 5547/691 5706/850
f 5701/845 5704/848 5706/850
f 5706/850 5707/851 5549/693
f 5707/851 5706/850 5704/848
f 5551/695 5549/693 5707/851
f 5707/851 5708/852 5551/695
f 5553/697 5551/695 5708/852
f 5708/852 5594/738 5553/697
f 5704/848 5709/853 5707/851
f 5708/852 5707/851 5709/853
f 5594/738 5708/852 5710/854
f 5709/853 5710/854 5708/852
f 5710/854 5602/746 5594/738
f 5709/853 5704/848 5711/855
f 5699/843 5711/855 5704/848
f 5711/855 5699/843 5702/846
f 5710/854 5709/853 5712/856
f 5711/855 5712/856 5709/853
f 5602/746 5710/854 5713/857
f 5712/856 5713/857 5710/854
f 5713/857 5605/749 5602/746
f 5712/856 5711/855 5714/858
f 5702/846 5714/858 5711/855
f 5713/857 5712/856 5715/859
f 5714/858 5715/859 5712/856
f 5605/749 5713/857 5716/860
f 5715/859 5716/860 5713/857
f 5716/860 5717/861 5605/749
f 5714/858 5702/846 5718/862
f 5700/844 5718/862 5702/846
f 5717/861 5716/860 5719/863
f 5719/863 5720/864 5717/861
f 5721/865 5719/863 5716/860
f 5716/860 5715/859 5721/865
f 5720/864 5719/863 5722/866
f 5722/866 5723/867 5720/864
f 5719/863 5721/865 5724/868
f 5724/868 5722/866 5719/863
f 5725/869 5721/865 5715/859
f 5715/859 5714/858 5725/869
f 5718/862 5725/869 5714/858
f 5721/865 5725/869 5726/870
f 5726/870 5724/868 5721/865
f 5725/869 5718/862 5727/871
f 5727/871 5726/870 5725/869
f 5728/872 5727/871 5718/862
f 5718/862 5700/844 5728/872
f 5726/870 5727/871 5729/873
f 5730/874 5728/872 5700/844
f 5700/844 5696/840 5730/874
f 5697/841 5730/874 5696/840
f 5727/871 5728/872 5731/875
f 5731/875 5729/873 5727/871
f 5728/872 5730/874 5732/876
f 5732/876 5731/875 5728/872
f 5730/874 5697/841 5733/877
f 5733/877 5732/876 5730/874
f 5734/878 5733/877 5697/841
f 5697/841 5694/838 5734/878
f 5732/876 5733/877 5735/879
f 5731/875 5732/876 5736/880
f 5735/879 5736/880 5732/876
f 5736/880 5737/881 5731/875
f 5729/873 5731/875 5737/881
f 5738/882 5735/879 5733/877
f 5733/877 5734/878 5738/882
f 5736/880 5735/879 5739/883
f 5735/879 5738/882 5740/884
f 5740/884 5739/883 5735/879
f 5741/885 5738/882 5734/878
f 5739/883 5742/886 5736/880
f 5737/881 5736/880 5742/886
f 5738/882 5741/885 5743/887
f 5743/887 5740/884 5738/882
f 5742/886 5744/888 5737/881
f 5740/884 5743/887 5745/889
f 5746/890 5737/881 5744/888
f 5737/881 5746/890 5729/873
f 5745/889 5747/891 5740/884
f 5739/883 5740/884 5747/891
f 5748/892 5729/873 5746/890
f 5729/873 5748/892 5726/870
f 5724/868 5726/870 5748/892
f 5747/891 5749/893 5739/883
f 5742/886 5739/883 5749/893
f 5748/892 5750/894 5724/868
f 5722/866 5724/868 5750/894
f 5749/893 5751/895 5742/886
f 5744/888 5742/886 5751/895
f 5750/894 5752/896 5722/866
f 5723/867 5722/866 5752/896
f 5752/896 5753/897 5723/867
f 5752/896 5750/894 5754/898
f 5753/897 5752/896 5755/899
f 5754/898 5755/899 5752/896
f 5755/899 5756/900 5753/897
f 5757/901 5753/897 5756/900
f 5758/902 5754/898 5750/894
f 5750/894 5748/892 5758/902
f 5746/890 5758/902 5748/892
f 5756/900 5759/903 5757/901
f 5760/904 5757/901 5759/903
f 5758/902 5746/890 5761/905
f 5744/888 5761/905 5746/890
f 5759/903 5762/906 5760/904
f 5763/907 5760/904 5762/906
f 5761/905 5744/888 5764/908
f 5751/895 5764/908 5744/888
f 5762/906 5765/909 5763/907
f 5766/910 5763/907 5765/909
f 5764/908 5751/895 5767/911
f 5765/909 5768/912 5766/910
f 5769/913 5766/910 5768/912
f 5770/914 5767/911 5751/895
f 5751/895 5749/893 5770/914
f 5771/915 5770/914 5749/893
f 5749/893 5747/891 5771/915
f 5767/911 5770/914 5772/916
f 5773/917 5771/915 5747/891
f 5747/891 5745/889 5773/917
f 5770/914 5771/915 5774/918
f 5774/918 5772/916 5770/914
f 5775/919 5774/918 5771/915
f 5771/915 5773/917 5775/919
f 5772/916 5774/918 5776/920
f 5776/920 5774/918 5775/919
f 5777/921 5775/919 5773/917
f 5776/920 5778/922 5772/916
f 5773/917 5779/923 5777/921
f 5779/923 5773/917 5745/889
f 5780/924 5772/916 5778/922
f 5772/916 5780/924 5767/911
f 5745/889 5781/925 5779/923
f 5781/925 5745/889 5743/887
f 5782/926 5767/911 5780/924
f 5767/911 5782/926 5764/908
f 5743/887 5783/927 5781/925
f 5783/927 5743/887 5741/885
f 5784/928 5764/908 5782/926
f 5764/908 5784/928 5761/905
f 5741/885 5785/929 5783/927
f 5786/930 5761/905 5784/928
f 5761/905 5786/930 5758/902
f 5754/898 5758/902 5786/930
f 5786/930 5787/931 5754/898
f 5755/899 5754/898 5787/931
f 5784/928 5788/932 5786/930
f 5787/931 5786/930 5788/932
f 5787/931 5789/933 5755/899
f 5756/900 5755/899 5789/933
f 5788/932 5790/934 5787/931
f 5789/933 5787/931 5790/934
f 5788/932 5784/928 5791/935
f 5782/926 5791/935 5784/928
f 5789/933 5792/936 5756/900
f 5759/903 5756/900 5792/936
f 5791/935 5782/926 5793/937
f 5780/924 5793/937 5782/926
f 5792/936 5794/938 5759/903
f 5762/906 5759/903 5794/938
f 5793/937 5780/924 5795/939
f 5778/922 5795/939 5780/924
f 5794/938 5796/940 5762/906
f 5765/909 5762/906 5796/940
f 5795/939 5778/922 5797/941
f 5796/940 5798/942 5765/909
f 5768/912 5765/909 5798/942
f 5797/941 5799/943 5795/939
f 5795/939 5799/943 5793/937
f 5798/942 5800/944 5768/912
f 5801/945 5793/937 5799/943
f 5793/937 5801/945 5791/935
f 5802/946 5768/912 5800/944
f 5768/912 5802/946 5769/913
f 5803/947 5791/935 5801/945
f 5791/935 5803/947 5788/932
f 5790/934 5788/932 5803/947
f 5801/945 5804/948 5803/947
f 5803/947 5805/949 5790/934
f 5805/949 5803/947 5804/948
f 5806/950 5790/934 5805/949
f 5790/934 5806/950 5789/933
f 5792/936 5789/933 5806/950
f 5806/950 5807/951 5792/936
f 5794/938 5792/936 5807/951
f 5805/949 5808/952 5806/950
f 5807/951 5806/950 5808/952
f 5807/951 5809/953 5794/938
f 5796/940 5794/938 5809/953
f 5808/952 5810/954 5807/951
f 5809/953 5807/951 5810/954
f 5808/952 5805/949 5811/955
f 5804/948 5811/955 5805/949
f 5809/953 5812/956 5796/940
f 5798/942 5796/940 5812/956
f 5812/956 5809/953 5813/957
f 5810/954 5813/957 5809/953
f 5812/956 5814/958 5798/942
f 5800/944 5798/942 5814/958
f 5813/957 5815/959 5812/956
f 5814/958 5812/956 5815/959
f 5813/957 5810/954 5816/960
f 5814/958 5817/961 5800/944
f 5815/959 5813/957 5818/962
f 5816/960 5818/962 5813/957
f 5815/959 5819/963 5814/958
f 5817/961 5814/958 5819/963
f 5818/962 5820/964 5815/959
f 5819/963 5815/959 5820/964
f 5818/962 5816/960 5821/965
f 5821/965 5822/966 5818/962
f 5820/964 5818/962 5822/966
f 5823/967 5821/965 5816/960
f 5822/966 5821/965 5823/967
f 5816/960 5824/968 5823/967
f 5824/968 5816/960 5810/954
f 5810/954 5808/952 5824/968
f 5811/955 5824/968 5808/952
f 5825/969 5823/967 5824/968
f 5824/968 5811/955 5825/969
f 5823/967 5826/970 5822/966
f 5826/970 5823/967 5825/969
f 5827/971 5822/966 5826/970
f 5822/966 5827/971 5820/964
f 5828/972 5825/969 5811/955
f 5811/955 5804/948 5828/972
f 5825/969 5829/973 5826/970
f 5829/973 5825/969 5828/972
f 5826/970 5830/974 5827/971
f 5830/974 5826/970 5829/973
f 5831/975 5828/972 5804/948
f 5804/948 5801/945 5831/975
f 5799/943 5831/975 5801/945
f 5828/972 5832/976 5829/973
f 5832/976 5828/972 5831/975
f 5833/977 5831/975 5799/943
f 5831/975 5833/977 5832/976
f 5799/943 5797/941 5833/977
f 5834/978 5829/973 5832/976
f 5829/973 5834/978 5830/974
f 5835/979 5832/976 5833/977
f 5832/976 5835/979 5834/978
f 5836/980 5833/977 5797/941
f 5833/977 5836/980 5835/979
f 5797/941 5837/981 5836/980
f 5837/981 5797/941 5778/922
f 5778/922 5776/920 5837/981
f 5838/982 5835/979 5836/980
f 5839/983 5836/980 5837/981
f 5836/980 5839/983 5838/982
f 5840/984 5837/981 5776/920
f 5837/981 5840/984 5839/983
f 5776/920 5841/985 5840/984
f 5775/919 5841/985 5776/920
f 5842/986 5839/983 5840/984
f 5843/987 5841/985 5775/919
f 5775/919 5777/921 5843/987
f 5844/988 5840/984 5841/985
f 5841/985 5843/987 5844/988
f 5840/984 5844/988 5842/986
f 5845/989 5843/987 5777/921
f 5846/990 5844/988 5843/987
f 5843/987 5845/989 5846/990
f 5777/921 5847/991 5845/989
f 5846/990 5845/989 5847/991
f 5847/991 5777/921 5779/923
f 5844/988 5846/990 5848/992
f 5848/992 5842/986 5844/988
f 5847/991 5849/993 5846/990
f 5848/992 5846/990 5849/993
f 5779/923 5850/994 5847/991
f 5849/993 5847/991 5850/994
f 5850/994 5779/923 5781/925
f 5849/993 5851/995 5848/992
f 5781/925 5852/996 5850/994
f 5852/996 5781/925 5783/927
f 5850/994 5853/997 5849/993
f 5853/997 5850/994 5852/996
f 5851/995 5849/993 5853/997
f 5783/927 5854/998 5852/996
f 5854/998 5783/927 5785/929
f 5852/996 5855/999 5853/997
f 5855/999 5852/996 5854/998
f 5853/997 5856/1000 5851/995
f 5856/1000 5853/997 5855/999
f 5854/998 5857/1001 5855/999
f 5855/999 5858/1002 5856/1000
f 5858/1002 5855/999 5857/1001
f 5859/1003 5851/995 5856/1000
f 5860/1004 5856/1000 5858/1002
f 5856/1000 5860/1004 5859/1003
f 5851/995 5859/1003 5861/1005
f 5861/1005 5848/992 5851/995
f 5842/986 5848/992 5861/1005
f 5861/1005 5862/1006 5842/986
f 5839/983 5842/986 5862/1006
f 5862/1006 5838/982 5839/983
f 5863/1007 5861/1005 5859/1003
f 5862/1006 5861/1005 5863/1007
f 5838/982 5862/1006 5864/1008
f 5863/1007 5864/1008 5862/1006
f 5859/1003 5865/1009 5863/1007
f 5865/1009 5859/1003 5860/1004
f 5864/1008 5863/1007 5866/1010
f 5866/1010 5863/1007 5865/1009
f 5864/1008 5867/1011 5838/982
f 5835/979 5838/982 5867/1011
f 5867/1011 5834/978 5835/979
f 5867/1011 5864/1008 5868/1012
f 5866/1010 5868/1012 5864/1008
f 5834/978 5867/1011 5869/1013
f 5868/1012 5869/1013 5867/1011
f 5869/1013 5830/974 5834/978
f 5868/1012 5866/1010 5870/1014
f 5830/974 5869/1013 5871/1015
f 5871/1015 5827/971 5830/974
f 5869/1013 5868/1012 5872/1016
f 5872/1016 5871/1015 5869/1013
f 5870/1014 5872/1016 5868/1012
f 5820/964 5827/971 5871/1015
f 5872/1016 5870/1014 5873/1017
f 5871/1015 5874/1018 5820/964
f 5820/964 5874/1018 5819/963
f 5871/1015 5872/1016 5875/1019
f 5875/1019 5874/1018 5871/1015
f 5873/1017 5875/1019 5872/1016
f 5876/1020 5819/963 5874/1018
f 5874/1018 5875/1019 5876/1020
f 5819/963 5876/1020 5817/961
f 5877/1021 5876/1020 5875/1019
f 5875/1019 5873/1017 5877/1021
f 5878/1022 5817/961 5876/1020
f 5876/1020 5877/1021 5878/1022
f 5817/961 5878/1022 5879/1023
f 5879/1023 5800/944 5817/961
f 5800/944 5879/1023 5802/946
f 5880/1024 5878/1022 5877/1021
f 5881/1025 5879/1023 5878/1022
f 5878/1022 5880/1024 5881/1025
f 5882/1026 5802/946 5879/1023
f 5879/1023 5881/1025 5882/1026
f 5802/946 5882/1026 5883/1027
f 5883/1027 5769/913 5802/946
f 5884/1028 5882/1026 5881/1025
f 5769/913 5883/1027 5885/1029
f 5885/1029 5886/1030 5769/913
f 5887/1031 5883/1027 5882/1026
f 5882/1026 5884/1028 5887/1031
f 5888/1032 5885/1029 5883/1027
f 5883/1027 5887/1031 5888/1032
f 5886/1030 5885/1029 5889/1033
f 5889/1033 5890/1034 5886/1030
f 5885/1029 5888/1032 5891/1035
f 5891/1035 5889/1033 5885/1029
f 5890/1034 5889/1033 5892/1036
f 5892/1036 5893/1037 5890/1034
f 5889/1033 5891/1035 5894/1038
f 5894/1038 5892/1036 5889/1033
f 5893/1037 5892/1036 5895/1039
f 5895/1039 5612/756 5893/1037
f 5892/1036 5894/1038 5896/1040
f 5896/1040 5895/1039 5892/1036
f 5612/756 5895/1039 5897/1041
f 5897/1041 5611/755 5612/756
f 5895/1039 5896/1040 5898/1042
f 5898/1042 5897/1041 5895/1039
f 5611/755 5897/1041 5899/1043
f 5899/1043 5613/757 5611/755
f 5613/757 5899/1043 5616/760
f 5634/778 5616/760 5899/1043
f 5900/1044 5899/1043 5897/1041
f 5899/1043 5900/1044 5634/778
f 5897/1041 5898/1042 5900/1044
f 5901/1045 5634/778 5900/1044
f 5634/778 5901/1045 5633/777
f 5636/780 5633/777 5901/1045
f 5902/1046 5900/1044 5898/1042
f 5900/1044 5902/1046 5901/1045
f 5901/1045 5903/1047 5636/780
f 5903/1047 5901/1045 5902/1046
f 5898/1042 5904/1048 5902/1046
f 5904/1048 5898/1042 5896/1040
f 5902/1046 5905/1049 5903/1047
f 5905/1049 5902/1046 5904/1048
f 5906/1050 5636/780 5903/1047
f 5636/780 5906/1050 5638/782
f 5642/786 5638/782 5906/1050
f 5903/1047 5907/1051 5906/1050
f 5907/1051 5903/1047 5905/1049
f 5906/1050 5908/1052 5642/786
f 5908/1052 5906/1050 5907/1051
f 5905/1049 5909/1053 5907/1051
f 5907/1051 5910/1054 5908/1052
f 5910/1054 5907/1051 5909/1053
f 5911/1055 5642/786 5908/1052
f 5912/1056 5908/1052 5910/1054
f 5908/1052 5912/1056 5911/1055
f 5642/786 5911/1055 5913/1057
f 5913/1057 5639/783 5642/786
f 5639/783 5913/1057 5641/785
f 5914/1058 5911/1055 5912/1056
f 5911/1055 5914/1058 5915/1059
f 5915/1059 5913/1057 5911/1055
f 5912/1056 5916/1060 5914/1058
f 5913/1057 5915/1059 5917/1061
f 5917/1061 5641/785 5913/1057
f 5917/1061 5915/1059 5666/810
f 5641/785 5917/1061 5648/792
f 5666/810 5663/807 5917/1061
f 5652/796 5648/792 5917/1061
f 5917/1061 5663/807 5652/796
f 5918/1062 5894/1038 5891/1035
f 5891/1035 5919/1063 5918/1062
f 5919/1063 5891/1035 5888/1032
f 5894/1038 5918/1062 5920/1064
f 5920/1064 5896/1040 5894/1038
f 5896/1040 5920/1064 5904/1048
f 5888/1032 5921/1065 5919/1063
f 5921/1065 5888/1032 5887/1031
f 5922/1066 5904/1048 5920/1064
f 5904/1048 5922/1066 5905/1049
f 5909/1053 5905/1049 5922/1066
f 5920/1064 5923/1067 5922/1066
f 5923/1067 5920/1064 5918/1062
f 5922/1066 5924/1068 5909/1053
f 5924/1068 5922/1066 5923/1067
f 5918/1062 5925/1069 5923/1067
f 5925/1069 5918/1062 5919/1063
f 5923/1067 5926/1070 5924/1068
f 5926/1070 5923/1067 5925/1069
f 5927/1071 5909/1053 5924/1068
f 5909/1053 5927/1071 5910/1054
f 5928/1072 5924/1068 5926/1070
f 5924/1068 5928/1072 5927/1071
f 5929/1073 5910/1054 5927/1071
f 5910/1054 5929/1073 5912/1056
f 5916/1060 5912/1056 5929/1073
f 5929/1073 5930/1074 5916/1060
f 5927/1071 5931/1075 5929/1073
f 5930/1074 5929/1073 5931/1075
f 5931/1075 5927/1071 5928/1072
f 5931/1075 5932/1076 5930/1074
f 5932/1076 5931/1075 5933/1077
f 5928/1072 5933/1077 5931/1075
f 5933/1077 5934/1078 5932/1076
f 5933/1077 5928/1072 5935/1079
f 5926/1070 5935/1079 5928/1072
f 5934/1078 5933/1077 5936/1080
f 5935/1079 5936/1080 5933/1077
f 5936/1080 5937/1081 5934/1078
f 5935/1079 5926/1070 5938/1082
f 5925/1069 5938/1082 5926/1070
f 5936/1080 5935/1079 5939/1083
f 5938/1082 5939/1083 5935/1079
f 5937/1081 5936/1080 5940/1084
f 5939/1083 5940/1084 5936/1080
f 5940/1084 5941/1085 5937/1081
f 5938/1082 5925/1069 5942/1086
f 5919/1063 5942/1086 5925/1069
f 5942/1086 5919/1063 5921/1065
f 5941/1085 5940/1084 5943/1087
f 5943/1087 5695/839 5941/1085
f 5944/1088 5943/1087 5940/1084
f 5940/1084 5939/1083 5944/1088
f 5695/839 5943/1087 5945/1089
f 5946/1090 5944/1088 5939/1083
f 5939/1083 5938/1082 5946/1090
f 5942/1086 5946/1090 5938/1082
f 5943/1087 5944/1088 5947/1091
f 5946/1090 5942/1086 5948/1092
f 5947/1091 5945/1089 5943/1087
f 5921/1065 5948/1092 5942/1086
f 5944/1088 5946/1090 5949/1093
f 5948/1092 5949/1093 5946/1090
f 5949/1093 5947/1091 5944/1088
f 5948/1092 5921/1065 5950/1094
f 5887/1031 5950/1094 5921/1065
f 5950/1094 5887/1031 5884/1028
f 5949/1093 5948/1092 5951/1095
f 5950/1094 5951/1095 5948/1092
f 5947/1091 5949/1093 5952/1096
f 5951/1095 5952/1096 5949/1093
f 5884/1028 5953/1097 5950/1094
f 5951/1095 5950/1094 5953/1097
f 5952/1096 5954/1098 5947/1091
f 5945/1089 5947/1091 5954/1098
f 5952/1096 5951/1095 5955/1099
f 5953/1097 5955/1099 5951/1095
f 5954/1098 5952/1096 5956/1100
f 5955/1099 5956/1100 5952/1096
f 5954/1098 5957/1101 5945/1089
f 5955/1099 5953/1097 5958/1102
f 5956/1100 5959/1103 5954/1098
f 5957/1101 5954/1098 5959/1103
f 5956/1100 5955/1099 5960/1104
f 5958/1102 5960/1104 5955/1099
f 5959/1103 5956/1100 5857/1001
f 5960/1104 5857/1001 5956/1100
f 5857/1001 5854/998 5959/1103
f 5857/1001 5960/1104 5858/1002
f 5785/929 5959/1103 5854/998
f 5959/1103 5785/929 5957/1101
f 5961/1105 5858/1002 5960/1104
f 5858/1002 5961/1105 5860/1004
f 5960/1104 5958/1102 5961/1105
f 5962/1106 5860/1004 5961/1105
f 5860/1004 5962/1106 5865/1009
f 5963/1107 5961/1105 5958/1102
f 5961/1105 5963/1107 5962/1106
f 5964/1108 5865/1009 5962/1106
f 5865/1009 5964/1108 5866/1010
f 5870/1014 5866/1010 5964/1108
f 5964/1108 5873/1017 5870/1014
f 5962/1106 5965/1109 5964/1108
f 5873/1017 5964/1108 5965/1109
f 5965/1109 5877/1021 5873/1017
f 5965/1109 5962/1106 5963/1107
f 5877/1021 5965/1109 5880/1024
f 5963/1107 5880/1024 5965/1109
f 5880/1024 5963/1107 5966/1110
f 5966/1110 5881/1025 5880/1024
f 5958/1102 5966/1110 5963/1107
f 5881/1025 5966/1110 5884/1028
f 5966/1110 5958/1102 5953/1097
f 5953/1097 5884/1028 5966/1110
f 5967/1111 5968/1112 5969/1113
f 5968/1112 5967/1111 5970/1114
f 5969/1113 5971/1115 5967/1111
f 5972/1116 5973/1117 5971/1115
f 5971/1115 5969/1113 5972/1116
f 5974/1118 5972/1116 5969/1113
f 5969/1113 5975/1119 5974/1118
f 5975/1119 5969/1113 5968/1112
f 5976/1120 5974/1118 5975/1119
f 5975/1119 5977/1121 5976/1120
f 5978/1122 5976/1120 5977/1121
f 5968/1112 5979/1123 5975/1119
f 5977/1121 5975/1119 5979/1123
f 5977/1121 5980/1124 5978/1122
f 5981/1125 5978/1122 5980/1124
f 5980/1124 5982/1126 5981/1125
f 5980/1124 5977/1121 5983/1127
f 5979/1123 5983/1127 5977/1121
f 5982/1126 5980/1124 5984/1128
f 5983/1127 5984/1128 5980/1124
f 5984/1128 5985/1129 5982/1126
f 5984/1128 5983/1127 5986/1130
f 5986/1130 5983/1127 5979/1123
f 5985/1129 5984/1128 5987/1131
f 5986/1130 5987/1131 5984/1128
f 5987/1131 5988/1132 5985/1129
f 5989/1133 5990/1134 5988/1132
f 5988/1132 5987/1131 5989/1133
f 5991/1135 5989/1133 5987/1131
f 5987/1131 5986/1130 5991/1135
f 5992/1136 5991/1135 5986/1130
f 5986/1130 5993/1137 5992/1136
f 5979/1123 5993/1137 5986/1130
f 5994/1138 5992/1136 5993/1137
f 5995/1139 5993/1137 5979/1123
f 5993/1137 5995/1139 5994/1138
f 5979/1123 5968/1112 5995/1139
f 5996/1140 5994/1138 5995/1139
f 5970/1114 5995/1139 5968/1112
f 5995/1139 5970/1114 5996/1140
f 5997/1141 5998/1142 5999/1143
f 5999/1143 6000/1144 5997/1141
f 6001/1145 5999/1143 5998/1142
f 5998/1142 5997/1141 6002/1146
f 5998/1142 6003/1147 6001/1145
f 6004/1148 6001/1145 6003/1147
f 6003/1147 6005/1149 6004/1148
f 6002/1146 6006/1150 5998/1142
f 6006/1150 6002/1146 6007/1151
f 6008/1152 6003/1147 5998/1142
f 6005/1149 6003/1147 6008/1152
f 5998/1142 6006/1150 6008/1152
f 6008/1152 6009/1153 6005/1149
f 6007/1151 6010/1154 6006/1150
f 6008/1152 6006/1150 6010/1154
f 6010/1154 6007/1151 6011/1155
f 6009/1153 6008/1152 6012/1156
f 6010/1154 6012/1156 6008/1152
f 6012/1156 6013/1157 6009/1153
f 6011/1155 6014/1158 6010/1154
f 6012/1156 6010/1154 6014/1158
f 6014/1158 6011/1155 6015/1159
f 6014/1158 6016/1160 6012/1156
f 6015/1159 6017/1161 6014/1158
f 6016/1160 6014/1158 6017/1161
f 6017/1161 6015/1159 6018/1162
f 6017/1161 6019/1163 6016/1160
f 6018/1162 6020/1164 6017/1161
f 6019/1163 6017/1161 6020/1164
f 6020/1164 6018/1162 6021/1165
f 6020/1164 6022/1166 6019/1163
f 6021/1165 6023/1167 6020/1164
f 6022/1166 6020/1164 6023/1167
f 6023/1167 6021/1165 6024/1168
f 6023/1167 6025/1169 6022/1166
f 6024/1168 6026/1170 6023/1167
f 6025/1169 6023/1167 6026/1170
f 6026/1170 6027/1171 6025/1169
f 5265/409 6028/1172 5264/408
f 6028/1172 5265/409 5267/411
f 5267/411 5290/434 6028/1172
f 5159/303 6028/1172 5290/434
f 6029/1173 5264/408 6028/1172
f 6028/1172 5159/303 6029/1173
f 5264/408 6029/1173 5119/263
f 5158/302 6029/1173 5159/303
f 5119/263 6029/1173 5158/302
f 5158/302 6030/1174 5119/263
f 5147/291 6030/1174 5158/302
f 5119/263 6030/1174 5118/262
f 6030/1174 5147/291 5121/265
f 5121/265 5118/262 6030/1174
f 5945/1089 6031/1175 5695/839
f 6031/1175 5945/1089 5957/1101
f 5695/839 6031/1175 5694/838
f 5957/1101 6032/1176 6031/1175
f 5694/838 6031/1175 6032/1176
f 6032/1176 5957/1101 5785/929
f 6032/1176 5734/878 5694/838
f 5785/929 5741/885 6032/1176
f 5734/878 6032/1176 5741/885
g TempleRight
usemtl temples
v -0.06859 0.03794 -0.01466
v -0.06853 0.03797 -0.01434
v -0.06821 0.03774 -0.01432
v -0.06830 0.03770 -0.01476
v -0.06877 0.03792 -0.01493
v -0.06855 0.03767 -0.01513
v -0.06904 0.03790 -0.01511
v -0.06892 0.03765 -0.01538
v -0.06936 0.03790 -0.01517
v -0.06936 0.03764 -0.01546
v -0.06967 0.03790 -0.01511
v -0.06979 0.03765 -0.01538
v -0.06994 0.03792 -0.01493
v -0.07017 0.03767 -0.01513
v -0.06936 0.03789 -0.01678
v -0.06842 0.03791 -0.01660
v -0.06842 0.03557 -0.01639
v -0.06936 0.03555 -0.01658
v -0.06850 0.03539 -0.01619
v -0.06778 0.03543 -0.01571
v -0.06936 0.03537 -0.01636
v -0.06763 0.03562 -0.01587
v -0.06729 0.03549 -0.01498
v -0.07029 0.03557 -0.01639
v -0.07021 0.03539 -0.01619
v -0.06711 0.03569 -0.01508
v -0.06712 0.03557 -0.01413
v -0.06763 0.03796 -0.01607
v -0.06692 0.03577 -0.01415
v -0.06729 0.03564 -0.01328
v -0.06711 0.03802 -0.01528
v -0.06711 0.03585 -0.01322
v -0.06778 0.03571 -0.01256
v -0.06692 0.03811 -0.01436
v -0.06763 0.03592 -0.01243
v -0.06850 0.03575 -0.01208
v -0.06711 0.03819 -0.01343
v -0.06842 0.03596 -0.01191
v -0.06936 0.03576 -0.01191
v -0.06763 0.03826 -0.01264
v -0.06936 0.03598 -0.01172
v -0.07021 0.03575 -0.01208
v -0.06842 0.03830 -0.01211
v -0.07029 0.03596 -0.01191
v -0.07093 0.03571 -0.01256
v -0.06936 0.03832 -0.01193
v -0.07108 0.03592 -0.01243
v -0.07142 0.03564 -0.01328
v -0.07029 0.03830 -0.01211
v -0.07161 0.03585 -0.01322
v -0.07159 0.03557 -0.01413
v -0.07108 0.03826 -0.01264
v -0.07179 0.03577 -0.01415
v -0.07142 0.03549 -0.01498
v -0.07161 0.03819 -0.01343
v -0.07161 0.03569 -0.01508
v -0.07093 0.03543 -0.01571
v -0.07179 0.03811 -0.01436
v -0.07108 0.03562 -0.01587
v -0.07161 0.03802 -0.01528
v -0.07108 0.03796 -0.01607
v -0.07029 0.03791 -0.01660
v -0.07142 0.03823 -0.01522
v -0.07093 0.03817 -0.01595
v -0.07021 0.03813 -0.01643
v -0.07159 0.03831 -0.01437
v -0.07061 0.03826 -0.01489
v -0.07142 0.03838 -0.01352
v -0.07071 0.03831 -0.01437
v -0.07061 0.03835 -0.01386
v -0.07093 0.03844 -0.01280
v -0.07031 0.03839 -0.01342
v -0.07021 0.03849 -0.01232
v -0.06987 0.03841 -0.01313
v -0.06936 0.03850 -0.01215
v -0.06936 0.03842 -0.01302
v -0.06850 0.03849 -0.01232
v -0.06884 0.03841 -0.01313
v -0.06778 0.03844 -0.01280
v -0.06840 0.03839 -0.01342
v -0.06729 0.03838 -0.01352
v -0.06811 0.03835 -0.01386
v -0.06712 0.03831 -0.01437
v -0.06800 0.03831 -0.01437
v -0.06729 0.03823 -0.01522
v -0.06811 0.03826 -0.01489
v -0.06778 0.03817 -0.01595
v -0.06840 0.03822 -0.01533
v -0.06850 0.03813 -0.01643
v -0.06884 0.03820 -0.01562
v -0.06936 0.03811 -0.01660
v -0.06936 0.03819 -0.01572
v -0.06987 0.03820 -0.01562
v -0.07031 0.03822 -0.01533
v -0.06980 0.03801 -0.01541
v -0.07017 0.03804 -0.01517
v -0.07042 0.03807 -0.01479
v -0.06936 0.03801 -0.01550
v -0.07017 0.03767 -0.01513
v -0.06979 0.03765 -0.01538
v -0.07041 0.03770 -0.01476
v -0.06936 0.03764 -0.01546
v -0.07050 0.03774 -0.01432
v -0.06892 0.03801 -0.01541
v -0.06892 0.03765 -0.01538
v -0.06854 0.03804 -0.01517
v -0.06855 0.03767 -0.01513
v -0.06829 0.03807 -0.01479
v -0.06830 0.03770 -0.01476
v -0.06821 0.03811 -0.01436
v -0.06821 0.03774 -0.01432
v -0.06829 0.03814 -0.01392
v -0.06830 0.03778 -0.01389
v -0.06854 0.03818 -0.01355
v -0.06855 0.03781 -0.01352
v -0.06892 0.03820 -0.01330
v -0.06892 0.03783 -0.01327
v -0.06936 0.03821 -0.01321
v -0.06936 0.03784 -0.01318
v -0.06980 0.03820 -0.01330
v -0.06979 0.03783 -0.01327
v -0.07017 0.03818 -0.01355
v -0.07017 0.03781 -0.01352
v -0.07042 0.03814 -0.01392
v -0.07041 0.03778 -0.01389
v -0.07051 0.03811 -0.01436
v -0.06830 0.03778 -0.01389
v -0.06821 0.03774 -0.01432
v -0.06853 0.03797 -0.01434
v -0.06859 0.03775 -0.01401
v -0.07012 0.03770 -0.01464
v -0.06994 0.03792 -0.01493
v -0.07017 0.03767 -0.01513
v -0.07041 0.03770 -0.01476
v -0.06855 0.03781 -0.01352
v -0.06830 0.03778 -0.01389
v -0.06859 0.03775 -0.01401
v -0.06877 0.03802 -0.01376
v -0.07018 0.03797 -0.01434
v -0.07012 0.03770 -0.01464
v -0.07041 0.03770 -0.01476
v -0.07050 0.03774 -0.01432
v -0.06892 0.03783 -0.01327
v -0.06855 0.03781 -0.01352
v -0.06877 0.03802 -0.01376
v -0.06904 0.03804 -0.01358
v -0.06936 0.03784 -0.01318
v -0.06936 0.03804 -0.01352
v -0.06979 0.03783 -0.01327
v -0.06967 0.03804 -0.01358
v -0.07017 0.03781 -0.01352
v -0.06994 0.03802 -0.01376
v -0.07041 0.03778 -0.01389
v -0.07012 0.03800 -0.01403
v -0.07050 0.03774 -0.01432
v -0.07018 0.03797 -0.01434
v -0.06967 0.03790 -0.01511
v -0.06994 0.03792 -0.01493
v -0.06853 0.03797 -0.01434
v -0.06936 0.03790 -0.01517
v -0.06904 0.03790 -0.01511
v -0.06877 0.03792 -0.01493
v -0.06859 0.03794 -0.01466
v -0.07018 0.03797 -0.01434
v -0.07012 0.03800 -0.01403
v -0.06994 0.03802 -0.01376
v -0.06877 0.03802 -0.01376
v -0.06936 0.03804 -0.01352
v -0.06967 0.03804 -0.01358
v -0.06904 0.03804 -0.01358
v -0.07173 0.03539 -0.01869
v -0.06880 0.03561 -0.01619
v -0.07166 0.03571 -0.01466
v -0.07171 0.03551 -0.01919
v -0.06842 0.03575 -0.01640
v -0.06843 0.03777 -0.01660
v -0.07171 0.03751 -0.01940
v -0.07173 0.03769 -0.01893
v -0.06882 0.03795 -0.01643
v -0.07163 0.03807 -0.01487
v -0.07443 0.03230 -0.01414
v -0.07406 0.03101 -0.03927
v -0.07236 0.03102 -0.03928
v -0.07426 0.03120 -0.03929
v -0.07195 0.03230 -0.01414
v -0.07463 0.03249 -0.01414
v -0.07177 0.03249 -0.01414
v -0.07216 0.03122 -0.03929
v -0.07220 0.03585 -0.03966
v -0.07443 0.03251 -0.01393
v -0.07195 0.03251 -0.01393
v -0.07181 0.03854 -0.01466
v -0.07200 0.03873 -0.01466
v -0.07240 0.03605 -0.03968
v -0.07200 0.03856 -0.01445
v -0.07448 0.03873 -0.01466
v -0.07410 0.03603 -0.03967
v -0.07448 0.03856 -0.01445
v -0.07467 0.03854 -0.01466
v -0.07430 0.03584 -0.03966
v -0.07181 0.03555 -0.01458
v -0.07188 0.03516 -0.01882
v -0.07173 0.03539 -0.01869
v -0.07166 0.03571 -0.01466
v -0.07171 0.03551 -0.01919
v -0.07188 0.03531 -0.01940
v -0.07171 0.03751 -0.01940
v -0.07188 0.03765 -0.01960
v -0.07173 0.03769 -0.01893
v -0.07188 0.03787 -0.01906
v -0.07177 0.03834 -0.01479
v -0.07163 0.03807 -0.01487
f 6033 6034 6035
f 6035 6036 6033
f 6037 6033 6036
f 6036 6038 6037
f 6039 6037 6038
f 6038 6040 6039
f 6041 6039 6040
f 6040 6042 6041
f 6043 6041 6042
f 6042 6044 6043
f 6045 6043 6044
f 6044 6046 6045
f 6047 6048 6049
f 6049 6050 6047
f 6050 6049 6051
f 6052 6051 6049
f 6051 6053 6050
f 6049 6054 6052
f 6054 6049 6048
f 6055 6052 6054
f 6056 6050 6053
f 6053 6057 6056
f 6054 6058 6055
f 6059 6055 6058
f 6058 6054 6060
f 6048 6060 6054
f 6058 6061 6059
f 6062 6059 6061
f 6060 6063 6058
f 6061 6058 6063
f 6061 6064 6062
f 6065 6062 6064
f 6063 6066 6061
f 6064 6061 6066
f 6064 6067 6065
f 6068 6065 6067
f 6066 6069 6064
f 6067 6064 6069
f 6067 6070 6068
f 6071 6068 6070
f 6069 6072 6067
f 6070 6067 6072
f 6070 6073 6071
f 6074 6071 6073
f 6072 6075 6070
f 6073 6070 6075
f 6073 6076 6074
f 6077 6074 6076
f 6075 6078 6073
f 6076 6073 6078
f 6076 6079 6077
f 6080 6077 6079
f 6078 6081 6076
f 6079 6076 6081
f 6079 6082 6080
f 6083 6080 6082
f 6081 6084 6079
f 6082 6079 6084
f 6082 6085 6083
f 6086 6083 6085
f 6084 6087 6082
f 6085 6082 6087
f 6085 6088 6086
f 6089 6086 6088
f 6087 6090 6085
f 6088 6085 6090
f 6088 6091 6089
f 6057 6089 6091
f 6091 6056 6057
f 6091 6088 6092
f 6090 6092 6088
f 6056 6091 6093
f 6092 6093 6091
f 6093 6094 6056
f 6050 6056 6094
f 6094 6047 6050
f 6093 6092 6095
f 6094 6093 6096
f 6095 6096 6093
f 6047 6094 6097
f 6096 6097 6094
f 6098 6095 6092
f 6092 6090 6098
f 6096 6095 6099
f 6100 6098 6090
f 6090 6087 6100
f 6095 6098 6101
f 6101 6099 6095
f 6098 6100 6102
f 6102 6101 6098
f 6103 6100 6087
f 6087 6084 6103
f 6104 6102 6100
f 6100 6103 6104
f 6105 6103 6084
f 6084 6081 6105
f 6106 6104 6103
f 6103 6105 6106
f 6107 6105 6081
f 6081 6078 6107
f 6108 6106 6105
f 6105 6107 6108
f 6109 6107 6078
f 6078 6075 6109
f 6110 6108 6107
f 6107 6109 6110
f 6111 6109 6075
f 6075 6072 6111
f 6112 6110 6109
f 6109 6111 6112
f 6113 6111 6072
f 6072 6069 6113
f 6114 6112 6111
f 6111 6113 6114
f 6115 6113 6069
f 6069 6066 6115
f 6116 6114 6113
f 6113 6115 6116
f 6117 6115 6066
f 6066 6063 6117
f 6118 6116 6115
f 6115 6117 6118
f 6119 6117 6063
f 6063 6060 6119
f 6120 6118 6117
f 6117 6119 6120
f 6121 6119 6060
f 6060 6048 6121
f 6122 6120 6119
f 6119 6121 6122
f 6123 6121 6048
f 6048 6047 6123
f 6097 6123 6047
f 6121 6123 6124
f 6124 6122 6121
f 6123 6097 6125
f 6125 6124 6123
f 6126 6125 6097
f 6097 6096 6126
f 6099 6126 6096
f 6124 6125 6127
f 6125 6126 6128
f 6128 6127 6125
f 6126 6099 6129
f 6129 6128 6126
f 6127 6130 6124
f 6122 6124 6130
f 6127 6128 6131
f 6131 6132 6127
f 6130 6127 6132
f 6133 6131 6128
f 6132 6134 6130
f 6128 6129 6133
f 6135 6133 6129
f 6136 6130 6134
f 6130 6136 6122
f 6134 6137 6136
f 6120 6122 6136
f 6138 6136 6137
f 6136 6138 6120
f 6137 6139 6138
f 6118 6120 6138
f 6140 6138 6139
f 6138 6140 6118
f 6139 6141 6140
f 6116 6118 6140
f 6142 6140 6141
f 6140 6142 6116
f 6141 6143 6142
f 6114 6116 6142
f 6144 6142 6143
f 6142 6144 6114
f 6143 6145 6144
f 6112 6114 6144
f 6146 6144 6145
f 6144 6146 6112
f 6145 6147 6146
f 6110 6112 6146
f 6148 6146 6147
f 6146 6148 6110
f 6147 6149 6148
f 6108 6110 6148
f 6150 6148 6149
f 6148 6150 6108
f 6149 6151 6150
f 6106 6108 6150
f 6152 6150 6151
f 6150 6152 6106
f 6151 6153 6152
f 6104 6106 6152
f 6154 6152 6153
f 6152 6154 6104
f 6153 6155 6154
f 6102 6104 6154
f 6156 6154 6155
f 6154 6156 6102
f 6155 6157 6156
f 6101 6102 6156
f 6158 6156 6157
f 6156 6158 6101
f 6157 6135 6158
f 6099 6101 6158
f 6129 6158 6135
f 6158 6129 6099
f 6159 6160 6161
f 6161 6162 6159
f 6163 6162 6161
f 6161 6164 6163
f 6163 6164 6165
f 6165 6166 6163
f 6167 6168 6169
f 6169 6170 6167
f 6171 6170 6169
f 6169 6172 6171
f 6171 6172 6173
f 6173 6174 6171
f 6175 6176 6177
f 6177 6178 6175
f 6179 6175 6178
f 6178 6180 6179
f 6181 6179 6180
f 6180 6182 6181
f 6183 6181 6182
f 6182 6184 6183
f 6185 6183 6184
f 6184 6186 6185
f 6187 6185 6186
f 6186 6188 6187
f 6189 6190 6191
f 6192 6189 6193
f 6189 6191 6193
f 6191 6194 6193
f 6191 6195 6194
f 6196 6197 6198
f 6196 6198 6199
f 6198 6200 6199
f 6198 6201 6200
f 6200 6202 6199
f 6203 6204 6205
f 6204 6203 6206
f 6206 6207 6204
f 6208 6207 6206
f 6206 6209 6208
f 6208 6209 6210
f 6210 6211 6208
f 6212 6211 6210
f 6213 6214 6215
f 6216 6214 6213
f 6215 6217 6213
f 6213 6218 6216
f 6219 6217 6215
f 6215 6220 6219
f 6219 6220 6221
f 6222 6213 6217
f 6218 6213 6222
f 6217 6219 6223
f 6217 6223 6222
f 6221 6224 6219
f 6223 6219 6224
f 6225 6224 6221
f 6221 6226 6225
f 6224 6227 6223
f 6225 6227 6224
f 6222 6223 6227
f 6228 6225 6226
f 6227 6225 6228
f 6226 6229 6228
f 6227 6230 6222
f 6228 6230 6227
f 6218 6222 6230
f 6231 6228 6229
f 6230 6228 6231
f 6230 6231 6218
f 6229 6232 6231
f 6216 6218 6231
f 6231 6232 6216
f 6233 6234 6235
f 6235 6236 6233
f 6237 6235 6234
f 6234 6238 6237
f 6239 6237 6238
f 6238 6240 6239
f 6241 6239 6240
f 6240 6242 6241
f 6241 6242 6243
f 6243 6244 6241
g EarhookRight
usemtl earhooks
v -0.07159 0.03350 -0.05634
v -0.07149 0.03404 -0.05117
v -0.07148 0.03083 -0.05084
v -0.07158 0.03038 -0.05601
v -0.07171 0.03288 -0.06239
v -0.07170 0.02985 -0.06205
v -0.07176 0.03218 -0.06902
v -0.07174 0.02928 -0.06867
v -0.07167 0.03145 -0.07596
v -0.07164 0.02867 -0.07561
v -0.07141 0.03072 -0.08295
v -0.07137 0.02806 -0.08260
v -0.07099 0.03000 -0.08971
v -0.07094 0.02747 -0.08935
v -0.07046 0.02933 -0.09597
v -0.07040 0.02691 -0.09561
v -0.06991 0.02873 -0.10145
v -0.06984 0.02641 -0.10108
v -0.06223 0.00141 -0.15521
v -0.06223 0.00102 -0.15502
v -0.06231 0.00116 -0.15510
v -0.06234 0.00146 -0.15525
v -0.06227 0.00102 -0.15503
v -0.06236 0.00142 -0.15524
v -0.06211 0.00131 -0.15513
v -0.06212 0.00073 -0.15487
v -0.06211 0.00087 -0.15492
v -0.06211 0.00182 -0.15538
v -0.06228 0.00090 -0.15492
v -0.06225 0.00188 -0.15544
v -0.06237 0.00135 -0.15515
v -0.06237 0.00192 -0.15547
v -0.06240 0.00190 -0.15547
v -0.06244 0.00188 -0.15541
v -0.06237 0.00412 -0.15648
v -0.06249 0.00192 -0.15527
v -0.06242 0.00426 -0.15650
v -0.06242 0.00135 -0.15499
v -0.06244 0.00443 -0.15642
v -0.06254 0.00206 -0.15501
v -0.06252 0.00469 -0.15622
v -0.06242 0.00499 -0.15666
v -0.06245 0.00528 -0.15647
v -0.06257 0.00505 -0.15585
v -0.06247 0.00565 -0.15611
v -0.06224 0.00578 -0.15667
v -0.06227 0.00617 -0.15631
v -0.06250 0.00616 -0.15554
v -0.06231 0.00669 -0.15575
v -0.06203 0.00657 -0.15645
v -0.06209 0.00709 -0.15589
v -0.06236 0.00737 -0.15495
v -0.06215 0.00778 -0.15510
v -0.06186 0.00738 -0.15598
v -0.06195 0.00807 -0.15519
v -0.06225 0.00867 -0.15403
v -0.06206 0.00896 -0.15412
v -0.06160 0.00830 -0.15520
v -0.06173 0.00919 -0.15413
v -0.06223 0.01009 -0.15276
v -0.06190 0.01033 -0.15277
v -0.06152 0.00895 -0.15393
v -0.06168 0.01009 -0.15256
v -0.06215 0.01166 -0.15114
v -0.06192 0.01143 -0.15093
v -0.06162 0.00980 -0.15237
v -0.06185 0.01114 -0.15074
v -0.06225 0.01292 -0.14907
v -0.06217 0.01262 -0.14888
v -0.06181 0.01072 -0.15050
v -0.06212 0.01221 -0.14864
v -0.06251 0.01422 -0.14684
v -0.06210 0.01168 -0.14835
v -0.06180 0.01019 -0.15021
v -0.06243 0.01329 -0.14630
v -0.06159 0.00938 -0.15214
v -0.06158 0.00885 -0.15186
v -0.06245 0.01382 -0.14659
v -0.06285 0.01495 -0.14411
v -0.06288 0.01547 -0.14441
v -0.06323 0.01661 -0.14182
v -0.06328 0.01712 -0.14211
v -0.06370 0.01820 -0.13947
v -0.06295 0.01587 -0.14466
v -0.06375 0.01871 -0.13976
v -0.06421 0.01966 -0.13710
v -0.06335 0.01752 -0.14236
v -0.06260 0.01451 -0.14703
v -0.06427 0.02016 -0.13739
v -0.06470 0.02093 -0.13476
v -0.06249 0.01314 -0.14929
v -0.06384 0.01910 -0.14000
v -0.06248 0.01142 -0.15113
v -0.06346 0.01780 -0.14256
v -0.06242 0.00980 -0.15266
v -0.06305 0.01615 -0.14485
v -0.06245 0.00825 -0.15388
v -0.06286 0.01473 -0.14726
v -0.06254 0.00684 -0.15474
v -0.06282 0.01289 -0.14928
v -0.06261 0.00555 -0.15528
v -0.06266 0.01112 -0.15103
v -0.06258 0.00234 -0.15460
v -0.06260 0.00938 -0.15251
v -0.06247 0.00146 -0.15472
v -0.06262 0.00772 -0.15366
v -0.06230 0.00087 -0.15474
v -0.06267 0.00622 -0.15447
v -0.06206 0.00056 -0.15473
v -0.06262 0.00280 -0.15400
v -0.06190 0.00053 -0.15474
v -0.06252 0.00173 -0.15430
v -0.06183 0.00071 -0.15479
v -0.06235 0.00096 -0.15446
v -0.06182 0.00119 -0.15501
v -0.06207 0.00049 -0.15453
v -0.06182 0.00174 -0.15527
v -0.06182 0.00031 -0.15457
v -0.06157 0.00034 -0.15458
v -0.06182 0.00021 -0.15436
v -0.06143 0.00009 -0.15439
v -0.06156 0.00084 -0.15477
v -0.06215 0.00056 -0.15423
v -0.06131 0.00050 -0.15458
v -0.06242 0.00121 -0.15403
v -0.06120 0.00028 -0.15440
v -0.06257 0.00218 -0.15369
v -0.06141 -0.00002 -0.15416
v -0.06267 0.00345 -0.15317
v -0.06189 0.00027 -0.15405
v -0.06264 0.00283 -0.15286
v -0.06223 0.00080 -0.15380
v -0.06248 0.00165 -0.15342
v -0.06203 0.00051 -0.15362
v -0.06233 0.00123 -0.15319
v -0.06255 0.00229 -0.15258
v -0.06151 0.00003 -0.15385
v -0.06215 0.00094 -0.15300
v -0.06119 0.00019 -0.15418
v -0.06166 0.00026 -0.15341
v -0.06130 0.00024 -0.15387
v -0.06118 0.00052 -0.15449
v -0.06116 0.00045 -0.15427
v -0.06144 0.00048 -0.15343
v -0.06129 0.00070 -0.15465
v -0.06126 0.00052 -0.15397
v -0.06145 0.00098 -0.15480
v -0.06137 0.00112 -0.15485
v -0.06126 0.00098 -0.15476
v -0.06133 0.00142 -0.15498
v -0.06143 0.00137 -0.15499
v -0.06119 0.00085 -0.15462
v -0.06120 0.00137 -0.15492
v -0.06120 0.00082 -0.15442
v -0.06112 0.00130 -0.15480
v -0.06130 0.00187 -0.15518
v -0.06115 0.00184 -0.15513
v -0.06116 0.00129 -0.15462
v -0.06107 0.00182 -0.15503
v -0.06115 0.00410 -0.15617
v -0.06124 0.00090 -0.15412
v -0.06107 0.00185 -0.15486
v -0.06138 0.00076 -0.15353
v -0.06117 0.00141 -0.15433
v -0.06130 0.00116 -0.15369
v -0.06155 0.00091 -0.15281
v -0.06146 0.00120 -0.15291
v -0.06118 0.00168 -0.15390
v -0.06181 0.00069 -0.15280
v -0.06108 0.00199 -0.15458
v -0.06227 0.00158 -0.15216
v -0.06104 0.00437 -0.15602
v -0.06243 0.00188 -0.15235
v -0.06108 0.00420 -0.15613
v -0.06265 0.00316 -0.15147
v -0.06120 0.00459 -0.15640
v -0.06273 0.00370 -0.15175
v -0.06254 0.00275 -0.15123
v -0.06275 0.00432 -0.15207
v -0.06275 0.00710 -0.15339
v -0.06291 0.00544 -0.15066
v -0.06277 0.00885 -0.15228
v -0.06290 0.00823 -0.15201
v -0.06283 0.01070 -0.15087
v -0.06299 0.01017 -0.15064
v -0.06299 0.01259 -0.14918
v -0.06316 0.01217 -0.14902
v -0.06312 0.00954 -0.15036
v -0.06332 0.01163 -0.14878
v -0.06335 0.01417 -0.14714
v -0.06352 0.01375 -0.14697
v -0.06344 0.01101 -0.14850
v -0.06318 0.01447 -0.14724
v -0.06331 0.01637 -0.14507
v -0.06364 0.01611 -0.14506
v -0.06374 0.01800 -0.14278
v -0.06381 0.01580 -0.14496
v -0.06407 0.01774 -0.14276
v -0.06395 0.01937 -0.14020
v -0.06424 0.01957 -0.14041
v -0.06436 0.02054 -0.13762
v -0.06449 0.02081 -0.13781
v -0.06477 0.02142 -0.13503
v -0.06487 0.02180 -0.13525
v -0.06479 0.02101 -0.13802
v -0.06500 0.02206 -0.13543
v -0.06524 0.02251 -0.13271
v -0.06535 0.02288 -0.13291
v -0.06517 0.02203 -0.13245
v -0.06568 0.02345 -0.13044
v -0.06513 0.02147 -0.13217
v -0.06467 0.02036 -0.13445
v -0.06560 0.02299 -0.13021
v -0.06555 0.02243 -0.12995
v -0.06524 0.01891 -0.13099
v -0.06479 0.01774 -0.13318
v -0.06564 0.01994 -0.12887
v -0.06532 0.01833 -0.13074
v -0.06487 0.01715 -0.13292
v -0.06573 0.01937 -0.12864
v -0.06604 0.02084 -0.12684
v -0.06612 0.02029 -0.12664
v -0.06585 0.01889 -0.12845
v -0.06596 0.02327 -0.12782
v -0.06544 0.01783 -0.13053
v -0.06602 0.02381 -0.12805
v -0.06498 0.01664 -0.13270
v -0.06440 0.01580 -0.13516
v -0.06610 0.02426 -0.12826
v -0.06450 0.01528 -0.13493
v -0.06389 0.01428 -0.13746
v -0.06579 0.02381 -0.13063
v -0.06399 0.01376 -0.13723
v -0.06342 0.01265 -0.13978
v -0.06549 0.02314 -0.13308
v -0.06352 0.01212 -0.13954
v -0.06303 0.01096 -0.14206
v -0.06531 0.02225 -0.13562
v -0.06312 0.01042 -0.14182
v -0.06260 0.00928 -0.14426
v -0.06513 0.02074 -0.13800
v -0.06268 0.00874 -0.14402
v -0.06224 0.00766 -0.14633
v -0.06458 0.01931 -0.14039
v -0.06232 0.00712 -0.14609
v -0.06424 0.01744 -0.14266
v -0.06190 0.00616 -0.14823
v -0.06157 0.00544 -0.15019
v -0.06185 0.00678 -0.14852
v -0.06397 0.01538 -0.14479
v -0.06167 0.00482 -0.14991
v -0.06367 0.01321 -0.14674
v -0.06201 0.00562 -0.14800
v -0.06379 0.01259 -0.14645
v -0.06245 0.00670 -0.14592
v -0.06411 0.01484 -0.14455
v -0.06278 0.00832 -0.14384
v -0.06439 0.01702 -0.14249
v -0.06323 0.01000 -0.14165
v -0.06474 0.01900 -0.14029
v -0.06364 0.01170 -0.13936
v -0.06529 0.02044 -0.13790
v -0.06412 0.01334 -0.13706
v -0.06490 0.01859 -0.14013
v -0.06463 0.01487 -0.13477
v -0.06453 0.01648 -0.14225
v -0.06512 0.01624 -0.13254
v -0.06423 0.01422 -0.14426
v -0.06557 0.01744 -0.13039
v -0.06391 0.00982 -0.14504
v -0.06599 0.01850 -0.12832
v -0.06355 0.00823 -0.14711
v -0.06320 0.00676 -0.14899
v -0.06288 0.00482 -0.15034
v -0.06311 0.00614 -0.14866
v -0.06282 0.00428 -0.15005
v -0.06348 0.00761 -0.14677
v -0.06305 0.00560 -0.14837
v -0.06270 0.00387 -0.14981
v -0.06240 0.00245 -0.15105
v -0.06295 0.00519 -0.14813
v -0.06195 0.00133 -0.15195
v -0.06257 0.00357 -0.14962
v -0.06210 0.00221 -0.15084
v -0.06168 0.00156 -0.15197
v -0.06229 0.00334 -0.14941
v -0.06183 0.00244 -0.15085
v -0.06158 0.00185 -0.15206
v -0.06282 0.00490 -0.14793
v -0.06200 0.00357 -0.14942
v -0.06253 0.00466 -0.14771
v -0.06328 0.00667 -0.14622
v -0.06316 0.00638 -0.14603
v -0.06338 0.00708 -0.14647
v -0.06385 0.00920 -0.14470
v -0.06376 0.00868 -0.14440
v -0.06436 0.01147 -0.14284
v -0.06431 0.01085 -0.14250
v -0.06363 0.00827 -0.14414
v -0.06422 0.01033 -0.14220
v -0.06478 0.01313 -0.14055
v -0.06472 0.01253 -0.14021
v -0.06410 0.00993 -0.14195
v -0.06465 0.01587 -0.14196
v -0.06503 0.01806 -0.13989
v -0.06514 0.01745 -0.13961
v -0.06544 0.02003 -0.13774
v -0.06557 0.01951 -0.13751
v -0.06527 0.01474 -0.13822
v -0.06568 0.01891 -0.13723
v -0.06580 0.01624 -0.13589
v -0.06522 0.01415 -0.13789
v -0.06464 0.01201 -0.13991
v -0.06514 0.01364 -0.13759
v -0.06453 0.01161 -0.13966
v -0.06575 0.01565 -0.13557
v -0.06631 0.01758 -0.13360
v -0.06567 0.01516 -0.13528
v -0.06620 0.02019 -0.13487
v -0.06626 0.01700 -0.13330
v -0.06610 0.02079 -0.13514
v -0.06669 0.02131 -0.13256
v -0.06597 0.02130 -0.13536
v -0.06660 0.02189 -0.13280
v -0.06647 0.02239 -0.13301
v -0.06582 0.02170 -0.13551
v -0.06632 0.02279 -0.13315
v -0.06565 0.02199 -0.13560
v -0.06616 0.02307 -0.13324
v -0.06581 0.02332 -0.13326
v -0.06662 0.02401 -0.13093
v -0.06593 0.02407 -0.13078
v -0.06627 0.02425 -0.13095
v -0.06623 0.02461 -0.12843
v -0.06637 0.02486 -0.12856
v -0.06672 0.02504 -0.12871
v -0.06649 0.02497 -0.12618
v -0.06662 0.02531 -0.12633
v -0.06677 0.02555 -0.12645
v -0.06639 0.02452 -0.12600
v -0.06684 0.02558 -0.12423
v -0.06633 0.02400 -0.12579
v -0.06674 0.02515 -0.12407
v -0.06667 0.02464 -0.12389
v -0.06639 0.02164 -0.12493
v -0.06670 0.02234 -0.12313
v -0.06648 0.02111 -0.12474
v -0.06679 0.02182 -0.12297
v -0.06699 0.02295 -0.12147
v -0.06707 0.02245 -0.12133
v -0.06690 0.02138 -0.12284
v -0.06697 0.02519 -0.12213
v -0.06659 0.02065 -0.12460
v -0.06705 0.02569 -0.12229
v -0.06624 0.01982 -0.12647
v -0.06638 0.01945 -0.12635
v -0.06674 0.02029 -0.12449
v -0.06705 0.02103 -0.12275
v -0.06690 0.02002 -0.12442
v -0.06655 0.01917 -0.12628
v -0.06615 0.01822 -0.12824
v -0.06722 0.02077 -0.12269
v -0.06573 0.01715 -0.13030
v -0.06527 0.01594 -0.13244
v -0.06649 0.01798 -0.12822
v -0.06478 0.01457 -0.13467
v -0.06607 0.01690 -0.13028
v -0.06560 0.01568 -0.13243
v -0.06426 0.01304 -0.13695
v -0.06510 0.01431 -0.13465
v -0.06378 0.01139 -0.13926
v -0.06458 0.01278 -0.13693
v -0.06336 0.00970 -0.14154
v -0.06408 0.01113 -0.13924
v -0.06292 0.00802 -0.14374
v -0.06366 0.00944 -0.14152
v -0.06489 0.01297 -0.13715
v -0.06258 0.00640 -0.14582
v -0.06439 0.01134 -0.13946
v -0.06322 0.00776 -0.14372
v -0.06396 0.00965 -0.14175
v -0.06502 0.01325 -0.13735
v -0.06351 0.00798 -0.14395
v -0.06287 0.00615 -0.14581
v -0.06225 0.00491 -0.14773
v -0.06212 0.00521 -0.14783
v -0.06188 0.00387 -0.14952
v -0.06177 0.00428 -0.14968
v -0.06171 0.00273 -0.15095
v -0.06160 0.00314 -0.15111
v -0.06148 0.00226 -0.15222
v -0.06151 0.00367 -0.15133
v -0.06138 0.00279 -0.15244
v -0.06137 0.00160 -0.15307
v -0.06126 0.00213 -0.15328
v -0.06111 0.00228 -0.15416
v -0.06117 0.00274 -0.15355
v -0.06108 0.00462 -0.15579
v -0.06111 0.00499 -0.15541
v -0.06130 0.00340 -0.15271
v -0.06118 0.00549 -0.15483
v -0.06141 0.00429 -0.15161
v -0.06143 0.00707 -0.15293
v -0.06159 0.00822 -0.15154
v -0.06131 0.00618 -0.15402
v -0.06144 0.00770 -0.15324
v -0.06134 0.00680 -0.15433
v -0.06126 0.00611 -0.15514
v -0.06144 0.00823 -0.15352
v -0.06135 0.00733 -0.15460
v -0.06146 0.00865 -0.15375
v -0.06136 0.00775 -0.15482
v -0.06140 0.00805 -0.15500
v -0.06129 0.00706 -0.15562
v -0.06150 0.00760 -0.15599
v -0.06131 0.00736 -0.15579
v -0.06179 0.00685 -0.15653
v -0.06141 0.00707 -0.15654
v -0.06199 0.00617 -0.15680
v -0.06172 0.00644 -0.15688
v -0.06125 0.00682 -0.15635
v -0.06134 0.00665 -0.15689
v -0.06197 0.00584 -0.15698
v -0.06170 0.00611 -0.15705
v -0.06119 0.00641 -0.15671
v -0.06222 0.00547 -0.15685
v -0.06236 0.00479 -0.15673
v -0.06224 0.00523 -0.15691
v -0.06239 0.00416 -0.15651
v -0.06234 0.00464 -0.15671
v -0.06233 0.00457 -0.15668
v -0.06226 0.00503 -0.15687
v -0.06200 0.00557 -0.15702
v -0.06230 0.00488 -0.15681
v -0.06210 0.00531 -0.15697
v -0.06175 0.00581 -0.15709
v -0.06222 0.00501 -0.15685
v -0.06223 0.00461 -0.15668
v -0.06188 0.00550 -0.15702
v -0.06225 0.00413 -0.15647
v -0.06211 0.00515 -0.15689
v -0.06210 0.00470 -0.15669
v -0.06211 0.00417 -0.15646
v -0.06183 0.00527 -0.15688
v -0.06182 0.00422 -0.15642
v -0.06182 0.00479 -0.15667
v -0.06157 0.00566 -0.15703
v -0.06153 0.00415 -0.15630
v -0.06140 0.00599 -0.15710
v -0.06153 0.00180 -0.15522
v -0.06133 0.00631 -0.15706
v -0.06117 0.00608 -0.15689
v -0.06122 0.00578 -0.15693
v -0.06119 0.00612 -0.15655
v -0.06133 0.00548 -0.15687
v -0.06116 0.00580 -0.15673
v -0.06118 0.00553 -0.15679
v -0.06155 0.00512 -0.15674
v -0.06131 0.00527 -0.15675
v -0.06154 0.00467 -0.15654
v -0.06144 0.00498 -0.15664
v -0.06143 0.00458 -0.15646
v -0.06140 0.00410 -0.15624
v -0.06137 0.00483 -0.15655
v -0.06126 0.00498 -0.15660
v -0.06133 0.00453 -0.15641
v -0.06119 0.00518 -0.15661
v -0.06111 0.00473 -0.15638
v -0.06130 0.00407 -0.15619
v -0.06140 0.00184 -0.15520
v -0.06155 0.00128 -0.15498
v -0.07451 0.02861 -0.05581
v -0.07451 0.02902 -0.05064
v -0.07481 0.02950 -0.05068
v -0.07480 0.02908 -0.05585
v -0.07481 0.02983 -0.04665
v -0.07449 0.02814 -0.06184
v -0.07478 0.02859 -0.06189
v -0.07450 0.02935 -0.04660
v -0.07480 0.03011 -0.04362
v -0.07416 0.02828 -0.05577
v -0.07415 0.02868 -0.05060
v -0.07416 0.02782 -0.06181
v -0.07339 0.02802 -0.05575
v -0.07342 0.02757 -0.06178
v -0.07406 0.02732 -0.06843
v -0.07336 0.02708 -0.06841
v -0.07437 0.02763 -0.06847
v -0.07314 0.02657 -0.07535
v -0.07464 0.02807 -0.06852
v -0.07500 0.02917 -0.06195
v -0.07380 0.02680 -0.07538
v -0.07409 0.02710 -0.07542
v -0.07485 0.02862 -0.06858
v -0.07516 0.02985 -0.06203
v -0.07435 0.02751 -0.07547
v -0.07500 0.02927 -0.06866
v -0.07517 0.03287 -0.06237
v -0.07455 0.02804 -0.07554
v -0.07502 0.03218 -0.06900
v -0.07501 0.03355 -0.06244
v -0.07469 0.02867 -0.07562
v -0.07488 0.03283 -0.06908
v -0.07479 0.03413 -0.06251
v -0.07472 0.03145 -0.07596
v -0.07407 0.02746 -0.08254
v -0.07421 0.02805 -0.08262
v -0.07459 0.03207 -0.07604
v -0.07388 0.02695 -0.08247
v -0.07468 0.03339 -0.06915
v -0.07364 0.02656 -0.08241
v -0.07451 0.03458 -0.06256
v -0.07337 0.02628 -0.08237
v -0.07452 0.03526 -0.05652
v -0.07482 0.03480 -0.05646
v -0.07276 0.02605 -0.08234
v -0.07452 0.03584 -0.05134
v -0.07483 0.03536 -0.05129
v -0.07215 0.02628 -0.08237
v -0.07451 0.03628 -0.04729
v -0.07482 0.03580 -0.04724
v -0.07249 0.02680 -0.07538
v -0.07450 0.03659 -0.04425
v -0.07481 0.03611 -0.04420
v -0.07266 0.02733 -0.06844
v -0.07268 0.02783 -0.06181
v -0.07220 0.02710 -0.07542
v -0.07235 0.02764 -0.06848
v -0.07262 0.02828 -0.05578
v -0.07189 0.02656 -0.08240
v -0.07236 0.02815 -0.06185
v -0.07196 0.02752 -0.07547
v -0.07209 0.02807 -0.06853
v -0.07166 0.02696 -0.08245
v -0.07177 0.02805 -0.07554
v -0.07149 0.02747 -0.08252
v -0.07120 0.02642 -0.08921
v -0.07137 0.02806 -0.08260
v -0.07164 0.02867 -0.07561
v -0.07094 0.02747 -0.08935
v -0.07188 0.02863 -0.06859
v -0.07174 0.02928 -0.06867
v -0.07105 0.02690 -0.08927
v -0.07040 0.02691 -0.09561
v -0.07049 0.02637 -0.09553
v -0.06984 0.02641 -0.10108
v -0.07064 0.02591 -0.09546
v -0.06993 0.02589 -0.10100
v -0.07141 0.02604 -0.08916
v -0.07166 0.02577 -0.08912
v -0.07083 0.02555 -0.09541
v -0.07222 0.02555 -0.08910
v -0.07106 0.02529 -0.09538
v -0.07006 0.02545 -0.10094
v -0.07023 0.02510 -0.10089
v -0.07157 0.02508 -0.09536
v -0.07044 0.02485 -0.10085
v -0.06955 0.02506 -0.10537
v -0.06971 0.02473 -0.10532
v -0.06942 0.02549 -0.10543
v -0.06910 0.02473 -0.10890
v -0.06934 0.02599 -0.10551
v -0.06991 0.02873 -0.10145
v -0.06898 0.02515 -0.10897
v -0.06890 0.02564 -0.10905
v -0.06941 0.02824 -0.10588
v -0.06897 0.02782 -0.10942
v -0.06852 0.02530 -0.11185
v -0.06859 0.02745 -0.11223
v -0.06908 0.02831 -0.10951
v -0.06860 0.02482 -0.11176
v -0.06952 0.02874 -0.10597
v -0.06871 0.02441 -0.11170
v -0.07003 0.02925 -0.10153
v -0.07046 0.02933 -0.09597
v -0.06926 0.02440 -0.10885
v -0.07059 0.02987 -0.09605
v -0.07099 0.03000 -0.08971
v -0.06991 0.02449 -0.10529
v -0.07113 0.03056 -0.08979
v -0.07141 0.03072 -0.08295
v -0.07092 0.02465 -0.10084
v -0.07155 0.03131 -0.08303
v -0.07167 0.03145 -0.07596
v -0.07210 0.02528 -0.09540
v -0.07181 0.03208 -0.07604
v -0.07176 0.03218 -0.06902
v -0.07278 0.02576 -0.08914
v -0.07304 0.02603 -0.08918
v -0.07326 0.02641 -0.08923
v -0.07234 0.02554 -0.09544
v -0.07344 0.02689 -0.08931
v -0.07255 0.02590 -0.09550
v -0.07142 0.02485 -0.10088
v -0.07164 0.02510 -0.10092
v -0.07036 0.02429 -0.10527
v -0.07082 0.02448 -0.10532
v -0.06944 0.02417 -0.10882
v -0.06987 0.02398 -0.10881
v -0.06886 0.02409 -0.11165
v -0.06905 0.02386 -0.11161
v -0.07032 0.02416 -0.10885
v -0.06946 0.02367 -0.11160
v -0.06852 0.02377 -0.11384
v -0.06870 0.02354 -0.11381
v -0.06838 0.02409 -0.11389
v -0.06823 0.02344 -0.11559
v -0.06827 0.02450 -0.11396
v -0.06809 0.02376 -0.11564
v -0.06798 0.02417 -0.11572
v -0.06819 0.02497 -0.11405
v -0.06790 0.02464 -0.11581
v -0.06826 0.02710 -0.11444
v -0.06796 0.02677 -0.11623
v -0.06767 0.02430 -0.11728
v -0.06771 0.02644 -0.11774
v -0.06806 0.02725 -0.11633
v -0.06774 0.02382 -0.11718
v -0.06837 0.02758 -0.11454
v -0.06786 0.02341 -0.11710
v -0.06870 0.02793 -0.11232
v -0.06850 0.02799 -0.11462
v -0.06884 0.02834 -0.11239
v -0.06922 0.02873 -0.10959
v -0.06820 0.02765 -0.11641
v -0.06967 0.02917 -0.10604
v -0.07018 0.02969 -0.10161
v -0.06940 0.02906 -0.10965
v -0.07076 0.03033 -0.09612
v -0.06986 0.02950 -0.10610
v -0.07038 0.03004 -0.10167
v -0.07131 0.03105 -0.08986
v -0.07097 0.03069 -0.09618
v -0.07174 0.03182 -0.08310
v -0.07153 0.03143 -0.08992
v -0.07060 0.03028 -0.10171
v -0.07202 0.03261 -0.07611
v -0.07121 0.03095 -0.09622
v -0.07198 0.03221 -0.08316
v -0.07179 0.03169 -0.08996
v -0.07109 0.03048 -0.10175
v -0.07173 0.03115 -0.09626
v -0.07226 0.03249 -0.08320
v -0.07236 0.03191 -0.09000
v -0.07227 0.03302 -0.07616
v -0.07287 0.03272 -0.08323
v -0.07257 0.03332 -0.07620
v -0.07212 0.03339 -0.06916
v -0.07239 0.03382 -0.06921
v -0.07191 0.03283 -0.06909
v -0.07171 0.03288 -0.06239
v -0.07187 0.03355 -0.06246
v -0.07159 0.03350 -0.05634
v -0.07209 0.03413 -0.06252
v -0.07176 0.03420 -0.05642
v -0.07149 0.03404 -0.05117
v -0.07166 0.03475 -0.05124
v -0.07199 0.03480 -0.05648
v -0.07238 0.03458 -0.06257
v -0.07271 0.03413 -0.06924
v -0.07228 0.03527 -0.05653
v -0.07322 0.03355 -0.07623
v -0.07271 0.03490 -0.06261
v -0.07341 0.03438 -0.06927
v -0.07347 0.03249 -0.08320
v -0.07387 0.03332 -0.07620
v -0.07345 0.03516 -0.06263
v -0.07291 0.03169 -0.08997
v -0.07410 0.03413 -0.06924
v -0.07225 0.03094 -0.09624
v -0.07157 0.03028 -0.10173
v -0.07248 0.03069 -0.09621
v -0.07178 0.03003 -0.10170
v -0.07098 0.02973 -0.10618
v -0.07316 0.03142 -0.08994
v -0.07118 0.02949 -0.10614
v -0.07374 0.03221 -0.08317
v -0.07135 0.02916 -0.10609
v -0.07416 0.03302 -0.07616
v -0.07196 0.02969 -0.10165
v -0.07441 0.03382 -0.06920
v -0.07267 0.03032 -0.09616
v -0.07418 0.03490 -0.06260
v -0.07337 0.03104 -0.08989
v -0.07396 0.03181 -0.08311
v -0.07281 0.02986 -0.09609
v -0.07440 0.03260 -0.07611
v -0.07352 0.03056 -0.08982
v -0.07413 0.03130 -0.08305
v -0.07425 0.03071 -0.08297
v -0.07363 0.02999 -0.08974
v -0.07357 0.02746 -0.08939
v -0.07290 0.02932 -0.09601
v -0.07284 0.02690 -0.09565
v -0.07271 0.02636 -0.09557
v -0.07184 0.02544 -0.10098
v -0.07199 0.02588 -0.10106
v -0.07104 0.02472 -0.10536
v -0.07122 0.02505 -0.10542
v -0.07052 0.02439 -0.10890
v -0.06989 0.02385 -0.11165
v -0.07070 0.02472 -0.10896
v -0.06911 0.02336 -0.11379
v -0.07009 0.02408 -0.11170
v -0.06953 0.02353 -0.11384
v -0.06841 0.02321 -0.11555
v -0.06881 0.02303 -0.11554
v -0.06800 0.02309 -0.11704
v -0.06817 0.02286 -0.11701
v -0.06921 0.02320 -0.11560
v -0.06856 0.02267 -0.11699
v -0.06779 0.02269 -0.11835
v -0.06797 0.02245 -0.11831
v -0.06765 0.02301 -0.11842
v -0.06760 0.02222 -0.11967
v -0.06754 0.02343 -0.11851
v -0.06745 0.02255 -0.11974
v -0.06734 0.02298 -0.11984
v -0.06746 0.02391 -0.11861
v -0.06726 0.02347 -0.11996
v -0.06719 0.02201 -0.12122
v -0.06733 0.02167 -0.12113
v -0.06777 0.02198 -0.11962
v -0.06750 0.02143 -0.12108
v -0.06835 0.02226 -0.11830
v -0.06815 0.02178 -0.11961
v -0.06787 0.02122 -0.12107
v -0.06896 0.02284 -0.11705
v -0.06874 0.02244 -0.11837
v -0.06853 0.02196 -0.11969
v -0.06940 0.02343 -0.11565
v -0.06914 0.02307 -0.11711
v -0.06891 0.02266 -0.11844
v -0.06972 0.02376 -0.11390
v -0.06956 0.02374 -0.11572
v -0.07026 0.02440 -0.11176
v -0.06988 0.02407 -0.11396
v -0.07084 0.02514 -0.10904
v -0.07040 0.02481 -0.11184
v -0.07002 0.02448 -0.11404
v -0.07137 0.02548 -0.10550
v -0.07095 0.02563 -0.10913
v -0.07211 0.02640 -0.10114
v -0.07148 0.02598 -0.10558
v -0.07155 0.02823 -0.10595
v -0.07218 0.02872 -0.10151
v -0.07209 0.02924 -0.10158
v -0.07147 0.02873 -0.10603
v -0.07102 0.02781 -0.10950
v -0.07094 0.02830 -0.10958
v -0.07050 0.02529 -0.11193
v -0.07057 0.02744 -0.11231
v -0.07012 0.02496 -0.11414
v -0.06969 0.02415 -0.11581
v -0.07019 0.02709 -0.11453
v -0.06930 0.02338 -0.11719
v -0.06979 0.02462 -0.11591
v -0.06942 0.02379 -0.11729
v -0.06906 0.02298 -0.11852
v -0.06870 0.02219 -0.11977
v -0.06918 0.02339 -0.11863
v -0.06825 0.02140 -0.12116
v -0.06884 0.02251 -0.11986
v -0.06841 0.02163 -0.12125
v -0.06758 0.02056 -0.12267
v -0.06795 0.02074 -0.12278
v -0.06726 0.01980 -0.12440
v -0.06811 0.02097 -0.12289
v -0.06690 0.01894 -0.12626
v -0.06762 0.01998 -0.12454
v -0.06725 0.01912 -0.12641
v -0.06683 0.01816 -0.12839
v -0.06777 0.02022 -0.12465
v -0.06740 0.01937 -0.12654
v -0.06640 0.01708 -0.13046
v -0.06697 0.01841 -0.12854
v -0.06592 0.01587 -0.13262
v -0.06654 0.01734 -0.13063
v -0.06542 0.01450 -0.13486
v -0.06606 0.01613 -0.13280
v -0.06556 0.01477 -0.13504
v -0.06618 0.01651 -0.13303
v -0.06666 0.01771 -0.13084
v -0.06674 0.01819 -0.13109
v -0.06710 0.01877 -0.12873
v -0.06719 0.01924 -0.12896
v -0.06680 0.01875 -0.13137
v -0.06724 0.01979 -0.12922
v -0.06715 0.02229 -0.13030
v -0.06706 0.02285 -0.13053
v -0.06760 0.02314 -0.12813
v -0.06693 0.02334 -0.13071
v -0.06751 0.02369 -0.12833
v -0.06739 0.02416 -0.12850
v -0.06679 0.02373 -0.13085
v -0.06724 0.02453 -0.12862
v -0.06708 0.02481 -0.12869
v -0.06766 0.02524 -0.12650
v -0.06713 0.02573 -0.12658
v -0.06749 0.02551 -0.12656
v -0.06714 0.02616 -0.12446
v -0.06750 0.02633 -0.12458
v -0.06788 0.02612 -0.12456
v -0.06698 0.02592 -0.12436
v -0.06716 0.02612 -0.12242
v -0.06731 0.02645 -0.12254
v -0.06747 0.02668 -0.12263
v -0.06747 0.02657 -0.12079
v -0.06785 0.02685 -0.12272
v -0.06762 0.02690 -0.12089
v -0.06779 0.02712 -0.12096
v -0.06823 0.02665 -0.12271
v -0.06818 0.02730 -0.12105
v -0.06785 0.02729 -0.11943
v -0.06803 0.02751 -0.11950
v -0.06770 0.02697 -0.11935
v -0.06809 0.02764 -0.11802
v -0.06793 0.02732 -0.11794
v -0.06757 0.02656 -0.11924
v -0.06781 0.02691 -0.11784
v -0.06748 0.02608 -0.11912
v -0.06735 0.02616 -0.12067
v -0.06726 0.02567 -0.12053
v -0.07335 0.02841 -0.05058
v -0.07413 0.02900 -0.04657
v -0.07255 0.02868 -0.05061
v -0.07448 0.02962 -0.04357
v -0.07332 0.02873 -0.04655
v -0.07412 0.02927 -0.04354
v -0.07477 0.03034 -0.04144
v -0.07445 0.02986 -0.04139
v -0.07329 0.02900 -0.04352
v -0.07501 0.03096 -0.04150
v -0.07504 0.03074 -0.04367
v -0.07250 0.02901 -0.04658
v -0.07518 0.03169 -0.04156
v -0.07522 0.03147 -0.04374
v -0.07219 0.02902 -0.05065
v -0.07519 0.03494 -0.04187
v -0.07523 0.03474 -0.04406
v -0.07227 0.02862 -0.05582
v -0.07502 0.03567 -0.04194
v -0.07505 0.03548 -0.04414
v -0.07207 0.02860 -0.06190
v -0.07198 0.02908 -0.05587
v -0.07186 0.02918 -0.06197
v -0.07170 0.02985 -0.06205
v -0.07175 0.02968 -0.05594
v -0.07158 0.03038 -0.05601
v -0.07189 0.02950 -0.05070
v -0.07165 0.03012 -0.05076
v -0.07148 0.03083 -0.05084
v -0.07214 0.02935 -0.04662
v -0.07183 0.02984 -0.04667
v -0.07247 0.02928 -0.04355
v -0.07211 0.02962 -0.04358
v -0.07158 0.03046 -0.04673
v -0.07179 0.03011 -0.04363
v -0.07246 0.02951 -0.04137
v -0.07210 0.02986 -0.04141
v -0.07155 0.03074 -0.04369
v -0.07328 0.02924 -0.04134
v -0.07141 0.03119 -0.04680
v -0.07409 0.02951 -0.04136
v -0.07142 0.03445 -0.04713
v -0.07138 0.03147 -0.04377
v -0.07159 0.03518 -0.04720
v -0.07138 0.03475 -0.04408
v -0.07155 0.03097 -0.04151
v -0.07138 0.03170 -0.04158
v -0.07179 0.03035 -0.04145
v -0.07182 0.03056 -0.03999
v -0.07212 0.03008 -0.03995
v -0.07248 0.02975 -0.03991
v -0.07159 0.03116 -0.04005
v -0.07327 0.02947 -0.03988
v -0.07142 0.03187 -0.04012
v -0.07406 0.02974 -0.03990
v -0.07139 0.03495 -0.04189
v -0.07441 0.03008 -0.03993
v -0.07156 0.03548 -0.04415
v -0.07472 0.03055 -0.03998
v -0.07184 0.03580 -0.04726
v -0.07495 0.03116 -0.04003
v -0.07190 0.03537 -0.05130
v -0.07221 0.03584 -0.05135
v -0.07263 0.03560 -0.05656
v -0.07215 0.03629 -0.04731
v -0.07340 0.03586 -0.05659
v -0.07256 0.03619 -0.05138
v -0.07418 0.03559 -0.05655
v -0.07336 0.03646 -0.05141
v -0.07416 0.03618 -0.05137
v -0.07252 0.03663 -0.04734
v -0.07333 0.03691 -0.04736
v -0.07415 0.03663 -0.04733
v -0.07249 0.03695 -0.04429
v -0.07413 0.03694 -0.04428
v -0.07331 0.03722 -0.04431
v -0.07411 0.03712 -0.04209
v -0.07329 0.03740 -0.04212
v -0.07248 0.03712 -0.04210
v -0.07447 0.03678 -0.04205
v -0.07328 0.03744 -0.04063
v -0.07478 0.03629 -0.04201
v -0.07407 0.03717 -0.04060
v -0.07443 0.03683 -0.04057
v -0.07473 0.03636 -0.04053
v -0.07496 0.03575 -0.04047
v -0.07436 0.03677 -0.03966
v -0.07513 0.03504 -0.04040
v -0.07465 0.03632 -0.03962
v -0.07487 0.03574 -0.03956
v -0.07512 0.03187 -0.04010
v -0.07503 0.03506 -0.03949
v -0.07503 0.03202 -0.03921
v -0.07487 0.03135 -0.03915
v -0.07490 0.03503 -0.03902
v -0.07464 0.03076 -0.03909
v -0.07490 0.03215 -0.03875
v -0.07475 0.03152 -0.03870
v -0.07435 0.03031 -0.03905
v -0.07455 0.03098 -0.03865
v -0.07401 0.02999 -0.03902
v -0.07428 0.03057 -0.03861
v -0.07326 0.02973 -0.03900
v -0.07397 0.03027 -0.03858
v -0.07251 0.02999 -0.03903
v -0.07326 0.03004 -0.03856
v -0.07217 0.03032 -0.03907
v -0.07255 0.03028 -0.03859
v -0.07188 0.03077 -0.03911
v -0.07223 0.03057 -0.03862
v -0.07166 0.03135 -0.03917
v -0.07197 0.03098 -0.03866
v -0.07259 0.03062 -0.03844
v -0.07230 0.03085 -0.03847
v -0.07177 0.03152 -0.03871
v -0.07326 0.03041 -0.03841
v -0.07150 0.03203 -0.03923
v -0.07393 0.03061 -0.03844
v -0.07143 0.03505 -0.04042
v -0.07421 0.03085 -0.03846
v -0.07156 0.03567 -0.04196
v -0.07445 0.03119 -0.03850
v -0.07181 0.03611 -0.04421
v -0.07461 0.03166 -0.03854
v -0.07212 0.03660 -0.04426
v -0.07180 0.03630 -0.04202
v -0.07212 0.03678 -0.04207
v -0.07160 0.03576 -0.04049
v -0.07183 0.03637 -0.04054
v -0.07214 0.03684 -0.04058
v -0.07151 0.03507 -0.03951
v -0.07167 0.03574 -0.03958
v -0.07163 0.03215 -0.03877
v -0.07163 0.03503 -0.03904
v -0.07189 0.03633 -0.03963
v -0.07178 0.03566 -0.03910
v -0.07179 0.03225 -0.03860
v -0.07180 0.03497 -0.03886
v -0.07198 0.03620 -0.03915
v -0.07191 0.03555 -0.03891
v -0.07218 0.03678 -0.03967
v -0.07201 0.03494 -0.03882
v -0.07249 0.03718 -0.04061
v -0.07252 0.03710 -0.03970
v -0.07224 0.03661 -0.03919
v -0.07327 0.03736 -0.03972
v -0.07256 0.03691 -0.03921
v -0.07208 0.03602 -0.03896
v -0.07231 0.03636 -0.03899
v -0.07209 0.03548 -0.03888
v -0.07217 0.03584 -0.03892
v -0.07260 0.03660 -0.03900
v -0.07235 0.03601 -0.03893
v -0.07233 0.03554 -0.03887
v -0.07227 0.03496 -0.03880
v -0.07261 0.03565 -0.03887
v -0.07258 0.03502 -0.03879
v -0.07227 0.03226 -0.03855
v -0.07262 0.03618 -0.03894
v -0.07200 0.03229 -0.03858
v -0.07327 0.03681 -0.03901
v -0.07208 0.03174 -0.03853
v -0.07327 0.03714 -0.03922
v -0.07403 0.03710 -0.03969
v -0.07398 0.03691 -0.03920
v -0.07429 0.03661 -0.03918
v -0.07394 0.03660 -0.03900
v -0.07456 0.03620 -0.03914
v -0.07422 0.03636 -0.03898
v -0.07327 0.03635 -0.03894
v -0.07392 0.03618 -0.03893
v -0.07327 0.03577 -0.03886
v -0.07392 0.03565 -0.03886
v -0.07326 0.03510 -0.03878
v -0.07395 0.03502 -0.03878
v -0.07421 0.03554 -0.03886
v -0.07426 0.03496 -0.03879
v -0.07394 0.03221 -0.03852
v -0.07418 0.03601 -0.03892
v -0.07326 0.03213 -0.03851
v -0.07445 0.03602 -0.03895
v -0.07258 0.03221 -0.03853
v -0.07476 0.03566 -0.03908
v -0.07462 0.03555 -0.03890
v -0.07436 0.03584 -0.03891
v -0.07473 0.03497 -0.03884
v -0.07444 0.03548 -0.03887
v -0.07452 0.03493 -0.03881
v -0.07473 0.03224 -0.03858
v -0.07452 0.03229 -0.03856
v -0.07425 0.03226 -0.03854
v -0.07443 0.03174 -0.03852
v -0.07435 0.03137 -0.03850
v -0.07420 0.03169 -0.03850
v -0.07417 0.03121 -0.03847
v -0.07392 0.03158 -0.03848
v -0.07391 0.03104 -0.03845
v -0.07326 0.03146 -0.03846
v -0.07326 0.03088 -0.03843
v -0.07260 0.03158 -0.03849
v -0.07261 0.03104 -0.03846
v -0.07232 0.03169 -0.03851
v -0.07234 0.03121 -0.03848
v -0.07216 0.03138 -0.03851
v -0.07207 0.03120 -0.03851
v -0.07190 0.03167 -0.03855
v -0.07504 0.03420 -0.05640
v -0.07506 0.03475 -0.05122
v -0.07483 0.03536 -0.05129
v -0.07482 0.03480 -0.05646
v -0.07482 0.03580 -0.04724
v -0.07479 0.03413 -0.06251
v -0.07501 0.03355 -0.06244
v -0.07517 0.03287 -0.06237
v -0.07521 0.03350 -0.05632
v -0.07516 0.02985 -0.06203
v -0.07520 0.03037 -0.05599
v -0.07500 0.02917 -0.06195
v -0.07523 0.03403 -0.05115
v -0.07504 0.02968 -0.05592
v -0.07478 0.02859 -0.06189
v -0.07480 0.02908 -0.05585
v -0.07522 0.03083 -0.05082
v -0.07505 0.03011 -0.05075
v -0.07481 0.02950 -0.05068
v -0.07523 0.03119 -0.04678
v -0.07506 0.03046 -0.04671
v -0.07481 0.02983 -0.04665
v -0.07480 0.03011 -0.04362
v -0.07504 0.03074 -0.04367
v -0.07522 0.03147 -0.04374
v -0.07523 0.03474 -0.04406
v -0.07524 0.03445 -0.04711
v -0.07505 0.03548 -0.04414
v -0.07507 0.03517 -0.04718
v -0.07481 0.03611 -0.04420
v -0.07007 0.02974 -0.10615
v -0.07053 0.02993 -0.10619
v -0.06961 0.02929 -0.10970
v -0.07005 0.02947 -0.10974
v -0.07048 0.02928 -0.10973
v -0.07067 0.02905 -0.10969
v -0.07005 0.02889 -0.11254
v -0.07082 0.02872 -0.10964
v -0.07023 0.02866 -0.11251
v -0.07038 0.02833 -0.11246
v -0.07049 0.02792 -0.11239
v -0.07012 0.02757 -0.11462
v -0.07001 0.02797 -0.11469
v -0.06986 0.02675 -0.11633
v -0.06979 0.02723 -0.11642
v -0.06986 0.02829 -0.11474
v -0.06968 0.02764 -0.11649
v -0.06956 0.02641 -0.11785
v -0.06949 0.02689 -0.11795
v -0.06954 0.02795 -0.11655
v -0.06951 0.02427 -0.11739
v -0.06927 0.02387 -0.11875
v -0.06931 0.02604 -0.11925
v -0.06896 0.02293 -0.11998
v -0.06904 0.02342 -0.12012
v -0.06855 0.02196 -0.12137
v -0.06866 0.02238 -0.12150
v -0.06824 0.02131 -0.12302
v -0.06790 0.02056 -0.12480
v -0.06835 0.02174 -0.12318
v -0.06752 0.01972 -0.12671
v -0.06800 0.02101 -0.12499
v -0.06761 0.02017 -0.12692
v -0.06842 0.02225 -0.12336
v -0.06768 0.02071 -0.12715
v -0.06807 0.02153 -0.12519
v -0.06802 0.02389 -0.12606
v -0.06839 0.02455 -0.12412
v -0.06793 0.02442 -0.12624
v -0.06830 0.02507 -0.12428
v -0.06781 0.02488 -0.12639
v -0.06819 0.02551 -0.12441
v -0.06804 0.02586 -0.12450
v -0.06840 0.02640 -0.12265
v -0.06854 0.02606 -0.12257
v -0.06856 0.02710 -0.12103
v -0.06873 0.02686 -0.12099
v -0.06865 0.02563 -0.12246
v -0.06887 0.02653 -0.12091
v -0.06873 0.02512 -0.12232
v -0.06898 0.02611 -0.12081
v -0.06874 0.02288 -0.12166
v -0.06906 0.02561 -0.12069
v -0.06923 0.02652 -0.11936
v -0.06912 0.02694 -0.11945
v -0.06939 0.02730 -0.11803
v -0.06898 0.02726 -0.11951
v -0.06924 0.02762 -0.11809
v -0.06881 0.02750 -0.11955
v -0.06907 0.02785 -0.11812
v -0.06937 0.02818 -0.11658
v -0.06842 0.02769 -0.11957
v -0.06868 0.02804 -0.11814
v -0.06828 0.02786 -0.11808
v -0.06897 0.02837 -0.11660
v -0.06856 0.02819 -0.11654
v -0.06837 0.02797 -0.11649
v -0.06867 0.02830 -0.11468
v -0.06886 0.02853 -0.11474
v -0.06901 0.02866 -0.11246
v -0.06921 0.02889 -0.11251
v -0.06928 0.02871 -0.11479
v -0.06964 0.02907 -0.11256
v -0.06969 0.02852 -0.11477
v -0.06467 0.02036 -0.13445
v -0.06419 0.01907 -0.13678
v -0.06421 0.01966 -0.13710
v -0.06470 0.02093 -0.13476
v -0.06370 0.01820 -0.13947
v -0.06479 0.01774 -0.13318
v -0.06368 0.01760 -0.13914
v -0.06323 0.01661 -0.14182
v -0.06431 0.01641 -0.13544
v -0.06487 0.01715 -0.13292
v -0.06440 0.01580 -0.13516
v -0.06381 0.01489 -0.13775
v -0.06389 0.01428 -0.13746
v -0.06322 0.01600 -0.14148
v -0.06285 0.01495 -0.14411
v -0.06335 0.01327 -0.14007
v -0.06342 0.01265 -0.13978
v -0.06284 0.01433 -0.14377
v -0.06243 0.01329 -0.14630
v -0.06296 0.01158 -0.14236
v -0.06303 0.01096 -0.14206
v -0.06242 0.01267 -0.14596
v -0.06210 0.01168 -0.14835
v -0.06253 0.00990 -0.14455
v -0.06260 0.00928 -0.14426
v -0.06211 0.01106 -0.14802
v -0.06180 0.01019 -0.15021
v -0.06219 0.00828 -0.14662
v -0.06224 0.00766 -0.14633
v -0.06180 0.00957 -0.14989
v -0.06158 0.00885 -0.15186
v -0.06159 0.00822 -0.15154
v -0.06185 0.00678 -0.14852
v -0.06190 0.00616 -0.14823
v -0.06157 0.00544 -0.15019
v -0.06116 0.00493 -0.15630
v -0.06119 0.00542 -0.15654
v -0.06116 0.00522 -0.15609
v -0.06119 0.00573 -0.15634
v -0.06119 0.00560 -0.15571
v -0.06125 0.00612 -0.15598
v -0.06129 0.00664 -0.15540
v -0.06124 0.00653 -0.15619
vt 0.54736 0.24880
vt 0.50559 0.25136
vt 0.50536 0.07237
vt 0.54703 0.07424
vt 0.59610 0.24558
vt 0.59566 0.07658
vt 0.64963 0.24177
vt 0.64906 0.07915
vt 0.70574 0.23748
vt 0.70503 0.08172
vt 0.76222 0.23284
vt 0.76138 0.08408
vt 0.81687 0.22799
vt 0.81591 0.08603
vt 0.86748 0.22310
vt 0.86640 0.08741
vt 0.91185 0.21823
vt 0.91067 0.08794
vt 0.00000 1.00000
vt 0.00000 1.00000
vt 0.00000 1.00000
vt 0.00000 1.00000
vt 0.00000 1.00000
vt 0.00000 1.00000
vt 0.00000 1.00000
vt 0.00000 1.00000
vt 0.00000 1.00000
vt 0.00000 1.00000
vt 0.00000 1.00000
vt 0.00000 1.00000
vt 0.00000 1.00000
vt 0.00000 1.00000
vt 0.00000 1.00000
vt 0.00000 1.00000
vt 0.00000 1.00000
vt 0.00000 1.00000
vt 0.00000 1.00000
vt 0.00000 1.00000
vt 0.00000 1.00000
vt 0.00000 1.00000
vt 0.00000 1.00000
vt 0.00000 1.00000
vt 0.00000 1.00000
vt 0.00000 1.00000
vt 0.00000 1.00000
vt 0.00000 1.00000
vt 0.00000 1.00000
vt 0.00000 1.00000
vt 0.00000 1.00000
vt 0.00000 1.00000
vt 0.00000 1.00000
vt 0.00000 1.00000
vt 0.00000 1.00000
vt 0.00000 1.00000
vt 0.00000 1.00000
vt 0.00000 1.00000
vt 0.00000 1.00000
vt 0.00000 1.00000
vt 0.00000 1.00000
vt 0.00000 1.00000
vt 0.00000 1.00000
vt 0.00000 1.00000
vt 0.00000 1.00000
vt 0.00000 1.00000
vt 0.00000 1.00000
vt 0.00000 1.00000
vt 0.00000 1.00000
vt 0.00000 1.00000
vt 0.00000 1.00000
vt 0.00000 1.00000
vt 0.00000 1.00000
vt 0.00000 1.00000
vt 0.00000 1.00000
vt 0.00000 1.00000
vt 0.00000 1.00000
vt 0.00000 1.00000
vt 0.00000 1.00000
vt 0.00000 1.00000
vt 0.00000 1.00000
vt 0.00000 1.00000
vt 0.00000 1.00000
vt 0.00000 1.00000
vt 0.00000 1.00000
vt 0.00000 1.00000
vt 0.00000 1.00000
vt 0.00000 1.00000
vt 0.00000 1.00000
vt 0.00000 1.00000
vt 0.00000 1.00000
vt 0.00000 1.00000
vt 0.00000 1.00000
vt 0.00000 1.00000
vt 0.00000 1.00000
vt 0.00000 1.00000
vt 0.00000 1.00000
vt 0.00000 1.00000
vt 0.00000 1.00000
vt 0.00000 1.00000
vt 0.00000 1.00000
vt 0.00000 1.00000
vt 0.00000 1.00000
vt 0.00000 1.00000
vt 0.00000 1.00000
vt 0.00000 1.00000
vt 0.00000 1.00000
vt 0.00000 1.00000
vt 0.00000 1.00000
vt 0.00000 1.00000
vt 0.00000 1.00000
vt 0.00000 1.00000
vt 0.00000 1.00000
vt 0.00000 1.00000
vt 0.00000 1.00000
vt 0.00000 1.00000
vt 0.00000 1.00000
vt 0.00000 1.00000
vt 0.00000 1.00000
vt 0.00000 1.00000
vt 0.00000 1.00000
vt 0.00000 1.00000
vt 0.00000 1.00000
vt 0.00000 1.00000
vt 0.00000 1.00000
vt 0.00000 1.00000
vt 0.00000 1.00000
vt 0.00000 1.00000
vt 0.00000 1.00000
vt 0.00000 1.00000
vt 0.00000 1.00000
vt 0.00000 1.00000
vt 0.00000 1.00000
vt 0.00000 1.00000
vt 0.00000 1.00000
vt 0.00000 1.00000
vt 0.00000 1.00000
vt 0.00000 1.00000
vt 0.00000 1.00000
vt 0.00000 1.00000
vt 0.00000 1.00000
vt 0.00000 1.00000
vt 0.00000 1.00000
vt 0.00000 1.00000
vt 0.00000 1.00000
vt 0.00000 1.00000
vt 0.00000 1.00000
vt 0.00000 1.00000
vt 0.00000 1.00000
vt 0.00000 1.00000
vt 0.00000 1.00000
vt 0.00000 1.00000
vt 0.00000 1.00000
vt 0.00000 1.00000
vt 0.00000 1.00000
vt 0.00000 1.00000
vt 0.00000 1.00000
vt 0.00000 1.00000
vt 0.00000 1.00000
vt 0.00000 1.00000
vt 0.00000 1.00000
vt 0.00000 1.00000
vt 0.00000 1.00000
vt 0.00000 1.00000
vt 0.00000 1.00000
vt 0.00000 1.00000
vt 0.00000 1.00000
vt 0.00000 1.00000
vt 0.00000 1.00000
vt 0.00000 1.00000
vt 0.00000 1.00000
vt 0.00000 1.00000
vt 0.00000 1.00000
vt 0.00000 1.00000
vt 0.00000 1.00000
vt 0.00000 1.00000
vt 0.00000 1.00000
vt 0.00000 1.00000
vt 0.00000 1.00000
vt 0.00000 1.00000
vt 0.00000 1.00000
vt 0.00000 1.00000
vt 0.00000 1.00000
vt 0.00000 1.00000
vt 0.00000 1.00000
vt 0.00000 1.00000
vt 0.00000 1.00000
vt 0.00000 1.00000
vt 0.00000 1.00000
vt 0.00000 1.00000
vt 0.00000 1.00000
vt 0.00000 1.00000
vt 0.00000 1.00000
vt 0.00000 1.00000
vt 0.00000 1.00000
vt 0.00000 1.00000
vt 0.00000 1.00000
vt 0.00000 1.00000
vt 0.00000 1.00000
vt 0.00000 1.00000
vt 0.00000 1.00000
vt 0.00000 1.00000
vt 0.00000 1.00000
vt 0.00000 1.00000
vt 0.00000 1.00000
vt 0.00000 1.00000
vt 0.00000 1.00000
vt 0.00000 1.00000
vt 0.00000 1.00000
vt 0.00000 1.00000
vt 0.00000 1.00000
vt 0.00000 1.00000
vt 0.00000 1.00000
vt 0.00000 1.00000
vt 0.00000 1.00000
vt 0.00000 1.00000
vt 0.00000 1.00000
vt 0.00000 1.00000
vt 0.00000 1.00000
vt 0.00000 1.00000
vt 0.00000 1.00000
vt 0.00000 1.00000
vt 0.00000 1.00000
vt 0.00000 1.00000
vt 0.00000 1.00000
vt 0.00000 1.00000
vt 0.00000 1.00000
vt 0.00000 1.00000
vt 0.00000 1.00000
vt 0.00000 1.00000
vt 0.00000 1.00000
vt 0.00000 1.00000
vt 0.00000 1.00000
vt 0.00000 1.00000
vt 0.00000 1.00000
vt 0.00000 1.00000
vt 0.00000 1.00000
vt 0.00000 1.00000
vt 0.00000 1.00000
vt 0.00000 1.00000
vt 0.00000 1.00000
vt 0.00000 1.00000
vt 0.00000 1.00000
vt 0.00000 1.00000
vt 0.00000 1.00000
vt 0.00000 1.00000
vt 0.00000 1.00000
vt 0.00000 1.00000
vt 0.00000 1.00000
vt 0.00000 1.00000
vt 0.00000 1.00000
vt 0.00000 1.00000
vt 0.00000 1.00000
vt 0.00000 1.00000
vt 0.00000 1.00000
vt 0.00000 1.00000
vt 0.00000 1.00000
vt 0.00000 1.00000
vt 0.00000 1.00000
vt 0.00000 1.00000
vt 0.00000 1.00000
vt 0.00000 1.00000
vt 0.00000 1.00000
vt 0.00000 1.00000
vt 0.00000 1.00000
vt 0.00000 1.00000
vt 0.00000 1.00000
vt 0.00000 1.00000
vt 0.00000 1.00000
vt 0.00000 1.00000
vt 0.00000 1.00000
vt 0.00000 1.00000
vt 0.00000 1.00000
vt 0.00000 1.00000
vt 0.00000 1.00000
vt 0.00000 1.00000
vt 0.00000 1.00000
vt 0.00000 1.00000
vt 0.00000 1.00000
vt 0.00000 1.00000
vt 0.00000 1.00000
vt 0.00000 1.00000
vt 0.00000 1.00000
vt 0.00000 1.00000
vt 0.00000 1.00000
vt 0.00000 1.00000
vt 0.00000 1.00000
vt 0.00000 1.00000
vt 0.00000 1.00000
vt 0.00000 1.00000
vt 0.00000 1.00000
vt 0.00000 1.00000
vt 0.00000 1.00000
vt 0.00000 1.00000
vt 0.00000 1.00000
vt 0.00000 1.00000
vt 0.00000 1.00000
vt 0.00000 1.00000
vt 0.00000 1.00000
vt 0.00000 1.00000
vt 0.00000 1.00000
vt 0.00000 1.00000
vt 0.00000 1.00000
vt 0.00000 1.00000
vt 0.00000 1.00000
vt 0.00000 1.00000
vt 0.00000 1.00000
vt 0.00000 1.00000
vt 0.00000 1.00000
vt 0.00000 1.00000
vt 0.00000 1.00000
vt 0.00000 1.00000
vt 0.00000 1.00000
vt 0.00000 1.00000
vt 0.00000 1.00000
vt 0.00000 1.00000
vt 0.00000 1.00000
vt 0.00000 1.00000
vt 0.00000 1.00000
vt 0.00000 1.00000
vt 0.00000 1.00000
vt 0.00000 1.00000
vt 0.00000 1.00000
vt 0.00000 1.00000
vt 0.00000 1.00000
vt 0.00000 1.00000
vt 0.00000 1.00000
vt 0.00000 1.00000
vt 0.00000 1.00000
vt 0.00000 1.00000
vt 0.00000 1.00000
vt 0.00000 1.00000
vt 0.00000 1.00000
vt 0.00000 1.00000
vt 0.00000 1.00000
vt 0.00000 1.00000
vt 0.00000 1.00000
vt 0.00000 1.00000
vt 0.00000 1.00000
vt 0.00000 1.00000
vt 0.00000 1.00000
vt 0.00000 1.00000
vt 0.00000 1.00000
vt 0.00000 1.00000
vt 0.00000 1.00000
vt 0.00000 1.00000
vt 0.00000 1.00000
vt 0.00000 1.00000
vt 0.00000 1.00000
vt 0.00000 1.00000
vt 0.00000 1.00000
vt 0.00000 1.00000
vt 0.00000 1.00000
vt 0.00000 1.00000
vt 0.00000 1.00000
vt 0.00000 1.00000
vt 0.00000 1.00000
vt 0.00000 1.00000
vt 0.00000 1.00000
vt 0.00000 1.00000
vt 0.00000 1.00000
vt 0.00000 1.00000
vt 0.00000 1.00000
vt 0.00000 1.00000
vt 0.00000 1.00000
vt 0.00000 1.00000
vt 0.00000 1.00000
vt 0.00000 1.00000
vt 0.00000 1.00000
vt 0.00000 1.00000
vt 0.00000 1.00000
vt 0.00000 1.00000
vt 0.00000 1.00000
vt 0.00000 1.00000
vt 0.00000 1.00000
vt 0.00000 1.00000
vt 0.00000 1.00000
vt 0.00000 1.00000
vt 0.00000 1.00000
vt 0.00000 1.00000
vt 0.00000 1.00000
vt 0.00000 1.00000
vt 0.00000 1.00000
vt 0.00000 1.00000
vt 0.00000 1.00000
vt 0.00000 1.00000
vt 0.00000 1.00000
vt 0.00000 1.00000
vt 0.00000 1.00000
vt 0.00000 1.00000
vt 0.00000 1.00000
vt 0.00000 1.00000
vt 0.00000 1.00000
vt 0.00000 1.00000
vt 0.00000 1.00000
vt 0.00000 1.00000
vt 0.00000 1.00000
vt 0.00000 1.00000
vt 0.00000 1.00000
vt 0.00000 1.00000
vt 0.00000 1.00000
vt 0.00000 1.00000
vt 0.00000 1.00000
vt 0.00000 1.00000
vt 0.00000 1.00000
vt 0.00000 1.00000
vt 0.00000 1.00000
vt 0.00000 1.00000
vt 0.00000 1.00000
vt 0.00000 1.00000
vt 0.00000 1.00000
vt 0.00000 1.00000
vt 0.00000 1.00000
vt 0.00000 1.00000
vt 0.00000 1.00000
vt 0.00000 1.00000
vt 0.00000 1.00000
vt 0.00000 1.00000
vt 0.00000 1.00000
vt 0.00000 1.00000
vt 0.00000 1.00000
vt 0.00000 1.00000
vt 0.00000 1.00000
vt 0.00000 1.00000
vt 0.00000 1.00000
vt 0.00000 1.00000
vt 0.00000 1.00000
vt 0.00000 1.00000
vt 0.00000 1.00000
vt 0.00000 1.00000
vt 0.00000 1.00000
vt 0.00000 1.00000
vt 0.00000 1.00000
vt 0.00000 1.00000
vt 0.00000 1.00000
vt 0.00000 1.00000
vt 0.00000 1.00000
vt 0.00000 1.00000
vt 0.00000 1.00000
vt 0.00000 1.00000
vt 0.00000 1.00000
vt 0.00000 1.00000
vt 0.00000 1.00000
vt 0.00000 1.00000
vt 0.00000 1.00000
vt 0.00000 1.00000
vt 0.00000 1.00000
vt 0.00000 1.00000
vt 0.00000 1.00000
vt 0.00000 1.00000
vt 0.00000 1.00000
vt 0.00000 1.00000
vt 0.00000 1.00000
vt 0.00000 1.00000
vt 0.00000 1.00000
vt 0.00000 1.00000
vt 0.00000 1.00000
vt 0.00000 1.00000
vt 0.00000 1.00000
vt 0.00000 1.00000
vt 0.00000 1.00000
vt 0.00000 1.00000
vt 0.00000 1.00000
vt 0.00000 1.00000
vt 0.00000 1.00000
vt 0.00000 1.00000
vt 0.00000 1.00000
vt 0.00000 1.00000
vt 0.00000 1.00000
vt 0.00000 1.00000
vt 0.00000 1.00000
vt 0.00000 1.00000
vt 0.00000 1.00000
vt 0.00000 1.00000
vt 0.00000 1.00000
vt 0.00000 1.00000
vt 0.00000 1.00000
vt 0.00000 1.00000
vt 0.00000 1.00000
vt 0.00000 1.00000
vt 0.00000 1.00000
vt 0.00000 1.00000
vt 0.00000 1.00000
vt 0.00000 1.00000
vt 0.00000 1.00000
vt 0.00000 1.00000
vt 0.00000 1.00000
vt 0.00000 1.00000
vt 0.00000 1.00000
vt 0.00000 1.00000
vt 0.00000 1.00000
vt 0.00000 1.00000
vt 0.00000 1.00000
vt 0.00000 1.00000
vt 0.00000 1.00000
vt 0.00000 1.00000
vt 0.00000 1.00000
vt 0.00000 1.00000
vt 0.00000 1.00000
vt 0.00000 1.00000
vt 0.00000 1.00000
vt 0.00000 1.00000
vt 0.00000 1.00000
vt 0.00000 1.00000
vt 0.00000 1.00000
vt 0.00000 1.00000
vt 0.00000 1.00000
vt 0.00000 1.00000
vt 0.00000 1.00000
vt 0.00000 1.00000
vt 0.00000 1.00000
vt 0.00000 1.00000
vt 0.00000 1.00000
vt 0.00000 1.00000
vt 0.00000 1.00000
vt 0.00000 1.00000
vt 0.00000 1.00000
vt 0.00000 1.00000
vt 0.00000 1.00000
vt 0.00000 1.00000
vt 0.00000 1.00000
vt 0.00000 1.00000
vt 0.00000 1.00000
vt 0.00000 1.00000
vt 0.00000 1.00000
vt 0.00000 1.00000
vt 0.00000 1.00000
vt 0.00000 1.00000
vt 0.00000 1.00000
vt 0.00000 1.00000
vt 0.00000 1.00000
vt 0.00000 1.00000
vt 0.00000 1.00000
vt 0.00000 1.00000
vt 0.00000 1.00000
vt 0.00000 1.00000
vt 0.00000 1.00000
vt 0.00000 1.00000
vt 0.00000 1.00000
vt 0.00000 1.00000
vt 0.00000 1.00000
vt 0.00000 1.00000
vt 0.00000 1.00000
vt 0.00000 1.00000
vt 0.00000 1.00000
vt 0.00000 1.00000
vt 0.00000 1.00000
vt 0.00000 1.00000
vt 0.00000 1.00000
vt 0.00000 1.00000
vt 0.00000 1.00000
vt 0.00000 1.00000
vt 0.00000 1.00000
vt 0.00000 1.00000
vt 0.00000 1.00000
vt 0.00000 1.00000
vt 0.00000 1.00000
vt 0.00000 1.00000
vt 0.00000 1.00000
vt 0.00000 1.00000
vt 0.00000 1.00000
vt 0.00000 1.00000
vt 0.00000 1.00000
vt 0.00000 1.00000
vt 0.00000 1.00000
vt 0.00000 1.00000
vt 0.00000 1.00000
vt 0.00000 1.00000
vt 0.00000 1.00000
vt 0.00000 1.00000
vt 0.00000 1.00000
vt 0.00000 1.00000
vt 0.00000 1.00000
vt 0.00000 1.00000
vt 0.00000 1.00000
vt 0.00000 1.00000
vt 0.00000 1.00000
vt 0.00000 1.00000
vt 0.00000 1.00000
vt 0.00000 1.00000
vt 0.00000 1.00000
vt 0.00000 1.00000
vt 0.00000 1.00000
vt 0.00000 1.00000
vt 0.00000 1.00000
vt 0.00000 1.00000
vt 0.00000 1.00000
vt 0.00000 1.00000
vt 0.00000 1.00000
vt 0.00000 1.00000
vt 0.00000 1.00000
vt 0.00000 1.00000
vt 0.00000 1.00000
vt 0.00000 1.00000
vt 0.00000 1.00000
vt 0.00000 1.00000
vt 0.00000 1.00000
vt 0.00000 1.00000
vt 0.00000 1.00000
vt 0.00000 1.00000
vt 0.00000 1.00000
vt 0.00000 1.00000
vt 0.00000 1.00000
vt 0.00000 1.00000
vt 0.00000 1.00000
vt 0.00000 1.00000
vt 0.00000 1.00000
vt 0.00000 1.00000
vt 0.00000 1.00000
vt 0.00000 1.00000
vt 0.00000 1.00000
vt 0.00000 1.00000
vt 0.00000 1.00000
vt 0.00000 1.00000
vt 0.00000 1.00000
vt 0.00000 1.00000
vt 0.00000 1.00000
vt 0.00000 1.00000
vt 0.00000 1.00000
vt 0.00000 1.00000
vt 0.00000 1.00000
vt 0.00000 1.00000
vt 0.00000 1.00000
vt 0.00000 1.00000
vt 0.00000 1.00000
vt 0.00000 1.00000
vt 0.00000 1.00000
vt 0.00000 1.00000
vt 0.00000 1.00000
vt 0.00000 1.00000
vt 0.00000 1.00000
vt 0.00000 1.00000
vt 0.00000 1.00000
vt 0.00000 1.00000
vt 0.00000 1.00000
vt 0.00000 1.00000
vt 0.00000 1.00000
vt 0.00000 1.00000
vt 0.00000 1.00000
vt 0.00000 1.00000
vt 0.00000 1.00000
vt 0.00000 1.00000
vt 0.00000 1.00000
vt 0.00000 1.00000
vt 0.00000 1.00000
vt 0.00000 1.00000
vt 0.00000 1.00000
vt 0.00000 1.00000
vt 0.00000 1.00000
vt 0.00000 1.00000
vt 0.00000 1.00000
vt 0.00000 1.00000
vt 0.00000 1.00000
vt 0.00000 1.00000
vt 0.00000 1.00000
vt 0.00000 1.00000
vt 0.00000 1.00000
vt 0.00000 1.00000
vt 0.00000 1.00000
vt 0.00000 1.00000
vt 0.00000 1.00000
vt 0.00000 1.00000
vt 0.00000 1.00000
vt 0.00000 1.00000
vt 0.00000 1.00000
vt 0.00000 1.00000
vt 0.00000 1.00000
vt 0.00000 1.00000
vt 0.00000 1.00000
vt 0.00000 1.00000
vt 0.00000 1.00000
vt 0.00000 1.00000
vt 0.00000 1.00000
vt 0.00000 1.00000
vt 0.00000 1.00000
vt 0.00000 1.00000
vt 0.00000 1.00000
vt 0.00000 1.00000
vt 0.00000 1.00000
vt 0.00000 1.00000
vt 0.00000 1.00000
vt 0.00000 1.00000
vt 0.00000 1.00000
vt 0.00000 1.00000
vt 0.00000 1.00000
vt 0.00000 1.00000
vt 0.00000 1.00000
vt 0.00000 1.00000
vt 0.00000 1.00000
vt 0.00000 1.00000
vt 0.00000 1.00000
vt 0.00000 1.00000
vt 0.00000 1.00000
vt 0.00000 1.00000
vt 0.00000 1.00000
vt 0.00000 1.00000
vt 0.00000 1.00000
vt 0.00000 1.00000
vt 0.00000 1.00000
vt 0.00000 1.00000
vt 0.00000 1.00000
vt 0.00000 1.00000
vt 0.00000 1.00000
vt 0.00000 1.00000
vt 0.00000 1.00000
vt 0.00000 1.00000
vt 0.00000 1.00000
vt 0.00000 1.00000
vt 0.00000 1.00000
vt 0.00000 1.00000
vt 0.00000 1.00000
vt 0.00000 1.00000
vt 0.00000 1.00000
vt 0.00000 1.00000
vt 0.00000 1.00000
vt 0.00000 1.00000
vt 0.00000 1.00000
vt 0.00000 1.00000
vt 0.00000 1.00000
vt 0.00000 1.00000
vt 0.00000 1.00000
vt 0.00000 1.00000
vt 0.00000 1.00000
vt 0.00000 1.00000
vt 0.00000 1.00000
vt 0.00000 1.00000
vt 0.00000 1.00000
vt 0.00000 1.00000
vt 0.00000 1.00000
vt 0.00000 1.00000
vt 0.00000 1.00000
vt 0.00000 1.00000
vt 0.00000 1.00000
vt 0.00000 1.00000
vt 0.00000 1.00000
vt 0.00000 1.00000
vt 0.00000 1.00000
vt 0.00000 1.00000
vt 0.00000 1.00000
vt 0.00000 1.00000
vt 0.00000 1.00000
vt 0.00000 1.00000
vt 0.00000 1.00000
vt 0.00000 1.00000
vt 0.00000 1.00000
vt 0.00000 1.00000
vt 0.00000 1.00000
vt 0.00000 1.00000
vt 0.00000 1.00000
vt 0.00000 1.00000
vt 0.00000 1.00000
vt 0.00000 1.00000
vt 0.00000 1.00000
vt 0.00000 1.00000
vt 0.00000 1.00000
vt 0.00000 1.00000
vt 0.00000 1.00000
vt 0.00000 1.00000
vt 0.00000 1.00000
vt 0.00000 1.00000
vt 0.00000 1.00000
vt 0.00000 1.00000
vt 0.00000 1.00000
vt 0.00000 1.00000
vt 0.00000 1.00000
vt 0.00000 1.00000
vt 0.00000 1.00000
vt 0.00000 1.00000
vt 0.00000 1.00000
vt 0.00000 1.00000
vt 0.00000 1.00000
vt 0.00000 1.00000
vt 0.00000 1.00000
vt 0.00000 1.00000
vt 0.00000 1.00000
vt 0.00000 1.00000
vt 0.00000 1.00000
vt 0.00000 1.00000
vt 0.00000 1.00000
vt 0.00000 1.00000
vt 0.00000 1.00000
vt 0.00000 1.00000
vt 0.00000 1.00000
vt 0.00000 1.00000
vt 0.00000 1.00000
vt 0.00000 1.00000
vt 0.00000 1.00000
vt 0.00000 1.00000
vt 0.00000 1.00000
vt 0.00000 1.00000
vt 0.00000 1.00000
vt 0.00000 1.00000
vt 0.00000 1.00000
vt 0.00000 1.00000
vt 0.00000 1.00000
vt 0.00000 1.00000
vt 0.00000 1.00000
vt 0.00000 1.00000
vt 0.00000 1.00000
vt 0.00000 1.00000
vt 0.00000 1.00000
vt 0.00000 1.00000
vt 0.00000 1.00000
vt 0.00000 1.00000
vt 0.00000 1.00000
vt 0.00000 1.00000
vt 0.00000 1.00000
vt 0.00000 1.00000
vt 0.00000 1.00000
vt 0.00000 1.00000
vt 0.00000 1.00000
vt 0.00000 1.00000
vt 0.00000 1.00000
vt 0.00000 1.00000
vt 0.00000 1.00000
vt 0.00000 1.00000
vt 0.00000 1.00000
vt 0.00000 1.00000
vt 0.00000 1.00000
vt 0.00000 1.00000
vt 0.00000 1.00000
vt 0.00000 1.00000
vt 0.00000 1.00000
vt 0.00000 1.00000
vt 0.00000 1.00000
vt 0.00000 1.00000
vt 0.00000 1.00000
vt 0.00000 1.00000
vt 0.00000 1.00000
vt 0.00000 1.00000
vt 0.00000 1.00000
vt 0.00000 1.00000
vt 0.00000 1.00000
vt 0.00000 1.00000
vt 0.00000 1.00000
vt 0.00000 1.00000
vt 0.00000 1.00000
vt 0.00000 1.00000
vt 0.00000 1.00000
vt 0.00000 1.00000
vt 0.00000 1.00000
vt 0.00000 1.00000
vt 0.00000 1.00000
vt 0.00000 1.00000
vt 0.00000 1.00000
vt 0.00000 1.00000
vt 0.00000 1.00000
vt 0.00000 1.00000
vt 0.00000 1.00000
vt 0.00000 1.00000
vt 0.00000 1.00000
vt 0.00000 1.00000
vt 0.00000 1.00000
vt 0.00000 1.00000
vt 0.00000 1.00000
vt 0.00000 1.00000
vt 0.00000 1.00000
vt 0.00000 1.00000
vt 0.00000 1.00000
vt 0.00000 1.00000
vt 0.00000 1.00000
vt 0.00000 1.00000
vt 0.00000 1.00000
vt 0.00000 1.00000
vt 0.00000 1.00000
vt 0.00000 1.00000
vt 0.00000 1.00000
vt 0.00000 1.00000
vt 0.00000 1.00000
vt 0.00000 1.00000
vt 0.00000 1.00000
vt 0.00000 1.00000
vt 0.00000 1.00000
vt 0.00000 1.00000
vt 0.00000 1.00000
vt 0.00000 1.00000
vt 0.00000 1.00000
vt 0.00000 1.00000
vt 0.00000 1.00000
vt 0.00000 1.00000
vt 0.00000 1.00000
vt 0.00000 1.00000
vt 0.00000 1.00000
vt 0.00000 1.00000
vt 0.00000 1.00000
vt 0.00000 1.00000
vt 0.00000 1.00000
vt 0.00000 1.00000
vt 0.00000 1.00000
vt 0.00000 1.00000
vt 0.00000 1.00000
vt 0.00000 1.00000
vt 0.00000 1.00000
vt 0.00000 1.00000
vt 0.00000 1.00000
vt 0.00000 1.00000
vt 0.00000 1.00000
vt 0.00000 1.00000
vt 0.00000 1.00000
vt 0.00000 1.00000
vt 0.00000 1.00000
vt 0.00000 1.00000
vt 0.00000 1.00000
vt 0.00000 1.00000
vt 0.00000 1.00000
vt 0.00000 1.00000
vt 0.00000 1.00000
vt 0.00000 1.00000
vt 0.00000 1.00000
vt 0.00000 1.00000
vt 0.00000 1.00000
vt 0.00000 1.00000
vt 0.00000 1.00000
vt 0.00000 1.00000
vt 0.00000 1.00000
vt 0.00000 1.00000
vt 0.00000 1.00000
vt 0.00000 1.00000
vt 0.00000 1.00000
vt 0.00000 1.00000
vt 0.00000 1.00000
vt 0.00000 1.00000
vt 0.00000 1.00000
vt 0.00000 1.00000
vt 0.00000 1.00000
vt 0.00000 1.00000
vt 0.00000 1.00000
vt 0.00000 1.00000
vt 0.00000 1.00000
vt 0.00000 1.00000
vt 0.00000 1.00000
vt 0.00000 1.00000
vt 0.00000 1.00000
vt 0.00000 1.00000
vt 0.00000 1.00000
vt 0.00000 1.00000
vt 0.00000 1.00000
vt 0.00000 1.00000
vt 0.00000 1.00000
vt 0.00000 1.00000
vt 0.00000 1.00000
vt 0.00000 1.00000
vt 0.00000 1.00000
vt 0.00000 1.00000
vt 0.00000 1.00000
vt 0.00000 1.00000
vt 0.00000 1.00000
vt 0.00000 1.00000
vt 0.00000 1.00000
vt 0.00000 1.00000
vt 0.00000 1.00000
vt 0.00000 1.00000
vt 0.00000 1.00000
vt 0.00000 1.00000
vt 0.00000 1.00000
vt 0.00000 1.00000
vt 0.00000 1.00000
vt 0.00000 1.00000
vt 0.00000 1.00000
vt 0.00000 1.00000
vt 0.00000 1.00000
vt 0.00000 1.00000
vt 0.00000 1.00000
vt 0.00000 1.00000
vt 0.00000 1.00000
vt 0.00000 1.00000
vt 0.00000 1.00000
vt 0.00000 1.00000
vt 0.00000 1.00000
vt 0.00000 1.00000
vt 0.00000 1.00000
vt 0.00000 1.00000
vt 0.00000 1.00000
vt 0.00000 1.00000
vt 0.00000 1.00000
vt 0.00000 1.00000
vt 0.00000 1.00000
vt 0.00000 1.00000
vt 0.00000 1.00000
vt 0.00000 1.00000
vt 0.00000 1.00000
vt 0.00000 1.00000
vt 0.00000 1.00000
vt 0.00000 1.00000
vt 0.00000 1.00000
vt 0.00000 1.00000
vt 0.00000 1.00000
vt 0.00000 1.00000
vt 0.00000 1.00000
vt 0.00000 1.00000
vt 0.00000 1.00000
vt 0.00000 1.00000
vt 0.00000 1.00000
vt 0.00000 1.00000
vt 0.00000 1.00000
vt 0.00000 1.00000
vt 0.00000 1.00000
vt 0.00000 1.00000
vt 0.00000 1.00000
vt 0.00000 1.00000
vt 0.00000 1.00000
vt 0.00000 1.00000
vt 0.00000 1.00000
vt 0.00000 1.00000
vt 0.00000 1.00000
vt 0.00000 1.00000
vt 0.00000 1.00000
vt 0.00000 1.00000
vt 0.00000 1.00000
vt 0.00000 1.00000
vt 0.00000 1.00000
vt 0.00000 1.00000
vt 0.00000 1.00000
vt 0.00000 1.00000
vt 0.00000 1.00000
vt 0.00000 1.00000
vt 0.00000 1.00000
vt 0.00000 1.00000
vt 0.00000 1.00000
vt 0.00000 1.00000
vt 0.00000 1.00000
vt 0.00000 1.00000
vt 0.00000 1.00000
vt 0.00000 1.00000
vt 0.00000 1.00000
vt 0.00000 1.00000
vt 0.00000 1.00000
vt 0.00000 1.00000
vt 0.00000 1.00000
vt 0.00000 1.00000
vt 0.00000 1.00000
vt 0.17032 0.83445
vt 0.26621 0.84020
vt 0.26616 0.93164
vt 0.17023 0.92361
vt 0.34101 0.93672
vt 0.05827 0.91321
vt 0.05840 0.82690
vt 0.05857 0.72657
vt 0.17042 0.73080
vt 0.05930 0.28010
vt 0.17088 0.26961
vt 0.05947 0.18094
vt 0.26625 0.73393
vt 0.17098 0.16719
vt 0.05961 0.09626
vt 0.17107 0.07973
vt 0.26648 0.26106
vt 0.26653 0.15605
vt 0.26657 0.06639
vt 0.34107 0.25514
vt 0.34107 0.14841
vt 0.34108 0.05728
vt 0.39720 0.05348
vt 0.39722 0.14510
vt 0.39725 0.25240
vt 0.39735 0.73562
vt 0.34103 0.73576
vt 0.39737 0.84422
vt 0.34102 0.84378
vt 0.39739 0.93766
vt 0.00000 1.00000
vt 0.00000 1.00000
vt 0.00000 1.00000
vt 0.00000 1.00000
vt 0.00000 1.00000
vt 0.00000 1.00000
vt 0.00000 1.00000
vt 0.00000 1.00000
vt 0.00000 1.00000
vt 0.00000 1.00000
vt 0.00000 1.00000
vt 0.00000 1.00000
vt 0.00000 1.00000
vt 0.00000 1.00000
vt 0.00000 1.00000
vt 0.00000 1.00000
vt 0.00000 1.00000
vt 0.00000 1.00000
vt 0.00000 1.00000
vt 0.00000 1.00000
vt 0.00000 1.00000
vt 0.00000 1.00000
vt 0.00000 1.00000
vt 0.00000 1.00000
vt 0.00000 1.00000
vt 0.00000 1.00000
vt 0.00000 1.00000
vt 0.00000 1.00000
vt 0.00000 1.00000
vt 0.00000 1.00000
vt 0.00000 1.00000
vt 0.00000 1.00000
vt 0.00000 1.00000
vt 0.00000 1.00000
vt 0.00000 1.00000
vt 0.00000 1.00000
vt 0.00000 1.00000
vt 0.00000 1.00000
vt 0.00000 1.00000
vt 0.00000 1.00000
vt 0.00000 1.00000
vt 0.00000 1.00000
vt 0.00000 1.00000
vt 0.00000 1.00000
vt 0.00000 1.00000
vt 0.00000 1.00000
vt 0.00000 1.00000
vt 0.00000 1.00000
vt 0.00000 1.00000
vt 0.00000 1.00000
vt 0.00000 1.00000
vt 0.00000 1.00000
vt 0.00000 1.00000
vt 0.00000 1.00000
vt 0.00000 1.00000
vt 0.00000 1.00000
vt 0.00000 1.00000
vt 0.00000 1.00000
vt 0.00000 1.00000
vt 0.00000 1.00000
vt 0.00000 1.00000
vt 0.00000 1.00000
vt 0.00000 1.00000
vt 0.00000 1.00000
vt 0.00000 1.00000
vt 0.00000 1.00000
vt 0.00000 1.00000
vt 0.00000 1.00000
vt 0.00000 1.00000
vt 0.00000 1.00000
vt 0.00000 1.00000
vt 0.00000 1.00000
vt 0.00000 1.00000
vt 0.00000 1.00000
vt 0.49860 0.81340
vt 0.55261 0.85714
vt 0.55117 0.96476
vt 0.49699 0.91798
vt 0.60768 0.99031
vt 0.50665 0.34537
vt 0.60904 0.88043
vt 0.66515 0.99759
vt 0.56008 0.37620
vt 0.50864 0.24083
vt 0.56197 0.26891
vt 0.61622 0.39014
vt 0.61807 0.28093
vt 0.66648 0.88612
vt 0.72223 0.98983
vt 0.67362 0.38959
vt 0.67547 0.27917
vt 0.72359 0.87735
vt 0.77769 0.97252
vt 0.73089 0.37726
vt 0.73277 0.26624
vt 0.77912 0.85952
vt 0.83019 0.94697
vt 0.78674 0.35805
vt 0.78868 0.24692
vt 0.83171 0.83387
vt 0.87849 0.91785
vt 0.83974 0.33282
vt 0.84179 0.22202
vt 0.88013 0.80496
vt 0.92132 0.88726
vt 0.92307 0.77480
vt 0.88866 0.30574
vt 0.89078 0.19546
vt 0.93213 0.27836
vt 0.00000 1.00000
vt 0.00000 1.00000
vt 0.00000 1.00000
vt 0.00000 1.00000
vt 0.00000 1.00000
vt 0.00000 1.00000
vt 0.00000 1.00000
vt 0.00000 1.00000
f 6245/1177 6246/1178 6247/1179
f 6247/1179 6248/1180 6245/1177
f 6249/1181 6245/1177 6248/1180
f 6248/1180 6250/1182 6249/1181
f 6251/1183 6249/1181 6250/1182
f 6250/1182 6252/1184 6251/1183
f 6253/1185 6251/1183 6252/1184
f 6252/1184 6254/1186 6253/1185
f 6255/1187 6253/1185 6254/1186
f 6254/1186 6256/1188 6255/1187
f 6257/1189 6255/1187 6256/1188
f 6256/1188 6258/1190 6257/1189
f 6259/1191 6257/1189 6258/1190
f 6258/1190 6260/1192 6259/1191
f 6261/1193 6259/1191 6260/1192
f 6260/1192 6262/1194 6261/1193
f 6263/1195 6264/1196 6265/1197
f 6265/1197 6266/1198 6263/1195
f 6267/1199 6265/1197 6264/1196
f 6268/1200 6266/1198 6265/1197
f 6265/1197 6267/1199 6268/1200
f 6264/1196 6263/1195 6269/1201
f 6264/1196 6270/1202 6267/1199
f 6269/1201 6271/1203 6264/1196
f 6270/1202 6264/1196 6271/1203
f 6272/1204 6269/1201 6263/1195
f 6273/1205 6267/1199 6270/1202
f 6263/1195 6274/1206 6272/1204
f 6274/1206 6263/1195 6266/1198
f 6267/1199 6273/1205 6275/1207
f 6275/1207 6268/1200 6267/1199
f 6266/1198 6276/1208 6274/1206
f 6266/1198 6268/1200 6277/1209
f 6277/1209 6276/1208 6266/1198
f 6268/1200 6275/1207 6278/1210
f 6278/1210 6277/1209 6268/1200
f 6274/1206 6276/1208 6279/1211
f 6279/1211 6276/1208 6277/1209
f 6280/1212 6278/1210 6275/1207
f 6277/1209 6278/1210 6281/1213
f 6275/1207 6282/1214 6280/1212
f 6282/1214 6275/1207 6273/1205
f 6278/1210 6280/1212 6283/1215
f 6283/1215 6281/1213 6278/1210
f 6284/1216 6280/1212 6282/1214
f 6285/1217 6283/1215 6280/1212
f 6280/1212 6284/1216 6285/1217
f 6281/1213 6283/1215 6286/1218
f 6283/1215 6285/1217 6287/1219
f 6287/1219 6286/1218 6283/1215
f 6288/1220 6285/1217 6284/1216
f 6289/1221 6287/1219 6285/1217
f 6285/1217 6288/1220 6289/1221
f 6286/1218 6287/1219 6290/1222
f 6287/1219 6289/1221 6291/1223
f 6291/1223 6290/1222 6287/1219
f 6292/1224 6289/1221 6288/1220
f 6293/1225 6291/1223 6289/1221
f 6289/1221 6292/1224 6293/1225
f 6290/1222 6291/1223 6294/1226
f 6291/1223 6293/1225 6295/1227
f 6295/1227 6294/1226 6291/1223
f 6296/1228 6293/1225 6292/1224
f 6297/1229 6295/1227 6293/1225
f 6293/1225 6296/1228 6297/1229
f 6294/1226 6295/1227 6298/1230
f 6295/1227 6297/1229 6299/1231
f 6299/1231 6298/1230 6295/1227
f 6300/1232 6297/1229 6296/1228
f 6301/1233 6299/1231 6297/1229
f 6297/1229 6300/1232 6301/1233
f 6298/1230 6299/1231 6302/1234
f 6299/1231 6301/1233 6303/1235
f 6303/1235 6302/1234 6299/1231
f 6304/1236 6301/1233 6300/1232
f 6305/1237 6303/1235 6301/1233
f 6301/1233 6304/1236 6305/1237
f 6302/1234 6303/1235 6306/1238
f 6303/1235 6305/1237 6307/1239
f 6307/1239 6306/1238 6303/1235
f 6308/1240 6305/1237 6304/1236
f 6309/1241 6307/1239 6305/1237
f 6305/1237 6308/1240 6309/1241
f 6306/1238 6307/1239 6310/1242
f 6307/1239 6309/1241 6311/1243
f 6311/1243 6310/1242 6307/1239
f 6312/1244 6309/1241 6308/1240
f 6313/1245 6311/1243 6309/1241
f 6309/1241 6312/1244 6313/1245
f 6310/1242 6311/1243 6314/1246
f 6311/1243 6313/1245 6315/1247
f 6315/1247 6314/1246 6311/1243
f 6316/1248 6313/1245 6312/1244
f 6314/1246 6315/1247 6317/1249
f 6317/1249 6318/1250 6314/1246
f 6319/1251 6317/1249 6315/1247
f 6320/1252 6314/1246 6318/1250
f 6314/1246 6320/1252 6310/1242
f 6318/1250 6321/1253 6320/1252
f 6315/1247 6322/1254 6319/1251
f 6322/1254 6315/1247 6313/1245
f 6323/1255 6319/1251 6322/1254
f 6313/1245 6316/1248 6322/1254
f 6322/1254 6324/1256 6323/1255
f 6324/1256 6322/1254 6316/1248
f 6325/1257 6323/1255 6324/1256
f 6324/1256 6326/1258 6325/1257
f 6327/1259 6325/1257 6326/1258
f 6316/1248 6328/1260 6324/1256
f 6326/1258 6324/1256 6328/1260
f 6326/1258 6329/1261 6327/1259
f 6330/1262 6327/1259 6329/1261
f 6328/1260 6331/1263 6326/1258
f 6329/1261 6326/1258 6331/1263
f 6328/1260 6316/1248 6332/1264
f 6312/1244 6332/1264 6316/1248
f 6329/1261 6333/1265 6330/1262
f 6334/1266 6330/1262 6333/1265
f 6332/1264 6312/1244 6335/1267
f 6308/1240 6335/1267 6312/1244
f 6333/1265 6329/1261 6336/1268
f 6331/1263 6336/1268 6329/1261
f 6335/1267 6308/1240 6337/1269
f 6304/1236 6337/1269 6308/1240
f 6336/1268 6331/1263 6338/1270
f 6337/1269 6304/1236 6339/1271
f 6300/1232 6339/1271 6304/1236
f 6340/1272 6338/1270 6331/1263
f 6331/1263 6328/1260 6340/1272
f 6332/1264 6340/1272 6328/1260
f 6339/1271 6300/1232 6341/1273
f 6296/1228 6341/1273 6300/1232
f 6340/1272 6332/1264 6342/1274
f 6335/1267 6342/1274 6332/1264
f 6341/1273 6296/1228 6343/1275
f 6292/1224 6343/1275 6296/1228
f 6342/1274 6335/1267 6344/1276
f 6337/1269 6344/1276 6335/1267
f 6343/1275 6292/1224 6345/1277
f 6288/1220 6345/1277 6292/1224
f 6344/1276 6337/1269 6346/1278
f 6339/1271 6346/1278 6337/1269
f 6345/1277 6288/1220 6347/1279
f 6284/1216 6347/1279 6288/1220
f 6346/1278 6339/1271 6348/1280
f 6341/1273 6348/1280 6339/1271
f 6347/1279 6284/1216 6349/1281
f 6282/1214 6349/1281 6284/1216
f 6348/1280 6341/1273 6350/1282
f 6343/1275 6350/1282 6341/1273
f 6349/1281 6282/1214 6351/1283
f 6273/1205 6351/1283 6282/1214
f 6350/1282 6343/1275 6352/1284
f 6345/1277 6352/1284 6343/1275
f 6351/1283 6273/1205 6353/1285
f 6270/1202 6353/1285 6273/1205
f 6352/1284 6345/1277 6354/1286
f 6347/1279 6354/1286 6345/1277
f 6353/1285 6270/1202 6355/1287
f 6271/1203 6355/1287 6270/1202
f 6354/1286 6347/1279 6356/1288
f 6349/1281 6356/1288 6347/1279
f 6355/1287 6271/1203 6357/1289
f 6356/1288 6349/1281 6358/1290
f 6351/1283 6358/1290 6349/1281
f 6359/1291 6357/1289 6271/1203
f 6271/1203 6269/1201 6359/1291
f 6358/1290 6351/1283 6360/1292
f 6353/1285 6360/1292 6351/1283
f 6361/1293 6359/1291 6269/1201
f 6269/1201 6272/1204 6361/1293
f 6360/1292 6353/1285 6362/1294
f 6355/1287 6362/1294 6353/1285
f 6362/1294 6355/1287 6363/1295
f 6357/1289 6363/1295 6355/1287
f 6362/1294 6364/1296 6360/1292
f 6363/1295 6365/1297 6362/1294
f 6364/1296 6362/1294 6365/1297
f 6363/1295 6357/1289 6366/1298
f 6367/1299 6360/1292 6364/1296
f 6360/1292 6367/1299 6358/1290
f 6366/1298 6368/1300 6363/1295
f 6365/1297 6363/1295 6368/1300
f 6369/1301 6358/1290 6367/1299
f 6358/1290 6369/1301 6356/1288
f 6368/1300 6370/1302 6365/1297
f 6371/1303 6356/1288 6369/1301
f 6356/1288 6371/1303 6354/1286
f 6372/1304 6365/1297 6370/1302
f 6365/1297 6372/1304 6364/1296
f 6373/1305 6354/1286 6371/1303
f 6354/1286 6373/1305 6352/1284
f 6374/1306 6364/1296 6372/1304
f 6364/1296 6374/1306 6367/1299
f 6371/1303 6375/1307 6373/1305
f 6376/1308 6367/1299 6374/1306
f 6367/1299 6376/1308 6369/1301
f 6369/1301 6377/1309 6371/1303
f 6377/1309 6369/1301 6376/1308
f 6375/1307 6371/1303 6377/1309
f 6374/1306 6378/1310 6376/1308
f 6376/1308 6379/1311 6377/1309
f 6379/1311 6376/1308 6378/1310
f 6377/1309 6380/1312 6375/1307
f 6380/1312 6377/1309 6379/1311
f 6378/1310 6374/1306 6381/1313
f 6372/1304 6381/1313 6374/1306
f 6378/1310 6382/1314 6379/1311
f 6381/1313 6372/1304 6383/1315
f 6370/1302 6383/1315 6372/1304
f 6381/1313 6384/1316 6378/1310
f 6382/1314 6378/1310 6384/1316
f 6383/1315 6385/1317 6381/1313
f 6384/1316 6381/1313 6385/1317
f 6383/1315 6370/1302 6386/1318
f 6385/1317 6383/1315 6387/1319
f 6386/1318 6387/1319 6383/1315
f 6385/1317 6388/1320 6384/1316
f 6389/1321 6386/1318 6370/1302
f 6370/1302 6368/1300 6389/1321
f 6387/1319 6390/1322 6385/1317
f 6388/1320 6385/1317 6390/1322
f 6391/1323 6389/1321 6368/1300
f 6368/1300 6366/1298 6391/1323
f 6389/1321 6391/1323 6392/1324
f 6392/1324 6393/1325 6389/1321
f 6386/1318 6389/1321 6393/1325
f 6394/1326 6392/1324 6391/1323
f 6393/1325 6392/1324 6394/1326
f 6395/1327 6391/1323 6366/1298
f 6391/1323 6395/1327 6394/1326
f 6393/1325 6396/1328 6386/1318
f 6387/1319 6386/1318 6396/1328
f 6394/1326 6397/1329 6393/1325
f 6396/1328 6393/1325 6397/1329
f 6396/1328 6398/1330 6387/1319
f 6390/1322 6387/1319 6398/1330
f 6397/1329 6399/1331 6396/1328
f 6398/1330 6396/1328 6399/1331
f 6397/1329 6394/1326 6400/1332
f 6400/1332 6394/1326 6395/1327
f 6399/1331 6397/1329 6401/1333
f 6400/1332 6401/1333 6397/1329
f 6399/1331 6402/1334 6398/1330
f 6401/1333 6403/1335 6399/1331
f 6402/1334 6399/1331 6403/1335
f 6404/1336 6401/1333 6400/1332
f 6403/1335 6401/1333 6404/1336
f 6405/1337 6398/1330 6402/1334
f 6398/1330 6405/1337 6390/1322
f 6403/1335 6406/1338 6402/1334
f 6407/1339 6390/1322 6405/1337
f 6390/1322 6407/1339 6388/1320
f 6402/1334 6408/1340 6405/1337
f 6408/1340 6402/1334 6406/1338
f 6405/1337 6409/1341 6407/1339
f 6409/1341 6405/1337 6408/1340
f 6410/1342 6388/1320 6407/1339
f 6411/1343 6407/1339 6409/1341
f 6407/1339 6411/1343 6410/1342
f 6408/1340 6412/1344 6409/1341
f 6388/1320 6410/1342 6413/1345
f 6413/1345 6384/1316 6388/1320
f 6384/1316 6413/1345 6382/1314
f 6412/1344 6408/1340 6414/1346
f 6406/1338 6414/1346 6408/1340
f 6415/1347 6382/1314 6413/1345
f 6414/1346 6406/1338 6416/1348
f 6382/1314 6415/1347 6417/1349
f 6417/1349 6379/1311 6382/1314
f 6379/1311 6417/1349 6380/1312
f 6418/1350 6416/1348 6406/1338
f 6406/1338 6403/1335 6418/1350
f 6404/1336 6418/1350 6403/1335
f 6419/1351 6380/1312 6417/1349
f 6418/1350 6404/1336 6420/1352
f 6380/1312 6419/1351 6421/1353
f 6421/1353 6375/1307 6380/1312
f 6417/1349 6422/1354 6419/1351
f 6422/1354 6417/1349 6415/1347
f 6375/1307 6421/1353 6423/1355
f 6423/1355 6373/1305 6375/1307
f 6352/1284 6373/1305 6423/1355
f 6423/1355 6424/1356 6352/1284
f 6352/1284 6424/1356 6350/1282
f 6425/1357 6423/1355 6421/1353
f 6426/1358 6350/1282 6424/1356
f 6350/1282 6426/1358 6348/1280
f 6427/1359 6424/1356 6423/1355
f 6424/1356 6427/1359 6426/1358
f 6423/1355 6425/1357 6427/1359
f 6428/1360 6348/1280 6426/1358
f 6348/1280 6428/1360 6346/1278
f 6429/1361 6426/1358 6427/1359
f 6426/1358 6429/1361 6428/1360
f 6430/1362 6346/1278 6428/1360
f 6346/1278 6430/1362 6344/1276
f 6431/1363 6428/1360 6429/1361
f 6428/1360 6431/1363 6430/1362
f 6427/1359 6432/1364 6429/1361
f 6432/1364 6427/1359 6425/1357
f 6429/1361 6433/1365 6431/1363
f 6433/1365 6429/1361 6432/1364
f 6434/1366 6430/1362 6431/1363
f 6435/1367 6431/1363 6433/1365
f 6431/1363 6435/1367 6434/1366
f 6432/1364 6436/1368 6433/1365
f 6430/1362 6434/1366 6437/1369
f 6437/1369 6344/1276 6430/1362
f 6344/1276 6437/1369 6342/1274
f 6438/1370 6342/1274 6437/1369
f 6342/1274 6438/1370 6340/1272
f 6338/1270 6340/1272 6438/1370
f 6439/1371 6437/1369 6434/1366
f 6437/1369 6439/1371 6438/1370
f 6438/1370 6440/1372 6338/1270
f 6440/1372 6438/1370 6439/1371
f 6434/1366 6441/1373 6439/1371
f 6441/1373 6434/1366 6435/1367
f 6439/1371 6442/1374 6440/1372
f 6442/1374 6439/1371 6441/1373
f 6443/1375 6338/1270 6440/1372
f 6338/1270 6443/1375 6336/1268
f 6444/1376 6440/1372 6442/1374
f 6440/1372 6444/1376 6443/1375
f 6445/1377 6336/1268 6443/1375
f 6336/1268 6445/1377 6333/1265
f 6446/1378 6443/1375 6444/1376
f 6443/1375 6446/1378 6445/1377
f 6447/1379 6333/1265 6445/1377
f 6333/1265 6447/1379 6334/1266
f 6448/1380 6445/1377 6446/1378
f 6445/1377 6448/1380 6447/1379
f 6444/1376 6449/1381 6446/1378
f 6446/1378 6450/1382 6448/1380
f 6450/1382 6446/1378 6449/1381
f 6451/1383 6447/1379 6448/1380
f 6452/1384 6448/1380 6450/1382
f 6448/1380 6452/1384 6451/1383
f 6447/1379 6451/1383 6453/1385
f 6453/1385 6334/1266 6447/1379
f 6454/1386 6451/1383 6452/1384
f 6334/1266 6453/1385 6455/1387
f 6455/1387 6456/1388 6334/1266
f 6457/1389 6453/1385 6451/1383
f 6451/1383 6454/1386 6457/1389
f 6458/1390 6455/1387 6453/1385
f 6453/1385 6457/1389 6458/1390
f 6456/1388 6455/1387 6459/1391
f 6459/1391 6460/1392 6456/1388
f 6455/1387 6458/1390 6461/1393
f 6461/1393 6459/1391 6455/1387
f 6460/1392 6459/1391 6462/1394
f 6462/1394 6463/1395 6460/1392
f 6459/1391 6461/1393 6464/1396
f 6464/1396 6462/1394 6459/1391
f 6465/1397 6461/1393 6458/1390
f 6466/1398 6464/1396 6461/1393
f 6461/1393 6465/1397 6466/1398
f 6462/1394 6464/1396 6467/1399
f 6458/1390 6468/1400 6465/1397
f 6468/1400 6458/1390 6457/1389
f 6467/1399 6469/1401 6462/1394
f 6463/1395 6462/1394 6469/1401
f 6457/1389 6470/1402 6468/1400
f 6470/1402 6457/1389 6454/1386
f 6469/1401 6471/1403 6463/1395
f 6472/1404 6463/1395 6471/1403
f 6454/1386 6473/1405 6470/1402
f 6471/1403 6474/1406 6472/1404
f 6475/1407 6472/1404 6474/1406
f 6473/1405 6454/1386 6476/1408
f 6452/1384 6476/1408 6454/1386
f 6474/1406 6477/1409 6475/1407
f 6478/1410 6475/1407 6477/1409
f 6476/1408 6452/1384 6479/1411
f 6450/1382 6479/1411 6452/1384
f 6477/1409 6480/1412 6478/1410
f 6481/1413 6478/1410 6480/1412
f 6479/1411 6450/1382 6482/1414
f 6449/1381 6482/1414 6450/1382
f 6480/1412 6483/1415 6481/1413
f 6484/1416 6481/1413 6483/1415
f 6482/1414 6449/1381 6485/1417
f 6483/1415 6486/1418 6484/1416
f 6487/1419 6484/1416 6486/1418
f 6488/1420 6485/1417 6449/1381
f 6449/1381 6444/1376 6488/1420
f 6442/1374 6488/1420 6444/1376
f 6486/1418 6489/1421 6487/1419
f 6488/1420 6442/1374 6490/1422
f 6491/1423 6487/1419 6489/1421
f 6441/1373 6490/1422 6442/1374
f 6492/1424 6493/1425 6491/1423
f 6490/1422 6441/1373 6494/1426
f 6435/1367 6494/1426 6441/1373
f 6491/1423 6495/1427 6492/1424
f 6494/1426 6435/1367 6496/1428
f 6433/1365 6496/1428 6435/1367
f 6496/1428 6433/1365 6436/1368
f 6495/1427 6491/1423 6497/1429
f 6489/1421 6497/1429 6491/1423
f 6436/1368 6498/1430 6496/1428
f 6497/1429 6489/1421 6499/1431
f 6500/1432 6496/1428 6498/1430
f 6496/1428 6500/1432 6494/1426
f 6501/1433 6499/1431 6489/1421
f 6489/1421 6486/1418 6501/1433
f 6502/1434 6494/1426 6500/1432
f 6494/1426 6502/1434 6490/1422
f 6503/1435 6501/1433 6486/1418
f 6486/1418 6483/1415 6503/1435
f 6504/1436 6490/1422 6502/1434
f 6490/1422 6504/1436 6488/1420
f 6485/1417 6488/1420 6504/1436
f 6505/1437 6503/1435 6483/1415
f 6483/1415 6480/1412 6505/1437
f 6504/1436 6506/1438 6485/1417
f 6507/1439 6505/1437 6480/1412
f 6480/1412 6477/1409 6507/1439
f 6506/1438 6504/1436 6508/1440
f 6502/1434 6508/1440 6504/1436
f 6509/1441 6507/1439 6477/1409
f 6477/1409 6474/1406 6509/1441
f 6508/1440 6502/1434 6510/1442
f 6500/1432 6510/1442 6502/1434
f 6511/1443 6509/1441 6474/1406
f 6474/1406 6471/1403 6511/1443
f 6510/1442 6500/1432 6512/1444
f 6498/1430 6512/1444 6500/1432
f 6513/1445 6511/1443 6471/1403
f 6471/1403 6469/1401 6513/1445
f 6512/1444 6498/1430 6514/1446
f 6515/1447 6513/1445 6469/1401
f 6469/1401 6467/1399 6515/1447
f 6516/1448 6514/1446 6498/1430
f 6498/1430 6436/1368 6516/1448
f 6517/1449 6516/1448 6436/1368
f 6436/1368 6432/1364 6517/1449
f 6425/1357 6517/1449 6432/1364
f 6517/1449 6425/1357 6518/1450
f 6421/1353 6518/1450 6425/1357
f 6518/1450 6421/1353 6419/1351
f 6516/1448 6517/1449 6519/1451
f 6518/1450 6519/1451 6517/1449
f 6419/1351 6520/1452 6518/1450
f 6519/1451 6518/1450 6520/1452
f 6520/1452 6419/1351 6422/1354
f 6519/1451 6521/1453 6516/1448
f 6514/1446 6516/1448 6521/1453
f 6520/1452 6522/1454 6519/1451
f 6521/1453 6519/1451 6522/1454
f 6422/1354 6523/1455 6520/1452
f 6522/1454 6520/1452 6523/1455
f 6523/1455 6422/1354 6524/1456
f 6415/1347 6524/1456 6422/1354
f 6523/1455 6525/1457 6522/1454
f 6524/1456 6415/1347 6526/1458
f 6413/1345 6526/1458 6415/1347
f 6526/1458 6413/1345 6410/1342
f 6524/1456 6527/1459 6523/1455
f 6525/1457 6523/1455 6527/1459
f 6526/1458 6528/1460 6524/1456
f 6527/1459 6524/1456 6528/1460
f 6410/1342 6529/1461 6526/1458
f 6528/1460 6526/1458 6529/1461
f 6529/1461 6410/1342 6411/1343
f 6528/1460 6530/1462 6527/1459
f 6529/1461 6531/1463 6528/1460
f 6530/1462 6528/1460 6531/1463
f 6411/1343 6532/1464 6529/1461
f 6531/1463 6529/1461 6532/1464
f 6533/1465 6527/1459 6530/1462
f 6527/1459 6533/1465 6525/1457
f 6531/1463 6534/1466 6530/1462
f 6530/1462 6535/1467 6533/1465
f 6535/1467 6530/1462 6534/1466
f 6536/1468 6525/1457 6533/1465
f 6537/1469 6533/1465 6535/1467
f 6533/1465 6537/1469 6536/1468
f 6525/1457 6536/1468 6538/1470
f 6538/1470 6522/1454 6525/1457
f 6522/1454 6538/1470 6521/1453
f 6539/1471 6521/1453 6538/1470
f 6521/1453 6539/1471 6514/1446
f 6540/1472 6538/1470 6536/1468
f 6538/1470 6540/1472 6539/1471
f 6541/1473 6514/1446 6539/1471
f 6514/1446 6541/1473 6512/1444
f 6542/1474 6539/1471 6540/1472
f 6539/1471 6542/1474 6541/1473
f 6536/1468 6543/1475 6540/1472
f 6543/1475 6536/1468 6537/1469
f 6540/1472 6544/1476 6542/1474
f 6544/1476 6540/1472 6543/1475
f 6545/1477 6541/1473 6542/1474
f 6546/1478 6542/1474 6544/1476
f 6542/1474 6546/1478 6545/1477
f 6543/1475 6547/1479 6544/1476
f 6541/1473 6545/1477 6548/1480
f 6548/1480 6512/1444 6541/1473
f 6512/1444 6548/1480 6510/1442
f 6549/1481 6510/1442 6548/1480
f 6510/1442 6549/1481 6508/1440
f 6550/1482 6548/1480 6545/1477
f 6548/1480 6550/1482 6549/1481
f 6551/1483 6508/1440 6549/1481
f 6508/1440 6551/1483 6506/1438
f 6552/1484 6549/1481 6550/1482
f 6549/1481 6552/1484 6551/1483
f 6545/1477 6553/1485 6550/1482
f 6553/1485 6545/1477 6546/1478
f 6550/1482 6554/1486 6552/1484
f 6550/1482 6553/1485 6555/1487
f 6555/1487 6554/1486 6550/1482
f 6546/1478 6556/1488 6553/1485
f 6555/1487 6553/1485 6556/1488
f 6556/1488 6546/1478 6557/1489
f 6544/1476 6557/1489 6546/1478
f 6557/1489 6544/1476 6547/1479
f 6557/1489 6558/1490 6556/1488
f 6547/1479 6559/1491 6557/1489
f 6558/1490 6557/1489 6559/1491
f 6556/1488 6560/1492 6555/1487
f 6560/1492 6556/1488 6558/1490
f 6561/1493 6555/1487 6560/1492
f 6558/1490 6562/1494 6560/1492
f 6555/1487 6561/1493 6563/1495
f 6563/1495 6554/1486 6555/1487
f 6560/1492 6564/1496 6561/1493
f 6564/1496 6560/1492 6562/1494
f 6554/1486 6563/1495 6565/1497
f 6565/1497 6552/1484 6554/1486
f 6566/1498 6563/1495 6561/1493
f 6552/1484 6565/1497 6567/1499
f 6567/1499 6551/1483 6552/1484
f 6568/1500 6565/1497 6563/1495
f 6563/1495 6566/1498 6568/1500
f 6569/1501 6567/1499 6565/1497
f 6565/1497 6568/1500 6569/1501
f 6551/1483 6567/1499 6570/1502
f 6570/1502 6506/1438 6551/1483
f 6567/1499 6569/1501 6571/1503
f 6571/1503 6570/1502 6567/1499
f 6506/1438 6570/1502 6572/1504
f 6572/1504 6485/1417 6506/1438
f 6485/1417 6572/1504 6482/1414
f 6573/1505 6572/1504 6570/1502
f 6570/1502 6571/1503 6573/1505
f 6574/1506 6482/1414 6572/1504
f 6572/1504 6573/1505 6574/1506
f 6482/1414 6574/1506 6479/1411
f 6575/1507 6573/1505 6571/1503
f 6576/1508 6479/1411 6574/1506
f 6479/1411 6576/1508 6476/1408
f 6577/1509 6574/1506 6573/1505
f 6574/1506 6577/1509 6576/1508
f 6573/1505 6575/1507 6577/1509
f 6578/1510 6476/1408 6576/1508
f 6476/1408 6578/1510 6473/1405
f 6579/1511 6576/1508 6577/1509
f 6576/1508 6579/1511 6578/1510
f 6580/1512 6577/1509 6575/1507
f 6577/1509 6580/1512 6579/1511
f 6581/1513 6473/1405 6578/1510
f 6582/1514 6578/1510 6579/1511
f 6578/1510 6582/1514 6581/1513
f 6583/1515 6579/1511 6580/1512
f 6579/1511 6583/1515 6582/1514
f 6473/1405 6581/1513 6584/1516
f 6584/1516 6470/1402 6473/1405
f 6585/1517 6581/1513 6582/1514
f 6470/1402 6584/1516 6586/1518
f 6586/1518 6468/1400 6470/1402
f 6587/1519 6584/1516 6581/1513
f 6581/1513 6585/1517 6587/1519
f 6588/1520 6586/1518 6584/1516
f 6584/1516 6587/1519 6588/1520
f 6468/1400 6586/1518 6589/1521
f 6589/1521 6465/1397 6468/1400
f 6586/1518 6588/1520 6590/1522
f 6590/1522 6589/1521 6586/1518
f 6465/1397 6589/1521 6591/1523
f 6591/1523 6466/1398 6465/1397
f 6589/1521 6590/1522 6592/1524
f 6592/1524 6591/1523 6589/1521
f 6593/1525 6590/1522 6588/1520
f 6594/1526 6592/1524 6590/1522
f 6590/1522 6593/1525 6594/1526
f 6591/1523 6592/1524 6595/1527
f 6588/1520 6596/1528 6593/1525
f 6596/1528 6588/1520 6587/1519
f 6595/1527 6597/1529 6591/1523
f 6466/1398 6591/1523 6597/1529
f 6587/1519 6598/1530 6596/1528
f 6598/1530 6587/1519 6585/1517
f 6597/1529 6599/1531 6466/1398
f 6464/1396 6466/1398 6599/1531
f 6599/1531 6467/1399 6464/1396
f 6467/1399 6599/1531 6600/1532
f 6600/1532 6515/1447 6467/1399
f 6599/1531 6597/1529 6601/1533
f 6601/1533 6600/1532 6599/1531
f 6602/1534 6601/1533 6597/1529
f 6597/1529 6595/1527 6602/1534
f 6600/1532 6601/1533 6603/1535
f 6515/1447 6600/1532 6604/1536
f 6603/1535 6604/1536 6600/1532
f 6604/1536 6605/1537 6515/1447
f 6513/1445 6515/1447 6605/1537
f 6606/1538 6603/1535 6601/1533
f 6601/1533 6602/1534 6606/1538
f 6605/1537 6607/1539 6513/1445
f 6511/1443 6513/1445 6607/1539
f 6607/1539 6608/1540 6511/1443
f 6509/1441 6511/1443 6608/1540
f 6607/1539 6605/1537 6609/1541
f 6608/1540 6610/1542 6509/1441
f 6507/1439 6509/1441 6610/1542
f 6608/1540 6607/1539 6611/1543
f 6609/1541 6611/1543 6607/1539
f 6610/1542 6608/1540 6612/1544
f 6611/1543 6612/1544 6608/1540
f 6610/1542 6613/1545 6507/1439
f 6505/1437 6507/1439 6613/1545
f 6612/1544 6614/1546 6610/1542
f 6613/1545 6610/1542 6614/1546
f 6613/1545 6615/1547 6505/1437
f 6503/1435 6505/1437 6615/1547
f 6614/1546 6616/1548 6613/1545
f 6615/1547 6613/1545 6616/1548
f 6615/1547 6617/1549 6503/1435
f 6501/1433 6503/1435 6617/1549
f 6616/1548 6618/1550 6615/1547
f 6617/1549 6615/1547 6618/1550
f 6617/1549 6619/1551 6501/1433
f 6499/1431 6501/1433 6619/1551
f 6618/1550 6620/1552 6617/1549
f 6619/1551 6617/1549 6620/1552
f 6618/1550 6616/1548 6621/1553
f 6619/1551 6622/1554 6499/1431
f 6620/1552 6618/1550 6623/1555
f 6621/1553 6623/1555 6618/1550
f 6620/1552 6624/1556 6619/1551
f 6622/1554 6619/1551 6624/1556
f 6623/1555 6625/1557 6620/1552
f 6624/1556 6620/1552 6625/1557
f 6625/1557 6623/1555 6559/1491
f 6559/1491 6547/1479 6625/1557
f 6626/1558 6559/1491 6623/1555
f 6559/1491 6626/1558 6558/1490
f 6623/1555 6621/1553 6626/1558
f 6562/1494 6558/1490 6626/1558
f 6627/1559 6625/1557 6547/1479
f 6547/1479 6543/1475 6627/1559
f 6625/1557 6627/1559 6624/1556
f 6537/1469 6627/1559 6543/1475
f 6628/1560 6624/1556 6627/1559
f 6627/1559 6537/1469 6628/1560
f 6624/1556 6628/1560 6622/1554
f 6535/1467 6628/1560 6537/1469
f 6628/1560 6535/1467 6629/1561
f 6629/1561 6622/1554 6628/1560
f 6534/1466 6629/1561 6535/1467
f 6622/1554 6629/1561 6630/1562
f 6630/1562 6499/1431 6622/1554
f 6499/1431 6630/1562 6497/1429
f 6629/1561 6534/1466 6631/1563
f 6631/1563 6630/1562 6629/1561
f 6632/1564 6497/1429 6630/1562
f 6630/1562 6631/1563 6632/1564
f 6497/1429 6632/1564 6495/1427
f 6633/1565 6631/1563 6534/1466
f 6534/1466 6531/1463 6633/1565
f 6532/1464 6633/1565 6531/1463
f 6634/1566 6632/1564 6631/1563
f 6631/1563 6633/1565 6634/1566
f 6633/1565 6532/1464 6635/1567
f 6635/1567 6634/1566 6633/1565
f 6632/1564 6634/1566 6636/1568
f 6636/1568 6495/1427 6632/1564
f 6634/1566 6635/1567 6637/1569
f 6637/1569 6636/1568 6634/1566
f 6638/1570 6635/1567 6532/1464
f 6532/1464 6411/1343 6638/1570
f 6409/1341 6638/1570 6411/1343
f 6638/1570 6409/1341 6412/1344
f 6635/1567 6638/1570 6639/1571
f 6412/1344 6639/1571 6638/1570
f 6639/1571 6637/1569 6635/1567
f 6639/1571 6412/1344 6640/1572
f 6414/1346 6640/1572 6412/1344
f 6637/1569 6639/1571 6641/1573
f 6640/1572 6641/1573 6639/1571
f 6640/1572 6414/1346 6642/1574
f 6416/1348 6642/1574 6414/1346
f 6641/1573 6640/1572 6643/1575
f 6642/1574 6643/1575 6640/1572
f 6641/1573 6644/1576 6637/1569
f 6636/1568 6637/1569 6644/1576
f 6643/1575 6645/1577 6641/1573
f 6644/1576 6641/1573 6645/1577
f 6644/1576 6646/1578 6636/1568
f 6495/1427 6636/1568 6646/1578
f 6646/1578 6492/1424 6495/1427
f 6492/1424 6646/1578 6647/1579
f 6647/1579 6646/1578 6644/1576
f 6647/1579 6648/1580 6492/1424
f 6644/1576 6649/1581 6647/1579
f 6645/1577 6649/1581 6644/1576
f 6648/1580 6647/1579 6650/1582
f 6650/1582 6321/1253 6648/1580
f 6647/1579 6649/1581 6651/1583
f 6651/1583 6650/1582 6647/1579
f 6649/1581 6645/1577 6652/1584
f 6652/1584 6651/1583 6649/1581
f 6321/1253 6650/1582 6653/1585
f 6653/1585 6320/1252 6321/1253
f 6650/1582 6651/1583 6654/1586
f 6654/1586 6653/1585 6650/1582
f 6320/1252 6653/1585 6655/1587
f 6655/1587 6310/1242 6320/1252
f 6310/1242 6655/1587 6306/1238
f 6656/1588 6655/1587 6653/1585
f 6653/1585 6654/1586 6656/1588
f 6657/1589 6306/1238 6655/1587
f 6655/1587 6656/1588 6657/1589
f 6306/1238 6657/1589 6302/1234
f 6658/1590 6656/1588 6654/1586
f 6659/1591 6302/1234 6657/1589
f 6302/1234 6659/1591 6298/1230
f 6660/1592 6657/1589 6656/1588
f 6657/1589 6660/1592 6659/1591
f 6656/1588 6658/1590 6660/1592
f 6661/1593 6298/1230 6659/1591
f 6298/1230 6661/1593 6294/1226
f 6662/1594 6659/1591 6660/1592
f 6659/1591 6662/1594 6661/1593
f 6663/1595 6294/1226 6661/1593
f 6294/1226 6663/1595 6290/1222
f 6664/1596 6661/1593 6662/1594
f 6661/1593 6664/1596 6663/1595
f 6660/1592 6665/1597 6662/1594
f 6665/1597 6660/1592 6658/1590
f 6662/1594 6666/1598 6664/1596
f 6666/1598 6662/1594 6665/1597
f 6667/1599 6663/1595 6664/1596
f 6668/1600 6664/1596 6666/1598
f 6664/1596 6668/1600 6667/1599
f 6665/1597 6669/1601 6666/1598
f 6663/1595 6667/1599 6670/1602
f 6670/1602 6290/1222 6663/1595
f 6290/1222 6670/1602 6286/1218
f 6671/1603 6286/1218 6670/1602
f 6286/1218 6671/1603 6281/1213
f 6672/1604 6670/1602 6667/1599
f 6670/1602 6672/1604 6671/1603
f 6673/1605 6281/1213 6671/1603
f 6281/1213 6673/1605 6277/1209
f 6277/1209 6673/1605 6279/1211
f 6671/1603 6674/1606 6673/1605
f 6279/1211 6673/1605 6674/1606
f 6674/1606 6671/1603 6672/1604
f 6674/1606 6675/1607 6279/1211
f 6672/1604 6676/1608 6674/1606
f 6675/1607 6674/1606 6676/1608
f 6676/1608 6672/1604 6677/1609
f 6667/1599 6677/1609 6672/1604
f 6677/1609 6667/1599 6668/1600
f 6676/1608 6678/1610 6675/1607
f 6677/1609 6679/1611 6676/1608
f 6678/1610 6676/1608 6679/1611
f 6668/1600 6680/1612 6677/1609
f 6679/1611 6677/1609 6680/1612
f 6675/1607 6678/1610 6681/1613
f 6679/1611 6681/1613 6678/1610
f 6681/1613 6682/1614 6675/1607
f 6279/1211 6675/1607 6682/1614
f 6681/1613 6679/1611 6683/1615
f 6680/1612 6683/1615 6679/1611
f 6682/1614 6684/1616 6279/1211
f 6279/1211 6684/1616 6274/1206
f 6682/1614 6681/1613 6685/1617
f 6683/1615 6685/1617 6681/1613
f 6684/1616 6682/1614 6686/1618
f 6685/1617 6686/1618 6682/1614
f 6274/1206 6684/1616 6687/1619
f 6686/1618 6687/1619 6684/1616
f 6687/1619 6272/1204 6274/1206
f 6686/1618 6685/1617 6688/1620
f 6272/1204 6687/1619 6689/1621
f 6687/1619 6686/1618 6690/1622
f 6690/1622 6689/1621 6687/1619
f 6688/1620 6690/1622 6686/1618
f 6689/1621 6361/1293 6272/1204
f 6691/1623 6688/1620 6685/1617
f 6685/1617 6683/1615 6691/1623
f 6361/1293 6689/1621 6692/1624
f 6693/1625 6691/1623 6683/1615
f 6683/1615 6680/1612 6693/1625
f 6692/1624 6694/1626 6361/1293
f 6359/1291 6361/1293 6694/1626
f 6695/1627 6693/1625 6680/1612
f 6680/1612 6668/1600 6695/1627
f 6666/1598 6695/1627 6668/1600
f 6695/1627 6666/1598 6669/1601
f 6693/1625 6695/1627 6696/1628
f 6669/1601 6696/1628 6695/1627
f 6696/1628 6697/1629 6693/1625
f 6691/1623 6693/1625 6697/1629
f 6696/1628 6669/1601 6698/1630
f 6697/1629 6699/1631 6691/1623
f 6688/1620 6691/1623 6699/1631
f 6697/1629 6696/1628 6700/1632
f 6698/1630 6700/1632 6696/1628
f 6699/1631 6697/1629 6701/1633
f 6700/1632 6701/1633 6697/1629
f 6699/1631 6702/1634 6688/1620
f 6690/1622 6688/1620 6702/1634
f 6701/1633 6703/1635 6699/1631
f 6702/1634 6699/1631 6703/1635
f 6702/1634 6704/1636 6690/1622
f 6689/1621 6690/1622 6704/1636
f 6704/1636 6692/1624 6689/1621
f 6704/1636 6702/1634 6705/1637
f 6703/1635 6705/1637 6702/1634
f 6692/1624 6704/1636 6706/1638
f 6705/1637 6706/1638 6704/1636
f 6706/1638 6707/1639 6692/1624
f 6694/1626 6692/1624 6707/1639
f 6706/1638 6705/1637 6708/1640
f 6705/1637 6703/1635 6709/1641
f 6709/1641 6708/1640 6705/1637
f 6708/1640 6710/1642 6706/1638
f 6707/1639 6706/1638 6710/1642
f 6708/1640 6709/1641 6420/1352
f 6420/1352 6710/1642 6708/1640
f 6711/1643 6709/1641 6703/1635
f 6703/1635 6701/1633 6711/1643
f 6712/1644 6420/1352 6709/1641
f 6709/1641 6711/1643 6712/1644
f 6420/1352 6712/1644 6418/1350
f 6710/1642 6420/1352 6404/1336
f 6416/1348 6418/1350 6712/1644
f 6404/1336 6713/1645 6710/1642
f 6400/1332 6713/1645 6404/1336
f 6710/1642 6713/1645 6707/1639
f 6713/1645 6400/1332 6714/1646
f 6714/1646 6707/1639 6713/1645
f 6395/1327 6714/1646 6400/1332
f 6707/1639 6714/1646 6694/1626
f 6714/1646 6395/1327 6715/1647
f 6715/1647 6694/1626 6714/1646
f 6366/1298 6715/1647 6395/1327
f 6694/1626 6715/1647 6359/1291
f 6715/1647 6366/1298 6357/1289
f 6357/1289 6359/1291 6715/1647
f 6716/1648 6717/1649 6718/1650
f 6718/1650 6719/1651 6716/1648
f 6720/1652 6718/1650 6717/1649
f 6721/1653 6716/1648 6719/1651
f 6719/1651 6722/1654 6721/1653
f 6717/1649 6723/1655 6720/1652
f 6724/1656 6720/1652 6723/1655
f 6717/1649 6716/1648 6725/1657
f 6723/1655 6717/1649 6726/1658
f 6725/1657 6726/1658 6717/1649
f 6727/1659 6725/1657 6716/1648
f 6716/1648 6721/1653 6727/1659
f 6726/1658 6725/1657 6728/1660
f 6725/1657 6727/1659 6729/1661
f 6729/1661 6728/1660 6725/1657
f 6730/1662 6727/1659 6721/1653
f 6731/1663 6729/1661 6727/1659
f 6727/1659 6730/1662 6731/1663
f 6721/1653 6732/1664 6730/1662
f 6732/1664 6721/1653 6722/1654
f 6733/1665 6731/1663 6730/1662
f 6722/1654 6734/1666 6732/1664
f 6734/1666 6722/1654 6735/1667
f 6736/1668 6730/1662 6732/1664
f 6730/1662 6736/1668 6733/1665
f 6737/1669 6732/1664 6734/1666
f 6732/1664 6737/1669 6736/1668
f 6735/1667 6738/1670 6734/1666
f 6738/1670 6735/1667 6739/1671
f 6734/1666 6740/1672 6737/1669
f 6740/1672 6734/1666 6738/1670
f 6739/1671 6741/1673 6738/1670
f 6741/1673 6739/1671 6742/1674
f 6738/1670 6743/1675 6740/1672
f 6743/1675 6738/1670 6741/1673
f 6742/1674 6744/1676 6741/1673
f 6744/1676 6742/1674 6745/1677
f 6741/1673 6746/1678 6743/1675
f 6746/1678 6741/1673 6744/1676
f 6745/1677 6747/1679 6744/1676
f 6747/1679 6745/1677 6748/1680
f 6744/1676 6749/1681 6746/1678
f 6749/1681 6744/1676 6747/1679
f 6750/1682 6743/1675 6746/1678
f 6751/1683 6746/1678 6749/1681
f 6746/1678 6751/1683 6750/1682
f 6747/1679 6752/1684 6749/1681
f 6743/1675 6750/1682 6753/1685
f 6753/1685 6740/1672 6743/1675
f 6752/1684 6747/1679 6754/1686
f 6748/1680 6754/1686 6747/1679
f 6740/1672 6753/1685 6755/1687
f 6755/1687 6737/1669 6740/1672
f 6754/1686 6748/1680 6756/1688
f 6737/1669 6755/1687 6757/1689
f 6757/1689 6736/1668 6737/1669
f 6758/1690 6756/1688 6748/1680
f 6748/1680 6759/1691 6758/1690
f 6736/1668 6757/1689 6760/1692
f 6760/1692 6733/1665 6736/1668
f 6761/1693 6758/1690 6759/1691
f 6759/1691 6762/1694 6761/1693
f 6733/1665 6760/1692 6763/1695
f 6764/1696 6761/1693 6762/1694
f 6762/1694 6765/1697 6764/1696
f 6763/1695 6766/1698 6733/1665
f 6731/1663 6733/1665 6766/1698
f 6767/1699 6764/1696 6765/1697
f 6765/1697 6768/1700 6767/1699
f 6766/1698 6769/1701 6731/1663
f 6729/1661 6731/1663 6769/1701
f 6769/1701 6770/1702 6729/1661
f 6728/1660 6729/1661 6770/1702
f 6769/1701 6766/1698 6771/1703
f 6770/1702 6769/1701 6772/1704
f 6771/1703 6772/1704 6769/1701
f 6770/1702 6773/1705 6728/1660
f 6774/1706 6771/1703 6766/1698
f 6766/1698 6763/1695 6774/1706
f 6772/1704 6775/1707 6770/1702
f 6773/1705 6770/1702 6775/1707
f 6772/1704 6771/1703 6776/1708
f 6775/1707 6772/1704 6777/1709
f 6776/1708 6777/1709 6772/1704
f 6778/1710 6776/1708 6771/1703
f 6771/1703 6774/1706 6778/1710
f 6777/1709 6776/1708 6779/1711
f 6776/1708 6778/1710 6780/1712
f 6780/1712 6779/1711 6776/1708
f 6781/1713 6778/1710 6774/1706
f 6779/1711 6780/1712 6782/1714
f 6782/1714 6783/1715 6779/1711
f 6784/1716 6782/1714 6780/1712
f 6785/1717 6779/1711 6783/1715
f 6779/1711 6785/1717 6777/1709
f 6783/1715 6786/1718 6785/1717
f 6780/1712 6787/1719 6784/1716
f 6787/1719 6780/1712 6778/1710
f 6788/1720 6784/1716 6787/1719
f 6778/1710 6781/1713 6787/1719
f 6787/1719 6789/1721 6788/1720
f 6789/1721 6787/1719 6781/1713
f 6790/1722 6788/1720 6789/1721
f 6781/1713 6791/1723 6789/1721
f 6789/1721 6792/1724 6790/1722
f 6792/1724 6789/1721 6791/1723
f 6791/1723 6781/1713 6793/1725
f 6774/1706 6793/1725 6781/1713
f 6793/1725 6774/1706 6763/1695
f 6763/1695 6794/1726 6793/1725
f 6794/1726 6763/1695 6760/1692
f 6793/1725 6795/1727 6791/1723
f 6795/1727 6793/1725 6794/1726
f 6760/1692 6796/1728 6794/1726
f 6796/1728 6760/1692 6757/1689
f 6794/1726 6797/1729 6795/1727
f 6797/1729 6794/1726 6796/1728
f 6798/1730 6791/1723 6795/1727
f 6791/1723 6798/1730 6792/1724
f 6799/1731 6795/1727 6797/1729
f 6795/1727 6799/1731 6798/1730
f 6796/1728 6800/1732 6797/1729
f 6797/1729 6801/1733 6799/1731
f 6801/1733 6797/1729 6800/1732
f 6802/1734 6798/1730 6799/1731
f 6803/1735 6799/1731 6801/1733
f 6799/1731 6803/1735 6802/1734
f 6798/1730 6802/1734 6804/1736
f 6804/1736 6792/1724 6798/1730
f 6805/1737 6802/1734 6803/1735
f 6792/1724 6804/1736 6806/1738
f 6806/1738 6790/1722 6792/1724
f 6807/1739 6790/1722 6806/1738
f 6808/1740 6804/1736 6802/1734
f 6802/1734 6805/1737 6808/1740
f 6809/1741 6806/1738 6804/1736
f 6804/1736 6808/1740 6809/1741
f 6806/1738 6810/1742 6807/1739
f 6806/1738 6809/1741 6811/1743
f 6811/1743 6810/1742 6806/1738
f 6812/1744 6809/1741 6808/1740
f 6813/1745 6811/1743 6809/1741
f 6809/1741 6812/1744 6813/1745
f 6810/1742 6811/1743 6814/1746
f 6808/1740 6815/1747 6812/1744
f 6815/1747 6808/1740 6805/1737
f 6814/1746 6816/1748 6810/1742
f 6807/1739 6810/1742 6816/1748
f 6805/1737 6817/1749 6815/1747
f 6816/1748 6818/1750 6807/1739
f 6819/1751 6807/1739 6818/1750
f 6817/1749 6805/1737 6820/1752
f 6803/1735 6820/1752 6805/1737
f 6818/1750 6821/1753 6819/1751
f 6822/1754 6819/1751 6821/1753
f 6820/1752 6803/1735 6823/1755
f 6801/1733 6823/1755 6803/1735
f 6821/1753 6824/1756 6822/1754
f 6825/1757 6822/1754 6824/1756
f 6823/1755 6801/1733 6826/1758
f 6800/1732 6826/1758 6801/1733
f 6824/1756 6827/1759 6825/1757
f 6828/1760 6825/1757 6827/1759
f 6826/1758 6800/1732 6829/1761
f 6827/1759 6830/1762 6828/1760
f 6831/1763 6828/1760 6830/1762
f 6832/1764 6829/1761 6800/1732
f 6800/1732 6796/1728 6832/1764
f 6757/1689 6832/1764 6796/1728
f 6832/1764 6757/1689 6755/1687
f 6755/1687 6833/1765 6832/1764
f 6829/1761 6832/1764 6833/1765
f 6833/1765 6755/1687 6753/1685
f 6753/1685 6834/1766 6833/1765
f 6834/1766 6753/1685 6750/1682
f 6833/1765 6835/1767 6829/1761
f 6835/1767 6833/1765 6834/1766
f 6750/1682 6836/1768 6834/1766
f 6836/1768 6750/1682 6751/1683
f 6834/1766 6837/1769 6835/1767
f 6837/1769 6834/1766 6836/1768
f 6838/1770 6829/1761 6835/1767
f 6829/1761 6838/1770 6826/1758
f 6839/1771 6835/1767 6837/1769
f 6835/1767 6839/1771 6838/1770
f 6840/1772 6826/1758 6838/1770
f 6826/1758 6840/1772 6823/1755
f 6841/1773 6838/1770 6839/1771
f 6838/1770 6841/1773 6840/1772
f 6842/1774 6823/1755 6840/1772
f 6823/1755 6842/1774 6820/1752
f 6843/1775 6840/1772 6841/1773
f 6840/1772 6843/1775 6842/1774
f 6844/1776 6820/1752 6842/1774
f 6820/1752 6844/1776 6817/1749
f 6845/1777 6842/1774 6843/1775
f 6842/1774 6845/1777 6844/1776
f 6841/1773 6846/1778 6843/1775
f 6843/1775 6847/1779 6845/1777
f 6847/1779 6843/1775 6846/1778
f 6848/1780 6844/1776 6845/1777
f 6849/1781 6845/1777 6847/1779
f 6845/1777 6849/1781 6848/1780
f 6844/1776 6848/1780 6850/1782
f 6850/1782 6817/1749 6844/1776
f 6851/1783 6848/1780 6849/1781
f 6817/1749 6850/1782 6852/1784
f 6852/1784 6815/1747 6817/1749
f 6853/1785 6850/1782 6848/1780
f 6848/1780 6851/1783 6853/1785
f 6854/1786 6852/1784 6850/1782
f 6850/1782 6853/1785 6854/1786
f 6815/1747 6852/1784 6855/1787
f 6855/1787 6812/1744 6815/1747
f 6852/1784 6854/1786 6856/1788
f 6856/1788 6855/1787 6852/1784
f 6812/1744 6855/1787 6857/1789
f 6857/1789 6813/1745 6812/1744
f 6855/1787 6856/1788 6858/1790
f 6858/1790 6857/1789 6855/1787
f 6859/1791 6856/1788 6854/1786
f 6860/1792 6858/1790 6856/1788
f 6856/1788 6859/1791 6860/1792
f 6857/1789 6858/1790 6861/1793
f 6854/1786 6862/1794 6859/1791
f 6862/1794 6854/1786 6853/1785
f 6861/1793 6863/1795 6857/1789
f 6813/1745 6857/1789 6863/1795
f 6853/1785 6864/1796 6862/1794
f 6864/1796 6853/1785 6851/1783
f 6863/1795 6865/1797 6813/1745
f 6811/1743 6813/1745 6865/1797
f 6865/1797 6814/1746 6811/1743
f 6865/1797 6863/1795 6866/1798
f 6814/1746 6865/1797 6867/1799
f 6866/1798 6867/1799 6865/1797
f 6867/1799 6868/1800 6814/1746
f 6816/1748 6814/1746 6868/1800
f 6869/1801 6866/1798 6863/1795
f 6863/1795 6861/1793 6869/1801
f 6868/1800 6870/1802 6816/1748
f 6818/1750 6816/1748 6870/1802
f 6870/1802 6871/1803 6818/1750
f 6821/1753 6818/1750 6871/1803
f 6870/1802 6868/1800 6872/1804
f 6871/1803 6873/1805 6821/1753
f 6824/1756 6821/1753 6873/1805
f 6871/1803 6870/1802 6874/1806
f 6872/1804 6874/1806 6870/1802
f 6873/1805 6871/1803 6875/1807
f 6874/1806 6875/1807 6871/1803
f 6873/1805 6876/1808 6824/1756
f 6827/1759 6824/1756 6876/1808
f 6875/1807 6877/1809 6873/1805
f 6876/1808 6873/1805 6877/1809
f 6876/1808 6878/1810 6827/1759
f 6830/1762 6827/1759 6878/1810
f 6877/1809 6879/1811 6876/1808
f 6878/1810 6876/1808 6879/1811
f 6877/1809 6875/1807 6880/1812
f 6878/1810 6881/1813 6830/1762
f 6879/1811 6877/1809 6882/1814
f 6880/1812 6882/1814 6877/1809
f 6879/1811 6883/1815 6878/1810
f 6881/1813 6878/1810 6883/1815
f 6882/1814 6884/1816 6879/1811
f 6883/1815 6879/1811 6884/1816
f 6882/1814 6880/1812 6885/1817
f 6884/1816 6882/1814 6886/1818
f 6885/1817 6886/1818 6882/1814
f 6884/1816 6887/1819 6883/1815
f 6886/1818 6888/1820 6884/1816
f 6887/1819 6884/1816 6888/1820
f 6889/1821 6883/1815 6887/1819
f 6883/1815 6889/1821 6881/1813
f 6888/1820 6890/1822 6887/1819
f 6887/1819 6891/1823 6889/1821
f 6891/1823 6887/1819 6890/1822
f 6892/1824 6881/1813 6889/1821
f 6893/1825 6889/1821 6891/1823
f 6889/1821 6893/1825 6892/1824
f 6881/1813 6892/1824 6894/1826
f 6894/1826 6830/1762 6881/1813
f 6830/1762 6894/1826 6831/1763
f 6895/1827 6831/1763 6894/1826
f 6894/1826 6896/1828 6895/1827
f 6896/1828 6894/1826 6892/1824
f 6897/1829 6895/1827 6896/1828
f 6892/1824 6898/1830 6896/1828
f 6896/1828 6899/1831 6897/1829
f 6899/1831 6896/1828 6898/1830
f 6900/1832 6897/1829 6899/1831
f 6898/1830 6892/1824 6893/1825
f 6899/1831 6901/1833 6900/1832
f 6898/1830 6902/1834 6899/1831
f 6901/1833 6899/1831 6902/1834
f 6893/1825 6903/1835 6898/1830
f 6902/1834 6898/1830 6903/1835
f 6903/1835 6893/1825 6904/1836
f 6891/1823 6904/1836 6893/1825
f 6903/1835 6905/1837 6902/1834
f 6904/1836 6891/1823 6906/1838
f 6890/1822 6906/1838 6891/1823
f 6904/1836 6907/1839 6903/1835
f 6905/1837 6903/1835 6907/1839
f 6906/1838 6908/1840 6904/1836
f 6907/1839 6904/1836 6908/1840
f 6906/1838 6890/1822 6909/1841
f 6908/1840 6906/1838 6910/1842
f 6909/1841 6910/1842 6906/1838
f 6908/1840 6911/1843 6907/1839
f 6912/1844 6909/1841 6890/1822
f 6890/1822 6888/1820 6912/1844
f 6910/1842 6913/1845 6908/1840
f 6911/1843 6908/1840 6913/1845
f 6914/1846 6912/1844 6888/1820
f 6888/1820 6886/1818 6914/1846
f 6915/1847 6914/1846 6886/1818
f 6886/1818 6885/1817 6915/1847
f 6912/1844 6914/1846 6916/1848
f 6914/1846 6915/1847 6917/1849
f 6917/1849 6916/1848 6914/1846
f 6918/1850 6915/1847 6885/1817
f 6916/1848 6919/1851 6912/1844
f 6909/1841 6912/1844 6919/1851
f 6915/1847 6918/1850 6920/1852
f 6920/1852 6917/1849 6915/1847
f 6919/1851 6921/1853 6909/1841
f 6910/1842 6909/1841 6921/1853
f 6917/1849 6920/1852 6922/1854
f 6921/1853 6923/1855 6910/1842
f 6913/1845 6910/1842 6923/1855
f 6922/1854 6924/1856 6917/1849
f 6916/1848 6917/1849 6924/1856
f 6923/1855 6925/1857 6913/1845
f 6924/1856 6926/1858 6916/1848
f 6919/1851 6916/1848 6926/1858
f 6927/1859 6913/1845 6925/1857
f 6913/1845 6927/1859 6911/1843
f 6926/1858 6928/1860 6919/1851
f 6921/1853 6919/1851 6928/1860
f 6928/1860 6929/1861 6921/1853
f 6923/1855 6921/1853 6929/1861
f 6928/1860 6926/1858 6930/1862
f 6929/1861 6931/1863 6923/1855
f 6925/1857 6923/1855 6931/1863
f 6929/1861 6928/1860 6932/1864
f 6930/1862 6932/1864 6928/1860
f 6931/1863 6754/1686 6925/1857
f 6756/1688 6925/1857 6754/1686
f 6754/1686 6931/1863 6752/1684
f 6925/1857 6756/1688 6927/1859
f 6933/1865 6752/1684 6931/1863
f 6931/1863 6929/1861 6933/1865
f 6932/1864 6933/1865 6929/1861
f 6752/1684 6933/1865 6934/1866
f 6934/1866 6749/1681 6752/1684
f 6749/1681 6934/1866 6751/1683
f 6933/1865 6932/1864 6935/1867
f 6935/1867 6934/1866 6933/1865
f 6936/1868 6751/1683 6934/1866
f 6934/1866 6935/1867 6936/1868
f 6751/1683 6936/1868 6836/1768
f 6937/1869 6935/1867 6932/1864
f 6932/1864 6930/1862 6937/1869
f 6938/1870 6936/1868 6935/1867
f 6935/1867 6937/1869 6938/1870
f 6939/1871 6836/1768 6936/1868
f 6936/1868 6938/1870 6939/1871
f 6836/1768 6939/1871 6837/1769
f 6940/1872 6837/1769 6939/1871
f 6837/1769 6940/1872 6839/1771
f 6941/1873 6939/1871 6938/1870
f 6939/1871 6941/1873 6940/1872
f 6942/1874 6839/1771 6940/1872
f 6839/1771 6942/1874 6841/1773
f 6846/1778 6841/1773 6942/1874
f 6940/1872 6943/1875 6942/1874
f 6943/1875 6940/1872 6941/1873
f 6942/1874 6944/1876 6846/1778
f 6944/1876 6942/1874 6943/1875
f 6945/1877 6846/1778 6944/1876
f 6846/1778 6945/1877 6847/1779
f 6943/1875 6946/1878 6944/1876
f 6947/1879 6847/1779 6945/1877
f 6847/1779 6947/1879 6849/1781
f 6944/1876 6948/1880 6945/1877
f 6948/1880 6944/1876 6946/1878
f 6945/1877 6949/1881 6947/1879
f 6949/1881 6945/1877 6948/1880
f 6950/1882 6849/1781 6947/1879
f 6849/1781 6950/1882 6851/1783
f 6951/1883 6947/1879 6949/1881
f 6947/1879 6951/1883 6950/1882
f 6952/1884 6851/1783 6950/1882
f 6851/1783 6952/1884 6864/1796
f 6953/1885 6950/1882 6951/1883
f 6950/1882 6953/1885 6952/1884
f 6949/1881 6954/1886 6951/1883
f 6951/1883 6955/1887 6953/1885
f 6955/1887 6951/1883 6954/1886
f 6956/1888 6952/1884 6953/1885
f 6957/1889 6953/1885 6955/1887
f 6953/1885 6957/1889 6956/1888
f 6952/1884 6956/1888 6958/1890
f 6958/1890 6864/1796 6952/1884
f 6959/1891 6956/1888 6957/1889
f 6864/1796 6958/1890 6960/1892
f 6960/1892 6862/1794 6864/1796
f 6961/1893 6958/1890 6956/1888
f 6956/1888 6959/1891 6961/1893
f 6962/1894 6960/1892 6958/1890
f 6958/1890 6961/1893 6962/1894
f 6862/1794 6960/1892 6963/1895
f 6963/1895 6859/1791 6862/1794
f 6960/1892 6962/1894 6964/1896
f 6964/1896 6963/1895 6960/1892
f 6594/1526 6962/1894 6961/1893
f 6593/1525 6964/1896 6962/1894
f 6962/1894 6594/1526 6593/1525
f 6961/1893 6965/1897 6594/1526
f 6592/1524 6594/1526 6965/1897
f 6965/1897 6961/1893 6959/1891
f 6965/1897 6595/1527 6592/1524
f 6595/1527 6965/1897 6966/1898
f 6959/1891 6966/1898 6965/1897
f 6966/1898 6602/1534 6595/1527
f 6966/1898 6959/1891 6967/1899
f 6957/1889 6967/1899 6959/1891
f 6602/1534 6966/1898 6968/1900
f 6967/1899 6968/1900 6966/1898
f 6968/1900 6606/1538 6602/1534
f 6967/1899 6957/1889 6969/1901
f 6955/1887 6969/1901 6957/1889
f 6968/1900 6967/1899 6970/1902
f 6969/1901 6970/1902 6967/1899
f 6606/1538 6968/1900 6971/1903
f 6970/1902 6971/1903 6968/1900
f 6969/1901 6955/1887 6972/1904
f 6954/1886 6972/1904 6955/1887
f 6970/1902 6969/1901 6973/1905
f 6972/1904 6973/1905 6969/1901
f 6971/1903 6970/1902 6974/1906
f 6973/1905 6974/1906 6970/1902
f 6972/1904 6954/1886 6975/1907
f 6973/1905 6972/1904 6976/1908
f 6975/1907 6976/1908 6972/1904
f 6974/1906 6973/1905 6977/1909
f 6976/1908 6977/1909 6973/1905
f 6978/1910 6975/1907 6954/1886
f 6954/1886 6949/1881 6978/1910
f 6948/1880 6978/1910 6949/1881
f 6976/1908 6975/1907 6979/1911
f 6978/1910 6948/1880 6980/1912
f 6946/1878 6980/1912 6948/1880
f 6975/1907 6978/1910 6981/1913
f 6980/1912 6981/1913 6978/1910
f 6981/1913 6979/1911 6975/1907
f 6980/1912 6946/1878 6982/1914
f 6981/1913 6980/1912 6983/1915
f 6982/1914 6983/1915 6980/1912
f 6979/1911 6981/1913 6984/1916
f 6983/1915 6984/1916 6981/1913
f 6985/1917 6982/1914 6946/1878
f 6946/1878 6943/1875 6985/1917
f 6941/1873 6985/1917 6943/1875
f 6983/1915 6982/1914 6986/1918
f 6985/1917 6941/1873 6987/1919
f 6938/1870 6987/1919 6941/1873
f 6982/1914 6985/1917 6988/1920
f 6987/1919 6988/1920 6985/1917
f 6988/1920 6986/1918 6982/1914
f 6987/1919 6938/1870 6937/1869
f 6986/1918 6988/1920 6989/1921
f 6989/1921 6988/1920 6987/1919
f 6937/1869 6990/1922 6987/1919
f 6987/1919 6990/1922 6989/1921
f 6990/1922 6937/1869 6930/1862
f 6930/1862 6991/1923 6990/1922
f 6989/1921 6990/1922 6991/1923
f 6991/1923 6930/1862 6926/1858
f 6926/1858 6924/1856 6991/1923
f 6992/1924 6991/1923 6924/1856
f 6991/1923 6992/1924 6989/1921
f 6924/1856 6922/1854 6992/1924
f 6993/1925 6989/1921 6992/1924
f 6989/1921 6993/1925 6986/1918
f 6994/1926 6992/1924 6922/1854
f 6992/1924 6994/1926 6993/1925
f 6995/1927 6986/1918 6993/1925
f 6986/1918 6995/1927 6983/1915
f 6984/1916 6983/1915 6995/1927
f 6993/1925 6996/1928 6995/1927
f 6996/1928 6993/1925 6994/1926
f 6995/1927 6997/1929 6984/1916
f 6997/1929 6995/1927 6996/1928
f 6998/1930 6984/1916 6997/1929
f 6984/1916 6998/1930 6979/1911
f 6996/1928 6999/1931 6997/1929
f 7000/1932 6979/1911 6998/1930
f 6979/1911 7000/1932 6976/1908
f 6977/1909 6976/1908 7000/1932
f 6997/1929 7001/1933 6998/1930
f 7001/1933 6997/1929 6999/1931
f 6998/1930 7002/1934 7000/1932
f 7002/1934 6998/1930 7001/1933
f 7000/1932 7003/1935 6977/1909
f 7003/1935 7000/1932 7002/1934
f 7004/1936 6977/1909 7003/1935
f 6977/1909 7004/1936 6974/1906
f 7002/1934 7005/1937 7003/1935
f 7006/1938 6974/1906 7004/1936
f 6974/1906 7006/1938 6971/1903
f 7003/1935 7007/1939 7004/1936
f 7007/1939 7003/1935 7005/1937
f 7004/1936 7008/1940 7006/1938
f 7008/1940 7004/1936 7007/1939
f 7009/1941 6971/1903 7006/1938
f 6971/1903 7009/1941 6606/1538
f 6603/1535 6606/1538 7009/1941
f 7006/1938 7010/1942 7009/1941
f 7010/1942 7006/1938 7008/1940
f 7009/1941 7011/1943 6603/1535
f 7011/1943 7009/1941 7010/1942
f 6604/1536 6603/1535 7011/1943
f 7008/1940 7012/1944 7010/1942
f 7011/1943 7013/1945 6604/1536
f 6605/1537 6604/1536 7013/1945
f 7013/1945 6609/1541 6605/1537
f 7010/1942 7014/1946 7011/1943
f 7013/1945 7011/1943 7014/1946
f 7014/1946 7010/1942 7012/1944
f 6609/1541 7013/1945 7015/1947
f 7014/1946 7015/1947 7013/1945
f 7015/1947 7016/1948 6609/1541
f 6611/1543 6609/1541 7016/1948
f 7015/1947 7014/1946 7017/1949
f 7012/1944 7017/1949 7014/1946
f 7016/1948 7015/1947 7018/1950
f 7017/1949 7018/1950 7015/1947
f 7016/1948 7019/1951 6611/1543
f 6612/1544 6611/1543 7019/1951
f 7018/1950 7020/1952 7016/1948
f 7019/1951 7016/1948 7020/1952
f 7019/1951 7021/1953 6612/1544
f 6614/1546 6612/1544 7021/1953
f 7020/1952 7022/1954 7019/1951
f 7021/1953 7019/1951 7022/1954
f 7021/1953 7023/1955 6614/1546
f 6616/1548 6614/1546 7023/1955
f 7023/1955 6621/1553 6616/1548
f 7023/1955 7021/1953 7024/1956
f 7022/1954 7024/1956 7021/1953
f 6621/1553 7023/1955 7025/1957
f 7024/1956 7025/1957 7023/1955
f 7025/1957 6626/1558 6621/1553
f 6626/1558 7025/1957 6562/1494
f 7026/1958 6562/1494 7025/1957
f 7025/1957 7024/1956 7026/1958
f 6562/1494 7026/1958 6564/1496
f 7027/1959 7026/1958 7024/1956
f 7024/1956 7022/1954 7027/1959
f 7028/1960 6564/1496 7026/1958
f 7026/1958 7027/1959 7028/1960
f 7029/1961 7027/1959 7022/1954
f 7022/1954 7020/1952 7029/1961
f 7030/1962 7028/1960 7027/1959
f 7027/1959 7029/1961 7030/1962
f 6564/1496 7028/1960 7031/1963
f 7031/1963 6561/1493 6564/1496
f 6561/1493 7031/1963 6566/1498
f 7032/1964 7031/1963 7028/1960
f 7028/1960 7030/1962 7032/1964
f 7033/1965 6566/1498 7031/1963
f 7031/1963 7032/1964 7033/1965
f 6566/1498 7033/1965 7034/1966
f 7034/1966 6568/1500 6566/1498
f 7035/1967 7033/1965 7032/1964
f 6568/1500 7034/1966 7036/1968
f 7036/1968 6569/1501 6568/1500
f 7037/1969 7034/1966 7033/1965
f 7033/1965 7035/1967 7037/1969
f 7038/1970 7036/1968 7034/1966
f 7034/1966 7037/1969 7038/1970
f 6569/1501 7036/1968 7039/1971
f 7039/1971 6571/1503 6569/1501
f 6571/1503 7039/1971 6575/1507
f 7040/1972 7039/1971 7036/1968
f 7036/1968 7038/1970 7040/1972
f 7041/1973 6575/1507 7039/1971
f 7039/1971 7040/1972 7041/1973
f 6575/1507 7041/1973 6580/1512
f 7042/1974 7040/1972 7038/1970
f 7043/1975 6580/1512 7041/1973
f 6580/1512 7043/1975 6583/1515
f 7044/1976 7041/1973 7040/1972
f 7041/1973 7044/1976 7043/1975
f 7040/1972 7042/1974 7044/1976
f 7045/1977 6583/1515 7043/1975
f 7046/1978 7043/1975 7044/1976
f 7043/1975 7046/1978 7045/1977
f 7047/1979 7044/1976 7042/1974
f 7044/1976 7047/1979 7046/1978
f 6583/1515 7045/1977 7048/1980
f 7048/1980 6582/1514 6583/1515
f 6582/1514 7048/1980 6585/1517
f 7049/1981 6585/1517 7048/1980
f 6585/1517 7049/1981 6598/1530
f 7050/1982 7048/1980 7045/1977
f 7048/1980 7050/1982 7049/1981
f 7045/1977 7051/1983 7050/1982
f 7051/1983 7045/1977 7046/1978
f 7052/1984 7049/1981 7050/1982
f 7046/1978 7053/1985 7051/1983
f 7053/1985 7046/1978 7047/1979
f 7054/1986 7050/1982 7051/1983
f 7050/1982 7054/1986 7052/1984
f 7055/1987 7051/1983 7053/1985
f 7051/1983 7055/1987 7054/1986
f 7047/1979 7056/1988 7053/1985
f 7053/1985 7057/1989 7055/1987
f 7057/1989 7053/1985 7056/1988
f 7058/1990 7054/1986 7055/1987
f 7059/1991 7055/1987 7057/1989
f 7055/1987 7059/1991 7058/1990
f 7054/1986 7058/1990 7060/1992
f 7060/1992 7052/1984 7054/1986
f 7061/1993 7058/1990 7059/1991
f 7062/1994 7060/1992 7058/1990
f 7058/1990 7061/1993 7062/1994
f 7052/1984 7060/1992 7063/1995
f 7060/1992 7062/1994 7064/1996
f 7064/1996 7063/1995 7060/1992
f 6861/1793 7064/1996 7062/1994
f 7064/1996 6861/1793 6858/1790
f 7062/1994 6869/1801 6861/1793
f 6858/1790 6860/1792 7064/1996
f 7063/1995 7064/1996 6860/1792
f 6869/1801 7062/1994 7061/1993
f 6860/1792 7065/1997 7063/1995
f 7065/1997 6860/1792 6859/1791
f 6859/1791 6963/1895 7065/1997
f 7066/1998 7063/1995 7065/1997
f 7063/1995 7066/1998 7052/1984
f 7049/1981 7052/1984 7066/1998
f 7066/1998 6598/1530 7049/1981
f 7067/1999 7065/1997 6963/1895
f 7065/1997 7067/1999 7066/1998
f 6598/1530 7066/1998 7067/1999
f 6963/1895 6964/1896 7067/1999
f 7067/1999 6596/1528 6598/1530
f 7067/1999 6964/1896 6593/1525
f 6593/1525 6596/1528 7067/1999
f 6728/1660 7068/2000 6726/1658
f 7068/2000 6728/1660 6773/1705
f 7069/2001 6726/1658 7068/2000
f 6726/1658 7069/2001 6723/1655
f 6773/1705 7070/2002 7068/2000
f 7071/2003 6723/1655 7069/2001
f 6723/1655 7071/2003 6724/1656
f 7068/2000 7072/2004 7069/2001
f 7072/2004 7068/2000 7070/2002
f 7069/2001 7073/2005 7071/2003
f 7073/2005 7069/2001 7072/2004
f 7074/2006 6724/1656 7071/2003
f 7075/2007 7071/2003 7073/2005
f 7071/2003 7075/2007 7074/2006
f 7072/2004 7076/2008 7073/2005
f 6724/1656 7074/2006 7077/2009
f 7077/2009 7078/2010 6724/1656
f 7076/2008 7072/2004 7079/2011
f 7070/2002 7079/2011 7072/2004
f 7078/2010 7077/2009 7080/2012
f 7080/2012 7081/2013 7078/2010
f 7079/2011 7070/2002 7082/2014
f 7081/2013 7080/2012 7083/2015
f 7083/2015 7084/2016 7081/2013
f 7085/2017 7082/2014 7070/2002
f 7070/2002 6773/1705 7085/2017
f 6775/1707 7085/2017 6773/1705
f 7084/2016 7083/2015 7086/2018
f 7086/2018 7087/2019 7084/2016
f 7085/2017 6775/1707 7088/2020
f 6777/1709 7088/2020 6775/1707
f 7088/2020 6777/1709 6785/1717
f 7088/2020 7089/2021 7085/2017
f 7082/2014 7085/2017 7089/2021
f 6785/1717 7090/2022 7088/2020
f 7089/2021 7088/2020 7090/2022
f 7090/2022 6785/1717 6786/1718
f 6786/1718 7091/2023 7090/2022
f 7092/2024 7090/2022 7091/2023
f 7090/2022 7092/2024 7089/2021
f 7091/2023 7093/2025 7092/2024
f 7094/2026 7089/2021 7092/2024
f 7089/2021 7094/2026 7082/2014
f 7095/2027 7092/2024 7093/2025
f 7092/2024 7095/2027 7094/2026
f 7093/2025 7096/2028 7095/2027
f 7097/2029 7082/2014 7094/2026
f 7082/2014 7097/2029 7079/2011
f 7098/2030 7094/2026 7095/2027
f 7094/2026 7098/2030 7097/2029
f 7099/2031 7079/2011 7097/2029
f 7079/2011 7099/2031 7076/2008
f 7100/2032 7097/2029 7098/2030
f 7097/2029 7100/2032 7099/2031
f 7095/2027 7101/2033 7098/2030
f 7101/2033 7095/2027 7096/2028
f 7098/2030 7102/2034 7100/2032
f 7102/2034 7098/2030 7101/2033
f 7103/2035 7099/2031 7100/2032
f 7104/2036 7100/2032 7102/2034
f 7100/2032 7104/2036 7103/2035
f 7101/2033 7105/2037 7102/2034
f 7099/2031 7103/2035 7106/2038
f 7106/2038 7076/2008 7099/2031
f 7105/2037 7101/2033 7107/2039
f 7096/2028 7107/2039 7101/2033
f 7076/2008 7106/2038 7108/2040
f 7108/2040 7073/2005 7076/2008
f 7073/2005 7108/2040 7075/2007
f 7109/2041 7107/2039 7096/2028
f 7096/2028 6900/1832 7109/2041
f 7109/2041 6900/1832 6901/1833
f 7110/2042 7107/2039 7109/2041
f 7107/2039 7110/2042 7105/2037
f 6901/1833 7111/2043 7109/2041
f 7109/2041 7112/2044 7110/2042
f 7112/2044 7109/2041 7111/2043
f 7113/2045 7105/2037 7110/2042
f 7114/2046 7110/2042 7112/2044
f 7110/2042 7114/2046 7113/2045
f 7105/2037 7113/2045 7115/2047
f 7115/2047 7102/2034 7105/2037
f 7102/2034 7115/2047 7104/2036
f 7116/2048 7115/2047 7113/2045
f 7117/2049 7104/2036 7115/2047
f 7115/2047 7116/2048 7117/2049
f 7104/2036 7117/2049 7118/2050
f 7118/2050 7103/2035 7104/2036
f 7113/2045 7119/2051 7116/2048
f 7119/2051 7113/2045 7114/2046
f 7103/2035 7118/2050 7120/2052
f 7120/2052 7106/2038 7103/2035
f 7114/2046 7121/2053 7119/2051
f 7106/2038 7120/2052 7122/2054
f 7122/2054 7108/2040 7106/2038
f 7121/2053 7114/2046 7123/2055
f 7112/2044 7123/2055 7114/2046
f 7108/2040 7122/2054 7124/2056
f 7124/2056 7075/2007 7108/2040
f 7123/2055 7112/2044 7125/2057
f 7111/2043 7125/2057 7112/2044
f 7075/2007 7124/2056 7126/2058
f 7126/2058 7074/2006 7075/2007
f 7125/2057 7111/2043 7127/2059
f 7074/2006 7126/2058 7128/2060
f 7128/2060 7077/2009 7074/2006
f 7129/2061 7127/2059 7111/2043
f 7111/2043 6901/1833 7129/2061
f 6902/1834 7129/2061 6901/1833
f 7129/2061 6902/1834 6905/1837
f 6905/1837 7130/2062 7129/2061
f 7127/2059 7129/2061 7130/2062
f 7130/2062 6905/1837 7131/2063
f 6907/1839 7131/2063 6905/1837
f 7131/2063 6907/1839 6911/1843
f 7130/2062 7132/2064 7127/2059
f 6911/1843 7133/2065 7131/2063
f 7133/2065 6911/1843 6927/1859
f 7131/2063 7134/2066 7130/2062
f 7134/2066 7131/2063 7133/2065
f 7132/2064 7130/2062 7134/2066
f 6927/1859 7135/2067 7133/2065
f 7135/2067 6927/1859 6756/1688
f 6756/1688 6758/1690 7135/2067
f 7133/2065 7136/2068 7134/2066
f 7136/2068 7133/2065 7135/2067
f 7137/2069 7135/2067 6758/1690
f 7135/2067 7137/2069 7136/2068
f 6758/1690 6761/1693 7137/2069
f 7138/2070 7134/2066 7136/2068
f 7134/2066 7138/2070 7132/2064
f 7139/2071 7136/2068 7137/2069
f 7136/2068 7139/2071 7138/2070
f 7140/2072 7137/2069 6761/1693
f 7137/2069 7140/2072 7139/2071
f 6761/1693 6764/1696 7140/2072
f 7141/2073 7138/2070 7139/2071
f 7142/2074 7140/2072 6764/1696
f 6764/1696 6767/1699 7142/2074
f 7143/2075 7139/2071 7140/2072
f 7140/2072 7142/2074 7143/2075
f 7139/2071 7143/2075 7141/2073
f 7144/2076 7142/2074 6767/1699
f 7145/2077 7143/2075 7142/2074
f 7142/2074 7144/2076 7145/2077
f 7146/2078 7141/2073 7143/2075
f 7143/2075 7145/2077 7146/2078
f 6767/1699 7147/2079 7144/2076
f 7147/2079 6767/1699 6768/1700
f 7148/2080 7145/2077 7144/2076
f 6768/1700 7149/2081 7147/2079
f 7149/2081 6768/1700 7087/2019
f 7087/2019 7086/2018 7149/2081
f 7150/2082 7144/2076 7147/2079
f 7144/2076 7150/2082 7148/2080
f 7151/2083 7147/2079 7149/2081
f 7147/2079 7151/2083 7150/2082
f 7152/2084 7149/2081 7086/2018
f 7149/2081 7152/2084 7151/2083
f 7086/2018 7153/2085 7152/2084
f 7153/2085 7086/2018 7083/2015
f 7154/2086 7151/2083 7152/2084
f 7083/2015 7155/2087 7153/2085
f 7155/2087 7083/2015 7080/2012
f 7156/2088 7152/2084 7153/2085
f 7152/2084 7156/2088 7154/2086
f 7157/2089 7153/2085 7155/2087
f 7153/2085 7157/2089 7156/2088
f 7080/2012 7158/2090 7155/2087
f 7158/2090 7080/2012 7077/2009
f 7077/2009 7128/2060 7158/2090
f 7159/2091 7155/2087 7158/2090
f 7155/2087 7159/2091 7157/2089
f 7160/2092 7158/2090 7128/2060
f 7158/2090 7160/2092 7159/2091
f 7128/2060 7161/2093 7160/2092
f 7161/2093 7128/2060 7126/2058
f 7162/2094 7159/2091 7160/2092
f 7126/2058 7163/2095 7161/2093
f 7163/2095 7126/2058 7124/2056
f 7164/2096 7160/2092 7161/2093
f 7160/2092 7164/2096 7162/2094
f 7165/2097 7161/2093 7163/2095
f 7161/2093 7165/2097 7164/2096
f 7124/2056 7166/2098 7163/2095
f 7166/2098 7124/2056 7122/2054
f 7163/2095 7167/2099 7165/2097
f 7167/2099 7163/2095 7166/2098
f 7122/2054 7168/2100 7166/2098
f 7168/2100 7122/2054 7120/2052
f 7166/2098 7169/2101 7167/2099
f 7169/2101 7166/2098 7168/2100
f 7120/2052 7170/2102 7168/2100
f 7170/2102 7120/2052 7118/2050
f 7168/2100 7171/2103 7169/2101
f 7171/2103 7168/2100 7170/2102
f 7118/2050 7172/2104 7170/2102
f 7172/2104 7118/2050 7117/2049
f 7170/2102 7173/2105 7171/2103
f 7173/2105 7170/2102 7172/2104
f 7117/2049 7174/2106 7172/2104
f 7174/2106 7117/2049 7116/2048
f 7172/2104 7175/2107 7173/2105
f 7175/2107 7172/2104 7174/2106
f 7116/2048 7176/2108 7174/2106
f 7176/2108 7116/2048 7119/2051
f 7174/2106 7177/2109 7175/2107
f 7177/2109 7174/2106 7176/2108
f 7119/2051 7178/2110 7176/2108
f 7178/2110 7119/2051 7121/2053
f 7176/2108 7179/2111 7177/2109
f 7179/2111 7176/2108 7178/2110
f 7180/2112 7175/2107 7177/2109
f 7181/2113 7177/2109 7179/2111
f 7177/2109 7181/2113 7180/2112
f 7178/2110 7182/2114 7179/2111
f 7175/2107 7180/2112 7183/2115
f 7183/2115 7173/2105 7175/2107
f 7182/2114 7178/2110 7184/2116
f 7121/2053 7184/2116 7178/2110
f 7173/2105 7183/2115 7185/2117
f 7185/2117 7171/2103 7173/2105
f 7184/2116 7121/2053 7186/2118
f 7123/2055 7186/2118 7121/2053
f 7171/2103 7185/2117 7187/2119
f 7187/2119 7169/2101 7171/2103
f 7186/2118 7123/2055 7188/2120
f 7125/2057 7188/2120 7123/2055
f 7169/2101 7187/2119 7189/2121
f 7189/2121 7167/2099 7169/2101
f 7188/2120 7125/2057 7190/2122
f 7127/2059 7190/2122 7125/2057
f 7190/2122 7127/2059 7132/2064
f 7167/2099 7189/2121 7191/2123
f 7191/2123 7165/2097 7167/2099
f 7132/2064 7192/2124 7190/2122
f 7192/2124 7132/2064 7138/2070
f 7138/2070 7141/2073 7192/2124
f 7193/2125 7190/2122 7192/2124
f 7190/2122 7193/2125 7188/2120
f 7194/2126 7192/2124 7141/2073
f 7192/2124 7194/2126 7193/2125
f 7141/2073 7146/2078 7194/2126
f 7195/2127 7188/2120 7193/2125
f 7188/2120 7195/2127 7186/2118
f 7196/2128 7193/2125 7194/2126
f 7193/2125 7196/2128 7195/2127
f 7197/2129 7194/2126 7146/2078
f 7194/2126 7197/2129 7196/2128
f 7198/2130 7186/2118 7195/2127
f 7186/2118 7198/2130 7184/2116
f 7199/2131 7195/2127 7196/2128
f 7195/2127 7199/2131 7198/2130
f 7200/2132 7184/2116 7198/2130
f 7184/2116 7200/2132 7182/2114
f 7201/2133 7198/2130 7199/2131
f 7198/2130 7201/2133 7200/2132
f 7196/2128 7202/2134 7199/2131
f 7202/2134 7196/2128 7197/2129
f 7199/2131 7203/2135 7201/2133
f 7203/2135 7199/2131 7202/2134
f 7204/2136 7200/2132 7201/2133
f 7205/2137 7201/2133 7203/2135
f 7201/2133 7205/2137 7204/2136
f 7202/2134 7206/2138 7203/2135
f 7203/2135 7207/2139 7205/2137
f 7207/2139 7203/2135 7206/2138
f 7206/2138 7202/2134 7208/2140
f 7197/2129 7208/2140 7202/2134
f 7209/2141 7205/2137 7207/2139
f 7204/2136 7205/2137 7209/2141
f 7208/2140 7197/2129 7210/2142
f 7146/2078 7210/2142 7197/2129
f 7210/2142 7146/2078 7145/2077
f 7145/2077 7148/2080 7210/2142
f 7210/2142 7211/2143 7208/2140
f 7211/2143 7210/2142 7148/2080
f 7212/2144 7208/2140 7211/2143
f 7208/2140 7212/2144 7206/2138
f 7148/2080 7213/2145 7211/2143
f 7213/2145 7148/2080 7150/2082
f 7211/2143 7214/2146 7212/2144
f 7214/2146 7211/2143 7213/2145
f 7215/2147 7206/2138 7212/2144
f 7206/2138 7215/2147 7207/2139
f 7216/2148 7212/2144 7214/2146
f 7212/2144 7216/2148 7215/2147
f 7217/2149 7207/2139 7215/2147
f 7207/2139 7217/2149 7209/2141
f 7218/2150 7215/2147 7216/2148
f 7215/2147 7218/2150 7217/2149
f 7214/2146 7219/2151 7216/2148
f 7216/2148 7220/2152 7218/2150
f 7220/2152 7216/2148 7219/2151
f 7221/2153 7217/2149 7218/2150
f 7218/2150 7220/2152 7221/2153
f 7217/2149 7221/2153 7222/2154
f 7222/2154 7209/2141 7217/2149
f 7223/2155 7221/2153 7220/2152
f 7224/2156 7222/2154 7221/2153
f 7221/2153 7223/2155 7224/2156
f 7209/2141 7222/2154 7225/2157
f 7220/2152 7226/2158 7223/2155
f 7219/2151 7226/2158 7220/2152
f 7225/2157 7227/2159 7209/2141
f 7209/2141 7227/2159 7204/2136
f 7226/2158 7219/2151 7228/2160
f 7204/2136 7227/2159 7229/2161
f 7230/2162 7228/2160 7219/2151
f 7219/2151 7214/2146 7230/2162
f 7213/2145 7230/2162 7214/2146
f 7230/2162 7213/2145 7231/2163
f 7150/2082 7231/2163 7213/2145
f 7231/2163 7150/2082 7151/2083
f 7151/2083 7154/2086 7231/2163
f 7231/2163 7232/2164 7230/2162
f 7232/2164 7231/2163 7154/2086
f 7228/2160 7230/2162 7232/2164
f 7154/2086 7233/2165 7232/2164
f 7233/2165 7154/2086 7156/2088
f 7232/2164 7234/2166 7228/2160
f 7234/2166 7232/2164 7233/2165
f 7156/2088 7235/2167 7233/2165
f 7235/2167 7156/2088 7157/2089
f 7233/2165 7236/2168 7234/2166
f 7236/2168 7233/2165 7235/2167
f 7237/2169 7228/2160 7234/2166
f 7228/2160 7237/2169 7226/2158
f 7238/2170 7234/2166 7236/2168
f 7234/2166 7238/2170 7237/2169
f 7226/2158 7237/2169 7239/2171
f 7239/2171 7223/2155 7226/2158
f 7237/2169 7238/2170 7240/2172
f 7240/2172 7239/2171 7237/2169
f 7223/2155 7239/2171 7241/2173
f 7241/2173 7224/2156 7223/2155
f 7239/2171 7240/2172 7242/2174
f 7242/2174 7241/2173 7239/2171
f 7243/2175 7240/2172 7238/2170
f 7244/2176 7242/2174 7240/2172
f 7240/2172 7243/2175 7244/2176
f 7241/2173 7242/2174 7245/2177
f 7238/2170 7246/2178 7243/2175
f 7236/2168 7246/2178 7238/2170
f 7245/2177 7247/2179 7241/2173
f 7224/2156 7241/2173 7247/2179
f 7246/2178 7236/2168 7248/2180
f 7235/2167 7248/2180 7236/2168
f 7247/2179 7249/2181 7224/2156
f 7222/2154 7224/2156 7249/2181
f 7249/2181 7225/2157 7222/2154
f 7248/2180 7235/2167 7250/2182
f 7157/2089 7250/2182 7235/2167
f 7250/2182 7157/2089 7159/2091
f 7159/2091 7162/2094 7250/2182
f 7250/2182 7251/2183 7248/2180
f 7251/2183 7250/2182 7162/2094
f 7252/2184 7248/2180 7251/2183
f 7248/2180 7252/2184 7246/2178
f 7162/2094 7253/2185 7251/2183
f 7246/2178 7252/2184 7254/2186
f 7251/2183 7254/2186 7252/2184
f 7254/2186 7251/2183 7253/2185
f 7254/2186 7243/2175 7246/2178
f 7253/2185 7162/2094 7164/2096
f 7243/2175 7254/2186 7255/2187
f 7253/2185 7255/2187 7254/2186
f 7255/2187 7244/2176 7243/2175
f 7164/2096 7256/2188 7253/2185
f 7256/2188 7164/2096 7165/2097
f 7165/2097 7191/2123 7256/2188
f 7257/2189 7255/2187 7253/2185
f 7253/2185 7256/2188 7257/2189
f 7244/2176 7255/2187 7257/2189
f 7257/2189 7256/2188 7191/2123
f 7257/2189 7258/2190 7244/2176
f 7242/2174 7244/2176 7258/2190
f 7191/2123 7259/2191 7257/2189
f 7258/2190 7257/2189 7259/2191
f 7259/2191 7191/2123 7189/2121
f 7258/2190 7245/2177 7242/2174
f 7189/2121 7260/2192 7259/2191
f 7260/2192 7189/2121 7187/2119
f 7259/2191 7261/2193 7258/2190
f 7261/2193 7259/2191 7260/2192
f 7245/2177 7258/2190 7261/2193
f 7187/2119 7262/2194 7260/2192
f 7260/2192 7262/2194 7261/2193
f 7262/2194 7187/2119 7185/2117
f 7261/2193 7263/2195 7245/2177
f 7263/2195 7261/2193 7262/2194
f 7247/2179 7245/2177 7263/2195
f 7185/2117 7264/2196 7262/2194
f 7262/2194 7264/2196 7263/2195
f 7264/2196 7185/2117 7183/2115
f 7263/2195 7265/2197 7247/2179
f 7265/2197 7263/2195 7264/2196
f 7249/2181 7247/2179 7265/2197
f 7183/2115 7266/2198 7264/2196
f 7264/2196 7266/2198 7265/2197
f 7266/2198 7183/2115 7180/2112
f 7265/2197 7267/2199 7249/2181
f 7267/2199 7265/2197 7266/2198
f 7225/2157 7249/2181 7267/2199
f 7180/2112 7268/2200 7266/2198
f 7266/2198 7268/2200 7267/2199
f 7268/2200 7180/2112 7181/2113
f 7267/2199 7269/2201 7225/2157
f 7269/2201 7267/2199 7268/2200
f 7227/2159 7225/2157 7269/2201
f 7269/2201 7229/2161 7227/2159
f 7268/2200 7270/2202 7269/2201
f 7229/2161 7269/2201 7270/2202
f 7181/2113 7270/2202 7268/2200
f 7270/2202 7271/2203 7229/2161
f 7270/2202 7181/2113 7272/2204
f 7272/2204 7271/2203 7270/2202
f 7179/2111 7272/2204 7181/2113
f 7272/2204 7179/2111 7182/2114
f 7273/2205 7229/2161 7271/2203
f 7271/2203 7272/2204 7273/2205
f 7182/2114 7273/2205 7272/2204
f 7229/2161 7273/2205 7204/2136
f 7273/2205 7182/2114 7200/2132
f 7200/2132 7204/2136 7273/2205
f 7274/2206 7275/2207 7276/2208
f 7276/2208 7277/2209 7274/2206
f 7278/2210 7276/2208 7275/2207
f 7277/2209 7279/2211 7280/2212
f 7280/2212 7274/2206 7277/2209
f 7274/2206 7280/2212 7281/2213
f 7281/2213 7282/2214 7274/2206
f 7282/2214 7281/2213 7283/2215
f 7275/2207 7274/2206 7282/2214
f 7283/2215 7284/2216 7282/2214
f 7284/2216 7283/2215 7285/2217
f 7282/2214 7286/2218 7275/2207
f 7286/2218 7282/2214 7284/2216
f 7285/2217 7287/2219 7284/2216
f 7287/2219 7285/2217 7288/2220
f 7288/2220 7289/2221 7287/2219
f 7290/2222 7284/2216 7287/2219
f 7284/2216 7290/2222 7286/2218
f 7291/2223 7287/2219 7289/2221
f 7287/2219 7291/2223 7290/2222
f 7289/2221 7292/2224 7291/2223
f 7293/2225 7290/2222 7291/2223
f 7286/2218 7290/2222 7293/2225
f 7294/2226 7291/2223 7292/2224
f 7291/2223 7294/2226 7293/2225
f 7292/2224 7295/2227 7294/2226
f 7295/2227 7296/2228 7297/2229
f 7297/2229 7294/2226 7295/2227
f 7294/2226 7297/2229 7298/2230
f 7298/2230 7293/2225 7294/2226
f 7293/2225 7298/2230 7299/2231
f 7299/2231 7300/2232 7293/2225
f 7300/2232 7299/2231 7301/2233
f 7293/2225 7300/2232 7286/2218
f 7301/2233 7302/2234 7300/2232
f 7286/2218 7300/2232 7302/2234
f 7302/2234 7301/2233 7303/2235
f 7302/2234 7275/2207 7286/2218
f 7303/2235 7278/2210 7302/2234
f 7275/2207 7302/2234 7278/2210
f 7304/2236 6880/1812 6875/1807
f 6875/1807 6874/1806 7304/2236
f 6880/1812 7304/2236 7305/2237
f 7305/2237 6885/1817 6880/1812
f 6885/1817 7305/2237 6918/1850
f 7306/2238 7304/2236 6874/1806
f 6874/1806 6872/1804 7306/2238
f 7307/2239 7305/2237 7304/2236
f 7304/2236 7306/2238 7307/2239
f 7308/2240 6918/1850 7305/2237
f 7305/2237 7307/2239 7308/2240
f 6918/1850 7308/2240 7309/2241
f 7309/2241 6920/1852 6918/1850
f 7310/2242 7308/2240 7307/2239
f 6920/1852 7309/2241 7311/2243
f 7311/2243 6922/1854 6920/1852
f 6922/1854 7311/2243 6994/1926
f 7312/2244 7309/2241 7308/2240
f 7308/2240 7310/2242 7312/2244
f 7313/2245 7311/2243 7309/2241
f 7309/2241 7312/2244 7313/2245
f 7314/2246 6994/1926 7311/2243
f 7311/2243 7313/2245 7314/2246
f 6994/1926 7314/2246 6996/1928
f 6999/1931 6996/1928 7314/2246
f 7315/2247 7314/2246 7313/2245
f 7314/2246 7315/2247 6999/1931
f 7313/2245 7316/2248 7315/2247
f 7316/2248 7313/2245 7312/2244
f 7317/2249 6999/1931 7315/2247
f 6999/1931 7317/2249 7001/1933
f 7318/2250 7315/2247 7316/2248
f 7315/2247 7318/2250 7317/2249
f 7312/2244 7319/2251 7316/2248
f 7319/2251 7312/2244 7310/2242
f 7316/2248 7320/2252 7318/2250
f 7320/2252 7316/2248 7319/2251
f 7321/2253 7317/2249 7318/2250
f 7322/2254 7318/2250 7320/2252
f 7318/2250 7322/2254 7321/2253
f 7319/2251 7323/2255 7320/2252
f 7317/2249 7321/2253 7324/2256
f 7324/2256 7001/1933 7317/2249
f 7001/1933 7324/2256 7002/1934
f 7005/1937 7002/1934 7324/2256
f 7325/2257 7324/2256 7321/2253
f 7324/2256 7325/2257 7005/1937
f 7321/2253 7326/2258 7325/2257
f 7326/2258 7321/2253 7322/2254
f 7327/2259 7005/1937 7325/2257
f 7005/1937 7327/2259 7007/1939
f 7328/2260 7325/2257 7326/2258
f 7325/2257 7328/2260 7327/2259
f 7329/2261 7007/1939 7327/2259
f 7007/1939 7329/2261 7008/1940
f 7012/1944 7008/1940 7329/2261
f 7327/2259 7330/2262 7329/2261
f 7330/2262 7327/2259 7328/2260
f 7329/2261 7331/2263 7012/1944
f 7331/2263 7329/2261 7330/2262
f 7017/1949 7012/1944 7331/2263
f 7331/2263 7332/2264 7017/1949
f 7018/1950 7017/1949 7332/2264
f 7330/2262 7333/2265 7331/2263
f 7332/2264 7331/2263 7333/2265
f 7332/2264 7334/2266 7018/1950
f 7020/1952 7018/1950 7334/2266
f 7334/2266 7029/1961 7020/1952
f 7334/2266 7332/2264 7335/2267
f 7333/2265 7335/2267 7332/2264
f 7029/1961 7334/2266 7336/2268
f 7335/2267 7336/2268 7334/2266
f 7336/2268 7030/1962 7029/1961
f 7335/2267 7333/2265 7337/2269
f 7030/1962 7336/2268 7338/2270
f 7338/2270 7032/1964 7030/1962
f 7336/2268 7335/2267 7339/2271
f 7339/2271 7338/2270 7336/2268
f 7337/2269 7339/2271 7335/2267
f 7032/1964 7338/2270 7035/1967
f 7338/2270 7339/2271 7340/2272
f 7340/2272 7035/1967 7338/2270
f 7339/2271 7337/2269 7341/2273
f 7341/2273 7340/2272 7339/2271
f 7035/1967 7340/2272 7342/2274
f 7342/2274 7037/1969 7035/1967
f 7340/2272 7341/2273 7343/2275
f 7343/2275 7342/2274 7340/2272
f 7037/1969 7342/2274 7344/2276
f 7344/2276 7038/1970 7037/1969
f 7038/1970 7344/2276 7042/1974
f 7345/2277 7344/2276 7342/2274
f 7342/2274 7343/2275 7345/2277
f 7346/2278 7042/1974 7344/2276
f 7344/2276 7345/2277 7346/2278
f 7042/1974 7346/2278 7047/1979
f 7056/1988 7047/1979 7346/2278
f 7347/2279 7346/2278 7345/2277
f 7346/2278 7347/2279 7056/1988
f 7345/2277 7348/2280 7347/2279
f 7348/2280 7345/2277 7343/2275
f 7349/2281 7056/1988 7347/2279
f 7056/1988 7349/2281 7057/1989
f 7350/2282 7347/2279 7348/2280
f 7347/2279 7350/2282 7349/2281
f 7343/2275 7351/2283 7348/2280
f 7351/2283 7343/2275 7341/2273
f 7348/2280 7352/2284 7350/2282
f 7352/2284 7348/2280 7351/2283
f 7341/2273 7353/2285 7351/2283
f 7353/2285 7341/2273 7337/2269
f 7351/2283 7354/2286 7352/2284
f 7354/2286 7351/2283 7353/2285
f 7337/2269 7355/2287 7353/2285
f 7355/2287 7337/2269 7333/2265
f 7333/2265 7330/2262 7355/2287
f 7328/2260 7355/2287 7330/2262
f 7353/2285 7355/2287 7328/2260
f 7328/2260 7356/2288 7353/2285
f 7353/2285 7356/2288 7354/2286
f 7326/2258 7356/2288 7328/2260
f 7356/2288 7326/2258 7357/2289
f 7357/2289 7354/2286 7356/2288
f 7322/2254 7357/2289 7326/2258
f 7354/2286 7357/2289 7358/2290
f 7358/2290 7352/2284 7354/2286
f 7357/2289 7322/2254 7359/2291
f 7359/2291 7358/2290 7357/2289
f 7320/2252 7359/2291 7322/2254
f 7359/2291 7320/2252 7323/2255
f 7352/2284 7358/2290 7360/2292
f 7360/2292 7350/2282 7352/2284
f 7358/2290 7359/2291 7361/2293
f 7361/2293 7360/2292 7358/2290
f 7323/2255 7361/2293 7359/2291
f 7350/2282 7360/2292 7362/2294
f 7362/2294 7349/2281 7350/2282
f 7360/2292 7361/2293 7363/2295
f 7363/2295 7362/2294 7360/2292
f 7361/2293 7323/2255 7364/2296
f 7364/2296 7363/2295 7361/2293
f 7349/2281 7362/2294 7365/2297
f 7365/2297 7057/1989 7349/2281
f 7057/1989 7365/2297 7059/1991
f 7362/2294 7363/2295 7366/2298
f 7366/2298 7365/2297 7362/2294
f 7367/2299 7059/1991 7365/2297
f 7365/2297 7366/2298 7367/2299
f 7059/1991 7367/2299 7061/1993
f 7368/2300 7366/2298 7363/2295
f 7363/2295 7364/2296 7368/2300
f 7369/2301 7367/2299 7366/2298
f 7366/2298 7368/2300 7369/2301
f 7370/2302 7061/1993 7367/2299
f 7367/2299 7369/2301 7370/2302
f 7061/1993 7370/2302 6869/1801
f 6866/1798 6869/1801 7370/2302
f 7370/2302 7371/2303 6866/1798
f 7371/2303 7370/2302 7369/2301
f 6867/1799 6866/1798 7371/2303
f 7369/2301 7372/2304 7371/2303
f 7372/2304 7369/2301 7368/2300
f 7371/2303 7373/2305 6867/1799
f 7373/2305 7371/2303 7372/2304
f 6868/1800 6867/1799 7373/2305
f 7373/2305 6872/1804 6868/1800
f 6872/1804 7373/2305 7374/2306
f 7372/2304 7374/2306 7373/2305
f 7374/2306 7306/2238 6872/1804
f 7374/2306 7372/2304 7375/2307
f 7368/2300 7375/2307 7372/2304
f 7375/2307 7368/2300 7364/2296
f 7306/2238 7374/2306 7376/2308
f 7375/2307 7376/2308 7374/2306
f 7376/2308 7307/2239 7306/2238
f 7307/2239 7376/2308 7310/2242
f 7364/2296 7377/2309 7375/2307
f 7376/2308 7375/2307 7377/2309
f 7377/2309 7310/2242 7376/2308
f 7377/2309 7364/2296 7323/2255
f 7310/2242 7377/2309 7319/2251
f 7323/2255 7319/2251 7377/2309
f 7378/2310 7379/2311 7380/2312
f 7380/2312 7381/2313 7378/2310
f 7382/2314 7380/2312 7379/2311
f 7379/2311 7378/2310 7383/2315
f 7379/2311 7384/2316 7382/2314
f 7385/2317 7382/2314 7384/2316
f 7383/2315 7386/2318 7379/2311
f 7386/2318 7383/2315 7387/2319
f 7387/2319 7388/2320 7386/2318
f 7379/2311 7386/2318 7389/2321
f 7389/2321 7386/2318 7388/2320
f 7389/2321 7384/2316 7379/2311
f 7388/2320 7390/2322 7389/2321
f 7391/2323 7384/2316 7389/2321
f 7384/2316 7391/2323 7385/2317
f 7392/2324 7385/2317 7391/2323
f 7393/2325 7389/2321 7390/2322
f 7389/2321 7393/2325 7391/2323
f 7390/2322 7394/2326 7393/2325
f 7391/2323 7395/2327 7392/2324
f 7395/2327 7391/2323 7393/2325
f 7396/2328 7392/2324 7395/2327
f 7397/2329 7393/2325 7394/2326
f 7393/2325 7397/2329 7395/2327
f 7394/2326 7398/2330 7397/2329
f 7395/2327 7399/2331 7396/2328
f 7399/2331 7395/2327 7397/2329
f 7400/2332 7396/2328 7399/2331
f 7401/2333 7397/2329 7398/2330
f 7397/2329 7401/2333 7399/2331
f 7398/2330 7402/2334 7401/2333
f 7399/2331 7403/2335 7400/2332
f 7403/2335 7399/2331 7401/2333
f 7404/2336 7400/2332 7403/2335
f 7405/2337 7401/2333 7402/2334
f 7401/2333 7405/2337 7403/2335
f 7402/2334 7406/2338 7405/2337
f 7403/2335 7407/2339 7404/2336
f 7407/2339 7403/2335 7405/2337
f 7408/2340 7404/2336 7407/2339
f 7407/2339 7409/2341 7408/2340
f 7410/2342 7405/2337 7406/2338
f 7405/2337 7410/2342 7407/2339
f 7409/2341 7407/2339 7410/2342
f 7406/2338 7411/2343 7410/2342
f 7410/2342 7412/2344 7409/2341
f 7413/2345 6712/1644 6711/1643
f 6712/1644 7413/2345 6416/1348
f 6642/1574 6416/1348 7413/2345
f 6711/1643 7414/2346 7413/2345
f 7414/2346 6711/1643 6701/1633
f 6701/1633 6700/1632 7414/2346
f 7413/2345 7415/2347 6642/1574
f 7415/2347 7413/2345 7414/2346
f 6643/1575 6642/1574 7415/2347
f 7416/2348 7414/2346 6700/1632
f 7414/2346 7416/2348 7415/2347
f 6700/1632 6698/1630 7416/2348
f 7415/2347 7417/2349 6643/1575
f 7417/2349 7415/2347 7416/2348
f 6645/1577 6643/1575 7417/2349
f 7417/2349 6652/1584 6645/1577
f 7416/2348 7418/2350 7417/2349
f 6652/1584 7417/2349 7418/2350
f 7418/2350 7416/2348 6698/1630
f 7418/2350 7419/2351 6652/1584
f 6651/1583 6652/1584 7419/2351
f 7419/2351 6654/1586 6651/1583
f 6654/1586 7419/2351 6658/1590
f 6698/1630 7420/2352 7418/2350
f 7419/2351 7418/2350 7420/2352
f 7420/2352 6658/1590 7419/2351
f 7420/2352 6698/1630 6669/1601
f 6658/1590 7420/2352 6665/1597
f 6669/1601 6665/1597 7420/2352
