mtllib TrafficCone.mtl
g Cone
usemtl ConeMatRetro
v -0.00287 0.48271 0.02913
v -0.00229 0.50693 0.02326
v -0.00456 0.50693 0.02293
v -0.00571 0.48271 0.02871
v -0.00206 0.51618 0.02090
v -0.00410 0.51618 0.02059
v -0.00679 0.50693 0.02237
v -0.00850 0.48271 0.02801
v -0.00610 0.51618 0.02009
v -0.00000 0.48271 0.02927
v -0.00397 0.43604 0.04034
v -0.00199 0.51792 0.02019
v -0.00589 0.51792 0.01942
v -0.00804 0.51618 0.01940
v -0.00895 0.50693 0.02160
v -0.01120 0.48271 0.02705
v -0.01177 0.43604 0.03879
v -0.01551 0.43604 0.03745
v -0.00791 0.43604 0.03975
v -0.01380 0.48271 0.02582
v -0.01102 0.50693 0.02062
v -0.01299 0.50693 0.01944
v -0.01626 0.48271 0.02434
v -0.00990 0.51618 0.01852
v -0.01167 0.51618 0.01746
v -0.01483 0.50693 0.01807
v -0.01857 0.48271 0.02263
v -0.01332 0.51618 0.01623
v -0.01911 0.43604 0.03575
v -0.01127 0.51792 0.01687
v -0.01485 0.51618 0.01485
v -0.01653 0.50693 0.01653
v -0.02070 0.48271 0.02070
v -0.02571 0.43604 0.03133
v -0.02866 0.43604 0.02866
v -0.02252 0.43604 0.03370
v -0.02263 0.48271 0.01857
v -0.01807 0.50693 0.01483
v -0.01944 0.50693 0.01299
v -0.02434 0.48271 0.01626
v -0.01623 0.51618 0.01332
v -0.01746 0.51618 0.01167
v -0.02062 0.50693 0.01102
v -0.02582 0.48271 0.01380
v -0.01852 0.51618 0.00990
v -0.03133 0.43604 0.02571
v -0.01790 0.51792 0.00956
v -0.01940 0.51618 0.00804
v -0.02160 0.50693 0.00895
v -0.02705 0.48271 0.01120
v -0.03575 0.43604 0.01911
v -0.03745 0.43604 0.01551
v -0.03370 0.43604 0.02252
v -0.01376 0.03228 0.13729
v -0.01335 0.04212 0.13481
v -0.02656 0.04212 0.13287
v -0.02736 0.03228 0.13533
v -0.01270 0.06697 0.12883
v -0.02527 0.06697 0.12697
v -0.03951 0.04212 0.12965
v -0.04066 0.03228 0.13208
v -0.03760 0.06697 0.12388
v 0.00000 0.03013 0.13872
v 0.00000 0.03013 0.13872
v 0.00000 0.03013 0.13872
v 0.00000 0.03228 0.13795
v -0.00000 0.06697 0.12946
v -0.01157 0.11418 0.11753
v -0.02304 0.11418 0.11583
v -0.03428 0.11418 0.11301
v -0.04520 0.11418 0.10911
v -0.04957 0.06697 0.11961
v -0.05206 0.04212 0.12519
v -0.05352 0.03228 0.12758
v -0.06577 0.03228 0.12184
v -0.06408 0.04212 0.11952
v -0.07547 0.04212 0.11270
v -0.07734 0.03228 0.11493
v -0.06105 0.06697 0.11418
v -0.07195 0.06697 0.10764
v -0.08612 0.04212 0.10480
v -0.08813 0.03228 0.10691
v -0.08215 0.06697 0.10008
v -0.05567 0.11418 0.10415
v -0.06561 0.11418 0.09819
v -0.07492 0.11418 0.09129
v -0.08351 0.11418 0.08351
v -0.09156 0.06697 0.09155
v -0.09594 0.04212 0.09588
v -0.09804 0.03228 0.09786
v -0.10701 0.03228 0.08783
v -0.10482 0.04212 0.08603
v -0.11271 0.04212 0.07535
v -0.11495 0.03228 0.07694
v -0.10008 0.06697 0.08214
v -0.10764 0.06697 0.07193
v -0.11951 0.04212 0.06394
v -0.12180 0.03228 0.06530
v -0.11418 0.06697 0.06103
v -0.10812 0.03013 0.08875
v -0.10812 0.03013 0.08875
v -0.09129 0.11418 0.07492
v -0.09819 0.11418 0.06561
v -0.10415 0.11418 0.05567
v -0.10911 0.11418 0.04520
v -0.11961 0.06697 0.04955
v -0.12517 0.04212 0.05191
v -0.12749 0.03228 0.05302
v -0.11594 0.03013 0.07778
v -0.11594 0.03013 0.07778
v -0.13197 0.03228 0.04022
v -0.12962 0.04212 0.03938
v -0.13283 0.04212 0.02646
v -0.13520 0.03228 0.02703
v -0.12388 0.06697 0.03759
v -0.12696 0.06697 0.02526
v -0.13478 0.04212 0.01329
v -0.13716 0.03228 0.01358
v -0.12883 0.06697 0.01269
v -0.13267 0.03013 0.04069
v -0.13267 0.03013 0.04069
v -0.11301 0.11418 0.03428
v -0.11583 0.11418 0.02304
v -0.11753 0.11418 0.01157
v -0.13842 0.03013 -0.00000
v -0.13842 0.03013 -0.00000
v -0.13842 0.03013 -0.00000
v -0.13842 0.03013 -0.00000
v -0.00223 0.48008 0.02268
v -0.00445 0.48008 0.02235
v -0.00331 0.50454 0.01664
v -0.00166 0.50454 0.01688
v -0.00661 0.48008 0.02181
v -0.00493 0.50454 0.01624
v -0.00290 0.51413 0.01457
v -0.00146 0.51413 0.01479
v -0.00431 0.51413 0.01422
v -0.00334 0.43332 0.03389
v 0.00000 0.48008 0.02279
v 0.00000 0.48008 0.02279
v -0.00664 0.43332 0.03339
v -0.00988 0.43332 0.03258
v -0.01303 0.43332 0.03146
v -0.00872 0.48008 0.02105
v -0.00649 0.50454 0.01567
v -0.00569 0.51413 0.01373
v -0.00428 0.51626 0.01411
v -0.00428 0.51626 0.01411
v 0.00000 0.51413 0.01486
v 0.00000 0.51413 0.01486
v -0.01074 0.48008 0.02010
v -0.01266 0.48008 0.01895
v -0.00943 0.50454 0.01411
v -0.00800 0.50454 0.01496
v -0.01446 0.48008 0.01761
v -0.01076 0.50454 0.01311
v -0.00826 0.51413 0.01236
v -0.00701 0.51413 0.01311
v -0.00943 0.51413 0.01149
v -0.01605 0.43332 0.03003
v -0.01892 0.43332 0.02831
v -0.02160 0.43332 0.02632
v -0.02408 0.43332 0.02408
v -0.01611 0.48008 0.01611
v -0.01200 0.50454 0.01200
v -0.01051 0.51413 0.01051
v -0.01043 0.51626 0.01043
v -0.01043 0.51626 0.01043
v -0.00936 0.51626 0.01140
v -0.00936 0.51626 0.01140
v -0.00819 0.51626 0.01226
v -0.00819 0.51626 0.01226
v -0.00695 0.51626 0.01301
v -0.00695 0.51626 0.01301
v -0.01761 0.48008 0.01446
v -0.01895 0.48008 0.01266
v -0.01411 0.50454 0.00943
v -0.01311 0.50454 0.01076
v -0.02010 0.48008 0.01074
v -0.01496 0.50454 0.00800
v -0.01236 0.51413 0.00826
v -0.01149 0.51413 0.00943
v -0.01311 0.51413 0.00701
v -0.02632 0.43332 0.02160
v -0.02831 0.43332 0.01892
v -0.03003 0.43332 0.01605
v -0.03146 0.43332 0.01303
v -0.02105 0.48008 0.00872
v -0.01568 0.50454 0.00649
v -0.01373 0.51413 0.00569
v -0.01301 0.51626 0.00695
v -0.01301 0.51626 0.00695
v -0.01226 0.51626 0.00819
v -0.01226 0.51626 0.00819
v -0.02181 0.48008 0.00661
v -0.02235 0.48008 0.00445
v -0.01664 0.50454 0.00331
v -0.01624 0.50454 0.00492
v -0.02268 0.48008 0.00223
v -0.01688 0.50454 0.00166
v -0.01458 0.51413 0.00290
v -0.01422 0.51413 0.00431
v -0.01479 0.51413 0.00146
v -0.03258 0.43332 0.00988
v -0.03339 0.43332 0.00664
v -0.03389 0.43332 0.00334
v -0.01486 0.51413 -0.00000
v -0.01486 0.51413 -0.00000
v -0.08982 0.18531 0.02725
v -0.09206 0.18531 0.01831
v -0.07133 0.27294 0.01419
v -0.06959 0.27294 0.02111
v -0.09341 0.18531 0.00920
v -0.07237 0.27294 0.00713
v -0.05060 0.36056 0.01006
v -0.04937 0.36056 0.01498
v -0.05134 0.36056 0.00506
v -0.10296 0.11252 0.04265
v -0.10664 0.11252 0.03235
v -0.08672 0.18531 0.03592
v -0.10929 0.11252 0.02174
v -0.11090 0.11252 0.01092
v -0.11144 0.11252 -0.00000
v -0.11144 0.11252 -0.00000
v -0.07273 0.27294 -0.00000
v -0.07273 0.27294 -0.00000
v -0.05160 0.36056 -0.00000
v -0.05160 0.36056 -0.00000
v -0.04767 0.36056 0.01974
v -0.06719 0.27294 0.02783
v -0.07256 0.18531 0.05955
v -0.07804 0.18531 0.05215
v -0.06047 0.27294 0.04040
v -0.05622 0.27294 0.04614
v -0.08278 0.18531 0.04425
v -0.06414 0.27294 0.03428
v -0.04290 0.36056 0.02866
v -0.03988 0.36056 0.03273
v -0.04550 0.36056 0.02432
v -0.07880 0.11252 0.07880
v -0.08614 0.11252 0.07069
v -0.06637 0.18531 0.06637
v -0.09265 0.11252 0.06191
v -0.09828 0.11252 0.05253
v -0.03648 0.36056 0.03648
v -0.05143 0.27294 0.05143
v -0.04425 0.18531 0.08278
v -0.05215 0.18531 0.07804
v -0.04040 0.27294 0.06047
v -0.03428 0.27294 0.06414
v -0.05955 0.18531 0.07256
v -0.04614 0.27294 0.05622
v -0.02866 0.36056 0.04290
v -0.02432 0.36056 0.04550
v -0.03273 0.36056 0.03988
v -0.04265 0.11252 0.10296
v -0.05253 0.11252 0.09828
v -0.03592 0.18531 0.08672
v -0.06191 0.11252 0.09265
v -0.07069 0.11252 0.08614
v -0.01974 0.36056 0.04767
v -0.02783 0.27294 0.06719
v -0.00920 0.18531 0.09341
v -0.01831 0.18531 0.09206
v -0.01419 0.27294 0.07132
v -0.00713 0.27294 0.07237
v -0.02725 0.18531 0.08982
v -0.02111 0.27294 0.06959
v -0.01007 0.36056 0.05060
v -0.00506 0.36056 0.05134
v -0.01498 0.36056 0.04937
v -0.01092 0.11252 0.11090
v -0.02174 0.11252 0.10929
v -0.03235 0.11252 0.10664
v 0.00000 0.27294 0.07273
v 0.00000 0.27294 0.07273
v -0.01333 0.00617 0.13536
v -0.02653 0.00617 0.13340
v -0.02511 0.04116 0.12623
v -0.01261 0.04116 0.12809
v -0.03948 0.00617 0.13016
v -0.03736 0.04116 0.12316
v -0.02395 0.06571 0.12039
v -0.01203 0.06571 0.12216
v -0.03563 0.06571 0.11747
v 0.00000 0.00617 0.13602
v -0.05205 0.00617 0.12567
v -0.04926 0.04116 0.11891
v -0.04698 0.06571 0.11341
v 0.00000 0.04116 0.12871
v -0.06412 0.00617 0.11995
v -0.07556 0.00617 0.11309
v -0.07150 0.04116 0.10701
v -0.06067 0.04116 0.11351
v -0.08629 0.00617 0.10514
v -0.08165 0.04116 0.09949
v -0.06819 0.06571 0.10206
v -0.05786 0.06571 0.10826
v -0.07787 0.06571 0.09489
v -0.09618 0.00617 0.09618
v -0.09101 0.04116 0.09101
v -0.08680 0.06571 0.08680
v -0.10514 0.00617 0.08629
v -0.11309 0.00617 0.07556
v -0.10701 0.04116 0.07150
v -0.09949 0.04116 0.08165
v -0.11995 0.00617 0.06412
v -0.11351 0.04116 0.06067
v -0.10206 0.06571 0.06819
v -0.09489 0.06571 0.07787
v -0.10826 0.06571 0.05786
v -0.12567 0.00617 0.05205
v -0.11891 0.04116 0.04926
v -0.11341 0.06571 0.04698
v -0.13016 0.00617 0.03948
v -0.13340 0.00617 0.02653
v -0.12623 0.04116 0.02511
v -0.12316 0.04116 0.03736
v -0.13536 0.00617 0.01333
v -0.12809 0.04116 0.01261
v -0.12039 0.06571 0.02395
v -0.11747 0.06571 0.03563
v -0.12216 0.06571 0.01203
v -0.13602 0.00617 -0.00000
v -0.13602 0.00617 -0.00000
v -0.00481 0.51841 0.01586
v -0.00323 0.51841 0.01625
v -0.00308 0.51784 0.01550
v -0.00459 0.51784 0.01513
v -0.00162 0.51841 0.01649
v -0.00155 0.51784 0.01573
v -0.00296 0.51710 0.01488
v -0.00441 0.51710 0.01452
v -0.00149 0.51710 0.01510
v -0.00666 0.51875 0.01607
v -0.00505 0.51875 0.01665
v -0.00634 0.51841 0.01531
v -0.00339 0.51875 0.01706
v -0.00171 0.51875 0.01731
v 0.00000 0.51875 0.01740
v 0.00000 0.51841 0.01657
v 0.00000 0.51841 0.01657
v -0.00145 0.51626 0.01468
v -0.00145 0.51626 0.01468
v -0.00288 0.51626 0.01446
v -0.00288 0.51626 0.01446
v -0.00581 0.51710 0.01402
v -0.00564 0.51626 0.01363
v -0.00564 0.51626 0.01363
v -0.00605 0.51784 0.01460
v -0.01051 0.51841 0.01281
v -0.00921 0.51841 0.01378
v -0.00878 0.51784 0.01314
v -0.01003 0.51784 0.01222
v -0.00781 0.51841 0.01461
v -0.00745 0.51784 0.01394
v -0.00843 0.51710 0.01262
v -0.00963 0.51710 0.01173
v -0.00715 0.51710 0.01338
v -0.01230 0.51875 0.01230
v -0.01104 0.51875 0.01345
v -0.01172 0.51841 0.01172
v -0.00967 0.51875 0.01447
v -0.00820 0.51875 0.01534
v -0.01073 0.51710 0.01073
v -0.01118 0.51784 0.01118
v -0.01461 0.51841 0.00781
v -0.01378 0.51841 0.00920
v -0.01314 0.51784 0.00878
v -0.01394 0.51784 0.00745
v -0.01281 0.51841 0.01051
v -0.01222 0.51784 0.01003
v -0.01262 0.51710 0.00843
v -0.01338 0.51710 0.00715
v -0.01173 0.51710 0.00963
v -0.01607 0.51875 0.00666
v -0.01534 0.51875 0.00820
v -0.01531 0.51841 0.00634
v -0.01447 0.51875 0.00967
v -0.01345 0.51875 0.01104
v -0.01140 0.51626 0.00936
v -0.01140 0.51626 0.00936
v -0.01402 0.51710 0.00581
v -0.01363 0.51626 0.00564
v -0.01363 0.51626 0.00564
v -0.01460 0.51784 0.00605
v -0.01649 0.51841 0.00162
v -0.01625 0.51841 0.00323
v -0.01550 0.51784 0.00308
v -0.01573 0.51784 0.00155
v -0.01586 0.51841 0.00481
v -0.01513 0.51784 0.00459
v -0.01488 0.51710 0.00296
v -0.01510 0.51710 0.00149
v -0.01452 0.51710 0.00441
v -0.01731 0.51875 0.00171
v -0.01657 0.51841 -0.00000
v -0.01657 0.51841 -0.00000
v -0.01706 0.51875 0.00339
v -0.01665 0.51875 0.00505
v -0.01411 0.51626 0.00428
v -0.01411 0.51626 0.00428
v -0.01446 0.51626 0.00288
v -0.01446 0.51626 0.00288
v -0.01468 0.51626 0.00145
v -0.01468 0.51626 0.00145
v -0.01475 0.51626 -0.00000
v -0.01475 0.51626 -0.00000
v -0.01475 0.51626 -0.00000
v -0.01475 0.51626 -0.00000
v -0.03859 0.01928 0.20983
v -0.03854 0.02215 0.20887
v -0.03840 0.02457 0.20625
v -0.07469 0.02215 0.20882
v -0.07442 0.02457 0.20622
v -0.10607 0.02215 0.20868
v -0.00000 0.01611 0.20998
v -0.03860 0.01611 0.20997
v -0.00000 0.02215 0.20887
v -0.00000 0.02215 0.20887
v -0.00000 0.02457 0.20624
v -0.00000 0.02457 0.20624
v -0.10568 0.02457 0.20610
v -0.12982 0.02457 0.20584
v -0.13030 0.02215 0.20839
v -0.07479 0.01928 0.20978
v -0.10622 0.01928 0.20963
v -0.10624 0.01611 0.20976
v -0.17252 0.02835 0.14924
v -0.17173 0.02835 0.14152
v -0.18097 0.02813 0.15489
v -0.18232 0.02813 0.15030
v -0.19169 0.02754 0.15187
v -0.17084 0.02834 0.15602
v -0.17084 0.02834 0.15602
v -0.17244 0.02834 0.15329
v -0.17099 0.02836 0.12656
v -0.18269 0.02813 0.14197
v -0.19265 0.02754 0.14318
v -0.20090 0.02640 0.12909
v -0.20090 0.02640 0.12909
v -0.20047 0.02640 0.14448
v -0.20047 0.02640 0.14448
v -0.18959 0.02754 0.15689
v -0.19241 0.02640 0.16353
v -0.19241 0.02640 0.16353
v -0.17809 0.02813 0.15838
v -0.17809 0.02813 0.15838
v -0.15397 0.00016 0.18997
v -0.17239 0.00029 0.18878
v -0.17532 0.00010 0.17515
v -0.16639 0.00019 0.18893
v -0.17708 0.00005 0.15776
v -0.16109 0.00001 0.13775
v -0.13660 0.00005 0.17830
v -0.13660 0.00005 0.17830
v -0.15786 0.00005 0.17698
v -0.16001 0.00001 0.15994
v -0.13274 0.00036 0.20003
v -0.13274 0.00036 0.20003
v -0.15026 0.00036 0.19914
v -0.15026 0.00036 0.19914
v -0.17452 0.00046 0.18905
v -0.17452 0.00046 0.18905
v -0.18174 0.00042 0.18141
v -0.18174 0.00042 0.18141
v -0.18904 0.00029 0.17212
v -0.18938 0.00046 0.17419
v -0.18938 0.00046 0.17419
v -0.18912 0.00019 0.16620
v -0.18014 0.00023 0.17987
v -0.20010 0.00036 0.13267
v -0.20010 0.00036 0.13267
v -0.19118 0.00015 0.13463
v -0.17835 0.00005 0.13655
v -0.17835 0.00005 0.13655
v -0.19009 0.00016 0.15385
v -0.16215 0.00001 0.03871
v -0.17956 0.00005 0.07556
v -0.19226 0.00015 0.07532
v -0.17915 0.00005 0.10879
v -0.13898 0.00000 0.03872
v -0.13898 0.00000 0.03872
v -0.16204 0.00001 0.07571
v -0.13874 0.00000 0.10956
v -0.16172 0.00001 0.10929
v -0.19190 0.00015 0.10798
v -0.20061 0.00036 0.10715
v -0.20061 0.00036 0.10715
v -0.20087 0.00036 0.07508
v -0.20087 0.00036 0.07508
v -0.20097 0.00036 0.03863
v -0.20097 0.00036 0.03863
v -0.20098 0.00036 0.00000
v -0.20098 0.00036 0.00000
v -0.20098 0.00036 0.00000
v -0.20098 0.00036 0.00000
v -0.17973 0.00005 0.00000
v -0.17973 0.00005 0.00000
v -0.19240 0.00015 0.03866
v -0.17971 0.00005 0.03869
v -0.20466 0.01928 0.16074
v -0.20661 0.02215 0.15485
v -0.20378 0.02215 0.16052
v -0.20413 0.02457 0.15435
v -0.20752 0.01928 0.15504
v -0.20795 0.02215 0.14579
v -0.20541 0.02457 0.14535
v -0.19973 0.01611 0.16623
v -0.19664 0.02457 0.16509
v -0.19680 0.02640 0.15872
v -0.19680 0.02640 0.15872
v -0.20142 0.02457 0.15991
v -0.19930 0.02640 0.15336
v -0.19930 0.02640 0.15336
v -0.20589 0.02457 0.12987
v -0.20846 0.02215 0.13026
v -0.20901 0.01611 0.14598
v -0.20888 0.01928 0.14596
v -0.20940 0.01928 0.13041
v -0.20750 0.00249 0.15515
v -0.20645 0.00139 0.15577
v -0.19479 0.00054 0.16938
v -0.19479 0.00054 0.16938
v -0.19652 0.00046 0.16651
v -0.19652 0.00046 0.16651
v -0.20123 0.00078 0.16320
v -0.19890 0.00140 0.16678
v -0.20372 0.00140 0.16150
v -0.20465 0.00249 0.16087
v -0.20478 0.00420 0.16078
v -0.20478 0.00420 0.16078
v -0.20765 0.00420 0.15506
v -0.20765 0.00420 0.15506
v -0.20939 0.00249 0.13046
v -0.20779 0.00138 0.14650
v -0.20886 0.00249 0.14605
v -0.20836 0.00138 0.13071
v -0.20556 0.00072 0.13137
v -0.19926 0.00036 0.15013
v -0.19926 0.00036 0.15013
v -0.20490 0.00073 0.14773
v -0.19808 0.00039 0.16075
v -0.19808 0.00039 0.16075
v -0.20361 0.00074 0.15745
v -0.20765 0.00955 0.15506
v -0.19973 0.00420 0.16623
v -0.19973 0.00420 0.16623
v -0.20478 0.00661 0.16078
v -0.19973 0.01279 0.16623
v -0.20478 0.00955 0.16078
v -0.20478 0.01611 0.16078
v -0.20478 0.01279 0.16078
v -0.20765 0.01279 0.15506
v -0.20765 0.01611 0.15506
v -0.20901 0.01279 0.14598
v -0.20954 0.01611 0.13043
v -0.20901 0.00661 0.14598
v -0.20901 0.00955 0.14598
v -0.20901 0.00420 0.14598
v -0.20901 0.00420 0.14598
v -0.20954 0.00420 0.13043
v -0.20954 0.00420 0.13043
v -0.20765 0.00661 0.15506
v -0.03861 0.00072 0.20617
v -0.07492 0.00072 0.20610
v -0.07484 0.00138 0.20878
v 0.00000 0.00036 0.20098
v 0.00000 0.00036 0.20098
v 0.00000 0.00036 0.20098
v 0.00000 0.00072 0.20618
v 0.00000 0.00072 0.20618
v -0.03860 0.00138 0.20885
v 0.00000 0.00138 0.20885
v 0.00000 0.00138 0.20885
v 0.00000 0.00420 0.20998
v 0.00000 0.00420 0.20998
v 0.00000 0.00420 0.20998
v -0.03860 0.00420 0.20997
v -0.03860 0.00420 0.20997
v -0.03860 0.00249 0.20983
v -0.07481 0.00249 0.20977
v -0.10624 0.00420 0.20976
v -0.10624 0.00420 0.20976
v -0.13053 0.00249 0.20932
v -0.10636 0.00138 0.20862
v -0.10625 0.00249 0.20962
v -0.10664 0.00072 0.20589
v -0.13078 0.00138 0.20829
v -0.10718 0.00036 0.20058
v -0.10718 0.00036 0.20058
v -0.13144 0.00072 0.20549
v -0.03863 0.00036 0.20097
v -0.03863 0.00036 0.20097
v -0.03860 0.00661 0.20997
v -0.03860 0.00955 0.20997
v -0.07481 0.00955 0.20992
v -0.07481 0.00661 0.20992
v -0.07481 0.01279 0.20992
v -0.10624 0.00955 0.20976
v -0.00000 0.00661 0.20998
v -0.00000 0.00661 0.20998
v 0.00000 0.00955 0.20998
v 0.00000 0.01279 0.20998
v 0.00000 0.01279 0.20998
v -0.03860 0.01279 0.20997
v -0.07481 0.01611 0.20992
v -0.10624 0.01279 0.20976
v -0.13050 0.01279 0.20947
v -0.13050 0.00955 0.20947
v -0.13050 0.00661 0.20947
v -0.10624 0.00661 0.20976
v -0.07481 0.00420 0.20992
v -0.07481 0.00420 0.20992
v -0.14612 0.00661 0.20888
v -0.14612 0.01279 0.20888
v -0.15528 0.00955 0.20744
v -0.13050 0.00420 0.20947
v -0.14612 0.00955 0.20888
v -0.13050 0.01611 0.20947
v -0.14612 0.01611 0.20888
v -0.15528 0.01611 0.20744
v -0.15528 0.01279 0.20744
v -0.16107 0.01279 0.20449
v -0.16659 0.01279 0.19937
v -0.16107 0.00955 0.20449
v -0.16659 0.00955 0.19937
v -0.16659 0.00661 0.19937
v -0.16107 0.00661 0.20449
v -0.14612 0.00420 0.20888
v -0.14612 0.00420 0.20888
v -0.15528 0.00661 0.20744
v -0.15528 0.00420 0.20744
v -0.15528 0.00420 0.20744
v -0.17419 0.00955 0.19178
v -0.17419 0.01279 0.19178
v -0.18319 0.00955 0.18278
v -0.19218 0.00955 0.17379
v -0.16659 0.00420 0.19937
v -0.16659 0.00420 0.19937
v -0.17419 0.00661 0.19178
v -0.18319 0.01279 0.18278
v -0.18319 0.01611 0.18278
v -0.19218 0.01279 0.17379
v -0.19973 0.00955 0.16623
v -0.19218 0.00661 0.17379
v -0.19973 0.00661 0.16623
v -0.17419 0.00420 0.19178
v -0.17419 0.00420 0.19178
v -0.18319 0.00661 0.18278
v -0.14664 0.00138 0.20766
v -0.15598 0.00139 0.20624
v -0.16179 0.00140 0.20343
v -0.14618 0.00249 0.20872
v -0.15537 0.00249 0.20729
v -0.16107 0.00420 0.20449
v -0.16107 0.00420 0.20449
v -0.16116 0.00249 0.20436
v -0.16666 0.00249 0.19927
v -0.15766 0.00074 0.20340
v -0.16348 0.00078 0.20095
v -0.16678 0.00046 0.19625
v -0.16678 0.00046 0.19625
v -0.14786 0.00073 0.20477
v -0.16095 0.00039 0.19788
v -0.16095 0.00039 0.19788
v -0.17439 0.00140 0.19125
v -0.18300 0.00139 0.18260
v -0.19211 0.00249 0.17382
v -0.19164 0.00140 0.17400
v -0.16969 0.00054 0.19447
v -0.16969 0.00054 0.19447
v -0.16829 0.00080 0.19675
v -0.16713 0.00140 0.19855
v -0.17421 0.00249 0.19171
v -0.18319 0.00420 0.18278
v -0.18319 0.00420 0.18278
v -0.18317 0.00249 0.18275
v -0.19218 0.00420 0.17379
v -0.19218 0.00420 0.17379
v -0.19963 0.00249 0.16630
v -0.19709 0.00080 0.16796
v -0.18256 0.00076 0.18218
v -0.19053 0.00078 0.17436
v -0.17473 0.00078 0.19016
v -0.14589 0.02215 0.20781
v -0.14535 0.02457 0.20529
v -0.15502 0.02215 0.20640
v -0.16077 0.02215 0.20350
v -0.13047 0.01928 0.20933
v -0.12888 0.02640 0.20087
v -0.12888 0.02640 0.20087
v -0.15441 0.02457 0.20393
v -0.15865 0.02640 0.19657
v -0.15865 0.02640 0.19657
v -0.16005 0.02457 0.20115
v -0.16655 0.01928 0.19926
v -0.16107 0.01611 0.20449
v -0.16659 0.01611 0.19937
v -0.16103 0.01928 0.20436
v -0.14609 0.01928 0.20874
v -0.15525 0.01928 0.20731
v -0.18254 0.02215 0.18216
v -0.19208 0.01928 0.17373
v -0.18950 0.02457 0.17222
v -0.17419 0.01611 0.19178
v -0.16621 0.02215 0.19847
v -0.17250 0.02457 0.18917
v -0.17369 0.02215 0.19100
v -0.16531 0.02457 0.19632
v -0.16355 0.02640 0.19214
v -0.16355 0.02640 0.19214
v -0.16355 0.02640 0.19214
v -0.17018 0.02640 0.18559
v -0.17018 0.02640 0.18559
v -0.17802 0.02640 0.17783
v -0.17802 0.02640 0.17783
v -0.18101 0.02457 0.18069
v -0.19138 0.02215 0.17332
v -0.19882 0.02215 0.16590
v -0.19962 0.01928 0.16619
v -0.19218 0.01611 0.17379
v -0.18311 0.01928 0.18270
v -0.17413 0.01928 0.19168
v -0.10971 0.00000 0.10971
v -0.03872 0.00000 0.13898
v -0.13840 0.00000 0.13838
v -0.13840 0.00000 0.13838
v -0.13891 0.00000 0.07579
v -0.13891 0.00000 0.07579
v -0.07557 0.00005 0.17955
v -0.10881 0.00005 0.17913
v -0.03869 0.00005 0.17971
v -0.10957 0.00000 0.13873
v -0.07579 0.00000 0.13891
v -0.07572 0.00001 0.16203
v -0.10931 0.00001 0.16170
v -0.03871 0.00001 0.16215
v -0.03866 0.00015 0.19240
v -0.07533 0.00015 0.19226
v -0.10800 0.00015 0.19187
v -0.07509 0.00036 0.20086
v -0.07509 0.00036 0.20086
v -0.13469 0.00015 0.19112
v -0.13469 0.00015 0.19112
v -0.13778 0.00001 0.16106
v -0.20979 0.00955 0.10621
v -0.20992 0.00955 0.07480
v -0.20979 0.01279 0.10621
v -0.20992 0.01279 0.07480
v -0.20997 0.00661 0.03860
v -0.20997 0.01279 0.03860
v -0.20997 0.00955 0.03860
v -0.20979 0.00661 0.10621
v -0.20954 0.00661 0.13043
v -0.20954 0.00955 0.13043
v -0.20954 0.01279 0.13043
v -0.20979 0.01611 0.10621
v -0.20997 0.01611 0.03860
v -0.20998 0.01279 0.00000
v -0.20998 0.01279 0.00000
v -0.20992 0.00420 0.07480
v -0.20992 0.00420 0.07480
v -0.20992 0.00661 0.07480
v -0.20610 0.00072 0.07492
v -0.20879 0.00138 0.07483
v -0.20865 0.00138 0.10633
v -0.20592 0.00072 0.10661
v -0.20965 0.00249 0.10622
v -0.20979 0.00420 0.10621
v -0.20979 0.00420 0.10621
v -0.20978 0.00249 0.07480
v -0.20997 0.00420 0.03860
v -0.20997 0.00420 0.03860
v -0.20998 0.00420 0.00000
v -0.20998 0.00420 0.00000
v -0.20998 0.00420 0.00000
v -0.20885 0.00138 0.03860
v -0.20983 0.00249 0.03860
v -0.20617 0.00072 0.03861
v -0.20618 0.00072 0.00000
v -0.20618 0.00072 0.00000
v -0.20966 0.01928 0.10619
v -0.20870 0.02215 0.10607
v -0.20882 0.02215 0.07470
v -0.20887 0.02215 0.03855
v -0.20611 0.02457 0.10575
v -0.20107 0.02640 0.10512
v -0.20107 0.02640 0.10512
v -0.20621 0.02457 0.07447
v -0.20112 0.02640 0.03820
v -0.20112 0.02640 0.03820
v -0.20111 0.02640 -0.00000
v -0.20111 0.02640 -0.00000
v -0.20111 0.02640 -0.00000
v -0.20111 0.02640 -0.00000
v -0.20624 0.02457 0.03843
v -0.20887 0.02215 -0.00000
v -0.20887 0.02215 -0.00000
v -0.20983 0.01928 0.03859
v -0.20984 0.01928 -0.00000
v -0.20984 0.01928 -0.00000
v -0.20992 0.01611 0.07480
v -0.20979 0.01928 0.07479
v -0.17265 0.02835 0.07045
v -0.18292 0.02813 0.10303
v -0.18317 0.02813 0.03712
v -0.18314 0.02813 0.07219
v -0.19310 0.02754 0.07329
v -0.15619 0.02844 0.12724
v -0.17291 0.02834 0.03599
v -0.17289 0.02834 -0.00000
v -0.17289 0.02834 -0.00000
v -0.18313 0.02813 -0.00000
v -0.19307 0.02754 0.03780
v -0.19308 0.02754 0.10414
v -0.20113 0.02640 0.07403
v -0.20113 0.02640 0.07403
v -0.19296 0.02754 0.12795
v -0.18273 0.02813 0.12691
v -0.17180 0.02835 0.10168
v -0.07156 0.02814 0.18318
v -0.07298 0.02754 0.19315
v -0.10207 0.02814 0.18313
v -0.09986 0.02838 0.17229
v -0.10492 0.02640 0.20108
v -0.10492 0.02640 0.20108
v -0.10370 0.02754 0.19314
v -0.07388 0.02640 0.20115
v -0.07388 0.02640 0.20115
v -0.03764 0.02754 0.19310
v -0.03812 0.02640 0.20114
v -0.03812 0.02640 0.20114
v -0.00000 0.02640 0.20112
v -0.00000 0.02640 0.20112
v -0.00000 0.02640 0.20112
v -0.00000 0.02754 0.19306
v -0.03681 0.02814 0.18314
v -0.00000 0.02814 0.18309
v -0.03544 0.02839 0.17267
v -0.00000 0.02839 0.17265
v -0.03326 0.02849 0.16311
v -0.06931 0.02839 0.17260
v -0.12577 0.02814 0.18304
v -0.14266 0.02754 0.19262
v -0.14940 0.02813 0.18234
v -0.15225 0.02834 0.17255
v -0.13960 0.02836 0.17248
v -0.16083 0.02754 0.18564
v -0.15650 0.02754 0.18942
v -0.15322 0.02640 0.19913
v -0.15322 0.02640 0.19913
v -0.15139 0.02754 0.19158
v -0.14429 0.02640 0.20038
v -0.14429 0.02640 0.20038
v -0.12743 0.02754 0.19300
v -0.14089 0.02813 0.18290
v -0.12429 0.02837 0.17203
v -0.14787 0.02835 0.17283
v -0.15368 0.02838 0.16613
v -0.15414 0.02813 0.18091
v -0.16658 0.02754 0.18002
v -0.16237 0.02813 0.17350
v -0.17335 0.02754 0.17336
v -0.16783 0.02813 0.16808
v -0.15778 0.02813 0.17805
v -0.15778 0.02813 0.17805
v -0.15516 0.02834 0.17097
v -0.15516 0.02834 0.17097
v -0.15514 0.02838 0.16262
v -0.15514 0.02838 0.16262
v -0.15841 0.02834 0.16735
v -0.16248 0.02834 0.16296
v -0.15809 0.02838 0.15878
v -0.15809 0.02838 0.15878
v -0.16707 0.02834 0.15909
v -0.16216 0.02838 0.15602
v -0.16216 0.02838 0.15602
v -0.16584 0.02838 0.15467
v -0.18013 0.02754 0.16672
v -0.17343 0.02813 0.16280
v -0.18584 0.02640 0.17007
v -0.18584 0.02640 0.17007
v -0.18581 0.02754 0.16111
v -0.18581 0.02754 0.16111
v -0.15214 0.02839 0.15367
v -0.14897 0.02839 0.15809
v -0.15504 0.02838 0.15595
v -0.15242 0.02838 0.15990
v -0.14761 0.02847 0.14067
v -0.14761 0.02847 0.14067
v -0.16138 0.02840 0.14273
v -0.16138 0.02840 0.14273
v -0.16371 0.02838 0.14923
v -0.16371 0.02838 0.14923
v -0.15695 0.02838 0.15071
v -0.16505 0.02838 0.15268
v -0.16505 0.02838 0.15268
v -0.15928 0.02838 0.15354
v -0.15149 0.02838 0.16539
v -0.15149 0.02838 0.16539
v -0.14753 0.02838 0.16440
v -0.14753 0.02838 0.16440
v -0.14320 0.02841 0.15607
v -0.13994 0.02840 0.16300
v -0.13994 0.02840 0.16300
v -0.12316 0.02846 0.16007
v -0.14099 0.02848 0.14712
v -0.14099 0.02848 0.14712
v -0.14790 0.02842 0.15092
v -0.15365 0.02841 0.14643
v -0.05027 0.02906 0.13663
v -0.03427 0.02906 0.13939
v -0.02930 0.02955 0.13683
v -0.03124 0.02922 0.13785
v -0.07223 0.02896 0.13568
v -0.07223 0.02896 0.13568
v -0.05648 0.02896 0.13921
v -0.05648 0.02896 0.13921
v -0.03875 0.02896 0.14164
v -0.01736 0.02906 0.14103
v -0.01578 0.02922 0.13963
v -0.01477 0.02955 0.13871
v 0.00000 0.02955 0.13933
v -0.01416 0.03013 0.13807
v -0.01416 0.03013 0.13807
v -0.02813 0.03013 0.13614
v -0.02813 0.03013 0.13614
v -0.04174 0.03013 0.13293
v -0.04174 0.03013 0.13293
v -0.04337 0.02955 0.13370
v -0.04605 0.02922 0.13486
v -0.11878 0.02922 0.08050
v -0.12693 0.02906 0.07073
v -0.11499 0.02906 0.09449
v -0.10749 0.02906 0.10471
v -0.10749 0.02906 0.10471
v -0.10346 0.02922 0.10184
v -0.10346 0.02922 0.10184
v -0.11164 0.02922 0.09169
v -0.10947 0.02955 0.08988
v -0.11704 0.02955 0.07883
v -0.12267 0.03013 0.06603
v -0.12267 0.03013 0.06603
v -0.12354 0.02955 0.06695
v -0.12993 0.02922 0.05563
v -0.12993 0.02922 0.05563
v -0.12488 0.02922 0.06843
v -0.13364 0.02896 0.06037
v -0.13364 0.02896 0.06037
v -0.13364 0.02896 0.06037
v -0.12146 0.02906 0.08310
v -0.12539 0.02896 0.08693
v -0.12539 0.02896 0.08693
v -0.09891 0.02906 0.11363
v -0.08907 0.02906 0.12124
v -0.08398 0.02922 0.11865
v -0.07780 0.02906 0.12759
v -0.09129 0.02955 0.10904
v -0.07255 0.02922 0.12526
v -0.10575 0.02896 0.11771
v -0.10575 0.02896 0.11771
v -0.08553 0.02896 0.13099
v -0.08553 0.02896 0.13099
v -0.06489 0.02906 0.13271
v -0.05991 0.02922 0.13067
v -0.05673 0.02955 0.12934
v -0.05481 0.03013 0.12847
v -0.05481 0.03013 0.12847
v -0.08073 0.02955 0.11697
v -0.06920 0.02955 0.12375
v -0.06717 0.03013 0.12278
v -0.06717 0.03013 0.12278
v -0.07874 0.03013 0.11590
v -0.07874 0.03013 0.11590
v -0.08946 0.03013 0.10790
v -0.08946 0.03013 0.10790
v -0.09928 0.03013 0.09883
v -0.09928 0.03013 0.09883
v -0.09426 0.02922 0.11084
v -0.10088 0.02955 0.09999
v -0.13917 0.02906 0.01479
v -0.13759 0.02906 0.02941
v -0.13680 0.02922 0.02840
v -0.13391 0.02922 0.04224
v -0.13318 0.02955 0.04128
v -0.14050 0.02896 -0.00000
v -0.14050 0.02896 -0.00000
v -0.14050 0.02896 -0.00000
v -0.14050 0.02896 -0.00000
v -0.13970 0.02906 -0.00000
v -0.13970 0.02906 -0.00000
v -0.13873 0.02896 0.03090
v -0.13873 0.02896 0.03090
v -0.13144 0.02906 0.05755
v -0.13144 0.02906 0.05755
v -0.13500 0.02906 0.04372
v -0.12894 0.02955 0.05439
v -0.12894 0.02955 0.05439
v -0.12827 0.03013 0.05363
v -0.12827 0.03013 0.05363
v -0.13625 0.02955 0.02775
v -0.13585 0.03013 0.02735
v -0.13585 0.03013 0.02735
v -0.13777 0.03013 0.01374
v -0.13777 0.03013 0.01374
v -0.13855 0.02922 0.01427
v -0.13811 0.02955 0.01395
v -0.15660 0.02839 0.06143
v -0.15234 0.02839 0.02827
v -0.15202 0.02840 0.05457
v -0.16381 0.02838 0.03415
v -0.16336 0.02838 0.06710
v -0.16336 0.02838 0.06710
v -0.16164 0.02840 0.09777
v -0.16164 0.02840 0.09777
v -0.15492 0.02841 0.08800
v -0.15073 0.02847 0.10664
v -0.15078 0.02843 0.07673
v -0.14614 0.02852 0.07899
v -0.14887 0.02843 0.04797
v -0.14804 0.02846 0.06673
v -0.14646 0.02850 0.04244
v -0.14909 0.02842 0.02502
v -0.14670 0.02849 -0.00000
v -0.14670 0.02849 -0.00000
v -0.15232 0.02839 -0.00000
v -0.15704 0.02838 0.03146
v -0.14424 0.02859 0.03842
v -0.14279 0.02871 0.01798
v -0.14115 0.02872 0.05195
v -0.14216 0.02872 0.03543
v -0.13870 0.02884 0.04881
v -0.14471 0.02859 -0.00000
v -0.14471 0.02859 -0.00000
v -0.14668 0.02849 0.02210
v -0.14589 0.02852 0.05922
v -0.14512 0.02854 0.06986
v -0.14361 0.02861 0.05500
v -0.14299 0.02861 0.06958
v -0.14299 0.02861 0.06958
v -0.13658 0.02896 0.04590
v -0.13658 0.02896 0.04590
v -0.14028 0.02884 0.03293
v -0.14005 0.02896 0.01554
v -0.14005 0.02896 0.01554
v -0.14126 0.02884 0.01659
v -0.14300 0.02871 -0.00000
v -0.14460 0.02859 0.01977
v -0.11860 0.02871 0.13607
v -0.10853 0.02871 0.14124
v -0.10675 0.02884 0.13017
v -0.13755 0.02858 0.13518
v -0.12175 0.02858 0.14731
v -0.13069 0.02858 0.14198
v -0.13395 0.02847 0.15275
v -0.13395 0.02847 0.15275
v -0.08227 0.02884 0.13980
v -0.09605 0.02884 0.13564
v -0.09658 0.02896 0.12504
v -0.09658 0.02896 0.12504
v -0.11504 0.02884 0.12321
v -0.11342 0.02896 0.10892
v -0.11342 0.02896 0.10892
v -0.11342 0.02896 0.10892
v -0.11342 0.02896 0.10892
v -0.12151 0.02884 0.11453
v -0.12151 0.02884 0.11453
v -0.12603 0.02871 0.12933
v -0.14295 0.02859 0.09724
v -0.13684 0.02871 0.09612
v -0.13850 0.02872 0.08221
v -0.13071 0.02884 0.09186
v -0.14220 0.02857 0.12537
v -0.13127 0.02871 0.12048
v -0.13127 0.02871 0.12048
v -0.13465 0.02871 0.10916
v -0.12663 0.02884 0.10400
v -0.11992 0.02896 0.09861
v -0.11992 0.02896 0.09861
v -0.12994 0.02896 0.07411
v -0.12994 0.02896 0.07411
v -0.13659 0.02884 0.06405
v -0.13659 0.02884 0.06405
v -0.13397 0.02884 0.07847
v -0.14280 0.02860 0.08328
v -0.13989 0.02872 0.06752
v -0.13989 0.02872 0.06752
v -0.14322 0.02858 0.11176
v -0.14790 0.02849 0.09166
v -0.05925 0.02859 0.15506
v -0.07513 0.02871 0.14762
v -0.02650 0.02871 0.14997
v -0.04482 0.02884 0.14481
v -0.05194 0.02871 0.14918
v -0.02287 0.02884 0.14592
v -0.09530 0.02848 0.16203
v -0.10789 0.02858 0.15147
v -0.06539 0.02848 0.16284
v -0.03015 0.02859 0.15557
v -0.00000 0.02859 0.15569
v -0.00000 0.02859 0.15569
v 0.00000 0.02871 0.15019
v 0.00000 0.02871 0.15019
v 0.00000 0.02884 0.14627
v -0.01970 0.02896 0.14306
v -0.01970 0.02896 0.14306
v -0.06495 0.02884 0.14281
v -0.09440 0.02871 0.14505
v -0.08604 0.02858 0.15387
v -0.01963 0.51835 0.00193
v -0.01934 0.51835 0.00385
v -0.01866 0.51867 0.00371
v -0.01893 0.51867 0.00186
v -0.01887 0.51835 0.00573
v -0.01820 0.51867 0.00552
v -0.01788 0.51883 0.00356
v -0.01814 0.51883 0.00179
v -0.01745 0.51883 0.00529
v -0.01990 0.51792 0.00396
v -0.01990 0.51792 0.00396
v -0.01942 0.51792 0.00589
v -0.01875 0.51792 0.00777
v -0.01875 0.51792 0.00777
v -0.01822 0.51835 0.00755
v -0.01757 0.51867 0.00728
v -0.01684 0.51883 0.00698
v -0.01823 0.51883 -0.00000
v -0.01823 0.51883 -0.00000
v -0.01902 0.51867 -0.00000
v -0.01902 0.51867 -0.00000
v -0.01739 0.51835 0.00930
v -0.01640 0.51835 0.01096
v -0.01582 0.51867 0.01057
v -0.01678 0.51867 0.00897
v -0.01525 0.51835 0.01251
v -0.01470 0.51867 0.01207
v -0.01516 0.51883 0.01013
v -0.01608 0.51883 0.00859
v -0.01409 0.51883 0.01157
v -0.01687 0.51792 0.01127
v -0.01569 0.51792 0.01287
v -0.01569 0.51792 0.01287
v -0.01435 0.51792 0.01435
v -0.01435 0.51792 0.01435
v -0.01395 0.51835 0.01395
v -0.01345 0.51867 0.01345
v -0.01289 0.51883 0.01289
v -0.01251 0.51835 0.01525
v -0.01096 0.51835 0.01640
v -0.01057 0.51867 0.01581
v -0.01207 0.51867 0.01470
v -0.00930 0.51835 0.01739
v -0.00897 0.51867 0.01678
v -0.01013 0.51883 0.01516
v -0.01157 0.51883 0.01409
v -0.00859 0.51883 0.01608
v -0.01287 0.51792 0.01569
v -0.01287 0.51792 0.01569
v -0.00957 0.51792 0.01790
v -0.00957 0.51792 0.01790
v -0.00777 0.51792 0.01875
v -0.00777 0.51792 0.01875
v -0.00755 0.51835 0.01822
v -0.00728 0.51867 0.01757
v -0.00698 0.51883 0.01684
v -0.00573 0.51835 0.01887
v -0.00385 0.51835 0.01934
v -0.00371 0.51867 0.01865
v -0.00552 0.51867 0.01820
v -0.00193 0.51835 0.01963
v -0.00186 0.51867 0.01893
v -0.00356 0.51883 0.01788
v -0.00529 0.51883 0.01745
v -0.00179 0.51883 0.01814
v -0.00396 0.51792 0.01990
v -0.00396 0.51792 0.01990
v 0.00000 0.51792 0.02029
v 0.00000 0.51792 0.02029
v 0.00000 0.51835 0.01972
v 0.00000 0.51835 0.01972
v 0.00000 0.51867 0.01902
v 0.00000 0.51883 0.01823
v 0.00000 0.51883 0.01823
v -0.02801 0.48271 0.00850
v -0.02237 0.50693 0.00679
v -0.02293 0.50693 0.00456
v -0.02871 0.48271 0.00571
v -0.02009 0.51618 0.00610
v -0.02060 0.51618 0.00410
v -0.02327 0.50693 0.00229
v -0.02913 0.48271 0.00287
v -0.02090 0.51618 0.00206
v -0.03879 0.43604 0.01177
v -0.02019 0.51792 0.00199
v -0.02019 0.51792 0.00199
v -0.02927 0.48271 -0.00000
v -0.02927 0.48271 -0.00000
v -0.04034 0.43604 0.00397
v -0.03975 0.43604 0.00791
v -0.09615 0.18737 0.02917
v -0.07586 0.27534 0.02301
v -0.07775 0.27534 0.01547
v -0.09854 0.18737 0.01960
v -0.05560 0.36319 0.01686
v -0.05698 0.36319 0.01133
v -0.07889 0.27534 0.00777
v -0.09999 0.18737 0.00985
v -0.05782 0.36319 0.00569
v -0.09283 0.18737 0.03845
v -0.07324 0.27534 0.03034
v -0.05368 0.36319 0.02223
v -0.10048 0.18737 -0.00000
v -0.10048 0.18737 -0.00000
v -0.07767 0.18737 0.06374
v -0.06128 0.27534 0.05029
v -0.06591 0.27534 0.04404
v -0.08354 0.18737 0.05582
v -0.04491 0.36319 0.03686
v -0.04830 0.36319 0.03228
v -0.06992 0.27534 0.03737
v -0.08861 0.18737 0.04736
v -0.05124 0.36319 0.02739
v -0.07105 0.18737 0.07105
v -0.05606 0.27534 0.05606
v -0.04108 0.36319 0.04108
v -0.04736 0.18737 0.08861
v -0.03737 0.27534 0.06992
v -0.04404 0.27534 0.06591
v -0.05582 0.18737 0.08354
v -0.02739 0.36319 0.05124
v -0.03228 0.36319 0.04830
v -0.05029 0.27534 0.06128
v -0.06374 0.18737 0.07767
v -0.03686 0.36319 0.04491
v -0.03845 0.18737 0.09283
v -0.03034 0.27534 0.07324
v -0.02223 0.36319 0.05368
v -0.00985 0.18737 0.09999
v -0.00777 0.27534 0.07889
v -0.01547 0.27534 0.07775
v -0.01960 0.18737 0.09854
v -0.00569 0.36319 0.05782
v -0.01133 0.36319 0.05698
v -0.02301 0.27534 0.07586
v -0.02917 0.18737 0.09615
v -0.01687 0.36319 0.05560
v -0.00000 0.18737 0.10048
v -0.00000 0.27534 0.07928
v -0.00000 0.27534 0.07928
v -0.00000 0.36319 0.05810
v -0.00000 0.36319 0.05810
v 0.00287 0.48271 0.02913
v 0.00571 0.48271 0.02871
v 0.00456 0.50693 0.02293
v 0.00229 0.50693 0.02326
v 0.00850 0.48271 0.02801
v 0.00679 0.50693 0.02237
v 0.00410 0.51618 0.02059
v 0.00206 0.51618 0.02090
v 0.00610 0.51618 0.02009
v 0.00000 0.43604 0.04053
v 0.00000 0.43604 0.04053
v 0.00397 0.43604 0.04034
v 0.00791 0.43604 0.03975
v 0.01177 0.43604 0.03879
v 0.01551 0.43604 0.03745
v 0.01120 0.48271 0.02705
v 0.00895 0.50693 0.02160
v 0.00804 0.51618 0.01940
v 0.00777 0.51792 0.01875
v 0.00396 0.51792 0.01990
v 0.00396 0.51792 0.01990
v 0.00199 0.51792 0.02019
v 0.00199 0.51792 0.02019
v 0.00000 0.51618 0.02100
v -0.00000 0.50693 0.02338
v 0.01380 0.48271 0.02582
v 0.01626 0.48271 0.02434
v 0.01299 0.50693 0.01944
v 0.01102 0.50693 0.02062
v 0.01857 0.48271 0.02263
v 0.01483 0.50693 0.01807
v 0.01167 0.51618 0.01746
v 0.00990 0.51618 0.01852
v 0.01332 0.51618 0.01623
v 0.01911 0.43604 0.03575
v 0.02252 0.43604 0.03370
v 0.02571 0.43604 0.03133
v 0.02866 0.43604 0.02866
v 0.02070 0.48271 0.02070
v 0.01653 0.50693 0.01653
v 0.01485 0.51618 0.01485
v 0.01435 0.51792 0.01435
v 0.01435 0.51792 0.01435
v 0.01287 0.51792 0.01569
v 0.01287 0.51792 0.01569
v 0.02263 0.48271 0.01857
v 0.02434 0.48271 0.01626
v 0.01944 0.50693 0.01299
v 0.01807 0.50693 0.01483
v 0.02582 0.48271 0.01380
v 0.02062 0.50693 0.01102
v 0.01746 0.51618 0.01167
v 0.01623 0.51618 0.01332
v 0.01852 0.51618 0.00990
v 0.03133 0.43604 0.02571
v 0.03370 0.43604 0.02252
v 0.03575 0.43604 0.01911
v 0.03745 0.43604 0.01551
v 0.02705 0.48271 0.01120
v 0.02160 0.50693 0.00895
v 0.01940 0.51618 0.00804
v 0.01875 0.51792 0.00777
v 0.01790 0.51792 0.00956
v 0.01569 0.51792 0.01287
v 0.01569 0.51792 0.01287
v 0.01376 0.03228 0.13729
v 0.02736 0.03228 0.13533
v 0.02656 0.04212 0.13287
v 0.01335 0.04212 0.13481
v 0.04066 0.03228 0.13208
v 0.03951 0.04212 0.12965
v 0.02527 0.06697 0.12697
v 0.01270 0.06697 0.12883
v 0.03760 0.06697 0.12388
v 0.02813 0.03013 0.13614
v 0.02813 0.03013 0.13614
v 0.05352 0.03228 0.12758
v 0.05206 0.04212 0.12519
v 0.04957 0.06697 0.11961
v 0.04520 0.11418 0.10911
v 0.03428 0.11418 0.11301
v 0.02304 0.11418 0.11583
v 0.01157 0.11418 0.11753
v 0.00000 0.11418 0.11810
v 0.00000 0.11418 0.11810
v -0.00000 0.04212 0.13547
v -0.00000 0.04212 0.13547
v 0.06577 0.03228 0.12184
v 0.07734 0.03228 0.11493
v 0.07547 0.04212 0.11270
v 0.06408 0.04212 0.11952
v 0.08813 0.03228 0.10691
v 0.08612 0.04212 0.10480
v 0.07195 0.06697 0.10764
v 0.06105 0.06697 0.11418
v 0.08215 0.06697 0.10008
v 0.06717 0.03013 0.12278
v 0.06717 0.03013 0.12278
v 0.09804 0.03228 0.09786
v 0.09594 0.04212 0.09588
v 0.09156 0.06697 0.09155
v 0.08351 0.11418 0.08351
v 0.07492 0.11418 0.09129
v 0.06561 0.11418 0.09819
v 0.05567 0.11418 0.10415
v 0.10701 0.03228 0.08783
v 0.11495 0.03228 0.07694
v 0.11271 0.04212 0.07535
v 0.10482 0.04212 0.08603
v 0.12180 0.03228 0.06530
v 0.11951 0.04212 0.06394
v 0.10764 0.06697 0.07193
v 0.10008 0.06697 0.08214
v 0.11418 0.06697 0.06103
v 0.10812 0.03013 0.08875
v 0.10812 0.03013 0.08875
v 0.12749 0.03228 0.05302
v 0.12517 0.04212 0.05191
v 0.11961 0.06697 0.04955
v 0.10911 0.11418 0.04520
v 0.10415 0.11418 0.05567
v 0.09819 0.11418 0.06561
v 0.09129 0.11418 0.07492
v 0.13197 0.03228 0.04022
v 0.13520 0.03228 0.02703
v 0.13283 0.04212 0.02646
v 0.12962 0.04212 0.03938
v 0.13716 0.03228 0.01358
v 0.13478 0.04212 0.01329
v 0.12696 0.06697 0.02526
v 0.12388 0.06697 0.03759
v 0.12883 0.06697 0.01269
v 0.13267 0.03013 0.04069
v 0.13267 0.03013 0.04069
v 0.13543 0.04212 -0.00000
v 0.12946 0.06697 -0.00000
v 0.11810 0.11418 -0.00000
v 0.11810 0.11418 -0.00000
v 0.11753 0.11418 0.01157
v 0.11583 0.11418 0.02304
v 0.11301 0.11418 0.03428
v 0.00223 0.48008 0.02268
v 0.00166 0.50454 0.01688
v 0.00331 0.50454 0.01664
v 0.00445 0.48008 0.02235
v 0.00146 0.51413 0.01479
v 0.00290 0.51413 0.01457
v 0.00493 0.50454 0.01624
v 0.00661 0.48008 0.02181
v 0.00431 0.51413 0.01422
v 0.00000 0.43332 0.03405
v 0.00000 0.43332 0.03405
v 0.00334 0.43332 0.03389
v 0.00000 0.50454 0.01697
v 0.00000 0.50454 0.01697
v 0.00000 0.51626 0.01475
v 0.00000 0.51626 0.01475
v 0.00000 0.51626 0.01475
v 0.00145 0.51626 0.01468
v 0.00145 0.51626 0.01468
v 0.00288 0.51626 0.01446
v 0.00288 0.51626 0.01446
v 0.00569 0.51413 0.01373
v 0.00649 0.50454 0.01567
v 0.00872 0.48008 0.02105
v 0.00988 0.43332 0.03258
v 0.01303 0.43332 0.03146
v 0.00664 0.43332 0.03339
v 0.01074 0.48008 0.02010
v 0.00800 0.50454 0.01496
v 0.00943 0.50454 0.01411
v 0.01266 0.48008 0.01895
v 0.00701 0.51413 0.01311
v 0.00826 0.51413 0.01236
v 0.01076 0.50454 0.01311
v 0.01446 0.48008 0.01761
v 0.00943 0.51413 0.01149
v 0.01605 0.43332 0.03003
v 0.00819 0.51626 0.01226
v 0.00819 0.51626 0.01226
v 0.01051 0.51413 0.01051
v 0.01200 0.50454 0.01200
v 0.01611 0.48008 0.01611
v 0.02160 0.43332 0.02632
v 0.02408 0.43332 0.02408
v 0.01892 0.43332 0.02831
v 0.01761 0.48008 0.01446
v 0.01311 0.50454 0.01076
v 0.01411 0.50454 0.00943
v 0.01895 0.48008 0.01266
v 0.01149 0.51413 0.00943
v 0.01236 0.51413 0.00826
v 0.01496 0.50454 0.00800
v 0.02010 0.48008 0.01074
v 0.01311 0.51413 0.00701
v 0.02632 0.43332 0.02160
v 0.01226 0.51626 0.00819
v 0.01226 0.51626 0.00819
v 0.01363 0.51626 0.00564
v 0.01363 0.51626 0.00564
v 0.01373 0.51413 0.00569
v 0.01568 0.50454 0.00649
v 0.02105 0.48008 0.00872
v 0.03003 0.43332 0.01605
v 0.03146 0.43332 0.01303
v 0.02831 0.43332 0.01892
v 0.02181 0.48008 0.00661
v 0.01624 0.50454 0.00492
v 0.01664 0.50454 0.00331
v 0.02235 0.48008 0.00445
v 0.01422 0.51413 0.00431
v 0.01458 0.51413 0.00290
v 0.01688 0.50454 0.00166
v 0.02268 0.48008 0.00223
v 0.01479 0.51413 0.00146
v 0.03258 0.43332 0.00988
v 0.01411 0.51626 0.00428
v 0.01411 0.51626 0.00428
v 0.01446 0.51626 0.00288
v 0.01446 0.51626 0.00288
v 0.01468 0.51626 0.00145
v 0.01468 0.51626 0.00145
v 0.01475 0.51626 -0.00000
v 0.01475 0.51626 -0.00000
v 0.01475 0.51626 -0.00000
v 0.02279 0.48008 -0.00000
v 0.02279 0.48008 -0.00000
v 0.03389 0.43332 0.00334
v 0.03339 0.43332 0.00664
v 0.08982 0.18531 0.02725
v 0.06959 0.27294 0.02111
v 0.07133 0.27294 0.01419
v 0.09206 0.18531 0.01831
v 0.04937 0.36056 0.01498
v 0.05060 0.36056 0.01006
v 0.07237 0.27294 0.00713
v 0.09341 0.18531 0.00920
v 0.05134 0.36056 0.00506
v 0.10296 0.11252 0.04265
v 0.08672 0.18531 0.03592
v 0.10664 0.11252 0.03235
v 0.06719 0.27294 0.02783
v 0.04767 0.36056 0.01974
v 0.05160 0.36056 -0.00000
v 0.05160 0.36056 -0.00000
v 0.07273 0.27294 -0.00000
v 0.07273 0.27294 -0.00000
v 0.11090 0.11252 0.01092
v 0.10929 0.11252 0.02174
v 0.07256 0.18531 0.05955
v 0.05622 0.27294 0.04614
v 0.06047 0.27294 0.04040
v 0.07804 0.18531 0.05215
v 0.03988 0.36056 0.03273
v 0.04290 0.36056 0.02866
v 0.06414 0.27294 0.03428
v 0.08278 0.18531 0.04425
v 0.04550 0.36056 0.02432
v 0.07880 0.11252 0.07880
v 0.06637 0.18531 0.06637
v 0.08614 0.11252 0.07069
v 0.05143 0.27294 0.05143
v 0.03648 0.36056 0.03648
v 0.09828 0.11252 0.05253
v 0.09265 0.11252 0.06191
v 0.04425 0.18531 0.08278
v 0.03428 0.27294 0.06414
v 0.04040 0.27294 0.06047
v 0.05215 0.18531 0.07804
v 0.02432 0.36056 0.04550
v 0.02866 0.36056 0.04290
v 0.04614 0.27294 0.05622
v 0.05955 0.18531 0.07256
v 0.03273 0.36056 0.03988
v 0.04265 0.11252 0.10296
v 0.03592 0.18531 0.08672
v 0.05253 0.11252 0.09828
v 0.02783 0.27294 0.06719
v 0.01974 0.36056 0.04767
v 0.07069 0.11252 0.08614
v 0.06191 0.11252 0.09265
v 0.00920 0.18531 0.09341
v 0.00713 0.27294 0.07237
v 0.01419 0.27294 0.07132
v 0.01831 0.18531 0.09206
v 0.00506 0.36056 0.05134
v 0.01007 0.36056 0.05060
v 0.02111 0.27294 0.06959
v 0.02725 0.18531 0.08982
v 0.01498 0.36056 0.04937
v 0.00000 0.11252 0.11144
v 0.00000 0.11252 0.11144
v 0.00000 0.18531 0.09387
v 0.00000 0.18531 0.09387
v 0.01092 0.11252 0.11090
v 0.00000 0.36056 0.05159
v 0.00000 0.36056 0.05159
v 0.03235 0.11252 0.10664
v 0.02174 0.11252 0.10929
v 0.01333 0.00617 0.13536
v 0.01261 0.04116 0.12809
v 0.02511 0.04116 0.12623
v 0.02653 0.00617 0.13340
v 0.01203 0.06571 0.12216
v 0.02395 0.06571 0.12039
v 0.03736 0.04116 0.12316
v 0.03948 0.00617 0.13016
v 0.03563 0.06571 0.11747
v 0.00000 0.06571 0.12276
v 0.04698 0.06571 0.11341
v 0.04926 0.04116 0.11891
v 0.05205 0.00617 0.12567
v 0.06412 0.00617 0.11995
v 0.06067 0.04116 0.11351
v 0.07150 0.04116 0.10701
v 0.07556 0.00617 0.11309
v 0.05786 0.06571 0.10826
v 0.06819 0.06571 0.10206
v 0.08165 0.04116 0.09949
v 0.08629 0.00617 0.10514
v 0.07787 0.06571 0.09489
v 0.08680 0.06571 0.08680
v 0.09101 0.04116 0.09101
v 0.09618 0.00617 0.09618
v 0.10514 0.00617 0.08629
v 0.09949 0.04116 0.08165
v 0.10701 0.04116 0.07150
v 0.11309 0.00617 0.07556
v 0.09489 0.06571 0.07787
v 0.10206 0.06571 0.06819
v 0.11351 0.04116 0.06067
v 0.11995 0.00617 0.06412
v 0.10826 0.06571 0.05786
v 0.11341 0.06571 0.04698
v 0.11891 0.04116 0.04926
v 0.12567 0.00617 0.05205
v 0.13016 0.00617 0.03948
v 0.12316 0.04116 0.03736
v 0.12623 0.04116 0.02511
v 0.13340 0.00617 0.02653
v 0.11747 0.06571 0.03563
v 0.12039 0.06571 0.02395
v 0.12809 0.04116 0.01261
v 0.13536 0.00617 0.01333
v 0.12216 0.06571 0.01203
v 0.13602 0.00617 -0.00000
v 0.13602 0.00617 -0.00000
v 0.00481 0.51841 0.01586
v 0.00459 0.51784 0.01513
v 0.00308 0.51784 0.01550
v 0.00323 0.51841 0.01625
v 0.00441 0.51710 0.01452
v 0.00296 0.51710 0.01488
v 0.00155 0.51784 0.01573
v 0.00162 0.51841 0.01649
v 0.00149 0.51710 0.01510
v 0.00666 0.51875 0.01607
v 0.00634 0.51841 0.01531
v 0.00505 0.51875 0.01665
v 0.00605 0.51784 0.01460
v 0.00581 0.51710 0.01402
v 0.00564 0.51626 0.01363
v 0.00564 0.51626 0.01363
v 0.00428 0.51626 0.01411
v 0.00428 0.51626 0.01411
v 0.00000 0.51710 0.01518
v 0.00000 0.51710 0.01518
v 0.00000 0.51784 0.01581
v 0.00171 0.51875 0.01731
v 0.00339 0.51875 0.01706
v 0.01051 0.51841 0.01281
v 0.01003 0.51784 0.01222
v 0.00878 0.51784 0.01314
v 0.00921 0.51841 0.01378
v 0.00963 0.51710 0.01173
v 0.00843 0.51710 0.01262
v 0.00745 0.51784 0.01394
v 0.00781 0.51841 0.01461
v 0.00715 0.51710 0.01338
v 0.01230 0.51875 0.01230
v 0.01172 0.51841 0.01172
v 0.01104 0.51875 0.01345
v 0.01118 0.51784 0.01118
v 0.01073 0.51710 0.01073
v 0.01043 0.51626 0.01043
v 0.01043 0.51626 0.01043
v 0.00936 0.51626 0.01140
v 0.00936 0.51626 0.01140
v 0.00695 0.51626 0.01301
v 0.00695 0.51626 0.01301
v 0.00820 0.51875 0.01534
v 0.00967 0.51875 0.01447
v 0.01461 0.51841 0.00781
v 0.01394 0.51784 0.00745
v 0.01314 0.51784 0.00878
v 0.01378 0.51841 0.00920
v 0.01338 0.51710 0.00715
v 0.01262 0.51710 0.00843
v 0.01222 0.51784 0.01003
v 0.01281 0.51841 0.01051
v 0.01173 0.51710 0.00963
v 0.01607 0.51875 0.00666
v 0.01531 0.51841 0.00634
v 0.01534 0.51875 0.00820
v 0.01460 0.51784 0.00605
v 0.01402 0.51710 0.00581
v 0.01301 0.51626 0.00695
v 0.01301 0.51626 0.00695
v 0.01140 0.51626 0.00936
v 0.01140 0.51626 0.00936
v 0.01345 0.51875 0.01104
v 0.01447 0.51875 0.00967
v 0.01649 0.51841 0.00162
v 0.01573 0.51784 0.00155
v 0.01550 0.51784 0.00308
v 0.01625 0.51841 0.00323
v 0.01510 0.51710 0.00149
v 0.01488 0.51710 0.00296
v 0.01513 0.51784 0.00459
v 0.01586 0.51841 0.00481
v 0.01452 0.51710 0.00441
v 0.01731 0.51875 0.00171
v 0.01518 0.51710 -0.00000
v 0.01665 0.51875 0.00505
v 0.01706 0.51875 0.00339
v 0.03859 0.01928 0.20983
v 0.03854 0.02215 0.20887
v 0.10622 0.01928 0.20963
v 0.07469 0.02215 0.20882
v 0.07442 0.02457 0.20622
v 0.03860 0.01611 0.20997
v -0.00000 0.01928 0.20984
v -0.00000 0.01928 0.20984
v 0.07481 0.01611 0.20992
v 0.07479 0.01928 0.20978
v 0.10624 0.01611 0.20976
v 0.10607 0.02215 0.20868
v 0.10568 0.02457 0.20610
v 0.07388 0.02640 0.20115
v 0.07388 0.02640 0.20115
v 0.03840 0.02457 0.20625
v 0.18232 0.02813 0.15030
v 0.17252 0.02835 0.14924
v 0.19169 0.02754 0.15187
v 0.16584 0.02838 0.15467
v 0.17084 0.02834 0.15602
v 0.17084 0.02834 0.15602
v 0.17809 0.02813 0.15838
v 0.17809 0.02813 0.15838
v 0.18097 0.02813 0.15489
v 0.18959 0.02754 0.15689
v 0.19930 0.02640 0.15336
v 0.19930 0.02640 0.15336
v 0.18269 0.02813 0.14197
v 0.19265 0.02754 0.14318
v 0.19296 0.02754 0.12795
v 0.16138 0.02840 0.14273
v 0.16138 0.02840 0.14273
v 0.17173 0.02835 0.14152
v 0.16505 0.02838 0.15268
v 0.16505 0.02838 0.15268
v 0.17244 0.02834 0.15329
v 0.17532 0.00010 0.17515
v 0.13840 0.00000 0.13838
v 0.13840 0.00000 0.13838
v 0.13778 0.00001 0.16106
v 0.13778 0.00001 0.16106
v 0.16001 0.00001 0.15994
v 0.15786 0.00005 0.17698
v 0.15786 0.00005 0.17698
v 0.19926 0.00036 0.15013
v 0.19926 0.00036 0.15013
v 0.18912 0.00019 0.16620
v 0.18912 0.00019 0.16620
v 0.19009 0.00016 0.15385
v 0.17708 0.00005 0.15776
v 0.17708 0.00005 0.15776
v 0.17835 0.00005 0.13655
v 0.17835 0.00005 0.13655
v 0.18938 0.00046 0.17419
v 0.18938 0.00046 0.17419
v 0.18174 0.00042 0.18141
v 0.18174 0.00042 0.18141
v 0.18904 0.00029 0.17212
v 0.16678 0.00046 0.19625
v 0.16678 0.00046 0.19625
v 0.17452 0.00046 0.18905
v 0.17452 0.00046 0.18905
v 0.17239 0.00029 0.18878
v 0.18014 0.00023 0.17987
v 0.13660 0.00005 0.17830
v 0.13660 0.00005 0.17830
v 0.15397 0.00016 0.18997
v 0.16639 0.00019 0.18893
v 0.16639 0.00019 0.18893
v 0.17956 0.00005 0.07556
v 0.16204 0.00001 0.07571
v 0.19240 0.00015 0.03866
v 0.19226 0.00015 0.07532
v 0.19190 0.00015 0.10798
v 0.17915 0.00005 0.10879
v 0.13899 0.00000 0.00000
v 0.13899 0.00000 0.00000
v 0.16215 0.00001 0.03871
v 0.17971 0.00005 0.03869
v 0.17973 0.00005 0.00000
v 0.17973 0.00005 0.00000
v 0.19242 0.00015 0.00000
v 0.19242 0.00015 0.00000
v 0.20087 0.00036 0.07508
v 0.20087 0.00036 0.07508
v 0.20061 0.00036 0.10715
v 0.20061 0.00036 0.10715
v 0.19118 0.00015 0.13463
v 0.19118 0.00015 0.13463
v 0.16109 0.00001 0.13775
v 0.16109 0.00001 0.13775
v 0.13874 0.00000 0.10956
v 0.13874 0.00000 0.10956
v 0.16172 0.00001 0.10929
v 0.13898 0.00000 0.03872
v 0.13898 0.00000 0.03872
v 0.13891 0.00000 0.07579
v 0.13891 0.00000 0.07579
v 0.20752 0.01928 0.15504
v 0.20378 0.02215 0.16052
v 0.20661 0.02215 0.15485
v 0.20413 0.02457 0.15435
v 0.20478 0.01611 0.16078
v 0.20466 0.01928 0.16074
v 0.20888 0.01928 0.14596
v 0.20795 0.02215 0.14579
v 0.20589 0.02457 0.12987
v 0.20047 0.02640 0.14448
v 0.20047 0.02640 0.14448
v 0.20541 0.02457 0.14535
v 0.20142 0.02457 0.15991
v 0.19680 0.02640 0.15872
v 0.19680 0.02640 0.15872
v 0.19962 0.01928 0.16619
v 0.20123 0.00078 0.16320
v 0.20372 0.00140 0.16150
v 0.20645 0.00139 0.15577
v 0.19652 0.00046 0.16651
v 0.19652 0.00046 0.16651
v 0.19808 0.00039 0.16075
v 0.19808 0.00039 0.16075
v 0.20361 0.00074 0.15745
v 0.20490 0.00073 0.14773
v 0.20779 0.00138 0.14650
v 0.20939 0.00249 0.13046
v 0.20886 0.00249 0.14605
v 0.20901 0.00420 0.14598
v 0.20901 0.00420 0.14598
v 0.20765 0.00420 0.15506
v 0.20750 0.00249 0.15515
v 0.20478 0.00420 0.16078
v 0.20478 0.00420 0.16078
v 0.20465 0.00249 0.16087
v 0.20478 0.00661 0.16078
v 0.20478 0.00955 0.16078
v 0.20765 0.00661 0.15506
v 0.20901 0.00955 0.14598
v 0.20765 0.00955 0.15506
v 0.19973 0.00420 0.16623
v 0.20954 0.00661 0.13043
v 0.20901 0.00661 0.14598
v 0.20901 0.01279 0.14598
v 0.20954 0.01279 0.13043
v 0.20954 0.01611 0.13043
v 0.20901 0.01611 0.14598
v 0.20765 0.01279 0.15506
v 0.20765 0.01611 0.15506
v 0.19973 0.01279 0.16623
v 0.20478 0.01279 0.16078
v 0.07492 0.00072 0.20610
v 0.03860 0.00138 0.20885
v 0.07484 0.00138 0.20878
v 0.07481 0.00249 0.20977
v 0.03863 0.00036 0.20097
v 0.03863 0.00036 0.20097
v 0.03861 0.00072 0.20617
v 0.13274 0.00036 0.20003
v 0.13274 0.00036 0.20003
v 0.13144 0.00072 0.20549
v 0.10664 0.00072 0.20589
v 0.10636 0.00138 0.20862
v 0.13078 0.00138 0.20829
v 0.10625 0.00249 0.20962
v 0.03860 0.00249 0.20983
v 0.00000 0.00249 0.20984
v 0.00000 0.00249 0.20984
v 0.10624 0.00955 0.20976
v 0.07481 0.00955 0.20992
v 0.03860 0.01279 0.20997
v 0.07481 0.01279 0.20992
v 0.03860 0.00420 0.20997
v 0.03860 0.00420 0.20997
v 0.07481 0.00420 0.20992
v 0.07481 0.00420 0.20992
v 0.07481 0.00661 0.20992
v 0.10624 0.00420 0.20976
v 0.10624 0.00420 0.20976
v 0.10624 0.00661 0.20976
v 0.13050 0.00955 0.20947
v 0.13050 0.01279 0.20947
v 0.10624 0.01279 0.20976
v 0.03860 0.00661 0.20997
v 0.03860 0.00955 0.20997
v 0.15528 0.00955 0.20744
v 0.16107 0.00955 0.20449
v 0.15528 0.01279 0.20744
v 0.13050 0.00420 0.20947
v 0.13050 0.00420 0.20947
v 0.14612 0.00420 0.20888
v 0.14612 0.00420 0.20888
v 0.15528 0.00420 0.20744
v 0.15528 0.00420 0.20744
v 0.15528 0.00661 0.20744
v 0.16107 0.00661 0.20449
v 0.16107 0.01279 0.20449
v 0.16107 0.01611 0.20449
v 0.14612 0.01279 0.20888
v 0.14612 0.01611 0.20888
v 0.14612 0.00955 0.20888
v 0.13050 0.00661 0.20947
v 0.14612 0.00661 0.20888
v 0.18319 0.00661 0.18278
v 0.19218 0.00955 0.17379
v 0.18319 0.00955 0.18278
v 0.16659 0.00661 0.19937
v 0.17419 0.00661 0.19178
v 0.19973 0.00661 0.16623
v 0.19218 0.00661 0.17379
v 0.19973 0.00955 0.16623
v 0.19218 0.01279 0.17379
v 0.19973 0.01611 0.16623
v 0.19218 0.01611 0.17379
v 0.18319 0.01279 0.18278
v 0.16659 0.01279 0.19937
v 0.17419 0.01279 0.19178
v 0.17419 0.01611 0.19178
v 0.17419 0.00955 0.19178
v 0.16659 0.00955 0.19937
v 0.14664 0.00138 0.20766
v 0.15598 0.00139 0.20624
v 0.16179 0.00140 0.20343
v 0.16116 0.00249 0.20436
v 0.15026 0.00036 0.19914
v 0.15026 0.00036 0.19914
v 0.14786 0.00073 0.20477
v 0.16095 0.00039 0.19788
v 0.16095 0.00039 0.19788
v 0.15766 0.00074 0.20340
v 0.16829 0.00080 0.19675
v 0.16348 0.00078 0.20095
v 0.16659 0.00420 0.19937
v 0.16659 0.00420 0.19937
v 0.16107 0.00420 0.20449
v 0.16107 0.00420 0.20449
v 0.15537 0.00249 0.20729
v 0.13053 0.00249 0.20932
v 0.14618 0.00249 0.20872
v 0.18300 0.00139 0.18260
v 0.18256 0.00076 0.18218
v 0.19053 0.00078 0.17436
v 0.17439 0.00140 0.19125
v 0.19164 0.00140 0.17400
v 0.16969 0.00054 0.19447
v 0.16969 0.00054 0.19447
v 0.19479 0.00054 0.16938
v 0.19479 0.00054 0.16938
v 0.19709 0.00080 0.16796
v 0.19890 0.00140 0.16678
v 0.19211 0.00249 0.17382
v 0.19963 0.00249 0.16630
v 0.18317 0.00249 0.18275
v 0.19218 0.00420 0.17379
v 0.19218 0.00420 0.17379
v 0.17421 0.00249 0.19171
v 0.18319 0.00420 0.18278
v 0.18319 0.00420 0.18278
v 0.17419 0.00420 0.19178
v 0.17419 0.00420 0.19178
v 0.16666 0.00249 0.19927
v 0.16713 0.00140 0.19855
v 0.17473 0.00078 0.19016
v 0.15525 0.01928 0.20731
v 0.15502 0.02215 0.20640
v 0.15441 0.02457 0.20393
v 0.14535 0.02457 0.20529
v 0.16077 0.02215 0.20350
v 0.16005 0.02457 0.20115
v 0.13050 0.01611 0.20947
v 0.13047 0.01928 0.20933
v 0.15528 0.01611 0.20744
v 0.16103 0.01928 0.20436
v 0.16621 0.02215 0.19847
v 0.16531 0.02457 0.19632
v 0.16355 0.02640 0.19214
v 0.16355 0.02640 0.19214
v 0.15865 0.02640 0.19657
v 0.15865 0.02640 0.19657
v 0.12982 0.02457 0.20584
v 0.14609 0.01928 0.20874
v 0.14589 0.02215 0.20781
v 0.13030 0.02215 0.20839
v 0.18254 0.02215 0.18216
v 0.18101 0.02457 0.18069
v 0.19138 0.02215 0.17332
v 0.18950 0.02457 0.17222
v 0.16659 0.01611 0.19937
v 0.18311 0.01928 0.18270
v 0.18319 0.01611 0.18278
v 0.19208 0.01928 0.17373
v 0.19882 0.02215 0.16590
v 0.19664 0.02457 0.16509
v 0.19241 0.02640 0.16353
v 0.19241 0.02640 0.16353
v 0.18584 0.02640 0.17007
v 0.18584 0.02640 0.17007
v 0.17369 0.02215 0.19100
v 0.17250 0.02457 0.18917
v 0.16655 0.01928 0.19926
v 0.17413 0.01928 0.19168
v 0.10971 0.00000 0.10971
v 0.10957 0.00000 0.13873
v 0.03872 0.00000 0.13898
v 0.07557 0.00005 0.17955
v 0.07533 0.00015 0.19226
v 0.03869 0.00005 0.17971
v 0.13469 0.00015 0.19112
v 0.10800 0.00015 0.19187
v 0.10881 0.00005 0.17913
v 0.10718 0.00036 0.20058
v 0.10718 0.00036 0.20058
v 0.07509 0.00036 0.20086
v 0.07509 0.00036 0.20086
v 0.03866 0.00015 0.19240
v 0.00000 0.00015 0.19242
v 0.00000 0.00015 0.19242
v 0.00000 0.00005 0.17973
v 0.00000 0.00005 0.17973
v 0.03871 0.00001 0.16215
v -0.00000 0.00001 0.16217
v 0.00000 0.00000 0.13899
v 0.07579 0.00000 0.13891
v 0.10931 0.00001 0.16170
v 0.07572 0.00001 0.16203
v 0.20992 0.00661 0.07480
v 0.20997 0.00955 0.03860
v 0.20992 0.00955 0.07480
v 0.20979 0.00955 0.10621
v 0.20979 0.01279 0.10621
v 0.20997 0.01279 0.03860
v 0.20954 0.00420 0.13043
v 0.20954 0.00420 0.13043
v 0.20979 0.00420 0.10621
v 0.20979 0.00420 0.10621
v 0.20979 0.00661 0.10621
v 0.20992 0.00420 0.07480
v 0.20992 0.00420 0.07480
v 0.20997 0.00661 0.03860
v 0.20998 0.00420 0.00000
v 0.20998 0.00420 0.00000
v 0.20998 0.00420 0.00000
v 0.20998 0.00420 0.00000
v 0.20998 0.00661 0.00000
v 0.20998 0.00661 0.00000
v 0.20998 0.00955 0.00000
v 0.20998 0.00955 0.00000
v 0.20998 0.01279 -0.00000
v 0.20998 0.01279 -0.00000
v 0.20997 0.01611 0.03860
v 0.20992 0.01279 0.07480
v 0.20992 0.01611 0.07480
v 0.20979 0.01611 0.10621
v 0.20954 0.00955 0.13043
v 0.20610 0.00072 0.07492
v 0.20865 0.00138 0.10633
v 0.20879 0.00138 0.07483
v 0.20978 0.00249 0.07480
v 0.20010 0.00036 0.13267
v 0.20010 0.00036 0.13267
v 0.20592 0.00072 0.10661
v 0.20556 0.00072 0.13137
v 0.20097 0.00036 0.03863
v 0.20097 0.00036 0.03863
v 0.20617 0.00072 0.03861
v 0.20618 0.00072 0.00000
v 0.20618 0.00072 0.00000
v 0.20885 0.00138 0.03860
v 0.20984 0.00249 0.00000
v 0.20983 0.00249 0.03860
v 0.20997 0.00420 0.03860
v 0.20997 0.00420 0.03860
v 0.20965 0.00249 0.10622
v 0.20836 0.00138 0.13071
v 0.20966 0.01928 0.10619
v 0.20979 0.01928 0.07479
v 0.20882 0.02215 0.07470
v 0.20983 0.01928 0.03859
v 0.20621 0.02457 0.07447
v 0.20940 0.01928 0.13041
v 0.20998 0.01611 -0.00000
v 0.20998 0.01611 -0.00000
v 0.20984 0.01928 -0.00000
v 0.20984 0.01928 -0.00000
v 0.20887 0.02215 -0.00000
v 0.20887 0.02215 -0.00000
v 0.20887 0.02215 0.03855
v 0.20624 0.02457 0.03843
v 0.20624 0.02457 -0.00000
v 0.20624 0.02457 -0.00000
v 0.20090 0.02640 0.12909
v 0.20090 0.02640 0.12909
v 0.20870 0.02215 0.10607
v 0.20611 0.02457 0.10575
v 0.20846 0.02215 0.13026
v 0.18292 0.02813 0.10303
v 0.19310 0.02754 0.07329
v 0.18314 0.02813 0.07219
v 0.17180 0.02835 0.10168
v 0.17099 0.02836 0.12656
v 0.18273 0.02813 0.12691
v 0.20107 0.02640 0.10512
v 0.20107 0.02640 0.10512
v 0.19308 0.02754 0.10414
v 0.20113 0.02640 0.07403
v 0.20113 0.02640 0.07403
v 0.19307 0.02754 0.03780
v 0.20112 0.02640 0.03820
v 0.20112 0.02640 0.03820
v 0.18317 0.02813 0.03712
v 0.19304 0.02754 -0.00000
v 0.18313 0.02813 -0.00000
v 0.17289 0.02834 -0.00000
v 0.17289 0.02834 -0.00000
v 0.17291 0.02834 0.03599
v 0.17265 0.02835 0.07045
v 0.10207 0.02814 0.18313
v 0.07298 0.02754 0.19315
v 0.09986 0.02838 0.17229
v 0.06931 0.02839 0.17260
v 0.07156 0.02814 0.18318
v 0.03681 0.02814 0.18314
v 0.12743 0.02754 0.19300
v 0.10492 0.02640 0.20108
v 0.10492 0.02640 0.20108
v 0.10370 0.02754 0.19314
v 0.09530 0.02848 0.16203
v 0.03544 0.02839 0.17267
v 0.03812 0.02640 0.20114
v 0.03812 0.02640 0.20114
v 0.03764 0.02754 0.19310
v 0.14940 0.02813 0.18234
v 0.14787 0.02835 0.17283
v 0.14089 0.02813 0.18290
v 0.16083 0.02754 0.18564
v 0.16083 0.02754 0.18564
v 0.15778 0.02813 0.17805
v 0.15414 0.02813 0.18091
v 0.15516 0.02834 0.17097
v 0.15368 0.02838 0.16613
v 0.15225 0.02834 0.17255
v 0.15149 0.02838 0.16539
v 0.15149 0.02838 0.16539
v 0.14753 0.02838 0.16440
v 0.14753 0.02838 0.16440
v 0.13994 0.02840 0.16300
v 0.13994 0.02840 0.16300
v 0.12316 0.02846 0.16007
v 0.12429 0.02837 0.17203
v 0.13960 0.02836 0.17248
v 0.14266 0.02754 0.19262
v 0.12577 0.02814 0.18304
v 0.12888 0.02640 0.20087
v 0.12888 0.02640 0.20087
v 0.15139 0.02754 0.19158
v 0.14429 0.02640 0.20038
v 0.14429 0.02640 0.20038
v 0.15650 0.02754 0.18942
v 0.15322 0.02640 0.19913
v 0.15322 0.02640 0.19913
v 0.16658 0.02754 0.18002
v 0.16237 0.02813 0.17350
v 0.16783 0.02813 0.16808
v 0.17343 0.02813 0.16280
v 0.16707 0.02834 0.15909
v 0.17018 0.02640 0.18559
v 0.17018 0.02640 0.18559
v 0.17802 0.02640 0.17783
v 0.17802 0.02640 0.17783
v 0.17335 0.02754 0.17336
v 0.18581 0.02754 0.16111
v 0.18013 0.02754 0.16672
v 0.16216 0.02838 0.15602
v 0.16216 0.02838 0.15602
v 0.16248 0.02834 0.16296
v 0.15841 0.02834 0.16735
v 0.15809 0.02838 0.15878
v 0.15809 0.02838 0.15878
v 0.15514 0.02838 0.16262
v 0.15514 0.02838 0.16262
v 0.14897 0.02839 0.15809
v 0.15214 0.02839 0.15367
v 0.14790 0.02842 0.15092
v 0.13395 0.02847 0.15275
v 0.13395 0.02847 0.15275
v 0.14320 0.02841 0.15607
v 0.15242 0.02838 0.15990
v 0.15504 0.02838 0.15595
v 0.15695 0.02838 0.15071
v 0.15928 0.02838 0.15354
v 0.15365 0.02841 0.14643
v 0.16371 0.02838 0.14923
v 0.04605 0.02922 0.13486
v 0.03124 0.02922 0.13785
v 0.01578 0.02922 0.13963
v 0.07223 0.02896 0.13568
v 0.05648 0.02896 0.13921
v 0.05648 0.02896 0.13921
v 0.05991 0.02922 0.13067
v 0.04174 0.03013 0.13293
v 0.04174 0.03013 0.13293
v 0.04337 0.02955 0.13370
v 0.02930 0.02955 0.13683
v 0.01477 0.02955 0.13871
v 0.01416 0.03013 0.13807
v 0.01416 0.03013 0.13807
v 0.00000 0.02922 0.14023
v 0.00000 0.02906 0.14156
v 0.00000 0.02906 0.14156
v 0.03427 0.02906 0.13939
v 0.01736 0.02906 0.14103
v 0.05027 0.02906 0.13663
v 0.03875 0.02896 0.14164
v 0.03875 0.02896 0.14164
v 0.12146 0.02906 0.08310
v 0.12693 0.02906 0.07073
v 0.12488 0.02922 0.06843
v 0.11878 0.02922 0.08050
v 0.11704 0.02955 0.07883
v 0.12354 0.02955 0.06695
v 0.11499 0.02906 0.09449
v 0.10749 0.02906 0.10471
v 0.10749 0.02906 0.10471
v 0.12993 0.02922 0.05563
v 0.12267 0.03013 0.06603
v 0.12267 0.03013 0.06603
v 0.11594 0.03013 0.07778
v 0.11594 0.03013 0.07778
v 0.11164 0.02922 0.09169
v 0.10947 0.02955 0.08988
v 0.09426 0.02922 0.11084
v 0.08398 0.02922 0.11865
v 0.10346 0.02922 0.10184
v 0.09129 0.02955 0.10904
v 0.10088 0.02955 0.09999
v 0.10088 0.02955 0.09999
v 0.09928 0.03013 0.09883
v 0.09928 0.03013 0.09883
v 0.09928 0.03013 0.09883
v 0.08946 0.03013 0.10790
v 0.08946 0.03013 0.10790
v 0.07874 0.03013 0.11590
v 0.07874 0.03013 0.11590
v 0.08073 0.02955 0.11697
v 0.06920 0.02955 0.12375
v 0.05481 0.03013 0.12847
v 0.05481 0.03013 0.12847
v 0.05673 0.02955 0.12934
v 0.07255 0.02922 0.12526
v 0.06489 0.02906 0.13271
v 0.07780 0.02906 0.12759
v 0.09891 0.02906 0.11363
v 0.08907 0.02906 0.12124
v 0.09658 0.02896 0.12504
v 0.09658 0.02896 0.12504
v 0.13500 0.02906 0.04372
v 0.13680 0.02922 0.02840
v 0.13318 0.02955 0.04128
v 0.13391 0.02922 0.04224
v 0.14005 0.02896 0.01554
v 0.14005 0.02896 0.01554
v 0.13970 0.02906 -0.00000
v 0.13970 0.02906 -0.00000
v 0.13917 0.02906 0.01479
v 0.13914 0.02922 -0.00000
v 0.13914 0.02922 -0.00000
v 0.13855 0.02922 0.01427
v 0.13842 0.03013 -0.00000
v 0.13842 0.03013 -0.00000
v 0.13842 0.03013 -0.00000
v 0.13777 0.03013 0.01374
v 0.13777 0.03013 0.01374
v 0.13811 0.02955 0.01395
v 0.13625 0.02955 0.02775
v 0.13585 0.03013 0.02735
v 0.13585 0.03013 0.02735
v 0.12827 0.03013 0.05363
v 0.12827 0.03013 0.05363
v 0.12894 0.02955 0.05439
v 0.12894 0.02955 0.05439
v 0.13144 0.02906 0.05755
v 0.13144 0.02906 0.05755
v 0.13759 0.02906 0.02941
v 0.13873 0.02896 0.03090
v 0.13873 0.02896 0.03090
v 0.14887 0.02843 0.04797
v 0.15660 0.02839 0.06143
v 0.15492 0.02841 0.08800
v 0.15202 0.02840 0.05457
v 0.15078 0.02843 0.07673
v 0.16381 0.02837 -0.00000
v 0.16381 0.02837 -0.00000
v 0.15704 0.02838 -0.00000
v 0.15232 0.02839 -0.00000
v 0.15232 0.02839 -0.00000
v 0.15704 0.02838 0.03146
v 0.14909 0.02842 0.02502
v 0.15234 0.02839 0.02827
v 0.14908 0.02842 -0.00000
v 0.14908 0.02842 -0.00000
v 0.14804 0.02846 0.06673
v 0.14512 0.02854 0.06986
v 0.14790 0.02849 0.09166
v 0.15619 0.02844 0.12724
v 0.16336 0.02838 0.06710
v 0.16336 0.02838 0.06710
v 0.16164 0.02840 0.09777
v 0.16381 0.02838 0.03415
v 0.16381 0.02838 0.03415
v 0.14216 0.02872 0.03543
v 0.14279 0.02871 0.01798
v 0.14424 0.02859 0.03842
v 0.14471 0.02859 -0.00000
v 0.14471 0.02859 -0.00000
v 0.14300 0.02871 -0.00000
v 0.14160 0.02884 -0.00000
v 0.14160 0.02884 -0.00000
v 0.14050 0.02896 -0.00000
v 0.14050 0.02896 -0.00000
v 0.14050 0.02896 -0.00000
v 0.14050 0.02896 -0.00000
v 0.14126 0.02884 0.01659
v 0.14028 0.02884 0.03293
v 0.13870 0.02884 0.04881
v 0.13658 0.02896 0.04590
v 0.13658 0.02896 0.04590
v 0.14361 0.02861 0.05500
v 0.14115 0.02872 0.05195
v 0.13989 0.02872 0.06752
v 0.13989 0.02872 0.06752
v 0.14589 0.02852 0.05922
v 0.14668 0.02849 0.02210
v 0.14460 0.02859 0.01977
v 0.14646 0.02850 0.04244
v 0.13755 0.02858 0.13518
v 0.13069 0.02858 0.14198
v 0.11860 0.02871 0.13607
v 0.10853 0.02871 0.14124
v 0.13127 0.02871 0.12048
v 0.13127 0.02871 0.12048
v 0.12151 0.02884 0.11453
v 0.12151 0.02884 0.11453
v 0.11504 0.02884 0.12321
v 0.12603 0.02871 0.12933
v 0.10575 0.02896 0.11771
v 0.10575 0.02896 0.11771
v 0.10675 0.02884 0.13017
v 0.08553 0.02896 0.13099
v 0.08553 0.02896 0.13099
v 0.09605 0.02884 0.13564
v 0.10789 0.02858 0.15147
v 0.12175 0.02858 0.14731
v 0.14761 0.02847 0.14067
v 0.14761 0.02847 0.14067
v 0.14099 0.02848 0.14712
v 0.14322 0.02858 0.11176
v 0.14280 0.02860 0.08328
v 0.13684 0.02871 0.09612
v 0.13071 0.02884 0.09186
v 0.12663 0.02884 0.10400
v 0.15073 0.02847 0.10664
v 0.14295 0.02859 0.09724
v 0.14614 0.02852 0.07899
v 0.14299 0.02861 0.06958
v 0.14299 0.02861 0.06958
v 0.13850 0.02872 0.08221
v 0.13659 0.02884 0.06405
v 0.13364 0.02896 0.06037
v 0.13364 0.02896 0.06037
v 0.12994 0.02896 0.07411
v 0.12994 0.02896 0.07411
v 0.13397 0.02884 0.07847
v 0.12539 0.02896 0.08693
v 0.12539 0.02896 0.08693
v 0.11992 0.02896 0.09861
v 0.11342 0.02896 0.10892
v 0.11342 0.02896 0.10892
v 0.11342 0.02896 0.10892
v 0.14220 0.02857 0.12537
v 0.14220 0.02857 0.12537
v 0.13465 0.02871 0.10916
v 0.05925 0.02859 0.15506
v 0.07513 0.02871 0.14762
v 0.06495 0.02884 0.14281
v 0.04482 0.02884 0.14481
v 0.05194 0.02871 0.14918
v 0.03015 0.02859 0.15557
v 0.02287 0.02884 0.14592
v 0.08604 0.02858 0.15387
v 0.09440 0.02871 0.14505
v 0.08227 0.02884 0.13980
v 0.01970 0.02896 0.14306
v 0.01970 0.02896 0.14306
v 0.00000 0.02896 0.14351
v 0.00000 0.02896 0.14351
v 0.02650 0.02871 0.14997
v -0.00000 0.02849 0.16314
v -0.00000 0.02849 0.16314
v 0.06539 0.02848 0.16284
v 0.03326 0.02849 0.16311
v 0.01963 0.51835 0.00193
v 0.01893 0.51867 0.00186
v 0.01866 0.51867 0.00371
v 0.01934 0.51835 0.00385
v 0.01814 0.51883 0.00179
v 0.01788 0.51883 0.00356
v 0.01820 0.51867 0.00552
v 0.01887 0.51835 0.00573
v 0.01745 0.51883 0.00529
v 0.02029 0.51792 -0.00000
v 0.02029 0.51792 -0.00000
v 0.01902 0.51867 -0.00000
v 0.01684 0.51883 0.00698
v 0.01757 0.51867 0.00728
v 0.01822 0.51835 0.00755
v 0.01942 0.51792 0.00589
v 0.01990 0.51792 0.00396
v 0.01739 0.51835 0.00930
v 0.01678 0.51867 0.00897
v 0.01582 0.51867 0.01057
v 0.01640 0.51835 0.01096
v 0.01608 0.51883 0.00859
v 0.01516 0.51883 0.01013
v 0.01470 0.51867 0.01207
v 0.01525 0.51835 0.01251
v 0.01409 0.51883 0.01157
v 0.01289 0.51883 0.01289
v 0.01345 0.51867 0.01345
v 0.01395 0.51835 0.01395
v 0.01687 0.51792 0.01127
v 0.01251 0.51835 0.01525
v 0.01207 0.51867 0.01470
v 0.01057 0.51867 0.01581
v 0.01096 0.51835 0.01640
v 0.01157 0.51883 0.01409
v 0.01013 0.51883 0.01516
v 0.00897 0.51867 0.01678
v 0.00930 0.51835 0.01739
v 0.00859 0.51883 0.01608
v 0.00698 0.51883 0.01684
v 0.00728 0.51867 0.01757
v 0.00755 0.51835 0.01822
v 0.00957 0.51792 0.01790
v 0.00957 0.51792 0.01790
v 0.01127 0.51792 0.01687
v 0.01127 0.51792 0.01687
v 0.00573 0.51835 0.01887
v 0.00552 0.51867 0.01820
v 0.00371 0.51867 0.01865
v 0.00385 0.51835 0.01934
v 0.00529 0.51883 0.01745
v 0.00356 0.51883 0.01788
v 0.00186 0.51867 0.01893
v 0.00193 0.51835 0.01963
v 0.00179 0.51883 0.01814
v 0.00589 0.51792 0.01942
v 0.00589 0.51792 0.01942
v 0.02801 0.48271 0.00850
v 0.02871 0.48271 0.00571
v 0.02293 0.50693 0.00456
v 0.02237 0.50693 0.00679
v 0.02913 0.48271 0.00287
v 0.02327 0.50693 0.00229
v 0.02060 0.51618 0.00410
v 0.02009 0.51618 0.00610
v 0.02090 0.51618 0.00206
v 0.03879 0.43604 0.01177
v 0.03975 0.43604 0.00791
v 0.04034 0.43604 0.00397
v 0.04053 0.43604 -0.00000
v 0.02927 0.48271 -0.00000
v 0.02338 0.50693 -0.00000
v 0.02100 0.51618 -0.00000
v 0.02019 0.51792 0.00199
v 0.02019 0.51792 0.00199
v 0.09615 0.18737 0.02917
v 0.09854 0.18737 0.01960
v 0.07775 0.27534 0.01547
v 0.07586 0.27534 0.02301
v 0.09999 0.18737 0.00985
v 0.07889 0.27534 0.00777
v 0.05698 0.36319 0.01133
v 0.05560 0.36319 0.01686
v 0.05782 0.36319 0.00569
v 0.09283 0.18737 0.03845
v 0.10048 0.18737 -0.00000
v 0.05368 0.36319 0.02223
v 0.07324 0.27534 0.03034
v 0.07767 0.18737 0.06374
v 0.08354 0.18737 0.05582
v 0.06591 0.27534 0.04404
v 0.06128 0.27534 0.05029
v 0.08861 0.18737 0.04736
v 0.06992 0.27534 0.03737
v 0.04830 0.36319 0.03228
v 0.04491 0.36319 0.03686
v 0.05124 0.36319 0.02739
v 0.07105 0.18737 0.07105
v 0.04108 0.36319 0.04108
v 0.05606 0.27534 0.05606
v 0.04736 0.18737 0.08861
v 0.05582 0.18737 0.08354
v 0.04404 0.27534 0.06591
v 0.03737 0.27534 0.06992
v 0.06374 0.18737 0.07767
v 0.05029 0.27534 0.06128
v 0.03228 0.36319 0.04830
v 0.02739 0.36319 0.05124
v 0.03686 0.36319 0.04491
v 0.03845 0.18737 0.09283
v 0.02223 0.36319 0.05368
v 0.03034 0.27534 0.07324
v 0.00985 0.18737 0.09999
v 0.01960 0.18737 0.09854
v 0.01547 0.27534 0.07775
v 0.00777 0.27534 0.07889
v 0.02917 0.18737 0.09615
v 0.02301 0.27534 0.07586
v 0.01133 0.36319 0.05698
v 0.00569 0.36319 0.05782
v 0.01687 0.36319 0.05560
v -0.00287 0.48271 -0.02913
v -0.00571 0.48271 -0.02871
v -0.00456 0.50693 -0.02293
v -0.00229 0.50693 -0.02327
v -0.00850 0.48271 -0.02801
v -0.00679 0.50693 -0.02237
v -0.00410 0.51618 -0.02060
v -0.00206 0.51618 -0.02090
v -0.00610 0.51618 -0.02010
v -0.00397 0.43604 -0.04034
v -0.00791 0.43604 -0.03975
v -0.01177 0.43604 -0.03879
v -0.01551 0.43604 -0.03745
v -0.01120 0.48271 -0.02705
v -0.00895 0.50693 -0.02160
v -0.00804 0.51618 -0.01940
v -0.00589 0.51792 -0.01942
v -0.00589 0.51792 -0.01942
v -0.00396 0.51792 -0.01990
v -0.00199 0.51792 -0.02019
v -0.00199 0.51792 -0.02019
v 0.00000 0.51618 -0.02100
v 0.00000 0.51618 -0.02100
v -0.01380 0.48271 -0.02582
v -0.01626 0.48271 -0.02434
v -0.01299 0.50693 -0.01944
v -0.01102 0.50693 -0.02062
v -0.01857 0.48271 -0.02263
v -0.01483 0.50693 -0.01807
v -0.01167 0.51618 -0.01746
v -0.00990 0.51618 -0.01852
v -0.01332 0.51618 -0.01623
v -0.01911 0.43604 -0.03575
v -0.02252 0.43604 -0.03370
v -0.02571 0.43604 -0.03133
v -0.02866 0.43604 -0.02866
v -0.02070 0.48271 -0.02070
v -0.01653 0.50693 -0.01653
v -0.01485 0.51618 -0.01485
v -0.01435 0.51792 -0.01435
v -0.01287 0.51792 -0.01569
v -0.00957 0.51792 -0.01790
v -0.00957 0.51792 -0.01790
v -0.02263 0.48271 -0.01857
v -0.02434 0.48271 -0.01626
v -0.01944 0.50693 -0.01299
v -0.01807 0.50693 -0.01483
v -0.02582 0.48271 -0.01380
v -0.02062 0.50693 -0.01102
v -0.01746 0.51618 -0.01167
v -0.01623 0.51618 -0.01332
v -0.01852 0.51618 -0.00990
v -0.03133 0.43604 -0.02571
v -0.03370 0.43604 -0.02252
v -0.03575 0.43604 -0.01911
v -0.03745 0.43604 -0.01551
v -0.02705 0.48271 -0.01120
v -0.02160 0.50693 -0.00895
v -0.01940 0.51618 -0.00804
v -0.01875 0.51792 -0.00777
v -0.01790 0.51792 -0.00957
v -0.01790 0.51792 -0.00957
v -0.01687 0.51792 -0.01127
v -0.01569 0.51792 -0.01287
v -0.01569 0.51792 -0.01287
v -0.01376 0.03228 -0.13729
v -0.02736 0.03228 -0.13533
v -0.02656 0.04212 -0.13287
v -0.01335 0.04212 -0.13481
v -0.04066 0.03228 -0.13208
v -0.03951 0.04212 -0.12965
v -0.02527 0.06697 -0.12697
v -0.01270 0.06697 -0.12883
v -0.03760 0.06697 -0.12388
v 0.00000 0.03228 -0.13795
v 0.00000 0.03228 -0.13795
v -0.05352 0.03228 -0.12758
v -0.05206 0.04212 -0.12519
v -0.04957 0.06697 -0.11961
v -0.04520 0.11418 -0.10911
v -0.03428 0.11418 -0.11301
v -0.02304 0.11418 -0.11583
v -0.01157 0.11418 -0.11753
v 0.00000 0.11418 -0.11810
v -0.06577 0.03228 -0.12184
v -0.07734 0.03228 -0.11493
v -0.07547 0.04212 -0.11270
v -0.06408 0.04212 -0.11952
v -0.08813 0.03228 -0.10691
v -0.08612 0.04212 -0.10480
v -0.07195 0.06697 -0.10764
v -0.06105 0.06697 -0.11418
v -0.08215 0.06697 -0.10008
v -0.06717 0.03013 -0.12278
v -0.06717 0.03013 -0.12278
v -0.09804 0.03228 -0.09786
v -0.09594 0.04212 -0.09588
v -0.09156 0.06697 -0.09155
v -0.08351 0.11418 -0.08351
v -0.07492 0.11418 -0.09129
v -0.06561 0.11418 -0.09819
v -0.05567 0.11418 -0.10415
v -0.10701 0.03228 -0.08783
v -0.11495 0.03228 -0.07694
v -0.11271 0.04212 -0.07535
v -0.10482 0.04212 -0.08603
v -0.12180 0.03228 -0.06530
v -0.11951 0.04212 -0.06394
v -0.10764 0.06697 -0.07193
v -0.10008 0.06697 -0.08214
v -0.11418 0.06697 -0.06103
v -0.11594 0.03013 -0.07778
v -0.11594 0.03013 -0.07778
v -0.12827 0.03013 -0.05363
v -0.12827 0.03013 -0.05363
v -0.12749 0.03228 -0.05302
v -0.12517 0.04212 -0.05191
v -0.11961 0.06697 -0.04955
v -0.10911 0.11418 -0.04520
v -0.10415 0.11418 -0.05567
v -0.09819 0.11418 -0.06561
v -0.09129 0.11418 -0.07492
v -0.13197 0.03228 -0.04022
v -0.13520 0.03228 -0.02703
v -0.13283 0.04212 -0.02646
v -0.12962 0.04212 -0.03938
v -0.13716 0.03228 -0.01358
v -0.13478 0.04212 -0.01329
v -0.12696 0.06697 -0.02526
v -0.12388 0.06697 -0.03759
v -0.12883 0.06697 -0.01269
v -0.13782 0.03228 -0.00000
v -0.13782 0.03228 -0.00000
v -0.13543 0.04212 -0.00000
v -0.13543 0.04212 -0.00000
v -0.12946 0.06697 -0.00000
v -0.12946 0.06697 -0.00000
v -0.11810 0.11418 -0.00000
v -0.11810 0.11418 -0.00000
v -0.11753 0.11418 -0.01157
v -0.11583 0.11418 -0.02304
v -0.11301 0.11418 -0.03428
v -0.00223 0.48008 -0.02268
v -0.00166 0.50454 -0.01688
v -0.00331 0.50454 -0.01664
v -0.00445 0.48008 -0.02235
v -0.00146 0.51413 -0.01479
v -0.00290 0.51413 -0.01458
v -0.00493 0.50454 -0.01624
v -0.00661 0.48008 -0.02181
v -0.00431 0.51413 -0.01422
v -0.00000 0.43332 -0.03405
v -0.00334 0.43332 -0.03389
v -0.00000 0.50454 -0.01697
v 0.00000 0.51626 -0.01475
v 0.00000 0.51626 -0.01475
v -0.00288 0.51626 -0.01446
v -0.00288 0.51626 -0.01446
v -0.00428 0.51626 -0.01411
v -0.00428 0.51626 -0.01411
v -0.00569 0.51413 -0.01373
v -0.00649 0.50454 -0.01568
v -0.00872 0.48008 -0.02105
v -0.00988 0.43332 -0.03258
v -0.01303 0.43332 -0.03146
v -0.00664 0.43332 -0.03339
v -0.01074 0.48008 -0.02010
v -0.00800 0.50454 -0.01496
v -0.00943 0.50454 -0.01411
v -0.01266 0.48008 -0.01895
v -0.00701 0.51413 -0.01311
v -0.00826 0.51413 -0.01236
v -0.01076 0.50454 -0.01312
v -0.01446 0.48008 -0.01761
v -0.00943 0.51413 -0.01149
v -0.01605 0.43332 -0.03003
v -0.00819 0.51626 -0.01226
v -0.00819 0.51626 -0.01226
v -0.00936 0.51626 -0.01140
v -0.00936 0.51626 -0.01140
v -0.01043 0.51626 -0.01043
v -0.01043 0.51626 -0.01043
v -0.01051 0.51413 -0.01051
v -0.01200 0.50454 -0.01200
v -0.01611 0.48008 -0.01611
v -0.02160 0.43332 -0.02632
v -0.02408 0.43332 -0.02408
v -0.01892 0.43332 -0.02831
v -0.01761 0.48008 -0.01446
v -0.01311 0.50454 -0.01076
v -0.01411 0.50454 -0.00943
v -0.01895 0.48008 -0.01266
v -0.01149 0.51413 -0.00943
v -0.01236 0.51413 -0.00826
v -0.01496 0.50454 -0.00800
v -0.02010 0.48008 -0.01074
v -0.01311 0.51413 -0.00701
v -0.02632 0.43332 -0.02160
v -0.01373 0.51413 -0.00569
v -0.01568 0.50454 -0.00649
v -0.02105 0.48008 -0.00872
v -0.03003 0.43332 -0.01605
v -0.03146 0.43332 -0.01303
v -0.02831 0.43332 -0.01892
v -0.02181 0.48008 -0.00662
v -0.01624 0.50454 -0.00493
v -0.01664 0.50454 -0.00331
v -0.02235 0.48008 -0.00445
v -0.01422 0.51413 -0.00431
v -0.01458 0.51413 -0.00290
v -0.01688 0.50454 -0.00166
v -0.02268 0.48008 -0.00223
v -0.01479 0.51413 -0.00146
v -0.03258 0.43332 -0.00988
v -0.01411 0.51626 -0.00428
v -0.01411 0.51626 -0.00428
v -0.01697 0.50454 -0.00000
v -0.01697 0.50454 -0.00000
v -0.02279 0.48008 -0.00000
v -0.02279 0.48008 -0.00000
v -0.03389 0.43332 -0.00334
v -0.03405 0.43332 -0.00000
v -0.03405 0.43332 -0.00000
v -0.03339 0.43332 -0.00664
v -0.08982 0.18531 -0.02725
v -0.06959 0.27294 -0.02111
v -0.07133 0.27294 -0.01419
v -0.09206 0.18531 -0.01831
v -0.04937 0.36056 -0.01498
v -0.05060 0.36056 -0.01007
v -0.07237 0.27294 -0.00713
v -0.09341 0.18531 -0.00920
v -0.05134 0.36056 -0.00506
v -0.10296 0.11252 -0.04265
v -0.08672 0.18531 -0.03592
v -0.10664 0.11252 -0.03235
v -0.06719 0.27294 -0.02783
v -0.04767 0.36056 -0.01974
v -0.09387 0.18531 -0.00000
v -0.09387 0.18531 -0.00000
v -0.11090 0.11252 -0.01092
v -0.10929 0.11252 -0.02174
v -0.07256 0.18531 -0.05955
v -0.05622 0.27294 -0.04614
v -0.06047 0.27294 -0.04040
v -0.07804 0.18531 -0.05215
v -0.03988 0.36056 -0.03273
v -0.04290 0.36056 -0.02866
v -0.06414 0.27294 -0.03428
v -0.08278 0.18531 -0.04425
v -0.04550 0.36056 -0.02432
v -0.07880 0.11252 -0.07880
v -0.06637 0.18531 -0.06637
v -0.08614 0.11252 -0.07069
v -0.05143 0.27294 -0.05143
v -0.03648 0.36056 -0.03648
v -0.09828 0.11252 -0.05253
v -0.09265 0.11252 -0.06191
v -0.04425 0.18531 -0.08278
v -0.03428 0.27294 -0.06414
v -0.04040 0.27294 -0.06047
v -0.05215 0.18531 -0.07804
v -0.02432 0.36056 -0.04550
v -0.02866 0.36056 -0.04290
v -0.04614 0.27294 -0.05622
v -0.05955 0.18531 -0.07256
v -0.03273 0.36056 -0.03988
v -0.04265 0.11252 -0.10296
v -0.03592 0.18531 -0.08672
v -0.05253 0.11252 -0.09828
v -0.02783 0.27294 -0.06719
v -0.01974 0.36056 -0.04767
v -0.07069 0.11252 -0.08614
v -0.06191 0.11252 -0.09265
v -0.00920 0.18531 -0.09341
v -0.00713 0.27294 -0.07237
v -0.01419 0.27294 -0.07133
v -0.01831 0.18531 -0.09206
v -0.00506 0.36056 -0.05134
v -0.01007 0.36056 -0.05060
v -0.02111 0.27294 -0.06959
v -0.02725 0.18531 -0.08982
v -0.01498 0.36056 -0.04937
v -0.00000 0.11252 -0.11144
v -0.01092 0.11252 -0.11090
v -0.00000 0.36056 -0.05160
v -0.00000 0.36056 -0.05160
v -0.03235 0.11252 -0.10664
v -0.02174 0.11252 -0.10929
v -0.01333 0.00617 -0.13536
v -0.01261 0.04116 -0.12809
v -0.02511 0.04116 -0.12623
v -0.02653 0.00617 -0.13340
v -0.01203 0.06571 -0.12216
v -0.02395 0.06571 -0.12039
v -0.03736 0.04116 -0.12316
v -0.03948 0.00617 -0.13016
v -0.03563 0.06571 -0.11747
v -0.00000 0.04116 -0.12871
v -0.00000 0.04116 -0.12871
v 0.00000 0.06571 -0.12276
v -0.04698 0.06571 -0.11341
v -0.04926 0.04116 -0.11891
v -0.05205 0.00617 -0.12567
v -0.06412 0.00617 -0.11995
v -0.06067 0.04116 -0.11351
v -0.07150 0.04116 -0.10701
v -0.07556 0.00617 -0.11309
v -0.05786 0.06571 -0.10826
v -0.06819 0.06571 -0.10206
v -0.08165 0.04116 -0.09949
v -0.08629 0.00617 -0.10514
v -0.07787 0.06571 -0.09489
v -0.08680 0.06571 -0.08680
v -0.09101 0.04116 -0.09101
v -0.09618 0.00617 -0.09618
v -0.10514 0.00617 -0.08629
v -0.09949 0.04116 -0.08165
v -0.10701 0.04116 -0.07150
v -0.11309 0.00617 -0.07556
v -0.09489 0.06571 -0.07787
v -0.10206 0.06571 -0.06819
v -0.11351 0.04116 -0.06067
v -0.11995 0.00617 -0.06412
v -0.10826 0.06571 -0.05786
v -0.11341 0.06571 -0.04698
v -0.11891 0.04116 -0.04926
v -0.12567 0.00617 -0.05205
v -0.13016 0.00617 -0.03948
v -0.12316 0.04116 -0.03736
v -0.12623 0.04116 -0.02511
v -0.13340 0.00617 -0.02653
v -0.11747 0.06571 -0.03563
v -0.12039 0.06571 -0.02395
v -0.12809 0.04116 -0.01261
v -0.13536 0.00617 -0.01333
v -0.12216 0.06571 -0.01203
v -0.12276 0.06571 -0.00000
v -0.12276 0.06571 -0.00000
v -0.12871 0.04116 -0.00000
v -0.12871 0.04116 -0.00000
v -0.00481 0.51841 -0.01586
v -0.00459 0.51784 -0.01513
v -0.00308 0.51784 -0.01550
v -0.00323 0.51841 -0.01625
v -0.00441 0.51710 -0.01452
v -0.00296 0.51710 -0.01489
v -0.00155 0.51784 -0.01573
v -0.00162 0.51841 -0.01649
v -0.00149 0.51710 -0.01510
v -0.00666 0.51875 -0.01608
v -0.00634 0.51841 -0.01531
v -0.00505 0.51875 -0.01665
v -0.00605 0.51784 -0.01460
v -0.00581 0.51710 -0.01402
v -0.00564 0.51626 -0.01363
v -0.00564 0.51626 -0.01363
v -0.00145 0.51626 -0.01468
v -0.00145 0.51626 -0.01468
v -0.00000 0.51710 -0.01518
v -0.00000 0.51710 -0.01518
v -0.00000 0.51784 -0.01581
v -0.00000 0.51784 -0.01581
v -0.00000 0.51841 -0.01657
v -0.00171 0.51875 -0.01732
v 0.00000 0.51875 -0.01740
v -0.00339 0.51875 -0.01706
v -0.01051 0.51841 -0.01281
v -0.01003 0.51784 -0.01222
v -0.00878 0.51784 -0.01314
v -0.00921 0.51841 -0.01378
v -0.00963 0.51710 -0.01173
v -0.00843 0.51710 -0.01262
v -0.00745 0.51784 -0.01394
v -0.00781 0.51841 -0.01461
v -0.00715 0.51710 -0.01339
v -0.01230 0.51875 -0.01230
v -0.01172 0.51841 -0.01172
v -0.01104 0.51875 -0.01345
v -0.01118 0.51784 -0.01118
v -0.01073 0.51710 -0.01073
v -0.00695 0.51626 -0.01301
v -0.00695 0.51626 -0.01301
v -0.00820 0.51875 -0.01534
v -0.00967 0.51875 -0.01447
v -0.01461 0.51841 -0.00781
v -0.01394 0.51784 -0.00745
v -0.01314 0.51784 -0.00878
v -0.01378 0.51841 -0.00921
v -0.01338 0.51710 -0.00715
v -0.01262 0.51710 -0.00843
v -0.01222 0.51784 -0.01003
v -0.01281 0.51841 -0.01051
v -0.01173 0.51710 -0.00963
v -0.01607 0.51875 -0.00666
v -0.01531 0.51841 -0.00634
v -0.01534 0.51875 -0.00820
v -0.01460 0.51784 -0.00605
v -0.01402 0.51710 -0.00581
v -0.01363 0.51626 -0.00564
v -0.01363 0.51626 -0.00564
v -0.01301 0.51626 -0.00695
v -0.01301 0.51626 -0.00695
v -0.01226 0.51626 -0.00819
v -0.01226 0.51626 -0.00819
v -0.01140 0.51626 -0.00936
v -0.01140 0.51626 -0.00936
v -0.01345 0.51875 -0.01104
v -0.01447 0.51875 -0.00967
v -0.01649 0.51841 -0.00162
v -0.01573 0.51784 -0.00155
v -0.01550 0.51784 -0.00308
v -0.01625 0.51841 -0.00323
v -0.01510 0.51710 -0.00149
v -0.01488 0.51710 -0.00296
v -0.01513 0.51784 -0.00459
v -0.01586 0.51841 -0.00481
v -0.01452 0.51710 -0.00441
v -0.01740 0.51875 -0.00000
v -0.01740 0.51875 -0.00000
v -0.01731 0.51875 -0.00171
v -0.01581 0.51784 -0.00000
v -0.01581 0.51784 -0.00000
v -0.01518 0.51710 -0.00000
v -0.01518 0.51710 -0.00000
v -0.01468 0.51626 -0.00145
v -0.01468 0.51626 -0.00145
v -0.01446 0.51626 -0.00288
v -0.01446 0.51626 -0.00288
v -0.01665 0.51875 -0.00505
v -0.01706 0.51875 -0.00339
v -0.10622 0.01928 -0.20963
v -0.10607 0.02215 -0.20868
v -0.07469 0.02215 -0.20882
v -0.03854 0.02215 -0.20887
v -0.03860 0.01611 -0.20997
v -0.03859 0.01928 -0.20983
v -0.07479 0.01928 -0.20978
v -0.10568 0.02457 -0.20610
v -0.07442 0.02457 -0.20622
v 0.00000 0.02215 -0.20887
v -0.03840 0.02457 -0.20625
v 0.00000 0.02457 -0.20624
v 0.00000 0.01928 -0.20984
v -0.18232 0.02813 -0.15030
v -0.19265 0.02754 -0.14318
v -0.16584 0.02837 -0.15467
v -0.17084 0.02834 -0.15602
v -0.17084 0.02834 -0.15602
v -0.17809 0.02813 -0.15838
v -0.17809 0.02813 -0.15838
v -0.18097 0.02813 -0.15489
v -0.19241 0.02640 -0.16353
v -0.19241 0.02640 -0.16353
v -0.18959 0.02754 -0.15689
v -0.19930 0.02640 -0.15336
v -0.19930 0.02640 -0.15336
v -0.19169 0.02754 -0.15187
v -0.20047 0.02640 -0.14448
v -0.20047 0.02640 -0.14448
v -0.20090 0.02640 -0.12909
v -0.20090 0.02640 -0.12909
v -0.17173 0.02835 -0.14152
v -0.18269 0.02813 -0.14197
v -0.17099 0.02836 -0.12656
v -0.17252 0.02835 -0.14924
v -0.17244 0.02834 -0.15329
v -0.16371 0.02838 -0.14923
v -0.16371 0.02838 -0.14923
v -0.17708 0.00005 -0.15776
v -0.17708 0.00005 -0.15776
v -0.15786 0.00005 -0.17698
v -0.15786 0.00005 -0.17698
v -0.19009 0.00016 -0.15385
v -0.18904 0.00029 -0.17212
v -0.18014 0.00023 -0.17987
v -0.17532 0.00010 -0.17515
v -0.15397 0.00016 -0.18997
v -0.16001 0.00001 -0.15994
v -0.17835 0.00005 -0.13655
v -0.17835 0.00005 -0.13655
v -0.17835 0.00005 -0.13655
v -0.13778 0.00001 -0.16106
v -0.13778 0.00001 -0.16106
v -0.18912 0.00019 -0.16620
v -0.18912 0.00019 -0.16620
v -0.19652 0.00046 -0.16651
v -0.19652 0.00046 -0.16651
v -0.19808 0.00039 -0.16075
v -0.19808 0.00039 -0.16075
v -0.16969 0.00054 -0.19447
v -0.16969 0.00054 -0.19447
v -0.16678 0.00046 -0.19625
v -0.16678 0.00046 -0.19625
v -0.17239 0.00029 -0.18878
v -0.16095 0.00039 -0.19788
v -0.16095 0.00039 -0.19788
v -0.16639 0.00019 -0.18893
v -0.16639 0.00019 -0.18893
v -0.17452 0.00046 -0.18905
v -0.17452 0.00046 -0.18905
v -0.13660 0.00005 -0.17830
v -0.13660 0.00005 -0.17830
v -0.13660 0.00005 -0.17830
v -0.19240 0.00015 -0.03866
v -0.19226 0.00015 -0.07532
v -0.17956 0.00005 -0.07556
v -0.17915 0.00005 -0.10879
v -0.13899 0.00000 0.00000
v -0.13899 0.00000 0.00000
v -0.16217 0.00001 0.00000
v -0.16217 0.00001 0.00000
v -0.19242 0.00015 0.00000
v -0.19242 0.00015 0.00000
v -0.17971 0.00005 -0.03869
v -0.20087 0.00036 -0.07508
v -0.20087 0.00036 -0.07508
v -0.20061 0.00036 -0.10715
v -0.20061 0.00036 -0.10715
v -0.20010 0.00036 -0.13267
v -0.20010 0.00036 -0.13267
v -0.20010 0.00036 -0.13267
v -0.19118 0.00015 -0.13463
v -0.19118 0.00015 -0.13463
v -0.19190 0.00015 -0.10798
v -0.13874 0.00000 -0.10956
v -0.13874 0.00000 -0.10956
v -0.16109 0.00001 -0.13775
v -0.16109 0.00001 -0.13775
v -0.13840 0.00000 -0.13838
v -0.13840 0.00000 -0.13838
v -0.16172 0.00001 -0.10929
v -0.16215 0.00001 -0.03871
v -0.16204 0.00001 -0.07571
v -0.13891 0.00000 -0.07579
v -0.13891 0.00000 -0.07579
v -0.20752 0.01928 -0.15504
v -0.20795 0.02215 -0.14579
v -0.20661 0.02215 -0.15485
v -0.20378 0.02215 -0.16052
v -0.20413 0.02457 -0.15435
v -0.20466 0.01928 -0.16074
v -0.20901 0.01611 -0.14598
v -0.20954 0.01611 -0.13043
v -0.20940 0.01928 -0.13041
v -0.20888 0.01928 -0.14596
v -0.20589 0.02457 -0.12987
v -0.20541 0.02457 -0.14535
v -0.20142 0.02457 -0.15991
v -0.19680 0.02640 -0.15872
v -0.19680 0.02640 -0.15872
v -0.19664 0.02457 -0.16509
v -0.20645 0.00139 -0.15577
v -0.20361 0.00074 -0.15745
v -0.20779 0.00138 -0.14650
v -0.20750 0.00249 -0.15515
v -0.20123 0.00078 -0.16320
v -0.19926 0.00036 -0.15013
v -0.19926 0.00036 -0.15013
v -0.20490 0.00073 -0.14773
v -0.20886 0.00249 -0.14605
v -0.20765 0.00420 -0.15506
v -0.20765 0.00420 -0.15506
v -0.20465 0.00249 -0.16087
v -0.19973 0.00420 -0.16623
v -0.19709 0.00080 -0.16796
v -0.20372 0.00140 -0.16150
v -0.19890 0.00140 -0.16678
v -0.20478 0.00661 -0.16078
v -0.20765 0.00661 -0.15506
v -0.20901 0.00955 -0.14598
v -0.20765 0.00955 -0.15506
v -0.20478 0.01279 -0.16078
v -0.20478 0.00420 -0.16078
v -0.20901 0.00420 -0.14598
v -0.20901 0.00420 -0.14598
v -0.20901 0.00661 -0.14598
v -0.20954 0.00420 -0.13043
v -0.20954 0.01279 -0.13043
v -0.20901 0.01279 -0.14598
v -0.20765 0.01611 -0.15506
v -0.20765 0.01279 -0.15506
v -0.20478 0.01611 -0.16078
v -0.19973 0.01611 -0.16623
v -0.20478 0.00955 -0.16078
v -0.19973 0.00661 -0.16623
v -0.03860 0.00138 -0.20885
v -0.07492 0.00072 -0.20610
v -0.10636 0.00138 -0.20862
v -0.07484 0.00138 -0.20878
v -0.03860 0.00249 -0.20983
v 0.00000 0.00036 -0.20098
v 0.00000 0.00036 -0.20098
v 0.00000 0.00036 -0.20098
v -0.00000 0.00072 -0.20618
v -0.00000 0.00072 -0.20618
v -0.07509 0.00036 -0.20086
v -0.07509 0.00036 -0.20086
v -0.10718 0.00036 -0.20058
v -0.10718 0.00036 -0.20058
v -0.13274 0.00036 -0.20003
v -0.13274 0.00036 -0.20003
v -0.13144 0.00072 -0.20549
v -0.10664 0.00072 -0.20589
v -0.13078 0.00138 -0.20829
v -0.13053 0.00249 -0.20932
v -0.13050 0.00420 -0.20947
v -0.13050 0.00420 -0.20947
v -0.07481 0.00249 -0.20977
v -0.10625 0.00249 -0.20962
v -0.10624 0.00420 -0.20976
v 0.00000 0.00249 -0.20984
v 0.00000 0.00249 -0.20984
v -0.03861 0.00072 -0.20617
v 0.00000 0.00138 -0.20885
v -0.07481 0.00661 -0.20992
v -0.03860 0.00955 -0.20997
v -0.10624 0.00955 -0.20976
v -0.07481 0.00955 -0.20992
v -0.03860 0.01279 -0.20997
v -0.07481 0.01279 -0.20992
v 0.00000 0.00420 -0.20998
v 0.00000 0.00420 -0.20998
v -0.03860 0.00420 -0.20997
v -0.03860 0.00420 -0.20997
v -0.03860 0.00661 -0.20997
v -0.07481 0.00420 -0.20992
v -0.10624 0.00661 -0.20976
v -0.13050 0.01279 -0.20947
v -0.10624 0.01279 -0.20976
v -0.10624 0.01611 -0.20976
v -0.07481 0.01611 -0.20992
v 0.00000 0.01279 -0.20998
v 0.00000 0.01279 -0.20998
v 0.00000 0.01611 -0.20998
v 0.00000 0.01611 -0.20998
v 0.00000 0.00661 -0.20998
v 0.00000 0.00661 -0.20998
v 0.00000 0.00955 -0.20998
v 0.00000 0.00955 -0.20998
v -0.14612 0.00661 -0.20888
v -0.15528 0.00661 -0.20744
v -0.14612 0.00955 -0.20888
v -0.15528 0.00955 -0.20744
v -0.15528 0.01279 -0.20744
v -0.16107 0.01279 -0.20449
v -0.15528 0.00420 -0.20744
v -0.15528 0.00420 -0.20744
v -0.16659 0.00661 -0.19937
v -0.16107 0.00661 -0.20449
v -0.16107 0.00955 -0.20449
v -0.16107 0.01611 -0.20449
v -0.14612 0.01279 -0.20888
v -0.15528 0.01611 -0.20744
v -0.14612 0.01611 -0.20888
v -0.13050 0.01611 -0.20947
v -0.13050 0.00955 -0.20947
v -0.13050 0.00661 -0.20947
v -0.17419 0.00661 -0.19178
v -0.18319 0.00661 -0.18278
v -0.18319 0.00955 -0.18278
v -0.18319 0.01279 -0.18278
v -0.19218 0.01279 -0.17379
v -0.18319 0.00420 -0.18278
v -0.19218 0.00661 -0.17379
v -0.19973 0.00955 -0.16623
v -0.19218 0.00955 -0.17379
v -0.19973 0.01279 -0.16623
v -0.18319 0.01611 -0.18278
v -0.17419 0.01611 -0.19178
v -0.17419 0.01279 -0.19178
v -0.17419 0.00955 -0.19178
v -0.16659 0.01279 -0.19937
v -0.16659 0.00955 -0.19937
v -0.15598 0.00139 -0.20624
v -0.15537 0.00249 -0.20729
v -0.15026 0.00036 -0.19914
v -0.15026 0.00036 -0.19914
v -0.14786 0.00073 -0.20477
v -0.15766 0.00074 -0.20340
v -0.16829 0.00080 -0.19675
v -0.16348 0.00078 -0.20095
v -0.16713 0.00140 -0.19855
v -0.16179 0.00140 -0.20343
v -0.16116 0.00249 -0.20436
v -0.16666 0.00249 -0.19927
v -0.16107 0.00420 -0.20449
v -0.16107 0.00420 -0.20449
v -0.14618 0.00249 -0.20872
v -0.14612 0.00420 -0.20888
v -0.14664 0.00138 -0.20766
v -0.18300 0.00139 -0.18260
v -0.19053 0.00078 -0.17436
v -0.19164 0.00140 -0.17400
v -0.17439 0.00140 -0.19125
v -0.17421 0.00249 -0.19171
v -0.17473 0.00078 -0.19016
v -0.18174 0.00042 -0.18141
v -0.18174 0.00042 -0.18141
v -0.18256 0.00076 -0.18218
v -0.18938 0.00046 -0.17419
v -0.18938 0.00046 -0.17419
v -0.19479 0.00054 -0.16938
v -0.19479 0.00054 -0.16938
v -0.19963 0.00249 -0.16630
v -0.19211 0.00249 -0.17382
v -0.19218 0.00420 -0.17379
v -0.18317 0.00249 -0.18275
v -0.17419 0.00420 -0.19178
v -0.17419 0.00420 -0.19178
v -0.16659 0.00420 -0.19937
v -0.16659 0.00420 -0.19937
v -0.14609 0.01928 -0.20874
v -0.15502 0.02215 -0.20640
v -0.15525 0.01928 -0.20731
v -0.16005 0.02457 -0.20115
v -0.15441 0.02457 -0.20393
v -0.16659 0.01611 -0.19937
v -0.16103 0.01928 -0.20436
v -0.16077 0.02215 -0.20350
v -0.16531 0.02457 -0.19632
v -0.12982 0.02457 -0.20584
v -0.13030 0.02215 -0.20839
v -0.14535 0.02457 -0.20529
v -0.13047 0.01928 -0.20933
v -0.14589 0.02215 -0.20781
v -0.18311 0.01928 -0.18270
v -0.18254 0.02215 -0.18216
v -0.17369 0.02215 -0.19100
v -0.16655 0.01928 -0.19926
v -0.17413 0.01928 -0.19168
v -0.19218 0.01611 -0.17379
v -0.19962 0.01928 -0.16619
v -0.19208 0.01928 -0.17373
v -0.19882 0.02215 -0.16590
v -0.19138 0.02215 -0.17332
v -0.18101 0.02457 -0.18069
v -0.18950 0.02457 -0.17222
v -0.17250 0.02457 -0.18917
v -0.17018 0.02640 -0.18559
v -0.17018 0.02640 -0.18559
v -0.16621 0.02215 -0.19847
v -0.13898 0.00000 -0.03872
v -0.13898 0.00000 -0.03872
v -0.10971 0.00000 -0.10971
v -0.10931 0.00001 -0.16170
v -0.10800 0.00015 -0.19187
v -0.07533 0.00015 -0.19226
v -0.07557 0.00005 -0.17955
v -0.03871 0.00001 -0.16215
v -0.03869 0.00005 -0.17971
v -0.10957 0.00000 -0.13873
v -0.10881 0.00005 -0.17913
v -0.13469 0.00015 -0.19112
v -0.03863 0.00036 -0.20097
v -0.03863 0.00036 -0.20097
v -0.03866 0.00015 -0.19240
v -0.03872 0.00000 -0.13898
v -0.00000 0.00001 -0.16217
v -0.07572 0.00001 -0.16203
v -0.07579 0.00000 -0.13891
v -0.20979 0.00661 -0.10621
v -0.20992 0.00661 -0.07480
v -0.20997 0.00661 -0.03860
v -0.20992 0.00955 -0.07480
v -0.20954 0.00661 -0.13043
v -0.20979 0.00420 -0.10621
v -0.20992 0.00420 -0.07480
v -0.20998 0.00661 0.00000
v -0.20998 0.00661 0.00000
v -0.20998 0.00955 0.00000
v -0.20998 0.00955 0.00000
v -0.20997 0.00955 -0.03860
v -0.20997 0.01279 -0.03860
v -0.20992 0.01611 -0.07480
v -0.20979 0.01279 -0.10621
v -0.20992 0.01279 -0.07480
v -0.20979 0.01611 -0.10621
v -0.20979 0.00955 -0.10621
v -0.20954 0.00955 -0.13043
v -0.20592 0.00072 -0.10661
v -0.20879 0.00138 -0.07483
v -0.20865 0.00138 -0.10633
v -0.20885 0.00138 -0.03860
v -0.20978 0.00249 -0.07480
v -0.20556 0.00072 -0.13137
v -0.20610 0.00072 -0.07492
v -0.20097 0.00036 -0.03863
v -0.20097 0.00036 -0.03863
v -0.20617 0.00072 -0.03861
v -0.20885 0.00138 0.00000
v -0.20885 0.00138 0.00000
v -0.20984 0.00249 0.00000
v -0.20984 0.00249 0.00000
v -0.20983 0.00249 -0.03860
v -0.20997 0.00420 -0.03860
v -0.20997 0.00420 -0.03860
v -0.20939 0.00249 -0.13046
v -0.20965 0.00249 -0.10622
v -0.20836 0.00138 -0.13071
v -0.20870 0.02215 -0.10607
v -0.20979 0.01928 -0.07479
v -0.20611 0.02457 -0.10575
v -0.20882 0.02215 -0.07470
v -0.20887 0.02215 -0.03855
v -0.20621 0.02457 -0.07447
v -0.20997 0.01611 -0.03860
v -0.20998 0.01611 -0.00000
v -0.20998 0.01611 -0.00000
v -0.20983 0.01928 -0.03859
v -0.20624 0.02457 -0.03843
v -0.20624 0.02457 -0.00000
v -0.20624 0.02457 -0.00000
v -0.20113 0.02640 -0.07403
v -0.20113 0.02640 -0.07403
v -0.20107 0.02640 -0.10512
v -0.20107 0.02640 -0.10512
v -0.20966 0.01928 -0.10619
v -0.20846 0.02215 -0.13026
v -0.18314 0.02813 -0.07219
v -0.18317 0.02813 -0.03712
v -0.19307 0.02754 -0.03780
v -0.15619 0.02844 -0.12724
v -0.18273 0.02813 -0.12691
v -0.18292 0.02813 -0.10303
v -0.19296 0.02754 -0.12795
v -0.19308 0.02754 -0.10414
v -0.19310 0.02754 -0.07329
v -0.20112 0.02640 -0.03820
v -0.20112 0.02640 -0.03820
v -0.19304 0.02754 -0.00000
v -0.17291 0.02834 -0.03599
v -0.17265 0.02835 -0.07045
v -0.17180 0.02835 -0.10168
v -0.07156 0.02814 -0.18318
v -0.09986 0.02838 -0.17229
v -0.07298 0.02754 -0.19315
v -0.06931 0.02839 -0.17260
v -0.10370 0.02754 -0.19314
v -0.10492 0.02640 -0.20108
v -0.10492 0.02640 -0.20108
v -0.12429 0.02837 -0.17203
v -0.10207 0.02814 -0.18313
v -0.06539 0.02848 -0.16284
v -0.03544 0.02839 -0.17267
v -0.03764 0.02754 -0.19310
v -0.03681 0.02814 -0.18314
v -0.03812 0.02640 -0.20114
v -0.03812 0.02640 -0.20114
v -0.00000 0.02754 -0.19306
v 0.00000 0.02640 -0.20112
v 0.00000 0.02640 -0.20112
v 0.00000 0.02640 -0.20112
v -0.07388 0.02640 -0.20115
v -0.07388 0.02640 -0.20115
v -0.15414 0.02813 -0.18091
v -0.14940 0.02813 -0.18234
v -0.15778 0.02813 -0.17805
v -0.15225 0.02834 -0.17255
v -0.15149 0.02838 -0.16539
v -0.15149 0.02838 -0.16539
v -0.14753 0.02838 -0.16440
v -0.14753 0.02838 -0.16440
v -0.14787 0.02835 -0.17283
v -0.13960 0.02836 -0.17248
v -0.14089 0.02813 -0.18290
v -0.12577 0.02814 -0.18304
v -0.14429 0.02640 -0.20038
v -0.14429 0.02640 -0.20038
v -0.12743 0.02754 -0.19300
v -0.12888 0.02640 -0.20087
v -0.12888 0.02640 -0.20087
v -0.14266 0.02754 -0.19262
v -0.15865 0.02640 -0.19657
v -0.15865 0.02640 -0.19657
v -0.15650 0.02754 -0.18942
v -0.15139 0.02754 -0.19158
v -0.15322 0.02640 -0.19913
v -0.15322 0.02640 -0.19913
v -0.17335 0.02754 -0.17336
v -0.18013 0.02754 -0.16672
v -0.17343 0.02813 -0.16280
v -0.16783 0.02813 -0.16808
v -0.16707 0.02834 -0.15909
v -0.16248 0.02834 -0.16296
v -0.16355 0.02640 -0.19214
v -0.16355 0.02640 -0.19214
v -0.16355 0.02640 -0.19214
v -0.16658 0.02754 -0.18002
v -0.16083 0.02754 -0.18564
v -0.16083 0.02754 -0.18564
v -0.17802 0.02640 -0.17783
v -0.17802 0.02640 -0.17783
v -0.18584 0.02640 -0.17007
v -0.18584 0.02640 -0.17007
v -0.18581 0.02754 -0.16111
v -0.18581 0.02754 -0.16111
v -0.15841 0.02834 -0.16735
v -0.15809 0.02837 -0.15878
v -0.15809 0.02837 -0.15878
v -0.15514 0.02837 -0.16262
v -0.15514 0.02837 -0.16262
v -0.15516 0.02834 -0.17097
v -0.15516 0.02834 -0.17097
v -0.15368 0.02837 -0.16613
v -0.16237 0.02813 -0.17350
v -0.15365 0.02841 -0.14643
v -0.14790 0.02842 -0.15092
v -0.15214 0.02839 -0.15367
v -0.14897 0.02839 -0.15809
v -0.15695 0.02838 -0.15071
v -0.16138 0.02840 -0.14273
v -0.16138 0.02840 -0.14273
v -0.14761 0.02847 -0.14067
v -0.14761 0.02847 -0.14067
v -0.12316 0.02846 -0.16007
v -0.13994 0.02840 -0.16300
v -0.13994 0.02840 -0.16300
v -0.14320 0.02841 -0.15607
v -0.15242 0.02838 -0.15990
v -0.15504 0.02838 -0.15595
v -0.15928 0.02838 -0.15354
v -0.16216 0.02837 -0.15602
v -0.16505 0.02838 -0.15268
v -0.16505 0.02838 -0.15268
v -0.03124 0.02922 -0.13785
v -0.03427 0.02906 -0.13939
v -0.02930 0.02955 -0.13683
v -0.01477 0.02955 -0.13871
v -0.01578 0.02922 -0.13963
v -0.06489 0.02906 -0.13271
v -0.05648 0.02896 -0.13921
v -0.05648 0.02896 -0.13921
v -0.05991 0.02922 -0.13067
v -0.04605 0.02922 -0.13486
v -0.05481 0.03013 -0.12847
v -0.05481 0.03013 -0.12847
v -0.04174 0.03013 -0.13293
v -0.04174 0.03013 -0.13293
v -0.04337 0.02955 -0.13370
v -0.02813 0.03013 -0.13614
v -0.02813 0.03013 -0.13614
v -0.01416 0.03013 -0.13807
v -0.01416 0.03013 -0.13807
v 0.00000 0.03013 -0.13872
v 0.00000 0.03013 -0.13872
v 0.00000 0.02955 -0.13933
v -0.00000 0.02922 -0.14023
v -0.00000 0.02922 -0.14023
v -0.01736 0.02906 -0.14103
v -0.01970 0.02896 -0.14306
v -0.01970 0.02896 -0.14306
v -0.00000 0.02896 -0.14351
v -0.00000 0.02896 -0.14351
v -0.00000 0.02896 -0.14351
v -0.03875 0.02896 -0.14164
v -0.03875 0.02896 -0.14164
v -0.05027 0.02906 -0.13663
v -0.12488 0.02922 -0.06843
v -0.11878 0.02922 -0.08050
v -0.11704 0.02955 -0.07883
v -0.10947 0.02955 -0.08988
v -0.12146 0.02906 -0.08310
v -0.11499 0.02906 -0.09449
v -0.12994 0.02896 -0.07411
v -0.12994 0.02896 -0.07411
v -0.12693 0.02906 -0.07073
v -0.12894 0.02955 -0.05439
v -0.12354 0.02955 -0.06695
v -0.12267 0.03013 -0.06603
v -0.12267 0.03013 -0.06603
v -0.10812 0.03013 -0.08875
v -0.10812 0.03013 -0.08875
v -0.11164 0.02922 -0.09169
v -0.10088 0.02955 -0.09999
v -0.10088 0.02955 -0.09999
v -0.09426 0.02922 -0.11084
v -0.08398 0.02922 -0.11865
v -0.08907 0.02906 -0.12124
v -0.07255 0.02922 -0.12526
v -0.10749 0.02906 -0.10471
v -0.10346 0.02922 -0.10184
v -0.10346 0.02922 -0.10184
v -0.09129 0.02955 -0.10904
v -0.09928 0.03013 -0.09883
v -0.09928 0.03013 -0.09883
v -0.08946 0.03013 -0.10790
v -0.08946 0.03013 -0.10790
v -0.07874 0.03013 -0.11590
v -0.07874 0.03013 -0.11590
v -0.08073 0.02955 -0.11697
v -0.06920 0.02955 -0.12375
v -0.05673 0.02955 -0.12934
v -0.07780 0.02906 -0.12759
v -0.09891 0.02906 -0.11363
v -0.13855 0.02922 -0.01427
v -0.13811 0.02955 -0.01395
v -0.13759 0.02906 -0.02941
v -0.13680 0.02922 -0.02840
v -0.13318 0.02955 -0.04128
v -0.13914 0.02922 -0.00000
v -0.13914 0.02922 -0.00000
v -0.13917 0.02906 -0.01479
v -0.13874 0.02955 -0.00000
v -0.13777 0.03013 -0.01374
v -0.13777 0.03013 -0.01374
v -0.13625 0.02955 -0.02775
v -0.13585 0.03013 -0.02735
v -0.13585 0.03013 -0.02735
v -0.13267 0.03013 -0.04069
v -0.13267 0.03013 -0.04069
v -0.12993 0.02922 -0.05563
v -0.12993 0.02922 -0.05563
v -0.13391 0.02922 -0.04224
v -0.13658 0.02896 -0.04590
v -0.13658 0.02896 -0.04590
v -0.13144 0.02906 -0.05755
v -0.13144 0.02906 -0.05755
v -0.13873 0.02896 -0.03090
v -0.13873 0.02896 -0.03090
v -0.13500 0.02906 -0.04372
v -0.14005 0.02896 -0.01554
v -0.14005 0.02896 -0.01554
v -0.15234 0.02839 -0.02827
v -0.15660 0.02839 -0.06143
v -0.15202 0.02840 -0.05457
v -0.16381 0.02837 -0.00000
v -0.16381 0.02837 -0.00000
v -0.16381 0.02837 -0.00000
v -0.16381 0.02837 -0.00000
v -0.15704 0.02838 -0.00000
v -0.15704 0.02838 -0.00000
v -0.15704 0.02838 -0.03146
v -0.14909 0.02842 -0.02502
v -0.14908 0.02842 -0.00000
v -0.14908 0.02842 -0.00000
v -0.14887 0.02843 -0.04797
v -0.14589 0.02852 -0.05922
v -0.14804 0.02846 -0.06673
v -0.14512 0.02854 -0.06986
v -0.15078 0.02843 -0.07673
v -0.15492 0.02841 -0.08800
v -0.16164 0.02840 -0.09777
v -0.16164 0.02840 -0.09777
v -0.16381 0.02838 -0.03415
v -0.16381 0.02838 -0.03415
v -0.16336 0.02838 -0.06710
v -0.16336 0.02838 -0.06710
v -0.14279 0.02871 -0.01798
v -0.14424 0.02859 -0.03842
v -0.14028 0.02884 -0.03293
v -0.14216 0.02872 -0.03543
v -0.13870 0.02884 -0.04881
v -0.14668 0.02849 -0.02210
v -0.14460 0.02859 -0.01977
v -0.14160 0.02884 -0.00000
v -0.14160 0.02884 -0.00000
v -0.14126 0.02884 -0.01659
v -0.13364 0.02896 -0.06037
v -0.13364 0.02896 -0.06037
v -0.13364 0.02896 -0.06037
v -0.14115 0.02872 -0.05195
v -0.14361 0.02861 -0.05500
v -0.14299 0.02861 -0.06958
v -0.14299 0.02861 -0.06958
v -0.14646 0.02850 -0.04244
v -0.12603 0.02871 -0.12933
v -0.11860 0.02871 -0.13607
v -0.10853 0.02871 -0.14124
v -0.10675 0.02884 -0.13017
v -0.11504 0.02884 -0.12321
v -0.12151 0.02884 -0.11453
v -0.10575 0.02896 -0.11771
v -0.10575 0.02896 -0.11771
v -0.09658 0.02896 -0.12504
v -0.09658 0.02896 -0.12504
v -0.09605 0.02884 -0.13564
v -0.08553 0.02896 -0.13099
v -0.08553 0.02896 -0.13099
v -0.08227 0.02884 -0.13980
v -0.12175 0.02858 -0.14731
v -0.09440 0.02871 -0.14505
v -0.13395 0.02847 -0.15275
v -0.13395 0.02847 -0.15275
v -0.10789 0.02858 -0.15147
v -0.13755 0.02858 -0.13518
v -0.13069 0.02858 -0.14198
v -0.14099 0.02848 -0.14712
v -0.14099 0.02848 -0.14712
v -0.13684 0.02871 -0.09612
v -0.13465 0.02871 -0.10916
v -0.13071 0.02884 -0.09186
v -0.15073 0.02847 -0.10664
v -0.14220 0.02857 -0.12537
v -0.14220 0.02857 -0.12537
v -0.14790 0.02849 -0.09166
v -0.14614 0.02852 -0.07899
v -0.14295 0.02859 -0.09724
v -0.14280 0.02860 -0.08328
v -0.13850 0.02872 -0.08221
v -0.13989 0.02872 -0.06752
v -0.13659 0.02884 -0.06405
v -0.13397 0.02884 -0.07847
v -0.12663 0.02884 -0.10400
v -0.12539 0.02896 -0.08693
v -0.11992 0.02896 -0.09861
v -0.11992 0.02896 -0.09861
v -0.11342 0.02896 -0.10892
v -0.11342 0.02896 -0.10892
v -0.11342 0.02896 -0.10892
v -0.11342 0.02896 -0.10892
v -0.13127 0.02871 -0.12048
v -0.14322 0.02858 -0.11176
v -0.05925 0.02859 -0.15506
v -0.07513 0.02871 -0.14762
v -0.05194 0.02871 -0.14918
v -0.02650 0.02871 -0.14997
v -0.03015 0.02859 -0.15557
v -0.04482 0.02884 -0.14481
v -0.09530 0.02848 -0.16203
v -0.08604 0.02858 -0.15387
v -0.07223 0.02896 -0.13568
v -0.07223 0.02896 -0.13568
v -0.06495 0.02884 -0.14281
v -0.02287 0.02884 -0.14592
v -0.03326 0.02849 -0.16311
v -0.00000 0.02859 -0.15569
v -0.01963 0.51835 -0.00193
v -0.01893 0.51867 -0.00186
v -0.01866 0.51867 -0.00371
v -0.01934 0.51835 -0.00385
v -0.01814 0.51883 -0.00179
v -0.01788 0.51883 -0.00356
v -0.01820 0.51867 -0.00552
v -0.01887 0.51835 -0.00573
v -0.01745 0.51883 -0.00529
v -0.02029 0.51792 -0.00000
v -0.02029 0.51792 -0.00000
v -0.01972 0.51835 -0.00000
v -0.01972 0.51835 -0.00000
v -0.02019 0.51792 -0.00199
v -0.01684 0.51883 -0.00698
v -0.01757 0.51867 -0.00728
v -0.01822 0.51835 -0.00755
v -0.01990 0.51792 -0.00396
v -0.01739 0.51835 -0.00930
v -0.01678 0.51867 -0.00897
v -0.01582 0.51867 -0.01057
v -0.01640 0.51835 -0.01096
v -0.01608 0.51883 -0.00859
v -0.01516 0.51883 -0.01013
v -0.01470 0.51867 -0.01207
v -0.01525 0.51835 -0.01251
v -0.01409 0.51883 -0.01157
v -0.01289 0.51883 -0.01289
v -0.01345 0.51867 -0.01345
v -0.01395 0.51835 -0.01395
v -0.01251 0.51835 -0.01525
v -0.01207 0.51867 -0.01470
v -0.01057 0.51867 -0.01582
v -0.01096 0.51835 -0.01640
v -0.01157 0.51883 -0.01409
v -0.01013 0.51883 -0.01516
v -0.00897 0.51867 -0.01678
v -0.00930 0.51835 -0.01739
v -0.00859 0.51883 -0.01608
v -0.00698 0.51883 -0.01684
v -0.00728 0.51867 -0.01757
v -0.00755 0.51835 -0.01822
v -0.00777 0.51792 -0.01875
v -0.01127 0.51792 -0.01687
v -0.01127 0.51792 -0.01687
v -0.00573 0.51835 -0.01887
v -0.00552 0.51867 -0.01820
v -0.00371 0.51867 -0.01866
v -0.00385 0.51835 -0.01934
v -0.00529 0.51883 -0.01745
v -0.00356 0.51883 -0.01788
v -0.00186 0.51867 -0.01893
v -0.00193 0.51835 -0.01963
v -0.00179 0.51883 -0.01814
v -0.00000 0.51883 -0.01823
v -0.00000 0.51883 -0.01823
v 0.00000 0.51867 -0.01902
v 0.00000 0.51835 -0.01972
v 0.00000 0.51792 -0.02029
v -0.02801 0.48271 -0.00850
v -0.02871 0.48271 -0.00571
v -0.02293 0.50693 -0.00456
v -0.02237 0.50693 -0.00679
v -0.02913 0.48271 -0.00287
v -0.02327 0.50693 -0.00229
v -0.02060 0.51618 -0.00410
v -0.02009 0.51618 -0.00610
v -0.02090 0.51618 -0.00206
v -0.03879 0.43604 -0.01177
v -0.03975 0.43604 -0.00791
v -0.04034 0.43604 -0.00397
v -0.04053 0.43604 -0.00000
v -0.04053 0.43604 -0.00000
v -0.02338 0.50693 -0.00000
v -0.02338 0.50693 -0.00000
v -0.02100 0.51618 -0.00000
v -0.02100 0.51618 -0.00000
v -0.01942 0.51792 -0.00589
v -0.01942 0.51792 -0.00589
v -0.09615 0.18737 -0.02917
v -0.09854 0.18737 -0.01960
v -0.07775 0.27534 -0.01547
v -0.07586 0.27534 -0.02301
v -0.09999 0.18737 -0.00985
v -0.07889 0.27534 -0.00777
v -0.05698 0.36319 -0.01133
v -0.05560 0.36319 -0.01687
v -0.05782 0.36319 -0.00569
v -0.09283 0.18737 -0.03845
v -0.07928 0.27534 -0.00000
v -0.07928 0.27534 -0.00000
v -0.05810 0.36319 -0.00000
v -0.05810 0.36319 -0.00000
v -0.05368 0.36319 -0.02223
v -0.07324 0.27534 -0.03034
v -0.07767 0.18737 -0.06374
v -0.08354 0.18737 -0.05582
v -0.06591 0.27534 -0.04404
v -0.06128 0.27534 -0.05029
v -0.08861 0.18737 -0.04736
v -0.06992 0.27534 -0.03737
v -0.04830 0.36319 -0.03228
v -0.04491 0.36319 -0.03686
v -0.05124 0.36319 -0.02739
v -0.07105 0.18737 -0.07105
v -0.04108 0.36319 -0.04108
v -0.05606 0.27534 -0.05606
v -0.04736 0.18737 -0.08861
v -0.05582 0.18737 -0.08354
v -0.04404 0.27534 -0.06591
v -0.03737 0.27534 -0.06992
v -0.06374 0.18737 -0.07767
v -0.05029 0.27534 -0.06128
v -0.03228 0.36319 -0.04830
v -0.02739 0.36319 -0.05124
v -0.03686 0.36319 -0.04491
v -0.03845 0.18737 -0.09283
v -0.02223 0.36319 -0.05368
v -0.03034 0.27534 -0.07324
v -0.00985 0.18737 -0.09999
v -0.01960 0.18737 -0.09854
v -0.01547 0.27534 -0.07775
v -0.00777 0.27534 -0.07889
v -0.02917 0.18737 -0.09615
v -0.02301 0.27534 -0.07586
v -0.01133 0.36319 -0.05698
v -0.00569 0.36319 -0.05782
v -0.01687 0.36319 -0.05560
v 0.00000 0.18737 -0.10048
v 0.00000 0.18737 -0.10048
v 0.00000 0.36319 -0.05810
v 0.00000 0.36319 -0.05810
v 0.00000 0.27534 -0.07928
v 0.00287 0.48271 -0.02913
v 0.00229 0.50693 -0.02327
v 0.00456 0.50693 -0.02293
v 0.00571 0.48271 -0.02871
v 0.00206 0.51618 -0.02090
v 0.00410 0.51618 -0.02060
v 0.00679 0.50693 -0.02237
v 0.00850 0.48271 -0.02801
v 0.00610 0.51618 -0.02010
v 0.00000 0.43604 -0.04053
v 0.00000 0.48271 -0.02927
v 0.00397 0.43604 -0.04034
v 0.00000 0.50693 -0.02338
v 0.00000 0.50693 -0.02338
v 0.00199 0.51792 -0.02019
v 0.00199 0.51792 -0.02019
v 0.00396 0.51792 -0.01990
v 0.00396 0.51792 -0.01990
v 0.00777 0.51792 -0.01875
v 0.00804 0.51618 -0.01940
v 0.00895 0.50693 -0.02160
v 0.01120 0.48271 -0.02705
v 0.01177 0.43604 -0.03879
v 0.01551 0.43604 -0.03745
v 0.00791 0.43604 -0.03975
v 0.01380 0.48271 -0.02582
v 0.01102 0.50693 -0.02062
v 0.01299 0.50693 -0.01944
v 0.01626 0.48271 -0.02434
v 0.00990 0.51618 -0.01852
v 0.01167 0.51618 -0.01746
v 0.01483 0.50693 -0.01807
v 0.01857 0.48271 -0.02263
v 0.01332 0.51618 -0.01623
v 0.01911 0.43604 -0.03575
v 0.00957 0.51792 -0.01790
v 0.01127 0.51792 -0.01687
v 0.01127 0.51792 -0.01687
v 0.01435 0.51792 -0.01435
v 0.01485 0.51618 -0.01485
v 0.01653 0.50693 -0.01653
v 0.02070 0.48271 -0.02070
v 0.02571 0.43604 -0.03133
v 0.02866 0.43604 -0.02866
v 0.02252 0.43604 -0.03370
v 0.02263 0.48271 -0.01857
v 0.01807 0.50693 -0.01483
v 0.01944 0.50693 -0.01299
v 0.02434 0.48271 -0.01626
v 0.01623 0.51618 -0.01332
v 0.01746 0.51618 -0.01167
v 0.02062 0.50693 -0.01102
v 0.02582 0.48271 -0.01380
v 0.01852 0.51618 -0.00990
v 0.03133 0.43604 -0.02571
v 0.01790 0.51792 -0.00957
v 0.01790 0.51792 -0.00957
v 0.01875 0.51792 -0.00777
v 0.01940 0.51618 -0.00804
v 0.02160 0.50693 -0.00895
v 0.02705 0.48271 -0.01120
v 0.03575 0.43604 -0.01911
v 0.03745 0.43604 -0.01551
v 0.03370 0.43604 -0.02252
v 0.01376 0.03228 -0.13729
v 0.01335 0.04212 -0.13481
v 0.02656 0.04212 -0.13287
v 0.02736 0.03228 -0.13533
v 0.01270 0.06697 -0.12883
v 0.02527 0.06697 -0.12697
v 0.03951 0.04212 -0.12965
v 0.04066 0.03228 -0.13208
v 0.03760 0.06697 -0.12388
v 0.00000 0.04212 -0.13547
v 0.00000 0.04212 -0.13547
v 0.00000 0.06697 -0.12946
v 0.01157 0.11418 -0.11753
v 0.02304 0.11418 -0.11583
v 0.03428 0.11418 -0.11301
v 0.04520 0.11418 -0.10911
v 0.04957 0.06697 -0.11961
v 0.05206 0.04212 -0.12519
v 0.05352 0.03228 -0.12758
v 0.04174 0.03013 -0.13293
v 0.04174 0.03013 -0.13293
v 0.06577 0.03228 -0.12184
v 0.06408 0.04212 -0.11952
v 0.07547 0.04212 -0.11270
v 0.07734 0.03228 -0.11493
v 0.06105 0.06697 -0.11418
v 0.07195 0.06697 -0.10764
v 0.08612 0.04212 -0.10480
v 0.08813 0.03228 -0.10691
v 0.08215 0.06697 -0.10008
v 0.05567 0.11418 -0.10415
v 0.06561 0.11418 -0.09819
v 0.07492 0.11418 -0.09129
v 0.08351 0.11418 -0.08351
v 0.09156 0.06697 -0.09155
v 0.09594 0.04212 -0.09588
v 0.09804 0.03228 -0.09786
v 0.09928 0.03013 -0.09883
v 0.09928 0.03013 -0.09883
v 0.07874 0.03013 -0.11590
v 0.07874 0.03013 -0.11590
v 0.10701 0.03228 -0.08783
v 0.10482 0.04212 -0.08603
v 0.11271 0.04212 -0.07535
v 0.11495 0.03228 -0.07694
v 0.10008 0.06697 -0.08214
v 0.10764 0.06697 -0.07193
v 0.11951 0.04212 -0.06394
v 0.12180 0.03228 -0.06530
v 0.11418 0.06697 -0.06103
v 0.09129 0.11418 -0.07492
v 0.09819 0.11418 -0.06561
v 0.10415 0.11418 -0.05567
v 0.10911 0.11418 -0.04520
v 0.11961 0.06697 -0.04955
v 0.12517 0.04212 -0.05191
v 0.12749 0.03228 -0.05302
v 0.12827 0.03013 -0.05363
v 0.12827 0.03013 -0.05363
v 0.12827 0.03013 -0.05363
v 0.13197 0.03228 -0.04022
v 0.12962 0.04212 -0.03938
v 0.13283 0.04212 -0.02646
v 0.13520 0.03228 -0.02703
v 0.12388 0.06697 -0.03759
v 0.12696 0.06697 -0.02526
v 0.13478 0.04212 -0.01329
v 0.13716 0.03228 -0.01358
v 0.12883 0.06697 -0.01269
v 0.13267 0.03013 -0.04069
v 0.13267 0.03013 -0.04069
v 0.11301 0.11418 -0.03428
v 0.11583 0.11418 -0.02304
v 0.11753 0.11418 -0.01157
v 0.13782 0.03228 -0.00000
v 0.13782 0.03228 -0.00000
v 0.13585 0.03013 -0.02735
v 0.13585 0.03013 -0.02735
v 0.00223 0.48008 -0.02268
v 0.00445 0.48008 -0.02235
v 0.00331 0.50454 -0.01664
v 0.00166 0.50454 -0.01688
v 0.00661 0.48008 -0.02181
v 0.00493 0.50454 -0.01624
v 0.00290 0.51413 -0.01458
v 0.00146 0.51413 -0.01479
v 0.00431 0.51413 -0.01422
v 0.00334 0.43332 -0.03389
v -0.00000 0.48008 -0.02279
v -0.00000 0.48008 -0.02279
v 0.00664 0.43332 -0.03339
v 0.00988 0.43332 -0.03258
v 0.01303 0.43332 -0.03146
v 0.00872 0.48008 -0.02105
v 0.00649 0.50454 -0.01568
v 0.00569 0.51413 -0.01373
v 0.00428 0.51626 -0.01411
v 0.00428 0.51626 -0.01411
v -0.00000 0.51413 -0.01486
v -0.00000 0.51413 -0.01486
v 0.01074 0.48008 -0.02010
v 0.01266 0.48008 -0.01895
v 0.00943 0.50454 -0.01411
v 0.00800 0.50454 -0.01496
v 0.01446 0.48008 -0.01761
v 0.01076 0.50454 -0.01312
v 0.00826 0.51413 -0.01236
v 0.00701 0.51413 -0.01311
v 0.00943 0.51413 -0.01149
v 0.01605 0.43332 -0.03003
v 0.01892 0.43332 -0.02831
v 0.02160 0.43332 -0.02632
v 0.02408 0.43332 -0.02408
v 0.01611 0.48008 -0.01611
v 0.01200 0.50454 -0.01200
v 0.01051 0.51413 -0.01051
v 0.00936 0.51626 -0.01140
v 0.00936 0.51626 -0.01140
v 0.00819 0.51626 -0.01226
v 0.00819 0.51626 -0.01226
v 0.00695 0.51626 -0.01301
v 0.00695 0.51626 -0.01301
v 0.01761 0.48008 -0.01446
v 0.01895 0.48008 -0.01266
v 0.01411 0.50454 -0.00943
v 0.01311 0.50454 -0.01076
v 0.02010 0.48008 -0.01074
v 0.01496 0.50454 -0.00800
v 0.01236 0.51413 -0.00826
v 0.01149 0.51413 -0.00943
v 0.01311 0.51413 -0.00701
v 0.02632 0.43332 -0.02160
v 0.02831 0.43332 -0.01892
v 0.03003 0.43332 -0.01605
v 0.03146 0.43332 -0.01303
v 0.02105 0.48008 -0.00872
v 0.01568 0.50454 -0.00649
v 0.01373 0.51413 -0.00569
v 0.01363 0.51626 -0.00564
v 0.01363 0.51626 -0.00564
v 0.01226 0.51626 -0.00819
v 0.01226 0.51626 -0.00819
v 0.01140 0.51626 -0.00936
v 0.01140 0.51626 -0.00936
v 0.02181 0.48008 -0.00662
v 0.02235 0.48008 -0.00445
v 0.01664 0.50454 -0.00331
v 0.01624 0.50454 -0.00493
v 0.02268 0.48008 -0.00223
v 0.01688 0.50454 -0.00166
v 0.01458 0.51413 -0.00290
v 0.01422 0.51413 -0.00431
v 0.01479 0.51413 -0.00146
v 0.03258 0.43332 -0.00988
v 0.03339 0.43332 -0.00664
v 0.03389 0.43332 -0.00334
v 0.03405 0.43332 -0.00000
v 0.03405 0.43332 -0.00000
v 0.01697 0.50454 -0.00000
v 0.01697 0.50454 -0.00000
v 0.01486 0.51413 -0.00000
v 0.01486 0.51413 -0.00000
v 0.08982 0.18531 -0.02725
v 0.09206 0.18531 -0.01831
v 0.07133 0.27294 -0.01419
v 0.06959 0.27294 -0.02111
v 0.09341 0.18531 -0.00920
v 0.07237 0.27294 -0.00713
v 0.05060 0.36056 -0.01007
v 0.04937 0.36056 -0.01498
v 0.05134 0.36056 -0.00506
v 0.10296 0.11252 -0.04265
v 0.10664 0.11252 -0.03235
v 0.08672 0.18531 -0.03592
v 0.10929 0.11252 -0.02174
v 0.11090 0.11252 -0.01092
v 0.11144 0.11252 -0.00000
v 0.11144 0.11252 -0.00000
v 0.09387 0.18531 -0.00000
v 0.09387 0.18531 -0.00000
v 0.04767 0.36056 -0.01974
v 0.06719 0.27294 -0.02783
v 0.07256 0.18531 -0.05955
v 0.07804 0.18531 -0.05215
v 0.06047 0.27294 -0.04040
v 0.05622 0.27294 -0.04614
v 0.08278 0.18531 -0.04425
v 0.06414 0.27294 -0.03428
v 0.04290 0.36056 -0.02866
v 0.03988 0.36056 -0.03273
v 0.04550 0.36056 -0.02432
v 0.07880 0.11252 -0.07880
v 0.08614 0.11252 -0.07069
v 0.06637 0.18531 -0.06637
v 0.09265 0.11252 -0.06191
v 0.09828 0.11252 -0.05253
v 0.03648 0.36056 -0.03648
v 0.05143 0.27294 -0.05143
v 0.04425 0.18531 -0.08278
v 0.05215 0.18531 -0.07804
v 0.04040 0.27294 -0.06047
v 0.03428 0.27294 -0.06414
v 0.05955 0.18531 -0.07256
v 0.04614 0.27294 -0.05622
v 0.02866 0.36056 -0.04290
v 0.02432 0.36056 -0.04550
v 0.03273 0.36056 -0.03988
v 0.04265 0.11252 -0.10296
v 0.05253 0.11252 -0.09828
v 0.03592 0.18531 -0.08672
v 0.06191 0.11252 -0.09265
v 0.07069 0.11252 -0.08614
v 0.01974 0.36056 -0.04767
v 0.02783 0.27294 -0.06719
v 0.00920 0.18531 -0.09341
v 0.01831 0.18531 -0.09206
v 0.01419 0.27294 -0.07133
v 0.00713 0.27294 -0.07237
v 0.02725 0.18531 -0.08982
v 0.02111 0.27294 -0.06959
v 0.01007 0.36056 -0.05060
v 0.00506 0.36056 -0.05134
v 0.01498 0.36056 -0.04937
v 0.01092 0.11252 -0.11090
v 0.00000 0.18531 -0.09387
v 0.00000 0.18531 -0.09387
v 0.02174 0.11252 -0.10929
v 0.03235 0.11252 -0.10664
v 0.00000 0.27294 -0.07273
v 0.01333 0.00617 -0.13536
v 0.02653 0.00617 -0.13340
v 0.02511 0.04116 -0.12623
v 0.01261 0.04116 -0.12809
v 0.03948 0.00617 -0.13016
v 0.03736 0.04116 -0.12316
v 0.02395 0.06571 -0.12039
v 0.01203 0.06571 -0.12216
v 0.03563 0.06571 -0.11747
v 0.00000 0.00617 -0.13602
v 0.00000 0.00617 -0.13602
v 0.05205 0.00617 -0.12567
v 0.04926 0.04116 -0.11891
v 0.04698 0.06571 -0.11341
v 0.06412 0.00617 -0.11995
v 0.07556 0.00617 -0.11309
v 0.07150 0.04116 -0.10701
v 0.06067 0.04116 -0.11351
v 0.08629 0.00617 -0.10514
v 0.08165 0.04116 -0.09949
v 0.06819 0.06571 -0.10206
v 0.05786 0.06571 -0.10826
v 0.07787 0.06571 -0.09489
v 0.09618 0.00617 -0.09618
v 0.09101 0.04116 -0.09101
v 0.08680 0.06571 -0.08680
v 0.10514 0.00617 -0.08629
v 0.11309 0.00617 -0.07556
v 0.10701 0.04116 -0.07150
v 0.09949 0.04116 -0.08165
v 0.11995 0.00617 -0.06412
v 0.11351 0.04116 -0.06067
v 0.10206 0.06571 -0.06819
v 0.09489 0.06571 -0.07787
v 0.10826 0.06571 -0.05786
v 0.12567 0.00617 -0.05205
v 0.11891 0.04116 -0.04926
v 0.11341 0.06571 -0.04698
v 0.13016 0.00617 -0.03948
v 0.13340 0.00617 -0.02653
v 0.12623 0.04116 -0.02511
v 0.12316 0.04116 -0.03736
v 0.13536 0.00617 -0.01333
v 0.12809 0.04116 -0.01261
v 0.12039 0.06571 -0.02395
v 0.11747 0.06571 -0.03563
v 0.12216 0.06571 -0.01203
v 0.12871 0.04116 -0.00000
v 0.12871 0.04116 -0.00000
v 0.12276 0.06571 -0.00000
v 0.12276 0.06571 -0.00000
v 0.00481 0.51841 -0.01586
v 0.00323 0.51841 -0.01625
v 0.00308 0.51784 -0.01550
v 0.00459 0.51784 -0.01513
v 0.00162 0.51841 -0.01649
v 0.00155 0.51784 -0.01573
v 0.00296 0.51710 -0.01489
v 0.00441 0.51710 -0.01452
v 0.00149 0.51710 -0.01510
v 0.00666 0.51875 -0.01608
v 0.00505 0.51875 -0.01665
v 0.00634 0.51841 -0.01531
v 0.00339 0.51875 -0.01706
v 0.00171 0.51875 -0.01732
v 0.00145 0.51626 -0.01468
v 0.00145 0.51626 -0.01468
v 0.00288 0.51626 -0.01446
v 0.00288 0.51626 -0.01446
v 0.00581 0.51710 -0.01402
v 0.00564 0.51626 -0.01363
v 0.00564 0.51626 -0.01363
v 0.00605 0.51784 -0.01460
v 0.01051 0.51841 -0.01281
v 0.00921 0.51841 -0.01378
v 0.00878 0.51784 -0.01314
v 0.01003 0.51784 -0.01222
v 0.00781 0.51841 -0.01461
v 0.00745 0.51784 -0.01394
v 0.00843 0.51710 -0.01262
v 0.00963 0.51710 -0.01173
v 0.00715 0.51710 -0.01339
v 0.01230 0.51875 -0.01230
v 0.01104 0.51875 -0.01345
v 0.01172 0.51841 -0.01172
v 0.00967 0.51875 -0.01447
v 0.00820 0.51875 -0.01534
v 0.01073 0.51710 -0.01073
v 0.01043 0.51626 -0.01043
v 0.01043 0.51626 -0.01043
v 0.01118 0.51784 -0.01118
v 0.01461 0.51841 -0.00781
v 0.01378 0.51841 -0.00921
v 0.01314 0.51784 -0.00878
v 0.01394 0.51784 -0.00745
v 0.01281 0.51841 -0.01051
v 0.01222 0.51784 -0.01003
v 0.01262 0.51710 -0.00843
v 0.01338 0.51710 -0.00715
v 0.01173 0.51710 -0.00963
v 0.01607 0.51875 -0.00666
v 0.01534 0.51875 -0.00820
v 0.01531 0.51841 -0.00634
v 0.01447 0.51875 -0.00967
v 0.01345 0.51875 -0.01104
v 0.01301 0.51626 -0.00695
v 0.01301 0.51626 -0.00695
v 0.01402 0.51710 -0.00581
v 0.01460 0.51784 -0.00605
v 0.01649 0.51841 -0.00162
v 0.01625 0.51841 -0.00323
v 0.01550 0.51784 -0.00308
v 0.01573 0.51784 -0.00155
v 0.01586 0.51841 -0.00481
v 0.01513 0.51784 -0.00459
v 0.01488 0.51710 -0.00296
v 0.01510 0.51710 -0.00149
v 0.01452 0.51710 -0.00441
v 0.01740 0.51875 -0.00000
v 0.01740 0.51875 -0.00000
v 0.01731 0.51875 -0.00171
v 0.01657 0.51841 -0.00000
v 0.01706 0.51875 -0.00339
v 0.01665 0.51875 -0.00505
v 0.01411 0.51626 -0.00428
v 0.01411 0.51626 -0.00428
v 0.01446 0.51626 -0.00288
v 0.01446 0.51626 -0.00288
v 0.01468 0.51626 -0.00145
v 0.01468 0.51626 -0.00145
v 0.01581 0.51784 -0.00000
v 0.01581 0.51784 -0.00000
v 0.03859 0.01928 -0.20983
v 0.07469 0.02215 -0.20882
v 0.10568 0.02457 -0.20610
v 0.10607 0.02215 -0.20868
v 0.03854 0.02215 -0.20887
v 0.03840 0.02457 -0.20625
v 0.07442 0.02457 -0.20622
v 0.10492 0.02640 -0.20108
v 0.10492 0.02640 -0.20108
v 0.10622 0.01928 -0.20963
v 0.07479 0.01928 -0.20978
v 0.07481 0.01611 -0.20992
v 0.18269 0.02813 -0.14197
v 0.18097 0.02813 -0.15489
v 0.19169 0.02754 -0.15187
v 0.18232 0.02813 -0.15030
v 0.16584 0.02837 -0.15467
v 0.16505 0.02838 -0.15268
v 0.16505 0.02838 -0.15268
v 0.17084 0.02834 -0.15602
v 0.17244 0.02834 -0.15329
v 0.16371 0.02838 -0.14923
v 0.16371 0.02838 -0.14923
v 0.16138 0.02840 -0.14273
v 0.16138 0.02840 -0.14273
v 0.17252 0.02835 -0.14924
v 0.17173 0.02835 -0.14152
v 0.18273 0.02813 -0.12691
v 0.19296 0.02754 -0.12795
v 0.19265 0.02754 -0.14318
v 0.19930 0.02640 -0.15336
v 0.19930 0.02640 -0.15336
v 0.19680 0.02640 -0.15872
v 0.19680 0.02640 -0.15872
v 0.18581 0.02754 -0.16111
v 0.18581 0.02754 -0.16111
v 0.18959 0.02754 -0.15689
v 0.15397 0.00016 -0.18997
v 0.15786 0.00005 -0.17698
v 0.18014 0.00023 -0.17987
v 0.16639 0.00019 -0.18893
v 0.16639 0.00019 -0.18893
v 0.17532 0.00010 -0.17515
v 0.18912 0.00019 -0.16620
v 0.18912 0.00019 -0.16620
v 0.13840 0.00000 -0.13838
v 0.13840 0.00000 -0.13838
v 0.13778 0.00001 -0.16106
v 0.16001 0.00001 -0.15994
v 0.13469 0.00015 -0.19112
v 0.13469 0.00015 -0.19112
v 0.16095 0.00039 -0.19788
v 0.16095 0.00039 -0.19788
v 0.18174 0.00042 -0.18141
v 0.18174 0.00042 -0.18141
v 0.17239 0.00029 -0.18878
v 0.19479 0.00054 -0.16938
v 0.19479 0.00054 -0.16938
v 0.19652 0.00046 -0.16651
v 0.19652 0.00046 -0.16651
v 0.18938 0.00046 -0.17419
v 0.18938 0.00046 -0.17419
v 0.18904 0.00029 -0.17212
v 0.19118 0.00015 -0.13463
v 0.19926 0.00036 -0.15013
v 0.19926 0.00036 -0.15013
v 0.17835 0.00005 -0.13655
v 0.17835 0.00005 -0.13655
v 0.17708 0.00005 -0.15776
v 0.17708 0.00005 -0.15776
v 0.19009 0.00016 -0.15385
v 0.16215 0.00001 -0.03871
v 0.16204 0.00001 -0.07571
v 0.17956 0.00005 -0.07556
v 0.16217 0.00001 0.00000
v 0.16217 0.00001 0.00000
v 0.13891 0.00000 -0.07579
v 0.13891 0.00000 -0.07579
v 0.16109 0.00001 -0.13775
v 0.16109 0.00001 -0.13775
v 0.16172 0.00001 -0.10929
v 0.17915 0.00005 -0.10879
v 0.19190 0.00015 -0.10798
v 0.20010 0.00036 -0.13267
v 0.20010 0.00036 -0.13267
v 0.20010 0.00036 -0.13267
v 0.19226 0.00015 -0.07532
v 0.20087 0.00036 -0.07508
v 0.20087 0.00036 -0.07508
v 0.19240 0.00015 -0.03866
v 0.17971 0.00005 -0.03869
v 0.20378 0.02215 -0.16052
v 0.20142 0.02457 -0.15991
v 0.20661 0.02215 -0.15485
v 0.20795 0.02215 -0.14579
v 0.19664 0.02457 -0.16509
v 0.20413 0.02457 -0.15435
v 0.20541 0.02457 -0.14535
v 0.20047 0.02640 -0.14448
v 0.20047 0.02640 -0.14448
v 0.20589 0.02457 -0.12987
v 0.20888 0.01928 -0.14596
v 0.20846 0.02215 -0.13026
v 0.20765 0.01611 -0.15506
v 0.20752 0.01928 -0.15504
v 0.20901 0.01611 -0.14598
v 0.20466 0.01928 -0.16074
v 0.20372 0.00140 -0.16150
v 0.20645 0.00139 -0.15577
v 0.20750 0.00249 -0.15515
v 0.20779 0.00138 -0.14650
v 0.19709 0.00080 -0.16796
v 0.20123 0.00078 -0.16320
v 0.19963 0.00249 -0.16630
v 0.20478 0.00420 -0.16078
v 0.20465 0.00249 -0.16087
v 0.20901 0.00420 -0.14598
v 0.20901 0.00420 -0.14598
v 0.20954 0.00420 -0.13043
v 0.20954 0.00420 -0.13043
v 0.20886 0.00249 -0.14605
v 0.20939 0.00249 -0.13046
v 0.20556 0.00072 -0.13137
v 0.19808 0.00039 -0.16075
v 0.19808 0.00039 -0.16075
v 0.20361 0.00074 -0.15745
v 0.20490 0.00073 -0.14773
v 0.20765 0.00661 -0.15506
v 0.20478 0.00955 -0.16078
v 0.20901 0.00955 -0.14598
v 0.20901 0.00661 -0.14598
v 0.20765 0.00955 -0.15506
v 0.19973 0.00661 -0.16623
v 0.20478 0.00661 -0.16078
v 0.19973 0.00955 -0.16623
v 0.19973 0.01611 -0.16623
v 0.20478 0.01611 -0.16078
v 0.20478 0.01279 -0.16078
v 0.20765 0.01279 -0.15506
v 0.20901 0.01279 -0.14598
v 0.20954 0.00955 -0.13043
v 0.20765 0.00420 -0.15506
v 0.20765 0.00420 -0.15506
v 0.03860 0.00249 -0.20983
v 0.07481 0.00249 -0.20977
v 0.07484 0.00138 -0.20878
v 0.03860 0.00138 -0.20885
v 0.03860 0.00420 -0.20997
v 0.03860 0.00420 -0.20997
v 0.07481 0.00420 -0.20992
v 0.07481 0.00420 -0.20992
v 0.10625 0.00249 -0.20962
v 0.10636 0.00138 -0.20862
v 0.13053 0.00249 -0.20932
v 0.13078 0.00138 -0.20829
v 0.10664 0.00072 -0.20589
v 0.13144 0.00072 -0.20549
v 0.13274 0.00036 -0.20003
v 0.13274 0.00036 -0.20003
v 0.07509 0.00036 -0.20086
v 0.07509 0.00036 -0.20086
v 0.10718 0.00036 -0.20058
v 0.10718 0.00036 -0.20058
v 0.03863 0.00036 -0.20097
v 0.03863 0.00036 -0.20097
v 0.03861 0.00072 -0.20617
v 0.07492 0.00072 -0.20610
v 0.03860 0.00661 -0.20997
v 0.07481 0.00661 -0.20992
v 0.07481 0.00955 -0.20992
v 0.10624 0.00955 -0.20976
v 0.10624 0.00661 -0.20976
v 0.10624 0.01279 -0.20976
v 0.03860 0.00955 -0.20997
v 0.03860 0.01279 -0.20997
v 0.03860 0.01611 -0.20997
v 0.07481 0.01279 -0.20992
v 0.10624 0.01611 -0.20976
v 0.13050 0.01279 -0.20947
v 0.10624 0.00420 -0.20976
v 0.10624 0.00420 -0.20976
v 0.13050 0.00661 -0.20947
v 0.14612 0.00955 -0.20888
v 0.14612 0.01279 -0.20888
v 0.15528 0.00955 -0.20744
v 0.13050 0.00955 -0.20947
v 0.13050 0.01611 -0.20947
v 0.15528 0.01279 -0.20744
v 0.15528 0.01611 -0.20744
v 0.16107 0.00955 -0.20449
v 0.16107 0.01279 -0.20449
v 0.16659 0.00955 -0.19937
v 0.16107 0.00420 -0.20449
v 0.16107 0.00420 -0.20449
v 0.16107 0.00661 -0.20449
v 0.16659 0.00420 -0.19937
v 0.16659 0.00420 -0.19937
v 0.14612 0.00420 -0.20888
v 0.14612 0.00420 -0.20888
v 0.14612 0.00661 -0.20888
v 0.15528 0.00661 -0.20744
v 0.17419 0.00955 -0.19178
v 0.18319 0.00955 -0.18278
v 0.17419 0.01279 -0.19178
v 0.19218 0.00955 -0.17379
v 0.19218 0.00661 -0.17379
v 0.17419 0.00661 -0.19178
v 0.16659 0.00661 -0.19937
v 0.16659 0.01279 -0.19937
v 0.17419 0.01611 -0.19178
v 0.18319 0.01279 -0.18278
v 0.19218 0.01279 -0.17379
v 0.19973 0.01279 -0.16623
v 0.19973 0.00420 -0.16623
v 0.19973 0.00420 -0.16623
v 0.18319 0.00661 -0.18278
v 0.15598 0.00139 -0.20624
v 0.15537 0.00249 -0.20729
v 0.14786 0.00073 -0.20477
v 0.15026 0.00036 -0.19914
v 0.15026 0.00036 -0.19914
v 0.14664 0.00138 -0.20766
v 0.13050 0.00420 -0.20947
v 0.13050 0.00420 -0.20947
v 0.14618 0.00249 -0.20872
v 0.15528 0.00420 -0.20744
v 0.15528 0.00420 -0.20744
v 0.16116 0.00249 -0.20436
v 0.16179 0.00140 -0.20343
v 0.16348 0.00078 -0.20095
v 0.15766 0.00074 -0.20340
v 0.16678 0.00046 -0.19625
v 0.16678 0.00046 -0.19625
v 0.18256 0.00076 -0.18218
v 0.17421 0.00249 -0.19171
v 0.18317 0.00249 -0.18275
v 0.18300 0.00139 -0.18260
v 0.19211 0.00249 -0.17382
v 0.19164 0.00140 -0.17400
v 0.16969 0.00054 -0.19447
v 0.16969 0.00054 -0.19447
v 0.16829 0.00080 -0.19675
v 0.17452 0.00046 -0.18905
v 0.17452 0.00046 -0.18905
v 0.17439 0.00140 -0.19125
v 0.16713 0.00140 -0.19855
v 0.16666 0.00249 -0.19927
v 0.17419 0.00420 -0.19178
v 0.17419 0.00420 -0.19178
v 0.18319 0.00420 -0.18278
v 0.19218 0.00420 -0.17379
v 0.19218 0.00420 -0.17379
v 0.19890 0.00140 -0.16678
v 0.19053 0.00078 -0.17436
v 0.17473 0.00078 -0.19016
v 0.14535 0.02457 -0.20529
v 0.15441 0.02457 -0.20393
v 0.15502 0.02215 -0.20640
v 0.16077 0.02215 -0.20350
v 0.14612 0.01611 -0.20888
v 0.13047 0.01928 -0.20933
v 0.14589 0.02215 -0.20781
v 0.13030 0.02215 -0.20839
v 0.12982 0.02457 -0.20584
v 0.12888 0.02640 -0.20087
v 0.12888 0.02640 -0.20087
v 0.16005 0.02457 -0.20115
v 0.15865 0.02640 -0.19657
v 0.15865 0.02640 -0.19657
v 0.16103 0.01928 -0.20436
v 0.16621 0.02215 -0.19847
v 0.16107 0.01611 -0.20449
v 0.14609 0.01928 -0.20874
v 0.15525 0.01928 -0.20731
v 0.17413 0.01928 -0.19168
v 0.18311 0.01928 -0.18270
v 0.17369 0.02215 -0.19100
v 0.18254 0.02215 -0.18216
v 0.19138 0.02215 -0.17332
v 0.16659 0.01611 -0.19937
v 0.16655 0.01928 -0.19926
v 0.16531 0.02457 -0.19632
v 0.17250 0.02457 -0.18917
v 0.18101 0.02457 -0.18069
v 0.17802 0.02640 -0.17783
v 0.17802 0.02640 -0.17783
v 0.18950 0.02457 -0.17222
v 0.19208 0.01928 -0.17373
v 0.19882 0.02215 -0.16590
v 0.19962 0.01928 -0.16619
v 0.18319 0.01611 -0.18278
v 0.19218 0.01611 -0.17379
v 0.07579 0.00000 -0.13891
v 0.10971 0.00000 -0.10971
v 0.10957 0.00000 -0.13873
v 0.13874 0.00000 -0.10956
v 0.13874 0.00000 -0.10956
v 0.13898 0.00000 -0.03872
v 0.13898 0.00000 -0.03872
v 0.07557 0.00005 -0.17955
v 0.03871 0.00001 -0.16215
v 0.03869 0.00005 -0.17971
v 0.03866 0.00015 -0.19240
v 0.10931 0.00001 -0.16170
v 0.07572 0.00001 -0.16203
v 0.03872 0.00000 -0.13898
v -0.00000 0.00000 -0.13899
v -0.00000 0.00005 -0.17973
v -0.00000 0.00005 -0.17973
v -0.00000 0.00015 -0.19242
v -0.00000 0.00015 -0.19242
v 0.07533 0.00015 -0.19226
v 0.13660 0.00005 -0.17830
v 0.13660 0.00005 -0.17830
v 0.10881 0.00005 -0.17913
v 0.10800 0.00015 -0.19187
v 0.20992 0.01279 -0.07480
v 0.20992 0.00955 -0.07480
v 0.20997 0.00661 -0.03860
v 0.20997 0.01279 -0.03860
v 0.20954 0.00661 -0.13043
v 0.20979 0.00955 -0.10621
v 0.20954 0.01279 -0.13043
v 0.20979 0.01611 -0.10621
v 0.20979 0.01279 -0.10621
v 0.20992 0.01611 -0.07480
v 0.20997 0.00955 -0.03860
v 0.20997 0.00420 -0.03860
v 0.20997 0.00420 -0.03860
v 0.20979 0.00661 -0.10621
v 0.20992 0.00661 -0.07480
v 0.20879 0.00138 -0.07483
v 0.20865 0.00138 -0.10633
v 0.20965 0.00249 -0.10622
v 0.20978 0.00249 -0.07480
v 0.20885 0.00138 -0.03860
v 0.20592 0.00072 -0.10661
v 0.20836 0.00138 -0.13071
v 0.20979 0.00420 -0.10621
v 0.20979 0.00420 -0.10621
v 0.20992 0.00420 -0.07480
v 0.20992 0.00420 -0.07480
v 0.20983 0.00249 -0.03860
v 0.20885 0.00138 0.00000
v 0.20097 0.00036 -0.03863
v 0.20097 0.00036 -0.03863
v 0.20098 0.00036 0.00000
v 0.20098 0.00036 0.00000
v 0.20098 0.00036 0.00000
v 0.20617 0.00072 -0.03861
v 0.20061 0.00036 -0.10715
v 0.20061 0.00036 -0.10715
v 0.20610 0.00072 -0.07492
v 0.20887 0.02215 -0.03855
v 0.20882 0.02215 -0.07470
v 0.20621 0.02457 -0.07447
v 0.20954 0.01611 -0.13043
v 0.20940 0.01928 -0.13041
v 0.20966 0.01928 -0.10619
v 0.20870 0.02215 -0.10607
v 0.20090 0.02640 -0.12909
v 0.20090 0.02640 -0.12909
v 0.20107 0.02640 -0.10512
v 0.20107 0.02640 -0.10512
v 0.20611 0.02457 -0.10575
v 0.20113 0.02640 -0.07403
v 0.20113 0.02640 -0.07403
v 0.20624 0.02457 -0.03843
v 0.20983 0.01928 -0.03859
v 0.20997 0.01611 -0.03860
v 0.20979 0.01928 -0.07479
v 0.17265 0.02835 -0.07045
v 0.17291 0.02834 -0.03599
v 0.18314 0.02813 -0.07219
v 0.18317 0.02813 -0.03712
v 0.19307 0.02754 -0.03780
v 0.15619 0.02844 -0.12724
v 0.16336 0.02838 -0.06710
v 0.16336 0.02838 -0.06710
v 0.17180 0.02835 -0.10168
v 0.20111 0.02640 -0.00000
v 0.20111 0.02640 -0.00000
v 0.20112 0.02640 -0.03820
v 0.20112 0.02640 -0.03820
v 0.19308 0.02754 -0.10414
v 0.19310 0.02754 -0.07329
v 0.17099 0.02836 -0.12656
v 0.18292 0.02813 -0.10303
v 0.07298 0.02754 -0.19315
v 0.03681 0.02814 -0.18314
v 0.07156 0.02814 -0.18318
v 0.09986 0.02838 -0.17229
v 0.06931 0.02839 -0.17260
v 0.12743 0.02754 -0.19300
v 0.07388 0.02640 -0.20115
v 0.07388 0.02640 -0.20115
v 0.10370 0.02754 -0.19314
v 0.03812 0.02640 -0.20114
v 0.03812 0.02640 -0.20114
v 0.03764 0.02754 -0.19310
v -0.00000 0.02814 -0.18309
v -0.00000 0.02814 -0.18309
v 0.00000 0.02839 -0.17265
v 0.03544 0.02839 -0.17267
v 0.06539 0.02848 -0.16284
v 0.10207 0.02814 -0.18313
v 0.15139 0.02754 -0.19158
v 0.14940 0.02813 -0.18234
v 0.14089 0.02813 -0.18290
v 0.15650 0.02754 -0.18942
v 0.16083 0.02754 -0.18564
v 0.16083 0.02754 -0.18564
v 0.15322 0.02640 -0.19913
v 0.15322 0.02640 -0.19913
v 0.14429 0.02640 -0.20038
v 0.14429 0.02640 -0.20038
v 0.14266 0.02754 -0.19262
v 0.12577 0.02814 -0.18304
v 0.12429 0.02837 -0.17203
v 0.13960 0.02836 -0.17248
v 0.15225 0.02834 -0.17255
v 0.14787 0.02835 -0.17283
v 0.15149 0.02838 -0.16539
v 0.15149 0.02838 -0.16539
v 0.15414 0.02813 -0.18091
v 0.16658 0.02754 -0.18002
v 0.16783 0.02813 -0.16808
v 0.17343 0.02813 -0.16280
v 0.18013 0.02754 -0.16672
v 0.16248 0.02834 -0.16296
v 0.16707 0.02834 -0.15909
v 0.16355 0.02640 -0.19214
v 0.16355 0.02640 -0.19214
v 0.17018 0.02640 -0.18559
v 0.17018 0.02640 -0.18559
v 0.15778 0.02813 -0.17805
v 0.15516 0.02834 -0.17097
v 0.16237 0.02813 -0.17350
v 0.15841 0.02834 -0.16735
v 0.15809 0.02837 -0.15878
v 0.15809 0.02837 -0.15878
v 0.16216 0.02837 -0.15602
v 0.16216 0.02837 -0.15602
v 0.17809 0.02813 -0.15838
v 0.19241 0.02640 -0.16353
v 0.19241 0.02640 -0.16353
v 0.17335 0.02754 -0.17336
v 0.18584 0.02640 -0.17007
v 0.18584 0.02640 -0.17007
v 0.14790 0.02842 -0.15092
v 0.15928 0.02838 -0.15354
v 0.15214 0.02839 -0.15367
v 0.14897 0.02839 -0.15809
v 0.14320 0.02841 -0.15607
v 0.15695 0.02838 -0.15071
v 0.15504 0.02838 -0.15595
v 0.15514 0.02837 -0.16262
v 0.15514 0.02837 -0.16262
v 0.15368 0.02837 -0.16613
v 0.15242 0.02838 -0.15990
v 0.14753 0.02838 -0.16440
v 0.14753 0.02838 -0.16440
v 0.13994 0.02840 -0.16300
v 0.13994 0.02840 -0.16300
v 0.13395 0.02847 -0.15275
v 0.13395 0.02847 -0.15275
v 0.12316 0.02846 -0.16007
v 0.14099 0.02848 -0.14712
v 0.14099 0.02848 -0.14712
v 0.14761 0.02847 -0.14067
v 0.15365 0.02841 -0.14643
v 0.05027 0.02906 -0.13663
v 0.03124 0.02922 -0.13785
v 0.04605 0.02922 -0.13486
v 0.03427 0.02906 -0.13939
v 0.01736 0.02906 -0.14103
v 0.04337 0.02955 -0.13370
v 0.00000 0.02906 -0.14156
v 0.01578 0.02922 -0.13963
v 0.01477 0.02955 -0.13871
v 0.01416 0.03013 -0.13807
v 0.01416 0.03013 -0.13807
v 0.02930 0.02955 -0.13683
v 0.02813 0.03013 -0.13614
v 0.02813 0.03013 -0.13614
v 0.05673 0.02955 -0.12934
v 0.05481 0.03013 -0.12847
v 0.05481 0.03013 -0.12847
v 0.11704 0.02955 -0.07883
v 0.12146 0.02906 -0.08310
v 0.11878 0.02922 -0.08050
v 0.12488 0.02922 -0.06843
v 0.11992 0.02896 -0.09861
v 0.11992 0.02896 -0.09861
v 0.11164 0.02922 -0.09169
v 0.10346 0.02922 -0.10184
v 0.10346 0.02922 -0.10184
v 0.10812 0.03013 -0.08875
v 0.10812 0.03013 -0.08875
v 0.10947 0.02955 -0.08988
v 0.11594 0.03013 -0.07778
v 0.11594 0.03013 -0.07778
v 0.12354 0.02955 -0.06695
v 0.12267 0.03013 -0.06603
v 0.12267 0.03013 -0.06603
v 0.12993 0.02922 -0.05563
v 0.12693 0.02906 -0.07073
v 0.11499 0.02906 -0.09449
v 0.12539 0.02896 -0.08693
v 0.12539 0.02896 -0.08693
v 0.08398 0.02922 -0.11865
v 0.09426 0.02922 -0.11084
v 0.08073 0.02955 -0.11697
v 0.09129 0.02955 -0.10904
v 0.08907 0.02906 -0.12124
v 0.09658 0.02896 -0.12504
v 0.09658 0.02896 -0.12504
v 0.08553 0.02896 -0.13099
v 0.08553 0.02896 -0.13099
v 0.07223 0.02896 -0.13568
v 0.07223 0.02896 -0.13568
v 0.06489 0.02906 -0.13271
v 0.07780 0.02906 -0.12759
v 0.05991 0.02922 -0.13067
v 0.07255 0.02922 -0.12526
v 0.06920 0.02955 -0.12375
v 0.06717 0.03013 -0.12278
v 0.06717 0.03013 -0.12278
v 0.08946 0.03013 -0.10790
v 0.08946 0.03013 -0.10790
v 0.10088 0.02955 -0.09999
v 0.10749 0.02906 -0.10471
v 0.10749 0.02906 -0.10471
v 0.09891 0.02906 -0.11363
v 0.13759 0.02906 -0.02941
v 0.13680 0.02922 -0.02840
v 0.13364 0.02896 -0.06037
v 0.13364 0.02896 -0.06037
v 0.13364 0.02896 -0.06037
v 0.13144 0.02906 -0.05755
v 0.13500 0.02906 -0.04372
v 0.13391 0.02922 -0.04224
v 0.12894 0.02955 -0.05439
v 0.13318 0.02955 -0.04128
v 0.13811 0.02955 -0.01395
v 0.13625 0.02955 -0.02775
v 0.13777 0.03013 -0.01374
v 0.13777 0.03013 -0.01374
v 0.13874 0.02955 -0.00000
v 0.13855 0.02922 -0.01427
v 0.13917 0.02906 -0.01479
v 0.15492 0.02841 -0.08800
v 0.15202 0.02840 -0.05457
v 0.15078 0.02843 -0.07673
v 0.14804 0.02846 -0.06673
v 0.14887 0.02843 -0.04797
v 0.15704 0.02838 -0.03146
v 0.16381 0.02838 -0.03415
v 0.15660 0.02839 -0.06143
v 0.16164 0.02840 -0.09777
v 0.15073 0.02847 -0.10664
v 0.14790 0.02849 -0.09166
v 0.14614 0.02852 -0.07899
v 0.14909 0.02842 -0.02502
v 0.15234 0.02839 -0.02827
v 0.14460 0.02859 -0.01977
v 0.14216 0.02872 -0.03543
v 0.14361 0.02861 -0.05500
v 0.13870 0.02884 -0.04881
v 0.14670 0.02849 -0.00000
v 0.14670 0.02849 -0.00000
v 0.14668 0.02849 -0.02210
v 0.14646 0.02850 -0.04244
v 0.14589 0.02852 -0.05922
v 0.14424 0.02859 -0.03842
v 0.14299 0.02861 -0.06958
v 0.14299 0.02861 -0.06958
v 0.14115 0.02872 -0.05195
v 0.13658 0.02896 -0.04590
v 0.13658 0.02896 -0.04590
v 0.14028 0.02884 -0.03293
v 0.14126 0.02884 -0.01659
v 0.13873 0.02896 -0.03090
v 0.13873 0.02896 -0.03090
v 0.14005 0.02896 -0.01554
v 0.14005 0.02896 -0.01554
v 0.14279 0.02871 -0.01798
v 0.13755 0.02858 -0.13518
v 0.13069 0.02858 -0.14198
v 0.12175 0.02858 -0.14731
v 0.10675 0.02884 -0.13017
v 0.11860 0.02871 -0.13607
v 0.10853 0.02871 -0.14124
v 0.08227 0.02884 -0.13980
v 0.09605 0.02884 -0.13564
v 0.11504 0.02884 -0.12321
v 0.10575 0.02896 -0.11771
v 0.10575 0.02896 -0.11771
v 0.14220 0.02857 -0.12537
v 0.14220 0.02857 -0.12537
v 0.12603 0.02871 -0.12933
v 0.14322 0.02858 -0.11176
v 0.14295 0.02859 -0.09724
v 0.13684 0.02871 -0.09612
v 0.13397 0.02884 -0.07847
v 0.13127 0.02871 -0.12048
v 0.12151 0.02884 -0.11453
v 0.12151 0.02884 -0.11453
v 0.13465 0.02871 -0.10916
v 0.11342 0.02896 -0.10892
v 0.11342 0.02896 -0.10892
v 0.11342 0.02896 -0.10892
v 0.12663 0.02884 -0.10400
v 0.13071 0.02884 -0.09186
v 0.12994 0.02896 -0.07411
v 0.12994 0.02896 -0.07411
v 0.13659 0.02884 -0.06405
v 0.13659 0.02884 -0.06405
v 0.13989 0.02872 -0.06752
v 0.13989 0.02872 -0.06752
v 0.13850 0.02872 -0.08221
v 0.14512 0.02854 -0.06986
v 0.14280 0.02860 -0.08328
v 0.05194 0.02871 -0.14918
v 0.07513 0.02871 -0.14762
v 0.06495 0.02884 -0.14281
v 0.04482 0.02884 -0.14481
v 0.09530 0.02848 -0.16203
v 0.05925 0.02859 -0.15506
v 0.03326 0.02849 -0.16311
v -0.00000 0.02849 -0.16314
v 0.03015 0.02859 -0.15557
v 0.02650 0.02871 -0.14997
v 0.00000 0.02871 -0.15019
v 0.00000 0.02871 -0.15019
v -0.00000 0.02884 -0.14627
v -0.00000 0.02884 -0.14627
v 0.02287 0.02884 -0.14592
v 0.01970 0.02896 -0.14306
v 0.01970 0.02896 -0.14306
v 0.03875 0.02896 -0.14164
v 0.05648 0.02896 -0.13921
v 0.05648 0.02896 -0.13921
v 0.09440 0.02871 -0.14505
v 0.10789 0.02858 -0.15147
v 0.08604 0.02858 -0.15387
v 0.01963 0.51835 -0.00193
v 0.01934 0.51835 -0.00385
v 0.01866 0.51867 -0.00371
v 0.01893 0.51867 -0.00186
v 0.01887 0.51835 -0.00573
v 0.01820 0.51867 -0.00552
v 0.01788 0.51883 -0.00356
v 0.01814 0.51883 -0.00179
v 0.01745 0.51883 -0.00529
v 0.02019 0.51792 -0.00199
v 0.01972 0.51835 -0.00000
v 0.01972 0.51835 -0.00000
v 0.01942 0.51792 -0.00589
v 0.01942 0.51792 -0.00589
v 0.01822 0.51835 -0.00755
v 0.01757 0.51867 -0.00728
v 0.01684 0.51883 -0.00698
v 0.01823 0.51883 -0.00000
v 0.01823 0.51883 -0.00000
v 0.01739 0.51835 -0.00930
v 0.01640 0.51835 -0.01096
v 0.01582 0.51867 -0.01057
v 0.01678 0.51867 -0.00897
v 0.01525 0.51835 -0.01251
v 0.01470 0.51867 -0.01207
v 0.01516 0.51883 -0.01013
v 0.01608 0.51883 -0.00859
v 0.01409 0.51883 -0.01157
v 0.01687 0.51792 -0.01127
v 0.01687 0.51792 -0.01127
v 0.01569 0.51792 -0.01287
v 0.01569 0.51792 -0.01287
v 0.01395 0.51835 -0.01395
v 0.01345 0.51867 -0.01345
v 0.01289 0.51883 -0.01289
v 0.01251 0.51835 -0.01525
v 0.01096 0.51835 -0.01640
v 0.01057 0.51867 -0.01582
v 0.01207 0.51867 -0.01470
v 0.00930 0.51835 -0.01739
v 0.00897 0.51867 -0.01678
v 0.01013 0.51883 -0.01516
v 0.01157 0.51883 -0.01409
v 0.00859 0.51883 -0.01608
v 0.01287 0.51792 -0.01569
v 0.00755 0.51835 -0.01822
v 0.00728 0.51867 -0.01757
v 0.00698 0.51883 -0.01684
v 0.00573 0.51835 -0.01887
v 0.00385 0.51835 -0.01934
v 0.00371 0.51867 -0.01866
v 0.00552 0.51867 -0.01820
v 0.00193 0.51835 -0.01963
v 0.00186 0.51867 -0.01893
v 0.00356 0.51883 -0.01788
v 0.00529 0.51883 -0.01745
v 0.00179 0.51883 -0.01814
v 0.00589 0.51792 -0.01942
v 0.02801 0.48271 -0.00850
v 0.02237 0.50693 -0.00679
v 0.02293 0.50693 -0.00456
v 0.02871 0.48271 -0.00571
v 0.02009 0.51618 -0.00610
v 0.02060 0.51618 -0.00410
v 0.02327 0.50693 -0.00229
v 0.02913 0.48271 -0.00287
v 0.02090 0.51618 -0.00206
v 0.03879 0.43604 -0.01177
v 0.01990 0.51792 -0.00396
v 0.04034 0.43604 -0.00397
v 0.03975 0.43604 -0.00791
v 0.09615 0.18737 -0.02917
v 0.07586 0.27534 -0.02301
v 0.07775 0.27534 -0.01547
v 0.09854 0.18737 -0.01960
v 0.05560 0.36319 -0.01687
v 0.05698 0.36319 -0.01133
v 0.07889 0.27534 -0.00777
v 0.09999 0.18737 -0.00985
v 0.05782 0.36319 -0.00569
v 0.09283 0.18737 -0.03845
v 0.07324 0.27534 -0.03034
v 0.05368 0.36319 -0.02223
v 0.05810 0.36319 -0.00000
v 0.05810 0.36319 -0.00000
v 0.07928 0.27534 -0.00000
v 0.07928 0.27534 -0.00000
v 0.07767 0.18737 -0.06374
v 0.06128 0.27534 -0.05029
v 0.06591 0.27534 -0.04404
v 0.08354 0.18737 -0.05582
v 0.04491 0.36319 -0.03686
v 0.04830 0.36319 -0.03228
v 0.06992 0.27534 -0.03737
v 0.08861 0.18737 -0.04736
v 0.05124 0.36319 -0.02739
v 0.07105 0.18737 -0.07105
v 0.05606 0.27534 -0.05606
v 0.04108 0.36319 -0.04108
v 0.04736 0.18737 -0.08861
v 0.03737 0.27534 -0.06992
v 0.04404 0.27534 -0.06591
v 0.05582 0.18737 -0.08354
v 0.02739 0.36319 -0.05124
v 0.03228 0.36319 -0.04830
v 0.05029 0.27534 -0.06128
v 0.06374 0.18737 -0.07767
v 0.03686 0.36319 -0.04491
v 0.03845 0.18737 -0.09283
v 0.03034 0.27534 -0.07324
v 0.02223 0.36319 -0.05368
v 0.00985 0.18737 -0.09999
v 0.00777 0.27534 -0.07889
v 0.01547 0.27534 -0.07775
v 0.01960 0.18737 -0.09854
v 0.00569 0.36319 -0.05782
v 0.01133 0.36319 -0.05698
v 0.02301 0.27534 -0.07586
v 0.02917 0.18737 -0.09615
v 0.01687 0.36319 -0.05560
v -0.00000 0.00000 -0.13767
v -0.00000 0.00000 -0.13767
v 0.01349 0.00000 -0.13700
v 0.11485 0.00000 0.07583
v 0.07583 0.00000 0.11485
v 0.06489 0.00000 0.12141
v 0.03996 0.00000 -0.13174
v 0.05268 0.00000 -0.12719
v -0.09735 0.00000 0.09735
v -0.10642 0.00000 0.08733
v -0.07648 0.00000 -0.11446
v -0.07583 0.00000 -0.11485
v -0.06489 0.00000 -0.12141
v -0.13205 0.00000 -0.03872
v 0.13767 0.00000 0.00000
v 0.11485 0.00000 -0.07583
v -0.08281 0.00000 0.10977
v -0.08733 0.00000 0.10642
v 0.08733 0.00000 -0.10642
v 0.09735 0.00000 -0.09735
v 0.10642 0.00000 0.08733
v 0.09735 0.00000 0.09735
v 0.13205 0.00000 0.03872
v 0.01349 0.00000 0.13700
v -0.00000 0.00000 0.13767
v -0.00000 0.00000 0.13767
v -0.13205 0.00000 0.03872
v -0.13767 0.00000 0.00000
v -0.10977 0.00000 -0.08281
v -0.08281 0.00000 -0.10977
v 0.02686 0.00000 0.13502
v 0.03872 0.00000 0.13205
v 0.08281 0.00000 -0.10977
v 0.10642 0.00000 -0.08733
v 0.10977 0.00000 -0.08281
v -0.11485 0.00000 -0.07583
v 0.02686 0.00000 -0.13502
v -0.01349 0.00000 0.13700
v -0.02686 0.00000 0.13502
v -0.11485 0.00000 0.07583
v 0.06489 0.00000 -0.12141
v 0.03872 0.00000 -0.13205
v 0.10977 0.00000 0.08281
v -0.05268 0.00000 -0.12719
v -0.03996 0.00000 -0.13174
v -0.03872 0.00000 -0.13205
v -0.02686 0.00000 -0.13502
v -0.05268 0.00000 0.12719
v -0.06489 0.00000 0.12141
v 0.07648 0.00000 -0.11446
v 0.07583 0.00000 -0.11485
v 0.05268 0.00000 0.12719
v 0.03996 0.00000 0.13174
v -0.10977 0.00000 0.08281
v -0.01349 0.00000 -0.13700
v 0.08281 0.00000 0.10977
v 0.08733 0.00000 0.10642
v 0.13205 0.00000 -0.03872
v -0.03872 0.00000 0.13205
v -0.07583 0.00000 0.11485
v -0.03996 0.00000 0.13174
v 0.01349 0.00000 -0.13700
v -0.00000 0.00000 -0.13767
v -0.00000 0.00000 -0.13767
v -0.00000 0.00000 -0.13767
v 0.11446 0.00000 0.07648
v 0.11446 0.00000 0.07648
v 0.11485 0.00000 0.07583
v 0.11485 0.00000 0.07583
v 0.12141 0.00000 0.06489
v 0.12141 0.00000 0.06489
v 0.07583 0.00000 0.11485
v 0.07583 0.00000 0.11485
v 0.07648 0.00000 0.11446
v 0.07648 0.00000 0.11446
v 0.06489 0.00000 0.12141
v 0.06489 0.00000 0.12141
v 0.05268 0.00000 -0.12719
v 0.03996 0.00000 -0.13174
v -0.10642 0.00000 0.08733
v -0.10642 0.00000 0.08733
v -0.09735 0.00000 0.09735
v -0.06489 0.00000 -0.12141
v -0.07583 0.00000 -0.11485
v -0.07648 0.00000 -0.11446
v -0.13174 0.00000 -0.03996
v -0.13174 0.00000 -0.03996
v -0.13205 0.00000 -0.03872
v -0.13502 0.00000 -0.02686
v -0.13502 0.00000 -0.02686
v -0.13502 0.00000 -0.02686
v 0.13700 0.00000 0.01349
v 0.13700 0.00000 0.01349
v 0.13700 0.00000 0.01349
v 0.13767 0.00000 0.00000
v 0.13767 0.00000 0.00000
v 0.13767 0.00000 -0.00000
v 0.13767 0.00000 -0.00000
v 0.13767 0.00000 -0.00000
v 0.12719 0.00000 -0.05268
v 0.12719 0.00000 -0.05268
v 0.12719 0.00000 -0.05268
v 0.12141 0.00000 -0.06489
v 0.12141 0.00000 -0.06489
v 0.11485 0.00000 -0.07583
v 0.11485 0.00000 -0.07583
v 0.11446 0.00000 -0.07648
v 0.11446 0.00000 -0.07648
v 0.11446 0.00000 -0.07648
v -0.08733 0.00000 0.10642
v -0.08281 0.00000 0.10977
v -0.07648 0.00000 0.11446
v -0.07648 0.00000 0.11446
v 0.09735 0.00000 -0.09735
v 0.08733 0.00000 -0.10642
v 0.08733 0.00000 -0.10642
v 0.09735 0.00000 0.09735
v 0.10642 0.00000 0.08733
v 0.10642 0.00000 0.08733
v 0.13174 0.00000 0.03996
v 0.13174 0.00000 0.03996
v 0.13205 0.00000 0.03872
v 0.13205 0.00000 0.03872
v 0.13502 0.00000 0.02686
v 0.13502 0.00000 0.02686
v 0.13502 0.00000 0.02686
v -0.00000 0.00000 0.13767
v -0.00000 0.00000 0.13767
v 0.01349 0.00000 0.13700
v 0.01349 0.00000 0.13700
v -0.13767 0.00000 0.00000
v -0.13767 0.00000 0.00000
v -0.13700 0.00000 0.01349
v -0.13700 0.00000 0.01349
v -0.13700 0.00000 0.01349
v -0.13502 0.00000 0.02686
v -0.13502 0.00000 0.02686
v -0.13502 0.00000 0.02686
v -0.13205 0.00000 0.03872
v -0.13205 0.00000 0.03872
v -0.08281 0.00000 -0.10977
v -0.08733 0.00000 -0.10642
v -0.08733 0.00000 -0.10642
v -0.08733 0.00000 -0.10642
v -0.09735 0.00000 -0.09735
v -0.09735 0.00000 -0.09735
v -0.10642 0.00000 -0.08733
v -0.10642 0.00000 -0.08733
v -0.10642 0.00000 -0.08733
v -0.10977 0.00000 -0.08281
v -0.13767 0.00000 -0.00000
v -0.13767 0.00000 -0.00000
v -0.13767 0.00000 -0.00000
v -0.13700 0.00000 -0.01349
v -0.13700 0.00000 -0.01349
v 0.03872 0.00000 0.13205
v 0.03872 0.00000 0.13205
v 0.02686 0.00000 0.13502
v 0.08281 0.00000 -0.10977
v 0.10642 0.00000 -0.08733
v 0.10642 0.00000 -0.08733
v 0.10977 0.00000 -0.08281
v -0.11446 0.00000 -0.07648
v -0.11446 0.00000 -0.07648
v -0.11485 0.00000 -0.07583
v -0.12141 0.00000 -0.06489
v -0.12141 0.00000 -0.06489
v -0.12719 0.00000 -0.05268
v -0.12719 0.00000 -0.05268
v -0.12719 0.00000 -0.05268
v 0.02686 0.00000 -0.13502
v -0.02686 0.00000 0.13502
v -0.01349 0.00000 0.13700
v -0.12141 0.00000 0.06489
v -0.12141 0.00000 0.06489
v -0.11485 0.00000 0.07583
v -0.11446 0.00000 0.07648
v -0.11446 0.00000 0.07648
v 0.06489 0.00000 -0.12141
v 0.03872 0.00000 -0.13205
v 0.10977 0.00000 0.08281
v 0.12719 0.00000 0.05268
v 0.12719 0.00000 0.05268
v -0.03996 0.00000 -0.13174
v -0.03996 0.00000 -0.13174
v -0.05268 0.00000 -0.12719
v -0.05268 0.00000 -0.12719
v -0.02686 0.00000 -0.13502
v -0.03872 0.00000 -0.13205
v -0.06489 0.00000 0.12141
v -0.05268 0.00000 0.12719
v -0.05268 0.00000 0.12719
v 0.13700 0.00000 -0.01349
v 0.13700 0.00000 -0.01349
v 0.13700 0.00000 -0.01349
v 0.13502 0.00000 -0.02686
v 0.13502 0.00000 -0.02686
v 0.13502 0.00000 -0.02686
v 0.07583 0.00000 -0.11485
v 0.07583 0.00000 -0.11485
v 0.07648 0.00000 -0.11446
v 0.03996 0.00000 0.13174
v 0.03996 0.00000 0.13174
v 0.05268 0.00000 0.12719
v 0.13174 0.00000 -0.03996
v 0.13174 0.00000 -0.03996
v -0.12719 0.00000 0.05268
v -0.12719 0.00000 0.05268
v -0.12719 0.00000 0.05268
v -0.10977 0.00000 0.08281
v -0.10977 0.00000 0.08281
v -0.01349 0.00000 -0.13700
v -0.01349 0.00000 -0.13700
v 0.08733 0.00000 0.10642
v 0.08281 0.00000 0.10977
v 0.08281 0.00000 0.10977
v 0.13205 0.00000 -0.03872
v -0.03872 0.00000 0.13205
v -0.13174 0.00000 0.03996
v -0.13174 0.00000 0.03996
v -0.13174 0.00000 0.03996
v -0.07583 0.00000 0.11485
v -0.03996 0.00000 0.13174
vt 0.35188 0.92724
vt 0.35751 0.94222
vt 0.35891 0.94175
vt 0.35365 0.92663
vt 0.35967 0.94800
vt 0.36093 0.94759
vt 0.36032 0.94132
vt 0.35543 0.92607
vt 0.36220 0.94721
vt 0.35014 0.92789
vt 0.34105 0.89841
vt 0.36011 0.94921
vt 0.36258 0.94844
vt 0.36348 0.94687
vt 0.36175 0.94093
vt 0.35723 0.92556
vt 0.34601 0.89674
vt 0.34852 0.89600
vt 0.34352 0.89754
vt 0.35905 0.92510
vt 0.36320 0.94059
vt 0.36466 0.94029
vt 0.36089 0.92470
vt 0.36478 0.94657
vt 0.36610 0.94631
vt 0.36613 0.94003
vt 0.36274 0.92435
vt 0.36742 0.94609
vt 0.35106 0.89532
vt 0.36637 0.94757
vt 0.36876 0.94592
vt 0.36763 0.93983
vt 0.36462 0.92405
vt 0.35620 0.89418
vt 0.35880 0.89372
vt 0.35362 0.89472
vt 0.36651 0.92381
vt 0.36913 0.93967
vt 0.37066 0.93957
vt 0.36841 0.92364
vt 0.37012 0.94580
vt 0.37149 0.94572
vt 0.37220 0.93952
vt 0.37034 0.92353
vt 0.37288 0.94570
vt 0.36142 0.89333
vt 0.37297 0.94701
vt 0.37429 0.94574
vt 0.37376 0.93953
vt 0.37229 0.92348
vt 0.36672 0.89278
vt 0.36940 0.89263
vt 0.36406 0.89302
vt 0.24718 0.64876
vt 0.24954 0.65502
vt 0.25793 0.65194
vt 0.25572 0.64562
vt 0.25535 0.67045
vt 0.26336 0.66751
vt 0.26638 0.64906
vt 0.26433 0.64269
vt 0.27143 0.66476
vt 0.04672 0.48376
vt 0.23805 0.65043
vt 0.23805 0.65043
vt 0.23873 0.65210
vt 0.24741 0.67358
vt 0.26632 0.69963
vt 0.27362 0.69695
vt 0.28098 0.69445
vt 0.28840 0.69213
vt 0.27957 0.66221
vt 0.27490 0.64638
vt 0.27300 0.63996
vt 0.28173 0.63743
vt 0.28348 0.64390
vt 0.29211 0.64163
vt 0.29052 0.63511
vt 0.28777 0.65984
vt 0.29602 0.65767
vt 0.30080 0.63955
vt 0.29936 0.63300
vt 0.30431 0.65569
vt 0.29587 0.68998
vt 0.30340 0.68800
vt 0.31096 0.68621
vt 0.31857 0.68460
vt 0.31265 0.65391
vt 0.30952 0.63768
vt 0.30825 0.63109
vt 0.31717 0.62940
vt 0.31829 0.63602
vt 0.32708 0.63456
vt 0.32612 0.62791
vt 0.32103 0.65232
vt 0.32944 0.65094
vt 0.33591 0.63330
vt 0.33510 0.62663
vt 0.33787 0.64975
vt 0.07970 0.41417
vt 0.31686 0.62762
vt 0.32621 0.68317
vt 0.33388 0.68192
vt 0.34157 0.68085
vt 0.34929 0.67996
vt 0.34633 0.64875
vt 0.34475 0.63226
vt 0.34411 0.62556
vt 0.08681 0.40891
vt 0.32586 0.62613
vt 0.35313 0.62469
vt 0.35362 0.63140
vt 0.36249 0.63070
vt 0.36216 0.62397
vt 0.35480 0.64795
vt 0.36329 0.64729
vt 0.37138 0.63010
vt 0.37120 0.62336
vt 0.37178 0.64673
vt 0.11072 0.39772
vt 0.35299 0.62289
vt 0.35703 0.67925
vt 0.36478 0.67867
vt 0.37253 0.67818
vt 0.00018 0.99140
vt 0.13686 0.39399
vt 0.13686 0.39399
vt 0.38023 0.62098
vt 0.59970 0.36572
vt 0.60144 0.36630
vt 0.60639 0.35083
vt 0.60500 0.35037
vt 0.60319 0.36683
vt 0.60780 0.35126
vt 0.60839 0.34459
vt 0.60713 0.34417
vt 0.60966 0.34498
vt 0.58967 0.39482
vt 0.59798 0.36510
vt 0.59798 0.36510
vt 0.59205 0.39561
vt 0.59445 0.39634
vt 0.59687 0.39703
vt 0.60495 0.36733
vt 0.60921 0.35166
vt 0.61093 0.34534
vt 0.36413 0.95403
vt 0.61014 0.34334
vt 0.60589 0.34373
vt 0.60589 0.34373
vt 0.60672 0.36779
vt 0.60850 0.36821
vt 0.61206 0.35237
vt 0.61063 0.35203
vt 0.61029 0.36859
vt 0.61350 0.35267
vt 0.61350 0.34598
vt 0.61221 0.34567
vt 0.61480 0.34625
vt 0.59930 0.39766
vt 0.60175 0.39823
vt 0.60420 0.39875
vt 0.60667 0.39921
vt 0.61209 0.36893
vt 0.61494 0.35295
vt 0.61610 0.34650
vt 0.36952 0.95298
vt 0.61640 0.34482
vt 0.36843 0.95311
vt 0.61513 0.34458
vt 0.36735 0.95329
vt 0.61388 0.34431
vt 0.36627 0.95350
vt 0.61262 0.34402
vt 0.61389 0.36923
vt 0.61570 0.36949
vt 0.61785 0.35340
vt 0.61639 0.35319
vt 0.61752 0.36970
vt 0.61931 0.35357
vt 0.61871 0.34691
vt 0.61740 0.34672
vt 0.62003 0.34706
vt 0.60914 0.39962
vt 0.61163 0.39997
vt 0.61412 0.40027
vt 0.61662 0.40051
vt 0.61933 0.36988
vt 0.62077 0.35371
vt 0.62135 0.34719
vt 0.37276 0.95288
vt 0.62022 0.34537
vt 0.37168 0.95286
vt 0.61894 0.34521
vt 0.62116 0.37001
vt 0.62298 0.37012
vt 0.62370 0.35391
vt 0.62223 0.35383
vt 0.62481 0.37020
vt 0.62517 0.35398
vt 0.62399 0.34737
vt 0.62267 0.34729
vt 0.62531 0.34744
vt 0.61912 0.40069
vt 0.62162 0.40083
vt 0.62413 0.40094
vt 0.58768 0.66728
vt 0.62664 0.34749
vt 0.60834 0.56267
vt 0.61443 0.56300
vt 0.61697 0.50574
vt 0.61215 0.50548
vt 0.62052 0.56325
vt 0.62179 0.50594
vt 0.61951 0.44846
vt 0.61595 0.44826
vt 0.62307 0.44861
vt 0.59805 0.60966
vt 0.60518 0.61017
vt 0.60226 0.56224
vt 0.61232 0.61054
vt 0.61947 0.61084
vt 0.41618 0.86746
vt 0.62661 0.61109
vt 0.48448 0.78774
vt 0.62662 0.50612
vt 0.52180 0.74417
vt 0.62663 0.44874
vt 0.61240 0.44801
vt 0.60733 0.50514
vt 0.58409 0.56012
vt 0.59013 0.56097
vt 0.59772 0.50412
vt 0.59293 0.50345
vt 0.59619 0.56167
vt 0.60252 0.50469
vt 0.60532 0.44725
vt 0.60179 0.44676
vt 0.60885 0.44767
vt 0.56968 0.60602
vt 0.57674 0.60718
vt 0.57806 0.55913
vt 0.58383 0.60817
vt 0.59093 0.60900
vt 0.59827 0.44618
vt 0.58816 0.50267
vt 0.56013 0.55536
vt 0.56608 0.55675
vt 0.57867 0.50078
vt 0.57396 0.49968
vt 0.57206 0.55801
vt 0.58341 0.50178
vt 0.59127 0.44479
vt 0.58780 0.44397
vt 0.59476 0.44552
vt 0.54171 0.59982
vt 0.54865 0.60160
vt 0.55422 0.55384
vt 0.55563 0.60324
vt 0.56264 0.60471
vt 0.58434 0.44308
vt 0.56928 0.49847
vt 0.53669 0.54847
vt 0.54249 0.55039
vt 0.55999 0.49574
vt 0.55539 0.49422
vt 0.54833 0.55218
vt 0.56462 0.49716
vt 0.57750 0.44106
vt 0.57411 0.43994
vt 0.58091 0.44211
vt 0.52115 0.59352
vt 0.52796 0.59577
vt 0.53481 0.59787
vt 0.55083 0.49259
vt 0.55083 0.49259
vt 0.50385 0.64370
vt 0.51177 0.64633
vt 0.51371 0.64027
vt 0.50592 0.63769
vt 0.51975 0.64877
vt 0.52155 0.64267
vt 0.51861 0.62496
vt 0.51116 0.62249
vt 0.52611 0.62726
vt 0.49598 0.64090
vt 0.52778 0.65103
vt 0.52945 0.64490
vt 0.53367 0.62939
vt 0.49819 0.63493
vt 0.53586 0.65311
vt 0.54398 0.65501
vt 0.54538 0.64881
vt 0.53739 0.64694
vt 0.55214 0.65672
vt 0.55340 0.65049
vt 0.54890 0.63313
vt 0.54126 0.63134
vt 0.55658 0.63474
vt 0.56034 0.65825
vt 0.56146 0.65200
vt 0.56428 0.63618
vt 0.56856 0.65959
vt 0.57682 0.66075
vt 0.57765 0.65445
vt 0.56954 0.65332
vt 0.58509 0.66171
vt 0.58579 0.65540
vt 0.57978 0.63853
vt 0.57202 0.63744
vt 0.58756 0.63944
vt 0.59338 0.66248
vt 0.59394 0.65616
vt 0.59535 0.64016
vt 0.60168 0.66307
vt 0.61000 0.66350
vt 0.61027 0.65716
vt 0.60210 0.65673
vt 0.61831 0.66384
vt 0.61844 0.65749
vt 0.61097 0.64112
vt 0.60316 0.64071
vt 0.61879 0.64144
vt 0.38165 0.90772
vt 0.62664 0.66413
vt 0.36345 0.95157
vt 0.36230 0.95189
vt 0.36255 0.95268
vt 0.36367 0.95236
vt 0.36117 0.95226
vt 0.36144 0.95304
vt 0.36281 0.95350
vt 0.36390 0.95319
vt 0.36173 0.95385
vt 0.36442 0.95052
vt 0.36324 0.95082
vt 0.36460 0.95127
vt 0.36207 0.95116
vt 0.36091 0.95153
vt 0.35977 0.95195
vt 0.36005 0.95267
vt 0.36005 0.95267
vt 0.36202 0.95467
vt 0.60769 0.34256
vt 0.36307 0.95433
vt 0.60891 0.34296
vt 0.36500 0.95290
vt 0.36520 0.95375
vt 0.61138 0.34369
vt 0.36480 0.95207
vt 0.36811 0.95061
vt 0.36693 0.95079
vt 0.36707 0.95160
vt 0.36821 0.95142
vt 0.36576 0.95101
vt 0.36593 0.95182
vt 0.36721 0.95244
vt 0.36832 0.95226
vt 0.36610 0.95265
vt 0.36922 0.94970
vt 0.36801 0.94984
vt 0.36929 0.95047
vt 0.36680 0.95003
vt 0.36561 0.95026
vt 0.36944 0.95212
vt 0.36936 0.95128
vt 0.37286 0.95036
vt 0.37167 0.95035
vt 0.37167 0.95116
vt 0.37283 0.95118
vt 0.37048 0.95038
vt 0.37052 0.95120
vt 0.37168 0.95201
vt 0.37280 0.95202
vt 0.37056 0.95204
vt 0.37413 0.94964
vt 0.37289 0.94958
vt 0.37406 0.95042
vt 0.37166 0.94957
vt 0.37044 0.94961
vt 0.37060 0.95290
vt 0.61767 0.34503
vt 0.37391 0.95209
vt 0.37383 0.95295
vt 0.62149 0.34549
vt 0.37399 0.95124
vt 0.37766 0.95086
vt 0.37646 0.95069
vt 0.37630 0.95150
vt 0.37745 0.95168
vt 0.37526 0.95053
vt 0.37514 0.95135
vt 0.37613 0.95234
vt 0.37723 0.95251
vt 0.37502 0.95220
vt 0.37787 0.95009
vt 0.33017 0.99851
vt 0.37886 0.95105
vt 0.37662 0.94991
vt 0.37537 0.94975
vt 0.37490 0.95306
vt 0.62278 0.34559
vt 0.37595 0.95320
vt 0.62406 0.34567
vt 0.37701 0.95336
vt 0.62535 0.34573
vt 0.33268 0.99777
vt 0.37806 0.95354
vt 0.58879 0.66598
vt 0.62663 0.34579
vt 0.78031 0.22578
vt 0.78230 0.22582
vt 0.78423 0.22586
vt 0.78281 0.20279
vt 0.78475 0.20283
vt 0.78325 0.18277
vt 0.77771 0.25027
vt 0.77825 0.22573
vt 0.78175 0.25036
vt 0.78175 0.25036
vt 0.78368 0.25040
vt 0.78368 0.25040
vt 0.78520 0.18281
vt 0.78555 0.16731
vt 0.78360 0.16726
vt 0.78082 0.20274
vt 0.78125 0.18272
vt 0.77917 0.18268
vt 0.03972 0.37138
vt 0.04474 0.37190
vt 0.03589 0.36531
vt 0.03891 0.36441
vt 0.03756 0.35669
vt 0.03529 0.37249
vt 0.03529 0.37249
vt 0.03707 0.37143
vt 0.05448 0.37239
vt 0.04435 0.36415
vt 0.04328 0.35602
vt 0.05200 0.34737
vt 0.79034 0.08430
vt 0.04187 0.34771
vt 0.78988 0.09437
vt 0.03419 0.35816
vt 0.02868 0.35374
vt 0.78927 0.11010
vt 0.03356 0.36724
vt 0.03356 0.36724
vt 0.63732 0.96223
vt 0.63740 0.97316
vt 0.64937 0.97757
vt 0.63777 0.96974
vt 0.66124 0.97917
vt 0.67402 0.96811
vt 0.64685 0.95190
vt 0.64685 0.95190
vt 0.64773 0.96565
vt 0.65951 0.96737
vt 0.62734 0.94811
vt 0.76875 0.16698
vt 0.62765 0.95820
vt 0.76895 0.15686
vt 0.63686 0.97454
vt 0.76964 0.13360
vt 0.64471 0.98240
vt 0.76993 0.12505
vt 0.65388 0.98963
vt 0.65256 0.99025
vt 0.77021 0.11651
vt 0.65722 0.98920
vt 0.64608 0.98095
vt 0.67876 0.99953
vt 0.77155 0.08339
vt 0.67665 0.99018
vt 0.67497 0.98001
vt 0.67497 0.98001
vt 0.66468 0.98959
vt 0.73844 0.96880
vt 0.71448 0.98077
vt 0.71469 0.99078
vt 0.69292 0.98051
vt 0.73843 0.95363
vt 0.73843 0.95363
vt 0.71437 0.96872
vt 0.69234 0.95347
vt 0.69252 0.96851
vt 0.69363 0.99058
vt 0.69452 0.99970
vt 0.77231 0.06787
vt 0.71496 0.99979
vt 0.77330 0.04783
vt 0.73851 0.99982
vt 0.77444 0.02476
vt 0.76362 0.99982
vt 0.76362 0.45300
vt 0.77566 0.00018
vt 0.77566 0.99982
vt 0.76362 0.98087
vt 0.76362 0.47195
vt 0.73848 0.99086
vt 0.73845 0.98086
vt 0.78350 0.10484
vt 0.78570 0.10041
vt 0.78552 0.10493
vt 0.78767 0.10049
vt 0.78368 0.10032
vt 0.78598 0.09421
vt 0.78794 0.09429
vt 0.78121 0.10978
vt 0.78732 0.11003
vt 0.03223 0.35045
vt 0.78944 0.10509
vt 0.78750 0.10501
vt 0.03596 0.34859
vt 0.78962 0.10057
vt 0.78840 0.08422
vt 0.78644 0.08414
vt 0.78185 0.09402
vt 0.78396 0.09412
vt 0.78442 0.08404
vt 0.77251 0.09978
vt 0.77173 0.09974
vt 0.66042 0.99810
vt 0.77045 0.10933
vt 0.66111 0.99853
vt 0.77062 0.10426
vt 0.77102 0.10427
vt 0.77137 0.10936
vt 0.77154 0.10429
vt 0.77232 0.10433
vt 0.77348 0.10438
vt 0.77348 0.10438
vt 0.77366 0.09984
vt 0.77366 0.09984
vt 0.77331 0.08348
vt 0.77202 0.09352
vt 0.77280 0.09356
vt 0.77252 0.08344
vt 0.77197 0.08341
vt 0.66872 0.99927
vt 0.77107 0.09347
vt 0.77148 0.09349
vt 0.66336 0.99893
vt 0.77079 0.09970
vt 0.77120 0.09972
vt 0.77723 0.10002
vt 0.77329 0.10944
vt 0.77329 0.10944
vt 0.77508 0.10446
vt 0.77901 0.10969
vt 0.77704 0.10455
vt 0.78138 0.10475
vt 0.77919 0.10465
vt 0.77938 0.10012
vt 0.78157 0.10023
vt 0.77966 0.09391
vt 0.78233 0.08395
vt 0.77557 0.09370
vt 0.77752 0.09380
vt 0.77396 0.09362
vt 0.77396 0.09362
vt 0.77446 0.08354
vt 0.77446 0.08354
vt 0.77527 0.09992
vt 0.76802 0.22552
vt 0.76849 0.20251
vt 0.76904 0.20252
vt 0.62701 0.86320
vt 0.76705 0.25003
vt 0.76705 0.25003
vt 0.76749 0.25004
vt 0.76749 0.25004
vt 0.76858 0.22554
vt 0.76805 0.25005
vt 0.76805 0.25005
vt 0.77000 0.25009
vt 0.77000 0.25009
vt 0.77000 0.25009
vt 0.77052 0.22557
vt 0.77052 0.22557
vt 0.76937 0.22555
vt 0.76984 0.20254
vt 0.77137 0.18254
vt 0.77137 0.18254
vt 0.77050 0.16701
vt 0.76943 0.18251
vt 0.77022 0.18252
vt 0.76888 0.18250
vt 0.76971 0.16700
vt 0.62715 0.93232
vt 0.76845 0.18249
vt 0.76917 0.16699
vt 0.62701 0.88832
vt 0.76758 0.22551
vt 0.77211 0.22561
vt 0.77402 0.22564
vt 0.77449 0.20262
vt 0.77257 0.20259
vt 0.77660 0.20266
vt 0.77489 0.18260
vt 0.77158 0.25013
vt 0.77158 0.25013
vt 0.77348 0.25017
vt 0.77558 0.25022
vt 0.77558 0.25022
vt 0.77611 0.22569
vt 0.77875 0.20270
vt 0.77701 0.18264
vt 0.77732 0.16713
vt 0.77519 0.16709
vt 0.77325 0.16706
vt 0.77296 0.18257
vt 0.77099 0.20256
vt 0.77099 0.20256
vt 0.77344 0.15694
vt 0.77753 0.15702
vt 0.77552 0.15070
vt 0.77165 0.16703
vt 0.77539 0.15698
vt 0.77949 0.16717
vt 0.77971 0.15706
vt 0.77985 0.15080
vt 0.77766 0.15075
vt 0.77778 0.14615
vt 0.77795 0.14105
vt 0.77564 0.14610
vt 0.77580 0.14099
vt 0.77384 0.14094
vt 0.77368 0.14606
vt 0.77184 0.15692
vt 0.77184 0.15692
vt 0.77357 0.15067
vt 0.77196 0.15063
vt 0.77196 0.15063
vt 0.77604 0.13380
vt 0.77819 0.13386
vt 0.77632 0.12527
vt 0.77661 0.11675
vt 0.77224 0.14090
vt 0.77224 0.14090
vt 0.77408 0.13374
vt 0.77847 0.12535
vt 0.78067 0.12542
vt 0.77876 0.11684
vt 0.77686 0.10960
vt 0.77466 0.11668
vt 0.77490 0.10951
vt 0.77247 0.13369
vt 0.77247 0.13369
vt 0.77437 0.12520
vt 0.76990 0.15688
vt 0.77003 0.15060
vt 0.77015 0.14597
vt 0.77068 0.15690
vt 0.77081 0.15061
vt 0.77208 0.14602
vt 0.77208 0.14602
vt 0.77093 0.14599
vt 0.77109 0.14087
vt 0.76950 0.15058
vt 0.76963 0.14596
vt 0.62851 0.96593
vt 0.76922 0.14595
vt 0.76937 0.15687
vt 0.62805 0.96362
vt 0.76909 0.15057
vt 0.77055 0.13363
vt 0.77084 0.12508
vt 0.77190 0.11657
vt 0.77113 0.11654
vt 0.62901 0.96669
vt 0.76939 0.14082
vt 0.76979 0.14083
vt 0.77031 0.14085
vt 0.77132 0.13365
vt 0.77276 0.12514
vt 0.77276 0.12514
vt 0.77161 0.12510
vt 0.77305 0.11661
vt 0.77305 0.11661
vt 0.77214 0.10939
vt 0.77085 0.10934
vt 0.77032 0.12506
vt 0.77061 0.11652
vt 0.77003 0.13361
vt 0.78382 0.15715
vt 0.78579 0.15721
vt 0.78398 0.15090
vt 0.78411 0.14631
vt 0.78159 0.16721
vt 0.00051 0.39881
vt 0.78748 0.16736
vt 0.78594 0.15095
vt 0.00376 0.37891
vt 0.78802 0.14643
vt 0.78608 0.14637
vt 0.78225 0.14117
vt 0.77997 0.14620
vt 0.78014 0.14111
vt 0.78208 0.14626
vt 0.78181 0.15711
vt 0.78195 0.15085
vt 0.78481 0.12557
vt 0.78307 0.11701
vt 0.78708 0.11716
vt 0.78038 0.13393
vt 0.78428 0.14123
vt 0.78649 0.13413
vt 0.78452 0.13406
vt 0.78625 0.14129
vt 0.00709 0.37531
vt 0.00709 0.37531
vt 0.78819 0.14135
vt 0.01204 0.37037
vt 0.78844 0.13419
vt 0.01790 0.36451
vt 0.78873 0.12570
vt 0.78678 0.12563
vt 0.78510 0.11708
vt 0.78535 0.10995
vt 0.78332 0.10987
vt 0.78096 0.11693
vt 0.78278 0.12550
vt 0.78249 0.13400
vt 0.69224 0.93459
vt 0.67320 0.88840
vt 0.67359 0.95325
vt 0.67359 0.95325
vt 0.71431 0.95358
vt 0.71431 0.95358
vt 0.64607 0.91235
vt 0.64633 0.93392
vt 0.64597 0.88838
vt 0.67336 0.93449
vt 0.67325 0.91252
vt 0.65811 0.91247
vt 0.65832 0.93431
vt 0.65803 0.88839
vt 0.63597 0.88835
vt 0.63605 0.91214
vt 0.63627 0.93322
vt 0.62705 0.91188
vt 0.76806 0.20250
vt 0.63669 0.95022
vt 0.63669 0.95022
vt 0.65874 0.95283
vt 0.77877 0.06821
vt 0.77976 0.04815
vt 0.78090 0.06832
vt 0.78187 0.04826
vt 0.77898 0.02498
vt 0.78298 0.02517
vt 0.78089 0.02507
vt 0.77684 0.06811
vt 0.77607 0.08362
vt 0.77801 0.08373
vt 0.78015 0.08384
vt 0.78306 0.06843
vt 0.78511 0.02527
vt 0.78417 0.00056
vt 0.78417 0.99944
vt 0.77624 0.04798
vt 0.77624 0.04798
vt 0.77783 0.04806
vt 0.77374 0.04785
vt 0.77429 0.04788
vt 0.77329 0.06792
vt 0.77274 0.06790
vt 0.77408 0.06797
vt 0.77524 0.06803
vt 0.77524 0.06803
vt 0.77509 0.04792
vt 0.77740 0.02490
vt 0.77740 0.02490
vt 0.77863 0.00032
vt 0.77863 0.00032
vt 0.77863 0.99968
vt 0.77545 0.02481
vt 0.77625 0.02485
vt 0.77489 0.02478
vt 0.77612 0.00020
vt 0.77612 0.99980
vt 0.78515 0.06853
vt 0.78716 0.06862
vt 0.78809 0.04855
vt 0.78915 0.02545
vt 0.78911 0.06870
vt 0.06778 0.34722
vt 0.79104 0.06878
vt 0.79003 0.04864
vt 0.11181 0.34716
vt 0.79299 0.02562
vt 0.13695 0.34721
vt 0.13695 0.34721
vt 0.79410 0.00101
vt 0.79410 0.99899
vt 0.79108 0.02554
vt 0.79029 0.00084
vt 0.79029 0.99916
vt 0.78717 0.02536
vt 0.78833 0.00075
vt 0.78833 0.99925
vt 0.78402 0.04836
vt 0.78609 0.04846
vt 0.09102 0.37134
vt 0.06974 0.36401
vt 0.11272 0.36389
vt 0.08985 0.36388
vt 0.08899 0.35569
vt 0.05405 0.38211
vt 0.11347 0.37120
vt 0.13690 0.37125
vt 0.13690 0.37125
vt 0.13692 0.36396
vt 0.11221 0.35574
vt 0.06882 0.35571
vt 0.08824 0.34716
vt 0.79194 0.04872
vt 0.05324 0.35580
vt 0.05417 0.36413
vt 0.07069 0.37187
vt 0.01690 0.43710
vt 0.00872 0.43599
vt 0.01694 0.41721
vt 0.02462 0.41875
vt 0.00032 0.41460
vt 0.78712 0.18286
vt 0.00875 0.41589
vt 0.00022 0.43505
vt 0.78666 0.20288
vt 0.00874 0.45910
vt 0.00019 0.45861
vt 0.78613 0.22591
vt 0.00018 0.48371
vt 0.00018 0.48371
vt 0.78558 0.25044
vt 0.00876 0.48371
vt 0.01692 0.45974
vt 0.01694 0.48372
vt 0.02435 0.46067
vt 0.02437 0.48372
vt 0.03066 0.46210
vt 0.02440 0.43863
vt 0.01701 0.40176
vt 0.00915 0.39039
vt 0.01749 0.38635
vt 0.02446 0.38463
vt 0.02450 0.39287
vt 0.01404 0.37823
vt 0.01139 0.38122
vt 0.00184 0.38268
vt 0.78788 0.15100
vt 0.00987 0.38465
vt 0.00090 0.38864
vt 0.78772 0.15726
vt 0.00887 0.40037
vt 0.01712 0.39190
vt 0.02479 0.40285
vt 0.02428 0.38749
vt 0.02873 0.38373
vt 0.01846 0.38323
vt 0.01799 0.37423
vt 0.02343 0.37774
vt 0.02267 0.36950
vt 0.02706 0.37409
vt 0.02038 0.38081
vt 0.02038 0.38081
vt 0.02550 0.38273
vt 0.02550 0.38273
vt 0.03101 0.38278
vt 0.03101 0.38278
vt 0.02787 0.38061
vt 0.03074 0.37795
vt 0.03351 0.38086
vt 0.03351 0.38086
vt 0.03328 0.37495
vt 0.03531 0.37821
vt 0.03531 0.37821
vt 0.03619 0.37582
vt 0.02733 0.36477
vt 0.03060 0.37036
vt 0.02376 0.35866
vt 0.78902 0.11723
vt 0.03127 0.36080
vt 0.03127 0.36080
vt 0.03684 0.38474
vt 0.03396 0.38680
vt 0.03535 0.38285
vt 0.03278 0.38456
vt 0.04530 0.38769
vt 0.04530 0.38769
vt 0.04397 0.37872
vt 0.04397 0.37872
vt 0.03974 0.37721
vt 0.03974 0.37721
vt 0.03877 0.38161
vt 0.03749 0.37633
vt 0.03749 0.37633
vt 0.03692 0.38009
vt 0.02921 0.38516
vt 0.02921 0.38516
vt 0.02985 0.38774
vt 0.02985 0.38774
vt 0.03527 0.39056
vt 0.03076 0.39268
vt 0.03076 0.39268
vt 0.03266 0.40360
vt 0.04110 0.39200
vt 0.04110 0.39200
vt 0.03863 0.38750
vt 0.04156 0.38376
vt 0.04790 0.45108
vt 0.04610 0.46148
vt 0.04787 0.46501
vt 0.04713 0.46353
vt 0.04852 0.43676
vt 0.04852 0.43676
vt 0.04622 0.44702
vt 0.04622 0.44702
vt 0.04463 0.45855
vt 0.04503 0.47247
vt 0.04596 0.47355
vt 0.04663 0.47432
vt 0.04621 0.48376
vt 0.04716 0.47494
vt 0.24655 0.64708
vt 0.04847 0.46620
vt 0.25512 0.64392
vt 0.05062 0.45763
vt 0.26377 0.64098
vt 0.04993 0.45598
vt 0.04909 0.45393
vt 0.08453 0.40657
vt 0.09083 0.40120
vt 0.07536 0.40896
vt 0.06871 0.41384
vt 0.06871 0.41384
vt 0.07064 0.41657
vt 0.07064 0.41657
vt 0.07725 0.41123
vt 0.07861 0.41286
vt 0.08580 0.40787
vt 0.09440 0.40439
vt 0.33488 0.62484
vt 0.09350 0.40358
vt 0.10071 0.39931
vt 0.10071 0.39931
vt 0.09239 0.40259
vt 0.09758 0.39684
vt 0.09758 0.39684
vt 0.09758 0.39684
vt 0.08278 0.40476
vt 0.08028 0.40218
vt 0.08028 0.40218
vt 0.06290 0.41943
vt 0.05794 0.42583
vt 0.05968 0.42927
vt 0.05380 0.43316
vt 0.06612 0.42483
vt 0.05536 0.43672
vt 0.06023 0.41496
vt 0.06023 0.41496
vt 0.05158 0.42811
vt 0.05158 0.42811
vt 0.05046 0.44156
vt 0.05183 0.44494
vt 0.05281 0.44736
vt 0.05360 0.44931
vt 0.27248 0.63823
vt 0.06093 0.43175
vt 0.05648 0.43927
vt 0.05738 0.44132
vt 0.28126 0.63569
vt 0.06193 0.43374
vt 0.29009 0.63336
vt 0.06720 0.42664
vt 0.29897 0.63124
vt 0.07314 0.42009
vt 0.30790 0.62933
vt 0.06477 0.42257
vt 0.07203 0.41852
vt 0.12724 0.39334
vt 0.11773 0.39434
vt 0.11841 0.39489
vt 0.10942 0.39674
vt 0.11014 0.39728
vt 0.13687 0.39247
vt 0.13687 0.39247
vt 0.13687 0.39247
vt 0.13687 0.39247
vt 0.13686 0.39302
vt 0.13686 0.39302
vt 0.11676 0.39357
vt 0.11676 0.39357
vt 0.09942 0.39829
vt 0.09942 0.39829
vt 0.10842 0.39599
vt 0.10164 0.40004
vt 0.10164 0.40004
vt 0.10239 0.40064
vt 0.34392 0.62377
vt 0.11890 0.39530
vt 0.11929 0.39563
vt 0.36206 0.62217
vt 0.12803 0.39439
vt 0.37114 0.62155
vt 0.12759 0.39378
vt 0.12784 0.39411
vt 0.09689 0.38188
vt 0.11848 0.38468
vt 0.10136 0.38486
vt 0.11466 0.37721
vt 0.09321 0.37748
vt 0.09321 0.37748
vt 0.07324 0.37858
vt 0.07324 0.37858
vt 0.07959 0.38296
vt 0.06746 0.38567
vt 0.08693 0.38566
vt 0.08546 0.38868
vt 0.10565 0.38692
vt 0.09344 0.38745
vt 0.10925 0.38849
vt 0.12059 0.38680
vt 0.13688 0.38838
vt 0.13688 0.38838
vt 0.13688 0.38472
vt 0.11641 0.38162
vt 0.11187 0.38994
vt 0.12517 0.39091
vt 0.10306 0.39195
vt 0.11381 0.39131
vt 0.10510 0.39355
vt 0.13687 0.38968
vt 0.13687 0.38968
vt 0.12249 0.38837
vt 0.09832 0.38885
vt 0.09140 0.38935
vt 0.10107 0.39034
vt 0.09158 0.39073
vt 0.09158 0.39073
vt 0.10699 0.39495
vt 0.10699 0.39495
vt 0.11543 0.39254
vt 0.12675 0.39274
vt 0.12675 0.39274
vt 0.12607 0.39193
vt 0.13687 0.39080
vt 0.12400 0.38972
vt 0.04829 0.40658
vt 0.04491 0.41313
vt 0.05212 0.41430
vt 0.04887 0.39424
vt 0.04097 0.40453
vt 0.04444 0.39871
vt 0.03743 0.39658
vt 0.03743 0.39658
vt 0.04585 0.43023
vt 0.04856 0.42126
vt 0.05546 0.42092
vt 0.05546 0.42092
vt 0.05666 0.40890
vt 0.06596 0.40997
vt 0.06596 0.40997
vt 0.06596 0.40997
vt 0.06596 0.40997
vt 0.06231 0.40470
vt 0.06231 0.40470
vt 0.05268 0.40175
vt 0.07357 0.39075
vt 0.07430 0.39472
vt 0.08336 0.39365
vt 0.07707 0.39872
vt 0.05526 0.39122
vt 0.05844 0.39834
vt 0.05844 0.39834
vt 0.06581 0.39614
vt 0.06917 0.40137
vt 0.07268 0.40574
vt 0.07268 0.40574
vt 0.08863 0.39924
vt 0.08863 0.39924
vt 0.09518 0.39491
vt 0.09518 0.39491
vt 0.08579 0.39660
vt 0.08266 0.39085
vt 0.09292 0.39275
vt 0.09292 0.39275
vt 0.06412 0.39057
vt 0.07721 0.38753
vt 0.03590 0.44520
vt 0.04075 0.43487
vt 0.03921 0.46651
vt 0.04257 0.45459
vt 0.03973 0.44996
vt 0.04184 0.46888
vt 0.03138 0.42174
vt 0.03826 0.41354
vt 0.03084 0.44120
vt 0.03556 0.46413
vt 0.03549 0.48374
vt 0.03549 0.48374
vt 0.03906 0.48374
vt 0.03906 0.48374
vt 0.04161 0.48375
vt 0.04371 0.47094
vt 0.04371 0.47094
vt 0.04388 0.44150
vt 0.04243 0.42233
vt 0.03669 0.42776
vt 0.37839 0.94805
vt 0.37702 0.94787
vt 0.37690 0.94850
vt 0.37824 0.94868
vt 0.37565 0.94772
vt 0.37557 0.94834
vt 0.37677 0.94917
vt 0.37806 0.94936
vt 0.37548 0.94902
vt 0.37712 0.94731
vt 0.37712 0.94731
vt 0.37572 0.94716
vt 0.37434 0.94706
vt 0.37434 0.94706
vt 0.37430 0.94762
vt 0.37425 0.94823
vt 0.37419 0.94891
vt 0.32866 0.99896
vt 0.37935 0.94955
vt 0.32798 0.99916
vt 0.37957 0.94887
vt 0.37296 0.94757
vt 0.37163 0.94757
vt 0.37164 0.94818
vt 0.37294 0.94818
vt 0.37032 0.94763
vt 0.37036 0.94823
vt 0.37165 0.94885
vt 0.37292 0.94885
vt 0.37040 0.94889
vt 0.37162 0.94703
vt 0.37029 0.94709
vt 0.37029 0.94709
vt 0.36897 0.94720
vt 0.36897 0.94720
vt 0.36903 0.94774
vt 0.36909 0.94833
vt 0.36915 0.94899
vt 0.36774 0.94789
vt 0.36647 0.94809
vt 0.36657 0.94868
vt 0.36782 0.94848
vt 0.36520 0.94834
vt 0.36533 0.94892
vt 0.36668 0.94932
vt 0.36791 0.94913
vt 0.36546 0.94955
vt 0.36767 0.94736
vt 0.36767 0.94736
vt 0.36509 0.94782
vt 0.36509 0.94782
vt 0.36383 0.94811
vt 0.36383 0.94811
vt 0.36395 0.94862
vt 0.36410 0.94919
vt 0.36425 0.94983
vt 0.36272 0.94894
vt 0.36149 0.94930
vt 0.36167 0.94986
vt 0.36288 0.94951
vt 0.36028 0.94970
vt 0.36047 0.95025
vt 0.36186 0.95048
vt 0.36305 0.95013
vt 0.36068 0.95086
vt 0.36134 0.94880
vt 0.36134 0.94880
vt 0.35889 0.94964
vt 0.35889 0.94964
vt 0.35908 0.95013
vt 0.35908 0.95013
vt 0.35928 0.95068
vt 0.35951 0.95128
vt 0.35951 0.95128
vt 0.37425 0.92350
vt 0.37534 0.93960
vt 0.37694 0.93972
vt 0.37623 0.92357
vt 0.37571 0.94583
vt 0.37715 0.94597
vt 0.37854 0.93987
vt 0.37822 0.92367
vt 0.37861 0.94614
vt 0.37210 0.89255
vt 0.37852 0.94748
vt 0.37852 0.94748
vt 0.30289 0.99917
vt 0.38022 0.92379
vt 0.37754 0.89256
vt 0.37481 0.89254
vt 0.36046 0.72775
vt 0.36459 0.78604
vt 0.36982 0.78574
vt 0.36707 0.72730
vt 0.36870 0.84427
vt 0.37256 0.84412
vt 0.37506 0.78551
vt 0.37369 0.72692
vt 0.37642 0.84403
vt 0.35387 0.72831
vt 0.35937 0.78644
vt 0.36486 0.84449
vt 0.10575 0.99419
vt 0.38030 0.72659
vt 0.33422 0.73095
vt 0.34385 0.78840
vt 0.34900 0.78761
vt 0.34075 0.72992
vt 0.35346 0.84576
vt 0.35724 0.84524
vt 0.35418 0.78696
vt 0.34730 0.72904
vt 0.36104 0.84481
vt 0.32772 0.73215
vt 0.33872 0.78931
vt 0.34970 0.84639
vt 0.30843 0.73667
vt 0.32351 0.79280
vt 0.32855 0.79151
vt 0.31482 0.73501
vt 0.33857 0.84885
vt 0.34226 0.84793
vt 0.33362 0.79034
vt 0.32125 0.73350
vt 0.34597 0.84711
vt 0.30208 0.73849
vt 0.31851 0.79421
vt 0.33492 0.84986
vt 0.28332 0.74483
vt 0.30375 0.79916
vt 0.30863 0.79739
vt 0.28952 0.74257
vt 0.32414 0.85342
vt 0.32770 0.85214
vt 0.31355 0.79574
vt 0.29577 0.74045
vt 0.33130 0.85096
vt 0.27717 0.74724
vt 0.29891 0.80105
vt 0.29891 0.80105
vt 0.32062 0.85479
vt 0.32062 0.85479
vt 0.34840 0.92858
vt 0.34669 0.92932
vt 0.35339 0.94385
vt 0.35475 0.94327
vt 0.34499 0.93011
vt 0.35204 0.94447
vt 0.35597 0.94946
vt 0.35719 0.94894
vt 0.35475 0.95001
vt 0.33861 0.89934
vt 0.33861 0.89934
vt 0.33619 0.90033
vt 0.33379 0.90138
vt 0.33142 0.90249
vt 0.32907 0.90367
vt 0.34330 0.93094
vt 0.35070 0.94512
vt 0.35355 0.95060
vt 0.35414 0.95175
vt 0.35650 0.95063
vt 0.35650 0.95063
vt 0.35769 0.95012
vt 0.35769 0.95012
vt 0.35842 0.94845
vt 0.35612 0.94273
vt 0.34164 0.93182
vt 0.33999 0.93274
vt 0.34807 0.94655
vt 0.34938 0.94582
vt 0.33836 0.93371
vt 0.34677 0.94732
vt 0.35118 0.95188
vt 0.35236 0.95122
vt 0.35002 0.95257
vt 0.32674 0.90490
vt 0.32444 0.90619
vt 0.32217 0.90755
vt 0.31993 0.90896
vt 0.33674 0.93472
vt 0.34549 0.94812
vt 0.34886 0.95330
vt 0.34957 0.95439
vt 0.34957 0.95439
vt 0.35070 0.95368
vt 0.35070 0.95368
vt 0.33516 0.93578
vt 0.33359 0.93687
vt 0.34298 0.94983
vt 0.34422 0.94896
vt 0.33205 0.93801
vt 0.34175 0.95074
vt 0.34660 0.95484
vt 0.34772 0.95405
vt 0.34550 0.95566
vt 0.31772 0.91043
vt 0.31555 0.91196
vt 0.31341 0.91354
vt 0.31131 0.91518
vt 0.33054 0.93919
vt 0.34055 0.95168
vt 0.34441 0.95651
vt 0.34523 0.95753
vt 0.34629 0.95670
vt 0.34846 0.95513
vt 0.34846 0.95513
vt 0.23035 0.65564
vt 0.22206 0.65938
vt 0.22487 0.66545
vt 0.23301 0.66178
vt 0.21385 0.66331
vt 0.21681 0.66932
vt 0.23177 0.68041
vt 0.23955 0.67690
vt 0.22408 0.68410
vt 0.04845 0.50132
vt 0.22130 0.65774
vt 0.20574 0.66744
vt 0.20884 0.67338
vt 0.21647 0.68798
vt 0.23088 0.71558
vt 0.23782 0.71205
vt 0.24483 0.70869
vt 0.25192 0.70550
vt 0.25909 0.70248
vt 0.25909 0.70248
vt 0.24124 0.65830
vt 0.24124 0.65830
vt 0.19773 0.67177
vt 0.18982 0.67628
vt 0.19320 0.68206
vt 0.20097 0.67762
vt 0.18201 0.68099
vt 0.18553 0.68668
vt 0.20152 0.69627
vt 0.20895 0.69203
vt 0.19419 0.70068
vt 0.05734 0.52619
vt 0.19686 0.67019
vt 0.17431 0.68588
vt 0.17797 0.69148
vt 0.18697 0.70527
vt 0.20399 0.73134
vt 0.21057 0.72716
vt 0.21725 0.72314
vt 0.22402 0.71928
vt 0.16673 0.69095
vt 0.15928 0.69621
vt 0.16320 0.70163
vt 0.17053 0.69647
vt 0.15195 0.70165
vt 0.15600 0.70698
vt 0.17286 0.71497
vt 0.17986 0.71003
vt 0.16598 0.72007
vt 0.07965 0.55333
vt 0.16571 0.68947
vt 0.14475 0.70727
vt 0.14893 0.71249
vt 0.15923 0.72535
vt 0.17869 0.74964
vt 0.18485 0.74484
vt 0.19112 0.74018
vt 0.19750 0.73568
vt 0.13768 0.71306
vt 0.13076 0.71903
vt 0.13520 0.72404
vt 0.14199 0.71818
vt 0.12399 0.72516
vt 0.12854 0.73007
vt 0.14610 0.73638
vt 0.15260 0.73078
vt 0.13975 0.74214
vt 0.11068 0.56984
vt 0.13652 0.71168
vt 0.12204 0.73625
vt 0.13353 0.74805
vt 0.15526 0.77034
vt 0.15526 0.77034
vt 0.16093 0.76495
vt 0.16673 0.75970
vt 0.17265 0.75460
vt 0.59627 0.36445
vt 0.60224 0.34935
vt 0.60088 0.34879
vt 0.59458 0.36376
vt 0.60465 0.34325
vt 0.60342 0.34275
vt 0.59953 0.34820
vt 0.59290 0.36303
vt 0.60221 0.34222
vt 0.58730 0.39397
vt 0.58730 0.39397
vt 0.58496 0.39307
vt 0.60361 0.34987
vt 0.60361 0.34987
vt 0.36097 0.95506
vt 0.60648 0.34213
vt 0.60648 0.34213
vt 0.35994 0.95550
vt 0.60528 0.34167
vt 0.35892 0.95598
vt 0.60409 0.34118
vt 0.60101 0.34167
vt 0.59820 0.34759
vt 0.59124 0.36226
vt 0.58033 0.39112
vt 0.57805 0.39007
vt 0.58263 0.39212
vt 0.58960 0.36146
vt 0.59688 0.34694
vt 0.59557 0.34627
vt 0.58797 0.36062
vt 0.59982 0.34109
vt 0.59864 0.34048
vt 0.59428 0.34557
vt 0.58637 0.35974
vt 0.59748 0.33985
vt 0.57580 0.38896
vt 0.35489 0.95818
vt 0.59944 0.33897
vt 0.59633 0.33919
vt 0.59301 0.34483
vt 0.58478 0.35883
vt 0.57136 0.38660
vt 0.56919 0.38535
vt 0.57357 0.38781
vt 0.58322 0.35788
vt 0.59175 0.34407
vt 0.59051 0.34329
vt 0.58167 0.35690
vt 0.59520 0.33850
vt 0.59408 0.33779
vt 0.58929 0.34247
vt 0.58015 0.35589
vt 0.59298 0.33706
vt 0.56704 0.38405
vt 0.35101 0.96086
vt 0.59501 0.33636
vt 0.34914 0.96236
vt 0.59288 0.33491
vt 0.59189 0.33630
vt 0.58809 0.34163
vt 0.57866 0.35483
vt 0.56284 0.38130
vt 0.56079 0.37986
vt 0.56493 0.38270
vt 0.57718 0.35375
vt 0.58690 0.34076
vt 0.58573 0.33987
vt 0.57573 0.35264
vt 0.59082 0.33552
vt 0.58977 0.33472
vt 0.58457 0.33897
vt 0.57429 0.35152
vt 0.58872 0.33390
vt 0.55877 0.37837
vt 0.34820 0.96313
vt 0.59185 0.33415
vt 0.34728 0.96391
vt 0.59082 0.33338
vt 0.34638 0.96470
vt 0.58980 0.33259
vt 0.34550 0.96553
vt 0.58879 0.33179
vt 0.62663 0.67998
vt 0.57285 0.35038
vt 0.62664 0.70447
vt 0.55481 0.37530
vt 0.55678 0.37685
vt 0.46156 0.50839
vt 0.49588 0.46248
vt 0.49205 0.45954
vt 0.45673 0.50467
vt 0.53022 0.41656
vt 0.52740 0.41439
vt 0.48826 0.45656
vt 0.45194 0.50090
vt 0.52459 0.41219
vt 0.43880 0.55076
vt 0.46646 0.51202
vt 0.43306 0.54651
vt 0.49977 0.46536
vt 0.53309 0.41867
vt 0.52180 0.40997
vt 0.62663 0.78294
vt 0.48448 0.45355
vt 0.62662 0.84031
vt 0.42177 0.53772
vt 0.42739 0.54215
vt 0.48164 0.52223
vt 0.51179 0.47344
vt 0.50772 0.47084
vt 0.47650 0.51894
vt 0.54196 0.42463
vt 0.53896 0.42271
vt 0.50371 0.46814
vt 0.47144 0.51554
vt 0.53600 0.42073
vt 0.46272 0.56647
vt 0.48686 0.52540
vt 0.45660 0.56274
vt 0.51593 0.47595
vt 0.54501 0.42648
vt 0.44464 0.55489
vt 0.45057 0.55889
vt 0.50292 0.53421
vt 0.52865 0.48292
vt 0.52436 0.48070
vt 0.49750 0.53139
vt 0.55439 0.43162
vt 0.55123 0.42998
vt 0.52012 0.47837
vt 0.49215 0.52846
vt 0.54810 0.42826
vt 0.48799 0.57995
vt 0.50841 0.53690
vt 0.48156 0.57679
vt 0.53300 0.48506
vt 0.55760 0.43319
vt 0.46892 0.57005
vt 0.47520 0.57349
vt 0.52522 0.54422
vt 0.54631 0.49086
vt 0.54183 0.48902
vt 0.51956 0.54191
vt 0.56741 0.43747
vt 0.56411 0.43611
vt 0.53739 0.48709
vt 0.51396 0.53947
vt 0.56084 0.43469
vt 0.51440 0.59111
vt 0.51440 0.59111
vt 0.53093 0.54641
vt 0.53093 0.54641
vt 0.50770 0.58854
vt 0.57075 0.43874
vt 0.57075 0.43874
vt 0.49449 0.58296
vt 0.50107 0.58583
vt 0.48819 0.63791
vt 0.49053 0.63200
vt 0.48293 0.62889
vt 0.48046 0.63475
vt 0.49644 0.61705
vt 0.48917 0.61407
vt 0.47541 0.62561
vt 0.47281 0.63141
vt 0.48198 0.61094
vt 0.50377 0.61985
vt 0.47486 0.60764
vt 0.46797 0.62216
vt 0.46524 0.62790
vt 0.45775 0.62423
vt 0.46061 0.61854
vt 0.45333 0.61477
vt 0.45035 0.62038
vt 0.46782 0.60418
vt 0.46085 0.60057
vt 0.44614 0.61083
vt 0.44304 0.61637
vt 0.45398 0.59680
vt 0.44719 0.59287
vt 0.43904 0.60672
vt 0.43582 0.61220
vt 0.42870 0.60787
vt 0.43205 0.60247
vt 0.42515 0.59805
vt 0.42168 0.60338
vt 0.44049 0.58880
vt 0.43389 0.58458
vt 0.41835 0.59348
vt 0.41478 0.59872
vt 0.42740 0.58020
vt 0.42101 0.57568
vt 0.41167 0.58875
vt 0.40798 0.59392
vt 0.40129 0.58896
vt 0.40510 0.58388
vt 0.39862 0.57889
vt 0.39470 0.58388
vt 0.41472 0.57102
vt 0.40852 0.56625
vt 0.39219 0.57382
vt 0.38816 0.57872
vt 0.40237 0.56140
vt 0.38165 0.57353
vt 0.62664 0.99832
vt 0.35675 0.95415
vt 0.35712 0.95490
vt 0.35819 0.95438
vt 0.35784 0.95362
vt 0.35751 0.95569
vt 0.35855 0.95517
vt 0.35926 0.95389
vt 0.35894 0.95312
vt 0.35960 0.95469
vt 0.35530 0.95400
vt 0.35567 0.95471
vt 0.35640 0.95344
vt 0.35606 0.95546
vt 0.35648 0.95624
vt 0.35690 0.95703
vt 0.60174 0.34013
vt 0.35791 0.95649
vt 0.60291 0.34067
vt 0.36066 0.95424
vt 0.36066 0.95424
vt 0.36035 0.95344
vt 0.35863 0.95240
vt 0.35751 0.95290
vt 0.35248 0.95656
vt 0.35293 0.95728
vt 0.35397 0.95664
vt 0.35353 0.95591
vt 0.35341 0.95803
vt 0.35443 0.95740
vt 0.35501 0.95604
vt 0.35459 0.95529
vt 0.35545 0.95681
vt 0.35099 0.95656
vt 0.35144 0.95724
vt 0.35205 0.95588
vt 0.35191 0.95795
vt 0.35241 0.95869
vt 0.35292 0.95944
vt 0.59719 0.33772
vt 0.35390 0.95879
vt 0.59831 0.33836
vt 0.35589 0.95759
vt 0.60058 0.33956
vt 0.35420 0.95460
vt 0.35312 0.95522
vt 0.34840 0.95946
vt 0.34894 0.96015
vt 0.34992 0.95939
vt 0.34940 0.95869
vt 0.34950 0.96087
vt 0.35046 0.96012
vt 0.35091 0.95866
vt 0.35041 0.95795
vt 0.35143 0.95939
vt 0.34689 0.95960
vt 0.34741 0.96025
vt 0.34790 0.95880
vt 0.34797 0.96093
vt 0.34855 0.96164
vt 0.35007 0.96160
vt 0.59394 0.33565
vt 0.35196 0.96013
vt 0.59609 0.33705
vt 0.34994 0.95728
vt 0.34891 0.95803
vt 0.34452 0.96271
vt 0.34512 0.96335
vt 0.34605 0.96253
vt 0.34547 0.96187
vt 0.34574 0.96402
vt 0.34666 0.96321
vt 0.34701 0.96172
vt 0.34644 0.96105
vt 0.34760 0.96242
vt 0.34396 0.96211
vt 0.34485 0.96486
vt 0.34590 0.96041
vt 0.34492 0.96125
vt 0.77921 0.27485
vt 0.78120 0.27489
vt 0.77822 0.31790
vt 0.78067 0.29792
vt 0.78261 0.29796
vt 0.77715 0.27480
vt 0.77977 0.25031
vt 0.77977 0.25031
vt 0.77661 0.29783
vt 0.77868 0.29788
vt 0.77614 0.31785
vt 0.78022 0.31794
vt 0.78217 0.31799
vt 0.00024 0.53232
vt 0.78452 0.29800
vt 0.78313 0.27493
vt 0.03880 0.60287
vt 0.03962 0.59591
vt 0.03744 0.61057
vt 0.03612 0.59147
vt 0.03521 0.59479
vt 0.03521 0.59479
vt 0.03347 0.60003
vt 0.03347 0.60003
vt 0.03579 0.60195
vt 0.03407 0.60909
vt 0.03581 0.61865
vt 0.78289 0.40034
vt 0.04423 0.60314
vt 0.04314 0.61126
vt 0.05310 0.61153
vt 0.04388 0.58860
vt 0.04388 0.58860
vt 0.04464 0.59541
vt 0.03741 0.59096
vt 0.03741 0.59096
vt 0.03698 0.59585
vt 0.64937 0.74884
vt 0.67359 0.77316
vt 0.67359 0.77316
vt 0.65874 0.77358
vt 0.65874 0.77358
vt 0.65951 0.75904
vt 0.64773 0.76076
vt 0.64773 0.76076
vt 0.66872 0.72714
vt 0.76404 0.40660
vt 0.65722 0.73721
vt 0.65722 0.73721
vt 0.66468 0.73682
vt 0.66124 0.74724
vt 0.66124 0.74724
vt 0.67497 0.74640
vt 0.67497 0.74640
vt 0.65256 0.73616
vt 0.76422 0.38355
vt 0.64471 0.74401
vt 0.76431 0.37501
vt 0.65388 0.73678
vt 0.62851 0.76048
vt 0.76455 0.35409
vt 0.63686 0.75187
vt 0.76441 0.36645
vt 0.63740 0.75325
vt 0.64608 0.74546
vt 0.64685 0.77451
vt 0.64685 0.77451
vt 0.63732 0.76418
vt 0.63777 0.75667
vt 0.63777 0.75667
vt 0.71448 0.74564
vt 0.71437 0.75769
vt 0.73848 0.73555
vt 0.71469 0.73563
vt 0.69363 0.73583
vt 0.69292 0.74590
vt 0.76362 0.77278
vt 0.76362 0.68004
vt 0.73844 0.75761
vt 0.73845 0.74555
vt 0.76362 0.74554
vt 0.76362 0.70728
vt 0.76362 0.73554
vt 0.76362 0.71728
vt 0.71496 0.72662
vt 0.76420 0.45230
vt 0.69452 0.72671
vt 0.76413 0.43223
vt 0.67665 0.73623
vt 0.67665 0.73623
vt 0.67402 0.75830
vt 0.67402 0.75830
vt 0.69234 0.77294
vt 0.69234 0.77294
vt 0.69252 0.75789
vt 0.73843 0.77278
vt 0.73843 0.77278
vt 0.71431 0.77283
vt 0.71431 0.77283
vt 0.77694 0.40032
vt 0.77900 0.39581
vt 0.77897 0.40033
vt 0.78094 0.40033
vt 0.77485 0.39580
vt 0.77697 0.39580
vt 0.77694 0.40653
vt 0.77897 0.40653
vt 0.78094 0.41662
vt 0.04171 0.61956
vt 0.78288 0.40655
vt 0.78094 0.40654
vt 0.78097 0.39582
vt 0.03210 0.61678
vt 0.78292 0.39583
vt 0.77701 0.39077
vt 0.76447 0.39581
vt 0.76500 0.39581
vt 0.76498 0.40037
vt 0.66111 0.72788
vt 0.76407 0.39581
vt 0.66336 0.72748
vt 0.76404 0.40037
vt 0.76445 0.40037
vt 0.76445 0.40660
vt 0.76499 0.40660
vt 0.76583 0.41669
vt 0.76578 0.40659
vt 0.76694 0.40659
vt 0.76694 0.40659
vt 0.76692 0.40036
vt 0.76576 0.40037
vt 0.76693 0.39581
vt 0.76693 0.39581
vt 0.76578 0.39581
vt 0.76854 0.39581
vt 0.77050 0.39580
vt 0.76853 0.40035
vt 0.77050 0.40656
vt 0.77049 0.40034
vt 0.76698 0.39075
vt 0.76859 0.41666
vt 0.76855 0.40657
vt 0.77265 0.40655
vt 0.77268 0.41664
vt 0.77486 0.41662
vt 0.77484 0.40654
vt 0.77264 0.40033
vt 0.77483 0.40033
vt 0.77270 0.39076
vt 0.77266 0.39580
vt 0.76636 0.29756
vt 0.76748 0.27456
vt 0.76691 0.29757
vt 0.76770 0.29759
vt 0.62701 0.83809
vt 0.76648 0.27454
vt 0.76692 0.27455
vt 0.62734 0.77830
vt 0.76503 0.33306
vt 0.76544 0.33307
vt 0.76585 0.31757
vt 0.76639 0.31758
vt 0.76599 0.33309
vt 0.76718 0.31760
vt 0.76827 0.27458
vt 0.76885 0.25007
vt 0.76885 0.25007
vt 0.77186 0.31774
vt 0.77236 0.29772
vt 0.77501 0.27475
vt 0.77447 0.29778
vt 0.76942 0.27461
vt 0.76942 0.27461
vt 0.76885 0.29762
vt 0.76885 0.29762
vt 0.77044 0.29767
vt 0.76834 0.31764
vt 0.76834 0.31764
vt 0.76993 0.31768
vt 0.77146 0.33325
vt 0.77359 0.33330
vt 0.77398 0.31779
vt 0.77101 0.27465
vt 0.77292 0.27470
vt 0.77105 0.34963
vt 0.77096 0.35423
vt 0.77320 0.34968
vt 0.76793 0.33314
vt 0.76793 0.33314
vt 0.76766 0.34326
vt 0.76766 0.34326
vt 0.76750 0.34954
vt 0.76750 0.34954
vt 0.76910 0.34958
vt 0.76901 0.35419
vt 0.77311 0.35428
vt 0.77530 0.35432
vt 0.77334 0.34341
vt 0.77552 0.34347
vt 0.77120 0.34336
vt 0.76952 0.33319
vt 0.76926 0.34330
vt 0.76876 0.37506
vt 0.77062 0.38359
vt 0.77072 0.37507
vt 0.76894 0.35931
vt 0.76886 0.36652
vt 0.76859 0.39075
vt 0.76866 0.38358
vt 0.77055 0.39075
vt 0.77278 0.38360
vt 0.77490 0.39076
vt 0.77497 0.38362
vt 0.77287 0.37509
vt 0.77305 0.35938
vt 0.77296 0.36657
vt 0.77516 0.36660
vt 0.77081 0.36654
vt 0.77090 0.35934
vt 0.76572 0.34321
vt 0.76557 0.34949
vt 0.76548 0.35411
vt 0.76626 0.35413
vt 0.62765 0.76821
vt 0.76477 0.34318
vt 0.76518 0.34319
vt 0.62805 0.76279
vt 0.76463 0.34947
vt 0.76504 0.34948
vt 0.76489 0.35923
vt 0.76495 0.35410
vt 0.76734 0.35928
vt 0.76734 0.35928
vt 0.76741 0.35415
vt 0.76741 0.35415
vt 0.76635 0.34951
vt 0.76677 0.33311
vt 0.76650 0.34323
vt 0.76523 0.37502
vt 0.76471 0.37501
vt 0.76461 0.38355
vt 0.76533 0.36646
vt 0.76513 0.38356
vt 0.62901 0.75972
vt 0.76449 0.35923
vt 0.66042 0.72831
vt 0.76413 0.39073
vt 0.76453 0.39074
vt 0.76505 0.39074
vt 0.76591 0.38357
vt 0.76583 0.39075
vt 0.76600 0.37503
vt 0.76706 0.38357
vt 0.76706 0.38357
vt 0.76610 0.36648
vt 0.76715 0.37504
vt 0.76715 0.37504
vt 0.76725 0.36649
vt 0.76725 0.36649
vt 0.76618 0.35926
vt 0.76541 0.35924
vt 0.76481 0.36646
vt 0.77749 0.34978
vt 0.77951 0.34981
vt 0.78148 0.34985
vt 0.78160 0.34359
vt 0.77944 0.35440
vt 0.78141 0.35443
vt 0.77576 0.33336
vt 0.77786 0.33341
vt 0.77538 0.34973
vt 0.77741 0.35436
vt 0.77938 0.35948
vt 0.78135 0.35951
vt 0.00709 0.59193
vt 0.78329 0.35954
vt 0.00377 0.58834
vt 0.78335 0.35446
vt 0.78182 0.33349
vt 0.77762 0.34352
vt 0.77964 0.34356
vt 0.77987 0.33345
vt 0.77921 0.37516
vt 0.78118 0.37518
vt 0.77912 0.38365
vt 0.78109 0.38366
vt 0.77524 0.35942
vt 0.77718 0.37514
vt 0.77506 0.37512
vt 0.77709 0.38363
vt 0.77904 0.39078
vt 0.78102 0.39079
vt 0.02856 0.61349
vt 0.78297 0.39081
vt 0.02367 0.60858
vt 0.78304 0.38368
vt 0.77930 0.36666
vt 0.78127 0.36668
vt 0.77735 0.35945
vt 0.77727 0.36663
vt 0.69224 0.79182
vt 0.67336 0.79192
vt 0.67320 0.83801
vt 0.64607 0.81406
vt 0.63605 0.81427
vt 0.64597 0.83803
vt 0.63669 0.77619
vt 0.63627 0.79319
vt 0.64633 0.79249
vt 0.62715 0.79408
vt 0.76542 0.31756
vt 0.62705 0.81453
vt 0.76592 0.29755
vt 0.63597 0.83806
vt 0.63596 0.86320
vt 0.63596 0.86320
vt 0.64595 0.86320
vt 0.64595 0.86320
vt 0.65803 0.83802
vt 0.65802 0.86320
vt 0.67320 0.86320
vt 0.67325 0.81389
vt 0.65832 0.79210
vt 0.65811 0.81394
vt 0.76874 0.45227
vt 0.77072 0.47538
vt 0.77067 0.45226
vt 0.77060 0.43218
vt 0.77273 0.43217
vt 0.77283 0.47537
vt 0.76699 0.41668
vt 0.76699 0.41668
vt 0.76706 0.43221
vt 0.76706 0.43221
vt 0.76866 0.43220
vt 0.76715 0.45228
vt 0.76715 0.45228
vt 0.76880 0.47538
vt 0.76724 0.50000
vt 0.76724 0.50000
vt 0.76724 0.50000
vt 0.76724 0.50000
vt 0.76883 0.50000
vt 0.76883 0.50000
vt 0.77075 0.50000
vt 0.77075 0.50000
vt 0.77285 0.50000
vt 0.77285 0.50000
vt 0.77497 0.47537
vt 0.77278 0.45225
vt 0.77494 0.45225
vt 0.77490 0.43216
vt 0.77054 0.41665
vt 0.76464 0.45230
vt 0.76511 0.43222
vt 0.76519 0.45229
vt 0.76599 0.45229
vt 0.67876 0.72687
vt 0.76407 0.41670
vt 0.76456 0.43223
vt 0.76449 0.41670
vt 0.73851 0.72659
vt 0.76426 0.47539
vt 0.76470 0.47539
vt 0.76473 0.50000
vt 0.76473 0.50000
vt 0.76526 0.47539
vt 0.76609 0.50000
vt 0.76606 0.47539
vt 0.76722 0.47539
vt 0.76722 0.47539
vt 0.76590 0.43222
vt 0.76504 0.41669
vt 0.77699 0.43216
vt 0.77702 0.45224
vt 0.77902 0.45224
vt 0.77704 0.47536
vt 0.78096 0.45224
vt 0.77696 0.41662
vt 0.77499 0.50000
vt 0.77499 0.50000
vt 0.77706 0.50000
vt 0.77706 0.50000
vt 0.77904 0.50000
vt 0.77904 0.50000
vt 0.77904 0.47536
vt 0.78098 0.47536
vt 0.78098 0.50000
vt 0.78098 0.50000
vt 0.05184 0.61994
vt 0.78288 0.41663
vt 0.77900 0.43215
vt 0.78095 0.43216
vt 0.77898 0.41662
vt 0.06961 0.60340
vt 0.08882 0.61179
vt 0.08970 0.60361
vt 0.07058 0.59555
vt 0.05438 0.59496
vt 0.05405 0.60321
vt 0.06760 0.62016
vt 0.78288 0.43216
vt 0.06866 0.61168
vt 0.08804 0.62032
vt 0.78288 0.45225
vt 0.11203 0.61185
vt 0.11160 0.62042
vt 0.78289 0.47537
vt 0.11256 0.60370
vt 0.13674 0.61190
vt 0.13676 0.60374
vt 0.13677 0.59645
vt 0.13677 0.59645
vt 0.11334 0.59640
vt 0.09090 0.59617
vt 0.01694 0.55015
vt 0.00873 0.53139
vt 0.02460 0.54862
vt 0.02440 0.52877
vt 0.01690 0.53030
vt 0.01692 0.50768
vt 0.00888 0.56694
vt 0.00034 0.55273
vt 0.78409 0.31802
vt 0.00876 0.55145
vt 0.03136 0.54565
vt 0.02435 0.50676
vt 0.00019 0.50879
vt 0.78503 0.27498
vt 0.00874 0.50831
vt 0.01749 0.58094
vt 0.02426 0.57981
vt 0.01711 0.57540
vt 0.01403 0.58903
vt 0.01403 0.58903
vt 0.02036 0.58647
vt 0.01845 0.58405
vt 0.02547 0.58456
vt 0.02869 0.58357
vt 0.02444 0.58266
vt 0.02917 0.58215
vt 0.02917 0.58215
vt 0.02982 0.57957
vt 0.02982 0.57957
vt 0.03073 0.57464
vt 0.03073 0.57464
vt 0.03263 0.56376
vt 0.02477 0.56449
vt 0.02448 0.57444
vt 0.00916 0.57689
vt 0.01701 0.56556
vt 0.00054 0.56849
vt 0.78375 0.33353
vt 0.00988 0.58263
vt 0.00092 0.57863
vt 0.78354 0.34363
vt 0.01139 0.58604
vt 0.00186 0.58458
vt 0.78342 0.34988
vt 0.01796 0.59303
vt 0.02339 0.58954
vt 0.02700 0.59318
vt 0.03052 0.59691
vt 0.03321 0.59233
vt 0.01201 0.59687
vt 0.78322 0.36671
vt 0.01784 0.60273
vt 0.78313 0.37520
vt 0.02261 0.59776
vt 0.03116 0.60646
vt 0.02725 0.60249
vt 0.03524 0.58909
vt 0.03524 0.58909
vt 0.03069 0.58934
vt 0.02783 0.58668
vt 0.03345 0.58644
vt 0.03345 0.58644
vt 0.03096 0.58452
vt 0.03096 0.58452
vt 0.03392 0.58051
vt 0.03678 0.58258
vt 0.03857 0.57983
vt 0.03739 0.57077
vt 0.03739 0.57077
vt 0.03523 0.57677
vt 0.03273 0.58275
vt 0.03530 0.58446
vt 0.03870 0.58570
vt 0.03686 0.58721
vt 0.04149 0.58357
vt 0.03966 0.59010
vt 0.04906 0.51358
vt 0.04711 0.50398
vt 0.04595 0.49397
vt 0.04849 0.53072
vt 0.04619 0.52047
vt 0.04619 0.52047
vt 0.05179 0.52257
vt 0.05059 0.50989
vt 0.21306 0.66170
vt 0.04991 0.51154
vt 0.04786 0.50251
vt 0.04662 0.49321
vt 0.04716 0.49259
vt 0.22963 0.65399
vt 0.04557 0.48376
vt 0.04467 0.48376
vt 0.04467 0.48376
vt 0.04608 0.50603
vt 0.04502 0.49505
vt 0.04788 0.51643
vt 0.04461 0.50895
vt 0.04461 0.50895
vt 0.08273 0.56273
vt 0.09079 0.56630
vt 0.09234 0.56492
vt 0.08449 0.56093
vt 0.08575 0.55963
vt 0.09346 0.56393
vt 0.07531 0.55852
vt 0.06865 0.55364
vt 0.06865 0.55364
vt 0.10067 0.56822
vt 0.09436 0.56313
vt 0.15085 0.70022
vt 0.08677 0.55859
vt 0.15822 0.69475
vt 0.07720 0.55626
vt 0.07856 0.55464
vt 0.06472 0.54492
vt 0.05963 0.53822
vt 0.07059 0.55092
vt 0.06607 0.54267
vt 0.07197 0.54897
vt 0.07197 0.54897
vt 0.07309 0.54740
vt 0.07309 0.54740
vt 0.17333 0.68437
vt 0.06715 0.54086
vt 0.18106 0.67946
vt 0.06189 0.53376
vt 0.18890 0.67473
vt 0.06088 0.53575
vt 0.05644 0.52824
vt 0.05356 0.51821
vt 0.20491 0.66585
vt 0.05277 0.52015
vt 0.05532 0.53078
vt 0.05043 0.52593
vt 0.05376 0.53433
vt 0.06284 0.54805
vt 0.05789 0.54166
vt 0.05541 0.54654
vt 0.05541 0.54654
vt 0.10837 0.57156
vt 0.11837 0.57271
vt 0.11010 0.57028
vt 0.10938 0.57082
vt 0.12670 0.57491
vt 0.12670 0.57491
vt 0.13681 0.57468
vt 0.13681 0.57468
vt 0.12719 0.57431
vt 0.13681 0.57427
vt 0.13681 0.57427
vt 0.12754 0.57387
vt 0.11610 0.73017
vt 0.13682 0.57371
vt 0.13682 0.57371
vt 0.12276 0.72384
vt 0.12799 0.57326
vt 0.12779 0.57353
vt 0.11886 0.57230
vt 0.11925 0.57197
vt 0.12957 0.71767
vt 0.10236 0.56689
vt 0.14362 0.70586
vt 0.10161 0.56748
vt 0.10161 0.56748
vt 0.09937 0.56924
vt 0.09937 0.56924
vt 0.11768 0.57326
vt 0.11671 0.57403
vt 0.11671 0.57403
vt 0.10557 0.58065
vt 0.09680 0.58565
vt 0.07950 0.58450
vt 0.10127 0.58269
vt 0.08684 0.58183
vt 0.13678 0.59045
vt 0.13678 0.59045
vt 0.13679 0.58604
vt 0.13679 0.58298
vt 0.13679 0.58298
vt 0.11631 0.58600
vt 0.12051 0.58083
vt 0.11839 0.58294
vt 0.13680 0.58087
vt 0.13680 0.58087
vt 0.09336 0.58007
vt 0.09132 0.57815
vt 0.07713 0.57992
vt 0.05397 0.58525
vt 0.09310 0.59004
vt 0.09310 0.59004
vt 0.07314 0.58885
vt 0.11455 0.59039
vt 0.11455 0.59039
vt 0.11374 0.57628
vt 0.12510 0.57673
vt 0.11179 0.57765
vt 0.13680 0.57802
vt 0.13680 0.57802
vt 0.13680 0.57690
vt 0.13681 0.57597
vt 0.13681 0.57597
vt 0.13681 0.57523
vt 0.13681 0.57523
vt 0.13681 0.57523
vt 0.13681 0.57523
vt 0.12601 0.57572
vt 0.11538 0.57505
vt 0.10504 0.57400
vt 0.10694 0.57260
vt 0.10694 0.57260
vt 0.10100 0.57720
vt 0.10299 0.57559
vt 0.09286 0.57475
vt 0.09286 0.57475
vt 0.09824 0.57868
vt 0.12241 0.57927
vt 0.12393 0.57792
vt 0.10917 0.57909
vt 0.04880 0.57313
vt 0.04439 0.56867
vt 0.04823 0.56083
vt 0.04487 0.55428
vt 0.05837 0.56908
vt 0.05837 0.56908
vt 0.06225 0.56274
vt 0.06225 0.56274
vt 0.05660 0.55853
vt 0.05262 0.56566
vt 0.06017 0.55251
vt 0.06017 0.55251
vt 0.05207 0.55314
vt 0.05154 0.53936
vt 0.05154 0.53936
vt 0.04851 0.54619
vt 0.03822 0.55385
vt 0.04092 0.56285
vt 0.04523 0.57965
vt 0.04523 0.57965
vt 0.04104 0.57534
vt 0.06405 0.57685
vt 0.08259 0.57662
vt 0.07423 0.57272
vt 0.07701 0.56874
vt 0.06911 0.56608
vt 0.06738 0.58174
vt 0.07350 0.57670
vt 0.08538 0.57881
vt 0.09151 0.57677
vt 0.09151 0.57677
vt 0.08329 0.57382
vt 0.09512 0.57260
vt 0.09753 0.57068
vt 0.09753 0.57068
vt 0.08857 0.56825
vt 0.08857 0.56825
vt 0.08573 0.57088
vt 0.08022 0.56529
vt 0.08022 0.56529
vt 0.07262 0.56173
vt 0.06590 0.55750
vt 0.06590 0.55750
vt 0.06590 0.55750
vt 0.05519 0.57617
vt 0.05519 0.57617
vt 0.06574 0.57129
vt 0.03589 0.52224
vt 0.04073 0.53258
vt 0.04385 0.52597
vt 0.04255 0.51289
vt 0.03971 0.51751
vt 0.03556 0.50333
vt 0.04183 0.49862
vt 0.03666 0.53965
vt 0.04240 0.54510
vt 0.04581 0.53723
vt 0.04370 0.49657
vt 0.04370 0.49657
vt 0.04341 0.48376
vt 0.04341 0.48376
vt 0.03920 0.50097
vt 0.03064 0.48373
vt 0.03064 0.48373
vt 0.03083 0.52623
vt 0.03065 0.50535
vt 0.34256 0.96059
vt 0.34298 0.96105
vt 0.34396 0.96016
vt 0.34354 0.95969
vt 0.34345 0.96155
vt 0.34442 0.96068
vt 0.34496 0.95930
vt 0.34455 0.95882
vt 0.34540 0.95983
vt 0.34120 0.96112
vt 0.34120 0.96112
vt 0.34202 0.96196
vt 0.34641 0.95900
vt 0.34597 0.95846
vt 0.34558 0.95797
vt 0.34420 0.95839
vt 0.34318 0.95928
vt 0.34663 0.95715
vt 0.34701 0.95765
vt 0.34806 0.95686
vt 0.34769 0.95635
vt 0.34743 0.95820
vt 0.34846 0.95742
vt 0.34912 0.95610
vt 0.34877 0.95559
vt 0.34951 0.95666
vt 0.35058 0.95594
vt 0.35020 0.95537
vt 0.34987 0.95485
vt 0.34737 0.95590
vt 0.35098 0.95415
vt 0.35130 0.95467
vt 0.35241 0.95400
vt 0.35210 0.95347
vt 0.35165 0.95524
vt 0.35274 0.95458
vt 0.35353 0.95336
vt 0.35324 0.95283
vt 0.35385 0.95395
vt 0.35496 0.95335
vt 0.35466 0.95276
vt 0.35439 0.95223
vt 0.35298 0.95236
vt 0.35298 0.95236
vt 0.35183 0.95301
vt 0.35183 0.95301
vt 0.35554 0.95165
vt 0.35580 0.95219
vt 0.35695 0.95165
vt 0.35671 0.95111
vt 0.35608 0.95278
vt 0.35722 0.95224
vt 0.35811 0.95114
vt 0.35789 0.95060
vt 0.35836 0.95174
vt 0.35532 0.95117
vt 0.35532 0.95117
vt 0.32906 0.94041
vt 0.32761 0.94167
vt 0.33821 0.95366
vt 0.33937 0.95265
vt 0.32619 0.94296
vt 0.33708 0.95469
vt 0.34231 0.95829
vt 0.34335 0.95739
vt 0.34129 0.95923
vt 0.30925 0.91687
vt 0.30723 0.91862
vt 0.30526 0.92041
vt 0.30332 0.92225
vt 0.32480 0.94429
vt 0.33597 0.95575
vt 0.34029 0.96018
vt 0.34218 0.96019
vt 0.34218 0.96019
vt 0.20371 0.79150
vt 0.19868 0.79584
vt 0.23708 0.83927
vt 0.24105 0.83585
vt 0.19375 0.80031
vt 0.23320 0.84279
vt 0.27543 0.88265
vt 0.27833 0.88015
vt 0.27259 0.88523
vt 0.20885 0.78729
vt 0.18893 0.80489
vt 0.28129 0.87771
vt 0.24509 0.83253
vt 0.22484 0.77542
vt 0.21942 0.77924
vt 0.25343 0.82619
vt 0.25770 0.82318
vt 0.21409 0.78320
vt 0.24922 0.82931
vt 0.28739 0.87308
vt 0.29052 0.87088
vt 0.28431 0.87536
vt 0.23036 0.77173
vt 0.29369 0.86876
vt 0.26204 0.82028
vt 0.24738 0.76149
vt 0.24163 0.76476
vt 0.27093 0.81480
vt 0.27546 0.81222
vt 0.23595 0.76818
vt 0.26645 0.81748
vt 0.30019 0.86476
vt 0.30350 0.86289
vt 0.29692 0.86672
vt 0.25321 0.75835
vt 0.30685 0.86110
vt 0.28005 0.80976
vt 0.27109 0.74980
vt 0.26506 0.75251
vt 0.28938 0.80517
vt 0.29412 0.80305
vt 0.25910 0.75536
vt 0.28469 0.80741
vt 0.31366 0.85777
vt 0.31712 0.85624
vt 0.31024 0.85939
vt 0.30706 0.97093
vt 0.30641 0.97267
vt 0.32139 0.97832
vt 0.32189 0.97693
vt 0.30580 0.97444
vt 0.32092 0.97972
vt 0.32717 0.98049
vt 0.32761 0.97924
vt 0.32676 0.98175
vt 0.27852 0.95936
vt 0.27759 0.96180
vt 0.27672 0.96427
vt 0.27592 0.96676
vt 0.30525 0.97623
vt 0.32050 0.98114
vt 0.32638 0.98303
vt 0.32798 0.98216
vt 0.32798 0.98216
vt 0.32837 0.98093
vt 0.32881 0.97971
vt 0.32881 0.97971
vt 0.32810 0.97801
vt 0.32810 0.97801
vt 0.30474 0.97804
vt 0.30429 0.97986
vt 0.31978 0.98403
vt 0.32012 0.98258
vt 0.30389 0.98171
vt 0.31948 0.98550
vt 0.32576 0.98562
vt 0.32605 0.98432
vt 0.32551 0.98694
vt 0.27518 0.96928
vt 0.27451 0.97182
vt 0.27391 0.97439
vt 0.27338 0.97698
vt 0.30355 0.98357
vt 0.31924 0.98699
vt 0.32530 0.98828
vt 0.32658 0.98852
vt 0.32677 0.98722
vt 0.32729 0.98466
vt 0.32729 0.98466
vt 0.30326 0.98546
vt 0.30304 0.98736
vt 0.31890 0.99001
vt 0.31904 0.98849
vt 0.30287 0.98928
vt 0.31882 0.99155
vt 0.32504 0.99100
vt 0.32514 0.98963
vt 0.32498 0.99239
vt 0.27292 0.97959
vt 0.27254 0.98222
vt 0.27223 0.98487
vt 0.27201 0.98755
vt 0.30278 0.99122
vt 0.31879 0.99311
vt 0.32498 0.99380
vt 0.32630 0.99388
vt 0.32629 0.99251
vt 0.32629 0.99251
vt 0.32633 0.99117
vt 0.32643 0.98984
vt 0.32643 0.98984
vt 0.03136 0.85911
vt 0.02801 0.86756
vt 0.03427 0.86993
vt 0.03756 0.86163
vt 0.02485 0.87609
vt 0.03117 0.87831
vt 0.04969 0.87576
vt 0.05284 0.86783
vt 0.04674 0.88376
vt 0.03492 0.85074
vt 0.03492 0.85074
vt 0.02190 0.88469
vt 0.02827 0.88676
vt 0.04397 0.89183
vt 0.07365 0.90143
vt 0.07617 0.89407
vt 0.07886 0.88678
vt 0.08172 0.87955
vt 0.08475 0.87239
vt 0.01915 0.89336
vt 0.01660 0.90209
vt 0.02308 0.90384
vt 0.02557 0.89527
vt 0.01427 0.91087
vt 0.02078 0.91247
vt 0.03901 0.90816
vt 0.04140 0.89997
vt 0.03682 0.91640
vt 0.01743 0.89284
vt 0.21633 0.44151
vt 0.01213 0.91970
vt 0.01869 0.92115
vt 0.03483 0.92469
vt 0.06535 0.93139
vt 0.06716 0.92383
vt 0.06915 0.91631
vt 0.07131 0.90884
vt 0.01021 0.92857
vt 0.00849 0.93749
vt 0.01511 0.93862
vt 0.01680 0.92986
vt 0.00698 0.94643
vt 0.01363 0.94741
vt 0.03143 0.94139
vt 0.03303 0.93302
vt 0.03002 0.94979
vt 0.00672 0.93718
vt 0.18691 0.40911
vt 0.00389 0.95518
vt 0.17132 0.40081
vt 0.00568 0.95541
vt 0.01236 0.95623
vt 0.02881 0.95822
vt 0.05993 0.96198
vt 0.06101 0.95429
vt 0.06228 0.94663
vt 0.06373 0.93899
vt 0.00458 0.96440
vt 0.00363 0.97341
vt 0.01035 0.97392
vt 0.01128 0.96506
vt 0.00278 0.98244
vt 0.00952 0.98279
vt 0.02691 0.97514
vt 0.02779 0.96667
vt 0.02613 0.98362
vt 0.00199 0.99147
vt 0.38025 0.62279
vt 0.00874 0.99166
vt 0.38027 0.62955
vt 0.02540 0.99210
vt 0.38028 0.64622
vt 0.05692 0.99293
vt 0.38030 0.67774
vt 0.05756 0.98518
vt 0.05824 0.97743
vt 0.05902 0.96970
vt 0.59627 0.69864
vt 0.60224 0.68354
vt 0.60088 0.68298
vt 0.59458 0.69795
vt 0.60465 0.67745
vt 0.60342 0.67695
vt 0.59953 0.68240
vt 0.59290 0.69722
vt 0.60221 0.67642
vt 0.58730 0.72817
vt 0.58496 0.72727
vt 0.60361 0.68406
vt 0.33464 0.98073
vt 0.60648 0.67632
vt 0.33386 0.98280
vt 0.60409 0.67537
vt 0.33352 0.98386
vt 0.60291 0.67486
vt 0.60101 0.67586
vt 0.59820 0.68178
vt 0.59124 0.69646
vt 0.58033 0.72531
vt 0.57805 0.72426
vt 0.58263 0.72632
vt 0.58960 0.69565
vt 0.59688 0.68114
vt 0.59557 0.68046
vt 0.58797 0.69481
vt 0.59982 0.67528
vt 0.59864 0.67468
vt 0.59428 0.67976
vt 0.58637 0.69394
vt 0.59748 0.67404
vt 0.57580 0.72316
vt 0.33270 0.98706
vt 0.59944 0.67317
vt 0.33250 0.98813
vt 0.59831 0.67255
vt 0.33234 0.98921
vt 0.59719 0.67191
vt 0.59633 0.67338
vt 0.59301 0.67903
vt 0.58478 0.69302
vt 0.57136 0.72080
vt 0.56919 0.71955
vt 0.57357 0.72200
vt 0.58322 0.69208
vt 0.59175 0.67827
vt 0.59051 0.67748
vt 0.58167 0.69110
vt 0.59520 0.67270
vt 0.59408 0.67199
vt 0.58929 0.67666
vt 0.58015 0.69008
vt 0.59298 0.67125
vt 0.56704 0.71824
vt 0.59189 0.67049
vt 0.58809 0.67582
vt 0.57866 0.68903
vt 0.56284 0.71550
vt 0.56079 0.71406
vt 0.56493 0.71689
vt 0.57718 0.68795
vt 0.58690 0.67495
vt 0.58573 0.67406
vt 0.57573 0.68684
vt 0.59082 0.66971
vt 0.58977 0.66891
vt 0.58457 0.67316
vt 0.57429 0.68571
vt 0.58872 0.66810
vt 0.55877 0.71257
vt 0.33228 0.99459
vt 0.59185 0.66835
vt 0.58341 0.67225
vt 0.62664 0.35404
vt 0.57285 0.68458
vt 0.62664 0.37028
vt 0.55481 0.70950
vt 0.55284 0.70794
vt 0.62664 0.40104
vt 0.55678 0.71104
vt 0.46156 0.84258
vt 0.49588 0.79668
vt 0.49205 0.79374
vt 0.45673 0.83887
vt 0.53022 0.75075
vt 0.52740 0.74858
vt 0.48826 0.79075
vt 0.45194 0.83509
vt 0.52459 0.74638
vt 0.43880 0.88496
vt 0.46646 0.84621
vt 0.43306 0.88070
vt 0.49977 0.79955
vt 0.53309 0.75287
vt 0.44717 0.83129
vt 0.62661 0.56346
vt 0.42177 0.87192
vt 0.42739 0.87634
vt 0.48164 0.85642
vt 0.51179 0.80764
vt 0.50772 0.80503
vt 0.47650 0.85314
vt 0.54196 0.75883
vt 0.53896 0.75691
vt 0.50371 0.80234
vt 0.47144 0.84973
vt 0.53600 0.75492
vt 0.46272 0.90066
vt 0.48686 0.85960
vt 0.45660 0.89694
vt 0.51593 0.81015
vt 0.54501 0.76068
vt 0.44464 0.88909
vt 0.45057 0.89308
vt 0.50292 0.86840
vt 0.52865 0.81712
vt 0.52436 0.81489
vt 0.49750 0.86558
vt 0.55439 0.76581
vt 0.55123 0.76417
vt 0.52012 0.81257
vt 0.49215 0.86265
vt 0.54810 0.76246
vt 0.48799 0.91414
vt 0.50841 0.87109
vt 0.48156 0.91099
vt 0.53300 0.81925
vt 0.55760 0.76738
vt 0.46892 0.90424
vt 0.47520 0.90768
vt 0.52522 0.87842
vt 0.54631 0.82505
vt 0.54183 0.82322
vt 0.51956 0.87610
vt 0.56741 0.77166
vt 0.56411 0.77031
vt 0.53739 0.82128
vt 0.51396 0.87366
vt 0.56084 0.76888
vt 0.51440 0.92530
vt 0.50770 0.92274
vt 0.57075 0.77294
vt 0.57075 0.77294
vt 0.49449 0.91716
vt 0.50107 0.92002
vt 0.48819 0.97210
vt 0.49053 0.96619
vt 0.48293 0.96308
vt 0.48046 0.96894
vt 0.49644 0.95124
vt 0.48917 0.94827
vt 0.47541 0.95980
vt 0.47281 0.96560
vt 0.48198 0.94513
vt 0.49819 0.96913
vt 0.49819 0.96913
vt 0.50377 0.95405
vt 0.47486 0.94183
vt 0.46797 0.95635
vt 0.46524 0.96210
vt 0.45775 0.95842
vt 0.46061 0.95274
vt 0.45333 0.94896
vt 0.45035 0.95458
vt 0.46782 0.93837
vt 0.46085 0.93476
vt 0.44614 0.94502
vt 0.44304 0.95057
vt 0.45398 0.93099
vt 0.44719 0.92707
vt 0.43904 0.94092
vt 0.43582 0.94639
vt 0.42870 0.94206
vt 0.43205 0.93666
vt 0.42515 0.93224
vt 0.42168 0.93757
vt 0.44049 0.92300
vt 0.43389 0.91877
vt 0.41835 0.92767
vt 0.41478 0.93292
vt 0.42740 0.91440
vt 0.42101 0.90988
vt 0.41167 0.92294
vt 0.40798 0.92811
vt 0.40129 0.92315
vt 0.40510 0.91807
vt 0.39862 0.91308
vt 0.39470 0.91807
vt 0.41472 0.90522
vt 0.40852 0.90044
vt 0.39219 0.90801
vt 0.38816 0.91292
vt 0.40237 0.89560
vt 0.39625 0.89072
vt 0.62662 0.64172
vt 0.38580 0.90291
vt 0.62662 0.65778
vt 0.33108 0.98311
vt 0.33187 0.98335
vt 0.33222 0.98224
vt 0.33144 0.98198
vt 0.33269 0.98360
vt 0.33303 0.98252
vt 0.33261 0.98114
vt 0.33184 0.98085
vt 0.33341 0.98145
vt 0.33001 0.98406
vt 0.33076 0.98426
vt 0.33034 0.98289
vt 0.33156 0.98447
vt 0.33238 0.98469
vt 0.33322 0.98492
vt 0.60174 0.67432
vt 0.33423 0.98176
vt 0.60528 0.67586
vt 0.33383 0.98039
vt 0.33383 0.98039
vt 0.33304 0.98006
vt 0.33304 0.98006
vt 0.33227 0.97974
vt 0.33111 0.98058
vt 0.33156 0.97944
vt 0.33071 0.98173
vt 0.33001 0.98774
vt 0.33081 0.98787
vt 0.33102 0.98673
vt 0.33022 0.98657
vt 0.33165 0.98800
vt 0.33185 0.98689
vt 0.33127 0.98560
vt 0.33047 0.98541
vt 0.33210 0.98579
vt 0.32907 0.98883
vt 0.32984 0.98892
vt 0.32924 0.98762
vt 0.33065 0.98902
vt 0.33149 0.98911
vt 0.33295 0.98599
vt 0.60058 0.67376
vt 0.32972 0.98524
vt 0.32946 0.98643
vt 0.32963 0.99249
vt 0.33045 0.99248
vt 0.33047 0.99132
vt 0.32965 0.99130
vt 0.33130 0.99247
vt 0.33131 0.99135
vt 0.33053 0.99017
vt 0.32972 0.99011
vt 0.33137 0.99023
vt 0.32888 0.99374
vt 0.32967 0.99369
vt 0.32885 0.99250
vt 0.33049 0.99364
vt 0.33134 0.99358
vt 0.33220 0.99353
vt 0.59288 0.66911
vt 0.33216 0.99245
vt 0.59394 0.66984
vt 0.33217 0.99137
vt 0.59501 0.67056
vt 0.33223 0.99029
vt 0.59609 0.67125
vt 0.32895 0.99005
vt 0.32888 0.99127
vt 0.33001 0.99730
vt 0.33083 0.99711
vt 0.33069 0.99595
vt 0.32987 0.99610
vt 0.33167 0.99691
vt 0.33153 0.99581
vt 0.33057 0.99480
vt 0.32975 0.99489
vt 0.33142 0.99470
vt 0.32939 0.99874
vt 0.37911 0.95028
vt 0.32923 0.99749
vt 0.33099 0.99827
vt 0.37860 0.95186
vt 0.33183 0.99802
vt 0.37833 0.95269
vt 0.33253 0.99671
vt 0.58980 0.66678
vt 0.33239 0.99566
vt 0.59082 0.66757
vt 0.32896 0.99499
vt 0.32908 0.99623
vt 0.78125 0.81728
vt 0.78325 0.81724
vt 0.78281 0.79721
vt 0.78230 0.77418
vt 0.77825 0.77427
vt 0.78031 0.77423
vt 0.78082 0.79726
vt 0.78520 0.81719
vt 0.78475 0.79717
vt 0.78175 0.74965
vt 0.78423 0.77414
vt 0.78368 0.74960
vt 0.77977 0.74969
vt 0.23488 0.36483
vt 0.23054 0.35644
vt 0.23756 0.37622
vt 0.23847 0.37290
vt 0.23847 0.37290
vt 0.24020 0.36767
vt 0.24020 0.36767
vt 0.23789 0.36574
vt 0.24511 0.35421
vt 0.78927 0.88990
vt 0.23960 0.35861
vt 0.23787 0.34905
vt 0.78962 0.89943
vt 0.23624 0.35713
vt 0.23196 0.34814
vt 0.78988 0.90563
vt 0.22184 0.34776
vt 0.79034 0.91570
vt 0.22903 0.37228
vt 0.22944 0.36455
vt 0.21930 0.37274
vt 0.23405 0.37179
vt 0.23670 0.37185
vt 0.23402 0.37760
vt 0.23402 0.37760
vt 0.66124 0.47365
vt 0.66124 0.47365
vt 0.64773 0.48717
vt 0.64773 0.48717
vt 0.66468 0.46323
vt 0.65388 0.46319
vt 0.64608 0.47187
vt 0.64937 0.47524
vt 0.63732 0.49059
vt 0.65951 0.48545
vt 0.67497 0.47281
vt 0.67497 0.47281
vt 0.67497 0.47281
vt 0.65874 0.49999
vt 0.65874 0.49999
vt 0.65722 0.46362
vt 0.65722 0.46362
vt 0.66111 0.45429
vt 0.77062 0.89574
vt 0.66336 0.45389
vt 0.77079 0.90030
vt 0.62901 0.48613
vt 0.76939 0.85918
vt 0.62851 0.48689
vt 0.76923 0.85405
vt 0.63740 0.47966
vt 0.62805 0.48920
vt 0.76910 0.84943
vt 0.63777 0.48308
vt 0.63777 0.48308
vt 0.63686 0.47827
vt 0.76964 0.86640
vt 0.64685 0.50092
vt 0.64685 0.50092
vt 0.64685 0.50092
vt 0.73848 0.46196
vt 0.71469 0.46204
vt 0.71448 0.47205
vt 0.69292 0.47231
vt 0.76362 0.95363
vt 0.76362 0.49919
vt 0.76362 0.96881
vt 0.76362 0.48401
vt 0.76362 0.99087
vt 0.76362 0.46195
vt 0.73845 0.47196
vt 0.71496 0.45303
vt 0.77330 0.95217
vt 0.69452 0.45312
vt 0.77231 0.93213
vt 0.67876 0.45328
vt 0.67876 0.45328
vt 0.77155 0.91661
vt 0.67665 0.46264
vt 0.67665 0.46264
vt 0.69363 0.46224
vt 0.69234 0.49935
vt 0.69234 0.49935
vt 0.67402 0.48471
vt 0.67402 0.48471
vt 0.67359 0.49957
vt 0.67359 0.49957
vt 0.69252 0.48430
vt 0.73844 0.48402
vt 0.71437 0.48410
vt 0.71431 0.49924
vt 0.71431 0.49924
vt 0.78368 0.89968
vt 0.78598 0.90579
vt 0.78570 0.89959
vt 0.78552 0.89507
vt 0.78767 0.89951
vt 0.78350 0.89516
vt 0.78185 0.90598
vt 0.78233 0.91606
vt 0.78442 0.91596
vt 0.78396 0.90588
vt 0.78840 0.91578
vt 0.78795 0.90571
vt 0.78750 0.89499
vt 0.24158 0.35092
vt 0.78944 0.89492
vt 0.78732 0.88997
vt 0.77173 0.90026
vt 0.77120 0.90028
vt 0.77202 0.90648
vt 0.77251 0.90022
vt 0.77102 0.89573
vt 0.66872 0.45355
vt 0.77107 0.90653
vt 0.77148 0.90651
vt 0.77280 0.90644
vt 0.77367 0.90016
vt 0.77367 0.90016
vt 0.77232 0.89567
vt 0.77330 0.89056
vt 0.77085 0.89066
vt 0.77154 0.89571
vt 0.77137 0.89064
vt 0.77508 0.89554
vt 0.77527 0.90008
vt 0.77752 0.90620
vt 0.77723 0.89999
vt 0.77919 0.89535
vt 0.77348 0.89562
vt 0.77396 0.90638
vt 0.77396 0.90638
vt 0.77557 0.90630
vt 0.77446 0.91646
vt 0.78015 0.91616
vt 0.77966 0.90609
vt 0.78157 0.89977
vt 0.77938 0.89988
vt 0.78138 0.89525
vt 0.78121 0.89022
vt 0.77704 0.89545
vt 0.77490 0.89049
vt 0.76858 0.77447
vt 0.76849 0.79749
vt 0.76943 0.81749
vt 0.76904 0.79748
vt 0.76937 0.77445
vt 0.62701 0.58961
vt 0.76705 0.74998
vt 0.76705 0.74998
vt 0.76749 0.74997
vt 0.76749 0.74997
vt 0.62705 0.54094
vt 0.76806 0.79750
vt 0.62715 0.52049
vt 0.76845 0.81751
vt 0.62734 0.50471
vt 0.76875 0.83302
vt 0.76917 0.83301
vt 0.76888 0.81750
vt 0.76971 0.83300
vt 0.77050 0.83299
vt 0.77165 0.83297
vt 0.77165 0.83297
vt 0.76984 0.79747
vt 0.77022 0.81748
vt 0.77137 0.81746
vt 0.76885 0.74994
vt 0.76885 0.74994
vt 0.76802 0.77448
vt 0.76805 0.74996
vt 0.77257 0.79742
vt 0.77402 0.77436
vt 0.77489 0.81740
vt 0.77449 0.79738
vt 0.77611 0.77432
vt 0.77660 0.79734
vt 0.77000 0.74991
vt 0.77000 0.74991
vt 0.77052 0.77443
vt 0.77052 0.77443
vt 0.77211 0.77440
vt 0.77099 0.79745
vt 0.77296 0.81743
vt 0.77732 0.83288
vt 0.77701 0.81737
vt 0.77917 0.81733
vt 0.77875 0.79730
vt 0.77558 0.74979
vt 0.77558 0.74979
vt 0.77771 0.74974
vt 0.77771 0.74974
vt 0.77158 0.74988
vt 0.77158 0.74988
vt 0.77348 0.74983
vt 0.77348 0.74983
vt 0.77344 0.84306
vt 0.77357 0.84934
vt 0.77539 0.84303
vt 0.77552 0.84930
vt 0.77766 0.84926
vt 0.77778 0.85385
vt 0.77196 0.84937
vt 0.77196 0.84937
vt 0.77384 0.85906
vt 0.77368 0.85395
vt 0.77564 0.85390
vt 0.77997 0.85380
vt 0.77753 0.84299
vt 0.77985 0.84921
vt 0.77971 0.84294
vt 0.77949 0.83284
vt 0.77519 0.83291
vt 0.77325 0.83295
vt 0.77408 0.86627
vt 0.77437 0.87480
vt 0.77632 0.87473
vt 0.77847 0.87466
vt 0.77876 0.88316
vt 0.77276 0.87486
vt 0.77466 0.88333
vt 0.77686 0.89040
vt 0.77661 0.88325
vt 0.77901 0.89031
vt 0.78067 0.87458
vt 0.78038 0.86607
vt 0.77819 0.86614
vt 0.77604 0.86621
vt 0.77795 0.85895
vt 0.77580 0.85901
vt 0.77003 0.84941
vt 0.77081 0.84939
vt 0.62765 0.49462
vt 0.76895 0.84314
vt 0.76937 0.84313
vt 0.76950 0.84942
vt 0.76979 0.85917
vt 0.76963 0.85404
vt 0.77031 0.85916
vt 0.77015 0.85403
vt 0.77093 0.85401
vt 0.77109 0.85914
vt 0.77208 0.85398
vt 0.77208 0.85398
vt 0.77069 0.84311
vt 0.77184 0.84309
vt 0.76990 0.84312
vt 0.77084 0.87492
vt 0.77061 0.88348
vt 0.77113 0.88346
vt 0.77055 0.86637
vt 0.77133 0.86635
vt 0.77003 0.86639
vt 0.64471 0.47042
vt 0.76993 0.87495
vt 0.77032 0.87494
vt 0.65256 0.46257
vt 0.77021 0.88349
vt 0.66042 0.45472
vt 0.77045 0.89067
vt 0.77214 0.89061
vt 0.77190 0.88343
vt 0.77305 0.88339
vt 0.77161 0.87490
vt 0.77247 0.86632
vt 0.77247 0.86632
vt 0.77224 0.85911
vt 0.77224 0.85911
vt 0.78181 0.84290
vt 0.78398 0.84911
vt 0.78195 0.84916
vt 0.78608 0.85363
vt 0.78594 0.84905
vt 0.78014 0.85889
vt 0.78208 0.85374
vt 0.78411 0.85369
vt 0.78625 0.85871
vt 0.78555 0.83270
vt 0.78360 0.83274
vt 0.78579 0.84280
vt 0.78159 0.83279
vt 0.78382 0.84285
vt 0.78278 0.87451
vt 0.78481 0.87444
vt 0.78452 0.86594
vt 0.78225 0.85883
vt 0.78249 0.86600
vt 0.78096 0.88308
vt 0.78332 0.89013
vt 0.78307 0.88300
vt 0.78535 0.89005
vt 0.78510 0.88292
vt 0.78678 0.87437
vt 0.78708 0.88285
vt 0.78649 0.86588
vt 0.26167 0.37082
vt 0.78844 0.86581
vt 0.78428 0.85877
vt 0.73843 0.49919
vt 0.73843 0.49919
vt 0.69224 0.51823
vt 0.65832 0.51850
vt 0.63627 0.51960
vt 0.63605 0.54068
vt 0.64607 0.54047
vt 0.65803 0.56443
vt 0.64597 0.56444
vt 0.67336 0.51833
vt 0.64633 0.51890
vt 0.63669 0.50260
vt 0.62701 0.56450
vt 0.76759 0.77449
vt 0.63597 0.56447
vt 0.67320 0.56442
vt 0.65802 0.58961
vt 0.65811 0.54035
vt 0.67325 0.54030
vt 0.77684 0.93189
vt 0.77783 0.95194
vt 0.77898 0.97502
vt 0.77976 0.95185
vt 0.77607 0.91638
vt 0.77524 0.93198
vt 0.77625 0.95202
vt 0.78020 0.00039
vt 0.78020 0.99961
vt 0.78210 0.00047
vt 0.78210 0.99953
vt 0.78089 0.97493
vt 0.78298 0.97483
vt 0.78402 0.95164
vt 0.78090 0.93168
vt 0.78187 0.95174
vt 0.78306 0.93157
vt 0.77877 0.93179
vt 0.77801 0.91627
vt 0.77274 0.93211
vt 0.77429 0.95212
vt 0.77329 0.93208
vt 0.77545 0.97519
vt 0.77509 0.95208
vt 0.77197 0.91659
vt 0.77374 0.95215
vt 0.73851 0.45300
vt 0.77445 0.97524
vt 0.77489 0.97522
vt 0.77668 0.00023
vt 0.77668 0.99977
vt 0.77748 0.00026
vt 0.77749 0.99974
vt 0.77625 0.97515
vt 0.77740 0.97510
vt 0.77740 0.97510
vt 0.77331 0.91652
vt 0.77408 0.93204
vt 0.77252 0.91657
vt 0.78716 0.93139
vt 0.78609 0.95154
vt 0.78911 0.93130
vt 0.78809 0.95145
vt 0.78915 0.97455
vt 0.79003 0.95136
vt 0.78512 0.97473
vt 0.78628 0.00066
vt 0.78628 0.99934
vt 0.78717 0.97464
vt 0.79108 0.97446
vt 0.79221 0.00093
vt 0.79221 0.99907
vt 0.18564 0.34738
vt 0.79194 0.95128
vt 0.20608 0.34754
vt 0.79104 0.93122
vt 0.78515 0.93148
vt 0.78644 0.91587
vt 0.18397 0.36409
vt 0.16111 0.36400
vt 0.16165 0.35585
vt 0.21971 0.38245
vt 0.21963 0.36449
vt 0.20407 0.36430
vt 0.22058 0.35617
vt 0.20502 0.35601
vt 0.18485 0.35591
vt 0.16207 0.34728
vt 0.79299 0.97438
vt 0.13693 0.35580
vt 0.16033 0.37130
vt 0.18277 0.37153
vt 0.20310 0.37215
vt 0.25678 0.43740
vt 0.24907 0.41908
vt 0.26495 0.43631
vt 0.24928 0.43893
vt 0.26491 0.41625
vt 0.27333 0.41497
vt 0.78712 0.81714
vt 0.24890 0.40321
vt 0.25674 0.41755
vt 0.24285 0.44147
vt 0.24933 0.46094
vt 0.26493 0.45939
vt 0.25676 0.46001
vt 0.27348 0.45890
vt 0.78613 0.77409
vt 0.26492 0.48399
vt 0.27349 0.48399
vt 0.78558 0.74956
vt 0.78558 0.74956
vt 0.27344 0.43538
vt 0.78666 0.79712
vt 0.25523 0.38365
vt 0.25619 0.38676
vt 0.25332 0.38123
vt 0.24924 0.38504
vt 0.24450 0.38555
vt 0.24450 0.38555
vt 0.24386 0.38813
vt 0.24386 0.38813
vt 0.24942 0.38789
vt 0.24919 0.39326
vt 0.25656 0.39230
vt 0.25666 0.40214
vt 0.27275 0.38907
vt 0.78772 0.84275
vt 0.26480 0.40076
vt 0.27314 0.39921
vt 0.78748 0.83265
vt 0.26452 0.39081
vt 0.26990 0.37936
vt 0.78802 0.85358
vt 0.26228 0.38165
vt 0.26379 0.38507
vt 0.27182 0.38312
vt 0.78788 0.84900
vt 0.25107 0.36994
vt 0.24643 0.36521
vt 0.24315 0.37079
vt 0.24667 0.37452
vt 0.24047 0.37537
vt 0.24299 0.37836
vt 0.26659 0.37577
vt 0.26659 0.37577
vt 0.78819 0.85865
vt 0.25572 0.37467
vt 0.25964 0.37867
vt 0.25964 0.37867
vt 0.25583 0.36497
vt 0.78873 0.87430
vt 0.25001 0.35912
vt 0.78902 0.88278
vt 0.24251 0.36124
vt 0.24251 0.36124
vt 0.24584 0.38102
vt 0.24022 0.38126
vt 0.24022 0.38126
vt 0.24271 0.38318
vt 0.24271 0.38318
vt 0.24820 0.38314
vt 0.24820 0.38314
vt 0.24498 0.38413
vt 0.25028 0.37816
vt 0.23219 0.38413
vt 0.23510 0.38787
vt 0.23689 0.38512
vt 0.23976 0.38719
vt 0.23497 0.38199
vt 0.22979 0.37910
vt 0.22979 0.37910
vt 0.22844 0.38805
vt 0.22844 0.38805
vt 0.24104 0.40394
vt 0.24294 0.39305
vt 0.24294 0.39305
vt 0.23845 0.39093
vt 0.24094 0.38495
vt 0.23838 0.38324
vt 0.23682 0.38049
vt 0.23843 0.37861
vt 0.23626 0.37674
vt 0.23626 0.37674
vt 0.22656 0.46372
vt 0.22759 0.46166
vt 0.22582 0.46519
vt 0.22706 0.47449
vt 0.22772 0.47372
vt 0.22325 0.44176
vt 0.22748 0.44722
vt 0.22748 0.44722
vt 0.22188 0.44513
vt 0.22462 0.45412
vt 0.02019 0.88413
vt 0.22011 0.44949
vt 0.02315 0.87549
vt 0.22308 0.45781
vt 0.22377 0.45616
vt 0.02632 0.86692
vt 0.22522 0.46637
vt 0.02969 0.85843
vt 0.22652 0.47511
vt 0.03327 0.85002
vt 0.22695 0.48393
vt 0.22747 0.48394
vt 0.22811 0.48394
vt 0.22811 0.48394
vt 0.22865 0.47265
vt 0.22998 0.47113
vt 0.22998 0.47113
vt 0.23027 0.48394
vt 0.23027 0.48394
vt 0.23027 0.48394
vt 0.22906 0.45875
vt 0.22906 0.45875
vt 0.22580 0.45127
vt 0.18133 0.40278
vt 0.18919 0.40677
vt 0.18792 0.40807
vt 0.19512 0.41306
vt 0.19095 0.40497
vt 0.19837 0.40918
vt 0.18510 0.39944
vt 0.18510 0.39944
vt 0.18289 0.40140
vt 0.17207 0.40021
vt 0.18021 0.40377
vt 0.00520 0.94616
vt 0.17932 0.40457
vt 0.00844 0.92822
vt 0.19402 0.41437
vt 0.19647 0.41144
vt 0.20170 0.41873
vt 0.20170 0.41873
vt 0.20895 0.42278
vt 0.21405 0.42948
vt 0.21579 0.42604
vt 0.21836 0.43691
vt 0.20502 0.41406
vt 0.20309 0.41677
vt 0.20309 0.41677
vt 0.20761 0.42503
vt 0.01037 0.91930
vt 0.20058 0.42029
vt 0.01252 0.91043
vt 0.20652 0.42684
vt 0.01487 0.90161
vt 0.21179 0.43393
vt 0.21279 0.43195
vt 0.21723 0.43946
vt 0.22090 0.44754
vt 0.21992 0.43337
vt 0.21083 0.41965
vt 0.14613 0.39383
vt 0.14588 0.39416
vt 0.15599 0.39444
vt 0.15531 0.39499
vt 0.16358 0.39742
vt 0.13686 0.39343
vt 0.13686 0.39343
vt 0.14648 0.39339
vt 0.13686 0.39373
vt 0.00098 0.98233
vt 0.14568 0.39444
vt 0.15482 0.39540
vt 0.00183 0.97327
vt 0.15442 0.39573
vt 0.00278 0.96421
vt 0.16299 0.39785
vt 0.17300 0.39948
vt 0.17300 0.39948
vt 0.16430 0.39688
vt 0.16673 0.39509
vt 0.16673 0.39509
vt 0.17430 0.39846
vt 0.17430 0.39846
vt 0.15697 0.39367
vt 0.15697 0.39367
vt 0.16530 0.39614
vt 0.14697 0.39279
vt 0.14697 0.39279
vt 0.15528 0.38475
vt 0.17688 0.38205
vt 0.17241 0.38501
vt 0.13689 0.37725
vt 0.13689 0.37725
vt 0.13689 0.37725
vt 0.13689 0.37725
vt 0.13689 0.38166
vt 0.13689 0.38166
vt 0.15737 0.38170
vt 0.15317 0.38686
vt 0.13688 0.38683
vt 0.13688 0.38683
vt 0.16811 0.38705
vt 0.17543 0.38902
vt 0.18032 0.38763
vt 0.18235 0.38954
vt 0.18683 0.38586
vt 0.19417 0.38320
vt 0.20053 0.37884
vt 0.20053 0.37884
vt 0.15912 0.37730
vt 0.15912 0.37730
vt 0.18057 0.37766
vt 0.18057 0.37766
vt 0.14857 0.39097
vt 0.16188 0.39005
vt 0.15830 0.39265
vt 0.15993 0.39141
vt 0.16863 0.39370
vt 0.15126 0.38843
vt 0.14974 0.38978
vt 0.13687 0.39173
vt 0.13687 0.39173
vt 0.14766 0.39198
vt 0.17615 0.39702
vt 0.17615 0.39702
vt 0.17615 0.39702
vt 0.17069 0.39210
vt 0.17268 0.39050
vt 0.18217 0.39093
vt 0.18217 0.39093
vt 0.16450 0.38861
vt 0.22106 0.40204
vt 0.22544 0.40687
vt 0.22881 0.41342
vt 0.22160 0.41456
vt 0.21708 0.40916
vt 0.21143 0.40496
vt 0.21350 0.41519
vt 0.21350 0.41519
vt 0.21827 0.42116
vt 0.21827 0.42116
vt 0.22516 0.42151
vt 0.22214 0.42834
vt 0.22214 0.42834
vt 0.22786 0.43047
vt 0.23275 0.40485
vt 0.23128 0.42260
vt 0.23629 0.39693
vt 0.23629 0.39693
vt 0.23545 0.41385
vt 0.22487 0.39457
vt 0.22929 0.39903
vt 0.23263 0.39236
vt 0.23263 0.39236
vt 0.19944 0.39498
vt 0.20793 0.39641
vt 0.19667 0.39896
vt 0.20630 0.38596
vt 0.21849 0.39153
vt 0.21849 0.39153
vt 0.19655 0.38777
vt 0.18830 0.38889
vt 0.20018 0.39100
vt 0.19109 0.39108
vt 0.19039 0.39388
vt 0.18082 0.39295
vt 0.17855 0.39510
vt 0.18794 0.39682
vt 0.20457 0.40162
vt 0.19345 0.40241
vt 0.20106 0.40597
vt 0.20106 0.40597
vt 0.20778 0.41020
vt 0.20778 0.41020
vt 0.20778 0.41020
vt 0.20778 0.41020
vt 0.21530 0.39862
vt 0.20963 0.39085
vt 0.23779 0.44545
vt 0.23295 0.43512
vt 0.23396 0.45019
vt 0.23448 0.46672
vt 0.23812 0.46436
vt 0.23112 0.45481
vt 0.24232 0.42204
vt 0.23701 0.42805
vt 0.22519 0.43698
vt 0.22519 0.43698
vt 0.22982 0.44173
vt 0.23184 0.46908
vt 0.24302 0.46235
vt 0.23819 0.48396
vt 0.32718 0.99796
vt 0.32781 0.99782
vt 0.32767 0.99648
vt 0.32704 0.99658
vt 0.32850 0.99766
vt 0.32835 0.99636
vt 0.32755 0.99515
vt 0.32693 0.99521
vt 0.32823 0.99507
vt 0.32677 0.99949
vt 0.37993 0.94767
vt 0.32734 0.99934
vt 0.37977 0.94824
vt 0.32661 0.99808
vt 0.32815 0.99379
vt 0.32747 0.99382
vt 0.32686 0.99386
vt 0.32647 0.99667
vt 0.32684 0.99252
vt 0.32745 0.99251
vt 0.32749 0.99122
vt 0.32688 0.99119
vt 0.32812 0.99251
vt 0.32815 0.99125
vt 0.32757 0.98994
vt 0.32697 0.98988
vt 0.32823 0.98999
vt 0.32836 0.98874
vt 0.32771 0.98866
vt 0.32711 0.98859
vt 0.32730 0.98731
vt 0.32789 0.98740
vt 0.32812 0.98616
vt 0.32753 0.98604
vt 0.32854 0.98751
vt 0.32876 0.98629
vt 0.32838 0.98492
vt 0.32781 0.98478
vt 0.32902 0.98507
vt 0.32932 0.98387
vt 0.32869 0.98370
vt 0.32812 0.98354
vt 0.32762 0.98340
vt 0.32701 0.98593
vt 0.32701 0.98593
vt 0.32848 0.98231
vt 0.32904 0.98249
vt 0.32942 0.98129
vt 0.32887 0.98110
vt 0.32966 0.98268
vt 0.33003 0.98150
vt 0.32984 0.98010
vt 0.32930 0.97989
vt 0.33045 0.98033
vt 0.33090 0.97917
vt 0.33090 0.97917
vt 0.33030 0.97893
vt 0.32976 0.97871
vt 0.32928 0.97851
vt 0.30275 0.99319
vt 0.30276 0.99517
vt 0.31889 0.99629
vt 0.31882 0.99469
vt 0.30282 0.99717
vt 0.31900 0.99790
vt 0.32514 0.99667
vt 0.32504 0.99523
vt 0.32527 0.99812
vt 0.27186 0.99024
vt 0.27178 0.99296
vt 0.27174 0.99568
vt 0.27171 0.99841
vt 0.38027 0.89261
vt 0.31912 0.99952
vt 0.38016 0.94003
vt 0.32541 0.99958
vt 0.38006 0.94632
vt 0.32636 0.99527
vt 0.32636 0.99527
vt 0.10741 0.97438
vt 0.10679 0.98097
vt 0.16515 0.98522
vt 0.16558 0.98000
vt 0.10625 0.98758
vt 0.16479 0.99046
vt 0.22344 0.98946
vt 0.22368 0.98561
vt 0.22325 0.99332
vt 0.10815 0.96781
vt 0.16445 0.99569
vt 0.38030 0.78531
vt 0.22308 0.99719
vt 0.38029 0.84397
vt 0.22400 0.98177
vt 0.16611 0.97480
vt 0.11129 0.94823
vt 0.11009 0.95473
vt 0.16755 0.96446
vt 0.16847 0.95933
vt 0.10904 0.96125
vt 0.16677 0.96962
vt 0.22495 0.97417
vt 0.22557 0.97041
vt 0.22442 0.97796
vt 0.11266 0.94176
vt 0.22629 0.96667
vt 0.16951 0.95423
vt 0.11767 0.92259
vt 0.11585 0.92894
vt 0.17197 0.94411
vt 0.17339 0.93911
vt 0.11417 0.93533
vt 0.17068 0.94915
vt 0.22803 0.95927
vt 0.22904 0.95561
vt 0.22711 0.96295
vt 0.11965 0.91629
vt 0.23014 0.95198
vt 0.17493 0.93415
vt 0.12647 0.89770
vt 0.12405 0.90384
vt 0.17837 0.92435
vt 0.18026 0.91952
vt 0.12177 0.91004
vt 0.17659 0.92923
vt 0.23261 0.94483
vt 0.23398 0.94130
vt 0.23133 0.94839
vt 0.12904 0.89162
vt 0.12904 0.89162
vt 0.23543 0.93781
vt 0.23543 0.93781
vt 0.18227 0.91473
vt 0.30849 0.96748
vt 0.32301 0.97420
vt 0.32363 0.97286
vt 0.30928 0.96578
vt 0.32861 0.97679
vt 0.32917 0.97558
vt 0.32428 0.97152
vt 0.31011 0.96410
vt 0.32975 0.97438
vt 0.27951 0.95694
vt 0.30775 0.96919
vt 0.28056 0.95455
vt 0.32243 0.97556
vt 0.32243 0.97556
vt 0.32978 0.97732
vt 0.32978 0.97732
vt 0.33032 0.97614
vt 0.33032 0.97614
vt 0.33150 0.97382
vt 0.33037 0.97319
vt 0.32497 0.97020
vt 0.31098 0.96244
vt 0.28285 0.94983
vt 0.28408 0.94751
vt 0.28168 0.95218
vt 0.31190 0.96080
vt 0.32570 0.96890
vt 0.32646 0.96761
vt 0.31287 0.95917
vt 0.33102 0.97202
vt 0.33171 0.97086
vt 0.32726 0.96633
vt 0.31388 0.95757
vt 0.33243 0.96971
vt 0.28537 0.94522
vt 0.33215 0.97267
vt 0.33282 0.97154
vt 0.33282 0.97154
vt 0.33426 0.96931
vt 0.33319 0.96858
vt 0.32810 0.96507
vt 0.31493 0.95598
vt 0.28814 0.94072
vt 0.28961 0.93852
vt 0.28673 0.94296
vt 0.31602 0.95442
vt 0.32897 0.96383
vt 0.32987 0.96260
vt 0.31716 0.95289
vt 0.33397 0.96746
vt 0.33479 0.96635
vt 0.33081 0.96140
vt 0.31834 0.95138
vt 0.33564 0.96527
vt 0.29113 0.93635
vt 0.33666 0.96609
vt 0.33666 0.96609
vt 0.33752 0.96506
vt 0.33651 0.96421
vt 0.33178 0.96022
vt 0.31955 0.94990
vt 0.29436 0.93211
vt 0.29605 0.93006
vt 0.29272 0.93421
vt 0.03867 0.84246
vt 0.04474 0.84528
vt 0.04862 0.83723
vt 0.04262 0.83427
vt 0.05969 0.85221
vt 0.06339 0.84452
vt 0.05269 0.82927
vt 0.04677 0.82617
vt 0.06728 0.83692
vt 0.04105 0.85341
vt 0.04105 0.85341
vt 0.05617 0.85998
vt 0.08796 0.86531
vt 0.09133 0.85830
vt 0.09487 0.85137
vt 0.09858 0.84453
vt 0.07135 0.82941
vt 0.05695 0.82141
vt 0.05110 0.81816
vt 0.04517 0.82533
vt 0.22306 0.51007
vt 0.05563 0.81026
vt 0.06140 0.81365
vt 0.06603 0.80600
vt 0.06035 0.80247
vt 0.07560 0.82200
vt 0.08003 0.81468
vt 0.07085 0.79845
vt 0.06525 0.79479
vt 0.08463 0.80747
vt 0.10245 0.83777
vt 0.10648 0.83110
vt 0.11067 0.82453
vt 0.11502 0.81805
vt 0.08940 0.80037
vt 0.07585 0.79102
vt 0.07034 0.78722
vt 0.06885 0.78619
vt 0.20053 0.54760
vt 0.05882 0.80152
vt 0.21174 0.53396
vt 0.07561 0.77977
vt 0.08102 0.78370
vt 0.08637 0.77651
vt 0.08106 0.77245
vt 0.09434 0.79338
vt 0.09946 0.78651
vt 0.09190 0.76945
vt 0.08668 0.76526
vt 0.10474 0.77977
vt 0.11953 0.81168
vt 0.12419 0.80542
vt 0.12900 0.79927
vt 0.13397 0.79323
vt 0.11018 0.77315
vt 0.09760 0.76253
vt 0.09248 0.75821
vt 0.09110 0.75705
vt 0.17129 0.56706
vt 0.17129 0.56706
vt 0.09845 0.75130
vt 0.10346 0.75574
vt 0.10949 0.74909
vt 0.10459 0.74453
vt 0.11578 0.76666
vt 0.12155 0.76032
vt 0.11569 0.74260
vt 0.11090 0.73792
vt 0.12746 0.75411
vt 0.09710 0.75010
vt 0.16296 0.56998
vt 0.13908 0.78732
vt 0.14433 0.78153
vt 0.14973 0.77587
vt 0.11737 0.73146
vt 0.11737 0.73146
vt 0.10327 0.74330
vt 0.15438 0.57206
vt 0.59970 0.69991
vt 0.60144 0.70049
vt 0.60639 0.68502
vt 0.60500 0.68456
vt 0.60319 0.70103
vt 0.60780 0.68545
vt 0.60839 0.67878
vt 0.60713 0.67837
vt 0.60966 0.67917
vt 0.58967 0.72901
vt 0.59798 0.69930
vt 0.59798 0.69930
vt 0.59205 0.72980
vt 0.59445 0.73054
vt 0.59687 0.73122
vt 0.60495 0.70153
vt 0.60921 0.68586
vt 0.61093 0.67953
vt 0.33615 0.97770
vt 0.61014 0.67754
vt 0.60589 0.67792
vt 0.60589 0.67792
vt 0.60672 0.70198
vt 0.60850 0.70240
vt 0.61206 0.68656
vt 0.61063 0.68622
vt 0.61029 0.70278
vt 0.61350 0.68687
vt 0.61350 0.68017
vt 0.61221 0.67987
vt 0.61480 0.68045
vt 0.59930 0.73185
vt 0.60175 0.73242
vt 0.60420 0.73294
vt 0.60667 0.73341
vt 0.61209 0.70312
vt 0.61494 0.68714
vt 0.61610 0.68069
vt 0.33855 0.97375
vt 0.61513 0.67877
vt 0.33791 0.97473
vt 0.61388 0.67851
vt 0.33730 0.97572
vt 0.61262 0.67821
vt 0.61389 0.70342
vt 0.61570 0.70368
vt 0.61785 0.68759
vt 0.61639 0.68738
vt 0.61752 0.70390
vt 0.61931 0.68777
vt 0.61871 0.68110
vt 0.61740 0.68091
vt 0.62003 0.68126
vt 0.60914 0.73381
vt 0.61163 0.73417
vt 0.61412 0.73446
vt 0.61662 0.73470
vt 0.61933 0.70407
vt 0.62077 0.68791
vt 0.62135 0.68139
vt 0.34224 0.96908
vt 0.62150 0.67969
vt 0.34069 0.97092
vt 0.61894 0.67941
vt 0.33994 0.97185
vt 0.61767 0.67923
vt 0.62116 0.70421
vt 0.62298 0.70431
vt 0.62370 0.68811
vt 0.62223 0.68802
vt 0.62481 0.70440
vt 0.62517 0.68818
vt 0.62399 0.68157
vt 0.62267 0.68149
vt 0.62531 0.68163
vt 0.61912 0.73488
vt 0.62162 0.73502
vt 0.62413 0.73514
vt 0.55284 0.37374
vt 0.62664 0.73523
vt 0.58341 0.33806
vt 0.62664 0.68824
vt 0.58768 0.33309
vt 0.62664 0.68169
vt 0.60834 0.89687
vt 0.61443 0.89719
vt 0.61697 0.83993
vt 0.61215 0.83967
vt 0.62052 0.89744
vt 0.62179 0.84014
vt 0.61951 0.78265
vt 0.61595 0.78246
vt 0.62307 0.78280
vt 0.59805 0.94386
vt 0.60518 0.94436
vt 0.60226 0.89643
vt 0.61232 0.94474
vt 0.61947 0.94503
vt 0.41618 0.53327
vt 0.62661 0.94528
vt 0.44717 0.49710
vt 0.62661 0.89766
vt 0.61240 0.78220
vt 0.60733 0.83933
vt 0.58409 0.89431
vt 0.59013 0.89516
vt 0.59772 0.83832
vt 0.59293 0.83764
vt 0.59619 0.89587
vt 0.60252 0.83888
vt 0.60532 0.78145
vt 0.60179 0.78095
vt 0.60885 0.78187
vt 0.56968 0.94022
vt 0.57674 0.94137
vt 0.57806 0.89333
vt 0.58383 0.94236
vt 0.59093 0.94319
vt 0.59827 0.78037
vt 0.58816 0.83686
vt 0.56013 0.88956
vt 0.56608 0.89095
vt 0.57867 0.83498
vt 0.57396 0.83387
vt 0.57206 0.89220
vt 0.58341 0.83597
vt 0.59127 0.77898
vt 0.58780 0.77817
vt 0.59476 0.77972
vt 0.54171 0.93401
vt 0.54865 0.93580
vt 0.55422 0.88803
vt 0.55563 0.93743
vt 0.56264 0.93890
vt 0.58434 0.77727
vt 0.56928 0.83267
vt 0.53669 0.88266
vt 0.54249 0.88458
vt 0.55999 0.82993
vt 0.55539 0.82841
vt 0.54833 0.88637
vt 0.56462 0.83135
vt 0.57750 0.77526
vt 0.57411 0.77414
vt 0.58091 0.77631
vt 0.52115 0.92771
vt 0.53093 0.88060
vt 0.53093 0.88060
vt 0.52796 0.92997
vt 0.53481 0.93207
vt 0.55083 0.82678
vt 0.50385 0.97789
vt 0.51177 0.98052
vt 0.51371 0.97446
vt 0.50592 0.97188
vt 0.51975 0.98296
vt 0.52155 0.97687
vt 0.51861 0.95915
vt 0.51116 0.95669
vt 0.52611 0.96145
vt 0.49598 0.97509
vt 0.49598 0.97509
vt 0.52778 0.98523
vt 0.52945 0.97909
vt 0.53367 0.96358
vt 0.53586 0.98731
vt 0.54398 0.98920
vt 0.54538 0.98300
vt 0.53739 0.98114
vt 0.55214 0.99092
vt 0.55340 0.98469
vt 0.54890 0.96732
vt 0.54126 0.96554
vt 0.55658 0.96894
vt 0.56034 0.99245
vt 0.56146 0.98619
vt 0.56428 0.97037
vt 0.56856 0.99379
vt 0.57682 0.99494
vt 0.57765 0.98865
vt 0.56954 0.98751
vt 0.58509 0.99591
vt 0.58579 0.98959
vt 0.57978 0.97272
vt 0.57202 0.97164
vt 0.58756 0.97363
vt 0.59338 0.99668
vt 0.59394 0.99035
vt 0.59535 0.97436
vt 0.60168 0.99726
vt 0.61000 0.99770
vt 0.61027 0.99135
vt 0.60210 0.99092
vt 0.61831 0.99804
vt 0.61844 0.99169
vt 0.61097 0.97532
vt 0.60316 0.97491
vt 0.61879 0.97564
vt 0.38580 0.56871
vt 0.62662 0.99197
vt 0.39625 0.55652
vt 0.62661 0.97591
vt 0.33383 0.97648
vt 0.33328 0.97756
vt 0.33403 0.97792
vt 0.33458 0.97687
vt 0.33276 0.97864
vt 0.33351 0.97898
vt 0.33481 0.97831
vt 0.33536 0.97728
vt 0.33430 0.97934
vt 0.33373 0.97503
vt 0.33313 0.97611
vt 0.33442 0.97541
vt 0.33257 0.97721
vt 0.33204 0.97832
vt 0.33510 0.97971
vt 0.60769 0.67675
vt 0.33561 0.97870
vt 0.60891 0.67716
vt 0.33593 0.97626
vt 0.33671 0.97671
vt 0.61138 0.67789
vt 0.33516 0.97583
vt 0.33635 0.97227
vt 0.33568 0.97331
vt 0.33640 0.97377
vt 0.33706 0.97275
vt 0.33504 0.97436
vt 0.33577 0.97479
vt 0.33715 0.97424
vt 0.33780 0.97325
vt 0.33653 0.97525
vt 0.33640 0.97078
vt 0.33568 0.97182
vt 0.33706 0.97125
vt 0.33500 0.97288
vt 0.33435 0.97395
vt 0.33849 0.97226
vt 0.33923 0.97279
vt 0.61640 0.67901
vt 0.33776 0.97175
vt 0.33936 0.96827
vt 0.33857 0.96925
vt 0.33925 0.96979
vt 0.34004 0.96883
vt 0.33780 0.97024
vt 0.33849 0.97076
vt 0.33996 0.97035
vt 0.34074 0.96941
vt 0.33921 0.97130
vt 0.33954 0.96677
vt 0.33872 0.96775
vt 0.34017 0.96731
vt 0.33792 0.96875
vt 0.33714 0.96976
vt 0.34146 0.97000
vt 0.62022 0.67956
vt 0.34154 0.96847
vt 0.34084 0.96788
vt 0.34271 0.96448
vt 0.34184 0.96540
vt 0.34248 0.96600
vt 0.34334 0.96509
vt 0.34100 0.96635
vt 0.34165 0.96694
vt 0.34315 0.96663
vt 0.34399 0.96573
vt 0.34234 0.96755
vt 0.34303 0.96299
vt 0.34303 0.96299
vt 0.34212 0.96390
vt 0.34360 0.96358
vt 0.34124 0.96484
vt 0.34038 0.96579
vt 0.34303 0.96817
vt 0.62278 0.67979
vt 0.34383 0.96727
vt 0.62406 0.67986
vt 0.34465 0.96639
vt 0.62535 0.67993
vt 0.34421 0.96421
vt 0.34421 0.96421
vt 0.77921 0.72516
vt 0.78067 0.70208
vt 0.78217 0.68202
vt 0.78022 0.68206
vt 0.78120 0.72511
vt 0.78313 0.72507
vt 0.78261 0.70204
vt 0.27336 0.55310
vt 0.78409 0.68198
vt 0.77822 0.68210
vt 0.77868 0.70213
vt 0.77661 0.70218
vt 0.22933 0.60354
vt 0.23778 0.60238
vt 0.23611 0.61101
vt 0.23477 0.60329
vt 0.23748 0.59188
vt 0.23619 0.59137
vt 0.23619 0.59137
vt 0.23838 0.59521
vt 0.23660 0.59626
vt 0.23394 0.59049
vt 0.23394 0.59049
vt 0.22971 0.58898
vt 0.22971 0.58898
vt 0.23396 0.59632
vt 0.22893 0.59580
vt 0.21951 0.60357
vt 0.22043 0.61190
vt 0.23040 0.61168
vt 0.23772 0.61911
vt 0.78289 0.59966
vt 0.24144 0.61724
vt 0.78292 0.60418
vt 0.24241 0.60690
vt 0.24241 0.60690
vt 0.23948 0.60954
vt 0.63732 0.68864
vt 0.64773 0.69206
vt 0.64608 0.70736
vt 0.63777 0.69615
vt 0.63777 0.69615
vt 0.64937 0.70398
vt 0.65722 0.71561
vt 0.65722 0.71561
vt 0.67359 0.67966
vt 0.67359 0.67966
vt 0.65874 0.67924
vt 0.65951 0.69378
vt 0.63669 0.67663
vt 0.63669 0.67663
vt 0.62805 0.69003
vt 0.76463 0.65053
vt 0.64471 0.70881
vt 0.76431 0.62500
vt 0.63740 0.69956
vt 0.66042 0.72451
vt 0.76413 0.60927
vt 0.66111 0.72494
vt 0.76407 0.60420
vt 0.65256 0.71666
vt 0.76422 0.61646
vt 0.65388 0.71604
vt 0.67665 0.71659
vt 0.66872 0.72568
vt 0.76404 0.59340
vt 0.67497 0.70642
vt 0.67497 0.70642
vt 0.66124 0.70558
vt 0.66124 0.70558
vt 0.66468 0.71600
vt 0.73844 0.69521
vt 0.71437 0.69513
vt 0.71448 0.70718
vt 0.76362 0.75760
vt 0.76362 0.69522
vt 0.71431 0.67999
vt 0.71431 0.67999
vt 0.67402 0.69452
vt 0.67402 0.69452
vt 0.69252 0.69492
vt 0.69292 0.70692
vt 0.69363 0.71699
vt 0.67876 0.72594
vt 0.67876 0.72594
vt 0.76407 0.58331
vt 0.71469 0.71719
vt 0.71496 0.72620
vt 0.76420 0.54770
vt 0.73848 0.71726
vt 0.73845 0.70727
vt 0.77900 0.60420
vt 0.78097 0.60419
vt 0.77897 0.59968
vt 0.77897 0.59347
vt 0.78102 0.60921
vt 0.78094 0.59967
vt 0.78094 0.59347
vt 0.23181 0.61999
vt 0.78288 0.59346
vt 0.78094 0.58338
vt 0.77694 0.59347
vt 0.77898 0.58339
vt 0.77483 0.59968
vt 0.77694 0.59968
vt 0.77484 0.59347
vt 0.77697 0.60420
vt 0.76500 0.60419
vt 0.76498 0.59964
vt 0.76576 0.59964
vt 0.76499 0.59341
vt 0.76453 0.60927
vt 0.76447 0.60419
vt 0.76583 0.60926
vt 0.76693 0.60419
vt 0.76578 0.60419
vt 0.76694 0.59342
vt 0.76694 0.59342
vt 0.76699 0.58333
vt 0.76699 0.58333
vt 0.76578 0.59341
vt 0.76583 0.58332
vt 0.76449 0.58331
vt 0.66336 0.72534
vt 0.76404 0.59964
vt 0.76445 0.59964
vt 0.76445 0.59340
vt 0.76853 0.59965
vt 0.77050 0.60420
vt 0.77050 0.59345
vt 0.76855 0.59343
vt 0.77049 0.59966
vt 0.76859 0.60925
vt 0.76854 0.60420
vt 0.77055 0.60925
vt 0.77490 0.60924
vt 0.77485 0.60421
vt 0.77266 0.60421
vt 0.77264 0.59967
vt 0.77265 0.59346
vt 0.77054 0.58336
vt 0.76692 0.59964
vt 0.76692 0.59964
vt 0.76827 0.72542
vt 0.76770 0.70241
vt 0.76691 0.70243
vt 0.76748 0.72544
vt 0.76942 0.72539
vt 0.76942 0.72539
vt 0.76885 0.70238
vt 0.76885 0.70238
vt 0.76718 0.68240
vt 0.76639 0.68242
vt 0.76677 0.66689
vt 0.76599 0.66692
vt 0.76585 0.68244
vt 0.76544 0.66693
vt 0.62734 0.67452
vt 0.76503 0.66694
vt 0.62705 0.63828
vt 0.76592 0.70246
vt 0.62715 0.65873
vt 0.76542 0.68245
vt 0.62701 0.61473
vt 0.76648 0.72547
vt 0.76692 0.72546
vt 0.76636 0.70245
vt 0.77101 0.72536
vt 0.77044 0.70234
vt 0.77236 0.70228
vt 0.77186 0.68227
vt 0.76993 0.68232
vt 0.77398 0.68221
vt 0.77292 0.72531
vt 0.77501 0.72526
vt 0.77715 0.72520
vt 0.77447 0.70223
vt 0.77614 0.68215
vt 0.77359 0.66670
vt 0.76834 0.68237
vt 0.76834 0.68237
vt 0.76952 0.66681
vt 0.77120 0.65665
vt 0.77334 0.65659
vt 0.77105 0.65038
vt 0.77146 0.66676
vt 0.77576 0.66664
vt 0.77320 0.65032
vt 0.77538 0.65027
vt 0.77096 0.64577
vt 0.77311 0.64573
vt 0.77090 0.64066
vt 0.76741 0.64585
vt 0.76741 0.64585
vt 0.76901 0.64581
vt 0.76734 0.64073
vt 0.76734 0.64073
vt 0.76766 0.65675
vt 0.76766 0.65675
vt 0.76926 0.65670
vt 0.76910 0.65043
vt 0.77081 0.63346
vt 0.77072 0.62493
vt 0.77296 0.63343
vt 0.77062 0.61641
vt 0.76866 0.61642
vt 0.76886 0.63349
vt 0.76894 0.64070
vt 0.77305 0.64062
vt 0.77516 0.63340
vt 0.77287 0.62491
vt 0.77278 0.61640
vt 0.77270 0.60925
vt 0.76698 0.60926
vt 0.76698 0.60926
vt 0.76876 0.62495
vt 0.76557 0.65051
vt 0.76635 0.65050
vt 0.76518 0.65681
vt 0.62765 0.68461
vt 0.76477 0.65682
vt 0.76572 0.65680
vt 0.76793 0.66686
vt 0.76793 0.66686
vt 0.76650 0.65678
vt 0.76750 0.65047
vt 0.76750 0.65047
vt 0.76626 0.64588
vt 0.76548 0.64589
vt 0.76495 0.64590
vt 0.76504 0.65053
vt 0.62851 0.69234
vt 0.76455 0.64591
vt 0.76471 0.62499
vt 0.76610 0.63353
vt 0.76600 0.62498
vt 0.76523 0.62499
vt 0.76591 0.61644
vt 0.76513 0.61644
vt 0.62901 0.69310
vt 0.76449 0.64078
vt 0.76489 0.64077
vt 0.63686 0.70095
vt 0.76441 0.63355
vt 0.76533 0.63354
vt 0.76541 0.64076
vt 0.76619 0.64075
vt 0.76725 0.63351
vt 0.76725 0.63351
vt 0.76715 0.62497
vt 0.76706 0.61643
vt 0.76706 0.61643
vt 0.76505 0.60926
vt 0.76461 0.61645
vt 0.76481 0.63355
vt 0.78160 0.65641
vt 0.78148 0.65015
vt 0.77951 0.65019
vt 0.77944 0.64560
vt 0.77552 0.65654
vt 0.77786 0.66659
vt 0.77964 0.65645
vt 0.77987 0.66655
vt 0.78182 0.66651
vt 0.27316 0.56889
vt 0.78375 0.66648
vt 0.78141 0.64557
vt 0.26992 0.58879
vt 0.78335 0.64554
vt 0.77741 0.64564
vt 0.77938 0.64052
vt 0.77530 0.64568
vt 0.77762 0.65649
vt 0.77749 0.65023
vt 0.77727 0.63338
vt 0.77718 0.62487
vt 0.77930 0.63335
vt 0.77921 0.62485
vt 0.77912 0.61636
vt 0.77524 0.64059
vt 0.77735 0.64055
vt 0.78135 0.64049
vt 0.78127 0.63332
vt 0.78118 0.62483
vt 0.25577 0.60319
vt 0.78313 0.62481
vt 0.78109 0.61634
vt 0.77709 0.61637
vt 0.77904 0.60922
vt 0.77701 0.60923
vt 0.77506 0.62489
vt 0.77497 0.61639
vt 0.67325 0.63893
vt 0.69224 0.66100
vt 0.67336 0.66090
vt 0.69234 0.67988
vt 0.69234 0.67988
vt 0.73843 0.68004
vt 0.73843 0.68004
vt 0.64607 0.63876
vt 0.65803 0.61480
vt 0.64597 0.61479
vt 0.63597 0.61476
vt 0.65832 0.66072
vt 0.65811 0.63887
vt 0.67320 0.61481
vt 0.67320 0.58961
vt 0.64595 0.58961
vt 0.64595 0.58961
vt 0.63596 0.58961
vt 0.63596 0.58961
vt 0.63605 0.63855
vt 0.64685 0.67831
vt 0.64685 0.67831
vt 0.64633 0.66033
vt 0.63627 0.65962
vt 0.77278 0.54775
vt 0.77067 0.54774
vt 0.76880 0.52462
vt 0.77283 0.52463
vt 0.76859 0.58334
vt 0.77060 0.56782
vt 0.77268 0.58337
vt 0.77490 0.56784
vt 0.77273 0.56783
vt 0.77494 0.54776
vt 0.77072 0.52463
vt 0.76722 0.52462
vt 0.76722 0.52462
vt 0.76866 0.56781
vt 0.76874 0.54773
vt 0.76519 0.54771
vt 0.76511 0.56778
vt 0.76590 0.56779
vt 0.76599 0.54771
vt 0.76526 0.52461
vt 0.76456 0.56778
vt 0.76504 0.58331
vt 0.76706 0.56780
vt 0.76706 0.56779
vt 0.76715 0.54772
vt 0.76715 0.54772
vt 0.76606 0.52461
vt 0.76529 0.50000
vt 0.73851 0.72623
vt 0.76426 0.52461
vt 0.76362 0.72659
vt 0.76362 0.72623
vt 0.76429 0.50000
vt 0.76470 0.52461
vt 0.69452 0.72611
vt 0.76413 0.56777
vt 0.76464 0.54771
vt 0.77904 0.52464
vt 0.77902 0.54776
vt 0.78096 0.54776
vt 0.77486 0.58338
vt 0.77696 0.58339
vt 0.77699 0.56785
vt 0.77900 0.56785
vt 0.22167 0.62033
vt 0.78288 0.58338
vt 0.20590 0.62048
vt 0.78288 0.56784
vt 0.78095 0.56785
vt 0.18544 0.62054
vt 0.78288 0.54776
vt 0.78098 0.52464
vt 0.77704 0.52464
vt 0.77497 0.52464
vt 0.77702 0.54776
vt 0.18265 0.59636
vt 0.16020 0.59650
vt 0.18383 0.60382
vt 0.16096 0.60381
vt 0.16147 0.61196
vt 0.21963 0.58559
vt 0.18047 0.59022
vt 0.18047 0.59022
vt 0.20298 0.59583
vt 0.13673 0.62049
vt 0.78289 0.50000
vt 0.16186 0.62054
vt 0.78289 0.52464
vt 0.20486 0.61199
vt 0.18468 0.61200
vt 0.21919 0.59531
vt 0.20393 0.60369
vt 0.26495 0.53171
vt 0.25676 0.50796
vt 0.25678 0.53060
vt 0.24906 0.54895
vt 0.24927 0.52906
vt 0.26481 0.56733
vt 0.27345 0.53265
vt 0.78452 0.70200
vt 0.26492 0.55181
vt 0.27349 0.50909
vt 0.78503 0.72503
vt 0.26494 0.50860
vt 0.25673 0.48398
vt 0.25673 0.48398
vt 0.24931 0.48397
vt 0.24932 0.50702
vt 0.24283 0.52650
vt 0.25673 0.55049
vt 0.26380 0.58305
vt 0.25618 0.58135
vt 0.25656 0.57580
vt 0.26228 0.58648
vt 0.25963 0.58947
vt 0.25963 0.58947
vt 0.27184 0.58502
vt 0.78342 0.65012
vt 0.27278 0.57906
vt 0.78354 0.65638
vt 0.26453 0.57731
vt 0.25666 0.56594
vt 0.24889 0.56485
vt 0.24918 0.57482
vt 0.24921 0.58307
vt 0.24940 0.58021
vt 0.24447 0.58254
vt 0.24447 0.58254
vt 0.25521 0.58447
vt 0.25568 0.59347
vt 0.24661 0.59360
vt 0.24308 0.59734
vt 0.24634 0.60293
vt 0.24293 0.58975
vt 0.24039 0.59275
vt 0.26659 0.59239
vt 0.78329 0.64046
vt 0.26164 0.59733
vt 0.78322 0.63330
vt 0.25330 0.58689
vt 0.24817 0.58497
vt 0.25025 0.58996
vt 0.24580 0.58709
vt 0.24016 0.58684
vt 0.24016 0.58684
vt 0.23836 0.58949
vt 0.23836 0.58949
vt 0.24011 0.60046
vt 0.24500 0.61396
vt 0.78297 0.60920
vt 0.25101 0.59820
vt 0.24992 0.60904
vt 0.78304 0.61633
vt 0.23505 0.58020
vt 0.23675 0.58761
vt 0.23683 0.58296
vt 0.23971 0.58090
vt 0.23841 0.57714
vt 0.23491 0.58609
vt 0.23832 0.58485
vt 0.24266 0.58492
vt 0.24266 0.58492
vt 0.24495 0.58397
vt 0.24089 0.58314
vt 0.24382 0.57996
vt 0.24382 0.57996
vt 0.24291 0.57502
vt 0.24291 0.57502
vt 0.23625 0.57112
vt 0.23625 0.57112
vt 0.24101 0.56410
vt 0.23258 0.57570
vt 0.23258 0.57570
vt 0.22838 0.58000
vt 0.23212 0.58394
vt 0.22577 0.51662
vt 0.22654 0.50416
vt 0.22459 0.51377
vt 0.22758 0.50622
vt 0.22865 0.49523
vt 0.22374 0.51172
vt 0.22900 0.48394
vt 0.22772 0.49415
vt 0.22705 0.49338
vt 0.03704 0.84170
vt 0.22651 0.49276
vt 0.22580 0.50269
vt 0.04101 0.83347
vt 0.22521 0.50150
vt 0.22087 0.52034
vt 0.04953 0.81729
vt 0.22008 0.51839
vt 0.18788 0.55983
vt 0.19090 0.56294
vt 0.18914 0.56113
vt 0.18129 0.56511
vt 0.20100 0.56196
vt 0.20100 0.56196
vt 0.19642 0.55647
vt 0.20303 0.55113
vt 0.20303 0.55113
vt 0.07415 0.77871
vt 0.19397 0.55353
vt 0.19506 0.55484
vt 0.07962 0.77136
vt 0.18687 0.55879
vt 0.18017 0.56411
vt 0.08527 0.76413
vt 0.17928 0.56331
vt 0.17296 0.56839
vt 0.18284 0.56649
vt 0.19831 0.55873
vt 0.19340 0.56551
vt 0.19340 0.56551
vt 0.21400 0.53842
vt 0.20890 0.54513
vt 0.21275 0.53595
vt 0.20755 0.54287
vt 0.21574 0.54187
vt 0.21822 0.54678
vt 0.21822 0.54678
vt 0.22210 0.53959
vt 0.22210 0.53959
vt 0.22515 0.53094
vt 0.22515 0.53094
vt 0.22321 0.52614
vt 0.21988 0.53453
vt 0.22185 0.52276
vt 0.21831 0.53098
vt 0.21719 0.52843
vt 0.05408 0.80935
vt 0.21629 0.52638
vt 0.06374 0.79380
vt 0.20647 0.54106
vt 0.20165 0.54918
vt 0.20497 0.55386
vt 0.20497 0.55386
vt 0.21078 0.54827
vt 0.15595 0.57336
vt 0.15527 0.57281
vt 0.17610 0.57086
vt 0.17610 0.57086
vt 0.17610 0.57086
vt 0.17426 0.56941
vt 0.16526 0.57170
vt 0.16426 0.57096
vt 0.17203 0.56765
vt 0.16354 0.57042
vt 0.14584 0.57358
vt 0.15478 0.57240
vt 0.10961 0.73666
vt 0.14564 0.57331
vt 0.13681 0.57396
vt 0.14609 0.57392
vt 0.14643 0.57436
vt 0.19408 0.58474
vt 0.17232 0.58284
vt 0.18674 0.58204
vt 0.18023 0.58025
vt 0.16802 0.58078
vt 0.15727 0.58608
vt 0.15901 0.59049
vt 0.17678 0.58582
vt 0.20044 0.58912
vt 0.20621 0.58202
vt 0.19646 0.58017
vt 0.18822 0.57902
vt 0.15308 0.58090
vt 0.15519 0.58302
vt 0.14967 0.57797
vt 0.15987 0.57639
vt 0.17260 0.57736
vt 0.16858 0.57415
vt 0.13680 0.57932
vt 0.13680 0.57932
vt 0.15118 0.57933
vt 0.16442 0.57921
vt 0.17535 0.57885
vt 0.16181 0.57776
vt 0.18209 0.57697
vt 0.18209 0.57697
vt 0.17062 0.57575
vt 0.16668 0.57275
vt 0.16668 0.57275
vt 0.15824 0.57516
vt 0.14760 0.57577
vt 0.15692 0.57413
vt 0.15692 0.57413
vt 0.14692 0.57496
vt 0.14692 0.57496
vt 0.14850 0.57678
vt 0.22481 0.57345
vt 0.22923 0.56899
vt 0.23271 0.56317
vt 0.22155 0.55340
vt 0.22539 0.56112
vt 0.22876 0.55457
vt 0.22783 0.53747
vt 0.22512 0.54644
vt 0.21702 0.55880
vt 0.21344 0.55274
vt 0.21344 0.55274
vt 0.21842 0.57648
vt 0.21842 0.57648
vt 0.22100 0.56595
vt 0.20955 0.57713
vt 0.20010 0.57695
vt 0.19938 0.57297
vt 0.18788 0.57109
vt 0.21524 0.56936
vt 0.21137 0.56300
vt 0.21137 0.56300
vt 0.20787 0.57156
vt 0.20772 0.55773
vt 0.20772 0.55773
vt 0.20772 0.55773
vt 0.20451 0.56633
vt 0.19661 0.56898
vt 0.18505 0.56846
vt 0.18505 0.56846
vt 0.17849 0.57279
vt 0.17849 0.57279
vt 0.18075 0.57494
vt 0.18075 0.57494
vt 0.19032 0.57404
vt 0.18227 0.57835
vt 0.19101 0.57685
vt 0.23394 0.51774
vt 0.23292 0.53283
vt 0.22980 0.52620
vt 0.23110 0.51311
vt 0.24230 0.54596
vt 0.23777 0.52250
vt 0.24301 0.50560
vt 0.24304 0.48397
vt 0.23811 0.50357
vt 0.23447 0.50119
vt 0.23462 0.48395
vt 0.23462 0.48395
vt 0.23206 0.48395
vt 0.23206 0.48395
vt 0.23183 0.49882
vt 0.22997 0.49676
vt 0.22997 0.49676
vt 0.22905 0.50915
vt 0.22746 0.52068
vt 0.22746 0.52068
vt 0.23124 0.54537
vt 0.23542 0.55416
vt 0.23699 0.53993
vt 0.34064 0.96246
vt 0.33972 0.96342
vt 0.34017 0.96385
vt 0.34109 0.96289
vt 0.33882 0.96441
vt 0.33929 0.96482
vt 0.34068 0.96432
vt 0.34158 0.96337
vt 0.33981 0.96529
vt 0.34025 0.96207
vt 0.34159 0.96151
vt 0.34159 0.96151
vt 0.33840 0.96404
vt 0.33840 0.96404
vt 0.33794 0.96542
vt 0.33842 0.96582
vt 0.33896 0.96627
vt 0.34250 0.96245
vt 0.34250 0.96245
vt 0.33709 0.96644
vt 0.33627 0.96748
vt 0.33677 0.96786
vt 0.33758 0.96683
vt 0.33548 0.96854
vt 0.33598 0.96891
vt 0.33732 0.96828
vt 0.33813 0.96727
vt 0.33654 0.96931
vt 0.33583 0.96715
vt 0.33583 0.96715
vt 0.33503 0.96822
vt 0.33503 0.96822
vt 0.33472 0.96962
vt 0.33522 0.96997
vt 0.33578 0.97036
vt 0.33398 0.97071
vt 0.33328 0.97182
vt 0.33380 0.97214
vt 0.33450 0.97104
vt 0.33261 0.97294
vt 0.33313 0.97324
vt 0.33437 0.97249
vt 0.33506 0.97141
vt 0.33371 0.97357
vt 0.33353 0.97042
vt 0.33197 0.97407
vt 0.33250 0.97435
vt 0.33308 0.97467
vt 0.33137 0.97521
vt 0.33080 0.97636
vt 0.33133 0.97662
vt 0.33190 0.97548
vt 0.33026 0.97753
vt 0.33080 0.97776
vt 0.33192 0.97690
vt 0.33249 0.97578
vt 0.33139 0.97803
vt 0.33090 0.97497
vt 0.32081 0.94845
vt 0.33279 0.95907
vt 0.33382 0.95794
vt 0.32211 0.94703
vt 0.33742 0.96317
vt 0.33835 0.96215
vt 0.33488 0.95683
vt 0.32344 0.94564
vt 0.33931 0.96116
vt 0.29779 0.92804
vt 0.33931 0.96305
vt 0.30143 0.92414
vt 0.29959 0.92607
vt 0.17517 0.81932
vt 0.21855 0.85778
vt 0.22207 0.85390
vt 0.17964 0.81440
vt 0.26187 0.89619
vt 0.26445 0.89335
vt 0.22569 0.85011
vt 0.18423 0.80959
vt 0.26710 0.89058
vt 0.17083 0.82435
vt 0.21512 0.86174
vt 0.25936 0.89909
vt 0.26981 0.88787
vt 0.26981 0.88787
vt 0.22940 0.84641
vt 0.22940 0.84641
vt 0.15855 0.84003
vt 0.20546 0.87410
vt 0.20857 0.86991
vt 0.16251 0.83470
vt 0.25230 0.90813
vt 0.25457 0.90506
vt 0.21180 0.86578
vt 0.16661 0.82948
vt 0.25693 0.90205
vt 0.15472 0.84545
vt 0.20244 0.87837
vt 0.25009 0.91125
vt 0.14405 0.86220
vt 0.19404 0.89157
vt 0.19673 0.88711
vt 0.14747 0.85654
vt 0.24397 0.92090
vt 0.24593 0.91764
vt 0.19953 0.88271
vt 0.15103 0.85095
vt 0.24797 0.91442
vt 0.14076 0.86795
vt 0.19146 0.89610
vt 0.24210 0.92421
vt 0.13176 0.88560
vt 0.18440 0.90999
vt 0.18664 0.90531
vt 0.13462 0.87965
vt 0.23697 0.93435
vt 0.23860 0.93093
vt 0.18899 0.90067
vt 0.13762 0.87376
vt 0.24030 0.92755
vt 0.67405 0.58961
vt 0.49568 0.97591
vt 0.67449 0.59839
vt 0.42082 0.60384
vt 0.45036 0.62137
vt 0.68463 0.82098
vt 0.67791 0.61562
vt 0.68087 0.62389
vt 0.70029 0.92654
vt 0.70680 0.93244
vt 0.68915 0.53985
vt 0.45036 0.95556
vt 0.68463 0.54739
vt 0.40014 0.92336
vt 0.38108 0.57418
vt 0.57717 0.99586
vt 0.54856 0.65686
vt 0.69439 0.92003
vt 0.69439 0.64644
vt 0.70029 0.65295
vt 0.70680 0.79397
vt 0.70029 0.79987
vt 0.40014 0.58917
vt 0.67449 0.85443
vt 0.67405 0.86320
vt 0.49568 0.64171
vt 0.60242 0.66397
vt 0.62664 0.66500
vt 0.42531 0.94092
vt 0.44567 0.95300
vt 0.67578 0.84573
vt 0.47318 0.63252
vt 0.54856 0.99105
vt 0.70680 0.65885
vt 0.57188 0.99513
vt 0.42082 0.93803
vt 0.67578 0.60709
vt 0.67449 0.87198
vt 0.67578 0.88068
vt 0.57717 0.66166
vt 0.68463 0.63184
vt 0.51875 0.98357
vt 0.42531 0.60673
vt 0.68087 0.55534
vt 0.67791 0.56361
vt 0.47318 0.96672
vt 0.67578 0.57214
vt 0.68087 0.89748
vt 0.68463 0.90543
vt 0.68915 0.63937
vt 0.54334 0.98994
vt 0.68087 0.82893
vt 0.67791 0.83720
vt 0.57188 0.66094
vt 0.67449 0.58084
vt 0.44567 0.61881
vt 0.69439 0.80638
vt 0.60242 0.99817
vt 0.51875 0.64937
vt 0.54334 0.65575
vt 0.67791 0.88921
vt 0.50356 0.97872
vt 0.67405 0.58961
vt 0.49568 0.97591
vt 0.49568 0.97591
vt 0.71386 0.78873
vt 0.42121 0.60410
vt 0.71429 0.78848
vt 0.71429 0.78848
vt 0.72140 0.78421
vt 0.41428 0.59944
vt 0.68890 0.81387
vt 0.68890 0.81387
vt 0.68915 0.81345
vt 0.44994 0.62115
vt 0.45736 0.62500
vt 0.45736 0.62500
vt 0.52755 0.98606
vt 0.51950 0.98380
vt 0.56843 0.66045
vt 0.56843 0.66045
vt 0.56019 0.65911
vt 0.45736 0.95920
vt 0.68890 0.54028
vt 0.44994 0.95534
vt 0.73762 0.50390
vt 0.40077 0.92384
vt 0.73843 0.50370
vt 0.74615 0.50177
vt 0.39416 0.91875
vt 0.39416 0.91875
vt 0.75485 0.77407
vt 0.38761 0.57939
vt 0.38761 0.57939
vt 0.76362 0.67919
vt 0.76362 0.77363
vt 0.76362 0.67919
vt 0.38108 0.57418
vt 0.62664 0.99919
vt 0.72935 0.67237
vt 0.59331 0.99754
vt 0.59331 0.99754
vt 0.72140 0.66861
vt 0.58500 0.99677
vt 0.71429 0.66434
vt 0.71429 0.66434
vt 0.71386 0.66408
vt 0.57670 0.99580
vt 0.57670 0.99580
vt 0.55197 0.65758
vt 0.69221 0.91708
vt 0.68915 0.91296
vt 0.54379 0.65586
vt 0.56019 0.99330
vt 0.55197 0.99177
vt 0.55197 0.99177
vt 0.43538 0.61295
vt 0.42824 0.60861
vt 0.42824 0.60861
vt 0.73762 0.77749
vt 0.40077 0.58965
vt 0.73843 0.77729
vt 0.73843 0.77729
vt 0.74615 0.77536
vt 0.39416 0.58456
vt 0.39416 0.58456
vt 0.49568 0.64171
vt 0.67405 0.86320
vt 0.48787 0.63872
vt 0.48787 0.63872
vt 0.76362 0.95278
vt 0.76362 0.50004
vt 0.61830 0.66471
vt 0.61830 0.66471
vt 0.75485 0.95234
vt 0.60996 0.66437
vt 0.60996 0.66437
vt 0.74615 0.95105
vt 0.73843 0.94912
vt 0.73843 0.94912
vt 0.69221 0.53574
vt 0.44261 0.95132
vt 0.44261 0.95132
vt 0.69439 0.53279
vt 0.43538 0.94714
vt 0.70029 0.52628
vt 0.42824 0.94280
vt 0.42824 0.94280
vt 0.70680 0.52038
vt 0.70975 0.51820
vt 0.38108 0.90838
vt 0.62664 0.66500
vt 0.76362 0.50004
vt 0.38761 0.91358
vt 0.75485 0.50048
vt 0.67771 0.83801
vt 0.67771 0.83801
vt 0.48013 0.63555
vt 0.69221 0.64349
vt 0.56843 0.99465
vt 0.56843 0.99465
vt 0.70975 0.66103
vt 0.42121 0.93830
vt 0.71386 0.51514
vt 0.71429 0.51489
vt 0.41428 0.93363
vt 0.72140 0.51062
vt 0.40747 0.92881
vt 0.40747 0.92881
vt 0.72935 0.50686
vt 0.51150 0.98135
vt 0.51150 0.64715
vt 0.50356 0.64452
vt 0.72140 0.94220
vt 0.58500 0.66258
vt 0.71429 0.93793
vt 0.71386 0.93768
vt 0.57670 0.66161
vt 0.53565 0.98815
vt 0.67771 0.61481
vt 0.70975 0.79179
vt 0.72935 0.78045
vt 0.40747 0.59462
vt 0.47246 0.96640
vt 0.47246 0.96640
vt 0.46487 0.96288
vt 0.46487 0.96288
vt 0.48013 0.96974
vt 0.67771 0.56442
vt 0.53565 0.65396
vt 0.52755 0.65187
vt 0.52755 0.65187
vt 0.75485 0.67875
vt 0.61830 0.99890
vt 0.61830 0.99890
vt 0.74615 0.67746
vt 0.60996 0.99856
vt 0.60996 0.99856
vt 0.68890 0.63895
vt 0.68890 0.63895
vt 0.54379 0.99005
vt 0.47246 0.63220
vt 0.47246 0.63220
vt 0.46487 0.62869
vt 0.73762 0.67532
vt 0.60163 0.99813
vt 0.72935 0.94596
vt 0.59331 0.66335
vt 0.59331 0.66335
vt 0.70975 0.93462
vt 0.70975 0.93462
vt 0.48787 0.97291
vt 0.48787 0.97291
vt 0.44261 0.61713
vt 0.69221 0.80933
vt 0.69221 0.80933
vt 0.73843 0.67553
vt 0.67771 0.88840
vt 0.73762 0.94892
vt 0.60163 0.66393
vt 0.60163 0.66393
vt 0.68890 0.91254
vt 0.51950 0.64960
f 1/1 2/2 3/3
f 1/1 3/3 4/4
f 2/2 5/5 6/6
f 2/2 6/6 3/3
f 4/4 3/3 7/7
f 4/4 7/7 8/8
f 3/3 6/6 9/9
f 3/3 9/9 7/7
f 1262/1262 10/10 1/1
f 1262/1262 1/1 11/11
f 10/10 1277/1277 2/2
f 10/10 2/2 1/1
f 1277/1277 1276/1276 5/5
f 1277/1277 5/5 2/2
f 1276/1276 1178/1178 12/12
f 1276/1276 12/12 5/5
f 5/5 12/12 1177/1177
f 5/5 1177/1177 6/6
f 6/6 1177/1177 13/13
f 6/6 13/13 9/9
f 9/9 13/13 1162/1162
f 9/9 1162/1162 14/14
f 7/7 9/9 14/14
f 7/7 14/14 15/15
f 8/8 7/7 15/15
f 8/8 15/15 16/16
f 17/17 8/8 16/16
f 17/17 16/16 18/18
f 19/19 4/4 8/8
f 19/19 8/8 17/17
f 11/11 1/1 4/4
f 11/11 4/4 19/19
f 20/20 21/21 22/22
f 20/20 22/22 23/23
f 21/21 24/24 25/25
f 21/21 25/25 22/22
f 23/23 22/22 26/26
f 23/23 26/26 27/27
f 22/22 25/25 28/28
f 22/22 28/28 26/26
f 18/18 16/16 20/20
f 18/18 20/20 29/29
f 16/16 15/15 21/21
f 16/16 21/21 20/20
f 15/15 14/14 24/24
f 15/15 24/24 21/21
f 14/14 1162/1162 1160/1160
f 14/14 1160/1160 24/24
f 24/24 1160/1160 30/30
f 24/24 30/30 25/25
f 25/25 30/30 1158/1158
f 25/25 1158/1158 28/28
f 28/28 1158/1158 1145/1145
f 28/28 1145/1145 31/31
f 26/26 28/28 31/31
f 26/26 31/31 32/32
f 27/27 26/26 32/32
f 27/27 32/32 33/33
f 34/34 27/27 33/33
f 34/34 33/33 35/35
f 36/36 23/23 27/27
f 36/36 27/27 34/34
f 29/29 20/20 23/23
f 29/29 23/23 36/36
f 37/37 38/38 39/39
f 37/37 39/39 40/40
f 38/38 41/41 42/42
f 38/38 42/42 39/39
f 40/40 39/39 43/43
f 40/40 43/43 44/44
f 39/39 42/42 45/45
f 39/39 45/45 43/43
f 35/35 33/33 37/37
f 35/35 37/37 46/46
f 33/33 32/32 38/38
f 33/33 38/38 37/37
f 32/32 31/31 41/41
f 32/32 41/41 38/38
f 31/31 1145/1145 1143/1143
f 31/31 1143/1143 41/41
f 41/41 1143/1143 1141/1141
f 41/41 1141/1141 42/42
f 42/42 1141/1141 47/47
f 42/42 47/47 45/45
f 45/45 47/47 1124/1124
f 45/45 1124/1124 48/48
f 43/43 45/45 48/48
f 43/43 48/48 49/49
f 44/44 43/43 49/49
f 44/44 49/49 50/50
f 51/51 44/44 50/50
f 51/51 50/50 52/52
f 53/53 40/40 44/44
f 53/53 44/44 51/51
f 46/46 37/37 40/40
f 46/46 40/40 53/53
f 54/54 55/55 56/56
f 54/54 56/56 57/57
f 55/55 58/58 59/59
f 55/55 59/59 56/56
f 57/57 56/56 60/60
f 57/57 60/60 61/61
f 56/56 59/59 62/62
f 56/56 62/62 60/60
f 64/64 66/66 54/54
f 64/64 54/54 926/926
f 66/66 1338/1338 55/55
f 66/66 55/55 54/54
f 1338/1338 67/67 58/58
f 1338/1338 58/58 55/55
f 67/67 1336/1336 68/68
f 67/67 68/68 58/58
f 58/58 68/68 69/69
f 58/58 69/69 59/59
f 59/59 69/69 70/70
f 59/59 70/70 62/62
f 62/62 70/70 71/71
f 62/62 71/71 72/72
f 60/60 62/62 72/72
f 60/60 72/72 73/73
f 61/61 60/60 73/73
f 61/61 73/73 74/74
f 930/930 61/61 74/74
f 930/930 74/74 969/969
f 928/928 57/57 61/61
f 928/928 61/61 930/930
f 926/926 54/54 57/57
f 926/926 57/57 928/928
f 75/75 76/76 77/77
f 75/75 77/77 78/78
f 76/76 79/79 80/80
f 76/76 80/80 77/77
f 78/78 77/77 81/81
f 78/78 81/81 82/82
f 77/77 80/80 83/83
f 77/77 83/83 81/81
f 969/969 74/74 75/75
f 969/969 75/75 973/973
f 74/74 73/73 76/76
f 74/74 76/76 75/75
f 73/73 72/72 79/79
f 73/73 79/79 76/76
f 72/72 71/71 84/84
f 72/72 84/84 79/79
f 79/79 84/84 85/85
f 79/79 85/85 80/80
f 80/80 85/85 86/86
f 80/80 86/86 83/83
f 83/83 86/86 87/87
f 83/83 87/87 88/88
f 81/81 83/83 88/88
f 81/81 88/88 89/89
f 82/82 81/81 89/89
f 82/82 89/89 90/90
f 977/977 82/82 90/90
f 977/977 90/90 979/979
f 975/975 78/78 82/82
f 975/975 82/82 977/977
f 973/973 75/75 78/78
f 973/973 78/78 975/975
f 91/91 92/92 93/93
f 91/91 93/93 94/94
f 92/92 95/95 96/96
f 92/92 96/96 93/93
f 94/94 93/93 97/97
f 94/94 97/97 98/98
f 93/93 96/96 99/99
f 93/93 99/99 97/97
f 979/979 90/90 91/91
f 979/979 91/91 101/101
f 90/90 89/89 92/92
f 90/90 92/92 91/91
f 89/89 88/88 95/95
f 89/89 95/95 92/92
f 88/88 87/87 102/102
f 88/88 102/102 95/95
f 95/95 102/102 103/103
f 95/95 103/103 96/96
f 96/96 103/103 104/104
f 96/96 104/104 99/99
f 99/99 104/104 105/105
f 99/99 105/105 106/106
f 97/97 99/99 106/106
f 97/97 106/106 107/107
f 98/98 97/97 107/107
f 98/98 107/107 108/108
f 944/944 98/98 108/108
f 944/944 108/108 1001/1001
f 110/110 94/94 98/98
f 110/110 98/98 944/944
f 101/101 91/91 94/94
f 101/101 94/94 110/110
f 111/111 112/112 113/113
f 111/111 113/113 114/114
f 112/112 115/115 116/116
f 112/112 116/116 113/113
f 114/114 113/113 117/117
f 114/114 117/117 118/118
f 113/113 116/116 119/119
f 113/113 119/119 117/117
f 1001/1001 108/108 111/111
f 1001/1001 111/111 121/121
f 108/108 107/107 112/112
f 108/108 112/112 111/111
f 107/107 106/106 115/115
f 107/107 115/115 112/112
f 106/106 105/105 122/122
f 106/106 122/122 115/115
f 115/115 122/122 123/123
f 115/115 123/123 116/116
f 116/116 123/123 124/124
f 116/116 124/124 119/119
f 119/119 124/124 2636/2636
f 119/119 2636/2636 2634/2634
f 117/117 119/119 2634/2634
f 117/117 2634/2634 2632/2632
f 118/118 117/117 2632/2632
f 118/118 2632/2632 2630/2630
f 1006/1006 118/118 2630/2630
f 1006/1006 2630/2630 128/128
f 1004/1004 114/114 118/118
f 1004/1004 118/118 1006/1006
f 121/121 111/111 114/114
f 121/121 114/114 1004/1004
f 129/129 130/130 131/131
f 129/129 131/131 132/132
f 130/130 133/133 134/134
f 130/130 134/134 131/131
f 132/132 131/131 135/135
f 132/132 135/135 136/136
f 131/131 134/134 137/137
f 131/131 137/137 135/135
f 1404/1404 138/138 129/129
f 1404/1404 129/129 139/139
f 138/138 141/141 130/130
f 138/138 130/130 129/129
f 141/141 142/142 133/133
f 141/141 133/133 130/130
f 142/142 143/143 144/144
f 142/142 144/144 133/133
f 133/133 144/144 145/145
f 133/133 145/145 134/134
f 134/134 145/145 146/146
f 134/134 146/146 137/137
f 137/137 146/146 349/349
f 137/137 349/349 148/148
f 135/135 137/137 148/148
f 135/135 148/148 346/346
f 136/136 135/135 346/346
f 136/136 346/346 344/344
f 150/150 136/136 344/344
f 150/150 344/344 1409/1409
f 1407/1407 132/132 136/136
f 1407/1407 136/136 150/150
f 139/139 129/129 132/132
f 139/139 132/132 1407/1407
f 151/151 152/152 153/153
f 151/151 153/153 154/154
f 152/152 155/155 156/156
f 152/152 156/156 153/153
f 154/154 153/153 157/157
f 154/154 157/157 158/158
f 153/153 156/156 159/159
f 153/153 159/159 157/157
f 143/143 160/160 151/151
f 143/143 151/151 144/144
f 160/160 161/161 152/152
f 160/160 152/152 151/151
f 161/161 162/162 155/155
f 161/161 155/155 152/152
f 162/162 163/163 164/164
f 162/162 164/164 155/155
f 155/155 164/164 165/165
f 155/155 165/165 156/156
f 156/156 165/165 166/166
f 156/156 166/166 159/159
f 159/159 166/166 168/168
f 159/159 168/168 170/170
f 157/157 159/159 170/170
f 157/157 170/170 172/172
f 158/158 157/157 172/172
f 158/158 172/172 174/174
f 146/146 158/158 174/174
f 146/146 174/174 349/349
f 145/145 154/154 158/158
f 145/145 158/158 146/146
f 144/144 151/151 154/154
f 144/144 154/154 145/145
f 175/175 176/176 177/177
f 175/175 177/177 178/178
f 176/176 179/179 180/180
f 176/176 180/180 177/177
f 178/178 177/177 181/181
f 178/178 181/181 182/182
f 177/177 180/180 183/183
f 177/177 183/183 181/181
f 163/163 184/184 175/175
f 163/163 175/175 164/164
f 184/184 185/185 176/176
f 184/184 176/176 175/175
f 185/185 186/186 179/179
f 185/185 179/179 176/176
f 186/186 187/187 188/188
f 186/186 188/188 179/179
f 179/179 188/188 189/189
f 179/179 189/189 180/180
f 180/180 189/189 190/190
f 180/180 190/190 183/183
f 183/183 190/190 385/385
f 183/183 385/385 192/192
f 181/181 183/183 192/192
f 181/181 192/192 194/194
f 182/182 181/181 194/194
f 182/182 194/194 382/382
f 166/166 182/182 382/382
f 166/166 382/382 168/168
f 165/165 178/178 182/182
f 165/165 182/182 166/166
f 164/164 175/175 178/178
f 164/164 178/178 165/165
f 195/195 196/196 197/197
f 195/195 197/197 198/198
f 196/196 199/199 200/200
f 196/196 200/200 197/197
f 198/198 197/197 201/201
f 198/198 201/201 202/202
f 197/197 200/200 203/203
f 197/197 203/203 201/201
f 187/187 204/204 195/195
f 187/187 195/195 188/188
f 204/204 205/205 196/196
f 204/204 196/196 195/195
f 205/205 206/206 199/199
f 205/205 199/199 196/196
f 206/206 2720/2720 2717/2717
f 206/206 2717/2717 199/199
f 199/199 2717/2717 2715/2715
f 199/199 2715/2715 200/200
f 200/200 2715/2715 208/208
f 200/200 208/208 203/203
f 203/203 208/208 410/410
f 203/203 410/410 406/406
f 201/201 203/203 406/406
f 201/201 406/406 404/404
f 202/202 201/201 404/404
f 202/202 404/404 402/402
f 190/190 202/202 402/402
f 190/190 402/402 385/385
f 189/189 198/198 202/202
f 189/189 202/202 190/190
f 188/188 195/195 198/198
f 188/188 198/198 189/189
f 209/209 210/210 211/211
f 209/209 211/211 212/212
f 210/210 213/213 214/214
f 210/210 214/214 211/211
f 212/212 211/211 215/215
f 212/212 215/215 216/216
f 211/211 214/214 217/217
f 211/211 217/217 215/215
f 218/218 219/219 209/209
f 218/218 209/209 220/220
f 219/219 221/221 210/210
f 219/219 210/210 209/209
f 221/221 222/222 213/213
f 221/221 213/213 210/210
f 222/222 224/224 2737/2737
f 222/222 2737/2737 213/213
f 213/213 2737/2737 226/226
f 213/213 226/226 214/214
f 214/214 226/226 228/228
f 214/214 228/228 217/217
f 217/217 228/228 2720/2720
f 217/217 2720/2720 206/206
f 215/215 217/217 206/206
f 215/215 206/206 205/205
f 216/216 215/215 205/205
f 216/216 205/205 204/204
f 229/229 216/216 204/204
f 229/229 204/204 187/187
f 230/230 212/212 216/216
f 230/230 216/216 229/229
f 220/220 209/209 212/212
f 220/220 212/212 230/230
f 231/231 232/232 233/233
f 231/231 233/233 234/234
f 232/232 235/235 236/236
f 232/232 236/236 233/233
f 234/234 233/233 237/237
f 234/234 237/237 238/238
f 233/233 236/236 239/239
f 233/233 239/239 237/237
f 240/240 241/241 231/231
f 240/240 231/231 242/242
f 241/241 243/243 232/232
f 241/241 232/232 231/231
f 243/243 244/244 235/235
f 243/243 235/235 232/232
f 244/244 218/218 220/220
f 244/244 220/220 235/235
f 235/235 220/220 230/230
f 235/235 230/230 236/236
f 236/236 230/230 229/229
f 236/236 229/229 239/239
f 239/239 229/229 187/187
f 239/239 187/187 186/186
f 237/237 239/239 186/186
f 237/237 186/186 185/185
f 238/238 237/237 185/185
f 238/238 185/185 184/184
f 245/245 238/238 184/184
f 245/245 184/184 163/163
f 246/246 234/234 238/238
f 246/246 238/238 245/245
f 242/242 231/231 234/234
f 242/242 234/234 246/246
f 247/247 248/248 249/249
f 247/247 249/249 250/250
f 248/248 251/251 252/252
f 248/248 252/252 249/249
f 250/250 249/249 253/253
f 250/250 253/253 254/254
f 249/249 252/252 255/255
f 249/249 255/255 253/253
f 256/256 257/257 247/247
f 256/256 247/247 258/258
f 257/257 259/259 248/248
f 257/257 248/248 247/247
f 259/259 260/260 251/251
f 259/259 251/251 248/248
f 260/260 240/240 242/242
f 260/260 242/242 251/251
f 251/251 242/242 246/246
f 251/251 246/246 252/252
f 252/252 246/246 245/245
f 252/252 245/245 255/255
f 255/255 245/245 163/163
f 255/255 163/163 162/162
f 253/253 255/255 162/162
f 253/253 162/162 161/161
f 254/254 253/253 161/161
f 254/254 161/161 160/160
f 261/261 254/254 160/160
f 261/261 160/160 143/143
f 262/262 250/250 254/254
f 262/262 254/254 261/261
f 258/258 247/247 250/250
f 258/258 250/250 262/262
f 263/263 264/264 265/265
f 263/263 265/265 266/266
f 264/264 267/267 268/268
f 264/264 268/268 265/265
f 266/266 265/265 269/269
f 266/266 269/269 270/270
f 265/265 268/268 271/271
f 265/265 271/271 269/269
f 1544/1544 272/272 263/263
f 1544/1544 263/263 1546/1546
f 272/272 273/273 264/264
f 272/272 264/264 263/263
f 273/273 274/274 267/267
f 273/273 267/267 264/264
f 274/274 256/256 258/258
f 274/274 258/258 267/267
f 267/267 258/258 262/262
f 267/267 262/262 268/268
f 268/268 262/262 261/261
f 268/268 261/261 271/271
f 271/271 261/261 143/143
f 271/271 143/143 142/142
f 269/269 271/271 142/142
f 269/269 142/142 141/141
f 270/270 269/269 141/141
f 270/270 141/141 138/138
f 1548/1548 270/270 138/138
f 1548/1548 138/138 1404/1404
f 276/276 266/266 270/270
f 276/276 270/270 1548/1548
f 1546/1546 263/263 266/266
f 1546/1546 266/266 276/276
f 4094/4094 4091/4091 4090/4090
f 4094/4094 4090/4090 4093/4093
f 4056/4056 4053/4053 4052/4052
f 4056/4056 4052/4052 4055/4055
f 4057/4057 4058/4058 4054/4054
f 4057/4057 4054/4054 4053/4053
f 2792/2792 2789/2789 2788/2788
f 2792/2792 2788/2788 2791/2791
f 306/306 301/301 300/300
f 306/306 300/300 303/303
f 2835/2835 2837/2837 2832/2832
f 2835/2835 2832/2832 2834/2834
f 285/285 289/289 256/256
f 285/285 256/256 274/274
f 283/283 285/285 274/274
f 283/283 274/274 273/273
f 284/284 283/283 273/273
f 284/284 273/273 272/272
f 1561/1561 284/284 272/272
f 1561/1561 272/272 1544/1544
f 1581/1581 1578/1578 1575/1575
f 1581/1581 1575/1575 1574/1574
f 2837/2837 324/324 2833/2833
f 2837/2837 2833/2833 2832/2832
f 4067/4067 4068/4068 4065/4065
f 4067/4067 4065/4065 4066/4066
f 1591/1591 1592/1592 1589/1589
f 1591/1591 1589/1589 1590/1590
f 4071/4071 4072/4072 4068/4068
f 4071/4071 4068/4068 4067/4067
f 4073/4073 4071/4071 4067/4067
f 4073/4073 4067/4067 4070/4070
f 2827/2827 2826/2826 2825/2825
f 2827/2827 2825/2825 2824/2824
f 4076/4076 4073/4073 4070/4070
f 4076/4076 4070/4070 4075/4075
f 299/299 302/302 240/240
f 299/299 240/240 260/260
f 297/297 299/299 260/260
f 297/297 260/260 259/259
f 298/298 297/297 259/259
f 298/298 259/259 257/257
f 289/289 298/298 257/257
f 289/289 257/257 256/256
f 310/310 302/302 301/301
f 310/310 301/301 306/306
f 4098/4098 1598/1598 1596/1596
f 4098/4098 1596/1596 1595/1595
f 4079/4079 4080/4080 4077/4077
f 4079/4079 4077/4077 4078/4078
f 4082/4082 4079/4079 4078/4078
f 4082/4082 4078/4078 4081/4081
f 283/283 284/284 280/280
f 283/283 280/280 279/279
f 4085/4085 4083/4083 4079/4079
f 4085/4085 4079/4079 4082/4082
f 4063/4063 4056/4056 4055/4055
f 4063/4063 4055/4055 4062/4062
f 4088/4088 4085/4085 4082/4082
f 4088/4088 4082/4082 4087/4087
f 311/311 314/314 218/218
f 311/311 218/218 244/244
f 309/309 311/311 244/244
f 309/309 244/244 243/243
f 310/310 309/309 243/243
f 310/310 243/243 241/241
f 302/302 310/310 241/241
f 302/302 241/241 240/240
f 4084/4084 4076/4076 4075/4075
f 4084/4084 4075/4075 4080/4080
f 4080/4080 4075/4075 4074/4074
f 4080/4080 4074/4074 4077/4077
f 4070/4070 4067/4067 4066/4066
f 4070/4070 4066/4066 4069/4069
f 282/282 279/279 278/278
f 282/282 278/278 281/281
f 1560/1560 1558/1558 1554/1554
f 1560/1560 1554/1554 1557/1557
f 4097/4097 4095/4095 4091/4091
f 4097/4097 4091/4091 4094/4094
f 2789/2789 2790/2790 2787/2787
f 2789/2789 2787/2787 2788/2788
f 284/284 1561/1561 290/290
f 284/284 290/290 280/280
f 323/323 2836/2836 224/224
f 323/323 224/224 222/222
f 321/321 323/323 222/222
f 321/321 222/222 221/221
f 322/322 321/321 221/221
f 322/322 221/221 219/219
f 314/314 322/322 219/219
f 314/314 219/219 218/218
f 4096/4096 4088/4088 4087/4087
f 4096/4096 4087/4087 4092/4092
f 1578/1578 1577/1577 1576/1576
f 1578/1578 1576/1576 1575/1575
f 326/326 327/327 328/328
f 326/326 328/328 329/329
f 327/327 330/330 331/331
f 327/327 331/331 328/328
f 329/329 328/328 332/332
f 329/329 332/332 333/333
f 328/328 331/331 334/334
f 328/328 334/334 332/332
f 335/335 336/336 326/326
f 335/335 326/326 337/337
f 336/336 338/338 327/327
f 336/336 327/327 326/326
f 338/338 339/339 330/330
f 338/338 330/330 327/327
f 339/339 340/340 342/342
f 339/339 342/342 330/330
f 330/330 342/342 1620/1620
f 330/330 1620/1620 331/331
f 331/331 1620/1620 1618/1618
f 331/331 1618/1618 334/334
f 334/334 1618/1618 1408/1408
f 334/334 1408/1408 343/343
f 332/332 334/334 343/343
f 332/332 343/343 345/345
f 333/333 332/332 345/345
f 333/333 345/345 147/147
f 347/347 333/333 147/147
f 347/347 147/147 348/348
f 350/350 329/329 333/333
f 350/350 333/333 347/347
f 337/337 326/326 329/329
f 337/337 329/329 350/350
f 351/351 352/352 353/353
f 351/351 353/353 354/354
f 352/352 355/355 356/356
f 352/352 356/356 353/353
f 354/354 353/353 357/357
f 354/354 357/357 358/358
f 353/353 356/356 359/359
f 353/353 359/359 357/357
f 360/360 361/361 351/351
f 360/360 351/351 362/362
f 361/361 363/363 352/352
f 361/361 352/352 351/351
f 363/363 364/364 355/355
f 363/363 355/355 352/352
f 364/364 335/335 337/337
f 364/364 337/337 355/355
f 355/355 337/337 350/350
f 355/355 350/350 356/356
f 356/356 350/350 347/347
f 356/356 347/347 359/359
f 359/359 347/347 348/348
f 359/359 348/348 173/173
f 357/357 359/359 173/173
f 357/357 173/173 171/171
f 358/358 357/357 171/171
f 358/358 171/171 169/169
f 365/365 358/358 169/169
f 365/365 169/169 167/167
f 366/366 354/354 358/358
f 366/366 358/358 365/365
f 362/362 351/351 354/354
f 362/362 354/354 366/366
f 367/367 368/368 369/369
f 367/367 369/369 370/370
f 368/368 371/371 372/372
f 368/368 372/372 369/369
f 370/370 369/369 373/373
f 370/370 373/373 374/374
f 369/369 372/372 375/375
f 369/369 375/375 373/373
f 376/376 377/377 367/367
f 376/376 367/367 378/378
f 377/377 379/379 368/368
f 377/377 368/368 367/367
f 379/379 380/380 371/371
f 379/379 371/371 368/368
f 380/380 360/360 362/362
f 380/380 362/362 371/371
f 371/371 362/362 366/366
f 371/371 366/366 372/372
f 372/372 366/366 365/365
f 372/372 365/365 375/375
f 375/375 365/365 167/167
f 375/375 167/167 381/381
f 373/373 375/375 381/381
f 373/373 381/381 193/193
f 374/374 373/373 193/193
f 374/374 193/193 191/191
f 383/383 374/374 191/191
f 383/383 191/191 384/384
f 386/386 370/370 374/374
f 386/386 374/374 383/383
f 378/378 367/367 370/370
f 378/378 370/370 386/386
f 387/387 388/388 389/389
f 387/387 389/389 390/390
f 388/388 391/391 392/392
f 388/388 392/392 389/389
f 390/390 389/389 393/393
f 390/390 393/393 394/394
f 389/389 392/392 395/395
f 389/389 395/395 393/393
f 2917/2917 396/396 387/387
f 2917/2917 387/387 398/398
f 396/396 399/399 388/388
f 396/396 388/388 387/387
f 399/399 400/400 391/391
f 399/399 391/391 388/388
f 400/400 376/376 378/378
f 400/400 378/378 391/391
f 391/391 378/378 386/386
f 391/391 386/386 392/392
f 392/392 386/386 383/383
f 392/392 383/383 395/395
f 395/395 383/383 384/384
f 395/395 384/384 401/401
f 393/393 395/395 401/401
f 393/393 401/401 403/403
f 394/394 393/393 403/403
f 394/394 403/403 405/405
f 2922/2922 394/394 405/405
f 2922/2922 405/405 408/408
f 2920/2920 390/390 394/394
f 2920/2920 394/394 2922/2922
f 398/398 387/387 390/390
f 398/398 390/390 2920/2920
f 411/411 412/412 414/414
f 411/411 414/414 426/426
f 412/412 413/413 415/415
f 412/412 415/415 414/414
f 426/426 414/414 416/416
f 426/426 416/416 427/427
f 414/414 415/415 423/423
f 414/414 423/423 416/416
f 417/417 1684/1684 411/411
f 417/417 411/411 418/418
f 1684/1684 420/420 412/412
f 1684/1684 412/412 411/411
f 420/420 421/421 413/413
f 420/420 413/413 412/412
f 421/421 836/836 833/833
f 421/421 833/833 413/413
f 413/413 833/833 830/830
f 413/413 830/830 415/415
f 415/415 830/830 827/827
f 415/415 827/827 423/423
f 423/423 827/827 692/692
f 423/423 692/692 424/424
f 416/416 423/423 424/424
f 416/416 424/424 425/425
f 427/427 416/416 425/425
f 427/427 425/425 690/690
f 428/428 427/427 690/690
f 428/428 690/690 620/620
f 607/607 426/426 427/427
f 607/607 427/427 428/428
f 418/418 411/411 426/426
f 418/418 426/426 607/607
f 436/436 429/429 432/432
f 436/436 432/432 431/431
f 429/429 430/430 438/438
f 429/429 438/438 432/432
f 431/431 432/432 433/433
f 431/431 433/433 444/444
f 432/432 438/438 439/439
f 432/432 439/439 433/433
f 879/879 898/898 436/436
f 879/879 436/436 435/435
f 898/898 895/895 429/429
f 898/898 429/429 436/436
f 895/895 892/892 430/430
f 895/895 430/430 429/429
f 892/892 810/810 437/437
f 892/892 437/437 430/430
f 430/430 437/437 820/820
f 430/430 820/820 438/438
f 438/438 820/820 819/819
f 438/438 819/819 439/439
f 439/439 819/819 440/440
f 439/439 440/440 442/442
f 433/433 439/439 442/442
f 433/433 442/442 514/514
f 444/444 433/433 514/514
f 444/444 514/514 511/511
f 885/885 444/444 511/511
f 885/885 511/511 445/445
f 447/447 431/431 444/444
f 447/447 444/444 885/885
f 435/435 436/436 431/431
f 435/435 431/431 447/447
f 458/458 457/457 451/451
f 458/458 451/451 453/453
f 449/449 452/452 451/451
f 449/449 451/451 457/457
f 450/450 471/471 451/451
f 450/450 451/451 452/452
f 467/467 470/470 451/451
f 467/467 451/451 471/471
f 477/477 453/453 451/451
f 477/477 451/451 470/470
f 728/728 746/746 458/458
f 728/728 458/458 454/454
f 746/746 456/456 457/457
f 746/746 457/457 458/458
f 454/454 458/458 453/453
f 454/454 453/453 476/476
f 459/459 461/461 449/449
f 459/459 449/449 744/744
f 461/461 665/665 452/452
f 461/461 452/452 449/449
f 744/744 449/449 457/457
f 744/744 457/457 456/456
f 671/671 463/463 450/450
f 671/671 450/450 662/662
f 463/463 465/465 471/471
f 463/463 471/471 450/450
f 662/662 450/450 452/452
f 662/662 452/452 665/665
f 523/523 525/525 467/467
f 523/523 467/467 468/468
f 525/525 543/543 470/470
f 525/525 470/470 467/467
f 468/468 467/467 471/471
f 468/468 471/471 465/465
f 472/472 474/474 477/477
f 472/472 477/477 540/540
f 474/474 476/476 453/453
f 474/474 453/453 477/477
f 540/540 477/477 470/470
f 540/540 470/470 543/543
f 1748/1748 1749/1749 1756/1756
f 1748/1748 1756/1756 1757/1757
f 3005/3005 3029/3029 3031/3031
f 3005/3005 3031/3031 3004/3004
f 1772/1772 1770/1770 1776/1776
f 1772/1772 1776/1776 1749/1749
f 4265/4265 4269/4269 4256/4256
f 4265/4265 4256/4256 4264/4264
f 4254/4254 4258/4258 1755/1755
f 4254/4254 1755/1755 4481/4481
f 1749/1749 1776/1776 1773/1773
f 1749/1749 1773/1773 1756/1756
f 4263/4263 4255/4255 4259/4259
f 4263/4263 4259/4259 4478/4478
f 485/485 727/727 454/454
f 485/485 454/454 486/486
f 486/486 454/454 475/475
f 486/486 475/475 481/481
f 481/481 475/475 474/474
f 481/481 474/474 487/487
f 487/487 474/474 472/472
f 487/487 472/472 488/488
f 480/480 487/487 488/488
f 480/480 488/488 490/490
f 500/500 480/480 490/490
f 500/500 490/490 492/492
f 3010/3010 500/500 492/492
f 3010/3010 492/492 494/494
f 3002/3002 3012/3012 499/499
f 3002/3002 499/499 3011/3011
f 4273/4273 1759/1759 4258/4258
f 4273/4273 4258/4258 4254/4254
f 502/502 504/504 503/503
f 502/502 503/503 506/506
f 504/504 513/513 505/505
f 504/504 505/505 503/503
f 506/506 503/503 507/507
f 506/506 507/507 519/519
f 503/503 505/505 508/508
f 503/503 508/508 507/507
f 509/509 721/721 502/502
f 509/509 502/502 552/552
f 721/721 720/720 504/504
f 721/721 504/504 502/502
f 720/720 510/510 513/513
f 720/720 513/513 504/504
f 510/510 446/446 512/512
f 510/510 512/512 513/513
f 513/513 512/512 515/515
f 513/513 515/515 505/505
f 505/505 515/515 443/443
f 505/505 443/443 508/508
f 508/508 443/443 441/441
f 508/508 441/441 516/516
f 507/507 508/508 516/516
f 507/507 516/516 517/517
f 519/519 507/507 517/517
f 519/519 517/517 520/520
f 518/518 519/519 520/520
f 518/518 520/520 557/557
f 555/555 506/506 519/519
f 555/555 519/519 518/518
f 552/552 502/502 506/506
f 552/552 506/506 555/555
f 527/527 529/529 522/522
f 527/527 522/522 545/545
f 529/529 530/530 521/521
f 529/529 521/521 522/522
f 545/545 522/522 536/536
f 545/545 536/536 542/542
f 522/522 521/521 537/537
f 522/522 537/537 536/536
f 524/524 682/682 527/527
f 524/524 527/527 526/526
f 682/682 528/528 529/529
f 682/682 529/529 527/527
f 528/528 681/681 530/530
f 528/528 530/530 529/529
f 681/681 547/547 532/532
f 681/681 532/532 530/530
f 530/530 532/532 533/533
f 530/530 533/533 521/521
f 521/521 533/533 561/561
f 521/521 561/561 537/537
f 537/537 561/561 562/562
f 537/537 562/562 535/535
f 536/536 537/537 535/535
f 536/536 535/535 538/538
f 542/542 536/536 538/538
f 542/542 538/538 539/539
f 541/541 542/542 539/539
f 541/541 539/539 473/473
f 544/544 545/545 542/542
f 544/544 542/542 541/541
f 526/526 527/527 545/545
f 526/526 545/545 544/544
f 549/549 551/551 546/546
f 549/549 546/546 564/564
f 551/551 553/553 554/554
f 551/551 554/554 546/546
f 564/564 546/546 559/559
f 564/564 559/559 558/558
f 546/546 554/554 556/556
f 546/546 556/556 559/559
f 548/548 647/647 549/549
f 548/548 549/549 531/531
f 647/647 645/645 551/551
f 647/647 551/551 549/549
f 645/645 550/550 553/553
f 645/645 553/553 551/551
f 550/550 509/509 552/552
f 550/550 552/552 553/553
f 553/553 552/552 555/555
f 553/553 555/555 554/554
f 554/554 555/555 518/518
f 554/554 518/518 556/556
f 556/556 518/518 557/557
f 556/556 557/557 757/757
f 559/559 556/556 757/757
f 559/559 757/757 756/756
f 558/558 559/559 756/756
f 558/558 756/756 755/755
f 560/560 558/558 755/755
f 560/560 755/755 563/563
f 534/534 564/564 558/558
f 534/534 558/558 560/560
f 531/531 549/549 564/564
f 531/531 564/564 534/534
f 565/565 573/573 567/567
f 565/565 567/567 566/566
f 573/573 581/581 582/582
f 573/573 582/582 567/567
f 566/566 567/567 586/586
f 566/566 586/586 588/588
f 567/567 582/582 587/587
f 567/567 587/587 586/586
f 569/569 571/571 565/565
f 569/569 565/565 594/594
f 571/571 574/574 573/573
f 571/571 573/573 565/565
f 574/574 1844/1844 581/581
f 574/574 581/581 573/573
f 1844/1844 578/578 580/580
f 1844/1844 580/580 581/581
f 581/581 580/580 613/613
f 581/581 613/613 582/582
f 582/582 613/613 583/583
f 582/582 583/583 587/587
f 587/587 583/583 618/618
f 587/587 618/618 585/585
f 586/586 587/587 585/585
f 586/586 585/585 589/589
f 588/588 586/586 589/589
f 588/588 589/589 592/592
f 591/591 588/588 592/592
f 591/591 592/592 460/460
f 743/743 566/566 588/588
f 743/743 588/588 591/591
f 594/594 565/565 566/566
f 594/594 566/566 743/743
f 595/595 596/596 597/597
f 595/595 597/597 598/598
f 596/596 606/606 599/599
f 596/596 599/599 597/597
f 598/598 597/597 600/600
f 598/598 600/600 612/612
f 597/597 599/599 608/608
f 597/597 608/608 600/600
f 578/578 601/601 595/595
f 578/578 595/595 579/579
f 601/601 603/603 596/596
f 601/601 596/596 595/595
f 603/603 604/604 606/606
f 603/603 606/606 596/596
f 604/604 417/417 418/418
f 604/604 418/418 606/606
f 606/606 418/418 607/607
f 606/606 607/607 599/599
f 599/599 607/607 428/428
f 599/599 428/428 608/608
f 608/608 428/428 620/620
f 608/608 620/620 609/609
f 600/600 608/608 609/609
f 600/600 609/609 610/610
f 612/612 600/600 610/610
f 612/612 610/610 611/611
f 584/584 612/612 611/611
f 584/584 611/611 618/618
f 614/614 598/598 612/612
f 614/614 612/612 584/584
f 579/579 595/595 598/598
f 579/579 598/598 614/614
f 615/615 619/619 617/617
f 615/615 617/617 632/632
f 619/619 616/616 623/623
f 619/619 623/623 617/617
f 632/632 617/617 626/626
f 632/632 626/626 629/629
f 617/617 623/623 624/624
f 617/617 624/624 626/626
f 618/618 611/611 615/615
f 618/618 615/615 630/630
f 611/611 610/610 619/619
f 611/611 619/619 615/615
f 610/610 609/609 616/616
f 610/610 616/616 619/619
f 609/609 620/620 621/621
f 609/609 621/621 616/616
f 616/616 621/621 622/622
f 616/616 622/622 623/623
f 623/623 622/622 698/698
f 623/623 698/698 624/624
f 624/624 698/698 699/699
f 624/624 699/699 625/625
f 626/626 624/624 625/625
f 626/626 625/625 627/627
f 629/629 626/626 627/627
f 629/629 627/627 628/628
f 656/656 629/629 628/628
f 656/656 628/628 639/639
f 634/634 632/632 629/629
f 634/634 629/629 656/656
f 630/630 615/615 632/632
f 630/630 632/632 634/634
f 641/641 635/635 637/637
f 641/641 637/637 650/650
f 635/635 636/636 642/642
f 635/635 642/642 637/637
f 650/650 637/637 638/638
f 650/650 638/638 646/646
f 637/637 642/642 644/644
f 637/637 644/644 638/638
f 639/639 628/628 641/641
f 639/639 641/641 648/648
f 628/628 627/627 635/635
f 628/628 635/635 641/641
f 627/627 625/625 636/636
f 627/627 636/636 635/635
f 625/625 699/699 706/706
f 625/625 706/706 636/636
f 636/636 706/706 643/643
f 636/636 643/643 642/642
f 642/642 643/643 722/722
f 642/642 722/722 644/644
f 644/644 722/722 509/509
f 644/644 509/509 550/550
f 638/638 644/644 550/550
f 638/638 550/550 645/645
f 646/646 638/638 645/645
f 646/646 645/645 647/647
f 679/679 646/646 647/647
f 679/679 647/647 548/548
f 676/676 650/650 646/646
f 676/676 646/646 679/679
f 648/648 641/641 650/650
f 648/648 650/650 676/676
f 664/664 651/651 652/652
f 664/664 652/652 660/660
f 651/651 654/654 655/655
f 651/651 655/655 652/652
f 660/660 652/652 653/653
f 660/660 653/653 661/661
f 652/652 655/655 658/658
f 652/652 658/658 653/653
f 460/460 592/592 664/664
f 460/460 664/664 462/462
f 592/592 589/589 651/651
f 592/592 651/651 664/664
f 589/589 585/585 654/654
f 589/589 654/654 651/651
f 585/585 618/618 631/631
f 585/585 631/631 654/654
f 654/654 631/631 633/633
f 654/654 633/633 655/655
f 655/655 633/633 657/657
f 655/655 657/657 658/658
f 658/658 657/657 640/640
f 658/658 640/640 659/659
f 653/653 658/658 659/659
f 653/653 659/659 674/674
f 661/661 653/653 674/674
f 661/661 674/674 673/673
f 663/663 661/661 673/673
f 663/663 673/673 672/672
f 666/666 660/660 661/661
f 666/666 661/661 663/663
f 462/462 664/664 660/660
f 462/462 660/660 666/666
f 685/685 667/667 668/668
f 685/685 668/668 683/683
f 667/667 675/675 678/678
f 667/667 678/678 668/668
f 683/683 668/668 670/670
f 683/683 670/670 684/684
f 668/668 678/678 669/669
f 668/668 669/669 670/670
f 672/672 673/673 685/685
f 672/672 685/685 464/464
f 673/673 674/674 667/667
f 673/673 667/667 685/685
f 674/674 659/659 675/675
f 674/674 675/675 667/667
f 659/659 640/640 649/649
f 659/659 649/649 675/675
f 675/675 649/649 677/677
f 675/675 677/677 678/678
f 678/678 677/677 680/680
f 678/678 680/680 669/669
f 669/669 680/680 547/547
f 669/669 547/547 681/681
f 670/670 669/669 681/681
f 670/670 681/681 528/528
f 684/684 670/670 528/528
f 684/684 528/528 682/682
f 469/469 684/684 682/682
f 469/469 682/682 524/524
f 466/466 683/683 684/684
f 466/466 684/684 469/469
f 464/464 685/685 683/683
f 464/464 683/683 466/466
f 701/701 686/686 688/688
f 701/701 688/688 702/702
f 686/686 687/687 693/693
f 686/686 693/693 688/688
f 702/702 688/688 689/689
f 702/702 689/689 700/700
f 688/688 693/693 696/696
f 688/688 696/696 689/689
f 620/620 690/690 701/701
f 620/620 701/701 621/621
f 690/690 425/425 686/686
f 690/690 686/686 701/701
f 425/425 424/424 687/687
f 425/425 687/687 686/686
f 424/424 692/692 855/855
f 424/424 855/855 687/687
f 687/687 855/855 852/852
f 687/687 852/852 693/693
f 693/693 852/852 695/695
f 693/693 695/695 696/696
f 696/696 695/695 713/713
f 696/696 713/713 710/710
f 689/689 696/696 710/710
f 689/689 710/710 707/707
f 700/700 689/689 707/707
f 700/700 707/707 697/697
f 698/698 700/700 697/697
f 698/698 697/697 699/699
f 622/622 702/702 700/700
f 622/622 700/700 698/698
f 621/621 701/701 702/702
f 621/621 702/702 622/622
f 724/724 709/709 703/703
f 724/724 703/703 723/723
f 709/709 708/708 718/718
f 709/709 718/718 703/703
f 723/723 703/703 719/719
f 723/723 719/719 704/704
f 703/703 718/718 705/705
f 703/703 705/705 719/719
f 699/699 697/697 724/724
f 699/699 724/724 706/706
f 697/697 707/707 709/709
f 697/697 709/709 724/724
f 707/707 710/710 708/708
f 707/707 708/708 709/709
f 710/710 713/713 715/715
f 710/710 715/715 708/708
f 708/708 715/715 717/717
f 708/708 717/717 718/718
f 718/718 717/717 883/883
f 718/718 883/883 705/705
f 705/705 883/883 446/446
f 705/705 446/446 510/510
f 719/719 705/705 510/510
f 719/719 510/510 720/720
f 704/704 719/719 720/720
f 704/704 720/720 721/721
f 722/722 704/704 721/721
f 722/722 721/721 509/509
f 643/643 723/723 704/704
f 643/643 704/704 722/722
f 706/706 724/724 723/723
f 706/706 723/723 643/643
f 4264/4264 4256/4256 4255/4255
f 4264/4264 4255/4255 4263/4263
f 737/737 736/736 731/731
f 737/737 731/731 732/732
f 1751/1751 1748/1748 1757/1757
f 1751/1751 1757/1757 1750/1750
f 732/732 731/731 740/740
f 732/732 740/740 741/741
f 731/731 733/733 739/739
f 731/731 739/739 740/740
f 727/727 734/734 737/737
f 727/727 737/737 746/746
f 1979/1979 1978/1978 1771/1771
f 1979/1979 1771/1771 1716/1716
f 3247/3247 3255/3255 3258/3258
f 3247/3247 3258/3258 3257/3257
f 3256/3256 4483/4483 4488/4488
f 3256/3256 4488/4488 4489/4489
f 4491/4491 3256/3256 3247/3247
f 4491/4491 3247/3247 3248/3248
f 4493/4493 4485/4485 4484/4484
f 4493/4493 4484/4484 4490/4490
f 739/739 1992/1992 568/568
f 739/739 568/568 593/593
f 740/740 739/739 593/593
f 740/740 593/593 742/742
f 741/741 740/740 742/742
f 741/741 742/742 590/590
f 745/745 741/741 590/590
f 745/745 590/590 459/459
f 455/455 732/732 741/741
f 455/455 741/741 745/745
f 746/746 737/737 732/732
f 746/746 732/732 455/455
f 754/754 747/747 748/748
f 754/754 748/748 764/764
f 747/747 749/749 750/750
f 747/747 750/750 748/748
f 764/764 748/748 753/753
f 764/764 753/753 751/751
f 748/748 750/750 752/752
f 748/748 752/752 753/753
f 563/563 755/755 754/754
f 563/563 754/754 770/770
f 755/755 756/756 747/747
f 755/755 747/747 754/754
f 756/756 757/757 749/749
f 756/756 749/749 747/747
f 757/757 557/557 758/758
f 757/757 758/758 749/749
f 749/749 758/758 803/803
f 749/749 803/803 750/750
f 750/750 803/803 759/759
f 750/750 759/759 752/752
f 752/752 759/759 3305/3305
f 752/752 3305/3305 760/760
f 753/753 752/752 760/760
f 753/753 760/760 3268/3268
f 751/751 753/753 3268/3268
f 751/751 3268/3268 3266/3266
f 774/774 751/751 3266/3266
f 774/774 3266/3266 776/776
f 763/763 764/764 751/751
f 763/763 751/751 774/774
f 770/770 754/754 764/764
f 770/770 764/764 763/763
f 768/768 767/767 766/766
f 768/768 766/766 765/765
f 767/767 769/769 772/772
f 767/767 772/772 766/766
f 765/765 766/766 778/778
f 765/765 778/778 780/780
f 766/766 772/772 779/779
f 766/766 779/779 778/778
f 473/473 539/539 768/768
f 473/473 768/768 489/489
f 539/539 538/538 767/767
f 539/539 767/767 768/768
f 538/538 535/535 769/769
f 538/538 769/769 767/767
f 535/535 562/562 771/771
f 535/535 771/771 769/769
f 769/769 771/771 762/762
f 769/769 762/762 772/772
f 772/772 762/762 773/773
f 772/772 773/773 779/779
f 779/779 773/773 775/775
f 779/779 775/775 3290/3290
f 778/778 779/779 3290/3290
f 778/778 3290/3290 3288/3288
f 780/780 778/778 3288/3288
f 780/780 3288/3288 781/781
f 493/493 780/780 781/781
f 493/493 781/781 496/496
f 491/491 765/765 780/780
f 491/491 780/780 493/493
f 489/489 768/768 765/765
f 489/489 765/765 491/491
f 783/783 784/784 785/785
f 783/783 785/785 804/804
f 784/784 787/787 790/790
f 784/784 790/790 785/785
f 804/804 785/785 786/786
f 804/804 786/786 800/800
f 785/785 790/790 797/797
f 785/785 797/797 786/786
f 557/557 520/520 783/783
f 557/557 783/783 758/758
f 520/520 517/517 784/784
f 520/520 784/784 783/783
f 517/517 516/516 787/787
f 517/517 787/787 784/784
f 516/516 441/441 789/789
f 516/516 789/789 787/787
f 787/787 789/789 818/818
f 787/787 818/818 790/790
f 790/790 818/818 792/792
f 790/790 792/792 797/797
f 797/797 792/792 795/795
f 797/797 795/795 3309/3309
f 786/786 797/797 3309/3309
f 786/786 3309/3309 798/798
f 800/800 786/786 798/798
f 800/800 798/798 801/801
f 759/759 800/800 801/801
f 759/759 801/801 3305/3305
f 803/803 804/804 800/800
f 803/803 800/800 759/759
f 758/758 783/783 804/804
f 758/758 804/804 803/803
f 821/821 805/805 808/808
f 821/821 808/808 806/806
f 805/805 811/811 807/807
f 805/805 807/807 808/808
f 806/806 808/808 809/809
f 806/806 809/809 816/816
f 808/808 807/807 815/815
f 808/808 815/815 809/809
f 810/810 1016/1016 821/821
f 810/810 821/821 437/437
f 1016/1016 1013/1013 805/805
f 1016/1016 805/805 821/821
f 1013/1013 1012/1012 811/811
f 1013/1013 811/811 805/805
f 1012/1012 3524/3524 812/812
f 1012/1012 812/812 811/811
f 811/811 812/812 814/814
f 811/811 814/814 807/807
f 807/807 814/814 3328/3328
f 807/807 3328/3328 815/815
f 815/815 3328/3328 793/793
f 815/815 793/793 791/791
f 809/809 815/815 791/791
f 809/809 791/791 817/817
f 816/816 809/809 817/817
f 816/816 817/817 788/788
f 819/819 816/816 788/788
f 819/819 788/788 440/440
f 820/820 806/806 816/816
f 820/820 816/816 819/819
f 437/437 821/821 806/806
f 437/437 806/806 820/820
f 828/828 823/823 822/822
f 828/828 822/822 824/824
f 823/823 831/831 838/838
f 823/823 838/838 822/822
f 824/824 822/822 843/843
f 824/824 843/843 825/825
f 822/822 838/838 840/840
f 822/822 840/840 843/843
f 691/691 826/826 828/828
f 691/691 828/828 856/856
f 826/826 829/829 823/823
f 826/826 823/823 828/828
f 829/829 832/832 831/831
f 829/829 831/831 823/823
f 832/832 835/835 837/837
f 832/832 837/837 831/831
f 831/831 837/837 839/839
f 831/831 839/839 838/838
f 838/838 839/839 841/841
f 838/838 841/841 840/840
f 840/840 841/841 2374/2374
f 840/840 2374/2374 842/842
f 843/843 840/840 842/842
f 843/843 842/842 1099/1099
f 825/825 843/843 1099/1099
f 825/825 1099/1099 1097/1097
f 858/858 825/825 1097/1097
f 858/858 1097/1097 907/907
f 844/844 824/824 825/825
f 844/844 825/825 858/858
f 856/856 828/828 824/824
f 856/856 824/824 844/844
f 850/850 853/853 846/846
f 850/850 846/846 861/861
f 853/853 845/845 857/857
f 853/853 857/857 846/846
f 861/861 846/846 859/859
f 861/861 859/859 847/847
f 846/846 857/857 848/848
f 846/846 848/848 859/859
f 711/711 694/694 850/850
f 711/711 850/850 849/849
f 694/694 851/851 853/853
f 694/694 853/853 850/850
f 851/851 854/854 845/845
f 851/851 845/845 853/853
f 854/854 691/691 856/856
f 854/854 856/856 845/845
f 845/845 856/856 844/844
f 845/845 844/844 857/857
f 857/857 844/844 858/858
f 857/857 858/858 848/848
f 848/848 858/858 907/907
f 848/848 907/907 905/905
f 859/859 848/848 905/905
f 859/859 905/905 902/902
f 847/847 859/859 902/902
f 847/847 902/902 901/901
f 868/868 847/847 901/901
f 868/868 901/901 860/860
f 867/867 861/861 847/847
f 867/867 847/847 868/868
f 849/849 850/850 861/861
f 849/849 861/861 867/867
f 862/862 863/863 865/865
f 862/862 865/865 864/864
f 863/863 872/872 873/873
f 863/863 873/873 865/865
f 864/864 865/865 881/881
f 864/864 881/881 880/880
f 865/865 873/873 876/876
f 865/865 876/876 881/881
f 712/712 849/849 862/862
f 712/712 862/862 714/714
f 849/849 866/866 863/863
f 849/849 863/863 862/862
f 866/866 869/869 872/872
f 866/866 872/872 863/863
f 869/869 860/860 870/870
f 869/869 870/870 872/872
f 872/872 870/870 874/874
f 872/872 874/874 873/873
f 873/873 874/874 878/878
f 873/873 878/878 876/876
f 876/876 878/878 879/879
f 876/876 879/879 434/434
f 881/881 876/876 434/434
f 881/881 434/434 448/448
f 880/880 881/881 448/448
f 880/880 448/448 884/884
f 882/882 880/880 884/884
f 882/882 884/884 445/445
f 716/716 864/864 880/880
f 716/716 880/880 882/882
f 714/714 862/862 864/864
f 714/714 864/864 716/716
f 911/911 896/896 886/886
f 911/911 886/886 910/910
f 896/896 899/899 888/888
f 896/896 888/888 886/886
f 910/910 886/886 887/887
f 910/910 887/887 904/904
f 886/886 888/888 889/889
f 886/886 889/889 887/887
f 810/810 893/893 911/911
f 810/810 911/911 891/891
f 893/893 894/894 896/896
f 893/893 896/896 911/911
f 894/894 897/897 899/899
f 894/894 899/899 896/896
f 897/897 879/879 877/877
f 897/897 877/877 899/899
f 899/899 877/877 875/875
f 899/899 875/875 888/888
f 888/888 875/875 871/871
f 888/888 871/871 889/889
f 889/889 871/871 860/860
f 889/889 860/860 900/900
f 887/887 889/889 900/900
f 887/887 900/900 903/903
f 904/904 887/887 903/903
f 904/904 903/903 906/906
f 1056/1056 904/904 906/906
f 1056/1056 906/906 907/907
f 908/908 910/910 904/904
f 908/908 904/904 1056/1056
f 891/891 911/911 910/910
f 891/891 910/910 908/908
f 912/912 913/913 915/915
f 912/912 915/915 932/932
f 913/913 921/921 922/922
f 913/913 922/922 915/915
f 932/932 915/915 914/914
f 932/932 914/914 931/931
f 915/915 922/922 923/923
f 915/915 923/923 914/914
f 916/916 918/918 912/912
f 916/916 912/912 965/965
f 918/918 920/920 913/913
f 918/918 913/913 912/912
f 920/920 1107/1107 921/921
f 920/920 921/921 913/913
f 1107/1107 2370/2370 2185/2185
f 1107/1107 2185/2185 921/921
f 921/921 2185/2185 2183/2183
f 921/921 2183/2183 922/922
f 922/922 2183/2183 924/924
f 922/922 924/924 923/923
f 923/923 924/924 63/63
f 923/923 63/63 925/925
f 914/914 923/923 925/925
f 914/914 925/925 927/927
f 931/931 914/914 927/927
f 931/931 927/927 929/929
f 967/967 931/931 929/929
f 967/967 929/929 968/968
f 966/966 932/932 931/931
f 966/966 931/931 967/967
f 965/965 912/912 932/932
f 965/965 932/932 966/966
f 935/935 940/940 933/933
f 935/935 933/933 952/952
f 940/940 941/941 942/942
f 940/940 942/942 933/933
f 952/952 933/933 948/948
f 952/952 948/948 934/934
f 933/933 942/942 945/945
f 933/933 945/945 948/948
f 1065/1065 936/936 935/935
f 1065/1065 935/935 1079/1079
f 936/936 939/939 940/940
f 936/936 940/940 935/935
f 939/939 981/981 941/941
f 939/939 941/941 940/940
f 981/981 978/978 100/100
f 981/981 100/100 941/941
f 941/941 100/100 109/109
f 941/941 109/109 942/942
f 942/942 109/109 943/943
f 942/942 943/943 945/945
f 945/945 943/943 1000/1000
f 945/945 1000/1000 998/998
f 948/948 945/945 998/998
f 948/948 998/998 947/947
f 934/934 948/948 947/947
f 934/934 947/947 995/995
f 1081/1081 934/934 995/995
f 1081/1081 995/995 950/950
f 954/954 952/952 934/934
f 954/954 934/934 1081/1081
f 1079/1079 935/935 952/952
f 1079/1079 952/952 954/954
f 955/955 956/956 957/957
f 955/955 957/957 980/980
f 956/956 958/958 960/960
f 956/956 960/960 957/957
f 980/980 957/957 970/970
f 980/980 970/970 959/959
f 957/957 960/960 971/971
f 957/957 971/971 970/970
f 1064/1064 961/961 955/955
f 1064/1064 955/955 937/937
f 961/961 1061/1061 956/956
f 961/961 956/956 955/955
f 1061/1061 963/963 958/958
f 1061/1061 958/958 956/956
f 963/963 916/916 965/965
f 963/963 965/965 958/958
f 958/958 965/965 966/966
f 958/958 966/966 960/960
f 960/960 966/966 967/967
f 960/960 967/967 971/971
f 971/971 967/967 968/968
f 971/971 968/968 972/972
f 970/970 971/971 972/972
f 970/970 972/972 974/974
f 959/959 970/970 974/974
f 959/959 974/974 976/976
f 981/981 959/959 976/976
f 981/981 976/976 978/978
f 938/938 980/980 959/959
f 938/938 959/959 981/981
f 937/937 955/955 980/980
f 937/937 980/980 938/938
f 982/982 983/983 984/984
f 982/982 984/984 1007/1007
f 983/983 997/997 985/985
f 983/983 985/985 984/984
f 1007/1007 984/984 1002/1002
f 1007/1007 1002/1002 1008/1008
f 984/984 985/985 986/986
f 984/984 986/986 1002/1002
f 989/989 1045/1045 982/982
f 989/989 982/982 991/991
f 1045/1045 994/994 983/983
f 1045/1045 983/983 982/982
f 994/994 1042/1042 997/997
f 994/994 997/997 983/983
f 1042/1042 949/949 996/996
f 1042/1042 996/996 997/997
f 997/997 996/996 946/946
f 997/997 946/946 985/985
f 985/985 946/946 999/999
f 985/985 999/999 986/986
f 986/986 999/999 1000/1000
f 986/986 1000/1000 120/120
f 1002/1002 986/986 120/120
f 1002/1002 120/120 1003/1003
f 1008/1008 1002/1002 1003/1003
f 1008/1008 1003/1003 1005/1005
f 3501/3501 1008/1008 1005/1005
f 3501/3501 1005/1005 126/126
f 3499/3499 1007/1007 1008/1008
f 3499/3499 1008/1008 3501/3501
f 991/991 982/982 1007/1007
f 991/991 1007/1007 3499/3499
f 1028/1028 1009/1009 1011/1011
f 1028/1028 1011/1011 1010/1010
f 1009/1009 1017/1017 1019/1019
f 1009/1009 1019/1019 1011/1011
f 1010/1010 1011/1011 1021/1021
f 1010/1010 1021/1021 1024/1024
f 1011/1011 1019/1019 1022/1022
f 1011/1011 1022/1022 1021/1021
f 3525/3525 1012/1012 1028/1028
f 3525/3525 1028/1028 3528/3528
f 1012/1012 1014/1014 1009/1009
f 1012/1012 1009/1009 1028/1028
f 1014/1014 1015/1015 1017/1017
f 1014/1014 1017/1017 1009/1009
f 1015/1015 810/810 1018/1018
f 1015/1015 1018/1018 1017/1017
f 1017/1017 1018/1018 1090/1090
f 1017/1017 1090/1090 1019/1019
f 1019/1019 1090/1090 1020/1020
f 1019/1019 1020/1020 1022/1022
f 1022/1022 1020/1020 1038/1038
f 1022/1022 1038/1038 1037/1037
f 1021/1021 1022/1022 1037/1037
f 1021/1021 1037/1037 1023/1023
f 1024/1024 1021/1021 1023/1023
f 1024/1024 1023/1023 1036/1036
f 3532/3532 1024/1024 1036/1036
f 3532/3532 1036/1036 1026/1026
f 1027/1027 1010/1010 1024/1024
f 1027/1027 1024/1024 3532/3532
f 3528/3528 1028/1028 1010/1010
f 3528/3528 1010/1010 1027/1027
f 1049/1049 1029/1029 1032/1032
f 1049/1049 1032/1032 1030/1030
f 1029/1029 1039/1039 1031/1031
f 1029/1029 1031/1031 1032/1032
f 1030/1030 1032/1032 1044/1044
f 1030/1030 1044/1044 1047/1047
f 1032/1032 1031/1031 1033/1033
f 1032/1032 1033/1033 1044/1044
f 1026/1026 1036/1036 1049/1049
f 1026/1026 1049/1049 1035/1035
f 1036/1036 1023/1023 1029/1029
f 1036/1036 1029/1029 1049/1049
f 1023/1023 1037/1037 1039/1039
f 1023/1023 1039/1039 1029/1029
f 1037/1037 1038/1038 1040/1040
f 1037/1037 1040/1040 1039/1039
f 1039/1039 1040/1040 1088/1088
f 1039/1039 1088/1088 1031/1031
f 1031/1031 1088/1088 1083/1083
f 1031/1031 1083/1083 1033/1033
f 1033/1033 1083/1083 951/951
f 1033/1033 951/951 1043/1043
f 1044/1044 1033/1033 1043/1043
f 1044/1044 1043/1043 993/993
f 1047/1047 1044/1044 993/993
f 1047/1047 993/993 1046/1046
f 3553/3553 1047/1047 1046/1046
f 3553/3553 1046/1046 987/987
f 1048/1048 1030/1030 1047/1047
f 1048/1048 1047/1047 3553/3553
f 1035/1035 1049/1049 1030/1030
f 1035/1035 1030/1030 1048/1048
f 1053/1053 1055/1055 1050/1050
f 1053/1053 1050/1050 1069/1069
f 1055/1055 1054/1054 1051/1051
f 1055/1055 1051/1051 1050/1050
f 1069/1069 1050/1050 1052/1052
f 1069/1069 1052/1052 1062/1062
f 1050/1050 1051/1051 1059/1059
f 1050/1050 1059/1059 1052/1052
f 810/810 890/890 1053/1053
f 810/810 1053/1053 1074/1074
f 890/890 909/909 1055/1055
f 890/890 1055/1055 1053/1053
f 909/909 1057/1057 1054/1054
f 909/909 1054/1054 1055/1055
f 1057/1057 907/907 1098/1098
f 1057/1057 1098/1098 1054/1054
f 1054/1054 1098/1098 1109/1109
f 1054/1054 1109/1109 1051/1051
f 1051/1051 1109/1109 1058/1058
f 1051/1051 1058/1058 1059/1059
f 1059/1059 1058/1058 917/917
f 1059/1059 917/917 964/964
f 1052/1052 1059/1059 964/964
f 1052/1052 964/964 1060/1060
f 1062/1062 1052/1052 1060/1060
f 1062/1062 1060/1060 962/962
f 1068/1068 1062/1062 962/962
f 1068/1068 962/962 1063/1063
f 1075/1075 1069/1069 1062/1062
f 1075/1075 1062/1062 1068/1068
f 1074/1074 1053/1053 1069/1069
f 1074/1074 1069/1069 1075/1075
f 1089/1089 1077/1077 1071/1071
f 1089/1089 1071/1071 1070/1070
f 1077/1077 1078/1078 1073/1073
f 1077/1077 1073/1073 1071/1071
f 1070/1070 1071/1071 1072/1072
f 1070/1070 1072/1072 1086/1086
f 1071/1071 1073/1073 1085/1085
f 1071/1071 1085/1085 1072/1072
f 810/810 1074/1074 1089/1089
f 810/810 1089/1089 1018/1018
f 1074/1074 1076/1076 1077/1077
f 1074/1074 1077/1077 1089/1089
f 1076/1076 1067/1067 1078/1078
f 1076/1076 1078/1078 1077/1077
f 1067/1067 1066/1066 1080/1080
f 1067/1067 1080/1080 1078/1078
f 1078/1078 1080/1080 953/953
f 1078/1078 953/953 1073/1073
f 1073/1073 953/953 1082/1082
f 1073/1073 1082/1082 1085/1085
f 1085/1085 1082/1082 951/951
f 1085/1085 951/951 1084/1084
f 1072/1072 1085/1085 1084/1084
f 1072/1072 1084/1084 1087/1087
f 1086/1086 1072/1072 1087/1087
f 1086/1086 1087/1087 1041/1041
f 1020/1020 1086/1086 1041/1041
f 1020/1020 1041/1041 1038/1038
f 1090/1090 1070/1070 1086/1086
f 1090/1090 1086/1086 1020/1020
f 1018/1018 1089/1089 1070/1070
f 1018/1018 1070/1070 1090/1090
f 1110/1110 1091/1091 1095/1095
f 1110/1110 1095/1095 1092/1092
f 1091/1091 1100/1100 1093/1093
f 1091/1091 1093/1093 1095/1095
f 1092/1092 1095/1095 1094/1094
f 1092/1092 1094/1094 1108/1108
f 1095/1095 1093/1093 1096/1096
f 1095/1095 1096/1096 1094/1094
f 907/907 1097/1097 1110/1110
f 907/907 1110/1110 1098/1098
f 1097/1097 1099/1099 1091/1091
f 1097/1097 1091/1091 1110/1110
f 1099/1099 842/842 1100/1100
f 1099/1099 1100/1100 1091/1091
f 842/842 2374/2374 1102/1102
f 842/842 1102/1102 1100/1100
f 1100/1100 1102/1102 1103/1103
f 1100/1100 1103/1103 1093/1093
f 1093/1093 1103/1103 1105/1105
f 1093/1093 1105/1105 1096/1096
f 1096/1096 1105/1105 2371/2371
f 1096/1096 2371/2371 1106/1106
f 1094/1094 1096/1096 1106/1106
f 1094/1094 1106/1106 920/920
f 1108/1108 1094/1094 920/920
f 1108/1108 920/920 919/919
f 1058/1058 1108/1108 919/919
f 1058/1058 919/919 917/917
f 1109/1109 1092/1092 1108/1108
f 1109/1109 1108/1108 1058/1058
f 1098/1098 1110/1110 1092/1092
f 1098/1098 1092/1092 1109/1109
f 1111/1111 1112/1112 1113/1113
f 1111/1111 1113/1113 1114/1114
f 1112/1112 1115/1115 1116/1116
f 1112/1112 1116/1116 1113/1113
f 1114/1114 1113/1113 1117/1117
f 1114/1114 1117/1117 1118/1118
f 1113/1113 1116/1116 1119/1119
f 1113/1113 1119/1119 1117/1117
f 3635/3635 1196/1196 1111/1111
f 3635/3635 1111/1111 3637/3637
f 1196/1196 1121/1121 1112/1112
f 1196/1196 1112/1112 1111/1111
f 1121/1121 1122/1122 1115/1115
f 1121/1121 1115/1115 1112/1112
f 1122/1122 1123/1123 1125/1125
f 1122/1122 1125/1125 1115/1115
f 1115/1115 1125/1125 1126/1126
f 1115/1115 1126/1126 1116/1116
f 1116/1116 1126/1126 1127/1127
f 1116/1116 1127/1127 1119/1119
f 1119/1119 1127/1127 376/376
f 1119/1119 376/376 400/400
f 1117/1117 1119/1119 400/400
f 1117/1117 400/400 399/399
f 1118/1118 1117/1117 399/399
f 1118/1118 399/399 396/396
f 1129/1129 1118/1118 396/396
f 1129/1129 396/396 2917/2917
f 1131/1131 1114/1114 1118/1118
f 1131/1131 1118/1118 1129/1129
f 3637/3637 1111/1111 1114/1114
f 3637/3637 1114/1114 1131/1131
f 1132/1132 1133/1133 1134/1134
f 1132/1132 1134/1134 1135/1135
f 1133/1133 1136/1136 1137/1137
f 1133/1133 1137/1137 1134/1134
f 1135/1135 1134/1134 1138/1138
f 1135/1135 1138/1138 1139/1139
f 1134/1134 1137/1137 1140/1140
f 1134/1134 1140/1140 1138/1138
f 1123/1123 47/47 1132/1132
f 1123/1123 1132/1132 1125/1125
f 47/47 1141/1141 1133/1133
f 47/47 1133/1133 1132/1132
f 1141/1141 1142/1142 1136/1136
f 1141/1141 1136/1136 1133/1133
f 1142/1142 1144/1144 1146/1146
f 1142/1142 1146/1146 1136/1136
f 1136/1136 1146/1146 1147/1147
f 1136/1136 1147/1147 1137/1137
f 1137/1137 1147/1147 1148/1148
f 1137/1137 1148/1148 1140/1140
f 1140/1140 1148/1148 360/360
f 1140/1140 360/360 380/380
f 1138/1138 1140/1140 380/380
f 1138/1138 380/380 379/379
f 1139/1139 1138/1138 379/379
f 1139/1139 379/379 377/377
f 1127/1127 1139/1139 377/377
f 1127/1127 377/377 376/376
f 1126/1126 1135/1135 1139/1139
f 1126/1126 1139/1139 1127/1127
f 1125/1125 1132/1132 1135/1135
f 1125/1125 1135/1135 1126/1126
f 1149/1149 1150/1150 1151/1151
f 1149/1149 1151/1151 1152/1152
f 1150/1150 1153/1153 1154/1154
f 1150/1150 1154/1154 1151/1151
f 1152/1152 1151/1151 1155/1155
f 1152/1152 1155/1155 1156/1156
f 1151/1151 1154/1154 1157/1157
f 1151/1151 1157/1157 1155/1155
f 1144/1144 1159/1159 1149/1149
f 1144/1144 1149/1149 1146/1146
f 1159/1159 30/30 1150/1150
f 1159/1159 1150/1150 1149/1149
f 30/30 1161/1161 1153/1153
f 30/30 1153/1153 1150/1150
f 1161/1161 1163/1163 1164/1164
f 1161/1161 1164/1164 1153/1153
f 1153/1153 1164/1164 1165/1165
f 1153/1153 1165/1165 1154/1154
f 1154/1154 1165/1165 1166/1166
f 1154/1154 1166/1166 1157/1157
f 1157/1157 1166/1166 335/335
f 1157/1157 335/335 364/364
f 1155/1155 1157/1157 364/364
f 1155/1155 364/364 363/363
f 1156/1156 1155/1155 363/363
f 1156/1156 363/363 361/361
f 1148/1148 1156/1156 361/361
f 1148/1148 361/361 360/360
f 1147/1147 1152/1152 1156/1156
f 1147/1147 1156/1156 1148/1148
f 1146/1146 1149/1149 1152/1152
f 1146/1146 1152/1152 1147/1147
f 1167/1167 1168/1168 1169/1169
f 1167/1167 1169/1169 1170/1170
f 1168/1168 1171/1171 1172/1172
f 1168/1168 1172/1172 1169/1169
f 1170/1170 1169/1169 1173/1173
f 1170/1170 1173/1173 1174/1174
f 1169/1169 1172/1172 1175/1175
f 1169/1169 1175/1175 1173/1173
f 1163/1163 13/13 1167/1167
f 1163/1163 1167/1167 1164/1164
f 13/13 1176/1176 1168/1168
f 13/13 1168/1168 1167/1167
f 1176/1176 12/12 1171/1171
f 1176/1176 1171/1171 1168/1168
f 12/12 1179/1179 1181/1181
f 12/12 1181/1181 1171/1171
f 1171/1171 1181/1181 1182/1182
f 1171/1171 1182/1182 1172/1172
f 1172/1172 1182/1182 1184/1184
f 1172/1172 1184/1184 1175/1175
f 1175/1175 1184/1184 340/340
f 1175/1175 340/340 339/339
f 1173/1173 1175/1175 339/339
f 1173/1173 339/339 338/338
f 1174/1174 1173/1173 338/338
f 1174/1174 338/338 336/336
f 1166/1166 1174/1174 336/336
f 1166/1166 336/336 335/335
f 1165/1165 1170/1170 1174/1174
f 1165/1165 1174/1174 1166/1166
f 1164/1164 1167/1167 1170/1170
f 1164/1164 1170/1170 1165/1165
f 1185/1185 1186/1186 1187/1187
f 1185/1185 1187/1187 1188/1188
f 1186/1186 1189/1189 1190/1190
f 1186/1186 1190/1190 1187/1187
f 1188/1188 1187/1187 1191/1191
f 1188/1188 1191/1191 1192/1192
f 1187/1187 1190/1190 1193/1193
f 1187/1187 1193/1193 1191/1191
f 52/52 50/50 1185/1185
f 52/52 1185/1185 1194/1194
f 50/50 49/49 1186/1186
f 50/50 1186/1186 1185/1185
f 49/49 48/48 1189/1189
f 49/49 1189/1189 1186/1186
f 48/48 1124/1124 1122/1122
f 48/48 1122/1122 1189/1189
f 1189/1189 1122/1122 1120/1120
f 1189/1189 1120/1120 1190/1190
f 1190/1190 1120/1120 1195/1195
f 1190/1190 1195/1195 1193/1193
f 1193/1193 1195/1195 3635/3635
f 1193/1193 3635/3635 3701/3701
f 1191/1191 1193/1193 3701/3701
f 1191/1191 3701/3701 3699/3699
f 1192/1192 1191/1191 3699/3699
f 1192/1192 3699/3699 1198/1198
f 1199/1199 1192/1192 1198/1198
f 1199/1199 1198/1198 3697/3697
f 1200/1200 1188/1188 1192/1192
f 1200/1200 1192/1192 1199/1199
f 1194/1194 1185/1185 1188/1188
f 1194/1194 1188/1188 1200/1200
f 1201/1201 1202/1202 1203/1203
f 1201/1201 1203/1203 1204/1204
f 1202/1202 1205/1205 1206/1206
f 1202/1202 1206/1206 1203/1203
f 1204/1204 1203/1203 1207/1207
f 1204/1204 1207/1207 1208/1208
f 1203/1203 1206/1206 1209/1209
f 1203/1203 1209/1209 1207/1207
f 105/105 1210/1210 1201/1201
f 105/105 1201/1201 122/122
f 1210/1210 1211/1211 1202/1202
f 1210/1210 1202/1202 1201/1201
f 1211/1211 1212/1212 1205/1205
f 1211/1211 1205/1205 1202/1202
f 1212/1212 52/52 1194/1194
f 1212/1212 1194/1194 1205/1205
f 1205/1205 1194/1194 1200/1200
f 1205/1205 1200/1200 1206/1206
f 1206/1206 1200/1200 1199/1199
f 1206/1206 1199/1199 1209/1209
f 1209/1209 1199/1199 3697/3697
f 1209/1209 3697/3697 3717/3717
f 1207/1207 1209/1209 3717/3717
f 1207/1207 3717/3717 3715/3715
f 1208/1208 1207/1207 3715/3715
f 1208/1208 3715/3715 1214/1214
f 124/124 1208/1208 1214/1214
f 124/124 1214/1214 2636/2636
f 123/123 1204/1204 1208/1208
f 123/123 1208/1208 124/124
f 122/122 1201/1201 1204/1204
f 122/122 1204/1204 123/123
f 1215/1215 1216/1216 1217/1217
f 1215/1215 1217/1217 1218/1218
f 1216/1216 1219/1219 1220/1220
f 1216/1216 1220/1220 1217/1217
f 1218/1218 1217/1217 1221/1221
f 1218/1218 1221/1221 1222/1222
f 1217/1217 1220/1220 1223/1223
f 1217/1217 1223/1223 1221/1221
f 87/87 1224/1224 1215/1215
f 87/87 1215/1215 102/102
f 1224/1224 1225/1225 1216/1216
f 1224/1224 1216/1216 1215/1215
f 1225/1225 1226/1226 1219/1219
f 1225/1225 1219/1219 1216/1216
f 1226/1226 35/35 46/46
f 1226/1226 46/46 1219/1219
f 1219/1219 46/46 53/53
f 1219/1219 53/53 1220/1220
f 1220/1220 53/53 51/51
f 1220/1220 51/51 1223/1223
f 1223/1223 51/51 52/52
f 1223/1223 52/52 1212/1212
f 1221/1221 1223/1223 1212/1212
f 1221/1221 1212/1212 1211/1211
f 1222/1222 1221/1221 1211/1211
f 1222/1222 1211/1211 1210/1210
f 104/104 1222/1222 1210/1210
f 104/104 1210/1210 105/105
f 103/103 1218/1218 1222/1222
f 103/103 1222/1222 104/104
f 102/102 1215/1215 1218/1218
f 102/102 1218/1218 103/103
f 1227/1227 1228/1228 1229/1229
f 1227/1227 1229/1229 1230/1230
f 1228/1228 1231/1231 1232/1232
f 1228/1228 1232/1232 1229/1229
f 1230/1230 1229/1229 1233/1233
f 1230/1230 1233/1233 1234/1234
f 1229/1229 1232/1232 1235/1235
f 1229/1229 1235/1235 1233/1233
f 71/71 1236/1236 1227/1227
f 71/71 1227/1227 84/84
f 1236/1236 1237/1237 1228/1228
f 1236/1236 1228/1228 1227/1227
f 1237/1237 1238/1238 1231/1231
f 1237/1237 1231/1231 1228/1228
f 1238/1238 18/18 29/29
f 1238/1238 29/29 1231/1231
f 1231/1231 29/29 36/36
f 1231/1231 36/36 1232/1232
f 1232/1232 36/36 34/34
f 1232/1232 34/34 1235/1235
f 1235/1235 34/34 35/35
f 1235/1235 35/35 1226/1226
f 1233/1233 1235/1235 1226/1226
f 1233/1233 1226/1226 1225/1225
f 1234/1234 1233/1233 1225/1225
f 1234/1234 1225/1225 1224/1224
f 86/86 1234/1234 1224/1224
f 86/86 1224/1224 87/87
f 85/85 1230/1230 1234/1234
f 85/85 1234/1234 86/86
f 84/84 1227/1227 1230/1230
f 84/84 1230/1230 85/85
f 1239/1239 1240/1240 1241/1241
f 1239/1239 1241/1241 1242/1242
f 1240/1240 1243/1243 1244/1244
f 1240/1240 1244/1244 1241/1241
f 1242/1242 1241/1241 1245/1245
f 1242/1242 1245/1245 1246/1246
f 1241/1241 1244/1244 1247/1247
f 1241/1241 1247/1247 1245/1245
f 1336/1336 1248/1248 1239/1239
f 1336/1336 1239/1239 68/68
f 1248/1248 1250/1250 1240/1240
f 1248/1248 1240/1240 1239/1239
f 1250/1250 1252/1252 1243/1243
f 1250/1250 1243/1243 1240/1240
f 1252/1252 1262/1262 11/11
f 1252/1252 11/11 1243/1243
f 1243/1243 11/11 19/19
f 1243/1243 19/19 1244/1244
f 1244/1244 19/19 17/17
f 1244/1244 17/17 1247/1247
f 1247/1247 17/17 18/18
f 1247/1247 18/18 1238/1238
f 1245/1245 1247/1247 1238/1238
f 1245/1245 1238/1238 1237/1237
f 1246/1246 1245/1245 1237/1237
f 1246/1246 1237/1237 1236/1236
f 70/70 1246/1246 1236/1236
f 70/70 1236/1236 71/71
f 69/69 1242/1242 1246/1246
f 69/69 1246/1246 70/70
f 68/68 1239/1239 1242/1242
f 68/68 1242/1242 69/69
f 1253/1253 1254/1254 1255/1255
f 1253/1253 1255/1255 1256/1256
f 1254/1254 1257/1257 1258/1258
f 1254/1254 1258/1258 1255/1255
f 1256/1256 1255/1255 1259/1259
f 1256/1256 1259/1259 1260/1260
f 1255/1255 1258/1258 1261/1261
f 1255/1255 1261/1261 1259/1259
f 1263/1263 1264/1264 1253/1253
f 1263/1263 1253/1253 10/10
f 1264/1264 1265/1265 1254/1254
f 1264/1264 1254/1254 1253/1253
f 1265/1265 1266/1266 1257/1257
f 1265/1265 1257/1257 1254/1254
f 1266/1266 1267/1267 1268/1268
f 1266/1266 1268/1268 1257/1257
f 1257/1257 1268/1268 1269/1269
f 1257/1257 1269/1269 1258/1258
f 1258/1258 1269/1269 1270/1270
f 1258/1258 1270/1270 1261/1261
f 1261/1261 1270/1270 1271/1271
f 1261/1261 1271/1271 2433/2433
f 1259/1259 1261/1261 2433/2433
f 1259/1259 2433/2433 1272/1272
f 1260/1260 1259/1259 1272/1272
f 1260/1260 1272/1272 1274/1274
f 1276/1276 1260/1260 1274/1274
f 1276/1276 1274/1274 1179/1179
f 1277/1277 1256/1256 1260/1260
f 1277/1277 1260/1260 1276/1276
f 10/10 1253/1253 1256/1256
f 10/10 1256/1256 1277/1277
f 1278/1278 1279/1279 1280/1280
f 1278/1278 1280/1280 1281/1281
f 1279/1279 1282/1282 1283/1283
f 1279/1279 1283/1283 1280/1280
f 1281/1281 1280/1280 1284/1284
f 1281/1281 1284/1284 1285/1285
f 1280/1280 1283/1283 1286/1286
f 1280/1280 1286/1286 1284/1284
f 1267/1267 1287/1287 1278/1278
f 1267/1267 1278/1278 1268/1268
f 1287/1287 1288/1288 1279/1279
f 1287/1287 1279/1279 1278/1278
f 1288/1288 1289/1289 1282/1282
f 1288/1288 1282/1282 1279/1279
f 1289/1289 1290/1290 1291/1291
f 1289/1289 1291/1291 1282/1282
f 1282/1282 1291/1291 1292/1292
f 1282/1282 1292/1292 1283/1283
f 1283/1283 1292/1292 1293/1293
f 1283/1283 1293/1293 1286/1286
f 1286/1286 1293/1293 1294/1294
f 1286/1286 1294/1294 1297/1297
f 1284/1284 1286/1286 1297/1297
f 1284/1284 1297/1297 2422/2422
f 1285/1285 1284/1284 2422/2422
f 1285/1285 2422/2422 2420/2420
f 1270/1270 1285/1285 2420/2420
f 1270/1270 2420/2420 1271/1271
f 1269/1269 1281/1281 1285/1285
f 1269/1269 1285/1285 1270/1270
f 1268/1268 1278/1278 1281/1281
f 1268/1268 1281/1281 1269/1269
f 1298/1298 1299/1299 1300/1300
f 1298/1298 1300/1300 1301/1301
f 1299/1299 1302/1302 1303/1303
f 1299/1299 1303/1303 1300/1300
f 1301/1301 1300/1300 1304/1304
f 1301/1301 1304/1304 1305/1305
f 1300/1300 1303/1303 1306/1306
f 1300/1300 1306/1306 1304/1304
f 1290/1290 1307/1307 1298/1298
f 1290/1290 1298/1298 1291/1291
f 1307/1307 1308/1308 1299/1299
f 1307/1307 1299/1299 1298/1298
f 1308/1308 1309/1309 1302/1302
f 1308/1308 1302/1302 1299/1299
f 1309/1309 1310/1310 1311/1311
f 1309/1309 1311/1311 1302/1302
f 1302/1302 1311/1311 1312/1312
f 1302/1302 1312/1312 1303/1303
f 1303/1303 1312/1312 1313/1313
f 1303/1303 1313/1313 1306/1306
f 1306/1306 1313/1313 1314/1314
f 1306/1306 1314/1314 1315/1315
f 1304/1304 1306/1306 1315/1315
f 1304/1304 1315/1315 2406/2406
f 1305/1305 1304/1304 2406/2406
f 1305/1305 2406/2406 1317/1317
f 1293/1293 1305/1305 1317/1317
f 1293/1293 1317/1317 1294/1294
f 1292/1292 1301/1301 1305/1305
f 1292/1292 1305/1305 1293/1293
f 1291/1291 1298/1298 1301/1301
f 1291/1291 1301/1301 1292/1292
f 1318/1318 1319/1319 1320/1320
f 1318/1318 1320/1320 1321/1321
f 1319/1319 1322/1322 1323/1323
f 1319/1319 1323/1323 1320/1320
f 1321/1321 1320/1320 1324/1324
f 1321/1321 1324/1324 1325/1325
f 1320/1320 1323/1323 1326/1326
f 1320/1320 1326/1326 1324/1324
f 65/65 2182/2182 1318/1318
f 65/65 1318/1318 66/66
f 2182/2182 1328/1328 1319/1319
f 2182/2182 1319/1319 1318/1318
f 1328/1328 2177/2177 1322/1322
f 1328/1328 1322/1322 1319/1319
f 2177/2177 2223/2223 1329/1329
f 2177/2177 1329/1329 1322/1322
f 1322/1322 1329/1329 1330/1330
f 1322/1322 1330/1330 1323/1323
f 1323/1323 1330/1330 1331/1331
f 1323/1323 1331/1331 1326/1326
f 1326/1326 1331/1331 1332/1332
f 1326/1326 1332/1332 1333/1333
f 1324/1324 1326/1326 1333/1333
f 1324/1324 1333/1333 1334/1334
f 1325/1325 1324/1324 1334/1334
f 1325/1325 1334/1334 1335/1335
f 67/67 1325/1325 1335/1335
f 67/67 1335/1335 1337/1337
f 1339/1339 1321/1321 1325/1325
f 1339/1339 1325/1325 67/67
f 66/66 1318/1318 1321/1321
f 66/66 1321/1321 1339/1339
f 1340/1340 1341/1341 1342/1342
f 1340/1340 1342/1342 1343/1343
f 1341/1341 1344/1344 1345/1345
f 1341/1341 1345/1345 1342/1342
f 1343/1343 1342/1342 1346/1346
f 1343/1343 1346/1346 1347/1347
f 1342/1342 1345/1345 1348/1348
f 1342/1342 1348/1348 1346/1346
f 2223/2223 1350/1350 1340/1340
f 2223/2223 1340/1340 1329/1329
f 1350/1350 2219/2219 1341/1341
f 1350/1350 1341/1341 1340/1340
f 2219/2219 2217/2217 1344/1344
f 2219/2219 1344/1344 1341/1341
f 2217/2217 2215/2215 1351/1351
f 2217/2217 1351/1351 1344/1344
f 1344/1344 1351/1351 1352/1352
f 1344/1344 1352/1352 1345/1345
f 1345/1345 1352/1352 1353/1353
f 1345/1345 1353/1353 1348/1348
f 1348/1348 1353/1353 1354/1354
f 1348/1348 1354/1354 1355/1355
f 1346/1346 1348/1348 1355/1355
f 1346/1346 1355/1355 1356/1356
f 1347/1347 1346/1346 1356/1356
f 1347/1347 1356/1356 1357/1357
f 1331/1331 1347/1347 1357/1357
f 1331/1331 1357/1357 1332/1332
f 1330/1330 1343/1343 1347/1347
f 1330/1330 1347/1347 1331/1331
f 1329/1329 1340/1340 1343/1343
f 1329/1329 1343/1343 1330/1330
f 1358/1358 1359/1359 1360/1360
f 1358/1358 1360/1360 1361/1361
f 1359/1359 1362/1362 1363/1363
f 1359/1359 1363/1363 1360/1360
f 1361/1361 1360/1360 1364/1364
f 1361/1361 1364/1364 1365/1365
f 1360/1360 1363/1363 1366/1366
f 1360/1360 1366/1366 1364/1364
f 2215/2215 1368/1368 1358/1358
f 2215/2215 1358/1358 1351/1351
f 1368/1368 2204/2204 1359/1359
f 1368/1368 1359/1359 1358/1358
f 2204/2204 2202/2202 1362/1362
f 2204/2204 1362/1362 1359/1359
f 2202/2202 2254/2254 1369/1369
f 2202/2202 1369/1369 1362/1362
f 1362/1362 1369/1369 1370/1370
f 1362/1362 1370/1370 1363/1363
f 1363/1363 1370/1370 1371/1371
f 1363/1363 1371/1371 1366/1366
f 1366/1366 1371/1371 1372/1372
f 1366/1366 1372/1372 1373/1373
f 1364/1364 1366/1366 1373/1373
f 1364/1364 1373/1373 1374/1374
f 1365/1365 1364/1364 1374/1374
f 1365/1365 1374/1374 1375/1375
f 1353/1353 1365/1365 1375/1375
f 1353/1353 1375/1375 1354/1354
f 1352/1352 1361/1361 1365/1365
f 1352/1352 1365/1365 1353/1353
f 1351/1351 1358/1358 1361/1361
f 1351/1351 1361/1361 1352/1352
f 1376/1376 1377/1377 1378/1378
f 1376/1376 1378/1378 1379/1379
f 1377/1377 1380/1380 1381/1381
f 1377/1377 1381/1381 1378/1378
f 1379/1379 1378/1378 1382/1382
f 1379/1379 1382/1382 1383/1383
f 1378/1378 1381/1381 1384/1384
f 1378/1378 1384/1384 1382/1382
f 2254/2254 1386/1386 1376/1376
f 2254/2254 1376/1376 1369/1369
f 1386/1386 2252/2252 1377/1377
f 1386/1386 1377/1377 1376/1376
f 2252/2252 2247/2247 1380/1380
f 2252/2252 1380/1380 1377/1377
f 2247/2247 2244/2244 3897/3897
f 2247/2247 3897/3897 1380/1380
f 1380/1380 3897/3897 1387/1387
f 1380/1380 1387/1387 1381/1381
f 1381/1381 1387/1387 1388/1388
f 1381/1381 1388/1388 1384/1384
f 1384/1384 1388/1388 1389/1389
f 1384/1384 1389/1389 1391/1391
f 1382/1382 1384/1384 1391/1391
f 1382/1382 1391/1391 1392/1392
f 1383/1383 1382/1382 1392/1392
f 1383/1383 1392/1392 1393/1393
f 1371/1371 1383/1383 1393/1393
f 1371/1371 1393/1393 1372/1372
f 1370/1370 1379/1379 1383/1383
f 1370/1370 1383/1383 1371/1371
f 1369/1369 1376/1376 1379/1379
f 1369/1369 1379/1379 1370/1370
f 1394/1394 1395/1395 1396/1396
f 1394/1394 1396/1396 1397/1397
f 1395/1395 1398/1398 1399/1399
f 1395/1395 1399/1399 1396/1396
f 1397/1397 1396/1396 1400/1400
f 1397/1397 1400/1400 1401/1401
f 1396/1396 1399/1399 1402/1402
f 1396/1396 1402/1402 1400/1400
f 1403/1403 140/140 1394/1394
f 1403/1403 1394/1394 1405/1405
f 140/140 1406/1406 1395/1395
f 140/140 1395/1395 1394/1394
f 1406/1406 149/149 1398/1398
f 1406/1406 1398/1398 1395/1395
f 149/149 1410/1410 1412/1412
f 149/149 1412/1412 1398/1398
f 1398/1398 1412/1412 1414/1414
f 1398/1398 1414/1414 1399/1399
f 1399/1399 1414/1414 1617/1617
f 1399/1399 1617/1617 1402/1402
f 1402/1402 1617/1617 1615/1615
f 1402/1402 1615/1615 1415/1415
f 1400/1400 1402/1402 1415/1415
f 1400/1400 1415/1415 1416/1416
f 1401/1401 1400/1400 1416/1416
f 1401/1401 1416/1416 1417/1417
f 1418/1418 1401/1401 1417/1417
f 1418/1418 1417/1417 1419/1419
f 1420/1420 1397/1397 1401/1401
f 1420/1420 1401/1401 1418/1418
f 1405/1405 1394/1394 1397/1397
f 1405/1405 1397/1397 1420/1420
f 1421/1421 1422/1422 1423/1423
f 1421/1421 1423/1423 1424/1424
f 1422/1422 1425/1425 1426/1426
f 1422/1422 1426/1426 1423/1423
f 1424/1424 1423/1423 1427/1427
f 1424/1424 1427/1427 1428/1428
f 1423/1423 1426/1426 1429/1429
f 1423/1423 1429/1429 1427/1427
f 1419/1419 1417/1417 1421/1421
f 1419/1419 1421/1421 1430/1430
f 1417/1417 1416/1416 1422/1422
f 1417/1417 1422/1422 1421/1421
f 1416/1416 1415/1415 1425/1425
f 1416/1416 1425/1425 1422/1422
f 1415/1415 1615/1615 1642/1642
f 1415/1415 1642/1642 1425/1425
f 1425/1425 1642/1642 1432/1432
f 1425/1425 1432/1432 1426/1426
f 1426/1426 1432/1432 1640/1640
f 1426/1426 1640/1640 1429/1429
f 1429/1429 1640/1640 1638/1638
f 1429/1429 1638/1638 1433/1433
f 1427/1427 1429/1429 1433/1433
f 1427/1427 1433/1433 1434/1434
f 1428/1428 1427/1427 1434/1434
f 1428/1428 1434/1434 1435/1435
f 1436/1436 1428/1428 1435/1435
f 1436/1436 1435/1435 1437/1437
f 1438/1438 1424/1424 1428/1428
f 1438/1438 1428/1428 1436/1436
f 1430/1430 1421/1421 1424/1424
f 1430/1430 1424/1424 1438/1438
f 1439/1439 1440/1440 1441/1441
f 1439/1439 1441/1441 1442/1442
f 1440/1440 1443/1443 1444/1444
f 1440/1440 1444/1444 1441/1441
f 1442/1442 1441/1441 1445/1445
f 1442/1442 1445/1445 1446/1446
f 1441/1441 1444/1444 1447/1447
f 1441/1441 1447/1447 1445/1445
f 1437/1437 1435/1435 1439/1439
f 1437/1437 1439/1439 1448/1448
f 1435/1435 1434/1434 1440/1440
f 1435/1435 1440/1440 1439/1439
f 1434/1434 1433/1433 1443/1443
f 1434/1434 1443/1443 1440/1440
f 1433/1433 1638/1638 1662/1662
f 1433/1433 1662/1662 1443/1443
f 1443/1443 1662/1662 1450/1450
f 1443/1443 1450/1450 1444/1444
f 1444/1444 1450/1450 1660/1660
f 1444/1444 1660/1660 1447/1447
f 1447/1447 1660/1660 1452/1452
f 1447/1447 1452/1452 1453/1453
f 1445/1445 1447/1447 1453/1453
f 1445/1445 1453/1453 1454/1454
f 1446/1446 1445/1445 1454/1454
f 1446/1446 1454/1454 1455/1455
f 1456/1456 1446/1446 1455/1455
f 1456/1456 1455/1455 1457/1457
f 1458/1458 1442/1442 1446/1446
f 1458/1458 1446/1446 1456/1456
f 1448/1448 1439/1439 1442/1442
f 1448/1448 1442/1442 1458/1458
f 1459/1459 1460/1460 1461/1461
f 1459/1459 1461/1461 1462/1462
f 1460/1460 1463/1463 1464/1464
f 1460/1460 1464/1464 1461/1461
f 1462/1462 1461/1461 1465/1465
f 1462/1462 1465/1465 1466/1466
f 1461/1461 1464/1464 1467/1467
f 1461/1461 1467/1467 1465/1465
f 1457/1457 1455/1455 1459/1459
f 1457/1457 1459/1459 1468/1468
f 1455/1455 1454/1454 1460/1460
f 1455/1455 1460/1460 1459/1459
f 1454/1454 1453/1453 1463/1463
f 1454/1454 1463/1463 1460/1460
f 1453/1453 1452/1452 1470/1470
f 1453/1453 1470/1470 1463/1463
f 1463/1463 1470/1470 1472/1472
f 1463/1463 1472/1472 1464/1464
f 1464/1464 1472/1472 1474/1474
f 1464/1464 1474/1474 1467/1467
f 1467/1467 1474/1474 1476/1476
f 1467/1467 1476/1476 3982/3982
f 1465/1465 1467/1467 3982/3982
f 1465/1465 3982/3982 3980/3980
f 1466/1466 1465/1465 3980/3980
f 1466/1466 3980/3980 1478/1478
f 1480/1480 1466/1466 1478/1478
f 1480/1480 1478/1478 3978/3978
f 1481/1481 1462/1462 1466/1466
f 1481/1481 1466/1466 1480/1480
f 1468/1468 1459/1459 1462/1462
f 1468/1468 1462/1462 1481/1481
f 1482/1482 1483/1483 1484/1484
f 1482/1482 1484/1484 1485/1485
f 1483/1483 1486/1486 1487/1487
f 1483/1483 1487/1487 1484/1484
f 1485/1485 1484/1484 1488/1488
f 1485/1485 1488/1488 1489/1489
f 1484/1484 1487/1487 1490/1490
f 1484/1484 1490/1490 1488/1488
f 1491/1491 1492/1492 1482/1482
f 1491/1491 1482/1482 1493/1493
f 1492/1492 1494/1494 1483/1483
f 1492/1492 1483/1483 1482/1482
f 1494/1494 1495/1495 1486/1486
f 1494/1494 1486/1486 1483/1483
f 1495/1495 1457/1457 1468/1468
f 1495/1495 1468/1468 1486/1486
f 1486/1486 1468/1468 1481/1481
f 1486/1486 1481/1481 1487/1487
f 1487/1487 1481/1481 1480/1480
f 1487/1487 1480/1480 1490/1490
f 1490/1490 1480/1480 3978/3978
f 1490/1490 3978/3978 1496/1496
f 1488/1488 1490/1490 1496/1496
f 1488/1488 1496/1496 1498/1498
f 1489/1489 1488/1488 1498/1498
f 1489/1489 1498/1498 4000/4000
f 1500/1500 1489/1489 4000/4000
f 1500/1500 4000/4000 3998/3998
f 1501/1501 1485/1485 1489/1489
f 1501/1501 1489/1489 1500/1500
f 1493/1493 1482/1482 1485/1485
f 1493/1493 1485/1485 1501/1501
f 1502/1502 1503/1503 1504/1504
f 1502/1502 1504/1504 1505/1505
f 1503/1503 1506/1506 1507/1507
f 1503/1503 1507/1507 1504/1504
f 1505/1505 1504/1504 1508/1508
f 1505/1505 1508/1508 1509/1509
f 1504/1504 1507/1507 1510/1510
f 1504/1504 1510/1510 1508/1508
f 1511/1511 1512/1512 1502/1502
f 1511/1511 1502/1502 1513/1513
f 1512/1512 1514/1514 1503/1503
f 1512/1512 1503/1503 1502/1502
f 1514/1514 1515/1515 1506/1506
f 1514/1514 1506/1506 1503/1503
f 1515/1515 1437/1437 1448/1448
f 1515/1515 1448/1448 1506/1506
f 1506/1506 1448/1448 1458/1458
f 1506/1506 1458/1458 1507/1507
f 1507/1507 1458/1458 1456/1456
f 1507/1507 1456/1456 1510/1510
f 1510/1510 1456/1456 1457/1457
f 1510/1510 1457/1457 1495/1495
f 1508/1508 1510/1510 1495/1495
f 1508/1508 1495/1495 1494/1494
f 1509/1509 1508/1508 1494/1494
f 1509/1509 1494/1494 1492/1492
f 1516/1516 1509/1509 1492/1492
f 1516/1516 1492/1492 1491/1491
f 1517/1517 1505/1505 1509/1509
f 1517/1517 1509/1509 1516/1516
f 1513/1513 1502/1502 1505/1505
f 1513/1513 1505/1505 1517/1517
f 1518/1518 1519/1519 1520/1520
f 1518/1518 1520/1520 1521/1521
f 1519/1519 1522/1522 1523/1523
f 1519/1519 1523/1523 1520/1520
f 1521/1521 1520/1520 1524/1524
f 1521/1521 1524/1524 1525/1525
f 1520/1520 1523/1523 1526/1526
f 1520/1520 1526/1526 1524/1524
f 1527/1527 1528/1528 1518/1518
f 1527/1527 1518/1518 1529/1529
f 1528/1528 1530/1530 1519/1519
f 1528/1528 1519/1519 1518/1518
f 1530/1530 1531/1531 1522/1522
f 1530/1530 1522/1522 1519/1519
f 1531/1531 1419/1419 1430/1430
f 1531/1531 1430/1430 1522/1522
f 1522/1522 1430/1430 1438/1438
f 1522/1522 1438/1438 1523/1523
f 1523/1523 1438/1438 1436/1436
f 1523/1523 1436/1436 1526/1526
f 1526/1526 1436/1436 1437/1437
f 1526/1526 1437/1437 1515/1515
f 1524/1524 1526/1526 1515/1515
f 1524/1524 1515/1515 1514/1514
f 1525/1525 1524/1524 1514/1514
f 1525/1525 1514/1514 1512/1512
f 1532/1532 1525/1525 1512/1512
f 1532/1532 1512/1512 1511/1511
f 1533/1533 1521/1521 1525/1525
f 1533/1533 1525/1525 1532/1532
f 1529/1529 1518/1518 1521/1521
f 1529/1529 1521/1521 1533/1533
f 1534/1534 1535/1535 1536/1536
f 1534/1534 1536/1536 1537/1537
f 1535/1535 1538/1538 1539/1539
f 1535/1535 1539/1539 1536/1536
f 1537/1537 1536/1536 1540/1540
f 1537/1537 1540/1540 1541/1541
f 1536/1536 1539/1539 1542/1542
f 1536/1536 1542/1542 1540/1540
f 1543/1543 1545/1545 1534/1534
f 1543/1543 1534/1534 1547/1547
f 1545/1545 275/275 1535/1535
f 1545/1545 1535/1535 1534/1534
f 275/275 1549/1549 1538/1538
f 275/275 1538/1538 1535/1535
f 1549/1549 1403/1403 1405/1405
f 1549/1549 1405/1405 1538/1538
f 1538/1538 1405/1405 1420/1420
f 1538/1538 1420/1420 1539/1539
f 1539/1539 1420/1420 1418/1418
f 1539/1539 1418/1418 1542/1542
f 1542/1542 1418/1418 1419/1419
f 1542/1542 1419/1419 1531/1531
f 1540/1540 1542/1542 1531/1531
f 1540/1540 1531/1531 1530/1530
f 1541/1541 1540/1540 1530/1530
f 1541/1541 1530/1530 1528/1528
f 1550/1550 1541/1541 1528/1528
f 1550/1550 1528/1528 1527/1527
f 1551/1551 1537/1537 1541/1541
f 1551/1551 1541/1541 1550/1550
f 1547/1547 1534/1534 1537/1537
f 1547/1547 1537/1537 1551/1551
f 4053/4053 4054/4054 4051/4051
f 4053/4053 4051/4051 4052/4052
f 1594/1594 1591/1591 1590/1590
f 1594/1594 1590/1590 1593/1593
f 2793/2793 2794/2794 2790/2790
f 2793/2793 2790/2790 2789/2789
f 2795/2795 2793/2793 2789/2789
f 2795/2795 2789/2789 2792/2792
f 305/305 306/306 303/303
f 305/305 303/303 304/304
f 1593/1593 1590/1590 1587/1587
f 1593/1593 1587/1587 1586/1586
f 1561/1561 1543/1543 1547/1547
f 1561/1561 1547/1547 1556/1556
f 1556/1556 1547/1547 1551/1551
f 1556/1556 1551/1551 1557/1557
f 1557/1557 1551/1551 1550/1550
f 1557/1557 1550/1550 1560/1560
f 1560/1560 1550/1550 1527/1527
f 1560/1560 1527/1527 1562/1562
f 1556/1556 1553/1553 290/290
f 1556/1556 290/290 1561/1561
f 4092/4092 4087/4087 4086/4086
f 4092/4092 4086/4086 4089/4089
f 2804/2804 2805/2805 2802/2802
f 2804/2804 2802/2802 2803/2803
f 2807/2807 2804/2804 2803/2803
f 2807/2807 2803/2803 2806/2806
f 308/308 305/305 304/304
f 308/308 304/304 307/307
f 2810/2810 2808/2808 2804/2804
f 2810/2810 2804/2804 2807/2807
f 2803/2803 2802/2802 2801/2801
f 2803/2803 2801/2801 2800/2800
f 1586/1586 1587/1587 1583/1583
f 1586/1586 1583/1583 1585/1585
f 1562/1562 1527/1527 1529/1529
f 1562/1562 1529/1529 1569/1569
f 1569/1569 1529/1529 1533/1533
f 1569/1569 1533/1533 1570/1570
f 1570/1570 1533/1533 1532/1532
f 1570/1570 1532/1532 1573/1573
f 1573/1573 1532/1532 1511/1511
f 1573/1573 1511/1511 1574/1574
f 4100/4100 4098/4098 1595/1595
f 4100/4100 1595/1595 1597/1597
f 4075/4075 4070/4070 4069/4069
f 4075/4075 4069/4069 4074/4074
f 2816/2816 2817/2817 2814/2814
f 2816/2816 2814/2814 2815/2815
f 2819/2819 2816/2816 2815/2815
f 2819/2819 2815/2815 2818/2818
f 2820/2820 2821/2821 2817/2817
f 2820/2820 2817/2817 2816/2816
f 2822/2822 2820/2820 2816/2816
f 2822/2822 2816/2816 2819/2819
f 2815/2815 2814/2814 2813/2813
f 2815/2815 2813/2813 2812/2812
f 2818/2818 2815/2815 2812/2812
f 2818/2818 2812/2812 2811/2811
f 1574/1574 1511/1511 1513/1513
f 1574/1574 1513/1513 1581/1581
f 1581/1581 1513/1513 1517/1517
f 1581/1581 1517/1517 1582/1582
f 1582/1582 1517/1517 1516/1516
f 1582/1582 1516/1516 1585/1585
f 1585/1585 1516/1516 1491/1491
f 1585/1585 1491/1491 1586/1586
f 2823/2823 2824/2824 2820/2820
f 2823/2823 2820/2820 2822/2822
f 4099/4099 4094/4094 4093/4093
f 4099/4099 4093/4093 1599/1599
f 2828/2828 2829/2829 2826/2826
f 2828/2828 2826/2826 2827/2827
f 2831/2831 2828/2828 2827/2827
f 2831/2831 2827/2827 2830/2830
f 2808/2808 2809/2809 2805/2805
f 2808/2808 2805/2805 2804/2804
f 1582/1582 1579/1579 1578/1578
f 1582/1582 1578/1578 1581/1581
f 4054/4054 2796/2796 4061/4061
f 4054/4054 4061/4061 4051/4051
f 2830/2830 2827/2827 2824/2824
f 2830/2830 2824/2824 2823/2823
f 1586/1586 1491/1491 1493/1493
f 1586/1586 1493/1493 1593/1593
f 1593/1593 1493/1493 1501/1501
f 1593/1593 1501/1501 1594/1594
f 1594/1594 1501/1501 1500/1500
f 1594/1594 1500/1500 1597/1597
f 1597/1597 1500/1500 3998/3998
f 1597/1597 3998/3998 4100/4100
f 2806/2806 2803/2803 2800/2800
f 2806/2806 2800/2800 2799/2799
f 4087/4087 4082/4082 4081/4081
f 4087/4087 4081/4081 4086/4086
f 1600/1600 1601/1601 1602/1602
f 1600/1600 1602/1602 1603/1603
f 1601/1601 1604/1604 1605/1605
f 1601/1601 1605/1605 1602/1602
f 1603/1603 1602/1602 1606/1606
f 1603/1603 1606/1606 1607/1607
f 1602/1602 1605/1605 1608/1608
f 1602/1602 1608/1608 1606/1606
f 1609/1609 1610/1610 1600/1600
f 1609/1609 1600/1600 1611/1611
f 1610/1610 1612/1612 1601/1601
f 1610/1610 1601/1601 1600/1600
f 1612/1612 1613/1613 1604/1604
f 1612/1612 1604/1604 1601/1601
f 1613/1613 1614/1614 1616/1616
f 1613/1613 1616/1616 1604/1604
f 1604/1604 1616/1616 1413/1413
f 1604/1604 1413/1413 1605/1605
f 1605/1605 1413/1413 1411/1411
f 1605/1605 1411/1411 1608/1608
f 1608/1608 1411/1411 1408/1408
f 1608/1608 1408/1408 1619/1619
f 1606/1606 1608/1608 1619/1619
f 1606/1606 1619/1619 1620/1620
f 1607/1607 1606/1606 1620/1620
f 1607/1607 1620/1620 341/341
f 1621/1621 1607/1607 341/341
f 1621/1621 341/341 340/340
f 1622/1622 1603/1603 1607/1607
f 1622/1622 1607/1607 1621/1621
f 1611/1611 1600/1600 1603/1603
f 1611/1611 1603/1603 1622/1622
f 1623/1623 1624/1624 1625/1625
f 1623/1623 1625/1625 1626/1626
f 1624/1624 1627/1627 1628/1628
f 1624/1624 1628/1628 1625/1625
f 1626/1626 1625/1625 1629/1629
f 1626/1626 1629/1629 1630/1630
f 1625/1625 1628/1628 1631/1631
f 1625/1625 1631/1631 1629/1629
f 1632/1632 1633/1633 1623/1623
f 1632/1632 1623/1623 1634/1634
f 1633/1633 1635/1635 1624/1624
f 1633/1633 1624/1624 1623/1623
f 1635/1635 1636/1636 1627/1627
f 1635/1635 1627/1627 1624/1624
f 1636/1636 1637/1637 1639/1639
f 1636/1636 1639/1639 1627/1627
f 1627/1627 1639/1639 1431/1431
f 1627/1627 1431/1431 1628/1628
f 1628/1628 1431/1431 1641/1641
f 1628/1628 1641/1641 1631/1631
f 1631/1631 1641/1641 1614/1614
f 1631/1631 1614/1614 1613/1613
f 1629/1629 1631/1631 1613/1613
f 1629/1629 1613/1613 1612/1612
f 1630/1630 1629/1629 1612/1612
f 1630/1630 1612/1612 1610/1610
f 1643/1643 1630/1630 1610/1610
f 1643/1643 1610/1610 1609/1609
f 1644/1644 1626/1626 1630/1630
f 1644/1644 1630/1630 1643/1643
f 1634/1634 1623/1623 1626/1626
f 1634/1634 1626/1626 1644/1644
f 1645/1645 1646/1646 1647/1647
f 1645/1645 1647/1647 1648/1648
f 1646/1646 1649/1649 1650/1650
f 1646/1646 1650/1650 1647/1647
f 1648/1648 1647/1647 1651/1651
f 1648/1648 1651/1651 1652/1652
f 1647/1647 1650/1650 1653/1653
f 1647/1647 1653/1653 1651/1651
f 1654/1654 1655/1655 1645/1645
f 1654/1654 1645/1645 1656/1656
f 1655/1655 1657/1657 1646/1646
f 1655/1655 1646/1646 1645/1645
f 1657/1657 1658/1658 1649/1649
f 1657/1657 1649/1649 1646/1646
f 1658/1658 1451/1451 1659/1659
f 1658/1658 1659/1659 1649/1649
f 1649/1649 1659/1659 1449/1449
f 1649/1649 1449/1449 1650/1650
f 1650/1650 1449/1449 1661/1661
f 1650/1650 1661/1661 1653/1653
f 1653/1653 1661/1661 1637/1637
f 1653/1653 1637/1637 1636/1636
f 1651/1651 1653/1653 1636/1636
f 1651/1651 1636/1636 1635/1635
f 1652/1652 1651/1651 1635/1635
f 1652/1652 1635/1635 1633/1633
f 1663/1663 1652/1652 1633/1633
f 1663/1663 1633/1633 1632/1632
f 1664/1664 1648/1648 1652/1652
f 1664/1664 1652/1652 1663/1663
f 1656/1656 1645/1645 1648/1648
f 1656/1656 1648/1648 1664/1664
f 1665/1665 1666/1666 1667/1667
f 1665/1665 1667/1667 1668/1668
f 1666/1666 1669/1669 1670/1670
f 1666/1666 1670/1670 1667/1667
f 1668/1668 1667/1667 1671/1671
f 1668/1668 1671/1671 1672/1672
f 1667/1667 1670/1670 1673/1673
f 1667/1667 1673/1673 1671/1671
f 4169/4169 4172/4172 1665/1665
f 4169/4169 1665/1665 1674/1674
f 4172/4172 4182/4182 1666/1666
f 4172/4172 1666/1666 1665/1665
f 4182/4182 1675/1675 1669/1669
f 4182/4182 1669/1669 1666/1666
f 1675/1675 1475/1475 1473/1473
f 1675/1675 1473/1473 1669/1669
f 1669/1669 1473/1473 1471/1471
f 1669/1669 1471/1471 1670/1670
f 1670/1670 1471/1471 1469/1469
f 1670/1670 1469/1469 1673/1673
f 1673/1673 1469/1469 1451/1451
f 1673/1673 1451/1451 1658/1658
f 1671/1671 1673/1673 1658/1658
f 1671/1671 1658/1658 1657/1657
f 1672/1672 1671/1671 1657/1657
f 1672/1672 1657/1657 1655/1655
f 1676/1676 1672/1672 1655/1655
f 1676/1676 1655/1655 1654/1654
f 1677/1677 1668/1668 1672/1672
f 1677/1677 1672/1672 1676/1676
f 1674/1674 1665/1665 1668/1668
f 1674/1674 1668/1668 1677/1677
f 1678/1678 1687/1687 1681/1681
f 1678/1678 1681/1681 1679/1679
f 1687/1687 1680/1680 1689/1689
f 1687/1687 1689/1689 1681/1681
f 1679/1679 1681/1681 1682/1682
f 1679/1679 1682/1682 1693/1693
f 1681/1681 1689/1689 1690/1690
f 1681/1681 1690/1690 1682/1682
f 417/417 1683/1683 1678/1678
f 417/417 1678/1678 1685/1685
f 1683/1683 1686/1686 1687/1687
f 1683/1683 1687/1687 1678/1678
f 1686/1686 1688/1688 1680/1680
f 1686/1686 1680/1680 1687/1687
f 1688/1688 1946/1946 1947/1947
f 1688/1688 1947/1947 1680/1680
f 1680/1680 1947/1947 1959/1959
f 1680/1680 1959/1959 1689/1689
f 1689/1689 1959/1959 1956/1956
f 1689/1689 1956/1956 1690/1690
f 1690/1690 1956/1956 2130/2130
f 1690/1690 2130/2130 2101/2101
f 1682/1682 1690/1690 2101/2101
f 1682/1682 2101/2101 1692/1692
f 1693/1693 1682/1682 1692/1692
f 1693/1693 1692/1692 2106/2106
f 422/422 1693/1693 2106/2106
f 422/422 2106/2106 836/836
f 419/419 1679/1679 1693/1693
f 419/419 1693/1693 422/422
f 1685/1685 1678/1678 1679/1679
f 1685/1685 1679/1679 419/419
f 1714/1714 1702/1702 1694/1694
f 1714/1714 1694/1694 1695/1695
f 1702/1702 1703/1703 1696/1696
f 1702/1702 1696/1696 1694/1694
f 1695/1695 1694/1694 1706/1706
f 1695/1695 1706/1706 1711/1711
f 1694/1694 1696/1696 1707/1707
f 1694/1694 1707/1707 1706/1706
f 1697/1697 1699/1699 1714/1714
f 1697/1697 1714/1714 1713/1713
f 1699/1699 1701/1701 1702/1702
f 1699/1699 1702/1702 1714/1714
f 1701/1701 2147/2147 1703/1703
f 1701/1701 1703/1703 1702/1702
f 2147/2147 1970/1970 1790/1790
f 2147/2147 1790/1790 1703/1703
f 1703/1703 1790/1790 1704/1704
f 1703/1703 1704/1704 1696/1696
f 1696/1696 1704/1704 1786/1786
f 1696/1696 1786/1786 1707/1707
f 1707/1707 1786/1786 2067/2067
f 1707/1707 2067/2067 1708/1708
f 1706/1706 1707/1707 1708/1708
f 1706/1706 1708/1708 2077/2077
f 1711/1711 1706/1706 2077/2077
f 1711/1711 2077/2077 2076/2076
f 1709/1709 1711/1711 2076/2076
f 1709/1709 2076/2076 2280/2280
f 2168/2168 1695/1695 1711/1711
f 2168/2168 1711/1711 1709/1709
f 1713/1713 1714/1714 1695/1695
f 1713/1713 1695/1695 2168/2168
f 1720/1720 1729/1729 1715/1715
f 1720/1720 1715/1715 1721/1721
f 1727/1727 1725/1725 1715/1715
f 1727/1727 1715/1715 1728/1728
f 1736/1736 1742/1742 1715/1715
f 1736/1736 1715/1715 1726/1726
f 1741/1741 1747/1747 1715/1715
f 1741/1741 1715/1715 1742/1742
f 1745/1745 1722/1722 1715/1715
f 1745/1745 1715/1715 1746/1746
f 1717/1717 1769/1769 1720/1720
f 1717/1717 1720/1720 1718/1718
f 1769/1769 1731/1731 1729/1729
f 1769/1769 1729/1729 1720/1720
f 1718/1718 1720/1720 1721/1721
f 1718/1718 1721/1721 1743/1743
f 2035/2035 1723/1723 1727/1727
f 2035/2035 1727/1727 1766/1766
f 1723/1723 1798/1798 1725/1725
f 1723/1723 1725/1725 1727/1727
f 1766/1766 1727/1727 1728/1728
f 1766/1766 1728/1728 1731/1731
f 1923/1923 1732/1732 1736/1736
f 1923/1923 1736/1736 1796/1796
f 1732/1732 1734/1734 1742/1742
f 1732/1732 1742/1742 1736/1736
f 1796/1796 1736/1736 1726/1726
f 1796/1796 1726/1726 1798/1798
f 1921/1921 1737/1737 1741/1741
f 1921/1921 1741/1741 1739/1739
f 1737/1737 1904/1904 1747/1747
f 1737/1737 1747/1747 1741/1741
f 1739/1739 1741/1741 1742/1742
f 1739/1739 1742/1742 1734/1734
f 1835/1835 1984/1984 1745/1745
f 1835/1835 1745/1745 1901/1901
f 1984/1984 1744/1744 1722/1722
f 1984/1984 1722/1722 1745/1745
f 1901/1901 1745/1745 1746/1746
f 1901/1901 1746/1746 1904/1904
f 3004/3004 3031/3031 3030/3030
f 3004/3004 3030/3030 3012/3012
f 3003/3003 3004/3004 3012/3012
f 3003/3003 3012/3012 3002/3002
f 3022/3022 3005/3005 3004/3004
f 3022/3022 3004/3004 3003/3003
f 487/487 480/480 479/479
f 487/487 479/479 481/481
f 478/478 3008/3008 3006/3006
f 478/478 3006/3006 483/483
f 501/501 498/498 3008/3008
f 501/501 3008/3008 478/478
f 500/500 3010/3010 498/498
f 500/500 498/498 501/501
f 1760/1760 4529/4529 2039/2039
f 1760/1760 2039/2039 1750/1750
f 1750/1750 2039/2039 1762/1762
f 1750/1750 1762/1762 1751/1751
f 1751/1751 1762/1762 1764/1764
f 1751/1751 1764/1764 1752/1752
f 1752/1752 1764/1764 2035/2035
f 1752/1752 2035/2035 1767/1767
f 1753/1753 1752/1752 1767/1767
f 1753/1753 1767/1767 1730/1730
f 1772/1772 1753/1753 1730/1730
f 1772/1772 1730/1730 1768/1768
f 1770/1770 1772/1772 1768/1768
f 1770/1770 1768/1768 1716/1716
f 3029/3029 3023/3023 3033/3033
f 3029/3029 3033/3033 3031/3031
f 3031/3031 3033/3033 3240/3240
f 3031/3031 3240/3240 3030/3030
f 1782/1782 1777/1777 1779/1779
f 1782/1782 1779/1779 1778/1778
f 1777/1777 1783/1783 1784/1784
f 1777/1777 1784/1784 1779/1779
f 1778/1778 1779/1779 1780/1780
f 1778/1778 1780/1780 1789/1789
f 1779/1779 1784/1784 1788/1788
f 1779/1779 1788/1788 1780/1780
f 1889/1889 1781/1781 1782/1782
f 1889/1889 1782/1782 1792/1792
f 1781/1781 1825/1825 1777/1777
f 1781/1781 1777/1777 1782/1782
f 1825/1825 1823/1823 1783/1783
f 1825/1825 1783/1783 1777/1777
f 1823/1823 1822/1822 2056/2056
f 1823/1823 2056/2056 1783/1783
f 1783/1783 2056/2056 2071/2071
f 1783/1783 2071/2071 1784/1784
f 1784/1784 2071/2071 1785/1785
f 1784/1784 1785/1785 1788/1788
f 1788/1788 1785/1785 2068/2068
f 1788/1788 2068/2068 1787/1787
f 1780/1780 1788/1788 1787/1787
f 1780/1780 1787/1787 1705/1705
f 1789/1789 1780/1780 1705/1705
f 1789/1789 1705/1705 1791/1791
f 1969/1969 1789/1789 1791/1791
f 1969/1969 1791/1791 1971/1971
f 1968/1968 1778/1778 1789/1789
f 1968/1968 1789/1789 1969/1969
f 1792/1792 1782/1782 1778/1778
f 1792/1792 1778/1778 1968/1968
f 1793/1793 1800/1800 1795/1795
f 1793/1793 1795/1795 1794/1794
f 1800/1800 1801/1801 1802/1802
f 1800/1800 1802/1802 1795/1795
f 1794/1794 1795/1795 1808/1808
f 1794/1794 1808/1808 1811/1811
f 1795/1795 1802/1802 1804/1804
f 1795/1795 1804/1804 1808/1808
f 1924/1924 1797/1797 1793/1793
f 1924/1924 1793/1793 1925/1925
f 1797/1797 1799/1799 1800/1800
f 1797/1797 1800/1800 1793/1793
f 1799/1799 1724/1724 1801/1801
f 1799/1799 1801/1801 1800/1800
f 1724/1724 2036/2036 2038/2038
f 1724/1724 2038/2038 1801/1801
f 1801/1801 2038/2038 2050/2050
f 1801/1801 2050/2050 1802/1802
f 1802/1802 2050/2050 1803/1803
f 1802/1802 1803/1803 1804/1804
f 1804/1804 1803/1803 2009/2009
f 1804/1804 2009/2009 1806/1806
f 1808/1808 1804/1804 1806/1806
f 1808/1808 1806/1806 1807/1807
f 1811/1811 1808/1808 1807/1807
f 1811/1811 1807/1807 1809/1809
f 1928/1928 1811/1811 1809/1809
f 1928/1928 1809/1809 1817/1817
f 1926/1926 1794/1794 1811/1811
f 1926/1926 1811/1811 1928/1928
f 1925/1925 1793/1793 1794/1794
f 1925/1925 1794/1794 1926/1926
f 1812/1812 1814/1814 1816/1816
f 1812/1812 1816/1816 1813/1813
f 1814/1814 1819/1819 1815/1815
f 1814/1814 1815/1815 1816/1816
f 1813/1813 1816/1816 1824/1824
f 1813/1813 1824/1824 1827/1827
f 1816/1816 1815/1815 1820/1820
f 1816/1816 1820/1820 1824/1824
f 1817/1817 1810/1810 1812/1812
f 1817/1817 1812/1812 1885/1885
f 1810/1810 1807/1807 1814/1814
f 1810/1810 1814/1814 1812/1812
f 1807/1807 1805/1805 1819/1819
f 1807/1807 1819/1819 1814/1814
f 1805/1805 2008/2008 1818/1818
f 1805/1805 1818/1818 1819/1819
f 1819/1819 1818/1818 2030/2030
f 1819/1819 2030/2030 1815/1815
f 1815/1815 2030/2030 1821/1821
f 1815/1815 1821/1821 1820/1820
f 1820/1820 1821/1821 1822/1822
f 1820/1820 1822/1822 1823/1823
f 1824/1824 1820/1820 1823/1823
f 1824/1824 1823/1823 1825/1825
f 1827/1827 1824/1824 1825/1825
f 1827/1827 1825/1825 1781/1781
f 1826/1826 1827/1827 1781/1781
f 1826/1826 1781/1781 1889/1889
f 1887/1887 1813/1813 1827/1827
f 1887/1887 1827/1827 1826/1826
f 1885/1885 1812/1812 1813/1813
f 1885/1885 1813/1813 1887/1887
f 1834/1834 1828/1828 1830/1830
f 1834/1834 1830/1830 1829/1829
f 1828/1828 1838/1838 1839/1839
f 1828/1828 1839/1839 1830/1830
f 1829/1829 1830/1830 1831/1831
f 1829/1829 1831/1831 1842/1842
f 1830/1830 1839/1839 1841/1841
f 1830/1830 1841/1841 1831/1831
f 570/570 1833/1833 1834/1834
f 570/570 1834/1834 572/572
f 1833/1833 1990/1990 1828/1828
f 1833/1833 1828/1828 1834/1834
f 1990/1990 1988/1988 1838/1838
f 1990/1990 1838/1838 1828/1828
f 1988/1988 1836/1836 1837/1837
f 1988/1988 1837/1837 1838/1838
f 1838/1838 1837/1837 1840/1840
f 1838/1838 1840/1840 1839/1839
f 1839/1839 1840/1840 1914/1914
f 1839/1839 1914/1914 1841/1841
f 1841/1841 1914/1914 1866/1866
f 1841/1841 1866/1866 1854/1854
f 1831/1831 1841/1841 1854/1854
f 1831/1831 1854/1854 1851/1851
f 1842/1842 1831/1831 1851/1851
f 1842/1842 1851/1851 1850/1850
f 1843/1843 1842/1842 1850/1850
f 1843/1843 1850/1850 577/577
f 575/575 1829/1829 1842/1842
f 575/575 1842/1842 1843/1843
f 572/572 1834/1834 1829/1829
f 572/572 1829/1829 575/575
f 1860/1860 1853/1853 1846/1846
f 1860/1860 1846/1846 1861/1861
f 1853/1853 1856/1856 1845/1845
f 1853/1853 1845/1845 1846/1846
f 1861/1861 1846/1846 1848/1848
f 1861/1861 1848/1848 1847/1847
f 1846/1846 1845/1845 1859/1859
f 1846/1846 1859/1859 1848/1848
f 576/576 1849/1849 1860/1860
f 576/576 1860/1860 602/602
f 1849/1849 1852/1852 1853/1853
f 1849/1849 1853/1853 1860/1860
f 1852/1852 1855/1855 1856/1856
f 1852/1852 1856/1856 1853/1853
f 1855/1855 1865/1865 1878/1878
f 1855/1855 1878/1878 1856/1856
f 1856/1856 1878/1878 1857/1857
f 1856/1856 1857/1857 1845/1845
f 1845/1845 1857/1857 1858/1858
f 1845/1845 1858/1858 1859/1859
f 1859/1859 1858/1858 1946/1946
f 1859/1859 1946/1946 1688/1688
f 1848/1848 1859/1859 1688/1688
f 1848/1848 1688/1688 1686/1686
f 1847/1847 1848/1848 1686/1686
f 1847/1847 1686/1686 1683/1683
f 605/605 1847/1847 1683/1683
f 605/605 1683/1683 417/417
f 603/603 1861/1861 1847/1847
f 603/603 1847/1847 605/605
f 602/602 1860/1860 1861/1861
f 602/602 1861/1861 603/603
f 1879/1879 1871/1871 1862/1862
f 1879/1879 1862/1862 1877/1877
f 1871/1871 1872/1872 1863/1863
f 1871/1871 1863/1863 1862/1862
f 1877/1877 1862/1862 1864/1864
f 1877/1877 1864/1864 1875/1875
f 1862/1862 1863/1863 1873/1873
f 1862/1862 1873/1873 1864/1864
f 1865/1865 1867/1867 1879/1879
f 1865/1865 1879/1879 1878/1878
f 1867/1867 1870/1870 1871/1871
f 1867/1867 1871/1871 1879/1879
f 1870/1870 1911/1911 1872/1872
f 1870/1870 1872/1872 1871/1871
f 1911/1911 1909/1909 1883/1883
f 1911/1911 1883/1883 1872/1872
f 1872/1872 1883/1883 1896/1896
f 1872/1872 1896/1896 1863/1863
f 1863/1863 1896/1896 1892/1892
f 1863/1863 1892/1892 1873/1873
f 1873/1873 1892/1892 1964/1964
f 1873/1873 1964/1964 1874/1874
f 1864/1864 1873/1873 1874/1874
f 1864/1864 1874/1874 1948/1948
f 1875/1875 1864/1864 1948/1948
f 1875/1875 1948/1948 1876/1876
f 1858/1858 1875/1875 1876/1876
f 1858/1858 1876/1876 1946/1946
f 1857/1857 1877/1877 1875/1875
f 1857/1857 1875/1875 1858/1858
f 1878/1878 1879/1879 1877/1877
f 1878/1878 1877/1877 1857/1857
f 1884/1884 1880/1880 1882/1882
f 1884/1884 1882/1882 1895/1895
f 1880/1880 1886/1886 1881/1881
f 1880/1880 1881/1881 1882/1882
f 1895/1895 1882/1882 1891/1891
f 1895/1895 1891/1891 1893/1893
f 1882/1882 1881/1881 1888/1888
f 1882/1882 1888/1888 1891/1891
f 1909/1909 1936/1936 1884/1884
f 1909/1909 1884/1884 1883/1883
f 1936/1936 1934/1934 1880/1880
f 1936/1936 1880/1880 1884/1884
f 1934/1934 1930/1930 1886/1886
f 1934/1934 1886/1886 1880/1880
f 1930/1930 1817/1817 1885/1885
f 1930/1930 1885/1885 1886/1886
f 1886/1886 1885/1885 1887/1887
f 1886/1886 1887/1887 1881/1881
f 1881/1881 1887/1887 1826/1826
f 1881/1881 1826/1826 1888/1888
f 1888/1888 1826/1826 1889/1889
f 1888/1888 1889/1889 1890/1890
f 1891/1891 1888/1888 1890/1890
f 1891/1891 1890/1890 1966/1966
f 1893/1893 1891/1891 1966/1966
f 1893/1893 1966/1966 1894/1894
f 1892/1892 1893/1893 1894/1894
f 1892/1892 1894/1894 1964/1964
f 1896/1896 1895/1895 1893/1893
f 1896/1896 1893/1893 1892/1892
f 1883/1883 1884/1884 1895/1895
f 1883/1883 1895/1895 1896/1896
f 1903/1903 1906/1906 1898/1898
f 1903/1903 1898/1898 1897/1897
f 1906/1906 1908/1908 1899/1899
f 1906/1906 1899/1899 1898/1898
f 1897/1897 1898/1898 1913/1913
f 1897/1897 1913/1913 1915/1915
f 1898/1898 1899/1899 1900/1900
f 1898/1898 1900/1900 1913/1913
f 1836/1836 1902/1902 1903/1903
f 1836/1836 1903/1903 1837/1837
f 1902/1902 1905/1905 1906/1906
f 1902/1902 1906/1906 1903/1903
f 1905/1905 1738/1738 1908/1908
f 1905/1905 1908/1908 1906/1906
f 1738/1738 1922/1922 1907/1907
f 1738/1738 1907/1907 1908/1908
f 1908/1908 1907/1907 1938/1938
f 1908/1908 1938/1938 1899/1899
f 1899/1899 1938/1938 1937/1937
f 1899/1899 1937/1937 1900/1900
f 1900/1900 1937/1937 1910/1910
f 1900/1900 1910/1910 1912/1912
f 1913/1913 1900/1900 1912/1912
f 1913/1913 1912/1912 1869/1869
f 1915/1915 1913/1913 1869/1869
f 1915/1915 1869/1869 1868/1868
f 1914/1914 1915/1915 1868/1868
f 1914/1914 1868/1868 1866/1866
f 1840/1840 1897/1897 1915/1915
f 1840/1840 1915/1915 1914/1914
f 1837/1837 1903/1903 1897/1897
f 1837/1837 1897/1897 1840/1840
f 1939/1939 1917/1917 1916/1916
f 1939/1939 1916/1916 1919/1919
f 1917/1917 1918/1918 1920/1920
f 1917/1917 1920/1920 1916/1916
f 1919/1919 1916/1916 1929/1929
f 1919/1919 1929/1929 1932/1932
f 1916/1916 1920/1920 1927/1927
f 1916/1916 1927/1927 1929/1929
f 1922/1922 1740/1740 1939/1939
f 1922/1922 1939/1939 1907/1907
f 1740/1740 1735/1735 1917/1917
f 1740/1740 1917/1917 1939/1939
f 1735/1735 1733/1733 1918/1918
f 1735/1735 1918/1918 1917/1917
f 1733/1733 1924/1924 1925/1925
f 1733/1733 1925/1925 1918/1918
f 1918/1918 1925/1925 1926/1926
f 1918/1918 1926/1926 1920/1920
f 1920/1920 1926/1926 1928/1928
f 1920/1920 1928/1928 1927/1927
f 1927/1927 1928/1928 1817/1817
f 1927/1927 1817/1817 1931/1931
f 1929/1929 1927/1927 1931/1931
f 1929/1929 1931/1931 1933/1933
f 1932/1932 1929/1929 1933/1933
f 1932/1932 1933/1933 1935/1935
f 1937/1937 1932/1932 1935/1935
f 1937/1937 1935/1935 1910/1910
f 1938/1938 1919/1919 1932/1932
f 1938/1938 1932/1932 1937/1937
f 1907/1907 1939/1939 1919/1919
f 1907/1907 1919/1919 1938/1938
f 1957/1957 1940/1940 1941/1941
f 1957/1957 1941/1941 1958/1958
f 1940/1940 1949/1949 1944/1944
f 1940/1940 1944/1944 1941/1941
f 1958/1958 1941/1941 1942/1942
f 1958/1958 1942/1942 1943/1943
f 1941/1941 1944/1944 1945/1945
f 1941/1941 1945/1945 1942/1942
f 1946/1946 1876/1876 1957/1957
f 1946/1946 1957/1957 1947/1947
f 1876/1876 1948/1948 1940/1940
f 1876/1876 1940/1940 1957/1957
f 1948/1948 1874/1874 1949/1949
f 1948/1948 1949/1949 1940/1940
f 1874/1874 1964/1964 1976/1976
f 1874/1874 1976/1976 1949/1949
f 1949/1949 1976/1976 1950/1950
f 1949/1949 1950/1950 1944/1944
f 1944/1944 1950/1950 1951/1951
f 1944/1944 1951/1951 1945/1945
f 1945/1945 1951/1951 1953/1953
f 1945/1945 1953/1953 1955/1955
f 1942/1942 1945/1945 1955/1955
f 1942/1942 1955/1955 2136/2136
f 1943/1943 1942/1942 2136/2136
f 1943/1943 2136/2136 2133/2133
f 1956/1956 1943/1943 2133/2133
f 1956/1956 2133/2133 2130/2130
f 1959/1959 1958/1958 1943/1943
f 1959/1959 1943/1943 1956/1956
f 1947/1947 1957/1957 1958/1958
f 1947/1947 1958/1958 1959/1959
f 1977/1977 1965/1965 1960/1960
f 1977/1977 1960/1960 1974/1974
f 1965/1965 1967/1967 1962/1962
f 1965/1965 1962/1962 1960/1960
f 1974/1974 1960/1960 1961/1961
f 1974/1974 1961/1961 1975/1975
f 1960/1960 1962/1962 1963/1963
f 1960/1960 1963/1963 1961/1961
f 1964/1964 1894/1894 1977/1977
f 1964/1964 1977/1977 1976/1976
f 1894/1894 1966/1966 1965/1965
f 1894/1894 1965/1965 1977/1977
f 1966/1966 1890/1890 1967/1967
f 1966/1966 1967/1967 1965/1965
f 1890/1890 1889/1889 1792/1792
f 1890/1890 1792/1792 1967/1967
f 1967/1967 1792/1792 1968/1968
f 1967/1967 1968/1968 1962/1962
f 1962/1962 1968/1968 1969/1969
f 1962/1962 1969/1969 1963/1963
f 1963/1963 1969/1969 1971/1971
f 1963/1963 1971/1971 1973/1973
f 1961/1961 1963/1963 1973/1973
f 1961/1961 1973/1973 2145/2145
f 1975/1975 1961/1961 2145/2145
f 1975/1975 2145/2145 2143/2143
f 1951/1951 1975/1975 2143/2143
f 1951/1951 2143/2143 1953/1953
f 1950/1950 1974/1974 1975/1975
f 1950/1950 1975/1975 1951/1951
f 1976/1976 1977/1977 1974/1974
f 1976/1976 1974/1974 1950/1950
f 4255/4255 4254/4254 4481/4481
f 4255/4255 4481/4481 4259/4259
f 3012/3012 3030/3030 3009/3009
f 3012/3012 3009/3009 499/499
f 3249/3249 3242/3242 3024/3024
f 3249/3249 3024/3024 3027/3027
f 4256/4256 4273/4273 4254/4254
f 4256/4256 4254/4254 4255/4255
f 3030/3030 3240/3240 3007/3007
f 3030/3030 3007/3007 3009/3009
f 2000/2000 1986/1986 1981/1981
f 2000/2000 1981/1981 2001/2001
f 1986/1986 1985/1985 1982/1982
f 1986/1986 1982/1982 1981/1981
f 4484/4484 4482/4482 4487/4487
f 4484/4484 4487/4487 4483/4483
f 1981/1981 1982/1982 1991/1991
f 1981/1981 1991/1991 1983/1983
f 1716/1716 1719/1719 2000/2000
f 1716/1716 2000/2000 1979/1979
f 1719/1719 1743/1743 1986/1986
f 1719/1719 1986/1986 2000/2000
f 1743/1743 1984/1984 1985/1985
f 1743/1743 1985/1985 1986/1986
f 1984/1984 1835/1835 1987/1987
f 1984/1984 1987/1987 1985/1985
f 1985/1985 1987/1987 1989/1989
f 1985/1985 1989/1989 1982/1982
f 1982/1982 1989/1989 1832/1832
f 1982/1982 1832/1832 1991/1991
f 1991/1991 1832/1832 568/568
f 1991/1991 568/568 1993/1993
f 1992/1992 739/739 733/733
f 1992/1992 733/733 1994/1994
f 1994/1994 733/733 738/738
f 1994/1994 738/738 1997/1997
f 3256/3256 4489/4489 3255/3255
f 3256/3256 3255/3255 3247/3247
f 4487/4487 4486/4486 4477/4477
f 4487/4487 4477/4477 4475/4475
f 2012/2012 2002/2002 2004/2004
f 2012/2012 2004/2004 2005/2005
f 2002/2002 2015/2015 2003/2003
f 2002/2002 2003/2003 2004/2004
f 2005/2005 2004/2004 2027/2027
f 2005/2005 2027/2027 2006/2006
f 2004/2004 2003/2003 2007/2007
f 2004/2004 2007/2007 2027/2027
f 2008/2008 2011/2011 2012/2012
f 2008/2008 2012/2012 1818/1818
f 2011/2011 2014/2014 2002/2002
f 2011/2011 2002/2002 2012/2012
f 2014/2014 2047/2047 2015/2015
f 2014/2014 2015/2015 2002/2002
f 2047/2047 2016/2016 2021/2021
f 2047/2047 2021/2021 2015/2015
f 2015/2015 2021/2021 2023/2023
f 2015/2015 2023/2023 2003/2003
f 2003/2003 2023/2023 2024/2024
f 2003/2003 2024/2024 2007/2007
f 2007/2007 2024/2024 2058/2058
f 2007/2007 2058/2058 2026/2026
f 2027/2027 2007/2007 2026/2026
f 2027/2027 2026/2026 2028/2028
f 2006/2006 2027/2027 2028/2028
f 2006/2006 2028/2028 2029/2029
f 1821/1821 2006/2006 2029/2029
f 1821/1821 2029/2029 1822/1822
f 2030/2030 2005/2005 2006/2006
f 2030/2030 2006/2006 1821/1821
f 1818/1818 2012/2012 2005/2005
f 1818/1818 2005/2005 2030/2030
f 2037/2037 2031/2031 2033/2033
f 2037/2037 2033/2033 2032/2032
f 2031/2031 2041/2041 2044/2044
f 2031/2031 2044/2044 2033/2033
f 2032/2032 2033/2033 2034/2034
f 2032/2032 2034/2034 2049/2049
f 2033/2033 2044/2044 2046/2046
f 2033/2033 2046/2046 2034/2034
f 2036/2036 1765/1765 2037/2037
f 2036/2036 2037/2037 2038/2038
f 1765/1765 1763/1763 2031/2031
f 1765/1765 2031/2031 2037/2037
f 1763/1763 2040/2040 2041/2041
f 1763/1763 2041/2041 2031/2031
f 2040/2040 4531/4531 2043/2043
f 2040/2040 2043/2043 2041/2041
f 2041/2041 2043/2043 4526/4526
f 2041/2041 4526/4526 2044/2044
f 2044/2044 4526/4526 2045/2045
f 2044/2044 2045/2045 2046/2046
f 2046/2046 2045/2045 2019/2019
f 2046/2046 2019/2019 2048/2048
f 2034/2034 2046/2046 2048/2048
f 2034/2034 2048/2048 2013/2013
f 2049/2049 2034/2034 2013/2013
f 2049/2049 2013/2013 2010/2010
f 1803/1803 2049/2049 2010/2010
f 1803/1803 2010/2010 2009/2009
f 2050/2050 2032/2032 2049/2049
f 2050/2050 2049/2049 1803/1803
f 2038/2038 2037/2037 2032/2032
f 2038/2038 2032/2032 2050/2050
f 2051/2051 2052/2052 2053/2053
f 2051/2051 2053/2053 2069/2069
f 2052/2052 2054/2054 2063/2063
f 2052/2052 2063/2063 2053/2053
f 2069/2069 2053/2053 2055/2055
f 2069/2069 2055/2055 2070/2070
f 2053/2053 2063/2063 2064/2064
f 2053/2053 2064/2064 2055/2055
f 1822/1822 2029/2029 2051/2051
f 1822/1822 2051/2051 2056/2056
f 2029/2029 2028/2028 2052/2052
f 2029/2029 2052/2052 2051/2051
f 2028/2028 2026/2026 2054/2054
f 2028/2028 2054/2054 2052/2052
f 2026/2026 2058/2058 2060/2060
f 2026/2026 2060/2060 2054/2054
f 2054/2054 2060/2060 2062/2062
f 2054/2054 2062/2062 2063/2063
f 2063/2063 2062/2062 2065/2065
f 2063/2063 2065/2065 2064/2064
f 2064/2064 2065/2065 4564/4564
f 2064/2064 4564/4564 2085/2085
f 2055/2055 2064/2064 2085/2085
f 2055/2055 2085/2085 2082/2082
f 2070/2070 2055/2055 2082/2082
f 2070/2070 2082/2082 2079/2079
f 1785/1785 2070/2070 2079/2079
f 1785/1785 2079/2079 2068/2068
f 2071/2071 2069/2069 2070/2070
f 2071/2071 2070/2070 1785/1785
f 2056/2056 2051/2051 2069/2069
f 2056/2056 2069/2069 2071/2071
f 2075/2075 2072/2072 2074/2074
f 2075/2075 2074/2074 2092/2092
f 2072/2072 2080/2080 2073/2073
f 2072/2072 2073/2073 2074/2074
f 2092/2092 2074/2074 2086/2086
f 2092/2092 2086/2086 2091/2091
f 2074/2074 2073/2073 2083/2083
f 2074/2074 2083/2083 2086/2086
f 2280/2280 2076/2076 2075/2075
f 2280/2280 2075/2075 2283/2283
f 2076/2076 2077/2077 2072/2072
f 2076/2076 2072/2072 2075/2075
f 2077/2077 1708/1708 2080/2080
f 2077/2077 2080/2080 2072/2072
f 1708/1708 2067/2067 2078/2078
f 1708/1708 2078/2078 2080/2080
f 2080/2080 2078/2078 2081/2081
f 2080/2080 2081/2081 2073/2073
f 2073/2073 2081/2081 2084/2084
f 2073/2073 2084/2084 2083/2083
f 2083/2083 2084/2084 4563/4563
f 2083/2083 4563/4563 2087/2087
f 2086/2086 2083/2083 2087/2087
f 2086/2086 2087/2087 2088/2088
f 2091/2091 2086/2086 2088/2088
f 2091/2091 2088/2088 2089/2089
f 2284/2284 2091/2091 2089/2089
f 2284/2284 2089/2089 2267/2267
f 2282/2282 2092/2092 2091/2091
f 2282/2282 2091/2091 2284/2284
f 2283/2283 2075/2075 2092/2092
f 2283/2283 2092/2092 2282/2282
f 2102/2102 2093/2093 2097/2097
f 2102/2102 2097/2097 2094/2094
f 2093/2093 2095/2095 2096/2096
f 2093/2093 2096/2096 2097/2097
f 2094/2094 2097/2097 2098/2098
f 2094/2094 2098/2098 2107/2107
f 2097/2097 2096/2096 2104/2104
f 2097/2097 2104/2104 2098/2098
f 2129/2129 2099/2099 2102/2102
f 2129/2129 2102/2102 2100/2100
f 2099/2099 2128/2128 2093/2093
f 2099/2099 2093/2093 2102/2102
f 2128/2128 2125/2125 2095/2095
f 2128/2128 2095/2095 2093/2093
f 2125/2125 2124/2124 2103/2103
f 2125/2125 2103/2103 2095/2095
f 2095/2095 2103/2103 2375/2375
f 2095/2095 2375/2375 2096/2096
f 2096/2096 2375/2375 2376/2376
f 2096/2096 2376/2376 2104/2104
f 2104/2104 2376/2376 2373/2373
f 2104/2104 2373/2373 841/841
f 2098/2098 2104/2104 841/841
f 2098/2098 841/841 839/839
f 2107/2107 2098/2098 839/839
f 2107/2107 839/839 837/837
f 2105/2105 2107/2107 837/837
f 2105/2105 837/837 834/834
f 1691/1691 2094/2094 2107/2107
f 1691/1691 2107/2107 2105/2105
f 2100/2100 2102/2102 2094/2094
f 2100/2100 2094/2094 1691/1691
f 2134/2134 2114/2114 2108/2108
f 2134/2134 2108/2108 2131/2131
f 2114/2114 2117/2117 2109/2109
f 2114/2114 2109/2109 2108/2108
f 2131/2131 2108/2108 2110/2110
f 2131/2131 2110/2110 2127/2127
f 2108/2108 2109/2109 2126/2126
f 2108/2108 2126/2126 2110/2110
f 1952/1952 2111/2111 2134/2134
f 1952/1952 2134/2134 1954/1954
f 2111/2111 2113/2113 2114/2114
f 2111/2111 2114/2114 2134/2134
f 2113/2113 2115/2115 2117/2117
f 2113/2113 2117/2117 2114/2114
f 2115/2115 2116/2116 2118/2118
f 2115/2115 2118/2118 2117/2117
f 2117/2117 2118/2118 2121/2121
f 2117/2117 2121/2121 2109/2109
f 2109/2109 2121/2121 2122/2122
f 2109/2109 2122/2122 2126/2126
f 2126/2126 2122/2122 2124/2124
f 2126/2126 2124/2124 2125/2125
f 2110/2110 2126/2126 2125/2125
f 2110/2110 2125/2125 2128/2128
f 2127/2127 2110/2110 2128/2128
f 2127/2127 2128/2128 2099/2099
f 2132/2132 2127/2127 2099/2099
f 2132/2132 2099/2099 2129/2129
f 2135/2135 2131/2131 2127/2127
f 2135/2135 2127/2127 2132/2132
f 1954/1954 2134/2134 2131/2131
f 1954/1954 2131/2131 2135/2135
f 2137/2137 2146/2146 2139/2139
f 2137/2137 2139/2139 2138/2138
f 2146/2146 2148/2148 2140/2140
f 2146/2146 2140/2140 2139/2139
f 2138/2138 2139/2139 2151/2151
f 2138/2138 2151/2151 2152/2152
f 2139/2139 2140/2140 2141/2141
f 2139/2139 2141/2141 2151/2151
f 1952/1952 2142/2142 2137/2137
f 1952/1952 2137/2137 2112/2112
f 2142/2142 2144/2144 2146/2146
f 2142/2142 2146/2146 2137/2137
f 2144/2144 1972/1972 2148/2148
f 2144/2144 2148/2148 2146/2146
f 1972/1972 1970/1970 2147/2147
f 1972/1972 2147/2147 2148/2148
f 2148/2148 2147/2147 1700/1700
f 2148/2148 1700/1700 2140/2140
f 2140/2140 1700/1700 1698/1698
f 2140/2140 1698/1698 2141/2141
f 2141/2141 1698/1698 1697/1697
f 2141/2141 1697/1697 2150/2150
f 2151/2151 2141/2141 2150/2150
f 2151/2151 2150/2150 2153/2153
f 2152/2152 2151/2151 2153/2153
f 2152/2152 2153/2153 2156/2156
f 2115/2115 2152/2152 2156/2156
f 2115/2115 2156/2156 2116/2116
f 2113/2113 2138/2138 2152/2152
f 2113/2113 2152/2152 2115/2115
f 2112/2112 2137/2137 2138/2138
f 2112/2112 2138/2138 2113/2113
f 2167/2167 2159/2159 2158/2158
f 2167/2167 2158/2158 2165/2165
f 2159/2159 2162/2162 2157/2157
f 2159/2159 2157/2157 2158/2158
f 2165/2165 2158/2158 2164/2164
f 2165/2165 2164/2164 2166/2166
f 2158/2158 2157/2157 2163/2163
f 2158/2158 2163/2163 2164/2164
f 2280/2280 2329/2329 2167/2167
f 2280/2280 2167/2167 1710/1710
f 2329/2329 2331/2331 2159/2159
f 2329/2329 2159/2159 2167/2167
f 2331/2331 2160/2160 2162/2162
f 2331/2331 2162/2162 2159/2159
f 2160/2160 2124/2124 2123/2123
f 2160/2160 2123/2123 2162/2162
f 2162/2162 2123/2123 2120/2120
f 2162/2162 2120/2120 2157/2157
f 2157/2157 2120/2120 2119/2119
f 2157/2157 2119/2119 2163/2163
f 2163/2163 2119/2119 2116/2116
f 2163/2163 2116/2116 2155/2155
f 2164/2164 2163/2163 2155/2155
f 2164/2164 2155/2155 2154/2154
f 2166/2166 2164/2164 2154/2154
f 2166/2166 2154/2154 2149/2149
f 1712/1712 2166/2166 2149/2149
f 1712/1712 2149/2149 1697/1697
f 2168/2168 2165/2165 2166/2166
f 2168/2168 2166/2166 1712/1712
f 1710/1710 2167/2167 2165/2165
f 1710/1710 2165/2165 2168/2168
f 2188/2188 2169/2169 2170/2170
f 2188/2188 2170/2170 2186/2186
f 2169/2169 2178/2178 2179/2179
f 2169/2169 2179/2179 2170/2170
f 2186/2186 2170/2170 2171/2171
f 2186/2186 2171/2171 2187/2187
f 2170/2170 2179/2179 2180/2180
f 2170/2170 2180/2180 2171/2171
f 2172/2172 2226/2226 2188/2188
f 2172/2172 2188/2188 2174/2174
f 2226/2226 2175/2175 2169/2169
f 2226/2226 2169/2169 2188/2188
f 2175/2175 2224/2224 2178/2178
f 2175/2175 2178/2178 2169/2169
f 2224/2224 2222/2222 2176/2176
f 2224/2224 2176/2176 2178/2178
f 2178/2178 2176/2176 1327/1327
f 2178/2178 1327/1327 2179/2179
f 2179/2179 1327/1327 2181/2181
f 2179/2179 2181/2181 2180/2180
f 2180/2180 2181/2181 63/63
f 2180/2180 63/63 924/924
f 2171/2171 2180/2180 924/924
f 2171/2171 924/924 2183/2183
f 2187/2187 2171/2171 2183/2183
f 2187/2187 2183/2183 2184/2184
f 2369/2369 2187/2187 2184/2184
f 2369/2369 2184/2184 2371/2371
f 2189/2189 2186/2186 2187/2187
f 2189/2189 2187/2187 2369/2369
f 2174/2174 2188/2188 2186/2186
f 2174/2174 2186/2186 2189/2189
f 2197/2197 2191/2191 2194/2194
f 2197/2197 2194/2194 2205/2205
f 2191/2191 2192/2192 2193/2193
f 2191/2191 2193/2193 2194/2194
f 2205/2205 2194/2194 2195/2195
f 2205/2205 2195/2195 2206/2206
f 2194/2194 2193/2193 2196/2196
f 2194/2194 2196/2196 2195/2195
f 2354/2354 2351/2351 2197/2197
f 2354/2354 2197/2197 2198/2198
f 2351/2351 2350/2350 2191/2191
f 2351/2351 2191/2191 2197/2197
f 2350/2350 2346/2346 2192/2192
f 2350/2350 2192/2192 2191/2191
f 2346/2346 2344/2344 2258/2258
f 2346/2346 2258/2258 2192/2192
f 2192/2192 2258/2258 2200/2200
f 2192/2192 2200/2200 2193/2193
f 2193/2193 2200/2200 2256/2256
f 2193/2193 2256/2256 2196/2196
f 2196/2196 2256/2256 2253/2253
f 2196/2196 2253/2253 2201/2201
f 2195/2195 2196/2196 2201/2201
f 2195/2195 2201/2201 2203/2203
f 2206/2206 2195/2195 2203/2203
f 2206/2206 2203/2203 1367/1367
f 2212/2212 2206/2206 1367/1367
f 2212/2212 1367/1367 2214/2214
f 2209/2209 2205/2205 2206/2206
f 2209/2209 2206/2206 2212/2212
f 2198/2198 2197/2197 2205/2205
f 2198/2198 2205/2205 2209/2209
f 2228/2228 2207/2207 2208/2208
f 2228/2228 2208/2208 2229/2229
f 2207/2207 2210/2210 2220/2220
f 2207/2207 2220/2220 2208/2208
f 2229/2229 2208/2208 2225/2225
f 2229/2229 2225/2225 2227/2227
f 2208/2208 2220/2220 2221/2221
f 2208/2208 2221/2221 2225/2225
f 2353/2353 2199/2199 2228/2228
f 2353/2353 2228/2228 2321/2321
f 2199/2199 2209/2209 2207/2207
f 2199/2199 2207/2207 2228/2228
f 2209/2209 2211/2211 2210/2210
f 2209/2209 2210/2210 2207/2207
f 2211/2211 2213/2213 2216/2216
f 2211/2211 2216/2216 2210/2210
f 2210/2210 2216/2216 2218/2218
f 2210/2210 2218/2218 2220/2220
f 2220/2220 2218/2218 1349/1349
f 2220/2220 1349/1349 2221/2221
f 2221/2221 1349/1349 2222/2222
f 2221/2221 2222/2222 2224/2224
f 2225/2225 2221/2221 2224/2224
f 2225/2225 2224/2224 2175/2175
f 2227/2227 2225/2225 2175/2175
f 2227/2227 2175/2175 2226/2226
f 2325/2325 2227/2227 2226/2226
f 2325/2325 2226/2226 2172/2172
f 2231/2231 2229/2229 2227/2227
f 2231/2231 2227/2227 2325/2325
f 2321/2321 2228/2228 2229/2229
f 2321/2321 2229/2229 2231/2231
f 2240/2240 2243/2243 2233/2233
f 2240/2240 2233/2233 2259/2259
f 2243/2243 2249/2249 2250/2250
f 2243/2243 2250/2250 2233/2233
f 2259/2259 2233/2233 2235/2235
f 2259/2259 2235/2235 2232/2232
f 2233/2233 2250/2250 2234/2234
f 2233/2233 2234/2234 2235/2235
f 2296/2296 2238/2238 2240/2240
f 2296/2296 2240/2240 2236/2236
f 2238/2238 2241/2241 2243/2243
f 2238/2238 2243/2243 2240/2240
f 2241/2241 4731/4731 2249/2249
f 2241/2241 2249/2249 2243/2243
f 4731/4731 2246/2246 2248/2248
f 4731/4731 2248/2248 2249/2249
f 2249/2249 2248/2248 2251/2251
f 2249/2249 2251/2251 2250/2250
f 2250/2250 2251/2251 1385/1385
f 2250/2250 1385/1385 2234/2234
f 2234/2234 1385/1385 2253/2253
f 2234/2234 2253/2253 2255/2255
f 2235/2235 2234/2234 2255/2255
f 2235/2235 2255/2255 2200/2200
f 2232/2232 2235/2235 2200/2200
f 2232/2232 2200/2200 2257/2257
f 2301/2301 2232/2232 2257/2257
f 2301/2301 2257/2257 2344/2344
f 2261/2261 2259/2259 2232/2232
f 2261/2261 2232/2232 2301/2301
f 2236/2236 2240/2240 2259/2259
f 2236/2236 2259/2259 2261/2261
f 2272/2272 2274/2274 2265/2265
f 2272/2272 2265/2265 2263/2263
f 2274/2274 2273/2273 2262/2262
f 2274/2274 2262/2262 2265/2265
f 2263/2263 2265/2265 2266/2266
f 2263/2263 2266/2266 2264/2264
f 2265/2265 2262/2262 2277/2277
f 2265/2265 2277/2277 2266/2266
f 2268/2268 2269/2269 2272/2272
f 2268/2268 2272/2272 2285/2285
f 2269/2269 2271/2271 2274/2274
f 2269/2269 2274/2274 2272/2272
f 2271/2271 2276/2276 2273/2273
f 2271/2271 2273/2273 2274/2274
f 2276/2276 4752/4752 2308/2308
f 2276/2276 2308/2308 2273/2273
f 2273/2273 2308/2308 2310/2310
f 2273/2273 2310/2310 2262/2262
f 2262/2262 2310/2310 2307/2307
f 2262/2262 2307/2307 2277/2277
f 2277/2277 2307/2307 2278/2278
f 2277/2277 2278/2278 2339/2339
f 2266/2266 2277/2277 2339/2339
f 2266/2266 2339/2339 2279/2279
f 2264/2264 2266/2266 2279/2279
f 2264/2264 2279/2279 2337/2337
f 2283/2283 2264/2264 2337/2337
f 2283/2283 2337/2337 2280/2280
f 2281/2281 2263/2263 2264/2264
f 2281/2281 2264/2264 2283/2283
f 2285/2285 2272/2272 2263/2263
f 2285/2285 2263/2263 2281/2281
f 2309/2309 2287/2287 2286/2286
f 2309/2309 2286/2286 2288/2288
f 2287/2287 2298/2298 2299/2299
f 2287/2287 2299/2299 2286/2286
f 2288/2288 2286/2286 2304/2304
f 2288/2288 2304/2304 2303/2303
f 2286/2286 2299/2299 2300/2300
f 2286/2286 2300/2300 2304/2304
f 4752/4752 2290/2290 2309/2309
f 4752/4752 2309/2309 2308/2308
f 2290/2290 2291/2291 2287/2287
f 2290/2290 2287/2287 2309/2309
f 2291/2291 2292/2292 2298/2298
f 2291/2291 2298/2298 2287/2287
f 2292/2292 2295/2295 2237/2237
f 2292/2292 2237/2237 2298/2298
f 2298/2298 2237/2237 2260/2260
f 2298/2298 2260/2260 2299/2299
f 2299/2299 2260/2260 2302/2302
f 2299/2299 2302/2302 2300/2300
f 2300/2300 2302/2302 2345/2345
f 2300/2300 2345/2345 2343/2343
f 2304/2304 2300/2300 2343/2343
f 2304/2304 2343/2343 2305/2305
f 2303/2303 2304/2304 2305/2305
f 2303/2303 2305/2305 2340/2340
f 2307/2307 2303/2303 2340/2340
f 2307/2307 2340/2340 2278/2278
f 2310/2310 2288/2288 2303/2303
f 2310/2310 2303/2303 2307/2307
f 2308/2308 2309/2309 2288/2288
f 2308/2308 2288/2288 2310/2310
f 2311/2311 2320/2320 2313/2313
f 2311/2311 2313/2313 2312/2312
f 2320/2320 2319/2319 2323/2323
f 2320/2320 2323/2323 2313/2313
f 2312/2312 2313/2313 2314/2314
f 2312/2312 2314/2314 2328/2328
f 2313/2313 2323/2323 2326/2326
f 2313/2313 2326/2326 2314/2314
f 2280/2280 2356/2356 2311/2311
f 2280/2280 2311/2311 2330/2330
f 2356/2356 2315/2315 2320/2320
f 2356/2356 2320/2320 2311/2311
f 2315/2315 2318/2318 2319/2319
f 2315/2315 2319/2319 2320/2320
f 2318/2318 2352/2352 2322/2322
f 2318/2318 2322/2322 2319/2319
f 2319/2319 2322/2322 2230/2230
f 2319/2319 2230/2230 2323/2323
f 2323/2323 2230/2230 2324/2324
f 2323/2323 2324/2324 2326/2326
f 2326/2326 2324/2324 2172/2172
f 2326/2326 2172/2172 2367/2367
f 2314/2314 2326/2326 2367/2367
f 2314/2314 2367/2367 2366/2366
f 2328/2328 2314/2314 2366/2366
f 2328/2328 2366/2366 2327/2327
f 2161/2161 2328/2328 2327/2327
f 2161/2161 2327/2327 2124/2124
f 2331/2331 2312/2312 2328/2328
f 2331/2331 2328/2328 2161/2161
f 2330/2330 2311/2311 2312/2312
f 2330/2330 2312/2312 2331/2331
f 2332/2332 2338/2338 2334/2334
f 2332/2332 2334/2334 2357/2357
f 2338/2338 2333/2333 2342/2342
f 2338/2338 2342/2342 2334/2334
f 2357/2357 2334/2334 2335/2335
f 2357/2357 2335/2335 2336/2336
f 2334/2334 2342/2342 2348/2348
f 2334/2334 2348/2348 2335/2335
f 2280/2280 2337/2337 2332/2332
f 2280/2280 2332/2332 2355/2355
f 2337/2337 2279/2279 2338/2338
f 2337/2337 2338/2338 2332/2332
f 2279/2279 2339/2339 2333/2333
f 2279/2279 2333/2333 2338/2338
f 2339/2339 2278/2278 2341/2341
f 2339/2339 2341/2341 2333/2333
f 2333/2333 2341/2341 2306/2306
f 2333/2333 2306/2306 2342/2342
f 2342/2342 2306/2306 2343/2343
f 2342/2342 2343/2343 2348/2348
f 2348/2348 2343/2343 2344/2344
f 2348/2348 2344/2344 2347/2347
f 2335/2335 2348/2348 2347/2347
f 2335/2335 2347/2347 2349/2349
f 2336/2336 2335/2335 2349/2349
f 2336/2336 2349/2349 2351/2351
f 2317/2317 2336/2336 2351/2351
f 2317/2317 2351/2351 2352/2352
f 2316/2316 2357/2357 2336/2336
f 2316/2316 2336/2336 2317/2317
f 2355/2355 2332/2332 2357/2357
f 2355/2355 2357/2357 2316/2316
f 2365/2365 2359/2359 2362/2362
f 2365/2365 2362/2362 2358/2358
f 2359/2359 2360/2360 2361/2361
f 2359/2359 2361/2361 2362/2362
f 2358/2358 2362/2362 2372/2372
f 2358/2358 2372/2372 2363/2363
f 2362/2362 2361/2361 2364/2364
f 2362/2362 2364/2364 2372/2372
f 2124/2124 2327/2327 2365/2365
f 2124/2124 2365/2365 2103/2103
f 2327/2327 2366/2366 2359/2359
f 2327/2327 2359/2359 2365/2365
f 2366/2366 2367/2367 2360/2360
f 2366/2366 2360/2360 2359/2359
f 2367/2367 2172/2172 2173/2173
f 2367/2367 2173/2173 2360/2360
f 2360/2360 2173/2173 2190/2190
f 2360/2360 2190/2190 2361/2361
f 2361/2361 2190/2190 2368/2368
f 2361/2361 2368/2368 2364/2364
f 2364/2364 2368/2368 2371/2371
f 2364/2364 2371/2371 1105/1105
f 2372/2372 2364/2364 1105/1105
f 2372/2372 1105/1105 1104/1104
f 2363/2363 2372/2372 1104/1104
f 2363/2363 1104/1104 1101/1101
f 2376/2376 2363/2363 1101/1101
f 2376/2376 1101/1101 2373/2373
f 2375/2375 2358/2358 2363/2363
f 2375/2375 2363/2363 2376/2376
f 2103/2103 2365/2365 2358/2358
f 2103/2103 2358/2358 2375/2375
f 2377/2377 2378/2378 2379/2379
f 2377/2377 2379/2379 2380/2380
f 2378/2378 2381/2381 2382/2382
f 2378/2378 2382/2382 2379/2379
f 2380/2380 2379/2379 2383/2383
f 2380/2380 2383/2383 2384/2384
f 2379/2379 2382/2382 2385/2385
f 2379/2379 2385/2385 2383/2383
f 2386/2386 4840/4840 2377/2377
f 2386/2386 2377/2377 2450/2450
f 4840/4840 2388/2388 2378/2378
f 4840/4840 2378/2378 2377/2377
f 2388/2388 4846/4846 2381/2381
f 2388/2388 2381/2381 2378/2378
f 4846/4846 4169/4169 1674/1674
f 4846/4846 1674/1674 2381/2381
f 2381/2381 1674/1674 1677/1677
f 2381/2381 1677/1677 2382/2382
f 2382/2382 1677/1677 1676/1676
f 2382/2382 1676/1676 2385/2385
f 2385/2385 1676/1676 1654/1654
f 2385/2385 1654/1654 2389/2389
f 2383/2383 2385/2385 2389/2389
f 2383/2383 2389/2389 2390/2390
f 2384/2384 2383/2383 2390/2390
f 2384/2384 2390/2390 2391/2391
f 2392/2392 2384/2384 2391/2391
f 2392/2392 2391/2391 1314/1314
f 2393/2393 2380/2380 2384/2384
f 2393/2393 2384/2384 2392/2392
f 2450/2450 2377/2377 2380/2380
f 2450/2450 2380/2380 2393/2393
f 2394/2394 2395/2395 2396/2396
f 2394/2394 2396/2396 2397/2397
f 2395/2395 2398/2398 2399/2399
f 2395/2395 2399/2399 2396/2396
f 2397/2397 2396/2396 2400/2400
f 2397/2397 2400/2400 2401/2401
f 2396/2396 2399/2399 2402/2402
f 2396/2396 2402/2402 2400/2400
f 1314/1314 2391/2391 2394/2394
f 1314/1314 2394/2394 1315/1315
f 2391/2391 2390/2390 2395/2395
f 2391/2391 2395/2395 2394/2394
f 2390/2390 2389/2389 2398/2398
f 2390/2390 2398/2398 2395/2395
f 2389/2389 1654/1654 1656/1656
f 2389/2389 1656/1656 2398/2398
f 2398/2398 1656/1656 1664/1664
f 2398/2398 1664/1664 2399/2399
f 2399/2399 1664/1664 1663/1663
f 2399/2399 1663/1663 2402/2402
f 2402/2402 1663/1663 1632/1632
f 2402/2402 1632/1632 2403/2403
f 2400/2400 2402/2402 2403/2403
f 2400/2400 2403/2403 2404/2404
f 2401/2401 2400/2400 2404/2404
f 2401/2401 2404/2404 2405/2405
f 1316/1316 2401/2401 2405/2405
f 1316/1316 2405/2405 1295/1295
f 2406/2406 2397/2397 2401/2401
f 2406/2406 2401/2401 1316/1316
f 1315/1315 2394/2394 2397/2397
f 1315/1315 2397/2397 2406/2406
f 2407/2407 2408/2408 2409/2409
f 2407/2407 2409/2409 2410/2410
f 2408/2408 2411/2411 2412/2412
f 2408/2408 2412/2412 2409/2409
f 2410/2410 2409/2409 2413/2413
f 2410/2410 2413/2413 2414/2414
f 2409/2409 2412/2412 2415/2415
f 2409/2409 2415/2415 2413/2413
f 1295/1295 2405/2405 2407/2407
f 1295/1295 2407/2407 1296/1296
f 2405/2405 2404/2404 2408/2408
f 2405/2405 2408/2408 2407/2407
f 2404/2404 2403/2403 2411/2411
f 2404/2404 2411/2411 2408/2408
f 2403/2403 1632/1632 1634/1634
f 2403/2403 1634/1634 2411/2411
f 2411/2411 1634/1634 1644/1644
f 2411/2411 1644/1644 2412/2412
f 2412/2412 1644/1644 1643/1643
f 2412/2412 1643/1643 2415/2415
f 2415/2415 1643/1643 1609/1609
f 2415/2415 1609/1609 2416/2416
f 2413/2413 2415/2415 2416/2416
f 2413/2413 2416/2416 2417/2417
f 2414/2414 2413/2413 2417/2417
f 2414/2414 2417/2417 2418/2418
f 2419/2419 2414/2414 2418/2418
f 2419/2419 2418/2418 1271/1271
f 2421/2421 2410/2410 2414/2414
f 2421/2421 2414/2414 2419/2419
f 1296/1296 2407/2407 2410/2410
f 1296/1296 2410/2410 2421/2421
f 2423/2423 2424/2424 2425/2425
f 2423/2423 2425/2425 2426/2426
f 2424/2424 2427/2427 2428/2428
f 2424/2424 2428/2428 2425/2425
f 2426/2426 2425/2425 2429/2429
f 2426/2426 2429/2429 2430/2430
f 2425/2425 2428/2428 2431/2431
f 2425/2425 2431/2431 2429/2429
f 1271/1271 2418/2418 2423/2423
f 1271/1271 2423/2423 2432/2432
f 2418/2418 2417/2417 2424/2424
f 2418/2418 2424/2424 2423/2423
f 2417/2417 2416/2416 2427/2427
f 2417/2417 2427/2427 2424/2424
f 2416/2416 1609/1609 1611/1611
f 2416/2416 1611/1611 2427/2427
f 2427/2427 1611/1611 1622/1622
f 2427/2427 1622/1622 2428/2428
f 2428/2428 1622/1622 1621/1621
f 2428/2428 1621/1621 2431/2431
f 2431/2431 1621/1621 340/340
f 2431/2431 340/340 1183/1183
f 2429/2429 2431/2431 1183/1183
f 2429/2429 1183/1183 1182/1182
f 2430/2430 2429/2429 1182/1182
f 2430/2430 1182/1182 1180/1180
f 1275/1275 2430/2430 1180/1180
f 1275/1275 1180/1180 1178/1178
f 1273/1273 2426/2426 2430/2430
f 1273/1273 2430/2430 1275/1275
f 2432/2432 2423/2423 2426/2426
f 2432/2432 2426/2426 1273/1273
f 2434/2434 2435/2435 2436/2436
f 2434/2434 2436/2436 2437/2437
f 2435/2435 2438/2438 2439/2439
f 2435/2435 2439/2439 2436/2436
f 2437/2437 2436/2436 2440/2440
f 2437/2437 2440/2440 2441/2441
f 2436/2436 2439/2439 2442/2442
f 2436/2436 2442/2442 2440/2440
f 1310/1310 2443/2443 2434/2434
f 1310/1310 2434/2434 1311/1311
f 2443/2443 2444/2444 2435/2435
f 2443/2443 2435/2435 2434/2434
f 2444/2444 2445/2445 2438/2438
f 2444/2444 2438/2438 2435/2435
f 2445/2445 2446/2446 2447/2447
f 2445/2445 2447/2447 2438/2438
f 2438/2438 2447/2447 2448/2448
f 2438/2438 2448/2448 2439/2439
f 2439/2439 2448/2448 2449/2449
f 2439/2439 2449/2449 2442/2442
f 2442/2442 2449/2449 2387/2387
f 2442/2442 2387/2387 2451/2451
f 2440/2440 2442/2442 2451/2451
f 2440/2440 2451/2451 2393/2393
f 2441/2441 2440/2440 2393/2393
f 2441/2441 2393/2393 2392/2392
f 1313/1313 2441/2441 2392/2392
f 1313/1313 2392/2392 1314/1314
f 1312/1312 2437/2437 2441/2441
f 1312/1312 2441/2441 1313/1313
f 1311/1311 2434/2434 2437/2437
f 1311/1311 2437/2437 1312/1312
f 2452/2452 2453/2453 2454/2454
f 2452/2452 2454/2454 2455/2455
f 2453/2453 2456/2456 2457/2457
f 2453/2453 2457/2457 2454/2454
f 2455/2455 2454/2454 2458/2458
f 2455/2455 2458/2458 2459/2459
f 2454/2454 2457/2457 2460/2460
f 2454/2454 2460/2460 2458/2458
f 1372/1372 1393/1393 2452/2452
f 1372/1372 2452/2452 2461/2461
f 1393/1393 1392/1392 2453/2453
f 1393/1393 2453/2453 2452/2452
f 1392/1392 1391/1391 2456/2456
f 1392/1392 2456/2456 2453/2453
f 1391/1391 1389/1389 2462/2462
f 1391/1391 2462/2462 2456/2456
f 2456/2456 2462/2462 4914/4914
f 2456/2456 4914/4914 2457/2457
f 2457/2457 4914/4914 4913/4913
f 2457/2457 4913/4913 2460/2460
f 2460/2460 4913/4913 2446/2446
f 2460/2460 2446/2446 2445/2445
f 2458/2458 2460/2460 2445/2445
f 2458/2458 2445/2445 2444/2444
f 2459/2459 2458/2458 2444/2444
f 2459/2459 2444/2444 2443/2443
f 2463/2463 2459/2459 2443/2443
f 2463/2463 2443/2443 1310/1310
f 2464/2464 2455/2455 2459/2459
f 2464/2464 2459/2459 2463/2463
f 2461/2461 2452/2452 2455/2455
f 2461/2461 2455/2455 2464/2464
f 2465/2465 2466/2466 2467/2467
f 2465/2465 2467/2467 2468/2468
f 2466/2466 2469/2469 2470/2470
f 2466/2466 2470/2470 2467/2467
f 2468/2468 2467/2467 2471/2471
f 2468/2468 2471/2471 2472/2472
f 2467/2467 2470/2470 2473/2473
f 2467/2467 2473/2473 2471/2471
f 1354/1354 1375/1375 2465/2465
f 1354/1354 2465/2465 2474/2474
f 1375/1375 1374/1374 2466/2466
f 1375/1375 2466/2466 2465/2465
f 1374/1374 1373/1373 2469/2469
f 1374/1374 2469/2469 2466/2466
f 1373/1373 1372/1372 2461/2461
f 1373/1373 2461/2461 2469/2469
f 2469/2469 2461/2461 2464/2464
f 2469/2469 2464/2464 2470/2470
f 2470/2470 2464/2464 2463/2463
f 2470/2470 2463/2463 2473/2473
f 2473/2473 2463/2463 1310/1310
f 2473/2473 1310/1310 1309/1309
f 2471/2471 2473/2473 1309/1309
f 2471/2471 1309/1309 1308/1308
f 2472/2472 2471/2471 1308/1308
f 2472/2472 1308/1308 1307/1307
f 2475/2475 2472/2472 1307/1307
f 2475/2475 1307/1307 1290/1290
f 2476/2476 2468/2468 2472/2472
f 2476/2476 2472/2472 2475/2475
f 2474/2474 2465/2465 2468/2468
f 2474/2474 2468/2468 2476/2476
f 2477/2477 2478/2478 2479/2479
f 2477/2477 2479/2479 2480/2480
f 2478/2478 2481/2481 2482/2482
f 2478/2478 2482/2482 2479/2479
f 2480/2480 2479/2479 2483/2483
f 2480/2480 2483/2483 2484/2484
f 2479/2479 2482/2482 2485/2485
f 2479/2479 2485/2485 2483/2483
f 1332/1332 1357/1357 2477/2477
f 1332/1332 2477/2477 2486/2486
f 1357/1357 1356/1356 2478/2478
f 1357/1357 2478/2478 2477/2477
f 1356/1356 1355/1355 2481/2481
f 1356/1356 2481/2481 2478/2478
f 1355/1355 1354/1354 2474/2474
f 1355/1355 2474/2474 2481/2481
f 2481/2481 2474/2474 2476/2476
f 2481/2481 2476/2476 2482/2482
f 2482/2482 2476/2476 2475/2475
f 2482/2482 2475/2475 2485/2485
f 2485/2485 2475/2475 1290/1290
f 2485/2485 1290/1290 1289/1289
f 2483/2483 2485/2485 1289/1289
f 2483/2483 1289/1289 1288/1288
f 2484/2484 2483/2483 1288/1288
f 2484/2484 1288/1288 1287/1287
f 2487/2487 2484/2484 1287/1287
f 2487/2487 1287/1287 1267/1267
f 2488/2488 2480/2480 2484/2484
f 2488/2488 2484/2484 2487/2487
f 2486/2486 2477/2477 2480/2480
f 2486/2486 2480/2480 2488/2488
f 2489/2489 2490/2490 2491/2491
f 2489/2489 2491/2491 2492/2492
f 2490/2490 2493/2493 2494/2494
f 2490/2490 2494/2494 2491/2491
f 2492/2492 2491/2491 2495/2495
f 2492/2492 2495/2495 2496/2496
f 2491/2491 2494/2494 2497/2497
f 2491/2491 2497/2497 2495/2495
f 1337/1337 1335/1335 2489/2489
f 1337/1337 2489/2489 1248/1248
f 1335/1335 1334/1334 2490/2490
f 1335/1335 2490/2490 2489/2489
f 1334/1334 1333/1333 2493/2493
f 1334/1334 2493/2493 2490/2490
f 1333/1333 1332/1332 2486/2486
f 1333/1333 2486/2486 2493/2493
f 2493/2493 2486/2486 2488/2488
f 2493/2493 2488/2488 2494/2494
f 2494/2494 2488/2488 2487/2487
f 2494/2494 2487/2487 2497/2497
f 2497/2497 2487/2487 1267/1267
f 2497/2497 1267/1267 1266/1266
f 2495/2495 2497/2497 1266/1266
f 2495/2495 1266/1266 1265/1265
f 2496/2496 2495/2495 1265/1265
f 2496/2496 1265/1265 1264/1264
f 1251/1251 2496/2496 1264/1264
f 1251/1251 1264/1264 1263/1263
f 1249/1249 2492/2492 2496/2496
f 1249/1249 2496/2496 1251/1251
f 1248/1248 2489/2489 2492/2492
f 1248/1248 2492/2492 1249/1249
f 2498/2498 2499/2499 2500/2500
f 2498/2498 2500/2500 2501/2501
f 2499/2499 2502/2502 2503/2503
f 2499/2499 2503/2503 2500/2500
f 2501/2501 2500/2500 2504/2504
f 2501/2501 2504/2504 2505/2505
f 2500/2500 2503/2503 2506/2506
f 2500/2500 2506/2506 2504/2504
f 3767/3767 2507/2507 2498/2498
f 3767/3767 2498/2498 3768/3768
f 2507/2507 2508/2508 2499/2499
f 2507/2507 2499/2499 2498/2498
f 2508/2508 2509/2509 2502/2502
f 2508/2508 2502/2502 2499/2499
f 2509/2509 2510/2510 2511/2511
f 2509/2509 2511/2511 2502/2502
f 2502/2502 2511/2511 2512/2512
f 2502/2502 2512/2512 2503/2503
f 2503/2503 2512/2512 2513/2513
f 2503/2503 2513/2513 2506/2506
f 2506/2506 2513/2513 3667/3667
f 2506/2506 3667/3667 2515/2515
f 2504/2504 2506/2506 2515/2515
f 2504/2504 2515/2515 2516/2516
f 2505/2505 2504/2504 2516/2516
f 2505/2505 2516/2516 2518/2518
f 2519/2519 2505/2505 2518/2518
f 2519/2519 2518/2518 3683/3683
f 3771/3771 2501/2501 2505/2505
f 3771/3771 2505/2505 2519/2519
f 3768/3768 2498/2498 2501/2501
f 3768/3768 2501/2501 3771/3771
f 2521/2521 2522/2522 2523/2523
f 2521/2521 2523/2523 2524/2524
f 2522/2522 2525/2525 2526/2526
f 2522/2522 2526/2526 2523/2523
f 2524/2524 2523/2523 2527/2527
f 2524/2524 2527/2527 2528/2528
f 2523/2523 2526/2526 2529/2529
f 2523/2523 2529/2529 2527/2527
f 2510/2510 2530/2530 2521/2521
f 2510/2510 2521/2521 2511/2511
f 2530/2530 2531/2531 2522/2522
f 2530/2530 2522/2522 2521/2521
f 2531/2531 2532/2532 2525/2525
f 2531/2531 2525/2525 2522/2522
f 2532/2532 2533/2533 2534/2534
f 2532/2532 2534/2534 2525/2525
f 2525/2525 2534/2534 2535/2535
f 2525/2525 2535/2535 2526/2526
f 2526/2526 2535/2535 2536/2536
f 2526/2526 2536/2536 2529/2529
f 2529/2529 2536/2536 2537/2537
f 2529/2529 2537/2537 2538/2538
f 2527/2527 2529/2529 2538/2538
f 2527/2527 2538/2538 3668/3668
f 2528/2528 2527/2527 3668/3668
f 2528/2528 3668/3668 2540/2540
f 2513/2513 2528/2528 2540/2540
f 2513/2513 2540/2540 3667/3667
f 2512/2512 2524/2524 2528/2528
f 2512/2512 2528/2528 2513/2513
f 2511/2511 2521/2521 2524/2524
f 2511/2511 2524/2524 2512/2512
f 2541/2541 2542/2542 2543/2543
f 2541/2541 2543/2543 2544/2544
f 2542/2542 2545/2545 2546/2546
f 2542/2542 2546/2546 2543/2543
f 2544/2544 2543/2543 2547/2547
f 2544/2544 2547/2547 2548/2548
f 2543/2543 2546/2546 2549/2549
f 2543/2543 2549/2549 2547/2547
f 2533/2533 2550/2550 2541/2541
f 2533/2533 2541/2541 2534/2534
f 2550/2550 2551/2551 2542/2542
f 2550/2550 2542/2542 2541/2541
f 2551/2551 2552/2552 2545/2545
f 2551/2551 2545/2545 2542/2542
f 2552/2552 2553/2553 2554/2554
f 2552/2552 2554/2554 2545/2545
f 2545/2545 2554/2554 2555/2555
f 2545/2545 2555/2555 2546/2546
f 2546/2546 2555/2555 2556/2556
f 2546/2546 2556/2556 2549/2549
f 2549/2549 2556/2556 2557/2557
f 2549/2549 2557/2557 2558/2558
f 2547/2547 2549/2549 2558/2558
f 2547/2547 2558/2558 2560/2560
f 2548/2548 2547/2547 2560/2560
f 2548/2548 2560/2560 2561/2561
f 2536/2536 2548/2548 2561/2561
f 2536/2536 2561/2561 2537/2537
f 2535/2535 2544/2544 2548/2548
f 2535/2535 2548/2548 2536/2536
f 2534/2534 2541/2541 2544/2544
f 2534/2534 2544/2544 2535/2535
f 2563/2563 2564/2564 2565/2565
f 2563/2563 2565/2565 2566/2566
f 2564/2564 2567/2567 2568/2568
f 2564/2564 2568/2568 2565/2565
f 2566/2566 2565/2565 2569/2569
f 2566/2566 2569/2569 2570/2570
f 2565/2565 2568/2568 2571/2571
f 2565/2565 2571/2571 2569/2569
f 3442/3442 3440/3440 2563/2563
f 3442/3442 2563/2563 2572/2572
f 3440/3440 3438/3438 2564/2564
f 3440/3440 2564/2564 2563/2563
f 3438/3438 3435/3435 2567/2567
f 3438/3438 2567/2567 2564/2564
f 3435/3435 3433/3433 2574/2574
f 3435/3435 2574/2574 2567/2567
f 2567/2567 2574/2574 2575/2575
f 2567/2567 2575/2575 2568/2568
f 2568/2568 2575/2575 2576/2576
f 2568/2568 2576/2576 2571/2571
f 2571/2571 2576/2576 2577/2577
f 2571/2571 2577/2577 2578/2578
f 2569/2569 2571/2571 2578/2578
f 2569/2569 2578/2578 2579/2579
f 2570/2570 2569/2569 2579/2579
f 2570/2570 2579/2579 2580/2580
f 3833/3833 2570/2570 2580/2580
f 3833/3833 2580/2580 2581/2581
f 3832/3832 2566/2566 2570/2570
f 3832/3832 2570/2570 3833/3833
f 2572/2572 2563/2563 2566/2566
f 2572/2572 2566/2566 3832/3832
f 2582/2582 2583/2583 2584/2584
f 2582/2582 2584/2584 2585/2585
f 2583/2583 2586/2586 2587/2587
f 2583/2583 2587/2587 2584/2584
f 2585/2585 2584/2584 2588/2588
f 2585/2585 2588/2588 2589/2589
f 2584/2584 2587/2587 2590/2590
f 2584/2584 2590/2590 2588/2588
f 3433/3433 2591/2591 2582/2582
f 3433/3433 2582/2582 2574/2574
f 2591/2591 3486/3486 2583/2583
f 2591/2591 2583/2583 2582/2582
f 3486/3486 3484/3484 2586/2586
f 3486/3486 2586/2586 2583/2583
f 3484/3484 3482/3482 2593/2593
f 3484/3484 2593/2593 2586/2586
f 2586/2586 2593/2593 2594/2594
f 2586/2586 2594/2594 2587/2587
f 2587/2587 2594/2594 2595/2595
f 2587/2587 2595/2595 2590/2590
f 2590/2590 2595/2595 2596/2596
f 2590/2590 2596/2596 2597/2597
f 2588/2588 2590/2590 2597/2597
f 2588/2588 2597/2597 2598/2598
f 2589/2589 2588/2588 2598/2598
f 2589/2589 2598/2598 2599/2599
f 2576/2576 2589/2589 2599/2599
f 2576/2576 2599/2599 2577/2577
f 2575/2575 2585/2585 2589/2589
f 2575/2575 2589/2589 2576/2576
f 2574/2574 2582/2582 2585/2585
f 2574/2574 2585/2585 2575/2575
f 2600/2600 2601/2601 2602/2602
f 2600/2600 2602/2602 2603/2603
f 2601/2601 2604/2604 2605/2605
f 2601/2601 2605/2605 2602/2602
f 2603/2603 2602/2602 2606/2606
f 2603/2603 2606/2606 2607/2607
f 2602/2602 2605/2605 2608/2608
f 2602/2602 2608/2608 2606/2606
f 3482/3482 3469/3469 2600/2600
f 3482/3482 2600/2600 2593/2593
f 3469/3469 2609/2609 2601/2601
f 3469/3469 2601/2601 2600/2600
f 2609/2609 3467/3467 2604/2604
f 2609/2609 2604/2604 2601/2601
f 3467/3467 2611/2611 2613/2613
f 3467/3467 2613/2613 2604/2604
f 2604/2604 2613/2613 2614/2614
f 2604/2604 2614/2614 2605/2605
f 2605/2605 2614/2614 2615/2615
f 2605/2605 2615/2615 2608/2608
f 2608/2608 2615/2615 2616/2616
f 2608/2608 2616/2616 2617/2617
f 2606/2606 2608/2608 2617/2617
f 2606/2606 2617/2617 2618/2618
f 2607/2607 2606/2606 2618/2618
f 2607/2607 2618/2618 2619/2619
f 2595/2595 2607/2607 2619/2619
f 2595/2595 2619/2619 2596/2596
f 2594/2594 2603/2603 2607/2607
f 2594/2594 2607/2607 2595/2595
f 2593/2593 2600/2600 2603/2603
f 2593/2593 2603/2603 2594/2594
f 2620/2620 2621/2621 2622/2622
f 2620/2620 2622/2622 2623/2623
f 2621/2621 2624/2624 2625/2625
f 2621/2621 2625/2625 2622/2622
f 2623/2623 2622/2622 2626/2626
f 2623/2623 2626/2626 2627/2627
f 2622/2622 2625/2625 2628/2628
f 2622/2622 2628/2628 2626/2626
f 2611/2611 3507/3507 2620/2620
f 2611/2611 2620/2620 2613/2613
f 3507/3507 3505/3505 2621/2621
f 3507/3507 2621/2621 2620/2620
f 3505/3505 3502/3502 2624/2624
f 3505/3505 2624/2624 2621/2621
f 3502/3502 125/125 2629/2629
f 3502/3502 2629/2629 2624/2624
f 2624/2624 2629/2629 2631/2631
f 2624/2624 2631/2631 2625/2625
f 2625/2625 2631/2631 2633/2633
f 2625/2625 2633/2633 2628/2628
f 2628/2628 2633/2633 2635/2635
f 2628/2628 2635/2635 2637/2637
f 2626/2626 2628/2628 2637/2637
f 2626/2626 2637/2637 2638/2638
f 2627/2627 2626/2626 2638/2638
f 2627/2627 2638/2638 2639/2639
f 2615/2615 2627/2627 2639/2639
f 2615/2615 2639/2639 2616/2616
f 2614/2614 2623/2623 2627/2627
f 2614/2614 2627/2627 2615/2615
f 2613/2613 2620/2620 2623/2623
f 2613/2613 2623/2623 2614/2614
f 2640/2640 2641/2641 2642/2642
f 2640/2640 2642/2642 2643/2643
f 2641/2641 2644/2644 2645/2645
f 2641/2641 2645/2645 2642/2642
f 2643/2643 2642/2642 2646/2646
f 2643/2643 2646/2646 2647/2647
f 2642/2642 2645/2645 2648/2648
f 2642/2642 2648/2648 2646/2646
f 2649/2649 3911/3911 2640/2640
f 2649/2649 2640/2640 2650/2650
f 3911/3911 2651/2651 2641/2641
f 3911/3911 2641/2641 2640/2640
f 2651/2651 3920/3920 2644/2644
f 2651/2651 2644/2644 2641/2641
f 3920/3920 2653/2653 2856/2856
f 3920/3920 2856/2856 2644/2644
f 2644/2644 2856/2856 2655/2655
f 2644/2644 2655/2655 2645/2645
f 2645/2645 2655/2655 2657/2657
f 2645/2645 2657/2657 2648/2648
f 2648/2648 2657/2657 2854/2854
f 2648/2648 2854/2854 2658/2658
f 2646/2646 2648/2648 2658/2658
f 2646/2646 2658/2658 2659/2659
f 2647/2647 2646/2646 2659/2659
f 2647/2647 2659/2659 2660/2660
f 2661/2661 2647/2647 2660/2660
f 2661/2661 2660/2660 2662/2662
f 2663/2663 2643/2643 2647/2647
f 2663/2663 2647/2647 2661/2661
f 2650/2650 2640/2640 2643/2643
f 2650/2650 2643/2643 2663/2663
f 2664/2664 2665/2665 2666/2666
f 2664/2664 2666/2666 2667/2667
f 2665/2665 2668/2668 2669/2669
f 2665/2665 2669/2669 2666/2666
f 2667/2667 2666/2666 2670/2670
f 2667/2667 2670/2670 2671/2671
f 2666/2666 2669/2669 2672/2672
f 2666/2666 2672/2672 2670/2670
f 2662/2662 2660/2660 2664/2664
f 2662/2662 2664/2664 2673/2673
f 2660/2660 2659/2659 2665/2665
f 2660/2660 2665/2665 2664/2664
f 2659/2659 2658/2658 2668/2668
f 2659/2659 2668/2668 2665/2665
f 2658/2658 2854/2854 2880/2880
f 2658/2658 2880/2880 2668/2668
f 2668/2668 2880/2880 2675/2675
f 2668/2668 2675/2675 2669/2669
f 2669/2669 2675/2675 2677/2677
f 2669/2669 2677/2677 2672/2672
f 2672/2672 2677/2677 2679/2679
f 2672/2672 2679/2679 2680/2680
f 2670/2670 2672/2672 2680/2680
f 2670/2670 2680/2680 2681/2681
f 2671/2671 2670/2670 2681/2681
f 2671/2671 2681/2681 2682/2682
f 2683/2683 2671/2671 2682/2682
f 2683/2683 2682/2682 2684/2684
f 2685/2685 2667/2667 2671/2671
f 2685/2685 2671/2671 2683/2683
f 2673/2673 2664/2664 2667/2667
f 2673/2673 2667/2667 2685/2685
f 2686/2686 2687/2687 2688/2688
f 2686/2686 2688/2688 2689/2689
f 2687/2687 2690/2690 2691/2691
f 2687/2687 2691/2691 2688/2688
f 2689/2689 2688/2688 2692/2692
f 2689/2689 2692/2692 2693/2693
f 2688/2688 2691/2691 2694/2694
f 2688/2688 2694/2694 2692/2692
f 2684/2684 2682/2682 2686/2686
f 2684/2684 2686/2686 2695/2695
f 2682/2682 2681/2681 2687/2687
f 2682/2682 2687/2687 2686/2686
f 2681/2681 2680/2680 2690/2690
f 2681/2681 2690/2690 2687/2687
f 2680/2680 2679/2679 2904/2904
f 2680/2680 2904/2904 2690/2690
f 2690/2690 2904/2904 2902/2902
f 2690/2690 2902/2902 2691/2691
f 2691/2691 2902/2902 2900/2900
f 2691/2691 2900/2900 2694/2694
f 2694/2694 2900/2900 2898/2898
f 2694/2694 2898/2898 2696/2696
f 2692/2692 2694/2694 2696/2696
f 2692/2692 2696/2696 2697/2697
f 2693/2693 2692/2692 2697/2697
f 2693/2693 2697/2697 2698/2698
f 2699/2699 2693/2693 2698/2698
f 2699/2699 2698/2698 2700/2700
f 2701/2701 2689/2689 2693/2693
f 2701/2701 2693/2693 2699/2699
f 2695/2695 2686/2686 2689/2689
f 2695/2695 2689/2689 2701/2701
f 2702/2702 2703/2703 2704/2704
f 2702/2702 2704/2704 2705/2705
f 2703/2703 2706/2706 2707/2707
f 2703/2703 2707/2707 2704/2704
f 2705/2705 2704/2704 2708/2708
f 2705/2705 2708/2708 2709/2709
f 2704/2704 2707/2707 2710/2710
f 2704/2704 2710/2710 2708/2708
f 2700/2700 2698/2698 2702/2702
f 2700/2700 2702/2702 2711/2711
f 2698/2698 2697/2697 2703/2703
f 2698/2698 2703/2703 2702/2702
f 2697/2697 2696/2696 2706/2706
f 2697/2697 2706/2706 2703/2703
f 2696/2696 2898/2898 2713/2713
f 2696/2696 2713/2713 2706/2706
f 2706/2706 2713/2713 2926/2926
f 2706/2706 2926/2926 2707/2707
f 2707/2707 2926/2926 2924/2924
f 2707/2707 2924/2924 2710/2710
f 2710/2710 2924/2924 409/409
f 2710/2710 409/409 207/207
f 2708/2708 2710/2710 207/207
f 2708/2708 207/207 2714/2714
f 2709/2709 2708/2708 2714/2714
f 2709/2709 2714/2714 2716/2716
f 2718/2718 2709/2709 2716/2716
f 2718/2718 2716/2716 2719/2719
f 2721/2721 2705/2705 2709/2709
f 2721/2721 2709/2709 2718/2718
f 2711/2711 2702/2702 2705/2705
f 2711/2711 2705/2705 2721/2721
f 2722/2722 2723/2723 2724/2724
f 2722/2722 2724/2724 2725/2725
f 2723/2723 2726/2726 2727/2727
f 2723/2723 2727/2727 2724/2724
f 2725/2725 2724/2724 2728/2728
f 2725/2725 2728/2728 2729/2729
f 2724/2724 2727/2727 2730/2730
f 2724/2724 2730/2730 2728/2728
f 2731/2731 2732/2732 2722/2722
f 2731/2731 2722/2722 2733/2733
f 2732/2732 2734/2734 2723/2723
f 2732/2732 2723/2723 2722/2722
f 2734/2734 2735/2735 2726/2726
f 2734/2734 2726/2726 2723/2723
f 2735/2735 2700/2700 2711/2711
f 2735/2735 2711/2711 2726/2726
f 2726/2726 2711/2711 2721/2721
f 2726/2726 2721/2721 2727/2727
f 2727/2727 2721/2721 2718/2718
f 2727/2727 2718/2718 2730/2730
f 2730/2730 2718/2718 2719/2719
f 2730/2730 2719/2719 227/227
f 2728/2728 2730/2730 227/227
f 2728/2728 227/227 225/225
f 2729/2729 2728/2728 225/225
f 2729/2729 225/225 2736/2736
f 2738/2738 2729/2729 2736/2736
f 2738/2738 2736/2736 223/223
f 2739/2739 2725/2725 2729/2729
f 2739/2739 2729/2729 2738/2738
f 2733/2733 2722/2722 2725/2725
f 2733/2733 2725/2725 2739/2739
f 2740/2740 2741/2741 2742/2742
f 2740/2740 2742/2742 2743/2743
f 2741/2741 2744/2744 2745/2745
f 2741/2741 2745/2745 2742/2742
f 2743/2743 2742/2742 2746/2746
f 2743/2743 2746/2746 2747/2747
f 2742/2742 2745/2745 2748/2748
f 2742/2742 2748/2748 2746/2746
f 2749/2749 2750/2750 2740/2740
f 2749/2749 2740/2740 2751/2751
f 2750/2750 2752/2752 2741/2741
f 2750/2750 2741/2741 2740/2740
f 2752/2752 2753/2753 2744/2744
f 2752/2752 2744/2744 2741/2741
f 2753/2753 2684/2684 2695/2695
f 2753/2753 2695/2695 2744/2744
f 2744/2744 2695/2695 2701/2701
f 2744/2744 2701/2701 2745/2745
f 2745/2745 2701/2701 2699/2699
f 2745/2745 2699/2699 2748/2748
f 2748/2748 2699/2699 2700/2700
f 2748/2748 2700/2700 2735/2735
f 2746/2746 2748/2748 2735/2735
f 2746/2746 2735/2735 2734/2734
f 2747/2747 2746/2746 2734/2734
f 2747/2747 2734/2734 2732/2732
f 2754/2754 2747/2747 2732/2732
f 2754/2754 2732/2732 2731/2731
f 2755/2755 2743/2743 2747/2747
f 2755/2755 2747/2747 2754/2754
f 2751/2751 2740/2740 2743/2743
f 2751/2751 2743/2743 2755/2755
f 2756/2756 2757/2757 2758/2758
f 2756/2756 2758/2758 2759/2759
f 2757/2757 2760/2760 2761/2761
f 2757/2757 2761/2761 2758/2758
f 2759/2759 2758/2758 2762/2762
f 2759/2759 2762/2762 2763/2763
f 2758/2758 2761/2761 2764/2764
f 2758/2758 2764/2764 2762/2762
f 2765/2765 2766/2766 2756/2756
f 2765/2765 2756/2756 2767/2767
f 2766/2766 2768/2768 2757/2757
f 2766/2766 2757/2757 2756/2756
f 2768/2768 2769/2769 2760/2760
f 2768/2768 2760/2760 2757/2757
f 2769/2769 2662/2662 2673/2673
f 2769/2769 2673/2673 2760/2760
f 2760/2760 2673/2673 2685/2685
f 2760/2760 2685/2685 2761/2761
f 2761/2761 2685/2685 2683/2683
f 2761/2761 2683/2683 2764/2764
f 2764/2764 2683/2683 2684/2684
f 2764/2764 2684/2684 2753/2753
f 2762/2762 2764/2764 2753/2753
f 2762/2762 2753/2753 2752/2752
f 2763/2763 2762/2762 2752/2752
f 2763/2763 2752/2752 2750/2750
f 2770/2770 2763/2763 2750/2750
f 2770/2770 2750/2750 2749/2749
f 2771/2771 2759/2759 2763/2763
f 2771/2771 2763/2763 2770/2770
f 2767/2767 2756/2756 2759/2759
f 2767/2767 2759/2759 2771/2771
f 2772/2772 2773/2773 2774/2774
f 2772/2772 2774/2774 2775/2775
f 2773/2773 2776/2776 2777/2777
f 2773/2773 2777/2777 2774/2774
f 2775/2775 2774/2774 2778/2778
f 2775/2775 2778/2778 2779/2779
f 2774/2774 2777/2777 2780/2780
f 2774/2774 2780/2780 2778/2778
f 2781/2781 4046/4046 2772/2772
f 2781/2781 2772/2772 2782/2782
f 4046/4046 4050/4050 2773/2773
f 4046/4046 2773/2773 2772/2772
f 4050/4050 2784/2784 2776/2776
f 4050/4050 2776/2776 2773/2773
f 2784/2784 2649/2649 2650/2650
f 2784/2784 2650/2650 2776/2776
f 2776/2776 2650/2650 2663/2663
f 2776/2776 2663/2663 2777/2777
f 2777/2777 2663/2663 2661/2661
f 2777/2777 2661/2661 2780/2780
f 2780/2780 2661/2661 2662/2662
f 2780/2780 2662/2662 2769/2769
f 2778/2778 2780/2780 2769/2769
f 2778/2778 2769/2769 2768/2768
f 2779/2779 2778/2778 2768/2768
f 2779/2779 2768/2768 2766/2766
f 2785/2785 2779/2779 2766/2766
f 2785/2785 2766/2766 2765/2765
f 2786/2786 2775/2775 2779/2779
f 2786/2786 2779/2779 2785/2785
f 2782/2782 2772/2772 2775/2775
f 2782/2782 2775/2775 2786/2786
f 1554/1554 1555/1555 1552/1552
f 1554/1554 1552/1552 1553/1553
f 1557/1557 1554/1554 1553/1553
f 1557/1557 1553/1553 1556/1556
f 2838/2838 320/320 319/319
f 2838/2838 319/319 325/325
f 4083/4083 4084/4084 4080/4080
f 4083/4083 4080/4080 4079/4079
f 2824/2824 2825/2825 2821/2821
f 2824/2824 2821/2821 2820/2820
f 1570/1570 1567/1567 1566/1566
f 1570/1570 1566/1566 1569/1569
f 2798/2798 2781/2781 2782/2782
f 2798/2798 2782/2782 2791/2791
f 2791/2791 2782/2782 2786/2786
f 2791/2791 2786/2786 2792/2792
f 2792/2792 2786/2786 2785/2785
f 2792/2792 2785/2785 2795/2795
f 2795/2795 2785/2785 2765/2765
f 2795/2795 2765/2765 2799/2799
f 1562/1562 1563/1563 1558/1558
f 1562/1562 1558/1558 1560/1560
f 1563/1563 1564/1564 1559/1559
f 1563/1563 1559/1559 1558/1558
f 320/320 317/317 316/316
f 320/320 316/316 319/319
f 4095/4095 4096/4096 4092/4092
f 4095/4095 4092/4092 4091/4091
f 1571/1571 1572/1572 1568/1568
f 1571/1571 1568/1568 1567/1567
f 1585/1585 1583/1583 1579/1579
f 1585/1585 1579/1579 1582/1582
f 2800/2800 2801/2801 2794/2794
f 2800/2800 2794/2794 2793/2793
f 1569/1569 1566/1566 1563/1563
f 1569/1569 1563/1563 1562/1562
f 2799/2799 2765/2765 2767/2767
f 2799/2799 2767/2767 2806/2806
f 2806/2806 2767/2767 2771/2771
f 2806/2806 2771/2771 2807/2807
f 2807/2807 2771/2771 2770/2770
f 2807/2807 2770/2770 2810/2810
f 2810/2810 2770/2770 2749/2749
f 2810/2810 2749/2749 2811/2811
f 1574/1574 1575/1575 1571/1571
f 1574/1574 1571/1571 1573/1573
f 1575/1575 1576/1576 1572/1572
f 1575/1575 1572/1572 1571/1571
f 1567/1567 1568/1568 1565/1565
f 1567/1567 1565/1565 1566/1566
f 2834/2834 2832/2832 2828/2828
f 2834/2834 2828/2828 2831/2831
f 293/293 294/294 291/291
f 293/293 291/291 292/292
f 1597/1597 1595/1595 1591/1591
f 1597/1597 1591/1591 1594/1594
f 280/280 290/290 286/286
f 280/280 286/286 277/277
f 4064/4064 4059/4059 4056/4056
f 4064/4064 4056/4056 4063/4063
f 2811/2811 2749/2749 2751/2751
f 2811/2811 2751/2751 2818/2818
f 2818/2818 2751/2751 2755/2755
f 2818/2818 2755/2755 2819/2819
f 2819/2819 2755/2755 2754/2754
f 2819/2819 2754/2754 2822/2822
f 2822/2822 2754/2754 2731/2731
f 2822/2822 2731/2731 2823/2823
f 302/302 299/299 296/296
f 302/302 296/296 301/301
f 1587/1587 1588/1588 1584/1584
f 1587/1587 1584/1584 1583/1583
f 2811/2811 2812/2812 2808/2808
f 2811/2811 2808/2808 2810/2810
f 323/323 321/321 317/317
f 323/323 317/317 320/320
f 1583/1583 1584/1584 1580/1580
f 1583/1583 1580/1580 1579/1579
f 311/311 309/309 305/305
f 311/311 305/305 308/308
f 1590/1590 1589/1589 1588/1588
f 1590/1590 1588/1588 1587/1587
f 2791/2791 2788/2788 2797/2797
f 2791/2791 2797/2797 2798/2798
f 2823/2823 2731/2731 2733/2733
f 2823/2823 2733/2733 2830/2830
f 2830/2830 2733/2733 2739/2739
f 2830/2830 2739/2739 2831/2831
f 2831/2831 2739/2739 2738/2738
f 2831/2831 2738/2738 2834/2834
f 2834/2834 2738/2738 223/223
f 2834/2834 223/223 2835/2835
f 4058/4058 2798/2798 2796/2796
f 4058/4058 2796/2796 4054/4054
f 1553/1553 1552/1552 286/286
f 1553/1553 286/286 290/290
f 2839/2839 2840/2840 2841/2841
f 2839/2839 2841/2841 2842/2842
f 2840/2840 2843/2843 2844/2844
f 2840/2840 2844/2844 2841/2841
f 2842/2842 2841/2841 2845/2845
f 2842/2842 2845/2845 2846/2846
f 2841/2841 2844/2844 2847/2847
f 2841/2841 2847/2847 2845/2845
f 2848/2848 2849/2849 2839/2839
f 2848/2848 2839/2839 2850/2850
f 2849/2849 2851/2851 2840/2840
f 2849/2849 2840/2840 2839/2839
f 2851/2851 2852/2852 2843/2843
f 2851/2851 2843/2843 2840/2840
f 2852/2852 2853/2853 2656/2656
f 2852/2852 2656/2656 2843/2843
f 2843/2843 2656/2656 2654/2654
f 2843/2843 2654/2654 2844/2844
f 2844/2844 2654/2654 2855/2855
f 2844/2844 2855/2855 2847/2847
f 2847/2847 2855/2855 2652/2652
f 2847/2847 2652/2652 2857/2857
f 2845/2845 2847/2847 2857/2857
f 2845/2845 2857/2857 2859/2859
f 2846/2846 2845/2845 2859/2859
f 2846/2846 2859/2859 2861/2861
f 2862/2862 2846/2846 2861/2861
f 2862/2862 2861/2861 2863/2863
f 2864/2864 2842/2842 2846/2846
f 2864/2864 2846/2846 2862/2862
f 2850/2850 2839/2839 2842/2842
f 2850/2850 2842/2842 2864/2864
f 2865/2865 2866/2866 2867/2867
f 2865/2865 2867/2867 2868/2868
f 2866/2866 2869/2869 2870/2870
f 2866/2866 2870/2870 2867/2867
f 2868/2868 2867/2867 2871/2871
f 2868/2868 2871/2871 2872/2872
f 2867/2867 2870/2870 2873/2873
f 2867/2867 2873/2873 2871/2871
f 2874/2874 2875/2875 2865/2865
f 2874/2874 2865/2865 2876/2876
f 2875/2875 2877/2877 2866/2866
f 2875/2875 2866/2866 2865/2865
f 2877/2877 2878/2878 2869/2869
f 2877/2877 2869/2869 2866/2866
f 2878/2878 2678/2678 2676/2676
f 2878/2878 2676/2676 2869/2869
f 2869/2869 2676/2676 2674/2674
f 2869/2869 2674/2674 2870/2870
f 2870/2870 2674/2674 2879/2879
f 2870/2870 2879/2879 2873/2873
f 2873/2873 2879/2879 2853/2853
f 2873/2873 2853/2853 2852/2852
f 2871/2871 2873/2873 2852/2852
f 2871/2871 2852/2852 2851/2851
f 2872/2872 2871/2871 2851/2851
f 2872/2872 2851/2851 2849/2849
f 2881/2881 2872/2872 2849/2849
f 2881/2881 2849/2849 2848/2848
f 2882/2882 2868/2868 2872/2872
f 2882/2882 2872/2872 2881/2881
f 2876/2876 2865/2865 2868/2868
f 2876/2876 2868/2868 2882/2882
f 2883/2883 2884/2884 2885/2885
f 2883/2883 2885/2885 2886/2886
f 2884/2884 2887/2887 2888/2888
f 2884/2884 2888/2888 2885/2885
f 2886/2886 2885/2885 2889/2889
f 2886/2886 2889/2889 2890/2890
f 2885/2885 2888/2888 2891/2891
f 2885/2885 2891/2891 2889/2889
f 2892/2892 2893/2893 2883/2883
f 2892/2892 2883/2883 2894/2894
f 2893/2893 2895/2895 2884/2884
f 2893/2893 2884/2884 2883/2883
f 2895/2895 2896/2896 2887/2887
f 2895/2895 2887/2887 2884/2884
f 2896/2896 2897/2897 2899/2899
f 2896/2896 2899/2899 2887/2887
f 2887/2887 2899/2899 2901/2901
f 2887/2887 2901/2901 2888/2888
f 2888/2888 2901/2901 2903/2903
f 2888/2888 2903/2903 2891/2891
f 2891/2891 2903/2903 2678/2678
f 2891/2891 2678/2678 2878/2878
f 2889/2889 2891/2891 2878/2878
f 2889/2889 2878/2878 2877/2877
f 2890/2890 2889/2889 2877/2877
f 2890/2890 2877/2877 2875/2875
f 2905/2905 2890/2890 2875/2875
f 2905/2905 2875/2875 2874/2874
f 2906/2906 2886/2886 2890/2890
f 2906/2906 2890/2890 2905/2905
f 2894/2894 2883/2883 2886/2886
f 2894/2894 2886/2886 2906/2906
f 2907/2907 2908/2908 2909/2909
f 2907/2907 2909/2909 2910/2910
f 2908/2908 2911/2911 2912/2912
f 2908/2908 2912/2912 2909/2909
f 2910/2910 2909/2909 2913/2913
f 2910/2910 2913/2913 2914/2914
f 2909/2909 2912/2912 2915/2915
f 2909/2909 2915/2915 2913/2913
f 2916/2916 397/397 2907/2907
f 2916/2916 2907/2907 2918/2918
f 397/397 2919/2919 2908/2908
f 397/397 2908/2908 2907/2907
f 2919/2919 2921/2921 2911/2911
f 2919/2919 2911/2911 2908/2908
f 2921/2921 407/407 2923/2923
f 2921/2921 2923/2923 2911/2911
f 2911/2911 2923/2923 2925/2925
f 2911/2911 2925/2925 2912/2912
f 2912/2912 2925/2925 2712/2712
f 2912/2912 2712/2712 2915/2915
f 2915/2915 2712/2712 2897/2897
f 2915/2915 2897/2897 2896/2896
f 2913/2913 2915/2915 2896/2896
f 2913/2913 2896/2896 2895/2895
f 2914/2914 2913/2913 2895/2895
f 2914/2914 2895/2895 2893/2893
f 2927/2927 2914/2914 2893/2893
f 2927/2927 2893/2893 2892/2892
f 2928/2928 2910/2910 2914/2914
f 2928/2928 2914/2914 2927/2927
f 2918/2918 2907/2907 2910/2910
f 2918/2918 2910/2910 2928/2928
f 2934/2934 2935/2935 2931/2931
f 2934/2934 2931/2931 2932/2932
f 2935/2935 2929/2929 2930/2930
f 2935/2935 2930/2930 2931/2931
f 2932/2932 2931/2931 2937/2937
f 2932/2932 2937/2937 2939/2939
f 2931/2931 2930/2930 2936/2936
f 2931/2931 2936/2936 2937/2937
f 3133/3133 2933/2933 2934/2934
f 3133/3133 2934/2934 2941/2941
f 2933/2933 3129/3129 2935/2935
f 2933/2933 2935/2935 2934/2934
f 3129/3129 3128/3128 2929/2929
f 3129/3129 2929/2929 2935/2935
f 3128/3128 3153/3153 3222/3222
f 3128/3128 3222/3222 2929/2929
f 2929/2929 3222/3222 3220/3220
f 2929/2929 3220/3220 2930/2930
f 2930/2930 3220/3220 3219/3219
f 2930/2930 3219/3219 2936/2936
f 2936/2936 3219/3219 3369/3369
f 2936/2936 3369/3369 3338/3338
f 2937/2937 2936/2936 3338/3338
f 2937/2937 3338/3338 3352/3352
f 2939/2939 2937/2937 3352/3352
f 2939/2939 3352/3352 3346/3346
f 2940/2940 2939/2939 3346/3346
f 2940/2940 3346/3346 3349/3349
f 2938/2938 2932/2932 2939/2939
f 2938/2938 2939/2939 2940/2940
f 2941/2941 2934/2934 2932/2932
f 2941/2941 2932/2932 2938/2938
f 2964/2964 2949/2949 2942/2942
f 2964/2964 2942/2942 2963/2963
f 2949/2949 2952/2952 2955/2955
f 2949/2949 2955/2955 2942/2942
f 2963/2963 2942/2942 2961/2961
f 2963/2963 2961/2961 2960/2960
f 2942/2942 2955/2955 2943/2943
f 2942/2942 2943/2943 2961/2961
f 2944/2944 2946/2946 2964/2964
f 2944/2944 2964/2964 3422/3422
f 2946/2946 2947/2947 2949/2949
f 2946/2946 2949/2949 2964/2964
f 2947/2947 3393/3393 2952/2952
f 2947/2947 2952/2952 2949/2949
f 3393/3393 2950/2950 3047/3047
f 3393/3393 3047/3047 2952/2952
f 2952/2952 3047/3047 2953/2953
f 2952/2952 2953/2953 2955/2955
f 2955/2955 2953/2953 2956/2956
f 2955/2955 2956/2956 2943/2943
f 2943/2943 2956/2956 2958/2958
f 2943/2943 2958/2958 3323/3323
f 2961/2961 2943/2943 3323/3323
f 2961/2961 3323/3323 3321/3321
f 2960/2960 2961/2961 3321/3321
f 2960/2960 3321/3321 2962/2962
f 3410/3410 2960/2960 2962/2962
f 3410/3410 2962/2962 3320/3320
f 2966/2966 2963/2963 2960/2960
f 2966/2966 2960/2960 3410/3410
f 3422/3422 2964/2964 2963/2963
f 3422/3422 2963/2963 2966/2966
f 2976/2976 2968/2968 2974/2974
f 2976/2976 2974/2974 2969/2969
f 2971/2971 2982/2982 2974/2974
f 2971/2971 2974/2974 2967/2967
f 2972/2972 2973/2973 2974/2974
f 2972/2972 2974/2974 2983/2983
f 2992/2992 2996/2996 2974/2974
f 2992/2992 2974/2974 2973/2973
f 2975/2975 2970/2970 2974/2974
f 2975/2975 2974/2974 2995/2995
f 3028/3028 3026/3026 2976/2976
f 3028/3028 2976/2976 2980/2980
f 3026/3026 2978/2978 2968/2968
f 3026/3026 2968/2968 2976/2976
f 2980/2980 2976/2976 2969/2969
f 2980/2980 2969/2969 3000/3000
f 3018/3018 3055/3055 2971/2971
f 3018/3018 2971/2971 3020/3020
f 3055/3055 2986/2986 2982/2982
f 3055/3055 2982/2982 2971/2971
f 3020/3020 2971/2971 2967/2967
f 3020/3020 2967/2967 2979/2979
f 3200/3200 3198/3198 2972/2972
f 3200/3200 2972/2972 2984/2984
f 3198/3198 3195/3195 2973/2973
f 3198/3198 2973/2973 2972/2972
f 2984/2984 2972/2972 2983/2983
f 2984/2984 2983/2983 2986/2986
f 2988/2988 2990/2990 2992/2992
f 2988/2988 2992/2992 2997/2997
f 2990/2990 2993/2993 2996/2996
f 2990/2990 2996/2996 2992/2992
f 2997/2997 2992/2992 2973/2973
f 2997/2997 2973/2973 3195/3195
f 3098/3098 3251/3251 2975/2975
f 3098/3098 2975/2975 3174/3174
f 3251/3251 3001/3001 2970/2970
f 3251/3251 2970/2970 2975/2975
f 3174/3174 2975/2975 2995/2995
f 3174/3174 2995/2995 2993/2993
f 3248/3248 3247/3247 3257/3257
f 3248/3248 3257/3257 3246/3246
f 4269/4269 4272/4272 4273/4273
f 4269/4269 4273/4273 4256/4256
f 1753/1753 1772/1772 1749/1749
f 1753/1753 1749/1749 1748/1748
f 1752/1752 1753/1753 1748/1748
f 1752/1752 1748/1748 1751/1751
f 1756/1756 1773/1773 1754/1754
f 1756/1756 1754/1754 4257/4257
f 1757/1757 1756/1756 4257/4257
f 1757/1757 4257/4257 1758/1758
f 4272/4272 1761/1761 1759/1759
f 4272/4272 1759/1759 4273/4273
f 3011/3011 495/495 3285/3285
f 3011/3011 3285/3285 3002/3002
f 3002/3002 3285/3285 3013/3013
f 3002/3002 3013/3013 3003/3003
f 3003/3003 3013/3013 3015/3015
f 3003/3003 3015/3015 3022/3022
f 3022/3022 3015/3015 3017/3017
f 3022/3022 3017/3017 3021/3021
f 3005/3005 3022/3022 3021/3021
f 3005/3005 3021/3021 2977/2977
f 3029/3029 3005/3005 2977/2977
f 3029/3029 2977/2977 3025/3025
f 3023/3023 3029/3029 3025/3025
f 3023/3023 3025/3025 3027/3027
f 486/486 484/484 729/729
f 486/486 729/729 485/485
f 4483/4483 4487/4487 4475/4475
f 4483/4483 4475/4475 4488/4488
f 3039/3039 3034/3034 3036/3036
f 3039/3039 3036/3036 3037/3037
f 3034/3034 3043/3043 3035/3035
f 3034/3034 3035/3035 3036/3036
f 3037/3037 3036/3036 3038/3038
f 3037/3037 3038/3038 3046/3046
f 3036/3036 3035/3035 3045/3045
f 3036/3036 3045/3045 3038/3038
f 3081/3081 3080/3080 3039/3039
f 3081/3081 3039/3039 3230/3230
f 3080/3080 3078/3078 3034/3034
f 3080/3080 3034/3034 3039/3039
f 3078/3078 3040/3040 3043/3043
f 3078/3078 3043/3043 3034/3034
f 3040/3040 3041/3041 3042/3042
f 3040/3040 3042/3042 3043/3043
f 3043/3043 3042/3042 3316/3316
f 3043/3043 3316/3316 3035/3035
f 3035/3035 3316/3316 3044/3044
f 3035/3035 3044/3044 3045/3045
f 3045/3045 3044/3044 2959/2959
f 3045/3045 2959/2959 2957/2957
f 3038/3038 3045/3045 2957/2957
f 3038/3038 2957/2957 2954/2954
f 3046/3046 3038/3038 2954/2954
f 3046/3046 2954/2954 3048/3048
f 3049/3049 3046/3046 3048/3048
f 3049/3049 3048/3048 2951/2951
f 3232/3232 3037/3037 3046/3046
f 3232/3232 3046/3046 3049/3049
f 3230/3230 3039/3039 3037/3037
f 3230/3230 3037/3037 3232/3232
f 3054/3054 3051/3051 3050/3050
f 3054/3054 3050/3050 3064/3064
f 3051/3051 3057/3057 3052/3052
f 3051/3051 3052/3052 3050/3050
f 3064/3064 3050/3050 3053/3053
f 3064/3064 3053/3053 3061/3061
f 3050/3050 3052/3052 3058/3058
f 3050/3050 3058/3058 3053/3053
f 3201/3201 2985/2985 3054/3054
f 3201/3201 3054/3054 3063/3063
f 2985/2985 2987/2987 3051/3051
f 2985/2985 3051/3051 3054/3054
f 2987/2987 3056/3056 3057/3057
f 2987/2987 3057/3057 3051/3051
f 3056/3056 3019/3019 3283/3283
f 3056/3056 3283/3283 3057/3057
f 3057/3057 3283/3283 3297/3297
f 3057/3057 3297/3297 3052/3052
f 3052/3052 3297/3297 3295/3295
f 3052/3052 3295/3295 3058/3058
f 3058/3058 3295/3295 3075/3075
f 3058/3058 3075/3075 3073/3073
f 3053/3053 3058/3058 3073/3073
f 3053/3053 3073/3073 3059/3059
f 3061/3061 3053/3053 3059/3059
f 3061/3061 3059/3059 3071/3071
f 3202/3202 3061/3061 3071/3071
f 3202/3202 3071/3071 3062/3062
f 3065/3065 3064/3064 3061/3061
f 3065/3065 3061/3061 3202/3202
f 3063/3063 3054/3054 3064/3064
f 3063/3063 3064/3064 3065/3065
f 3066/3066 3067/3067 3069/3069
f 3066/3066 3069/3069 3082/3082
f 3067/3067 3074/3074 3068/3068
f 3067/3067 3068/3068 3069/3069
f 3082/3082 3069/3069 3079/3079
f 3082/3082 3079/3079 3070/3070
f 3069/3069 3068/3068 3077/3077
f 3069/3069 3077/3077 3079/3079
f 3062/3062 3071/3071 3066/3066
f 3062/3062 3066/3066 3083/3083
f 3071/3071 3060/3060 3067/3067
f 3071/3071 3067/3067 3066/3066
f 3060/3060 3072/3072 3074/3074
f 3060/3060 3074/3074 3067/3067
f 3072/3072 3075/3075 3263/3263
f 3072/3072 3263/3263 3074/3074
f 3074/3074 3263/3263 3277/3277
f 3074/3074 3277/3277 3068/3068
f 3068/3068 3277/3277 3076/3076
f 3068/3068 3076/3076 3077/3077
f 3077/3077 3076/3076 3041/3041
f 3077/3077 3041/3041 3040/3040
f 3079/3079 3077/3077 3040/3040
f 3079/3079 3040/3040 3078/3078
f 3070/3070 3079/3079 3078/3078
f 3070/3070 3078/3078 3080/3080
f 3165/3165 3070/3070 3080/3080
f 3165/3165 3080/3080 3081/3081
f 3163/3163 3082/3082 3070/3070
f 3163/3163 3070/3070 3165/3165
f 3083/3083 3066/3066 3082/3082
f 3083/3083 3082/3082 3163/3163
f 3111/3111 3085/3085 3087/3087
f 3111/3111 3087/3087 3084/3084
f 3085/3085 3101/3101 3086/3086
f 3085/3085 3086/3086 3087/3087
f 3084/3084 3087/3087 3106/3106
f 3084/3084 3106/3106 3088/3088
f 3087/3087 3086/3086 3107/3107
f 3087/3087 3107/3107 3106/3106
f 3090/3090 3253/3253 3111/3111
f 3090/3090 3111/3111 3093/3093
f 3253/3253 3095/3095 3085/3085
f 3253/3253 3085/3085 3111/3111
f 3095/3095 3097/3097 3101/3101
f 3095/3095 3101/3101 3085/3085
f 3097/3097 3099/3099 3100/3100
f 3097/3097 3100/3100 3101/3101
f 3101/3101 3100/3100 3102/3102
f 3101/3101 3102/3102 3086/3086
f 3086/3086 3102/3102 3103/3103
f 3086/3086 3103/3103 3107/3107
f 3107/3107 3103/3103 3105/3105
f 3107/3107 3105/3105 3108/3108
f 3106/3106 3107/3107 3108/3108
f 3106/3106 3108/3108 3124/3124
f 3088/3088 3106/3106 3124/3124
f 3088/3088 3124/3124 3121/3121
f 3110/3110 3088/3088 3121/3121
f 3110/3110 3121/3121 3119/3119
f 3112/3112 3084/3084 3088/3088
f 3112/3112 3088/3088 3110/3110
f 3093/3093 3111/3111 3084/3084
f 3093/3093 3084/3084 3112/3112
f 3123/3123 3113/3113 3116/3116
f 3123/3123 3116/3116 3114/3114
f 3113/3113 3125/3125 3115/3115
f 3113/3113 3115/3115 3116/3116
f 3114/3114 3116/3116 3118/3118
f 3114/3114 3118/3118 3117/3117
f 3116/3116 3115/3115 3127/3127
f 3116/3116 3127/3127 3118/3118
f 3120/3120 3122/3122 3123/3123
f 3120/3120 3123/3123 3134/3134
f 3122/3122 3124/3124 3113/3113
f 3122/3122 3113/3113 3123/3123
f 3124/3124 3108/3108 3125/3125
f 3124/3124 3125/3125 3113/3113
f 3108/3108 3104/3104 3155/3155
f 3108/3108 3155/3155 3125/3125
f 3125/3125 3155/3155 3154/3154
f 3125/3125 3154/3154 3115/3115
f 3115/3115 3154/3154 3126/3126
f 3115/3115 3126/3126 3127/3127
f 3127/3127 3126/3126 3153/3153
f 3127/3127 3153/3153 3128/3128
f 3118/3118 3127/3127 3128/3128
f 3118/3118 3128/3128 3129/3129
f 3117/3117 3118/3118 3129/3129
f 3117/3117 3129/3129 2933/2933
f 3131/3131 3117/3117 2933/2933
f 3131/3131 2933/2933 3133/3133
f 3136/3136 3114/3114 3117/3117
f 3136/3136 3117/3117 3131/3131
f 3134/3134 3123/3123 3114/3114
f 3134/3134 3114/3114 3136/3136
f 3138/3138 3139/3139 3141/3141
f 3138/3138 3141/3141 3140/3140
f 3139/3139 3147/3147 3148/3148
f 3139/3139 3148/3148 3141/3141
f 3140/3140 3141/3141 3142/3142
f 3140/3140 3142/3142 3150/3150
f 3141/3141 3148/3148 3143/3143
f 3141/3141 3143/3143 3142/3142
f 3104/3104 3187/3187 3138/3138
f 3104/3104 3138/3138 3155/3155
f 3187/3187 3145/3145 3139/3139
f 3187/3187 3139/3139 3138/3138
f 3145/3145 3185/3185 3147/3147
f 3145/3145 3147/3147 3139/3139
f 3185/3185 3209/3209 3146/3146
f 3185/3185 3146/3146 3147/3147
f 3147/3147 3146/3146 3171/3171
f 3147/3147 3171/3171 3148/3148
f 3148/3148 3171/3171 3170/3170
f 3148/3148 3170/3170 3143/3143
f 3143/3143 3170/3170 3215/3215
f 3143/3143 3215/3215 3149/3149
f 3142/3142 3143/3143 3149/3149
f 3142/3142 3149/3149 3151/3151
f 3150/3150 3142/3142 3151/3151
f 3150/3150 3151/3151 3152/3152
f 3126/3126 3150/3150 3152/3152
f 3126/3126 3152/3152 3153/3153
f 3154/3154 3140/3140 3150/3150
f 3154/3154 3150/3150 3126/3126
f 3155/3155 3138/3138 3140/3140
f 3155/3155 3140/3140 3154/3154
f 3156/3156 3157/3157 3158/3158
f 3156/3156 3158/3158 3169/3169
f 3157/3157 3162/3162 3164/3164
f 3157/3157 3164/3164 3158/3158
f 3169/3169 3158/3158 3159/3159
f 3169/3169 3159/3159 3168/3168
f 3158/3158 3164/3164 3160/3160
f 3158/3158 3160/3160 3159/3159
f 3209/3209 3206/3206 3156/3156
f 3209/3209 3156/3156 3146/3146
f 3206/3206 3161/3161 3157/3157
f 3206/3206 3157/3157 3156/3156
f 3161/3161 3204/3204 3162/3162
f 3161/3161 3162/3162 3157/3157
f 3204/3204 3062/3062 3083/3083
f 3204/3204 3083/3083 3162/3162
f 3162/3162 3083/3083 3163/3163
f 3162/3162 3163/3163 3164/3164
f 3164/3164 3163/3163 3165/3165
f 3164/3164 3165/3165 3160/3160
f 3160/3160 3165/3165 3081/3081
f 3160/3160 3081/3081 3229/3229
f 3159/3159 3160/3160 3229/3229
f 3159/3159 3229/3229 3166/3166
f 3168/3168 3159/3159 3166/3166
f 3168/3168 3166/3166 3167/3167
f 3170/3170 3168/3168 3167/3167
f 3170/3170 3167/3167 3215/3215
f 3171/3171 3169/3169 3168/3168
f 3171/3171 3168/3168 3170/3170
f 3146/3146 3156/3156 3169/3169
f 3146/3146 3169/3169 3171/3171
f 3176/3176 3177/3177 3172/3172
f 3176/3176 3172/3172 3188/3188
f 3177/3177 3179/3179 3181/3181
f 3177/3177 3181/3181 3172/3172
f 3188/3188 3172/3172 3173/3173
f 3188/3188 3173/3173 3186/3186
f 3172/3172 3181/3181 3182/3182
f 3172/3172 3182/3182 3173/3173
f 3099/3099 3175/3175 3176/3176
f 3099/3099 3176/3176 3100/3100
f 3175/3175 2994/2994 3177/3177
f 3175/3175 3177/3177 3176/3176
f 2994/2994 2991/2991 3179/3179
f 2994/2994 3179/3179 3177/3177
f 2991/2991 2989/2989 3178/3178
f 2991/2991 3178/3178 3179/3179
f 3179/3179 3178/3178 3180/3180
f 3179/3179 3180/3180 3181/3181
f 3181/3181 3180/3180 3183/3183
f 3181/3181 3183/3183 3182/3182
f 3182/3182 3183/3183 3208/3208
f 3182/3182 3208/3208 3184/3184
f 3173/3173 3182/3182 3184/3184
f 3173/3173 3184/3184 3144/3144
f 3186/3186 3173/3173 3144/3144
f 3186/3186 3144/3144 3187/3187
f 3103/3103 3186/3186 3187/3187
f 3103/3103 3187/3187 3105/3105
f 3102/3102 3188/3188 3186/3186
f 3102/3102 3186/3186 3103/3103
f 3100/3100 3176/3176 3188/3188
f 3100/3100 3188/3188 3102/3102
f 3194/3194 3197/3197 3189/3189
f 3194/3194 3189/3189 3192/3192
f 3197/3197 3190/3190 3191/3191
f 3197/3197 3191/3191 3189/3189
f 3192/3192 3189/3189 3205/3205
f 3192/3192 3205/3205 3193/3193
f 3189/3189 3191/3191 3203/3203
f 3189/3189 3203/3203 3205/3205
f 2989/2989 2998/2998 3194/3194
f 2989/2989 3194/3194 3178/3178
f 2998/2998 3196/3196 3197/3197
f 2998/2998 3197/3197 3194/3194
f 3196/3196 3199/3199 3190/3190
f 3196/3196 3190/3190 3197/3197
f 3199/3199 3201/3201 3063/3063
f 3199/3199 3063/3063 3190/3190
f 3190/3190 3063/3063 3065/3065
f 3190/3190 3065/3065 3191/3191
f 3191/3191 3065/3065 3202/3202
f 3191/3191 3202/3202 3203/3203
f 3203/3203 3202/3202 3062/3062
f 3203/3203 3062/3062 3204/3204
f 3205/3205 3203/3203 3204/3204
f 3205/3205 3204/3204 3161/3161
f 3193/3193 3205/3205 3161/3161
f 3193/3193 3161/3161 3207/3207
f 3183/3183 3193/3193 3207/3207
f 3183/3183 3207/3207 3208/3208
f 3180/3180 3192/3192 3193/3193
f 3180/3180 3193/3193 3183/3183
f 3178/3178 3194/3194 3192/3192
f 3178/3178 3192/3192 3180/3180
f 3210/3210 3212/3212 3211/3211
f 3210/3210 3211/3211 3223/3223
f 3212/3212 3216/3216 3217/3217
f 3212/3212 3217/3217 3211/3211
f 3223/3223 3211/3211 3214/3214
f 3223/3223 3214/3214 3221/3221
f 3211/3211 3217/3217 3213/3213
f 3211/3211 3213/3213 3214/3214
f 3153/3153 3152/3152 3210/3210
f 3153/3153 3210/3210 3222/3222
f 3152/3152 3151/3151 3212/3212
f 3152/3152 3212/3212 3210/3210
f 3151/3151 3149/3149 3216/3216
f 3151/3151 3216/3216 3212/3212
f 3149/3149 3215/3215 3227/3227
f 3149/3149 3227/3227 3216/3216
f 3216/3216 3227/3227 3239/3239
f 3216/3216 3239/3239 3217/3217
f 3217/3217 3239/3239 3218/3218
f 3217/3217 3218/3218 3213/3213
f 3213/3213 3218/3218 3385/3385
f 3213/3213 3385/3385 3372/3372
f 3214/3214 3213/3213 3372/3372
f 3214/3214 3372/3372 3376/3376
f 3221/3221 3214/3214 3376/3376
f 3221/3221 3376/3376 3366/3366
f 3219/3219 3221/3221 3366/3366
f 3219/3219 3366/3366 3369/3369
f 3220/3220 3223/3223 3221/3221
f 3220/3220 3221/3221 3219/3219
f 3222/3222 3210/3210 3223/3223
f 3222/3222 3223/3223 3220/3220
f 3228/3228 3224/3224 3225/3225
f 3228/3228 3225/3225 3226/3226
f 3224/3224 3231/3231 3233/3233
f 3224/3224 3233/3233 3225/3225
f 3226/3226 3225/3225 3234/3234
f 3226/3226 3234/3234 3236/3236
f 3225/3225 3233/3233 3235/3235
f 3225/3225 3235/3235 3234/3234
f 3215/3215 3167/3167 3228/3228
f 3215/3215 3228/3228 3227/3227
f 3167/3167 3166/3166 3224/3224
f 3167/3167 3224/3224 3228/3228
f 3166/3166 3229/3229 3231/3231
f 3166/3166 3231/3231 3224/3224
f 3229/3229 3081/3081 3230/3230
f 3229/3229 3230/3230 3231/3231
f 3231/3231 3230/3230 3232/3232
f 3231/3231 3232/3232 3233/3233
f 3233/3233 3232/3232 3049/3049
f 3233/3233 3049/3049 3235/3235
f 3235/3235 3049/3049 2951/2951
f 3235/3235 2951/2951 3392/3392
f 3234/3234 3235/3235 3392/3392
f 3234/3234 3392/3392 3390/3390
f 3236/3236 3234/3234 3390/3390
f 3236/3236 3390/3390 3238/3238
f 3218/3218 3236/3236 3238/3238
f 3218/3218 3238/3238 3385/3385
f 3239/3239 3226/3226 3236/3236
f 3239/3239 3236/3236 3218/3218
f 3227/3227 3228/3228 3226/3226
f 3227/3227 3226/3226 3239/3239
f 4477/4477 4228/4228 4479/4479
f 4477/4477 4479/4479 4476/4476
f 3243/3243 3250/3250 3246/3246
f 3243/3243 3246/3246 3257/3257
f 3250/3250 3244/3244 3245/3245
f 3250/3250 3245/3245 3246/3246
f 1983/1983 1996/1996 2001/2001
f 1983/1983 2001/2001 1981/1981
f 3246/3246 3245/3245 3254/3254
f 3246/3246 3254/3254 3248/3248
f 3027/3027 2981/2981 3243/3243
f 3027/3027 3243/3243 3249/3249
f 2981/2981 2999/2999 3250/3250
f 2981/2981 3250/3250 3243/3243
f 2999/2999 3251/3251 3244/3244
f 2999/2999 3244/3244 3250/3250
f 3251/3251 3098/3098 3096/3096
f 3251/3251 3096/3096 3244/3244
f 3244/3244 3096/3096 3094/3094
f 3244/3244 3094/3094 3245/3245
f 3245/3245 3094/3094 3252/3252
f 3245/3245 3252/3252 3254/3254
f 3254/3254 3252/3252 3089/3089
f 3254/3254 3089/3089 4492/4492
f 1993/1993 1995/1995 1983/1983
f 1993/1993 1983/1983 1991/1991
f 4490/4490 4484/4484 4483/4483
f 4490/4490 4483/4483 3256/3256
f 1997/1997 738/738 726/726
f 1997/1997 726/726 1998/1998
f 1996/1996 1980/1980 1999/1999
f 1996/1996 1999/1999 2001/2001
f 2001/2001 1999/1999 1979/1979
f 2001/2001 1979/1979 2000/2000
f 3259/3259 3260/3260 3262/3262
f 3259/3259 3262/3262 3276/3276
f 3260/3260 3261/3261 3270/3270
f 3260/3260 3270/3270 3262/3262
f 3276/3276 3262/3262 3274/3274
f 3276/3276 3274/3274 3273/3273
f 3262/3262 3270/3270 3271/3271
f 3262/3262 3271/3271 3274/3274
f 3075/3075 3264/3264 3259/3259
f 3075/3075 3259/3259 3263/3263
f 3264/3264 3265/3265 3260/3260
f 3264/3264 3260/3260 3259/3259
f 3265/3265 3293/3293 3261/3261
f 3265/3265 3261/3261 3260/3260
f 3293/3293 777/777 3267/3267
f 3293/3293 3267/3267 3261/3261
f 3261/3261 3267/3267 3269/3269
f 3261/3261 3269/3269 3270/3270
f 3270/3270 3269/3269 761/761
f 3270/3270 761/761 3271/3271
f 3271/3271 761/761 3306/3306
f 3271/3271 3306/3306 3304/3304
f 3274/3274 3271/3271 3304/3304
f 3274/3274 3304/3304 3272/3272
f 3273/3273 3274/3274 3272/3272
f 3273/3273 3272/3272 3275/3275
f 3076/3076 3273/3273 3275/3275
f 3076/3076 3275/3275 3041/3041
f 3277/3277 3276/3276 3273/3273
f 3277/3277 3273/3273 3076/3076
f 3263/3263 3259/3259 3276/3276
f 3263/3263 3276/3276 3277/3277
f 3278/3278 3284/3284 3279/3279
f 3278/3278 3279/3279 3280/3280
f 3284/3284 3287/3287 3281/3281
f 3284/3284 3281/3281 3279/3279
f 3280/3280 3279/3279 3282/3282
f 3280/3280 3282/3282 3296/3296
f 3279/3279 3281/3281 3292/3292
f 3279/3279 3292/3292 3282/3282
f 3019/3019 3016/3016 3278/3278
f 3019/3019 3278/3278 3283/3283
f 3016/3016 3014/3014 3284/3284
f 3016/3016 3284/3284 3278/3278
f 3014/3014 3286/3286 3287/3287
f 3014/3014 3287/3287 3284/3284
f 3286/3286 497/497 782/782
f 3286/3286 782/782 3287/3287
f 3287/3287 782/782 3289/3289
f 3287/3287 3289/3289 3281/3281
f 3281/3281 3289/3289 3291/3291
f 3281/3281 3291/3291 3292/3292
f 3292/3292 3291/3291 777/777
f 3292/3292 777/777 3294/3294
f 3282/3282 3292/3292 3294/3294
f 3282/3282 3294/3294 3265/3265
f 3296/3296 3282/3282 3265/3265
f 3296/3296 3265/3265 3264/3264
f 3295/3295 3296/3296 3264/3264
f 3295/3295 3264/3264 3075/3075
f 3297/3297 3280/3280 3296/3296
f 3297/3297 3296/3296 3295/3295
f 3283/3283 3278/3278 3280/3280
f 3283/3283 3280/3280 3297/3297
f 3315/3315 3299/3299 3301/3301
f 3315/3315 3301/3301 3298/3298
f 3299/3299 3307/3307 3302/3302
f 3299/3299 3302/3302 3301/3301
f 3298/3298 3301/3301 3303/3303
f 3298/3298 3303/3303 3300/3300
f 3301/3301 3302/3302 3308/3308
f 3301/3301 3308/3308 3303/3303
f 3041/3041 3275/3275 3315/3315
f 3041/3041 3315/3315 3042/3042
f 3275/3275 3272/3272 3299/3299
f 3275/3275 3299/3299 3315/3315
f 3272/3272 3304/3304 3307/3307
f 3272/3272 3307/3307 3299/3299
f 3304/3304 3306/3306 802/802
f 3304/3304 802/802 3307/3307
f 3307/3307 802/802 799/799
f 3307/3307 799/799 3302/3302
f 3302/3302 799/799 3310/3310
f 3302/3302 3310/3310 3308/3308
f 3308/3308 3310/3310 796/796
f 3308/3308 796/796 3327/3327
f 3303/3303 3308/3308 3327/3327
f 3303/3303 3327/3327 3312/3312
f 3300/3300 3303/3303 3312/3312
f 3300/3300 3312/3312 3314/3314
f 3044/3044 3300/3300 3314/3314
f 3044/3044 3314/3314 2959/2959
f 3316/3316 3298/3298 3300/3300
f 3316/3316 3300/3300 3044/3044
f 3042/3042 3315/3315 3298/3298
f 3042/3042 3298/3298 3316/3316
f 3331/3331 3322/3322 3317/3317
f 3331/3331 3317/3317 3330/3330
f 3322/3322 3324/3324 3325/3325
f 3322/3322 3325/3325 3317/3317
f 3330/3330 3317/3317 3318/3318
f 3330/3330 3318/3318 3329/3329
f 3317/3317 3325/3325 3319/3319
f 3317/3317 3319/3319 3318/3318
f 3320/3320 2962/2962 3331/3331
f 3320/3320 3331/3331 3540/3540
f 2962/2962 3321/3321 3322/3322
f 2962/2962 3322/3322 3331/3331
f 3321/3321 3323/3323 3324/3324
f 3321/3321 3324/3324 3322/3322
f 3323/3323 2958/2958 3313/3313
f 3323/3323 3313/3313 3324/3324
f 3324/3324 3313/3313 3311/3311
f 3324/3324 3311/3311 3325/3325
f 3325/3325 3311/3311 3326/3326
f 3325/3325 3326/3326 3319/3319
f 3319/3319 3326/3326 794/794
f 3319/3319 794/794 3328/3328
f 3318/3318 3319/3319 3328/3328
f 3318/3318 3328/3328 814/814
f 3329/3329 3318/3318 814/814
f 3329/3329 814/814 813/813
f 3542/3542 3329/3329 813/813
f 3542/3542 813/813 3527/3527
f 3545/3545 3330/3330 3329/3329
f 3545/3545 3329/3329 3542/3542
f 3540/3540 3331/3331 3330/3330
f 3540/3540 3330/3330 3545/3545
f 3336/3336 3340/3340 3332/3332
f 3336/3336 3332/3332 3334/3334
f 3340/3340 3333/3333 3335/3335
f 3340/3340 3335/3335 3332/3332
f 3334/3334 3332/3332 3344/3344
f 3334/3334 3344/3344 3343/3343
f 3332/3332 3335/3335 3342/3342
f 3332/3332 3342/3342 3344/3344
f 3368/3368 3367/3367 3336/3336
f 3368/3368 3336/3336 3337/3337
f 3367/3367 3364/3364 3340/3340
f 3367/3367 3340/3340 3336/3336
f 3364/3364 3339/3339 3333/3333
f 3364/3364 3333/3333 3340/3340
f 3339/3339 3413/3413 3617/3617
f 3339/3339 3617/3617 3333/3333
f 3333/3333 3617/3617 3341/3341
f 3333/3333 3341/3341 3335/3335
f 3335/3335 3341/3341 3623/3623
f 3335/3335 3623/3623 3342/3342
f 3342/3342 3623/3623 4813/4813
f 3342/3342 4813/4813 4585/4585
f 3344/3344 3342/3342 4585/4585
f 3344/3344 4585/4585 4584/4584
f 3343/3343 3344/3344 4584/4584
f 3343/3343 4584/4584 3347/3347
f 3345/3345 3343/3343 3347/3347
f 3345/3345 3347/3347 3348/3348
f 3351/3351 3334/3334 3343/3343
f 3351/3351 3343/3343 3345/3345
f 3337/3337 3336/3336 3334/3334
f 3337/3337 3334/3334 3351/3351
f 3373/3373 3353/3353 3354/3354
f 3373/3373 3354/3354 3374/3374
f 3353/3353 3356/3356 3361/3361
f 3353/3353 3361/3361 3354/3354
f 3374/3374 3354/3354 3363/3363
f 3374/3374 3363/3363 3370/3370
f 3354/3354 3361/3361 3362/3362
f 3354/3354 3362/3362 3363/3363
f 3383/3383 3388/3388 3373/3373
f 3383/3383 3373/3373 3371/3371
f 3388/3388 3355/3355 3353/3353
f 3388/3388 3353/3353 3373/3373
f 3355/3355 3401/3401 3356/3356
f 3355/3355 3356/3356 3353/3353
f 3401/3401 3402/3402 3357/3357
f 3401/3401 3357/3357 3356/3356
f 3356/3356 3357/3357 3360/3360
f 3356/3356 3360/3360 3361/3361
f 3361/3361 3360/3360 3414/3414
f 3361/3361 3414/3414 3362/3362
f 3362/3362 3414/3414 3413/3413
f 3362/3362 3413/3413 3339/3339
f 3363/3363 3362/3362 3339/3339
f 3363/3363 3339/3339 3364/3364
f 3370/3370 3363/3363 3364/3364
f 3370/3370 3364/3364 3367/3367
f 3365/3365 3370/3370 3367/3367
f 3365/3365 3367/3367 3368/3368
f 3375/3375 3374/3374 3370/3370
f 3375/3375 3370/3370 3365/3365
f 3371/3371 3373/3373 3374/3374
f 3371/3371 3374/3374 3375/3375
f 3386/3386 3377/3377 3380/3380
f 3386/3386 3380/3380 3403/3403
f 3377/3377 3378/3378 3379/3379
f 3377/3377 3379/3379 3380/3380
f 3403/3403 3380/3380 3382/3382
f 3403/3403 3382/3382 3395/3395
f 3380/3380 3379/3379 3381/3381
f 3380/3380 3381/3381 3382/3382
f 3384/3384 3237/3237 3386/3386
f 3384/3384 3386/3386 3387/3387
f 3237/3237 3389/3389 3377/3377
f 3237/3237 3377/3377 3386/3386
f 3389/3389 3391/3391 3378/3378
f 3389/3389 3378/3378 3377/3377
f 3391/3391 2950/2950 3394/3394
f 3391/3391 3394/3394 3378/3378
f 3378/3378 3394/3394 2948/2948
f 3378/3378 2948/2948 3379/3379
f 3379/3379 2948/2948 2945/2945
f 3379/3379 2945/2945 3381/3381
f 3381/3381 2945/2945 2944/2944
f 3381/3381 2944/2944 3420/3420
f 3382/3382 3381/3381 3420/3420
f 3382/3382 3420/3420 3397/3397
f 3395/3395 3382/3382 3397/3397
f 3395/3395 3397/3397 3398/3398
f 3400/3400 3395/3395 3398/3398
f 3400/3400 3398/3398 3402/3402
f 3355/3355 3403/3403 3395/3395
f 3355/3355 3395/3395 3400/3400
f 3387/3387 3386/3386 3403/3403
f 3387/3387 3403/3403 3355/3355
f 3404/3404 3405/3405 3406/3406
f 3404/3404 3406/3406 3408/3408
f 3405/3405 3416/3416 3407/3407
f 3405/3405 3407/3407 3406/3406
f 3408/3408 3406/3406 3418/3418
f 3408/3408 3418/3418 3419/3419
f 3406/3406 3407/3407 3417/3417
f 3406/3406 3417/3417 3418/3418
f 3320/3320 3412/3412 3404/3404
f 3320/3320 3404/3404 3409/3409
f 3412/3412 3585/3585 3405/3405
f 3412/3412 3405/3405 3404/3404
f 3585/3585 3581/3581 3416/3416
f 3585/3585 3416/3416 3405/3405
f 3581/3581 3413/3413 3415/3415
f 3581/3581 3415/3415 3416/3416
f 3416/3416 3415/3415 3359/3359
f 3416/3416 3359/3359 3407/3407
f 3407/3407 3359/3359 3358/3358
f 3407/3407 3358/3358 3417/3417
f 3417/3417 3358/3358 3402/3402
f 3417/3417 3402/3402 3399/3399
f 3418/3418 3417/3417 3399/3399
f 3418/3418 3399/3399 3396/3396
f 3419/3419 3418/3418 3396/3396
f 3419/3419 3396/3396 3420/3420
f 3421/3421 3419/3419 3420/3420
f 3421/3421 3420/3420 2944/2944
f 2965/2965 3408/3408 3419/3419
f 2965/2965 3419/3419 3421/3421
f 3409/3409 3404/3404 3408/3408
f 3409/3409 3408/3408 2965/2965
f 3455/3455 3432/3432 3423/3423
f 3455/3455 3423/3423 3424/3424
f 3432/3432 3437/3437 3425/3425
f 3432/3432 3425/3425 3423/3423
f 3424/3424 3423/3423 3427/3427
f 3424/3424 3427/3427 3447/3447
f 3423/3423 3425/3425 3426/3426
f 3423/3423 3426/3426 3427/3427
f 3620/3620 3428/3428 3455/3455
f 3620/3620 3455/3455 3429/3429
f 3428/3428 3431/3431 3432/3432
f 3428/3428 3432/3432 3455/3455
f 3431/3431 3490/3490 3437/3437
f 3431/3431 3437/3437 3432/3432
f 3490/3490 3434/3434 3436/3436
f 3490/3490 3436/3436 3437/3437
f 3437/3437 3436/3436 3439/3439
f 3437/3437 3439/3439 3425/3425
f 3425/3425 3439/3439 3441/3441
f 3425/3425 3441/3441 3426/3426
f 3426/3426 3441/3441 3443/3443
f 3426/3426 3443/3443 3444/3444
f 3427/3427 3426/3426 3444/3444
f 3427/3427 3444/3444 3445/3445
f 3447/3447 3427/3427 3445/3445
f 3447/3447 3445/3445 4660/4660
f 3448/3448 3447/3447 4660/4660
f 3448/3448 4660/4660 3452/3452
f 3454/3454 3424/3424 3447/3447
f 3454/3454 3447/3447 3448/3448
f 3429/3429 3455/3455 3424/3424
f 3429/3429 3424/3424 3454/3454
f 3461/3461 3460/3460 3457/3457
f 3461/3461 3457/3457 3471/3471
f 3460/3460 3464/3464 3456/3456
f 3460/3460 3456/3456 3457/3457
f 3471/3471 3457/3457 3458/3458
f 3471/3471 3458/3458 3459/3459
f 3457/3457 3456/3456 3466/3466
f 3457/3457 3466/3466 3458/3458
f 3606/3606 3603/3603 3461/3461
f 3606/3606 3461/3461 3478/3478
f 3603/3603 3602/3602 3460/3460
f 3603/3603 3460/3460 3461/3461
f 3602/3602 3462/3462 3464/3464
f 3602/3602 3464/3464 3460/3460
f 3462/3462 3556/3556 3514/3514
f 3462/3462 3514/3514 3464/3464
f 3464/3464 3514/3514 3509/3509
f 3464/3464 3509/3509 3456/3456
f 3456/3456 3509/3509 3465/3465
f 3456/3456 3465/3465 3466/3466
f 3466/3466 3465/3465 2612/2612
f 3466/3466 2612/2612 3468/3468
f 3458/3458 3466/3466 3468/3468
f 3458/3458 3468/3468 2610/2610
f 3459/3459 3458/3458 2610/2610
f 3459/3459 2610/2610 3470/3470
f 3472/3472 3459/3459 3470/3470
f 3472/3472 3470/3470 3483/3483
f 3480/3480 3471/3471 3459/3459
f 3480/3480 3459/3459 3472/3472
f 3478/3478 3461/3461 3471/3471
f 3478/3478 3471/3471 3480/3480
f 3492/3492 3474/3474 3475/3475
f 3492/3492 3475/3475 3476/3476
f 3474/3474 3481/3481 3488/3488
f 3474/3474 3488/3488 3475/3475
f 3476/3476 3475/3475 3477/3477
f 3476/3476 3477/3477 3491/3491
f 3475/3475 3488/3488 3489/3489
f 3475/3475 3489/3489 3477/3477
f 3605/3605 3478/3478 3492/3492
f 3605/3605 3492/3492 3571/3571
f 3478/3478 3479/3479 3474/3474
f 3478/3478 3474/3474 3492/3492
f 3479/3479 3473/3473 3481/3481
f 3479/3479 3481/3481 3474/3474
f 3473/3473 3483/3483 3485/3485
f 3473/3473 3485/3485 3481/3481
f 3481/3481 3485/3485 3487/3487
f 3481/3481 3487/3487 3488/3488
f 3488/3488 3487/3487 2592/2592
f 3488/3488 2592/2592 3489/3489
f 3489/3489 2592/2592 3434/3434
f 3489/3489 3434/3434 3490/3490
f 3477/3477 3489/3489 3490/3490
f 3477/3477 3490/3490 3431/3431
f 3491/3491 3477/3477 3431/3431
f 3491/3491 3431/3431 3428/3428
f 3575/3575 3491/3491 3428/3428
f 3575/3575 3428/3428 3620/3620
f 3572/3572 3476/3476 3491/3491
f 3572/3572 3491/3491 3575/3575
f 3571/3571 3492/3492 3476/3476
f 3571/3571 3476/3476 3572/3572
f 3500/3500 3493/3493 3496/3496
f 3500/3500 3496/3496 3495/3495
f 3493/3493 3494/3494 3504/3504
f 3493/3493 3504/3504 3496/3496
f 3495/3495 3496/3496 3511/3511
f 3495/3495 3511/3511 3518/3518
f 3496/3496 3504/3504 3497/3497
f 3496/3496 3497/3497 3511/3511
f 990/990 992/992 3500/3500
f 990/990 3500/3500 3519/3519
f 992/992 3498/3498 3493/3493
f 992/992 3493/3493 3500/3500
f 3498/3498 3501/3501 3494/3494
f 3498/3498 3494/3494 3493/3493
f 3501/3501 127/127 3503/3503
f 3501/3501 3503/3503 3494/3494
f 3494/3494 3503/3503 3506/3506
f 3494/3494 3506/3506 3504/3504
f 3504/3504 3506/3506 3508/3508
f 3504/3504 3508/3508 3497/3497
f 3497/3497 3508/3508 2612/2612
f 3497/3497 2612/2612 3465/3465
f 3511/3511 3497/3497 3465/3465
f 3511/3511 3465/3465 3510/3510
f 3518/3518 3511/3511 3510/3510
f 3518/3518 3510/3510 3515/3515
f 3512/3512 3518/3518 3515/3515
f 3512/3512 3515/3515 3556/3556
f 3517/3517 3495/3495 3518/3518
f 3517/3517 3518/3518 3512/3512
f 3519/3519 3500/3500 3495/3495
f 3519/3519 3495/3495 3517/3517
f 3530/3530 3521/3521 3523/3523
f 3530/3530 3523/3523 3522/3522
f 3521/3521 3531/3531 3534/3534
f 3521/3521 3534/3534 3523/3523
f 3522/3522 3523/3523 3538/3538
f 3522/3522 3538/3538 3539/3539
f 3523/3523 3534/3534 3536/3536
f 3523/3523 3536/3536 3538/3538
f 3526/3526 3529/3529 3530/3530
f 3526/3526 3530/3530 3543/3543
f 3529/3529 1027/1027 3521/3521
f 3529/3529 3521/3521 3530/3530
f 1027/1027 3533/3533 3531/3531
f 1027/1027 3531/3531 3521/3521
f 3533/3533 1025/1025 3551/3551
f 3533/3533 3551/3551 3531/3531
f 3531/3531 3551/3551 3563/3563
f 3531/3531 3563/3563 3534/3534
f 3534/3534 3563/3563 3535/3535
f 3534/3534 3535/3535 3536/3536
f 3536/3536 3535/3535 3537/3537
f 3536/3536 3537/3537 3594/3594
f 3538/3538 3536/3536 3594/3594
f 3538/3538 3594/3594 3593/3593
f 3539/3539 3538/3538 3593/3593
f 3539/3539 3593/3593 3590/3590
f 3541/3541 3539/3539 3590/3590
f 3541/3541 3590/3590 3320/3320
f 3544/3544 3522/3522 3539/3539
f 3544/3544 3539/3539 3541/3541
f 3543/3543 3530/3530 3522/3522
f 3543/3543 3522/3522 3544/3544
f 3552/3552 3546/3546 3549/3549
f 3552/3552 3549/3549 3547/3547
f 3546/3546 3555/3555 3548/3548
f 3546/3546 3548/3548 3549/3549
f 3547/3547 3549/3549 3559/3559
f 3547/3547 3559/3559 3560/3560
f 3549/3549 3548/3548 3550/3550
f 3549/3549 3550/3550 3559/3559
f 1025/1025 1034/1034 3552/3552
f 1025/1025 3552/3552 3551/3551
f 1034/1034 1048/1048 3546/3546
f 1034/1034 3546/3546 3552/3552
f 1048/1048 3554/3554 3555/3555
f 1048/1048 3555/3555 3546/3546
f 3554/3554 988/988 3520/3520
f 3554/3554 3520/3520 3555/3555
f 3555/3555 3520/3520 3516/3516
f 3555/3555 3516/3516 3548/3548
f 3548/3548 3516/3516 3513/3513
f 3548/3548 3513/3513 3550/3550
f 3550/3550 3513/3513 3557/3557
f 3550/3550 3557/3557 3599/3599
f 3559/3559 3550/3550 3599/3599
f 3559/3559 3599/3599 3598/3598
f 3560/3560 3559/3559 3598/3598
f 3560/3560 3598/3598 3561/3561
f 3535/3535 3560/3560 3561/3561
f 3535/3535 3561/3561 3537/3537
f 3563/3563 3547/3547 3560/3560
f 3563/3563 3560/3560 3535/3535
f 3551/3551 3552/3552 3547/3547
f 3551/3551 3547/3547 3563/3563
f 3583/3583 3564/3564 3565/3565
f 3583/3583 3565/3565 3584/3584
f 3564/3564 3568/3568 3567/3567
f 3564/3564 3567/3567 3565/3565
f 3584/3584 3565/3565 3566/3566
f 3584/3584 3566/3566 3578/3578
f 3565/3565 3567/3567 3574/3574
f 3565/3565 3574/3574 3566/3566
f 3320/3320 3592/3592 3583/3583
f 3320/3320 3583/3583 3411/3411
f 3592/3592 3609/3609 3564/3564
f 3592/3592 3564/3564 3583/3583
f 3609/3609 3569/3569 3568/3568
f 3609/3609 3568/3568 3564/3564
f 3569/3569 3608/3608 3570/3570
f 3569/3569 3570/3570 3568/3568
f 3568/3568 3570/3570 3573/3573
f 3568/3568 3573/3573 3567/3567
f 3567/3567 3573/3573 3576/3576
f 3567/3567 3576/3576 3574/3574
f 3574/3574 3576/3576 3619/3619
f 3574/3574 3619/3619 3577/3577
f 3566/3566 3574/3574 3577/3577
f 3566/3566 3577/3577 3579/3579
f 3578/3578 3566/3566 3579/3579
f 3578/3578 3579/3579 3582/3582
f 3580/3580 3578/3578 3582/3582
f 3580/3580 3582/3582 3413/3413
f 3586/3586 3584/3584 3578/3578
f 3586/3586 3578/3578 3580/3580
f 3411/3411 3583/3583 3584/3584
f 3411/3411 3584/3584 3586/3586
f 3610/3610 3595/3595 3587/3587
f 3610/3610 3587/3587 3588/3588
f 3595/3595 3596/3596 3597/3597
f 3595/3595 3597/3597 3587/3587
f 3588/3588 3587/3587 3589/3589
f 3588/3588 3589/3589 3601/3601
f 3587/3587 3597/3597 3600/3600
f 3587/3587 3600/3600 3589/3589
f 3320/3320 3590/3590 3610/3610
f 3320/3320 3610/3610 3591/3591
f 3590/3590 3593/3593 3595/3595
f 3590/3590 3595/3595 3610/3610
f 3593/3593 3594/3594 3596/3596
f 3593/3593 3596/3596 3595/3595
f 3594/3594 3537/3537 3562/3562
f 3594/3594 3562/3562 3596/3596
f 3596/3596 3562/3562 3598/3598
f 3596/3596 3598/3598 3597/3597
f 3597/3597 3598/3598 3599/3599
f 3597/3597 3599/3599 3600/3600
f 3600/3600 3599/3599 3558/3558
f 3600/3600 3558/3558 3463/3463
f 3589/3589 3600/3600 3463/3463
f 3589/3589 3463/3463 3602/3602
f 3601/3601 3589/3589 3602/3602
f 3601/3601 3602/3602 3604/3604
f 3569/3569 3601/3601 3604/3604
f 3569/3569 3604/3604 3607/3607
f 3609/3609 3588/3588 3601/3601
f 3609/3609 3601/3601 3569/3569
f 3591/3591 3610/3610 3588/3588
f 3591/3591 3588/3588 3609/3609
f 3618/3618 3612/3612 3613/3613
f 3618/3618 3613/3613 3611/3611
f 3612/3612 3621/3621 3616/3616
f 3612/3612 3616/3616 3613/3613
f 3611/3611 3613/3613 3614/3614
f 3611/3611 3614/3614 3615/3615
f 3613/3613 3616/3616 3622/3622
f 3613/3613 3622/3622 3614/3614
f 3413/3413 3582/3582 3618/3618
f 3413/3413 3618/3618 3617/3617
f 3582/3582 3579/3579 3612/3612
f 3582/3582 3612/3612 3618/3618
f 3579/3579 3577/3577 3621/3621
f 3579/3579 3621/3621 3612/3612
f 3577/3577 3619/3619 3430/3430
f 3577/3577 3430/3430 3621/3621
f 3621/3621 3430/3430 3453/3453
f 3621/3621 3453/3453 3616/3616
f 3616/3616 3453/3453 3449/3449
f 3616/3616 3449/3449 3622/3622
f 3622/3622 3449/3449 3451/3451
f 3622/3622 3451/3451 4819/4819
f 3614/3614 3622/3622 4819/4819
f 3614/3614 4819/4819 4816/4816
f 3615/3615 3614/3614 4816/4816
f 3615/3615 4816/4816 3624/3624
f 3623/3623 3615/3615 3624/3624
f 3623/3623 3624/3624 4813/4813
f 3341/3341 3611/3611 3615/3615
f 3341/3341 3615/3615 3623/3623
f 3617/3617 3618/3618 3611/3611
f 3617/3617 3611/3611 3341/3341
f 3625/3625 3626/3626 3627/3627
f 3625/3625 3627/3627 3628/3628
f 3626/3626 3629/3629 3630/3630
f 3626/3626 3630/3630 3627/3627
f 3628/3628 3627/3627 3631/3631
f 3628/3628 3631/3631 3632/3632
f 3627/3627 3630/3630 3633/3633
f 3627/3627 3633/3633 3631/3631
f 3634/3634 3636/3636 3625/3625
f 3634/3634 3625/3625 3638/3638
f 3636/3636 1130/1130 3626/3626
f 3636/3636 3626/3626 3625/3625
f 1130/1130 1128/1128 3629/3629
f 1130/1130 3629/3629 3626/3626
f 1128/1128 2916/2916 2918/2918
f 1128/1128 2918/2918 3629/3629
f 3629/3629 2918/2918 2928/2928
f 3629/3629 2928/2928 3630/3630
f 3630/3630 2928/2928 2927/2927
f 3630/3630 2927/2927 3633/3633
f 3633/3633 2927/2927 2892/2892
f 3633/3633 2892/2892 3639/3639
f 3631/3631 3633/3633 3639/3639
f 3631/3631 3639/3639 3640/3640
f 3632/3632 3631/3631 3640/3640
f 3632/3632 3640/3640 3641/3641
f 3703/3703 3632/3632 3641/3641
f 3703/3703 3641/3641 2557/2557
f 3642/3642 3628/3628 3632/3632
f 3642/3642 3632/3632 3703/3703
f 3638/3638 3625/3625 3628/3628
f 3638/3638 3628/3628 3642/3642
f 3643/3643 3644/3644 3645/3645
f 3643/3643 3645/3645 3646/3646
f 3644/3644 3647/3647 3648/3648
f 3644/3644 3648/3648 3645/3645
f 3646/3646 3645/3645 3649/3649
f 3646/3646 3649/3649 3650/3650
f 3645/3645 3648/3648 3651/3651
f 3645/3645 3651/3651 3649/3649
f 2557/2557 3641/3641 3643/3643
f 2557/2557 3643/3643 2559/2559
f 3641/3641 3640/3640 3644/3644
f 3641/3641 3644/3644 3643/3643
f 3640/3640 3639/3639 3647/3647
f 3640/3640 3647/3647 3644/3644
f 3639/3639 2892/2892 2894/2894
f 3639/3639 2894/2894 3647/3647
f 3647/3647 2894/2894 2906/2906
f 3647/3647 2906/2906 3648/3648
f 3648/3648 2906/2906 2905/2905
f 3648/3648 2905/2905 3651/3651
f 3651/3651 2905/2905 2874/2874
f 3651/3651 2874/2874 3652/3652
f 3649/3649 3651/3651 3652/3652
f 3649/3649 3652/3652 3653/3653
f 3650/3650 3649/3649 3653/3653
f 3650/3650 3653/3653 3654/3654
f 2562/2562 3650/3650 3654/3654
f 2562/2562 3654/3654 2537/2537
f 2560/2560 3646/3646 3650/3650
f 2560/2560 3650/3650 2562/2562
f 2559/2559 3643/3643 3646/3646
f 2559/2559 3646/3646 2560/2560
f 3655/3655 3656/3656 3657/3657
f 3655/3655 3657/3657 3658/3658
f 3656/3656 3659/3659 3660/3660
f 3656/3656 3660/3660 3657/3657
f 3658/3658 3657/3657 3661/3661
f 3658/3658 3661/3661 3662/3662
f 3657/3657 3660/3660 3663/3663
f 3657/3657 3663/3663 3661/3661
f 2537/2537 3654/3654 3655/3655
f 2537/2537 3655/3655 2538/2538
f 3654/3654 3653/3653 3656/3656
f 3654/3654 3656/3656 3655/3655
f 3653/3653 3652/3652 3659/3659
f 3653/3653 3659/3659 3656/3656
f 3652/3652 2874/2874 2876/2876
f 3652/3652 2876/2876 3659/3659
f 3659/3659 2876/2876 2882/2882
f 3659/3659 2882/2882 3660/3660
f 3660/3660 2882/2882 2881/2881
f 3660/3660 2881/2881 3663/3663
f 3663/3663 2881/2881 2848/2848
f 3663/3663 2848/2848 3664/3664
f 3661/3661 3663/3663 3664/3664
f 3661/3661 3664/3664 3665/3665
f 3662/3662 3661/3661 3665/3665
f 3662/3662 3665/3665 3666/3666
f 2539/2539 3662/3662 3666/3666
f 2539/2539 3666/3666 3667/3667
f 3669/3669 3658/3658 3662/3662
f 3669/3669 3662/3662 2539/2539
f 2538/2538 3655/3655 3658/3658
f 2538/2538 3658/3658 3669/3669
f 3670/3670 3671/3671 3672/3672
f 3670/3670 3672/3672 3673/3673
f 3671/3671 3674/3674 3675/3675
f 3671/3671 3675/3675 3672/3672
f 3673/3673 3672/3672 3676/3676
f 3673/3673 3676/3676 3677/3677
f 3672/3672 3675/3675 3678/3678
f 3672/3672 3678/3678 3676/3676
f 3667/3667 3666/3666 3670/3670
f 3667/3667 3670/3670 2514/2514
f 3666/3666 3665/3665 3671/3671
f 3666/3666 3671/3671 3670/3670
f 3665/3665 3664/3664 3674/3674
f 3665/3665 3674/3674 3671/3671
f 3664/3664 2848/2848 2850/2850
f 3664/3664 2850/2850 3674/3674
f 3674/3674 2850/2850 2864/2864
f 3674/3674 2864/2864 3675/3675
f 3675/3675 2864/2864 2862/2862
f 3675/3675 2862/2862 3678/3678
f 3678/3678 2862/2862 2863/2863
f 3678/3678 2863/2863 3679/3679
f 3676/3676 3678/3678 3679/3679
f 3676/3676 3679/3679 3681/3681
f 3677/3677 3676/3676 3681/3681
f 3677/3677 3681/3681 3682/3682
f 2517/2517 3677/3677 3682/3682
f 2517/2517 3682/3682 3683/3683
f 2516/2516 3673/3673 3677/3677
f 2516/2516 3677/3677 2517/2517
f 2514/2514 3670/3670 3673/3673
f 2514/2514 3673/3673 2516/2516
f 3684/3684 3685/3685 3686/3686
f 3684/3684 3686/3686 3687/3687
f 3685/3685 3688/3688 3689/3689
f 3685/3685 3689/3689 3686/3686
f 3687/3687 3686/3686 3690/3690
f 3687/3687 3690/3690 3691/3691
f 3686/3686 3689/3689 3692/3692
f 3686/3686 3692/3692 3690/3690
f 2553/2553 3693/3693 3684/3684
f 2553/2553 3684/3684 2554/2554
f 3693/3693 3694/3694 3685/3685
f 3693/3693 3685/3685 3684/3684
f 3694/3694 3695/3695 3688/3688
f 3694/3694 3688/3688 3685/3685
f 3695/3695 3696/3696 1197/1197
f 3695/3695 1197/1197 3688/3688
f 3688/3688 1197/1197 3698/3698
f 3688/3688 3698/3698 3689/3689
f 3689/3689 3698/3698 3700/3700
f 3689/3689 3700/3700 3692/3692
f 3692/3692 3700/3700 3634/3634
f 3692/3692 3634/3634 3638/3638
f 3690/3690 3692/3692 3638/3638
f 3690/3690 3638/3638 3642/3642
f 3691/3691 3690/3690 3642/3642
f 3691/3691 3642/3642 3702/3702
f 2556/2556 3691/3691 3702/3702
f 2556/2556 3702/3702 2557/2557
f 2555/2555 3687/3687 3691/3691
f 2555/2555 3691/3691 2556/2556
f 2554/2554 3684/3684 3687/3687
f 2554/2554 3687/3687 2555/2555
f 3704/3704 3705/3705 3706/3706
f 3704/3704 3706/3706 3707/3707
f 3705/3705 3708/3708 3709/3709
f 3705/3705 3709/3709 3706/3706
f 3707/3707 3706/3706 3710/3710
f 3707/3707 3710/3710 3711/3711
f 3706/3706 3709/3709 3712/3712
f 3706/3706 3712/3712 3710/3710
f 2616/2616 2639/2639 3704/3704
f 2616/2616 3704/3704 3713/3713
f 2639/2639 2638/2638 3705/3705
f 2639/2639 3705/3705 3704/3704
f 2638/2638 2637/2637 3708/3708
f 2638/2638 3708/3708 3705/3705
f 2637/2637 2635/2635 1213/1213
f 2637/2637 1213/1213 3708/3708
f 3708/3708 1213/1213 3714/3714
f 3708/3708 3714/3714 3709/3709
f 3709/3709 3714/3714 3716/3716
f 3709/3709 3716/3716 3712/3712
f 3712/3712 3716/3716 3696/3696
f 3712/3712 3696/3696 3695/3695
f 3710/3710 3712/3712 3695/3695
f 3710/3710 3695/3695 3694/3694
f 3711/3711 3710/3710 3694/3694
f 3711/3711 3694/3694 3693/3693
f 3718/3718 3711/3711 3693/3693
f 3718/3718 3693/3693 2553/2553
f 3719/3719 3707/3707 3711/3711
f 3719/3719 3711/3711 3718/3718
f 3713/3713 3704/3704 3707/3707
f 3713/3713 3707/3707 3719/3719
f 3720/3720 3721/3721 3722/3722
f 3720/3720 3722/3722 3723/3723
f 3721/3721 3724/3724 3725/3725
f 3721/3721 3725/3725 3722/3722
f 3723/3723 3722/3722 3726/3726
f 3723/3723 3726/3726 3727/3727
f 3722/3722 3725/3725 3728/3728
f 3722/3722 3728/3728 3726/3726
f 2596/2596 2619/2619 3720/3720
f 2596/2596 3720/3720 3729/3729
f 2619/2619 2618/2618 3721/3721
f 2619/2619 3721/3721 3720/3720
f 2618/2618 2617/2617 3724/3724
f 2618/2618 3724/3724 3721/3721
f 2617/2617 2616/2616 3713/3713
f 2617/2617 3713/3713 3724/3724
f 3724/3724 3713/3713 3719/3719
f 3724/3724 3719/3719 3725/3725
f 3725/3725 3719/3719 3718/3718
f 3725/3725 3718/3718 3728/3728
f 3728/3728 3718/3718 2553/2553
f 3728/3728 2553/2553 2552/2552
f 3726/3726 3728/3728 2552/2552
f 3726/3726 2552/2552 2551/2551
f 3727/3727 3726/3726 2551/2551
f 3727/3727 2551/2551 2550/2550
f 3730/3730 3727/3727 2550/2550
f 3730/3730 2550/2550 2533/2533
f 3731/3731 3723/3723 3727/3727
f 3731/3731 3727/3727 3730/3730
f 3729/3729 3720/3720 3723/3723
f 3729/3729 3723/3723 3731/3731
f 3732/3732 3733/3733 3734/3734
f 3732/3732 3734/3734 3735/3735
f 3733/3733 3736/3736 3737/3737
f 3733/3733 3737/3737 3734/3734
f 3735/3735 3734/3734 3738/3738
f 3735/3735 3738/3738 3739/3739
f 3734/3734 3737/3737 3740/3740
f 3734/3734 3740/3740 3738/3738
f 2577/2577 2599/2599 3732/3732
f 2577/2577 3732/3732 3741/3741
f 2599/2599 2598/2598 3733/3733
f 2599/2599 3733/3733 3732/3732
f 2598/2598 2597/2597 3736/3736
f 2598/2598 3736/3736 3733/3733
f 2597/2597 2596/2596 3729/3729
f 2597/2597 3729/3729 3736/3736
f 3736/3736 3729/3729 3731/3731
f 3736/3736 3731/3731 3737/3737
f 3737/3737 3731/3731 3730/3730
f 3737/3737 3730/3730 3740/3740
f 3740/3740 3730/3730 2533/2533
f 3740/3740 2533/2533 2532/2532
f 3738/3738 3740/3740 2532/2532
f 3738/3738 2532/2532 2531/2531
f 3739/3739 3738/3738 2531/2531
f 3739/3739 2531/2531 2530/2530
f 3742/3742 3739/3739 2530/2530
f 3742/3742 2530/2530 2510/2510
f 3743/3743 3735/3735 3739/3739
f 3743/3743 3739/3739 3742/3742
f 3741/3741 3732/3732 3735/3735
f 3741/3741 3735/3735 3743/3743
f 3744/3744 3745/3745 3746/3746
f 3744/3744 3746/3746 3747/3747
f 3745/3745 3748/3748 3749/3749
f 3745/3745 3749/3749 3746/3746
f 3747/3747 3746/3746 3750/3750
f 3747/3747 3750/3750 3751/3751
f 3746/3746 3749/3749 3752/3752
f 3746/3746 3752/3752 3750/3750
f 2581/2581 2580/2580 3744/3744
f 2581/2581 3744/3744 3754/3754
f 2580/2580 2579/2579 3745/3745
f 2580/2580 3745/3745 3744/3744
f 2579/2579 2578/2578 3748/3748
f 2579/2579 3748/3748 3745/3745
f 2578/2578 2577/2577 3741/3741
f 2578/2578 3741/3741 3748/3748
f 3748/3748 3741/3741 3743/3743
f 3748/3748 3743/3743 3749/3749
f 3749/3749 3743/3743 3742/3742
f 3749/3749 3742/3742 3752/3752
f 3752/3752 3742/3742 2510/2510
f 3752/3752 2510/2510 2509/2509
f 3750/3750 3752/3752 2509/2509
f 3750/3750 2509/2509 2508/2508
f 3751/3751 3750/3750 2508/2508
f 3751/3751 2508/2508 2507/2507
f 3756/3756 3751/3751 2507/2507
f 3756/3756 2507/2507 3767/3767
f 3757/3757 3747/3747 3751/3751
f 3757/3757 3751/3751 3756/3756
f 3754/3754 3744/3744 3747/3747
f 3754/3754 3747/3747 3757/3757
f 3758/3758 3759/3759 3760/3760
f 3758/3758 3760/3760 3761/3761
f 3759/3759 3762/3762 3763/3763
f 3759/3759 3763/3763 3760/3760
f 3761/3761 3760/3760 3764/3764
f 3761/3761 3764/3764 3765/3765
f 3760/3760 3763/3763 3766/3766
f 3760/3760 3766/3766 3764/3764
f 3767/3767 3768/3768 3758/3758
f 3767/3767 3758/3758 3769/3769
f 3768/3768 3770/3770 3759/3759
f 3768/3768 3759/3759 3758/3758
f 3770/3770 2520/2520 3762/3762
f 3770/3770 3762/3762 3759/3759
f 2520/2520 3683/3683 3773/3773
f 2520/2520 3773/3773 3762/3762
f 3762/3762 3773/3773 3775/3775
f 3762/3762 3775/3775 3763/3763
f 3763/3763 3775/3775 4886/4886
f 3763/3763 4886/4886 3766/3766
f 3766/3766 4886/4886 3776/3776
f 3766/3766 3776/3776 3777/3777
f 3764/3764 3766/3766 3777/3777
f 3764/3764 3777/3777 3778/3778
f 3765/3765 3764/3764 3778/3778
f 3765/3765 3778/3778 3779/3779
f 3780/3780 3765/3765 3779/3779
f 3780/3780 3779/3779 3781/3781
f 3782/3782 3761/3761 3765/3765
f 3782/3782 3765/3765 3780/3780
f 3769/3769 3758/3758 3761/3761
f 3769/3769 3761/3761 3782/3782
f 3783/3783 3784/3784 3785/3785
f 3783/3783 3785/3785 3786/3786
f 3784/3784 3787/3787 3788/3788
f 3784/3784 3788/3788 3785/3785
f 3786/3786 3785/3785 3789/3789
f 3786/3786 3789/3789 3790/3790
f 3785/3785 3788/3788 3791/3791
f 3785/3785 3791/3791 3789/3789
f 3781/3781 3779/3779 3783/3783
f 3781/3781 3783/3783 3792/3792
f 3779/3779 3778/3778 3784/3784
f 3779/3779 3784/3784 3783/3783
f 3778/3778 3777/3777 3787/3787
f 3778/3778 3787/3787 3784/3784
f 3777/3777 3776/3776 3793/3793
f 3777/3777 3793/3793 3787/3787
f 3787/3787 3793/3793 3794/3794
f 3787/3787 3794/3794 3788/3788
f 3788/3788 3794/3794 4873/4873
f 3788/3788 4873/4873 3791/3791
f 3791/3791 4873/4873 3796/3796
f 3791/3791 3796/3796 3797/3797
f 3789/3789 3791/3791 3797/3797
f 3789/3789 3797/3797 3798/3798
f 3790/3790 3789/3789 3798/3798
f 3790/3790 3798/3798 3799/3799
f 3800/3800 3790/3790 3799/3799
f 3800/3800 3799/3799 3801/3801
f 3802/3802 3786/3786 3790/3790
f 3802/3802 3790/3790 3800/3800
f 3792/3792 3783/3783 3786/3786
f 3792/3792 3786/3786 3802/3802
f 3803/3803 3804/3804 3805/3805
f 3803/3803 3805/3805 3806/3806
f 3804/3804 3807/3807 3808/3808
f 3804/3804 3808/3808 3805/3805
f 3806/3806 3805/3805 3809/3809
f 3806/3806 3809/3809 3810/3810
f 3805/3805 3808/3808 3811/3811
f 3805/3805 3811/3811 3809/3809
f 3801/3801 3799/3799 3803/3803
f 3801/3801 3803/3803 3812/3812
f 3799/3799 3798/3798 3804/3804
f 3799/3799 3804/3804 3803/3803
f 3798/3798 3797/3797 3807/3807
f 3798/3798 3807/3807 3804/3804
f 3797/3797 3796/3796 4860/4860
f 3797/3797 4860/4860 3807/3807
f 3807/3807 4860/4860 4857/4857
f 3807/3807 4857/4857 3808/3808
f 3808/3808 4857/4857 3814/3814
f 3808/3808 3814/3814 3811/3811
f 3811/3811 3814/3814 3815/3815
f 3811/3811 3815/3815 3816/3816
f 3809/3809 3811/3811 3816/3816
f 3809/3809 3816/3816 3817/3817
f 3810/3810 3809/3809 3817/3817
f 3810/3810 3817/3817 3818/3818
f 3819/3819 3810/3810 3818/3818
f 3819/3819 3818/3818 3820/3820
f 3821/3821 3806/3806 3810/3810
f 3821/3821 3810/3810 3819/3819
f 3812/3812 3803/3803 3806/3806
f 3812/3812 3806/3806 3821/3821
f 3822/3822 3823/3823 3824/3824
f 3822/3822 3824/3824 3825/3825
f 3823/3823 3826/3826 3827/3827
f 3823/3823 3827/3827 3824/3824
f 3825/3825 3824/3824 3828/3828
f 3825/3825 3828/3828 3829/3829
f 3824/3824 3827/3827 3830/3830
f 3824/3824 3830/3830 3828/3828
f 3442/3442 2573/2573 3822/3822
f 3442/3442 3822/3822 4663/4663
f 2573/2573 3831/3831 3823/3823
f 2573/2573 3823/3823 3822/3822
f 3831/3831 3833/3833 3826/3826
f 3831/3831 3826/3826 3823/3823
f 3833/3833 2581/2581 3834/3834
f 3833/3833 3834/3834 3826/3826
f 3826/3826 3834/3834 3835/3835
f 3826/3826 3835/3835 3827/3827
f 3827/3827 3835/3835 3836/3836
f 3827/3827 3836/3836 3830/3830
f 3830/3830 3836/3836 3837/3837
f 3830/3830 3837/3837 3838/3838
f 3828/3828 3830/3830 3838/3838
f 3828/3828 3838/3838 3839/3839
f 3829/3829 3828/3828 3839/3839
f 3829/3829 3839/3839 3840/3840
f 3841/3841 3829/3829 3840/3840
f 3841/3841 3840/3840 4669/4669
f 4666/4666 3825/3825 3829/3829
f 4666/4666 3829/3829 3841/3841
f 4663/4663 3822/3822 3825/3825
f 4663/4663 3825/3825 4666/4666
f 3843/3843 3844/3844 3845/3845
f 3843/3843 3845/3845 3846/3846
f 3844/3844 3847/3847 3848/3848
f 3844/3844 3848/3848 3845/3845
f 3846/3846 3845/3845 3849/3849
f 3846/3846 3849/3849 3850/3850
f 3845/3845 3848/3848 3851/3851
f 3845/3845 3851/3851 3849/3849
f 4669/4669 3840/3840 3843/3843
f 4669/4669 3843/3843 4709/4709
f 3840/3840 3839/3839 3844/3844
f 3840/3840 3844/3844 3843/3843
f 3839/3839 3838/3838 3847/3847
f 3839/3839 3847/3847 3844/3844
f 3838/3838 3837/3837 3852/3852
f 3838/3838 3852/3852 3847/3847
f 3847/3847 3852/3852 3853/3853
f 3847/3847 3853/3853 3848/3848
f 3848/3848 3853/3853 3854/3854
f 3848/3848 3854/3854 3851/3851
f 3851/3851 3854/3854 3855/3855
f 3851/3851 3855/3855 3856/3856
f 3849/3849 3851/3851 3856/3856
f 3849/3849 3856/3856 3857/3857
f 3850/3850 3849/3849 3857/3857
f 3850/3850 3857/3857 3858/3858
f 4711/4711 3850/3850 3858/3858
f 4711/4711 3858/3858 3859/3859
f 3861/3861 3846/3846 3850/3850
f 3861/3861 3850/3850 4711/4711
f 4709/4709 3843/3843 3846/3846
f 4709/4709 3846/3846 3861/3861
f 3863/3863 3864/3864 3865/3865
f 3863/3863 3865/3865 3866/3866
f 3864/3864 3867/3867 3868/3868
f 3864/3864 3868/3868 3865/3865
f 3866/3866 3865/3865 3869/3869
f 3866/3866 3869/3869 3870/3870
f 3865/3865 3868/3868 3871/3871
f 3865/3865 3871/3871 3869/3869
f 3859/3859 3858/3858 3863/3863
f 3859/3859 3863/3863 4680/4680
f 3858/3858 3857/3857 3864/3864
f 3858/3858 3864/3864 3863/3863
f 3857/3857 3856/3856 3867/3867
f 3857/3857 3867/3867 3864/3864
f 3856/3856 3855/3855 3872/3872
f 3856/3856 3872/3872 3867/3867
f 3867/3867 3872/3872 3873/3873
f 3867/3867 3873/3873 3868/3868
f 3868/3868 3873/3873 3874/3874
f 3868/3868 3874/3874 3871/3871
f 3871/3871 3874/3874 3875/3875
f 3871/3871 3875/3875 3876/3876
f 3869/3869 3871/3871 3876/3876
f 3869/3869 3876/3876 3877/3877
f 3870/3870 3869/3869 3877/3877
f 3870/3870 3877/3877 3878/3878
f 4686/4686 3870/3870 3878/3878
f 4686/4686 3878/3878 3879/3879
f 4683/4683 3866/3866 3870/3870
f 4683/4683 3870/3870 4686/4686
f 4680/4680 3863/3863 3866/3866
f 4680/4680 3866/3866 4683/4683
f 3882/3882 3883/3883 3884/3884
f 3882/3882 3884/3884 3885/3885
f 3883/3883 3886/3886 3887/3887
f 3883/3883 3887/3887 3884/3884
f 3885/3885 3884/3884 3888/3888
f 3885/3885 3888/3888 3889/3889
f 3884/3884 3887/3887 3890/3890
f 3884/3884 3890/3890 3888/3888
f 3879/3879 3878/3878 3882/3882
f 3879/3879 3882/3882 3891/3891
f 3878/3878 3877/3877 3883/3883
f 3878/3878 3883/3883 3882/3882
f 3877/3877 3876/3876 3886/3886
f 3877/3877 3886/3886 3883/3883
f 3876/3876 3875/3875 3893/3893
f 3876/3876 3893/3893 3886/3886
f 3886/3886 3893/3893 3894/3894
f 3886/3886 3894/3894 3887/3887
f 3887/3887 3894/3894 3895/3895
f 3887/3887 3895/3895 3890/3890
f 3890/3890 3895/3895 1390/1390
f 3890/3890 1390/1390 1388/1388
f 3888/3888 3890/3890 1388/1388
f 3888/3888 1388/1388 1387/1387
f 3889/3889 3888/3888 1387/1387
f 3889/3889 1387/1387 3896/3896
f 4729/4729 3889/3889 3896/3896
f 4729/4729 3896/3896 2244/2244
f 3898/3898 3885/3885 3889/3889
f 3898/3898 3889/3889 4729/4729
f 3891/3891 3882/3882 3885/3885
f 3891/3891 3885/3885 3898/3898
f 3900/3900 3901/3901 3902/3902
f 3900/3900 3902/3902 3903/3903
f 3901/3901 3904/3904 3905/3905
f 3901/3901 3905/3905 3902/3902
f 3903/3903 3902/3902 3906/3906
f 3903/3903 3906/3906 3907/3907
f 3902/3902 3905/3905 3908/3908
f 3902/3902 3908/3908 3906/3906
f 2649/2649 3909/3909 3900/3900
f 2649/2649 3900/3900 3910/3910
f 3909/3909 3912/3912 3901/3901
f 3909/3909 3901/3901 3900/3900
f 3912/3912 3913/3913 3904/3904
f 3912/3912 3904/3904 3901/3901
f 3913/3913 3914/3914 3915/3915
f 3913/3913 3915/3915 3904/3904
f 3904/3904 3915/3915 3916/3916
f 3904/3904 3916/3916 3905/3905
f 3905/3905 3916/3916 3917/3917
f 3905/3905 3917/3917 3908/3908
f 3908/3908 3917/3917 4122/4122
f 3908/3908 4122/4122 3919/3919
f 3906/3906 3908/3908 3919/3919
f 3906/3906 3919/3919 4119/4119
f 3907/3907 3906/3906 4119/4119
f 3907/3907 4119/4119 4117/4117
f 3921/3921 3907/3907 4117/4117
f 3921/3921 4117/4117 2653/2653
f 2651/2651 3903/3903 3907/3907
f 2651/2651 3907/3907 3921/3921
f 3910/3910 3900/3900 3903/3903
f 3910/3910 3903/3903 2651/2651
f 3922/3922 3923/3923 3924/3924
f 3922/3922 3924/3924 3925/3925
f 3923/3923 3926/3926 3927/3927
f 3923/3923 3927/3927 3924/3924
f 3925/3925 3924/3924 3928/3928
f 3925/3925 3928/3928 3929/3929
f 3924/3924 3927/3927 3930/3930
f 3924/3924 3930/3930 3928/3928
f 3914/3914 3931/3931 3922/3922
f 3914/3914 3922/3922 3915/3915
f 3931/3931 3932/3932 3923/3923
f 3931/3931 3923/3923 3922/3922
f 3932/3932 3933/3933 3926/3926
f 3932/3932 3926/3926 3923/3923
f 3933/3933 3934/3934 3935/3935
f 3933/3933 3935/3935 3926/3926
f 3926/3926 3935/3935 3936/3936
f 3926/3926 3936/3936 3927/3927
f 3927/3927 3936/3936 3937/3937
f 3927/3927 3937/3937 3930/3930
f 3930/3930 3937/3937 4140/4140
f 3930/3930 4140/4140 3939/3939
f 3928/3928 3930/3930 3939/3939
f 3928/3928 3939/3939 3941/3941
f 3929/3929 3928/3928 3941/3941
f 3929/3929 3941/3941 3943/3943
f 3917/3917 3929/3929 3943/3943
f 3917/3917 3943/3943 4122/4122
f 3916/3916 3925/3925 3929/3929
f 3916/3916 3929/3929 3917/3917
f 3915/3915 3922/3922 3925/3925
f 3915/3915 3925/3925 3916/3916
f 3944/3944 3945/3945 3946/3946
f 3944/3944 3946/3946 3947/3947
f 3945/3945 3948/3948 3949/3949
f 3945/3945 3949/3949 3946/3946
f 3947/3947 3946/3946 3950/3950
f 3947/3947 3950/3950 3951/3951
f 3946/3946 3949/3949 3952/3952
f 3946/3946 3952/3952 3950/3950
f 3934/3934 3953/3953 3944/3944
f 3934/3934 3944/3944 3935/3935
f 3953/3953 3954/3954 3945/3945
f 3953/3953 3945/3945 3944/3944
f 3954/3954 3955/3955 3948/3948
f 3954/3954 3948/3948 3945/3945
f 3955/3955 3956/3956 3957/3957
f 3955/3955 3957/3957 3948/3948
f 3948/3948 3957/3957 3958/3958
f 3948/3948 3958/3958 3949/3949
f 3949/3949 3958/3958 3959/3959
f 3949/3949 3959/3959 3952/3952
f 3952/3952 3959/3959 3961/3961
f 3952/3952 3961/3961 4157/4157
f 3950/3950 3952/3952 4157/4157
f 3950/3950 4157/4157 3963/3963
f 3951/3951 3950/3950 3963/3963
f 3951/3951 3963/3963 3965/3965
f 3937/3937 3951/3951 3965/3965
f 3937/3937 3965/3965 4140/4140
f 3936/3936 3947/3947 3951/3951
f 3936/3936 3951/3951 3937/3937
f 3935/3935 3944/3944 3947/3947
f 3935/3935 3947/3947 3936/3936
f 3966/3966 3967/3967 3968/3968
f 3966/3966 3968/3968 3969/3969
f 3967/3967 3970/3970 3971/3971
f 3967/3967 3971/3971 3968/3968
f 3969/3969 3968/3968 3972/3972
f 3969/3969 3972/3972 3973/3973
f 3968/3968 3971/3971 3974/3974
f 3968/3968 3974/3974 3972/3972
f 3956/3956 3975/3975 3966/3966
f 3956/3956 3966/3966 3957/3957
f 3975/3975 3976/3976 3967/3967
f 3975/3975 3967/3967 3966/3966
f 3976/3976 3977/3977 3970/3970
f 3976/3976 3970/3970 3967/3967
f 3977/3977 3979/3979 1479/1479
f 3977/3977 1479/1479 3970/3970
f 3970/3970 1479/1479 3981/3981
f 3970/3970 3981/3981 3971/3971
f 3971/3971 3981/3981 3983/3983
f 3971/3971 3983/3983 3974/3974
f 3974/3974 3983/3983 1477/1477
f 3974/3974 1477/1477 4180/4180
f 3972/3972 3974/3974 4180/4180
f 3972/3972 4180/4180 4178/4178
f 3973/3973 3972/3972 4178/4178
f 3973/3973 4178/4178 4176/4176
f 3959/3959 3973/3973 4176/4176
f 3959/3959 4176/4176 3961/3961
f 3958/3958 3969/3969 3973/3973
f 3958/3958 3973/3973 3959/3959
f 3957/3957 3966/3966 3969/3969
f 3957/3957 3969/3969 3958/3958
f 3984/3984 3985/3985 3986/3986
f 3984/3984 3986/3986 3987/3987
f 3985/3985 3988/3988 3989/3989
f 3985/3985 3989/3989 3986/3986
f 3987/3987 3986/3986 3990/3990
f 3987/3987 3990/3990 3991/3991
f 3986/3986 3989/3989 3992/3992
f 3986/3986 3992/3992 3990/3990
f 3993/3993 3994/3994 3984/3984
f 3993/3993 3984/3984 3995/3995
f 3994/3994 3996/3996 3985/3985
f 3994/3994 3985/3985 3984/3984
f 3996/3996 3997/3997 3988/3988
f 3996/3996 3988/3988 3985/3985
f 3997/3997 3999/3999 4001/4001
f 3997/3997 4001/4001 3988/3988
f 3988/3988 4001/4001 1499/1499
f 3988/3988 1499/1499 3989/3989
f 3989/3989 1499/1499 1497/1497
f 3989/3989 1497/1497 3992/3992
f 3992/3992 1497/1497 3979/3979
f 3992/3992 3979/3979 3977/3977
f 3990/3990 3992/3992 3977/3977
f 3990/3990 3977/3977 3976/3976
f 3991/3991 3990/3990 3976/3976
f 3991/3991 3976/3976 3975/3975
f 4002/4002 3991/3991 3975/3975
f 4002/4002 3975/3975 3956/3956
f 4003/4003 3987/3987 3991/3991
f 4003/4003 3991/3991 4002/4002
f 3995/3995 3984/3984 3987/3987
f 3995/3995 3987/3987 4003/4003
f 4004/4004 4005/4005 4006/4006
f 4004/4004 4006/4006 4007/4007
f 4005/4005 4008/4008 4009/4009
f 4005/4005 4009/4009 4006/4006
f 4007/4007 4006/4006 4010/4010
f 4007/4007 4010/4010 4011/4011
f 4006/4006 4009/4009 4012/4012
f 4006/4006 4012/4012 4010/4010
f 4013/4013 4014/4014 4004/4004
f 4013/4013 4004/4004 4015/4015
f 4014/4014 4016/4016 4005/4005
f 4014/4014 4005/4005 4004/4004
f 4016/4016 4017/4017 4008/4008
f 4016/4016 4008/4008 4005/4005
f 4017/4017 3993/3993 3995/3995
f 4017/4017 3995/3995 4008/4008
f 4008/4008 3995/3995 4003/4003
f 4008/4008 4003/4003 4009/4009
f 4009/4009 4003/4003 4002/4002
f 4009/4009 4002/4002 4012/4012
f 4012/4012 4002/4002 3956/3956
f 4012/4012 3956/3956 3955/3955
f 4010/4010 4012/4012 3955/3955
f 4010/4010 3955/3955 3954/3954
f 4011/4011 4010/4010 3954/3954
f 4011/4011 3954/3954 3953/3953
f 4018/4018 4011/4011 3953/3953
f 4018/4018 3953/3953 3934/3934
f 4019/4019 4007/4007 4011/4011
f 4019/4019 4011/4011 4018/4018
f 4015/4015 4004/4004 4007/4007
f 4015/4015 4007/4007 4019/4019
f 4020/4020 4021/4021 4022/4022
f 4020/4020 4022/4022 4023/4023
f 4021/4021 4024/4024 4025/4025
f 4021/4021 4025/4025 4022/4022
f 4023/4023 4022/4022 4026/4026
f 4023/4023 4026/4026 4027/4027
f 4022/4022 4025/4025 4028/4028
f 4022/4022 4028/4028 4026/4026
f 4029/4029 4030/4030 4020/4020
f 4029/4029 4020/4020 4031/4031
f 4030/4030 4032/4032 4021/4021
f 4030/4030 4021/4021 4020/4020
f 4032/4032 4033/4033 4024/4024
f 4032/4032 4024/4024 4021/4021
f 4033/4033 4013/4013 4015/4015
f 4033/4033 4015/4015 4024/4024
f 4024/4024 4015/4015 4019/4019
f 4024/4024 4019/4019 4025/4025
f 4025/4025 4019/4019 4018/4018
f 4025/4025 4018/4018 4028/4028
f 4028/4028 4018/4018 3934/3934
f 4028/4028 3934/3934 3933/3933
f 4026/4026 4028/4028 3933/3933
f 4026/4026 3933/3933 3932/3932
f 4027/4027 4026/4026 3932/3932
f 4027/4027 3932/3932 3931/3931
f 4034/4034 4027/4027 3931/3931
f 4034/4034 3931/3931 3914/3914
f 4035/4035 4023/4023 4027/4027
f 4035/4035 4027/4027 4034/4034
f 4031/4031 4020/4020 4023/4023
f 4031/4031 4023/4023 4035/4035
f 4036/4036 4037/4037 4038/4038
f 4036/4036 4038/4038 4039/4039
f 4037/4037 4040/4040 4041/4041
f 4037/4037 4041/4041 4038/4038
f 4039/4039 4038/4038 4042/4042
f 4039/4039 4042/4042 4043/4043
f 4038/4038 4041/4041 4044/4044
f 4038/4038 4044/4044 4042/4042
f 2781/2781 4045/4045 4036/4036
f 2781/2781 4036/4036 4047/4047
f 4045/4045 4048/4048 4037/4037
f 4045/4045 4037/4037 4036/4036
f 4048/4048 4049/4049 4040/4040
f 4048/4048 4040/4040 4037/4037
f 4049/4049 4029/4029 4031/4031
f 4049/4049 4031/4031 4040/4040
f 4040/4040 4031/4031 4035/4035
f 4040/4040 4035/4035 4041/4041
f 4041/4041 4035/4035 4034/4034
f 4041/4041 4034/4034 4044/4044
f 4044/4044 4034/4034 3914/3914
f 4044/4044 3914/3914 3913/3913
f 4042/4042 4044/4044 3913/3913
f 4042/4042 3913/3913 3912/3912
f 4043/4043 4042/4042 3912/3912
f 4043/4043 3912/3912 3909/3909
f 2783/2783 4043/4043 3909/3909
f 2783/2783 3909/3909 2649/2649
f 4050/4050 4039/4039 4043/4043
f 4050/4050 4043/4043 2783/2783
f 4047/4047 4036/4036 4039/4039
f 4047/4047 4039/4039 4050/4050
f 279/279 280/280 277/277
f 279/279 277/277 278/278
f 1595/1595 1596/1596 1592/1592
f 1595/1595 1592/1592 1591/1591
f 297/297 298/298 294/294
f 297/297 294/294 293/293
f 285/285 283/283 279/279
f 285/285 279/279 282/282
f 288/288 282/282 281/281
f 288/288 281/281 287/287
f 289/289 285/285 282/282
f 289/289 282/282 288/288
f 4059/4059 4064/4064 4029/4029
f 4059/4059 4029/4029 4049/4049
f 4057/4057 4059/4059 4049/4049
f 4057/4057 4049/4049 4048/4048
f 4058/4058 4057/4057 4048/4048
f 4058/4058 4048/4048 4045/4045
f 2798/2798 4058/4058 4045/4045
f 2798/2798 4045/4045 2781/2781
f 322/322 314/314 313/313
f 322/322 313/313 318/318
f 2788/2788 2787/2787 4060/4060
f 2788/2788 4060/4060 2797/2797
f 4091/4091 4092/4092 4089/4089
f 4091/4091 4089/4089 4090/4090
f 296/296 293/293 292/292
f 296/296 292/292 295/295
f 4059/4059 4057/4057 4053/4053
f 4059/4059 4053/4053 4056/4056
f 301/301 296/296 295/295
f 301/301 295/295 300/300
f 2836/2836 323/323 320/320
f 2836/2836 320/320 2838/2838
f 4073/4073 4076/4076 4013/4013
f 4073/4073 4013/4013 4033/4033
f 4071/4071 4073/4073 4033/4033
f 4071/4071 4033/4033 4032/4032
f 4072/4072 4071/4071 4032/4032
f 4072/4072 4032/4032 4030/4030
f 4064/4064 4072/4072 4030/4030
f 4064/4064 4030/4030 4029/4029
f 298/298 289/289 288/288
f 298/298 288/288 294/294
f 294/294 288/288 287/287
f 294/294 287/287 291/291
f 1558/1558 1559/1559 1555/1555
f 1558/1558 1555/1555 1554/1554
f 2832/2832 2833/2833 2829/2829
f 2832/2832 2829/2829 2828/2828
f 309/309 310/310 306/306
f 309/309 306/306 305/305
f 299/299 297/297 293/293
f 299/299 293/293 296/296
f 313/313 308/308 307/307
f 313/313 307/307 312/312
f 2799/2799 2800/2800 2793/2793
f 2799/2799 2793/2793 2795/2795
f 4085/4085 4088/4088 3993/3993
f 4085/4085 3993/3993 4017/4017
f 4083/4083 4085/4085 4017/4017
f 4083/4083 4017/4017 4016/4016
f 4084/4084 4083/4083 4016/4016
f 4084/4084 4016/4016 4014/4014
f 4076/4076 4084/4084 4014/4014
f 4076/4076 4014/4014 4013/4013
f 314/314 311/311 308/308
f 314/314 308/308 313/313
f 1566/1566 1565/1565 1564/1564
f 1566/1566 1564/1564 1563/1563
f 317/317 318/318 315/315
f 317/317 315/315 316/316
f 1579/1579 1580/1580 1577/1577
f 1579/1579 1577/1577 1578/1578
f 321/321 322/322 318/318
f 321/321 318/318 317/317
f 1573/1573 1571/1571 1567/1567
f 1573/1573 1567/1567 1570/1570
f 4068/4068 4063/4063 4062/4062
f 4068/4068 4062/4062 4065/4065
f 4072/4072 4064/4064 4063/4063
f 4072/4072 4063/4063 4068/4068
f 4097/4097 4101/4101 3999/3999
f 4097/4097 3999/3999 3997/3997
f 4095/4095 4097/4097 3997/3997
f 4095/4095 3997/3997 3996/3996
f 4096/4096 4095/4095 3996/3996
f 4096/4096 3996/3996 3994/3994
f 4088/4088 4096/4096 3994/3994
f 4088/4088 3994/3994 3993/3993
f 4101/4101 4097/4097 4094/4094
f 4101/4101 4094/4094 4099/4099
f 318/318 313/313 312/312
f 318/318 312/312 315/315
f 4102/4102 4103/4103 4104/4104
f 4102/4102 4104/4104 4105/4105
f 4103/4103 4106/4106 4107/4107
f 4103/4103 4107/4107 4104/4104
f 4105/4105 4104/4104 4108/4108
f 4105/4105 4108/4108 4109/4109
f 4104/4104 4107/4107 4110/4110
f 4104/4104 4110/4110 4108/4108
f 4111/4111 4112/4112 4102/4102
f 4111/4111 4102/4102 4113/4113
f 4112/4112 4114/4114 4103/4103
f 4112/4112 4103/4103 4102/4102
f 4114/4114 4115/4115 4106/4106
f 4114/4114 4106/4106 4103/4103
f 4115/4115 2863/2863 2861/2861
f 4115/4115 2861/2861 4106/4106
f 4106/4106 2861/2861 2860/2860
f 4106/4106 2860/2860 4107/4107
f 4107/4107 2860/2860 2858/2858
f 4107/4107 2858/2858 4110/4110
f 4110/4110 2858/2858 2652/2652
f 4110/4110 2652/2652 4116/4116
f 4108/4108 4110/4110 4116/4116
f 4108/4108 4116/4116 4118/4118
f 4109/4109 4108/4108 4118/4118
f 4109/4109 4118/4118 3918/3918
f 4120/4120 4109/4109 3918/3918
f 4120/4120 3918/3918 4121/4121
f 4123/4123 4105/4105 4109/4109
f 4123/4123 4109/4109 4120/4120
f 4113/4113 4102/4102 4105/4105
f 4113/4113 4105/4105 4123/4123
f 4124/4124 4125/4125 4126/4126
f 4124/4124 4126/4126 4127/4127
f 4125/4125 4128/4128 4129/4129
f 4125/4125 4129/4129 4126/4126
f 4127/4127 4126/4126 4130/4130
f 4127/4127 4130/4130 4131/4131
f 4126/4126 4129/4129 4132/4132
f 4126/4126 4132/4132 4130/4130
f 4133/4133 4134/4134 4124/4124
f 4133/4133 4124/4124 4135/4135
f 4134/4134 4136/4136 4125/4125
f 4134/4134 4125/4125 4124/4124
f 4136/4136 4137/4137 4128/4128
f 4136/4136 4128/4128 4125/4125
f 4137/4137 4111/4111 4113/4113
f 4137/4137 4113/4113 4128/4128
f 4128/4128 4113/4113 4123/4123
f 4128/4128 4123/4123 4129/4129
f 4129/4129 4123/4123 4120/4120
f 4129/4129 4120/4120 4132/4132
f 4132/4132 4120/4120 4121/4121
f 4132/4132 4121/4121 3942/3942
f 4130/4130 4132/4132 3942/3942
f 4130/4130 3942/3942 3940/3940
f 4131/4131 4130/4130 3940/3940
f 4131/4131 3940/3940 3938/3938
f 4138/4138 4131/4131 3938/3938
f 4138/4138 3938/3938 4139/4139
f 4141/4141 4127/4127 4131/4131
f 4141/4141 4131/4131 4138/4138
f 4135/4135 4124/4124 4127/4127
f 4135/4135 4127/4127 4141/4141
f 4142/4142 4143/4143 4144/4144
f 4142/4142 4144/4144 4145/4145
f 4143/4143 4146/4146 4147/4147
f 4143/4143 4147/4147 4144/4144
f 4145/4145 4144/4144 4148/4148
f 4145/4145 4148/4148 4149/4149
f 4144/4144 4147/4147 4150/4150
f 4144/4144 4150/4150 4148/4148
f 4151/4151 4152/4152 4142/4142
f 4151/4151 4142/4142 4153/4153
f 4152/4152 4154/4154 4143/4143
f 4152/4152 4143/4143 4142/4142
f 4154/4154 4155/4155 4146/4146
f 4154/4154 4146/4146 4143/4143
f 4155/4155 4133/4133 4135/4135
f 4155/4155 4135/4135 4146/4146
f 4146/4146 4135/4135 4141/4141
f 4146/4146 4141/4141 4147/4147
f 4147/4147 4141/4141 4138/4138
f 4147/4147 4138/4138 4150/4150
f 4150/4150 4138/4138 4139/4139
f 4150/4150 4139/4139 3964/3964
f 4148/4148 4150/4150 3964/3964
f 4148/4148 3964/3964 3962/3962
f 4149/4149 4148/4148 3962/3962
f 4149/4149 3962/3962 4156/4156
f 4158/4158 4149/4149 4156/4156
f 4158/4158 4156/4156 3960/3960
f 4159/4159 4145/4145 4149/4149
f 4159/4159 4149/4149 4158/4158
f 4153/4153 4142/4142 4145/4145
f 4153/4153 4145/4145 4159/4159
f 4160/4160 4161/4161 4162/4162
f 4160/4160 4162/4162 4163/4163
f 4161/4161 4164/4164 4165/4165
f 4161/4161 4165/4165 4162/4162
f 4163/4163 4162/4162 4166/4166
f 4163/4163 4166/4166 4167/4167
f 4162/4162 4165/4165 4168/4168
f 4162/4162 4168/4168 4166/4166
f 4170/4170 4171/4171 4160/4160
f 4170/4170 4160/4160 4172/4172
f 4171/4171 4173/4173 4161/4161
f 4171/4171 4161/4161 4160/4160
f 4173/4173 4174/4174 4164/4164
f 4173/4173 4164/4164 4161/4161
f 4174/4174 4151/4151 4153/4153
f 4174/4174 4153/4153 4164/4164
f 4164/4164 4153/4153 4159/4159
f 4164/4164 4159/4159 4165/4165
f 4165/4165 4159/4159 4158/4158
f 4165/4165 4158/4158 4168/4168
f 4168/4168 4158/4158 3960/3960
f 4168/4168 3960/3960 4175/4175
f 4166/4166 4168/4168 4175/4175
f 4166/4166 4175/4175 4177/4177
f 4167/4167 4166/4166 4177/4177
f 4167/4167 4177/4177 4179/4179
f 1675/1675 4167/4167 4179/4179
f 1675/1675 4179/4179 1475/1475
f 4181/4181 4163/4163 4167/4167
f 4181/4181 4167/4167 1675/1675
f 4172/4172 4160/4160 4163/4163
f 4172/4172 4163/4163 4181/4181
f 4183/4183 4187/4187 4184/4184
f 4183/4183 4184/4184 4193/4193
f 4187/4187 4188/4188 4189/4189
f 4187/4187 4189/4189 4184/4184
f 4193/4193 4184/4184 4186/4186
f 4193/4193 4186/4186 4192/4192
f 4184/4184 4189/4189 4185/4185
f 4184/4184 4185/4185 4186/4186
f 3132/3132 2941/2941 4183/4183
f 3132/3132 4183/4183 4358/4358
f 2941/2941 2938/2938 4187/4187
f 2941/2941 4187/4187 4183/4183
f 2938/2938 2940/2940 4188/4188
f 2938/2938 4188/4188 4187/4187
f 2940/2940 3350/3350 4581/4581
f 2940/2940 4581/4581 4188/4188
f 4188/4188 4581/4581 4578/4578
f 4188/4188 4578/4578 4189/4189
f 4189/4189 4578/4578 4191/4191
f 4189/4189 4191/4191 4185/4185
f 4185/4185 4191/4191 4448/4448
f 4185/4185 4448/4448 4446/4446
f 4186/4186 4185/4185 4446/4446
f 4186/4186 4446/4446 4445/4445
f 4192/4192 4186/4186 4445/4445
f 4192/4192 4445/4445 4443/4443
f 4360/4360 4192/4192 4443/4443
f 4360/4360 4443/4443 4369/4369
f 4194/4194 4193/4193 4192/4192
f 4194/4194 4192/4192 4360/4360
f 4358/4358 4183/4183 4193/4193
f 4358/4358 4193/4193 4194/4194
f 4203/4203 4208/4208 4198/4198
f 4203/4203 4198/4198 4196/4196
f 4208/4208 4209/4209 4195/4195
f 4208/4208 4195/4195 4198/4198
f 4196/4196 4198/4198 4197/4197
f 4196/4196 4197/4197 4219/4219
f 4198/4198 4195/4195 4212/4212
f 4198/4198 4212/4212 4197/4197
f 4199/4199 4201/4201 4203/4203
f 4199/4199 4203/4203 4202/4202
f 4201/4201 4204/4204 4208/4208
f 4201/4201 4208/4208 4203/4203
f 4204/4204 4206/4206 4209/4209
f 4204/4204 4209/4209 4208/4208
f 4206/4206 4559/4559 4569/4569
f 4206/4206 4569/4569 4209/4209
f 4209/4209 4569/4569 4210/4210
f 4209/4209 4210/4210 4195/4195
f 4195/4195 4210/4210 4211/4211
f 4195/4195 4211/4211 4212/4212
f 4212/4212 4211/4211 4543/4543
f 4212/4212 4543/4543 4281/4281
f 4197/4197 4212/4212 4281/4281
f 4197/4197 4281/4281 4213/4213
f 4219/4219 4197/4197 4213/4213
f 4219/4219 4213/4213 4215/4215
f 4218/4218 4219/4219 4215/4215
f 4218/4218 4215/4215 4627/4627
f 4626/4626 4196/4196 4219/4219
f 4626/4626 4219/4219 4218/4218
f 4202/4202 4203/4203 4196/4196
f 4202/4202 4196/4196 4626/4626
f 4231/4231 4221/4221 4225/4225
f 4231/4231 4225/4225 4251/4251
f 4220/4220 4223/4223 4225/4225
f 4220/4220 4225/4225 4221/4221
f 4238/4238 4222/4222 4225/4225
f 4238/4238 4225/4225 4224/4224
f 4245/4245 4227/4227 4225/4225
f 4245/4245 4225/4225 4222/4222
f 4253/4253 4252/4252 4225/4225
f 4253/4253 4225/4225 4226/4226
f 4229/4229 4230/4230 4231/4231
f 4229/4229 4231/4231 4261/4261
f 4230/4230 4496/4496 4221/4221
f 4230/4230 4221/4221 4231/4231
f 4261/4261 4231/4231 4251/4251
f 4261/4261 4251/4251 4250/4250
f 4340/4340 4402/4402 4220/4220
f 4340/4340 4220/4220 4232/4232
f 4402/4402 4234/4234 4223/4223
f 4402/4402 4223/4223 4220/4220
f 4232/4232 4220/4220 4221/4221
f 4232/4232 4221/4221 4496/4496
f 4422/4422 4425/4425 4238/4238
f 4422/4422 4238/4238 4414/4414
f 4425/4425 4236/4236 4222/4222
f 4425/4425 4222/4222 4238/4238
f 4414/4414 4238/4238 4224/4224
f 4414/4414 4224/4224 4234/4234
f 4239/4239 4241/4241 4245/4245
f 4239/4239 4245/4245 4243/4243
f 4241/4241 4306/4306 4227/4227
f 4241/4241 4227/4227 4245/4245
f 4243/4243 4245/4245 4222/4222
f 4243/4243 4222/4222 4236/4236
f 4266/4266 4246/4246 4253/4253
f 4266/4266 4253/4253 4247/4247
f 4246/4246 4250/4250 4252/4252
f 4246/4246 4252/4252 4253/4253
f 4247/4247 4253/4253 4226/4226
f 4247/4247 4226/4226 4306/4306
f 479/479 501/501 478/478
f 479/479 478/478 484/484
f 481/481 479/479 484/484
f 481/481 484/484 486/486
f 480/480 500/500 501/501
f 480/480 501/501 479/479
f 1997/1997 1998/1998 1980/1980
f 1997/1997 1980/1980 1996/1996
f 484/484 478/478 483/483
f 484/484 483/483 729/729
f 3257/3257 3258/3258 3249/3249
f 3257/3257 3249/3249 3243/3243
f 4478/4478 4228/4228 4262/4262
f 4478/4478 4262/4262 4263/4263
f 4263/4263 4262/4262 4249/4249
f 4263/4263 4249/4249 4264/4264
f 4264/4264 4249/4249 4246/4246
f 4264/4264 4246/4246 4265/4265
f 4265/4265 4246/4246 4267/4267
f 4265/4265 4267/4267 4533/4533
f 4269/4269 4265/4265 4533/4533
f 4269/4269 4533/4533 4270/4270
f 4272/4272 4269/4269 4270/4270
f 4272/4272 4270/4270 4527/4527
f 1761/1761 4272/4272 4527/4527
f 1761/1761 4527/4527 4530/4530
f 4492/4492 4491/4491 3248/3248
f 4492/4492 3248/3248 3254/3254
f 1995/1995 1997/1997 1996/1996
f 1995/1995 1996/1996 1983/1983
f 4289/4289 4274/4274 4276/4276
f 4289/4289 4276/4276 4287/4287
f 4274/4274 4275/4275 4279/4279
f 4274/4274 4279/4279 4276/4276
f 4287/4287 4276/4276 4277/4277
f 4287/4287 4277/4277 4284/4284
f 4276/4276 4279/4279 4280/4280
f 4276/4276 4280/4280 4277/4277
f 4318/4318 4472/4472 4289/4289
f 4318/4318 4289/4289 4319/4319
f 4472/4472 4471/4471 4274/4274
f 4472/4472 4274/4274 4289/4289
f 4471/4471 4278/4278 4275/4275
f 4471/4471 4275/4275 4274/4274
f 4278/4278 4628/4628 4216/4216
f 4278/4278 4216/4216 4275/4275
f 4275/4275 4216/4216 4214/4214
f 4275/4275 4214/4214 4279/4279
f 4279/4279 4214/4214 4282/4282
f 4279/4279 4282/4282 4280/4280
f 4280/4280 4282/4282 4544/4544
f 4280/4280 4544/4544 4283/4283
f 4277/4277 4280/4280 4283/4283
f 4277/4277 4283/4283 4285/4285
f 4284/4284 4277/4277 4285/4285
f 4284/4284 4285/4285 4540/4540
f 4288/4288 4284/4284 4540/4540
f 4288/4288 4540/4540 4539/4539
f 4286/4286 4287/4287 4284/4284
f 4286/4286 4284/4284 4288/4288
f 4319/4319 4289/4289 4287/4287
f 4319/4319 4287/4287 4286/4286
f 4295/4295 4290/4290 4291/4291
f 4295/4295 4291/4291 4308/4308
f 4290/4290 4298/4298 4292/4292
f 4290/4290 4292/4292 4291/4291
f 4308/4308 4291/4291 4293/4293
f 4308/4308 4293/4293 4309/4309
f 4291/4291 4292/4292 4303/4303
f 4291/4291 4303/4303 4293/4293
f 4240/4240 4294/4294 4295/4295
f 4240/4240 4295/4295 4242/4242
f 4294/4294 4435/4435 4290/4290
f 4294/4294 4290/4290 4295/4295
f 4435/4435 4296/4296 4298/4298
f 4435/4435 4298/4298 4290/4290
f 4296/4296 4397/4397 4297/4297
f 4296/4296 4297/4297 4298/4298
f 4298/4298 4297/4297 4324/4324
f 4298/4298 4324/4324 4292/4292
f 4292/4292 4324/4324 4299/4299
f 4292/4292 4299/4299 4303/4303
f 4303/4303 4299/4299 4302/4302
f 4303/4303 4302/4302 4304/4304
f 4293/4293 4303/4303 4304/4304
f 4293/4293 4304/4304 4520/4520
f 4309/4309 4293/4293 4520/4520
f 4309/4309 4520/4520 4305/4305
f 4248/4248 4309/4309 4305/4305
f 4248/4248 4305/4305 4268/4268
f 4307/4307 4308/4308 4309/4309
f 4307/4307 4309/4309 4248/4248
f 4242/4242 4295/4295 4308/4308
f 4242/4242 4308/4308 4307/4307
f 4316/4316 4311/4311 4314/4314
f 4316/4316 4314/4314 4310/4310
f 4311/4311 4320/4320 4321/4321
f 4311/4311 4321/4321 4314/4314
f 4310/4310 4314/4314 4312/4312
f 4310/4310 4312/4312 4313/4313
f 4314/4314 4321/4321 4322/4322
f 4314/4314 4322/4322 4312/4312
f 4396/4396 4315/4315 4316/4316
f 4396/4396 4316/4316 4297/4297
f 4315/4315 4317/4317 4311/4311
f 4315/4315 4311/4311 4316/4316
f 4317/4317 4395/4395 4320/4320
f 4317/4317 4320/4320 4311/4311
f 4395/4395 4318/4318 4319/4319
f 4395/4395 4319/4319 4320/4320
f 4320/4320 4319/4319 4286/4286
f 4320/4320 4286/4286 4321/4321
f 4321/4321 4286/4286 4288/4288
f 4321/4321 4288/4288 4322/4322
f 4322/4322 4288/4288 4539/4539
f 4322/4322 4539/4539 4505/4505
f 4312/4312 4322/4322 4505/4505
f 4312/4312 4505/4505 4323/4323
f 4313/4313 4312/4312 4323/4323
f 4313/4313 4323/4323 4503/4503
f 4300/4300 4313/4313 4503/4503
f 4300/4300 4503/4503 4301/4301
f 4325/4325 4310/4310 4313/4313
f 4325/4325 4313/4313 4300/4300
f 4297/4297 4316/4316 4310/4310
f 4297/4297 4310/4310 4325/4325
f 4348/4348 4329/4329 4328/4328
f 4348/4348 4328/4328 4349/4349
f 4329/4329 4326/4326 4327/4327
f 4329/4329 4327/4327 4328/4328
f 4349/4349 4328/4328 4335/4335
f 4349/4349 4335/4335 4338/4338
f 4328/4328 4327/4327 4334/4334
f 4328/4328 4334/4334 4335/4335
f 3091/3091 3092/3092 4348/4348
f 3091/3091 4348/4348 4347/4347
f 3092/3092 3112/3112 4329/4329
f 3092/3092 4329/4329 4348/4348
f 3112/3112 3109/3109 4326/4326
f 3112/3112 4326/4326 4329/4329
f 3109/3109 3119/3119 4331/4331
f 3109/3109 4331/4331 4326/4326
f 4326/4326 4331/4331 4332/4332
f 4326/4326 4332/4332 4327/4327
f 4327/4327 4332/4332 4362/4362
f 4327/4327 4362/4362 4334/4334
f 4334/4334 4362/4362 4405/4405
f 4334/4334 4405/4405 4336/4336
f 4335/4335 4334/4334 4336/4336
f 4335/4335 4336/4336 4337/4337
f 4338/4338 4335/4335 4337/4337
f 4338/4338 4337/4337 4339/4339
f 4345/4345 4338/4338 4339/4339
f 4345/4345 4339/4339 4341/4341
f 4343/4343 4349/4349 4338/4338
f 4343/4343 4338/4338 4345/4345
f 4347/4347 4348/4348 4349/4349
f 4347/4347 4349/4349 4343/4343
f 4350/4350 4356/4356 4352/4352
f 4350/4350 4352/4352 4351/4351
f 4356/4356 4357/4357 4359/4359
f 4356/4356 4359/4359 4352/4352
f 4351/4351 4352/4352 4353/4353
f 4351/4351 4353/4353 4354/4354
f 4352/4352 4359/4359 4355/4355
f 4352/4352 4355/4355 4353/4353
f 3119/3119 3135/3135 4350/4350
f 3119/3119 4350/4350 4330/4330
f 3135/3135 3137/3137 4356/4356
f 3135/3135 4356/4356 4350/4350
f 3137/3137 3130/3130 4357/4357
f 3137/3137 4357/4357 4356/4356
f 3130/3130 3132/3132 4358/4358
f 3130/3130 4358/4358 4357/4357
f 4357/4357 4358/4358 4194/4194
f 4357/4357 4194/4194 4359/4359
f 4359/4359 4194/4194 4360/4360
f 4359/4359 4360/4360 4355/4355
f 4355/4355 4360/4360 4369/4369
f 4355/4355 4369/4369 4361/4361
f 4353/4353 4355/4355 4361/4361
f 4353/4353 4361/4361 4368/4368
f 4354/4354 4353/4353 4368/4368
f 4354/4354 4368/4368 4364/4364
f 4363/4363 4354/4354 4364/4364
f 4363/4363 4364/4364 4406/4406
f 4333/4333 4351/4351 4354/4354
f 4333/4333 4354/4354 4363/4363
f 4330/4330 4350/4350 4351/4351
f 4330/4330 4351/4351 4333/4333
f 4382/4382 4365/4365 4367/4367
f 4382/4382 4367/4367 4383/4383
f 4365/4365 4366/4366 4370/4370
f 4365/4365 4370/4370 4367/4367
f 4383/4383 4367/4367 4372/4372
f 4383/4383 4372/4372 4377/4377
f 4367/4367 4370/4370 4373/4373
f 4367/4367 4373/4373 4372/4372
f 4406/4406 4364/4364 4382/4382
f 4406/4406 4382/4382 4381/4381
f 4364/4364 4368/4368 4365/4365
f 4364/4364 4365/4365 4382/4382
f 4368/4368 4361/4361 4366/4366
f 4368/4368 4366/4366 4365/4365
f 4361/4361 4369/4369 4442/4442
f 4361/4361 4442/4442 4366/4366
f 4366/4366 4442/4442 4371/4371
f 4366/4366 4371/4371 4370/4370
f 4370/4370 4371/4371 4454/4454
f 4370/4370 4454/4454 4373/4373
f 4373/4373 4454/4454 4462/4462
f 4373/4373 4462/4462 4391/4391
f 4372/4372 4373/4373 4391/4391
f 4372/4372 4391/4391 4374/4374
f 4377/4377 4372/4372 4374/4374
f 4377/4377 4374/4374 4390/4390
f 4375/4375 4377/4377 4390/4390
f 4375/4375 4390/4390 4379/4379
f 4409/4409 4383/4383 4377/4377
f 4409/4409 4377/4377 4375/4375
f 4381/4381 4382/4382 4383/4383
f 4381/4381 4383/4383 4409/4409
f 4389/4389 4384/4384 4385/4385
f 4389/4389 4385/4385 4398/4398
f 4384/4384 4386/4386 4393/4393
f 4384/4384 4393/4393 4385/4385
f 4398/4398 4385/4385 4387/4387
f 4398/4398 4387/4387 4388/4388
f 4385/4385 4393/4393 4394/4394
f 4385/4385 4394/4394 4387/4387
f 4379/4379 4390/4390 4389/4389
f 4379/4379 4389/4389 4430/4430
f 4390/4390 4374/4374 4384/4384
f 4390/4390 4384/4384 4389/4389
f 4374/4374 4391/4391 4386/4386
f 4374/4374 4386/4386 4384/4384
f 4391/4391 4462/4462 4392/4392
f 4391/4391 4392/4392 4386/4386
f 4386/4386 4392/4392 4473/4473
f 4386/4386 4473/4473 4393/4393
f 4393/4393 4473/4473 4474/4474
f 4393/4393 4474/4474 4394/4394
f 4394/4394 4474/4474 4318/4318
f 4394/4394 4318/4318 4395/4395
f 4387/4387 4394/4394 4395/4395
f 4387/4387 4395/4395 4317/4317
f 4388/4388 4387/4387 4317/4317
f 4388/4388 4317/4317 4315/4315
f 4433/4433 4388/4388 4315/4315
f 4433/4433 4315/4315 4396/4396
f 4432/4432 4398/4398 4388/4388
f 4432/4432 4388/4388 4433/4433
f 4430/4430 4389/4389 4398/4398
f 4430/4430 4398/4398 4432/4432
f 4401/4401 4404/4404 4399/4399
f 4401/4401 4399/4399 4413/4413
f 4404/4404 4407/4407 4400/4400
f 4404/4404 4400/4400 4399/4399
f 4413/4413 4399/4399 4411/4411
f 4413/4413 4411/4411 4412/4412
f 4399/4399 4400/4400 4410/4410
f 4399/4399 4410/4410 4411/4411
f 4341/4341 4339/4339 4401/4401
f 4341/4341 4401/4401 4403/4403
f 4339/4339 4337/4337 4404/4404
f 4339/4339 4404/4404 4401/4401
f 4337/4337 4336/4336 4407/4407
f 4337/4337 4407/4407 4404/4404
f 4336/4336 4405/4405 4380/4380
f 4336/4336 4380/4380 4407/4407
f 4407/4407 4380/4380 4408/4408
f 4407/4407 4408/4408 4400/4400
f 4400/4400 4408/4408 4376/4376
f 4400/4400 4376/4376 4410/4410
f 4410/4410 4376/4376 4378/4378
f 4410/4410 4378/4378 4429/4429
f 4411/4411 4410/4410 4429/4429
f 4411/4411 4429/4429 4428/4428
f 4412/4412 4411/4411 4428/4428
f 4412/4412 4428/4428 4424/4424
f 4415/4415 4412/4412 4424/4424
f 4415/4415 4424/4424 4423/4423
f 4235/4235 4413/4413 4412/4412
f 4235/4235 4412/4412 4415/4415
f 4403/4403 4401/4401 4413/4413
f 4403/4403 4413/4413 4235/4235
f 4437/4437 4427/4427 4419/4419
f 4437/4437 4419/4419 4416/4416
f 4427/4427 4417/4417 4418/4418
f 4427/4427 4418/4418 4419/4419
f 4416/4416 4419/4419 4421/4421
f 4416/4416 4421/4421 4436/4436
f 4419/4419 4418/4418 4420/4420
f 4419/4419 4420/4420 4421/4421
f 4423/4423 4424/4424 4437/4437
f 4423/4423 4437/4437 4426/4426
f 4424/4424 4428/4428 4427/4427
f 4424/4424 4427/4427 4437/4437
f 4428/4428 4429/4429 4417/4417
f 4428/4428 4417/4417 4427/4427
f 4429/4429 4378/4378 4431/4431
f 4429/4429 4431/4431 4417/4417
f 4417/4417 4431/4431 4432/4432
f 4417/4417 4432/4432 4418/4418
f 4418/4418 4432/4432 4434/4434
f 4418/4418 4434/4434 4420/4420
f 4420/4420 4434/4434 4397/4397
f 4420/4420 4397/4397 4296/4296
f 4421/4421 4420/4420 4296/4296
f 4421/4421 4296/4296 4435/4435
f 4436/4436 4421/4421 4435/4435
f 4436/4436 4435/4435 4294/4294
f 4244/4244 4436/4436 4294/4294
f 4244/4244 4294/4294 4240/4240
f 4237/4237 4416/4416 4436/4436
f 4237/4237 4436/4436 4244/4244
f 4426/4426 4437/4437 4416/4416
f 4426/4426 4416/4416 4237/4237
f 4455/4455 4444/4444 4440/4440
f 4455/4455 4440/4440 4456/4456
f 4444/4444 4438/4438 4439/4439
f 4444/4444 4439/4439 4440/4440
f 4456/4456 4440/4440 4441/4441
f 4456/4456 4441/4441 4452/4452
f 4440/4440 4439/4439 4449/4449
f 4440/4440 4449/4449 4441/4441
f 4369/4369 4443/4443 4455/4455
f 4369/4369 4455/4455 4442/4442
f 4443/4443 4445/4445 4444/4444
f 4443/4443 4444/4444 4455/4455
f 4445/4445 4446/4446 4438/4438
f 4445/4445 4438/4438 4444/4444
f 4446/4446 4448/4448 4598/4598
f 4446/4446 4598/4598 4438/4438
f 4438/4438 4598/4598 4596/4596
f 4438/4438 4596/4596 4439/4439
f 4439/4439 4596/4596 4451/4451
f 4439/4439 4451/4451 4449/4449
f 4449/4449 4451/4451 4615/4615
f 4449/4449 4615/4615 4464/4464
f 4441/4441 4449/4449 4464/4464
f 4441/4441 4464/4464 4453/4453
f 4452/4452 4441/4441 4453/4453
f 4452/4452 4453/4453 4463/4463
f 4454/4454 4452/4452 4463/4463
f 4454/4454 4463/4463 4462/4462
f 4371/4371 4456/4456 4452/4452
f 4371/4371 4452/4452 4454/4454
f 4442/4442 4455/4455 4456/4456
f 4442/4442 4456/4456 4371/4371
f 4457/4457 4459/4459 4460/4460
f 4457/4457 4460/4460 4458/4458
f 4459/4459 4465/4465 4466/4466
f 4459/4459 4466/4466 4460/4460
f 4458/4458 4460/4460 4461/4461
f 4458/4458 4461/4461 4470/4470
f 4460/4460 4466/4466 4469/4469
f 4460/4460 4469/4469 4461/4461
f 4462/4462 4463/4463 4457/4457
f 4462/4462 4457/4457 4392/4392
f 4463/4463 4453/4453 4459/4459
f 4463/4463 4459/4459 4457/4457
f 4453/4453 4464/4464 4465/4465
f 4453/4453 4465/4465 4459/4459
f 4464/4464 4615/4615 4617/4617
f 4464/4464 4617/4617 4465/4465
f 4465/4465 4617/4617 4468/4468
f 4465/4465 4468/4468 4466/4466
f 4466/4466 4468/4468 4631/4631
f 4466/4466 4631/4631 4469/4469
f 4469/4469 4631/4631 4628/4628
f 4469/4469 4628/4628 4278/4278
f 4461/4461 4469/4469 4278/4278
f 4461/4461 4278/4278 4471/4471
f 4470/4470 4461/4461 4471/4471
f 4470/4470 4471/4471 4472/4472
f 4474/4474 4470/4470 4472/4472
f 4474/4474 4472/4472 4318/4318
f 4473/4473 4458/4458 4470/4470
f 4473/4473 4470/4470 4474/4474
f 4392/4392 4457/4457 4458/4458
f 4392/4392 4458/4458 4473/4473
f 734/734 727/727 485/485
f 734/734 485/485 725/725
f 4486/4486 4487/4487 4482/4482
f 4486/4486 4482/4482 4497/4497
f 733/733 731/731 736/736
f 733/733 736/736 738/738
f 4497/4497 4482/4482 4494/4494
f 4497/4497 4494/4494 4498/4498
f 4482/4482 4484/4484 4485/4485
f 4482/4482 4485/4485 4494/4494
f 4228/4228 4477/4477 4486/4486
f 4228/4228 4486/4486 4230/4230
f 736/736 737/737 734/734
f 736/736 734/734 735/735
f 738/738 736/736 735/735
f 738/738 735/735 726/726
f 1750/1750 1757/1757 1758/1758
f 1750/1750 1758/1758 1760/1760
f 4485/4485 4493/4493 3089/3089
f 4485/4485 3089/3089 4346/4346
f 4494/4494 4485/4485 4346/4346
f 4494/4494 4346/4346 4342/4342
f 4498/4498 4494/4494 4342/4342
f 4498/4498 4342/4342 4344/4344
f 4233/4233 4498/4498 4344/4344
f 4233/4233 4344/4344 4340/4340
f 4495/4495 4497/4497 4498/4498
f 4495/4495 4498/4498 4233/4233
f 4230/4230 4486/4486 4497/4497
f 4230/4230 4497/4497 4495/4495
f 4512/4512 4504/4504 4500/4500
f 4512/4512 4500/4500 4513/4513
f 4504/4504 4507/4507 4499/4499
f 4504/4504 4499/4499 4500/4500
f 4513/4513 4500/4500 4509/4509
f 4513/4513 4509/4509 4501/4501
f 4500/4500 4499/4499 4502/4502
f 4500/4500 4502/4502 4509/4509
f 4301/4301 4503/4503 4512/4512
f 4301/4301 4512/4512 4521/4521
f 4503/4503 4323/4323 4504/4504
f 4503/4503 4504/4504 4512/4512
f 4323/4323 4505/4505 4507/4507
f 4323/4323 4507/4507 4504/4504
f 4505/4505 4539/4539 4506/4506
f 4505/4505 4506/4506 4507/4507
f 4507/4507 4506/4506 4508/4508
f 4507/4507 4508/4508 4499/4499
f 4499/4499 4508/4508 4552/4552
f 4499/4499 4552/4552 4502/4502
f 4502/4502 4552/4552 2057/2057
f 4502/4502 2057/2057 2025/2025
f 4509/4509 4502/4502 2025/2025
f 4509/4509 2025/2025 2022/2022
f 4501/4501 4509/4509 2022/2022
f 4501/4501 2022/2022 2020/2020
f 4510/4510 4501/4501 2020/2020
f 4510/4510 2020/2020 2017/2017
f 4524/4524 4513/4513 4501/4501
f 4524/4524 4501/4501 4510/4510
f 4521/4521 4512/4512 4513/4513
f 4521/4521 4513/4513 4524/4524
f 4519/4519 4515/4515 4514/4514
f 4519/4519 4514/4514 4535/4535
f 4515/4515 4516/4516 4517/4517
f 4515/4515 4517/4517 4514/4514
f 4535/4535 4514/4514 4518/4518
f 4535/4535 4518/4518 4532/4532
f 4514/4514 4517/4517 4525/4525
f 4514/4514 4525/4525 4518/4518
f 4268/4268 4305/4305 4519/4519
f 4268/4268 4519/4519 4534/4534
f 4305/4305 4520/4520 4515/4515
f 4305/4305 4515/4515 4519/4519
f 4520/4520 4304/4304 4516/4516
f 4520/4520 4516/4516 4515/4515
f 4304/4304 4302/4302 4522/4522
f 4304/4304 4522/4522 4516/4516
f 4516/4516 4522/4522 4523/4523
f 4516/4516 4523/4523 4517/4517
f 4517/4517 4523/4523 4511/4511
f 4517/4517 4511/4511 4525/4525
f 4525/4525 4511/4511 2018/2018
f 4525/4525 2018/2018 2045/2045
f 4518/4518 4525/4525 2045/2045
f 4518/4518 2045/2045 4526/4526
f 4532/4532 4518/4518 4526/4526
f 4532/4532 4526/4526 2042/2042
f 4528/4528 4532/4532 2042/2042
f 4528/4528 2042/2042 4531/4531
f 4271/4271 4535/4535 4532/4532
f 4271/4271 4532/4532 4528/4528
f 4534/4534 4519/4519 4535/4535
f 4534/4534 4535/4535 4271/4271
f 4541/4541 4542/4542 4537/4537
f 4541/4541 4537/4537 4553/4553
f 4542/4542 4547/4547 4538/4538
f 4542/4542 4538/4538 4537/4537
f 4553/4553 4537/4537 4536/4536
f 4553/4553 4536/4536 4551/4551
f 4537/4537 4538/4538 4550/4550
f 4537/4537 4550/4550 4536/4536
f 4539/4539 4540/4540 4541/4541
f 4539/4539 4541/4541 4506/4506
f 4540/4540 4285/4285 4542/4542
f 4540/4540 4542/4542 4541/4541
f 4285/4285 4283/4283 4547/4547
f 4285/4285 4547/4547 4542/4542
f 4283/4283 4544/4544 4546/4546
f 4283/4283 4546/4546 4547/4547
f 4547/4547 4546/4546 4549/4549
f 4547/4547 4549/4549 4538/4538
f 4538/4538 4549/4549 4566/4566
f 4538/4538 4566/4566 4550/4550
f 4550/4550 4566/4566 4564/4564
f 4550/4550 4564/4564 2066/2066
f 4536/4536 4550/4550 2066/2066
f 4536/4536 2066/2066 2061/2061
f 4551/4551 4536/4536 2061/2061
f 4551/4551 2061/2061 2059/2059
f 4552/4552 4551/4551 2059/2059
f 4552/4552 2059/2059 2057/2057
f 4508/4508 4553/4553 4551/4551
f 4508/4508 4551/4551 4552/4552
f 4506/4506 4541/4541 4553/4553
f 4506/4506 4553/4553 4508/4508
f 4562/4562 4554/4554 4556/4556
f 4562/4562 4556/4556 4570/4570
f 4554/4554 4555/4555 4557/4557
f 4554/4554 4557/4557 4556/4556
f 4570/4570 4556/4556 4568/4568
f 4570/4570 4568/4568 4567/4567
f 4556/4556 4557/4557 4558/4558
f 4556/4556 4558/4558 4568/4568
f 4559/4559 4742/4742 4562/4562
f 4559/4559 4562/4562 4569/4569
f 4742/4742 4561/4561 4554/4554
f 4742/4742 4554/4554 4562/4562
f 4561/4561 4740/4740 4555/4555
f 4561/4561 4555/4555 4554/4554
f 4740/4740 2268/2268 2090/2090
f 4740/4740 2090/2090 4555/4555
f 4555/4555 2090/2090 2088/2088
f 4555/4555 2088/2088 4557/4557
f 4557/4557 2088/2088 2087/2087
f 4557/4557 2087/2087 4558/4558
f 4558/4558 2087/2087 4563/4563
f 4558/4558 4563/4563 4565/4565
f 4568/4568 4558/4558 4565/4565
f 4568/4568 4565/4565 4548/4548
f 4567/4567 4568/4568 4548/4548
f 4567/4567 4548/4548 4545/4545
f 4211/4211 4567/4567 4545/4545
f 4211/4211 4545/4545 4543/4543
f 4210/4210 4570/4570 4567/4567
f 4210/4210 4567/4567 4211/4211
f 4569/4569 4562/4562 4570/4570
f 4569/4569 4570/4570 4210/4210
f 4579/4579 4571/4571 4573/4573
f 4579/4579 4573/4573 4588/4588
f 4571/4571 4582/4582 4572/4572
f 4571/4571 4572/4572 4573/4573
f 4588/4588 4573/4573 4575/4575
f 4588/4588 4575/4575 4574/4574
f 4573/4573 4572/4572 4586/4586
f 4573/4573 4586/4586 4575/4575
f 4447/4447 4190/4190 4579/4579
f 4447/4447 4579/4579 4576/4576
f 4190/4190 4577/4577 4571/4571
f 4190/4190 4571/4571 4579/4579
f 4577/4577 4580/4580 4582/4582
f 4577/4577 4582/4582 4571/4571
f 4580/4580 3348/3348 3347/3347
f 4580/4580 3347/3347 4582/4582
f 4582/4582 3347/3347 4583/4583
f 4582/4582 4583/4583 4572/4572
f 4572/4572 4583/4583 4585/4585
f 4572/4572 4585/4585 4586/4586
f 4586/4586 4585/4585 4813/4813
f 4586/4586 4813/4813 4812/4812
f 4575/4575 4586/4586 4812/4812
f 4575/4575 4812/4812 4587/4587
f 4574/4574 4575/4575 4587/4587
f 4574/4574 4587/4587 4810/4810
f 4601/4601 4574/4574 4810/4810
f 4601/4601 4810/4810 4649/4649
f 4600/4600 4588/4588 4574/4574
f 4600/4600 4574/4574 4601/4601
f 4576/4576 4579/4579 4588/4588
f 4576/4576 4588/4588 4600/4600
f 4592/4592 4589/4589 4590/4590
f 4592/4592 4590/4590 4607/4607
f 4589/4589 4599/4599 4591/4591
f 4589/4589 4591/4591 4590/4590
f 4607/4607 4590/4590 4604/4604
f 4607/4607 4604/4604 4603/4603
f 4590/4590 4591/4591 4602/4602
f 4590/4590 4602/4602 4604/4604
f 4614/4614 4450/4450 4592/4592
f 4614/4614 4592/4592 4593/4593
f 4450/4450 4595/4595 4589/4589
f 4450/4450 4589/4589 4592/4592
f 4595/4595 4597/4597 4599/4599
f 4595/4595 4599/4599 4589/4589
f 4597/4597 4447/4447 4576/4576
f 4597/4597 4576/4576 4599/4599
f 4599/4599 4576/4576 4600/4600
f 4599/4599 4600/4600 4591/4591
f 4591/4591 4600/4600 4601/4601
f 4591/4591 4601/4601 4602/4602
f 4602/4602 4601/4601 4649/4649
f 4602/4602 4649/4649 4646/4646
f 4604/4604 4602/4602 4646/4646
f 4604/4604 4646/4646 4644/4644
f 4603/4603 4604/4604 4644/4644
f 4603/4603 4644/4644 4605/4605
f 4619/4619 4603/4603 4605/4605
f 4619/4619 4605/4605 4641/4641
f 4618/4618 4607/4607 4603/4603
f 4618/4618 4603/4603 4619/4619
f 4593/4593 4592/4592 4607/4607
f 4593/4593 4607/4607 4618/4618
f 4608/4608 4620/4620 4609/4609
f 4608/4608 4609/4609 4629/4629
f 4620/4620 4621/4621 4612/4612
f 4620/4620 4612/4612 4609/4609
f 4629/4629 4609/4609 4610/4610
f 4629/4629 4610/4610 4611/4611
f 4609/4609 4612/4612 4613/4613
f 4609/4609 4613/4613 4610/4610
f 4614/4614 4594/4594 4608/4608
f 4614/4614 4608/4608 4616/4616
f 4594/4594 4618/4618 4620/4620
f 4594/4594 4620/4620 4608/4608
f 4618/4618 4619/4619 4621/4621
f 4618/4618 4621/4621 4620/4620
f 4619/4619 4641/4641 4639/4639
f 4619/4619 4639/4639 4621/4621
f 4621/4621 4639/4639 4622/4622
f 4621/4621 4622/4622 4612/4612
f 4612/4612 4622/4622 4625/4625
f 4612/4612 4625/4625 4613/4613
f 4613/4613 4625/4625 4199/4199
f 4613/4613 4199/4199 4202/4202
f 4610/4610 4613/4613 4202/4202
f 4610/4610 4202/4202 4626/4626
f 4611/4611 4610/4610 4626/4626
f 4611/4611 4626/4626 4217/4217
f 4630/4630 4611/4611 4217/4217
f 4630/4630 4217/4217 4627/4627
f 4467/4467 4629/4629 4611/4611
f 4467/4467 4611/4611 4630/4630
f 4616/4616 4608/4608 4629/4629
f 4616/4616 4629/4629 4467/4467
f 4653/4653 4637/4637 4634/4634
f 4653/4653 4634/4634 4632/4632
f 4637/4637 4633/4633 4638/4638
f 4637/4637 4638/4638 4634/4634
f 4632/4632 4634/4634 4635/4635
f 4632/4632 4635/4635 4636/4636
f 4634/4634 4638/4638 4642/4642
f 4634/4634 4642/4642 4635/4635
f 4559/4559 4207/4207 4653/4653
f 4559/4559 4653/4653 4652/4652
f 4207/4207 4205/4205 4637/4637
f 4207/4207 4637/4637 4653/4653
f 4205/4205 4200/4200 4633/4633
f 4205/4205 4633/4633 4637/4637
f 4200/4200 4199/4199 4624/4624
f 4200/4200 4624/4624 4633/4633
f 4633/4633 4624/4624 4623/4623
f 4633/4633 4623/4623 4638/4638
f 4638/4638 4623/4623 4640/4640
f 4638/4638 4640/4640 4642/4642
f 4642/4642 4640/4640 4641/4641
f 4642/4642 4641/4641 4606/4606
f 4635/4635 4642/4642 4606/4606
f 4635/4635 4606/4606 4643/4643
f 4636/4636 4635/4635 4643/4643
f 4636/4636 4643/4643 4645/4645
f 4648/4648 4636/4636 4645/4645
f 4648/4648 4645/4645 4649/4649
f 4651/4651 4632/4632 4636/4636
f 4651/4651 4636/4636 4648/4648
f 4652/4652 4653/4653 4632/4632
f 4652/4652 4632/4632 4651/4651
f 4654/4654 4657/4657 4655/4655
f 4654/4654 4655/4655 4656/4656
f 4657/4657 4658/4658 4661/4661
f 4657/4657 4661/4661 4655/4655
f 4656/4656 4655/4655 4665/4665
f 4656/4656 4665/4665 4659/4659
f 4655/4655 4661/4661 4662/4662
f 4655/4655 4662/4662 4665/4665
f 4702/4702 4824/4824 4654/4654
f 4702/4702 4654/4654 4704/4704
f 4824/4824 4823/4823 4657/4657
f 4824/4824 4657/4657 4654/4654
f 4823/4823 4821/4821 4658/4658
f 4823/4823 4658/4658 4657/4657
f 4821/4821 3450/3450 4660/4660
f 4821/4821 4660/4660 4658/4658
f 4658/4658 4660/4660 3446/3446
f 4658/4658 3446/3446 4661/4661
f 4661/4661 3446/3446 3444/3444
f 4661/4661 3444/3444 4662/4662
f 4662/4662 3444/3444 3443/3443
f 4662/4662 3443/3443 4664/4664
f 4665/4665 4662/4662 4664/4664
f 4665/4665 4664/4664 4667/4667
f 4659/4659 4665/4665 4667/4667
f 4659/4659 4667/4667 3842/3842
f 4668/4668 4659/4659 3842/3842
f 4668/4668 3842/3842 4670/4670
f 4706/4706 4656/4656 4659/4659
f 4706/4706 4659/4659 4668/4668
f 4704/4704 4654/4654 4656/4656
f 4704/4704 4656/4656 4706/4706
f 4690/4690 4677/4677 4673/4673
f 4690/4690 4673/4673 4672/4672
f 4677/4677 4682/4682 4671/4671
f 4677/4677 4671/4671 4673/4673
f 4672/4672 4673/4673 4674/4674
f 4672/4672 4674/4674 4689/4689
f 4673/4673 4671/4671 4685/4685
f 4673/4673 4685/4685 4674/4674
f 4792/4792 4714/4714 4690/4690
f 4792/4792 4690/4690 4675/4675
f 4714/4714 4679/4679 4677/4677
f 4714/4714 4677/4677 4690/4690
f 4679/4679 4713/4713 4682/4682
f 4679/4679 4682/4682 4677/4677
f 4713/4713 3860/3860 4681/4681
f 4713/4713 4681/4681 4682/4682
f 4682/4682 4681/4681 4684/4684
f 4682/4682 4684/4684 4671/4671
f 4671/4671 4684/4684 4687/4687
f 4671/4671 4687/4687 4685/4685
f 4685/4685 4687/4687 3881/3881
f 4685/4685 3881/3881 4725/4725
f 4674/4674 4685/4685 4725/4725
f 4674/4674 4725/4725 4688/4688
f 4689/4689 4674/4674 4688/4688
f 4689/4689 4688/4688 4722/4722
f 4797/4797 4689/4689 4722/4722
f 4797/4797 4722/4722 4720/4720
f 4691/4691 4672/4672 4689/4689
f 4691/4691 4689/4689 4797/4797
f 4675/4675 4690/4690 4672/4672
f 4675/4675 4672/4672 4691/4691
f 4716/4716 4697/4697 4693/4693
f 4716/4716 4693/4693 4694/4694
f 4697/4697 4705/4705 4707/4707
f 4697/4697 4707/4707 4693/4693
f 4694/4694 4693/4693 4695/4695
f 4694/4694 4695/4695 4696/4696
f 4693/4693 4707/4707 4708/4708
f 4693/4693 4708/4708 4695/4695
f 4792/4792 4779/4779 4716/4716
f 4792/4792 4716/4716 4715/4715
f 4779/4779 4699/4699 4697/4697
f 4779/4779 4697/4697 4716/4716
f 4699/4699 4700/4700 4705/4705
f 4699/4699 4705/4705 4697/4697
f 4700/4700 4702/4702 4704/4704
f 4700/4700 4704/4704 4705/4705
f 4705/4705 4704/4704 4706/4706
f 4705/4705 4706/4706 4707/4707
f 4707/4707 4706/4706 4668/4668
f 4707/4707 4668/4668 4708/4708
f 4708/4708 4668/4668 4670/4670
f 4708/4708 4670/4670 4710/4710
f 4695/4695 4708/4708 4710/4710
f 4695/4695 4710/4710 3862/3862
f 4696/4696 4695/4695 3862/3862
f 4696/4696 3862/3862 4712/4712
f 4713/4713 4696/4696 4712/4712
f 4713/4713 4712/4712 3860/3860
f 4678/4678 4694/4694 4696/4696
f 4678/4678 4696/4696 4713/4713
f 4715/4715 4716/4716 4694/4694
f 4715/4715 4694/4694 4678/4678
f 4733/4733 4717/4717 4718/4718
f 4733/4733 4718/4718 4732/4732
f 4717/4717 4723/4723 4724/4724
f 4717/4717 4724/4724 4718/4718
f 4732/4732 4718/4718 4728/4728
f 4732/4732 4728/4728 4727/4727
f 4718/4718 4724/4724 4726/4726
f 4718/4718 4726/4726 4728/4728
f 2294/2294 4767/4767 4733/4733
f 2294/2294 4733/4733 2239/2239
f 4767/4767 4766/4766 4717/4717
f 4767/4767 4717/4717 4733/4733
f 4766/4766 4761/4761 4723/4723
f 4766/4766 4723/4723 4717/4717
f 4761/4761 4720/4720 4722/4722
f 4761/4761 4722/4722 4723/4723
f 4723/4723 4722/4722 4688/4688
f 4723/4723 4688/4688 4724/4724
f 4724/4724 4688/4688 4725/4725
f 4724/4724 4725/4725 4726/4726
f 4726/4726 4725/4725 3880/3880
f 4726/4726 3880/3880 3892/3892
f 4728/4728 4726/4726 3892/3892
f 4728/4728 3892/3892 3899/3899
f 4727/4727 4728/4728 3899/3899
f 4727/4727 3899/3899 4730/4730
f 4731/4731 4727/4727 4730/4730
f 4731/4731 4730/4730 2245/2245
f 2242/2242 4732/4732 4727/4727
f 2242/2242 4727/4727 4731/4731
f 2239/2239 4733/4733 4732/4732
f 2239/2239 4732/4732 2242/2242
f 4739/4739 4741/4741 4735/4735
f 4739/4739 4735/4735 4747/4747
f 4741/4741 4734/4734 4736/4736
f 4741/4741 4736/4736 4735/4735
f 4747/4747 4735/4735 4738/4738
f 4747/4747 4738/4738 4746/4746
f 4735/4735 4736/4736 4737/4737
f 4735/4735 4737/4737 4738/4738
f 2268/2268 4740/4740 4739/4739
f 2268/2268 4739/4739 2269/2269
f 4740/4740 4560/4560 4741/4741
f 4740/4740 4741/4741 4739/4739
f 4560/4560 4742/4742 4734/4734
f 4560/4560 4734/4734 4741/4741
f 4742/4742 4559/4559 4743/4743
f 4742/4742 4743/4743 4734/4734
f 4734/4734 4743/4743 4744/4744
f 4734/4734 4744/4744 4736/4736
f 4736/4736 4744/4744 4745/4745
f 4736/4736 4745/4745 4737/4737
f 4737/4737 4745/4745 4804/4804
f 4737/4737 4804/4804 4756/4756
f 4738/4738 4737/4737 4756/4756
f 4738/4738 4756/4756 4755/4755
f 4746/4746 4738/4738 4755/4755
f 4746/4746 4755/4755 4754/4754
f 2275/2275 4746/4746 4754/4754
f 2275/2275 4754/4754 4753/4753
f 2270/2270 4747/4747 4746/4746
f 2270/2270 4746/4746 2275/2275
f 2269/2269 4739/4739 4747/4747
f 2269/2269 4747/4747 2270/2270
f 4748/4748 4757/4757 4749/4749
f 4748/4748 4749/4749 4769/4769
f 4757/4757 4750/4750 4760/4760
f 4757/4757 4760/4760 4749/4749
f 4769/4769 4749/4749 4763/4763
f 4769/4769 4763/4763 4764/4764
f 4749/4749 4760/4760 4751/4751
f 4749/4749 4751/4751 4763/4763
f 4753/4753 4754/4754 4748/4748
f 4753/4753 4748/4748 2289/2289
f 4754/4754 4755/4755 4757/4757
f 4754/4754 4757/4757 4748/4748
f 4755/4755 4756/4756 4750/4750
f 4755/4755 4750/4750 4757/4757
f 4756/4756 4804/4804 4759/4759
f 4756/4756 4759/4759 4750/4750
f 4750/4750 4759/4759 4801/4801
f 4750/4750 4801/4801 4760/4760
f 4760/4760 4801/4801 4799/4799
f 4760/4760 4799/4799 4751/4751
f 4751/4751 4799/4799 4719/4719
f 4751/4751 4719/4719 4762/4762
f 4763/4763 4751/4751 4762/4762
f 4763/4763 4762/4762 4765/4765
f 4764/4764 4763/4763 4765/4765
f 4764/4764 4765/4765 4768/4768
f 2293/2293 4764/4764 4768/4768
f 2293/2293 4768/4768 2297/2297
f 2291/2291 4769/4769 4764/4764
f 2291/2291 4764/4764 2293/2293
f 2289/2289 4748/4748 4769/4769
f 2289/2289 4769/4769 2291/2291
f 4770/4770 4771/4771 4774/4774
f 4770/4770 4774/4774 4783/4783
f 4771/4771 4772/4772 4775/4775
f 4771/4771 4775/4775 4774/4774
f 4783/4783 4774/4774 4773/4773
f 4783/4783 4773/4773 4778/4778
f 4774/4774 4775/4775 4777/4777
f 4774/4774 4777/4777 4773/4773
f 4559/4559 4652/4652 4770/4770
f 4559/4559 4770/4770 4782/4782
f 4652/4652 4650/4650 4771/4771
f 4652/4652 4771/4771 4770/4770
f 4650/4650 4647/4647 4772/4772
f 4650/4650 4772/4772 4771/4771
f 4647/4647 4649/4649 4827/4827
f 4647/4647 4827/4827 4772/4772
f 4772/4772 4827/4827 4826/4826
f 4772/4772 4826/4826 4775/4775
f 4775/4775 4826/4826 4776/4776
f 4775/4775 4776/4776 4777/4777
f 4777/4777 4776/4776 4703/4703
f 4777/4777 4703/4703 4701/4701
f 4773/4773 4777/4777 4701/4701
f 4773/4773 4701/4701 4698/4698
f 4778/4778 4773/4773 4698/4698
f 4778/4778 4698/4698 4780/4780
f 4790/4790 4778/4778 4780/4780
f 4790/4790 4780/4780 4794/4794
f 4788/4788 4783/4783 4778/4778
f 4788/4788 4778/4778 4790/4790
f 4782/4782 4770/4770 4783/4783
f 4782/4782 4783/4783 4788/4788
f 4784/4784 4791/4791 4786/4786
f 4784/4784 4786/4786 4785/4785
f 4791/4791 4795/4795 4796/4796
f 4791/4791 4796/4796 4786/4786
f 4785/4785 4786/4786 4803/4803
f 4785/4785 4803/4803 4805/4805
f 4786/4786 4796/4796 4787/4787
f 4786/4786 4787/4787 4803/4803
f 4559/4559 4781/4781 4784/4784
f 4559/4559 4784/4784 4743/4743
f 4781/4781 4788/4788 4791/4791
f 4781/4781 4791/4791 4784/4784
f 4788/4788 4789/4789 4795/4795
f 4788/4788 4795/4795 4791/4791
f 4789/4789 4793/4793 4676/4676
f 4789/4789 4676/4676 4795/4795
f 4795/4795 4676/4676 4692/4692
f 4795/4795 4692/4692 4796/4796
f 4796/4796 4692/4692 4798/4798
f 4796/4796 4798/4798 4787/4787
f 4787/4787 4798/4798 4721/4721
f 4787/4787 4721/4721 4800/4800
f 4803/4803 4787/4787 4800/4800
f 4803/4803 4800/4800 4802/4802
f 4805/4805 4803/4803 4802/4802
f 4805/4805 4802/4802 4758/4758
f 4745/4745 4805/4805 4758/4758
f 4745/4745 4758/4758 4804/4804
f 4744/4744 4785/4785 4805/4805
f 4744/4744 4805/4805 4745/4745
f 4743/4743 4784/4784 4785/4785
f 4743/4743 4785/4785 4744/4744
f 4828/4828 4811/4811 4806/4806
f 4828/4828 4806/4806 4807/4807
f 4811/4811 4814/4814 4815/4815
f 4811/4811 4815/4815 4806/4806
f 4807/4807 4806/4806 4809/4809
f 4807/4807 4809/4809 4808/4808
f 4806/4806 4815/4815 4820/4820
f 4806/4806 4820/4820 4809/4809
f 4649/4649 4810/4810 4828/4828
f 4649/4649 4828/4828 4827/4827
f 4810/4810 4587/4587 4811/4811
f 4810/4810 4811/4811 4828/4828
f 4587/4587 4812/4812 4814/4814
f 4587/4587 4814/4814 4811/4811
f 4812/4812 4813/4813 3624/3624
f 4812/4812 3624/3624 4814/4814
f 4814/4814 3624/3624 4817/4817
f 4814/4814 4817/4817 4815/4815
f 4815/4815 4817/4817 4818/4818
f 4815/4815 4818/4818 4820/4820
f 4820/4820 4818/4818 3451/3451
f 4820/4820 3451/3451 4822/4822
f 4809/4809 4820/4820 4822/4822
f 4809/4809 4822/4822 4823/4823
f 4808/4808 4809/4809 4823/4823
f 4808/4808 4823/4823 4825/4825
f 4776/4776 4808/4808 4825/4825
f 4776/4776 4825/4825 4703/4703
f 4826/4826 4807/4807 4808/4808
f 4826/4826 4808/4808 4776/4776
f 4827/4827 4828/4828 4807/4807
f 4827/4827 4807/4807 4826/4826
f 4829/4829 4830/4830 4831/4831
f 4829/4829 4831/4831 4832/4832
f 4830/4830 4833/4833 4834/4834
f 4830/4830 4834/4834 4831/4831
f 4832/4832 4831/4831 4835/4835
f 4832/4832 4835/4835 4836/4836
f 4831/4831 4834/4834 4837/4837
f 4831/4831 4837/4837 4835/4835
f 2387/2387 4838/4838 4829/4829
f 2387/2387 4829/4829 4839/4839
f 4838/4838 4897/4897 4830/4830
f 4838/4838 4830/4830 4829/4829
f 4897/4897 4842/4842 4833/4833
f 4897/4897 4833/4833 4830/4830
f 4842/4842 3815/3815 4843/4843
f 4842/4842 4843/4843 4833/4833
f 4833/4833 4843/4843 4844/4844
f 4833/4833 4844/4844 4834/4834
f 4834/4834 4844/4844 4845/4845
f 4834/4834 4845/4845 4837/4837
f 4837/4837 4845/4845 4151/4151
f 4837/4837 4151/4151 4174/4174
f 4835/4835 4837/4837 4174/4174
f 4835/4835 4174/4174 4173/4173
f 4836/4836 4835/4835 4173/4173
f 4836/4836 4173/4173 4171/4171
f 4847/4847 4836/4836 4171/4171
f 4847/4847 4171/4171 4170/4170
f 2388/2388 4832/4832 4836/4836
f 2388/2388 4836/4836 4847/4847
f 4839/4839 4829/4829 4832/4832
f 4839/4839 4832/4832 2388/2388
f 4848/4848 4849/4849 4850/4850
f 4848/4848 4850/4850 4851/4851
f 4849/4849 4852/4852 4853/4853
f 4849/4849 4853/4853 4850/4850
f 4851/4851 4850/4850 4854/4854
f 4851/4851 4854/4854 4855/4855
f 4850/4850 4853/4853 4856/4856
f 4850/4850 4856/4856 4854/4854
f 3815/3815 3813/3813 4848/4848
f 3815/3815 4848/4848 4843/4843
f 3813/3813 4858/4858 4849/4849
f 3813/3813 4849/4849 4848/4848
f 4858/4858 4859/4859 4852/4852
f 4858/4858 4852/4852 4849/4849
f 4859/4859 3796/3796 4861/4861
f 4859/4859 4861/4861 4852/4852
f 4852/4852 4861/4861 4862/4862
f 4852/4852 4862/4862 4853/4853
f 4853/4853 4862/4862 4863/4863
f 4853/4853 4863/4863 4856/4856
f 4856/4856 4863/4863 4133/4133
f 4856/4856 4133/4133 4155/4155
f 4854/4854 4856/4856 4155/4155
f 4854/4854 4155/4155 4154/4154
f 4855/4855 4854/4854 4154/4154
f 4855/4855 4154/4154 4152/4152
f 4845/4845 4855/4855 4152/4152
f 4845/4845 4152/4152 4151/4151
f 4844/4844 4851/4851 4855/4855
f 4844/4844 4855/4855 4845/4845
f 4843/4843 4848/4848 4851/4851
f 4843/4843 4851/4851 4844/4844
f 4864/4864 4865/4865 4866/4866
f 4864/4864 4866/4866 4867/4867
f 4865/4865 4868/4868 4869/4869
f 4865/4865 4869/4869 4866/4866
f 4867/4867 4866/4866 4870/4870
f 4867/4867 4870/4870 4871/4871
f 4866/4866 4869/4869 4872/4872
f 4866/4866 4872/4872 4870/4870
f 3796/3796 4873/4873 4864/4864
f 3796/3796 4864/4864 4861/4861
f 4873/4873 3795/3795 4865/4865
f 4873/4873 4865/4865 4864/4864
f 3795/3795 3793/3793 4868/4868
f 3795/3795 4868/4868 4865/4865
f 3793/3793 3776/3776 4874/4874
f 3793/3793 4874/4874 4868/4868
f 4868/4868 4874/4874 4875/4875
f 4868/4868 4875/4875 4869/4869
f 4869/4869 4875/4875 4876/4876
f 4869/4869 4876/4876 4872/4872
f 4872/4872 4876/4876 4111/4111
f 4872/4872 4111/4111 4137/4137
f 4870/4870 4872/4872 4137/4137
f 4870/4870 4137/4137 4136/4136
f 4871/4871 4870/4870 4136/4136
f 4871/4871 4136/4136 4134/4134
f 4863/4863 4871/4871 4134/4134
f 4863/4863 4134/4134 4133/4133
f 4862/4862 4867/4867 4871/4871
f 4862/4862 4871/4871 4863/4863
f 4861/4861 4864/4864 4867/4867
f 4861/4861 4867/4867 4862/4862
f 4877/4877 4878/4878 4879/4879
f 4877/4877 4879/4879 4880/4880
f 4878/4878 4881/4881 4882/4882
f 4878/4878 4882/4882 4879/4879
f 4880/4880 4879/4879 4883/4883
f 4880/4880 4883/4883 4884/4884
f 4879/4879 4882/4882 4885/4885
f 4879/4879 4885/4885 4883/4883
f 3776/3776 4886/4886 4877/4877
f 3776/3776 4877/4877 4874/4874
f 4886/4886 3774/3774 4878/4878
f 4886/4886 4878/4878 4877/4877
f 3774/3774 3772/3772 4881/4881
f 3774/3774 4881/4881 4878/4878
f 3772/3772 3683/3683 3682/3682
f 3772/3772 3682/3682 4881/4881
f 4881/4881 3682/3682 3681/3681
f 4881/4881 3681/3681 4882/4882
f 4882/4882 3681/3681 3680/3680
f 4882/4882 3680/3680 4885/4885
f 4885/4885 3680/3680 2863/2863
f 4885/4885 2863/2863 4115/4115
f 4883/4883 4885/4885 4115/4115
f 4883/4883 4115/4115 4114/4114
f 4884/4884 4883/4883 4114/4114
f 4884/4884 4114/4114 4112/4112
f 4876/4876 4884/4884 4112/4112
f 4876/4876 4112/4112 4111/4111
f 4875/4875 4880/4880 4884/4884
f 4875/4875 4884/4884 4876/4876
f 4874/4874 4877/4877 4880/4880
f 4874/4874 4880/4880 4875/4875
f 4887/4887 4888/4888 4889/4889
f 4887/4887 4889/4889 4890/4890
f 4888/4888 4891/4891 4892/4892
f 4888/4888 4892/4892 4889/4889
f 4890/4890 4889/4889 4893/4893
f 4890/4890 4893/4893 4894/4894
f 4889/4889 4892/4892 4895/4895
f 4889/4889 4895/4895 4893/4893
f 3820/3820 3818/3818 4887/4887
f 3820/3820 4887/4887 4896/4896
f 3818/3818 3817/3817 4888/4888
f 3818/3818 4888/4888 4887/4887
f 3817/3817 3816/3816 4891/4891
f 3817/3817 4891/4891 4888/4888
f 3816/3816 3815/3815 4841/4841
f 3816/3816 4841/4841 4891/4891
f 4891/4891 4841/4841 4897/4897
f 4891/4891 4897/4897 4892/4892
f 4892/4892 4897/4897 4838/4838
f 4892/4892 4838/4838 4895/4895
f 4895/4895 4838/4838 2386/2386
f 4895/4895 2386/2386 2449/2449
f 4893/4893 4895/4895 2449/2449
f 4893/4893 2449/2449 2448/2448
f 4894/4894 4893/4893 2448/2448
f 4894/4894 2448/2448 2447/2447
f 4898/4898 4894/4894 2447/2447
f 4898/4898 2447/2447 2446/2446
f 4899/4899 4890/4890 4894/4894
f 4899/4899 4894/4894 4898/4898
f 4896/4896 4887/4887 4890/4890
f 4896/4896 4890/4890 4899/4899
f 4900/4900 4901/4901 4902/4902
f 4900/4900 4902/4902 4903/4903
f 4901/4901 4904/4904 4905/4905
f 4901/4901 4905/4905 4902/4902
f 4903/4903 4902/4902 4906/4906
f 4903/4903 4906/4906 4907/4907
f 4902/4902 4905/4905 4908/4908
f 4902/4902 4908/4908 4906/4906
f 3875/3875 4909/4909 4900/4900
f 3875/3875 4900/4900 3893/3893
f 4909/4909 4910/4910 4901/4901
f 4909/4909 4901/4901 4900/4900
f 4910/4910 4911/4911 4904/4904
f 4910/4910 4904/4904 4901/4901
f 4911/4911 3820/3820 4896/4896
f 4911/4911 4896/4896 4904/4904
f 4904/4904 4896/4896 4899/4899
f 4904/4904 4899/4899 4905/4905
f 4905/4905 4899/4899 4898/4898
f 4905/4905 4898/4898 4908/4908
f 4908/4908 4898/4898 2446/2446
f 4908/4908 2446/2446 4912/4912
f 4906/4906 4908/4908 4912/4912
f 4906/4906 4912/4912 4915/4915
f 4907/4907 4906/4906 4915/4915
f 4907/4907 4915/4915 2462/2462
f 3895/3895 4907/4907 2462/2462
f 3895/3895 2462/2462 1390/1390
f 3894/3894 4903/4903 4907/4907
f 3894/3894 4907/4907 3895/3895
f 3893/3893 4900/4900 4903/4903
f 3893/3893 4903/4903 3894/3894
f 4916/4916 4917/4917 4918/4918
f 4916/4916 4918/4918 4919/4919
f 4917/4917 4920/4920 4921/4921
f 4917/4917 4921/4921 4918/4918
f 4919/4919 4918/4918 4922/4922
f 4919/4919 4922/4922 4923/4923
f 4918/4918 4921/4921 4924/4924
f 4918/4918 4924/4924 4922/4922
f 3855/3855 4925/4925 4916/4916
f 3855/3855 4916/4916 3872/3872
f 4925/4925 4926/4926 4917/4917
f 4925/4925 4917/4917 4916/4916
f 4926/4926 4927/4927 4920/4920
f 4926/4926 4920/4920 4917/4917
f 4927/4927 3801/3801 3812/3812
f 4927/4927 3812/3812 4920/4920
f 4920/4920 3812/3812 3821/3821
f 4920/4920 3821/3821 4921/4921
f 4921/4921 3821/3821 3819/3819
f 4921/4921 3819/3819 4924/4924
f 4924/4924 3819/3819 3820/3820
f 4924/4924 3820/3820 4911/4911
f 4922/4922 4924/4924 4911/4911
f 4922/4922 4911/4911 4910/4910
f 4923/4923 4922/4922 4910/4910
f 4923/4923 4910/4910 4909/4909
f 3874/3874 4923/4923 4909/4909
f 3874/3874 4909/4909 3875/3875
f 3873/3873 4919/4919 4923/4923
f 3873/3873 4923/4923 3874/3874
f 3872/3872 4916/4916 4919/4919
f 3872/3872 4919/4919 3873/3873
f 4928/4928 4929/4929 4930/4930
f 4928/4928 4930/4930 4931/4931
f 4929/4929 4932/4932 4933/4933
f 4929/4929 4933/4933 4930/4930
f 4931/4931 4930/4930 4934/4934
f 4931/4931 4934/4934 4935/4935
f 4930/4930 4933/4933 4936/4936
f 4930/4930 4936/4936 4934/4934
f 3837/3837 4937/4937 4928/4928
f 3837/3837 4928/4928 3852/3852
f 4937/4937 4938/4938 4929/4929
f 4937/4937 4929/4929 4928/4928
f 4938/4938 4939/4939 4932/4932
f 4938/4938 4932/4932 4929/4929
f 4939/4939 3781/3781 3792/3792
f 4939/4939 3792/3792 4932/4932
f 4932/4932 3792/3792 3802/3802
f 4932/4932 3802/3802 4933/4933
f 4933/4933 3802/3802 3800/3800
f 4933/4933 3800/3800 4936/4936
f 4936/4936 3800/3800 3801/3801
f 4936/4936 3801/3801 4927/4927
f 4934/4934 4936/4936 4927/4927
f 4934/4934 4927/4927 4926/4926
f 4935/4935 4934/4934 4926/4926
f 4935/4935 4926/4926 4925/4925
f 3854/3854 4935/4935 4925/4925
f 3854/3854 4925/4925 3855/3855
f 3853/3853 4931/4931 4935/4935
f 3853/3853 4935/4935 3854/3854
f 3852/3852 4928/4928 4931/4931
f 3852/3852 4931/4931 3853/3853
f 4940/4940 4941/4941 4942/4942
f 4940/4940 4942/4942 4943/4943
f 4941/4941 4944/4944 4945/4945
f 4941/4941 4945/4945 4942/4942
f 4943/4943 4942/4942 4946/4946
f 4943/4943 4946/4946 4947/4947
f 4942/4942 4945/4945 4948/4948
f 4942/4942 4948/4948 4946/4946
f 2581/2581 3753/3753 4940/4940
f 2581/2581 4940/4940 3834/3834
f 3753/3753 3757/3757 4941/4941
f 3753/3753 4941/4941 4940/4940
f 3757/3757 3755/3755 4944/4944
f 3757/3757 4944/4944 4941/4941
f 3755/3755 3767/3767 3769/3769
f 3755/3755 3769/3769 4944/4944
f 4944/4944 3769/3769 3782/3782
f 4944/4944 3782/3782 4945/4945
f 4945/4945 3782/3782 3780/3780
f 4945/4945 3780/3780 4948/4948
f 4948/4948 3780/3780 3781/3781
f 4948/4948 3781/3781 4939/4939
f 4946/4946 4948/4948 4939/4939
f 4946/4946 4939/4939 4938/4938
f 4947/4947 4946/4946 4938/4938
f 4947/4947 4938/4938 4937/4937
f 3836/3836 4947/4947 4937/4937
f 3836/3836 4937/4937 3837/3837
f 3835/3835 4943/4943 4947/4947
f 3835/3835 4947/4947 3836/3836
f 3834/3834 4940/4940 4943/4943
f 3834/3834 4943/4943 3835/3835
f 5010/5010 4051/4051 4061/4061
f 4061/4061 5012/5012 4950/4950
f 4061/4061 4950/4950 5010/5010
f 4952/4952 5015/5015 1580/1580
f 1580/1580 1584/1584 5019/5019
f 1580/1580 5019/5019 4952/4952
f 4953/4953 5024/5024 1565/1565
f 1565/1565 1568/1568 5023/5023
f 1565/1565 5023/5023 4953/4953
f 4062/4062 4055/4055 5027/5027
f 4062/4062 5027/5027 5026/5026
f 303/303 300/300 5030/5030
f 303/303 5030/5030 5028/5028
f 5031/5031 2802/2802 2805/2805
f 2805/2805 5033/5033 4960/4960
f 2805/2805 4960/4960 5031/5031
f 4962/4962 5035/5035 2826/2826
f 2826/2826 2829/2829 5039/5039
f 2826/2826 5039/5039 4962/4962
f 4963/4963 5042/5042 1596/1596
f 1596/1596 1598/1598 5046/5046
f 1596/1596 5046/5046 4963/4963
f 4086/4086 4081/4081 5052/5052
f 4086/4086 5052/5052 5050/5050
f 5052/5052 4081/4081 4078/4078
f 4078/4078 5057/5057 4964/4964
f 4078/4078 4964/4964 5052/5052
f 4965/4965 5058/5058 295/295
f 295/295 292/292 5061/5061
f 295/295 5061/5061 4965/4965
f 4074/4074 4069/4069 5063/5063
f 4074/4074 5063/5063 5062/5062
f 5065/5065 1576/1576 1577/1577
f 5065/5065 1577/1577 5067/5067
f 5069/5069 1589/1589 1592/1592
f 1592/1592 5073/5073 4971/4971
f 1592/1592 4971/4971 5069/5069
f 5078/5078 4974/4974 5075/5075
f 5075/5075 286/286 1552/1552
f 5075/5075 1552/1552 5078/5078
f 5086/5086 5088/5088 482/482
f 482/482 3006/3006 5079/5079
f 5083/5083 5086/5086 482/482
f 482/482 5079/5079 5083/5083
f 5097/5097 5098/5098 3242/3242
f 3242/3242 5089/5089 5092/5092
f 5094/5094 5097/5097 3242/3242
f 3242/3242 5092/5092 5094/5094
f 5101/5101 5080/5080 3007/3007
f 3241/3241 5036/5036 5037/5037
f 5103/5103 5101/5101 3007/3007
f 3241/3241 5037/5037 5103/5103
f 3007/3007 3241/3241 5103/5103
f 1980/1980 1998/1998 5076/5076
f 1980/1980 5076/5076 4972/4972
f 4979/4979 5104/5104 1980/1980
f 1980/1980 4972/4972 4979/4979
f 4967/4967 5107/5107 4476/4476
f 4476/4476 5110/5110 4982/4982
f 4968/4968 4967/4967 4476/4476
f 4476/4476 4982/4982 4968/4968
f 5089/5089 3242/3242 3249/3249
f 3249/3249 3258/3258 5032/5032
f 4959/4959 5089/5089 3249/3249
f 3249/3249 5032/5032 4959/4959
f 5113/5113 3032/3032 3024/3024
f 3024/3024 3242/3242 5098/5098
f 5112/5112 5113/5113 3024/3024
f 3024/3024 5098/5098 5112/5112
f 5036/5036 3241/3241 3032/3032
f 3032/3032 5113/5113 5115/5115
f 3032/3032 5115/5115 5118/5118
f 5034/5034 5036/5036 3032/3032
f 3032/3032 5118/5118 5034/5034
f 4052/4052 4051/4051 5010/5010
f 4052/4052 5010/5010 5119/5119
f 5102/5102 2833/2833 324/324
f 5102/5102 324/324 5099/5099
f 278/278 277/277 5121/5121
f 278/278 5121/5121 5120/5120
f 5123/5123 307/307 304/304
f 304/304 5126/5126 4988/4988
f 304/304 4988/4988 5123/5123
f 2809/2809 2813/2813 5093/5093
f 2809/2809 5093/5093 5090/5090
f 4065/4065 4062/4062 5026/5026
f 4065/4065 5026/5026 5127/5127
f 4990/4990 5027/5027 4055/4055
f 4055/4055 4052/4052 5119/5119
f 4055/4055 5119/5119 4990/4990
f 4991/4991 5066/5066 1577/1577
f 1577/1577 1580/1580 5015/5015
f 1577/1577 5015/5015 4991/4991
f 5019/5019 1584/1584 1588/1588
f 5019/5019 1588/1588 5131/5131
f 2794/2794 2801/2801 5134/5134
f 2794/2794 5134/5134 5133/5133
f 5136/5136 2790/2790 2794/2794
f 2794/2794 5132/5132 4994/4994
f 2794/2794 4994/4994 5136/5136
f 4977/4977 5096/5096 2814/2814
f 2814/2814 2817/2817 5111/5111
f 2814/2814 5111/5111 4977/4977
f 5109/5109 4077/4077 4074/4074
f 5109/5109 4074/4074 5062/5062
f 291/291 287/287 5139/5139
f 291/291 5139/5139 5138/5138
f 4093/4093 4090/4090 5145/5145
f 4093/4093 5145/5145 5143/5143
f 5038/5038 2829/2829 2833/2833
f 5038/5038 2833/2833 5102/5102
f 5011/5011 4489/4489 4488/4488
f 4488/4488 5128/5128 4985/4985
f 4951/4951 5011/5011 4488/4488
f 4488/4488 4985/4985 4951/4951
f 4961/4961 5032/5032 3258/3258
f 3258/3258 3255/3255 5137/5137
f 3258/3258 5137/5137 4993/4993
f 4992/4992 4961/4961 3258/3258
f 3258/3258 4993/4993 4992/4992
f 5147/5147 4475/4475 4477/4477
f 4477/4477 4476/4476 5107/5107
f 4998/4998 5147/5147 4477/4477
f 4477/4477 5107/5107 4998/4998
f 5128/5128 4488/4488 4475/4475
f 4475/4475 5148/5148 4989/4989
f 4475/4475 4989/4989 4956/4956
f 4955/4955 5128/5128 4475/4475
f 4475/4475 4956/4956 4955/4955
f 4476/4476 4479/4479 4260/4260
f 4260/4260 5053/5053 5055/5055
f 5055/5055 5110/5110 4476/4476
f 4260/4260 5055/5055 4476/4476
f 5082/5082 4976/4976 5100/5100
f 5100/5100 325/325 319/319
f 5100/5100 319/319 5082/5082
f 5150/5150 1559/1559 1564/1564
f 5150/5150 1564/1564 5152/5152
f 5114/5114 4984/4984 5111/5111
f 5111/5111 2817/2817 2821/2821
f 5111/5111 2821/2821 5114/5114
f 5064/5064 4069/4069 4066/4066
f 4066/4066 5149/5149 4981/4981
f 4066/4066 4981/4981 5064/5064
f 5131/5131 1588/1588 1589/1589
f 5131/5131 1589/1589 5069/5069
f 4089/4089 4086/4086 5049/5049
f 4089/4089 5049/5049 5154/5154
f 5056/5056 4078/4078 4077/4077
f 4077/4077 5108/5108 4983/4983
f 4077/4077 4983/4983 5056/5056
f 4999/4999 5149/5149 4066/4066
f 4066/4066 4065/4065 5127/5127
f 4066/4066 5127/5127 4999/4999
f 312/312 307/307 5123/5123
f 312/312 5123/5123 5157/5157
f 5152/5152 1564/1564 1565/1565
f 5152/5152 1565/1565 5025/5025
f 5126/5126 304/304 303/303
f 303/303 5029/5029 5002/5002
f 303/303 5002/5002 5126/5126
f 5077/5077 1552/1552 1555/1555
f 5077/5077 1555/1555 5106/5106
f 277/277 286/286 5075/5075
f 277/277 5075/5075 5121/5121
f 4060/4060 2787/2787 5160/5160
f 4060/4060 5160/5160 5013/5013
f 5074/5074 1592/1592 1596/1596
f 5074/5074 1596/1596 5041/5041
f 2787/2787 2790/2790 5136/5136
f 2787/2787 5136/5136 5161/5161
f 1978/1978 5163/5163 5005/5005
f 1978/1978 5005/5005 4970/4970
f 4969/4969 5129/5129 1978/1978
f 1978/1978 4970/4970 4969/4969
f 5144/5144 5165/5165 4480/4480
f 4480/4480 1755/1755 5043/5043
f 4480/4480 5043/5043 5045/5045
f 5141/5141 5144/5144 4480/4480
f 4480/4480 5045/5045 5141/5141
f 5071/5071 1774/1774 1775/1775
f 1775/1775 5016/5016 5018/5018
f 1775/1775 5018/5018 5130/5130
f 5068/5068 5071/5071 1775/1775
f 1775/1775 5130/5130 5068/5068
f 5014/5014 5017/5017 1775/1775
f 1775/1775 1771/1771 1978/1978
f 1978/1978 5129/5129 5014/5014
f 1775/1775 1978/1978 5014/5014
f 5164/5164 1978/1978 1979/1979
f 1979/1979 1999/1999 5020/5020
f 5022/5022 5164/5164 1979/1979
f 1979/1979 5020/5020 5022/5022
f 4954/4954 5021/5021 1999/1999
f 1999/1999 1980/1980 5105/5105
f 1999/1999 5105/5105 5001/5001
f 5000/5000 4954/4954 1999/1999
f 1999/1999 5001/5001 5000/5000
f 5076/5076 1998/1998 726/726
f 726/726 5166/5166 4987/4987
f 726/726 4987/4987 4986/4986
f 4973/4973 5076/5076 726/726
f 726/726 4986/4986 4973/4973
f 315/315 312/312 5156/5156
f 315/315 5156/5156 5169/5169
f 4980/4980 5106/5106 1555/1555
f 1555/1555 1559/1559 5151/5151
f 1555/1555 5151/5151 4980/4980
f 5033/5033 2805/2805 2809/2809
f 2809/2809 5091/5091 4978/4978
f 2809/2809 4978/4978 5033/5033
f 5162/5162 1572/1572 1576/1576
f 5162/5162 1576/1576 5065/5065
f 1599/1599 4093/4093 5142/5142
f 1599/1599 5142/5142 5047/5047
f 5085/5085 316/316 315/315
f 315/315 5168/5168 4975/4975
f 315/315 4975/4975 5085/5085
f 5008/5008 5061/5061 292/292
f 292/292 291/291 5138/5138
f 5008/5008 292/292 5138/5138
f 5114/5114 2821/2821 2825/2825
f 5114/5114 2825/2825 5117/5117
f 5116/5116 2825/2825 2826/2826
f 5116/5116 2826/2826 5035/5035
f 5007/5007 5171/5171 281/281
f 281/281 278/278 5120/5120
f 5007/5007 281/281 5120/5120
f 5004/5004 5023/5023 1568/1568
f 1568/1568 1572/1572 5162/5162
f 1568/1568 5162/5162 5004/5004
f 5093/5093 2813/2813 2814/2814
f 5093/5093 2814/2814 5095/5095
f 2801/2801 2802/2802 5031/5031
f 2801/2801 5031/5031 5135/5135
f 319/319 316/316 5084/5084
f 319/319 5084/5084 5081/5081
f 5146/5146 4090/4090 4089/4089
f 4089/4089 5154/5154 5006/5006
f 4089/4089 5006/5006 5146/5146
f 300/300 295/295 5058/5058
f 300/300 5058/5058 5030/5030
f 4966/4966 5059/5059 725/725
f 725/725 5159/5159 4958/4958
f 4957/4957 4966/4966 725/725
f 725/725 4958/4958 4957/4957
f 5040/5040 5044/5044 1754/1754
f 1774/1774 5070/5070 5072/5072
f 5040/5040 1754/1754 1774/1774
f 1774/1774 5072/5072 5040/5040
f 4995/4995 5137/5137 3255/3255
f 3255/3255 4489/4489 5011/5011
f 3255/3255 5011/5011 4949/4949
f 5003/5003 4995/4995 3255/3255
f 3255/3255 4949/4949 5003/5003
f 5166/5166 726/726 735/735
f 735/735 5170/5170 4997/4997
f 735/735 4997/4997 4996/4996
f 5009/5009 5166/5166 735/735
f 735/735 4996/4996 5009/5009
f 5170/5170 735/735 734/734
f 734/734 725/725 5059/5059
f 5060/5060 5170/5170 734/734
f 734/734 5059/5059 5060/5060
f 5158/5158 725/725 485/485
f 485/485 730/730 5124/5124
f 5125/5125 5158/5158 485/485
f 485/485 5124/5124 5125/5125
f 5122/5122 5124/5124 730/730
f 730/730 482/482 5087/5087
f 730/730 5087/5087 5167/5167
f 5155/5155 5122/5122 730/730
f 730/730 5167/5167 5155/5155
f 5051/5051 5054/5054 4260/4260
f 4260/4260 4480/4480 5165/5165
f 4260/4260 5165/5165 5153/5153
f 5048/5048 5051/5051 4260/4260
f 4260/4260 5153/5153 5048/5048
f 287/287 281/281 5171/5171
f 287/287 5171/5171 5140/5140
f 2812/2812 2813/2813 2809/2809
f 2812/2812 2809/2809 2808/2808
