mtllib WaterBottle.mtl
g WaterBottle
usemtl BottleMat
v 0.04938 -0.12677 -0.00782
v 0.04938 0.04076 -0.00782
v 0.04755 -0.12677 -0.01545
v 0.04755 0.04076 -0.01545
v 0.04455 -0.12677 -0.02270
v 0.04455 0.04076 -0.02270
v 0.04045 -0.12677 -0.02939
v 0.04045 0.04076 -0.02939
v 0.03536 -0.12677 -0.03536
v 0.03536 0.04076 -0.03536
v 0.02939 -0.12677 -0.04045
v 0.02939 0.04076 -0.04045
v 0.02270 -0.12677 -0.04455
v 0.02270 0.04076 -0.04455
v 0.01545 -0.12677 -0.04755
v 0.01545 0.04076 -0.04755
v 0.00782 -0.12677 -0.04938
v 0.00782 0.04076 -0.04938
v 0.00000 -0.12677 -0.05000
v 0.00000 0.04076 -0.05000
v 0.04032 0.04465 -0.02929
v 0.04441 0.04465 -0.02263
v 0.04740 0.04465 -0.01540
v 0.04922 0.04465 -0.00780
v 0.05000 0.04076 0.00000
v 0.05000 -0.12677 0.00000
v 0.04938 0.04076 0.00782
v 0.04938 -0.12677 0.00782
v 0.04755 0.04076 0.01545
v 0.04755 -0.12677 0.01545
v 0.04455 0.04076 0.02270
v 0.04455 -0.12677 0.02270
v 0.04045 0.04076 0.02939
v 0.04045 -0.12677 0.02939
v 0.03536 0.04076 0.03536
v 0.03536 -0.12677 0.03536
v 0.02939 0.04076 0.04045
v 0.02939 -0.12677 0.04045
v 0.02270 0.04076 0.04455
v 0.02270 -0.12677 0.04455
v 0.01545 0.04076 0.04755
v 0.01545 -0.12677 0.04755
v 0.00782 0.04076 0.04938
v 0.00782 -0.12677 0.04938
v 0.00000 0.04076 0.05000
v 0.00000 -0.12677 0.05000
v -0.00782 0.04076 0.04938
v -0.00782 -0.12677 0.04938
v -0.01545 0.04076 0.04755
v -0.01545 -0.12677 0.04755
v -0.02270 0.04076 0.04455
v -0.02270 -0.12677 0.04455
v -0.02939 0.04076 0.04045
v -0.02939 -0.12677 0.04045
v -0.03536 0.04076 0.03536
v -0.03536 -0.12677 0.03536
v -0.04045 0.04076 0.02939
v -0.04045 -0.12677 0.02939
v -0.04455 0.04076 0.02270
v -0.04455 -0.12677 0.02270
v -0.04755 0.04076 0.01545
v -0.04755 -0.12677 0.01545
v -0.04938 0.04076 0.00782
v -0.04938 -0.12677 0.00782
v -0.05000 0.04076 0.00000
v -0.05000 -0.12677 -0.00000
v -0.04938 0.04076 -0.00782
v -0.04938 -0.12677 -0.00782
v -0.04755 0.04076 -0.01545
v -0.04755 -0.12677 -0.01545
v -0.04455 0.04076 -0.02270
v -0.04455 -0.12677 -0.02270
v -0.04045 0.04076 -0.02939
v -0.04045 -0.12677 -0.02939
v -0.03536 0.04076 -0.03536
v -0.03536 -0.12677 -0.03536
v -0.02939 0.04076 -0.04045
v -0.02939 -0.12677 -0.04045
v -0.02270 0.04076 -0.04455
v -0.02270 -0.12677 -0.04455
v -0.01545 0.04076 -0.04755
v -0.01545 -0.12677 -0.04755
v -0.00782 0.04076 -0.04938
v -0.00782 -0.12677 -0.04938
v 0.00000 0.04076 -0.05000
v 0.00000 -0.12677 -0.05000
v -0.00780 0.04465 -0.04922
v 0.00000 0.04465 -0.04984
v -0.00772 0.04851 -0.04874
v 0.00000 0.04851 -0.04935
v -0.00759 0.05231 -0.04795
v 0.00000 0.05231 -0.04854
v -0.00742 0.05604 -0.04684
v 0.00000 0.05604 -0.04742
v -0.00720 0.05966 -0.04543
v 0.00000 0.05966 -0.04599
v -0.00693 0.06315 -0.04372
v 0.00000 0.06315 -0.04427
v -0.00661 0.06648 -0.04174
v 0.00000 0.06648 -0.04226
v -0.00625 0.06964 -0.03948
v 0.00000 0.06964 -0.03998
v -0.00586 0.07259 -0.03698
v 0.00000 0.07259 -0.03744
v -0.01157 0.07259 -0.03561
v -0.01235 0.06964 -0.03802
v -0.01306 0.06648 -0.04019
v -0.01368 0.06315 -0.04210
v -0.01421 0.05966 -0.04374
v -0.01465 0.05604 -0.04510
v -0.01500 0.05231 -0.04617
v -0.01525 0.04851 -0.04694
v -0.01540 0.04465 -0.04740
v -0.01700 0.07259 -0.03336
v -0.01815 0.06964 -0.03562
v -0.01918 0.06648 -0.03765
v -0.02010 0.06315 -0.03944
v -0.02088 0.05966 -0.04098
v -0.02153 0.05604 -0.04225
v -0.02204 0.05231 -0.04325
v -0.02241 0.04851 -0.04397
v -0.02263 0.04465 -0.04441
v -0.02201 0.07259 -0.03029
v -0.02350 0.06964 -0.03234
v -0.02484 0.06648 -0.03419
v -0.02602 0.06315 -0.03581
v -0.02703 0.05966 -0.03721
v -0.02787 0.05604 -0.03837
v -0.02853 0.05231 -0.03927
v -0.02901 0.04851 -0.03993
v -0.02929 0.04465 -0.04032
v -0.02647 0.07259 -0.02647
v -0.02827 0.06964 -0.02827
v -0.02988 0.06648 -0.02988
v -0.03130 0.06315 -0.03130
v -0.03252 0.05966 -0.03252
v -0.03353 0.05604 -0.03353
v -0.03433 0.05231 -0.03433
v -0.03490 0.04851 -0.03490
v -0.03524 0.04465 -0.03524
v -0.03029 0.07259 -0.02201
v -0.03234 0.06964 -0.02350
v -0.03419 0.06648 -0.02484
v -0.03581 0.06315 -0.02602
v -0.03721 0.05966 -0.02703
v -0.03837 0.05604 -0.02787
v -0.03927 0.05231 -0.02853
v -0.03993 0.04851 -0.02901
v -0.04032 0.04465 -0.02929
v -0.03336 0.07259 -0.01700
v -0.03562 0.06964 -0.01815
v -0.03765 0.06648 -0.01918
v -0.03944 0.06315 -0.02010
v -0.04098 0.05966 -0.02088
v -0.04225 0.05604 -0.02153
v -0.04325 0.05231 -0.02204
v -0.04397 0.04851 -0.02241
v -0.04441 0.04465 -0.02263
v -0.03561 0.07259 -0.01157
v -0.03802 0.06964 -0.01235
v -0.04019 0.06648 -0.01306
v -0.04210 0.06315 -0.01368
v -0.04374 0.05966 -0.01421
v -0.04510 0.05604 -0.01465
v -0.04617 0.05231 -0.01500
v -0.04694 0.04851 -0.01525
v -0.04740 0.04465 -0.01540
v -0.03698 0.07259 -0.00586
v -0.03948 0.06964 -0.00625
v -0.04174 0.06648 -0.00661
v -0.04372 0.06315 -0.00693
v -0.04543 0.05966 -0.00720
v -0.04684 0.05604 -0.00742
v -0.04795 0.05231 -0.00759
v -0.04874 0.04851 -0.00772
v -0.04922 0.04465 -0.00780
v -0.03744 0.07259 0.00000
v -0.03998 0.06964 0.00000
v -0.04226 0.06648 0.00000
v -0.04427 0.06315 0.00000
v -0.04599 0.05966 0.00000
v -0.04742 0.05604 0.00000
v -0.04854 0.05231 0.00000
v -0.04935 0.04851 0.00000
v -0.04984 0.04465 0.00000
v -0.03698 0.07259 0.00586
v -0.03948 0.06964 0.00625
v -0.04174 0.06648 0.00661
v -0.04372 0.06315 0.00693
v -0.04543 0.05966 0.00720
v -0.04684 0.05604 0.00742
v -0.04795 0.05231 0.00759
v -0.04874 0.04851 0.00772
v -0.04922 0.04465 0.00780
v -0.03561 0.07259 0.01157
v -0.03802 0.06964 0.01235
v -0.04019 0.06648 0.01306
v -0.04210 0.06315 0.01368
v -0.04374 0.05966 0.01421
v -0.04510 0.05604 0.01465
v -0.04617 0.05231 0.01500
v -0.04694 0.04851 0.01525
v -0.04740 0.04465 0.01540
v -0.03336 0.07259 0.01700
v -0.03562 0.06964 0.01815
v -0.03765 0.06648 0.01918
v -0.03944 0.06315 0.02010
v -0.04098 0.05966 0.02088
v -0.04225 0.05604 0.02153
v -0.04325 0.05231 0.02204
v -0.04397 0.04851 0.02241
v -0.04441 0.04465 0.02263
v -0.03029 0.07259 0.02201
v -0.03234 0.06964 0.02350
v -0.03419 0.06648 0.02484
v -0.03581 0.06315 0.02602
v -0.03721 0.05966 0.02704
v -0.03837 0.05604 0.02787
v -0.03927 0.05231 0.02853
v -0.03993 0.04851 0.02901
v -0.04032 0.04465 0.02929
v -0.02647 0.07259 0.02647
v -0.02827 0.06964 0.02827
v -0.02988 0.06648 0.02988
v -0.03130 0.06315 0.03130
v -0.03252 0.05966 0.03252
v -0.03353 0.05604 0.03353
v -0.03433 0.05231 0.03433
v -0.03490 0.04851 0.03490
v -0.03524 0.04465 0.03524
v -0.02201 0.07259 0.03029
v -0.02350 0.06964 0.03234
v -0.02484 0.06648 0.03419
v -0.02602 0.06315 0.03581
v -0.02703 0.05966 0.03721
v -0.02787 0.05604 0.03837
v -0.02853 0.05231 0.03927
v -0.02901 0.04851 0.03993
v -0.02929 0.04465 0.04032
v -0.01700 0.07259 0.03336
v -0.01815 0.06964 0.03562
v -0.01918 0.06648 0.03765
v -0.02010 0.06315 0.03944
v -0.02088 0.05966 0.04098
v -0.02153 0.05604 0.04225
v -0.02204 0.05231 0.04325
v -0.02241 0.04851 0.04397
v -0.02263 0.04465 0.04441
v -0.01157 0.07259 0.03561
v -0.01235 0.06964 0.03802
v -0.01306 0.06648 0.04019
v -0.01368 0.06315 0.04210
v -0.01421 0.05966 0.04374
v -0.01465 0.05604 0.04510
v -0.01500 0.05231 0.04617
v -0.01525 0.04851 0.04694
v -0.01540 0.04465 0.04740
v -0.00586 0.07259 0.03698
v -0.00625 0.06964 0.03948
v -0.00661 0.06648 0.04174
v -0.00693 0.06315 0.04372
v -0.00720 0.05966 0.04543
v -0.00742 0.05604 0.04684
v -0.00759 0.05231 0.04795
v -0.00772 0.04851 0.04874
v -0.00780 0.04465 0.04922
v 0.00000 0.07259 0.03744
v 0.00000 0.06964 0.03998
v 0.00000 0.06648 0.04226
v 0.00000 0.06315 0.04427
v 0.00000 0.05966 0.04599
v 0.00000 0.05604 0.04742
v 0.00000 0.05231 0.04854
v 0.00000 0.04851 0.04935
v 0.00000 0.04465 0.04984
v 0.00586 0.07259 0.03698
v 0.00625 0.06964 0.03948
v 0.00661 0.06648 0.04174
v 0.00693 0.06315 0.04372
v 0.00720 0.05966 0.04543
v 0.00742 0.05604 0.04684
v 0.00759 0.05231 0.04795
v 0.00772 0.04851 0.04874
v 0.00780 0.04465 0.04922
v 0.01157 0.07259 0.03561
v 0.01235 0.06964 0.03802
v 0.01306 0.06648 0.04019
v 0.01368 0.06315 0.04210
v 0.01421 0.05966 0.04374
v 0.01465 0.05604 0.04510
v 0.01500 0.05231 0.04617
v 0.01525 0.04851 0.04694
v 0.01540 0.04465 0.04740
v 0.01700 0.07259 0.03336
v 0.01815 0.06964 0.03562
v 0.01918 0.06648 0.03765
v 0.02010 0.06315 0.03944
v 0.02088 0.05966 0.04098
v 0.02153 0.05604 0.04225
v 0.02204 0.05231 0.04325
v 0.02241 0.04851 0.04397
v 0.02263 0.04465 0.04441
v 0.02201 0.07259 0.03029
v 0.02350 0.06964 0.03234
v 0.02484 0.06648 0.03419
v 0.02602 0.06315 0.03581
v 0.02704 0.05966 0.03721
v 0.02787 0.05604 0.03837
v 0.02853 0.05231 0.03927
v 0.02901 0.04851 0.03993
v 0.02929 0.04465 0.04032
v 0.02647 0.07259 0.02647
v 0.02827 0.06964 0.02827
v 0.02988 0.06648 0.02988
v 0.03130 0.06315 0.03130
v 0.03252 0.05966 0.03252
v 0.03353 0.05604 0.03353
v 0.03433 0.05231 0.03433
v 0.03490 0.04851 0.03490
v 0.03524 0.04465 0.03524
v 0.03029 0.07259 0.02201
v 0.03234 0.06964 0.02350
v 0.03419 0.06648 0.02484
v 0.03581 0.06315 0.02602
v 0.03721 0.05966 0.02704
v 0.03837 0.05604 0.02787
v 0.03927 0.05231 0.02853
v 0.03993 0.04851 0.02901
v 0.04032 0.04465 0.02929
v 0.03336 0.07259 0.01700
v 0.03562 0.06964 0.01815
v 0.03765 0.06648 0.01918
v 0.03944 0.06315 0.02010
v 0.04098 0.05966 0.02088
v 0.04225 0.05604 0.02153
v 0.04325 0.05231 0.02204
v 0.04397 0.04851 0.02241
v 0.04441 0.04465 0.02263
v 0.03561 0.07259 0.01157
v 0.03802 0.06964 0.01235
v 0.04019 0.06648 0.01306
v 0.04210 0.06315 0.01368
v 0.04374 0.05966 0.01421
v 0.04510 0.05604 0.01465
v 0.04617 0.05231 0.01500
v 0.04694 0.04851 0.01525
v 0.04740 0.04465 0.01540
v 0.03698 0.07259 0.00586
v 0.03948 0.06964 0.00625
v 0.04174 0.06648 0.00661
v 0.04372 0.06315 0.00693
v 0.04543 0.05966 0.00720
v 0.04684 0.05604 0.00742
v 0.04795 0.05231 0.00759
v 0.04874 0.04851 0.00772
v 0.04922 0.04465 0.00780
v 0.03744 0.07259 0.00000
v 0.03998 0.06964 0.00000
v 0.03698 0.07259 -0.00586
v 0.03948 0.06964 -0.00625
v 0.04226 0.06648 0.00000
v 0.04174 0.06648 -0.00661
v 0.04427 0.06315 0.00000
v 0.04372 0.06315 -0.00693
v 0.04599 0.05966 0.00000
v 0.04543 0.05966 -0.00720
v 0.04742 0.05604 0.00000
v 0.04684 0.05604 -0.00742
v 0.04854 0.05231 0.00000
v 0.04795 0.05231 -0.00759
v 0.04935 0.04851 0.00000
v 0.04874 0.04851 -0.00772
v 0.04984 0.04465 0.00000
v 0.03802 0.06964 -0.01235
v 0.04019 0.06648 -0.01306
v 0.04210 0.06315 -0.01368
v 0.04374 0.05966 -0.01421
v 0.04510 0.05604 -0.01465
v 0.04617 0.05231 -0.01500
v 0.04694 0.04851 -0.01525
v 0.03562 0.06964 -0.01815
v 0.03336 0.07259 -0.01700
v 0.03561 0.07259 -0.01157
v 0.03765 0.06648 -0.01918
v 0.03944 0.06315 -0.02010
v 0.04098 0.05966 -0.02088
v 0.04225 0.05604 -0.02153
v 0.04325 0.05231 -0.02204
v 0.04397 0.04851 -0.02241
v 0.03029 0.07259 -0.02201
v 0.03234 0.06964 -0.02350
v 0.03419 0.06648 -0.02484
v 0.03581 0.06315 -0.02602
v 0.03721 0.05966 -0.02703
v 0.03837 0.05604 -0.02787
v 0.03927 0.05231 -0.02853
v 0.03993 0.04851 -0.02901
v 0.02647 0.07259 -0.02647
v 0.02827 0.06964 -0.02827
v 0.02988 0.06648 -0.02988
v 0.03130 0.06315 -0.03130
v 0.03252 0.05966 -0.03252
v 0.03353 0.05604 -0.03353
v 0.03433 0.05231 -0.03433
v 0.03490 0.04851 -0.03490
v 0.03524 0.04465 -0.03524
v 0.02201 0.07259 -0.03029
v 0.02350 0.06964 -0.03234
v 0.02484 0.06648 -0.03419
v 0.02602 0.06315 -0.03581
v 0.02704 0.05966 -0.03721
v 0.02787 0.05604 -0.03837
v 0.02853 0.05231 -0.03927
v 0.02901 0.04851 -0.03993
v 0.02929 0.04465 -0.04032
v 0.01700 0.07259 -0.03336
v 0.01815 0.06964 -0.03562
v 0.01918 0.06648 -0.03765
v 0.02010 0.06315 -0.03944
v 0.02088 0.05966 -0.04098
v 0.02153 0.05604 -0.04225
v 0.02204 0.05231 -0.04325
v 0.02241 0.04851 -0.04397
v 0.02263 0.04465 -0.04441
v 0.01157 0.07259 -0.03561
v 0.01235 0.06964 -0.03802
v 0.01306 0.06648 -0.04019
v 0.01368 0.06315 -0.04210
v 0.01421 0.05966 -0.04374
v 0.01465 0.05604 -0.04510
v 0.01500 0.05231 -0.04617
v 0.01525 0.04851 -0.04694
v 0.01540 0.04465 -0.04740
v 0.00586 0.07259 -0.03698
v 0.00625 0.06964 -0.03948
v 0.00661 0.06648 -0.04174
v 0.00693 0.06315 -0.04372
v 0.00720 0.05966 -0.04543
v 0.00742 0.05604 -0.04684
v 0.00759 0.05231 -0.04795
v 0.00772 0.04851 -0.04874
v 0.00780 0.04465 -0.04922
v 0.00000 0.07259 -0.03744
v 0.00000 0.06964 -0.03998
v 0.00000 0.06648 -0.04226
v 0.00000 0.06315 -0.04427
v 0.00000 0.05966 -0.04599
v 0.00000 0.05604 -0.04742
v 0.00000 0.05231 -0.04854
v 0.00000 0.04851 -0.04935
v 0.00000 0.04465 -0.04984
v 0.00428 0.08335 -0.02705
v 0.00846 0.08335 -0.02605
v 0.01243 0.08335 -0.02441
v 0.01610 0.08335 -0.02216
v 0.01937 0.08335 -0.01937
v 0.02216 0.08335 -0.01610
v 0.02440 0.08335 -0.01244
v 0.02605 0.08335 -0.00846
v 0.02705 0.08335 -0.00428
v 0.02739 0.08335 0.00000
v 0.02705 0.08335 0.00428
v 0.02605 0.08335 0.00846
v 0.02440 0.08335 0.01243
v 0.02216 0.08335 0.01610
v 0.01937 0.08335 0.01937
v 0.01610 0.08335 0.02216
v 0.01243 0.08335 0.02440
v 0.00846 0.08335 0.02605
v 0.00428 0.08335 0.02705
v 0.00000 0.08335 0.02739
v -0.00428 0.08335 0.02705
v -0.00846 0.08335 0.02605
v -0.01243 0.08335 0.02440
v -0.01610 0.08335 0.02216
v -0.01937 0.08335 0.01937
v -0.02216 0.08335 0.01610
v -0.02441 0.08335 0.01243
v -0.02605 0.08335 0.00846
v -0.02705 0.08335 0.00428
v -0.02739 0.08335 -0.00000
v -0.02705 0.08335 -0.00428
v -0.02605 0.08335 -0.00846
v -0.02440 0.08335 -0.01243
v -0.02216 0.08335 -0.01610
v -0.01937 0.08335 -0.01937
v -0.01610 0.08335 -0.02216
v -0.01243 0.08335 -0.02440
v -0.00846 0.08335 -0.02605
v -0.00428 0.08335 -0.02705
v 0.00000 0.08335 -0.02739
v -0.00407 0.08524 -0.02570
v 0.00000 0.08524 -0.02602
v -0.00394 0.08741 -0.02486
v 0.00000 0.08741 -0.02517
v -0.00389 0.08972 -0.02457
v 0.00000 0.08972 -0.02488
v 0.00000 0.11936 -0.02488
v -0.00389 0.11936 -0.02457
v -0.00769 0.08972 -0.02366
v -0.00769 0.11936 -0.02366
v -0.01129 0.08972 -0.02217
v -0.01129 0.11936 -0.02217
v -0.01462 0.08972 -0.02013
v -0.01462 0.11936 -0.02013
v -0.01759 0.08972 -0.01759
v -0.01759 0.11936 -0.01759
v -0.02013 0.08972 -0.01462
v -0.02013 0.11936 -0.01462
v -0.02217 0.08972 -0.01129
v -0.02217 0.11936 -0.01129
v -0.02366 0.08972 -0.00769
v -0.02366 0.11936 -0.00769
v -0.02457 0.08972 -0.00389
v -0.02457 0.11936 -0.00389
v -0.02488 0.08972 -0.00000
v -0.02488 0.11936 -0.00000
v -0.02457 0.08972 0.00389
v -0.02457 0.11936 0.00389
v -0.02366 0.08972 0.00769
v -0.02366 0.11936 0.00769
v -0.02217 0.08972 0.01129
v -0.02217 0.11936 0.01129
v -0.02013 0.08972 0.01462
v -0.02013 0.11936 0.01462
v -0.01759 0.08972 0.01759
v -0.01759 0.11936 0.01759
v -0.01462 0.08972 0.02013
v -0.01462 0.11936 0.02013
v -0.01129 0.08972 0.02217
v -0.01129 0.11936 0.02217
v -0.00769 0.08972 0.02366
v -0.00769 0.11936 0.02366
v -0.00389 0.08972 0.02457
v -0.00389 0.11936 0.02457
v 0.00000 0.08972 0.02488
v 0.00000 0.11936 0.02488
v 0.00389 0.08972 0.02457
v 0.00389 0.11936 0.02457
v 0.00769 0.08972 0.02366
v 0.00769 0.11936 0.02366
v 0.01129 0.08972 0.02217
v 0.01129 0.11936 0.02217
v 0.01462 0.08972 0.02013
v 0.01462 0.11936 0.02013
v 0.01759 0.08972 0.01759
v 0.01759 0.11936 0.01759
v 0.02013 0.08972 0.01462
v 0.02013 0.11936 0.01462
v 0.02217 0.08972 0.01129
v 0.02217 0.11936 0.01129
v 0.02366 0.08972 0.00769
v 0.02366 0.11936 0.00769
v 0.02457 0.08972 0.00389
v 0.02457 0.11936 0.00389
v 0.02488 0.08972 0.00000
v 0.02488 0.11936 0.00000
v 0.02457 0.08972 -0.00389
v 0.02457 0.11936 -0.00389
v 0.02366 0.08972 -0.00769
v 0.02366 0.11936 -0.00769
v 0.02217 0.08972 -0.01129
v 0.02217 0.11936 -0.01129
v 0.02013 0.08972 -0.01462
v 0.02013 0.11936 -0.01462
v 0.01759 0.08972 -0.01759
v 0.01759 0.11936 -0.01759
v 0.01462 0.08972 -0.02013
v 0.01462 0.11936 -0.02013
v 0.01129 0.08972 -0.02217
v 0.01129 0.11936 -0.02217
v 0.00769 0.08972 -0.02366
v 0.00769 0.11936 -0.02366
v 0.00389 0.08972 -0.02457
v 0.00389 0.11936 -0.02457
v 0.00000 0.08972 -0.02488
v 0.00000 0.11936 -0.02488
v 0.02243 0.08741 -0.01143
v 0.02036 0.08741 -0.01479
v 0.02319 0.08524 -0.01181
v 0.02475 0.08524 -0.00804
v 0.02570 0.08524 -0.00407
v 0.02394 0.08741 -0.00778
v 0.02486 0.08741 -0.00394
v 0.02105 0.08524 -0.01530
v 0.01840 0.08524 -0.01840
v 0.01780 0.08741 -0.01780
v 0.01530 0.08524 -0.02105
v 0.01479 0.08741 -0.02036
v 0.01181 0.08524 -0.02319
v 0.01143 0.08741 -0.02243
v 0.00804 0.08524 -0.02475
v 0.00778 0.08741 -0.02394
v 0.00407 0.08524 -0.02570
v 0.00394 0.08741 -0.02486
v 0.00000 0.08524 -0.02602
v 0.00000 0.08335 -0.02739
v 0.00000 0.08741 -0.02517
v -0.00804 0.08524 -0.02475
v -0.00778 0.08741 -0.02394
v -0.01181 0.08524 -0.02319
v -0.01143 0.08741 -0.02243
v -0.01530 0.08524 -0.02105
v -0.01479 0.08741 -0.02036
v -0.01840 0.08524 -0.01840
v -0.01780 0.08741 -0.01780
v -0.02105 0.08524 -0.01530
v -0.02036 0.08741 -0.01479
v -0.02319 0.08524 -0.01181
v -0.02243 0.08741 -0.01143
v -0.02475 0.08524 -0.00804
v -0.02394 0.08741 -0.00778
v -0.02570 0.08524 -0.00407
v -0.02486 0.08741 -0.00394
v -0.02602 0.08524 -0.00000
v -0.02517 0.08741 -0.00000
v -0.02570 0.08524 0.00407
v -0.02486 0.08741 0.00394
v -0.02475 0.08524 0.00804
v -0.02394 0.08741 0.00778
v -0.02319 0.08524 0.01181
v -0.02243 0.08741 0.01143
v -0.02105 0.08524 0.01530
v -0.02036 0.08741 0.01479
v -0.01840 0.08524 0.01840
v -0.01780 0.08741 0.01780
v -0.01530 0.08524 0.02105
v -0.01479 0.08741 0.02036
v -0.01181 0.08524 0.02319
v -0.01143 0.08741 0.02243
v -0.00804 0.08524 0.02475
v -0.00778 0.08741 0.02394
v -0.00407 0.08524 0.02570
v -0.00394 0.08741 0.02486
v 0.00000 0.08524 0.02602
v 0.00000 0.08741 0.02517
v 0.00407 0.08524 0.02570
v 0.00394 0.08741 0.02486
v 0.00804 0.08524 0.02475
v 0.00778 0.08741 0.02394
v 0.01181 0.08524 0.02319
v 0.01143 0.08741 0.02243
v 0.01530 0.08524 0.02105
v 0.01479 0.08741 0.02036
v 0.01840 0.08524 0.01840
v 0.01780 0.08741 0.01780
v 0.02105 0.08524 0.01530
v 0.02036 0.08741 0.01479
v 0.02319 0.08524 0.01181
v 0.02243 0.08741 0.01143
v 0.02475 0.08524 0.00804
v 0.02394 0.08741 0.00778
v 0.02570 0.08524 0.00407
v 0.02486 0.08741 0.00394
v 0.02603 0.08524 0.00000
v 0.02517 0.08741 0.00000
v 0.01420 0.12959 -0.00225
v 0.00000 0.13022 0.00000
v 0.01367 0.12959 -0.00444
v 0.01281 0.12959 -0.00653
v 0.01163 0.12959 -0.00845
v 0.01017 0.12959 -0.01017
v 0.00845 0.12959 -0.01163
v 0.00653 0.12959 -0.01281
v 0.00444 0.12959 -0.01367
v 0.00225 0.12959 -0.01420
v 0.00000 0.12959 -0.01438
v -0.00225 0.12959 -0.01420
v -0.00444 0.12959 -0.01367
v -0.00653 0.12959 -0.01281
v -0.00845 0.12959 -0.01163
v -0.01017 0.12959 -0.01017
v -0.01163 0.12959 -0.00845
v -0.01281 0.12959 -0.00653
v 0.01790 0.12909 -0.00582
v 0.01677 0.12909 -0.00854
v 0.02115 0.12831 -0.00687
v 0.02196 0.12831 -0.00348
v 0.01859 0.12909 -0.00294
v 0.02224 0.12831 -0.00000
v 0.01882 0.12909 -0.00000
v 0.01438 0.12959 -0.00000
v -0.01367 0.12959 -0.00444
v -0.01420 0.12959 -0.00225
v -0.01438 0.12959 0.00000
v -0.01420 0.12959 0.00225
v -0.01367 0.12959 0.00444
v -0.01281 0.12959 0.00653
v -0.01163 0.12959 0.00845
v -0.01017 0.12959 0.01017
v -0.00845 0.12959 0.01163
v -0.00653 0.12959 0.01281
v -0.00444 0.12959 0.01367
v -0.00225 0.12959 0.01420
v 0.00000 0.12959 0.01438
v 0.00225 0.12959 0.01420
v 0.00444 0.12959 0.01367
v 0.00653 0.12959 0.01281
v -0.01790 0.12909 -0.00582
v -0.01859 0.12909 -0.00294
v -0.02115 0.12831 -0.00687
v -0.01981 0.12831 -0.01010
v -0.01677 0.12909 -0.00854
v -0.01799 0.12831 -0.01307
v -0.01522 0.12909 -0.01106
v -0.01573 0.12831 -0.01573
v -0.01331 0.12909 -0.01331
v -0.01307 0.12831 -0.01799
v -0.01106 0.12909 -0.01522
v -0.01010 0.12831 -0.01981
v -0.00854 0.12909 -0.01677
v -0.00687 0.12831 -0.02115
v -0.00582 0.12909 -0.01790
v -0.00348 0.12831 -0.02196
v -0.00294 0.12909 -0.01859
v 0.00000 0.12831 -0.02224
v 0.00000 0.12909 -0.01882
v 0.00348 0.12831 -0.02196
v 0.00294 0.12909 -0.01859
v 0.00687 0.12831 -0.02115
v 0.00582 0.12909 -0.01790
v 0.01010 0.12831 -0.01981
v 0.00854 0.12909 -0.01677
v 0.01307 0.12831 -0.01799
v 0.01106 0.12909 -0.01522
v 0.01573 0.12831 -0.01573
v 0.01331 0.12909 -0.01331
v 0.01799 0.12831 -0.01307
v 0.01522 0.12909 -0.01106
v 0.01981 0.12831 -0.01010
v 0.02412 0.12711 -0.00784
v 0.02505 0.12711 -0.00397
v 0.02536 0.12711 0.00000
v 0.02742 0.12585 0.00000
v 0.02708 0.12585 -0.00429
v 0.02851 0.12464 0.00000
v 0.02816 0.12464 -0.00446
v 0.02608 0.12585 -0.00847
v 0.02711 0.12464 -0.00881
v 0.02260 0.12711 -0.01151
v 0.02443 0.12585 -0.01245
v 0.02540 0.12464 -0.01294
v 0.02052 0.12711 -0.01491
v 0.02218 0.12585 -0.01612
v 0.02306 0.12464 -0.01676
v 0.01793 0.12711 -0.01793
v 0.01939 0.12585 -0.01939
v 0.02016 0.12464 -0.02016
v 0.01491 0.12711 -0.02052
v 0.01612 0.12585 -0.02218
v 0.01676 0.12464 -0.02306
v 0.01151 0.12711 -0.02260
v 0.01245 0.12585 -0.02443
v 0.01294 0.12464 -0.02540
v 0.00784 0.12711 -0.02412
v 0.00847 0.12585 -0.02608
v 0.00881 0.12464 -0.02711
v 0.00397 0.12711 -0.02505
v 0.00429 0.12585 -0.02708
v 0.00446 0.12464 -0.02816
v 0.00000 0.12711 -0.02536
v 0.00000 0.12585 -0.02742
v 0.00000 0.12464 -0.02851
v -0.00397 0.12711 -0.02505
v -0.00429 0.12585 -0.02708
v -0.00446 0.12464 -0.02816
v -0.00784 0.12711 -0.02412
v -0.00847 0.12585 -0.02608
v -0.00881 0.12464 -0.02711
v -0.01151 0.12711 -0.02260
v -0.01245 0.12585 -0.02443
v -0.01294 0.12464 -0.02540
v -0.01491 0.12711 -0.02052
v -0.01612 0.12585 -0.02218
v -0.01676 0.12464 -0.02306
v -0.01793 0.12711 -0.01793
v -0.01939 0.12585 -0.01939
v -0.02016 0.12464 -0.02016
v -0.02052 0.12711 -0.01491
v -0.02218 0.12585 -0.01612
v -0.02306 0.12464 -0.01676
v -0.02260 0.12711 -0.01151
v -0.02443 0.12585 -0.01245
v -0.02540 0.12464 -0.01294
v -0.02412 0.12711 -0.00784
v -0.02608 0.12585 -0.00847
v -0.02711 0.12464 -0.00881
v -0.02196 0.12831 -0.00348
v -0.02505 0.12711 -0.00397
v -0.02708 0.12585 -0.00429
v -0.02816 0.12464 -0.00446
v -0.01882 0.12909 0.00000
v -0.02224 0.12831 0.00000
v -0.02536 0.12711 0.00000
v -0.02742 0.12585 0.00000
v -0.02851 0.12464 0.00000
v -0.01859 0.12909 0.00294
v -0.02196 0.12831 0.00348
v -0.02505 0.12711 0.00397
v -0.02708 0.12585 0.00429
v -0.02816 0.12464 0.00446
v -0.01790 0.12909 0.00582
v -0.02115 0.12831 0.00687
v -0.02412 0.12711 0.00784
v -0.02608 0.12585 0.00847
v -0.02711 0.12464 0.00881
v -0.01677 0.12909 0.00854
v -0.01981 0.12831 0.01010
v -0.02260 0.12711 0.01151
v -0.02443 0.12585 0.01245
v -0.02540 0.12464 0.01294
v -0.01522 0.12909 0.01106
v -0.01799 0.12831 0.01307
v -0.02052 0.12711 0.01491
v -0.02218 0.12585 0.01612
v -0.02306 0.12464 0.01676
v -0.01331 0.12909 0.01331
v -0.01573 0.12831 0.01573
v -0.01793 0.12711 0.01793
v -0.01939 0.12585 0.01939
v -0.02016 0.12464 0.02016
v -0.01106 0.12909 0.01522
v -0.01307 0.12831 0.01799
v -0.01491 0.12711 0.02052
v -0.01612 0.12585 0.02218
v -0.01676 0.12464 0.02306
v -0.00854 0.12909 0.01677
v -0.01010 0.12831 0.01981
v -0.01151 0.12711 0.02260
v -0.01245 0.12585 0.02443
v -0.01294 0.12464 0.02540
v -0.00582 0.12909 0.01790
v -0.00687 0.12831 0.02115
v -0.00784 0.12711 0.02412
v -0.00847 0.12585 0.02608
v -0.00881 0.12464 0.02711
v -0.00294 0.12909 0.01859
v -0.00348 0.12831 0.02196
v -0.00397 0.12711 0.02505
v -0.00429 0.12585 0.02708
v -0.00446 0.12464 0.02816
v 0.00000 0.12909 0.01882
v 0.00000 0.12831 0.02224
v 0.00000 0.12711 0.02536
v 0.00000 0.12585 0.02742
v 0.00000 0.12464 0.02851
v 0.00294 0.12909 0.01859
v 0.00348 0.12831 0.02196
v 0.00397 0.12711 0.02505
v 0.00429 0.12585 0.02708
v 0.00446 0.12464 0.02816
v 0.00582 0.12909 0.01790
v 0.00687 0.12831 0.02115
v 0.00784 0.12711 0.02412
v 0.00847 0.12585 0.02608
v 0.00881 0.12464 0.02711
v 0.00854 0.12909 0.01677
v 0.01010 0.12831 0.01981
v 0.01151 0.12711 0.02260
v 0.01245 0.12585 0.02443
v 0.01294 0.12464 0.02540
v 0.00845 0.12959 0.01163
v 0.01017 0.12959 0.01017
v 0.01163 0.12959 0.00845
v 0.01281 0.12959 0.00653
v 0.01367 0.12959 0.00444
v 0.01420 0.12959 0.00225
v 0.01106 0.12909 0.01522
v 0.01307 0.12831 0.01799
v 0.01491 0.12711 0.02052
v 0.01612 0.12585 0.02218
v 0.01676 0.12464 0.02306
v 0.01331 0.12909 0.01331
v 0.01573 0.12831 0.01573
v 0.01793 0.12711 0.01793
v 0.01939 0.12585 0.01939
v 0.02016 0.12464 0.02016
v 0.01522 0.12909 0.01106
v 0.01799 0.12831 0.01307
v 0.02052 0.12711 0.01491
v 0.02218 0.12585 0.01612
v 0.02306 0.12464 0.01676
v 0.01677 0.12909 0.00854
v 0.01981 0.12831 0.01010
v 0.02260 0.12711 0.01151
v 0.02443 0.12585 0.01245
v 0.02540 0.12464 0.01294
v 0.01790 0.12909 0.00582
v 0.02115 0.12831 0.00687
v 0.02412 0.12711 0.00784
v 0.02608 0.12585 0.00847
v 0.02711 0.12464 0.00881
v 0.01859 0.12909 0.00294
v 0.02196 0.12831 0.00348
v 0.02505 0.12711 0.00397
v 0.02708 0.12585 0.00429
v 0.02816 0.12464 0.00446
v 0.02832 0.12434 0.00448
v 0.02727 0.12434 0.00886
v 0.02554 0.12434 0.01302
v 0.02319 0.12434 0.01685
v 0.02867 0.12434 0.00000
v 0.02832 0.12434 -0.00448
v 0.02727 0.12434 -0.00886
v 0.02554 0.12434 -0.01302
v 0.02319 0.12434 -0.01685
v 0.02027 0.12434 -0.02027
v 0.01685 0.12434 -0.02319
v 0.01302 0.12434 -0.02554
v 0.00886 0.12434 -0.02727
v 0.00448 0.12434 -0.02832
v 0.00000 0.12434 -0.02867
v -0.00448 0.12434 -0.02832
v -0.00886 0.12434 -0.02727
v -0.01302 0.12434 -0.02554
v -0.01685 0.12434 -0.02319
v -0.02027 0.12434 -0.02027
v -0.02319 0.12434 -0.01685
v -0.02554 0.12434 -0.01302
v -0.02727 0.12434 -0.00886
v -0.02832 0.12434 -0.00448
v -0.02867 0.12434 0.00000
v -0.02832 0.12434 0.00448
v -0.02727 0.12434 0.00886
v -0.02554 0.12434 0.01302
v -0.02319 0.12434 0.01685
v -0.02027 0.12434 0.02027
v -0.01685 0.12434 0.02319
v -0.01302 0.12434 0.02554
v -0.00886 0.12434 0.02727
v -0.00448 0.12434 0.02832
v 0.00000 0.12434 0.02867
v 0.00448 0.12434 0.02832
v 0.00886 0.12434 0.02727
v 0.01302 0.12434 0.02554
v 0.01685 0.12434 0.02319
v 0.02027 0.12434 0.02027
v 0.02840 0.09119 -0.00450
v 0.02840 0.12389 -0.00450
v 0.02734 0.09119 -0.00888
v 0.02734 0.12389 -0.00888
v 0.02562 0.09119 -0.01305
v 0.02562 0.12389 -0.01305
v 0.02326 0.09119 -0.01690
v 0.02326 0.12389 -0.01690
v 0.02033 0.09119 -0.02033
v 0.02033 0.12389 -0.02033
v 0.01690 0.09119 -0.02326
v 0.01690 0.12389 -0.02326
v 0.01305 0.09119 -0.02562
v 0.01305 0.12389 -0.02562
v 0.00888 0.09119 -0.02734
v 0.00888 0.12389 -0.02734
v 0.00450 0.09119 -0.02840
v 0.00450 0.12389 -0.02840
v 0.00000 0.09119 -0.02875
v 0.00000 0.12389 -0.02875
v 0.02556 0.09097 -0.01302
v 0.02321 0.09097 -0.01686
v 0.02541 0.09080 -0.01295
v 0.02713 0.09080 -0.00881
v 0.02691 0.09074 -0.00874
v 0.02794 0.09074 -0.00443
v 0.02487 0.09074 -0.00808
v 0.02583 0.09074 -0.00409
v 0.02330 0.09074 -0.01187
v 0.02521 0.09074 -0.01284
v 0.02116 0.09074 -0.01537
v 0.02289 0.09074 -0.01663
v 0.01849 0.09074 -0.01849
v 0.02001 0.09074 -0.02001
v 0.01537 0.09074 -0.02116
v 0.01663 0.09074 -0.02289
v 0.01187 0.09074 -0.02330
v 0.01284 0.09074 -0.02521
v 0.00808 0.09074 -0.02487
v 0.00874 0.09074 -0.02691
v 0.00409 0.09074 -0.02583
v 0.00443 0.09074 -0.02794
v 0.00000 0.09074 -0.02615
v 0.00000 0.09074 -0.02829
v 0.02307 0.09080 -0.01676
v 0.02029 0.09097 -0.02029
v 0.02017 0.09080 -0.02017
v 0.01676 0.09080 -0.02307
v 0.01686 0.09097 -0.02321
v 0.01295 0.09080 -0.02541
v 0.01302 0.09097 -0.02556
v 0.00881 0.09080 -0.02713
v 0.00887 0.09097 -0.02728
v 0.00446 0.09080 -0.02817
v 0.00449 0.09097 -0.02834
v 0.00000 0.09080 -0.02852
v 0.00000 0.09097 -0.02869
v 0.00000 0.09119 -0.02875
v 0.00000 0.12389 -0.02875
v -0.00450 0.09119 -0.02840
v -0.00450 0.12389 -0.02840
v -0.00888 0.09119 -0.02734
v -0.00888 0.12389 -0.02734
v -0.01305 0.09119 -0.02562
v -0.01305 0.12389 -0.02562
v -0.01690 0.09119 -0.02326
v -0.01690 0.12389 -0.02326
v -0.02033 0.09119 -0.02033
v -0.02033 0.12389 -0.02033
v -0.02326 0.09119 -0.01690
v -0.02326 0.12389 -0.01690
v -0.02562 0.09119 -0.01305
v -0.02562 0.12389 -0.01305
v -0.02734 0.09119 -0.00888
v -0.02734 0.12389 -0.00888
v -0.02840 0.09119 -0.00450
v -0.02840 0.12389 -0.00450
v -0.02875 0.09119 0.00000
v -0.02875 0.12389 0.00000
v -0.02840 0.09119 0.00450
v -0.02840 0.12389 0.00450
v -0.02734 0.09119 0.00888
v -0.02734 0.12389 0.00888
v -0.02562 0.09119 0.01305
v -0.02562 0.12389 0.01305
v -0.02326 0.09119 0.01690
v -0.02326 0.12389 0.01690
v -0.02033 0.09119 0.02033
v -0.02033 0.12389 0.02033
v -0.01690 0.09119 0.02326
v -0.01690 0.12389 0.02326
v -0.01305 0.09119 0.02562
v -0.01305 0.12389 0.02562
v -0.00888 0.09119 0.02734
v -0.00888 0.12389 0.02734
v -0.00450 0.09119 0.02840
v -0.00450 0.12389 0.02840
v 0.00000 0.09119 0.02875
v 0.00000 0.12389 0.02875
v 0.00450 0.09119 0.02840
v 0.00450 0.12389 0.02840
v 0.00888 0.09119 0.02734
v 0.00888 0.12389 0.02734
v 0.01305 0.09119 0.02562
v 0.01305 0.12389 0.02562
v 0.01690 0.09119 0.02326
v 0.01690 0.12389 0.02326
v 0.02033 0.09119 0.02033
v 0.02033 0.12389 0.02033
v 0.02326 0.09119 0.01690
v 0.02326 0.12389 0.01690
v 0.02562 0.09119 0.01305
v 0.02562 0.12389 0.01305
v 0.02734 0.09119 0.00888
v 0.02734 0.12389 0.00888
v 0.02840 0.09119 0.00450
v 0.02840 0.12389 0.00450
v 0.02875 0.09119 0.00000
v 0.02875 0.12389 0.00000
v 0.01686 0.09097 0.02321
v 0.02029 0.09097 0.02029
v 0.01676 0.09080 0.02307
v 0.01295 0.09080 0.02541
v 0.01284 0.09074 0.02521
v 0.00874 0.09074 0.02691
v 0.01187 0.09074 0.02330
v 0.00808 0.09074 0.02487
v 0.00443 0.09074 0.02794
v 0.00409 0.09074 0.02583
v 0.00000 0.09074 0.02829
v 0.00000 0.09074 0.02615
v -0.00443 0.09074 0.02794
v -0.00409 0.09074 0.02583
v -0.00874 0.09074 0.02691
v -0.00808 0.09074 0.02487
v -0.01284 0.09074 0.02521
v -0.01187 0.09074 0.02330
v -0.01663 0.09074 0.02289
v -0.01537 0.09074 0.02116
v -0.02001 0.09074 0.02001
v -0.01849 0.09074 0.01849
v -0.02289 0.09074 0.01663
v -0.02116 0.09074 0.01537
v -0.02521 0.09074 0.01284
v -0.02330 0.09074 0.01187
v -0.02691 0.09074 0.00874
v -0.02487 0.09074 0.00808
v -0.02794 0.09074 0.00443
v -0.02583 0.09074 0.00409
v -0.02829 0.09074 0.00000
v -0.02615 0.09074 0.00000
v -0.02794 0.09074 -0.00443
v -0.02583 0.09074 -0.00409
v -0.02691 0.09074 -0.00874
v -0.02487 0.09074 -0.00808
v -0.02521 0.09074 -0.01284
v -0.02330 0.09074 -0.01187
v -0.02289 0.09074 -0.01663
v -0.02116 0.09074 -0.01537
v -0.02001 0.09074 -0.02001
v -0.01849 0.09074 -0.01849
v -0.01663 0.09074 -0.02289
v -0.01537 0.09074 -0.02116
v -0.01284 0.09074 -0.02521
v -0.01187 0.09074 -0.02330
v -0.00874 0.09074 -0.02691
v -0.00808 0.09074 -0.02487
v -0.00443 0.09074 -0.02794
v -0.00409 0.09074 -0.02583
v 0.00000 0.09074 -0.02829
v 0.00000 0.09074 -0.02615
v -0.00446 0.09080 -0.02817
v 0.00000 0.09080 -0.02852
v -0.00449 0.09097 -0.02834
v 0.00000 0.09097 -0.02869
v -0.00881 0.09080 -0.02713
v -0.00887 0.09097 -0.02728
v -0.01295 0.09080 -0.02541
v -0.01302 0.09097 -0.02556
v -0.01676 0.09080 -0.02307
v -0.01686 0.09097 -0.02321
v -0.02017 0.09080 -0.02017
v -0.02029 0.09097 -0.02029
v -0.02307 0.09080 -0.01676
v -0.02321 0.09097 -0.01686
v -0.02541 0.09080 -0.01295
v -0.02556 0.09097 -0.01302
v -0.02713 0.09080 -0.00881
v -0.02728 0.09097 -0.00887
v -0.02817 0.09080 -0.00446
v -0.02834 0.09097 -0.00449
v -0.02852 0.09080 0.00000
v -0.02869 0.09097 0.00000
v -0.02817 0.09080 0.00446
v -0.02834 0.09097 0.00449
v -0.02713 0.09080 0.00881
v -0.02728 0.09097 0.00887
v -0.02541 0.09080 0.01295
v -0.02556 0.09097 0.01302
v -0.02307 0.09080 0.01676
v -0.02321 0.09097 0.01686
v -0.02017 0.09080 0.02017
v -0.02029 0.09097 0.02029
v -0.01676 0.09080 0.02307
v -0.01686 0.09097 0.02321
v -0.01295 0.09080 0.02541
v -0.01302 0.09097 0.02556
v -0.00881 0.09080 0.02713
v -0.00887 0.09097 0.02728
v -0.00446 0.09080 0.02817
v -0.00449 0.09097 0.02834
v 0.00000 0.09080 0.02852
v 0.00000 0.09097 0.02869
v 0.00446 0.09080 0.02817
v 0.00449 0.09097 0.02834
v 0.00881 0.09080 0.02713
v 0.00887 0.09097 0.02728
v 0.01302 0.09097 0.02556
v 0.01663 0.09074 0.02289
v 0.01537 0.09074 0.02116
v 0.01849 0.09074 0.01849
v 0.02001 0.09074 0.02001
v 0.02116 0.09074 0.01537
v 0.02289 0.09074 0.01663
v 0.02330 0.09074 0.01187
v 0.02521 0.09074 0.01284
v 0.02487 0.09074 0.00808
v 0.02691 0.09074 0.00874
v 0.02583 0.09074 0.00409
v 0.02794 0.09074 0.00443
v 0.02615 0.09074 0.00000
v 0.02829 0.09074 0.00000
v 0.02307 0.09080 0.01676
v 0.02017 0.09080 0.02017
v 0.02321 0.09097 0.01686
v 0.02556 0.09097 0.01302
v 0.02541 0.09080 0.01295
v 0.02713 0.09080 0.00881
v 0.02728 0.09097 0.00887
v 0.02817 0.09080 0.00446
v 0.02834 0.09097 0.00449
v 0.02852 0.09080 0.00000
v 0.02869 0.09097 0.00000
v 0.02817 0.09080 -0.00446
v 0.02728 0.09097 -0.00887
v 0.02834 0.09097 -0.00449
v 0.02444 0.09119 -0.00794
v 0.02444 0.09783 -0.00794
v 0.02538 0.09119 -0.00402
v 0.02538 0.09783 -0.00402
v 0.02290 0.09783 -0.01167
v 0.02290 0.09119 -0.01167
v 0.02079 0.09783 -0.01510
v 0.02079 0.09119 -0.01510
v 0.01817 0.09783 -0.01817
v 0.01817 0.09119 -0.01817
v 0.01510 0.09783 -0.02079
v 0.01510 0.09119 -0.02079
v 0.01167 0.09783 -0.02290
v 0.01167 0.09119 -0.02290
v 0.00794 0.09783 -0.02444
v 0.00794 0.09119 -0.02444
v 0.00402 0.09783 -0.02538
v 0.00402 0.09119 -0.02538
v 0.00000 0.09783 -0.02570
v 0.00000 0.09119 -0.02570
v 0.02084 0.09097 -0.01514
v 0.02295 0.09097 -0.01169
v 0.02450 0.09097 -0.00796
v 0.02544 0.09097 -0.00403
v 0.02466 0.09080 -0.00801
v 0.02561 0.09080 -0.00406
v 0.02310 0.09080 -0.01177
v 0.02097 0.09080 -0.01524
v 0.01833 0.09080 -0.01833
v 0.01821 0.09097 -0.01821
v 0.01514 0.09097 -0.02084
v 0.01524 0.09080 -0.02097
v 0.01169 0.09097 -0.02295
v 0.01177 0.09080 -0.02310
v 0.00796 0.09097 -0.02450
v 0.00801 0.09080 -0.02466
v 0.00403 0.09097 -0.02544
v 0.00406 0.09080 -0.02561
v 0.00000 0.09097 -0.02576
v 0.00000 0.09080 -0.02593
v -0.00402 0.09119 -0.02538
v -0.00402 0.09783 -0.02538
v 0.00000 0.09119 -0.02570
v 0.00000 0.09783 -0.02570
v -0.00794 0.09783 -0.02444
v -0.00794 0.09119 -0.02444
v -0.01167 0.09783 -0.02290
v -0.01167 0.09119 -0.02290
v -0.01510 0.09783 -0.02079
v -0.01510 0.09119 -0.02079
v -0.01817 0.09783 -0.01817
v -0.01817 0.09119 -0.01817
v -0.02079 0.09783 -0.01510
v -0.02079 0.09119 -0.01510
v -0.02290 0.09783 -0.01167
v -0.02290 0.09119 -0.01167
v -0.02444 0.09783 -0.00794
v -0.02444 0.09119 -0.00794
v -0.02538 0.09783 -0.00402
v -0.02538 0.09119 -0.00402
v -0.02570 0.09783 0.00000
v -0.02570 0.09119 0.00000
v -0.02538 0.09783 0.00402
v -0.02538 0.09119 0.00402
v -0.02444 0.09783 0.00794
v -0.02444 0.09119 0.00794
v -0.02290 0.09783 0.01167
v -0.02290 0.09119 0.01167
v -0.02079 0.09783 0.01510
v -0.02079 0.09119 0.01510
v -0.01817 0.09783 0.01817
v -0.01817 0.09119 0.01817
v -0.01510 0.09783 0.02079
v -0.01510 0.09119 0.02079
v -0.01167 0.09783 0.02290
v -0.01167 0.09119 0.02290
v -0.00794 0.09783 0.02444
v -0.00794 0.09119 0.02444
v -0.00402 0.09783 0.02538
v -0.00402 0.09119 0.02538
v 0.00000 0.09783 0.02570
v 0.00000 0.09119 0.02570
v 0.00402 0.09783 0.02538
v 0.00402 0.09119 0.02538
v 0.00794 0.09783 0.02444
v 0.00794 0.09119 0.02444
v 0.01167 0.09783 0.02290
v 0.01167 0.09119 0.02290
v 0.01510 0.09783 0.02079
v 0.01510 0.09119 0.02079
v 0.01817 0.09783 0.01817
v 0.01817 0.09119 0.01817
v 0.02079 0.09783 0.01510
v 0.02079 0.09119 0.01510
v 0.02290 0.09783 0.01167
v 0.02290 0.09119 0.01167
v 0.02444 0.09783 0.00794
v 0.02444 0.09119 0.00794
v 0.02538 0.09783 0.00402
v 0.02538 0.09119 0.00402
v 0.02570 0.09783 0.00000
v 0.02570 0.09119 0.00000
v 0.01821 0.09097 0.01821
v 0.01514 0.09097 0.02084
v 0.01169 0.09097 0.02295
v 0.00796 0.09097 0.02450
v 0.00403 0.09097 0.02544
v 0.00000 0.09097 0.02576
v -0.00403 0.09097 0.02544
v -0.00796 0.09097 0.02450
v -0.01169 0.09097 0.02295
v -0.01514 0.09097 0.02084
v -0.01821 0.09097 0.01821
v -0.02084 0.09097 0.01514
v -0.02295 0.09097 0.01169
v -0.02450 0.09097 0.00796
v -0.02544 0.09097 0.00403
v -0.02576 0.09097 0.00000
v -0.02544 0.09097 -0.00403
v -0.02450 0.09097 -0.00796
v -0.02295 0.09097 -0.01169
v -0.02084 0.09097 -0.01514
v -0.01821 0.09097 -0.01821
v -0.01514 0.09097 -0.02084
v -0.01169 0.09097 -0.02295
v -0.00796 0.09097 -0.02450
v -0.00403 0.09097 -0.02544
v 0.00000 0.09097 -0.02576
v -0.00406 0.09080 -0.02561
v 0.00000 0.09080 -0.02593
v -0.00801 0.09080 -0.02466
v -0.01177 0.09080 -0.02310
v -0.01524 0.09080 -0.02097
v -0.01833 0.09080 -0.01833
v -0.02097 0.09080 -0.01524
v -0.02310 0.09080 -0.01177
v -0.02466 0.09080 -0.00801
v -0.02561 0.09080 -0.00406
v -0.02593 0.09080 0.00000
v -0.02561 0.09080 0.00406
v -0.02466 0.09080 0.00801
v -0.02310 0.09080 0.01177
v -0.02097 0.09080 0.01524
v -0.01833 0.09080 0.01833
v -0.01524 0.09080 0.02097
v -0.01177 0.09080 0.02310
v -0.00801 0.09080 0.02466
v -0.00406 0.09080 0.02561
v 0.00000 0.09080 0.02593
v 0.00406 0.09080 0.02561
v 0.00801 0.09080 0.02466
v 0.01177 0.09080 0.02310
v 0.01524 0.09080 0.02097
v 0.01833 0.09080 0.01833
v 0.02097 0.09080 0.01524
v 0.02084 0.09097 0.01514
v 0.02295 0.09097 0.01169
v 0.02310 0.09080 0.01177
v 0.02450 0.09097 0.00796
v 0.02466 0.09080 0.00801
v 0.02544 0.09097 0.00403
v 0.02561 0.09080 0.00406
v 0.02576 0.09097 0.00000
v 0.02593 0.09080 0.00000
v 0.02027 0.12434 0.02027
v 0.02319 0.12434 0.01685
v 0.01685 0.12434 0.02319
v 0.01302 0.12434 0.02554
v 0.00886 0.12434 0.02727
v 0.00448 0.12434 0.02832
v 0.00000 0.12434 0.02867
v -0.00448 0.12434 0.02832
v -0.00886 0.12434 0.02727
v -0.01302 0.12434 0.02554
v -0.01685 0.12434 0.02319
v -0.02027 0.12434 0.02027
v -0.02319 0.12434 0.01685
v -0.02554 0.12434 0.01302
v -0.02727 0.12434 0.00886
v -0.02832 0.12434 0.00448
v -0.02867 0.12434 0.00000
v -0.02832 0.12434 -0.00448
v -0.02727 0.12434 -0.00886
v -0.02554 0.12434 -0.01302
v -0.02319 0.12434 -0.01685
v -0.02027 0.12434 -0.02027
v -0.01685 0.12434 -0.02319
v -0.01302 0.12434 -0.02554
v -0.00886 0.12434 -0.02727
v -0.00448 0.12434 -0.02832
v 0.00000 0.12434 -0.02867
v 0.00448 0.12434 -0.02832
v 0.00000 0.12434 -0.02867
v 0.00886 0.12434 -0.02727
v 0.01302 0.12434 -0.02554
v 0.01685 0.12434 -0.02319
v 0.02027 0.12434 -0.02027
v 0.02319 0.12434 -0.01685
v 0.02554 0.12434 -0.01302
v 0.02727 0.12434 -0.00886
v 0.02832 0.12434 -0.00448
v 0.02867 0.12434 0.00000
v 0.02832 0.12434 0.00448
v 0.02727 0.12434 0.00886
v 0.02554 0.12434 0.01302
v 0.03200 -0.11139 0.04405
v 0.03200 -0.05005 0.04405
v 0.03850 -0.11139 0.03850
v 0.03850 -0.05005 0.03850
v 0.04405 -0.11139 0.03200
v 0.04405 -0.05005 0.03200
v 0.04697 -0.11139 0.02724
v 0.04800 -0.10911 0.02556
v 0.04824 -0.05269 0.02517
v 0.04720 -0.05005 0.02686
v 0.04405 -0.03219 0.03200
v 0.04828 -0.04804 0.02510
v 0.04852 -0.03219 0.02472
v 0.04765 -0.03122 0.02428
v 0.04327 -0.03122 0.03143
v 0.03850 -0.03219 0.03850
v 0.03782 -0.03122 0.03782
v 0.03200 -0.03219 0.04405
v 0.03143 -0.03122 0.04327
v 0.02472 -0.03219 0.04852
v 0.02428 -0.03122 0.04765
v 0.01683 -0.03219 0.05179
v 0.01653 -0.03122 0.05086
v 0.00852 -0.03219 0.05378
v 0.00837 -0.03122 0.05282
v 0.00000 -0.03219 0.05445
v 0.00000 -0.03122 0.05348
v -0.00852 -0.03219 0.05378
v -0.00837 -0.03122 0.05282
v -0.01683 -0.03219 0.05179
v -0.01653 -0.03122 0.05086
v -0.02472 -0.03219 0.04852
v -0.02428 -0.03122 0.04765
v -0.03200 -0.03219 0.04405
v -0.03143 -0.03122 0.04327
v -0.03850 -0.03219 0.03850
v -0.03782 -0.03122 0.03782
v -0.04405 -0.03219 0.03200
v -0.04327 -0.03122 0.03143
v -0.04852 -0.03219 0.02472
v -0.04765 -0.03122 0.02428
v -0.05179 -0.03219 0.01683
v -0.05086 -0.03122 0.01653
v -0.05378 -0.03219 0.00852
v -0.05282 -0.03122 0.00837
v -0.05445 -0.03219 -0.00000
v -0.05348 -0.03122 -0.00000
v -0.05378 -0.03219 -0.00852
v -0.05282 -0.03122 -0.00837
v -0.05179 -0.03219 -0.01683
v -0.05086 -0.03122 -0.01653
v -0.04852 -0.03219 -0.02472
v -0.04765 -0.03122 -0.02428
v -0.04405 -0.03219 -0.03200
v -0.04327 -0.03122 -0.03143
v -0.03850 -0.03219 -0.03850
v -0.03782 -0.03122 -0.03782
v -0.03200 -0.03219 -0.04405
v -0.03143 -0.03122 -0.04327
v -0.02472 -0.03219 -0.04852
v -0.02428 -0.03122 -0.04765
v -0.01683 -0.03219 -0.05179
v -0.01653 -0.03122 -0.05086
v -0.00852 -0.03219 -0.05378
v -0.00837 -0.03122 -0.05282
v 0.00000 -0.03219 -0.05445
v 0.00000 -0.03122 -0.05348
v -0.04805 -0.04810 -0.02548
v -0.04697 -0.05005 -0.02724
v -0.04405 -0.05005 -0.03200
v -0.04799 -0.10912 -0.02558
v -0.04697 -0.11139 -0.02724
v -0.04405 -0.11139 -0.03200
v -0.04799 -0.05232 -0.02558
v -0.03850 -0.05005 -0.03850
v -0.03850 -0.11139 -0.03850
v -0.03200 -0.05005 -0.04405
v -0.03200 -0.11139 -0.04405
v -0.03850 -0.12592 -0.03850
v -0.03200 -0.12592 -0.04405
v -0.02724 -0.11139 -0.04697
v -0.02546 -0.11333 -0.04806
v -0.02472 -0.12592 -0.04852
v -0.04405 -0.12592 -0.03200
v -0.04806 -0.11333 -0.02546
v -0.04852 -0.12592 -0.02472
v -0.01683 -0.12592 -0.05179
v -0.02339 -0.11139 -0.04894
v -0.01683 -0.11139 -0.05179
v -0.00852 -0.11139 -0.05378
v -0.01653 -0.11042 -0.05086
v -0.00837 -0.11042 -0.05282
v 0.00000 -0.11139 -0.05445
v 0.00000 -0.11042 -0.05348
v 0.00000 -0.11042 -0.05047
v -0.00790 -0.11042 -0.04985
v -0.00774 -0.11139 -0.04889
v 0.00000 -0.11139 -0.04950
v -0.01530 -0.11139 -0.04708
v -0.01560 -0.11042 -0.04800
v -0.00852 -0.12592 -0.05378
v 0.00000 -0.12592 -0.05445
v 0.00000 -0.12756 -0.05412
v -0.00847 -0.12756 -0.05346
v 0.00000 -0.12896 -0.05319
v -0.00832 -0.12896 -0.05253
v 0.00000 -0.12989 -0.05179
v -0.00810 -0.12989 -0.05115
v -0.01644 -0.12896 -0.05058
v -0.01600 -0.12989 -0.04925
v -0.01672 -0.12756 -0.05147
v -0.02415 -0.12896 -0.04739
v -0.02351 -0.12989 -0.04614
v -0.02457 -0.12756 -0.04822
v -0.03126 -0.12896 -0.04303
v -0.03044 -0.12989 -0.04190
v -0.03181 -0.12756 -0.04379
v -0.03761 -0.12896 -0.03761
v -0.03662 -0.12989 -0.03662
v -0.03827 -0.12756 -0.03827
v -0.04303 -0.12896 -0.03126
v -0.04190 -0.12989 -0.03044
v -0.04379 -0.12756 -0.03181
v -0.04739 -0.12896 -0.02415
v -0.04614 -0.12989 -0.02351
v -0.04822 -0.12756 -0.02457
v -0.05058 -0.12896 -0.01644
v -0.04925 -0.12989 -0.01600
v -0.05179 -0.12592 -0.01683
v -0.04894 -0.11139 -0.02339
v -0.05179 -0.11139 -0.01683
v -0.05378 -0.12592 -0.00852
v -0.05378 -0.11139 -0.00852
v -0.05282 -0.11042 -0.00837
v -0.05348 -0.11042 -0.00000
v -0.05445 -0.11139 -0.00000
v -0.05282 -0.11042 0.00837
v -0.05378 -0.11139 0.00852
v -0.05086 -0.11042 0.01653
v -0.05179 -0.11139 0.01683
v -0.05086 -0.11042 -0.01653
v -0.04800 -0.11042 -0.01560
v -0.04985 -0.11042 -0.00790
v -0.04889 -0.11139 -0.00774
v -0.04708 -0.11139 -0.01530
v -0.04950 -0.11139 -0.00000
v -0.05047 -0.11042 -0.00000
v -0.04889 -0.11139 0.00774
v -0.04985 -0.11042 0.00790
v -0.04708 -0.11139 0.01530
v -0.04800 -0.11042 0.01560
v -0.05378 -0.12592 0.00852
v -0.05179 -0.12592 0.01683
v -0.04894 -0.11139 0.02339
v -0.04806 -0.11333 0.02546
v -0.04852 -0.12592 0.02472
v -0.04405 -0.12592 0.03200
v -0.04697 -0.11139 0.02724
v -0.04405 -0.11139 0.03200
v -0.03850 -0.12592 0.03850
v -0.03850 -0.11139 0.03850
v -0.04405 -0.05005 0.03200
v -0.03850 -0.05005 0.03850
v -0.03200 -0.11139 0.04405
v -0.03200 -0.05005 0.04405
v -0.02724 -0.11139 0.04697
v -0.02558 -0.10912 0.04799
v -0.02724 -0.05005 0.04697
v -0.02558 -0.05232 0.04799
v -0.02548 -0.04810 0.04805
v -0.03200 -0.12592 0.04405
v -0.02546 -0.11333 0.04806
v -0.02472 -0.12592 0.04852
v -0.01683 -0.12592 0.05179
v -0.02339 -0.11139 0.04894
v -0.01683 -0.11139 0.05179
v -0.00852 -0.12592 0.05378
v -0.00852 -0.11139 0.05378
v -0.00837 -0.11042 0.05282
v 0.00000 -0.11042 0.05348
v 0.00000 -0.11139 0.05445
v 0.00837 -0.11042 0.05282
v 0.00852 -0.11139 0.05378
v 0.01653 -0.11042 0.05086
v 0.01683 -0.11139 0.05179
v -0.01653 -0.11042 0.05086
v -0.01560 -0.11042 0.04800
v -0.00790 -0.11042 0.04985
v -0.00774 -0.11139 0.04889
v -0.01530 -0.11139 0.04708
v 0.00000 -0.11139 0.04950
v 0.00000 -0.11042 0.05047
v 0.00774 -0.11139 0.04889
v 0.00790 -0.11042 0.04985
v 0.01530 -0.11139 0.04708
v 0.01560 -0.11042 0.04800
v 0.00852 -0.12592 0.05378
v 0.01683 -0.12592 0.05179
v 0.02339 -0.11139 0.04894
v 0.02546 -0.11333 0.04806
v 0.02472 -0.12592 0.04852
v 0.03200 -0.12592 0.04405
v 0.02724 -0.11139 0.04697
v 0.03850 -0.12592 0.03850
v 0.04405 -0.12592 0.03200
v 0.04806 -0.11333 0.02546
v 0.04852 -0.12592 0.02472
v 0.05179 -0.12592 0.01683
v 0.04894 -0.11139 0.02338
v 0.05179 -0.11139 0.01683
v 0.05378 -0.12592 0.00852
v 0.05378 -0.11139 0.00852
v 0.05282 -0.11042 0.00837
v 0.05348 -0.11042 0.00000
v 0.05445 -0.11139 0.00000
v 0.05282 -0.11042 -0.00837
v 0.05378 -0.11139 -0.00852
v 0.05086 -0.11042 -0.01653
v 0.05179 -0.11139 -0.01683
v 0.05086 -0.11042 0.01653
v 0.04800 -0.11042 0.01560
v 0.04985 -0.11042 0.00790
v 0.04889 -0.11139 0.00774
v 0.04708 -0.11139 0.01530
v 0.04950 -0.11139 0.00000
v 0.05047 -0.11042 0.00000
v 0.04889 -0.11139 -0.00774
v 0.04985 -0.11042 -0.00790
v 0.04708 -0.11139 -0.01530
v 0.04800 -0.11042 -0.01560
v 0.05179 -0.12592 -0.01683
v 0.05378 -0.12592 -0.00852
v 0.04894 -0.11139 -0.02339
v 0.04806 -0.11333 -0.02546
v 0.04852 -0.12592 -0.02472
v 0.04405 -0.12592 -0.03200
v 0.04697 -0.11139 -0.02724
v 0.04405 -0.11139 -0.03200
v 0.03850 -0.12592 -0.03850
v 0.03850 -0.11139 -0.03850
v 0.04405 -0.05005 -0.03200
v 0.03850 -0.05005 -0.03850
v 0.03200 -0.11139 -0.04405
v 0.03200 -0.05005 -0.04405
v 0.02724 -0.11139 -0.04697
v 0.02558 -0.10912 -0.04799
v 0.02724 -0.05005 -0.04697
v 0.02558 -0.05232 -0.04799
v 0.03200 -0.03219 -0.04405
v 0.02548 -0.04810 -0.04805
v 0.02472 -0.03219 -0.04852
v 0.02428 -0.03122 -0.04765
v 0.03143 -0.03122 -0.04327
v 0.03850 -0.03219 -0.03850
v 0.03782 -0.03122 -0.03782
v 0.04405 -0.03219 -0.03200
v 0.04327 -0.03122 -0.03143
v 0.04852 -0.03219 -0.02472
v 0.04765 -0.03122 -0.02428
v 0.05179 -0.03219 -0.01683
v 0.05086 -0.03122 -0.01653
v 0.05378 -0.03219 -0.00852
v 0.05282 -0.03122 -0.00837
v 0.05445 -0.03219 0.00000
v 0.05348 -0.03122 0.00000
v 0.01653 -0.03122 -0.05086
v 0.01683 -0.03219 -0.05179
v 0.00837 -0.03122 -0.05282
v 0.00852 -0.03219 -0.05378
v 0.00000 -0.03122 -0.05348
v 0.00000 -0.03219 -0.05445
v 0.05378 -0.03219 0.00852
v 0.05282 -0.03122 0.00837
v 0.05179 -0.03219 0.01683
v 0.05086 -0.03122 0.01653
v 0.00000 -0.05005 -0.05445
v 0.00852 -0.05005 -0.05378
v 0.00837 -0.05102 -0.05282
v 0.00000 -0.05102 -0.05348
v 0.01653 -0.05102 -0.05086
v 0.01683 -0.05005 -0.05179
v 0.05378 -0.05005 0.00852
v 0.05445 -0.05005 0.00000
v 0.05282 -0.05102 0.00837
v 0.05348 -0.05102 0.00000
v 0.05378 -0.05005 -0.00852
v 0.05282 -0.05102 -0.00837
v 0.05179 -0.05005 -0.01683
v 0.05086 -0.05102 -0.01653
v 0.05086 -0.05102 0.01653
v 0.05179 -0.05005 0.01683
v 0.04894 -0.05005 -0.02339
v 0.04805 -0.04810 -0.02549
v 0.04800 -0.05102 -0.01560
v 0.04985 -0.05102 -0.00790
v 0.04889 -0.05005 -0.00774
v 0.04950 -0.05005 0.00000
v 0.05047 -0.05102 0.00000
v 0.04889 -0.05005 0.00774
v 0.04985 -0.05102 0.00790
v 0.04708 -0.05005 0.01530
v 0.04800 -0.05102 0.01560
v 0.04708 -0.05005 -0.01530
v 0.04586 -0.05102 0.02074
v 0.04469 -0.05013 0.02102
v 0.04540 -0.05133 0.02182
v 0.04428 -0.05048 0.02203
v 0.04397 -0.05143 0.02276
v 0.04507 -0.05219 0.02261
v 0.04386 -0.05271 0.02304
v 0.04495 -0.05336 0.02290
v 0.04495 -0.10810 0.02290
v 0.04763 -0.10810 0.02427
v 0.04775 -0.10926 0.02398
v 0.04507 -0.10926 0.02262
v 0.04808 -0.11011 0.02320
v 0.04540 -0.11011 0.02183
v 0.04853 -0.11042 0.02212
v 0.04585 -0.11042 0.02075
v 0.04763 -0.05336 0.02427
v 0.04386 -0.10896 0.02341
v 0.04472 -0.11128 0.02125
v 0.04812 -0.11025 0.02528
v 0.04847 -0.11108 0.02448
v 0.04429 -0.11096 0.02234
v 0.04775 -0.05219 0.02398
v 0.04836 -0.05137 0.02489
v 0.04809 -0.05133 0.02319
v 0.04867 -0.05040 0.02417
v 0.04909 -0.05005 0.02318
v 0.04854 -0.05102 0.02210
v 0.04826 -0.04938 0.02513
v 0.04771 -0.05005 0.02612
v 0.04985 -0.03122 -0.00790
v 0.05047 -0.03122 0.00000
v 0.04889 -0.03219 -0.00774
v 0.04950 -0.03219 0.00000
v 0.04708 -0.03219 -0.01530
v 0.04800 -0.03122 -0.01560
v 0.04410 -0.03219 -0.02247
v 0.04497 -0.03122 -0.02291
v 0.04005 -0.03219 -0.02910
v 0.04083 -0.03122 -0.02967
v 0.03500 -0.03219 -0.03500
v 0.03569 -0.03122 -0.03569
v 0.02910 -0.03219 -0.04005
v 0.02967 -0.03122 -0.04083
v 0.02247 -0.03219 -0.04410
v 0.02291 -0.03122 -0.04497
v 0.01530 -0.03219 -0.04708
v 0.01560 -0.03122 -0.04800
v 0.00774 -0.03219 -0.04889
v 0.00790 -0.03122 -0.04985
v 0.00000 -0.03219 -0.04950
v 0.00000 -0.03122 -0.05047
v 0.00000 -0.03122 -0.05348
v 0.00837 -0.03122 -0.05282
v 0.01653 -0.03122 -0.05086
v 0.02428 -0.03122 -0.04765
v 0.03143 -0.03122 -0.04327
v 0.03782 -0.03122 -0.03782
v 0.04327 -0.03122 -0.03143
v 0.04765 -0.03122 -0.02428
v 0.05086 -0.03122 -0.01653
v 0.05282 -0.03122 -0.00837
v 0.05348 -0.03122 0.00000
v 0.04985 -0.03122 0.00790
v 0.04889 -0.03219 0.00774
v 0.04800 -0.03122 0.01560
v 0.04708 -0.03219 0.01530
v 0.04497 -0.03122 0.02291
v 0.04410 -0.03219 0.02247
v 0.04083 -0.03122 0.02967
v 0.04005 -0.03219 0.02910
v 0.03569 -0.03122 0.03569
v 0.03500 -0.03219 0.03500
v 0.02967 -0.03122 0.04083
v 0.02910 -0.03219 0.04005
v 0.02291 -0.03122 0.04497
v 0.02247 -0.03219 0.04410
v 0.01560 -0.03122 0.04800
v 0.01530 -0.03219 0.04708
v 0.00790 -0.03122 0.04985
v 0.00774 -0.03219 0.04889
v 0.00000 -0.03122 0.05047
v 0.00000 -0.03219 0.04950
v -0.00790 -0.03122 0.04985
v -0.00774 -0.03219 0.04889
v -0.01560 -0.03122 0.04800
v -0.01530 -0.03219 0.04708
v -0.02291 -0.03122 0.04497
v -0.02247 -0.03219 0.04410
v -0.02967 -0.03122 0.04083
v -0.02910 -0.03219 0.04005
v -0.03569 -0.03122 0.03569
v -0.03500 -0.03219 0.03500
v -0.04083 -0.03122 0.02967
v -0.04005 -0.03219 0.02910
v -0.04497 -0.03122 0.02291
v -0.04410 -0.03219 0.02247
v -0.04800 -0.03122 0.01560
v -0.04708 -0.03219 0.01530
v -0.04985 -0.03122 0.00790
v -0.04889 -0.03219 0.00774
v -0.05047 -0.03122 -0.00000
v -0.04950 -0.03219 -0.00000
v -0.04985 -0.03122 -0.00790
v -0.04889 -0.03219 -0.00774
v -0.04800 -0.03122 -0.01560
v -0.04708 -0.03219 -0.01530
v -0.04497 -0.03122 -0.02291
v -0.04410 -0.03219 -0.02247
v -0.04083 -0.03122 -0.02967
v -0.04005 -0.03219 -0.02910
v -0.03569 -0.03122 -0.03569
v -0.03500 -0.03219 -0.03500
v -0.02967 -0.03122 -0.04083
v -0.02910 -0.03219 -0.04005
v -0.02291 -0.03122 -0.04497
v -0.02247 -0.03219 -0.04410
v -0.01560 -0.03122 -0.04800
v -0.01530 -0.03219 -0.04708
v -0.00790 -0.03122 -0.04985
v -0.00774 -0.03219 -0.04889
v 0.00000 -0.03122 -0.05047
v 0.00000 -0.03219 -0.04950
v -0.04765 -0.03122 -0.02428
v -0.04327 -0.03122 -0.03143
v -0.03782 -0.03122 -0.03782
v -0.03143 -0.03122 -0.04327
v -0.02428 -0.03122 -0.04765
v -0.01653 -0.03122 -0.05086
v -0.00837 -0.03122 -0.05282
v 0.00000 -0.03122 -0.05348
v -0.05086 -0.03122 -0.01653
v -0.05282 -0.03122 -0.00837
v -0.05348 -0.03122 -0.00000
v -0.05282 -0.03122 0.00837
v -0.05086 -0.03122 0.01653
v -0.04765 -0.03122 0.02428
v -0.04327 -0.03122 0.03143
v -0.03782 -0.03122 0.03782
v -0.03143 -0.03122 0.04327
v -0.02428 -0.03122 0.04765
v -0.01653 -0.03122 0.05086
v -0.00837 -0.03122 0.05282
v 0.00000 -0.03122 0.05348
v 0.00837 -0.03122 0.05282
v 0.01653 -0.03122 0.05086
v 0.02428 -0.03122 0.04765
v 0.03143 -0.03122 0.04327
v 0.03782 -0.03122 0.03782
v 0.04327 -0.03122 0.03143
v 0.04765 -0.03122 0.02428
v 0.05086 -0.03122 0.01653
v 0.05282 -0.03122 0.00837
v 0.00000 -0.11139 -0.05445
v 0.00852 -0.11139 -0.05378
v 0.00000 -0.11042 -0.05348
v 0.00837 -0.11042 -0.05282
v 0.01683 -0.11139 -0.05179
v 0.01653 -0.11042 -0.05086
v 0.01560 -0.11042 -0.04800
v 0.00790 -0.11042 -0.04985
v 0.00774 -0.11139 -0.04889
v 0.00000 -0.11139 -0.04950
v 0.00000 -0.11042 -0.05047
v 0.01530 -0.11139 -0.04708
v 0.00852 -0.12592 -0.05378
v 0.01683 -0.12592 -0.05179
v 0.02339 -0.11139 -0.04894
v 0.02546 -0.11333 -0.04806
v 0.02472 -0.12592 -0.04852
v 0.03200 -0.12592 -0.04405
v 0.03827 -0.12756 -0.03827
v 0.04379 -0.12756 -0.03181
v 0.04822 -0.12756 -0.02457
v 0.05147 -0.12756 -0.01672
v 0.05346 -0.12756 -0.00847
v 0.05253 -0.12896 -0.00832
v 0.05058 -0.12896 -0.01644
v 0.05115 -0.12989 -0.00810
v 0.04925 -0.12989 -0.01600
v 0.04739 -0.12896 -0.02415
v 0.04614 -0.12989 -0.02351
v 0.04303 -0.12896 -0.03126
v 0.04190 -0.12989 -0.03044
v 0.03761 -0.12896 -0.03761
v 0.03662 -0.12989 -0.03662
v 0.03126 -0.12896 -0.04303
v 0.03044 -0.12989 -0.04190
v 0.03181 -0.12756 -0.04379
v 0.02415 -0.12896 -0.04739
v 0.02351 -0.12989 -0.04614
v 0.02457 -0.12756 -0.04822
v 0.01644 -0.12896 -0.05058
v 0.01600 -0.12989 -0.04925
v 0.01672 -0.12756 -0.05147
v 0.00832 -0.12896 -0.05253
v 0.00810 -0.12989 -0.05115
v 0.00847 -0.12756 -0.05346
v 0.00000 -0.12896 -0.05319
v 0.00000 -0.12989 -0.05179
v 0.00000 -0.12592 -0.05445
v 0.00000 -0.12756 -0.05412
v 0.01653 -0.05102 0.05086
v 0.00837 -0.05102 0.05282
v 0.01683 -0.05005 0.05179
v 0.00852 -0.05005 0.05378
v 0.00000 -0.05102 0.05348
v 0.00000 -0.05005 0.05445
v -0.00837 -0.05102 0.05282
v -0.00852 -0.05005 0.05378
v -0.01653 -0.05102 0.05086
v -0.01683 -0.05005 0.05179
v 0.02339 -0.05005 0.04894
v 0.02549 -0.04810 0.04805
v 0.00000 -0.05102 0.05047
v 0.00790 -0.05102 0.04985
v 0.00000 -0.05005 0.04950
v -0.00774 -0.05005 0.04889
v -0.00790 -0.05102 0.04985
v -0.01530 -0.05005 0.04708
v -0.01560 -0.05102 0.04800
v 0.00774 -0.05005 0.04889
v 0.01560 -0.05102 0.04800
v 0.01530 -0.05005 0.04708
v -0.02075 -0.05102 0.04585
v -0.02124 -0.05005 0.04468
v -0.02183 -0.05133 0.04540
v -0.02226 -0.05038 0.04427
v -0.02301 -0.05129 0.04397
v -0.02262 -0.05218 0.04507
v -0.02328 -0.05254 0.04386
v -0.02290 -0.05335 0.04495
v -0.02320 -0.10884 0.04386
v -0.02290 -0.10809 0.04495
v -0.02427 -0.10810 0.04763
v -0.02398 -0.10926 0.04775
v -0.02262 -0.10926 0.04507
v -0.02320 -0.11011 0.04808
v -0.02183 -0.11011 0.04540
v -0.02212 -0.11042 0.04853
v -0.02075 -0.11042 0.04585
v -0.02427 -0.05334 0.04763
v -0.02116 -0.11131 0.04469
v -0.02529 -0.11026 0.04812
v -0.02448 -0.11109 0.04846
v -0.02218 -0.11097 0.04428
v -0.02293 -0.11007 0.04397
v -0.02554 -0.11204 0.04801
v -0.02604 -0.11139 0.04775
v -0.05086 -0.05102 0.01653
v -0.05282 -0.05102 0.00837
v -0.05179 -0.05005 0.01683
v -0.05378 -0.05005 0.00852
v -0.05348 -0.05102 -0.00000
v -0.05445 -0.05005 -0.00000
v -0.05282 -0.05102 -0.00837
v -0.05378 -0.05005 -0.00852
v -0.05086 -0.05102 -0.01653
v -0.05179 -0.05005 -0.01683
v -0.04894 -0.05005 0.02339
v -0.04805 -0.04810 0.02549
v -0.05047 -0.05102 -0.00000
v -0.04985 -0.05102 0.00790
v -0.04950 -0.05005 -0.00000
v -0.04889 -0.05005 -0.00774
v -0.04985 -0.05102 -0.00790
v -0.04708 -0.05005 -0.01530
v -0.04800 -0.05102 -0.01560
v -0.04889 -0.05005 0.00774
v -0.04800 -0.05102 0.01560
v -0.04708 -0.05005 0.01530
v -0.04585 -0.05102 -0.02075
v -0.04451 -0.05005 -0.02108
v -0.04540 -0.05133 -0.02183
v -0.04406 -0.05038 -0.02209
v -0.04373 -0.05128 -0.02284
v -0.04507 -0.05219 -0.02262
v -0.04361 -0.05251 -0.02311
v -0.04495 -0.05335 -0.02290
v -0.04364 -0.10878 -0.02288
v -0.04495 -0.10805 -0.02290
v -0.04763 -0.05334 -0.02427
v -0.04763 -0.10810 -0.02427
v -0.04775 -0.10926 -0.02398
v -0.04507 -0.10924 -0.02262
v -0.04808 -0.11011 -0.02320
v -0.04540 -0.11010 -0.02184
v -0.04853 -0.11042 -0.02212
v -0.04584 -0.11042 -0.02077
v -0.04455 -0.11129 -0.02086
v -0.04812 -0.11026 -0.02529
v -0.04846 -0.11109 -0.02448
v -0.04409 -0.11094 -0.02187
v -0.04376 -0.11003 -0.02261
v -0.04801 -0.11204 -0.02554
v -0.04746 -0.11139 -0.02652
v -0.01653 -0.05102 -0.05086
v -0.00837 -0.05102 -0.05282
v -0.01683 -0.05005 -0.05179
v -0.00852 -0.05005 -0.05378
v 0.00000 -0.05102 -0.05348
v 0.00000 -0.05005 -0.05445
v -0.02339 -0.05005 -0.04894
v -0.02549 -0.04810 -0.04805
v -0.01559 -0.05102 -0.04801
v -0.00790 -0.05102 -0.04985
v 0.00000 -0.05102 -0.05047
v -0.00774 -0.04999 -0.04889
v 0.00000 -0.04999 -0.04950
v -0.01530 -0.04999 -0.04727
v -0.02724 -0.05005 -0.04697
v -0.02558 -0.10912 -0.04799
v -0.02558 -0.05232 -0.04799
v -0.02427 -0.05334 -0.04763
v -0.02398 -0.05218 -0.04775
v -0.02529 -0.05118 -0.04812
v -0.02448 -0.05035 -0.04846
v -0.02320 -0.05133 -0.04808
v -0.02212 -0.05102 -0.04853
v -0.02427 -0.10810 -0.04763
v -0.02290 -0.05340 -0.04494
v -0.02290 -0.10810 -0.04495
v -0.02398 -0.10926 -0.04775
v -0.02262 -0.10926 -0.04507
v -0.02320 -0.11011 -0.04808
v -0.02183 -0.11011 -0.04540
v -0.02212 -0.11042 -0.04853
v -0.02075 -0.11042 -0.04585
v -0.02289 -0.05257 -0.04356
v -0.02261 -0.05221 -0.04506
v -0.02262 -0.05131 -0.04368
v -0.02183 -0.05134 -0.04538
v -0.02189 -0.05039 -0.04404
v -0.02090 -0.05004 -0.04452
v -0.02076 -0.05102 -0.04583
v -0.02329 -0.10899 -0.04367
v -0.02120 -0.11138 -0.04457
v -0.02448 -0.11109 -0.04846
v -0.02528 -0.11026 -0.04812
v -0.02652 -0.11139 -0.04746
v -0.02554 -0.11204 -0.04801
v 0.02724 -0.05005 0.04697
v 0.02558 -0.10912 0.04799
v 0.02558 -0.05232 0.04799
v 0.02427 -0.05334 0.04763
v 0.02398 -0.05218 0.04775
v 0.02529 -0.05118 0.04812
v 0.02448 -0.05035 0.04846
v 0.02320 -0.05133 0.04808
v 0.02212 -0.05102 0.04853
v 0.02427 -0.10810 0.04763
v 0.02290 -0.10810 0.04495
v 0.02290 -0.05335 0.04495
v 0.02318 -0.05255 0.04374
v 0.02339 -0.10897 0.04386
v 0.02262 -0.10926 0.04507
v 0.02311 -0.11017 0.04397
v 0.02183 -0.11011 0.04540
v 0.02234 -0.11104 0.04428
v 0.02129 -0.11137 0.04470
v 0.02075 -0.11042 0.04585
v 0.02212 -0.11042 0.04853
v 0.02320 -0.11011 0.04808
v 0.02448 -0.11109 0.04846
v 0.02398 -0.10926 0.04775
v 0.02528 -0.11026 0.04812
v 0.02652 -0.11139 0.04746
v 0.02554 -0.11204 0.04801
v 0.00000 -0.05102 -0.05047
v 0.00790 -0.05102 -0.04985
v 0.01559 -0.05102 -0.04801
v 0.00774 -0.04999 -0.04889
v 0.01530 -0.04999 -0.04707
v 0.00000 -0.04999 -0.04950
v 0.02070 -0.05102 -0.04586
v 0.02212 -0.05102 -0.04853
v 0.02180 -0.05134 -0.04540
v 0.02320 -0.05133 -0.04808
v 0.02260 -0.05221 -0.04506
v 0.02398 -0.05218 -0.04775
v 0.02290 -0.05339 -0.04494
v 0.02427 -0.05334 -0.04763
v 0.02427 -0.10810 -0.04763
v 0.02290 -0.10810 -0.04495
v 0.02398 -0.10926 -0.04775
v 0.02261 -0.10926 -0.04507
v 0.02320 -0.11011 -0.04808
v 0.02182 -0.11011 -0.04541
v 0.02212 -0.11042 -0.04853
v 0.02073 -0.11042 -0.04586
v 0.02287 -0.10869 -0.04377
v 0.02287 -0.05279 -0.04382
v 0.02086 -0.11121 -0.04465
v 0.02529 -0.11026 -0.04812
v 0.02448 -0.11109 -0.04846
v 0.02187 -0.11085 -0.04421
v 0.02554 -0.11204 -0.04801
v 0.02604 -0.11139 -0.04775
v 0.02260 -0.10993 -0.04389
v 0.04357 -0.13022 -0.01416
v 0.02994 -0.12885 -0.00973
v 0.04525 -0.13022 -0.00717
v 0.03110 -0.12885 -0.00493
v 0.02805 -0.12885 -0.01429
v 0.04082 -0.13022 -0.02080
v 0.02547 -0.12885 -0.01851
v 0.03707 -0.13022 -0.02693
v 0.02226 -0.12885 -0.02226
v 0.03240 -0.13022 -0.03240
v 0.01851 -0.12885 -0.02547
v 0.02693 -0.13022 -0.03707
v 0.01429 -0.12885 -0.02805
v 0.02080 -0.13022 -0.04082
v 0.00973 -0.12885 -0.02994
v 0.01416 -0.13022 -0.04357
v 0.00493 -0.12885 -0.03110
v 0.00717 -0.13022 -0.04525
v 0.00000 -0.12885 -0.03149
v 0.00000 -0.13022 -0.04582
v -0.00493 -0.12885 -0.03110
v -0.00717 -0.13022 -0.04525
v -0.00973 -0.12885 -0.02994
v -0.01416 -0.13022 -0.04357
v -0.01429 -0.12885 -0.02805
v -0.02080 -0.13022 -0.04082
v -0.01851 -0.12885 -0.02547
v -0.02693 -0.13022 -0.03707
v -0.02226 -0.12885 -0.02226
v -0.03240 -0.13022 -0.03240
v -0.02547 -0.12885 -0.01851
v -0.03707 -0.13022 -0.02693
v -0.02805 -0.12885 -0.01429
v -0.04082 -0.13022 -0.02080
v -0.02994 -0.12885 -0.00973
v -0.04357 -0.13022 -0.01416
v -0.03110 -0.12885 -0.00493
v -0.04525 -0.13022 -0.00717
v -0.03149 -0.12885 -0.00000
v -0.04582 -0.13022 -0.00000
v -0.03110 -0.12885 0.00493
v -0.04525 -0.13022 0.00717
v -0.02994 -0.12885 0.00973
v -0.04357 -0.13022 0.01416
v -0.02805 -0.12885 0.01429
v -0.04082 -0.13022 0.02080
v -0.02547 -0.12885 0.01851
v -0.03707 -0.13022 0.02693
v -0.02226 -0.12885 0.02226
v -0.03240 -0.13022 0.03240
v -0.01851 -0.12885 0.02547
v -0.02693 -0.13022 0.03707
v -0.01429 -0.12885 0.02805
v -0.02080 -0.13022 0.04082
v -0.00973 -0.12885 0.02994
v -0.01416 -0.13022 0.04357
v -0.00493 -0.12885 0.03110
v -0.00717 -0.13022 0.04525
v 0.00000 -0.12885 0.03149
v 0.00000 -0.13022 0.04582
v 0.00493 -0.12885 0.03110
v 0.00717 -0.13022 0.04525
v 0.00973 -0.12885 0.02994
v 0.01416 -0.13022 0.04357
v 0.01429 -0.12885 0.02805
v 0.02080 -0.13022 0.04082
v 0.01851 -0.12885 0.02547
v 0.02693 -0.13022 0.03707
v 0.02226 -0.12885 0.02226
v 0.03240 -0.13022 0.03240
v 0.02547 -0.12885 0.01851
v 0.03707 -0.13022 0.02693
v 0.02805 -0.12885 0.01429
v 0.04082 -0.13022 0.02080
v 0.02994 -0.12885 0.00973
v 0.04357 -0.13022 0.01416
v 0.03110 -0.12885 0.00493
v 0.04525 -0.13022 0.00717
v 0.03149 -0.12885 -0.00000
v 0.04582 -0.13022 -0.00000
v 0.01469 -0.12829 0.01469
v 0.01221 -0.12829 0.01681
v 0.00943 -0.12829 0.01851
v 0.00642 -0.12829 0.01976
v 0.00325 -0.12829 0.02052
v 0.00000 -0.12829 0.02078
v -0.00325 -0.12829 0.02052
v -0.00642 -0.12829 0.01976
v -0.00943 -0.12829 0.01851
v -0.01221 -0.12829 0.01681
v -0.01469 -0.12829 0.01469
v -0.01681 -0.12829 0.01221
v -0.01851 -0.12829 0.00943
v -0.01976 -0.12829 0.00642
v -0.02052 -0.12829 0.00325
v -0.02078 -0.12829 -0.00000
v -0.02052 -0.12829 -0.00325
v -0.01976 -0.12829 -0.00642
v -0.01851 -0.12829 -0.00943
v -0.01681 -0.12829 -0.01221
v -0.01469 -0.12829 -0.01469
v -0.01221 -0.12829 -0.01681
v -0.00943 -0.12829 -0.01851
v -0.00642 -0.12829 -0.01976
v -0.00325 -0.12829 -0.02052
v 0.00000 -0.12829 -0.02078
v 0.00325 -0.12829 -0.02052
v 0.00642 -0.12829 -0.01976
v 0.00943 -0.12829 -0.01851
v 0.01221 -0.12829 -0.01681
v 0.01469 -0.12829 -0.01469
v 0.01681 -0.12829 -0.01221
v 0.01851 -0.12829 -0.00943
v 0.01976 -0.12829 -0.00642
v 0.02052 -0.12829 -0.00325
v 0.02078 -0.12829 -0.00000
v 0.02052 -0.12829 0.00325
v 0.01976 -0.12829 0.00642
v 0.01851 -0.12829 0.00943
v 0.01681 -0.12829 0.01221
v 0.01195 -0.12763 -0.00388
v 0.01241 -0.12763 -0.00197
v 0.01016 -0.12763 0.00738
v 0.00888 -0.12763 0.00888
v 0.00738 -0.12763 0.01016
v 0.00570 -0.12763 0.01119
v 0.00388 -0.12763 0.01195
v 0.00196 -0.12763 0.01241
v 0.00000 -0.12763 0.01256
v -0.00196 -0.12763 0.01241
v -0.00388 -0.12763 0.01195
v -0.00570 -0.12763 0.01119
v -0.00738 -0.12763 0.01016
v -0.00888 -0.12763 0.00888
v -0.01016 -0.12763 0.00738
v -0.01119 -0.12763 0.00570
v -0.01195 -0.12763 0.00388
v -0.01241 -0.12763 0.00196
v -0.01256 -0.12763 -0.00000
v -0.01241 -0.12763 -0.00196
v -0.01195 -0.12763 -0.00388
v -0.01119 -0.12763 -0.00570
v -0.01016 -0.12763 -0.00738
v -0.00888 -0.12763 -0.00888
v -0.00738 -0.12763 -0.01016
v -0.00570 -0.12763 -0.01119
v -0.00388 -0.12763 -0.01195
v -0.00196 -0.12763 -0.01241
v 0.00000 -0.12763 -0.01256
v 0.00196 -0.12763 -0.01241
v 0.00388 -0.12763 -0.01195
v 0.00570 -0.12763 -0.01119
v 0.00738 -0.12763 -0.01016
v 0.00888 -0.12763 -0.00888
v 0.01016 -0.12763 -0.00738
v 0.01119 -0.12763 -0.00570
v 0.00432 -0.12755 -0.00220
v 0.00461 -0.12755 -0.00150
v 0.00479 -0.12755 -0.00076
v 0.00392 -0.12755 -0.00285
v 0.00343 -0.12755 -0.00343
v 0.00285 -0.12755 -0.00392
v 0.00220 -0.12755 -0.00432
v 0.00150 -0.12755 -0.00461
v 0.00076 -0.12755 -0.00479
v 0.00000 -0.12755 -0.00485
v -0.00076 -0.12755 -0.00479
v -0.00150 -0.12755 -0.00461
v -0.00220 -0.12755 -0.00432
v -0.00285 -0.12755 -0.00392
v -0.00343 -0.12755 -0.00343
v -0.00392 -0.12755 -0.00285
v -0.00432 -0.12755 -0.00220
v -0.00461 -0.12755 -0.00150
v -0.00479 -0.12755 -0.00076
v -0.00485 -0.12755 -0.00000
v -0.00479 -0.12755 0.00076
v -0.00461 -0.12755 0.00150
v -0.00432 -0.12755 0.00220
v -0.00392 -0.12755 0.00285
v -0.00343 -0.12755 0.00343
v -0.00285 -0.12755 0.00392
v -0.00220 -0.12755 0.00432
v -0.00150 -0.12755 0.00461
v -0.00076 -0.12755 0.00479
v 0.00000 -0.12755 0.00485
v 0.00076 -0.12755 0.00479
v 0.00150 -0.12755 0.00461
v 0.00220 -0.12755 0.00432
v 0.00285 -0.12755 0.00392
v 0.00343 -0.12755 0.00343
v 0.00392 -0.12755 0.00285
v 0.00432 -0.12755 0.00220
v 0.01119 -0.12763 0.00570
v 0.01195 -0.12763 0.00388
v 0.01241 -0.12763 0.00197
v 0.01256 -0.12763 -0.00000
v 0.00461 -0.12755 0.00150
v 0.00479 -0.12755 0.00076
v 0.00485 -0.12755 -0.00000
v -0.05445 -0.12592 -0.00000
v -0.05346 -0.12756 -0.00847
v -0.05147 -0.12756 -0.01672
v -0.05253 -0.12896 -0.00832
v -0.05115 -0.12989 -0.00810
v -0.05319 -0.12896 -0.00000
v -0.05179 -0.12989 -0.00000
v -0.05412 -0.12756 -0.00000
v -0.05253 -0.12896 0.00832
v -0.05115 -0.12989 0.00810
v -0.05346 -0.12756 0.00847
v -0.05058 -0.12896 0.01644
v -0.04925 -0.12989 0.01600
v -0.05147 -0.12756 0.01672
v -0.04739 -0.12896 0.02415
v -0.04614 -0.12989 0.02351
v -0.04822 -0.12756 0.02457
v -0.04303 -0.12896 0.03126
v -0.04190 -0.12989 0.03044
v -0.04379 -0.12756 0.03181
v -0.03761 -0.12896 0.03761
v -0.03662 -0.12989 0.03662
v -0.03827 -0.12756 0.03827
v -0.03126 -0.12896 0.04303
v -0.03044 -0.12989 0.04190
v -0.03181 -0.12756 0.04379
v -0.02415 -0.12896 0.04739
v -0.02351 -0.12989 0.04614
v -0.02457 -0.12756 0.04822
v -0.01644 -0.12896 0.05058
v -0.01600 -0.12989 0.04925
v -0.01672 -0.12756 0.05147
v -0.00832 -0.12896 0.05253
v -0.00810 -0.12989 0.05115
v -0.00847 -0.12756 0.05346
v 0.00000 -0.12896 0.05319
v 0.00000 -0.12989 0.05179
v 0.00000 -0.12592 0.05445
v 0.00000 -0.12756 0.05412
v 0.00832 -0.12896 0.05253
v 0.00810 -0.12989 0.05115
v 0.00847 -0.12756 0.05346
v 0.01644 -0.12896 0.05058
v 0.01600 -0.12989 0.04925
v 0.01672 -0.12756 0.05147
v 0.02415 -0.12896 0.04739
v 0.02351 -0.12989 0.04614
v 0.02457 -0.12756 0.04822
v 0.03126 -0.12896 0.04303
v 0.03044 -0.12989 0.04190
v 0.03181 -0.12756 0.04379
v 0.03761 -0.12896 0.03761
v 0.03662 -0.12989 0.03662
v 0.03827 -0.12756 0.03827
v 0.04303 -0.12896 0.03126
v 0.04190 -0.12989 0.03044
v 0.04379 -0.12756 0.03181
v 0.04739 -0.12896 0.02415
v 0.04614 -0.12989 0.02351
v 0.04822 -0.12756 0.02457
v 0.05058 -0.12896 0.01644
v 0.04925 -0.12989 0.01600
v 0.05147 -0.12756 0.01672
v 0.05253 -0.12896 0.00832
v 0.05115 -0.12989 0.00810
v 0.05346 -0.12756 0.00847
v 0.05319 -0.12896 0.00000
v 0.05179 -0.12989 0.00000
v 0.05445 -0.12592 0.00000
v 0.05412 -0.12756 0.00000
v 0.04768 -0.13022 -0.01549
v 0.04952 -0.13022 -0.00784
v 0.04467 -0.13022 -0.02276
v 0.04056 -0.13022 -0.02947
v 0.03545 -0.13022 -0.03545
v 0.02947 -0.13022 -0.04056
v 0.02276 -0.13022 -0.04467
v 0.01549 -0.13022 -0.04768
v 0.00784 -0.13022 -0.04952
v 0.00000 -0.13022 -0.05013
v -0.00784 -0.13022 -0.04952
v -0.01549 -0.13022 -0.04768
v -0.02276 -0.13022 -0.04467
v -0.02947 -0.13022 -0.04056
v -0.03545 -0.13022 -0.03545
v -0.04056 -0.13022 -0.02947
v -0.04467 -0.13022 -0.02276
v -0.04768 -0.13022 -0.01549
v -0.04952 -0.13022 -0.00784
v -0.05013 -0.13022 -0.00000
v -0.04952 -0.13022 0.00784
v -0.04768 -0.13022 0.01549
v -0.04467 -0.13022 0.02276
v -0.04056 -0.13022 0.02947
v -0.03545 -0.13022 0.03545
v -0.02947 -0.13022 0.04056
v -0.02276 -0.13022 0.04467
v -0.01549 -0.13022 0.04768
v -0.00784 -0.13022 0.04952
v 0.00000 -0.13022 0.05013
v 0.00784 -0.13022 0.04952
v 0.01549 -0.13022 0.04768
v 0.02276 -0.13022 0.04467
v 0.02947 -0.13022 0.04056
v 0.03545 -0.13022 0.03545
v 0.04056 -0.13022 0.02947
v 0.04467 -0.13022 0.02276
v 0.04768 -0.13022 0.01549
v 0.04952 -0.13022 0.00784
v 0.05013 -0.13022 -0.00000
v 0.03662 -0.12989 0.03662
v 0.03044 -0.12989 0.04190
v 0.02351 -0.12989 0.04614
v 0.01600 -0.12989 0.04925
v 0.00810 -0.12989 0.05115
v 0.00000 -0.12989 0.05179
v -0.00810 -0.12989 0.05115
v -0.01600 -0.12989 0.04925
v -0.02351 -0.12989 0.04614
v -0.03044 -0.12989 0.04190
v -0.03662 -0.12989 0.03662
v -0.04190 -0.12989 0.03044
v -0.04614 -0.12989 0.02351
v -0.04925 -0.12989 0.01600
v -0.05115 -0.12989 0.00810
v -0.05179 -0.12989 -0.00000
v -0.05115 -0.12989 -0.00810
v -0.04925 -0.12989 -0.01600
v -0.04614 -0.12989 -0.02351
v -0.04190 -0.12989 -0.03044
v -0.03662 -0.12989 -0.03662
v -0.03044 -0.12989 -0.04190
v -0.02351 -0.12989 -0.04614
v -0.01600 -0.12989 -0.04925
v -0.00810 -0.12989 -0.05115
v 0.00000 -0.12989 -0.05179
v 0.00810 -0.12989 -0.05115
v 0.01600 -0.12989 -0.04925
v 0.02351 -0.12989 -0.04614
v 0.03044 -0.12989 -0.04190
v 0.03662 -0.12989 -0.03662
v 0.04190 -0.12989 -0.03044
v 0.04614 -0.12989 -0.02351
v 0.04925 -0.12989 -0.01600
v 0.05115 -0.12989 -0.00810
v 0.05179 -0.12989 0.00000
v 0.05115 -0.12989 0.00810
v 0.04925 -0.12989 0.01600
v 0.04614 -0.12989 0.02351
v 0.04190 -0.12989 0.03044
v -0.02339 -0.05005 0.04894
v -0.02212 -0.05102 0.04853
v -0.02320 -0.05133 0.04808
v -0.02448 -0.05035 0.04846
v -0.02398 -0.05218 0.04775
v -0.02528 -0.05118 0.04812
v -0.02652 -0.05005 0.04746
v -0.02555 -0.04940 0.04801
v -0.04697 -0.05005 0.02724
v -0.04799 -0.10912 0.02558
v -0.04799 -0.05232 0.02558
v -0.04763 -0.05334 0.02427
v -0.04775 -0.05218 0.02398
v -0.04812 -0.05118 0.02529
v -0.04846 -0.05035 0.02448
v -0.04808 -0.05133 0.02320
v -0.04853 -0.05102 0.02212
v -0.04763 -0.10810 0.02427
v -0.04495 -0.10810 0.02290
v -0.04495 -0.05334 0.02290
v -0.04364 -0.05257 0.02311
v -0.04367 -0.10898 0.02327
v -0.04507 -0.10926 0.02262
v -0.04379 -0.11018 0.02299
v -0.04540 -0.11011 0.02183
v -0.04412 -0.11105 0.02223
v -0.04456 -0.11138 0.02119
v -0.04585 -0.11042 0.02075
v -0.04853 -0.11042 0.02212
v -0.04808 -0.11011 0.02320
v -0.04846 -0.11109 0.02448
v -0.04775 -0.10926 0.02398
v -0.04812 -0.11026 0.02528
v -0.04775 -0.11139 0.02604
v -0.04801 -0.11204 0.02554
v -0.04894 -0.05005 -0.02339
v -0.04853 -0.05102 -0.02212
v -0.04808 -0.05133 -0.02320
v -0.04846 -0.05035 -0.02448
v -0.04775 -0.05218 -0.02398
v -0.04812 -0.05118 -0.02528
v -0.04775 -0.05005 -0.02604
v -0.04801 -0.04940 -0.02555
v 0.02339 -0.05005 -0.04894
v 0.02448 -0.05035 -0.04846
v 0.02528 -0.05118 -0.04812
v 0.02652 -0.05005 -0.04746
v 0.02555 -0.04940 -0.04801
v 0.04697 -0.05005 -0.02724
v 0.04799 -0.10912 -0.02558
v 0.04799 -0.05232 -0.02558
v 0.04763 -0.05334 -0.02427
v 0.04775 -0.05218 -0.02398
v 0.04812 -0.05118 -0.02529
v 0.04846 -0.05035 -0.02448
v 0.04808 -0.05133 -0.02320
v 0.04853 -0.05102 -0.02212
v 0.04763 -0.10810 -0.02427
v 0.04495 -0.10810 -0.02290
v 0.04495 -0.05334 -0.02290
v 0.04386 -0.05242 -0.02345
v 0.04386 -0.10907 -0.02352
v 0.04507 -0.10926 -0.02262
v 0.04397 -0.11024 -0.02323
v 0.04428 -0.11109 -0.02244
v 0.04540 -0.11011 -0.02183
v 0.04471 -0.11140 -0.02136
v 0.04585 -0.11042 -0.02075
v 0.04853 -0.11042 -0.02212
v 0.04808 -0.11011 -0.02320
v 0.04846 -0.11109 -0.02448
v 0.04775 -0.10926 -0.02398
v 0.04812 -0.11026 -0.02528
v 0.04775 -0.11139 -0.02604
v 0.04801 -0.11204 -0.02554
v -0.04585 -0.05102 0.02075
v -0.04455 -0.05017 0.02104
v -0.04540 -0.05133 0.02183
v -0.04507 -0.05218 0.02262
v -0.04409 -0.05050 0.02207
v -0.04376 -0.05138 0.02283
v 0.02075 -0.05102 0.04585
v 0.02113 -0.05008 0.04460
v 0.02183 -0.05133 0.04540
v 0.02262 -0.05218 0.04507
v 0.02215 -0.05041 0.04417
v 0.02290 -0.05132 0.04386
v 0.04585 -0.05102 -0.02076
v 0.04470 -0.05004 -0.02133
v 0.04540 -0.05133 -0.02183
v 0.04507 -0.05218 -0.02262
v 0.04428 -0.05035 -0.02239
v 0.04397 -0.05123 -0.02316
v 0.02089 -0.05001 -0.04467
v 0.02188 -0.05039 -0.04424
v 0.02261 -0.05141 -0.04393
v -0.02301 -0.11019 -0.04379
v -0.02225 -0.11106 -0.04412
v 0.04398 -0.11011 0.02313
v 0.02555 -0.04940 0.04801
v 0.02652 -0.05005 0.04746
v -0.04801 -0.04940 0.02555
v -0.04775 -0.05005 0.02604
v -0.02555 -0.04940 -0.04801
v -0.02652 -0.05005 -0.04746
v 0.04801 -0.04940 -0.02555
v 0.04746 -0.05005 -0.02652
v 0.04801 -0.11204 0.02554
v 0.04775 -0.11139 0.02604
vt 0.54500 0.29043
vt 0.54500 0.66406
vt 0.56205 0.29043
vt 0.56205 0.66406
vt 0.57910 0.29043
vt 0.57910 0.66406
vt 0.59614 0.29043
vt 0.59614 0.66406
vt 0.61319 0.29043
vt 0.61319 0.66406
vt 0.63024 0.29043
vt 0.63024 0.66406
vt 0.64728 0.29043
vt 0.64728 0.66406
vt 0.66433 0.29043
vt 0.66433 0.66406
vt 0.68138 0.29043
vt 0.68138 0.66406
vt 0.69842 0.29043
vt 0.69842 0.66406
vt 0.59614 0.67273
vt 0.57910 0.67273
vt 0.56205 0.67273
vt 0.54500 0.67273
vt 0.52796 0.66406
vt 0.52796 0.29043
vt 0.51091 0.66406
vt 0.51091 0.29043
vt 0.49386 0.66406
vt 0.49386 0.29043
vt 0.47682 0.66406
vt 0.47682 0.29043
vt 0.45977 0.66406
vt 0.45977 0.29043
vt 0.44272 0.66406
vt 0.44272 0.29043
vt 0.42568 0.66406
vt 0.42568 0.29043
vt 0.40863 0.66406
vt 0.40863 0.29043
vt 0.39159 0.66406
vt 0.39159 0.29043
vt 0.37454 0.66406
vt 0.37454 0.29043
vt 0.35749 0.66406
vt 0.35749 0.29043
vt 0.34045 0.66406
vt 0.34045 0.29043
vt 0.32340 0.66406
vt 0.32340 0.29043
vt 0.30635 0.66406
vt 0.30635 0.29043
vt 0.28931 0.66406
vt 0.28931 0.29043
vt 0.27226 0.66406
vt 0.27226 0.29043
vt 0.25521 0.66406
vt 0.25521 0.29043
vt 0.23817 0.66406
vt 0.23817 0.29043
vt 0.22112 0.66406
vt 0.22112 0.29043
vt 0.20407 0.66406
vt 0.20407 0.29043
vt 0.18703 0.66406
vt 0.18703 0.29043
vt 0.16998 0.66406
vt 0.16998 0.29043
vt 0.15293 0.66406
vt 0.15293 0.29043
vt 0.13589 0.66406
vt 0.13589 0.29043
vt 0.11884 0.66406
vt 0.11884 0.29043
vt 0.10180 0.66406
vt 0.10180 0.29043
vt 0.08475 0.66406
vt 0.08475 0.29043
vt 0.06770 0.66406
vt 0.06770 0.29043
vt 0.05066 0.66406
vt 0.05066 0.29043
vt 0.03361 0.66406
vt 0.03361 0.29043
vt 0.01656 0.66406
vt 0.01656 0.29043
vt 0.03361 0.67273
vt 0.01656 0.67273
vt 0.03361 0.68133
vt 0.01656 0.68133
vt 0.03361 0.68982
vt 0.01656 0.68982
vt 0.03361 0.69813
vt 0.01656 0.69813
vt 0.03361 0.70620
vt 0.01656 0.70620
vt 0.03361 0.71398
vt 0.01656 0.71398
vt 0.03361 0.72142
vt 0.01656 0.72142
vt 0.03361 0.72845
vt 0.01656 0.72845
vt 0.03361 0.73504
vt 0.01656 0.73504
vt 0.05066 0.73504
vt 0.05066 0.72845
vt 0.05066 0.72142
vt 0.05066 0.71398
vt 0.05066 0.70620
vt 0.05066 0.69813
vt 0.05066 0.68982
vt 0.05066 0.68133
vt 0.05066 0.67273
vt 0.06770 0.73504
vt 0.06770 0.72845
vt 0.06770 0.72142
vt 0.06770 0.71398
vt 0.06770 0.70620
vt 0.06770 0.69813
vt 0.06770 0.68982
vt 0.06770 0.68133
vt 0.06770 0.67273
vt 0.08475 0.73504
vt 0.08475 0.72845
vt 0.08475 0.72142
vt 0.08475 0.71398
vt 0.08475 0.70620
vt 0.08475 0.69813
vt 0.08475 0.68982
vt 0.08475 0.68133
vt 0.08475 0.67273
vt 0.10180 0.73504
vt 0.10180 0.72845
vt 0.10180 0.72142
vt 0.10180 0.71398
vt 0.10180 0.70620
vt 0.10180 0.69813
vt 0.10180 0.68982
vt 0.10180 0.68133
vt 0.10180 0.67273
vt 0.11884 0.73504
vt 0.11884 0.72845
vt 0.11884 0.72142
vt 0.11884 0.71398
vt 0.11884 0.70620
vt 0.11884 0.69813
vt 0.11884 0.68982
vt 0.11884 0.68133
vt 0.11884 0.67273
vt 0.13589 0.73504
vt 0.13589 0.72845
vt 0.13589 0.72142
vt 0.13589 0.71398
vt 0.13589 0.70620
vt 0.13589 0.69813
vt 0.13589 0.68982
vt 0.13589 0.68133
vt 0.13589 0.67273
vt 0.15293 0.73504
vt 0.15293 0.72845
vt 0.15293 0.72142
vt 0.15293 0.71398
vt 0.15293 0.70620
vt 0.15293 0.69813
vt 0.15293 0.68982
vt 0.15293 0.68133
vt 0.15293 0.67273
vt 0.16998 0.73504
vt 0.16998 0.72845
vt 0.16998 0.72142
vt 0.16998 0.71398
vt 0.16998 0.70620
vt 0.16998 0.69813
vt 0.16998 0.68982
vt 0.16998 0.68133
vt 0.16998 0.67273
vt 0.18703 0.73504
vt 0.18703 0.72845
vt 0.18703 0.72142
vt 0.18703 0.71398
vt 0.18703 0.70620
vt 0.18703 0.69813
vt 0.18703 0.68982
vt 0.18703 0.68133
vt 0.18703 0.67273
vt 0.20407 0.73504
vt 0.20407 0.72845
vt 0.20407 0.72142
vt 0.20407 0.71398
vt 0.20407 0.70620
vt 0.20407 0.69813
vt 0.20407 0.68982
vt 0.20407 0.68133
vt 0.20407 0.67273
vt 0.22112 0.73504
vt 0.22112 0.72845
vt 0.22112 0.72142
vt 0.22112 0.71398
vt 0.22112 0.70620
vt 0.22112 0.69813
vt 0.22112 0.68982
vt 0.22112 0.68133
vt 0.22112 0.67273
vt 0.23817 0.73504
vt 0.23817 0.72845
vt 0.23817 0.72142
vt 0.23817 0.71398
vt 0.23817 0.70620
vt 0.23817 0.69813
vt 0.23817 0.68982
vt 0.23817 0.68133
vt 0.23817 0.67273
vt 0.25521 0.73504
vt 0.25521 0.72845
vt 0.25521 0.72142
vt 0.25521 0.71398
vt 0.25521 0.70620
vt 0.25521 0.69813
vt 0.25521 0.68982
vt 0.25521 0.68133
vt 0.25521 0.67273
vt 0.27226 0.73504
vt 0.27226 0.72845
vt 0.27226 0.72142
vt 0.27226 0.71398
vt 0.27226 0.70620
vt 0.27226 0.69813
vt 0.27226 0.68982
vt 0.27226 0.68133
vt 0.27226 0.67273
vt 0.28931 0.73504
vt 0.28931 0.72845
vt 0.28931 0.72142
vt 0.28931 0.71398
vt 0.28931 0.70620
vt 0.28931 0.69813
vt 0.28931 0.68982
vt 0.28931 0.68133
vt 0.28931 0.67273
vt 0.30635 0.73504
vt 0.30635 0.72845
vt 0.30635 0.72142
vt 0.30635 0.71398
vt 0.30635 0.70620
vt 0.30635 0.69813
vt 0.30635 0.68982
vt 0.30635 0.68133
vt 0.30635 0.67273
vt 0.32340 0.73504
vt 0.32340 0.72845
vt 0.32340 0.72142
vt 0.32340 0.71398
vt 0.32340 0.70620
vt 0.32340 0.69813
vt 0.32340 0.68982
vt 0.32340 0.68133
vt 0.32340 0.67273
vt 0.34045 0.73504
vt 0.34045 0.72845
vt 0.34045 0.72142
vt 0.34045 0.71398
vt 0.34045 0.70620
vt 0.34045 0.69813
vt 0.34045 0.68982
vt 0.34045 0.68133
vt 0.34045 0.67273
vt 0.35749 0.73504
vt 0.35749 0.72845
vt 0.35749 0.72142
vt 0.35749 0.71398
vt 0.35749 0.70620
vt 0.35749 0.69813
vt 0.35749 0.68982
vt 0.35749 0.68133
vt 0.35749 0.67273
vt 0.37454 0.73504
vt 0.37454 0.72845
vt 0.37454 0.72142
vt 0.37454 0.71398
vt 0.37454 0.70620
vt 0.37454 0.69813
vt 0.37454 0.68982
vt 0.37454 0.68133
vt 0.37454 0.67273
vt 0.39159 0.73504
vt 0.39159 0.72845
vt 0.39159 0.72142
vt 0.39159 0.71398
vt 0.39159 0.70620
vt 0.39159 0.69813
vt 0.39159 0.68982
vt 0.39159 0.68133
vt 0.39159 0.67273
vt 0.40863 0.73504
vt 0.40863 0.72845
vt 0.40863 0.72142
vt 0.40863 0.71398
vt 0.40863 0.70620
vt 0.40863 0.69813
vt 0.40863 0.68982
vt 0.40863 0.68133
vt 0.40863 0.67273
vt 0.42568 0.73504
vt 0.42568 0.72845
vt 0.42568 0.72142
vt 0.42568 0.71398
vt 0.42568 0.70620
vt 0.42568 0.69813
vt 0.42568 0.68982
vt 0.42568 0.68133
vt 0.42568 0.67273
vt 0.44272 0.73504
vt 0.44272 0.72845
vt 0.44272 0.72142
vt 0.44272 0.71398
vt 0.44272 0.70620
vt 0.44272 0.69813
vt 0.44272 0.68982
vt 0.44272 0.68133
vt 0.44272 0.67273
vt 0.45977 0.73504
vt 0.45977 0.72845
vt 0.45977 0.72142
vt 0.45977 0.71398
vt 0.45977 0.70620
vt 0.45977 0.69813
vt 0.45977 0.68982
vt 0.45977 0.68133
vt 0.45977 0.67273
vt 0.47682 0.73504
vt 0.47682 0.72845
vt 0.47682 0.72142
vt 0.47682 0.71398
vt 0.47682 0.70620
vt 0.47682 0.69813
vt 0.47682 0.68982
vt 0.47682 0.68133
vt 0.47682 0.67273
vt 0.49386 0.73504
vt 0.49386 0.72845
vt 0.49386 0.72142
vt 0.49386 0.71398
vt 0.49386 0.70620
vt 0.49386 0.69813
vt 0.49386 0.68982
vt 0.49386 0.68133
vt 0.49386 0.67273
vt 0.51091 0.73504
vt 0.51091 0.72845
vt 0.51091 0.72142
vt 0.51091 0.71398
vt 0.51091 0.70620
vt 0.51091 0.69813
vt 0.51091 0.68982
vt 0.51091 0.68133
vt 0.51091 0.67273
vt 0.52796 0.73504
vt 0.52796 0.72845
vt 0.54500 0.73504
vt 0.54500 0.72845
vt 0.52796 0.72142
vt 0.54500 0.72142
vt 0.52796 0.71398
vt 0.54500 0.71398
vt 0.52796 0.70620
vt 0.54500 0.70620
vt 0.52796 0.69813
vt 0.54500 0.69813
vt 0.52796 0.68982
vt 0.54500 0.68982
vt 0.52796 0.68133
vt 0.54500 0.68133
vt 0.52796 0.67273
vt 0.56205 0.72845
vt 0.56205 0.72142
vt 0.56205 0.71398
vt 0.56205 0.70620
vt 0.56205 0.69813
vt 0.56205 0.68982
vt 0.56205 0.68133
vt 0.57910 0.72845
vt 0.57910 0.73504
vt 0.56205 0.73504
vt 0.57910 0.72142
vt 0.57910 0.71398
vt 0.57910 0.70620
vt 0.57910 0.69813
vt 0.57910 0.68982
vt 0.57910 0.68133
vt 0.59614 0.73504
vt 0.59614 0.72845
vt 0.59614 0.72142
vt 0.59614 0.71398
vt 0.59614 0.70620
vt 0.59614 0.69813
vt 0.59614 0.68982
vt 0.59614 0.68133
vt 0.61319 0.73504
vt 0.61319 0.72845
vt 0.61319 0.72142
vt 0.61319 0.71398
vt 0.61319 0.70620
vt 0.61319 0.69813
vt 0.61319 0.68982
vt 0.61319 0.68133
vt 0.61319 0.67273
vt 0.63024 0.73504
vt 0.63024 0.72845
vt 0.63024 0.72142
vt 0.63024 0.71398
vt 0.63024 0.70620
vt 0.63024 0.69813
vt 0.63024 0.68982
vt 0.63024 0.68133
vt 0.63024 0.67273
vt 0.64728 0.73504
vt 0.64728 0.72845
vt 0.64728 0.72142
vt 0.64728 0.71398
vt 0.64728 0.70620
vt 0.64728 0.69813
vt 0.64728 0.68982
vt 0.64728 0.68133
vt 0.64728 0.67273
vt 0.66433 0.73504
vt 0.66433 0.72845
vt 0.66433 0.72142
vt 0.66433 0.71398
vt 0.66433 0.70620
vt 0.66433 0.69813
vt 0.66433 0.68982
vt 0.66433 0.68133
vt 0.66433 0.67273
vt 0.68138 0.73504
vt 0.68138 0.72845
vt 0.68138 0.72142
vt 0.68138 0.71398
vt 0.68138 0.70620
vt 0.68138 0.69813
vt 0.68138 0.68982
vt 0.68138 0.68133
vt 0.68138 0.67273
vt 0.69842 0.73504
vt 0.69842 0.72845
vt 0.69842 0.72142
vt 0.69842 0.71398
vt 0.69842 0.70620
vt 0.69842 0.69813
vt 0.69842 0.68982
vt 0.69842 0.68133
vt 0.69842 0.67273
vt 0.68138 0.75905
vt 0.66433 0.75905
vt 0.64728 0.75905
vt 0.63024 0.75905
vt 0.61319 0.75905
vt 0.59614 0.75905
vt 0.57910 0.75905
vt 0.56205 0.75905
vt 0.54500 0.75905
vt 0.52796 0.75905
vt 0.51091 0.75905
vt 0.49386 0.75905
vt 0.47682 0.75905
vt 0.45977 0.75905
vt 0.44273 0.75905
vt 0.42568 0.75905
vt 0.40863 0.75905
vt 0.39159 0.75905
vt 0.37454 0.75905
vt 0.35749 0.75905
vt 0.34045 0.75905
vt 0.32340 0.75905
vt 0.30635 0.75905
vt 0.28931 0.75905
vt 0.27226 0.75905
vt 0.25521 0.75905
vt 0.23817 0.75905
vt 0.22112 0.75905
vt 0.20407 0.75905
vt 0.18703 0.75905
vt 0.16998 0.75905
vt 0.15293 0.75905
vt 0.13589 0.75905
vt 0.11884 0.75905
vt 0.10179 0.75905
vt 0.08475 0.75905
vt 0.06770 0.75905
vt 0.05066 0.75905
vt 0.03361 0.75905
vt 0.01656 0.75905
vt 0.03361 0.76326
vt 0.01656 0.76326
vt 0.03361 0.76809
vt 0.01656 0.76809
vt 0.03361 0.77324
vt 0.01656 0.77324
vt 0.01656 0.83934
vt 0.03361 0.83934
vt 0.05066 0.77324
vt 0.05066 0.83934
vt 0.06770 0.77324
vt 0.06770 0.83934
vt 0.08475 0.77324
vt 0.08475 0.83934
vt 0.10179 0.77324
vt 0.10179 0.83934
vt 0.11884 0.77324
vt 0.11884 0.83934
vt 0.13589 0.77324
vt 0.13589 0.83934
vt 0.15293 0.77324
vt 0.15293 0.83934
vt 0.16998 0.77324
vt 0.16998 0.83934
vt 0.18703 0.77324
vt 0.18703 0.83934
vt 0.20407 0.77324
vt 0.20407 0.83934
vt 0.22112 0.77324
vt 0.22112 0.83934
vt 0.23817 0.77324
vt 0.23817 0.83934
vt 0.25521 0.77325
vt 0.25521 0.83934
vt 0.27226 0.77325
vt 0.27226 0.83934
vt 0.28931 0.77324
vt 0.28931 0.83934
vt 0.30635 0.77324
vt 0.30635 0.83934
vt 0.32340 0.77324
vt 0.32340 0.83934
vt 0.34045 0.77324
vt 0.34045 0.83934
vt 0.35749 0.77324
vt 0.35749 0.83934
vt 0.37454 0.77324
vt 0.37454 0.83934
vt 0.39158 0.77324
vt 0.39158 0.83934
vt 0.40863 0.77324
vt 0.40863 0.83934
vt 0.42568 0.77324
vt 0.42568 0.83934
vt 0.44273 0.77324
vt 0.44273 0.83934
vt 0.45977 0.77324
vt 0.45977 0.83934
vt 0.47682 0.77324
vt 0.47682 0.83934
vt 0.49386 0.77324
vt 0.49386 0.83934
vt 0.51091 0.77324
vt 0.51091 0.83934
vt 0.52796 0.77324
vt 0.52796 0.83934
vt 0.54501 0.77324
vt 0.54501 0.83934
vt 0.56205 0.77324
vt 0.56205 0.83934
vt 0.57910 0.77324
vt 0.57910 0.83934
vt 0.59614 0.77324
vt 0.59614 0.83934
vt 0.61319 0.77324
vt 0.61319 0.83934
vt 0.63024 0.77324
vt 0.63024 0.83934
vt 0.64728 0.77324
vt 0.64728 0.83934
vt 0.66433 0.77324
vt 0.66433 0.83934
vt 0.68138 0.77324
vt 0.68138 0.83934
vt 0.69842 0.77324
vt 0.69842 0.83934
vt 0.57910 0.76809
vt 0.59614 0.76809
vt 0.57910 0.76326
vt 0.56205 0.76326
vt 0.54500 0.76326
vt 0.56205 0.76809
vt 0.54501 0.76809
vt 0.59614 0.76326
vt 0.61319 0.76326
vt 0.61319 0.76809
vt 0.63024 0.76326
vt 0.63024 0.76809
vt 0.64728 0.76326
vt 0.64728 0.76809
vt 0.66433 0.76326
vt 0.66433 0.76809
vt 0.68138 0.76326
vt 0.68138 0.76809
vt 0.69842 0.76326
vt 0.69842 0.75905
vt 0.69842 0.76809
vt 0.05066 0.76326
vt 0.05066 0.76809
vt 0.06770 0.76326
vt 0.06770 0.76809
vt 0.08475 0.76326
vt 0.08475 0.76809
vt 0.10179 0.76326
vt 0.10179 0.76809
vt 0.11884 0.76326
vt 0.11884 0.76809
vt 0.13589 0.76326
vt 0.13589 0.76809
vt 0.15293 0.76326
vt 0.15293 0.76809
vt 0.16998 0.76326
vt 0.16998 0.76809
vt 0.18703 0.76326
vt 0.18703 0.76809
vt 0.20407 0.76326
vt 0.20407 0.76809
vt 0.22112 0.76326
vt 0.22112 0.76809
vt 0.23817 0.76326
vt 0.23817 0.76809
vt 0.25521 0.76326
vt 0.25521 0.76809
vt 0.27226 0.76326
vt 0.27226 0.76809
vt 0.28931 0.76326
vt 0.28931 0.76809
vt 0.30635 0.76326
vt 0.30635 0.76809
vt 0.32340 0.76326
vt 0.32340 0.76809
vt 0.34045 0.76326
vt 0.34045 0.76809
vt 0.35749 0.76326
vt 0.35749 0.76809
vt 0.37454 0.76326
vt 0.37454 0.76809
vt 0.39158 0.76326
vt 0.39158 0.76809
vt 0.40863 0.76326
vt 0.40863 0.76809
vt 0.42568 0.76326
vt 0.42568 0.76809
vt 0.44273 0.76326
vt 0.44273 0.76809
vt 0.45977 0.76326
vt 0.45977 0.76809
vt 0.47682 0.76326
vt 0.47682 0.76809
vt 0.49386 0.76326
vt 0.49386 0.76809
vt 0.51091 0.76326
vt 0.51091 0.76809
vt 0.52796 0.76326
vt 0.52796 0.76809
vt 0.88963 0.44700
vt 0.84734 0.44030
vt 0.88807 0.45354
vt 0.88549 0.45975
vt 0.88198 0.46548
vt 0.87762 0.47059
vt 0.87251 0.47495
vt 0.86678 0.47846
vt 0.86057 0.48103
vt 0.85404 0.48260
vt 0.84734 0.48313
vt 0.84064 0.48260
vt 0.83410 0.48103
vt 0.82790 0.47846
vt 0.82217 0.47495
vt 0.81706 0.47059
vt 0.81269 0.46548
vt 0.80918 0.45975
vt 0.90065 0.45763
vt 0.89728 0.46575
vt 0.91034 0.46077
vt 0.91277 0.45067
vt 0.90270 0.44907
vt 0.91358 0.44030
vt 0.90339 0.44030
vt 0.89016 0.44030
vt 0.80661 0.45354
vt 0.80504 0.44700
vt 0.80451 0.44030
vt 0.80504 0.43361
vt 0.80661 0.42707
vt 0.80918 0.42086
vt 0.81269 0.41513
vt 0.81706 0.41002
vt 0.82217 0.40566
vt 0.82790 0.40215
vt 0.83410 0.39958
vt 0.84064 0.39801
vt 0.84734 0.39748
vt 0.85404 0.39801
vt 0.86057 0.39958
vt 0.86678 0.40215
vt 0.79403 0.45763
vt 0.79197 0.44907
vt 0.78434 0.46077
vt 0.78832 0.47038
vt 0.79739 0.46575
vt 0.79375 0.47924
vt 0.80199 0.47325
vt 0.80050 0.48714
vt 0.80770 0.47994
vt 0.80840 0.49390
vt 0.81439 0.48565
vt 0.81726 0.49933
vt 0.82189 0.49025
vt 0.82687 0.50330
vt 0.83002 0.49362
vt 0.83698 0.50573
vt 0.83857 0.49567
vt 0.84734 0.50655
vt 0.84734 0.49636
vt 0.85770 0.50573
vt 0.85611 0.49567
vt 0.86781 0.50330
vt 0.86466 0.49362
vt 0.87741 0.49933
vt 0.87279 0.49025
vt 0.88627 0.49390
vt 0.88029 0.48565
vt 0.89418 0.48714
vt 0.88697 0.47994
vt 0.90093 0.47924
vt 0.89269 0.47325
vt 0.90636 0.47038
vt 0.91919 0.46365
vt 0.92196 0.45212
vt 0.92289 0.44030
vt 0.92902 0.44030
vt 0.92801 0.45308
vt 0.93226 0.44030
vt 0.93121 0.45359
vt 0.92502 0.46554
vt 0.92810 0.46655
vt 0.91465 0.47460
vt 0.92011 0.47738
vt 0.92300 0.47886
vt 0.90846 0.48471
vt 0.91342 0.48831
vt 0.91604 0.49022
vt 0.90076 0.49373
vt 0.90509 0.49806
vt 0.90739 0.50035
vt 0.89175 0.50143
vt 0.89535 0.50638
vt 0.89725 0.50901
vt 0.88164 0.50762
vt 0.88442 0.51308
vt 0.88589 0.51597
vt 0.87068 0.51216
vt 0.87258 0.51798
vt 0.87358 0.52107
vt 0.85916 0.51492
vt 0.86012 0.52098
vt 0.86062 0.52418
vt 0.84734 0.51585
vt 0.84734 0.52198
vt 0.84734 0.52523
vt 0.83552 0.51492
vt 0.83456 0.52098
vt 0.83405 0.52418
vt 0.82399 0.51216
vt 0.82210 0.51798
vt 0.82110 0.52107
vt 0.81304 0.50762
vt 0.81026 0.51308
vt 0.80878 0.51597
vt 0.80293 0.50143
vt 0.79933 0.50638
vt 0.79742 0.50901
vt 0.79392 0.49373
vt 0.78958 0.49806
vt 0.78729 0.50035
vt 0.78622 0.48471
vt 0.78126 0.48831
vt 0.77863 0.49022
vt 0.78002 0.47460
vt 0.77456 0.47738
vt 0.77167 0.47886
vt 0.77549 0.46365
vt 0.76966 0.46554
vt 0.76657 0.46655
vt 0.78191 0.45067
vt 0.77272 0.45212
vt 0.76667 0.45308
vt 0.76346 0.45359
vt 0.79128 0.44030
vt 0.78110 0.44030
vt 0.77179 0.44030
vt 0.76566 0.44030
vt 0.76242 0.44030
vt 0.79197 0.43154
vt 0.78191 0.42994
vt 0.77272 0.42849
vt 0.76667 0.42753
vt 0.76346 0.42702
vt 0.79403 0.42298
vt 0.78434 0.41983
vt 0.77549 0.41696
vt 0.76966 0.41506
vt 0.76657 0.41406
vt 0.79739 0.41486
vt 0.78832 0.41023
vt 0.78002 0.40601
vt 0.77456 0.40322
vt 0.77167 0.40175
vt 0.80199 0.40736
vt 0.79375 0.40137
vt 0.78622 0.39590
vt 0.78126 0.39230
vt 0.77863 0.39039
vt 0.80770 0.40067
vt 0.80050 0.39346
vt 0.79392 0.38688
vt 0.78958 0.38255
vt 0.78729 0.38026
vt 0.81439 0.39496
vt 0.80840 0.38671
vt 0.80293 0.37918
vt 0.79933 0.37423
vt 0.79742 0.37160
vt 0.82189 0.39036
vt 0.81726 0.38128
vt 0.81304 0.37299
vt 0.81026 0.36753
vt 0.80878 0.36464
vt 0.83002 0.38699
vt 0.82687 0.37730
vt 0.82399 0.36845
vt 0.82210 0.36262
vt 0.82110 0.35954
vt 0.83857 0.38494
vt 0.83698 0.37488
vt 0.83552 0.36568
vt 0.83456 0.35963
vt 0.83405 0.35643
vt 0.84734 0.38425
vt 0.84734 0.37406
vt 0.84734 0.36475
vt 0.84734 0.35863
vt 0.84734 0.35538
vt 0.85611 0.38494
vt 0.85770 0.37488
vt 0.85916 0.36568
vt 0.86012 0.35963
vt 0.86062 0.35643
vt 0.86466 0.38699
vt 0.86781 0.37730
vt 0.87068 0.36845
vt 0.87258 0.36262
vt 0.87358 0.35954
vt 0.87279 0.39036
vt 0.87741 0.38128
vt 0.88164 0.37299
vt 0.88442 0.36753
vt 0.88589 0.36464
vt 0.87251 0.40566
vt 0.87762 0.41002
vt 0.88198 0.41513
vt 0.88549 0.42086
vt 0.88807 0.42707
vt 0.88963 0.43361
vt 0.88029 0.39496
vt 0.88627 0.38671
vt 0.89175 0.37918
vt 0.89535 0.37423
vt 0.89725 0.37160
vt 0.88697 0.40067
vt 0.89418 0.39346
vt 0.90076 0.38688
vt 0.90509 0.38255
vt 0.90739 0.38026
vt 0.89269 0.40736
vt 0.90093 0.40137
vt 0.90846 0.39590
vt 0.91342 0.39230
vt 0.91604 0.39039
vt 0.89728 0.41486
vt 0.90636 0.41023
vt 0.91465 0.40601
vt 0.92011 0.40322
vt 0.92300 0.40175
vt 0.90065 0.42298
vt 0.91034 0.41983
vt 0.91919 0.41696
vt 0.92502 0.41506
vt 0.92810 0.41406
vt 0.90270 0.43154
vt 0.91277 0.42994
vt 0.92196 0.42849
vt 0.92801 0.42753
vt 0.93121 0.42702
vt 0.93168 0.42695
vt 0.92856 0.41391
vt 0.92343 0.40153
vt 0.91643 0.39011
vt 0.93274 0.44030
vt 0.93168 0.45366
vt 0.92856 0.46669
vt 0.92343 0.47907
vt 0.91643 0.49050
vt 0.90772 0.50069
vt 0.89753 0.50939
vt 0.88611 0.51639
vt 0.87373 0.52152
vt 0.86070 0.52465
vt 0.84734 0.52570
vt 0.83398 0.52465
vt 0.82095 0.52152
vt 0.80857 0.51639
vt 0.79714 0.50939
vt 0.78695 0.50069
vt 0.77825 0.49050
vt 0.77125 0.47907
vt 0.76612 0.46669
vt 0.76299 0.45366
vt 0.76194 0.44030
vt 0.76299 0.42695
vt 0.76612 0.41391
vt 0.77125 0.40153
vt 0.77825 0.39011
vt 0.78695 0.37992
vt 0.79714 0.37122
vt 0.80857 0.36421
vt 0.82095 0.35909
vt 0.83398 0.35596
vt 0.84734 0.35491
vt 0.86070 0.35596
vt 0.87373 0.35909
vt 0.88611 0.36421
vt 0.89753 0.37122
vt 0.90772 0.37992
vt 0.30839 0.90066
vt 0.30839 0.96774
vt 0.31779 0.90066
vt 0.31779 0.96774
vt 0.32719 0.90066
vt 0.32719 0.96774
vt 0.33659 0.90066
vt 0.33659 0.96774
vt 0.34600 0.90066
vt 0.34600 0.96774
vt 0.35540 0.90066
vt 0.35540 0.96774
vt 0.36480 0.90066
vt 0.36480 0.96774
vt 0.37421 0.90066
vt 0.37421 0.96774
vt 0.38361 0.90066
vt 0.38361 0.96774
vt 0.39301 0.90066
vt 0.39301 0.96774
vt 0.32719 0.90019
vt 0.33659 0.90019
vt 0.32719 0.89985
vt 0.31779 0.89985
vt 0.31779 0.89972
vt 0.30839 0.89972
vt 0.31779 0.89418
vt 0.30839 0.89418
vt 0.32719 0.89418
vt 0.32719 0.89972
vt 0.33659 0.89418
vt 0.33659 0.89972
vt 0.34600 0.89418
vt 0.34600 0.89972
vt 0.35540 0.89418
vt 0.35540 0.89972
vt 0.36480 0.89418
vt 0.36480 0.89972
vt 0.37421 0.89418
vt 0.37421 0.89972
vt 0.38361 0.89418
vt 0.38361 0.89972
vt 0.39301 0.89418
vt 0.39301 0.89972
vt 0.33659 0.89985
vt 0.34600 0.90019
vt 0.34600 0.89985
vt 0.35540 0.89985
vt 0.35540 0.90019
vt 0.36480 0.89985
vt 0.36480 0.90019
vt 0.37421 0.89985
vt 0.37421 0.90019
vt 0.38361 0.89985
vt 0.38361 0.90019
vt 0.39301 0.89985
vt 0.39301 0.90019
vt 0.01690 0.90066
vt 0.01690 0.96774
vt 0.02630 0.90066
vt 0.02630 0.96774
vt 0.03570 0.90066
vt 0.03570 0.96774
vt 0.04510 0.90066
vt 0.04510 0.96774
vt 0.05451 0.90066
vt 0.05451 0.96774
vt 0.06391 0.90066
vt 0.06391 0.96774
vt 0.07331 0.90066
vt 0.07331 0.96774
vt 0.08272 0.90066
vt 0.08272 0.96774
vt 0.09212 0.90066
vt 0.09212 0.96774
vt 0.10152 0.90066
vt 0.10152 0.96774
vt 0.11092 0.90066
vt 0.11092 0.96774
vt 0.12033 0.90066
vt 0.12033 0.96774
vt 0.12973 0.90066
vt 0.12973 0.96774
vt 0.13913 0.90066
vt 0.13913 0.96774
vt 0.14854 0.90066
vt 0.14854 0.96774
vt 0.15794 0.90066
vt 0.15794 0.96774
vt 0.16734 0.90066
vt 0.16734 0.96774
vt 0.17674 0.90066
vt 0.17674 0.96774
vt 0.18615 0.90066
vt 0.18615 0.96774
vt 0.19555 0.90066
vt 0.19555 0.96774
vt 0.20495 0.90066
vt 0.20495 0.96774
vt 0.21436 0.90066
vt 0.21436 0.96774
vt 0.22376 0.90066
vt 0.22376 0.96774
vt 0.23316 0.90066
vt 0.23316 0.96774
vt 0.24256 0.90066
vt 0.24256 0.96774
vt 0.25197 0.90066
vt 0.25197 0.96774
vt 0.26137 0.90066
vt 0.26137 0.96774
vt 0.27077 0.90066
vt 0.27077 0.96774
vt 0.28018 0.90066
vt 0.28018 0.96774
vt 0.28958 0.90066
vt 0.28958 0.96774
vt 0.29898 0.90066
vt 0.29898 0.96774
vt 0.24256 0.90019
vt 0.25197 0.90019
vt 0.24256 0.89985
vt 0.23316 0.89985
vt 0.23316 0.89972
vt 0.22376 0.89972
vt 0.23316 0.89418
vt 0.22376 0.89418
vt 0.21436 0.89972
vt 0.21436 0.89418
vt 0.20495 0.89972
vt 0.20495 0.89418
vt 0.19555 0.89972
vt 0.19555 0.89418
vt 0.18615 0.89972
vt 0.18615 0.89418
vt 0.17674 0.89972
vt 0.17674 0.89418
vt 0.16734 0.89972
vt 0.16734 0.89418
vt 0.15794 0.89972
vt 0.15794 0.89418
vt 0.14854 0.89972
vt 0.14854 0.89418
vt 0.13913 0.89972
vt 0.13913 0.89418
vt 0.12973 0.89972
vt 0.12973 0.89418
vt 0.12033 0.89972
vt 0.12033 0.89418
vt 0.11092 0.89972
vt 0.11092 0.89418
vt 0.10152 0.89972
vt 0.10152 0.89418
vt 0.09212 0.89972
vt 0.09212 0.89418
vt 0.08272 0.89972
vt 0.08272 0.89418
vt 0.07331 0.89972
vt 0.07331 0.89418
vt 0.06391 0.89972
vt 0.06391 0.89418
vt 0.05451 0.89972
vt 0.05451 0.89418
vt 0.04510 0.89972
vt 0.04510 0.89418
vt 0.03570 0.89972
vt 0.03570 0.89418
vt 0.02630 0.89972
vt 0.02630 0.89418
vt 0.01690 0.89972
vt 0.01690 0.89418
vt 0.02630 0.89985
vt 0.01690 0.89985
vt 0.02630 0.90019
vt 0.01690 0.90019
vt 0.03570 0.89985
vt 0.03570 0.90019
vt 0.04510 0.89985
vt 0.04510 0.90019
vt 0.05451 0.89985
vt 0.05451 0.90019
vt 0.06391 0.89985
vt 0.06391 0.90019
vt 0.07331 0.89985
vt 0.07331 0.90019
vt 0.08272 0.89985
vt 0.08272 0.90019
vt 0.09212 0.89985
vt 0.09212 0.90019
vt 0.10152 0.89985
vt 0.10152 0.90019
vt 0.11092 0.89985
vt 0.11092 0.90019
vt 0.12033 0.89985
vt 0.12033 0.90019
vt 0.12973 0.89985
vt 0.12973 0.90019
vt 0.13913 0.89985
vt 0.13913 0.90019
vt 0.14854 0.89985
vt 0.14854 0.90019
vt 0.15794 0.89985
vt 0.15794 0.90019
vt 0.16734 0.89985
vt 0.16734 0.90019
vt 0.17674 0.89985
vt 0.17674 0.90019
vt 0.18615 0.89985
vt 0.18615 0.90019
vt 0.19555 0.89985
vt 0.19555 0.90019
vt 0.20495 0.89985
vt 0.20495 0.90019
vt 0.21436 0.89985
vt 0.21436 0.90019
vt 0.22376 0.89985
vt 0.22376 0.90019
vt 0.23316 0.90019
vt 0.24256 0.89972
vt 0.24256 0.89418
vt 0.25197 0.89418
vt 0.25197 0.89972
vt 0.26137 0.89418
vt 0.26137 0.89972
vt 0.27077 0.89418
vt 0.27077 0.89972
vt 0.28018 0.89418
vt 0.28018 0.89972
vt 0.28958 0.89418
vt 0.28958 0.89972
vt 0.29898 0.89418
vt 0.29898 0.89972
vt 0.26137 0.89985
vt 0.25197 0.89985
vt 0.26137 0.90019
vt 0.27077 0.90019
vt 0.27077 0.89985
vt 0.28018 0.89985
vt 0.28018 0.90019
vt 0.28958 0.89985
vt 0.28958 0.90019
vt 0.29898 0.89985
vt 0.29898 0.90019
vt 0.30839 0.89985
vt 0.31779 0.90019
vt 0.30839 0.90019
vt 0.31779 0.89315
vt 0.31779 0.87536
vt 0.30839 0.89315
vt 0.30839 0.87536
vt 0.32719 0.87536
vt 0.32719 0.89315
vt 0.33659 0.87536
vt 0.33659 0.89315
vt 0.34600 0.87536
vt 0.34600 0.89315
vt 0.35540 0.87536
vt 0.35540 0.89315
vt 0.36480 0.87536
vt 0.36480 0.89315
vt 0.37421 0.87536
vt 0.37421 0.89315
vt 0.38361 0.87536
vt 0.38361 0.89315
vt 0.39301 0.87536
vt 0.39301 0.89315
vt 0.33659 0.89365
vt 0.32719 0.89365
vt 0.31779 0.89365
vt 0.30839 0.89365
vt 0.31779 0.89406
vt 0.30839 0.89406
vt 0.32719 0.89406
vt 0.33659 0.89406
vt 0.34600 0.89406
vt 0.34600 0.89365
vt 0.35540 0.89365
vt 0.35540 0.89406
vt 0.36480 0.89365
vt 0.36480 0.89406
vt 0.37421 0.89365
vt 0.37421 0.89406
vt 0.38361 0.89365
vt 0.38361 0.89406
vt 0.39301 0.89365
vt 0.39301 0.89406
vt 0.02630 0.89315
vt 0.02630 0.87536
vt 0.01690 0.89315
vt 0.01690 0.87536
vt 0.03570 0.87536
vt 0.03570 0.89315
vt 0.04510 0.87536
vt 0.04510 0.89315
vt 0.05451 0.87536
vt 0.05451 0.89315
vt 0.06391 0.87536
vt 0.06391 0.89315
vt 0.07331 0.87536
vt 0.07331 0.89315
vt 0.08272 0.87536
vt 0.08272 0.89315
vt 0.09212 0.87536
vt 0.09212 0.89315
vt 0.10152 0.87536
vt 0.10152 0.89315
vt 0.11092 0.87536
vt 0.11092 0.89315
vt 0.12033 0.87536
vt 0.12033 0.89315
vt 0.12973 0.87536
vt 0.12973 0.89315
vt 0.13913 0.87536
vt 0.13913 0.89315
vt 0.14854 0.87536
vt 0.14854 0.89315
vt 0.15794 0.87536
vt 0.15794 0.89315
vt 0.16734 0.87536
vt 0.16734 0.89315
vt 0.17674 0.87536
vt 0.17674 0.89315
vt 0.18615 0.87536
vt 0.18615 0.89315
vt 0.19555 0.87536
vt 0.19555 0.89315
vt 0.20495 0.87536
vt 0.20495 0.89315
vt 0.21436 0.87536
vt 0.21436 0.89315
vt 0.22376 0.87536
vt 0.22376 0.89315
vt 0.23316 0.87536
vt 0.23316 0.89315
vt 0.24256 0.87536
vt 0.24256 0.89315
vt 0.25197 0.87536
vt 0.25197 0.89315
vt 0.26137 0.87536
vt 0.26137 0.89315
vt 0.27077 0.87536
vt 0.27077 0.89315
vt 0.28018 0.87536
vt 0.28018 0.89315
vt 0.28958 0.87536
vt 0.28958 0.89315
vt 0.29898 0.87536
vt 0.29898 0.89315
vt 0.25197 0.89365
vt 0.24256 0.89365
vt 0.23316 0.89365
vt 0.22376 0.89365
vt 0.21436 0.89365
vt 0.20495 0.89365
vt 0.19555 0.89365
vt 0.18615 0.89365
vt 0.17674 0.89365
vt 0.16734 0.89365
vt 0.15794 0.89365
vt 0.14854 0.89365
vt 0.13913 0.89365
vt 0.12973 0.89365
vt 0.12033 0.89365
vt 0.11092 0.89365
vt 0.10152 0.89365
vt 0.09212 0.89365
vt 0.08272 0.89365
vt 0.07331 0.89365
vt 0.06391 0.89365
vt 0.05451 0.89365
vt 0.04510 0.89365
vt 0.03570 0.89365
vt 0.02630 0.89365
vt 0.01690 0.89365
vt 0.02630 0.89406
vt 0.01690 0.89406
vt 0.03570 0.89406
vt 0.04510 0.89406
vt 0.05451 0.89406
vt 0.06391 0.89406
vt 0.07331 0.89406
vt 0.08272 0.89406
vt 0.09212 0.89406
vt 0.10152 0.89406
vt 0.11092 0.89406
vt 0.12033 0.89406
vt 0.12973 0.89406
vt 0.13913 0.89406
vt 0.14854 0.89406
vt 0.15794 0.89406
vt 0.16734 0.89406
vt 0.17674 0.89406
vt 0.18615 0.89406
vt 0.19555 0.89406
vt 0.20495 0.89406
vt 0.21436 0.89406
vt 0.22376 0.89406
vt 0.23316 0.89406
vt 0.24256 0.89406
vt 0.25197 0.89406
vt 0.26137 0.89406
vt 0.26137 0.89365
vt 0.27077 0.89365
vt 0.27077 0.89406
vt 0.28018 0.89365
vt 0.28018 0.89406
vt 0.28958 0.89365
vt 0.28958 0.89406
vt 0.29898 0.89365
vt 0.29898 0.89406
vt 0.25197 0.96867
vt 0.26137 0.96867
vt 0.24256 0.96867
vt 0.23316 0.96867
vt 0.22376 0.96867
vt 0.21436 0.96867
vt 0.20495 0.96867
vt 0.19555 0.96867
vt 0.18615 0.96867
vt 0.17674 0.96867
vt 0.16734 0.96867
vt 0.15794 0.96867
vt 0.14854 0.96867
vt 0.13913 0.96867
vt 0.12973 0.96867
vt 0.12033 0.96867
vt 0.11092 0.96867
vt 0.10152 0.96867
vt 0.09212 0.96867
vt 0.08272 0.96867
vt 0.07331 0.96867
vt 0.06391 0.96867
vt 0.05451 0.96867
vt 0.04510 0.96867
vt 0.03570 0.96867
vt 0.02630 0.96867
vt 0.01690 0.96867
vt 0.38361 0.96867
vt 0.39301 0.96867
vt 0.37421 0.96867
vt 0.36480 0.96867
vt 0.35540 0.96867
vt 0.34600 0.96867
vt 0.33659 0.96867
vt 0.32719 0.96867
vt 0.31779 0.96867
vt 0.30839 0.96867
vt 0.29898 0.96867
vt 0.28958 0.96867
vt 0.28018 0.96867
vt 0.27077 0.96867
vt 0.42546 0.08600
vt 0.42546 0.22200
vt 0.44254 0.08600
vt 0.44254 0.22200
vt 0.45961 0.08600
vt 0.45961 0.22200
vt 0.47153 0.08600
vt 0.47568 0.09047
vt 0.47568 0.21674
vt 0.47167 0.22200
vt 0.45961 0.26360
vt 0.47579 0.22673
vt 0.47668 0.26360
vt 0.47668 0.26579
vt 0.45961 0.26579
vt 0.44254 0.26360
vt 0.44254 0.26579
vt 0.42546 0.26360
vt 0.42546 0.26579
vt 0.40839 0.26360
vt 0.40839 0.26579
vt 0.39131 0.26360
vt 0.39131 0.26579
vt 0.37424 0.26360
vt 0.37424 0.26579
vt 0.35717 0.26360
vt 0.35717 0.26579
vt 0.34009 0.26360
vt 0.34009 0.26579
vt 0.32302 0.26360
vt 0.32302 0.26579
vt 0.30594 0.26360
vt 0.30594 0.26579
vt 0.28887 0.26360
vt 0.28887 0.26579
vt 0.27180 0.26360
vt 0.27180 0.26579
vt 0.25472 0.26360
vt 0.25472 0.26579
vt 0.23765 0.26360
vt 0.23765 0.26579
vt 0.22058 0.26360
vt 0.22058 0.26579
vt 0.20350 0.26360
vt 0.20350 0.26579
vt 0.18643 0.26360
vt 0.18643 0.26579
vt 0.16935 0.26360
vt 0.16935 0.26579
vt 0.15228 0.26360
vt 0.15228 0.26579
vt 0.13521 0.26360
vt 0.13521 0.26579
vt 0.11813 0.26360
vt 0.11813 0.26579
vt 0.10106 0.26360
vt 0.10106 0.26579
vt 0.08398 0.26360
vt 0.08398 0.26579
vt 0.06691 0.26360
vt 0.06691 0.26579
vt 0.04984 0.26360
vt 0.04984 0.26579
vt 0.03276 0.26360
vt 0.03276 0.26579
vt 0.01569 0.26360
vt 0.01569 0.26579
vt 0.13431 0.22659
vt 0.13004 0.22200
vt 0.11813 0.22200
vt 0.13420 0.09047
vt 0.13005 0.08600
vt 0.11813 0.08600
vt 0.13420 0.21701
vt 0.10106 0.22200
vt 0.10106 0.08600
vt 0.08398 0.22200
vt 0.08398 0.08600
vt 0.10106 0.05144
vt 0.08398 0.05144
vt 0.07206 0.08600
vt 0.06778 0.08088
vt 0.06691 0.05144
vt 0.11813 0.05144
vt 0.13434 0.08088
vt 0.13521 0.05144
vt 0.04984 0.05144
vt 0.06339 0.08400
vt 0.04983 0.08400
vt 0.03275 0.08400
vt 0.04983 0.08651
vt 0.03275 0.08651
vt 0.01568 0.08400
vt 0.01568 0.08651
vt 0.01568 0.08831
vt 0.03275 0.08831
vt 0.03275 0.09000
vt 0.01568 0.09000
vt 0.04983 0.09000
vt 0.04983 0.08831
vt 0.03276 0.05144
vt 0.01569 0.05144
vt 0.01569 0.04771
vt 0.03276 0.04771
vt 0.01569 0.04455
vt 0.03276 0.04455
vt 0.01569 0.04244
vt 0.03276 0.04244
vt 0.04984 0.04455
vt 0.04984 0.04244
vt 0.04984 0.04771
vt 0.06691 0.04455
vt 0.06691 0.04244
vt 0.06691 0.04771
vt 0.08398 0.04455
vt 0.08398 0.04244
vt 0.08398 0.04771
vt 0.10106 0.04455
vt 0.10106 0.04244
vt 0.10106 0.04771
vt 0.11813 0.04455
vt 0.11813 0.04244
vt 0.11813 0.04771
vt 0.13521 0.04455
vt 0.13521 0.04244
vt 0.13521 0.04771
vt 0.15228 0.04455
vt 0.15228 0.04244
vt 0.15228 0.05144
vt 0.13872 0.08400
vt 0.15227 0.08400
vt 0.16935 0.05144
vt 0.16934 0.08400
vt 0.16934 0.08651
vt 0.18642 0.08651
vt 0.18642 0.08400
vt 0.20349 0.08651
vt 0.20349 0.08400
vt 0.22056 0.08651
vt 0.22056 0.08400
vt 0.15227 0.08651
vt 0.15227 0.08831
vt 0.16934 0.08831
vt 0.16934 0.09000
vt 0.15227 0.09000
vt 0.18642 0.09000
vt 0.18642 0.08831
vt 0.20349 0.09000
vt 0.20349 0.08831
vt 0.22056 0.09000
vt 0.22056 0.08831
vt 0.20350 0.05144
vt 0.22058 0.05144
vt 0.23413 0.08400
vt 0.23852 0.08088
vt 0.23765 0.05144
vt 0.25472 0.05144
vt 0.24280 0.08600
vt 0.25472 0.08600
vt 0.27180 0.05144
vt 0.27180 0.08600
vt 0.25472 0.22200
vt 0.27180 0.22200
vt 0.28887 0.08600
vt 0.28887 0.22200
vt 0.30079 0.08600
vt 0.30494 0.09047
vt 0.30078 0.22200
vt 0.30494 0.21701
vt 0.30505 0.22659
vt 0.28887 0.05144
vt 0.30507 0.08088
vt 0.30594 0.05144
vt 0.32302 0.05144
vt 0.30946 0.08400
vt 0.32301 0.08400
vt 0.34009 0.05144
vt 0.34008 0.08400
vt 0.34008 0.08651
vt 0.35716 0.08651
vt 0.35716 0.08400
vt 0.37423 0.08651
vt 0.37423 0.08400
vt 0.39130 0.08651
vt 0.39130 0.08400
vt 0.32301 0.08651
vt 0.32301 0.08831
vt 0.34008 0.08831
vt 0.34008 0.09000
vt 0.32301 0.09000
vt 0.35716 0.09000
vt 0.35716 0.08831
vt 0.37423 0.09000
vt 0.37423 0.08831
vt 0.39130 0.09000
vt 0.39130 0.08831
vt 0.37424 0.05144
vt 0.39131 0.05144
vt 0.40486 0.08400
vt 0.40926 0.08088
vt 0.40839 0.05144
vt 0.42546 0.05144
vt 0.41354 0.08600
vt 0.44254 0.05144
vt 0.45961 0.05144
vt 0.47581 0.08088
vt 0.47668 0.05144
vt 0.49376 0.05144
vt 0.48021 0.08400
vt 0.49375 0.08400
vt 0.51083 0.05144
vt 0.51082 0.08400
vt 0.51082 0.08651
vt 0.52789 0.08651
vt 0.52789 0.08400
vt 0.54497 0.08651
vt 0.54497 0.08400
vt 0.56204 0.08651
vt 0.56204 0.08400
vt 0.49375 0.08651
vt 0.49375 0.08831
vt 0.51082 0.08831
vt 0.51082 0.09000
vt 0.49375 0.09000
vt 0.52789 0.09000
vt 0.52789 0.08831
vt 0.54497 0.09000
vt 0.54497 0.08831
vt 0.56204 0.09000
vt 0.56204 0.08831
vt 0.56205 0.05144
vt 0.54498 0.05144
vt 0.57560 0.08400
vt 0.58000 0.08088
vt 0.57913 0.05144
vt 0.59620 0.05144
vt 0.58428 0.08600
vt 0.59620 0.08600
vt 0.61327 0.05144
vt 0.61327 0.08600
vt 0.59620 0.22200
vt 0.61327 0.22200
vt 0.63035 0.08600
vt 0.63035 0.22200
vt 0.64227 0.08600
vt 0.64642 0.09047
vt 0.64226 0.22200
vt 0.64642 0.21693
vt 0.63035 0.26360
vt 0.64653 0.22659
vt 0.64742 0.26360
vt 0.64742 0.26579
vt 0.63035 0.26579
vt 0.61327 0.26360
vt 0.61327 0.26579
vt 0.59620 0.26360
vt 0.59620 0.26579
vt 0.57913 0.26360
vt 0.57913 0.26579
vt 0.56205 0.26360
vt 0.56205 0.26579
vt 0.54498 0.26360
vt 0.54498 0.26579
vt 0.52790 0.26360
vt 0.52790 0.26579
vt 0.66450 0.26579
vt 0.66450 0.26360
vt 0.68157 0.26579
vt 0.68157 0.26360
vt 0.69864 0.26579
vt 0.69864 0.26360
vt 0.51083 0.26360
vt 0.51083 0.26579
vt 0.49376 0.26360
vt 0.49376 0.26579
vt 0.69863 0.22300
vt 0.68156 0.22300
vt 0.68156 0.22097
vt 0.69863 0.22097
vt 0.66448 0.22097
vt 0.66448 0.22300
vt 0.51082 0.22300
vt 0.52789 0.22300
vt 0.51082 0.22097
vt 0.52789 0.22097
vt 0.54497 0.22300
vt 0.54497 0.22097
vt 0.56204 0.22300
vt 0.56204 0.22097
vt 0.49375 0.22097
vt 0.49375 0.22300
vt 0.57642 0.22300
vt 0.58002 0.22660
vt 0.56204 0.21805
vt 0.54497 0.21805
vt 0.54497 0.21700
vt 0.52789 0.21700
vt 0.52789 0.21805
vt 0.51082 0.21700
vt 0.51082 0.21805
vt 0.49375 0.21700
vt 0.49375 0.21805
vt 0.56204 0.21700
vt 0.48526 0.21805
vt 0.48676 0.21700
vt 0.48419 0.21666
vt 0.48600 0.21607
vt 0.48518 0.21426
vt 0.48299 0.21478
vt 0.48431 0.21232
vt 0.48167 0.21294
vt 0.48152 0.09338
vt 0.47694 0.09177
vt 0.47870 0.08961
vt 0.48281 0.09173
vt 0.48042 0.08771
vt 0.48407 0.08990
vt 0.48282 0.08651
vt 0.48511 0.08831
vt 0.47698 0.21566
vt 0.48382 0.09411
vt 0.48647 0.09000
vt 0.47628 0.08789
vt 0.47791 0.08587
vt 0.48558 0.09083
vt 0.47828 0.21749
vt 0.47619 0.21947
vt 0.47992 0.21949
vt 0.47796 0.22145
vt 0.47996 0.22300
vt 0.48168 0.22097
vt 0.47577 0.22365
vt 0.47397 0.22195
vt 0.54498 0.26579
vt 0.52790 0.26579
vt 0.54498 0.26360
vt 0.52790 0.26360
vt 0.56205 0.26360
vt 0.56205 0.26579
vt 0.57913 0.26360
vt 0.57913 0.26579
vt 0.59620 0.26360
vt 0.59620 0.26579
vt 0.61327 0.26360
vt 0.61327 0.26579
vt 0.63035 0.26360
vt 0.63035 0.26579
vt 0.64742 0.26360
vt 0.64742 0.26579
vt 0.66450 0.26360
vt 0.66450 0.26579
vt 0.68157 0.26360
vt 0.68157 0.26579
vt 0.69864 0.26360
vt 0.69864 0.26579
vt 0.69864 0.26579
vt 0.68157 0.26579
vt 0.66450 0.26579
vt 0.64742 0.26579
vt 0.63035 0.26579
vt 0.61327 0.26579
vt 0.59620 0.26579
vt 0.57913 0.26579
vt 0.56205 0.26579
vt 0.54498 0.26579
vt 0.52790 0.26579
vt 0.51083 0.26579
vt 0.51083 0.26360
vt 0.49376 0.26579
vt 0.49376 0.26360
vt 0.47668 0.26579
vt 0.47668 0.26360
vt 0.45961 0.26579
vt 0.45961 0.26360
vt 0.44254 0.26579
vt 0.44254 0.26360
vt 0.42546 0.26579
vt 0.42546 0.26360
vt 0.40839 0.26579
vt 0.40839 0.26360
vt 0.39131 0.26579
vt 0.39131 0.26360
vt 0.37424 0.26579
vt 0.37424 0.26360
vt 0.35717 0.26579
vt 0.35717 0.26360
vt 0.34009 0.26579
vt 0.34009 0.26360
vt 0.32302 0.26579
vt 0.32302 0.26360
vt 0.30594 0.26579
vt 0.30594 0.26360
vt 0.28887 0.26579
vt 0.28887 0.26360
vt 0.27180 0.26579
vt 0.27180 0.26360
vt 0.25472 0.26579
vt 0.25472 0.26360
vt 0.23765 0.26579
vt 0.23765 0.26360
vt 0.22058 0.26579
vt 0.22058 0.26360
vt 0.20350 0.26579
vt 0.20350 0.26360
vt 0.18643 0.26579
vt 0.18643 0.26360
vt 0.16935 0.26579
vt 0.16935 0.26360
vt 0.15228 0.26579
vt 0.15228 0.26360
vt 0.13521 0.26579
vt 0.13521 0.26360
vt 0.11813 0.26579
vt 0.11813 0.26360
vt 0.10106 0.26579
vt 0.10106 0.26360
vt 0.08398 0.26579
vt 0.08398 0.26360
vt 0.06691 0.26579
vt 0.06691 0.26360
vt 0.04984 0.26579
vt 0.04984 0.26360
vt 0.03276 0.26579
vt 0.03276 0.26360
vt 0.01569 0.26579
vt 0.01569 0.26360
vt 0.13521 0.26579
vt 0.11813 0.26579
vt 0.10106 0.26579
vt 0.08398 0.26579
vt 0.06691 0.26579
vt 0.04984 0.26579
vt 0.03276 0.26579
vt 0.01569 0.26579
vt 0.15228 0.26579
vt 0.16935 0.26579
vt 0.18643 0.26579
vt 0.20350 0.26579
vt 0.22058 0.26579
vt 0.23765 0.26579
vt 0.25472 0.26579
vt 0.27180 0.26579
vt 0.28887 0.26579
vt 0.30594 0.26579
vt 0.32302 0.26579
vt 0.34009 0.26579
vt 0.35717 0.26579
vt 0.37424 0.26579
vt 0.39131 0.26579
vt 0.40839 0.26579
vt 0.42546 0.26579
vt 0.44254 0.26579
vt 0.45961 0.26579
vt 0.47668 0.26579
vt 0.49376 0.26579
vt 0.51083 0.26579
vt 0.69863 0.08400
vt 0.68156 0.08400
vt 0.69863 0.08651
vt 0.68156 0.08651
vt 0.66448 0.08400
vt 0.66448 0.08651
vt 0.66448 0.08831
vt 0.68156 0.08831
vt 0.68156 0.09000
vt 0.69863 0.09000
vt 0.69863 0.08831
vt 0.66448 0.09000
vt 0.68157 0.05144
vt 0.66450 0.05144
vt 0.65094 0.08400
vt 0.64655 0.08088
vt 0.64742 0.05144
vt 0.63035 0.05144
vt 0.61327 0.04771
vt 0.59620 0.04771
vt 0.57913 0.04771
vt 0.56205 0.04771
vt 0.54498 0.04771
vt 0.54498 0.04455
vt 0.56205 0.04455
vt 0.54498 0.04244
vt 0.56205 0.04244
vt 0.57913 0.04455
vt 0.57913 0.04244
vt 0.59620 0.04455
vt 0.59620 0.04244
vt 0.61327 0.04455
vt 0.61327 0.04244
vt 0.63035 0.04455
vt 0.63035 0.04244
vt 0.63035 0.04771
vt 0.64742 0.04455
vt 0.64742 0.04244
vt 0.64742 0.04771
vt 0.66450 0.04455
vt 0.66450 0.04244
vt 0.66450 0.04771
vt 0.68157 0.04455
vt 0.68157 0.04244
vt 0.68157 0.04771
vt 0.69864 0.04455
vt 0.69864 0.04244
vt 0.69864 0.05144
vt 0.69864 0.04771
vt 0.39130 0.22097
vt 0.37423 0.22097
vt 0.39130 0.22300
vt 0.37423 0.22300
vt 0.35716 0.22097
vt 0.35716 0.22300
vt 0.34008 0.22097
vt 0.34008 0.22300
vt 0.32301 0.22097
vt 0.32301 0.22300
vt 0.40486 0.22300
vt 0.40928 0.22660
vt 0.35716 0.21805
vt 0.37423 0.21805
vt 0.35716 0.21700
vt 0.34008 0.21700
vt 0.34008 0.21805
vt 0.32301 0.21700
vt 0.32301 0.21805
vt 0.37423 0.21700
vt 0.39130 0.21805
vt 0.39130 0.21700
vt 0.31450 0.21805
vt 0.31576 0.21700
vt 0.31337 0.21672
vt 0.31497 0.21605
vt 0.31413 0.21430
vt 0.31214 0.21485
vt 0.31325 0.21247
vt 0.31093 0.21297
vt 0.31307 0.09444
vt 0.31078 0.09339
vt 0.30620 0.09177
vt 0.30796 0.08954
vt 0.31207 0.09182
vt 0.30968 0.08764
vt 0.31331 0.08997
vt 0.31249 0.08651
vt 0.31438 0.08831
vt 0.30625 0.21571
vt 0.31564 0.09000
vt 0.30554 0.08789
vt 0.30716 0.08587
vt 0.31482 0.09085
vt 0.31397 0.09261
vt 0.30488 0.08387
vt 0.30374 0.08545
vt 0.22056 0.22097
vt 0.20349 0.22097
vt 0.22056 0.22300
vt 0.20349 0.22300
vt 0.18642 0.22097
vt 0.18642 0.22300
vt 0.16934 0.22097
vt 0.16934 0.22300
vt 0.15227 0.22097
vt 0.15228 0.22300
vt 0.23413 0.22300
vt 0.23854 0.22660
vt 0.18642 0.21805
vt 0.20349 0.21805
vt 0.18642 0.21700
vt 0.16934 0.21700
vt 0.16934 0.21805
vt 0.15227 0.21700
vt 0.15227 0.21805
vt 0.20349 0.21700
vt 0.22056 0.21805
vt 0.22056 0.21700
vt 0.14368 0.21805
vt 0.14518 0.21700
vt 0.14255 0.21667
vt 0.14438 0.21594
vt 0.14354 0.21419
vt 0.14131 0.21482
vt 0.14266 0.21236
vt 0.14008 0.21296
vt 0.14236 0.09476
vt 0.14006 0.09348
vt 0.13547 0.21571
vt 0.13546 0.09177
vt 0.13714 0.08947
vt 0.14126 0.09194
vt 0.13886 0.08757
vt 0.14249 0.09008
vt 0.14167 0.08651
vt 0.14363 0.08831
vt 0.14498 0.09000
vt 0.13479 0.08789
vt 0.13642 0.08587
vt 0.14415 0.09108
vt 0.14328 0.09288
vt 0.13413 0.08387
vt 0.13185 0.08555
vt 0.04983 0.22097
vt 0.03275 0.22097
vt 0.04983 0.22300
vt 0.03275 0.22300
vt 0.01568 0.22097
vt 0.01568 0.22300
vt 0.06339 0.22300
vt 0.06781 0.22660
vt 0.04983 0.21805
vt 0.03275 0.21805
vt 0.01568 0.21805
vt 0.03275 0.21700
vt 0.01568 0.21700
vt 0.04983 0.21700
vt 0.07208 0.22200
vt 0.06791 0.09047
vt 0.06791 0.21701
vt 0.06690 0.21571
vt 0.06546 0.21768
vt 0.06758 0.21980
vt 0.06571 0.22158
vt 0.06371 0.21957
vt 0.06118 0.22097
vt 0.06690 0.09177
vt 0.06212 0.21283
vt 0.06212 0.09338
vt 0.06474 0.08956
vt 0.06092 0.09174
vt 0.06309 0.08760
vt 0.05966 0.08990
vt 0.06037 0.08651
vt 0.05850 0.08831
vt 0.05973 0.21235
vt 0.06093 0.21475
vt 0.05882 0.21423
vt 0.05969 0.21660
vt 0.05796 0.21600
vt 0.05715 0.21700
vt 0.05853 0.21805
vt 0.05973 0.09430
vt 0.05713 0.09000
vt 0.06566 0.08591
vt 0.06740 0.08784
vt 0.07028 0.08554
vt 0.06798 0.08387
vt 0.41355 0.22200
vt 0.40939 0.09047
vt 0.40939 0.21701
vt 0.40812 0.21571
vt 0.40676 0.21768
vt 0.40904 0.21973
vt 0.40716 0.22159
vt 0.40504 0.21958
vt 0.40312 0.22097
vt 0.40809 0.09177
vt 0.40342 0.09338
vt 0.40349 0.21297
vt 0.40117 0.21252
vt 0.40079 0.09431
vt 0.40213 0.09176
vt 0.39995 0.09256
vt 0.40088 0.08990
vt 0.39912 0.09084
vt 0.39831 0.09000
vt 0.39985 0.08831
vt 0.40164 0.08651
vt 0.40464 0.08752
vt 0.40712 0.08591
vt 0.40628 0.08948
vt 0.40885 0.08785
vt 0.41175 0.08554
vt 0.40945 0.08387
vt 0.69863 0.21805
vt 0.68156 0.21805
vt 0.66448 0.21805
vt 0.68156 0.21700
vt 0.66448 0.21700
vt 0.69863 0.21700
vt 0.65588 0.21805
vt 0.65215 0.22097
vt 0.65477 0.21658
vt 0.65059 0.21960
vt 0.65355 0.21467
vt 0.64894 0.21763
vt 0.65219 0.21288
vt 0.64741 0.21571
vt 0.64741 0.09177
vt 0.65219 0.09336
vt 0.64913 0.08938
vt 0.65364 0.09182
vt 0.65088 0.08748
vt 0.65487 0.09001
vt 0.65386 0.08651
vt 0.65586 0.08831
vt 0.65505 0.09447
vt 0.65493 0.21189
vt 0.65757 0.09000
vt 0.64700 0.08789
vt 0.64862 0.08587
vt 0.65677 0.09085
vt 0.64635 0.08387
vt 0.64521 0.08545
vt 0.65593 0.09262
vt 0.72871 0.20588
vt 0.76584 0.19382
vt 0.72414 0.18684
vt 0.76269 0.18074
vt 0.77099 0.20625
vt 0.73621 0.22398
vt 0.77802 0.21773
vt 0.74644 0.24067
vt 0.78676 0.22796
vt 0.75916 0.25556
vt 0.79699 0.23670
vt 0.77405 0.26828
vt 0.80846 0.24373
vt 0.79074 0.27851
vt 0.82090 0.24888
vt 0.80883 0.28601
vt 0.83398 0.25202
vt 0.82788 0.29058
vt 0.84740 0.25308
vt 0.84740 0.29212
vt 0.86081 0.25202
vt 0.86692 0.29058
vt 0.87390 0.24888
vt 0.88596 0.28601
vt 0.88633 0.24373
vt 0.90405 0.27851
vt 0.89781 0.23670
vt 0.92075 0.26828
vt 0.90804 0.22796
vt 0.93564 0.25556
vt 0.91678 0.21773
vt 0.94836 0.24067
vt 0.92381 0.20625
vt 0.95859 0.22398
vt 0.92896 0.19382
vt 0.96608 0.20588
vt 0.93210 0.18074
vt 0.97066 0.18684
vt 0.93316 0.16732
vt 0.97219 0.16732
vt 0.93210 0.15390
vt 0.97066 0.14780
vt 0.92896 0.14082
vt 0.96608 0.12876
vt 0.92381 0.12839
vt 0.95859 0.11067
vt 0.91678 0.11691
vt 0.94836 0.09397
vt 0.90804 0.10668
vt 0.93564 0.07908
vt 0.89781 0.09794
vt 0.92075 0.06636
vt 0.88633 0.09091
vt 0.90405 0.05613
vt 0.87390 0.08576
vt 0.88596 0.04863
vt 0.86081 0.08262
vt 0.86692 0.04406
vt 0.84740 0.08156
vt 0.84740 0.04253
vt 0.83398 0.08262
vt 0.82788 0.04406
vt 0.82090 0.08576
vt 0.80883 0.04863
vt 0.80846 0.09091
vt 0.79074 0.05613
vt 0.79699 0.09794
vt 0.77405 0.06636
vt 0.78676 0.10668
vt 0.75916 0.07908
vt 0.77802 0.11691
vt 0.74644 0.09397
vt 0.77099 0.12839
vt 0.73621 0.11067
vt 0.76584 0.14082
vt 0.72871 0.12876
vt 0.76269 0.15390
vt 0.72414 0.14780
vt 0.76164 0.16732
vt 0.72260 0.16732
vt 0.80738 0.12730
vt 0.81413 0.12154
vt 0.82171 0.11690
vt 0.82991 0.11350
vt 0.83855 0.11142
vt 0.84740 0.11073
vt 0.85625 0.11142
vt 0.86489 0.11350
vt 0.87309 0.11690
vt 0.88066 0.12154
vt 0.88742 0.12730
vt 0.89318 0.13406
vt 0.89782 0.14163
vt 0.90122 0.14983
vt 0.90329 0.15847
vt 0.90399 0.16732
vt 0.90329 0.17617
vt 0.90122 0.18481
vt 0.89782 0.19301
vt 0.89318 0.20059
vt 0.88742 0.20734
vt 0.88066 0.21311
vt 0.87309 0.21775
vt 0.86489 0.22114
vt 0.85625 0.22322
vt 0.84740 0.22391
vt 0.83855 0.22322
vt 0.82991 0.22114
vt 0.82171 0.21775
vt 0.81413 0.21311
vt 0.80738 0.20734
vt 0.80161 0.20059
vt 0.79697 0.19301
vt 0.79358 0.18481
vt 0.79150 0.17617
vt 0.79081 0.16732
vt 0.79150 0.15847
vt 0.79358 0.14983
vt 0.79697 0.14163
vt 0.80161 0.13406
vt 0.81486 0.17789
vt 0.81361 0.17267
vt 0.81972 0.14721
vt 0.82321 0.14313
vt 0.82729 0.13964
vt 0.83187 0.13684
vt 0.83683 0.13478
vt 0.84205 0.13353
vt 0.84740 0.13311
vt 0.85275 0.13353
vt 0.85797 0.13478
vt 0.86293 0.13684
vt 0.86751 0.13964
vt 0.87159 0.14313
vt 0.87508 0.14721
vt 0.87788 0.15179
vt 0.87994 0.15675
vt 0.88119 0.16197
vt 0.88161 0.16732
vt 0.88119 0.17267
vt 0.87994 0.17789
vt 0.87788 0.18285
vt 0.87508 0.18743
vt 0.87159 0.19151
vt 0.86751 0.19500
vt 0.86293 0.19781
vt 0.85797 0.19986
vt 0.85275 0.20111
vt 0.84740 0.20153
vt 0.84205 0.20111
vt 0.83683 0.19986
vt 0.83187 0.19781
vt 0.82729 0.19500
vt 0.82321 0.19151
vt 0.81972 0.18743
vt 0.81691 0.18285
vt 0.83563 0.17332
vt 0.83483 0.17140
vt 0.83435 0.16939
vt 0.83671 0.17509
vt 0.83806 0.17666
vt 0.83963 0.17801
vt 0.84140 0.17909
vt 0.84332 0.17989
vt 0.84533 0.18037
vt 0.84740 0.18053
vt 0.84946 0.18037
vt 0.85148 0.17989
vt 0.85340 0.17909
vt 0.85516 0.17801
vt 0.85674 0.17666
vt 0.85809 0.17509
vt 0.85917 0.17332
vt 0.85996 0.17140
vt 0.86045 0.16939
vt 0.86061 0.16732
vt 0.86045 0.16525
vt 0.85996 0.16324
vt 0.85917 0.16132
vt 0.85809 0.15956
vt 0.85674 0.15798
vt 0.85516 0.15663
vt 0.85340 0.15555
vt 0.85148 0.15476
vt 0.84946 0.15427
vt 0.84740 0.15411
vt 0.84533 0.15427
vt 0.84332 0.15476
vt 0.84140 0.15555
vt 0.83963 0.15663
vt 0.83806 0.15798
vt 0.83671 0.15956
vt 0.83563 0.16132
vt 0.81691 0.15179
vt 0.81486 0.15675
vt 0.81361 0.16197
vt 0.81318 0.16732
vt 0.83483 0.16324
vt 0.83435 0.16525
vt 0.83419 0.16732
vt 0.18643 0.05144
vt 0.16935 0.04771
vt 0.15228 0.04771
vt 0.16935 0.04455
vt 0.16935 0.04244
vt 0.18643 0.04455
vt 0.18643 0.04244
vt 0.18643 0.04771
vt 0.20350 0.04455
vt 0.20350 0.04244
vt 0.20350 0.04771
vt 0.22058 0.04455
vt 0.22058 0.04244
vt 0.22058 0.04771
vt 0.23765 0.04455
vt 0.23765 0.04244
vt 0.23765 0.04771
vt 0.25472 0.04455
vt 0.25472 0.04244
vt 0.25472 0.04771
vt 0.27180 0.04455
vt 0.27180 0.04244
vt 0.27180 0.04771
vt 0.28887 0.04455
vt 0.28887 0.04244
vt 0.28887 0.04771
vt 0.30594 0.04455
vt 0.30594 0.04244
vt 0.30594 0.04771
vt 0.32302 0.04455
vt 0.32302 0.04244
vt 0.32302 0.04771
vt 0.34009 0.04455
vt 0.34009 0.04244
vt 0.34009 0.04771
vt 0.35717 0.04455
vt 0.35717 0.04244
vt 0.35717 0.05144
vt 0.35717 0.04771
vt 0.37424 0.04455
vt 0.37424 0.04244
vt 0.37424 0.04771
vt 0.39131 0.04455
vt 0.39131 0.04244
vt 0.39131 0.04771
vt 0.40839 0.04455
vt 0.40839 0.04244
vt 0.40839 0.04771
vt 0.42546 0.04455
vt 0.42546 0.04244
vt 0.42546 0.04771
vt 0.44254 0.04455
vt 0.44254 0.04244
vt 0.44254 0.04771
vt 0.45961 0.04455
vt 0.45961 0.04244
vt 0.45961 0.04771
vt 0.47668 0.04455
vt 0.47668 0.04244
vt 0.47668 0.04771
vt 0.49376 0.04455
vt 0.49376 0.04244
vt 0.49376 0.04771
vt 0.51083 0.04455
vt 0.51083 0.04244
vt 0.51083 0.04771
vt 0.52790 0.04455
vt 0.52790 0.04244
vt 0.52790 0.05144
vt 0.52790 0.04771
vt 0.71753 0.20952
vt 0.71253 0.18868
vt 0.72573 0.22931
vt 0.73692 0.24759
vt 0.75084 0.26388
vt 0.76713 0.27780
vt 0.78540 0.28899
vt 0.80520 0.29719
vt 0.82604 0.30219
vt 0.84740 0.30387
vt 0.86876 0.30219
vt 0.88960 0.29719
vt 0.90939 0.28899
vt 0.92766 0.27780
vt 0.94396 0.26388
vt 0.95787 0.24759
vt 0.96907 0.22931
vt 0.97727 0.20952
vt 0.98227 0.18868
vt 0.98395 0.16732
vt 0.98227 0.14596
vt 0.97727 0.12512
vt 0.96907 0.10533
vt 0.95787 0.08706
vt 0.94396 0.07076
vt 0.92766 0.05685
vt 0.90939 0.04565
vt 0.88960 0.03745
vt 0.86876 0.03245
vt 0.84740 0.03077
vt 0.82604 0.03245
vt 0.80520 0.03745
vt 0.78540 0.04565
vt 0.76713 0.05685
vt 0.75084 0.07076
vt 0.73692 0.08706
vt 0.72573 0.10533
vt 0.71753 0.12512
vt 0.71253 0.14596
vt 0.71084 0.16732
vt 0.74766 0.06758
vt 0.76449 0.05321
vt 0.78336 0.04164
vt 0.80381 0.03317
vt 0.82533 0.02800
vt 0.84740 0.02627
vt 0.86946 0.02800
vt 0.89099 0.03317
vt 0.91144 0.04164
vt 0.93031 0.05321
vt 0.94714 0.06758
vt 0.96151 0.08441
vt 0.97308 0.10328
vt 0.98155 0.12373
vt 0.98672 0.14525
vt 0.98845 0.16732
vt 0.98672 0.18939
vt 0.98155 0.21091
vt 0.97308 0.23136
vt 0.96151 0.25023
vt 0.94714 0.26706
vt 0.93031 0.28144
vt 0.91144 0.29300
vt 0.89099 0.30147
vt 0.86946 0.30664
vt 0.84740 0.30837
vt 0.82533 0.30664
vt 0.80381 0.30147
vt 0.78336 0.29300
vt 0.76449 0.28144
vt 0.74766 0.26706
vt 0.73328 0.25023
vt 0.72172 0.23136
vt 0.71325 0.21091
vt 0.70808 0.18939
vt 0.70634 0.16732
vt 0.70808 0.14525
vt 0.71325 0.12373
vt 0.72172 0.10328
vt 0.73328 0.08441
vt 0.30946 0.22300
vt 0.31139 0.22097
vt 0.30928 0.21961
vt 0.30722 0.22154
vt 0.30764 0.21765
vt 0.30516 0.21969
vt 0.30323 0.22193
vt 0.30488 0.22359
vt 0.24282 0.22200
vt 0.23865 0.09047
vt 0.23865 0.21701
vt 0.23738 0.21568
vt 0.23603 0.21768
vt 0.23846 0.21973
vt 0.23643 0.22159
vt 0.23430 0.21957
vt 0.23206 0.22095
vt 0.23735 0.09177
vt 0.23268 0.09338
vt 0.23276 0.21305
vt 0.23044 0.21269
vt 0.23005 0.09432
vt 0.23143 0.09174
vt 0.22920 0.09256
vt 0.23019 0.08990
vt 0.22837 0.09084
vt 0.22756 0.09000
vt 0.22911 0.08831
vt 0.23123 0.08651
vt 0.23391 0.08760
vt 0.23638 0.08591
vt 0.23554 0.08956
vt 0.23811 0.08784
vt 0.23986 0.08544
vt 0.23871 0.08387
vt 0.13873 0.22300
vt 0.14054 0.22097
vt 0.13851 0.21961
vt 0.13647 0.22154
vt 0.13688 0.21764
vt 0.13458 0.21969
vt 0.13267 0.22203
vt 0.13414 0.22359
vt 0.65037 0.22300
vt 0.64867 0.22153
vt 0.64677 0.21945
vt 0.64478 0.22193
vt 0.64635 0.22359
vt 0.58429 0.22200
vt 0.58013 0.09047
vt 0.58013 0.21701
vt 0.57886 0.21571
vt 0.57750 0.21769
vt 0.57986 0.21989
vt 0.57790 0.22159
vt 0.57577 0.21958
vt 0.57419 0.22097
vt 0.57883 0.09177
vt 0.57416 0.09338
vt 0.57423 0.21296
vt 0.57191 0.21272
vt 0.57153 0.09419
vt 0.57288 0.09173
vt 0.57069 0.09251
vt 0.56986 0.09084
vt 0.57162 0.08988
vt 0.56902 0.09000
vt 0.57059 0.08831
vt 0.57255 0.08651
vt 0.57546 0.08760
vt 0.57785 0.08591
vt 0.57710 0.08956
vt 0.57959 0.08784
vt 0.58134 0.08544
vt 0.58018 0.08387
vt 0.22917 0.21810
vt 0.22785 0.21700
vt 0.23029 0.21674
vt 0.23153 0.21495
vt 0.22869 0.21606
vt 0.22956 0.21439
vt 0.39990 0.21805
vt 0.39863 0.21700
vt 0.40101 0.21669
vt 0.40225 0.21487
vt 0.39944 0.21606
vt 0.40028 0.21433
vt 0.57065 0.21805
vt 0.56936 0.21700
vt 0.57172 0.21674
vt 0.57297 0.21491
vt 0.57019 0.21611
vt 0.57104 0.21443
vt 0.65742 0.21700
vt 0.65668 0.21601
vt 0.65585 0.21405
vt 0.05885 0.09256
vt 0.05798 0.09085
vt 0.48470 0.09248
vt 0.40947 0.22360
vt 0.41126 0.22193
vt 0.23872 0.22360
vt 0.24001 0.22202
vt 0.06800 0.22360
vt 0.06963 0.22193
vt 0.58020 0.22360
vt 0.58200 0.22193
vt 0.47561 0.08386
vt 0.47447 0.08544
f 3/3 2/2 1/1
f 3/3 4/4 2/2
f 5/5 4/4 3/3
f 5/5 6/6 4/4
f 7/7 6/6 5/5
f 7/7 8/8 6/6
f 9/9 8/8 7/7
f 9/9 10/10 8/8
f 11/11 10/10 9/9
f 11/11 12/12 10/10
f 13/13 12/12 11/11
f 13/13 14/14 12/12
f 15/15 14/14 13/13
f 15/15 16/16 14/14
f 17/17 16/16 15/15
f 17/17 18/18 16/16
f 19/19 18/18 17/17
f 19/19 20/20 18/18
f 6/6 8/8 21/21
f 6/6 21/21 22/22
f 4/4 6/6 22/22
f 4/4 22/22 23/23
f 2/2 4/4 23/23
f 2/2 23/23 24/24
f 24/24 25/25 2/2
f 1/1 2/2 25/25
f 1/1 25/25 26/26
f 26/26 25/25 27/27
f 26/26 27/27 28/28
f 28/28 27/27 29/29
f 28/28 29/29 30/30
f 30/30 29/29 31/31
f 30/30 31/31 32/32
f 32/32 31/31 33/33
f 32/32 33/33 34/34
f 34/34 33/33 35/35
f 34/34 35/35 36/36
f 36/36 35/35 37/37
f 36/36 37/37 38/38
f 38/38 37/37 39/39
f 38/38 39/39 40/40
f 40/40 39/39 41/41
f 40/40 41/41 42/42
f 42/42 41/41 43/43
f 42/42 43/43 44/44
f 44/44 43/43 45/45
f 44/44 45/45 46/46
f 46/46 45/45 47/47
f 46/46 47/47 48/48
f 48/48 47/47 49/49
f 48/48 49/49 50/50
f 50/50 49/49 51/51
f 50/50 51/51 52/52
f 52/52 51/51 53/53
f 52/52 53/53 54/54
f 54/54 53/53 55/55
f 54/54 55/55 56/56
f 56/56 55/55 57/57
f 56/56 57/57 58/58
f 58/58 57/57 59/59
f 58/58 59/59 60/60
f 60/60 59/59 61/61
f 60/60 61/61 62/62
f 62/62 61/61 63/63
f 62/62 63/63 64/64
f 64/64 63/63 65/65
f 64/64 65/65 66/66
f 66/66 65/65 67/67
f 66/66 67/67 68/68
f 68/68 67/67 69/69
f 68/68 69/69 70/70
f 70/70 69/69 71/71
f 70/70 71/71 72/72
f 72/72 71/71 73/73
f 72/72 73/73 74/74
f 74/74 73/73 75/75
f 74/74 75/75 76/76
f 76/76 75/75 77/77
f 76/76 77/77 78/78
f 78/78 77/77 79/79
f 78/78 79/79 80/80
f 80/80 79/79 81/81
f 80/80 81/81 82/82
f 82/82 81/81 83/83
f 82/82 83/83 84/84
f 84/84 83/83 85/85
f 84/84 85/85 86/86
f 85/85 83/83 87/87
f 85/85 87/87 88/88
f 88/88 87/87 89/89
f 88/88 89/89 90/90
f 90/90 89/89 91/91
f 90/90 91/91 92/92
f 92/92 91/91 93/93
f 92/92 93/93 94/94
f 94/94 93/93 95/95
f 94/94 95/95 96/96
f 96/96 95/95 97/97
f 96/96 97/97 98/98
f 98/98 97/97 99/99
f 98/98 99/99 100/100
f 100/100 99/99 101/101
f 100/100 101/101 102/102
f 102/102 101/101 103/103
f 102/102 103/103 104/104
f 101/101 105/105 103/103
f 101/101 106/106 105/105
f 99/99 106/106 101/101
f 99/99 107/107 106/106
f 97/97 107/107 99/99
f 97/97 108/108 107/107
f 95/95 108/108 97/97
f 95/95 109/109 108/108
f 93/93 109/109 95/95
f 93/93 110/110 109/109
f 91/91 110/110 93/93
f 91/91 111/111 110/110
f 89/89 111/111 91/91
f 89/89 112/112 111/111
f 87/87 112/112 89/89
f 87/87 113/113 112/112
f 83/83 113/113 87/87
f 83/83 81/81 113/113
f 106/106 114/114 105/105
f 106/106 115/115 114/114
f 107/107 115/115 106/106
f 107/107 116/116 115/115
f 108/108 116/116 107/107
f 108/108 117/117 116/116
f 109/109 117/117 108/108
f 109/109 118/118 117/117
f 110/110 118/118 109/109
f 110/110 119/119 118/118
f 111/111 119/119 110/110
f 111/111 120/120 119/119
f 112/112 120/120 111/111
f 112/112 121/121 120/120
f 113/113 121/121 112/112
f 113/113 122/122 121/121
f 81/81 122/122 113/113
f 81/81 79/79 122/122
f 115/115 123/123 114/114
f 115/115 124/124 123/123
f 116/116 124/124 115/115
f 116/116 125/125 124/124
f 117/117 125/125 116/116
f 117/117 126/126 125/125
f 118/118 126/126 117/117
f 118/118 127/127 126/126
f 119/119 127/127 118/118
f 119/119 128/128 127/127
f 120/120 128/128 119/119
f 120/120 129/129 128/128
f 121/121 129/129 120/120
f 121/121 130/130 129/129
f 122/122 130/130 121/121
f 122/122 131/131 130/130
f 79/79 131/131 122/122
f 79/79 77/77 131/131
f 124/124 132/132 123/123
f 124/124 133/133 132/132
f 125/125 133/133 124/124
f 125/125 134/134 133/133
f 126/126 134/134 125/125
f 126/126 135/135 134/134
f 127/127 135/135 126/126
f 127/127 136/136 135/135
f 128/128 136/136 127/127
f 128/128 137/137 136/136
f 129/129 137/137 128/128
f 129/129 138/138 137/137
f 130/130 138/138 129/129
f 130/130 139/139 138/138
f 131/131 139/139 130/130
f 131/131 140/140 139/139
f 77/77 140/140 131/131
f 77/77 75/75 140/140
f 133/133 141/141 132/132
f 133/133 142/142 141/141
f 134/134 142/142 133/133
f 134/134 143/143 142/142
f 135/135 143/143 134/134
f 135/135 144/144 143/143
f 136/136 144/144 135/135
f 136/136 145/145 144/144
f 137/137 145/145 136/136
f 137/137 146/146 145/145
f 138/138 146/146 137/137
f 138/138 147/147 146/146
f 139/139 147/147 138/138
f 139/139 148/148 147/147
f 140/140 148/148 139/139
f 140/140 149/149 148/148
f 75/75 149/149 140/140
f 75/75 73/73 149/149
f 142/142 150/150 141/141
f 142/142 151/151 150/150
f 143/143 151/151 142/142
f 143/143 152/152 151/151
f 144/144 152/152 143/143
f 144/144 153/153 152/152
f 145/145 153/153 144/144
f 145/145 154/154 153/153
f 146/146 154/154 145/145
f 146/146 155/155 154/154
f 147/147 155/155 146/146
f 147/147 156/156 155/155
f 148/148 156/156 147/147
f 148/148 157/157 156/156
f 149/149 157/157 148/148
f 149/149 158/158 157/157
f 73/73 158/158 149/149
f 73/73 71/71 158/158
f 151/151 159/159 150/150
f 151/151 160/160 159/159
f 152/152 160/160 151/151
f 152/152 161/161 160/160
f 153/153 161/161 152/152
f 153/153 162/162 161/161
f 154/154 162/162 153/153
f 154/154 163/163 162/162
f 155/155 163/163 154/154
f 155/155 164/164 163/163
f 156/156 164/164 155/155
f 156/156 165/165 164/164
f 157/157 165/165 156/156
f 157/157 166/166 165/165
f 158/158 166/166 157/157
f 158/158 167/167 166/166
f 71/71 167/167 158/158
f 71/71 69/69 167/167
f 160/160 168/168 159/159
f 160/160 169/169 168/168
f 161/161 169/169 160/160
f 161/161 170/170 169/169
f 162/162 170/170 161/161
f 162/162 171/171 170/170
f 163/163 171/171 162/162
f 163/163 172/172 171/171
f 164/164 172/172 163/163
f 164/164 173/173 172/172
f 165/165 173/173 164/164
f 165/165 174/174 173/173
f 166/166 174/174 165/165
f 166/166 175/175 174/174
f 167/167 175/175 166/166
f 167/167 176/176 175/175
f 69/69 176/176 167/167
f 69/69 67/67 176/176
f 169/169 177/177 168/168
f 169/169 178/178 177/177
f 170/170 178/178 169/169
f 170/170 179/179 178/178
f 171/171 179/179 170/170
f 171/171 180/180 179/179
f 172/172 180/180 171/171
f 172/172 181/181 180/180
f 173/173 181/181 172/172
f 173/173 182/182 181/181
f 174/174 182/182 173/173
f 174/174 183/183 182/182
f 175/175 183/183 174/174
f 175/175 184/184 183/183
f 176/176 184/184 175/175
f 176/176 185/185 184/184
f 67/67 185/185 176/176
f 67/67 65/65 185/185
f 178/178 186/186 177/177
f 178/178 187/187 186/186
f 179/179 187/187 178/178
f 179/179 188/188 187/187
f 180/180 188/188 179/179
f 180/180 189/189 188/188
f 181/181 189/189 180/180
f 181/181 190/190 189/189
f 182/182 190/190 181/181
f 182/182 191/191 190/190
f 183/183 191/191 182/182
f 183/183 192/192 191/191
f 184/184 192/192 183/183
f 184/184 193/193 192/192
f 185/185 193/193 184/184
f 185/185 194/194 193/193
f 65/65 194/194 185/185
f 65/65 63/63 194/194
f 187/187 195/195 186/186
f 187/187 196/196 195/195
f 188/188 196/196 187/187
f 188/188 197/197 196/196
f 189/189 197/197 188/188
f 189/189 198/198 197/197
f 190/190 198/198 189/189
f 190/190 199/199 198/198
f 191/191 199/199 190/190
f 191/191 200/200 199/199
f 192/192 200/200 191/191
f 192/192 201/201 200/200
f 193/193 201/201 192/192
f 193/193 202/202 201/201
f 194/194 202/202 193/193
f 194/194 203/203 202/202
f 63/63 203/203 194/194
f 63/63 61/61 203/203
f 196/196 204/204 195/195
f 196/196 205/205 204/204
f 197/197 205/205 196/196
f 197/197 206/206 205/205
f 198/198 206/206 197/197
f 198/198 207/207 206/206
f 199/199 207/207 198/198
f 199/199 208/208 207/207
f 200/200 208/208 199/199
f 200/200 209/209 208/208
f 201/201 209/209 200/200
f 201/201 210/210 209/209
f 202/202 210/210 201/201
f 202/202 211/211 210/210
f 203/203 211/211 202/202
f 203/203 212/212 211/211
f 61/61 212/212 203/203
f 61/61 59/59 212/212
f 205/205 213/213 204/204
f 205/205 214/214 213/213
f 206/206 214/214 205/205
f 206/206 215/215 214/214
f 207/207 215/215 206/206
f 207/207 216/216 215/215
f 208/208 216/216 207/207
f 208/208 217/217 216/216
f 209/209 217/217 208/208
f 209/209 218/218 217/217
f 210/210 218/218 209/209
f 210/210 219/219 218/218
f 211/211 219/219 210/210
f 211/211 220/220 219/219
f 212/212 220/220 211/211
f 212/212 221/221 220/220
f 59/59 221/221 212/212
f 59/59 57/57 221/221
f 214/214 222/222 213/213
f 214/214 223/223 222/222
f 215/215 223/223 214/214
f 215/215 224/224 223/223
f 216/216 224/224 215/215
f 216/216 225/225 224/224
f 217/217 225/225 216/216
f 217/217 226/226 225/225
f 218/218 226/226 217/217
f 218/218 227/227 226/226
f 219/219 227/227 218/218
f 219/219 228/228 227/227
f 220/220 228/228 219/219
f 220/220 229/229 228/228
f 221/221 229/229 220/220
f 221/221 230/230 229/229
f 57/57 230/230 221/221
f 57/57 55/55 230/230
f 223/223 231/231 222/222
f 223/223 232/232 231/231
f 224/224 232/232 223/223
f 224/224 233/233 232/232
f 225/225 233/233 224/224
f 225/225 234/234 233/233
f 226/226 234/234 225/225
f 226/226 235/235 234/234
f 227/227 235/235 226/226
f 227/227 236/236 235/235
f 228/228 236/236 227/227
f 228/228 237/237 236/236
f 229/229 237/237 228/228
f 229/229 238/238 237/237
f 230/230 238/238 229/229
f 230/230 239/239 238/238
f 55/55 239/239 230/230
f 55/55 53/53 239/239
f 232/232 240/240 231/231
f 232/232 241/241 240/240
f 233/233 241/241 232/232
f 233/233 242/242 241/241
f 234/234 242/242 233/233
f 234/234 243/243 242/242
f 235/235 243/243 234/234
f 235/235 244/244 243/243
f 236/236 244/244 235/235
f 236/236 245/245 244/244
f 237/237 245/245 236/236
f 237/237 246/246 245/245
f 238/238 246/246 237/237
f 238/238 247/247 246/246
f 239/239 247/247 238/238
f 239/239 248/248 247/247
f 53/53 248/248 239/239
f 53/53 51/51 248/248
f 241/241 249/249 240/240
f 241/241 250/250 249/249
f 242/242 250/250 241/241
f 242/242 251/251 250/250
f 243/243 251/251 242/242
f 243/243 252/252 251/251
f 244/244 252/252 243/243
f 244/244 253/253 252/252
f 245/245 253/253 244/244
f 245/245 254/254 253/253
f 246/246 254/254 245/245
f 246/246 255/255 254/254
f 247/247 255/255 246/246
f 247/247 256/256 255/255
f 248/248 256/256 247/247
f 248/248 257/257 256/256
f 51/51 257/257 248/248
f 51/51 49/49 257/257
f 250/250 258/258 249/249
f 250/250 259/259 258/258
f 251/251 259/259 250/250
f 251/251 260/260 259/259
f 252/252 260/260 251/251
f 252/252 261/261 260/260
f 253/253 261/261 252/252
f 253/253 262/262 261/261
f 254/254 262/262 253/253
f 254/254 263/263 262/262
f 255/255 263/263 254/254
f 255/255 264/264 263/263
f 256/256 264/264 255/255
f 256/256 265/265 264/264
f 257/257 265/265 256/256
f 257/257 266/266 265/265
f 49/49 266/266 257/257
f 49/49 47/47 266/266
f 259/259 267/267 258/258
f 259/259 268/268 267/267
f 260/260 268/268 259/259
f 260/260 269/269 268/268
f 261/261 269/269 260/260
f 261/261 270/270 269/269
f 262/262 270/270 261/261
f 262/262 271/271 270/270
f 263/263 271/271 262/262
f 263/263 272/272 271/271
f 264/264 272/272 263/263
f 264/264 273/273 272/272
f 265/265 273/273 264/264
f 265/265 274/274 273/273
f 266/266 274/274 265/265
f 266/266 275/275 274/274
f 47/47 275/275 266/266
f 47/47 45/45 275/275
f 268/268 276/276 267/267
f 268/268 277/277 276/276
f 269/269 277/277 268/268
f 269/269 278/278 277/277
f 270/270 278/278 269/269
f 270/270 279/279 278/278
f 271/271 279/279 270/270
f 271/271 280/280 279/279
f 272/272 280/280 271/271
f 272/272 281/281 280/280
f 273/273 281/281 272/272
f 273/273 282/282 281/281
f 274/274 282/282 273/273
f 274/274 283/283 282/282
f 275/275 283/283 274/274
f 275/275 284/284 283/283
f 45/45 284/284 275/275
f 45/45 43/43 284/284
f 277/277 285/285 276/276
f 277/277 286/286 285/285
f 278/278 286/286 277/277
f 278/278 287/287 286/286
f 279/279 287/287 278/278
f 279/279 288/288 287/287
f 280/280 288/288 279/279
f 280/280 289/289 288/288
f 281/281 289/289 280/280
f 281/281 290/290 289/289
f 282/282 290/290 281/281
f 282/282 291/291 290/290
f 283/283 291/291 282/282
f 283/283 292/292 291/291
f 284/284 292/292 283/283
f 284/284 293/293 292/292
f 43/43 293/293 284/284
f 43/43 41/41 293/293
f 286/286 294/294 285/285
f 286/286 295/295 294/294
f 287/287 295/295 286/286
f 287/287 296/296 295/295
f 288/288 296/296 287/287
f 288/288 297/297 296/296
f 289/289 297/297 288/288
f 289/289 298/298 297/297
f 290/290 298/298 289/289
f 290/290 299/299 298/298
f 291/291 299/299 290/290
f 291/291 300/300 299/299
f 292/292 300/300 291/291
f 292/292 301/301 300/300
f 293/293 301/301 292/292
f 293/293 302/302 301/301
f 41/41 302/302 293/293
f 41/41 39/39 302/302
f 295/295 303/303 294/294
f 295/295 304/304 303/303
f 296/296 304/304 295/295
f 296/296 305/305 304/304
f 297/297 305/305 296/296
f 297/297 306/306 305/305
f 298/298 306/306 297/297
f 298/298 307/307 306/306
f 299/299 307/307 298/298
f 299/299 308/308 307/307
f 300/300 308/308 299/299
f 300/300 309/309 308/308
f 301/301 309/309 300/300
f 301/301 310/310 309/309
f 302/302 310/310 301/301
f 302/302 311/311 310/310
f 39/39 311/311 302/302
f 39/39 37/37 311/311
f 304/304 312/312 303/303
f 304/304 313/313 312/312
f 305/305 313/313 304/304
f 305/305 314/314 313/313
f 306/306 314/314 305/305
f 306/306 315/315 314/314
f 307/307 315/315 306/306
f 307/307 316/316 315/315
f 308/308 316/316 307/307
f 308/308 317/317 316/316
f 309/309 317/317 308/308
f 309/309 318/318 317/317
f 310/310 318/318 309/309
f 310/310 319/319 318/318
f 311/311 319/319 310/310
f 311/311 320/320 319/319
f 37/37 320/320 311/311
f 37/37 35/35 320/320
f 313/313 321/321 312/312
f 313/313 322/322 321/321
f 314/314 322/322 313/313
f 314/314 323/323 322/322
f 315/315 323/323 314/314
f 315/315 324/324 323/323
f 316/316 324/324 315/315
f 316/316 325/325 324/324
f 317/317 325/325 316/316
f 317/317 326/326 325/325
f 318/318 326/326 317/317
f 318/318 327/327 326/326
f 319/319 327/327 318/318
f 319/319 328/328 327/327
f 320/320 328/328 319/319
f 320/320 329/329 328/328
f 35/35 329/329 320/320
f 35/35 33/33 329/329
f 322/322 330/330 321/321
f 322/322 331/331 330/330
f 323/323 331/331 322/322
f 323/323 332/332 331/331
f 324/324 332/332 323/323
f 324/324 333/333 332/332
f 325/325 333/333 324/324
f 325/325 334/334 333/333
f 326/326 334/334 325/325
f 326/326 335/335 334/334
f 327/327 335/335 326/326
f 327/327 336/336 335/335
f 328/328 336/336 327/327
f 328/328 337/337 336/336
f 329/329 337/337 328/328
f 329/329 338/338 337/337
f 33/33 338/338 329/329
f 33/33 31/31 338/338
f 331/331 339/339 330/330
f 331/331 340/340 339/339
f 332/332 340/340 331/331
f 332/332 341/341 340/340
f 333/333 341/341 332/332
f 333/333 342/342 341/341
f 334/334 342/342 333/333
f 334/334 343/343 342/342
f 335/335 343/343 334/334
f 335/335 344/344 343/343
f 336/336 344/344 335/335
f 336/336 345/345 344/344
f 337/337 345/345 336/336
f 337/337 346/346 345/345
f 338/338 346/346 337/337
f 338/338 347/347 346/346
f 31/31 347/347 338/338
f 31/31 29/29 347/347
f 340/340 348/348 339/339
f 340/340 349/349 348/348
f 341/341 349/349 340/340
f 341/341 350/350 349/349
f 342/342 350/350 341/341
f 342/342 351/351 350/350
f 343/343 351/351 342/342
f 343/343 352/352 351/351
f 344/344 352/352 343/343
f 344/344 353/353 352/352
f 345/345 353/353 344/344
f 345/345 354/354 353/353
f 346/346 354/354 345/345
f 346/346 355/355 354/354
f 347/347 355/355 346/346
f 347/347 356/356 355/355
f 29/29 356/356 347/347
f 29/29 27/27 356/356
f 349/349 357/357 348/348
f 349/349 358/358 357/357
f 350/350 358/358 349/349
f 359/359 357/357 358/358
f 359/359 358/358 360/360
f 360/360 358/358 361/361
f 350/350 361/361 358/358
f 351/351 361/361 350/350
f 360/360 361/361 362/362
f 362/362 361/361 363/363
f 351/351 363/363 361/361
f 352/352 363/363 351/351
f 362/362 363/363 364/364
f 364/364 363/363 365/365
f 352/352 365/365 363/363
f 353/353 365/365 352/352
f 364/364 365/365 366/366
f 366/366 365/365 367/367
f 353/353 367/367 365/365
f 354/354 367/367 353/353
f 366/366 367/367 368/368
f 368/368 367/367 369/369
f 368/368 369/369 370/370
f 370/370 369/369 371/371
f 370/370 371/371 372/372
f 372/372 371/371 373/373
f 372/372 373/373 24/24
f 24/24 373/373 25/25
f 362/362 374/374 360/360
f 362/362 375/375 374/374
f 364/364 375/375 362/362
f 364/364 376/376 375/375
f 366/366 376/376 364/364
f 366/366 377/377 376/376
f 368/368 377/377 366/366
f 368/368 378/378 377/377
f 370/370 378/378 368/368
f 370/370 379/379 378/378
f 372/372 379/379 370/370
f 372/372 380/380 379/379
f 24/24 380/380 372/372
f 24/24 23/23 380/380
f 375/375 381/381 374/374
f 374/374 381/381 382/382
f 374/374 382/382 383/383
f 360/360 374/374 383/383
f 360/360 383/383 359/359
f 375/375 384/384 381/381
f 376/376 384/384 375/375
f 376/376 385/385 384/384
f 377/377 385/385 376/376
f 377/377 386/386 385/385
f 378/378 386/386 377/377
f 378/378 387/387 386/386
f 379/379 387/387 378/378
f 379/379 388/388 387/387
f 380/380 388/388 379/379
f 380/380 389/389 388/388
f 23/23 389/389 380/380
f 23/23 22/22 389/389
f 381/381 390/390 382/382
f 381/381 391/391 390/390
f 384/384 391/391 381/381
f 384/384 392/392 391/391
f 385/385 392/392 384/384
f 385/385 393/393 392/392
f 386/386 393/393 385/385
f 386/386 394/394 393/393
f 387/387 394/394 386/386
f 387/387 395/395 394/394
f 388/388 395/395 387/387
f 388/388 396/396 395/395
f 389/389 396/396 388/388
f 389/389 397/397 396/396
f 22/22 397/397 389/389
f 22/22 21/21 397/397
f 391/391 398/398 390/390
f 391/391 399/399 398/398
f 392/392 399/399 391/391
f 392/392 400/400 399/399
f 393/393 400/400 392/392
f 393/393 401/401 400/400
f 394/394 401/401 393/393
f 394/394 402/402 401/401
f 395/395 402/402 394/394
f 395/395 403/403 402/402
f 396/396 403/403 395/395
f 396/396 404/404 403/403
f 397/397 404/404 396/396
f 397/397 405/405 404/404
f 21/21 405/405 397/397
f 21/21 406/406 405/405
f 8/8 406/406 21/21
f 8/8 10/10 406/406
f 399/399 407/407 398/398
f 399/399 408/408 407/407
f 400/400 408/408 399/399
f 400/400 409/409 408/408
f 401/401 409/409 400/400
f 401/401 410/410 409/409
f 402/402 410/410 401/401
f 402/402 411/411 410/410
f 403/403 411/411 402/402
f 403/403 412/412 411/411
f 404/404 412/412 403/403
f 404/404 413/413 412/412
f 405/405 413/413 404/404
f 405/405 414/414 413/413
f 406/406 414/414 405/405
f 406/406 415/415 414/414
f 10/10 415/415 406/406
f 10/10 12/12 415/415
f 408/408 416/416 407/407
f 408/408 417/417 416/416
f 409/409 417/417 408/408
f 409/409 418/418 417/417
f 410/410 418/418 409/409
f 410/410 419/419 418/418
f 411/411 419/419 410/410
f 411/411 420/420 419/419
f 412/412 420/420 411/411
f 412/412 421/421 420/420
f 413/413 421/421 412/412
f 413/413 422/422 421/421
f 414/414 422/422 413/413
f 414/414 423/423 422/422
f 415/415 423/423 414/414
f 415/415 424/424 423/423
f 12/12 424/424 415/415
f 12/12 14/14 424/424
f 417/417 425/425 416/416
f 417/417 426/426 425/425
f 418/418 426/426 417/417
f 418/418 427/427 426/426
f 419/419 427/427 418/418
f 419/419 428/428 427/427
f 420/420 428/428 419/419
f 420/420 429/429 428/428
f 421/421 429/429 420/420
f 421/421 430/430 429/429
f 422/422 430/430 421/421
f 422/422 431/431 430/430
f 423/423 431/431 422/422
f 423/423 432/432 431/431
f 424/424 432/432 423/423
f 424/424 433/433 432/432
f 14/14 433/433 424/424
f 14/14 16/16 433/433
f 426/426 434/434 425/425
f 426/426 435/435 434/434
f 427/427 435/435 426/426
f 427/427 436/436 435/435
f 428/428 436/436 427/427
f 428/428 437/437 436/436
f 429/429 437/437 428/428
f 429/429 438/438 437/437
f 430/430 438/438 429/429
f 430/430 439/439 438/438
f 431/431 439/439 430/430
f 431/431 440/440 439/439
f 432/432 440/440 431/431
f 432/432 441/441 440/440
f 433/433 441/441 432/432
f 433/433 442/442 441/441
f 16/16 442/442 433/433
f 16/16 18/18 442/442
f 435/435 443/443 434/434
f 435/435 444/444 443/443
f 436/436 444/444 435/435
f 436/436 445/445 444/444
f 437/437 445/445 436/436
f 437/437 446/446 445/445
f 438/438 446/446 437/437
f 438/438 447/447 446/446
f 439/439 447/447 438/438
f 439/439 448/448 447/447
f 440/440 448/448 439/439
f 440/440 449/449 448/448
f 441/441 449/449 440/440
f 441/441 450/450 449/449
f 442/442 450/450 441/441
f 442/442 451/451 450/450
f 18/18 451/451 442/442
f 18/18 20/20 451/451
f 443/443 452/452 434/434
f 434/434 452/452 453/453
f 434/434 453/453 425/425
f 425/425 453/453 454/454
f 425/425 454/454 416/416
f 416/416 454/454 455/455
f 416/416 455/455 407/407
f 407/407 455/455 456/456
f 407/407 456/456 398/398
f 398/398 456/456 457/457
f 398/398 457/457 390/390
f 390/390 457/457 458/458
f 390/390 458/458 382/382
f 382/382 458/458 459/459
f 382/382 459/459 383/383
f 383/383 459/459 460/460
f 383/383 460/460 359/359
f 359/359 460/460 461/461
f 359/359 461/461 357/357
f 357/357 461/461 462/462
f 357/357 462/462 348/348
f 348/348 462/462 463/463
f 348/348 463/463 339/339
f 339/339 463/463 464/464
f 339/339 464/464 330/330
f 330/330 464/464 465/465
f 330/330 465/465 321/321
f 321/321 465/465 466/466
f 321/321 466/466 312/312
f 312/312 466/466 467/467
f 312/312 467/467 303/303
f 303/303 467/467 468/468
f 303/303 468/468 294/294
f 294/294 468/468 469/469
f 294/294 469/469 285/285
f 285/285 469/469 470/470
f 285/285 470/470 276/276
f 276/276 470/470 471/471
f 276/276 471/471 267/267
f 267/267 471/471 472/472
f 267/267 472/472 258/258
f 258/258 472/472 473/473
f 258/258 473/473 249/249
f 249/249 473/473 474/474
f 249/249 474/474 240/240
f 240/240 474/474 475/475
f 240/240 475/475 231/231
f 231/231 475/475 476/476
f 231/231 476/476 222/222
f 222/222 476/476 477/477
f 222/222 477/477 213/213
f 213/213 477/477 478/478
f 213/213 478/478 204/204
f 204/204 478/478 479/479
f 204/204 479/479 195/195
f 195/195 479/479 480/480
f 195/195 480/480 186/186
f 186/186 480/480 481/481
f 186/186 481/481 177/177
f 177/177 481/481 482/482
f 177/177 482/482 168/168
f 168/168 482/482 483/483
f 168/168 483/483 159/159
f 159/159 483/483 484/484
f 159/159 484/484 150/150
f 150/150 484/484 485/485
f 150/150 485/485 141/141
f 141/141 485/485 486/486
f 141/141 486/486 132/132
f 132/132 486/486 487/487
f 132/132 487/487 123/123
f 123/123 487/487 488/488
f 123/123 488/488 114/114
f 114/114 488/488 489/489
f 114/114 489/489 105/105
f 105/105 489/489 490/490
f 105/105 490/490 103/103
f 103/103 490/490 491/491
f 103/103 491/491 104/104
f 491/491 490/490 492/492
f 491/491 492/492 493/493
f 493/493 492/492 494/494
f 493/493 494/494 495/495
f 495/495 494/494 496/496
f 495/495 496/496 497/497
f 496/496 498/498 497/497
f 496/496 499/499 498/498
f 500/500 499/499 496/496
f 494/494 500/500 496/496
f 500/500 501/501 499/499
f 502/502 501/501 500/500
f 502/502 503/503 501/501
f 504/504 503/503 502/502
f 504/504 505/505 503/503
f 506/506 505/505 504/504
f 506/506 507/507 505/505
f 508/508 507/507 506/506
f 508/508 509/509 507/507
f 510/510 509/509 508/508
f 510/510 511/511 509/509
f 512/512 511/511 510/510
f 512/512 513/513 511/511
f 514/514 513/513 512/512
f 514/514 515/515 513/513
f 516/516 515/515 514/514
f 516/516 517/517 515/515
f 518/518 517/517 516/516
f 518/518 519/519 517/517
f 520/520 519/519 518/518
f 520/520 521/521 519/519
f 522/522 521/521 520/520
f 522/522 523/523 521/521
f 524/524 523/523 522/522
f 524/524 525/525 523/523
f 526/526 525/525 524/524
f 526/526 527/527 525/525
f 528/528 527/527 526/526
f 528/528 529/529 527/527
f 530/530 529/529 528/528
f 530/530 531/531 529/529
f 532/532 531/531 530/530
f 532/532 533/533 531/531
f 534/534 533/533 532/532
f 534/534 535/535 533/533
f 536/536 535/535 534/534
f 536/536 537/537 535/535
f 538/538 537/537 536/536
f 538/538 539/539 537/537
f 540/540 539/539 538/538
f 540/540 541/541 539/539
f 542/542 541/541 540/540
f 542/542 543/543 541/541
f 544/544 543/543 542/542
f 544/544 545/545 543/543
f 546/546 545/545 544/544
f 546/546 547/547 545/545
f 548/548 547/547 546/546
f 548/548 549/549 547/547
f 550/550 549/549 548/548
f 550/550 551/551 549/549
f 552/552 551/551 550/550
f 552/552 553/553 551/551
f 554/554 553/553 552/552
f 554/554 555/555 553/553
f 556/556 555/555 554/554
f 556/556 557/557 555/555
f 558/558 557/557 556/556
f 558/558 559/559 557/557
f 560/560 559/559 558/558
f 560/560 561/561 559/559
f 562/562 561/561 560/560
f 562/562 563/563 561/561
f 564/564 563/563 562/562
f 564/564 565/565 563/563
f 566/566 565/565 564/564
f 566/566 567/567 565/565
f 568/568 567/567 566/566
f 568/568 569/569 567/567
f 570/570 569/569 568/568
f 570/570 571/571 569/569
f 572/572 571/571 570/570
f 572/572 573/573 571/571
f 574/574 573/573 572/572
f 574/574 575/575 573/573
f 576/576 575/575 574/574
f 576/576 577/577 575/575
f 578/578 564/564 562/562
f 578/578 579/579 564/564
f 579/579 566/566 564/564
f 580/580 579/579 578/578
f 581/581 580/580 578/578
f 459/459 580/580 581/581
f 460/460 459/459 581/581
f 460/460 581/581 582/582
f 582/582 581/581 583/583
f 581/581 578/578 583/583
f 582/582 583/583 584/584
f 584/584 583/583 560/560
f 584/584 560/560 558/558
f 459/459 458/458 580/580
f 583/583 562/562 560/560
f 583/583 578/578 562/562
f 458/458 585/585 580/580
f 580/580 585/585 579/579
f 458/458 457/457 585/585
f 457/457 586/586 585/585
f 457/457 456/456 586/586
f 585/585 587/587 579/579
f 585/585 586/586 587/587
f 456/456 588/588 586/586
f 456/456 455/455 588/588
f 586/586 589/589 587/587
f 586/586 588/588 589/589
f 587/587 589/589 568/568
f 587/587 568/568 566/566
f 579/579 587/587 566/566
f 455/455 590/590 588/588
f 455/455 454/454 590/590
f 589/589 570/570 568/568
f 589/589 591/591 570/570
f 588/588 591/591 589/589
f 588/588 590/590 591/591
f 454/454 592/592 590/590
f 454/454 453/453 592/592
f 591/591 572/572 570/570
f 591/591 593/593 572/572
f 590/590 593/593 591/591
f 590/590 592/592 593/593
f 453/453 594/594 592/592
f 453/453 452/452 594/594
f 593/593 574/574 572/572
f 593/593 595/595 574/574
f 592/592 595/595 593/593
f 592/592 594/594 595/595
f 452/452 596/596 594/594
f 452/452 597/597 596/596
f 443/443 597/597 452/452
f 595/595 576/576 574/574
f 595/595 598/598 576/576
f 594/594 598/598 595/595
f 594/594 596/596 598/598
f 354/354 369/369 367/367
f 355/355 369/369 354/354
f 355/355 371/371 369/369
f 356/356 371/371 355/355
f 356/356 373/373 371/371
f 27/27 373/373 356/356
f 27/27 25/25 373/373
f 490/490 599/599 492/492
f 490/490 489/489 599/599
f 492/492 599/599 600/600
f 492/492 600/600 494/494
f 494/494 600/600 500/500
f 489/489 601/601 599/599
f 489/489 488/488 601/601
f 600/600 502/502 500/500
f 600/600 602/602 502/502
f 599/599 602/602 600/600
f 599/599 601/601 602/602
f 488/488 603/603 601/601
f 488/488 487/487 603/603
f 602/602 504/504 502/502
f 602/602 604/604 504/504
f 601/601 604/604 602/602
f 601/601 603/603 604/604
f 487/487 605/605 603/603
f 487/487 486/486 605/605
f 604/604 506/506 504/504
f 604/604 606/606 506/506
f 603/603 606/606 604/604
f 603/603 605/605 606/606
f 486/486 607/607 605/605
f 486/486 485/485 607/607
f 606/606 508/508 506/506
f 606/606 608/608 508/508
f 605/605 608/608 606/606
f 605/605 607/607 608/608
f 485/485 609/609 607/607
f 485/485 484/484 609/609
f 608/608 510/510 508/508
f 608/608 610/610 510/510
f 607/607 610/610 608/608
f 607/607 609/609 610/610
f 484/484 611/611 609/609
f 484/484 483/483 611/611
f 610/610 512/512 510/510
f 610/610 612/612 512/512
f 609/609 612/612 610/610
f 609/609 611/611 612/612
f 483/483 613/613 611/611
f 483/483 482/482 613/613
f 612/612 514/514 512/512
f 612/612 614/614 514/514
f 611/611 614/614 612/612
f 611/611 613/613 614/614
f 482/482 615/615 613/613
f 482/482 481/481 615/615
f 614/614 516/516 514/514
f 614/614 616/616 516/516
f 613/613 616/616 614/614
f 613/613 615/615 616/616
f 481/481 617/617 615/615
f 481/481 480/480 617/617
f 616/616 518/518 516/516
f 616/616 618/618 518/518
f 615/615 618/618 616/616
f 615/615 617/617 618/618
f 480/480 619/619 617/617
f 480/480 479/479 619/619
f 618/618 520/520 518/518
f 618/618 620/620 520/520
f 617/617 620/620 618/618
f 617/617 619/619 620/620
f 479/479 621/621 619/619
f 479/479 478/478 621/621
f 620/620 522/522 520/520
f 620/620 622/622 522/522
f 619/619 622/622 620/620
f 619/619 621/621 622/622
f 478/478 623/623 621/621
f 478/478 477/477 623/623
f 622/622 524/524 522/522
f 622/622 624/624 524/524
f 621/621 624/624 622/622
f 621/621 623/623 624/624
f 477/477 625/625 623/623
f 477/477 476/476 625/625
f 624/624 526/526 524/524
f 624/624 626/626 526/526
f 623/623 626/626 624/624
f 623/623 625/625 626/626
f 476/476 627/627 625/625
f 476/476 475/475 627/627
f 626/626 528/528 526/526
f 626/626 628/628 528/528
f 625/625 628/628 626/626
f 625/625 627/627 628/628
f 475/475 629/629 627/627
f 475/475 474/474 629/629
f 628/628 530/530 528/528
f 628/628 630/630 530/530
f 627/627 630/630 628/628
f 627/627 629/629 630/630
f 474/474 631/631 629/629
f 474/474 473/473 631/631
f 630/630 532/532 530/530
f 630/630 632/632 532/532
f 629/629 632/632 630/630
f 629/629 631/631 632/632
f 473/473 633/633 631/631
f 473/473 472/472 633/633
f 632/632 534/534 532/532
f 632/632 634/634 534/534
f 631/631 634/634 632/632
f 631/631 633/633 634/634
f 472/472 635/635 633/633
f 472/472 471/471 635/635
f 634/634 536/536 534/534
f 634/634 636/636 536/536
f 633/633 636/636 634/634
f 633/633 635/635 636/636
f 471/471 637/637 635/635
f 471/471 470/470 637/637
f 636/636 538/538 536/536
f 636/636 638/638 538/538
f 635/635 638/638 636/636
f 635/635 637/637 638/638
f 470/470 639/639 637/637
f 470/470 469/469 639/639
f 638/638 540/540 538/538
f 638/638 640/640 540/540
f 637/637 640/640 638/638
f 637/637 639/639 640/640
f 469/469 641/641 639/639
f 469/469 468/468 641/641
f 640/640 542/542 540/540
f 640/640 642/642 542/542
f 639/639 642/642 640/640
f 639/639 641/641 642/642
f 468/468 643/643 641/641
f 468/468 467/467 643/643
f 642/642 544/544 542/542
f 642/642 644/644 544/544
f 641/641 644/644 642/642
f 641/641 643/643 644/644
f 467/467 645/645 643/643
f 467/467 466/466 645/645
f 644/644 546/546 544/544
f 644/644 646/646 546/546
f 643/643 646/646 644/644
f 643/643 645/645 646/646
f 466/466 647/647 645/645
f 466/466 465/465 647/647
f 646/646 548/548 546/546
f 646/646 648/648 548/548
f 645/645 648/648 646/646
f 645/645 647/647 648/648
f 465/465 649/649 647/647
f 465/465 464/464 649/649
f 648/648 550/550 548/548
f 648/648 650/650 550/550
f 647/647 650/650 648/648
f 647/647 649/649 650/650
f 464/464 651/651 649/649
f 464/464 463/463 651/651
f 650/650 552/552 550/550
f 650/650 652/652 552/552
f 649/649 652/652 650/650
f 649/649 651/651 652/652
f 463/463 653/653 651/651
f 463/463 462/462 653/653
f 652/652 554/554 552/552
f 652/652 654/654 554/554
f 651/651 654/654 652/652
f 651/651 653/653 654/654
f 462/462 655/655 653/653
f 462/462 461/461 655/655
f 654/654 556/556 554/554
f 654/654 656/656 556/556
f 653/653 656/656 654/654
f 653/653 655/655 656/656
f 582/582 655/655 461/461
f 582/582 461/461 460/460
f 584/584 655/655 582/582
f 584/584 656/656 655/655
f 558/558 656/656 584/584
f 558/558 556/556 656/656
f 659/659 658/658 657/657
f 660/660 658/658 659/659
f 661/661 658/658 660/660
f 662/662 658/658 661/661
f 663/663 658/658 662/662
f 664/664 658/658 663/663
f 665/665 658/658 664/664
f 666/666 658/658 665/665
f 667/667 658/658 666/666
f 668/668 658/658 667/667
f 669/669 658/658 668/668
f 670/670 658/658 669/669
f 671/671 658/658 670/670
f 672/672 658/658 671/671
f 673/673 658/658 672/672
f 674/674 658/658 673/673
f 675/675 660/660 659/659
f 675/675 676/676 660/660
f 677/677 676/676 675/675
f 678/678 677/677 675/675
f 678/678 675/675 679/679
f 679/679 680/680 678/678
f 679/679 681/681 680/680
f 657/657 681/681 679/679
f 657/657 682/682 681/681
f 657/657 658/658 682/682
f 683/683 658/658 674/674
f 684/684 658/658 683/683
f 685/685 658/658 684/684
f 686/686 658/658 685/685
f 687/687 658/658 686/686
f 688/688 658/658 687/687
f 689/689 658/658 688/688
f 690/690 658/658 689/689
f 691/691 658/658 690/690
f 692/692 658/658 691/691
f 693/693 658/658 692/692
f 694/694 658/658 693/693
f 695/695 658/658 694/694
f 696/696 658/658 695/695
f 697/697 658/658 696/696
f 698/698 658/658 697/697
f 699/699 684/684 683/683
f 699/699 700/700 684/684
f 701/701 700/700 699/699
f 702/702 701/701 699/699
f 702/702 699/699 703/703
f 704/704 702/702 703/703
f 704/704 703/703 705/705
f 706/706 704/704 705/705
f 706/706 705/705 707/707
f 708/708 706/706 707/707
f 708/708 707/707 709/709
f 710/710 708/708 709/709
f 710/710 709/709 711/711
f 712/712 710/710 711/711
f 712/712 711/711 713/713
f 714/714 712/712 713/713
f 714/714 713/713 715/715
f 716/716 714/714 715/715
f 716/716 715/715 717/717
f 718/718 716/716 717/717
f 718/718 717/717 719/719
f 720/720 718/718 719/719
f 720/720 719/719 721/721
f 722/722 720/720 721/721
f 722/722 721/721 723/723
f 724/724 722/722 723/723
f 724/724 723/723 725/725
f 726/726 724/724 725/725
f 726/726 725/725 727/727
f 728/728 726/726 727/727
f 728/728 727/727 729/729
f 730/730 728/728 729/729
f 730/730 729/729 676/676
f 677/677 730/730 676/676
f 731/731 730/730 677/677
f 732/732 731/731 677/677
f 732/732 677/677 678/678
f 678/678 733/733 732/732
f 678/678 680/680 733/733
f 732/732 733/733 734/734
f 732/732 734/734 735/735
f 735/735 731/731 732/732
f 735/735 734/734 736/736
f 735/735 736/736 737/737
f 735/735 738/738 731/731
f 737/737 738/738 735/735
f 737/737 739/739 738/738
f 731/731 740/740 730/730
f 738/738 740/740 731/731
f 738/738 741/741 740/740
f 739/739 741/741 738/738
f 739/739 742/742 741/741
f 741/741 743/743 740/740
f 740/740 743/743 728/728
f 740/740 728/728 730/730
f 741/741 744/744 743/743
f 742/742 744/744 741/741
f 742/742 745/745 744/744
f 743/743 726/726 728/728
f 743/743 746/746 726/726
f 744/744 746/746 743/743
f 744/744 747/747 746/746
f 745/745 747/747 744/744
f 745/745 748/748 747/747
f 746/746 724/724 726/726
f 746/746 749/749 724/724
f 747/747 749/749 746/746
f 747/747 750/750 749/749
f 748/748 750/750 747/747
f 748/748 751/751 750/750
f 749/749 722/722 724/724
f 749/749 752/752 722/722
f 750/750 752/752 749/749
f 750/750 753/753 752/752
f 751/751 753/753 750/750
f 751/751 754/754 753/753
f 752/752 720/720 722/722
f 752/752 755/755 720/720
f 753/753 755/755 752/752
f 753/753 756/756 755/755
f 754/754 756/756 753/753
f 754/754 757/757 756/756
f 755/755 718/718 720/720
f 755/755 758/758 718/718
f 756/756 758/758 755/755
f 756/756 759/759 758/758
f 757/757 759/759 756/756
f 757/757 760/760 759/759
f 758/758 716/716 718/718
f 758/758 761/761 716/716
f 759/759 761/761 758/758
f 759/759 762/762 761/761
f 760/760 762/762 759/759
f 760/760 763/763 762/762
f 761/761 714/714 716/716
f 761/761 764/764 714/714
f 762/762 764/764 761/761
f 762/762 765/765 764/764
f 763/763 765/765 762/762
f 763/763 766/766 765/765
f 764/764 712/712 714/714
f 764/764 767/767 712/712
f 765/765 767/767 764/764
f 765/765 768/768 767/767
f 766/766 768/768 765/765
f 766/766 769/769 768/768
f 767/767 710/710 712/712
f 767/767 770/770 710/710
f 768/768 770/770 767/767
f 768/768 771/771 770/770
f 769/769 771/771 768/768
f 769/769 772/772 771/771
f 770/770 708/708 710/710
f 770/770 773/773 708/708
f 771/771 773/773 770/770
f 771/771 774/774 773/773
f 772/772 774/774 771/771
f 772/772 775/775 774/774
f 773/773 706/706 708/708
f 773/773 776/776 706/706
f 774/774 776/776 773/773
f 774/774 777/777 776/776
f 775/775 777/777 774/774
f 775/775 778/778 777/777
f 776/776 704/704 706/706
f 776/776 779/779 704/704
f 777/777 779/779 776/776
f 777/777 780/780 779/779
f 778/778 780/780 777/777
f 778/778 781/781 780/780
f 779/779 702/702 704/704
f 779/779 782/782 702/702
f 780/780 782/782 779/779
f 780/780 783/783 782/782
f 781/781 783/783 780/780
f 781/781 784/784 783/783
f 782/782 701/701 702/702
f 782/782 785/785 701/701
f 783/783 785/785 782/782
f 783/783 786/786 785/785
f 784/784 786/786 783/783
f 784/784 787/787 786/786
f 785/785 788/788 701/701
f 701/701 788/788 700/700
f 785/785 789/789 788/788
f 786/786 789/789 785/785
f 786/786 790/790 789/789
f 787/787 790/790 786/786
f 787/787 791/791 790/790
f 788/788 792/792 700/700
f 700/700 792/792 685/685
f 700/700 685/685 684/684
f 788/788 793/793 792/792
f 789/789 793/793 788/788
f 789/789 794/794 793/793
f 790/790 794/794 789/789
f 790/790 795/795 794/794
f 791/791 795/795 790/790
f 791/791 796/796 795/795
f 792/792 686/686 685/685
f 792/792 797/797 686/686
f 793/793 797/797 792/792
f 793/793 798/798 797/797
f 794/794 798/798 793/793
f 794/794 799/799 798/798
f 795/795 799/799 794/794
f 795/795 800/800 799/799
f 796/796 800/800 795/795
f 796/796 801/801 800/800
f 797/797 687/687 686/686
f 797/797 802/802 687/687
f 798/798 802/802 797/797
f 798/798 803/803 802/802
f 799/799 803/803 798/798
f 799/799 804/804 803/803
f 800/800 804/804 799/799
f 800/800 805/805 804/804
f 801/801 805/805 800/800
f 801/801 806/806 805/805
f 802/802 688/688 687/687
f 802/802 807/807 688/688
f 803/803 807/807 802/802
f 803/803 808/808 807/807
f 804/804 808/808 803/803
f 804/804 809/809 808/808
f 805/805 809/809 804/804
f 805/805 810/810 809/809
f 806/806 810/810 805/805
f 806/806 811/811 810/810
f 807/807 689/689 688/688
f 807/807 812/812 689/689
f 808/808 812/812 807/807
f 808/808 813/813 812/812
f 809/809 813/813 808/808
f 809/809 814/814 813/813
f 810/810 814/814 809/809
f 810/810 815/815 814/814
f 811/811 815/815 810/810
f 811/811 816/816 815/815
f 812/812 690/690 689/689
f 812/812 817/817 690/690
f 813/813 817/817 812/812
f 813/813 818/818 817/817
f 814/814 818/818 813/813
f 814/814 819/819 818/818
f 815/815 819/819 814/814
f 815/815 820/820 819/819
f 816/816 820/820 815/815
f 816/816 821/821 820/820
f 817/817 691/691 690/690
f 817/817 822/822 691/691
f 818/818 822/822 817/817
f 818/818 823/823 822/822
f 819/819 823/823 818/818
f 819/819 824/824 823/823
f 820/820 824/824 819/819
f 820/820 825/825 824/824
f 821/821 825/825 820/820
f 821/821 826/826 825/825
f 822/822 692/692 691/691
f 822/822 827/827 692/692
f 823/823 827/827 822/822
f 823/823 828/828 827/827
f 824/824 828/828 823/823
f 824/824 829/829 828/828
f 825/825 829/829 824/824
f 825/825 830/830 829/829
f 826/826 830/830 825/825
f 826/826 831/831 830/830
f 827/827 693/693 692/692
f 827/827 832/832 693/693
f 828/828 832/832 827/827
f 828/828 833/833 832/832
f 829/829 833/833 828/828
f 829/829 834/834 833/833
f 830/830 834/834 829/829
f 830/830 835/835 834/834
f 831/831 835/835 830/830
f 831/831 836/836 835/835
f 832/832 694/694 693/693
f 832/832 837/837 694/694
f 833/833 837/837 832/832
f 833/833 838/838 837/837
f 834/834 838/838 833/833
f 834/834 839/839 838/838
f 835/835 839/839 834/834
f 835/835 840/840 839/839
f 836/836 840/840 835/835
f 836/836 841/841 840/840
f 837/837 695/695 694/694
f 837/837 842/842 695/695
f 838/838 842/842 837/837
f 838/838 843/843 842/842
f 839/839 843/843 838/838
f 839/839 844/844 843/843
f 840/840 844/844 839/839
f 840/840 845/845 844/844
f 841/841 845/845 840/840
f 841/841 846/846 845/845
f 842/842 696/696 695/695
f 842/842 847/847 696/696
f 843/843 847/847 842/842
f 843/843 848/848 847/847
f 844/844 848/848 843/843
f 844/844 849/849 848/848
f 845/845 849/849 844/844
f 845/845 850/850 849/849
f 846/846 850/850 845/845
f 846/846 851/851 850/850
f 847/847 697/697 696/696
f 847/847 852/852 697/697
f 848/848 852/852 847/847
f 848/848 853/853 852/852
f 849/849 853/853 848/848
f 849/849 854/854 853/853
f 850/850 854/854 849/849
f 850/850 855/855 854/854
f 851/851 855/855 850/850
f 851/851 856/856 855/855
f 852/852 698/698 697/697
f 852/852 857/857 698/698
f 853/853 857/857 852/852
f 853/853 858/858 857/857
f 854/854 858/858 853/853
f 854/854 859/859 858/858
f 855/855 859/859 854/854
f 855/855 860/860 859/859
f 856/856 860/860 855/855
f 856/856 861/861 860/860
f 857/857 862/862 698/698
f 862/862 658/658 698/698
f 863/863 658/658 862/862
f 864/864 658/658 863/863
f 865/865 658/658 864/864
f 866/866 658/658 865/865
f 867/867 658/658 866/866
f 682/682 658/658 867/867
f 857/857 868/868 862/862
f 858/858 868/868 857/857
f 868/868 863/863 862/862
f 858/858 869/869 868/868
f 859/859 869/869 858/858
f 859/859 870/870 869/869
f 860/860 870/870 859/859
f 860/860 871/871 870/870
f 861/861 871/871 860/860
f 861/861 872/872 871/871
f 868/868 873/873 863/863
f 869/869 873/873 868/868
f 873/873 864/864 863/863
f 869/869 874/874 873/873
f 870/870 874/874 869/869
f 870/870 875/875 874/874
f 871/871 875/875 870/870
f 871/871 876/876 875/875
f 872/872 876/876 871/871
f 872/872 877/877 876/876
f 873/873 878/878 864/864
f 874/874 878/878 873/873
f 878/878 865/865 864/864
f 874/874 879/879 878/878
f 875/875 879/879 874/874
f 875/875 880/880 879/879
f 876/876 880/880 875/875
f 876/876 881/881 880/880
f 877/877 881/881 876/876
f 877/877 882/882 881/881
f 879/879 883/883 878/878
f 878/878 883/883 865/865
f 879/879 884/884 883/883
f 880/880 884/884 879/879
f 880/880 885/885 884/884
f 881/881 885/885 880/880
f 881/881 886/886 885/885
f 882/882 886/886 881/881
f 882/882 887/887 886/886
f 883/883 866/866 865/865
f 883/883 888/888 866/866
f 884/884 888/888 883/883
f 884/884 889/889 888/888
f 885/885 889/889 884/884
f 885/885 890/890 889/889
f 886/886 890/890 885/885
f 886/886 891/891 890/890
f 887/887 891/891 886/886
f 887/887 892/892 891/891
f 888/888 867/867 866/866
f 888/888 893/893 867/867
f 889/889 893/893 888/888
f 889/889 894/894 893/893
f 890/890 894/894 889/889
f 890/890 895/895 894/894
f 891/891 895/895 890/890
f 891/891 896/896 895/895
f 892/892 896/896 891/891
f 892/892 897/897 896/896
f 893/893 682/682 867/867
f 893/893 681/681 682/682
f 894/894 681/681 893/893
f 894/894 680/680 681/681
f 895/895 680/680 894/894
f 895/895 733/733 680/680
f 896/896 733/733 895/895
f 896/896 734/734 733/733
f 897/897 734/734 896/896
f 897/897 736/736 734/734
f 892/892 898/898 897/897
f 892/892 899/899 898/898
f 887/887 899/899 892/892
f 887/887 900/900 899/899
f 901/901 900/900 887/887
f 901/901 887/887 882/882
f 897/897 902/902 736/736
f 897/897 898/898 902/902
f 737/737 736/736 902/902
f 737/737 902/902 903/903
f 737/737 903/903 904/904
f 737/737 904/904 739/739
f 739/739 904/904 905/905
f 739/739 905/905 742/742
f 742/742 905/905 906/906
f 742/742 906/906 745/745
f 745/745 906/906 907/907
f 745/745 907/907 748/748
f 748/748 907/907 908/908
f 748/748 908/908 751/751
f 751/751 908/908 909/909
f 751/751 909/909 754/754
f 754/754 909/909 910/910
f 754/754 910/910 757/757
f 757/757 910/910 911/911
f 757/757 911/911 760/760
f 760/760 911/911 912/912
f 760/760 912/912 763/763
f 763/763 912/912 913/913
f 763/763 913/913 766/766
f 766/766 913/913 914/914
f 766/766 914/914 769/769
f 769/769 914/914 915/915
f 769/769 915/915 772/772
f 772/772 915/915 916/916
f 772/772 916/916 775/775
f 775/775 916/916 917/917
f 775/775 917/917 778/778
f 778/778 917/917 918/918
f 778/778 918/918 781/781
f 781/781 918/918 919/919
f 781/781 919/919 784/784
f 784/784 919/919 920/920
f 784/784 920/920 787/787
f 787/787 920/920 921/921
f 787/787 921/921 791/791
f 791/791 921/921 922/922
f 791/791 922/922 796/796
f 796/796 922/922 923/923
f 796/796 923/923 801/801
f 801/801 923/923 924/924
f 801/801 924/924 806/806
f 806/806 924/924 925/925
f 806/806 925/925 811/811
f 811/811 925/925 926/926
f 811/811 926/926 816/816
f 816/816 926/926 927/927
f 816/816 927/927 821/821
f 821/821 927/927 928/928
f 821/821 928/928 826/826
f 826/826 928/928 929/929
f 826/826 929/929 831/831
f 831/831 929/929 930/930
f 831/831 930/930 836/836
f 836/836 930/930 931/931
f 836/836 931/931 841/841
f 841/841 931/931 932/932
f 841/841 932/932 846/846
f 846/846 932/932 933/933
f 846/846 933/933 851/851
f 851/851 933/933 934/934
f 851/851 934/934 856/856
f 856/856 934/934 935/935
f 856/856 935/935 861/861
f 861/861 935/935 936/936
f 861/861 936/936 872/872
f 872/872 936/936 937/937
f 872/872 937/937 877/877
f 877/877 937/937 901/901
f 877/877 901/901 882/882
f 679/679 659/659 657/657
f 679/679 675/675 659/659
f 676/676 661/661 660/660
f 676/676 729/729 661/661
f 729/729 662/662 661/661
f 729/729 727/727 662/662
f 727/727 663/663 662/662
f 727/727 725/725 663/663
f 725/725 664/664 663/663
f 725/725 723/723 664/664
f 723/723 665/665 664/664
f 723/723 721/721 665/665
f 721/721 666/666 665/665
f 721/721 719/719 666/666
f 719/719 667/667 666/666
f 719/719 717/717 667/667
f 717/717 668/668 667/667
f 717/717 715/715 668/668
f 715/715 669/669 668/668
f 715/715 713/713 669/669
f 713/713 670/670 669/669
f 713/713 711/711 670/670
f 711/711 671/671 670/670
f 711/711 709/709 671/671
f 709/709 672/672 671/671
f 709/709 707/707 672/672
f 707/707 673/673 672/672
f 707/707 705/705 673/673
f 705/705 674/674 673/673
f 705/705 703/703 674/674
f 703/703 683/683 674/674
f 703/703 699/699 683/683
f 940/940 939/939 938/938
f 940/940 941/941 939/939
f 942/942 941/941 940/940
f 942/942 943/943 941/941
f 944/944 943/943 942/942
f 944/944 945/945 943/943
f 946/946 945/945 944/944
f 946/946 947/947 945/945
f 948/948 947/947 946/946
f 948/948 949/949 947/947
f 950/950 949/949 948/948
f 950/950 951/951 949/949
f 952/952 951/951 950/950
f 952/952 953/953 951/951
f 954/954 953/953 952/952
f 954/954 955/955 953/953
f 956/956 955/955 954/954
f 956/956 957/957 955/955
f 958/958 944/944 942/942
f 958/958 959/959 944/944
f 959/959 946/946 944/944
f 960/960 959/959 958/958
f 961/961 960/960 958/958
f 962/962 960/960 961/961
f 963/963 962/962 961/961
f 963/963 964/964 962/962
f 963/963 965/965 964/964
f 962/962 964/964 966/966
f 962/962 966/966 967/967
f 962/962 967/967 960/960
f 967/967 966/966 968/968
f 967/967 968/968 969/969
f 969/969 968/968 970/970
f 969/969 970/970 971/971
f 971/971 970/970 972/972
f 971/971 972/972 973/973
f 973/973 972/972 974/974
f 973/973 974/974 975/975
f 975/975 974/974 976/976
f 975/975 976/976 977/977
f 977/977 976/976 978/978
f 977/977 978/978 979/979
f 979/979 978/978 980/980
f 979/979 980/980 981/981
f 967/967 969/969 982/982
f 967/967 982/982 960/960
f 960/960 982/982 959/959
f 982/982 983/983 959/959
f 959/959 983/983 946/946
f 982/982 984/984 983/983
f 969/969 984/984 982/982
f 969/969 971/971 984/984
f 971/971 985/985 984/984
f 971/971 973/973 985/985
f 983/983 948/948 946/946
f 983/983 986/986 948/948
f 984/984 986/986 983/983
f 984/984 985/985 986/986
f 973/973 987/987 985/985
f 973/973 975/975 987/987
f 986/986 950/950 948/948
f 986/986 988/988 950/950
f 985/985 988/988 986/986
f 985/985 987/987 988/988
f 975/975 989/989 987/987
f 975/975 977/977 989/989
f 988/988 952/952 950/950
f 988/988 990/990 952/952
f 987/987 990/990 988/988
f 987/987 989/989 990/990
f 977/977 991/991 989/989
f 977/977 979/979 991/991
f 990/990 954/954 952/952
f 990/990 992/992 954/954
f 989/989 992/992 990/990
f 989/989 991/991 992/992
f 979/979 993/993 991/991
f 979/979 981/981 993/993
f 992/992 956/956 954/954
f 992/992 994/994 956/956
f 991/991 994/994 992/992
f 991/991 993/993 994/994
f 997/997 996/996 995/995
f 997/997 998/998 996/996
f 999/999 998/998 997/997
f 999/999 1000/1000 998/998
f 1001/1001 1000/1000 999/999
f 1001/1001 1002/1002 1000/1000
f 1003/1003 1002/1002 1001/1001
f 1003/1003 1004/1004 1002/1002
f 1005/1005 1004/1004 1003/1003
f 1005/1005 1006/1006 1004/1004
f 1007/1007 1006/1006 1005/1005
f 1007/1007 1008/1008 1006/1006
f 1009/1009 1008/1008 1007/1007
f 1009/1009 1010/1010 1008/1008
f 1011/1011 1010/1010 1009/1009
f 1011/1011 1012/1012 1010/1010
f 1013/1013 1012/1012 1011/1011
f 1013/1013 1014/1014 1012/1012
f 1015/1015 1014/1014 1013/1013
f 1015/1015 1016/1016 1014/1014
f 1017/1017 1016/1016 1015/1015
f 1017/1017 1018/1018 1016/1016
f 1019/1019 1018/1018 1017/1017
f 1019/1019 1020/1020 1018/1018
f 1021/1021 1020/1020 1019/1019
f 1021/1021 1022/1022 1020/1020
f 1023/1023 1022/1022 1021/1021
f 1023/1023 1024/1024 1022/1022
f 1025/1025 1024/1024 1023/1023
f 1025/1025 1026/1026 1024/1024
f 1027/1027 1026/1026 1025/1025
f 1027/1027 1028/1028 1026/1026
f 1029/1029 1028/1028 1027/1027
f 1029/1029 1030/1030 1028/1028
f 1031/1031 1030/1030 1029/1029
f 1031/1031 1032/1032 1030/1030
f 1033/1033 1032/1032 1031/1031
f 1033/1033 1034/1034 1032/1032
f 1035/1035 1034/1034 1033/1033
f 1035/1035 1036/1036 1034/1034
f 1037/1037 1036/1036 1035/1035
f 1037/1037 1038/1038 1036/1036
f 1039/1039 1038/1038 1037/1037
f 1039/1039 1040/1040 1038/1038
f 1041/1041 1040/1040 1039/1039
f 1041/1041 1042/1042 1040/1040
f 1043/1043 1042/1042 1041/1041
f 1043/1043 1044/1044 1042/1042
f 1045/1045 1044/1044 1043/1043
f 1045/1045 1046/1046 1044/1044
f 1047/1047 1046/1046 1045/1045
f 1047/1047 1048/1048 1046/1046
f 1049/1049 1048/1048 1047/1047
f 1049/1049 1050/1050 1048/1048
f 1051/1051 1050/1050 1049/1049
f 1051/1051 1052/1052 1050/1050
f 1053/1053 1052/1052 1051/1051
f 1053/1053 1054/1054 1052/1052
f 1055/1055 1054/1054 1053/1053
f 1055/1055 1056/1056 1054/1054
f 938/938 1056/1056 1055/1055
f 938/938 939/939 1056/1056
f 1057/1057 1045/1045 1043/1043
f 1057/1057 1058/1058 1045/1045
f 1058/1058 1047/1047 1045/1045
f 1059/1059 1058/1058 1057/1057
f 1060/1060 1059/1059 1057/1057
f 1061/1061 1059/1059 1060/1060
f 1062/1062 1061/1061 1060/1060
f 1062/1062 1063/1063 1061/1061
f 1062/1062 1064/1064 1063/1063
f 1065/1065 1064/1064 1062/1062
f 1065/1065 1066/1066 1064/1064
f 1067/1067 1066/1066 1065/1065
f 1067/1067 1068/1068 1066/1066
f 1069/1069 1068/1068 1067/1067
f 1069/1069 1070/1070 1068/1068
f 1071/1071 1070/1070 1069/1069
f 1071/1071 1072/1072 1070/1070
f 1073/1073 1072/1072 1071/1071
f 1073/1073 1074/1074 1072/1072
f 1075/1075 1074/1074 1073/1073
f 1075/1075 1076/1076 1074/1074
f 1077/1077 1076/1076 1075/1075
f 1077/1077 1078/1078 1076/1076
f 1079/1079 1078/1078 1077/1077
f 1079/1079 1080/1080 1078/1078
f 1081/1081 1080/1080 1079/1079
f 1081/1081 1082/1082 1080/1080
f 1083/1083 1082/1082 1081/1081
f 1083/1083 1084/1084 1082/1082
f 1085/1085 1084/1084 1083/1083
f 1085/1085 1086/1086 1084/1084
f 1087/1087 1086/1086 1085/1085
f 1087/1087 1088/1088 1086/1086
f 1089/1089 1088/1088 1087/1087
f 1089/1089 1090/1090 1088/1088
f 1091/1091 1090/1090 1089/1089
f 1091/1091 1092/1092 1090/1090
f 1093/1093 1092/1092 1091/1091
f 1093/1093 1094/1094 1092/1092
f 1095/1095 1094/1094 1093/1093
f 1095/1095 1096/1096 1094/1094
f 1097/1097 1096/1096 1095/1095
f 1097/1097 1098/1098 1096/1096
f 1099/1099 1098/1098 1097/1097
f 1099/1099 1100/1100 1098/1098
f 1101/1101 1100/1100 1099/1099
f 1101/1101 1102/1102 1100/1100
f 1103/1103 1102/1102 1101/1101
f 1103/1103 1104/1104 1102/1102
f 1105/1105 1104/1104 1103/1103
f 1105/1105 1106/1106 1104/1104
f 1107/1107 1106/1106 1105/1105
f 1107/1107 1108/1108 1106/1106
f 1107/1107 1105/1105 1109/1109
f 1107/1107 1109/1109 1110/1110
f 1110/1110 1109/1109 1111/1111
f 1110/1110 1111/1111 1112/1112
f 1112/1112 1111/1111 997/997
f 1112/1112 997/997 995/995
f 1105/1105 1113/1113 1109/1109
f 1105/1105 1103/1103 1113/1113
f 1111/1111 999/999 997/997
f 1111/1111 1114/1114 999/999
f 1109/1109 1114/1114 1111/1111
f 1109/1109 1113/1113 1114/1114
f 1103/1103 1115/1115 1113/1113
f 1103/1103 1101/1101 1115/1115
f 1114/1114 1001/1001 999/999
f 1114/1114 1116/1116 1001/1001
f 1113/1113 1116/1116 1114/1114
f 1113/1113 1115/1115 1116/1116
f 1101/1101 1117/1117 1115/1115
f 1101/1101 1099/1099 1117/1117
f 1116/1116 1003/1003 1001/1001
f 1116/1116 1118/1118 1003/1003
f 1115/1115 1118/1118 1116/1116
f 1115/1115 1117/1117 1118/1118
f 1099/1099 1119/1119 1117/1117
f 1099/1099 1097/1097 1119/1119
f 1118/1118 1005/1005 1003/1003
f 1118/1118 1120/1120 1005/1005
f 1117/1117 1120/1120 1118/1118
f 1117/1117 1119/1119 1120/1120
f 1097/1097 1121/1121 1119/1119
f 1097/1097 1095/1095 1121/1121
f 1120/1120 1007/1007 1005/1005
f 1120/1120 1122/1122 1007/1007
f 1119/1119 1122/1122 1120/1120
f 1119/1119 1121/1121 1122/1122
f 1095/1095 1123/1123 1121/1121
f 1095/1095 1093/1093 1123/1123
f 1122/1122 1009/1009 1007/1007
f 1122/1122 1124/1124 1009/1009
f 1121/1121 1124/1124 1122/1122
f 1121/1121 1123/1123 1124/1124
f 1093/1093 1125/1125 1123/1123
f 1093/1093 1091/1091 1125/1125
f 1124/1124 1011/1011 1009/1009
f 1124/1124 1126/1126 1011/1011
f 1123/1123 1126/1126 1124/1124
f 1123/1123 1125/1125 1126/1126
f 1091/1091 1127/1127 1125/1125
f 1091/1091 1089/1089 1127/1127
f 1126/1126 1013/1013 1011/1011
f 1126/1126 1128/1128 1013/1013
f 1125/1125 1128/1128 1126/1126
f 1125/1125 1127/1127 1128/1128
f 1089/1089 1129/1129 1127/1127
f 1089/1089 1087/1087 1129/1129
f 1128/1128 1015/1015 1013/1013
f 1128/1128 1130/1130 1015/1015
f 1127/1127 1130/1130 1128/1128
f 1127/1127 1129/1129 1130/1130
f 1087/1087 1131/1131 1129/1129
f 1087/1087 1085/1085 1131/1131
f 1130/1130 1017/1017 1015/1015
f 1130/1130 1132/1132 1017/1017
f 1129/1129 1132/1132 1130/1130
f 1129/1129 1131/1131 1132/1132
f 1085/1085 1133/1133 1131/1131
f 1085/1085 1083/1083 1133/1133
f 1132/1132 1019/1019 1017/1017
f 1132/1132 1134/1134 1019/1019
f 1131/1131 1134/1134 1132/1132
f 1131/1131 1133/1133 1134/1134
f 1083/1083 1135/1135 1133/1133
f 1083/1083 1081/1081 1135/1135
f 1134/1134 1021/1021 1019/1019
f 1134/1134 1136/1136 1021/1021
f 1133/1133 1136/1136 1134/1134
f 1133/1133 1135/1135 1136/1136
f 1081/1081 1137/1137 1135/1135
f 1081/1081 1079/1079 1137/1137
f 1136/1136 1023/1023 1021/1021
f 1136/1136 1138/1138 1023/1023
f 1135/1135 1138/1138 1136/1136
f 1135/1135 1137/1137 1138/1138
f 1079/1079 1139/1139 1137/1137
f 1079/1079 1077/1077 1139/1139
f 1138/1138 1025/1025 1023/1023
f 1138/1138 1140/1140 1025/1025
f 1137/1137 1140/1140 1138/1138
f 1137/1137 1139/1139 1140/1140
f 1077/1077 1141/1141 1139/1139
f 1077/1077 1075/1075 1141/1141
f 1140/1140 1027/1027 1025/1025
f 1140/1140 1142/1142 1027/1027
f 1139/1139 1142/1142 1140/1140
f 1139/1139 1141/1141 1142/1142
f 1075/1075 1143/1143 1141/1141
f 1075/1075 1073/1073 1143/1143
f 1142/1142 1029/1029 1027/1027
f 1142/1142 1144/1144 1029/1029
f 1141/1141 1144/1144 1142/1142
f 1141/1141 1143/1143 1144/1144
f 1073/1073 1145/1145 1143/1143
f 1073/1073 1071/1071 1145/1145
f 1144/1144 1031/1031 1029/1029
f 1144/1144 1146/1146 1031/1031
f 1143/1143 1146/1146 1144/1144
f 1143/1143 1145/1145 1146/1146
f 1071/1071 1147/1147 1145/1145
f 1071/1071 1069/1069 1147/1147
f 1146/1146 1033/1033 1031/1031
f 1146/1146 1148/1148 1033/1033
f 1145/1145 1148/1148 1146/1146
f 1145/1145 1147/1147 1148/1148
f 1069/1069 1149/1149 1147/1147
f 1069/1069 1067/1067 1149/1149
f 1148/1148 1035/1035 1033/1033
f 1148/1148 1150/1150 1035/1035
f 1147/1147 1150/1150 1148/1148
f 1147/1147 1149/1149 1150/1150
f 1067/1067 1151/1151 1149/1149
f 1067/1067 1065/1065 1151/1151
f 1150/1150 1037/1037 1035/1035
f 1150/1150 1152/1152 1037/1037
f 1149/1149 1152/1152 1150/1150
f 1149/1149 1151/1151 1152/1152
f 1065/1065 1153/1153 1151/1151
f 1065/1065 1062/1062 1153/1153
f 1152/1152 1039/1039 1037/1037
f 1152/1152 1154/1154 1039/1039
f 1151/1151 1154/1154 1152/1152
f 1151/1151 1153/1153 1154/1154
f 1062/1062 1060/1060 1153/1153
f 1154/1154 1041/1041 1039/1039
f 1154/1154 1155/1155 1041/1041
f 1153/1153 1155/1155 1154/1154
f 1153/1153 1060/1060 1155/1155
f 1155/1155 1043/1043 1041/1041
f 1155/1155 1057/1057 1043/1043
f 1060/1060 1057/1057 1155/1155
f 1061/1061 1157/1157 1156/1156
f 1061/1061 1063/1063 1157/1157
f 1156/1156 1157/1157 1158/1158
f 1156/1156 1158/1158 1159/1159
f 1159/1159 1158/1158 1160/1160
f 1159/1159 1160/1160 1161/1161
f 1161/1161 1160/1160 1162/1162
f 1161/1161 1162/1162 1163/1163
f 1163/1163 1162/1162 1164/1164
f 1163/1163 1164/1164 1165/1165
f 1165/1165 1164/1164 1166/1166
f 1165/1165 1166/1166 1167/1167
f 1167/1167 1166/1166 1168/1168
f 1167/1167 1168/1168 1169/1169
f 1169/1169 1168/1168 965/965
f 1169/1169 965/965 963/963
f 1159/1159 1161/1161 1170/1170
f 1159/1159 1170/1170 1171/1171
f 1156/1156 1159/1159 1171/1171
f 1156/1156 1171/1171 1059/1059
f 1061/1061 1156/1156 1059/1059
f 1059/1059 1171/1171 1058/1058
f 1171/1171 1172/1172 1058/1058
f 1171/1171 1170/1170 1172/1172
f 1058/1058 1172/1172 1047/1047
f 1172/1172 1049/1049 1047/1047
f 1172/1172 1173/1173 1049/1049
f 1170/1170 1173/1173 1172/1172
f 1170/1170 1174/1174 1173/1173
f 1161/1161 1174/1174 1170/1170
f 1161/1161 1163/1163 1174/1174
f 1163/1163 1175/1175 1174/1174
f 1163/1163 1165/1165 1175/1175
f 1173/1173 1051/1051 1049/1049
f 1173/1173 1176/1176 1051/1051
f 1174/1174 1176/1176 1173/1173
f 1174/1174 1175/1175 1176/1176
f 1165/1165 1177/1177 1175/1175
f 1165/1165 1167/1167 1177/1177
f 1176/1176 1053/1053 1051/1051
f 1176/1176 1178/1178 1053/1053
f 1175/1175 1178/1178 1176/1176
f 1175/1175 1177/1177 1178/1178
f 1167/1167 1179/1179 1177/1177
f 1167/1167 1169/1169 1179/1179
f 1178/1178 1055/1055 1053/1053
f 1178/1178 1180/1180 1055/1055
f 1177/1177 1180/1180 1178/1178
f 1177/1177 1179/1179 1180/1180
f 1181/1181 1179/1179 1169/1169
f 1181/1181 1169/1169 963/963
f 963/963 961/961 1181/1181
f 1181/1181 961/961 1182/1182
f 1181/1181 1182/1182 1183/1183
f 1183/1183 1179/1179 1181/1181
f 1183/1183 1180/1180 1179/1179
f 1183/1183 1182/1182 940/940
f 1183/1183 940/940 938/938
f 938/938 1180/1180 1183/1183
f 938/938 1055/1055 1180/1180
f 1182/1182 942/942 940/940
f 1182/1182 958/958 942/942
f 961/961 958/958 1182/1182
f 1186/1186 1185/1185 1184/1184
f 1186/1186 1187/1187 1185/1185
f 1184/1184 1185/1185 1188/1188
f 1184/1184 1188/1188 1189/1189
f 1189/1189 1188/1188 1190/1190
f 1189/1189 1190/1190 1191/1191
f 1191/1191 1190/1190 1192/1192
f 1191/1191 1192/1192 1193/1193
f 1193/1193 1192/1192 1194/1194
f 1193/1193 1194/1194 1195/1195
f 1195/1195 1194/1194 1196/1196
f 1195/1195 1196/1196 1197/1197
f 1197/1197 1196/1196 1198/1198
f 1197/1197 1198/1198 1199/1199
f 1199/1199 1198/1198 1200/1200
f 1199/1199 1200/1200 1201/1201
f 1201/1201 1200/1200 1202/1202
f 1201/1201 1202/1202 1203/1203
f 1189/1189 1191/1191 1204/1204
f 1189/1189 1204/1204 1205/1205
f 1184/1184 1189/1189 1205/1205
f 1184/1184 1205/1205 1206/1206
f 1186/1186 1184/1184 1206/1206
f 1186/1186 1206/1206 1207/1207
f 1207/1207 1206/1206 1208/1208
f 1207/1207 1208/1208 1209/1209
f 1209/1209 1208/1208 964/964
f 1209/1209 964/964 965/965
f 1208/1208 966/966 964/964
f 1208/1208 1210/1210 966/966
f 1206/1206 1210/1210 1208/1208
f 1206/1206 1205/1205 1210/1210
f 1210/1210 968/968 966/966
f 1210/1210 1211/1211 968/968
f 1205/1205 1211/1211 1210/1210
f 1205/1205 1204/1204 1211/1211
f 1211/1211 970/970 968/968
f 1211/1211 1212/1212 970/970
f 1204/1204 1212/1212 1211/1211
f 1204/1204 1213/1213 1212/1212
f 1191/1191 1213/1213 1204/1204
f 1191/1191 1193/1193 1213/1213
f 1193/1193 1214/1214 1213/1213
f 1193/1193 1195/1195 1214/1214
f 1212/1212 972/972 970/970
f 1212/1212 1215/1215 972/972
f 1213/1213 1215/1215 1212/1212
f 1213/1213 1214/1214 1215/1215
f 1195/1195 1216/1216 1214/1214
f 1195/1195 1197/1197 1216/1216
f 1215/1215 974/974 972/972
f 1215/1215 1217/1217 974/974
f 1214/1214 1217/1217 1215/1215
f 1214/1214 1216/1216 1217/1217
f 1197/1197 1218/1218 1216/1216
f 1197/1197 1199/1199 1218/1218
f 1217/1217 976/976 974/974
f 1217/1217 1219/1219 976/976
f 1216/1216 1219/1219 1217/1217
f 1216/1216 1218/1218 1219/1219
f 1199/1199 1220/1220 1218/1218
f 1199/1199 1201/1201 1220/1220
f 1219/1219 978/978 976/976
f 1219/1219 1221/1221 978/978
f 1218/1218 1221/1221 1219/1219
f 1218/1218 1220/1220 1221/1221
f 1201/1201 1222/1222 1220/1220
f 1201/1201 1203/1203 1222/1222
f 1221/1221 980/980 978/978
f 1221/1221 1223/1223 980/980
f 1220/1220 1223/1223 1221/1221
f 1220/1220 1222/1222 1223/1223
f 1226/1226 1225/1225 1224/1224
f 1226/1226 1227/1227 1225/1225
f 1224/1224 1225/1225 1228/1228
f 1224/1224 1228/1228 1229/1229
f 1229/1229 1228/1228 1230/1230
f 1229/1229 1230/1230 1231/1231
f 1231/1231 1230/1230 1232/1232
f 1231/1231 1232/1232 1233/1233
f 1233/1233 1232/1232 1234/1234
f 1233/1233 1234/1234 1235/1235
f 1235/1235 1234/1234 1236/1236
f 1235/1235 1236/1236 1237/1237
f 1237/1237 1236/1236 1238/1238
f 1237/1237 1238/1238 1239/1239
f 1239/1239 1238/1238 1240/1240
f 1239/1239 1240/1240 1241/1241
f 1241/1241 1240/1240 1242/1242
f 1241/1241 1242/1242 1243/1243
f 1243/1243 1242/1242 1244/1244
f 1243/1243 1244/1244 1245/1245
f 1245/1245 1244/1244 1246/1246
f 1245/1245 1246/1246 1247/1247
f 1247/1247 1246/1246 1248/1248
f 1247/1247 1248/1248 1249/1249
f 1249/1249 1248/1248 1250/1250
f 1249/1249 1250/1250 1251/1251
f 1251/1251 1250/1250 1252/1252
f 1251/1251 1252/1252 1253/1253
f 1253/1253 1252/1252 1254/1254
f 1253/1253 1254/1254 1255/1255
f 1255/1255 1254/1254 1256/1256
f 1255/1255 1256/1256 1257/1257
f 1257/1257 1256/1256 1258/1258
f 1257/1257 1258/1258 1259/1259
f 1259/1259 1258/1258 1260/1260
f 1259/1259 1260/1260 1261/1261
f 1261/1261 1260/1260 1262/1262
f 1261/1261 1262/1262 1263/1263
f 1263/1263 1262/1262 1264/1264
f 1263/1263 1264/1264 1265/1265
f 1265/1265 1264/1264 1266/1266
f 1265/1265 1266/1266 1267/1267
f 1267/1267 1266/1266 1268/1268
f 1267/1267 1268/1268 1269/1269
f 1269/1269 1268/1268 1270/1270
f 1269/1269 1270/1270 1271/1271
f 1271/1271 1270/1270 1272/1272
f 1271/1271 1272/1272 1273/1273
f 1273/1273 1272/1272 1274/1274
f 1273/1273 1274/1274 1275/1275
f 1275/1275 1274/1274 1276/1276
f 1275/1275 1276/1276 1277/1277
f 1277/1277 1276/1276 1278/1278
f 1277/1277 1278/1278 1279/1279
f 1279/1279 1278/1278 1280/1280
f 1279/1279 1280/1280 1281/1281
f 1281/1281 1280/1280 1282/1282
f 1281/1281 1282/1282 1283/1283
f 1283/1283 1282/1282 1284/1284
f 1283/1283 1284/1284 1285/1285
f 1285/1285 1284/1284 1187/1187
f 1285/1285 1187/1187 1186/1186
f 1273/1273 1275/1275 1286/1286
f 1273/1273 1286/1286 1287/1287
f 1271/1271 1273/1273 1287/1287
f 1271/1271 1287/1287 1288/1288
f 1269/1269 1271/1271 1288/1288
f 1269/1269 1288/1288 1289/1289
f 1267/1267 1269/1269 1289/1289
f 1267/1267 1289/1289 1290/1290
f 1265/1265 1267/1267 1290/1290
f 1265/1265 1290/1290 1291/1291
f 1263/1263 1265/1265 1291/1291
f 1263/1263 1291/1291 1292/1292
f 1261/1261 1263/1263 1292/1292
f 1261/1261 1292/1292 1293/1293
f 1259/1259 1261/1261 1293/1293
f 1259/1259 1293/1293 1294/1294
f 1257/1257 1259/1259 1294/1294
f 1257/1257 1294/1294 1295/1295
f 1255/1255 1257/1257 1295/1295
f 1255/1255 1295/1295 1296/1296
f 1253/1253 1255/1255 1296/1296
f 1253/1253 1296/1296 1297/1297
f 1251/1251 1253/1253 1297/1297
f 1251/1251 1297/1297 1298/1298
f 1249/1249 1251/1251 1298/1298
f 1249/1249 1298/1298 1299/1299
f 1247/1247 1249/1249 1299/1299
f 1247/1247 1299/1299 1300/1300
f 1245/1245 1247/1247 1300/1300
f 1245/1245 1300/1300 1301/1301
f 1243/1243 1245/1245 1301/1301
f 1243/1243 1301/1301 1302/1302
f 1241/1241 1243/1243 1302/1302
f 1241/1241 1302/1302 1303/1303
f 1239/1239 1241/1241 1303/1303
f 1239/1239 1303/1303 1304/1304
f 1237/1237 1239/1239 1304/1304
f 1237/1237 1304/1304 1305/1305
f 1235/1235 1237/1237 1305/1305
f 1235/1235 1305/1305 1306/1306
f 1233/1233 1235/1235 1306/1306
f 1233/1233 1306/1306 1307/1307
f 1231/1231 1233/1233 1307/1307
f 1231/1231 1307/1307 1308/1308
f 1229/1229 1231/1231 1308/1308
f 1229/1229 1308/1308 1309/1309
f 1224/1224 1229/1229 1309/1309
f 1224/1224 1309/1309 1310/1310
f 1226/1226 1224/1224 1310/1310
f 1226/1226 1310/1310 1311/1311
f 1311/1311 1310/1310 1312/1312
f 1311/1311 1312/1312 1313/1313
f 1313/1313 1312/1312 1106/1106
f 1313/1313 1106/1106 1108/1108
f 1312/1312 1104/1104 1106/1106
f 1312/1312 1314/1314 1104/1104
f 1310/1310 1314/1314 1312/1312
f 1310/1310 1309/1309 1314/1314
f 1314/1314 1102/1102 1104/1104
f 1314/1314 1315/1315 1102/1102
f 1309/1309 1315/1315 1314/1314
f 1309/1309 1308/1308 1315/1315
f 1315/1315 1100/1100 1102/1102
f 1315/1315 1316/1316 1100/1100
f 1308/1308 1316/1316 1315/1315
f 1308/1308 1307/1307 1316/1316
f 1316/1316 1098/1098 1100/1100
f 1316/1316 1317/1317 1098/1098
f 1307/1307 1317/1317 1316/1316
f 1307/1307 1306/1306 1317/1317
f 1317/1317 1096/1096 1098/1098
f 1317/1317 1318/1318 1096/1096
f 1306/1306 1318/1318 1317/1317
f 1306/1306 1305/1305 1318/1318
f 1318/1318 1094/1094 1096/1096
f 1318/1318 1319/1319 1094/1094
f 1305/1305 1319/1319 1318/1318
f 1305/1305 1304/1304 1319/1319
f 1319/1319 1092/1092 1094/1094
f 1319/1319 1320/1320 1092/1092
f 1304/1304 1320/1320 1319/1319
f 1304/1304 1303/1303 1320/1320
f 1320/1320 1090/1090 1092/1092
f 1320/1320 1321/1321 1090/1090
f 1303/1303 1321/1321 1320/1320
f 1303/1303 1302/1302 1321/1321
f 1321/1321 1088/1088 1090/1090
f 1321/1321 1322/1322 1088/1088
f 1302/1302 1322/1322 1321/1321
f 1302/1302 1301/1301 1322/1322
f 1322/1322 1086/1086 1088/1088
f 1322/1322 1323/1323 1086/1086
f 1301/1301 1323/1323 1322/1322
f 1301/1301 1300/1300 1323/1323
f 1323/1323 1084/1084 1086/1086
f 1323/1323 1324/1324 1084/1084
f 1300/1300 1324/1324 1323/1323
f 1300/1300 1299/1299 1324/1324
f 1324/1324 1082/1082 1084/1084
f 1324/1324 1325/1325 1082/1082
f 1299/1299 1325/1325 1324/1324
f 1299/1299 1298/1298 1325/1325
f 1325/1325 1080/1080 1082/1082
f 1325/1325 1326/1326 1080/1080
f 1298/1298 1326/1326 1325/1325
f 1298/1298 1297/1297 1326/1326
f 1326/1326 1078/1078 1080/1080
f 1326/1326 1327/1327 1078/1078
f 1297/1297 1327/1327 1326/1326
f 1297/1297 1296/1296 1327/1327
f 1327/1327 1076/1076 1078/1078
f 1327/1327 1328/1328 1076/1076
f 1296/1296 1328/1328 1327/1327
f 1296/1296 1295/1295 1328/1328
f 1328/1328 1074/1074 1076/1076
f 1328/1328 1329/1329 1074/1074
f 1295/1295 1329/1329 1328/1328
f 1295/1295 1294/1294 1329/1329
f 1329/1329 1072/1072 1074/1074
f 1329/1329 1330/1330 1072/1072
f 1294/1294 1330/1330 1329/1329
f 1294/1294 1293/1293 1330/1330
f 1330/1330 1070/1070 1072/1072
f 1330/1330 1331/1331 1070/1070
f 1293/1293 1331/1331 1330/1330
f 1293/1293 1292/1292 1331/1331
f 1331/1331 1068/1068 1070/1070
f 1331/1331 1332/1332 1068/1068
f 1292/1292 1332/1332 1331/1331
f 1292/1292 1291/1291 1332/1332
f 1332/1332 1066/1066 1068/1068
f 1332/1332 1333/1333 1066/1066
f 1291/1291 1333/1333 1332/1332
f 1291/1291 1290/1290 1333/1333
f 1333/1333 1064/1064 1066/1066
f 1333/1333 1334/1334 1064/1064
f 1290/1290 1334/1334 1333/1333
f 1290/1290 1289/1289 1334/1334
f 1334/1334 1063/1063 1064/1064
f 1334/1334 1335/1335 1063/1063
f 1289/1289 1335/1335 1334/1334
f 1289/1289 1288/1288 1335/1335
f 1335/1335 1157/1157 1063/1063
f 1335/1335 1336/1336 1157/1157
f 1288/1288 1336/1336 1335/1335
f 1288/1288 1287/1287 1336/1336
f 1336/1336 1158/1158 1157/1157
f 1336/1336 1337/1337 1158/1158
f 1287/1287 1337/1337 1336/1336
f 1287/1287 1286/1286 1337/1337
f 1337/1337 1160/1160 1158/1158
f 1337/1337 1338/1338 1160/1160
f 1286/1286 1338/1338 1337/1337
f 1286/1286 1339/1339 1338/1338
f 1275/1275 1339/1339 1286/1286
f 1275/1275 1277/1277 1339/1339
f 1277/1277 1340/1340 1339/1339
f 1277/1277 1279/1279 1340/1340
f 1338/1338 1162/1162 1160/1160
f 1338/1338 1341/1341 1162/1162
f 1339/1339 1341/1341 1338/1338
f 1339/1339 1340/1340 1341/1341
f 1279/1279 1342/1342 1340/1340
f 1279/1279 1281/1281 1342/1342
f 1341/1341 1164/1164 1162/1162
f 1341/1341 1343/1343 1164/1164
f 1340/1340 1343/1343 1341/1341
f 1340/1340 1342/1342 1343/1343
f 1281/1281 1344/1344 1342/1342
f 1281/1281 1283/1283 1344/1344
f 1343/1343 1166/1166 1164/1164
f 1343/1343 1345/1345 1166/1166
f 1342/1342 1345/1345 1343/1343
f 1342/1342 1344/1344 1345/1345
f 1283/1283 1346/1346 1344/1344
f 1283/1283 1285/1285 1346/1346
f 1345/1345 1168/1168 1166/1166
f 1345/1345 1347/1347 1168/1168
f 1344/1344 1347/1347 1345/1345
f 1344/1344 1346/1346 1347/1347
f 1207/1207 1346/1346 1285/1285
f 1207/1207 1285/1285 1186/1186
f 1209/1209 1346/1346 1207/1207
f 1209/1209 1347/1347 1346/1346
f 965/965 1347/1347 1209/1209
f 965/965 1168/1168 1347/1347
f 1048/1048 1348/1348 1046/1046
f 1048/1048 1349/1349 1348/1348
f 1046/1046 1348/1348 1350/1350
f 1046/1046 1350/1350 1044/1044
f 1044/1044 1350/1350 1351/1351
f 1044/1044 1351/1351 1042/1042
f 1042/1042 1351/1351 1352/1352
f 1042/1042 1352/1352 1040/1040
f 1040/1040 1352/1352 1353/1353
f 1040/1040 1353/1353 1038/1038
f 1038/1038 1353/1353 1354/1354
f 1038/1038 1354/1354 1036/1036
f 1036/1036 1354/1354 1355/1355
f 1036/1036 1355/1355 1034/1034
f 1034/1034 1355/1355 1356/1356
f 1034/1034 1356/1356 1032/1032
f 1032/1032 1356/1356 1357/1357
f 1032/1032 1357/1357 1030/1030
f 1030/1030 1357/1357 1358/1358
f 1030/1030 1358/1358 1028/1028
f 1028/1028 1358/1358 1359/1359
f 1028/1028 1359/1359 1026/1026
f 1026/1026 1359/1359 1360/1360
f 1026/1026 1360/1360 1024/1024
f 1024/1024 1360/1360 1361/1361
f 1024/1024 1361/1361 1022/1022
f 1022/1022 1361/1361 1362/1362
f 1022/1022 1362/1362 1020/1020
f 1020/1020 1362/1362 1363/1363
f 1020/1020 1363/1363 1018/1018
f 1018/1018 1363/1363 1364/1364
f 1018/1018 1364/1364 1016/1016
f 1016/1016 1364/1364 1365/1365
f 1016/1016 1365/1365 1014/1014
f 1014/1014 1365/1365 1366/1366
f 1014/1014 1366/1366 1012/1012
f 1012/1012 1366/1366 1367/1367
f 1012/1012 1367/1367 1010/1010
f 1010/1010 1367/1367 1368/1368
f 1010/1010 1368/1368 1008/1008
f 1008/1008 1368/1368 1369/1369
f 1008/1008 1369/1369 1006/1006
f 1006/1006 1369/1369 1370/1370
f 1006/1006 1370/1370 1004/1004
f 1004/1004 1370/1370 1371/1371
f 1004/1004 1371/1371 1002/1002
f 1002/1002 1371/1371 1372/1372
f 1002/1002 1372/1372 1000/1000
f 1000/1000 1372/1372 1373/1373
f 1000/1000 1373/1373 998/998
f 998/998 1373/1373 1374/1374
f 998/998 1374/1374 996/996
f 957/957 1375/1375 955/955
f 957/957 1376/1376 1375/1375
f 955/955 1375/1375 1377/1377
f 955/955 1377/1377 953/953
f 953/953 1377/1377 1378/1378
f 953/953 1378/1378 951/951
f 951/951 1378/1378 1379/1379
f 951/951 1379/1379 949/949
f 949/949 1379/1379 1380/1380
f 949/949 1380/1380 947/947
f 947/947 1380/1380 1381/1381
f 947/947 1381/1381 945/945
f 945/945 1381/1381 1382/1382
f 945/945 1382/1382 943/943
f 943/943 1382/1382 1383/1383
f 943/943 1383/1383 941/941
f 941/941 1383/1383 1384/1384
f 941/941 1384/1384 939/939
f 939/939 1384/1384 1385/1385
f 939/939 1385/1385 1056/1056
f 1056/1056 1385/1385 1386/1386
f 1056/1056 1386/1386 1054/1054
f 1054/1054 1386/1386 1387/1387
f 1054/1054 1387/1387 1052/1052
f 1052/1052 1387/1387 1388/1388
f 1052/1052 1388/1388 1050/1050
f 1050/1050 1388/1388 1349/1349
f 1050/1050 1349/1349 1048/1048
f 1391/1391 1390/1390 1389/1389
f 1391/1391 1392/1392 1390/1390
f 1393/1393 1392/1392 1391/1391
f 1393/1393 1394/1394 1392/1392
f 1395/1395 1394/1394 1393/1393
f 1396/1396 1394/1394 1395/1395
f 1397/1397 1394/1394 1396/1396
f 1398/1398 1394/1394 1397/1397
f 1398/1398 1399/1399 1394/1394
f 1400/1400 1399/1399 1398/1398
f 1401/1401 1399/1399 1400/1400
f 1399/1399 1401/1401 1402/1402
f 1399/1399 1402/1402 1403/1403
f 1404/1404 1399/1399 1403/1403
f 1394/1394 1404/1404 1392/1392
f 1394/1394 1399/1399 1404/1404
f 1404/1404 1403/1403 1405/1405
f 1406/1406 1404/1404 1405/1405
f 1392/1392 1404/1404 1406/1406
f 1406/1406 1405/1405 1407/1407
f 1408/1408 1406/1406 1407/1407
f 1408/1408 1407/1407 1409/1409
f 1410/1410 1408/1408 1409/1409
f 1410/1410 1409/1409 1411/1411
f 1412/1412 1410/1410 1411/1411
f 1412/1412 1411/1411 1413/1413
f 1414/1414 1412/1412 1413/1413
f 1414/1414 1413/1413 1415/1415
f 1416/1416 1414/1414 1415/1415
f 1416/1416 1415/1415 1417/1417
f 1418/1418 1416/1416 1417/1417
f 1418/1418 1417/1417 1419/1419
f 1420/1420 1418/1418 1419/1419
f 1420/1420 1419/1419 1421/1421
f 1422/1422 1420/1420 1421/1421
f 1422/1422 1421/1421 1423/1423
f 1424/1424 1422/1422 1423/1423
f 1424/1424 1423/1423 1425/1425
f 1426/1426 1424/1424 1425/1425
f 1426/1426 1425/1425 1427/1427
f 1428/1428 1426/1426 1427/1427
f 1428/1428 1427/1427 1429/1429
f 1430/1430 1428/1428 1429/1429
f 1430/1430 1429/1429 1431/1431
f 1432/1432 1430/1430 1431/1431
f 1432/1432 1431/1431 1433/1433
f 1434/1434 1432/1432 1433/1433
f 1434/1434 1433/1433 1435/1435
f 1436/1436 1434/1434 1435/1435
f 1436/1436 1435/1435 1437/1437
f 1438/1438 1436/1436 1437/1437
f 1438/1438 1437/1437 1439/1439
f 1440/1440 1438/1438 1439/1439
f 1440/1440 1439/1439 1441/1441
f 1442/1442 1440/1440 1441/1441
f 1442/1442 1441/1441 1443/1443
f 1444/1444 1442/1442 1443/1443
f 1444/1444 1443/1443 1445/1445
f 1446/1446 1444/1444 1445/1445
f 1446/1446 1445/1445 1447/1447
f 1448/1448 1446/1446 1447/1447
f 1448/1448 1447/1447 1449/1449
f 1450/1450 1448/1448 1449/1449
f 1450/1450 1449/1449 1451/1451
f 1452/1452 1450/1450 1451/1451
f 1452/1452 1451/1451 1453/1453
f 1454/1454 1452/1452 1453/1453
f 1454/1454 1453/1453 1455/1455
f 1442/1442 1456/1456 1440/1440
f 1456/1456 1442/1442 1457/1457
f 1457/1457 1442/1442 1458/1458
f 1458/1458 1442/1442 1444/1444
f 1459/1459 1457/1457 1458/1458
f 1459/1459 1458/1458 1460/1460
f 1460/1460 1458/1458 1461/1461
f 1462/1462 1457/1457 1459/1459
f 1461/1461 1458/1458 1463/1463
f 1461/1461 1463/1463 1464/1464
f 1464/1464 1463/1463 1465/1465
f 1464/1464 1465/1465 1466/1466
f 1458/1458 1444/1444 1463/1463
f 1463/1463 1446/1446 1465/1465
f 1463/1463 1444/1444 1446/1446
f 1467/1467 1464/1464 1466/1466
f 1467/1467 1466/1466 1468/1468
f 1469/1469 1468/1468 1466/1466
f 1465/1465 1469/1469 1466/1466
f 1469/1469 1470/1470 1468/1468
f 1468/1468 1470/1470 1471/1471
f 1472/1472 1464/1464 1467/1467
f 1472/1472 1461/1461 1464/1464
f 1472/1472 1460/1460 1461/1461
f 1473/1473 1460/1460 1472/1472
f 1473/1473 1472/1472 1474/1474
f 1471/1471 1470/1470 1475/1475
f 1475/1475 1470/1470 1476/1476
f 1475/1475 1476/1476 1477/1477
f 1475/1475 1477/1477 1478/1478
f 1479/1479 1478/1478 1477/1477
f 1479/1479 1480/1480 1478/1478
f 1480/1480 1481/1481 1478/1478
f 1480/1480 1482/1482 1481/1481
f 1480/1480 1483/1483 1482/1482
f 1480/1480 1484/1484 1483/1483
f 1479/1479 1484/1484 1480/1480
f 1483/1483 1484/1484 1485/1485
f 1483/1483 1485/1485 1486/1486
f 1484/1484 1487/1487 1485/1485
f 1484/1484 1488/1488 1487/1487
f 1479/1479 1488/1488 1484/1484
f 1489/1489 1478/1478 1481/1481
f 1475/1475 1478/1478 1489/1489
f 1489/1489 1481/1481 1490/1490
f 1491/1491 1489/1489 1490/1490
f 1491/1491 1492/1492 1489/1489
f 1493/1493 1492/1492 1491/1491
f 1493/1493 1494/1494 1492/1492
f 1495/1495 1494/1494 1493/1493
f 1495/1495 1496/1496 1494/1494
f 1496/1496 1497/1497 1494/1494
f 1496/1496 1498/1498 1497/1497
f 1492/1492 1475/1475 1489/1489
f 1492/1492 1499/1499 1475/1475
f 1494/1494 1499/1499 1492/1492
f 1494/1494 1497/1497 1499/1499
f 1498/1498 1500/1500 1497/1497
f 1498/1498 1501/1501 1500/1500
f 1499/1499 1471/1471 1475/1475
f 1499/1499 1502/1502 1471/1471
f 1497/1497 1502/1502 1499/1499
f 1497/1497 1500/1500 1502/1502
f 1501/1501 1503/1503 1500/1500
f 1501/1501 1504/1504 1503/1503
f 1502/1502 1468/1468 1471/1471
f 1502/1502 1505/1505 1468/1468
f 1500/1500 1505/1505 1502/1502
f 1500/1500 1503/1503 1505/1505
f 1504/1504 1506/1506 1503/1503
f 1504/1504 1507/1507 1506/1506
f 1505/1505 1467/1467 1468/1468
f 1505/1505 1508/1508 1467/1467
f 1503/1503 1508/1508 1505/1505
f 1503/1503 1506/1506 1508/1508
f 1507/1507 1509/1509 1506/1506
f 1507/1507 1510/1510 1509/1509
f 1508/1508 1472/1472 1467/1467
f 1508/1508 1511/1511 1472/1472
f 1506/1506 1511/1511 1508/1508
f 1506/1506 1509/1509 1511/1511
f 1510/1510 1512/1512 1509/1509
f 1510/1510 1513/1513 1512/1512
f 1511/1511 1474/1474 1472/1472
f 1511/1511 1514/1514 1474/1474
f 1509/1509 1514/1514 1511/1511
f 1509/1509 1512/1512 1514/1514
f 1513/1513 1515/1515 1512/1512
f 1513/1513 1516/1516 1515/1515
f 1514/1514 1517/1517 1474/1474
f 1517/1517 1473/1473 1474/1474
f 1473/1473 1517/1517 1518/1518
f 1518/1518 1517/1517 1519/1519
f 1520/1520 1519/1519 1517/1517
f 1520/1520 1521/1521 1519/1519
f 1522/1522 1519/1519 1521/1521
f 1523/1523 1522/1522 1521/1521
f 1523/1523 1521/1521 1524/1524
f 1525/1525 1523/1523 1524/1524
f 1525/1525 1524/1524 1526/1526
f 1527/1527 1525/1525 1526/1526
f 1527/1527 1526/1526 1528/1528
f 1522/1522 1529/1529 1519/1519
f 1522/1522 1530/1530 1529/1529
f 1522/1522 1531/1531 1530/1530
f 1523/1523 1531/1531 1522/1522
f 1530/1530 1531/1531 1532/1532
f 1530/1530 1532/1532 1533/1533
f 1531/1531 1534/1534 1532/1532
f 1531/1531 1535/1535 1534/1534
f 1523/1523 1535/1535 1531/1531
f 1525/1525 1535/1535 1523/1523
f 1535/1535 1536/1536 1534/1534
f 1535/1535 1537/1537 1536/1536
f 1525/1525 1537/1537 1535/1535
f 1527/1527 1537/1537 1525/1525
f 1537/1537 1538/1538 1536/1536
f 1537/1537 1539/1539 1538/1538
f 1527/1527 1539/1539 1537/1537
f 1540/1540 1526/1526 1524/1524
f 1541/1541 1526/1526 1540/1540
f 1541/1541 1528/1528 1526/1526
f 1541/1541 1542/1542 1528/1528
f 1541/1541 1543/1543 1542/1542
f 1544/1544 1543/1543 1541/1541
f 1545/1545 1543/1543 1544/1544
f 1546/1546 1543/1543 1545/1545
f 1546/1546 1545/1545 1547/1547
f 1548/1548 1547/1547 1545/1545
f 1548/1548 1549/1549 1547/1547
f 1549/1549 1550/1550 1547/1547
f 1550/1550 1546/1546 1547/1547
f 1549/1549 1551/1551 1550/1550
f 1552/1552 1551/1551 1549/1549
f 1552/1552 1553/1553 1551/1551
f 1554/1554 1553/1553 1552/1552
f 1555/1555 1553/1553 1554/1554
f 1555/1555 1556/1556 1553/1553
f 1557/1557 1556/1556 1555/1555
f 1556/1556 1422/1422 1553/1553
f 1558/1558 1422/1422 1556/1556
f 1420/1420 1422/1422 1558/1558
f 1553/1553 1424/1424 1551/1551
f 1553/1553 1422/1422 1424/1424
f 1551/1551 1426/1426 1550/1550
f 1551/1551 1424/1424 1426/1426
f 1559/1559 1549/1549 1548/1548
f 1559/1559 1552/1552 1549/1549
f 1559/1559 1554/1554 1552/1552
f 1560/1560 1554/1554 1559/1559
f 1560/1560 1559/1559 1561/1561
f 1562/1562 1560/1560 1561/1561
f 1560/1560 1562/1562 1563/1563
f 1563/1563 1562/1562 1564/1564
f 1565/1565 1564/1564 1562/1562
f 1565/1565 1566/1566 1564/1564
f 1567/1567 1564/1564 1566/1566
f 1568/1568 1567/1567 1566/1566
f 1568/1568 1566/1566 1569/1569
f 1570/1570 1568/1568 1569/1569
f 1570/1570 1569/1569 1571/1571
f 1572/1572 1570/1570 1571/1571
f 1572/1572 1571/1571 1573/1573
f 1567/1567 1574/1574 1564/1564
f 1567/1567 1575/1575 1574/1574
f 1567/1567 1576/1576 1575/1575
f 1568/1568 1576/1576 1567/1567
f 1575/1575 1576/1576 1577/1577
f 1575/1575 1577/1577 1578/1578
f 1576/1576 1579/1579 1577/1577
f 1576/1576 1580/1580 1579/1579
f 1568/1568 1580/1580 1576/1576
f 1570/1570 1580/1580 1568/1568
f 1580/1580 1581/1581 1579/1579
f 1580/1580 1582/1582 1581/1581
f 1570/1570 1582/1582 1580/1580
f 1572/1572 1582/1582 1570/1570
f 1582/1582 1583/1583 1581/1581
f 1582/1582 1584/1584 1583/1583
f 1572/1572 1584/1584 1582/1582
f 1585/1585 1571/1571 1569/1569
f 1586/1586 1571/1571 1585/1585
f 1586/1586 1573/1573 1571/1571
f 1586/1586 1587/1587 1573/1573
f 1586/1586 1588/1588 1587/1587
f 1589/1589 1588/1588 1586/1586
f 1590/1590 1588/1588 1589/1589
f 1591/1591 1588/1588 1590/1590
f 1591/1591 1590/1590 1389/1389
f 1592/1592 1389/1389 1590/1590
f 1592/1592 1391/1391 1389/1389
f 1593/1593 1391/1391 1592/1592
f 1593/1593 1393/1393 1391/1391
f 1593/1593 1395/1395 1393/1393
f 1594/1594 1395/1395 1593/1593
f 1594/1594 1593/1593 1595/1595
f 1596/1596 1594/1594 1595/1595
f 1594/1594 1596/1596 1597/1597
f 1597/1597 1596/1596 1598/1598
f 1599/1599 1598/1598 1596/1596
f 1599/1599 1600/1600 1598/1598
f 1601/1601 1598/1598 1600/1600
f 1602/1602 1601/1601 1600/1600
f 1602/1602 1600/1600 1603/1603
f 1604/1604 1602/1602 1603/1603
f 1604/1604 1603/1603 1605/1605
f 1606/1606 1604/1604 1605/1605
f 1606/1606 1605/1605 1607/1607
f 1601/1601 1608/1608 1598/1598
f 1601/1601 1609/1609 1608/1608
f 1601/1601 1610/1610 1609/1609
f 1602/1602 1610/1610 1601/1601
f 1609/1609 1610/1610 1611/1611
f 1609/1609 1611/1611 1612/1612
f 1610/1610 1613/1613 1611/1611
f 1610/1610 1614/1614 1613/1613
f 1602/1602 1614/1614 1610/1610
f 1604/1604 1614/1614 1602/1602
f 1614/1614 1615/1615 1613/1613
f 1614/1614 1616/1616 1615/1615
f 1604/1604 1616/1616 1614/1614
f 1606/1606 1616/1616 1604/1604
f 1616/1616 1617/1617 1615/1615
f 1616/1616 1618/1618 1617/1617
f 1606/1606 1618/1618 1616/1616
f 1619/1619 1607/1607 1605/1605
f 1619/1619 1605/1605 1620/1620
f 1619/1619 1621/1621 1607/1607
f 1619/1619 1622/1622 1621/1621
f 1623/1623 1622/1622 1619/1619
f 1624/1624 1622/1622 1623/1623
f 1625/1625 1622/1622 1624/1624
f 1625/1625 1624/1624 1626/1626
f 1627/1627 1626/1626 1624/1624
f 1627/1627 1628/1628 1626/1626
f 1628/1628 1629/1629 1626/1626
f 1629/1629 1625/1625 1626/1626
f 1628/1628 1630/1630 1629/1629
f 1631/1631 1630/1630 1628/1628
f 1631/1631 1632/1632 1630/1630
f 1633/1633 1632/1632 1631/1631
f 1634/1634 1632/1632 1633/1633
f 1634/1634 1635/1635 1632/1632
f 1636/1636 1635/1635 1634/1634
f 1635/1635 1637/1637 1632/1632
f 1638/1638 1637/1637 1635/1635
f 1639/1639 1637/1637 1638/1638
f 1637/1637 1639/1639 1640/1640
f 1637/1637 1640/1640 1641/1641
f 1642/1642 1637/1637 1641/1641
f 1632/1632 1642/1642 1630/1630
f 1632/1632 1637/1637 1642/1642
f 1642/1642 1641/1641 1643/1643
f 1644/1644 1642/1642 1643/1643
f 1630/1630 1644/1644 1629/1629
f 1630/1630 1642/1642 1644/1644
f 1644/1644 1643/1643 1645/1645
f 1646/1646 1644/1644 1645/1645
f 1646/1646 1645/1645 1647/1647
f 1648/1648 1646/1646 1647/1647
f 1648/1648 1647/1647 1649/1649
f 1650/1650 1648/1648 1649/1649
f 1650/1650 1649/1649 1651/1651
f 1651/1651 1652/1652 1650/1650
f 1651/1651 1653/1653 1652/1652
f 1639/1639 1654/1654 1640/1640
f 1639/1639 1655/1655 1654/1654
f 1655/1655 1656/1656 1654/1654
f 1655/1655 1657/1657 1656/1656
f 1657/1657 1658/1658 1656/1656
f 1657/1657 1659/1659 1658/1658
f 1660/1660 1652/1652 1653/1653
f 1660/1660 1653/1653 1661/1661
f 1662/1662 1660/1660 1661/1661
f 1662/1662 1661/1661 1663/1663
f 1401/1401 1662/1662 1663/1663
f 1401/1401 1663/1663 1402/1402
f 1664/1664 1659/1659 1657/1657
f 1664/1664 1657/1657 1665/1665
f 1665/1665 1657/1657 1655/1655
f 1664/1664 1665/1665 1666/1666
f 1664/1664 1666/1666 1667/1667
f 1665/1665 1668/1668 1666/1666
f 1665/1665 1669/1669 1668/1668
f 1665/1665 1655/1655 1669/1669
f 1670/1670 1660/1660 1662/1662
f 1671/1671 1660/1660 1670/1670
f 1671/1671 1670/1670 1672/1672
f 1671/1671 1672/1672 1673/1673
f 1674/1674 1671/1671 1673/1673
f 1674/1674 1673/1673 1675/1675
f 1676/1676 1674/1674 1675/1675
f 1676/1676 1675/1675 1677/1677
f 1670/1670 1678/1678 1672/1672
f 1670/1670 1679/1679 1678/1678
f 1676/1676 1650/1650 1674/1674
f 1676/1676 1648/1648 1650/1650
f 1680/1680 1648/1648 1676/1676
f 1681/1681 1648/1648 1680/1680
f 1646/1646 1648/1648 1681/1681
f 1674/1674 1652/1652 1671/1671
f 1674/1674 1650/1650 1652/1652
f 1671/1671 1652/1652 1660/1660
f 1675/1675 1682/1682 1677/1677
f 1675/1675 1683/1683 1682/1682
f 1673/1673 1683/1683 1675/1675
f 1684/1684 1682/1682 1683/1683
f 1685/1685 1684/1684 1683/1683
f 1685/1685 1683/1683 1686/1686
f 1687/1687 1685/1685 1686/1686
f 1687/1687 1686/1686 1688/1688
f 1689/1689 1687/1687 1688/1688
f 1689/1689 1688/1688 1690/1690
f 1684/1684 1691/1691 1682/1682
f 1673/1673 1686/1686 1683/1683
f 1672/1672 1686/1686 1673/1673
f 1672/1672 1688/1688 1686/1686
f 1678/1678 1688/1688 1672/1672
f 1678/1678 1690/1690 1688/1688
f 1689/1689 1690/1690 1692/1692
f 1689/1689 1692/1692 1693/1693
f 1694/1694 1693/1693 1692/1692
f 1694/1694 1695/1695 1693/1693
f 1696/1696 1695/1695 1694/1694
f 1696/1696 1694/1694 1697/1697
f 1698/1698 1696/1696 1697/1697
f 1698/1698 1697/1697 1699/1699
f 1700/1700 1698/1698 1699/1699
f 1701/1701 1700/1700 1699/1699
f 1702/1702 1700/1700 1701/1701
f 1702/1702 1703/1703 1700/1700
f 1704/1704 1703/1703 1702/1702
f 1704/1704 1705/1705 1703/1703
f 1706/1706 1705/1705 1704/1704
f 1706/1706 1707/1707 1705/1705
f 1701/1701 1699/1699 1708/1708
f 1701/1701 1708/1708 1397/1397
f 1701/1701 1397/1397 1396/1396
f 1396/1396 1702/1702 1701/1701
f 1700/1700 1709/1709 1698/1698
f 1703/1703 1709/1709 1700/1700
f 1609/1609 1707/1707 1706/1706
f 1707/1707 1609/1609 1612/1612
f 1707/1707 1612/1612 1710/1710
f 1710/1710 1705/1705 1707/1707
f 1609/1609 1706/1706 1608/1608
f 1706/1706 1598/1598 1608/1608
f 1706/1706 1597/1597 1598/1598
f 1704/1704 1597/1597 1706/1706
f 1396/1396 1711/1711 1702/1702
f 1704/1704 1712/1712 1597/1597
f 1702/1702 1712/1712 1704/1704
f 1702/1702 1711/1711 1712/1712
f 1710/1710 1713/1713 1705/1705
f 1714/1714 1397/1397 1708/1708
f 1714/1714 1715/1715 1397/1397
f 1716/1716 1715/1715 1714/1714
f 1716/1716 1717/1717 1715/1715
f 1718/1718 1717/1717 1716/1716
f 1718/1718 1716/1716 1719/1719
f 1719/1719 1679/1679 1718/1718
f 1662/1662 1718/1718 1679/1679
f 1670/1670 1662/1662 1679/1679
f 1662/1662 1400/1400 1718/1718
f 1662/1662 1401/1401 1400/1400
f 1719/1719 1678/1678 1679/1679
f 1719/1719 1690/1690 1678/1678
f 1719/1719 1692/1692 1690/1690
f 1694/1694 1719/1719 1716/1716
f 1694/1694 1692/1692 1719/1719
f 1697/1697 1716/1716 1714/1714
f 1697/1697 1694/1694 1716/1716
f 1699/1699 1697/1697 1714/1714
f 1720/1720 1718/1718 1400/1400
f 1720/1720 1717/1717 1718/1718
f 1720/1720 1400/1400 1398/1398
f 1720/1720 1398/1398 1721/1721
f 1715/1715 1721/1721 1398/1398
f 1720/1720 1721/1721 1715/1715
f 1715/1715 1398/1398 1397/1397
f 1720/1720 1715/1715 1717/1717
f 1699/1699 1714/1714 1708/1708
f 1724/1724 1723/1723 1722/1722
f 1724/1724 1725/1725 1723/1723
f 1722/1722 1726/1726 1724/1724
f 1722/1722 1727/1727 1726/1726
f 1727/1727 1728/1728 1726/1726
f 1727/1727 1729/1729 1728/1728
f 1729/1729 1730/1730 1728/1728
f 1729/1729 1731/1731 1730/1730
f 1731/1731 1732/1732 1730/1730
f 1731/1731 1733/1733 1732/1732
f 1733/1733 1734/1734 1732/1732
f 1733/1733 1735/1735 1734/1734
f 1735/1735 1736/1736 1734/1734
f 1735/1735 1737/1737 1736/1736
f 1737/1737 1738/1738 1736/1736
f 1737/1737 1739/1739 1738/1738
f 1739/1739 1740/1740 1738/1738
f 1739/1739 1741/1741 1740/1740
f 1741/1741 1742/1742 1740/1740
f 1741/1741 1743/1743 1742/1742
f 1741/1741 1744/1744 1743/1743
f 1741/1741 1745/1745 1744/1744
f 1739/1739 1745/1745 1741/1741
f 1739/1739 1746/1746 1745/1745
f 1737/1737 1746/1746 1739/1739
f 1737/1737 1747/1747 1746/1746
f 1735/1735 1747/1747 1737/1737
f 1735/1735 1748/1748 1747/1747
f 1733/1733 1748/1748 1735/1735
f 1733/1733 1749/1749 1748/1748
f 1731/1731 1749/1749 1733/1733
f 1731/1731 1750/1750 1749/1749
f 1729/1729 1750/1750 1731/1731
f 1729/1729 1751/1751 1750/1750
f 1727/1727 1751/1751 1729/1729
f 1727/1727 1752/1752 1751/1751
f 1722/1722 1752/1752 1727/1727
f 1722/1722 1753/1753 1752/1752
f 1723/1723 1753/1753 1722/1722
f 1723/1723 1754/1754 1753/1753
f 1755/1755 1754/1754 1723/1723
f 1755/1755 1723/1723 1725/1725
f 1755/1755 1725/1725 1756/1756
f 1757/1757 1755/1755 1756/1756
f 1757/1757 1756/1756 1758/1758
f 1759/1759 1757/1757 1758/1758
f 1759/1759 1758/1758 1760/1760
f 1761/1761 1759/1759 1760/1760
f 1761/1761 1760/1760 1762/1762
f 1763/1763 1761/1761 1762/1762
f 1763/1763 1762/1762 1764/1764
f 1765/1765 1763/1763 1764/1764
f 1765/1765 1764/1764 1766/1766
f 1767/1767 1765/1765 1766/1766
f 1767/1767 1766/1766 1768/1768
f 1769/1769 1767/1767 1768/1768
f 1769/1769 1768/1768 1770/1770
f 1771/1771 1769/1769 1770/1770
f 1771/1771 1770/1770 1772/1772
f 1773/1773 1771/1771 1772/1772
f 1773/1773 1772/1772 1774/1774
f 1775/1775 1773/1773 1774/1774
f 1775/1775 1774/1774 1776/1776
f 1777/1777 1775/1775 1776/1776
f 1777/1777 1776/1776 1778/1778
f 1779/1779 1777/1777 1778/1778
f 1779/1779 1778/1778 1780/1780
f 1781/1781 1779/1779 1780/1780
f 1781/1781 1780/1780 1782/1782
f 1783/1783 1781/1781 1782/1782
f 1783/1783 1782/1782 1784/1784
f 1785/1785 1783/1783 1784/1784
f 1785/1785 1784/1784 1786/1786
f 1787/1787 1785/1785 1786/1786
f 1787/1787 1786/1786 1788/1788
f 1789/1789 1787/1787 1788/1788
f 1789/1789 1788/1788 1790/1790
f 1791/1791 1789/1789 1790/1790
f 1791/1791 1790/1790 1792/1792
f 1793/1793 1791/1791 1792/1792
f 1793/1793 1792/1792 1794/1794
f 1795/1795 1793/1793 1794/1794
f 1795/1795 1794/1794 1796/1796
f 1797/1797 1795/1795 1796/1796
f 1797/1797 1796/1796 1798/1798
f 1799/1799 1797/1797 1798/1798
f 1799/1799 1798/1798 1800/1800
f 1801/1801 1799/1799 1800/1800
f 1801/1801 1800/1800 1802/1802
f 1803/1803 1801/1801 1802/1802
f 1803/1803 1802/1802 1804/1804
f 1805/1805 1803/1803 1804/1804
f 1805/1805 1804/1804 1806/1806
f 1807/1807 1805/1805 1806/1806
f 1807/1807 1806/1806 1808/1808
f 1809/1809 1807/1807 1808/1808
f 1809/1809 1808/1808 1810/1810
f 1811/1811 1809/1809 1810/1810
f 1811/1811 1810/1810 1812/1812
f 1813/1813 1811/1811 1812/1812
f 1813/1813 1812/1812 1814/1814
f 1801/1801 1815/1815 1799/1799
f 1801/1801 1816/1816 1815/1815
f 1803/1803 1816/1816 1801/1801
f 1803/1803 1817/1817 1816/1816
f 1805/1805 1817/1817 1803/1803
f 1805/1805 1818/1818 1817/1817
f 1807/1807 1818/1818 1805/1805
f 1807/1807 1819/1819 1818/1818
f 1809/1809 1819/1819 1807/1807
f 1809/1809 1820/1820 1819/1819
f 1811/1811 1820/1820 1809/1809
f 1811/1811 1821/1821 1820/1820
f 1813/1813 1821/1821 1811/1811
f 1813/1813 1822/1822 1821/1821
f 1799/1799 1815/1815 1823/1823
f 1799/1799 1823/1823 1797/1797
f 1797/1797 1823/1823 1824/1824
f 1797/1797 1824/1824 1795/1795
f 1795/1795 1824/1824 1825/1825
f 1795/1795 1825/1825 1793/1793
f 1793/1793 1825/1825 1826/1826
f 1793/1793 1826/1826 1791/1791
f 1791/1791 1826/1826 1827/1827
f 1791/1791 1827/1827 1789/1789
f 1789/1789 1827/1827 1828/1828
f 1789/1789 1828/1828 1787/1787
f 1787/1787 1828/1828 1829/1829
f 1787/1787 1829/1829 1785/1785
f 1785/1785 1829/1829 1830/1830
f 1785/1785 1830/1830 1783/1783
f 1783/1783 1830/1830 1831/1831
f 1783/1783 1831/1831 1781/1781
f 1781/1781 1831/1831 1832/1832
f 1781/1781 1832/1832 1779/1779
f 1779/1779 1832/1832 1833/1833
f 1779/1779 1833/1833 1777/1777
f 1777/1777 1833/1833 1834/1834
f 1777/1777 1834/1834 1775/1775
f 1775/1775 1834/1834 1835/1835
f 1775/1775 1835/1835 1773/1773
f 1773/1773 1835/1835 1836/1836
f 1773/1773 1836/1836 1771/1771
f 1771/1771 1836/1836 1837/1837
f 1771/1771 1837/1837 1769/1769
f 1769/1769 1837/1837 1838/1838
f 1769/1769 1838/1838 1767/1767
f 1767/1767 1838/1838 1839/1839
f 1767/1767 1839/1839 1765/1765
f 1765/1765 1839/1839 1840/1840
f 1765/1765 1840/1840 1763/1763
f 1763/1763 1840/1840 1841/1841
f 1763/1763 1841/1841 1761/1761
f 1761/1761 1841/1841 1842/1842
f 1761/1761 1842/1842 1759/1759
f 1759/1759 1842/1842 1843/1843
f 1759/1759 1843/1843 1757/1757
f 1757/1757 1843/1843 1844/1844
f 1757/1757 1844/1844 1755/1755
f 1755/1755 1844/1844 1754/1754
f 1847/1847 1846/1846 1845/1845
f 1847/1847 1848/1848 1846/1846
f 1848/1848 1849/1849 1846/1846
f 1848/1848 1850/1850 1849/1849
f 1848/1848 1851/1851 1850/1850
f 1848/1848 1852/1852 1851/1851
f 1847/1847 1852/1852 1848/1848
f 1851/1851 1852/1852 1853/1853
f 1854/1854 1853/1853 1852/1852
f 1854/1854 1852/1852 1855/1855
f 1847/1847 1855/1855 1852/1852
f 1851/1851 1853/1853 1856/1856
f 1857/1857 1846/1846 1849/1849
f 1857/1857 1849/1849 1858/1858
f 1859/1859 1858/1858 1849/1849
f 1860/1860 1858/1858 1859/1859
f 1858/1858 1860/1860 1861/1861
f 1860/1860 1862/1862 1861/1861
f 1860/1860 1633/1633 1862/1862
f 1862/1862 1633/1633 1631/1631
f 1862/1862 1631/1631 1628/1628
f 1862/1862 1628/1628 1627/1627
f 1863/1863 1862/1862 1627/1627
f 1864/1864 1863/1863 1627/1627
f 1864/1864 1627/1627 1624/1624
f 1865/1865 1864/1864 1624/1624
f 1865/1865 1624/1624 1623/1623
f 1866/1866 1865/1865 1623/1623
f 1866/1866 1623/1623 1619/1619
f 1867/1867 1866/1866 1619/1619
f 1867/1867 1619/1619 1620/1620
f 1868/1868 1866/1866 1867/1867
f 1868/1868 1869/1869 1866/1866
f 1869/1869 1865/1865 1866/1866
f 1870/1870 1869/1869 1868/1868
f 1870/1870 1871/1871 1869/1869
f 1871/1871 1872/1872 1869/1869
f 1869/1869 1872/1872 1865/1865
f 1872/1872 1864/1864 1865/1865
f 1871/1871 1873/1873 1872/1872
f 1873/1873 1874/1874 1872/1872
f 1872/1872 1874/1874 1864/1864
f 1874/1874 1863/1863 1864/1864
f 1873/1873 1875/1875 1874/1874
f 1875/1875 1876/1876 1874/1874
f 1875/1875 1877/1877 1876/1876
f 1874/1874 1876/1876 1863/1863
f 1877/1877 1878/1878 1876/1876
f 1877/1877 1879/1879 1878/1878
f 1876/1876 1880/1880 1863/1863
f 1876/1876 1878/1878 1880/1880
f 1863/1863 1880/1880 1862/1862
f 1879/1879 1881/1881 1878/1878
f 1879/1879 1882/1882 1881/1881
f 1880/1880 1861/1861 1862/1862
f 1880/1880 1883/1883 1861/1861
f 1878/1878 1883/1883 1880/1880
f 1878/1878 1881/1881 1883/1883
f 1882/1882 1884/1884 1881/1881
f 1882/1882 1885/1885 1884/1884
f 1883/1883 1858/1858 1861/1861
f 1883/1883 1886/1886 1858/1858
f 1881/1881 1886/1886 1883/1883
f 1881/1881 1884/1884 1886/1886
f 1885/1885 1887/1887 1884/1884
f 1885/1885 1888/1888 1887/1887
f 1886/1886 1857/1857 1858/1858
f 1886/1886 1889/1889 1857/1857
f 1884/1884 1889/1889 1886/1886
f 1884/1884 1887/1887 1889/1889
f 1888/1888 1890/1890 1887/1887
f 1888/1888 1891/1891 1890/1890
f 1889/1889 1892/1892 1857/1857
f 1892/1892 1846/1846 1857/1857
f 1892/1892 1845/1845 1846/1846
f 1889/1889 1893/1893 1892/1892
f 1887/1887 1893/1893 1889/1889
f 1887/1887 1890/1890 1893/1893
f 1896/1896 1895/1895 1894/1894
f 1896/1896 1897/1897 1895/1895
f 1897/1897 1898/1898 1895/1895
f 1897/1897 1899/1899 1898/1898
f 1899/1899 1900/1900 1898/1898
f 1899/1899 1901/1901 1900/1900
f 1901/1901 1902/1902 1900/1900
f 1901/1901 1903/1903 1902/1902
f 1896/1896 1412/1412 1897/1897
f 1896/1896 1410/1410 1412/1412
f 1897/1897 1414/1414 1899/1899
f 1897/1897 1412/1412 1414/1414
f 1899/1899 1416/1416 1901/1901
f 1899/1899 1414/1414 1416/1416
f 1901/1901 1418/1418 1903/1903
f 1901/1901 1416/1416 1418/1418
f 1904/1904 1410/1410 1896/1896
f 1905/1905 1410/1410 1904/1904
f 1408/1408 1410/1410 1905/1905
f 1900/1900 1906/1906 1898/1898
f 1898/1898 1906/1906 1907/1907
f 1908/1908 1907/1907 1906/1906
f 1909/1909 1908/1908 1906/1906
f 1909/1909 1906/1906 1910/1910
f 1911/1911 1909/1909 1910/1910
f 1911/1911 1910/1910 1912/1912
f 1908/1908 1913/1913 1907/1907
f 1913/1913 1914/1914 1907/1907
f 1913/1913 1915/1915 1914/1914
f 1895/1895 1907/1907 1914/1914
f 1895/1895 1914/1914 1894/1894
f 1898/1898 1907/1907 1895/1895
f 1900/1900 1910/1910 1906/1906
f 1902/1902 1910/1910 1900/1900
f 1902/1902 1912/1912 1910/1910
f 1911/1911 1912/1912 1916/1916
f 1911/1911 1916/1916 1917/1917
f 1918/1918 1917/1917 1916/1916
f 1918/1918 1919/1919 1917/1917
f 1920/1920 1919/1919 1918/1918
f 1920/1920 1918/1918 1921/1921
f 1922/1922 1920/1920 1921/1921
f 1922/1922 1921/1921 1923/1923
f 1923/1923 1924/1924 1922/1922
f 1923/1923 1925/1925 1924/1924
f 1926/1926 1925/1925 1923/1923
f 1927/1927 1925/1925 1926/1926
f 1927/1927 1928/1928 1925/1925
f 1928/1928 1924/1924 1925/1925
f 1929/1929 1928/1928 1927/1927
f 1929/1929 1930/1930 1928/1928
f 1931/1931 1930/1930 1929/1929
f 1931/1931 1932/1932 1930/1930
f 1926/1926 1923/1923 1933/1933
f 1926/1926 1933/1933 1557/1557
f 1926/1926 1557/1557 1555/1555
f 1555/1555 1927/1927 1926/1926
f 1575/1575 1932/1932 1931/1931
f 1932/1932 1575/1575 1578/1578
f 1932/1932 1578/1578 1934/1934
f 1934/1934 1930/1930 1932/1932
f 1575/1575 1931/1931 1574/1574
f 1931/1931 1564/1564 1574/1574
f 1931/1931 1563/1563 1564/1564
f 1929/1929 1563/1563 1931/1931
f 1555/1555 1935/1935 1927/1927
f 1929/1929 1936/1936 1563/1563
f 1927/1927 1936/1936 1929/1929
f 1927/1927 1935/1935 1936/1936
f 1934/1934 1937/1937 1930/1930
f 1930/1930 1937/1937 1938/1938
f 1930/1930 1938/1938 1928/1928
f 1928/1928 1938/1938 1924/1924
f 1939/1939 1563/1563 1936/1936
f 1939/1939 1560/1560 1563/1563
f 1940/1940 1560/1560 1939/1939
f 1940/1940 1936/1936 1935/1935
f 1940/1940 1939/1939 1936/1936
f 1940/1940 1554/1554 1560/1560
f 1940/1940 1555/1555 1554/1554
f 1940/1940 1935/1935 1555/1555
f 1943/1943 1942/1942 1941/1941
f 1943/1943 1944/1944 1942/1942
f 1944/1944 1945/1945 1942/1942
f 1944/1944 1946/1946 1945/1945
f 1946/1946 1947/1947 1945/1945
f 1946/1946 1948/1948 1947/1947
f 1948/1948 1949/1949 1947/1947
f 1948/1948 1950/1950 1949/1949
f 1943/1943 1432/1432 1944/1944
f 1943/1943 1430/1430 1432/1432
f 1951/1951 1430/1430 1943/1943
f 1952/1952 1430/1430 1951/1951
f 1428/1428 1430/1430 1952/1952
f 1944/1944 1434/1434 1946/1946
f 1944/1944 1432/1432 1434/1434
f 1946/1946 1436/1436 1948/1948
f 1946/1946 1434/1434 1436/1436
f 1948/1948 1438/1438 1950/1950
f 1948/1948 1436/1436 1438/1438
f 1947/1947 1953/1953 1945/1945
f 1945/1945 1953/1953 1954/1954
f 1955/1955 1954/1954 1953/1953
f 1956/1956 1955/1955 1953/1953
f 1956/1956 1953/1953 1957/1957
f 1958/1958 1956/1956 1957/1957
f 1958/1958 1957/1957 1959/1959
f 1955/1955 1960/1960 1954/1954
f 1960/1960 1961/1961 1954/1954
f 1960/1960 1962/1962 1961/1961
f 1942/1942 1954/1954 1961/1961
f 1942/1942 1961/1961 1941/1941
f 1945/1945 1954/1954 1942/1942
f 1947/1947 1957/1957 1953/1953
f 1949/1949 1957/1957 1947/1947
f 1949/1949 1959/1959 1957/1957
f 1958/1958 1959/1959 1963/1963
f 1958/1958 1963/1963 1964/1964
f 1965/1965 1964/1964 1963/1963
f 1965/1965 1966/1966 1964/1964
f 1967/1967 1966/1966 1965/1965
f 1967/1967 1965/1965 1968/1968
f 1969/1969 1967/1967 1968/1968
f 1969/1969 1968/1968 1970/1970
f 1970/1970 1971/1971 1969/1969
f 1970/1970 1972/1972 1971/1971
f 1972/1972 1970/1970 1973/1973
f 1972/1972 1973/1973 1974/1974
f 1975/1975 1972/1972 1974/1974
f 1975/1975 1976/1976 1972/1972
f 1976/1976 1971/1971 1972/1972
f 1977/1977 1976/1976 1975/1975
f 1977/1977 1978/1978 1976/1976
f 1979/1979 1978/1978 1977/1977
f 1979/1979 1980/1980 1978/1978
f 1974/1974 1973/1973 1462/1462
f 1974/1974 1462/1462 1459/1459
f 1459/1459 1975/1975 1974/1974
f 1530/1530 1980/1980 1979/1979
f 1980/1980 1530/1530 1533/1533
f 1980/1980 1533/1533 1981/1981
f 1981/1981 1978/1978 1980/1980
f 1530/1530 1979/1979 1529/1529
f 1979/1979 1519/1519 1529/1529
f 1979/1979 1518/1518 1519/1519
f 1977/1977 1518/1518 1979/1979
f 1459/1459 1982/1982 1975/1975
f 1977/1977 1983/1983 1518/1518
f 1975/1975 1983/1983 1977/1977
f 1975/1975 1982/1982 1983/1983
f 1981/1981 1984/1984 1978/1978
f 1978/1978 1985/1985 1976/1976
f 1978/1978 1984/1984 1985/1985
f 1986/1986 1518/1518 1983/1983
f 1986/1986 1983/1983 1982/1982
f 1986/1986 1473/1473 1518/1518
f 1986/1986 1460/1460 1473/1473
f 1986/1986 1987/1987 1460/1460
f 1987/1987 1459/1459 1460/1460
f 1987/1987 1982/1982 1459/1459
f 1986/1986 1982/1982 1987/1987
f 1976/1976 1985/1985 1971/1971
f 1990/1990 1989/1989 1988/1988
f 1990/1990 1991/1991 1989/1989
f 1991/1991 1992/1992 1989/1989
f 1991/1991 1993/1993 1992/1992
f 1990/1990 1452/1452 1991/1991
f 1990/1990 1450/1450 1452/1452
f 1994/1994 1450/1450 1990/1990
f 1995/1995 1450/1450 1994/1994
f 1448/1448 1450/1450 1995/1995
f 1991/1991 1454/1454 1993/1993
f 1991/1991 1452/1452 1454/1454
f 1989/1989 1996/1996 1988/1988
f 1989/1989 1997/1997 1996/1996
f 1998/1998 1989/1989 1992/1992
f 1998/1998 1997/1997 1989/1989
f 1998/1998 1999/1999 1997/1997
f 1998/1998 2000/2000 1999/1999
f 1997/1997 2001/2001 1996/1996
f 1997/1997 1999/1999 2001/2001
f 1446/1446 1448/1448 1995/1995
f 1446/1446 1995/1995 2002/2002
f 1446/1446 2002/2002 1465/1465
f 2002/2002 2003/2003 1465/1465
f 1465/1465 2003/2003 1469/1469
f 2004/2004 2003/2003 2002/2002
f 2003/2003 2004/2004 2005/2005
f 2004/2004 2006/2006 2005/2005
f 2004/2004 2007/2007 2006/2006
f 2006/2006 2007/2007 2008/2008
f 2006/2006 2008/2008 2009/2009
f 2009/2009 2008/2008 1994/1994
f 2009/2009 1994/1994 2010/2010
f 2003/2003 2005/2005 2011/2011
f 2012/2012 2011/2011 2005/2005
f 2006/2006 2012/2012 2005/2005
f 2012/2012 2013/2013 2011/2011
f 2013/2013 2014/2014 2011/2011
f 2014/2014 2003/2003 2011/2011
f 2013/2013 2015/2015 2014/2014
f 2015/2015 2016/2016 2014/2014
f 2015/2015 2017/2017 2016/2016
f 2017/2017 2018/2018 2016/2016
f 2017/2017 2019/2019 2018/2018
f 1990/1990 2010/2010 1994/1994
f 1990/1990 1988/1988 2010/2010
f 2020/2020 2013/2013 2012/2012
f 2021/2021 2020/2020 2012/2012
f 2021/2021 2022/2022 2020/2020
f 2023/2023 2022/2022 2021/2021
f 2023/2023 2024/2024 2022/2022
f 2025/2025 2024/2024 2023/2023
f 2025/2025 2023/2023 2026/2026
f 2020/2020 2027/2027 2013/2013
f 2018/2018 2019/2019 1488/1488
f 2019/2019 1487/1487 1488/1488
f 2019/2019 2028/2028 1487/1487
f 2017/2017 2028/2028 2019/2019
f 2018/2018 1488/1488 1479/1479
f 2018/2018 1479/1479 1477/1477
f 2018/2018 1477/1477 1476/1476
f 2001/2001 2025/2025 2026/2026
f 2001/2001 2026/2026 1996/1996
f 1996/1996 2026/2026 2010/2010
f 2010/2010 2026/2026 2023/2023
f 1996/1996 2010/2010 1988/1988
f 1476/1476 2016/2016 2018/2018
f 1476/1476 2029/2029 2016/2016
f 2029/2029 2014/2014 2016/2016
f 2029/2029 2030/2030 2014/2014
f 2014/2014 2030/2030 2003/2003
f 2031/2031 2003/2003 2030/2030
f 2031/2031 1469/1469 2003/2003
f 2032/2032 1469/1469 2031/2031
f 2032/2032 2029/2029 1476/1476
f 2032/2032 2030/2030 2029/2029
f 2032/2032 2031/2031 2030/2030
f 2032/2032 1470/1470 1469/1469
f 2032/2032 1476/1476 1470/1470
f 2010/2010 2023/2023 2009/2009
f 2009/2009 2023/2023 2021/2021
f 2009/2009 2021/2021 2006/2006
f 2006/2006 2021/2021 2012/2012
f 1392/1392 1406/1406 1390/1390
f 1406/1406 2033/2033 1390/1390
f 1406/1406 1905/1905 2033/2033
f 1406/1406 1408/1408 1905/1905
f 2033/2033 2034/2034 1390/1390
f 1390/1390 2034/2034 1591/1591
f 1390/1390 1591/1591 1389/1389
f 2035/2035 2034/2034 2033/2033
f 2034/2034 2035/2035 2036/2036
f 2035/2035 2037/2037 2036/2036
f 2035/2035 2038/2038 2037/2037
f 2037/2037 2038/2038 2039/2039
f 2037/2037 2039/2039 2040/2040
f 2040/2040 2039/2039 1904/1904
f 2040/2040 1904/1904 2041/2041
f 2034/2034 2036/2036 2042/2042
f 2036/2036 2043/2043 2042/2042
f 2036/2036 2044/2044 2043/2043
f 2037/2037 2044/2044 2036/2036
f 1896/1896 2041/2041 1904/1904
f 1896/1896 1894/1894 2041/2041
f 2045/2045 2043/2043 2044/2044
f 2045/2045 2046/2046 2043/2043
f 2046/2046 2047/2047 2043/2043
f 2046/2046 2048/2048 2047/2047
f 2048/2048 2049/2049 2047/2047
f 2048/2048 2050/2050 2049/2049
f 2049/2049 2050/2050 2051/2051
f 2049/2049 2051/2051 2052/2052
f 2052/2052 2051/2051 1583/1583
f 2052/2052 1583/1583 1584/1584
f 1914/1914 2041/2041 1894/1894
f 2053/2053 2052/2052 1584/1584
f 2049/2049 2052/2052 2053/2053
f 2053/2053 1584/1584 1572/1572
f 2053/2053 1572/1572 1573/1573
f 2053/2053 1573/1573 1587/1587
f 1587/1587 2054/2054 2053/2053
f 2049/2049 2053/2053 2054/2054
f 2047/2047 2049/2049 2054/2054
f 1587/1587 2055/2055 2054/2054
f 2055/2055 2056/2056 2054/2054
f 2047/2047 2054/2054 2056/2056
f 2055/2055 2057/2057 2056/2056
f 2056/2056 2057/2057 2034/2034
f 2056/2056 2034/2034 2042/2042
f 2043/2043 2056/2056 2042/2042
f 2043/2043 2047/2047 2056/2056
f 2058/2058 2034/2034 2057/2057
f 2058/2058 1591/1591 2034/2034
f 2059/2059 1591/1591 2058/2058
f 2059/2059 2055/2055 1587/1587
f 2059/2059 2057/2057 2055/2055
f 2059/2059 2058/2058 2057/2057
f 2059/2059 1588/1588 1591/1591
f 2059/2059 1587/1587 1588/1588
f 1666/1666 2060/2060 1667/1667
f 1666/1666 2061/2061 2060/2060
f 1668/1668 2061/2061 1666/1666
f 1668/1668 2062/2062 2061/2061
f 2062/2062 2063/2063 2061/2061
f 2063/2063 2060/2060 2061/2061
f 2062/2062 2064/2064 2063/2063
f 2063/2063 2065/2065 2060/2060
f 2066/2066 2062/2062 1668/1668
f 2066/2066 2064/2064 2062/2062
f 2066/2066 1668/1668 2067/2067
f 2068/2068 2066/2066 2067/2067
f 2068/2068 2067/2067 2069/2069
f 2070/2070 2068/2068 2069/2069
f 2070/2070 2069/2069 2071/2071
f 2072/2072 2070/2070 2071/2071
f 2072/2072 2071/2071 2073/2073
f 2074/2074 2072/2072 2073/2073
f 2074/2074 2075/2075 2072/2072
f 2076/2076 2075/2075 2074/2074
f 2076/2076 2077/2077 2075/2075
f 2078/2078 2077/2077 2076/2076
f 2078/2078 2079/2079 2077/2077
f 2080/2080 2079/2079 2078/2078
f 2080/2080 2081/2081 2079/2079
f 2074/2074 2073/2073 1636/1636
f 2071/2071 1636/1636 2073/2073
f 2074/2074 1636/1636 1634/1634
f 1634/1634 2076/2076 2074/2074
f 2072/2072 2075/2075 2082/2082
f 2077/2077 2082/2082 2075/2075
f 2072/2072 2082/2082 2083/2083
f 2083/2083 2070/2070 2072/2072
f 1850/1850 2081/2081 2080/2080
f 2080/2080 1849/1849 1850/1850
f 2080/2080 1859/1859 1849/1849
f 2078/2078 1859/1859 2080/2080
f 1850/1850 1851/1851 2081/2081
f 2081/2081 1851/1851 1856/1856
f 2081/2081 1856/1856 2084/2084
f 2084/2084 2079/2079 2081/2081
f 1634/1634 2085/2085 2076/2076
f 2078/2078 2086/2086 1859/1859
f 2076/2076 2086/2086 2078/2078
f 2076/2076 2085/2085 2086/2086
f 2084/2084 2087/2087 2079/2079
f 2088/2088 1859/1859 2086/2086
f 2088/2088 1860/1860 1859/1859
f 2089/2089 1860/1860 2088/2088
f 2089/2089 2085/2085 1634/1634
f 2089/2089 2086/2086 2085/2085
f 2089/2089 2088/2088 2086/2086
f 2089/2089 1633/1633 1860/1860
f 2089/2089 1634/1634 1633/1633
f 2079/2079 2087/2087 2090/2090
f 2079/2079 2090/2090 2077/2077
f 2077/2077 2090/2090 2082/2082
f 2093/2093 2092/2092 2091/2091
f 2093/2093 2094/2094 2092/2092
f 2091/2091 2092/2092 2095/2095
f 2091/2091 2095/2095 2096/2096
f 2096/2096 2095/2095 2097/2097
f 2096/2096 2097/2097 2098/2098
f 2098/2098 2097/2097 2099/2099
f 2098/2098 2099/2099 2100/2100
f 2100/2100 2099/2099 2101/2101
f 2100/2100 2101/2101 2102/2102
f 2102/2102 2101/2101 2103/2103
f 2102/2102 2103/2103 2104/2104
f 2104/2104 2103/2103 2105/2105
f 2104/2104 2105/2105 2106/2106
f 2106/2106 2105/2105 2107/2107
f 2106/2106 2107/2107 2108/2108
f 2108/2108 2107/2107 2109/2109
f 2108/2108 2109/2109 2110/2110
f 2110/2110 2109/2109 2111/2111
f 2110/2110 2111/2111 2112/2112
f 2112/2112 2111/2111 2113/2113
f 2112/2112 2113/2113 2114/2114
f 2114/2114 2113/2113 2115/2115
f 2114/2114 2115/2115 2116/2116
f 2116/2116 2115/2115 2117/2117
f 2116/2116 2117/2117 2118/2118
f 2118/2118 2117/2117 2119/2119
f 2118/2118 2119/2119 2120/2120
f 2120/2120 2119/2119 2121/2121
f 2120/2120 2121/2121 2122/2122
f 2122/2122 2121/2121 2123/2123
f 2122/2122 2123/2123 2124/2124
f 2124/2124 2123/2123 2125/2125
f 2124/2124 2125/2125 2126/2126
f 2126/2126 2125/2125 2127/2127
f 2126/2126 2127/2127 2128/2128
f 2128/2128 2127/2127 2129/2129
f 2128/2128 2129/2129 2130/2130
f 2130/2130 2129/2129 2131/2131
f 2130/2130 2131/2131 2132/2132
f 2132/2132 2131/2131 2133/2133
f 2132/2132 2133/2133 2134/2134
f 2134/2134 2133/2133 2135/2135
f 2134/2134 2135/2135 2136/2136
f 2136/2136 2135/2135 2137/2137
f 2136/2136 2137/2137 2138/2138
f 2138/2138 2137/2137 2139/2139
f 2138/2138 2139/2139 2140/2140
f 2140/2140 2139/2139 2141/2141
f 2140/2140 2141/2141 2142/2142
f 2142/2142 2141/2141 2143/2143
f 2142/2142 2143/2143 2144/2144
f 2144/2144 2143/2143 2145/2145
f 2144/2144 2145/2145 2146/2146
f 2146/2146 2145/2145 2147/2147
f 2146/2146 2147/2147 2148/2148
f 2148/2148 2147/2147 2149/2149
f 2148/2148 2149/2149 2150/2150
f 2150/2150 2149/2149 2151/2151
f 2150/2150 2151/2151 2152/2152
f 2152/2152 2151/2151 2153/2153
f 2152/2152 2153/2153 2154/2154
f 2154/2154 2153/2153 2155/2155
f 2154/2154 2155/2155 2156/2156
f 2156/2156 2155/2155 2157/2157
f 2156/2156 2157/2157 2158/2158
f 2158/2158 2157/2157 2159/2159
f 2158/2158 2159/2159 2160/2160
f 2160/2160 2159/2159 2161/2161
f 2160/2160 2161/2161 2162/2162
f 2162/2162 2161/2161 2163/2163
f 2162/2162 2163/2163 2164/2164
f 2164/2164 2163/2163 2165/2165
f 2164/2164 2165/2165 2166/2166
f 2166/2166 2165/2165 2167/2167
f 2166/2166 2167/2167 2168/2168
f 2168/2168 2167/2167 2169/2169
f 2168/2168 2169/2169 2170/2170
f 2170/2170 2169/2169 2094/2094
f 2170/2170 2094/2094 2093/2093
f 2157/2157 2171/2171 2159/2159
f 2157/2157 2172/2172 2171/2171
f 2155/2155 2172/2172 2157/2157
f 2155/2155 2173/2173 2172/2172
f 2153/2153 2173/2173 2155/2155
f 2153/2153 2174/2174 2173/2173
f 2151/2151 2174/2174 2153/2153
f 2151/2151 2175/2175 2174/2174
f 2149/2149 2175/2175 2151/2151
f 2149/2149 2176/2176 2175/2175
f 2147/2147 2176/2176 2149/2149
f 2147/2147 2177/2177 2176/2176
f 2145/2145 2177/2177 2147/2147
f 2145/2145 2178/2178 2177/2177
f 2143/2143 2178/2178 2145/2145
f 2143/2143 2179/2179 2178/2178
f 2141/2141 2179/2179 2143/2143
f 2141/2141 2180/2180 2179/2179
f 2139/2139 2180/2180 2141/2141
f 2139/2139 2181/2181 2180/2180
f 2137/2137 2181/2181 2139/2139
f 2137/2137 2182/2182 2181/2181
f 2135/2135 2182/2182 2137/2137
f 2135/2135 2183/2183 2182/2182
f 2133/2133 2183/2183 2135/2135
f 2133/2133 2184/2184 2183/2183
f 2131/2131 2184/2184 2133/2133
f 2131/2131 2185/2185 2184/2184
f 2129/2129 2185/2185 2131/2131
f 2129/2129 2186/2186 2185/2185
f 2127/2127 2186/2186 2129/2129
f 2127/2127 2187/2187 2186/2186
f 2125/2125 2187/2187 2127/2127
f 2125/2125 2188/2188 2187/2187
f 2123/2123 2188/2188 2125/2125
f 2123/2123 2189/2189 2188/2188
f 2121/2121 2189/2189 2123/2123
f 2121/2121 2190/2190 2189/2189
f 2119/2119 2190/2190 2121/2121
f 2119/2119 2191/2191 2190/2190
f 2117/2117 2191/2191 2119/2119
f 2117/2117 2192/2192 2191/2191
f 2115/2115 2192/2192 2117/2117
f 2115/2115 2193/2193 2192/2192
f 2113/2113 2193/2193 2115/2115
f 2113/2113 2194/2194 2193/2193
f 2111/2111 2194/2194 2113/2113
f 2111/2111 2195/2195 2194/2194
f 2109/2109 2195/2195 2111/2111
f 2109/2109 2196/2196 2195/2195
f 2107/2107 2196/2196 2109/2109
f 2107/2107 2197/2197 2196/2196
f 2105/2105 2197/2197 2107/2107
f 2105/2105 2198/2198 2197/2197
f 2103/2103 2198/2198 2105/2105
f 2103/2103 2199/2199 2198/2198
f 2101/2101 2199/2199 2103/2103
f 2101/2101 2200/2200 2199/2199
f 2099/2099 2200/2200 2101/2101
f 2099/2099 2201/2201 2200/2200
f 2097/2097 2201/2201 2099/2099
f 2097/2097 2202/2202 2201/2201
f 2095/2095 2202/2202 2097/2097
f 2095/2095 2203/2203 2202/2202
f 2092/2092 2203/2203 2095/2095
f 2092/2092 2204/2204 2203/2203
f 2094/2094 2204/2204 2092/2092
f 2094/2094 2205/2205 2204/2204
f 2169/2169 2205/2205 2094/2094
f 2169/2169 2206/2206 2205/2205
f 2167/2167 2206/2206 2169/2169
f 2167/2167 2207/2207 2206/2206
f 2165/2165 2207/2207 2167/2167
f 2165/2165 2208/2208 2207/2207
f 2163/2163 2208/2208 2165/2165
f 2163/2163 2209/2209 2208/2208
f 2161/2161 2209/2209 2163/2163
f 2161/2161 2210/2210 2209/2209
f 2159/2159 2210/2210 2161/2161
f 2159/2159 2171/2171 2210/2210
f 2205/2205 2211/2211 2204/2204
f 2205/2205 2212/2212 2211/2211
f 2206/2206 2212/2212 2205/2205
f 2171/2171 2213/2213 2210/2210
f 2171/2171 2214/2214 2213/2213
f 2172/2172 2214/2214 2171/2171
f 2172/2172 2215/2215 2214/2214
f 2173/2173 2215/2215 2172/2172
f 2173/2173 2216/2216 2215/2215
f 2174/2174 2216/2216 2173/2173
f 2174/2174 2217/2217 2216/2216
f 2175/2175 2217/2217 2174/2174
f 2175/2175 2218/2218 2217/2217
f 2176/2176 2218/2218 2175/2175
f 2176/2176 2219/2219 2218/2218
f 2177/2177 2219/2219 2176/2176
f 2177/2177 2220/2220 2219/2219
f 2178/2178 2220/2220 2177/2177
f 2178/2178 2221/2221 2220/2220
f 2179/2179 2221/2221 2178/2178
f 2179/2179 2222/2222 2221/2221
f 2180/2180 2222/2222 2179/2179
f 2180/2180 2223/2223 2222/2222
f 2181/2181 2223/2223 2180/2180
f 2181/2181 2224/2224 2223/2223
f 2182/2182 2224/2224 2181/2181
f 2182/2182 2225/2225 2224/2224
f 2183/2183 2225/2225 2182/2182
f 2183/2183 2226/2226 2225/2225
f 2184/2184 2226/2226 2183/2183
f 2184/2184 2227/2227 2226/2226
f 2185/2185 2227/2227 2184/2184
f 2185/2185 2228/2228 2227/2227
f 2186/2186 2228/2228 2185/2185
f 2186/2186 2229/2229 2228/2228
f 2187/2187 2229/2229 2186/2186
f 2187/2187 2230/2230 2229/2229
f 2188/2188 2230/2230 2187/2187
f 2188/2188 2231/2231 2230/2230
f 2189/2189 2231/2231 2188/2188
f 2189/2189 2232/2232 2231/2231
f 2190/2190 2232/2232 2189/2189
f 2190/2190 2233/2233 2232/2232
f 2191/2191 2233/2233 2190/2190
f 2191/2191 2234/2234 2233/2233
f 2192/2192 2234/2234 2191/2191
f 2192/2192 2235/2235 2234/2234
f 2193/2193 2235/2235 2192/2192
f 2193/2193 2236/2236 2235/2235
f 2194/2194 2236/2236 2193/2193
f 2194/2194 2237/2237 2236/2236
f 2195/2195 2237/2237 2194/2194
f 2195/2195 2238/2238 2237/2237
f 2196/2196 2238/2238 2195/2195
f 2196/2196 2239/2239 2238/2238
f 2197/2197 2239/2239 2196/2196
f 2197/2197 2240/2240 2239/2239
f 2198/2198 2240/2240 2197/2197
f 2198/2198 2241/2241 2240/2240
f 2199/2199 2241/2241 2198/2198
f 2199/2199 2242/2242 2241/2241
f 2200/2200 2242/2242 2199/2199
f 2200/2200 2243/2243 2242/2242
f 2201/2201 2243/2243 2200/2200
f 2201/2201 2244/2244 2243/2243
f 2202/2202 2244/2244 2201/2201
f 2202/2202 2245/2245 2244/2244
f 2203/2203 2245/2245 2202/2202
f 2203/2203 2246/2246 2245/2245
f 2204/2204 2246/2246 2203/2203
f 2204/2204 2211/2211 2246/2246
f 2211/2211 2247/2247 2246/2246
f 2211/2211 2248/2248 2247/2247
f 2212/2212 2248/2248 2211/2211
f 2212/2212 2249/2249 2248/2248
f 2246/2246 2250/2250 2245/2245
f 2246/2246 2247/2247 2250/2250
f 2245/2245 2251/2251 2244/2244
f 2245/2245 2250/2250 2251/2251
f 2244/2244 2252/2252 2243/2243
f 2244/2244 2251/2251 2252/2252
f 2243/2243 2252/2252 2253/2253
f 2243/2243 2253/2253 2242/2242
f 2242/2242 2253/2253 2254/2254
f 2242/2242 2254/2254 2241/2241
f 2241/2241 2254/2254 2255/2255
f 2241/2241 2255/2255 2240/2240
f 2240/2240 2255/2255 2256/2256
f 2240/2240 2256/2256 2239/2239
f 2239/2239 2256/2256 2257/2257
f 2254/2254 2257/2257 2255/2255
f 2255/2255 2257/2257 2256/2256
f 2239/2239 2257/2257 2238/2238
f 2238/2238 2257/2257 2258/2258
f 2254/2254 2258/2258 2257/2257
f 2253/2253 2258/2258 2254/2254
f 2238/2238 2258/2258 2237/2237
f 2237/2237 2258/2258 2259/2259
f 2253/2253 2259/2259 2258/2258
f 2252/2252 2259/2259 2253/2253
f 2237/2237 2259/2259 2236/2236
f 2236/2236 2259/2259 2260/2260
f 2236/2236 2260/2260 2235/2235
f 2235/2235 2260/2260 2261/2261
f 2235/2235 2261/2261 2234/2234
f 2234/2234 2261/2261 2262/2262
f 2234/2234 2262/2262 2233/2233
f 2233/2233 2262/2262 2263/2263
f 2233/2233 2263/2263 2232/2232
f 2232/2232 2263/2263 2264/2264
f 2232/2232 2264/2264 2231/2231
f 2231/2231 2264/2264 2265/2265
f 2231/2231 2265/2265 2230/2230
f 2230/2230 2265/2265 2266/2266
f 2230/2230 2266/2266 2229/2229
f 2229/2229 2266/2266 2267/2267
f 2229/2229 2267/2267 2228/2228
f 2228/2228 2267/2267 2268/2268
f 2228/2228 2268/2268 2227/2227
f 2227/2227 2268/2268 2269/2269
f 2227/2227 2269/2269 2226/2226
f 2226/2226 2269/2269 2270/2270
f 2226/2226 2270/2270 2225/2225
f 2225/2225 2270/2270 2271/2271
f 2225/2225 2271/2271 2224/2224
f 2224/2224 2271/2271 2272/2272
f 2224/2224 2272/2272 2223/2223
f 2223/2223 2272/2272 2273/2273
f 2223/2223 2273/2273 2222/2222
f 2222/2222 2273/2273 2274/2274
f 2222/2222 2274/2274 2221/2221
f 2221/2221 2274/2274 2275/2275
f 2221/2221 2275/2275 2220/2220
f 2220/2220 2275/2275 2276/2276
f 2220/2220 2276/2276 2219/2219
f 2219/2219 2276/2276 2277/2277
f 2277/2277 2275/2275 2274/2274
f 2275/2275 2277/2277 2276/2276
f 2219/2219 2277/2277 2218/2218
f 2218/2218 2277/2277 2278/2278
f 2278/2278 2274/2274 2273/2273
f 2277/2277 2274/2274 2278/2278
f 2218/2218 2278/2278 2217/2217
f 2217/2217 2278/2278 2279/2279
f 2279/2279 2273/2273 2272/2272
f 2278/2278 2273/2273 2279/2279
f 2217/2217 2279/2279 2216/2216
f 2216/2216 2279/2279 2280/2280
f 2216/2216 2280/2280 2215/2215
f 2215/2215 2280/2280 2281/2281
f 2215/2215 2281/2281 2214/2214
f 2214/2214 2281/2281 2282/2282
f 2214/2214 2282/2282 2213/2213
f 2213/2213 2282/2282 2283/2283
f 2213/2213 2283/2283 2284/2284
f 2210/2210 2213/2213 2284/2284
f 2210/2210 2284/2284 2209/2209
f 2209/2209 2284/2284 2285/2285
f 2209/2209 2285/2285 2208/2208
f 2208/2208 2285/2285 2286/2286
f 2208/2208 2286/2286 2207/2207
f 2207/2207 2286/2286 2287/2287
f 2207/2207 2287/2287 2206/2206
f 2206/2206 2287/2287 2212/2212
f 2284/2284 2288/2288 2285/2285
f 2284/2284 2283/2283 2288/2288
f 2285/2285 2289/2289 2286/2286
f 2285/2285 2288/2288 2289/2289
f 2286/2286 2290/2290 2287/2287
f 2286/2286 2289/2289 2290/2290
f 2287/2287 2249/2249 2212/2212
f 2287/2287 2290/2290 2249/2249
f 2290/2290 2265/2265 2249/2249
f 2249/2249 2265/2265 2264/2264
f 2249/2249 2264/2264 2248/2248
f 2248/2248 2264/2264 2263/2263
f 2248/2248 2263/2263 2247/2247
f 2247/2247 2263/2263 2262/2262
f 2247/2247 2262/2262 2250/2250
f 2250/2250 2262/2262 2261/2261
f 2250/2250 2261/2261 2251/2251
f 2251/2251 2261/2261 2260/2260
f 2251/2251 2260/2260 2252/2252
f 2252/2252 2260/2260 2259/2259
f 2290/2290 2266/2266 2265/2265
f 2289/2289 2266/2266 2290/2290
f 2289/2289 2267/2267 2266/2266
f 2288/2288 2267/2267 2289/2289
f 2288/2288 2268/2268 2267/2267
f 2283/2283 2268/2268 2288/2288
f 2283/2283 2269/2269 2268/2268
f 2282/2282 2269/2269 2283/2283
f 2282/2282 2270/2270 2269/2269
f 2281/2281 2270/2270 2282/2282
f 2281/2281 2271/2271 2270/2270
f 2280/2280 2271/2271 2281/2281
f 2280/2280 2272/2272 2271/2271
f 2279/2279 2272/2272 2280/2280
f 2291/2291 1521/1521 1520/1520
f 2291/2291 1524/1524 1521/1521
f 1540/1540 1524/1524 2291/2291
f 2292/2292 2291/2291 1520/1520
f 2293/2293 2292/2292 1520/1520
f 2293/2293 1520/1520 1517/1517
f 1514/1514 2293/2293 1517/1517
f 1512/1512 2293/2293 1514/1514
f 1512/1512 1515/1515 2293/2293
f 1515/1515 2292/2292 2293/2293
f 1515/1515 2294/2294 2292/2292
f 1516/1516 2294/2294 1515/1515
f 1516/1516 2295/2295 2294/2294
f 2295/2295 2296/2296 2294/2294
f 2295/2295 2297/2297 2296/2296
f 2292/2292 2298/2298 2291/2291
f 2294/2294 2298/2298 2292/2292
f 2294/2294 2296/2296 2298/2298
f 2298/2298 1540/1540 2291/2291
f 2297/2297 2299/2299 2296/2296
f 2297/2297 2300/2300 2299/2299
f 2298/2298 2301/2301 1540/1540
f 2296/2296 2301/2301 2298/2298
f 2296/2296 2299/2299 2301/2301
f 2300/2300 2302/2302 2299/2299
f 2300/2300 2303/2303 2302/2302
f 2299/2299 2304/2304 2301/2301
f 2299/2299 2302/2302 2304/2304
f 2301/2301 2304/2304 1541/1541
f 2301/2301 1541/1541 1540/1540
f 2303/2303 2305/2305 2302/2302
f 2303/2303 2306/2306 2305/2305
f 2304/2304 1544/1544 1541/1541
f 2304/2304 2307/2307 1544/1544
f 2302/2302 2307/2307 2304/2304
f 2302/2302 2305/2305 2307/2307
f 2306/2306 2308/2308 2305/2305
f 2306/2306 2309/2309 2308/2308
f 2307/2307 1545/1545 1544/1544
f 2307/2307 2310/2310 1545/1545
f 2305/2305 2310/2310 2307/2307
f 2305/2305 2308/2308 2310/2310
f 2309/2309 2311/2311 2308/2308
f 2309/2309 2312/2312 2311/2311
f 2310/2310 1548/1548 1545/1545
f 2310/2310 2313/2313 1548/1548
f 2308/2308 2313/2313 2310/2310
f 2308/2308 2311/2311 2313/2313
f 2312/2312 2314/2314 2311/2311
f 2312/2312 2315/2315 2314/2314
f 2313/2313 1559/1559 1548/1548
f 2313/2313 2316/2316 1559/1559
f 2311/2311 2316/2316 2313/2313
f 2311/2311 2314/2314 2316/2316
f 2315/2315 2317/2317 2314/2314
f 2315/2315 2318/2318 2317/2317
f 2316/2316 1561/1561 1559/1559
f 2316/2316 2319/2319 1561/1561
f 2314/2314 2319/2319 2316/2316
f 2314/2314 2317/2317 2319/2319
f 2318/2318 2320/2320 2317/2317
f 2318/2318 2321/2321 2320/2320
f 2319/2319 1562/1562 1561/1561
f 2319/2319 2322/2322 1562/1562
f 2317/2317 2322/2322 2319/2319
f 2317/2317 2320/2320 2322/2322
f 2321/2321 2323/2323 2320/2320
f 2321/2321 2324/2324 2323/2323
f 2322/2322 1565/1565 1562/1562
f 2322/2322 2325/2325 1565/1565
f 2320/2320 2325/2325 2322/2322
f 2320/2320 2323/2323 2325/2325
f 2324/2324 2326/2326 2323/2323
f 2324/2324 2327/2327 2326/2326
f 2325/2325 2328/2328 1565/1565
f 2328/2328 1566/1566 1565/1565
f 2328/2328 1569/1569 1566/1566
f 1585/1585 1569/1569 2328/2328
f 2325/2325 2329/2329 2328/2328
f 2323/2323 2329/2329 2325/2325
f 2323/2323 2326/2326 2329/2329
f 2329/2329 1585/1585 2328/2328
f 2327/2327 2330/2330 2326/2326
f 2327/2327 2331/2331 2330/2330
f 2329/2329 2332/2332 1585/1585
f 2326/2326 2332/2332 2329/2329
f 2326/2326 2330/2330 2332/2332
f 2331/2331 2333/2333 2330/2330
f 2331/2331 2334/2334 2333/2333
f 2332/2332 1586/1586 1585/1585
f 2332/2332 2335/2335 1586/1586
f 2330/2330 2335/2335 2332/2332
f 2330/2330 2333/2333 2335/2335
f 2334/2334 2336/2336 2333/2333
f 2334/2334 2337/2337 2336/2336
f 2335/2335 1589/1589 1586/1586
f 2335/2335 2338/2338 1589/1589
f 2333/2333 2338/2338 2335/2335
f 2333/2333 2336/2336 2338/2338
f 2337/2337 2339/2339 2336/2336
f 2337/2337 2340/2340 2339/2339
f 2338/2338 1590/1590 1589/1589
f 2338/2338 2341/2341 1590/1590
f 2336/2336 2341/2341 2338/2338
f 2336/2336 2339/2339 2341/2341
f 2340/2340 2342/2342 2339/2339
f 2340/2340 2343/2343 2342/2342
f 2341/2341 1592/1592 1590/1590
f 2341/2341 2344/2344 1592/1592
f 2339/2339 2344/2344 2341/2341
f 2339/2339 2342/2342 2344/2344
f 2343/2343 2345/2345 2342/2342
f 2343/2343 2346/2346 2345/2345
f 2344/2344 1593/1593 1592/1592
f 2344/2344 2347/2347 1593/1593
f 2342/2342 2347/2347 2344/2344
f 2342/2342 2345/2345 2347/2347
f 2346/2346 2348/2348 2345/2345
f 2346/2346 2349/2349 2348/2348
f 2347/2347 1595/1595 1593/1593
f 2347/2347 2350/2350 1595/1595
f 2345/2345 2350/2350 2347/2347
f 2345/2345 2348/2348 2350/2350
f 2349/2349 2351/2351 2348/2348
f 2349/2349 2352/2352 2351/2351
f 2350/2350 1596/1596 1595/1595
f 2350/2350 2353/2353 1596/1596
f 2348/2348 2353/2353 2350/2350
f 2348/2348 2351/2351 2353/2353
f 2352/2352 2354/2354 2351/2351
f 2352/2352 2355/2355 2354/2354
f 2353/2353 1599/1599 1596/1596
f 2353/2353 2356/2356 1599/1599
f 2351/2351 2356/2356 2353/2353
f 2351/2351 2354/2354 2356/2356
f 2355/2355 2357/2357 2354/2354
f 2355/2355 2358/2358 2357/2357
f 2356/2356 2359/2359 1599/1599
f 2359/2359 1600/1600 1599/1599
f 2359/2359 1603/1603 1600/1600
f 1620/1620 1603/1603 2359/2359
f 1620/1620 1605/1605 1603/1603
f 2356/2356 2360/2360 2359/2359
f 2354/2354 2360/2360 2356/2356
f 2354/2354 2357/2357 2360/2360
f 1620/1620 2359/2359 2360/2360
f 1868/1868 2357/2357 2358/2358
f 1868/1868 2358/2358 1870/1870
f 1867/1867 2357/2357 1868/1868
f 1867/1867 2360/2360 2357/2357
f 1620/1620 2360/2360 1867/1867
f 2362/2362 2091/2091 2361/2361
f 2362/2362 2093/2093 2091/2091
f 2361/2361 2091/2091 2096/2096
f 2361/2361 2096/2096 2363/2363
f 2363/2363 2096/2096 2098/2098
f 2363/2363 2098/2098 2364/2364
f 2364/2364 2098/2098 2100/2100
f 2364/2364 2100/2100 2365/2365
f 2365/2365 2100/2100 2102/2102
f 2365/2365 2102/2102 2366/2366
f 2366/2366 2102/2102 2104/2104
f 2366/2366 2104/2104 2367/2367
f 2367/2367 2104/2104 2106/2106
f 2367/2367 2106/2106 2368/2368
f 2368/2368 2106/2106 2108/2108
f 2368/2368 2108/2108 2369/2369
f 2369/2369 2108/2108 2110/2110
f 2369/2369 2110/2110 2370/2370
f 2370/2370 2110/2110 2112/2112
f 2370/2370 2112/2112 2371/2371
f 2371/2371 2112/2112 2114/2114
f 2371/2371 2114/2114 2372/2372
f 2372/2372 2114/2114 2116/2116
f 2372/2372 2116/2116 2373/2373
f 2373/2373 2116/2116 2118/2118
f 2373/2373 2118/2118 2374/2374
f 2374/2374 2118/2118 2120/2120
f 2374/2374 2120/2120 2375/2375
f 2375/2375 2120/2120 2122/2122
f 2375/2375 2122/2122 2376/2376
f 2376/2376 2122/2122 2124/2124
f 2376/2376 2124/2124 2377/2377
f 2377/2377 2124/2124 2126/2126
f 2377/2377 2126/2126 2378/2378
f 2378/2378 2126/2126 2128/2128
f 2378/2378 2128/2128 2379/2379
f 2379/2379 2128/2128 2130/2130
f 2379/2379 2130/2130 2380/2380
f 2380/2380 2130/2130 2132/2132
f 2380/2380 2132/2132 2381/2381
f 2381/2381 2132/2132 2134/2134
f 2381/2381 2134/2134 2382/2382
f 2382/2382 2134/2134 2136/2136
f 2382/2382 2136/2136 2383/2383
f 2383/2383 2136/2136 2138/2138
f 2383/2383 2138/2138 2384/2384
f 2384/2384 2138/2138 2140/2140
f 2384/2384 2140/2140 2385/2385
f 2385/2385 2140/2140 2142/2142
f 2385/2385 2142/2142 2386/2386
f 2386/2386 2142/2142 2144/2144
f 2386/2386 2144/2144 2387/2387
f 2387/2387 2144/2144 2146/2146
f 2387/2387 2146/2146 2388/2388
f 2388/2388 2146/2146 2148/2148
f 2388/2388 2148/2148 2389/2389
f 2389/2389 2148/2148 2150/2150
f 2389/2389 2150/2150 2390/2390
f 2390/2390 2150/2150 2152/2152
f 2390/2390 2152/2152 2391/2391
f 2391/2391 2152/2152 2154/2154
f 2391/2391 2154/2154 2392/2392
f 2392/2392 2154/2154 2156/2156
f 2392/2392 2156/2156 2393/2393
f 2393/2393 2156/2156 2158/2158
f 2393/2393 2158/2158 2394/2394
f 2394/2394 2158/2158 2160/2160
f 2394/2394 2160/2160 2395/2395
f 2395/2395 2160/2160 2162/2162
f 2395/2395 2162/2162 2396/2396
f 2396/2396 2162/2162 2164/2164
f 2396/2396 2164/2164 2397/2397
f 2397/2397 2164/2164 2166/2166
f 2397/2397 2166/2166 2398/2398
f 2398/2398 2166/2166 2168/2168
f 2398/2398 2168/2168 2399/2399
f 2399/2399 2168/2168 2170/2170
f 2399/2399 2170/2170 2400/2400
f 2400/2400 2170/2170 2093/2093
f 2400/2400 2093/2093 2362/2362
f 2394/2394 2395/2395 2401/2401
f 2394/2394 2401/2401 2402/2402
f 2393/2393 2394/2394 2402/2402
f 2393/2393 2402/2402 2403/2403
f 2392/2392 2393/2393 2403/2403
f 2392/2392 2403/2403 2404/2404
f 2391/2391 2392/2392 2404/2404
f 2391/2391 2404/2404 2405/2405
f 2390/2390 2391/2391 2405/2405
f 2390/2390 2405/2405 2406/2406
f 2389/2389 2390/2390 2406/2406
f 2389/2389 2406/2406 2407/2407
f 2388/2388 2389/2389 2407/2407
f 2388/2388 2407/2407 2408/2408
f 2387/2387 2388/2388 2408/2408
f 2387/2387 2408/2408 2409/2409
f 2386/2386 2387/2387 2409/2409
f 2386/2386 2409/2409 2410/2410
f 2385/2385 2386/2386 2410/2410
f 2385/2385 2410/2410 2411/2411
f 2384/2384 2385/2385 2411/2411
f 2384/2384 2411/2411 2412/2412
f 2383/2383 2384/2384 2412/2412
f 2383/2383 2412/2412 2413/2413
f 2382/2382 2383/2383 2413/2413
f 2382/2382 2413/2413 2414/2414
f 2381/2381 2382/2382 2414/2414
f 2381/2381 2414/2414 2415/2415
f 2380/2380 2381/2381 2415/2415
f 2380/2380 2415/2415 2416/2416
f 2379/2379 2380/2380 2416/2416
f 2379/2379 2416/2416 2417/2417
f 2378/2378 2379/2379 2417/2417
f 2378/2378 2417/2417 2418/2418
f 2377/2377 2378/2378 2418/2418
f 2377/2377 2418/2418 2419/2419
f 2376/2376 2377/2377 2419/2419
f 2376/2376 2419/2419 2420/2420
f 2375/2375 2376/2376 2420/2420
f 2375/2375 2420/2420 2421/2421
f 2374/2374 2375/2375 2421/2421
f 2374/2374 2421/2421 2422/2422
f 2373/2373 2374/2374 2422/2422
f 2373/2373 2422/2422 2423/2423
f 2372/2372 2373/2373 2423/2423
f 2372/2372 2423/2423 2424/2424
f 2371/2371 2372/2372 2424/2424
f 2371/2371 2424/2424 2425/2425
f 2370/2370 2371/2371 2425/2425
f 2370/2370 2425/2425 2426/2426
f 2369/2369 2370/2370 2426/2426
f 2369/2369 2426/2426 2427/2427
f 2368/2368 2369/2369 2427/2427
f 2368/2368 2427/2427 2428/2428
f 2367/2367 2368/2368 2428/2428
f 2367/2367 2428/2428 2429/2429
f 2366/2366 2367/2367 2429/2429
f 2366/2366 2429/2429 2430/2430
f 2365/2365 2366/2366 2430/2430
f 2365/2365 2430/2430 2431/2431
f 2364/2364 2365/2365 2431/2431
f 2364/2364 2431/2431 2432/2432
f 2363/2363 2364/2364 2432/2432
f 2363/2363 2432/2432 2433/2433
f 2361/2361 2363/2363 2433/2433
f 2361/2361 2433/2433 2434/2434
f 2362/2362 2361/2361 2434/2434
f 2362/2362 2434/2434 2435/2435
f 2435/2435 2400/2400 2362/2362
f 2435/2435 2436/2436 2400/2400
f 2399/2399 2400/2400 2436/2436
f 2399/2399 2436/2436 2437/2437
f 2398/2398 2399/2399 2437/2437
f 2398/2398 2437/2437 2438/2438
f 2397/2397 2398/2398 2438/2438
f 2397/2397 2438/2438 2439/2439
f 2396/2396 2397/2397 2439/2439
f 2396/2396 2439/2439 2440/2440
f 2395/2395 2396/2396 2440/2440
f 2395/2395 2440/2440 2401/2401
f 1418/1418 2441/2441 1903/1903
f 1418/1418 1558/1558 2441/2441
f 1418/1418 1420/1420 1558/1558
f 2442/2442 1903/1903 2441/2441
f 2442/2442 1902/1902 1903/1903
f 2442/2442 1912/1912 1902/1902
f 2442/2442 1916/1916 1912/1912
f 2441/2441 2443/2443 2442/2442
f 2441/2441 2444/2444 2443/2443
f 2444/2444 2445/2445 2443/2443
f 2444/2444 2446/2446 2445/2445
f 2445/2445 2446/2446 1557/1557
f 2445/2445 1557/1557 1933/1933
f 1918/1918 2442/2442 2443/2443
f 1918/1918 1916/1916 2442/2442
f 1921/1921 2443/2443 2445/2445
f 1921/1921 1918/1918 2443/2443
f 1923/1923 2445/2445 1933/1933
f 1923/1923 1921/1921 2445/2445
f 2447/2447 1557/1557 2446/2446
f 2447/2447 1556/1556 1557/1557
f 2448/2448 1556/1556 2447/2447
f 2448/2448 2446/2446 2444/2444
f 2448/2448 2447/2447 2446/2446
f 2448/2448 1558/1558 1556/1556
f 2448/2448 2441/2441 1558/1558
f 2448/2448 2444/2444 2441/2441
f 1952/1952 1426/1426 1428/1428
f 2449/2449 1426/1426 1952/1952
f 1426/1426 2449/2449 1550/1550
f 2449/2449 2450/2450 1550/1550
f 1550/1550 2450/2450 1546/1546
f 2451/2451 2450/2450 2449/2449
f 2450/2450 2451/2451 2452/2452
f 2451/2451 2453/2453 2452/2452
f 2451/2451 2454/2454 2453/2453
f 2453/2453 2454/2454 2455/2455
f 2453/2453 2455/2455 2456/2456
f 2456/2456 2455/2455 1951/1951
f 2456/2456 1951/1951 2457/2457
f 2450/2450 2452/2452 2458/2458
f 2452/2452 2459/2459 2458/2458
f 2452/2452 2460/2460 2459/2459
f 2453/2453 2460/2460 2452/2452
f 1943/1943 2457/2457 1951/1951
f 1943/1943 1941/1941 2457/2457
f 2461/2461 2459/2459 2460/2460
f 2461/2461 2462/2462 2459/2459
f 2462/2462 2463/2463 2459/2459
f 2462/2462 2464/2464 2463/2463
f 2464/2464 2465/2465 2463/2463
f 2464/2464 2466/2466 2465/2465
f 2465/2465 2466/2466 2467/2467
f 2465/2465 2467/2467 2468/2468
f 2468/2468 2467/2467 1538/1538
f 2468/2468 1538/1538 1539/1539
f 1961/1961 2457/2457 1941/1941
f 2469/2469 2468/2468 1539/1539
f 2465/2465 2468/2468 2469/2469
f 2469/2469 1539/1539 1527/1527
f 2469/2469 1527/1527 1528/1528
f 2469/2469 1528/1528 1542/1542
f 1542/1542 2470/2470 2469/2469
f 2465/2465 2469/2469 2470/2470
f 2463/2463 2465/2465 2470/2470
f 1542/1542 2471/2471 2470/2470
f 2471/2471 2472/2472 2470/2470
f 2463/2463 2470/2470 2472/2472
f 2471/2471 2473/2473 2472/2472
f 2472/2472 2473/2473 2450/2450
f 2472/2472 2450/2450 2458/2458
f 2459/2459 2472/2472 2458/2458
f 2459/2459 2463/2463 2472/2472
f 2474/2474 2450/2450 2473/2473
f 2474/2474 2473/2473 2471/2471
f 2474/2474 1546/1546 2450/2450
f 2474/2474 1543/1543 1546/1546
f 2474/2474 2475/2475 1543/1543
f 2475/2475 1542/1542 1543/1543
f 2475/2475 2471/2471 1542/1542
f 2474/2474 2471/2471 2475/2475
f 1438/1438 2476/2476 1950/1950
f 1438/1438 1456/1456 2476/2476
f 1438/1438 1440/1440 1456/1456
f 2477/2477 1950/1950 2476/2476
f 2477/2477 1949/1949 1950/1950
f 2477/2477 1959/1959 1949/1949
f 2477/2477 1963/1963 1959/1959
f 2476/2476 2478/2478 2477/2477
f 2476/2476 2479/2479 2478/2478
f 2479/2479 2480/2480 2478/2478
f 2479/2479 2481/2481 2480/2480
f 2480/2480 2481/2481 1462/1462
f 2480/2480 1462/1462 1973/1973
f 1965/1965 2477/2477 2478/2478
f 1965/1965 1963/1963 2477/2477
f 1968/1968 2478/2478 2480/2480
f 1968/1968 1965/1965 2478/2478
f 1970/1970 2480/2480 1973/1973
f 1970/1970 1968/1968 2480/2480
f 2482/2482 1462/1462 2481/2481
f 2482/2482 2481/2481 2479/2479
f 2482/2482 1457/1457 1462/1462
f 2482/2482 1456/1456 1457/1457
f 2482/2482 2483/2483 1456/1456
f 2482/2482 2479/2479 2483/2483
f 2483/2483 2476/2476 1456/1456
f 2483/2483 2479/2479 2476/2476
f 1655/1655 2484/2484 1669/1669
f 1655/1655 1638/1638 2484/2484
f 1655/1655 1639/1639 1638/1638
f 2067/2067 1669/1669 2484/2484
f 2067/2067 1668/1668 1669/1669
f 2484/2484 2069/2069 2067/2067
f 2484/2484 2485/2485 2069/2069
f 2485/2485 2071/2071 2069/2069
f 2485/2485 2486/2486 2071/2071
f 2071/2071 2486/2486 1636/1636
f 2487/2487 1636/1636 2486/2486
f 2487/2487 1635/1635 1636/1636
f 2488/2488 1635/1635 2487/2487
f 2488/2488 1638/1638 1635/1635
f 2488/2488 2484/2484 1638/1638
f 2488/2488 2485/2485 2484/2484
f 2488/2488 2486/2486 2485/2485
f 2488/2488 2487/2487 2486/2486
f 1644/1644 2489/2489 1629/1629
f 1644/1644 1681/1681 2489/2489
f 1644/1644 1646/1646 1681/1681
f 2489/2489 2490/2490 1629/1629
f 1629/1629 2490/2490 1625/1625
f 2491/2491 2490/2490 2489/2489
f 2490/2490 2491/2491 2492/2492
f 2491/2491 2493/2493 2492/2492
f 2491/2491 2494/2494 2493/2493
f 2493/2493 2494/2494 2495/2495
f 2493/2493 2495/2495 2496/2496
f 2496/2496 2495/2495 1680/1680
f 2496/2496 1680/1680 2497/2497
f 2490/2490 2492/2492 2498/2498
f 2492/2492 2499/2499 2498/2498
f 2492/2492 2500/2500 2499/2499
f 2493/2493 2500/2500 2492/2492
f 1676/1676 2497/2497 1680/1680
f 1676/1676 1677/1677 2497/2497
f 2501/2501 2499/2499 2500/2500
f 2501/2501 2502/2502 2499/2499
f 2502/2502 2503/2503 2499/2499
f 2502/2502 2504/2504 2503/2503
f 2503/2503 2504/2504 2505/2505
f 2503/2503 2505/2505 2506/2506
f 2506/2506 2505/2505 2507/2507
f 2506/2506 2507/2507 2508/2508
f 2508/2508 2507/2507 1617/1617
f 2508/2508 1617/1617 1618/1618
f 1682/1682 2497/2497 1677/1677
f 2509/2509 2508/2508 1618/1618
f 2506/2506 2508/2508 2509/2509
f 2509/2509 1618/1618 1606/1606
f 2509/2509 1606/1606 1607/1607
f 2509/2509 1607/1607 1621/1621
f 1621/1621 2510/2510 2509/2509
f 2506/2506 2509/2509 2510/2510
f 2503/2503 2506/2506 2510/2510
f 1621/1621 2511/2511 2510/2510
f 2511/2511 2512/2512 2510/2510
f 2503/2503 2510/2510 2512/2512
f 2511/2511 2513/2513 2512/2512
f 2512/2512 2513/2513 2490/2490
f 2512/2512 2490/2490 2498/2498
f 2499/2499 2512/2512 2498/2498
f 2499/2499 2503/2503 2512/2512
f 2514/2514 2490/2490 2513/2513
f 2514/2514 2513/2513 2511/2511
f 2514/2514 1625/1625 2490/2490
f 2514/2514 1622/1622 1625/1625
f 2514/2514 2515/2515 1622/1622
f 2515/2515 1621/1621 1622/1622
f 2515/2515 2511/2511 1621/1621
f 2514/2514 2511/2511 2515/2515
f 1962/1962 2516/2516 1961/1961
f 1962/1962 2517/2517 2516/2516
f 1961/1961 2516/2516 2457/2457
f 2457/2457 2516/2516 2518/2518
f 2517/2517 2518/2518 2516/2516
f 2457/2457 2518/2518 2456/2456
f 2456/2456 2518/2518 2519/2519
f 2456/2456 2519/2519 2453/2453
f 2453/2453 2519/2519 2460/2460
f 2517/2517 2520/2520 2518/2518
f 2519/2519 2461/2461 2460/2460
f 2519/2519 2521/2521 2461/2461
f 2518/2518 2521/2521 2519/2519
f 2518/2518 2520/2520 2521/2521
f 1915/1915 2522/2522 1914/1914
f 1915/1915 2523/2523 2522/2522
f 1914/1914 2522/2522 2041/2041
f 2041/2041 2522/2522 2524/2524
f 2523/2523 2524/2524 2522/2522
f 2041/2041 2524/2524 2040/2040
f 2040/2040 2524/2524 2525/2525
f 2040/2040 2525/2525 2037/2037
f 2037/2037 2525/2525 2044/2044
f 2523/2523 2526/2526 2524/2524
f 2525/2525 2045/2045 2044/2044
f 2525/2525 2527/2527 2045/2045
f 2524/2524 2527/2527 2525/2525
f 2524/2524 2526/2526 2527/2527
f 1691/1691 2528/2528 1682/1682
f 1691/1691 2529/2529 2528/2528
f 1682/1682 2528/2528 2497/2497
f 2497/2497 2528/2528 2530/2530
f 2529/2529 2530/2530 2528/2528
f 2497/2497 2530/2530 2496/2496
f 2496/2496 2530/2530 2531/2531
f 2496/2496 2531/2531 2493/2493
f 2493/2493 2531/2531 2500/2500
f 2529/2529 2532/2532 2530/2530
f 2531/2531 2501/2501 2500/2500
f 2531/2531 2533/2533 2501/2501
f 2530/2530 2533/2533 2531/2531
f 2530/2530 2532/2532 2533/2533
f 2066/2066 2534/2534 2064/2064
f 2068/2068 2534/2534 2066/2066
f 2068/2068 2535/2535 2534/2534
f 2536/2536 2535/2535 2068/2068
f 2536/2536 2068/2068 2070/2070
f 2083/2083 2536/2536 2070/2070
f 2027/2027 2015/2015 2013/2013
f 2027/2027 2537/2537 2015/2015
f 2537/2537 2017/2017 2015/2015
f 2537/2537 2538/2538 2017/2017
f 2017/2017 2538/2538 2028/2028
f 1703/1703 2539/2539 1709/1709
f 1713/1713 2539/2539 1703/1703
f 1713/1713 1703/1703 1705/1705
f 2540/2540 1904/1904 2039/2039
f 2540/2540 1905/1905 1904/1904
f 2540/2540 2033/2033 1905/1905
f 2540/2540 2541/2541 2033/2033
f 2541/2541 2035/2035 2033/2033
f 2541/2541 2038/2038 2035/2035
f 2540/2540 2038/2038 2541/2541
f 2540/2540 2039/2039 2038/2038
f 2542/2542 1951/1951 2455/2455
f 2542/2542 1952/1952 1951/1951
f 2543/2543 1952/1952 2542/2542
f 2543/2543 2542/2542 2455/2455
f 2543/2543 2449/2449 1952/1952
f 2543/2543 2451/2451 2449/2449
f 2543/2543 2454/2454 2451/2451
f 2543/2543 2455/2455 2454/2454
f 2544/2544 1994/1994 2008/2008
f 2544/2544 1995/1995 1994/1994
f 2544/2544 2002/2002 1995/1995
f 2544/2544 2545/2545 2002/2002
f 2545/2545 2004/2004 2002/2002
f 2545/2545 2007/2007 2004/2004
f 2544/2544 2007/2007 2545/2545
f 2544/2544 2008/2008 2007/2007
f 2546/2546 1680/1680 2495/2495
f 2546/2546 1681/1681 1680/1680
f 2546/2546 2489/2489 1681/1681
f 2546/2546 2547/2547 2489/2489
f 2547/2547 2491/2491 2489/2489
f 2547/2547 2494/2494 2491/2491
f 2546/2546 2494/2494 2547/2547
f 2546/2546 2495/2495 2494/2494
f 2548/2548 1597/1597 1712/1712
f 2548/2548 1594/1594 1597/1597
f 2549/2549 1594/1594 2548/2548
f 2549/2549 2548/2548 1712/1712
f 2549/2549 1395/1395 1594/1594
f 2549/2549 1396/1396 1395/1395
f 2549/2549 1711/1711 1396/1396
f 2549/2549 1712/1712 1711/1711
